gene_index,gene,oracle_pcc
0,FOXJ1,0.94770056
1,RSPH1,0.8781232
2,CAPS,0.41854846
3,DNAAF1,0.8490219
4,AQP4,0.890116
5,AQP1,0.64585435
6,SOX2,0.8759464
7,NES,0.74275744
8,HES1,0.72190744
9,OLIG2,0.7009141
10,NEUROG2,0.3313409
11,DCX,0.56754553
12,CA9,0.52757764
13,SLC2A1,0.8460848
14,CHI3L1,0.704777
15,L1CAM,0.16514513
16,EZHIP,0.81144845
17,GFAP,0.96211547
18,TMEM119,0.6992101
19,CLDN5,0.79233223
20,RFX2,0.9522865
21,TP73,0.657853
22,SPAG6,0.91192347
23,PIFO,0.9573271
24,ATP1A2,0.9080431
25,ATP1B2,0.86649877
26,VIPR2,0.7755037
27,SLC1A3,0.6559948
28,VIM,0.95687556
29,HES4,0.86776644
30,FABP7,0.8777813
31,HMGB2,0.6003158
32,FOS,0.68788296
33,JUN,0.88677734
34,ATF3,0.7523475
35,SRF,0.7402342
36,JDP2,0.82753557
37,COL9A2,0.5796015
38,NEUROG1,0.64816344
39,NEUROD2,0.56943166
40,STMN2,0.47139558
41,ARID3A,0.3691305
42,PDGFRA,0.6253728
43,APOD,0.7586289
44,OLIG1,0.57457536
45,CSPG4,0.7923237
46,LDHA,0.7812491
47,PGK1,0.8367348
48,HK2,0.63580513
49,CHI3L2,0.79446596
50,CD44,0.7941924
51,CAV1,0.8281736
52,TGFBI,0.6527506
53,ICAM1,0.5918829
54,RELA,0.9449713
55,NFKBIA,0.95574224
56,MDK,0.41836917
57,WNT3A,0.38947275
58,WNT7B,0.6190635
59,YAP1,0.85467607
60,ARL4D,0.44433597
61,FOXG1,0.6140615
62,TEAD1,0.8796626
63,HIF1A,0.8403795
64,VEGFA,0.77752227
65,ALDH1L1,0.9004403
66,S100B,0.9578392
67,CLU,0.97131956
68,MBP,0.20906395
69,PLP1,0.6113532
70,MOG,0.40125722
71,MOBP,0.35533243
72,MAG,0.48652974
73,RBFOX3,0.34983176
74,SNAP25,0.24494796
75,SYT1,0.32540128
76,MAP2,0.82733196
77,TUBB3,0.60835665
78,P2RY12,0.5604297
79,CX3CR1,0.63380903
80,CSF1R,0.8566728
81,FCER1G,0.86290723
82,CTSS,0.5279574
83,PTPRC,0.6330118
84,CD37,0.6478967
85,CORO1A,0.8340277
86,LAPTM5,0.94804597
87,CD3D,0.7403581
88,CD3E,0.6574385
89,TRAC,0.6216802
90,TRBC1,0.55307454
91,LTB,0.7042459
92,IL7R,0.6033318
93,MAL,0.45253298
94,CCR7,0.6373352
95,TCF7,0.718025
96,LEF1,0.72334474
97,CD8A,0.2811703
98,CD8B,0.50501925
99,CCL5,0.4876262
100,NKG7,0.53588855
101,PRF1,0.54598665
102,GZMK,0.65983784
103,GZMB,0.6848957
104,FOXP3,0.5511536
105,IL2RA,0.5778919
106,CTLA4,0.5229706
107,TIGIT,0.3695075
108,IKZF2,0.60435563
109,CCR8,0.6694932
110,PDCD1,0.5000909
111,LAG3,0.45528066
112,HAVCR2,0.72073776
113,TOX,0.5200166
114,CXCL13,0.48222274
115,ENTPD1,0.60150486
116,GNLY,0.53258693
117,KLRD1,0.59482616
118,FCGR3A,0.91243273
119,TYROBP,0.9175075
120,MS4A1,0.67663527
121,CD79A,0.40193644
122,CD74,0.668107
123,HLA-DRA,0.8614401
124,CD22,0.5319646
125,CD83,0.77954936
126,JCHAIN,0.34115314
127,MZB1,0.42246255
128,SDC1,0.56302935
129,IGHG1,0.14510411
130,IGKC,0.553882
131,XBP1,0.9230579
132,LST1,0.6909024
133,LILRB1,0.6455788
134,LYZ,0.8029505
135,S100A8,0.79423213
136,S100A9,0.7517889
137,FCN1,0.4714961
138,CCR2,0.6446035
139,VCAN,0.70566314
140,MS4A7,0.4992492
141,IFITM3,0.9175125
142,TYMP,0.8909783
143,C1QA,0.9044527
144,C1QB,0.9003485
145,C1QC,0.86419296
146,APOE,0.85381144
147,CD68,0.7949843
148,MSR1,0.66360545
149,MRC1,0.5227898
150,CTSD,0.90471023
151,FOLR2,0.5948526
152,LYVE1,0.4415594
153,CD163,0.8436727
154,SPP1,0.89682287
155,APOC1,0.5842599
156,TREM2,0.73028886
157,GPNMB,0.72853017
158,LGALS3,0.86614555
159,CTSB,0.8021221
160,IL1B,0.45607242
161,SELL,0.44254446
162,FCGR3B,0.28960797
163,CSF3R,0.65141624
164,CXCR2,0.49879792
165,FPR1,0.7255707
166,MNDA,0.7357798
167,CLEC9A,0.6189495
168,XCR1,0.47343493
169,BATF3,0.59982604
170,CADM1,0.8970743
171,IRF8,0.39292696
172,CD1C,0.59936184
173,CLEC10A,0.57547
174,FCER1A,0.7163904
175,CST3,0.9496558
176,TCF4,0.8768724
177,IL3RA,0.5035425
178,CLEC4C,0.46184817
179,IRF7,0.45892036
180,TPSAB1,0.6965492
181,TPSB2,0.56118935
182,KIT,0.6604541
183,MS4A2,0.4158908
184,HDC,0.48166463
185,CPA3,0.50907445
186,CLC,0.6911765
187,PRG2,0.54756635
188,SIGLEC8,0.52160305
189,RNASE2,0.51710993
190,EPX,0.28346038
191,COL1A1,0.73718774
192,COL1A2,0.8100569
193,COL3A1,0.6611044
194,DCN,0.9409817
195,LUM,0.43131578
196,COL6A1,0.7960886
197,ACTA2,0.78689003
198,TAGLN,0.74761486
199,MYL9,0.8997461
200,TPM2,0.8995209
201,CXCL12,0.5933846
202,IL6,0.56967294
203,CFD,0.66883934
204,C7,0.59731877
205,CXCL14,0.25650218
206,COL11A1,0.67798185
207,FAP,0.7283841
208,THY1,0.50040245
209,PDPN,0.84879804
210,INHBA,0.47586414
211,MMP2,0.5749094
212,COL10A1,0.6493856
213,HLA-DPA1,0.88859266
214,HLA-DPB1,0.93011266
215,CIITA,0.8056049
216,PECAM1,0.7576202
217,VWF,0.76260775
218,KDR,0.8509831
219,EMCN,0.5557682
220,ENG,0.7685274
221,RAMP2,0.80669653
222,ESM1,0.68058175
223,ANGPT2,0.5366301
224,PLVAP,0.62966555
225,APLN,0.55700636
226,PGF,0.606019
227,RGCC,0.81832063
228,EFNB2,0.7793968
229,SOX17,0.6028273
230,GJA5,0.55643487
231,FBLN5,0.7915028
232,HEY1,0.83516943
233,ACKR1,0.5985512
234,SELP,0.7043476
235,SELE,0.50250286
236,NR2F2,0.47027186
237,FLT4,0.621907
238,CCL21,0.7169892
239,PROX1,0.64913577
240,CCL14,0.5059629
241,RGS5,0.7587557
242,PDGFRB,0.7740217
243,MCAM,0.62689805
244,DES,0.57326806
245,NOTCH3,0.72973293
246,MYH11,0.51141363
247,CNN1,0.1936175
248,ADIPOQ,0.40260524
249,PLIN1,0.50723106
250,FABP4,0.595199
251,LEP,0.63516694
252,LPL,0.58258104
253,CIDEC,0.57835674
254,SOX10,0.57165277
255,MPZ,0.5137076
256,S100A1,0.54558414
257,NGFR,0.37353393
258,MKI67,0.37414634
259,TOP2A,0.3376778
260,UBE2C,0.3712721
261,CENPF,0.6797752
262,CCNB1,0.6053068
263,CDK1,0.6021957
264,TUBB,0.72287804
265,BNIP3,0.8822573
266,ENO1,0.83835244
267,ISG15,0.5652508
268,IFIT1,0.46562794
269,IFIT2,0.47226468
270,IFIT3,0.25620088
271,MX1,0.47156963
272,OAS1,0.49070644
273,STAT1,0.5573704
274,CXCL10,0.47921264
275,FN1,0.75069433
276,SNAI2,0.6324284
277,ZEB1,0.89146405
278,ITGA5,0.64972675
279,LAMC2,0.5258224
280,SERPINE1,0.8184154
281,HBB,0.9287752
282,HBA1,0.8600204
283,HBA2,0.92436063
284,ALAS2,0.52949756
285,GYPA,0.7379523
286,AHSP,0.61877507
287,PPBP,0.46445093
288,PF4,0.6732655
289,GP9,0.5503667
290,RGS18,0.6477484
291,NRGN,0.7182205
292,JUNB,0.8025873
293,DDIT3,0.81331
294,HSPA1A,0.69142336
295,HSPA1B,0.5492838
296,MT-CO1,0.97903633
297,MT-CO2,0.9247326
298,MT-ND1,0.97479767
299,MT-ND2,0.92216814
300,MT-CYB,0.9746153
301,IGFBP7,0.72805786
302,TNC,0.7521223
303,MT1X,0.9001036
304,MALAT1,0.73434716
305,IGFBP5,0.36867237
306,S100A10,0.7849343
307,DDIT4,0.89672524
308,SEC61G,0.90044785
309,S100A6,0.85031885
310,ELN,0.5820593
311,APLNR,0.7908887
312,PTGDS,0.5394019
313,MARCKSL1,0.7731556
314,A2M,0.86273855
315,TPI1,0.88663787
316,COL6A2,0.83545035
317,SPARC,0.71072996
318,GSN,0.8244657
319,PTN,0.79127806
320,RHOB,0.3947952
321,ANXA2,0.8408447
322,PABPC1,0.8086773
323,CNN3,0.9148062
324,SERPING1,0.8920669
325,CRYAB,0.8025923
326,ADIRF,0.5326589
327,ANXA1,0.8725004
328,CTXN1,0.9265291
329,PFN1,0.87125325
330,ATP1B1,0.9091663
331,LRP1,0.79650897
332,PCSK1N,0.81354064
333,NSG1,0.74718344
334,TMEM258,0.8917999
335,TMSB4X,0.8679572
336,SERPINA3,0.804484
337,NDUFC2,0.9226107
338,TUBB2A,0.7544666
339,GLUL,0.9244098
340,MAGED1,0.9474201
341,ARL4C,0.76623976
342,PGAM1,0.88449556
343,HLA-E,0.9555809
344,HSPA5,0.90870214
345,NSMF,0.96223634
346,MGST1,0.791745
347,ITPKB,0.8742352
348,SERPINE2,0.7170424
349,NPC2,0.76439196
350,SAT1,0.79306567
351,C3,0.85422975
352,EZR,0.81076854
353,SF3B6,0.8957538
354,GLUD1,0.88614506
355,CD9,0.76620233
356,ID2,0.6713692
357,SCARA3,0.69326574
358,NPM1,0.74022466
359,ASAH1,0.74986553
360,ATP5MF,0.77372706
361,CSTB,0.68461984
362,HLA-B,0.8613376
363,MGST3,0.6598475
364,COPE,0.75686604
365,HSPE1,0.6730287
366,HLA-C,0.9403341
367,TAGLN2,0.837195
368,NCL,0.42884463
369,NPDC1,0.8741572
370,SPOCK2,0.72319293
371,SUMO2,0.8585989
372,DNER,0.75170577
373,APLP2,0.6853518
374,MTURN,0.8145792
375,SH3BGRL3,0.91207635
376,IFITM2,0.7824659
377,SNHG29,0.763454
378,SNHG6,0.5417403
379,HNRNPDL,0.8489719
380,WSB1,0.91872346
381,CTNNB1,0.7781875
382,ANAPC11,0.808778
383,SNRPD2,0.8573301
384,PPP1CB,0.859668
385,PPIB,0.8494757
386,DDR1,0.89328426
387,MAGED2,0.96329826
388,SDCBP,0.7667025
389,PSAT1,0.9293396
390,ECRG4,0.42415664
391,SDC3,0.67878526
392,CSRP2,0.9400807
393,FLNA,0.94036347
394,IGSF1,0.79172766
395,SLC3A2,0.7759436
396,STMN1,0.9204121
397,BSG,0.64762366
398,HIGD2A,0.85265064
399,CRIP2,0.85886824
400,S100A11,0.8822258
401,NME2,0.8381064
402,EEF1B2,0.7882238
403,NUDT4,0.8201144
404,ZFAS1,0.8559353
405,ATP5IF1,0.95719284
406,RHEB,0.7687037
407,LAMTOR5,0.93318844
408,EIF4A1,0.89047533
409,FXYD6,0.52501243
410,ATP5MPL,0.7382079
411,FSTL1,0.92006373
412,COTL1,0.52179575
413,TSPAN6,0.90729356
414,BLOC1S1,0.74110967
415,ATP5PF,0.8018715
416,BTF3,0.71529937
417,LTBP3,0.8271202
418,PPP2R1A,0.8773045
419,EMC10,0.9073548
420,YBX1,0.76938516
421,ITGB4,0.7952673
422,SUB1,0.898947
423,TXN,0.8343389
424,C1orf122,0.81748927
425,NEDD8,0.93163526
426,POLR2I,0.93932575
427,TIMP2,0.8121189
428,BCAN,0.8634471
429,BANF1,0.8836306
430,JUND,0.8055437
431,ID1,0.654296
432,CXXC5,0.85990924
433,COMT,0.8579557
434,FAM107A,0.88363343
435,FXYD1,0.8474253
436,COX7A2,0.883734
437,SQSTM1,0.9580105
438,POLR2L,0.65011764
439,GUK1,0.6444426
440,TBCA,0.8704525
441,NLRP1,0.6383417
442,ADGRG1,0.50272596
443,AL627171.2,0.77961844
444,ACADVL,0.84610933
445,ZFP36L1,0.8020427
446,FUS,0.940815
447,RTN1,0.78561264
448,PTPRZ1,0.8133878
449,NAA38,0.85839295
450,DCLK1,0.60279125
451,HNRNPH1,0.781225
452,PDXK,0.7435718
453,SOX9,0.8708392
454,NDUFA11,0.8293144
455,TRIR,0.86514467
456,SOD2,0.7939064
457,TUBB2B,0.6156704
458,SPCS2,0.7076302
459,CCN2,0.6082104
460,RTN3,0.92912096
461,CD59,0.833273
462,PHPT1,0.75811297
463,MSX1,0.82508874
464,SRSF5,0.86852556
465,GPR37L1,0.63224655
466,C4orf3,0.9160215
467,ROMO1,0.8134438
468,DDX17,0.95531565
469,PLCD3,0.90014416
470,PFN2,0.8560942
471,CCNI,0.86308885
472,RTL8C,0.7037108
473,HINT1,0.80202883
474,SSR4,0.58882815
475,DAD1,0.7819201
476,NDUFC1,0.7424654
477,MAP1B,0.8239416
478,NAP1L1,0.71060735
479,NCAM1,0.8504334
480,C6orf62,0.7728714
481,OST4,0.66956574
482,SEPTIN7,0.4720748
483,S100A16,0.6347533
484,RAN,0.8334681
485,COPRS,0.7796108
486,UQCRH,0.8418621
487,MORF4L2,0.9592057
488,ZFP36L2,0.74079967
489,PSMA7,0.7926294
490,YWHAB,0.90485007
491,SSBP3,0.93182886
492,ATP6V0C,0.69058317
493,CYBA,0.7145226
494,COMMD6,0.775263
495,MAOB,0.90358394
496,PPDPF,0.80712074
497,CETN2,0.9500447
498,NFIX,0.8447857
499,SCD,0.5549984
500,LAPTM4A,0.7542301
501,C1orf61,0.7914048
502,SEC62,0.8638516
503,ANXA5,0.79438114
504,DYNLT1,0.7555689
505,ATP5MC3,0.7160377
506,DYNLRB1,0.80337864
507,MICOS10,0.79880655
508,GSTM3,0.77799624
509,NFIA,0.81930524
510,GOLM1,0.7362198
511,GNG5,0.7474045
512,PRDX6,0.7486627
513,MRPS21,0.8931602
514,NDUFB11,0.90975136
515,PRDX2,0.93312186
516,C5orf49,0.9484341
517,AGT,0.79641306
518,TIMP1,0.86205846
519,GDI1,0.8290264
520,SEC61B,0.78201157
521,BRI3,0.841845
522,RHOBTB3,0.67616326
523,MIF,0.70850635
524,CYB5R3,0.5632027
525,EIF4A2,0.8062888
526,DKK3,0.72508484
527,YWHAZ,0.96092504
528,CLSTN1,0.91744685
529,HEPACAM,0.74945045
530,NDFIP1,0.95382345
531,SRP9,0.81292325
532,BAALC,0.6643358
533,FKBP8,0.5724316
534,BNIP3L,0.87989944
535,WDR83OS,0.8830034
536,GASK1B,0.9141275
537,HSPB8,0.66885036
538,LINC01578,0.8893308
539,NDUFB4,0.6816992
540,PCBP1,0.9340538
541,P4HB,0.9487641
542,MTCH1,0.91369134
543,NENF,0.7170489
544,ARF1,0.91170007
545,ATP6V1F,0.75889677
546,MSN,0.8757345
547,TMED10,0.86942273
548,SPTBN1,0.8654118
549,EIF4B,0.78465647
550,PDIA3,0.85798585
551,WLS,0.6322806
552,LAMP1,0.7785234
553,TXNIP,0.68056333
554,NEAT1,0.92560446
555,CHPF,0.8321867
556,EID1,0.82469946
557,MT1E,0.8693594
558,PTMS,0.55053914
559,TSC22D4,0.7922639
560,TSC22D1,0.5444634
561,SEM1,0.80270296
562,AP2M1,0.8928233
563,TIMM8B,0.85831356
564,MLC1,0.95516974
565,HES6,0.8997961
566,NDUFA1,0.7139399
567,KTN1,0.68615234
568,HMGN1,0.90742743
569,TMEM59,0.62870497
570,PON2,0.8852322
571,RABAC1,0.5977354
572,SLC25A6,0.8016689
573,WWTR1,0.6977956
574,COX7B,0.7496359
575,PBXIP1,0.7147103
576,TTYH1,0.91580427
577,SYT11,0.7220766
578,KRTCAP2,0.8609612
579,RHOC,0.61071765
580,FEZ1,0.67183816
581,SNRPG,0.8705776
582,CFAP126,0.8837528
583,CNBP,0.910261
584,LAMTOR4,0.8543617
585,ATP5MC2,0.65784055
586,PLEC,0.85706323
587,CDK2AP1,0.9666986
588,POMP,0.6436535
589,CDC42EP4,0.7186558
590,POLR2J,0.91135824
591,PTTG1IP,0.6533071
592,PET100,0.6772743
593,HLA-A,0.76031935
594,SRI,0.7784706
595,ADCYAP1R1,0.6509519
596,SELENOK,0.71240103
597,ATP5MD,0.62791896
598,IFI27L2,0.7599011
599,ATP6V1G1,0.9122298
600,SERBP1,0.5527602
601,RBX1,0.8174627
602,NDUFB2,0.8325641
603,TTC3,0.73567235
604,SERINC1,0.8341165
605,GNB2,0.85492986
606,HTRA1,0.7194155
607,NDUFA2,0.8387406
608,MYL12B,0.9006033
609,ATP6V0E1,0.69501424
610,ZSCAN18,0.9783093
611,UQCR10,0.57616496
612,RBP1,0.7178532
613,C12orf57,0.57237726
614,FIS1,0.87618726
615,SIRPA,0.7426805
616,SRSF9,0.9058865
617,CALM3,0.8199182
618,CDC42,0.72144324
619,PHGDH,0.8527355
620,SET,0.75634325
621,CLTC,0.8890555
622,HSPA2,0.5687327
623,FGD5-AS1,0.85237116
624,EIF3K,0.8098078
625,ATP5PO,0.83710897
626,AZIN1,0.6664725
627,H2AFV,0.8367735
628,ARPC3,0.6800349
629,TOMM6,0.88849145
630,EIF3E,0.82755834
631,PUF60,0.9081595
632,MAP4,0.8785717
633,NDUFB7,0.7034676
634,HNRNPF,0.9128595
635,TMEM219,0.70254934
636,PLTP,0.8607118
637,CBX5,0.9466841
638,HNRNPU,0.8501743
639,C19orf53,0.8011789
640,ATP5F1A,0.9419088
641,PFKL,0.8424494
642,GPX4,0.79841006
643,FADS2,0.72553563
644,DTNA,0.6990742
645,PRCP,0.9554837
646,NFIB,0.89576524
647,CCDC80,0.68174654
648,LSM7,0.90665627
649,DDX5,0.9040411
650,MAPK1IP1L,0.8552345
651,CIRBP,0.8992868
652,SAP18,0.6662641
653,ABR,0.93012375
654,CTNNA1,0.78750575
655,APP,0.72643256
656,ZIC1,0.8290022
657,HMGN2,0.90224165
658,GABARAPL2,0.90802854
659,TMEM123,0.58497584
660,RNASEK,0.56496835
661,ARL6IP1,0.71018213
662,SLC25A3,0.8444471
663,MLF1,0.933734
664,GNG11,0.8393926
665,EIF4H,0.6193777
666,PTGES3,0.86592084
667,NDUFB1,0.8391656
668,FHL1,0.8065466
669,NGRN,0.9453933
670,TSPAN7,0.9450037
671,ATP5F1D,0.74278694
672,AP1S2,0.651781
673,CSNK2B,0.9710295
674,NUCKS1,0.54077035
675,C11orf58,0.906049
676,CSDE1,0.75435776
677,ATP5F1B,0.845087
678,SRRM2,0.86607355
679,BRK1,0.5429347
680,ATP6AP2,0.93067163
681,RAC1,0.75916827
682,ZFAND5,0.77804893
683,C1orf198,0.8759262
684,EFNB3,0.8090658
685,COX16,0.8599443
686,CERS1,0.8337475
687,PSENEN,0.80414987
688,RBM3,0.86570066
689,NOP53,0.7989488
690,ARPP19,0.8320086
691,PPP2CB,0.66783094
692,HDLBP,0.7785927
693,FBXO2,0.7557142
694,ADCY2,0.88866216
695,MICOS13,0.75902534
696,NONO,0.8588707
697,RELN,0.7725334
698,OGFRL1,0.61856884
699,CAPNS1,0.7898641
700,SPTAN1,0.85679394
701,SPCS1,0.9247696
702,SNHG25,0.4194238
703,RNF187,0.90301055
704,ATP5PD,0.7673471
705,UBA1,0.94957525
706,WBP2,0.878656
707,NUDC,0.94357103
708,S100A13,0.83000207
709,CYSTM1,0.7876701
710,SORBS1,0.6707608
711,NORAD,0.8572399
712,GPI,0.95630836
713,METTL7A,0.86415154
714,RBBP4,0.9225582
715,NDUFAF8,0.94270235
716,MARCH6,0.95869344
717,C9orf24,0.8660169
718,HIPK2,0.73976386
719,NHP2,0.97382885
720,SLC20A2,0.8736303
721,PMP22,0.7444413
722,EDF1,0.8240535
723,MRPL57,0.8903851
724,SEMA3B,0.7320515
725,GNB1,0.86411244
726,RTN4,0.7356964
727,RAB7A,0.70738405
728,ATP5PB,0.9755327
729,DPYSL3,0.8022824
730,BOC,0.86753535
731,HLA-DRB1,0.8889381
732,ECM2,0.92288804
733,MT2A,0.90596485
734,GSTP1,0.40292606
735,HSP90B1,0.627656
736,PRDX5,0.71759343
737,HNRNPA3,0.6061657
738,ATP5MG,0.62060004
739,MRPL20,0.89471895
740,OAZ1,0.84759516
741,CUTA,0.814467
742,SFPQ,0.88557583
743,HSPD1,0.8157726
744,KIF9,0.9567865
745,PTOV1,0.9653152
746,LAMTOR1,0.9085892
747,EIF5A,0.5606629
748,KIF1A,0.80674726
749,SNHG8,0.5298189
750,TMEM47,0.8230636
751,CLIC4,0.889699
752,NDUFB9,0.9076825
753,CAPZB,0.4600581
754,PRMT2,0.944944
755,PLXNB2,0.779678
756,SNX3,0.6904119
757,LINC00632,0.50588953
758,DST,0.8211164
759,GRINA,0.6213212
760,H1FX,0.7941898
761,PDE4DIP,0.877214
762,RPN1,0.6763829
763,RDX,0.77502686
764,PARK7,0.93569905
765,TCEAL4,0.71134734
766,TRMT112,0.9204705
767,MLF2,0.9310341
768,HNRNPC,0.81993526
769,MLLT1,0.981525
770,ATOX1,0.7708592
771,MZT2B,0.57725716
772,RHBDD2,0.9583117
773,COX6B1,0.75680125
774,DSTN,0.75080323
775,CIB1,0.89692765
776,TRAPPC5,0.6767826
777,ST13,0.71629727
778,DDAH2,0.80050445
779,SMDT1,0.7156958
780,DDX3X,0.7700773
781,SOD1,0.78441083
782,DAZAP2,0.87397826
783,ATP2B4,0.9147497
784,SLC22A17,0.9308275
785,NDUFS6,0.9152499
786,YWHAQ,0.9043987
787,TECR,0.8112369
788,DNAJA1,0.8716375
789,SLIRP,0.741283
790,OCIAD1,0.9791128
791,ENHO,0.89088786
792,FABP5,0.81376153
793,ERGIC3,0.87225527
794,IFI27,0.48759195
795,TCTEX1D1,0.96833426
796,GAS5,0.8561984
797,IL6ST,0.81018484
798,NDUFA4,0.65777373
799,EIF5,0.73937
800,PRNP,0.8528965
801,LAMB2,0.76871336
802,NDUFS5,0.8334637
803,ALDH2,0.75272185
804,FBLN1,0.7111256
805,ATP6V0B,0.747778
806,PSMC5,0.8493321
807,SON,0.9411577
808,AHCYL1,0.82960874
809,PCBP2,0.9500965
810,BEX3,0.87295717
811,C7orf50,0.9437462
812,SDC2,0.52944666
813,MRFAP1,0.9023506
814,PPP1R14B,0.74880123
815,STARD7,0.81844735
816,C9orf16,0.80951077
817,DDX39B,0.94512784
818,UBE2D3,0.879921
819,NDUFS8,0.89985746
820,COX6C,0.7801883
821,EIF3F,0.79952437
822,ATN1,0.86664844
823,VAPA,0.81441456
824,TBCB,0.80315185
825,TAX1BP3,0.76570684
826,ADD3,0.8726231
827,COPS9,0.91616845
828,PDIA6,0.9186857
829,SELENOH,0.90761656
830,ARL6IP4,0.83770066
831,SH3BGRL,0.66943187
832,HMGN3,0.94944364
833,C1orf194,0.66812843
834,NDUFA3,0.71640503
835,USP22,0.9767637
836,APMAP,0.9561033
837,PRXL2A,0.8549112
838,RBM39,0.76196194
839,SELENOF,0.78543246
840,THRA,0.9159012
841,C18orf32,0.6154731
842,CIAO2B,0.9021431
843,PI16,0.79752725
844,JTB,0.8617172
845,PRKAR1A,0.8905586
846,CALR,0.6553711
847,TUFM,0.9375006
848,AHNAK,0.581542
849,RCN1,0.83301854
850,PPIF,0.82615143
851,PRDX1,0.8475302
852,SLC25A5,0.69650763
853,MAP1LC3B,0.80709344
854,GPRC5B,0.7659862
855,PTPRA,0.9271281
856,SYNM,0.7441485
857,LAMP2,0.5823677
858,HNRNPK,0.9565403
859,DDT,0.8130934
860,SF1,0.9534821
861,AP2S1,0.8098907
862,HSPA9,0.97265714
863,ARL3,0.9595489
864,COX5A,0.9041649
865,NDUFB8,0.8242142
866,NOTCH2,0.8222609
867,ARHGAP5,0.92251474
868,LRPAP1,0.90956706
869,HSP90AB1,0.6920708
870,ZIC2,0.94079185
871,UQCRQ,0.8799154
872,GMPR,0.7443603
873,CPE,0.83418536
874,CD99,0.8409494
875,SNHG32,0.70272857
876,SERP1,0.8313541
877,COX8A,0.6151801
878,NDUFB10,0.9236402
879,ITGB1,0.7951655
880,PBX1,0.8498011
881,DNPH1,0.9489883
882,VPS28,0.9503969
883,PSMB4,0.7192067
884,PSMB3,0.72050375
885,ODC1,0.84320873
886,PLEKHB1,0.94668067
887,IDS,0.7177357
888,TMEM9,0.9329795
889,ACO2,0.855386
890,SCP2,0.94954944
891,TLE5,0.8063112
892,TSTD1,0.90044975
893,SRSF3,0.9155452
894,SNU13,0.8166924
895,ZNHIT1,0.8853601
896,CSNK1A1,0.8775566
897,MORF4L1,0.67840666
898,EIF3H,0.81028754
899,HSBP1,0.9538389
900,CAPN2,0.6926695
901,COX20,0.9242201
902,PNRC1,0.96859014
903,GRAMD2B,0.9368685
904,MRPL51,0.6161056
905,ZMIZ1,0.93514687
906,STMP1,0.9016911
907,CSRP1,0.685614
908,NDUFB3,0.856867
909,TMEM256,0.84240305
910,UBL3,0.95220625
911,ACTR2,0.898283
912,LGALS1,0.8992813
913,LY6H,0.82314247
914,ERH,0.8538481
915,PAQR6,0.9263647
916,EIF4G2,0.93967396
917,SSR3,0.7392231
918,NDUFA12,0.9363314
919,HADHB,0.5093167
920,ANTXR1,0.8210571
921,DBI,0.68919015
922,MORN2,0.96172786
923,RPN2,0.90885067
924,LDHB,0.82540804
925,UBE2E3,0.9827793
926,CADM3,0.644742
927,CASC4,0.84107774
928,PAIP2,0.88833463
929,LUC7L3,0.8575605
930,ARF3,0.8082329
931,NR2F1,0.9225417
932,PLXNB1,0.97449785
933,SESN3,0.79691404
934,GADD45GIP1,0.8700847
935,CHMP2A,0.68883157
936,NDUFAF3,0.7865345
937,SELENON,0.6248179
938,ACSS1,0.956702
939,PKIG,0.88320374
940,TNFRSF11B,0.83531165
941,UFC1,0.9295215
942,TMEM230,0.9505182
943,TMEM248,0.9201479
944,HMGB1,0.6613192
945,PDIA4,0.69438285
946,FAM200B,0.8000206
947,APC2,0.759808
948,TIMM13,0.9693321
949,NFIC,0.877471
950,LSM3,0.8848126
951,GTF2I,0.85613734
952,NDUFA7,0.8532804
953,SNTA1,0.8153193
954,SNRPN,0.9137733
955,CAMTA1,0.7663301
956,C4orf48,0.84508723
957,TMEM132A,0.6274121
958,MAT2A,0.8814607
959,ARPC2,0.9101177
960,RAB11B,0.861535
961,OAZ2,0.97925085
962,LAPTM4B,0.88657
963,EEF1D,0.72431326
964,ANP32B,0.8762829
965,NDUFA6,0.82059383
966,CAVIN1,0.6338288
967,HNRNPA2B1,0.93083304
968,TPPP3,0.7773413
969,RHOA,0.5096592
970,CLIP2,0.94304794
971,HNRNPA0,0.8792312
972,SCAND1,0.8902935
973,METTL9,0.8908635
974,ADD1,0.95010227
975,GRSF1,0.97153586
976,HNRNPD,0.8698642
977,CLTA,0.72092617
978,REEP5,0.65885377
979,DPP7,0.94518244
980,BCAP31,0.9164553
981,CLIC1,0.94500345
982,TAPBP,0.9077616
983,AURKAIP1,0.94344693
984,PDCD6,0.98142034
985,GCSH,0.8497808
986,MTPN,0.87233084
987,COX6A1,0.5944351
988,TMCO1,0.9733164
989,SSBP4,0.98022103
990,PSMB1,0.69133866
991,SF3B2,0.90923554
992,FAM181B,0.688693
993,RAD21,0.5640366
994,RAB13,0.9502869
995,ARL6IP5,0.45016196
996,KRT10,0.73607594
997,TCF12,0.89693564
998,EWSR1,0.93466127
999,MRPL41,0.7905934
1000,TSPAN3,0.9784243
1001,COX5B,0.7293546
1002,B4GAT1,0.95315844
1003,RAB1A,0.9149574
1004,HNRNPM,0.92057574
1005,LGALS3BP,0.65377694
1006,SCD5,0.8460999
1007,CHCHD10,0.5992833
1008,PEA15,0.82768065
1009,RANBP1,0.9543608
1010,WEE1,0.8722256
1011,CAPZA2,0.76396257
1012,VDAC1,0.8939523
1013,ATRAID,0.70019805
1014,MACF1,0.8677735
1015,FKBP1A,0.7329781
1016,RCN2,0.94444007
1017,OBSL1,0.94386196
1018,TM9SF3,0.94337726
1019,NDUFAB1,0.91536975
1020,HSPA8,0.7754459
1021,VCP,0.95410085
1022,KPNB1,0.76656204
1023,SPARCL1,0.8361757
1024,HACD3,0.89503044
1025,NOP10,0.85247046
1026,SNRPE,0.8687454
1027,UQCRFS1,0.91813433
1028,ATF4,0.96943575
1029,EMP3,0.9276543
1030,NEBL,0.80616224
1031,PGRMC1,0.94703
1032,GPM6A,0.9608579
1033,HIPK1,0.8783379
1034,SYPL1,0.9418209
1035,MRC2,0.7929712
1036,PTP4A2,0.82759994
1037,ENAH,0.8338637
1038,SMOC1,0.72102714
1039,SCARB2,0.67128694
1040,SEPTIN2,0.74204826
1041,CEBPD,0.97678053
1042,CCT3,0.9417546
1043,PNKD,0.86476713
1044,SLC44A2,0.6169193
1045,DDB1,0.94008833
1046,SSU72,0.77392334
1047,CLNS1A,0.9126081
1048,PLAAT3,0.77091616
1049,DYNC1H1,0.9103733
1050,DNAJC8,0.9545847
1051,ZNF664,0.89792067
1052,ITGB8,0.8608662
1053,RBMX,0.8322712
1054,NAT8L,0.9085165
1055,H2AFY,0.9207613
1056,PHYHIPL,0.6045124
1057,PTEN,0.81753445
1058,CNTN1,0.66240335
1059,SELENOW,0.85745484
1060,OS9,0.6767048
1061,RNPS1,0.8992328
1062,PSME1,0.9399442
1063,CTNND2,0.88972735
1064,TAF10,0.7213189
1065,PLSCR4,0.8181889
1066,DUSP1,0.78799653
1067,BAD,0.93099844
1068,HNRNPUL1,0.90065503
1069,DAG1,0.76170117
1070,GNAI2,0.653883
1071,WBP1,0.96989304
1072,SLC6A13,0.6686563
1073,ARHGDIA,0.9492654
1074,LIFR,0.78029954
1075,ALDH7A1,0.82023615
1076,MCRIP1,0.79408723
1077,SKP1,0.9027703
1078,TXNL4A,0.9347666
1079,PEBP1,0.85070723
1080,CTDNEP1,0.76215434
1081,ECH1,0.8721877
1082,KHDRBS1,0.902457
1083,PSMB6,0.9333691
1084,PPP1R1B,0.7651543
1085,COA3,0.93383294
1086,ARPC4,0.7474485
1087,PNMA1,0.94556355
1088,SDF4,0.81780094
1089,PINK1,0.8868994
1090,NKAIN4,0.8345474
1091,LMO3,0.89618546
1092,IRF2BP2,0.89133954
1093,SNRNP70,0.90570235
1094,DNALI1,0.9680033
1095,ILF3,0.94621366
1096,SNRNP200,0.9670945
1097,DAP,0.85953575
1098,SRSF2,0.9404634
1099,CHD4,0.8320408
1100,PCNP,0.88069624
1101,SEC61A1,0.8467926
1102,PSMB5,0.9616304
1103,MPRIP,0.8828211
1104,APRT,0.8945722
1105,CD151,0.8541336
1106,BZW1,0.8058398
1107,ESD,0.74381006
1108,XRCC6,0.810778
1109,MT3,0.78184503
1110,FTL,0.92893356
1111,CCT7,0.93941975
1112,HDGF,0.7967817
1113,PAX6,0.7032613
1114,HIGD1A,0.87514096
1115,RBM8A,0.9186113
1116,GHITM,0.8843628
1117,USF2,0.8957851
1118,PALM,0.7906837
1119,METTL26,0.919685
1120,HP1BP3,0.7985708
1121,PDLIM5,0.7420628
1122,STUB1,0.9318451
1123,SCOC,0.9414967
1124,KDELR2,0.8011215
1125,TMA7,0.8792267
1126,UCHL1,0.78106403
1127,PSIP1,0.8881317
1128,SARAF,0.9570484
1129,TAX1BP1,0.7515608
1130,PRAF2,0.7582743
1131,EIF3A,0.6563979
1132,SAP30BP,0.88873696
1133,NMB,0.55039144
1134,PDAP1,0.8721786
1135,PYURF,0.8896753
1136,KIF1B,0.9326706
1137,GPAA1,0.8660967
1138,STOM,0.73876876
1139,CTBP1,0.95306945
1140,PPP4C,0.9122486
1141,RBIS,0.6717888
1142,TUBB4B,0.8644402
1143,SELENOT,0.9630136
1144,ELOVL5,0.40607527
1145,ANXA6,0.8637645
1146,ATP5F1C,0.82739276
1147,RRAGA,0.8524274
1148,GET1,0.9599033
1149,NUCB1,0.79161125
1150,POLR2E,0.95679474
1151,VDAC2,0.9169375
1152,SERPINB6,0.92765516
1153,FRZB,0.74201655
1154,DRAP1,0.89392084
1155,IDH2,0.80188805
1156,HADHA,0.6487106
1157,LRRN2,0.9471394
1158,SDHC,0.9633305
1159,MAPK1,0.72325635
1160,UBE2L3,0.87498343
1161,EIF3I,0.77214044
1162,ATP1A1,0.7893873
1163,WDR1,0.81782097
1164,NDUFA13,0.7507606
1165,DYNLL1,0.8173551
1166,METRN,0.84414107
1167,NDUFB6,0.9042614
1168,BTG1,0.8144516
1169,CAP1,0.7986421
1170,PPA1,0.6684646
1171,H2AFZ,0.64577025
1172,CDH2,0.8731678
1173,BAIAP3,0.8626438
1174,BEX4,0.95428413
1175,ZSCAN16-AS1,0.6719092
1176,MYL12A,0.855969
1177,MXI1,0.8878069
1178,UBE2D2,0.87243116
1179,DYNC1LI2,0.8189812
1180,SF3B1,0.89749795
1181,NCKAP1,0.80121076
1182,PIK3R1,0.66606104
1183,SEC11A,0.6394426
1184,UBE2I,0.9412601
1185,ID4,0.75288737
1186,IMPDH2,0.83236575
1187,LAMTOR2,0.94287497
1188,TRIM28,0.9352389
1189,CNDP2,0.8128351
1190,TOB2,0.831606
1191,DNAJB6,0.92124385
1192,TRIM2,0.9506168
1193,HNRNPH3,0.7569199
1194,PSMA2,0.81915706
1195,EIF1,0.8437891
1196,TOMM20,0.7763998
1197,LRP10,0.69038
1198,ATXN10,0.9111536
1199,RFX4,0.94747907
1200,NDUFV1,0.8968632
1201,DCXR,0.7848653
1202,EIF3G,0.7577291
1203,TSPO,0.6748087
1204,ATP6AP1,0.89907795
1205,GJA1,0.7986551
1206,CCT4,0.76100963
1207,IK,0.9210234
1208,UBXN6,0.82093847
1209,S1PR3,0.7987657
1210,CUEDC2,0.94434047
1211,PCP4,0.5007611
1212,MPC2,0.7731418
1213,CHCHD2,0.8146891
1214,APBB1,0.9187613
1215,CCDC85B,0.7550719
1216,ZBTB18,0.84611076
1217,NINJ1,0.7984116
1218,WASF2,0.6561392
1219,MRPS6,0.75745296
1220,LMNA,0.817153
1221,ILF2,0.9375139
1222,HNRNPA1,0.7853108
1223,RAB5C,0.7837051
1224,RAB18,0.88730294
1225,UBL5,0.74882203
1226,MRPL33,0.7633165
1227,DDAH1,0.72331405
1228,POLR2G,0.9658693
1229,VPS35,0.910519
1230,SLC7A5,0.725692
1231,SLC6A8,0.8048546
1232,TCEAL3,0.67791003
1233,EDNRB,0.5421329
1234,TCEA1,0.8023586
1235,HSD17B12,0.8812522
1236,GIHCG,0.9000896
1237,RNF11,0.9015545
1238,APCDD1,0.7611782
1239,SFXN5,0.7643909
1240,YIPF3,0.91707724
1241,ETFB,0.53412527
1242,DUT,0.8726627
1243,TPM3,0.85607564
1244,RAB11A,0.74466413
1245,LSAMP,0.8447661
1246,CYCS,0.7725766
1247,ANK2,0.62979317
1248,ID3,0.72948515
1249,SLC9A3R1,0.935004
1250,COPS8,0.9114237
1251,TMED9,0.8437526
1252,FAM229B,0.9387648
1253,CTSF,0.78526974
1254,NDUFS7,0.8740522
1255,PSMB7,0.89063305
1256,NFE2L1,0.62887764
1257,FAM162A,0.96518135
1258,IFI6,0.6590795
1259,HNRNPH2,0.9563413
1260,QKI,0.8259371
1261,SNHG7,0.7746767
1262,PRDX4,0.8637211
1263,TALDO1,0.9241447
1264,GNA13,0.7376844
1265,EMC4,0.95186496
1266,SLC43A2,0.7395939
1267,SIRT2,0.7281342
1268,DARS,0.6382212
1269,PJA2,0.81011415
1270,SNRPD3,0.9328806
1271,UQCRC1,0.860573
1272,IGFBP2,0.52578723
1273,PHB2,0.77183396
1274,TCTEX1D2,0.976506
1275,GRIA4,0.70613045
1276,COPS6,0.9438538
1277,SPAG9,0.8613399
1278,PFKP,0.9067513
1279,ABI2,0.79862463
1280,PPP2R5C,0.92127585
1281,MAP2K2,0.91294914
1282,PRKCSH,0.8041329
1283,NDUFA5,0.9576981
1284,C1R,0.92923105
1285,NDUFB5,0.8818483
1286,AMZ2,0.9190821
1287,NUPR1,0.7892711
1288,CBX3,0.7987478
1289,EIF3L,0.71637785
1290,DDX24,0.81782186
1291,PRPF8,0.90836006
1292,PAPOLA,0.89906985
1293,TMED4,0.94294477
1294,CHURC1,0.9190477
1295,TERF2IP,0.89954954
1296,MSI2,0.8975974
1297,SEPTIN9,0.7783579
1298,ENSA,0.87231904
1299,LMBRD1,0.7026215
1300,MRPL52,0.8977917
1301,PCGF5,0.72816694
1302,EFCAB1,0.9629292
1303,CD164,0.7776218
1304,MAP4K4,0.79105973
1305,TOB1,0.6468121
1306,CEBPB,0.88368744
1307,MAZ,0.85160446
1308,SNHG9,0.85567224
1309,NDUFA8,0.9412795
1310,ABHD17A,0.9158197
1311,ERBB2,0.94011915
1312,ANAPC16,0.91904885
1313,IFI27L1,0.82608694
1314,CENPB,0.65178543
1315,ARPC5,0.9006998
1316,PSMD8,0.935222
1317,CTSH,0.65012157
1318,EIF4EBP2,0.90255857
1319,CALD1,0.7257383
1320,TRIM8,0.9727402
1321,ECHS1,0.9319198
1322,PRELID1,0.8356087
1323,H3F3A,0.8561228
1324,WDR11,0.9003059
1325,SRSF11,0.7600283
1326,MZT2A,0.8820577
1327,RTRAF,0.9450645
1328,TOP2B,0.85172385
1329,RTF2,0.961317
1330,ARHGAP21,0.87224776
1331,NTM,0.59919256
1332,NME4,0.8968184
1333,TCEA2,0.91171974
1334,MYL6B,0.8682135
1335,XRCC5,0.865988
1336,CAPRIN1,0.89332044
1337,NAP1L4,0.9550032
1338,RASD1,0.4711626
1339,ZCRB1,0.84510744
1340,TMEM14C,0.76945436
1341,TRAM1,0.763558
1342,HNRNPR,0.943722
1343,SSR1,0.91448617
1344,LSM4,0.9291346
1345,GTF3C6,0.8499035
1346,EIF1AX,0.8160246
1347,PPP1R1A,0.8643539
1348,SCRN1,0.869945
1349,ASPH,0.84394574
1350,OGA,0.86021227
1351,WNK1,0.943656
1352,ABLIM1,0.8941666
1353,BSCL2,0.87106764
1354,MDH1,0.8201196
1355,UQCR11,0.7507843
1356,TRAPPC2L,0.9393637
1357,USP11,0.91824704
1358,PPP1R16A,0.95849156
1359,STRAP,0.9742651
1360,C1orf43,0.7900978
1361,PTBP1,0.9351005
1362,TMBIM6,0.83356816
1363,RASSF2,0.76755214
1364,VEGFB,0.8579331
1365,KIF5B,0.8312117
1366,SCRIB,0.9552893
1367,TOMM5,0.8709782
1368,TAF7,0.8490208
1369,PSMF1,0.7967251
1370,MARCKS,0.6731778
1371,PAM,0.65872663
1372,LRRC75A,0.84698254
1373,TUBA1B,0.3952022
1374,PTPN11,0.87982565
1375,PSMA6,0.9183842
1376,NUDT3,0.83555627
1377,GET3,0.89466244
1378,TMEM9B,0.9014141
1379,CAT,0.82237345
1380,TMEM30A,0.7568249
1381,SELENOM,0.9311045
1382,BRD2,0.80517846
1383,PTMA,0.75487036
1384,SF3B5,0.7969954
1385,FARP1,0.9252983
1386,TM9SF2,0.9482243
1387,TMEM205,0.5844853
1388,GLO1,0.9173384
1389,HNRNPL,0.6565996
1390,YPEL3,0.71660477
1391,NDUFV2,0.8891376
1392,ATP5ME,0.6273251
1393,RBM5,0.8458369
1394,RETREG2,0.8124719
1395,TMEM231,0.9609757
1396,NSA2,0.7434465
1397,NAPA,0.93672985
1398,CANX,0.6818421
1399,SSB,0.9277162
1400,COX4I1,0.8686208
1401,RAB10,0.7133306
1402,FZD3,0.8925417
1403,PRMT1,0.90163445
1404,F3,0.73908633
1405,MAPK10,0.87285846
1406,RAMP1,0.5502382
1407,ZFAND6,0.8901317
1408,DCTN2,0.9015865
1409,B2M,0.92251146
1410,TMBIM1,0.7228279
1411,GABARAP,0.50583035
1412,RAB14,0.874795
1413,SUMO3,0.83477247
1414,ATP6V0E2,0.8575991
1415,EIF2S2,0.78615004
1416,ALKBH7,0.82613826
1417,SDC4,0.85826796
1418,IRS2,0.8209042
1419,SNRPF,0.90994567
1420,PGLS,0.8987992
1421,YWHAH,0.61486554
1422,FCGRT,0.86198515
1423,CCNL2,0.9331228
1424,PSD2,0.9522627
1425,ARL2BP,0.9031578
1426,RAB2A,0.7334762
1427,GORASP1,0.7722088
1428,HK1,0.8628078
1429,ACTN4,0.72866327
1430,SLC44A1,0.89239955
1431,CNPY2,0.9317307
1432,CWC15,0.84862137
1433,ZMYND10,0.9554399
1434,EEF2,0.5976172
1435,DYNC1I2,0.28631637
1436,FCGBP,0.90825194
1437,ZNF706,0.7988049
1438,SAR1A,0.87677807
1439,TPP1,0.7160657
1440,UQCRC2,0.9723597
1441,TMEM147,0.7199207
1442,PSMD2,0.9191343
1443,ARGLU1,0.9514239
1444,AEBP1,0.89151174
1445,GLG1,0.8665997
1446,MAPRE1,0.8515978
1447,COX17,0.78427297
1448,IFT22,0.9311388
1449,SSBP1,0.90974784
1450,TMED2,0.62946534
1451,TMBIM4,0.92104334
1452,PAFAH1B1,0.9475089
1453,PLAAT4,0.8865482
1454,POLD2,0.87520415
1455,TMEM163,0.91813374
1456,PDCD5,0.88584656
1457,NRBP2,0.9648644
1458,SNHG5,0.74184436
1459,ZNF428,0.95839095
1460,ADAR,0.7821482
1461,RAP1B,0.89836067
1462,STOML2,0.9190064
1463,LAMA2,0.49397266
1464,FLOT1,0.921839
1465,DPM3,0.8926455
1466,GRHPR,0.9416765
1467,ARF4,0.8482105
1468,GDF10,0.3500008
1469,UBE2N,0.93907833
1470,ATXN7L3B,0.95358366
1471,PSME2,0.7741734
1472,ALDOC,0.92198634
1473,PSMA4,0.9025147
1474,ATP2A2,0.8807066
1475,MXRA7,0.48908997
1476,RNF7,0.8987582
1477,RALY,0.9129727
1478,SSR2,0.88853836
1479,MEA1,0.9016289
1480,CSNK1E,0.9409811
1481,EIF2S3,0.72209394
1482,COPA,0.80575234
1483,PNISR,0.849139
1484,EIF3B,0.8706203
1485,SRP14,0.75012803
1486,WDR6,0.9061438
1487,GALNS,0.8056416
1488,PTPRF,0.86612123
1489,DEK,0.8658424
1490,UQCRB,0.66273904
1491,MAPK4,0.748723
1492,GRN,0.7401097
1493,XPO1,0.8243708
1494,ACTR3,0.83743405
1495,DDX6,0.6584564
1496,NDRG2,0.903705
1497,FGFRL1,0.8761184
1498,GNPTG,0.8516504
1499,POLE4,0.7735514
1500,NADK2,0.96489775
1501,PRRC2A,0.9676193
1502,ZFP36,0.88802797
1503,SPIN1,0.9851408
1504,MFF,0.9566002
1505,MECOM,0.8811481
1506,PRRC2B,0.95876354
1507,ALDH9A1,0.8195624
1508,RGL2,0.9578413
1509,GPR162,0.9670443
1510,IPO5,0.7702094
1511,RAB6A,0.90033126
1512,PAICS,0.86692756
1513,SELENBP1,0.8171287
1514,ATP5MC1,0.92847216
1515,ZFR,0.83749735
1516,BUD31,0.8671848
1517,ATP6V0D1,0.8201736
1518,GOLIM4,0.7822281
1519,SURF4,0.8128936
1520,DCTN3,0.93660295
1521,NTRK2,0.9556702
1522,CYC1,0.92692643
1523,PRDX3,0.92227805
1524,PICALM,0.8922897
1525,ILK,0.91828483
1526,LYPD1,0.86273044
1527,COL4A1,0.84798187
1528,WFS1,0.86552376
1529,KLC1,0.96395946
1530,CD63,0.8245113
1531,SMIM26,0.84522855
1532,SSBP2,0.9639499
1533,ITSN1,0.90021825
1534,BGN,0.707872
1535,CLPTM1,0.8548426
1536,FUNDC2,0.7445125
1537,KCTD12,0.8732037
1538,EIF5B,0.86753345
1539,FYN,0.82853794
1540,ITGAV,0.7826238
1541,DNAJB2,0.81909984
1542,PAFAH1B2,0.92607653
1543,RNF141,0.93254185
1544,PLD3,0.88571036
1545,PPP1CC,0.92863923
1546,SNN,0.861224
1547,RNF19A,0.73909575
1548,TMEM50A,0.48599303
1549,RNH1,0.8602352
1550,GDI2,0.85523355
1551,PSMB2,0.85671675
1552,YPEL5,0.94782203
1553,EIF4G1,0.8343464
1554,SNHG19,0.80342364
1555,CHMP3,0.8212839
1556,CMTM4,0.7984151
1557,NUMA1,0.8470837
1558,VMP1,0.8275928
1559,S1PR1,0.84190863
1560,VGLL4,0.9422335
1561,BCL6,0.82600534
1562,SERINC3,0.69691664
1563,SPART,0.7065648
1564,C1QL1,0.7356457
1565,CRB2,0.899081
1566,PPT1,0.84620786
1567,GTF2H5,0.9322557
1568,POLR2F,0.87053007
1569,SHISA5,0.8367205
1570,COPZ1,0.9194878
1571,LSM14A,0.9676718
1572,TMED7,0.52083975
1573,MDH2,0.8901064
1574,GNG12,0.62665063
1575,PHB,0.7428742
1576,RACK1,0.70085335
1577,CNP,0.8951768
1578,CALU,0.5138381
1579,KDELR1,0.85462373
1580,PTPMT1,0.9452619
1581,AGPAT5,0.8985887
1582,G6PC3,0.93308616
1583,SMARCE1,0.9029925
1584,TMEM259,0.9338182
1585,CFAP157,0.9175755
1586,SAT2,0.7800885
1587,PPP2CA,0.94047254
1588,TOMM7,0.6663841
1589,MYH9,0.8464804
1590,MYLK,0.41213816
1591,GATM,0.7143511
1592,CYHR1,0.94043344
1593,REEP2,0.87907547
1594,ELOB,0.7734373
1595,PDLIM3,0.7899924
1596,CALM2,0.86210024
1597,RBM25,0.7725491
1598,AK1,0.914246
1599,PAXX,0.9451565
1600,TMEM59L,0.9560839
1601,ST5,0.8325792
1602,RBM4,0.8849844
1603,ADH5,0.8855482
1604,ITM2C,0.8645283
1605,MGLL,0.673917
1606,CALM1,0.88418907
1607,PFDN5,0.73367983
1608,TSPYL1,0.77095026
1609,STMN3,0.9358788
1610,PIN1,0.9003334
1611,ITPK1,0.6524006
1612,PSMD4,0.91345656
1613,PPIA,0.6284732
1614,LARP1,0.8764579
1615,GGH,0.9587481
1616,TIMP3,0.90654063
1617,FGFR2,0.8965759
1618,ISCU,0.8178222
1619,AP2B1,0.62540305
1620,HCFC1R1,0.76278615
1621,UBE2V1,0.93516535
1622,EFCAB14,0.66129595
1623,MRPS24,0.8945744
1624,DENND5A,0.8551883
1625,EIF1B,0.70407736
1626,COL16A1,0.8687779
1627,PABPN1,0.9649004
1628,NCOR2,0.88878006
1629,DPYSL2,0.6641515
1630,TFG,0.94465506
1631,LITAF,0.7174224
1632,TMX2,0.92734075
1633,YWHAE,0.71506286
1634,ERP29,0.87061936
1635,SIVA1,0.8249319
1636,CBR1,0.84716535
1637,UXT,0.7369722
1638,MCL1,0.92998797
1639,ENY2,0.86011595
1640,PCMT1,0.7740959
1641,SRSF6,0.9748222
1642,ZFAND3,0.89725024
1643,RHOU,0.823756
1644,GPBP1,0.95074135
1645,PRKCA,0.8120472
1646,SLC38A10,0.94947743
1647,UBE2H,0.8008766
1648,CLDND1,0.76632786
1649,MRPL43,0.94441473
1650,ATRX,0.89040655
1651,BAG6,0.8846932
1652,FAAP20,0.9443231
1653,TMEM106B,0.93653375
1654,EDIL3,0.7197918
1655,UBC,0.90220255
1656,CDC37,0.9135059
1657,RNF5,0.58847547
1658,PREX1,0.81089175
1659,EIF3M,0.87437207
1660,ENO2,0.8100827
1661,LINC00844,0.7495517
1662,COLEC12,0.8578898
1663,REX1BD,0.8890181
1664,NUTF2,0.6880337
1665,ALDH6A1,0.8496775
1666,PSMA1,0.8818865
1667,H1F0,0.60352546
1668,PLPP3,0.6544539
1669,TLN1,0.8384031
1670,PARP1,0.96011645
1671,TMEM14B,0.73737484
1672,NACC2,0.65525603
1673,DMAC1,0.9117822
1674,WDR34,0.9249651
1675,VMA21,0.94811535
1676,SRGN,0.9604107
1677,APEX1,0.91834277
1678,UBXN1,0.76991636
1679,SNX5,0.9590431
1680,C10orf105,0.9497238
1681,DNAJB1,0.8493385
1682,TRAPPC1,0.80520916
1683,CD24,0.8919273
1684,NISCH,0.87321496
1685,SNX17,0.9361906
1686,PDLIM4,0.5730789
1687,RAB5B,0.846854
1688,CCDC88A,0.798909
1689,APH1A,0.8973274
1690,TJP1,0.73147357
1691,CYFIP1,0.82487065
1692,NDRG1,0.9205911
1693,CAPSL,0.9347361
1694,CDK5RAP3,0.9204319
1695,CLPTM1L,0.9612236
1696,BMI1,0.96568793
1697,TCTN1,0.98536086
1698,LMAN2,0.719079
1699,IL17D,0.87739235
1700,NBR1,0.95236325
1701,CHCHD1,0.9371266
1702,SPAG16,0.94103235
1703,CHMP5,0.79557776
1704,PKM,0.7103355
1705,SLC16A9,0.8597504
1706,NARS,0.9602306
1707,TNFRSF1A,0.87640154
1708,NCOA4,0.8503573
1709,SMARCA5,0.94421715
1710,SURF1,0.9269703
1711,C6orf89,0.9127409
1712,TCF25,0.804563
1713,GPC1,0.8225493
1714,NIPSNAP2,0.94107634
1715,CNIH2,0.85663503
1716,YBX3,0.9574924
1717,TCEAL9,0.8552334
1718,FAM189A2,0.88582915
1719,REPIN1,0.9725285
1720,NELFE,0.90062106
1721,SKA2,0.93285006
1722,AGPAT3,0.8913715
1723,CELF2,0.845829
1724,SNHG16,0.715233
1725,CSNK1D,0.9620891
1726,AP3D1,0.9086602
1727,UBB,0.39228094
1728,ALKBH5,0.88108134
1729,ZNF207,0.8942209
1730,STK25,0.9405159
1731,CFDP1,0.8536246
1732,COL5A3,0.5301884
1733,ANP32A,0.8395941
1734,PRKDC,0.9277098
1735,HSPB1,0.20602007
1736,ABAT,0.75219923
1737,NSMCE1,0.9167586
1738,COMMD3,0.97229695
1739,ACTN1,0.84852314
1740,EFHD1,0.71396184
1741,NCSTN,0.88506055
1742,NDUFS3,0.9043764
1743,AK3,0.89028776
1744,CASC3,0.8255629
1745,STAG2,0.7217999
1746,EPN1,0.9317475
1747,MAPKAP1,0.76401085
1748,RER1,0.8795107
1749,TMEM106C,0.896357
1750,PSMC3,0.9061935
1751,FLNC,0.49361828
1752,TPM4,0.88778377
1753,TSC22D3,0.65679353
1754,CCT2,0.89450544
1755,NAMPT,0.8066
1756,ELOC,0.6803293
1757,WTAP,0.9324911
1758,CLASP2,0.97236174
1759,ARHGAP1,0.91351676
1760,SBDS,0.6216128
1761,PRELP,0.68857795
1762,TMEM167A,0.8756132
1763,VAMP2,0.50372034
1764,UPF3A,0.9518821
1765,SNRPC,0.954973
1766,VDAC3,0.96153927
1767,METAP2,0.6826815
1768,FMNL2,0.83838516
1769,BCLAF1,0.79840034
1770,DHX9,0.95950025
1771,BHLHE41,0.9540897
1772,OTUB1,0.91902375
1773,BPTF,0.8971726
1774,CHCHD5,0.9266035
1775,IST1,0.9343418
1776,RAD23B,0.87495226
1777,WAC,0.8501672
1778,TCP1,0.790008
1779,RNASET2,0.8777829
1780,SYNE1,0.9398744
1781,MT1F,0.6077205
1782,RERE,0.96147215
1783,UPK3BL1,0.8121558
1784,UQCC2,0.8172521
1785,PYGB,0.9252622
1786,EXOC7,0.9395046
1787,HMGCS1,0.7268797
1788,NACA,0.748601
1789,MIR100HG,0.9181997
1790,SORT1,0.8537222
1791,MPC1,0.87275404
1792,GTF2A2,0.919193
1793,AMFR,0.58717436
1794,RAB1B,0.8859455
1795,ZMYND11,0.8568062
1796,AKIRIN2,0.80419403
1797,FKBP3,0.9708734
1798,ADGRA3,0.9656286
1799,AKR1B1,0.7345056
1800,PSMB10,0.82950807
1801,SGCB,0.8315775
1802,H3F3B,0.81055254
1803,MAP6,0.97560066
1804,TMEM161B-AS1,0.9677832
1805,RNF13,0.74643344
1806,KLHDC3,0.8345228
1807,CLTB,0.8440218
1808,NDUFA10,0.90240854
1809,BCL7C,0.88479686
1810,KCNN3,0.81367975
1811,MORN5,0.9680404
1812,ATPAF1,0.96707433
1813,PITPNA,0.825353
1814,WDR13,0.8806646
1815,LIMCH1,0.797951
1816,DCTN1,0.7144372
1817,MTDH,0.8751993
1818,GALNT8,0.7827749
1819,PNN,0.80358315
1820,GRB2,0.62827444
1821,ERCC1,0.8952315
1822,PCM1,0.8484927
1823,SALL2,0.8076342
1824,MRPL27,0.8577718
1825,RAD23A,0.8687792
1826,CDIP1,0.71131444
1827,CCT5,0.9286886
1828,GPS1,0.9252816
1829,TBC1D9B,0.72037345
1830,MSMO1,0.68564886
1831,RSRC2,0.9310015
1832,KIDINS220,0.9173212
1833,ERI3,0.95154244
1834,GNA12,0.79191893
1835,WWC1,0.8352115
1836,CTSL,0.7699716
1837,ARL8A,0.9135864
1838,RING1,0.83574206
1839,CPNE6,0.82997185
1840,MAPK8IP1,0.7821537
1841,CBX1,0.8251048
1842,POLR2K,0.7811005
1843,OGDH,0.9655604
1844,SERPINH1,0.8489647
1845,UBE2R2,0.8562853
1846,LINC00461,0.8713053
1847,DNAJC15,0.8951145
1848,CAND1,0.92541236
1849,SRM,0.8705191
1850,AKR7A2,0.9591204
1851,LINC01088,0.7671875
1852,BHLHE40,0.9110479
1853,CCT6A,0.9299707
1854,KCNJ10,0.5653957
1855,PHC2,0.9024321
1856,VAMP5,0.8463501
1857,C17orf49,0.9172854
1858,PPP1R7,0.86934036
1859,MPDZ,0.9736977
1860,THRAP3,0.82972413
1861,LGI1,0.8775516
1862,CCDC124,0.8514529
1863,MSRB2,0.8176932
1864,SLC25A1,0.9339836
1865,CLIP3,0.82926124
1866,SUMO1,0.93288016
1867,ACYP2,0.9044645
1868,AGTRAP,0.81809163
1869,GLRX5,0.91865444
1870,PPP4R3A,0.958494
1871,NDN,0.9626847
1872,CFL1,0.6898698
1873,MAF1,0.899142
1874,EMP1,0.85473233
1875,GNS,0.8588596
1876,KDM3B,0.9278073
1877,NDUFS4,0.65378183
1878,YIF1A,0.9017338
1879,RNF181,0.916292
1880,SSRP1,0.93066686
1881,PREPL,0.8744472
1882,CLK1,0.6744221
1883,EGR1,0.75839233
1884,TRIM47,0.5719003
1885,AGPAT1,0.94089276
1886,SLC25A39,0.9084274
1887,GADD45G,0.7131467
1888,VPS51,0.9213293
1889,SH3GLB1,0.8904124
1890,SNRPD1,0.93230146
1891,ARL2,0.66382086
1892,COQ4,0.9602525
1893,PAQR4,0.9099182
1894,GANAB,0.85210073
1895,MAP7D1,0.888094
1896,NRCAM,0.75253004
1897,RSL24D1,0.9163269
1898,COX7C,0.91940683
1899,AKT1,0.8506728
1900,CCNY,0.9424317
1901,C1QBP,0.93490773
1902,TPM1,0.7640925
1903,RRBP1,0.7192595
1904,SPATS2L,0.72763115
1905,PGRMC2,0.83347297
1906,EVL,0.7885862
1907,LRRIQ1,0.94941366
1908,MRPS34,0.9752466
1909,SAFB,0.87345374
1910,POLR3H,0.81561655
1911,CRLF1,0.5418819
1912,ADGRB2,0.9082001
1913,BCL2L1,0.76420593
1914,PSMC1,0.9073576
1915,NPEPPS,0.9356625
1916,CCND1,0.603568
1917,NEK11,0.9807797
1918,GGCX,0.8956861
1919,LYPLA2,0.94004816
1920,PUM1,0.91202736
1921,TXNL1,0.8876953
1922,SZRD1,0.9397816
1923,MGP,0.83499604
1924,HDDC2,0.69353205
1925,RAB4A,0.9062095
1926,IPO7,0.8032185
1927,TSR3,0.84888166
1928,NCBP2,0.9550222
1929,AL009031.1,0.57220304
1930,IGFBP3,0.65799147
1931,LSM2,0.94118714
1932,TXN2,0.88937664
1933,EEF1G,0.7635956
1934,ITM2B,0.9303032
1935,PCBD1,0.825407
1936,GAS7,0.64479065
1937,MIEN1,0.9257313
1938,PALLD,0.8401419
1939,DECR1,0.9433039
1940,CHID1,0.8888392
1941,BEX1,0.8810524
1942,HSD17B10,0.906261
1943,FAM171A1,0.953216
1944,G3BP1,0.9392652
1945,STAT3,0.8608703
1946,DYNLL2,0.89776915
1947,HM13,0.8653646
1948,HTATSF1,0.8879648
1949,CDK2AP2,0.7972891
1950,SORL1,0.92117274
1951,LIX1,0.56455445
1952,PNPLA8,0.8164618
1953,RPLP0,0.7390629
1954,CZIB,0.9565268
1955,UBE2B,0.77273595
1956,SMARCA2,0.85111195
1957,CUX1,0.8869634
1958,IFT57,0.9704056
1959,VAMP3,0.7545976
1960,SUGP2,0.93225324
1961,OSTC,0.6399447
1962,FAT1,0.93608403
1963,OIP5-AS1,0.75404876
1964,CP,0.78064895
1965,FEZ2,0.86810225
1966,ZNF358,0.9242405
1967,C1S,0.89668363
1968,NDRG4,0.6724168
1969,SARS,0.9216381
1970,GPM6B,0.8997608
1971,MCFD2,0.8852565
1972,RNASEH2C,0.9579863
1973,MOB1A,0.905384
1974,LSM5,0.8240967
1975,VEZF1,0.9713795
1976,PRKACB,0.90868473
1977,CUEDC1,0.96679515
1978,DCTN6,0.8281931
1979,TBL1XR1,0.8793005
1980,EPAS1,0.7099996
1981,ZFYVE21,0.9509388
1982,MTSS2,0.84205794
1983,SYF2,0.7719696
1984,BRD3OS,0.96931785
1985,MBOAT7,0.9273031
1986,NASP,0.8638214
1987,SRSF1,0.937118
1988,TRPS1,0.8732822
1989,GALNT1,0.9155178
1990,SNHG14,0.77392316
1991,RNF130,0.8193999
1992,ADNP,0.96846527
1993,HSP90AA1,0.66917574
1994,NEO1,0.9414235
1995,ELAVL1,0.93754673
1996,DHX40,0.95948356
1997,CMPK1,0.87025434
1998,AAMP,0.9385709
1999,IDI1,0.7859785
2000,CDC42SE2,0.85087687
2001,EMC6,0.8835194
2002,INTS3,0.94399065
2003,RUVBL2,0.88511485
2004,ZHX3,0.92488956
2005,LAGE3,0.8809269
2006,AP2A2,0.8553297
2007,RAB21,0.84875685
2008,UBE2E1,0.91192794
2009,RIMKLB,0.93472654
2010,SND1,0.7939278
2011,COX7A2L,0.81895906
2012,HSD17B4,0.95186955
2013,SARNP,0.9113626
2014,EPS15,0.74990535
2015,F2R,0.7847006
2016,RAB5A,0.9262279
2017,COA5,0.96485895
2018,CYP51A1,0.7144871
2019,GALNT2,0.88528246
2020,EPHX1,0.8322981
2021,SAFB2,0.94643694
2022,RBM17,0.9247591
2023,TRA2A,0.9637482
2024,EFEMP1,0.48903286
2025,CIPC,0.9569945
2026,PA2G4,0.83150446
2027,SUPT4H1,0.8471319
2028,ATP6V0A1,0.84423333
2029,TRIP6,0.57363874
2030,MBD3,0.9126873
2031,MOB1B,0.92794424
2032,PER1,0.6465388
2033,CENPX,0.931929
2034,ITGA7,0.89801306
2035,FIBP,0.94026643
2036,SCCPDH,0.96779233
2037,SPA17,0.97273123
2038,ZNF580,0.88781285
2039,LRRC8A,0.7096177
2040,MRPS28,0.85395736
2041,G3BP2,0.8118972
2042,CTDSP1,0.797357
2043,EIF2AK1,0.95579356
2044,FBXW5,0.80797005
2045,RPSA,0.55841565
2046,PGAM2,0.54455036
2047,TADA3,0.9105894
2048,MANF,0.9311518
2049,DPY30,0.8655256
2050,CSKMT,0.6977794
2051,VPS29,0.85716254
2052,COX14,0.87183386
2053,YME1L1,0.7907753
2054,TIAL1,0.93543035
2055,RIDA,0.8475346
2056,CFAP298,0.9791416
2057,NR2F1-AS1,0.57891613
2058,FAM120A,0.9225338
2059,HMG20B,0.8974945
2060,MRPS33,0.8406401
2061,NOTCH1,0.9477488
2062,GNPAT,0.9543448
2063,TMEM50B,0.95706266
2064,SLC25A23,0.77748734
2065,DCTN4,0.877882
2066,LRRC4B,0.9540352
2067,SUN1,0.90200746
2068,ARMC3,0.9643462
2069,RAB5IF,0.8920324
2070,RWDD1,0.85735613
2071,PBX3,0.9477293
2072,RXRA,0.7682105
2073,WDR45B,0.8605022
2074,MRPS26,0.9737138
2075,TAOK1,0.89894575
2076,SEPHS1,0.94508934
2077,AKAP8L,0.87377876
2078,CDK4,0.90428823
2079,MYDGF,0.9523758
2080,PACS2,0.906284
2081,CADM4,0.88745254
2082,FDPS,0.8253456
2083,CDC34,0.9465998
2084,FAM168B,0.8926063
2085,ZNRF3,0.72006214
2086,ECI1,0.94179577
2087,PPP1CA,0.8553015
2088,BORCS7,0.8787434
2089,TSPAN33,0.8181585
2090,HSPH1,0.8130996
2091,SPG21,0.895384
2092,FXR1,0.78588766
2093,RAP1A,0.7231625
2094,WDR82,0.890789
2095,HUWE1,0.9117369
2096,PUM2,0.90642905
2097,ZNF385A,0.36448592
2098,LRRC23,0.94227004
2099,DTX3,0.9793942
2100,ARL8B,0.8521236
2101,AUP1,0.8962014
2102,IFT46,0.9868087
2103,IVNS1ABP,0.64905566
2104,XPR1,0.9502631
2105,SELENOP,0.84953123
2106,PKN1,0.7315435
2107,YY1,0.89316744
2108,TKT,0.7964995
2109,SH3PXD2A,0.5044916
2110,PPM1G,0.9767027
2111,FTO,0.8241597
2112,NAT14,0.96774065
2113,ARID1A,0.899427
2114,TUBA1A,0.7638388
2115,SDR39U1,0.95628065
2116,MTA1,0.96313834
2117,NBDY,0.87290937
2118,DDX1,0.9118874
2119,TMX4,0.86709905
2120,PPP2R2B,0.8480145
2121,SHISA4,0.75172424
2122,CCT8,0.92628884
2123,DEAF1,0.9437626
2124,PSMD13,0.90799445
2125,RSL1D1,0.9394653
2126,DCLK2,0.6234732
2127,PLIN3,0.94677585
2128,FBXL5,0.93013555
2129,NOL7,0.7723795
2130,NCOR1,0.82199705
2131,KBTBD11,0.6129157
2132,GNG10,0.8726641
2133,TCEAL8,0.8622914
2134,SNX6,0.9086066
2135,CHD2,0.7843695
2136,RBBP7,0.87435836
2137,STAU1,0.8855948
2138,AARS,0.85836864
2139,SEC14L1,0.87844884
2140,GATD1,0.9376209
2141,SYNCRIP,0.8785975
2142,SERF2,0.6922093
2143,TRAPPC3,0.9032299
2144,EIF3D,0.733684
2145,CKB,0.88954234
2146,SLC41A3,0.9114859
2147,RPA1,0.9292049
2148,FGFR3,0.76118016
2149,FNBP1L,0.88212115
2150,ACLY,0.9375698
2151,MFAP4,0.9003791
2152,WIPI2,0.94702077
2153,HDHD2,0.9465673
2154,PFDN1,0.767474
2155,PRCC,0.9514213
2156,PFKFB3,0.8781168
2157,LARS,0.8861757
2158,GSPT1,0.93170124
2159,TMEM160,0.8689596
2160,MRPL21,0.9035393
2161,KXD1,0.82742864
2162,NDUFV3,0.8747602
2163,ZHX1,0.7778753
2164,DYNLRB2,0.924136
2165,DGCR6L,0.96390575
2166,FAU,0.566307
2167,ITM2A,0.9067539
2168,IDH3G,0.9026315
2169,FGFR1,0.9306875
2170,CAPZA1,0.911498
2171,TBC1D14,0.97016436
2172,MRPL12,0.96459126
2173,NME1,0.7827988
2174,CDV3,0.96037537
2175,VKORC1,0.9729015
2176,UBE2M,0.9140367
2177,TXNDC17,0.75413835
2178,LRTOMT,0.9609896
2179,SUPT5H,0.76229376
2180,ATP1B3,0.6927922
2181,AL161772.1,0.86932963
2182,TRA2B,0.91536146
2183,DCAF7,0.8323646
2184,FAM81B,0.9592971
2185,STK11,0.9459767
2186,SMIM7,0.95233434
2187,SPPL3,0.9661968
2188,EVI5,0.9294771
2189,EPB41L2,0.75041336
2190,BBS2,0.8909932
2191,TM9SF1,0.9363888
2192,MLEC,0.9367761
2193,VBP1,0.9534382
2194,NAXE,0.9530617
2195,ITIH5,0.60413957
2196,MASP1,0.90898967
2197,ZMPSTE24,0.95465523
2198,RAPGEF1,0.8775959
2199,MGAT4B,0.76766735
2200,FBL,0.92490613
2201,DEGS1,0.6759737
2202,NECAP2,0.9300905
2203,GDPD2,0.7891767
2204,PIP4K2B,0.9364441
2205,OGT,0.95392966
2206,PITHD1,0.9256971
2207,TIMMDC1,0.91772467
2208,VTI1B,0.8004938
2209,DHX30,0.9727363
2210,IL11RA,0.8736668
2211,IFNGR1,0.76977843
2212,ARHGEF12,0.8103302
2213,COL4A2,0.7881617
2214,NREP,0.7324703
2215,GMFB,0.7766311
2216,GLIS3,0.8977484
2217,SRSF7,0.93973315
2218,USP9X,0.88997436
2219,PEPD,0.7521664
2220,C9orf78,0.90085274
2221,STON2,0.8324362
2222,MXD4,0.93464774
2223,SMARCD3,0.93853605
2224,TPD52L2,0.879051
2225,HSPA4,0.8395531
2226,POU3F3,0.94215834
2227,ERGIC1,0.60289913
2228,RTL8A,0.8358196
2229,PLP2,0.8164081
2230,GOLGA7,0.8145265
2231,VPS25,0.9565515
2232,MAF,0.83705515
2233,SMOX,0.571423
2234,UBAP1,0.8874397
2235,RIC8A,0.93686193
2236,SSPN,0.7858873
2237,CACYBP,0.73169273
2238,MPZL1,0.8041813
2239,ATP2C1,0.9353796
2240,CTTN,0.8752071
2241,CERS2,0.77720034
2242,TMEM14A,0.93572325
2243,RBM6,0.87484324
2244,TARDBP,0.93295294
2245,TNPO1,0.88387126
2246,C11orf49,0.97828555
2247,ACAA1,0.81878906
2248,NDUFS2,0.87328047
2249,JAM2,0.8143949
2250,DANCR,0.90797085
2251,CFAP36,0.73925996
2252,H2AFX,0.802556
2253,CTDSP2,0.8598322
2254,UBE2V2,0.92236954
2255,CPNE1,0.8808356
2256,DBN1,0.94215906
2257,FMC1,0.7671572
2258,KCNMA1,0.72086185
2259,STARD3,0.83469087
2260,GOLGA8A,0.74954885
2261,ACP1,0.9171906
2262,MMP24OS,0.58336747
2263,SPG7,0.93439776
2264,CELF1,0.91203684
2265,ACAA2,0.6851318
2266,MYL6,0.7454187
2267,FAM32A,0.9738779
2268,TRIP12,0.7779833
2269,ADGRL3,0.7773512
2270,CRK,0.82839847
2271,SLC48A1,0.8040285
2272,MRPL28,0.9619227
2273,PODXL2,0.92295533
2274,SEC63,0.70486265
2275,SEPTIN3,0.7797367
2276,DPCD,0.8083105
2277,FAM183A,0.9191603
2278,UROD,0.85684276
2279,SMAD2,0.85427076
2280,ATP6V1D,0.7492247
2281,CORO2B,0.9184069
2282,ANXA11,0.854874
2283,ZMAT2,0.7804296
2284,JAK1,0.822675
2285,PMVK,0.8962567
2286,MRPS16,0.9655708
2287,JPT1,0.8022306
2288,SYNC,0.9643846
2289,GNAI3,0.9091664
2290,NRBP1,0.91049725
2291,PIN4,0.9390772
2292,SGTA,0.9282192
2293,KARS,0.8021384
2294,FADS1,0.778503
2295,DNAJC10,0.9025755
2296,UGP2,0.7819107
2297,BMP7,0.8085232
2298,RHOQ,0.7872303
2299,FAM192A,0.9468073
2300,PYCR2,0.9139112
2301,RNF167,0.94366854
2302,PEF1,0.93395656
2303,GAS2L1,0.84924626
2304,TMEM98,0.9446144
2305,DNAJC4,0.9586647
2306,CGGBP1,0.88553965
2307,ENKUR,0.95999146
2308,FNDC3A,0.76961017
2309,ABI1,0.83572274
2310,TOR1AIP2,0.9292271
2311,TPR,0.73434263
2312,HIF3A,0.7404785
2313,NAA10,0.967849
2314,ZNF24,0.94295615
2315,ADAM9,0.76536804
2316,GSTK1,0.8500612
2317,AKAP11,0.9614718
2318,ARPC1A,0.92404234
2319,TOR1AIP1,0.68422705
2320,FOXO3,0.722905
2321,PIRT,0.54346776
2322,MRFAP1L1,0.9770698
2323,ITGA6,0.8438967
2324,CAMLG,0.59346825
2325,GAPDH,0.8007864
2326,BBIP1,0.9603302
2327,AKIRIN1,0.89193857
2328,FAM168A,0.84568065
2329,GID8,0.91700494
2330,RBM38,0.94922966
2331,EBNA1BP2,0.9616179
2332,DALRD3,0.98362106
2333,RBM42,0.8663957
2334,ZBTB47,0.6505068
2335,CFAP43,0.92063636
2336,NKAIN3-IT1,0.6588842
2337,AP1B1,0.83429503
2338,PAK2,0.84175736
2339,ABHD12,0.91068304
2340,SLC25A4,0.78150004
2341,MRPL54,0.86024326
2342,HERPUD1,0.8722693
2343,SMIM30,0.7428898
2344,C8orf33,0.9554939
2345,NPAS3,0.7178336
2346,EGLN1,0.71871173
2347,OAT,0.8892563
2348,GNAQ,0.8896542
2349,CYBRD1,0.69308186
2350,PPIG,0.8104429
2351,ATP6V1E1,0.95396715
2352,FEM1B,0.8656363
2353,EMC7,0.72152495
2354,CCDC47,0.57214075
2355,MRPL55,0.97685796
2356,CD36,0.8644323
2357,SPTSSA,0.65878004
2358,AMER2,0.79351544
2359,MAP3K13,0.78076154
2360,COA4,0.86198574
2361,PCMTD2,0.957336
2362,SMARCA4,0.9344702
2363,TCEAL2,0.86464846
2364,SREK1,0.92012143
2365,AK2,0.9685503
2366,PNMA2,0.9141667
2367,GOLPH3,0.92453647
2368,UNC119B,0.96622556
2369,PIGT,0.83884627
2370,P4HTM,0.972471
2371,UBTF,0.9426534
2372,UBXN11,0.9543159
2373,COBL,0.8666428
2374,EIF4E,0.9136018
2375,PRRC2C,0.6995462
2376,EIF6,0.93698657
2377,TOP1,0.8331435
2378,MIDN,0.7564881
2379,ANXA7,0.7882885
2380,SMIM19,0.87491643
2381,INTS11,0.90913826
2382,ACTB,0.9261267
2383,WSB2,0.6591685
2384,PLPP1,0.9211705
2385,PRR13,0.84038675
2386,ERBIN,0.74660975
2387,FNTA,0.914339
2388,KPNA4,0.91218626
2389,BAG1,0.8017096
2390,SEC11C,0.46381626
2391,FKBP9,0.84005016
2392,ZC3H13,0.84093374
2393,ANKRD12,0.64986515
2394,ENOPH1,0.76484865
2395,SNAPIN,0.93018496
2396,MRPL40,0.94176084
2397,DNM2,0.9232172
2398,SRSF4,0.88415563
2399,MPV17,0.93912464
2400,ADIPOR1,0.7514938
2401,NFE2L2,0.9436638
2402,PSMC4,0.95718956
2403,PAGR1,0.9105027
2404,RNF10,0.9496963
2405,ARHGAP35,0.9626307
2406,YWHAG,0.88675284
2407,MED29,0.94477934
2408,UPF1,0.97537684
2409,SH3GL1,0.88092
2410,TGOLN2,0.75953966
2411,ZNF423,0.869285
2412,MRPS7,0.87166256
2413,CDKN1B,0.83673114
2414,RALBP1,0.80216944
2415,HINT2,0.9186443
2416,CCPG1,0.90561765
2417,SYNDIG1,0.8975805
2418,CPNE3,0.8678124
2419,LRRN1,0.6674071
2420,SORBS3,0.7555082
2421,TPGS2,0.9479161
2422,NT5C,0.9186747
2423,TNPO2,0.9471115
2424,AC010642.2,0.96317124
2425,CFL2,0.8617375
2426,RBPJ,0.84269816
2427,ODF3B,0.77566916
2428,PHC1,0.97801095
2429,CNOT1,0.94919777
2430,SRRM1,0.87895304
2431,UBA52,0.6136946
2432,GSTO1,0.8045914
2433,MARK3,0.87762046
2434,YTHDC1,0.75420666
2435,ERLIN2,0.8812385
2436,SCAF11,0.94058454
2437,CKLF,0.89750236
2438,UBXN4,0.6000744
2439,BEX2,0.8983702
2440,CCDC146,0.9631889
2441,SRSF10,0.97155356
2442,IFT43,0.9170935
2443,MSL1,0.971589
2444,GALNT15,0.61944985
2445,PLCD1,0.7247544
2446,PHF10,0.9028837
2447,PTPRN2,0.8075258
2448,COL18A1,0.7418482
2449,PTK2,0.9662613
2450,RUFY3,0.9025179
2451,ANKRD11,0.83746684
2452,TMEM179B,0.8788052
2453,BMPR1B,0.9201689
2454,SPCS3,0.8893381
2455,WDR61,0.98396784
2456,AIF1,0.87531084
2457,TRIL,0.76007843
2458,RABL6,0.8680334
2459,NELFB,0.9353716
2460,HDGFL3,0.9028231
2461,MXRA8,0.6430107
2462,LOX,0.82903194
2463,ZIC5,0.9496935
2464,SNED1,0.8424341
2465,DBNL,0.8210312
2466,URI1,0.89595795
2467,ELP4,0.9748077
2468,TACC1,0.8880354
2469,CABIN1,0.8589232
2470,CMTM6,0.8650038
2471,RFX3,0.93720704
2472,DDX42,0.865601
2473,HEBP2,0.89819336
2474,MAGEH1,0.9154438
2475,UFM1,0.88105106
2476,MID1IP1,0.80832916
2477,WNK2,0.96916014
2478,CNTFR,0.9165951
2479,HNRNPUL2,0.9083194
2480,PMEPA1,0.73697066
2481,SRP72,0.8434462
2482,TIMM10,0.84904516
2483,ANAPC5,0.9732581
2484,MAP1LC3A,0.79703826
2485,STX12,0.70415366
2486,SRRM4,0.907052
2487,PSMC2,0.88232636
2488,NAV1,0.7358857
2489,TNS3,0.81505257
2490,BBS1,0.95753455
2491,TMSB10,0.75627196
2492,TNRC18,0.8878731
2493,PPP5C,0.9596875
2494,RALGDS,0.7625508
2495,LUC7L2,0.9279365
2496,PTPRG,0.9224426
2497,NFASC,0.75383383
2498,PEMT,0.9069939
2499,PFKM,0.89161247
2500,EI24,0.89047295
2501,MED28,0.9110527
2502,RBCK1,0.9161143
2503,NUDCD2,0.95053613
2504,C20orf27,0.9620678
2505,BMERB1,0.9553004
2506,HSPBP1,0.953696
2507,WASF3,0.72952175
2508,CHMP1A,0.9257826
2509,SNORC,0.7161547
2510,BBX,0.8234686
2511,ANP32E,0.68945795
2512,HSDL2,0.90129
2513,SCAMP2,0.7551765
2514,MAPRE3,0.9379173
2515,GTF3A,0.89482117
2516,PFDN2,0.9357498
2517,SUCLG1,0.9532705
2518,CAB39L,0.85930306
2519,GOLGB1,0.9117018
2520,FAM171B,0.67566437
2521,AXIN2,0.8789575
2522,LAMTOR3,0.87384516
2523,TSN,0.90766996
2524,BASP1,0.32016513
2525,SF3B3,0.9323787
2526,CHTOP,0.8747607
2527,EIF3J,0.48185393
2528,VAT1,0.76188236
2529,PSMD3,0.9351946
2530,SSNA1,0.9435808
2531,ELOF1,0.966012
2532,ATP2B1,0.8294235
2533,UBE2Z,0.861144
2534,CDIPT,0.83439183
2535,PSMC6,0.88890815
2536,DGCR2,0.95892423
2537,EFHC1,0.9759641
2538,CDK16,0.8260615
2539,SLC6A1,0.8096109
2540,NME3,0.7769528
2541,ACOT13,0.8113775
2542,RSRP1,0.9214443
2543,GPS2,0.8803262
2544,NPTN,0.93148077
2545,ARFGAP2,0.8811502
2546,TAB2,0.80272406
2547,POLDIP3,0.8482638
2548,SLIT2,0.9572297
2549,MEAF6,0.9289497
2550,AKR1A1,0.92738825
2551,PPP4R1,0.87672335
2552,MAPK3,0.7676707
2553,EIF4A3,0.85937923
2554,IQCG,0.97483927
2555,RIN2,0.75304276
2556,CD81,0.9204054
2557,CIAO1,0.92888147
2558,SNRPB,0.85187054
2559,PPP1R11,0.9281029
2560,RRAGD,0.76868093
2561,TP53BP1,0.9515307
2562,C9orf116,0.9129943
2563,SKAP2,0.5358617
2564,LASP1,0.87771946
2565,SLC16A1,0.8547413
2566,CLCN3,0.90312105
2567,LGI4,0.7858995
2568,BROX,0.8768144
2569,SPACA9,0.9588061
2570,APC,0.8697247
2571,SF3A1,0.8830976
2572,ACBD7,0.61209
2573,APBA2,0.90182614
2574,GNL1,0.79767287
2575,PYGM,0.5202012
2576,TAF1D,0.9557699
2577,RMST,0.80341244
2578,TRAK1,0.9812445
2579,ZYX,0.79335266
2580,USP47,0.9696793
2581,LMO4,0.7073493
2582,BTBD2,0.84820443
2583,PLAC9,0.7897888
2584,PLXDC2,0.7766264
2585,DHX15,0.95420074
2586,UBAP2L,0.95349026
2587,RHPN1,0.8813421
2588,NT5DC2,0.88099027
2589,NECTIN2,0.89325595
2590,PSMD1,0.84140354
2591,KLF6,0.8801954
2592,FAM207A,0.62136453
2593,CACNA1A,0.6712499
2594,MTFR1L,0.87394136
2595,SULT1C4,0.9161081
2596,SDHB,0.824345
2597,PEBP4,0.7039989
2598,CAPN5,0.9206881
2599,CTNND1,0.8832726
2600,COMMD9,0.5204658
2601,MANBAL,0.9113361
2602,IQGAP1,0.87184507
2603,NTPCR,0.8844294
2604,EMC2,0.8975498
2605,ZRANB2,0.9642477
2606,LRRC41,0.9709269
2607,FBXW11,0.8585474
2608,NRDC,0.77979255
2609,SLC16A2,0.90335464
2610,GNAS,0.86644214
2611,B4GALT2,0.93978596
2612,PGD,0.9418115
2613,CD2BP2,0.95302874
2614,MFSD10,0.83900166
2615,RDH11,0.8786144
2616,TMEM94,0.95113546
2617,TLE1,0.7972295
2618,P4HA1,0.8602989
2619,CD14,0.8724043
2620,ANKFY1,0.970809
2621,MRPS18C,0.8602018
2622,CBX6,0.8205518
2623,ARMCX3,0.5949631
2624,SNF8,0.94690126
2625,RUVBL1,0.97250026
2626,CCDC167,0.6534055
2627,KDM1A,0.93492013
2628,NCAN,0.6331491
2629,BCAP29,0.803487
2630,EXOC5,0.91384214
2631,NSFL1C,0.953871
2632,RAP2B,0.8447462
2633,MRPL14,0.89265734
2634,GNA11,0.88474846
2635,KLHDC2,0.96900177
2636,MIR99AHG,0.77345353
2637,PSMD7,0.76762366
2638,NOP56,0.87059075
2639,PRPF4B,0.89448035
2640,CPNE2,0.9369215
2641,AIFM3,0.70247537
2642,ACTR10,0.95169085
2643,ATP5F1E,0.87476766
2644,ALDH3A2,0.8334404
2645,KIAA1191,0.7406526
2646,WDR26,0.9575015
2647,ANKRD10,0.89803106
2648,DDR2,0.7660851
2649,CNIH1,0.7199608
2650,AGRN,0.77625376
2651,PRPF31,0.9641165
2652,WNT5A,0.73655933
2653,FASN,0.95351064
2654,AKT2,0.8821512
2655,ST6GALNAC6,0.8965683
2656,RBM23,0.9472107
2657,CRKL,0.87083375
2658,MYH10,0.9221928
2659,NIBAN2,0.8533582
2660,NCOA1,0.8443484
2661,MSI1,0.9479142
2662,BTF3L4,0.8176767
2663,IGF1R,0.90847456
2664,PKD1,0.65721565
2665,SLC2A4RG,0.8891577
2666,MED25,0.9483729
2667,MAGEF1,0.96797615
2668,ZC3H15,0.81408143
2669,DBNDD2,0.5246344
2670,MAD2L2,0.82749134
2671,SMARCA1,0.90603834
2672,NOLC1,0.93223816
2673,PCNX4,0.93616146
2674,SDHD,0.6460074
2675,BLCAP,0.85698056
2676,ARNT2,0.91933537
2677,CBY1,0.9204439
2678,NDUFS1,0.91851157
2679,PTPA,0.825028
2680,FUBP1,0.8864897
2681,TMEM33,0.81718993
2682,CCDC107,0.8548574
2683,FUBP3,0.9531407
2684,CRYL1,0.8362251
2685,VOPP1,0.7676062
2686,STARD3NL,0.78991354
2687,FDFT1,0.8575949
2688,PTRHD1,0.86076236
2689,ZBTB4,0.8080593
2690,SNRNP25,0.94051176
2691,PFDN6,0.9594136
2692,SCRG1,0.5718264
2693,IP6K2,0.93369794
2694,SEC14L2,0.48178703
2695,BIN1,0.86951333
2696,EMC3,0.7189313
2697,GLYR1,0.97408795
2698,MYEF2,0.9693859
2699,MRPL36,0.9501695
2700,KIAA1549L,0.9539368
2701,UBAC1,0.92850345
2702,SLU7,0.6825644
2703,PPP4R3B,0.7723076
2704,PNRC2,0.8453028
2705,ITGB5,0.6375279
2706,SEPTIN8,0.7224913
2707,BRD4,0.7387171
2708,QARS,0.8557654
2709,BIRC2,0.8201252
2710,RBM10,0.93175143
2711,HIPK3,0.8026853
2712,SLC7A11,0.7081556
2713,CAST,0.94778466
2714,POLR2A,0.8452957
2715,MAN1A2,0.8967585
2716,PPP3CA,0.67445236
2717,LARP7,0.81809103
2718,DGUOK,0.9044475
2719,EMD,0.9136768
2720,ABCA2,0.9529018
2721,MAP3K20,0.683774
2722,MGAT1,0.9495274
2723,BLVRB,0.82821465
2724,BDH2,0.7846844
2725,ADRM1,0.96465325
2726,WASL,0.9104194
2727,RPRD1A,0.97043705
2728,SPEG,0.8872881
2729,MTLN,0.80414546
2730,SLC39A6,0.9464713
2731,GOLGA8B,0.8925684
2732,SLCO2B1,0.78825
2733,SCAMP4,0.9242607
2734,RGS9,0.9300863
2735,TMEM222,0.9368954
2736,CCAR2,0.97010255
2737,ADGRL1,0.7706728
2738,CPVL,0.8118336
2739,HCFC1,0.95567435
2740,TBC1D5,0.9239132
2741,COPB2,0.8604803
2742,SC5D,0.8503228
2743,KIF1C,0.7187693
2744,AFF4,0.7911969
2745,CLEC11A,0.88187027
2746,PABPC4,0.88859594
2747,SLC38A2,0.8000111
2748,SMU1,0.95650667
2749,AHSA1,0.80419445
2750,BRD7,0.9533682
2751,NUCB2,0.8158484
2752,TMEM208,0.9084194
2753,SAMD4B,0.7263748
2754,VSIR,0.70328003
2755,FERMT2,0.5995231
2756,NAA50,0.8516218
2757,MTCH2,0.86945343
2758,TM2D1,0.9073754
2759,KIFAP3,0.93608
2760,CREBBP,0.9301848
2761,IVD,0.96887535
2762,IQCK,0.8155997
2763,UBA2,0.89882654
2764,USP7,0.93936086
2765,YKT6,0.89505154
2766,PSMA3,0.7802611
2767,C11orf88,0.9482489
2768,SOX4,0.7202198
2769,GSTA4,0.9434119
2770,SLC4A2,0.94630915
2771,DEXI,0.87680227
2772,PSMA5,0.9088161
2773,CAB39,0.8521642
2774,MTIF3,0.85170615
2775,FAM20C,0.817819
2776,ABL1,0.910592
2777,SPPL2B,0.9319573
2778,ARL1,0.8185198
2779,OSGIN2,0.7761373
2780,PIGQ,0.8989128
2781,PDZD4,0.90329665
2782,MAPKAPK2,0.8246635
2783,SUN2,0.67366815
2784,ARRDC4,0.8074108
2785,PPP1R12B,0.9476763
2786,TMEM165,0.9109615
2787,DCAF8,0.95942587
2788,CHMP4B,0.6584787
2789,BTG2,0.6180888
2790,ITGB1BP1,0.7703707
2791,CRMP1,0.7471022
2792,C5orf15,0.89646286
2793,ERG28,0.94567585
2794,MAPK15,0.8935001
2795,WDR54,0.9457991
2796,TGIF1,0.8287439
2797,AC005261.1,0.92990875
2798,CTSA,0.8272064
2799,EIF4G3,0.979236
2800,CD47,0.88785213
2801,CLPP,0.8650001
2802,B3GLCT,0.97486365
2803,PTCD3,0.9540856
2804,HNRNPAB,0.92509955
2805,BMP2K,0.78823733
2806,H2AFJ,0.7812429
2807,PKIA,0.8807295
2808,TXNDC12,0.9145698
2809,ZDHHC4,0.8893562
2810,TMEM263,0.9495329
2811,MKRN1,0.9389152
2812,OXA1L,0.95342547
2813,STT3B,0.9254633
2814,DAB2,0.6898723
2815,DZIP1,0.94236183
2816,TFE3,0.8253838
2817,POLR2H,0.92287755
2818,U2SURP,0.8583967
2819,LZIC,0.8893146
2820,UBE2G2,0.87043816
2821,RNF40,0.8769264
2822,ALOX5AP,0.7108499
2823,NDUFA4L2,0.7615612
2824,AKT3,0.9202099
2825,AIG1,0.8859215
2826,ZDHHC2,0.943277
2827,ETF1,0.8632012
2828,CCND3,0.8997595
2829,MRPS14,0.8922648
2830,SLC30A9,0.8875105
2831,SEC31A,0.8119749
2832,SGCE,0.8585693
2833,TAF15,0.8363291
2834,ETFA,0.9262917
2835,N4BP2L2,0.90043163
2836,TWF1,0.8742321
2837,CUL3,0.81962734
2838,SPSB3,0.8872079
2839,DAPK1,0.89287907
2840,AIDA,0.69984823
2841,EIF2AK2,0.914798
2842,EAPP,0.8618152
2843,ZEB2,0.6012647
2844,ARHGDIB,0.85703754
2845,DNAJA2,0.8213549
2846,TSPAN31,0.90429157
2847,SLTM,0.8092331
2848,SLC25A11,0.95330644
2849,DNAJC5,0.95755196
2850,PXMP2,0.9067892
2851,PLEKHB2,0.84964365
2852,FAM234A,0.9351917
2853,FLOT2,0.7314281
2854,RPAIN,0.94645983
2855,VPS41,0.9397347
2856,AP3S1,0.8205172
2857,SPRY2,0.77858865
2858,ATXN1,0.9622639
2859,MTX1,0.9018654
2860,RAB22A,0.86972195
2861,PRPF38A,0.9361983
2862,CA2,0.6978481
2863,STAT2,0.8731098
2864,TUBGCP2,0.9248669
2865,DOCK7,0.89405113
2866,MRPL24,0.95237386
2867,SNRPB2,0.79646164
2868,ROBO3,0.8536924
2869,MKLN1,0.9360562
2870,NOVA1,0.78336084
2871,SLC39A10,0.8101013
2872,DGLUCY,0.9341465
2873,DLGAP1-AS1,0.86343575
2874,BRWD1,0.8833807
2875,PSMD9,0.9673414
2876,IMPAD1,0.95317954
2877,SVBP,0.88537425
2878,NMT1,0.8579689
2879,JMJD8,0.86363816
2880,GABRG1,0.8051832
2881,HEXA,0.80710894
2882,ARVCF,0.9666708
2883,CKAP4,0.8874231
2884,ANKRD40,0.8514006
2885,ENKD1,0.90488344
2886,WBP1L,0.79223824
2887,FYTTD1,0.95300776
2888,ZFP91,0.863385
2889,MAGI2-AS3,0.9434814
2890,PLOD1,0.7831432
2891,BOLA3,0.8119131
2892,MT1M,0.41546938
2893,MTHFD2L,0.9187893
2894,PDCD4,0.9034058
2895,SUPT16H,0.901444
2896,TUG1,0.86820644
2897,UBE3A,0.8479696
2898,TRIM44,0.8438618
2899,SCAP,0.95758516
2900,ADI1,0.5898879
2901,POLDIP2,0.94615215
2902,GLT8D1,0.93307155
2903,RB1,0.8452389
2904,DCTD,0.90404373
2905,CISD1,0.86001325
2906,TMED5,0.7395012
2907,CKAP5,0.9557781
2908,VPS4A,0.89271486
2909,TIMM17A,0.89487016
2910,MICAL3,0.94635874
2911,HILPDA,0.8955963
2912,TMEM43,0.8363858
2913,IQSEC1,0.81090444
2914,GIPC1,0.95668733
2915,YIPF4,0.7921929
2916,NNAT,0.8575049
2917,BMPR2,0.8933075
2918,RMDN3,0.9105114
2919,TLE4,0.91654134
2920,SELENOS,0.913414
2921,NCS1,0.9700965
2922,ZCCHC24,0.5737507
2923,ACOX1,0.9003582
2924,TUBB6,0.77363086
2925,SMAD1,0.81806415
2926,DENR,0.9578216
2927,DZIP3,0.973653
2928,HGS,0.9354803
2929,ITPRID2,0.7843329
2930,CALCOCO2,0.739447
2931,LONP2,0.8814993
2932,PAIP1,0.8480246
2933,BNIP2,0.92388725
2934,MRPS36,0.6664224
2935,ASS1,0.7700323
2936,COMMD4,0.9305982
2937,TOGARAM2,0.90999895
2938,CPQ,0.69076496
2939,FBXL3,0.87810326
2940,SREBF2,0.72149134
2941,EPRS,0.8251549
2942,UBE2A,0.8880541
2943,CHP1,0.741407
2944,IMP3,0.8615894
2945,TUSC2,0.96357286
2946,REEP3,0.7968313
2947,NSD3,0.92219865
2948,FKBP4,0.7324707
2949,TST,0.7001917
2950,MLLT6,0.9006668
2951,UBR5,0.9758799
2952,LAP3,0.76529026
2953,SNX2,0.8175221
2954,STX16,0.9636261
2955,TBCD,0.94194335
2956,AP1M1,0.9431627
2957,POLR1D,0.914743
2958,CHMP1B,0.64423984
2959,SEPTIN4,0.7297918
2960,DVL3,0.9517769
2961,MOCS2,0.7651012
2962,SUCO,0.9158457
2963,TPPP,0.9247538
2964,LEPROT,0.8118914
2965,WDR60,0.94727063
2966,NAA20,0.837373
2967,PHF3,0.7069338
2968,KMT2C,0.9403458
2969,B4GALNT4,0.79674697
2970,CHD3,0.6995221
2971,CCDC50,0.92982364
2972,SRPK2,0.8522266
2973,LMAN1,0.9214134
2974,NUBP2,0.97700715
2975,VWA1,0.74282455
2976,UBQLN1,0.7637958
2977,MPST,0.7775692
2978,MAP1A,0.89656466
2979,TYRO3,0.9555355
2980,BCR,0.8296263
2981,PDHB,0.93431544
2982,ANAPC13,0.8329655
2983,SENP6,0.8616466
2984,TMEM141,0.95063555
2985,SAR1B,0.9426836
2986,MAGT1,0.54410833
2987,SPAG7,0.89747024
2988,DAB2IP,0.8760526
2989,STX18,0.9022679
2990,CS,0.9529306
2991,TTC1,0.8257467
2992,LCAT,0.63634753
2993,SIGMAR1,0.947477
2994,BCKDHB,0.7873322
2995,RBBP6,0.8249842
2996,CRTAP,0.51591384
2997,PTAR1,0.7928116
2998,HIKESHI,0.9201009
2999,DHRS7,0.8631792
3000,PURB,0.87454295
3001,FASTK,0.9181912
3002,AKAP9,0.9511082
3003,CHMP4A,0.86913466
3004,SRGAP2C,0.89298797
3005,PDCD6IP,0.8179521
3006,PFKFB2,0.9566715
3007,SDHA,0.9687681
3008,IRF2BPL,0.81672806
3009,FAM89B,0.77452165
3010,PLEKHO1,0.90650374
3011,SMAD4,0.819549
3012,POR,0.95366615
3013,RABEP1,0.78034556
3014,INPPL1,0.9085217
3015,IRAK1,0.8021956
3016,PLD2,0.977034
3017,NUFIP2,0.8649494
3018,BMP1,0.91683286
3019,COA8,0.7812332
3020,PXN,0.76445985
3021,UNC50,0.9252414
3022,SPOP,0.95056385
3023,PLEKHA7,0.935017
3024,MED16,0.90852743
3025,IPO9,0.9479827
3026,SGPL1,0.89715916
3027,TMED1,0.9512098
3028,C11orf68,0.8640083
3029,FOXN3,0.81448805
3030,ITGAE,0.9015216
3031,LIN7C,0.9246121
3032,QPRT,0.47242877
3033,COPB1,0.8805336
3034,FAM199X,0.96063226
3035,MFGE8,0.8053655
3036,CCND2,0.5735522
3037,LUC7L,0.8913053
3038,PPP3CB,0.9612985
3039,ZNF532,0.89689136
3040,SRA1,0.91454357
3041,ECI2,0.8758333
3042,NLGN2,0.84895396
3043,CDC42BPA,0.940175
3044,CLCN7,0.8379335
3045,MBOAT2,0.85484046
3046,ZNF703,0.59935355
3047,SQLE,0.9475733
3048,HADH,0.9652519
3049,LPCAT1,0.6911716
3050,USP8,0.86148036
3051,CSNK2A1,0.92208934
3052,NAV2,0.8116219
3053,MEGF8,0.8976726
3054,BRD3,0.8886494
3055,ASTN2,0.7473135
3056,INTS1,0.9187947
3057,ITPA,0.9480743
3058,POMGNT1,0.907834
3059,PRPF6,0.8617297
3060,TIA1,0.95731026
3061,ZNF32,0.9705215
3062,SIPA1L1,0.9257715
3063,KCTD17,0.87165207
3064,ARFGAP3,0.8112885
3065,DDX41,0.9162638
3066,OLA1,0.8159905
3067,ARF6,0.81266
3068,CFAP100,0.9634279
3069,ATG4B,0.9362784
3070,ST6GAL1,0.65214616
3071,HS2ST1,0.81641
3072,DNAJC19,0.9118681
3073,MIB2,0.9337736
3074,TOMM22,0.90668166
3075,ZNF638,0.9493187
3076,LINC00623,0.7299118
3077,LDLRAD4,0.90657926
3078,GPR137B,0.7143591
3079,HINT3,0.8450852
3080,FBXO11,0.9599535
3081,YES1,0.80257154
3082,FNBP1,0.78959066
3083,TNRC6B,0.8924172
3084,PACSIN2,0.80591685
3085,PEX19,0.94474125
3086,ANKRD17,0.84105664
3087,IFNAR1,0.6888889
3088,PRPF19,0.9315159
3089,PIK3C3,0.7087011
3090,NOSIP,0.9024823
3091,SEMA3C,0.5236102
3092,ACAT1,0.87429655
3093,VPS39,0.9775753
3094,CRLS1,0.83830583
3095,STON1,0.7184273
3096,UBAC2,0.93170285
3097,PHLDB1,0.9522139
3098,FBXW4,0.8358907
3099,TMEM8B,0.9461382
3100,LZTFL1,0.98111725
3101,YTHDF2,0.8473347
3102,CLN5,0.9062574
3103,SPPL2A,0.8424448
3104,GLIPR2,0.6719553
3105,VPS26B,0.88273454
3106,PPP1R9B,0.9162251
3107,ISCA1,0.96262175
3108,PLEKHJ1,0.9594745
3109,WDR45,0.9281156
3110,PSAP,0.8846689
3111,RSF1,0.83539873
3112,ATP6V1A,0.89899766
3113,SMARCC2,0.8846955
3114,CFAP45,0.9751637
3115,PARVA,0.5683968
3116,SLC5A3,0.7421465
3117,ARRDC3,0.74689066
3118,ACTG1,0.86081403
3119,SRP19,0.88299906
3120,MAEA,0.9565189
3121,SLC41A1,0.93820417
3122,CCDC90B,0.94133705
3123,CRNDE,0.905668
3124,CFAP73,0.9408589
3125,HRAS,0.8979353
3126,ASXL1,0.86470294
3127,DPM2,0.88426036
3128,SEC13,0.93094635
3129,TMEM129,0.94793206
3130,SLC38A3,0.724734
3131,MIB1,0.856533
3132,SKI,0.83215594
3133,CIR1,0.7239769
3134,HECTD1,0.9545715
3135,KIAA0232,0.9643282
3136,ARHGEF17,0.94924235
3137,RAB34,0.8528959
3138,SLC25A36,0.8804525
3139,ZNF106,0.87280315
3140,GINM1,0.70511293
3141,RNF114,0.85495776
3142,GTF3C1,0.9613939
3143,XRN2,0.9327339
3144,SLC35C2,0.9580236
3145,MESD,0.7487479
3146,GOLGA7B,0.62567884
3147,PPM1B,0.95251125
3148,NELFCD,0.96560305
3149,SLC18B1,0.80640244
3150,PPP4R2,0.91366005
3151,ATP2B2,0.9097032
3152,BAZ1B,0.82486385
3153,POGZ,0.90269125
3154,VPS13C,0.85745615
3155,SYNPO2,0.885432
3156,TSC2,0.9628582
3157,IFT20,0.9493898
3158,NUDT21,0.8474392
3159,STX8,0.7357943
3160,CPSF6,0.95815444
3161,ROR2,0.9831196
3162,NAGK,0.85197234
3163,BCAR1,0.9114187
3164,NKTR,0.9271057
3165,PRPF40A,0.8840694
3166,STT3A,0.7761313
3167,PIH1D1,0.90353644
3168,CDC16,0.93630695
3169,CHCHD7,0.69133663
3170,VWA3A,0.95922107
3171,HEATR5A,0.92658
3172,SMIM20,0.9040811
3173,DRC1,0.9398424
3174,SEC22C,0.9492012
3175,TMX1,0.81428856
3176,TRIOBP,0.8776559
3177,LGMN,0.85591733
3178,CDC26,0.8106549
3179,NR1H2,0.78594875
3180,RPA2,0.90678
3181,CPSF7,0.9506725
3182,PPP1R2,0.90224737
3183,TFDP1,0.86620307
3184,LRRC47,0.9407373
3185,TEX261,0.9440618
3186,PPP6C,0.92034227
3187,ETFRF1,0.7144142
3188,SUGT1,0.83028704
3189,NCALD,0.89782804
3190,ABHD14A,0.9056099
3191,CUL4A,0.9619009
3192,UQCC3,0.93107885
3193,SEC16A,0.95422786
3194,TSG101,0.92165965
3195,CNOT7,0.8714316
3196,ACTR1A,0.94224167
3197,ZKSCAN1,0.8616658
3198,GTF2F1,0.77264404
3199,MCCC2,0.9008081
3200,SHARPIN,0.9568306
3201,SPTLC1,0.9365574
3202,WBP11,0.84652525
3203,TNIP1,0.8950301
3204,FBXO7,0.9065712
3205,HAT1,0.94171107
3206,LRIG1,0.71756274
3207,BAG3,0.784539
3208,CACHD1,0.85466367
3209,UBALD2,0.7243895
3210,SMC1A,0.8351067
3211,ITFG1,0.96938795
3212,ZC3H14,0.97180784
3213,NUDT16,0.860945
3214,BABAM1,0.95548934
3215,VANGL2,0.9483019
3216,ARL16,0.9629936
3217,SREBF1,0.5130594
3218,IER2,0.7996965
3219,ISYNA1,0.887808
3220,FAM167A,0.6920734
3221,RABGAP1,0.9380194
3222,MDM2,0.92405
3223,CD99L2,0.8379196
3224,NSL1,0.9687914
3225,HDAC2,0.8729998
3226,RPLP2,0.8193694
3227,GYG1,0.76572764
3228,MYO10,0.6378688
3229,LIPA,0.86946225
3230,SLC25A29,0.77668935
3231,STIP1,0.8948777
3232,RTF1,0.92715573
3233,CNPY3,0.77677345
3234,ARPC1B,0.8305609
3235,SECISBP2L,0.89515597
3236,FKBP10,0.90630364
3237,MRPL37,0.87343407
3238,JPX,0.95044
3239,C2orf72,0.89056355
3240,JKAMP,0.9847828
3241,ABHD2,0.7306664
3242,MIR497HG,0.8684838
3243,NF1,0.8934093
3244,TM7SF2,0.92537
3245,PPP1R10,0.9110571
3246,CALCOCO1,0.9345653
3247,HDAC5,0.8339458
3248,MYORG,0.7920986
3249,MICU2,0.96540934
3250,RAB8A,0.86076
3251,LONP1,0.9245594
3252,MRPL4,0.9481943
3253,LSM1,0.9558697
3254,MRPL42,0.9313301
3255,CPEB4,0.74992526
3256,MIR4458HG,0.6157125
3257,PDZD11,0.86161417
3258,UBE2L6,0.91120666
3259,BTG3,0.8251858
3260,SH3GLB2,0.94212395
3261,RPA3,0.8376783
3262,FNDC4,0.7126002
3263,RAP2A,0.7412908
3264,TMEM107,0.91668326
3265,TNRC6A,0.8536702
3266,SCAMP3,0.89821553
3267,TEX264,0.93639445
3268,ATG9A,0.84514815
3269,TMED3,0.9171547
3270,DPP6,0.82894003
3271,TMOD3,0.72780305
3272,SLC66A2,0.93959326
3273,PLEKHA5,0.8566139
3274,RASSF4,0.8585384
3275,CAMK2G,0.730325
3276,FAM3A,0.8903244
3277,ATAT1,0.9598051
3278,RTL6,0.80739576
3279,CERK,0.8078752
3280,HS6ST1,0.70434976
3281,MEPCE,0.889916
3282,COMMD7,0.8800061
3283,HOPX,0.7923464
3284,CPAMD8,0.54423547
3285,MRPL38,0.9426426
3286,PRPF38B,0.8488194
3287,ATP6V1C1,0.7846008
3288,SDHAF2,0.970307
3289,SYAP1,0.92508024
3290,FJX1,0.9382899
3291,RAB36,0.9578449
3292,CCDC92,0.97605556
3293,IRF9,0.6890747
3294,BAZ2B,0.83662087
3295,RAF1,0.9430012
3296,PEX10,0.9480135
3297,UACA,0.91010565
3298,SEC22B,0.9142895
3299,DNTTIP1,0.7853994
3300,HDGFL2,0.94144875
3301,ACTR1B,0.9561993
3302,KCTD3,0.9655912
3303,PPIC,0.81743485
3304,CDC123,0.93795127
3305,IAH1,0.9197788
3306,PI4KA,0.91540235
3307,CAPN1,0.81830174
3308,UBE2J1,0.9096624
3309,BUD23,0.8926043
3310,FBXO3,0.94662344
3311,DNAJC7,0.9372953
3312,ERLEC1,0.83835393
3313,SAE1,0.9524238
3314,MAGOH,0.91539806
3315,PSMD10,0.945935
3316,CCDC12,0.96842617
3317,TP53BP2,0.9457167
3318,MATN2,0.5934074
3319,SNX1,0.9374893
3320,KLF9,0.6214399
3321,APPBP2,0.9705288
3322,PCNA,0.9506372
3323,RNF146,0.9237781
3324,NLGN3,0.78932744
3325,BCCIP,0.9322111
3326,ITGB2,0.7655604
3327,PRKRA,0.9457608
3328,WASHC3,0.9441748
3329,FBRS,0.95188844
3330,AC100810.1,0.7063074
3331,EXOC4,0.9290024
3332,PNPLA2,0.8540279
3333,GFPT2,0.67684144
3334,OXR1,0.9448336
3335,RTCB,0.8569288
3336,NANOS1,0.80383915
3337,MBNL1,0.84929484
3338,KEAP1,0.96994454
3339,AASDHPPT,0.96185964
3340,UBE4A,0.9316021
3341,RANBP2,0.87644005
3342,ARAP1,0.8949335
3343,COPS5,0.92137545
3344,STXBP5L,0.7808186
3345,RFXANK,0.92253035
3346,DCAF11,0.9750604
3347,COPS2,0.91976017
3348,KHSRP,0.8807458
3349,EPB41L3,0.752325
3350,SFT2D2,0.8631117
3351,AC027644.3,0.88294053
3352,PMF1,0.97749716
3353,UST,0.7072801
3354,TMEM170A,0.8549936
3355,MAX,0.85324574
3356,METTL5,0.8569635
3357,PAPSS1,0.91067564
3358,VPS13B-DT,0.84688586
3359,CDS2,0.8941612
3360,PI4KB,0.9690792
3361,ESYT2,0.8395933
3362,TSPAN14,0.8485229
3363,SMAD5,0.83634263
3364,BLVRA,0.840329
3365,YTHDF1,0.9508944
3366,PRMT5,0.9103645
3367,RAB31,0.8475012
3368,MLST8,0.90474993
3369,DR1,0.89424634
3370,SMARCB1,0.89579064
3371,ORMDL1,0.9421045
3372,ATG3,0.81642526
3373,ACSL3,0.75522554
3374,CFB,0.7250659
3375,TRAP1,0.93459374
3376,PANTR1,0.93773174
3377,DENND6B,0.8271372
3378,LYRM2,0.96680427
3379,DLD,0.9245735
3380,POU3F2,0.92787075
3381,SYMPK,0.95010716
3382,DMD,0.9730833
3383,MAP9,0.8658741
3384,OTUD5,0.91036093
3385,DAAM2,0.6295199
3386,ANTKMT,0.9681688
3387,RPP21,0.88384223
3388,SNRPA,0.92275506
3389,OPTN,0.86400324
3390,RNF145,0.8315428
3391,MPP5,0.9456435
3392,TOLLIP,0.77396905
3393,IGFBP4,0.81828046
3394,CEP126,0.9038305
3395,NHS,0.88662016
3396,ARL5A,0.92557216
3397,MTMR10,0.8786333
3398,AP2A1,0.9480261
3399,UBE2J2,0.94651794
3400,CREB3,0.80194855
3401,TPT1,0.80725485
3402,HOTAIRM1,0.8679163
3403,ATP9A,0.85815454
3404,ADAM10,0.87771493
3405,PMM1,0.8917229
3406,SCAMP1,0.9433879
3407,FAM3C,0.683371
3408,AUTS2,0.9382723
3409,CCAR1,0.9041965
3410,FUT8,0.9006704
3411,NUDCD3,0.8598824
3412,TNS1,0.74155504
3413,TMEM183A,0.90039086
3414,CHN1,0.88974816
3415,MBTPS1,0.9460939
3416,LRBA,0.96800065
3417,ODF2,0.90714127
3418,LYRM1,0.8800115
3419,DPY19L1,0.96972203
3420,PPP1R12C,0.92799336
3421,STX7,0.8137195
3422,SFT2D1,0.6854403
3423,ZNF667-AS1,0.7689509
3424,USP10,0.8676863
3425,MFN2,0.8316125
3426,ZMIZ2,0.86541504
3427,CCDC25,0.8038458
3428,DERL2,0.85734075
3429,RGS3,0.87626934
3430,SRRT,0.9631926
3431,C12orf76,0.9610339
3432,ARHGEF4,0.8050625
3433,SPATA20,0.9349237
3434,LSM8,0.83988243
3435,POLR2M,0.8920615
3436,CRIPT,0.80602574
3437,SRP68,0.93347186
3438,C22orf39,0.97036266
3439,ORMDL3,0.74109805
3440,UBE2K,0.9188411
3441,CYTH2,0.9541311
3442,GRK2,0.84203225
3443,CMSS1,0.94011456
3444,MEIS1,0.7657669
3445,COPS7A,0.9351103
3446,NEMF,0.92940784
3447,COMMD1,0.9426922
3448,POMGNT2,0.9541511
3449,SS18,0.96422106
3450,ASAP1,0.90589976
3451,DLG5,0.78758276
3452,TRAPPC4,0.944886
3453,DHRS3,0.7794878
3454,DPF2,0.9463823
3455,GIT1,0.95302546
3456,SMC3,0.85031265
3457,CELSR2,0.908839
3458,CNIH4,0.7661072
3459,PLRG1,0.9505865
3460,SLC4A4,0.6837259
3461,PDK2,0.8644785
3462,AGAP3,0.8364748
3463,EIF2S1,0.86274374
3464,ANGPTL1,0.81262416
3465,LRRFIP1,0.89157844
3466,PDRG1,0.9679333
3467,VPS4B,0.7997393
3468,MBNL2,0.84986883
3469,CFAP97,0.89760894
3470,USP34,0.87106234
3471,SLC39A1,0.83818907
3472,MED4,0.94318426
3473,HSF1,0.93167
3474,FAM8A1,0.9554956
3475,MFSD14B,0.94836175
3476,ASCL1,0.53539294
3477,RO60,0.9243136
3478,COPS4,0.9503786
3479,SEL1L,0.73425466
3480,PDLIM2,0.7961361
3481,RABL2B,0.9672661
3482,IMMT,0.8814369
3483,GRIN2A,0.6111304
3484,USP33,0.93629795
3485,PSME3,0.9405868
3486,DNAL1,0.94883543
3487,TMEM167B,0.8305084
3488,UBE2Q1,0.9229632
3489,EHD1,0.7398478
3490,CMTM3,0.8901133
3491,SLC23A2,0.94693244
3492,AKAP13,0.921441
3493,ARID1B,0.89110965
3494,TXNDC15,0.86476445
3495,MRPS18B,0.8852756
3496,CDC42BPB,0.7947816
3497,SRSF8,0.9052755
3498,IGBP1,0.81380504
3499,ABCA1,0.62866634
3500,DNAJB11,0.8084292
3501,CYB5A,0.7159137
3502,C14orf132,0.74776226
3503,SLC27A1,0.90589625
3504,FAM204A,0.9675607
3505,IFT27,0.975634
3506,CHD9,0.8536961
3507,AHDC1,0.91283953
3508,SUMF2,0.79727286
3509,LTA4H,0.8240259
3510,DNM1L,0.8430365
3511,MRPL13,0.95697683
3512,MRPS23,0.9716459
3513,MCRS1,0.97111136
3514,CYP27A1,0.85317767
3515,HSPA13,0.69694006
3516,RAVER1,0.973404
3517,SCYL1,0.88683915
3518,KAT5,0.95941734
3519,RHOG,0.77364063
3520,KDSR,0.70210373
3521,FAM174C,0.92508376
3522,SAMD8,0.8824344
3523,GPR27,0.7360899
3524,KAZN,0.80236363
3525,POP5,0.93801343
3526,SMG7,0.8992737
3527,BRAT1,0.9470345
3528,FLII,0.8251263
3529,TSR2,0.8167091
3530,NUDT16L1,0.90574193
3531,EXT2,0.94954085
3532,ARHGEF40,0.8974489
3533,VPS26A,0.9309416
3534,HYOU1,0.8751648
3535,SMIM27,0.7765438
3536,NT5C3B,0.95891666
3537,ASH1L,0.87360805
3538,MYO6,0.8330957
3539,BCKDK,0.88224053
3540,TSEN34,0.8623733
3541,TEKT1,0.9490581
3542,GTPBP6,0.914778
3543,IDH3B,0.8892863
3544,USP5,0.9119457
3545,MRPL18,0.79037434
3546,SLC15A2,0.95095927
3547,DAAM1,0.8149256
3548,TENM3,0.9669761
3549,TRAF7,0.9574697
3550,UBE2D4,0.9496715
3551,ANKIB1,0.9272688
3552,AKTIP,0.8633587
3553,PHAX,0.8355351
3554,TBC1D1,0.8936068
3555,PIGX,0.8051527
3556,LHPP,0.60428214
3557,NRXN2,0.7406679
3558,EPB41L4A-AS1,0.82433933
3559,DCAKD,0.7572996
3560,DDX23,0.89884967
3561,EMP2,0.58793044
3562,SLC1A4,0.84394354
3563,IMMP1L,0.8959212
3564,RNF20,0.9006534
3565,CYB5B,0.91139007
3566,ARHGAP12,0.92422193
3567,PPP2R2A,0.8901193
3568,MAN1C1,0.50966686
3569,PPFIA1,0.8018549
3570,KMT2E,0.90568215
3571,PSMA3-AS1,0.94988513
3572,GGNBP2,0.872493
3573,SLC39A3,0.8905348
3574,TMEM245,0.89262927
3575,IFT88,0.97424036
3576,AIMP1,0.7355724
3577,SDF2L1,0.8744986
3578,RBM26,0.9238794
3579,LENG8,0.89315075
3580,DVL1,0.89753133
3581,MARCH7,0.92144257
3582,PMPCB,0.95896184
3583,CFAP52,0.95161784
3584,SMIM29,0.8586632
3585,KAT2A,0.9067501
3586,VSTM2L,0.7438181
3587,CYB5D2,0.88012546
3588,C5orf24,0.970861
3589,PRTFDC1,0.9559807
3590,AMD1,0.7886498
3591,KIAA0319L,0.92502844
3592,WASHC1,0.88448673
3593,TPGS1,0.953178
3594,UBA3,0.9102242
3595,PPM1A,0.9056272
3596,OSBPL11,0.8727112
3597,CYP4F12,0.8563869
3598,TWSG1,0.8942697
3599,B9D1,0.95873284
3600,SLC35A4,0.91432536
3601,SPAG8,0.9428274
3602,ZMYM3,0.94002384
3603,CYB561,0.9544539
3604,SCG3,0.7058757
3605,GSK3A,0.9507362
3606,ARPC5L,0.8763935
3607,BUB3,0.8839798
3608,INSR,0.7570072
3609,LINC02802,0.86057955
3610,FMR1,0.8552899
3611,CIC,0.9056502
3612,THOC7,0.9366364
3613,NARF,0.8307533
3614,SETD3,0.8470875
3615,ACADM,0.89480746
3616,STRN4,0.94026107
3617,MRPL2,0.94413435
3618,TRAPPC12,0.9588343
3619,SGSM2,0.8272571
3620,PSMD6,0.9434296
3621,SP3,0.91696566
3622,PSEN1,0.8518787
3623,APLP1,0.8863823
3624,IARS2,0.9687428
3625,RXRB,0.9647163
3626,AP3S2,0.8794892
3627,HOMER3,0.81463695
3628,GDE1,0.78511596
3629,DDOST,0.82829994
3630,LRATD2,0.86821026
3631,ZCCHC17,0.8569347
3632,MAT2B,0.8692079
3633,KANK1,0.95120984
3634,GPT2,0.71028376
3635,C14orf119,0.8887368
3636,TK2,0.87583923
3637,MOK,0.9598823
3638,KIF3B,0.813279
3639,FZD7,0.9108047
3640,NDUFA9,0.9523092
3641,PSMB8,0.8398618
3642,ANKHD1,0.8818914
3643,NCK2,0.90290856
3644,LRP2BP,0.8825681
3645,HAX1,0.8248104
3646,ACSL1,0.80854774
3647,TASOR,0.9259237
3648,NME5,0.97348523
3649,FREM1,0.9437587
3650,BBOX1,0.9279734
3651,AZI2,0.87095237
3652,APOLD1,0.6901164
3653,COLCA1,0.7816002
3654,MRPL47,0.9568275
3655,CFI,0.8636288
3656,PPA2,0.927723
3657,SEC23B,0.8222894
3658,ELMO2,0.95585865
3659,HSPG2,0.722044
3660,APOC2,0.66962296
3661,SMO,0.96988636
3662,FDX1,0.96851355
3663,SNRNP27,0.88336945
3664,DACH1,0.88321227
3665,KMT2A,0.83623254
3666,RHOT2,0.91408765
3667,MGMT,0.929715
3668,AGFG1,0.7833844
3669,PSMD14,0.92161024
3670,ZMYM2,0.95221806
3671,C1GALT1,0.9044752
3672,CAMK2D,0.82153296
3673,CSRNP1,0.7644436
3674,DOK5,0.8839909
3675,LDLRAD3,0.8810392
3676,PRKACA,0.95817
3677,APEH,0.8912906
3678,RNASE1,0.88174784
3679,QRICH1,0.9329907
3680,IL17RD,0.92316306
3681,GABBR1,0.8055348
3682,RGMA,0.61005855
3683,CCDC40,0.9572039
3684,NKD1,0.95538574
3685,EPS8,0.9316839
3686,PPCS,0.9109619
3687,DCAF12,0.9020304
3688,CD82,0.8204174
3689,LRPPRC,0.9522113
3690,DNAJB9,0.8357563
3691,RYR3,0.9590748
3692,RIOK3,0.849922
3693,PFDN4,0.7548338
3694,EFEMP2,0.8378021
3695,PAMR1,0.8811664
3696,GLTP,0.9179936
3697,IQCE,0.9383856
3698,FADS3,0.69126266
3699,RLIM,0.9516496
3700,LMF2,0.8898709
3701,BCAS2,0.90810543
3702,GPR108,0.8649195
3703,FAM98B,0.92286456
3704,UBE2S,0.91287094
3705,MED13,0.849173
3706,PDZD8,0.88910615
3707,KIAA1109,0.9206647
3708,ABCD3,0.8784178
3709,JAKMIP2,0.9514093
3710,GMPR2,0.90684074
3711,DYRK1A,0.95487064
3712,ACIN1,0.91896605
3713,ORAI3,0.94848704
3714,COQ9,0.9562048
3715,PANK3,0.9634871
3716,KMT5B,0.9456511
3717,FAM50A,0.8521946
3718,STK24,0.88720554
3719,TCTN3,0.95444834
3720,MTHFD1,0.9487968
3721,SPEF1,0.926817
3722,RETREG1,0.7185758
3723,PLCG1,0.88175833
3724,ADAM17,0.78219944
3725,NEK9,0.93854165
3726,THAP12,0.8964773
3727,LRRC59,0.7511345
3728,YIF1B,0.9349085
3729,XPOT,0.89264834
3730,DICER1,0.92856747
3731,SIN3B,0.9436472
3732,MRPL34,0.8208123
3733,IPO13,0.961462
3734,FBLN2,0.68300605
3735,NIFK,0.9089716
3736,ABCB6,0.90022814
3737,LINGO1,0.8859138
3738,AFDN,0.8315773
3739,CCDC173,0.85250705
3740,NUB1,0.9044981
3741,MRPS27,0.90129316
3742,SIN3A,0.9508326
3743,PAF1,0.93482417
3744,DENND10,0.9351283
3745,TMEM203,0.9136774
3746,ARID4B,0.90853554
3747,CXCL16,0.8631964
3748,TM9SF4,0.90309316
3749,A1BG,0.7404802
3750,SRGAP3,0.9431297
3751,MED24,0.96370983
3752,GM2A,0.7295383
3753,PCGF2,0.8812538
3754,GPBP1L1,0.9491506
3755,SH2B1,0.9630308
3756,TSNAX,0.8044725
3757,PRKAG1,0.9321953
3758,CSNK1G2,0.93914455
3759,MRPL3,0.9589357
3760,JAM3,0.88871515
3761,COG4,0.9578989
3762,PRELID3B,0.928363
3763,YY1AP1,0.89534813
3764,CDO1,0.7722096
3765,SNW1,0.97582895
3766,KLHL9,0.89954185
3767,MALSU1,0.8540788
3768,ZNF503,0.8210663
3769,DYNC2LI1,0.9563726
3770,FTH1,0.88434833
3771,NSRP1,0.7537286
3772,NT5C2,0.9420159
3773,EIF4E2,0.85483557
3774,XPO6,0.9198885
3775,PQBP1,0.9315907
3776,TMUB1,0.8106857
3777,MRAS,0.8924779
3778,SORBS2,0.93411106
3779,CCDC136,0.8887567
3780,LLPH,0.86071855
3781,LAMC1,0.82987857
3782,CDK9,0.832684
3783,COLGALT1,0.90257436
3784,PPP6R3,0.96346563
3785,CRB1,0.9457393
3786,POLR2B,0.9490477
3787,MKNK2,0.79753584
3788,NAA60,0.9344486
3789,QDPR,0.9504126
3790,BST2,0.45524442
3791,B3GAT3,0.90462995
3792,HMGN4,0.9197554
3793,HYAL2,0.8987456
3794,MAN1B1,0.91485846
3795,CACUL1,0.8793048
3796,PLEKHM2,0.8431025
3797,EHMT2,0.9035374
3798,LTBP1,0.76530325
3799,CREM,0.9086819
3800,CPSF2,0.97706944
3801,MAPRE2,0.5454598
3802,SLC35B2,0.96564823
3803,USO1,0.79683167
3804,TOX4,0.9758901
3805,TM7SF3,0.87353724
3806,CDKN1A,0.95645905
3807,CREG1,0.6841205
3808,ATP13A1,0.89733624
3809,ZNF770,0.9696512
3810,TM2D3,0.9605513
3811,FLYWCH2,0.8269532
3812,RFNG,0.93109983
3813,TMEM150C,0.6851673
3814,MED13L,0.86928964
3815,PAX3,0.9366695
3816,BOD1L1,0.8099419
3817,SETX,0.94003123
3818,AHCY,0.9468098
3819,YTHDF3,0.8895026
3820,CREB1,0.9178409
3821,TMEM87A,0.7753654
3822,SPEN,0.9383619
3823,TSTA3,0.895635
3824,RAB3GAP1,0.9228832
3825,TRIM9,0.70563483
3826,HOOK3,0.71501416
3827,C16orf89,0.7538782
3828,SMIM14,0.9012733
3829,GNB4,0.7840746
3830,GORASP2,0.8824682
3831,SOX2-OT,0.77677995
3832,M6PR,0.7452286
3833,PSD3,0.87624514
3834,STK38L,0.864475
3835,VTA1,0.92362696
3836,RBM22,0.8765364
3837,HABP4,0.75850695
3838,GYG2,0.52566457
3839,WDR48,0.91491854
3840,FAM177A1,0.8681013
3841,RPLP1,0.6685466
3842,ZER1,0.9024235
3843,MRPL17,0.9077728
3844,KIF21A,0.7684532
3845,JMJD1C,0.69841886
3846,RNF115,0.86731166
3847,ZNFX1,0.85556567
3848,NRSN2,0.8710991
3849,FAR1,0.971521
3850,RNF126,0.8910422
3851,FBRSL1,0.9417007
3852,GPX3,0.48643896
3853,USP2,0.8557324
3854,PLOD2,0.8497972
3855,PRPS1,0.89002377
3856,CFAP20,0.9358999
3857,RCAN1,0.6440682
3858,MELTF-AS1,0.94936526
3859,ABHD4,0.76490325
3860,GABBR2,0.5159681
3861,ATP13A2,0.806595
3862,PAQR8,0.7049261
3863,MCTS1,0.95526946
3864,SPIRE1,0.802759
3865,ADAM15,0.90997976
3866,TGFBR1,0.8544544
3867,MAP3K12,0.8696226
3868,INTU,0.9655542
3869,TRPT1,0.95182997
3870,ARFRP1,0.89225084
3871,MEF2A,0.85891473
3872,CUL1,0.9448105
3873,PLPPR2,0.8559296
3874,GAMT,0.8314254
3875,DDRGK1,0.79993224
3876,MAGI2,0.93803114
3877,CRELD2,0.6991983
3878,HNRNPLL,0.96605927
3879,ELP2,0.89103025
3880,HEXIM1,0.87753314
3881,SDF2,0.9016974
3882,BAP1,0.9175949
3883,SAMHD1,0.7315889
3884,RETSAT,0.763427
3885,TIMM17B,0.9408539
3886,DCTN5,0.9508407
3887,ACSL6,0.7347189
3888,YLPM1,0.9543386
3889,PDE8A,0.9127424
3890,GRIK5,0.94941485
3891,JAGN1,0.9257789
3892,DIPK1B,0.8856655
3893,NADK,0.9268192
3894,MVB12A,0.9550905
3895,RB1CC1,0.7427368
3896,SVIP,0.81609035
3897,TNIK,0.874017
3898,CSE1L,0.9083412
3899,CNPPD1,0.86955476
3900,RSU1,0.8461481
3901,PGM1,0.7516699
3902,PHLDA1,0.8190536
3903,MRPS11,0.92182505
3904,TAF6,0.94595337
3905,FAM107B,0.8419126
3906,TJP2,0.8097445
3907,PHKB,0.9281534
3908,GPSM1,0.8476956
3909,WDR33,0.9074932
3910,VCL,0.8214701
3911,DHPS,0.89085793
3912,SAMD1,0.84424
3913,WDFY3,0.9186987
3914,NSD2,0.9332069
3915,ZNF704,0.94060045
3916,LPIN2,0.96827036
3917,MAN2C1,0.84819406
3918,LSS,0.8517105
3919,HAGH,0.94696325
3920,ADAMTS9,0.8050076
3921,PSMD11,0.89139557
3922,LRRC58,0.7772489
3923,RAP1GDS1,0.8096173
3924,MVD,0.77951723
3925,ISOC2,0.8949286
3926,DERL1,0.8688927
3927,CXCR4,0.7469936
3928,VPS35L,0.95642453
3929,PACRG,0.9685299
3930,ZHX2,0.90083987
3931,GCC2,0.900445
3932,FUCA2,0.8465626
3933,TTYH3,0.44946492
3934,MOB4,0.8701907
3935,GOLGA4,0.78802264
3936,CNOT2,0.9533322
3937,PSMG2,0.90483564
3938,HLA-DMA,0.8116017
3939,SMPD1,0.6398382
3940,ARCN1,0.7581331
3941,PIAS1,0.94208944
3942,HEPH,0.71832985
3943,CFAP300,0.96215284
3944,GNAI1,0.72757053
3945,FBXO21,0.97296673
3946,EBLN3P,0.9116039
3947,ABHD16A,0.95356375
3948,EBPL,0.87892413
3949,CYBC1,0.8840417
3950,SESN1,0.87522566
3951,KCTD15,0.95729107
3952,PWWP3A,0.95575523
3953,PPIL6,0.97326654
3954,DAP3,0.86205983
3955,FAM49B,0.79681706
3956,DCUN1D1,0.93809664
3957,ATAD1,0.928743
3958,HIP1R,0.6590698
3959,CYB5R1,0.9494438
3960,ABCA3,0.8806839
3961,ATL3,0.73570323
3962,PHACTR1,0.9520239
3963,CPEB2,0.92907107
3964,IER3IP1,0.8365173
3965,GAB1,0.8214907
3966,STX5,0.841196
3967,FLNB,0.8191302
3968,SUPT6H,0.9626471
3969,GAK,0.9397902
3970,THYN1,0.93694043
3971,PTPRD,0.8550583
3972,SMAP1,0.5727887
3973,ATG12,0.8883165
3974,AP1G1,0.94780195
3975,HNMT,0.70707494
3976,THOC2,0.7928621
3977,QSER1,0.92815995
3978,FRS2,0.85556036
3979,SIAE,0.95791054
3980,GOLGA2,0.9262659
3981,SMIM4,0.89309347
3982,MLIP,0.9237273
3983,PPIE,0.91507286
3984,TAFA5,0.70446867
3985,SMS,0.87843055
3986,NAE1,0.92099357
3987,DPY19L4,0.94522727
3988,HSPB11,0.95044875
3989,DAW1,0.95446205
3990,EXOC3,0.9402819
3991,API5,0.9121972
3992,ORAI2,0.8222671
3993,RNF38,0.90666413
3994,SHMT2,0.9398663
3995,U2AF2,0.92958647
3996,EP400,0.9425178
3997,TMEM120A,0.8421636
3998,MEGF9,0.8628561
3999,TCEAL1,0.8653135
4000,GLOD4,0.9503804
4001,TTC8,0.98122805
4002,GTF2F2,0.8509714
4003,KAT8,0.9567042
4004,RBM14,0.8881969
4005,CCN1,0.9338327
4006,ZMAT3,0.6844315
4007,LEPROTL1,0.8583205
4008,TMEM126B,0.905357
4009,ACKR3,0.46618614
4010,FAM120AOS,0.9559281
4011,IFT122,0.9684462
4012,CTNNA2,0.88383466
4013,ALDOA,0.8283196
4014,ERC1,0.8921486
4015,PLXNA3,0.84972155
4016,ETNK1,0.89503044
4017,EEA1,0.5743299
4018,ABCC9,0.8065193
4019,SPRYD3,0.85625
4020,DUSP23,0.83386415
4021,LMO2,0.7678717
4022,CTDSPL,0.8397236
4023,UBQLN2,0.94161123
4024,TRPC4AP,0.94661707
4025,ZMYM4,0.9541721
4026,ARMC10,0.85573596
4027,TSC22D2,0.9062155
4028,OTUD6B-AS1,0.8752058
4029,TAF13,0.7734121
4030,STK33,0.9585273
4031,ABTB2,0.92708486
4032,MMADHC,0.7688436
4033,RARRES2,0.76084006
4034,TNKS2,0.8776343
4035,ASCC1,0.90743273
4036,HLA-DQB1,0.8240588
4037,RBM12,0.9528229
4038,AXL,0.6282708
4039,MAPT,0.8109251
4040,COL4A5,0.952718
4041,TMEM127,0.88064766
4042,CIZ1,0.8846077
4043,DFFA,0.9027779
4044,TTC17,0.93044037
4045,SDCCAG8,0.92775065
4046,TNKS,0.93189657
4047,SLC25A46,0.9355604
4048,AKT1S1,0.909346
4049,RANBP9,0.92043597
4050,KCMF1,0.90254176
4051,POLE3,0.8814217
4052,BOD1,0.9375481
4053,BID,0.8506809
4054,BRD8,0.93681014
4055,CLPX,0.91313154
4056,PALD1,0.884084
4057,TMEM67,0.9752209
4058,EGLN2,0.84026605
4059,TDRP,0.9607035
4060,ISCA2,0.88010305
4061,STXBP3,0.8584681
4062,LMBR1,0.889796
4063,IFNGR2,0.80425626
4064,GPR137,0.8861815
4065,CORO1B,0.84360117
4066,AGPAT2,0.8492202
4067,BAIAP2,0.8340107
4068,SDK2,0.93519825
4069,PPM1K,0.6569669
4070,JOSD2,0.6802657
4071,PIK3C2A,0.8755416
4072,CHST6,0.7491755
4073,RELL1,0.90630525
4074,DUSP3,0.89568865
4075,R3HCC1,0.88565135
4076,NABP2,0.8780506
4077,MECP2,0.95986503
4078,ACBD5,0.6818997
4079,KITLG,0.944621
4080,OCIAD2,0.63455665
4081,UBE2F,0.87084174
4082,URM1,0.9441769
4083,ARL4A,0.8390993
4084,TMEM115,0.8912693
4085,TRAF3,0.9055938
4086,TCF3,0.9344378
4087,MIR1915HG,0.8833593
4088,LIX1L,0.9226029
4089,RGS12,0.8854158
4090,FBXL17,0.8398558
4091,SF3A3,0.94146806
4092,IFT80,0.9441318
4093,TRIM37,0.89974123
4094,ZNHIT3,0.8413569
4095,ABCF1,0.9351999
4096,NIPSNAP3A,0.5669835
4097,DEF8,0.9337375
4098,DCAF5,0.8295538
4099,COA6,0.8940869
4100,PDHA1,0.9402002
4101,ATP6V1B2,0.8701578
4102,KDM3A,0.7961325
4103,EPM2AIP1,0.9034265
4104,SWI5,0.92585987
4105,TTC37,0.949994
4106,PHYHD1,0.54214406
4107,PLA2G12A,0.9385017
4108,FAM219B,0.9370956
4109,NAB1,0.9164696
4110,GRAMD1A,0.93450415
4111,MYO9B,0.7963501
4112,GALNT10,0.8007155
4113,SMCHD1,0.90931946
4114,GP1BB,0.8139616
4115,TRIO,0.74142796
4116,C4orf47,0.93438876
4117,LPP,0.77148074
4118,ZDHHC17,0.9265518
4119,VAPB,0.9242809
4120,SLC35B1,0.94230837
4121,PCMTD1,0.9365596
4122,STRBP,0.91412634
4123,PTRH1,0.96497726
4124,SPATA33,0.9651158
4125,SLC35F5,0.78428465
4126,DPP8,0.9469263
4127,HPCAL1,0.7493197
4128,RNF213,0.73059636
4129,ARF5,0.64995503
4130,TPRKB,0.85839057
4131,FMN2,0.8273081
4132,GTF2A1,0.91524464
4133,GARS,0.784346
4134,AK6,0.9101679
4135,GPC4,0.8829937
4136,SLC39A9,0.9308787
4137,TMEM109,0.9184605
4138,ANXA4,0.788695
4139,MED15,0.9309707
4140,NUDT5,0.96691805
4141,LRP6,0.8682852
4142,ZRANB1,0.91961664
4143,PLEKHA4,0.8055708
4144,SF3B4,0.8253785
4145,CTBP2,0.85126704
4146,MBD6,0.89411485
4147,SRGAP2,0.90777326
4148,RGS1,0.83846927
4149,KIFC2,0.76198906
4150,PPP1R12A,0.8181955
4151,CDK14,0.9131498
4152,SOX12,0.9270647
4153,EFTUD2,0.9127403
4154,XIAP,0.75363725
4155,DMAP1,0.9014984
4156,COQ8B,0.8792635
4157,ZSWIM8,0.8701503
4158,PPIL1,0.9484463
4159,KDM5B,0.8601383
4160,VPS72,0.9035167
4161,TAP1,0.8882853
4162,DTD1,0.9391226
4163,GATD3B,0.68241143
4164,WDR78,0.9506315
4165,PATZ1,0.9567997
4166,CSK,0.9085545
4167,SLMAP,0.8135508
4168,SETD2,0.9222321
4169,MDM4,0.92284185
4170,RNF4,0.94563204
4171,RFTN2,0.6774695
4172,DDX46,0.94970644
4173,AC234582.1,0.90727735
4174,KIAA0100,0.9361916
4175,SERPINA5,0.74859315
4176,NPLOC4,0.93904364
4177,CLUAP1,0.93442935
4178,IFT140,0.94299966
4179,GBA,0.9211775
4180,DDX18,0.72834915
4181,CD320,0.8324421
4182,ATF7IP,0.8667169
4183,ZSWIM7,0.93204856
4184,SOX15,0.8148783
4185,MMP17,0.7379515
4186,RBM15B,0.9641449
4187,EMC8,0.9638649
4188,NME7,0.9770327
4189,TP53I13,0.9416946
4190,PPHLN1,0.93192136
4191,OSGEP,0.9352049
4192,ARHGEF7,0.91291195
4193,SRGAP1,0.89949644
4194,NIPBL,0.8012729
4195,R3HDM4,0.92951584
4196,AP1S1,0.80649376
4197,CHMP2B,0.8024738
4198,TOMM40,0.94154376
4199,EPN2,0.920124
4200,GYPC,0.88084143
4201,YIPF6,0.8691456
4202,KPNA1,0.9413126
4203,SREK1IP1,0.8005447
4204,MAPK8IP2,0.7660147
4205,FAM110B,0.86945254
4206,IP6K1,0.93207955
4207,CD46,0.92354125
4208,IARS,0.94853055
4209,EFHD2,0.81581646
4210,PURA,0.8291722
4211,SRP54,0.7763399
4212,SOD3,0.6118515
4213,PRPSAP1,0.9173517
4214,TSHZ1,0.8954928
4215,QTRT1,0.9190846
4216,SNCA,0.66187024
4217,ZNF444,0.9136143
4218,CDH11,0.8362484
4219,LIMS1,0.86678773
4220,GLIS2,0.90275884
4221,TTLL4,0.93612003
4222,ANAPC7,0.9446523
4223,RIOX2,0.9643664
4224,SNX13,0.92625445
4225,C19orf25,0.9658014
4226,ATP8A1,0.82713836
4227,ACP2,0.84828585
4228,FKBP5,0.58774805
4229,SENP2,0.9094134
4230,MEG3,0.62118477
4231,FRA10AC1,0.847571
4232,TMEM134,0.91530454
4233,KIF3A,0.9453916
4234,OLFM2,0.6344571
4235,CIAO2A,0.85524774
4236,MOB3A,0.87712854
4237,ZBTB10,0.9379915
4238,DDX56,0.94678694
4239,ESAM,0.7291598
4240,MAVS,0.8569723
4241,GPKOW,0.8689941
4242,PTPN18,0.92895913
4243,EGFL7,0.5289851
4244,COASY,0.90852815
4245,GLRX3,0.9455698
4246,FAM91A1,0.9473409
4247,COPG1,0.8724365
4248,NUP62,0.89917177
4249,GATAD2A,0.93802226
4250,SYS1,0.93389285
4251,GEM,0.9365774
4252,RFC1,0.9447517
4253,CINP,0.92035615
4254,NXF1,0.9235197
4255,SEPTIN11,0.85480505
4256,FEM1C,0.715842
4257,PAM16,0.96490836
4258,VASN,0.8622187
4259,DNAH9,0.92711204
4260,SCFD1,0.94469553
4261,KIF5C,0.72640604
4262,PEX5,0.94719243
4263,CTNNBIP1,0.864649
4264,NDFIP2,0.8690647
4265,GALC,0.8640903
4266,SKIL,0.9062081
4267,ATMIN,0.9496536
4268,GAA,0.912299
4269,CYFIP2,0.7033484
4270,PTPN12,0.8314839
4271,MRPS5,0.89220804
4272,MRPL23,0.80245155
4273,AGGF1,0.933961
4274,PCF11,0.9435604
4275,AIP,0.6946171
4276,MRPS15,0.85093075
4277,VEZT,0.8815388
4278,ROCK2,0.8277676
4279,CAMSAP2,0.8542709
4280,DCP2,0.8771078
4281,LYRM4,0.9519928
4282,TFRC,0.90804595
4283,MNS1,0.9362056
4284,PCED1A,0.8751017
4285,FRYL,0.7358305
4286,HERC2,0.9456281
4287,KIAA2013,0.9169865
4288,GABPB1-AS1,0.8384802
4289,UFD1,0.9094053
4290,ZNF148,0.87197185
4291,DDA1,0.9570719
4292,CCDC82,0.935013
4293,AFF3,0.90737283
4294,POLR2C,0.8794996
4295,PTDSS2,0.9513075
4296,PIK3R2,0.913448
4297,ROCK1,0.8011595
4298,PTPN23,0.9301243
4299,RBL2,0.93685794
4300,RARA,0.8378988
4301,PDLIM7,0.7694501
4302,WARS,0.9002701
4303,CSTF3,0.94316095
4304,GAS6,0.6566915
4305,OSBPL1A,0.8492331
4306,C12orf10,0.94466394
4307,PMPCA,0.9600662
4308,EYA2,0.95160043
4309,IL13RA1,0.70778954
4310,NIPA2,0.9561393
4311,A4GALT,0.6411249
4312,SLC29A1,0.85188955
4313,NQO2,0.9028791
4314,UBTD1,0.93879735
4315,ARIH2,0.94523007
4316,MZF1,0.9287769
4317,FBXW2,0.9650015
4318,MSRA,0.8678703
4319,TUBA1C,0.82868105
4320,SATB1,0.92830884
4321,CHST15,0.8175877
4322,RNF182,0.876973
4323,GATC,0.95258945
4324,SLC25A37,0.91360795
4325,S100A4,0.8598556
4326,WIPF2,0.80914193
4327,SPEF2,0.95794433
4328,DNAJC3,0.7184576
4329,PITPNM1,0.9126713
4330,CMC4,0.8846642
4331,SLK,0.70890135
4332,SYT17,0.92120796
4333,PSMD12,0.946584
4334,MPLKIP,0.93896866
4335,TMCO3,0.8330814
4336,GRAMD4,0.9452786
4337,C3orf70,0.77801317
4338,HMGCR,0.89895606
4339,EPDR1,0.9154356
4340,SNX19,0.9502684
4341,NBN,0.93442684
4342,MED10,0.7935226
4343,SERINC5,0.72964764
4344,ZDHHC3,0.9126084
4345,RNF103,0.935666
4346,ORC4,0.9374303
4347,SLC30A1,0.8288332
4348,CCNL1,0.8585486
4349,MICU1,0.92331886
4350,ATXN2L,0.93445605
4351,CSRNP3,0.7554109
4352,ZNF33A,0.9263391
4353,JADE1,0.7725583
4354,RGL1,0.8318316
4355,NUMB,0.9654331
4356,FBXW9,0.953257
4357,ILVBL,0.91580105
4358,ACBD6,0.9543486
4359,BECN1,0.89623934
4360,EIF2B1,0.9526724
4361,CRTC1,0.8331522
4362,FN3KRP,0.81431234
4363,DIDO1,0.96661055
4364,ZBTB38,0.91690123
4365,POLD4,0.8290319
4366,ADARB2,0.729648
4367,TMOD1,0.86778873
4368,FGFR1OP2,0.9244141
4369,RALA,0.67072845
4370,GGA2,0.9256645
4371,SUCLA2,0.95694864
4372,HYDIN,0.8683703
4373,DYRK4,0.9156454
4374,ING4,0.92301995
4375,ATF6,0.8987655
4376,SNRPA1,0.9100157
4377,KPNA3,0.87329125
4378,CHD8,0.95993304
4379,CMC2,0.8849175
4380,POLR3GL,0.9343254
4381,MVB12B,0.9744803
4382,PARL,0.9347595
4383,JAG1,0.7825258
4384,VPS45,0.9036848
4385,IER5,0.9036693
4386,HBP1,0.79115903
4387,IMPA1,0.8570997
4388,CPD,0.8257012
4389,MFSD2A,0.76906466
4390,RUFY1,0.9265457
4391,LSM12,0.82110006
4392,KLF13,0.7869436
4393,ZC3H7B,0.80985445
4394,AASS,0.86100924
4395,CCSER2,0.9188961
4396,NPIPA1,0.91232115
4397,FBXO9,0.94757974
4398,RNASE4,0.7954836
4399,SYBU,0.81685203
4400,NR2F6,0.9413426
4401,SMG1,0.88485426
4402,GOLGA3,0.9100767
4403,GNAZ,0.9454117
4404,MAP2K1,0.8530933
4405,OARD1,0.92340416
4406,CDK5RAP2,0.89929026
4407,SBF1,0.86081755
4408,ZNF644,0.93856806
4409,YIPF5,0.86696374
4410,CTCF,0.96059895
4411,PCDH9,0.70669913
4412,TTC19,0.952215
4413,CHPT1,0.34533307
4414,LSM10,0.84445834
4415,SGK1,0.68253386
4416,CARD19,0.7533588
4417,STRADA,0.8698854
4418,MFAP1,0.9033341
4419,YARS,0.8964325
4420,SAMM50,0.8424828
4421,LINC02762,0.90873164
4422,TTYH2,0.9501142
4423,TOM1L2,0.948695
4424,HIST1H2AC,0.6454335
4425,SLC7A2,0.56445
4426,PPP2R3C,0.8806638
4427,ATP6V1H,0.86224884
4428,NRAS,0.9085114
4429,ECHDC1,0.90983987
4430,ME2,0.85628664
4431,CCL2,0.73140854
4432,FBXL15,0.90690684
4433,TBC1D16,0.8031154
4434,ALG13,0.94407713
4435,MAPK8IP3,0.871014
4436,TMEM218,0.9280994
4437,SETBP1,0.93227386
4438,ICMT,0.941638
4439,ZMYND8,0.9456295
4440,ERP44,0.8242062
4441,SRPRB,0.8162619
4442,COX11,0.9468212
4443,TIMM23,0.96886694
4444,NPEPL1,0.8684807
4445,CCDC115,0.9666754
4446,GDF11,0.8734524
4447,CETN3,0.96982455
4448,RANBP3,0.9053347
4449,VPS13D,0.8481949
4450,CHD6,0.83963966
4451,OSBPL8,0.8947268
4452,C1orf158,0.80368805
4453,GASK1A,0.7159572
4454,PDCD2,0.77089936
4455,TCF7L2,0.9325241
4456,LINC00667,0.95451474
4457,LIPE-AS1,0.9002527
4458,ARFIP2,0.9514768
4459,GSK3B,0.9418059
4460,ARHGEF26,0.8853706
4461,CC2D2A,0.94401205
4462,PDS5A,0.9644244
4463,USP46,0.885518
4464,RNF139,0.88243717
4465,DIPK1C,0.7579399
4466,UBL7,0.9524928
4467,RCBTB2,0.96739745
4468,RORA,0.7962083
4469,BSDC1,0.9476607
4470,GCLC,0.80574936
4471,ZNF655,0.89849186
4472,SEMA4B,0.9489151
4473,FSCN1,0.7128464
4474,ABHD10,0.970058
4475,HDAC3,0.9478546
4476,CMIP,0.7434208
4477,NPPC,0.63286394
4478,PARP6,0.829334
4479,CPSF1,0.87370664
4480,TNFRSF12A,0.92890114
4481,LANCL1,0.8804138
4482,MPI,0.90035003
4483,TRAPPC6A,0.9623205
4484,FGF2,0.81740785
4485,FOXP1,0.84607005
4486,ERF,0.95796776
4487,PEX2,0.89886165
4488,OSBPL9,0.9410172
4489,TP53TG1,0.87333435
4490,UBTD2,0.9541775
4491,SNX4,0.96031576
4492,ALG5,0.8914711
4493,TRRAP,0.9448002
4494,MTMR3,0.94151396
4495,SUPT7L,0.9559338
4496,TRIM56,0.7448555
4497,TP53INP2,0.77980655
4498,PRR7,0.94268775
4499,UROS,0.91407484
4500,MFSD1,0.86694545
4501,OSBPL2,0.92766
4502,PODXL,0.8587071
4503,CISD2,0.79698014
4504,RCOR3,0.9190864
4505,ADIPOR2,0.93902135
4506,CUL4B,0.94731593
4507,GNG7,0.91696376
4508,THOP1,0.87040764
4509,OFD1,0.76896435
4510,ABCF2,0.95020926
4511,PMP2,0.66531694
4512,ANKH,0.81656194
4513,TMEM254,0.89468
4514,ADPRHL2,0.88989264
4515,C1D,0.8405807
4516,MRPS2,0.9759414
4517,AFG3L2,0.93204916
4518,USP14,0.8973219
4519,LCMT1,0.91386074
4520,DMWD,0.9394838
4521,CDC73,0.8783668
4522,TMEM185B,0.9189473
4523,AFF1,0.89947146
4524,MICALL2,0.7693678
4525,EXOSC7,0.90784246
4526,MRPL22,0.93255424
4527,MAOA,0.87462616
4528,PSMG3,0.889633
4529,RPGR,0.9609057
4530,BTBD1,0.82782644
4531,LPCAT3,0.92045045
4532,IFT81,0.9518745
4533,KLHDC9,0.9658161
4534,AGFG2,0.5224232
4535,LNPEP,0.81630415
4536,SNAP29,0.8244303
4537,BAIAP2-DT,0.9669561
4538,TSPAN5,0.823353
4539,TTLL3,0.9313515
4540,STEAP3,0.78695583
4541,ILKAP,0.9199966
4542,PPP6R2,0.93042177
4543,CNRIP1,0.95285183
4544,CREBZF,0.89062876
4545,CCZ1,0.89106935
4546,WIZ,0.9709904
4547,B4GALT5,0.8045073
4548,CERS6,0.79659975
4549,PHIP,0.80819666
4550,BLOC1S2,0.8436121
4551,UBP1,0.9331472
4552,EXD2,0.93401086
4553,CASK,0.9462666
4554,SLC39A7,0.76388174
4555,RABGGTB,0.79172283
4556,GOSR2,0.9458107
4557,HEBP1,0.838016
4558,IGIP,0.7505226
4559,TXLNA,0.9177279
4560,ELAC2,0.9319941
4561,CHD7,0.7863455
4562,SEMA6D,0.8345528
4563,DNAJA4,0.91900575
4564,ACAP2,0.82089746
4565,KIAA1671,0.87364316
4566,ECE1,0.790011
4567,ASPSCR1,0.8924849
4568,LSM6,0.94636136
4569,ANKRD54,0.9569923
4570,TNFAIP1,0.9211495
4571,ZNF22,0.8827844
4572,CRBN,0.9178137
4573,CCNK,0.9141176
4574,SIRT3,0.92839414
4575,SLC27A5,0.9541339
4576,PBRM1,0.9442154
4577,ATG13,0.8679836
4578,MARS,0.914424
4579,PAAF1,0.9421473
4580,DYNC2H1,0.9297417
4581,ATP13A4,0.8240965
4582,C16orf72,0.82672215
4583,MAPK6,0.93809724
4584,LETM1,0.9457115
4585,SPNS1,0.8514204
4586,UBLCP1,0.94526386
4587,USP16,0.92410016
4588,PLEKHA3,0.89944094
4589,SASH1,0.8286068
4590,USE1,0.911782
4591,NNT,0.89206356
4592,DDX21,0.7358801
4593,CMBL,0.8792657
4594,HIBADH,0.9056008
4595,TIPRL,0.96365565
4596,CYP1B1,0.4776726
4597,CSNK2A2,0.89321744
4598,KIF22,0.85763115
4599,GTPBP1,0.92940146
4600,KAT6A,0.8272436
4601,EFR3A,0.9180879
4602,FBH1,0.92729396
4603,DRG1,0.8053104
4604,NEIL2,0.8746889
4605,DCBLD2,0.8670181
4606,PSMB9,0.8243391
4607,PHF23,0.9465175
4608,GGA1,0.8700703
4609,SBF2,0.7798006
4610,KCTD20,0.8117908
4611,POMT1,0.87379396
4612,DNAJC1,0.9067698
4613,CRAT,0.7775265
4614,CDH23,0.8970274
4615,METTL3,0.9544392
4616,NET1,0.8247818
4617,NFU1,0.8881342
4618,ARHGEF1,0.91587865
4619,MCM7,0.8738295
4620,SEC24C,0.87079805
4621,RMDN1,0.95024246
4622,ARIH1,0.94259185
4623,BCKDHA,0.80080676
4624,VAMP8,0.8681969
4625,FZR1,0.9210001
4626,CNOT8,0.92884153
4627,SYNE2,0.7413358
4628,C11orf74,0.9387413
4629,PSPC1,0.9385744
4630,GBF1,0.97118264
4631,SIDT2,0.9227898
4632,RND2,0.8851959
4633,IMPACT,0.9312557
4634,CCM2,0.92402226
4635,TBC1D17,0.8328575
4636,MEF2C,0.8744545
4637,ADNP2,0.8638165
4638,ABHD17C,0.94465697
4639,LETMD1,0.9656637
4640,DLGAP4,0.9375632
4641,HDAC6,0.9448732
4642,HEPN1,0.57362026
4643,C18orf25,0.87325186
4644,NHLRC2,0.97508645
4645,TBC1D15,0.8081926
4646,GCA,0.9112001
4647,OGFR,0.8790642
4648,INPP4A,0.9463993
4649,ZNF710-AS1,0.9423845
4650,ABCD4,0.9502218
4651,HDAC1,0.94907755
4652,TUBG2,0.95459974
4653,UCK1,0.938569
4654,MCRIP2,0.86415523
4655,VSIG4,0.838131
4656,GADD45B,0.8754261
4657,FAM172A,0.87599504
4658,SULT1A1,0.9180135
4659,INO80E,0.9551487
4660,RPRD2,0.9596625
4661,GPAT4,0.86446154
4662,RASSF9,0.8224846
4663,SNAP23,0.87781245
4664,ATP13A3,0.77098185
4665,CFAP77,0.9405313
4666,ZNF302,0.92255455
4667,PILRB,0.90318036
4668,FAM104B,0.911475
4669,DTYMK,0.9206316
4670,TMUB2,0.81393313
4671,GSTM4,0.9552491
4672,SLC35A5,0.87075615
4673,HARS,0.93872446
4674,GCN1,0.87922
4675,OPA1,0.916723
4676,SLC6A9,0.75438863
4677,GTF2IRD2,0.9722061
4678,SLC25A17,0.910936
4679,TRIM27,0.9205383
4680,XPNPEP1,0.92093587
4681,NUP133,0.9790743
4682,RRAGC,0.70032716
4683,STIM1,0.9632887
4684,PRKD3,0.9525241
4685,DDHD2,0.9145628
4686,GUSB,0.8456913
4687,AP3M1,0.95111567
4688,KDM4B,0.78530276
4689,NUDT9,0.9587326
4690,TIMM50,0.9447218
4691,SMARCC1,0.8468443
4692,CLINT1,0.90547365
4693,CTR9,0.8797605
4694,AC245297.3,0.7398138
4695,ZBTB44,0.8785904
4696,CHKB,0.94099236
4697,PNPLA6,0.85475117
4698,HACD2,0.8055639
4699,PRR14,0.9039627
4700,DAZAP1,0.87840825
4701,FMNL3,0.9092756
4702,APOO,0.9451053
4703,ZBED5,0.92259157
4704,SFRP2,0.6894751
4705,EGFR,0.8395786
4706,ZSWIM6,0.84441394
4707,RNF2,0.9056402
4708,EFCAB2,0.9609538
4709,TPRA1,0.81120974
4710,ZBED1,0.9463551
4711,KDM5C,0.9086676
4712,RMND5A,0.90820104
4713,MEST,0.58408666
4714,PAFAH1B3,0.9169699
4715,TM2D2,0.911766
4716,ADGRD1,0.62627125
4717,PHF14,0.89252543
4718,ACBD3,0.72037566
4719,PNMA8A,0.9581509
4720,SIL1,0.86668605
4721,SFXN3,0.8485359
4722,IMP4,0.9421225
4723,TXNRD1,0.80606496
4724,CARM1,0.91378576
4725,ZBTB7A,0.7921881
4726,UBFD1,0.93237
4727,APPL1,0.8866155
4728,BACE1,0.8993296
4729,FAM110C,0.61440223
4730,ALDH5A1,0.9449391
4731,PCCB,0.96205026
4732,ZFYVE16,0.907567
4733,CA3,0.36879885
4734,DHFR,0.8835673
4735,SMC4,0.9230886
4736,ZMAT5,0.92482096
4737,CDC5L,0.89125466
4738,ZNF487,0.9587874
4739,OSER1,0.83824754
4740,NEK4,0.9695993
4741,MMAB,0.8947281
4742,MT1G,0.5372301
4743,MOAP1,0.91946596
4744,UNC45A,0.8750477
4745,LRRC27,0.9624328
4746,UBXN10,0.9632276
4747,BAX,0.67814803
4748,TTC7A,0.9377449
4749,GGT5,0.7664351
4750,GIGYF2,0.92023754
4751,FAM214B,0.9072775
4752,RALB,0.82645756
4753,SOX5,0.8990448
4754,GLB1,0.9178789
4755,EDC4,0.8768807
4756,MRPL50,0.92556196
4757,HERC1,0.9421633
4758,IGSF3,0.8314651
4759,MPG,0.9420013
4760,NPRL3,0.92076373
4761,PIGF,0.9212162
4762,MRPL11,0.88695776
4763,FAM53C,0.94262505
4764,AMOT,0.8063616
4765,WDFY1,0.80008435
4766,PARD3,0.8809494
4767,SMPD4,0.9029066
4768,ZADH2,0.94173545
4769,ARMCX6,0.8839588
4770,ACAP3,0.84726816
4771,CA11,0.66616005
4772,SRCAP,0.8761156
4773,FH,0.9305563
4774,BRF1,0.9639893
4775,MRPL15,0.9474377
4776,HMGA1,0.9337302
4777,DAO,0.67834467
4778,CROCC,0.8886534
4779,ITPR2,0.8637361
4780,FAM133B,0.7073028
4781,SPAG1,0.8975909
4782,GAPVD1,0.93349546
4783,FAM228B,0.9490875
4784,EXOSC6,0.8337517
4785,COMMD2,0.9158249
4786,MCM3AP,0.7845984
4787,DELE1,0.9648155
4788,METRNL,0.85023695
4789,IFI30,0.7529751
4790,PERP,0.6740194
4791,HMOX2,0.92191786
4792,PDPK1,0.9491173
4793,SHFL,0.84012544
4794,ZNF326,0.9259152
4795,DNTTIP2,0.8823006
4796,SH3BP2,0.62369925
4797,MRPL10,0.85572106
4798,SCNM1,0.88932586
4799,ATF2,0.90175056
4800,SNRNP40,0.9212992
4801,WDR19,0.9611753
4802,SFSWAP,0.8890341
4803,ZNF395,0.89799494
4804,OXLD1,0.9320495
4805,CREBL2,0.8524361
4806,ANKRD35,0.92598766
4807,UHMK1,0.9226112
4808,NKAPD1,0.8963209
4809,SNX14,0.85474163
4810,SMIM5,0.9374104
4811,MAP3K2,0.87525153
4812,ARRB2,0.7598143
4813,L3MBTL2,0.9540386
4814,FRG1,0.90827584
4815,TRIM41,0.90696466
4816,HTRA2,0.93482
4817,TMEM18,0.9464928
4818,ECPAS,0.93191355
4819,ZBTB16,0.50941265
4820,RANGAP1,0.84242064
4821,RNPEP,0.89843136
4822,LARP4B,0.9479803
4823,ATXN2,0.9190224
4824,RAB23,0.88974
4825,NR3C1,0.90406615
4826,SYVN1,0.8580709
4827,STX2,0.9439202
4828,RP2,0.94916016
4829,NUDT22,0.8794228
4830,CYTH1,0.8615229
4831,DPYSL4,0.8615278
4832,GATAD1,0.8614659
4833,ACAD11,0.93332726
4834,STAT5B,0.9089588
4835,PCIF1,0.9591261
4836,CHST3,0.784631
4837,THAP5,0.8874779
4838,NFYB,0.9027063
4839,NR2C2,0.953009
4840,MBD1,0.9496403
4841,PCYOX1,0.84318924
4842,BFAR,0.898068
4843,STX10,0.9455807
4844,TCAF1,0.7969124
4845,PACS1,0.7993311
4846,MRPS18A,0.8993668
4847,VPS52,0.9699804
4848,CBFB,0.842029
4849,AL121899.1,0.9246241
4850,RAB9A,0.84070593
4851,NUS1,0.8345772
4852,CCDC14,0.95111996
4853,INTS10,0.96232325
4854,TMEM216,0.9072146
4855,RAB30,0.6615131
4856,CCNB1IP1,0.72382665
4857,BLOC1S6,0.9063647
4858,CEBPZOS,0.80309623
4859,TMEM131,0.9092058
4860,SCAF1,0.9575503
4861,NUDT1,0.88119906
4862,CDC42SE1,0.909889
4863,VKORC1L1,0.9196991
4864,TMEM184B,0.91653544
4865,SLC11A2,0.7188148
4866,SNX27,0.88583815
4867,POFUT2,0.92690474
4868,SPATA17,0.9398375
4869,ICA1L,0.93892443
4870,TAF9,0.85425735
4871,DRAXIN,0.53839296
4872,METTL23,0.9143043
4873,SPATA13,0.75909007
4874,TARS,0.79319644
4875,C7orf57,0.9375683
4876,TYK2,0.9205503
4877,FBXO44,0.97255456
4878,MVP,0.900304
4879,MPDU1,0.8657965
4880,HAPLN1,0.7694006
4881,POP7,0.8955315
4882,MIIP,0.91288096
4883,ROGDI,0.8502378
4884,DPY19L3,0.94368833
4885,FAM102A,0.84734935
4886,C6orf118,0.9571812
4887,PXYLP1,0.80298513
4888,NDST1,0.81817245
4889,RARS,0.88841474
4890,NFYC,0.86579496
4891,SPG11,0.96274316
4892,TBC1D10B,0.8057823
4893,PDGFA,0.77540594
4894,ZYG11B,0.8553865
4895,TMEM126A,0.90080774
4896,UBE2Q2,0.8238769
4897,PRKAG2,0.77027017
4898,PLXND1,0.79938227
4899,CCDC114,0.9085157
4900,IFT52,0.9498804
4901,FARSA,0.9583376
4902,ARSA,0.8667601
4903,ENTPD6,0.8599497
4904,SPRED1,0.85702324
4905,SNAP47,0.97463435
4906,CRTAC1,0.75650275
4907,WDR35,0.9643383
4908,LRRC8D,0.92051417
4909,FOXRED2,0.90067655
4910,LRRC49,0.9483023
4911,UBXN2B,0.91997945
4912,SHOC2,0.8908055
4913,PIAS3,0.9174282
4914,XPO7,0.8780143
4915,C19orf81,0.79839915
4916,WDR18,0.9390288
4917,NDRG3,0.90154225
4918,UBA5,0.9450804
4919,SH3PXD2B,0.9091986
4920,ZBTB8OS,0.93599355
4921,WAPL,0.93798536
4922,NUP50,0.915862
4923,ZDHHC1,0.9668287
4924,SLC4A3,0.81969815
4925,SMAP2,0.9092945
4926,CCDC130,0.9270206
4927,ETS2,0.8065905
4928,ZBTB33,0.93481445
4929,PDCD10,0.80156654
4930,TESK1,0.8413166
4931,MIA3,0.93638265
4932,RGS10,0.8324327
4933,TRIM69,0.6767176
4934,LRRC6,0.96558
4935,RIPOR1,0.88960993
4936,ASB8,0.87458056
4937,TFPT,0.7128795
4938,RASSF8,0.7397623
4939,COL27A1,0.59802455
4940,ARAF,0.82957417
4941,MON2,0.9493503
4942,CRIP1,0.5782351
4943,RABL2A,0.95622766
4944,DYDC2,0.85795903
4945,HSD17B8,0.9395246
4946,SLC39A14,0.57162577
4947,AL162231.1,0.9039421
4948,MCUR1,0.8279316
4949,STK19,0.89919335
4950,TELO2,0.8466076
4951,FAM92A,0.92539126
4952,RRP7A,0.80383754
4953,DRG2,0.95516354
4954,RNF149,0.7749542
4955,SPECC1L,0.9360195
4956,WWOX,0.8362755
4957,TIAM1,0.67147356
4958,CHMP6,0.94681287
4959,MCMBP,0.9147866
4960,CCDC106,0.9314724
4961,BAG5,0.94618183
4962,MSRB1,0.92650133
4963,MPHOSPH8,0.68715036
4964,TIPARP,0.7342411
4965,PPP2R5E,0.94355315
4966,EP300,0.88852006
4967,TMEM175,0.9353227
4968,GGCT,0.943565
4969,STAG1,0.8442242
4970,EHBP1,0.9070027
4971,CRYZL1,0.9082003
4972,TNFRSF25,0.78808665
4973,COL28A1,0.7482018
4974,CAMK2N1,0.8434885
4975,DDX39A,0.89685595
4976,SLBP,0.90213144
4977,SEC23A,0.93355805
4978,UBE2D1,0.8871831
4979,AGO2,0.95420223
4980,PLXNA4,0.9322422
4981,TUT4,0.9227121
4982,PALM2-AKAP2,0.74306124
4983,DYRK2,0.9371443
4984,INSIG1,0.7314465
4985,ADSL,0.9305448
4986,PITPNC1,0.7095112
4987,GPSM2,0.8500672
4988,NUP153,0.9541851
4989,NEK7,0.7917548
4990,CDK13,0.94259
4991,PTPRM,0.80889434
4992,CLASP1,0.8667896
4993,MRPS25,0.94270635
4994,FAM49A,0.8997851
4995,STAC2,0.38954553
4996,KANSL3,0.8675082
4997,ARPIN,0.9428337
4998,HMGB3,0.9277721
4999,MAU2,0.8637653
5000,TMEM80,0.96760005
5001,DNAJB12,0.943169
5002,TUSC3,0.57163256
5003,CUL5,0.93428195
5004,C16orf58,0.878775
5005,TAOK2,0.93210584
5006,LAMA1,0.72806334
5007,IWS1,0.94861794
5008,CCDC85C,0.7691066
5009,UNC5B,0.7528965
5010,LAMA5,0.7755451
5011,LRRN3,0.7894663
5012,E2F4,0.94161934
5013,COA1,0.90325963
5014,SURF6,0.9337358
5015,TMEM237,0.89694524
5016,SLC25A22,0.9121887
5017,GGPS1,0.9350172
5018,MUS81,0.84233606
5019,TPRG1L,0.8090046
5020,KIAA1143,0.86887646
5021,NAXD,0.9468796
5022,YAF2,0.87731034
5023,EXTL3,0.9457384
5024,ANKLE2,0.91269964
5025,NNMT,0.7248972
5026,ARFIP1,0.95773435
5027,JAZF1,0.86396295
5028,RNF220,0.97470087
5029,KLHL42,0.9207506
5030,TRIM33,0.87275755
5031,UBE2G1,0.9081358
5032,AC008443.5,0.87544364
5033,PITPNB,0.8884602
5034,SNX18,0.9281467
5035,PDXDC1,0.89582247
5036,STXBP1,0.7906371
5037,CHSY1,0.8865181
5038,NMRAL1,0.9261915
5039,AKAP12,0.87345254
5040,HYI,0.95771354
5041,MAPKAPK3,0.82627356
5042,PPP1R15B,0.8239661
5043,REXO2,0.6547907
5044,KCTD6,0.96106553
5045,LRRC34,0.9355263
5046,NOC2L,0.85466325
5047,AC130456.1,0.23965167
5048,MAP4K3,0.94541776
5049,TNK2,0.8128777
5050,FUZ,0.93495744
5051,FAF2,0.95652807
5052,GAS8,0.9456589
5053,USP4,0.9570223
5054,DAGLA,0.81918234
5055,LRRFIP2,0.81453854
5056,PDS5B,0.930798
5057,RIT1,0.9423525
5058,GABARAPL1,0.71171373
5059,BMPR1A,0.94461006
5060,TMOD2,0.83577156
5061,CEP170,0.7956125
5062,MEIS2,0.8373369
5063,FAM160B2,0.9090593
5064,BCL2,0.8603037
5065,SUSD6,0.8681975
5066,DIP2B,0.94490504
5067,CIAPIN1,0.9422722
5068,TENM4,0.9325662
5069,TMEM42,0.9475937
5070,KPNA2,0.8229469
5071,ZNF512,0.90880775
5072,FSTL5,0.7220205
5073,PTPN13,0.9527989
5074,MDP1,0.9383337
5075,CHCHD3,0.95880353
5076,CLK2,0.93930817
5077,PNMT,0.75881517
5078,ZNF292,0.79181296
5079,GYS1,0.9275043
5080,C1orf52,0.9394427
5081,AC005332.6,0.87364197
5082,PREX2,0.8469236
5083,CCNG1,0.86169267
5084,IRX1,0.8710388
5085,TIMM9,0.7789786
5086,DDX49,0.90828514
5087,ERVK3-1,0.87641865
5088,CRY1,0.8864866
5089,RCC2,0.94195956
5090,MMUT,0.8445276
5091,GSE1,0.9343272
5092,MAN2B1,0.8707132
5093,TLK1,0.89963335
5094,SIK3,0.9478628
5095,CFAP70,0.95870703
5096,KIAA0930,0.7975906
5097,ZNF146,0.9211163
5098,RBSN,0.8998037
5099,C17orf97,0.9151404
5100,PIGS,0.8515497
5101,ATRN,0.96469325
5102,GNG2,0.6726541
5103,CCDC91,0.9280887
5104,DMTF1,0.9066828
5105,NWD1,0.84664655
5106,SLC25A18,0.7230063
5107,SCYL2,0.959512
5108,SPAG17,0.8884475
5109,TSSC4,0.93930966
5110,CAPG,0.79242116
5111,ZNF219,0.94483143
5112,UBQLN4,0.81720823
5113,KLHL24,0.74542594
5114,PPP1R8,0.9143036
5115,EHBP1L1,0.88384074
5116,RAB11FIP3,0.8365265
5117,HEY2,0.840691
5118,NTRK3,0.55883205
5119,MAP4K5,0.94385123
5120,MARCH5,0.9396277
5121,TERF1,0.9484928
5122,CDYL,0.866839
5123,MPHOSPH6,0.924226
5124,PHF1,0.8586563
5125,ACOT8,0.9219825
5126,CMAS,0.94023824
5127,TNS2,0.79502904
5128,GRIA1,0.70558566
5129,RAD50,0.9140135
5130,AHNAK2,0.78011554
5131,PLK2,0.70288444
5132,TINF2,0.91461444
5133,TMEM158,0.7485975
5134,MRPL9,0.9615005
5135,ENDOG,0.9216662
5136,MARF1,0.87973213
5137,CLIP1,0.8043411
5138,ARHGAP23,0.8037596
5139,STX4,0.8887339
5140,MAP3K19,0.93182665
5141,CANT1,0.81978625
5142,B3GALT6,0.92721575
5143,MRPS12,0.9466616
5144,EIF2A,0.82187307
5145,NIN,0.865094
5146,ANGPTL4,0.71286273
5147,MINCR,0.9109301
5148,CEBPZ,0.7513407
5149,FNBP4,0.8592174
5150,PCBP4,0.875709
5151,RRAS,0.88202095
5152,PEG10,0.8546158
5153,MUL1,0.9327074
5154,PELP1,0.8654466
5155,CSF1,0.7444881
5156,CCDC28B,0.9470846
5157,DHX36,0.91968256
5158,PHF20,0.8741457
5159,TOM1,0.8764557
5160,CXADR,0.9188211
5161,TMEM8A,0.7310248
5162,CAMK2B,0.50215644
5163,SUCLG2,0.8788757
5164,PHF2,0.972345
5165,CALY,0.8059515
5166,SUZ12,0.91325134
5167,KLHL5,0.7555967
5168,CCDC170,0.8568806
5169,TXNDC5,0.6861735
5170,EML3,0.8366276
5171,DNMT1,0.95264536
5172,TIMM44,0.944084
5173,RAE1,0.9040468
5174,CES2,0.9430984
5175,SMIM10L1,0.91536814
5176,PIP5K1C,0.8475239
5177,ARAP2,0.6914936
5178,CBX4,0.7158078
5179,CLUH,0.9016176
5180,ACAP1,0.8165758
5181,TTLL7,0.9297814
5182,KLF10,0.86836946
5183,MBD2,0.9165882
5184,KCTD2,0.8868897
5185,KLF3,0.8243075
5186,HSDL1,0.9075423
5187,ARFGAP1,0.8389889
5188,MRPL48,0.93709415
5189,GPR107,0.9279518
5190,ELOVL1,0.9104282
5191,NELFA,0.96482253
5192,CASTOR3,0.850412
5193,CHKA,0.907794
5194,MTHFS,0.8229377
5195,BMP5,0.74290997
5196,ZNF84,0.9596687
5197,SLC35F6,0.8913841
5198,KLHDC10,0.92731917
5199,KLF15,0.6698627
5200,CCDC6,0.8821919
5201,PPP6R1,0.9605517
5202,EBAG9,0.88492167
5203,NUMBL,0.8500311
5204,LAMP5,0.50170213
5205,TSPAN4,0.8346901
5206,MAATS1,0.920846
5207,SART3,0.9340942
5208,MKKS,0.87273103
5209,OLFM1,0.773288
5210,CCDC65,0.952396
5211,CD276,0.7314766
5212,PHYHIP,0.6036549
5213,DPM1,0.9182341
5214,TMEFF1,0.8222611
5215,CRY2,0.9133383
5216,EVA1B,0.757978
5217,SNHG10,0.9345285
5218,RAB6B,0.747036
5219,CARHSP1,0.9427597
5220,UBXN7,0.827235
5221,KBTBD2,0.89860344
5222,RRM1,0.923448
5223,TANK,0.8324215
5224,MED31,0.91172045
5225,GTF3C5,0.93932784
5226,DDX50,0.95038414
5227,ADD2,0.9376412
5228,TSEN15,0.95058364
5229,EMC1,0.9398348
5230,SNHG1,0.81228596
5231,ULK2,0.9611195
5232,ABCE1,0.9366604
5233,WDR41,0.7747638
5234,GOT2,0.93620145
5235,POMT2,0.9187304
5236,MAP1S,0.8551895
5237,BCAT2,0.7002588
5238,PHF6,0.93720746
5239,DAPK3,0.89337677
5240,DGKD,0.81940997
5241,ARHGEF10L,0.9238409
5242,FBXO32,0.9021256
5243,SCPEP1,0.78616256
5244,C2orf68,0.9387448
5245,MCM3,0.93318236
5246,MINK1,0.9444677
5247,ELF2,0.8956354
5248,ERO1A,0.82443434
5249,CCDC8,0.93988115
5250,IPO8,0.9589821
5251,DCHS1,0.8909104
5252,SART1,0.9362228
5253,LAMA4,0.71091056
5254,PHACTR2,0.8563001
5255,DOCK1,0.71190125
5256,MARK4,0.91094774
5257,RABL3,0.961898
5258,MRPS35,0.94205785
5259,CORO1C,0.8152266
5260,MTA3,0.8286894
5261,PHLPP1,0.91734433
5262,COP1,0.9598122
5263,PPID,0.96196747
5264,SEPTIN10,0.93726915
5265,IDH1,0.89118135
5266,EMG1,0.80463904
5267,PCNX1,0.87668234
5268,GTF3C4,0.9348581
5269,NEK1,0.91061026
5270,ANKS1A,0.95809346
5271,CDK17,0.8535237
5272,DUSP14,0.90534765
5273,PPP1R9A,0.8675993
5274,UNK,0.93870234
5275,SWAP70,0.84157556
5276,CD4,0.7317381
5277,ADK,0.8953255
5278,PCYT2,0.94317156
5279,BABAM2,0.9251623
5280,ADSS,0.8196241
5281,LHFPL6,0.7244901
5282,HEXB,0.83945334
5283,WRNIP1,0.8958501
5284,KIF1BP,0.9477699
5285,SDHAF3,0.8589413
5286,FOXK2,0.9078214
5287,NBAS,0.8114014
5288,ALDH4A1,0.5118969
5289,CHERP,0.9147322
5290,DRAM2,0.89045465
5291,ZCCHC14,0.94640213
5292,SLC12A4,0.81039184
5293,PTBP3,0.89588
5294,NKIRAS2,0.9182688
5295,REC8,0.8378393
5296,MAP3K7,0.8729963
5297,THAP7,0.9488157
5298,FUNDC1,0.9252277
5299,SLC35E1,0.77320856
5300,SPATA6,0.9452511
5301,SCAMP5,0.83926183
5302,ZNF275,0.8433562
5303,DDX19A,0.9607336
5304,PYM1,0.9146765
5305,NPHP1,0.9683174
5306,TTC4,0.9270806
5307,CELSR1,0.8826034
5308,SFXN1,0.92483747
5309,IDNK,0.85902005
5310,TRIM13,0.9120896
5311,ZBED5-AS1,0.7441636
5312,PHC3,0.909841
5313,IDH3A,0.89739126
5314,R3HDM2,0.9092979
5315,AHCYL2,0.75648063
5316,EHMT1,0.9305744
5317,MTSS1,0.6946114
5318,RYBP,0.86069447
5319,PPP1R15A,0.8472363
5320,PRR29,0.9450545
5321,NCOA6,0.91127867
5322,TRIP11,0.8624342
5323,STX6,0.86702114
5324,HMGCL,0.90976405
5325,C1QTNF3,0.81636083
5326,PLCE1,0.8632467
5327,GBP1,0.5546327
5328,SUMF1,0.8819098
5329,ORMDL2,0.8858896
5330,PGGT1B,0.9136927
5331,EXOSC10,0.873787
5332,CNOT9,0.94845927
5333,DUS1L,0.88634336
5334,PRKRIP1,0.9114159
5335,PIAS2,0.884013
5336,ABHD8,0.9400646
5337,SMIM15,0.7918612
5338,COMMD5,0.8652335
5339,SLC9A6,0.90561765
5340,RASA1,0.96676135
5341,EEF1E1,0.8993784
5342,HIBCH,0.9397633
5343,RHOT1,0.93262714
5344,USP19,0.94572586
5345,CERS5,0.85714054
5346,TNRC6C,0.88031065
5347,SACM1L,0.93509936
5348,INPP5A,0.93155307
5349,REST,0.8896387
5350,TBC1D20,0.9370164
5351,EML1,0.944298
5352,NCBP2AS2,0.91764295
5353,CCNH,0.96813846
5354,ANKRD28,0.8447363
5355,DLG1,0.93481547
5356,KLHL21,0.82117003
5357,TERF2,0.8904221
5358,OSBP,0.92946774
5359,DRC3,0.9410935
5360,LZTS2,0.91633534
5361,ARHGAP39,0.94059277
5362,TRABD,0.7681649
5363,RNF34,0.96344846
5364,PDZRN3,0.82291406
5365,FCGR2A,0.858494
5366,AGPAT4,0.8181931
5367,SLC6A11,0.90621316
5368,SAP30L,0.91955096
5369,ANO6,0.75831914
5370,H6PD,0.8607321
5371,FGF1,0.7905533
5372,C2orf88,0.74908274
5373,PIGC,0.9344603
5374,KRAS,0.91568834
5375,TMPO,0.9217594
5376,MEX3C,0.84196115
5377,ZNF711,0.9325821
5378,MAN2B2,0.8679955
5379,LYPLA1,0.81283855
5380,AP5M1,0.91067237
5381,SIK2,0.69865835
5382,ZFX,0.93899536
5383,P3H4,0.8850058
5384,FXR2,0.9296318
5385,PHYKPL,0.9321178
5386,RNF216,0.8985863
5387,NOP58,0.88058084
5388,CD93,0.6100401
5389,FAAP100,0.7591602
5390,SP1,0.8977389
5391,KCNG1,0.7734426
5392,USP48,0.9308706
5393,COL8A2,0.44446412
5394,FAT3,0.66662294
5395,DCTPP1,0.8707964
5396,KIF13A,0.86670536
5397,ZIC4,0.80028206
5398,LBR,0.9214367
5399,RCHY1,0.93648237
5400,CDC27,0.9111889
5401,SLC9A3R2,0.8775076
5402,MRNIP,0.95861316
5403,MIF4GD,0.9301129
5404,SAV1,0.92335016
5405,EPC1,0.92086244
5406,MFAP3L,0.7618616
5407,PJA1,0.8709053
5408,CTSO,0.8613203
5409,RRP36,0.94293076
5410,MYO9A,0.78165454
5411,DHX38,0.9291164
5412,PARP14,0.7400574
5413,MED11,0.91367984
5414,CLCC1,0.927819
5415,GBA2,0.89322907
5416,RANGRF,0.93284947
5417,HSPA4L,0.86707705
5418,FAM210B,0.82248616
5419,C1orf54,0.7244273
5420,RAB8B,0.70134044
5421,PDHX,0.91589224
5422,CERS4,0.9248033
5423,PLGRKT,0.91103417
5424,SLC7A1,0.72374237
5425,PALMD,0.81973535
5426,LYPLAL1,0.9103682
5427,ULK3,0.8697226
5428,FXYD5,0.847195
5429,PDPR,0.8263716
5430,ABCB8,0.92329603
5431,C8orf76,0.86421055
5432,UBA6,0.9010019
5433,CNOT3,0.9294184
5434,ZNF384,0.9278527
5435,CFLAR,0.8336292
5436,FAM193B,0.8777289
5437,TMEM108,0.87444234
5438,TSPYL4,0.78036314
5439,JPT2,0.91691834
5440,ADARB1,0.88312435
5441,GRAMD2A,0.8696766
5442,EXOSC8,0.92638284
5443,HEIH,0.93154234
5444,PHLDA3,0.8433891
5445,AOPEP,0.73451144
5446,NMD3,0.8633936
5447,SLAIN1,0.8819145
5448,USP1,0.90917337
5449,BRD9,0.8654832
5450,EIPR1,0.9458789
5451,PDE6D,0.9066223
5452,LY6E,0.72499424
5453,TUBGCP6,0.89071196
5454,PARP10,0.85373497
5455,CLIP4,0.8626595
5456,SMG5,0.91263175
5457,CRIM1,0.5399178
5458,SNRK,0.7751465
5459,ASMTL,0.85737634
5460,PRKAR2A,0.8822286
5461,CDC42EP1,0.6714677
5462,TTC14,0.8702318
5463,KANSL1,0.8861601
5464,TNFRSF21,0.57281655
5465,LEMD2,0.9380287
5466,OLFML1,0.8792274
5467,MAMLD1,0.80050355
5468,DYRK3,0.7740839
5469,CNOT6,0.91124535
5470,TMEM121,0.9358837
5471,EXOC1,0.8640161
5472,TFDP2,0.85533375
5473,UFSP2,0.9022644
5474,FSD1L,0.9398098
5475,AP3B1,0.9448852
5476,ESF1,0.62590414
5477,TMEM19,0.9228773
5478,CNPY4,0.9263832
5479,POM121C,0.90542376
5480,B3GALNT1,0.8703816
5481,MYCBP,0.9322762
5482,FOXJ3,0.8932566
5483,NID1,0.7760258
5484,PHF20L1,0.8546995
5485,CXXC1,0.92181516
5486,COL5A1,0.76134473
5487,PPP1R35,0.9200302
5488,BCL7B,0.80543864
5489,DESI1,0.92639107
5490,RSBN1,0.8275071
5491,ALDH18A1,0.9153236
5492,ZFP90,0.91525763
5493,SLC39A13,0.92136294
5494,ST6GALNAC3,0.8334021
5495,ERAL1,0.94652593
5496,UCKL1,0.8954759
5497,USP54,0.94874114
5498,NACC1,0.8383265
5499,CDK10,0.9242937
5500,AP3M2,0.93839055
5501,EXD3,0.9059067
5502,XPC,0.9324822
5503,TNFSF12,0.7588175
5504,PARP4,0.91195506
5505,TPST1,0.8528309
5506,KNDC1,0.8781424
5507,MORN4,0.9401503
5508,WDR90,0.85084623
5509,MSL3,0.9593602
5510,POGK,0.90389687
5511,ZBTB20,0.70651156
5512,USP40,0.94415647
5513,TMEM189,0.8345375
5514,BBS4,0.93180275
5515,GNG4,0.9042628
5516,SLC12A7,0.7759247
5517,PARP9,0.78832704
5518,PES1,0.9213008
5519,TRAF4,0.9365416
5520,COPS3,0.9050785
5521,COL5A2,0.88026863
5522,PLPBP,0.8777341
5523,PPP2R2D,0.9250263
5524,HSD17B14,0.8537168
5525,PTGES2,0.8015861
5526,BCL9L,0.9310791
5527,AQR,0.92008555
5528,PAN3,0.9467574
5529,GPCPD1,0.70295995
5530,USP39,0.9565415
5531,GATB,0.7609227
5532,PWP1,0.90111184
5533,AK4,0.7788988
5534,LNPK,0.6336748
5535,PLOD3,0.8726316
5536,CAPN10,0.88965565
5537,RNPEPL1,0.8799298
5538,MRPS17,0.95416415
5539,TCTA,0.92541003
5540,CHST1,0.6140795
5541,EPB41L1,0.76870215
5542,SNCAIP,0.9407511
5543,NDUFAF2,0.69185144
5544,FAM193A,0.9422382
5545,CASTOR2,0.94112784
5546,RCC1L,0.93034726
5547,AMIGO2,0.568556
5548,B3GNT9,0.92753655
5549,CEBPG,0.86408323
5550,SELENOO,0.82341653
5551,MSH6,0.89778554
5552,GRPEL1,0.9106417
5553,CSPP1,0.9433533
5554,ANKRD13D,0.93337953
5555,RETREG3,0.8927689
5556,ZNF511,0.9491279
5557,APOL2,0.6575416
5558,ARHGAP17,0.9189902
5559,AAAS,0.9366142
5560,IREB2,0.9051238
5561,ING5,0.92652243
5562,MFSD12,0.71943957
5563,PNPO,0.7789742
5564,TMCC3,0.8998966
5565,ANGPT1,0.613565
5566,AL691432.2,0.91965127
5567,RBFOX2,0.9071712
5568,HELZ,0.8610669
5569,CCDC30,0.929257
5570,RNF43,0.7553225
5571,SLC35E2A,0.8024799
5572,CSTF2T,0.9402998
5573,PADI2,0.64194864
5574,KLHDC8B,0.76443475
5575,USP24,0.92507195
5576,PEAK1,0.8256822
5577,TRIM52-AS1,0.95058304
5578,UBR7,0.8746167
5579,IRF3,0.91647154
5580,AAMDC,0.82854027
5581,PRSS23,0.80241793
5582,UTP6,0.94341296
5583,MAML2,0.88750726
5584,CFAP410,0.9140331
5585,SOS1,0.9572682
5586,ZC3H4,0.9380383
5587,UPF2,0.86595386
5588,PDE4D,0.52840525
5589,EFS,0.97731435
5590,KIAA0556,0.9248129
5591,RIF1,0.88646597
5592,RAB4B,0.9574174
5593,APBB2,0.92336327
5594,TNXB,0.77506614
5595,EFR3B,0.9192154
5596,PIP4P1,0.8954174
5597,GIGYF1,0.89638704
5598,TPST2,0.7692023
5599,KRR1,0.9280231
5600,DCAF13,0.92389005
5601,SOBP,0.7776425
5602,MON1B,0.83239836
5603,GNPTAB,0.8689974
5604,LZTR1,0.90698487
5605,HPF1,0.90559006
5606,CCNDBP1,0.8171686
5607,ST8SIA1,0.68974155
5608,CKS1B,0.8990145
5609,MIEF1,0.91353106
5610,RC3H2,0.93098295
5611,HOGA1,0.9222948
5612,STK11IP,0.9406055
5613,CARS,0.8287064
5614,ZNF688,0.9237856
5615,ZMAT1,0.8482107
5616,STK36,0.89548594
5617,SURF2,0.9518358
5618,LPIN1,0.70313483
5619,RNF24,0.7789043
5620,MTREX,0.95710474
5621,VWA5A,0.7396133
5622,IQCA1,0.93546677
5623,GSS,0.959735
5624,ATM,0.86366975
5625,PTDSS1,0.8716572
5626,TMEM41B,0.95157677
5627,DHTKD1,0.85698694
5628,ELP5,0.8770756
5629,UBE3C,0.8928036
5630,ZNF853,0.9268863
5631,HLTF,0.93888754
5632,SEC24B,0.8986706
5633,GPATCH8,0.86435217
5634,CYREN,0.880196
5635,APPL2,0.90023416
5636,MINDY2,0.731752
5637,ANAPC15,0.95341474
5638,SOCS4,0.93745345
5639,NOMO1,0.9395386
5640,STK16,0.9142111
5641,SERPINB1,0.71087
5642,DHRSX,0.87782025
5643,FBXL7,0.94088936
5644,IKBKB,0.92705154
5645,ZFPL1,0.8972606
5646,VASP,0.86357766
5647,ASF1A,0.8314358
5648,SNX21,0.93557715
5649,MGAT5,0.7858007
5650,TCTN2,0.93776554
5651,ZNRD2,0.9118036
5652,MMP14,0.6243357
5653,PITRM1,0.9228281
5654,SH3YL1,0.9411733
5655,MDFIC,0.86080736
5656,MTERF4,0.9356425
5657,RBM7,0.88989663
5658,EIF4E3,0.88936275
5659,EXTL2,0.8911778
5660,PCYT1A,0.9265234
5661,TNKS1BP1,0.7892744
5662,MRPL19,0.72265
5663,FAM131A,0.89386976
5664,HCN1,0.76604503
5665,CLHC1,0.9670445
5666,SNCG,0.7435942
5667,ACTL6A,0.94627535
5668,GATAD2B,0.9038506
5669,C6orf226,0.9115379
5670,RHOBTB2,0.939633
5671,SYNJ2BP,0.8047629
5672,NIT1,0.9552832
5673,DMKN,0.8672667
5674,SNAPC3,0.93426794
5675,THUMPD1,0.9585409
5676,VRK3,0.9009685
5677,TCAIM,0.9463839
5678,EPB41L5,0.86655694
5679,MMS19,0.8317171
5680,NT5C3A,0.9374504
5681,UBE2E2,0.79416174
5682,AMOTL1,0.90535474
5683,PPIL4,0.81985575
5684,ZNF451,0.92477494
5685,IFRD1,0.8351068
5686,LDB2,0.8538609
5687,OXCT1,0.8740601
5688,GSR,0.9446924
5689,TDP2,0.8684128
5690,VIRMA,0.899839
5691,HLA-DMB,0.69954056
5692,PTGR1,0.93464124
5693,SESTD1,0.8600544
5694,TMEM170B,0.93922746
5695,RPP25L,0.8844687
5696,AQP4-AS1,0.8308916
5697,TADA2B,0.96964437
5698,CBL,0.9354723
5699,SENP7,0.95139784
5700,ATG101,0.9529086
5701,TSNAXIP1,0.959533
5702,ADM,0.64363176
5703,SOX11,0.71963346
5704,UTP11,0.9652868
5705,RALGAPA1,0.8529282
5706,PLIN2,0.7372315
5707,HTT,0.94130075
5708,ARHGEF9,0.9455128
5709,HCG11,0.79466826
5710,KRCC1,0.9585912
5711,NCDN,0.80222285
5712,SAP30,0.76373935
5713,PNP,0.6897719
5714,CCDC24,0.9429649
5715,TMEM65,0.863364
5716,MYO15B,0.86958796
5717,CSPG5,0.74981326
5718,ZDHHC14,0.89822906
5719,ORC3,0.86024565
5720,CCDC57,0.9106047
5721,THAP4,0.91681486
5722,TUBG1,0.93965346
5723,RBM33,0.8799878
5724,TP53INP1,0.8273032
5725,BAALC-AS1,0.76275516
5726,CEP95,0.9399853
5727,MYCBP2,0.8509529
5728,WDR73,0.9301291
5729,CREB5,0.7810059
5730,ATP10A,0.75406575
5731,SNAPC5,0.91424567
5732,CXCL5,0.6833222
5733,ZNF330,0.76893574
5734,AKIP1,0.92688787
5735,GLRX,0.8309117
5736,CD302,0.86266875
5737,FAM20B,0.9106768
5738,PDE4B,0.5863955
5739,ZNF787,0.80590993
5740,D2HGDH,0.8953753
5741,MARCH2,0.7560143
5742,MGST2,0.8810621
5743,TMX3,0.919413
5744,CLBA1,0.93316495
5745,PPP2R5A,0.9313301
5746,TTC21A,0.9149731
5747,STAMBP,0.8725033
5748,STAB1,0.83583355
5749,CARS2,0.9366262
5750,DYNLT3,0.725054
5751,EIF2B5,0.9059775
5752,PLEKHG1,0.9248039
5753,ARID4A,0.7582054
5754,AL357093.2,0.80004007
5755,THAP11,0.88219494
5756,POP4,0.9551187
5757,SALL1,0.78569394
5758,MED21,0.9284128
5759,PTPN2,0.72141415
5760,SNX12,0.9177091
5761,CABCOCO1,0.84539527
5762,ILF3-DT,0.7578148
5763,GTF3C2,0.9486789
5764,DHRS7B,0.91093105
5765,IGSF8,0.89526695
5766,TFAM,0.9147473
5767,HIST2H2BE,0.6316357
5768,PPME1,0.9026274
5769,RRM2B,0.7481129
5770,LIMK2,0.69970155
5771,NNT-AS1,0.8154283
5772,PHF21A,0.9400583
5773,SAMD4A,0.80732846
5774,PPP2R3B,0.9069582
5775,ELL2,0.8761757
5776,DNAAF5,0.9595821
5777,ARL6IP6,0.8196432
5778,RWDD4,0.9343415
5779,FAM120B,0.93168736
5780,MAP3K11,0.93821853
5781,SLC14A1,0.4920891
5782,NF2,0.88997084
5783,POFUT1,0.89661217
5784,FANK1,0.9209421
5785,RAB29,0.7083355
5786,PKN2,0.89566994
5787,BLMH,0.9374012
5788,ASH2L,0.94153523
5789,RPRD1B,0.95074755
5790,DIP2C,0.9295288
5791,PRPSAP2,0.9574728
5792,PDLIM1,0.85628676
5793,GTF2IRD2B,0.9451115
5794,CLK3,0.89764553
5795,DIAPH1,0.81152934
5796,GFPT1,0.88929063
5797,RBM4B,0.9294636
5798,SLC2A5,0.7524576
5799,PLS3,0.6938619
5800,RAPGEF2,0.925889
5801,C1orf21,0.8579352
5802,ZNF593,0.8967237
5803,PIGP,0.7500934
5804,ECSIT,0.9276882
5805,KLHL7,0.876821
5806,INAFM2,0.9068853
5807,EHD2,0.8198523
5808,POU2F1,0.92294574
5809,RYK,0.94854397
5810,USP3,0.80400884
5811,REEP6,0.9144358
5812,FZD1,0.9497502
5813,EIF2B4,0.75216943
5814,SGSM3,0.9118191
5815,BAZ2A,0.8685818
5816,GNL3,0.89241105
5817,UTRN,0.8999749
5818,CDC25B,0.74964404
5819,ANKZF1,0.90202385
5820,ZNF226,0.91664594
5821,AEBP2,0.9282895
5822,NCOA5,0.83632106
5823,SCIN,0.77082497
5824,SLC25A28,0.8382185
5825,COPZ2,0.6124311
5826,CEP57,0.8981383
5827,ZBTB41,0.8004717
5828,LFNG,0.8156393
5829,DNASE2,0.8184725
5830,URB1,0.8743716
5831,MTUS1,0.9191749
5832,RAMAC,0.9081217
5833,MFSD14A,0.8402246
5834,CRTC3,0.871842
5835,DEDD,0.9288397
5836,GCLM,0.786393
5837,MLH1,0.92198104
5838,DYRK1B,0.9253632
5839,KLF7,0.6653948
5840,SHC2,0.6974831
5841,FURIN,0.845108
5842,MTM1,0.93976593
5843,TAPT1,0.8619587
5844,ZC3H6,0.90635186
5845,RCAN3,0.9338262
5846,FARSB,0.91114277
5847,ZNF3,0.88877106
5848,FOXK1,0.77819306
5849,UNC119,0.8866343
5850,QSOX1,0.7655371
5851,PDP1,0.7596899
5852,PC,0.84335744
5853,ARMC8,0.9179189
5854,PNPLA7,0.81383204
5855,ACAT2,0.78879166
5856,C2CD2,0.8465059
5857,BIRC6,0.9392443
5858,MRPL32,0.9031802
5859,GALNT11,0.785594
5860,UNC13B,0.94727
5861,CCDC191,0.9289093
5862,CITED2,0.7810478
5863,KATNBL1,0.9460844
5864,TAOK3,0.9188482
5865,C15orf40,0.8968302
5866,UGGT1,0.88650614
5867,SSX2IP,0.9428087
5868,GON4L,0.8951521
5869,DIPK2A,0.88795525
5870,LYRM7,0.89126563
5871,CASTOR1,0.8497334
5872,NCBP3,0.93339163
5873,ACTR6,0.9226525
5874,ZDHHC7,0.95559573
5875,TGFBR2,0.7621189
5876,UNC93B1,0.7213943
5877,PHF11,0.89279485
5878,TP53,0.95602
5879,ACYP1,0.9175608
5880,SLC25A38,0.92733157
5881,SHC1,0.8300215
5882,SCRN2,0.95234716
5883,SYNGR2,0.8230158
5884,KDM5A,0.8549158
5885,TMF1,0.82116187
5886,COQ5,0.9414221
5887,SLC2A10,0.92755145
5888,TNFRSF19,0.95329595
5889,CLK4,0.8357569
5890,ZNF652,0.90067023
5891,TRNAU1AP,0.8909593
5892,SLAIN2,0.8597145
5893,ASAP2,0.889611
5894,PTGR2,0.9090246
5895,CRELD1,0.8750519
5896,DAXX,0.9300824
5897,GABPA,0.88751334
5898,DDX54,0.93668115
5899,SMIM12,0.8224254
5900,MTOR,0.9401397
5901,ERGIC2,0.7012305
5902,ABTB1,0.79533
5903,SNHG3,0.80126536
5904,ACO1,0.9530135
5905,KAT6B,0.61287874
5906,ANKRD6,0.95814127
5907,NKAP,0.81976485
5908,SUSD4,0.63299215
5909,CX3CL1,0.67320067
5910,MAPK9,0.9379911
5911,STAM2,0.9515709
5912,NEU1,0.8104864
5913,VPS53,0.86473733
5914,STYXL1,0.8530126
5915,CFAP44,0.91710436
5916,TPD52,0.6778468
5917,TSPOAP1,0.6779351
5918,MADD,0.8822678
5919,PIGG,0.9148384
5920,ZNHIT6,0.8938824
5921,CAMSAP1,0.94617444
5922,CCDC59,0.69561094
5923,EXOSC4,0.96420443
5924,DROSHA,0.9421892
5925,AC018521.5,0.8350967
5926,CASP3,0.92264444
5927,GTPBP4,0.87091637
5928,ABCA8,0.81814265
5929,BOLA1,0.94322777
5930,RABGEF1,0.93507123
5931,AC012146.1,0.7868549
5932,ZNF768,0.95591396
5933,SPI1,0.744245
5934,FRMD4A,0.86393553
5935,WASHC4,0.8375696
5936,COG2,0.91426045
5937,SLC30A5,0.9026377
5938,ICE2,0.93343985
5939,NFIL3,0.78750855
5940,NAPG,0.86788577
5941,GMPS,0.8674852
5942,HIVEP2,0.6445138
5943,ALYREF,0.925359
5944,PAXBP1,0.9077664
5945,LINC00665,0.9561542
5946,HERC4,0.9371849
5947,WIPF1,0.6147876
5948,XRCC1,0.95532984
5949,C1orf226,0.9289402
5950,PER3,0.6551072
5951,CEP63,0.90262085
5952,DUSP22,0.940416
5953,CLCN6,0.9507193
5954,AMPD2,0.88620085
5955,ZCCHC3,0.9031505
5956,GPN1,0.86589056
5957,FCHSD2,0.8658586
5958,ARMCX2,0.81216985
5959,ENDOD1,0.8166988
5960,KIAA0895L,0.8955972
5961,KLHL22,0.8704084
5962,AKNA,0.87827414
5963,RSPH4A,0.94881725
5964,PTBP2,0.93327445
5965,MAPK8,0.8592031
5966,FAIM,0.911248
5967,LATS1,0.794107
5968,DIS3L,0.88589185
5969,CYB561A3,0.9456586
5970,TIMM21,0.94323003
5971,TNFSF13,0.56843084
5972,KBTBD4,0.9195166
5973,RNF170,0.87985003
5974,WWP2,0.88170934
5975,IPO11,0.87337893
5976,NFKBIL1,0.91473025
5977,UHRF1,0.88217634
5978,RNF14,0.93021584
5979,MTG1,0.93015856
5980,DCAF16,0.89960593
5981,CASKIN2,0.9442364
5982,UBE2W,0.84553224
5983,ZNF827,0.9268465
5984,FZD6,0.946491
5985,PRXL2B,0.9333829
5986,RNASEH2B,0.83016354
5987,TPT1-AS1,0.8178942
5988,DPH3,0.8929712
5989,AGPS,0.87012905
5990,AGO1,0.8898745
5991,PPFIA2,0.6077826
5992,TCERG1,0.923016
5993,NSUN5,0.87514216
5994,MTERF2,0.9131304
5995,MS4A6A,0.69219184
5996,TCF7L1,0.8608093
5997,FAHD2A,0.9137119
5998,ZFPM1,0.82674545
5999,BTBD3,0.88565105
6000,MAP7,0.86619943
6001,POM121,0.90783346
6002,ZNF280D,0.82710874
6003,EEF1AKMT1,0.9380807
6004,TNR,0.54694474
6005,AAGAB,0.7970615
6006,PXDC1,0.8176566
6007,TRIM24,0.92010504
6008,SNAPC1,0.84086263
6009,RBM27,0.82002074
6010,HCLS1,0.8307771
6011,FAM13A,0.88910234
6012,UNG,0.97061753
6013,COG8,0.86550355
6014,IL17RC,0.9014642
6015,LARP6,0.8336138
6016,ATIC,0.8403627
6017,NAGLU,0.85603976
6018,GOPC,0.94896203
6019,CEP89,0.9329895
6020,SLF2,0.88593215
6021,BLOC1S4,0.88847136
6022,RRAD,0.6837363
6023,BTBD6,0.86161923
6024,SCUBE2,0.818784
6025,CDH4,0.6632907
6026,COL22A1,0.647523
6027,MOSPD3,0.86519563
6028,ZNF83,0.87920386
6029,PROS1,0.847454
6030,FIP1L1,0.9034474
6031,CARD8,0.8613718
6032,MRPL35,0.88488275
6033,MYO5A,0.8724962
6034,MRPL58,0.90139157
6035,NUP214,0.8830706
6036,ELP1,0.94198495
6037,PCDH10,0.7946144
6038,NEK5,0.8992633
6039,SLC1A2,0.3526595
6040,PIGK,0.9622872
6041,CFAP46,0.93166465
6042,TOMM34,0.91825694
6043,NCAPH2,0.79786795
6044,CALB1,0.68080467
6045,CYB5D1,0.9124305
6046,SOCS5,0.87391704
6047,TARBP1,0.81440216
6048,BTBD7,0.8128162
6049,MRPL16,0.8806705
6050,TOMM70,0.9520283
6051,CDH22,0.680117
6052,PPP1R18,0.7838591
6053,RNF144A,0.8634804
6054,LPGAT1,0.7309547
6055,TSPAN18,0.6857952
6056,TTLL5,0.9539436
6057,MYOF,0.8354462
6058,GSDMD,0.7452532
6059,RNF185,0.84989256
6060,TOR1A,0.9429504
6061,AC093323.1,0.9506561
6062,OLMALINC,0.7572617
6063,STARD10,0.83346516
6064,B3GNT5,0.77642196
6065,DKC1,0.92842007
6066,MOB2,0.9225274
6067,CMC1,0.7979136
6068,ARHGEF6,0.67069286
6069,PCGF3,0.8348112
6070,CACFD1,0.8242817
6071,FBXO8,0.8938661
6072,DGAT1,0.90081537
6073,SMARCD1,0.9148166
6074,MCCC1,0.9439542
6075,ZNF592,0.93714815
6076,TRIM4,0.82214093
6077,VARS2,0.8932609
6078,ATG2A,0.94164926
6079,NEK6,0.8776028
6080,NRAV,0.9326519
6081,MYC,0.7611748
6082,SNRNP35,0.94909596
6083,PSRC1,0.61260325
6084,PLEKHA2,0.82004833
6085,TAF11,0.9119095
6086,VARS,0.8328653
6087,KIF13B,0.8658853
6088,SOCS6,0.8432234
6089,ILRUN,0.8684261
6090,AKAP8,0.81006414
6091,ZC3H7A,0.9019137
6092,CISD3,0.89455706
6093,SUDS3,0.93826526
6094,ELMOD2,0.9144156
6095,TMEM176B,0.6271238
6096,CYTH3,0.7875418
6097,ITPR1,0.7529095
6098,FTSJ3,0.926735
6099,LRRC46,0.81747645
6100,FAN1,0.90907097
6101,APIP,0.9539025
6102,ZNF483,0.7695275
6103,PLSCR1,0.8064212
6104,PPARGC1A,0.82317924
6105,VPS11,0.9372223
6106,B4GALT7,0.880856
6107,TLE3,0.8254585
6108,CD109,0.69007987
6109,SMG6,0.93403184
6110,STAU2,0.88345796
6111,DNAJC13,0.8160913
6112,BTRC,0.9202353
6113,AL451165.2,0.8184313
6114,KAT7,0.85339487
6115,ZNF639,0.90152514
6116,RPF2,0.77087504
6117,MRPS10,0.95003074
6118,ASRGL1,0.922476
6119,LSM14B,0.90621114
6120,DHCR7,0.65387183
6121,GALNT3,0.8668678
6122,SLC11A1,0.7102499
6123,TMEM74,0.7911797
6124,RIBC1,0.9276302
6125,PKP4,0.8424254
6126,CHCHD6,0.9046212
6127,TRO,0.81477046
6128,INF2,0.7845426
6129,FAXDC2,0.72301507
6130,RPP30,0.94800836
6131,WDR5,0.906825
6132,BCL2L13,0.8840566
6133,CD53,0.8547941
6134,S100PBP,0.9497
6135,DCUN1D4,0.94880414
6136,PHKG1,0.6461963
6137,CATIP,0.9233453
6138,TMEM11,0.9612331
6139,FAM136A,0.91498035
6140,TRAK2,0.8487638
6141,NGEF,0.6678447
6142,GAR1,0.8525522
6143,ABCB7,0.9258984
6144,SPOUT1,0.919684
6145,CCDC34,0.6069981
6146,FAM214A,0.89085674
6147,MRPL49,0.92722946
6148,DMPK,0.9299397
6149,ACSL4,0.74618906
6150,MTX2,0.89971143
6151,OLFML3,0.5817404
6152,RNF41,0.9011919
6153,CUL9,0.86324304
6154,RNMT,0.6576721
6155,TLCD3A,0.8544794
6156,DPYSL5,0.592745
6157,PPFIBP1,0.78998107
6158,C2orf74,0.7498365
6159,HMCES,0.92970693
6160,VAC14,0.89787173
6161,MTMR6,0.91475546
6162,TMEM128,0.85878944
6163,ARMCX1,0.9435492
6164,RGN,0.89340913
6165,BICD2,0.9063211
6166,NOL9,0.92549014
6167,FAM89A,0.8247998
6168,CCDC127,0.9445734
6169,MMGT1,0.83304065
6170,AKAP14,0.93905866
6171,ALAD,0.80170494
6172,LANCL2,0.89777315
6173,TMTC3,0.85743314
6174,CCDC153,0.85098207
6175,APBB3,0.9160046
6176,GOLPH3L,0.86087096
6177,ELP6,0.91961855
6178,C8orf34,0.9389471
6179,ADO,0.85411364
6180,AKAP17A,0.86954856
6181,NCOA2,0.93788683
6182,ZNF771,0.911844
6183,ERBB4,0.8035764
6184,SLC16A4,0.83195215
6185,SPAST,0.92064434
6186,DNAH7,0.9564445
6187,HERPUD2,0.83703333
6188,ATF7,0.8215916
6189,CEP112,0.8713592
6190,KDM2A,0.90749717
6191,DVL2,0.91842616
6192,DNAJB4,0.9117187
6193,ZC2HC1A,0.9437765
6194,CTNNBL1,0.7463444
6195,TBL1X,0.8884802
6196,INAFM1,0.76417965
6197,PRRC1,0.91442305
6198,DCK,0.84807897
6199,C19orf48,0.93319345
6200,KMT2B,0.78905624
6201,RBMS1,0.7286141
6202,HSD11B1L,0.77416986
6203,TCEAL7,0.805224
6204,DERA,0.7925972
6205,NEDD9,0.83320963
6206,TRMT61A,0.9128228
6207,PREB,0.8888026
6208,POLR2D,0.91768354
6209,BRMS1,0.89499146
6210,NTMT1,0.8134968
6211,GEMIN8,0.90264875
6212,DENND2A,0.95288175
6213,IQGAP2,0.5523965
6214,AL121827.2,0.54365516
6215,MEIS3,0.83115107
6216,SETD5,0.8534555
6217,OSCP1,0.8867869
6218,DNAJC18,0.9354553
6219,RPF1,0.8746872
6220,TUSC1,0.77286726
6221,RAB12,0.7333918
6222,ZNF410,0.88427484
6223,GAP43,0.7326774
6224,FLYWCH1,0.9445822
6225,IFIT5,0.94328195
6226,AP004609.3,0.8711147
6227,DNAJB5,0.6540139
6228,KATNB1,0.903722
6229,USP38,0.91335523
6230,ABCB9,0.5520578
6231,AC015922.3,0.90874
6232,WDR59,0.91706395
6233,EID2,0.9638412
6234,BPHL,0.9380678
6235,LPAR3,0.7064235
6236,ZBED3,0.82246166
6237,SLC38A5,0.81969035
6238,SUPT20H,0.90736234
6239,MGRN1,0.92580694
6240,VPS37B,0.81896955
6241,CHST12,0.8624481
6242,TPCN1,0.8134124
6243,SLC25A53,0.93135333
6244,SECISBP2,0.8912743
6245,RFK,0.85852903
6246,TATDN2,0.7858423
6247,RNF6,0.90611166
6248,C20orf194,0.8750274
6249,RTCA,0.94652456
6250,PPP2R2C,0.79556745
6251,ZDHHC8,0.964323
6252,VAMP7,0.9462635
6253,NAGA,0.92312187
6254,SNHG12,0.85916805
6255,HECTD4,0.7768484
6256,TMPRSS5,0.92236096
6257,GDAP1,0.83761173
6258,PAWR,0.74593216
6259,DHRS4-AS1,0.9081848
6260,TBC1D13,0.9514339
6261,KHDRBS3,0.7641495
6262,BTBD11,0.557715
6263,C5orf56,0.7670208
6264,MRPL44,0.8239219
6265,PAQR3,0.9243847
6266,SORCS2,0.7761478
6267,RSPRY1,0.8571251
6268,LAS1L,0.94168603
6269,FRRS1L,0.87244076
6270,MIER1,0.89532334
6271,NUDT2,0.9332466
6272,ZNF516,0.86606944
6273,TMEM60,0.91349185
6274,NR4A1,0.6538376
6275,MED14,0.94848937
6276,SRGAP2B,0.7754872
6277,RAB2B,0.8891012
6278,DNAJB14,0.8735393
6279,RNF138,0.83319765
6280,GFOD2,0.87297666
6281,SS18L2,0.86136603
6282,NSDHL,0.95107466
6283,UTP3,0.857766
6284,C3orf14,0.81006616
6285,BBOF1,0.9660749
6286,UGDH,0.6589855
6287,KIAA2026,0.8553198
6288,REEP1,0.9279969
6289,HECA,0.85964686
6290,ANGEL2,0.9260433
6291,NAP1L5,0.8640897
6292,TENT2,0.93019694
6293,CPSF3,0.90765023
6294,C5orf38,0.81313056
6295,PELI1,0.8662975
6296,CMTR1,0.9009386
6297,INSIG2,0.81761855
6298,LMAN2L,0.9167738
6299,CWC27,0.67660666
6300,GOT1,0.8827786
6301,PEG3,0.79042
6302,DYNC1LI1,0.88631815
6303,SOX6,0.6898379
6304,SMURF2,0.8848668
6305,CYLD,0.7017005
6306,TDRD3,0.93171537
6307,PHETA1,0.84143025
6308,NUTM2A-AS1,0.9065418
6309,PITPNA-AS1,0.85614467
6310,CASD1,0.93110776
6311,SLC22A23,0.76010513
6312,TTLL1,0.94526124
6313,LLGL1,0.75112873
6314,ST3GAL4,0.8677507
6315,FRMD6,0.7691594
6316,VPS16,0.9598457
6317,STK39,0.87086874
6318,EIF4EBP3,0.84976715
6319,PHYH,0.9416849
6320,POLN,0.53678596
6321,PYGO2,0.9120421
6322,ULK1,0.8470139
6323,DIRAS1,0.7234003
6324,CALML4,0.727924
6325,DNAL4,0.94839036
6326,EEF1A1,0.8633966
6327,SMC5,0.7963463
6328,NSD1,0.8510487
6329,RNF166,0.92406195
6330,FNTB,0.9132181
6331,E2F5,0.89341986
6332,PSKH1,0.94425195
6333,IGF2R,0.9606076
6334,HBS1L,0.792862
6335,CEP350,0.83699095
6336,MEF2D,0.8912618
6337,ZNF783,0.7893762
6338,ZNF362,0.96089894
6339,HPS1,0.8702034
6340,UAP1,0.83153254
6341,PDK3,0.67364174
6342,AAR2,0.9015283
6343,PRKCI,0.9147559
6344,C2orf81,0.91314715
6345,NQO1,0.8247268
6346,PARP8,0.9336506
6347,SEPHS2,0.9282658
6348,TRAF3IP1,0.9034985
6349,TBL3,0.880061
6350,MRTFB,0.88850915
6351,EFHC2,0.94228214
6352,FNDC3B,0.72320205
6353,ANTXR2,0.847961
6354,ZC3HAV1,0.8991902
6355,ELK1,0.795224
6356,CDK19,0.70608735
6357,LZTS3,0.67460704
6358,ICE1,0.8995378
6359,BTD,0.9494143
6360,ALG2,0.83825165
6361,ECHDC2,0.78627354
6362,KCTD1,0.9421559
6363,UCP2,0.7709088
6364,PTS,0.9015099
6365,IQCD,0.9480736
6366,MED12,0.9431805
6367,SLC35E2B,0.7874593
6368,DYM,0.8704887
6369,ACSS3,0.8126291
6370,ASNSD1,0.87386996
6371,ZNF672,0.9282211
6372,KCTD5,0.90638995
6373,RASL12,0.59795165
6374,CTNNAL1,0.8369394
6375,PTP4A3,0.8621185
6376,SIKE1,0.8483612
6377,DNAJA3,0.91434485
6378,SLC12A2,0.8245773
6379,TMEM101,0.9570839
6380,RDH14,0.91342837
6381,TWF2,0.8719976
6382,GADD45A,0.8379664
6383,PRR5L,0.9354629
6384,ENPP4,0.6175036
6385,AC007325.4,0.8598934
6386,ARHGAP31,0.84477925
6387,AC060780.1,0.9389581
6388,MED1,0.9407732
6389,NAIP,0.84964085
6390,MCUB,0.6128811
6391,PMS2,0.82816756
6392,DDX27,0.8511732
6393,GOSR1,0.83717626
6394,ARNTL,0.9585462
6395,HMGN5,0.8218369
6396,SIAH1,0.82566565
6397,PLEKHO2,0.8199924
6398,PEX6,0.79850316
6399,TMEM214,0.92878795
6400,EIF2AK4,0.9322554
6401,ZDHHC24,0.8175712
6402,WASHC5,0.82719916
6403,RAB30-DT,0.9507304
6404,CGRRF1,0.88268507
6405,SPTLC2,0.93386495
6406,CENPT,0.90013236
6407,AL031056.1,0.5654816
6408,PPP2R5D,0.8704727
6409,RBM18,0.9408365
6410,SERTAD3,0.8831507
6411,ALG9,0.83095527
6412,PPP1R42,0.8659794
6413,FAF1,0.8689793
6414,PIEZO1,0.81874466
6415,DIS3,0.92341536
6416,ZBTB48,0.9414619
6417,CHMP7,0.92914754
6418,UBR3,0.92554724
6419,OXSR1,0.823041
6420,ATXN7L3,0.8723387
6421,NEPRO,0.87941796
6422,YEATS2,0.8898853
6423,UFL1,0.8561209
6424,MAPK14,0.90609384
6425,DLAT,0.8934955
6426,MKNK1,0.8812614
6427,PPARG,0.77860814
6428,SNHG30,0.88844717
6429,UTP18,0.9256596
6430,RRAGB,0.94782156
6431,TMEM199,0.88528675
6432,TXNRD2,0.9121252
6433,MEGF10,0.5781446
6434,UBE3B,0.922442
6435,PHKG2,0.9090837
6436,FTX,0.84158117
6437,HNRNPA1P48,0.77281195
6438,POLI,0.91892713
6439,GLMP,0.77153933
6440,ZFAND2A,0.7631176
6441,GNPDA1,0.83497673
6442,ING1,0.8429785
6443,STARD13,0.88998526
6444,TEX2,0.8551166
6445,KDM6B,0.8716269
6446,MARK2,0.9471831
6447,SLC15A4,0.9242677
6448,SRPRA,0.6484832
6449,REV3L,0.8237539
6450,MARCH8,0.93058974
6451,FOPNL,0.91908413
6452,CNN2,0.8453044
6453,NUP58,0.7928681
6454,WDR91,0.88163644
6455,NR1D2,0.74561083
6456,HAGHL,0.92831385
6457,PRKG1,0.869029
6458,TRMT10C,0.9317995
6459,WSCD1,0.8745881
6460,HDHD5,0.92644995
6461,RAB28,0.8433096
6462,SMAD3,0.85900724
6463,B3GAT2,0.8264611
6464,C11orf95,0.9078085
6465,ST6GALNAC4,0.8602874
6466,CREBRF,0.6545923
6467,COG7,0.9044651
6468,PIGU,0.8875481
6469,DBT,0.8968025
6470,HLA-F,0.8728886
6471,C12orf75,0.76338583
6472,LMNB2,0.69883025
6473,FDX2,0.8598648
6474,UBAP2,0.8021343
6475,ACOT9,0.8615601
6476,LINC01094,0.7104206
6477,SHLD2,0.87001497
6478,ZKSCAN8,0.9556055
6479,MGAT2,0.8664997
6480,EZH1,0.88068026
6481,SP100,0.77983767
6482,IRGQ,0.9458469
6483,ABHD17B,0.91008705
6484,KLHL36,0.90231794
6485,RAB32,0.7014786
6486,ERAP1,0.63054717
6487,NUP188,0.85250854
6488,RASA3,0.83667797
6489,ZNF446,0.90409225
6490,TMEM63B,0.7882217
6491,MPP6,0.8341648
6492,SMG9,0.9090981
6493,SMARCD2,0.8805925
6494,PRUNE2,0.47889432
6495,KCNIP3,0.86376166
6496,OLFML2A,0.9034951
6497,AP002360.1,0.8143753
6498,NDUFAF4,0.8118862
6499,GMFG,0.6781529
6500,INTS8,0.9045511
6501,SMNDC1,0.8279819
6502,C7orf26,0.7614006
6503,TMEM185A,0.93458
6504,PGS1,0.92145735
6505,TEX9,0.9423643
6506,PID1,0.6461494
6507,TAF12,0.9118767
6508,SLC15A3,0.7680242
6509,UBE4B,0.90182287
6510,PRKAB1,0.91635364
6511,CBWD1,0.90359956
6512,LRRC75B,0.79575676
6513,SCG2,0.58713716
6514,REPS1,0.8566803
6515,NRIP1,0.8144203
6516,ZFHX3,0.670944
6517,PEX16,0.8559261
6518,ARHGEF10,0.7080831
6519,ARHGAP4,0.77382946
6520,CCDC113,0.9298021
6521,NIT2,0.9072779
6522,MYO1B,0.84266794
6523,FBN1,0.8781248
6524,SOS2,0.86103785
6525,MPPE1,0.8990373
6526,LINC00963,0.8425354
6527,DMAC2L,0.89978004
6528,CEPT1,0.7912855
6529,CLN3,0.9255463
6530,MRTO4,0.9240272
6531,DIP2A,0.86836284
6532,COX15,0.92642236
6533,RAVER2,0.91950375
6534,RASL10A,0.7639107
6535,ACOT7,0.8598238
6536,INPP5D,0.84372944
6537,UXS1,0.81289786
6538,CENPV,0.799355
6539,PGP,0.89054316
6540,AC118549.1,0.9025728
6541,WBP4,0.79641706
6542,DGKZ,0.8388075
6543,RGS11,0.75091743
6544,TRUB2,0.92208594
6545,NUP93,0.81912446
6546,AFTPH,0.8726782
6547,PHF5A,0.9332989
6548,KMT5A,0.95792484
6549,NCLN,0.84473836
6550,GMNN,0.7790009
6551,MAPK7,0.9457583
6552,GRIPAP1,0.835042
6553,HOXB2,0.6725167
6554,ABHD11,0.90270233
6555,ODR4,0.926507
6556,AK7,0.93900687
6557,ENTR1,0.8765497
6558,PARM1,0.8464431
6559,NXN,0.76408213
6560,MBIP,0.9352983
6561,SIPA1,0.9228729
6562,SOCS2,0.7442532
6563,MAN1A1,0.77395016
6564,STRN3,0.9289761
6565,PANK2,0.9104584
6566,FAM111A,0.77396774
6567,SRR,0.8948452
6568,FCF1,0.7589344
6569,ACOT2,0.8048909
6570,SMYD3,0.7813538
6571,MRPS30,0.9036867
6572,GCHFR,0.6229499
6573,KLF12,0.93857723
6574,CNOT6L,0.8102384
6575,ASPA,0.73594666
6576,MAN2A2,0.7451141
6577,PRORP,0.9068711
6578,APH1B,0.9167076
6579,PSME4,0.78551537
6580,CYTOR,0.55596393
6581,DNAJC24,0.81843317
6582,DMAC2,0.84382635
6583,KIF27,0.9251233
6584,PGM3,0.83514136
6585,PML,0.69146466
6586,BCAR3,0.49546492
6587,NUP98,0.8919647
6588,LYRM9,0.90363157
6589,AGBL5,0.93758506
6590,SEC23IP,0.892738
6591,GTF2H3,0.8910835
6592,CKS2,0.7131606
6593,PRDM2,0.92118514
6594,SEMA4D,0.8045891
6595,TMEM250,0.8782203
6596,HDDC3,0.9026355
6597,CTDSPL2,0.7206123
6598,SAYSD1,0.95358396
6599,NBPF1,0.8717406
6600,POLRMT,0.85088235
6601,TAZ,0.958025
6602,CAD,0.829293
6603,KPNA6,0.7852119
6604,YIPF2,0.89052176
6605,PKD2,0.9187984
6606,ELOA,0.82897645
6607,PM20D2,0.7976572
6608,ZNRD1,0.7648364
6609,CPTP,0.96347827
6610,CHST10,0.8854778
6611,MEN1,0.85207486
6612,LOXL3,0.9397293
6613,TTLL9,0.922107
6614,HIRIP3,0.8972239
6615,REV1,0.91594434
6616,DHCR24,0.54874784
6617,TRIQK,0.8118689
6618,KDM2B,0.8984247
6619,DHRS4L2,0.82912946
6620,TTL,0.88562375
6621,DIS3L2,0.8436867
6622,ASB3,0.931449
6623,SYNRG,0.9366318
6624,DCUN1D5,0.84673333
6625,FAM76A,0.927194
6626,PLPP4,0.66745704
6627,ZNF598,0.83919543
6628,ITGA3,0.8265902
6629,ADHFE1,0.8426714
6630,ACER3,0.8050547
6631,SCO1,0.94014263
6632,ZDHHC20,0.8664095
6633,RUFY2,0.83475786
6634,OGFOD3,0.91483283
6635,FIBIN,0.67798215
6636,SKIV2L,0.89921016
6637,RSBN1L,0.9176231
6638,ZNF518B,0.91461235
6639,HIST3H2A,0.7599762
6640,RILPL2,0.8314464
6641,PPIH,0.8944441
6642,RRN3,0.885408
6643,FAM104A,0.96757215
6644,GNL2,0.9223314
6645,DBP,0.5986014
6646,TMEM38B,0.7806715
6647,AC036176.1,0.96412313
6648,CASC2,0.91075987
6649,PHACTR4,0.93852615
6650,MFAP2,0.8291475
6651,MGA,0.93167245
6652,SBNO1,0.8918783
6653,HDAC4,0.8619869
6654,AARSD1,0.7302252
6655,NSMCE3,0.730674
6656,HMG20A,0.9051576
6657,PRKX,0.89697546
6658,GUCD1,0.94615346
6659,ARHGAP32,0.8922857
6660,CTSZ,0.52321905
6661,TLK2,0.81526375
6662,PHKA2,0.89505994
6663,ABHD14B,0.82207865
6664,FPGS,0.82899874
6665,ESYT1,0.77504313
6666,GIT2,0.8594833
6667,PLXNA2,0.887825
6668,AATF,0.8589668
6669,TTC28-AS1,0.8698208
6670,FILIP1L,0.7430775
6671,NTAN1,0.6965234
6672,DNAH6,0.89487743
6673,C19orf12,0.93145585
6674,BAHD1,0.92572534
6675,ZNF513,0.9563577
6676,PARN,0.8758175
6677,GALK1,0.8235981
6678,ERCC3,0.9266519
6679,ANKRD46,0.8227295
6680,PLIN5,0.80078787
6681,STRIP1,0.7715784
6682,UBR2,0.94083345
6683,COQ8A,0.6548046
6684,FSTL3,0.83833927
6685,RNF44,0.83487564
6686,ARMC1,0.8977581
6687,AIMP2,0.910857
6688,DNMT3A,0.9221298
6689,NUP85,0.8013929
6690,DNAI1,0.87104666
6691,VPS9D1,0.8629299
6692,SUGP1,0.90738237
6693,NSMCE4A,0.90124565
6694,HSPB2,0.6733065
6695,IBTK,0.8784075
6696,MAP2K7,0.9003367
6697,RHNO1,0.8776495
6698,CERT1,0.90968496
6699,GON7,0.9499813
6700,CCNC,0.88652855
6701,MAPKAPK5,0.82748866
6702,PTGFRN,0.72106355
6703,TMEM184C,0.8658399
6704,DNAJC21,0.8856777
6705,TMEM251,0.9261973
6706,EIF4EBP1,0.7649658
6707,ABI3BP,0.6488504
6708,CLDN11,0.62990797
6709,TPP2,0.89832884
6710,NFATC4,0.77914774
6711,IFI44L,0.4572078
6712,NCBP1,0.8296867
6713,TXNDC11,0.85484976
6714,SLC20A1,0.6897099
6715,RAB3GAP2,0.8385856
6716,ACVR1B,0.90533715
6717,DCAF6,0.91001815
6718,PPP2R5B,0.79965055
6719,RAI1,0.77006143
6720,C2orf76,0.8934887
6721,GSG1L,0.74848264
6722,ZNF518A,0.9307355
6723,CUL2,0.9291241
6724,NCK1,0.816515
6725,EEF1AKMT2,0.94651246
6726,COMMD10,0.90243566
6727,GPX7,0.86279947
6728,ZFAND2B,0.89392036
6729,PCCA,0.888913
6730,CEP290,0.8697456
6731,MAST4,0.7270564
6732,MOXD1,0.3693538
6733,URGCP,0.76570296
6734,PPOX,0.9556582
6735,TATDN1,0.73735595
6736,STRADB,0.83057994
6737,RAPGEF3,0.7846232
6738,UQCC1,0.95607734
6739,USP6NL,0.9572811
6740,GFRA2,0.60586095
6741,AHI1,0.89009625
6742,NGDN,0.860038
6743,BTBD17,0.8871412
6744,TSFM,0.89693546
6745,HPS4,0.76253295
6746,ADGRL2,0.80161494
6747,BDP1,0.82071114
6748,CTSC,0.6736431
6749,CEP78,0.84788424
6750,ERICH6-AS1,0.88729024
6751,KIAA0319,0.8094967
6752,CSNK1G3,0.874803
6753,CCDC151,0.93472445
6754,NUDT11,0.9068352
6755,IL10RB,0.7421652
6756,ZNF462,0.79263693
6757,SULF2,0.7118187
6758,RBMS2,0.85619164
6759,RTKN,0.89297014
6760,ACD,0.92229766
6761,RAD51C,0.92283326
6762,OPHN1,0.9443308
6763,CALCRL,0.6689985
6764,NSUN2,0.93307364
6765,MAP2K4,0.91182846
6766,PHF12,0.95031893
6767,NUP160,0.87979597
6768,TSC1,0.91779447
6769,MRPL46,0.91663927
6770,PRKAA1,0.9034168
6771,ETHE1,0.8463331
6772,GPR34,0.6329262
6773,TRMT2A,0.89233965
6774,CC2D1A,0.9186438
6775,FBXO28,0.8372242
6776,KAT2B,0.7951452
6777,ACSF3,0.92007583
6778,RAI14,0.59525704
6779,SMIM13,0.8219414
6780,AL096870.8,0.8728071
6781,ZC3H12C,0.84507567
6782,ASCC2,0.86635804
6783,PIKFYVE,0.8927263
6784,STX17,0.9145397
6785,TASOR2,0.8811779
6786,GRK5,0.8002781
6787,HSBP1L1,0.8158701
6788,RALGAPB,0.9182759
6789,TBRG4,0.85776484
6790,DNAJC25,0.8685593
6791,NFX1,0.9364174
6792,KATNAL1,0.8694735
6793,PTH1R,0.63310236
6794,CLSTN2,0.6440383
6795,LTBP4,0.9359796
6796,EXOC6B,0.9258482
6797,GTDC1,0.9332905
6798,TNFRSF10B,0.78085876
6799,LIMD2,0.8908165
6800,PPIP5K2,0.9085327
6801,COPS7B,0.9183479
6802,NR2C1,0.9312624
6803,ODF2L,0.87081885
6804,SLC31A1,0.8698387
6805,ALG8,0.9133682
6806,C11orf96,0.52189
6807,SLC12A9,0.86926675
6808,RALGPS2,0.92239857
6809,NAP1L3,0.80915946
6810,RFC2,0.9373974
6811,WDFY2,0.8765697
6812,MYBBP1A,0.87032914
6813,TRAF3IP2,0.6306772
6814,KCNA2,0.81742626
6815,GFM1,0.80669326
6816,DMTN,0.83104265
6817,TMEM223,0.9017152
6818,LINC01184,0.9304207
6819,ARV1,0.93375134
6820,INTS14,0.902926
6821,GMPPA,0.7170248
6822,MRPL30,0.9035414
6823,FANCF,0.9400938
6824,TAF9B,0.9457216
6825,EMC9,0.90308994
6826,SLC35F1,0.70659405
6827,SIX5,0.8218183
6828,DMXL2,0.9413013
6829,ABHD5,0.89238876
6830,ZNF117,0.95127356
6831,NBL1,0.7697765
6832,SLC25A25,0.8443848
6833,AKAP1,0.92698616
6834,OSBPL6,0.8992764
6835,PAN2,0.8930714
6836,RPGRIP1L,0.9585033
6837,TANC1,0.78245544
6838,C5AR1,0.9109302
6839,SLC36A4,0.9348173
6840,OCLN,0.9449213
6841,PLEKHG3,0.8320061
6842,EGFL8,0.83949244
6843,MAPKAPK5-AS1,0.9060967
6844,LHFPL2,0.6859387
6845,MARCH9,0.9221088
6846,POLR3E,0.92894024
6847,RFX5,0.90804553
6848,SIAH2,0.9071583
6849,KLF2,0.84670216
6850,TTC28,0.89739436
6851,VLDLR,0.7170817
6852,NDUFAF1,0.91310406
6853,RILPL1,0.9319509
6854,ENC1,0.65454936
6855,ARFGEF1,0.89900756
6856,TBRG1,0.93603796
6857,C1orf35,0.8974478
6858,NOTCH4,0.8687521
6859,ZNF91,0.8296761
6860,GART,0.87353176
6861,XPA,0.8742641
6862,RSRC1,0.78963816
6863,FAM217B,0.8786095
6864,ASIC1,0.6901079
6865,CCZ1B,0.68419844
6866,DOCK3,0.9239702
6867,MCOLN1,0.7920885
6868,KDM4A,0.93107814
6869,SLC26A11,0.897809
6870,FBXO25,0.85208184
6871,CCNG2,0.7551918
6872,OSTM1,0.7495644
6873,CTIF,0.7092709
6874,FOLR1,0.8824846
6875,PCSK7,0.8996437
6876,SLC35B4,0.8448469
6877,NUBP1,0.9152603
6878,TBCK,0.9015799
6879,HAUS7,0.6452207
6880,TRMT1,0.8996183
6881,DNAJC9,0.8294302
6882,C11orf1,0.8079777
6883,ADGRV1,0.8875235
6884,DTWD1,0.73155427
6885,ACY1,0.8966574
6886,CHORDC1,0.9086157
6887,EFNB1,0.7889124
6888,UBXN2A,0.89501166
6889,CAPN7,0.9398558
6890,ACVR1,0.8849307
6891,CCDC74A,0.96254164
6892,MYADM,0.8175522
6893,KLHL26,0.9054126
6894,XAB2,0.869639
6895,PPP1R21,0.8738375
6896,AC008124.1,0.932621
6897,MDFI,0.80556715
6898,MCAT,0.8880413
6899,MZT1,0.8782522
6900,TMEM242,0.89186054
6901,PIP4K2A,0.7523679
6902,MRPL45,0.8895792
6903,CHRDL1,0.7350802
6904,MYO1E,0.73717695
6905,ZNRF1,0.82391316
6906,FER,0.8622589
6907,AC009133.1,0.8861219
6908,TAF1C,0.8648744
6909,PIK3R3,0.70069647
6910,IFNAR2,0.81141275
6911,PRPF40B,0.9626728
6912,DSE,0.7366461
6913,FLAD1,0.8992926
6914,VPS8,0.94019353
6915,PLCL2,0.74716055
6916,ALG14,0.85591143
6917,KLC2,0.91621375
6918,PLA2G4B,0.822629
6919,ELP3,0.9275143
6920,SLC38A1,0.7782564
6921,TMEM35B,0.7260983
6922,SUFU,0.9114134
6923,ZEB1-AS1,0.92842823
6924,CPSF4,0.7560332
6925,LARP4,0.92986673
6926,SCAF8,0.8608604
6927,CCDC74B,0.91946435
6928,ANKRD13C,0.92626095
6929,MRPS22,0.76642746
6930,PEX11A,0.86310846
6931,RNF31,0.81427115
6932,FNIP1,0.7625069
6933,NSF,0.83703405
6934,THNSL2,0.67001534
6935,CEP41,0.863261
6936,MYH7,0.7602044
6937,EMILIN1,0.7339502
6938,TRAPPC9,0.8950113
6939,DPH7,0.8266855
6940,PRKD2,0.80039793
6941,DTNBP1,0.8831724
6942,C11orf71,0.8716026
6943,CSAD,0.9348085
6944,ZCCHC10,0.8888086
6945,NMT2,0.9357349
6946,RAB40B,0.8875715
6947,CXCL2,0.6765028
6948,SLC25A33,0.5710111
6949,GNB5,0.81409067
6950,AC110620.2,0.8502989
6951,CEP68,0.85761315
6952,SLC33A1,0.9333764
6953,ZNF579,0.8969465
6954,SCARB1,0.90979826
6955,PPIL2,0.93338925
6956,TMEM192,0.84532243
6957,MFSD5,0.8195839
6958,DNPEP,0.80893844
6959,UGCG,0.7027078
6960,JMY,0.88114834
6961,CITED4,0.62116987
6962,KIAA0355,0.8599037
6963,KIF5A,0.79617876
6964,HEG1,0.78017753
6965,ZNF12,0.85914916
6966,MCC,0.792219
6967,RIN3,0.8155312
6968,PPP1R3F,0.8152044
6969,ARMC4,0.9592831
6970,KLHL12,0.92714727
6971,HLA-DQA1,0.6564452
6972,KBTBD6,0.8705193
6973,ERRFI1,0.63852036
6974,RAB11B-AS1,0.8723802
6975,ELK4,0.95320296
6976,AGO3,0.9468402
6977,BEND5,0.7921439
6978,DNAAF3,0.8873428
6979,COQ10B,0.724149
6980,EDEM3,0.861867
6981,ZPR1,0.81007046
6982,EXT1,0.8400908
6983,PAIP2B,0.6714405
6984,KCNH2,0.8493548
6985,P2RY1,0.70783144
6986,HEXD,0.90670294
6987,MPHOSPH10,0.8652904
6988,PSPH,0.8569571
6989,PTPRK,0.74738467
6990,TBC1D2B,0.8817051
6991,HDAC7,0.82052636
6992,PASK,0.9615885
6993,LRRC1,0.961258
6994,VPS36,0.8833751
6995,INO80C,0.88216424
6996,SLC13A3,0.79333633
6997,TBC1D23,0.86146086
6998,DSTYK,0.8792097
6999,ING2,0.9183105
7000,VCPIP1,0.79813975
7001,KPNA5,0.8403219
7002,MKRN2,0.87821585
7003,RAB35,0.8690536
7004,TECPR2,0.8478493
7005,GTF2B,0.8894669
7006,FIGN,0.7675907
7007,DPP9,0.8902718
7008,LINC00472,0.8284477
7009,UNKL,0.8392332
7010,SERGEF,0.79234946
7011,GTF2H1,0.9387403
7012,FGFR1OP,0.9185652
7013,TRIM26,0.8745405
7014,OTUD4,0.7074062
7015,IGFLR1,0.72177786
7016,CCDC43,0.7996044
7017,ITSN2,0.91356945
7018,TTC9,0.8196401
7019,BBS5,0.84506166
7020,CDC37L1,0.87218946
7021,MTRES1,0.8988696
7022,PPAT,0.8760062
7023,RCBTB1,0.9330347
7024,NACAD,0.72031265
7025,OCRL,0.8637833
7026,STRN,0.7825272
7027,DPH5,0.8808518
7028,DTX1,0.74856687
7029,ROBO4,0.7480766
7030,ERCC5,0.7739487
7031,FOCAD,0.90168977
7032,RSPH3,0.8682011
7033,STK40,0.83259875
7034,DIPK1A,0.81625915
7035,INIP,0.93023086
7036,FASTKD2,0.8598376
7037,TRIM23,0.87084943
7038,MRPL1,0.8766462
7039,NCAPD2,0.8754454
7040,USP53,0.4653302
7041,HIST1H1C,0.4972663
7042,TMEM209,0.8476145
7043,RSAD1,0.83800256
7044,THADA,0.83868104
7045,MFN1,0.8195806
7046,ARSD,0.773979
7047,SETDB1,0.8915692
7048,ZBTB22,0.854427
7049,TCN2,0.8547405
7050,PPM1L,0.869594
7051,IGFBP7-AS1,0.6689519
7052,B4GALT1,0.8856241
7053,KHNYN,0.8950947
7054,COG1,0.9204209
7055,IFT172,0.9006296
7056,TRAFD1,0.8851251
7057,PRKAR1B,0.7179045
7058,SMAD9,0.6762573
7059,TNFAIP2,0.45083848
7060,IRF2,0.8656412
7061,THUMPD3-AS1,0.9146677
7062,PCOLCE,0.8353517
7063,PTPN4,0.962355
7064,VASH1,0.89434284
7065,MECR,0.9249058
7066,GFER,0.91018623
7067,UCHL5,0.79005015
7068,RUBCN,0.85116273
7069,SNUPN,0.87375927
7070,CD55,0.78864866
7071,MED17,0.906975
7072,TMEM64,0.65610886
7073,GLS,0.88627225
7074,RMND5B,0.93107414
7075,CCNT2,0.86139715
7076,HMGXB3,0.9039759
7077,RPP38,0.8806259
7078,ZNF316,0.83687824
7079,LTC4S,0.8302294
7080,TSPYL2,0.61559623
7081,AXIN1,0.7554604
7082,SERP2,0.8686958
7083,ST7,0.8890833
7084,PDCL,0.9318964
7085,PLEKHG4B,0.85839444
7086,H2AFY2,0.8133955
7087,ACAD9,0.9289221
7088,TTC38,0.91011083
7089,SLC22A3,0.8771686
7090,PRMT7,0.8981648
7091,INO80D,0.93789697
7092,ASAP3,0.87328684
7093,EIF2B2,0.8947409
7094,RHOBTB1,0.89622855
7095,HSCB,0.8788238
7096,INO80B,0.93398744
7097,ENTPD3-AS1,0.8336456
7098,MTMR4,0.93913937
7099,DNAJC2,0.78630084
7100,MKX,0.72807354
7101,PSMG4,0.93900204
7102,SOAT1,0.6483606
7103,TMEM70,0.72481686
7104,FIBCD1,0.600602
7105,LRRCC1,0.7105085
7106,CHIC2,0.78760666
7107,ACAD8,0.9288498
7108,C2orf49,0.8582838
7109,IFI35,0.78981894
7110,NOL11,0.8560248
7111,RRAS2,0.8158163
7112,CBR4,0.9062056
7113,CRISPLD1,0.84451747
7114,CEND1,0.58689797
7115,AC019257.1,0.8057474
7116,ALKBH2,0.9312716
7117,ARHGAP26,0.85572815
7118,KLHL32,0.89567655
7119,LRCH4,0.77722335
7120,CCS,0.6950902
7121,AP4M1,0.9419735
7122,ELMSAN1,0.8146555
7123,AAK1,0.9050723
7124,NUP54,0.9086702
7125,CLASRP,0.9026581
7126,ASXL2,0.7978354
7127,GABPB1-IT1,0.9615671
7128,RXYLT1,0.94106364
7129,SIRT5,0.9197522
7130,RHOJ,0.83173186
7131,RNASEH1-AS1,0.8974144
7132,HGSNAT,0.7786822
7133,ZDHHC6,0.8295555
7134,CYP4V2,0.7829052
7135,TTC7B,0.9174305
7136,MGAT4A,0.803315
7137,AIFM1,0.9055242
7138,MOV10,0.84359574
7139,PARP2,0.9279513
7140,TRIM25,0.65863866
7141,ZNF445,0.916382
7142,GRIN2C,0.48070857
7143,RASGRP2,0.94679123
7144,SMUG1,0.9653008
7145,CDK5,0.8638275
7146,HHLA3,0.8273472
7147,C1orf56,0.91536105
7148,SCO2,0.61643064
7149,NAB2,0.8071449
7150,MAB21L2,0.7163885
7151,LGALS8,0.882682
7152,FECH,0.9332165
7153,PRADC1,0.84996456
7154,ISY1,0.8507289
7155,C2CD5,0.8880861
7156,DIMT1,0.81538296
7157,VAMP4,0.8856005
7158,PPP1R3C,0.6566711
7159,DCAF10,0.8939757
7160,B4GALT3,0.8718538
7161,HAUS4,0.9071645
7162,JOSD1,0.7733753
7163,LGR4,0.7236733
7164,POLR1C,0.9116326
7165,TMEM187,0.9474895
7166,ZNF282,0.8896193
7167,ABHD6,0.7820185
7168,XRN1,0.9074122
7169,ALG3,0.9121824
7170,PCNX3,0.78939587
7171,ILDR2,0.8094766
7172,SF3A2,0.8307242
7173,RSPO2,0.81589913
7174,GLB1L,0.9427687
7175,WDR66,0.9072487
7176,TMEM54,0.49791786
7177,ZNHIT2,0.8897499
7178,MED19,0.9174523
7179,JARID2,0.86899525
7180,BET1,0.7231383
7181,MAP2K5,0.93275267
7182,PCID2,0.87209
7183,IFI16,0.5526579
7184,FAM47E,0.8507925
7185,HIGD1B,0.74792576
7186,PTPN21,0.8930158
7187,PEX26,0.86961156
7188,POLG,0.8771721
7189,LIG3,0.81044066
7190,IER3,0.73694575
7191,DPAGT1,0.95697093
7192,DLST,0.883521
7193,CRYZ,0.7974119
7194,REXO4,0.8601684
7195,IGF2BP2,0.6229653
7196,SLC6A12,0.7748318
7197,LEMD3,0.8802082
7198,FAM169A,0.8780014
7199,LSR,0.868124
7200,TMCC1,0.76058865
7201,FADD,0.81737655
7202,HSD17B11,0.6377546
7203,SYNGAP1,0.8790411
7204,OGG1,0.9272457
7205,METTL7B,0.47383893
7206,ARID2,0.9126532
7207,SETD1A,0.8533611
7208,CCDC186,0.79891837
7209,YEATS4,0.93034977
7210,FAM92B,0.8148458
7211,DHX29,0.8256542
7212,TMEM97,0.9215479
7213,IFITM1,0.58088064
7214,FOXRED1,0.9596803
7215,AMT,0.9236643
7216,TMEM69,0.9243899
7217,CA4,0.51277834
7218,DENND6A,0.8996678
7219,MTPAP,0.886644
7220,SNAPC2,0.82177997
7221,AP006621.3,0.8794391
7222,NIPSNAP1,0.84861773
7223,MAN2A1,0.8397324
7224,RPE,0.8977441
7225,NOL12,0.79131716
7226,TTC32,0.8350292
7227,KLHL25,0.74974
7228,WWP1,0.8560681
7229,NALCN,0.7553566
7230,KSR1,0.6494903
7231,RASSF8-AS1,0.815498
7232,MTMR12,0.86557406
7233,SBNO2,0.7873701
7234,MEGF6,0.65650475
7235,CIAO3,0.95524484
7236,P4HA2,0.8040571
7237,TEAD2,0.77189237
7238,COX7A1,0.55247915
7239,THUMPD3,0.8175132
7240,AHCTF1,0.84651047
7241,GALNT16,0.76623017
7242,TRMU,0.9015122
7243,THOC1,0.75385267
7244,GPATCH2L,0.84904325
7245,ZNF217,0.817511
7246,PAK1,0.5469858
7247,SNX15,0.8397405
7248,KHDC4,0.88947105
7249,WDR17,0.9292336
7250,BAHCC1,0.86566865
7251,ARL5B,0.74788815
7252,KRI1,0.88042665
7253,SOX9-AS1,0.71776444
7254,SEMA6A,0.888868
7255,NRP1,0.7731092
7256,ZNF529,0.9099169
7257,C15orf61,0.8348543
7258,ITPRIPL2,0.8817612
7259,FAM13B,0.8051123
7260,PNKP,0.9212916
7261,CA5B,0.8698351
7262,HIST1H4J,0.66940403
7263,PPIL3,0.85071105
7264,CDHR3,0.84461594
7265,TGIF2,0.93702316
7266,WNT3,0.7085247
7267,ADCY3,0.7172614
7268,LRRC28,0.7627071
7269,ZNF746,0.7805231
7270,ZNF618,0.8294963
7271,CASC1,0.9213523
7272,ZNF721,0.86251473
7273,NHSL1,0.84970134
7274,MIS12,0.94648004
7275,C5orf51,0.84284896
7276,IFT74,0.89514136
7277,NT5DC3,0.80814135
7278,NIPAL3,0.90220296
7279,NDEL1,0.5669208
7280,IL32,0.6319486
7281,E4F1,0.8491202
7282,ESS2,0.91037333
7283,NADSYN1,0.7609215
7284,RAB11FIP2,0.9008104
7285,NAA30,0.8981237
7286,PAG1,0.7061369
7287,ABITRAM,0.95834523
7288,ADAMTS16,0.78088564
7289,NFATC2IP,0.8197176
7290,DRC7,0.8994046
7291,ZDHHC21,0.8636917
7292,CSTF1,0.9041881
7293,CCDC84,0.91910136
7294,SNHG11,0.9076439
7295,WDR37,0.8108725
7296,MRM2,0.9316118
7297,YBEY,0.8870935
7298,AC073896.2,0.76371217
7299,ARRDC1-AS1,0.9328733
7300,WDR46,0.8768911
7301,EPHA4,0.835746
7302,ROM1,0.75550896
7303,DENND5B,0.8647826
7304,TFIP11,0.7729328
7305,XXYLT1,0.84802955
7306,SLC25A26,0.686194
7307,SNX9,0.7881819
7308,LINC01023,0.89600843
7309,RBM28,0.8900907
7310,TMEM91,0.8124594
7311,DNAH5,0.89879876
7312,TOR3A,0.77201086
7313,EMID1,0.84119314
7314,PCNT,0.9472254
7315,EIF2D,0.92961276
7316,NUP42,0.91689086
7317,COLCA2,0.8478155
7318,FBXO30,0.83238393
7319,MRPS31,0.9550685
7320,ROPN1L,0.80603564
7321,RHBDD3,0.93188286
7322,WDR43,0.8666643
7323,EIF4ENIF1,0.9121586
7324,UPF3B,0.82553315
7325,MPP2,0.8031372
7326,EXOSC1,0.9272369
7327,ISOC1,0.7512192
7328,RRP1,0.95740587
7329,SLC2A8,0.9112398
7330,TMEM68,0.93932074
7331,SDSL,0.81478006
7332,IKZF5,0.861105
7333,EDC3,0.8959169
7334,ATG7,0.9385618
7335,ADPGK,0.63413864
7336,SERPINA1,0.67563623
7337,SNX24,0.85599995
7338,TTLL12,0.881195
7339,LGR6,0.77098966
7340,TPMT,0.7652311
7341,ABCA5,0.93555
7342,PLXDC1,0.60554034
7343,MTX3,0.92226565
7344,CYBB,0.68383956
7345,HMOX1,0.7460991
7346,MSH2,0.8759007
7347,CKAP2,0.8285692
7348,CPXM1,0.73579955
7349,PISD,0.6846733
7350,SETD7,0.73461145
7351,PSMD5,0.8555534
7352,C1orf50,0.837784
7353,STPG1,0.8318792
7354,FAM122B,0.8520897
7355,SGPP1,0.8559084
7356,NECAP1,0.7996363
7357,DENND4A,0.92487335
7358,IGSF11,0.7534542
7359,CCDC163,0.4627523
7360,PIDD1,0.8741325
7361,KIAA1522,0.8441355
7362,PLEKHH3,0.8946671
7363,PRKD1,0.91611993
7364,SAMD11,0.86405796
7365,CCDC180,0.92737585
7366,UEVLD,0.86731154
7367,FAS,0.772716
7368,LPAR1,0.72448206
7369,TTC33,0.9293453
7370,ATG2B,0.8754246
7371,SERTAD1,0.8043527
7372,DESI2,0.90235275
7373,CHL1,0.7161713
7374,RAB40C,0.8926626
7375,TMEM25,0.7877551
7376,ALAS1,0.79459244
7377,CNOT4,0.8661398
7378,SLC2A3,0.3722807
7379,ARHGEF18,0.9069178
7380,CCDC189,0.8572079
7381,DOT1L,0.80637366
7382,ABCG2,0.82774603
7383,KIF2A,0.84147286
7384,NAA15,0.7601015
7385,ZNF276,0.89281386
7386,TIMM10B,0.89715195
7387,TMEM150A,0.8696514
7388,KREMEN1,0.8057185
7389,MTG2,0.9160448
7390,IGSF9B,0.7508921
7391,TGFB3,0.6180873
7392,ALS2,0.8427263
7393,TMEM176A,0.5446631
7394,NXT1,0.7493679
7395,TKFC,0.9433785
7396,PYGO1,0.8365565
7397,MFHAS1,0.65611476
7398,DOCK4,0.8039965
7399,C3AR1,0.59570086
7400,WDR77,0.87877935
7401,RBPMS,0.38867444
7402,DMXL1,0.88697207
7403,NMNAT2,0.54145545
7404,WRAP53,0.9317028
7405,PLA2G6,0.8960779
7406,PDK4,0.72385556
7407,CCDC181,0.889361
7408,ST3GAL5,0.4822086
7409,DNAJC11,0.91878355
7410,STK32C,0.9286032
7411,TENT4A,0.7599608
7412,ACACA,0.866081
7413,NTHL1,0.9163578
7414,CEP70,0.86315274
7415,MSANTD4,0.85975975
7416,DDIT4L,0.52309424
7417,NEDD1,0.92177147
7418,NUP205,0.8131062
7419,RREB1,0.8960768
7420,PAQR7,0.83985937
7421,TM4SF1,0.7893401
7422,GGA3,0.91411155
7423,MN1,0.5983998
7424,RIC8B,0.88474184
7425,LINC00092,0.72832143
7426,PHTF1,0.87995476
7427,RITA1,0.95934165
7428,TKTL1,0.29974478
7429,MCM4,0.8742689
7430,BACE2,0.79796004
7431,SEMA5B,0.7015083
7432,ZIC3,0.8721865
7433,FRMD8,0.7242801
7434,RNF169,0.85622495
7435,LINC01315,0.72338164
7436,CNTRL,0.9222458
7437,GPD2,0.59972686
7438,N4BP1,0.92879105
7439,LIN7A,0.7867932
7440,MLXIP,0.69511324
7441,AASDH,0.90424085
7442,INPP5E,0.92697966
7443,GLI4,0.8369192
7444,AGAP1,0.88857555
7445,ITGA1,0.75293696
7446,ANO8,0.84356123
7447,USP25,0.88777864
7448,MBD4,0.89668787
7449,CFAP69,0.9031553
7450,GPANK1,0.7680631
7451,USP12,0.765283
7452,WWC2,0.90546155
7453,CEP97,0.89563996
7454,OCEL1,0.90663105
7455,FKRP,0.9429508
7456,BORCS8,0.8972958
7457,EEF1AKNMT,0.8829017
7458,ALCAM,0.64593244
7459,SDAD1,0.89508665
7460,AC015813.1,0.89653486
7461,RNF150,0.91202426
7462,KCNJ3,0.893017
7463,CHAMP1,0.8199812
7464,RNF168,0.66142803
7465,LRCH3,0.8338447
7466,ANKMY2,0.91420436
7467,TBL2,0.74030536
7468,NFRKB,0.9014566
7469,BRAF,0.8531774
7470,MMACHC,0.48777723
7471,MRPL53,0.82561344
7472,VPS26C,0.8213913
7473,CCHCR1,0.7846342
7474,FKBP15,0.91839063
7475,LRP4,0.8135213
7476,CAMK1D,0.6730645
7477,CEP83,0.82821125
7478,SP2,0.8983626
7479,BICC1,0.93966466
7480,NFATC1,0.7650624
7481,CPLANE1,0.86926305
7482,METTL16,0.88167477
7483,PGAP1,0.9169168
7484,ZNF621,0.89210296
7485,MFSD3,0.92790866
7486,SLC9A3-AS1,0.73039114
7487,CDC23,0.88800716
7488,CHD1,0.7971872
7489,GNAO1,0.55155396
7490,FAH,0.79397494
7491,ERCC2,0.92757314
7492,FBXO42,0.9057037
7493,SLC35A2,0.83592755
7494,LAMB1,0.54765636
7495,PYGL,0.82452315
7496,VWA3B,0.9120694
7497,PPP1R14A,0.72017807
7498,ARMC6,0.9358162
7499,DUSP6,0.85490227
7500,PPARA,0.74240613
7501,CASP9,0.8818018
7502,ZNF544,0.90833765
7503,ASB6,0.73312587
7504,SLC25A44,0.9149587
7505,TULP4,0.8384192
7506,CWF19L2,0.7054461
7507,ASB1,0.8228491
7508,PTRH2,0.8149109
7509,HCST,0.6900806
7510,NINL,0.9429503
7511,MUC20,0.79279226
7512,MAGI1,0.7722513
7513,INPP5F,0.83738446
7514,C12orf49,0.8299057
7515,KLHL2,0.71571964
7516,MRS2,0.8826983
7517,FAM181A,0.72133535
7518,ENTPD2,0.8451795
7519,CCDC66,0.86493814
7520,PTK2B,0.51222444
7521,SH3BGR,0.51535666
7522,COMMD8,0.71796197
7523,GJC1,0.7891569
7524,C1orf162,0.5912057
7525,SLC47A2,0.7808947
7526,CLN8,0.8880643
7527,AKR1C3,0.7352856
7528,NPRL2,0.94533706
7529,EED,0.8509972
7530,BMP2,0.593826
7531,RRP1B,0.85258275
7532,P2RX4,0.8345503
7533,MLLT3,0.85852087
7534,DEPP1,0.7854158
7535,IL17RA,0.75164896
7536,KIAA0895,0.80049574
7537,PPARD,0.82034373
7538,SLC4A1AP,0.90001374
7539,APTX,0.935681
7540,RECQL,0.5919117
7541,WASHC2A,0.8132585
7542,PGPEP1,0.76264477
7543,PDIA5,0.67226946
7544,CNOT11,0.8990603
7545,LRWD1,0.8829071
7546,ARHGAP18,0.7260115
7547,ASL,0.80726874
7548,FUCA1,0.7618469
7549,ST3GAL3,0.88735527
7550,POT1,0.82602155
7551,RRNAD1,0.8586443
7552,CIB2,0.8720993
7553,GOLT1B,0.7255079
7554,GSTO2,0.7929793
7555,LRFN4,0.79047304
7556,AC093157.1,0.95851046
7557,FAM53B,0.6773409
7558,EPHX2,0.8977223
7559,USP15,0.71827805
7560,PER2,0.71646386
7561,CCDC85A,0.5848352
7562,ZBBX,0.7366059
7563,SNX10,0.75454175
7564,CHST9,0.6856089
7565,WDR74,0.8325954
7566,PI4K2A,0.8311302
7567,PROM1,0.86200583
7568,CBFA2T2,0.884947
7569,PLEKHF2,0.72132945
7570,TDRD9,0.6691015
7571,MACO1,0.892985
7572,SFXN4,0.88438517
7573,PIGN,0.87932855
7574,ATPAF2,0.87453747
7575,PDXP,0.8291555
7576,BCS1L,0.9091091
7577,TXNDC9,0.8337683
7578,BBS9,0.89369065
7579,STK4,0.84865516
7580,THAP3,0.8736543
7581,BIN3,0.7302532
7582,KANK2,0.7697672
7583,VAV2,0.8418971
7584,WDR92,0.90119874
7585,SENP5,0.8609562
7586,NRP2,0.63547087
7587,INTS5,0.9154486
7588,PPP1R26,0.9287372
7589,TP53RK,0.8778631
7590,CEP164,0.88305724
7591,SCAPER,0.7799
7592,MITD1,0.86617494
7593,WDR38,0.8981373
7594,RAP2C,0.8591829
7595,TTC25,0.8887817
7596,TMA16,0.84176445
7597,CCNQ,0.94464517
7598,ASTN1,0.6428849
7599,EBF1,0.6701822
7600,ZFPM2,0.90629137
7601,FAM219A,0.6511905
7602,ZNF337,0.73200685
7603,ZNF692,0.85013276
7604,EAF1,0.7915194
7605,SLITRK5,0.73869056
7606,ZNF76,0.82261175
7607,AC004540.2,0.8024053
7608,BACH1,0.7839795
7609,DHRS12,0.8788837
7610,RBMX2,0.9254617
7611,DEDD2,0.88442385
7612,ZNF268,0.9044666
7613,TGFBR3,0.5417912
7614,ATE1,0.8440743
7615,PYCARD,0.79820234
7616,C11orf54,0.89416385
7617,FUT9,0.78787094
7618,EGLN3,0.75169903
7619,ATP11A,0.8339085
7620,YJU2,0.9445782
7621,JUP,0.79253477
7622,CCDC71L,0.6753983
7623,MLLT10,0.82165605
7624,SNAPC4,0.85931134
7625,PHF13,0.87354314
7626,GLB1L2,0.7451834
7627,ABCC5,0.8620218
7628,LINC02482,0.852223
7629,ROR1,0.8375387
7630,LINC02381,0.75346565
7631,RPTOR,0.92360026
7632,TGFB1,0.7222789
7633,ANOS1,0.64095706
7634,MTF2,0.88571143
7635,PIM1,0.78433204
7636,SPRYD7,0.8745887
7637,DUSP12,0.91694945
7638,RRP12,0.847151
7639,PEX13,0.91470426
7640,ERMARD,0.8777307
7641,TTC5,0.9093815
7642,RNF26,0.84759593
7643,ABCF3,0.8235491
7644,AR,0.8343409
7645,NOB1,0.94552743
7646,MANSC1,0.83811146
7647,SHTN1,0.7697552
7648,LRRC42,0.8478783
7649,ARHGEF26-AS1,0.87049234
7650,SACS,0.7863913
7651,COBLL1,0.8332595
7652,CCDC97,0.77281433
7653,NAT9,0.7495459
7654,TSGA10,0.93851095
7655,CCP110,0.8795917
7656,MED22,0.82243896
7657,LCA5,0.77073663
7658,MTRNR2L12,0.43879145
7659,FAM27C,0.7663511
7660,PNPT1,0.9290186
7661,AMOTL2,0.64821047
7662,FAM118B,0.9021191
7663,OAF,0.73178595
7664,SFMBT2,0.8657269
7665,TMEM173,0.7364906
7666,SAP130,0.9119701
7667,GCDH,0.7079096
7668,DSG2,0.8056225
7669,UTP4,0.7296276
7670,LINC00205,0.8456997
7671,RUNDC1,0.8899244
7672,KCTD10,0.76311475
7673,TRIB2,0.6035556
7674,PIAS4,0.7782328
7675,ZNF581,0.8928083
7676,FBXO22,0.87058717
7677,KCND3,0.69757944
7678,TMEM138,0.9559685
7679,LRIF1,0.7855349
7680,ZBTB37,0.916635
7681,MIGA1,0.8060758
7682,PPP3R1,0.8445249
7683,SH3KBP1,0.53953224
7684,OTUD7B,0.5760345
7685,RABEPK,0.83472425
7686,DNAJC27-AS1,0.8359001
7687,TRAPPC11,0.9117188
7688,PKNOX1,0.89566904
7689,DACT3,0.73667103
7690,NECAB3,0.87875694
7691,HAUS6,0.86606294
7692,CAMKK2,0.627435
7693,HDAC11,0.8531147
7694,RABGAP1L,0.8422943
7695,MNT,0.8783818
7696,ZNF260,0.9413563
7697,CD2AP,0.8019186
7698,KALRN,0.5822361
7699,IFRD2,0.806072
7700,RCOR1,0.8167265
7701,DIXDC1,0.88242143
7702,SLC40A1,0.7423335
7703,SYCE1L,0.8817604
7704,BPGM,0.9553222
7705,TRIAP1,0.7432693
7706,VPS13A,0.6344192
7707,SRRD,0.86174303
7708,TACO1,0.9217005
7709,CWC25,0.92411715
7710,ENDOV,0.9053303
7711,SLC43A3,0.7804396
7712,SH3D19,0.8569271
7713,FHAD1,0.86136854
7714,MPP1,0.63019747
7715,INPP4B,0.7666731
7716,SPON1,0.6949533
7717,DTD2,0.9474151
7718,ESRRA,0.9084587
7719,CERCAM,0.8224865
7720,SLC52A2,0.8178274
7721,SOCS3,0.6408532
7722,EXPH5,0.9205612
7723,PIGO,0.89254403
7724,GAREM2,0.7088274
7725,BRD1,0.8445351
7726,MNAT1,0.83934915
7727,ARMH3,0.79011077
7728,DENND11,0.84283376
7729,CLDN10,0.4949354
7730,C12orf45,0.72510546
7731,SHANK3,0.75479656
7732,GCFC2,0.9040703
7733,NBPF19,0.7639795
7734,TMEM234,0.9638231
7735,GKAP1,0.8975632
7736,UBALD1,0.7472004
7737,KCTD9,0.7333813
7738,AP003307.1,0.87240946
7739,UBL4A,0.77213454
7740,TEX26,0.777831
7741,SUOX,0.89172643
7742,SLC49A4,0.7466031
7743,MANEA,0.84250414
7744,SPIDR,0.8577502
7745,SLF1,0.8654131
7746,MRPS9,0.9346004
7747,DNAJC14,0.88079
7748,MAFB,0.606509
7749,DENND1A,0.72443277
7750,PEX11B,0.885923
7751,CTNS,0.944136
7752,SMARCAD1,0.7606627
7753,FEM1A,0.85155874
7754,KLC4,0.91774523
7755,LINC01532,0.5899894
7756,GABRA5,0.53570986
7757,RPAP3,0.8597429
7758,ZNF274,0.89883673
7759,TOPORS,0.8473378
7760,PRXL2C,0.8446154
7761,ZNF521,0.8171236
7762,AL592528.1,0.8767984
7763,ZNF263,0.9031362
7764,RICTOR,0.8346382
7765,SLC4A8,0.87114453
7766,LGALS9,0.6190146
7767,MID1,0.7899134
7768,G6PD,0.83924365
7769,CFAP54,0.8014025
7770,TCTEX1D4,0.79573226
7771,ATP9B,0.8221136
7772,PIK3CA,0.7223186
7773,PIGV,0.9171368
7774,FOXO1,0.7413534
7775,NBEA,0.9215383
7776,CHST2,0.7785749
7777,BAG4,0.78468764
7778,DNAAF4,0.84765744
7779,SPHK2,0.9456131
7780,COG5,0.84721106
7781,PLA2G15,0.7655195
7782,TGFB1I1,0.8124428
7783,TAB1,0.9242813
7784,F11R,0.62156767
7785,FAM160A2,0.9096399
7786,ATAD3A,0.818166
7787,IFFO1,0.77668387
7788,PLEKHA6,0.892279
7789,U2AF1L4,0.82566696
7790,MAP3K3,0.919527
7791,DXO,0.80523497
7792,ARRDC1,0.89380795
7793,LINC00467,0.7072978
7794,FYB1,0.7330833
7795,ANKRD27,0.8936945
7796,HOXB3,0.70888466
7797,VPS37A,0.74086344
7798,FAM98A,0.8738802
7799,ZDHHC9,0.51242703
7800,LINC01963,0.7943495
7801,PAXIP1-AS1,0.8393593
7802,CNNM3,0.9036084
7803,CLOCK,0.9012945
7804,MRRF,0.9101177
7805,SFRP4,0.67028147
7806,PTK7,0.9187647
7807,MOGS,0.75721604
7808,MYRIP,0.708351
7809,QSOX2,0.8499787
7810,ERI1,0.875922
7811,EML4,0.8165453
7812,LMBRD2,0.75333315
7813,DHX33,0.92836016
7814,ABL2,0.6066815
7815,FAM117A,0.6956034
7816,UCHL3,0.8425319
7817,CUTC,0.6993562
7818,PIK3IP1,0.5585007
7819,MDC1,0.9705944
7820,UBA7,0.7669363
7821,CHST14,0.8675734
7822,NFS1,0.9427525
7823,NDUFAF6,0.8852308
7824,FAM98C,0.87429196
7825,FAM114A1,0.6198704
7826,MAP3K2-DT,0.79751945
7827,TMEM178B,0.92298084
7828,CFAP53,0.894285
7829,ZBTB17,0.8352681
7830,TULP3,0.9035751
7831,ATAD3B,0.7829729
7832,TIMM22,0.84151685
7833,TOGARAM1,0.92411715
7834,SLCO3A1,0.6150002
7835,ZZEF1,0.84108067
7836,PLCB1,0.48967168
7837,WFDC2,0.66039217
7838,COQ7,0.81003976
7839,CTTNBP2NL,0.8025035
7840,C1RL,0.7825391
7841,TECPR1,0.90573555
7842,DENND4B,0.76530176
7843,DUSP16,0.77572095
7844,COG6,0.9215603
7845,ATOH8,0.8173399
7846,ARHGEF2,0.5494723
7847,NAPEPLD,0.91114044
7848,LRSAM1,0.7616816
7849,ZNF414,0.87200713
7850,SPATA2,0.70069855
7851,ZNF875,0.8716375
7852,RABIF,0.8149166
7853,XPO5,0.9397837
7854,SMC2,0.8393818
7855,ANKRD9,0.5694459
7856,ANAPC4,0.900066
7857,RASAL2,0.8940392
7858,MYO1C,0.7903745
7859,ATF6B,0.8851433
7860,TAF1,0.9547329
7861,BRAP,0.8819702
7862,AGL,0.78483105
7863,PIK3R4,0.89251274
7864,TET2,0.85090756
7865,GRB10,0.8090897
7866,RSPH9,0.68553555
7867,MMP16,0.8210316
7868,SH3BP4,0.88731784
7869,FAIM2,0.7316345
7870,ANKS3,0.77182955
7871,FBXW7,0.73033655
7872,FAM189A1,0.7599859
7873,BCL2L2,0.61944866
7874,EVI5L,0.9201486
7875,WDR3,0.83402675
7876,SYNGR1,0.85236955
7877,FAM120C,0.86838377
7878,GZF1,0.78885055
7879,INPP5K,0.76744694
7880,OSER1-DT,0.73137623
7881,THAP2,0.8765773
7882,AGO4,0.86837924
7883,MRTFA,0.7708324
7884,MTR,0.9327862
7885,DNAAF2,0.9030657
7886,PDE12,0.92172503
7887,TMEM181,0.8759218
7888,CHD1L,0.86199284
7889,PDP2,0.6677776
7890,DDX52,0.8579865
7891,AGA,0.7525739
7892,MUC1,0.61781484
7893,BET1L,0.83164364
7894,B4GALT4,0.9081139
7895,MRO,0.6394921
7896,ZC3H18,0.8806175
7897,ANO10,0.76084995
7898,ENPP2,0.41975686
7899,CHFR,0.8776407
7900,GOLGA5,0.8576651
7901,RNF208,0.9068973
7902,CNOT10,0.8823777
7903,B9D2,0.912209
7904,BOP1,0.8787698
7905,NPHP4,0.82304513
7906,PIM3,0.6031082
7907,FARS2,0.93620986
7908,ZNF775,0.9254696
7909,FHOD3,0.8207113
7910,PINLYP,0.9462519
7911,ACADSB,0.76321816
7912,UBE2O,0.77862495
7913,STIM2,0.90706897
7914,KYAT3,0.93874127
7915,WDTC1,0.84463847
7916,CCDC28A,0.7812877
7917,TMEM178A,0.6766565
7918,ARNT,0.90934557
7919,LINC00595,0.85260946
7920,RFX1,0.8669768
7921,POU3F4,0.72919774
7922,NUP107,0.8916099
7923,FRMD5,0.77523804
7924,CDK20,0.890794
7925,AP5Z1,0.85644495
7926,NPC1,0.606162
7927,DHX32,0.8735686
7928,ZFYVE27,0.8625667
7929,TSR1,0.89772856
7930,TRAPPC8,0.8644664
7931,FGL2,0.712248
7932,KBTBD7,0.9189495
7933,BRIX1,0.7618332
7934,CYP2U1,0.8000445
7935,IFI44,0.64069086
7936,MIPEP,0.83239955
7937,UHRF2,0.75354403
7938,BCL7A,0.875472
7939,SEMA4C,0.738341
7940,LINC00662,0.6698919
7941,NAPB,0.69318104
7942,RAB3IP,0.7563265
7943,XYLT2,0.83253473
7944,TJAP1,0.90049726
7945,SNX7,0.7536896
7946,USB1,0.9036936
7947,USP20,0.9164114
7948,LINC01128,0.61244917
7949,MRE11,0.8623026
7950,SARM1,0.88368326
7951,TMEM168,0.9354653
7952,MAFG,0.5031812
7953,DNAJC30,0.85964924
7954,MLLT11,0.76753503
7955,MMD,0.6387856
7956,CCDC93,0.80780107
7957,RADX,0.85689855
7958,AC015871.1,0.8532814
7959,CCNT1,0.7989658
7960,SLC25A10,0.85926956
7961,C17orf80,0.9228754
7962,ARHGAP33,0.7722292
7963,TMEM161A,0.7813687
7964,MCF2L,0.76465017
7965,TAP2,0.7615152
7966,IRX2,0.6570392
7967,CLYBL,0.9486646
7968,NCOA3,0.81851447
7969,ELK3,0.78091884
7970,HS1BP3,0.81438917
7971,ANKRD13A,0.8888387
7972,STOX1,0.9311737
7973,MYL5,0.856656
7974,SPATS2,0.8737471
7975,FCHO2,0.60817343
7976,TP53I3,0.65159345
7977,AL136038.5,0.82863843
7978,RARS2,0.8016077
7979,AC133552.5,0.8969074
7980,MSL2,0.8405159
7981,MED9,0.8166536
7982,NDST2,0.86720544
7983,PNPLA4,0.73108715
7984,PTTG1,0.6211095
7985,PRICKLE2,0.70435977
7986,PIP5K1A,0.8797729
7987,C1GALT1C1,0.8579497
7988,MLX,0.7180353
7989,SLC35A3,0.79921323
7990,TLCD5,0.72104555
7991,WASHC2C,0.8040238
7992,FCGR1A,0.67834127
7993,TTC30B,0.93474597
7994,FAM149B1,0.88341004
7995,GPATCH2,0.8779555
7996,GPR161,0.7607523
7997,EDEM2,0.8350178
7998,ZNF791,0.7185862
7999,NXT2,0.78462195
8000,FLT1,0.51345783
8001,CRNKL1,0.7300392
8002,BEGAIN,0.7872867
8003,LPAR6,0.82310367
8004,CLEC14A,0.562897
8005,CPT2,0.9295267
8006,MDN1,0.81984633
8007,GRAMD1B,0.75677264
8008,KANSL1-AS1,0.6368954
8009,FAHD2B,0.8911581
8010,PACRGL,0.88472515
8011,ADGRL4,0.7105884
8012,LCP1,0.7701361
8013,ZFC3H1,0.82475066
8014,LONRF1,0.56265473
8015,MDH1B,0.8868128
8016,IL5RA,0.8427635
8017,FANCL,0.8440609
8018,PDE8B,0.69683266
8019,OGN,0.7122128
8020,SLC35A1,0.90719074
8021,SLC30A6,0.8881676
8022,SLC25A12,0.83814293
8023,FAM229A,0.9140527
8024,ISG20L2,0.80856794
8025,SDE2,0.6332732
8026,PRPF3,0.80771804
8027,CSRNP2,0.9117926
8028,PIK3CB,0.89311373
8029,WDR7,0.9095835
8030,PPP1R32,0.82480603
8031,RNF121,0.80238414
8032,TMEM164,0.92261237
8033,METTL2B,0.86536986
8034,ABT1,0.83404255
8035,CACNA2D1,0.7806618
8036,DNAJC16,0.8278406
8037,TMEM53,0.89281905
8038,C3orf38,0.8978438
8039,GTF3C3,0.90658754
8040,ST3GAL2,0.85496765
8041,PLXNA1,0.80640215
8042,CDS1,0.83398515
8043,SAMD9L,0.58152527
8044,THBS4,0.47452164
8045,MSANTD3,0.7388689
8046,SERTAD2,0.80709547
8047,PARD3B,0.7298909
8048,ARL14EP,0.7638367
8049,RNF8,0.90797114
8050,ZNF23,0.79259795
8051,RAD9A,0.83880633
8052,PRDM6,0.7112847
8053,CHPF2,0.85708714
8054,SCML1,0.88490796
8055,MR1,0.76940423
8056,PDE4A,0.8348883
8057,C1orf174,0.8213982
8058,SNPH,0.91132754
8059,PTPRJ,0.6950562
8060,STAMBPL1,0.81670225
8061,LINC01003,0.816481
8062,CRTC2,0.8663677
8063,STOX2,0.9185429
8064,PIGBOS1,0.82591975
8065,SPECC1,0.8701098
8066,PDCD7,0.8105344
8067,RNF111,0.9085915
8068,MAST2,0.82489777
8069,C9orf72,0.5815049
8070,TTI1,0.9096899
8071,CLPB,0.64121234
8072,METTL17,0.8828466
8073,EXOC2,0.89023376
8074,MSRB3,0.79540247
8075,GPATCH11,0.64342386
8076,THAP9-AS1,0.8723499
8077,DHRS1,0.88999295
8078,TNFRSF14,0.71036375
8079,INHBB,0.62259716
8080,ZNF37A,0.9030206
8081,LSG1,0.84272116
8082,MROH1,0.8051937
8083,NFKBIB,0.70971674
8084,NBEAL1,0.5542606
8085,ANKRD13B,0.7802973
8086,CCSAP,0.8475481
8087,PIGH,0.88300896
8088,BCL10,0.50941294
8089,GLI3,0.89459974
8090,TPRN,0.65128887
8091,ITCH,0.5577676
8092,GLE1,0.93272406
8093,LYNX1,0.599647
8094,GATD3A,0.5699289
8095,ATP11B,0.87643296
8096,AC005532.1,0.60235447
8097,SSH1,0.6850105
8098,BTN2A1,0.76690334
8099,NOL3,0.79124945
8100,ZFP62,0.86717135
8101,MRVI1,0.69093746
8102,DICER1-AS1,0.79815125
8103,LINC01114,0.7942644
8104,KLHL23,0.851943
8105,NAP1L2,0.77548486
8106,CAPRIN2,0.9044296
8107,AC078846.1,0.93588376
8108,OGFOD2,0.9007692
8109,LRRC71,0.90203816
8110,ZNF608,0.6672206
8111,ATP8B2,0.84729403
8112,OLR1,0.6079449
8113,ZNF561-AS1,0.9263391
8114,CDKN1C,0.8971901
8115,TRAPPC2B,0.802713
8116,ZDHHC5,0.8878059
8117,SPATA18,0.8686415
8118,ZBTB21,0.7788282
8119,NCKIPSD,0.5737868
8120,TXNDC16,0.6360902
8121,USP36,0.7904747
8122,ZDHHC11,0.8193808
8123,GRPEL2,0.9075869
8124,KAT14,0.82232016
8125,ZNF629,0.8973081
8126,PTPN9,0.70313317
8127,FCSK,0.8087667
8128,FAM135A,0.89360464
8129,ZNF622,0.7431893
8130,ZNF627,0.7677658
8131,EBP,0.9146214
8132,NANS,0.7126118
8133,MRGBP,0.8401608
8134,FBXO31,0.88124406
8135,SBNO1-AS1,0.82621473
8136,PBDC1,0.7690233
8137,FOSL2,0.6500075
8138,CD58,0.84330153
8139,NFATC3,0.7971162
8140,FAM122A,0.9098292
8141,CSGALNACT2,0.6561331
8142,NUDT14,0.58347285
8143,CLDND2,0.8193901
8144,PDCD11,0.7478931
8145,MYO3A,0.8668366
8146,TBC1D4,0.89520174
8147,SMIM3,0.77021307
8148,VPS13B,0.73823607
8149,FTSJ1,0.8767752
8150,GPN3,0.8501969
8151,CLDN12,0.82424337
8152,ZFAND1,0.81882614
8153,ZBTB25,0.8329427
8154,LINC00342,0.9355888
8155,SOGA1,0.7616238
8156,PIP4P2,0.7435564
8157,PLSCR3,0.8088808
8158,ZNF862,0.88581556
8159,CYP7B1,0.77569544
8160,DTX3L,0.62355214
8161,MTMR2,0.9091425
8162,RC3H1,0.87424845
8163,MAP11,0.80189306
8164,AVL9,0.8194248
8165,TTC30A,0.83269477
8166,SULF1,0.48726133
8167,GSTZ1,0.76089567
8168,ZNF160,0.84197366
8169,ADCY6,0.8610515
8170,DOCK9,0.736738
8171,CDADC1,0.8505474
8172,WASF1,0.7913576
8173,TGFB2,0.7037044
8174,LRRC14,0.9569091
8175,C17orf58,0.6625127
8176,AC108134.4,0.7996568
8177,PDZD2,0.8503464
8178,RECQL5,0.85783195
8179,ZNF677,0.8663372
8180,TRPC1,0.90039694
8181,SLC27A3,0.84985447
8182,FBXO34,0.87727493
8183,PWWP2A,0.8962229
8184,SIPA1L3,0.90823054
8185,LCOR,0.7623616
8186,SLC16A3,0.6862726
8187,EBF4,0.7053934
8188,PHRF1,0.88500196
8189,BRPF3,0.70793754
8190,ACACB,0.82498497
8191,MAP2K6,0.66716343
8192,SAC3D1,0.77101034
8193,LIMA1,0.7327861
8194,TRIM36,0.80403066
8195,ANKRD42,0.960231
8196,RALGPS1,0.9422237
8197,SMKR1,0.874357
8198,STYX,0.85847586
8199,ZNF426,0.92277235
8200,GSPT2,0.8744307
8201,ANKRD37,0.8382636
8202,BCAS3,0.87592596
8203,BBS10,0.8367593
8204,MIOS,0.8844995
8205,UBN2,0.90783197
8206,TSTD2,0.91581
8207,NICN1,0.8902588
8208,PREP,0.7751078
8209,LRIG2,0.89707243
8210,GXYLT1,0.7930154
8211,MDM1,0.8279529
8212,CAAP1,0.85633713
8213,NOL8,0.8195826
8214,RAD17,0.87874943
8215,TANC2,0.81546384
8216,PSMG1,0.8377809
8217,MARC2,0.76298636
8218,TRPM7,0.79076517
8219,EPC2,0.8514119
8220,HPRT1,0.777553
8221,IL20RA,0.925111
8222,ECHDC3,0.88817865
8223,MAGI3,0.93932956
8224,FKBP14,0.85752195
8225,PPM1F,0.89556175
8226,SLC27A4,0.7508972
8227,HBEGF,0.56614375
8228,SMCO4,0.8440102
8229,MTMR1,0.7857856
8230,CYB561D2,0.81316125
8231,SNX29,0.76877236
8232,LINC01278,0.89887184
8233,NOC4L,0.9158476
8234,VPS33A,0.81767195
8235,ZNF524,0.6860286
8236,MCM6,0.8609396
8237,BOLA2,0.61672807
8238,SFI1,0.8455177
8239,IKBKG,0.8810171
8240,FAM114A2,0.8800367
8241,RBBP9,0.8611438
8242,BANP,0.8401354
8243,PRIMPOL,0.95791155
8244,VANGL1,0.8892155
8245,MED7,0.8257279
8246,ANKRD50,0.9218847
8247,DCP1A,0.92196316
8248,C9orf64,0.88134646
8249,FAM171A2,0.8839363
8250,CD34,0.7487139
8251,NUAK1,0.8406854
8252,BMS1,0.8668652
8253,ATG4C,0.8385855
8254,CNTN2,0.3602228
8255,CHRNB1,0.8826851
8256,ENOSF1,0.8729986
8257,BTBD10,0.8862721
8258,AL049840.5,0.9300896
8259,MAP3K5,0.6928023
8260,FMO1,0.8060003
8261,RGS19,0.8267088
8262,URB1-AS1,0.8493264
8263,RANBP6,0.86165804
8264,OSTF1,0.6081762
8265,WRAP73,0.82084423
8266,NAA35,0.8168439
8267,RDH5,0.88823473
8268,AC027237.3,0.83292794
8269,FAM160B1,0.8559145
8270,HDHD3,0.7094797
8271,BCOR,0.9082398
8272,PRR34-AS1,0.7736616
8273,COL6A3,0.74469733
8274,LRP11,0.881283
8275,FAHD1,0.71128553
8276,ATXN1L,0.8258269
8277,MTMR14,0.8773228
8278,ZNF264,0.902289
8279,SMAD7,0.75247514
8280,TTBK2,0.8559647
8281,FAM50B,0.7691673
8282,NMRK1,0.7448963
8283,POLD3,0.8119194
8284,NFIA-AS2,0.8375129
8285,TEKT2,0.8718045
8286,LAIR1,0.54614836
8287,IRS1,0.7369917
8288,ZBTB45,0.78325105
8289,ARMH1,0.75682336
8290,ARHGAP6,0.81402224
8291,HOXA4,0.85314316
8292,PGAP2,0.911962
8293,AKR1C1,0.56715393
8294,FBXO45,0.8167762
8295,IRF1,0.5585913
8296,AC097534.2,0.6531694
8297,SMYD2,0.87185454
8298,TSPAN11,0.94131625
8299,LINC01765,0.7796925
8300,GPRASP2,0.9336245
8301,LRP3,0.7763665
8302,SPRED2,0.7814251
8303,RGS22,0.9026684
8304,ITGB3BP,0.7559708
8305,IMPDH1,0.7030439
8306,SIGIRR,0.72500455
8307,ZNF776,0.813406
8308,NLRX1,0.8921187
8309,ZNF189,0.8550644
8310,PRR14L,0.8003004
8311,KHDC1,0.93611044
8312,MED6,0.9105349
8313,SIRT7,0.8140661
8314,GRIA3,0.8187185
8315,EIF3J-DT,0.9477949
8316,SEZ6L,0.56348836
8317,NAT10,0.89231944
8318,CDH13,0.49656323
8319,VCAM1,0.58565575
8320,ELF1,0.7156661
8321,USP42,0.9086389
8322,VPS18,0.8562113
8323,DHX8,0.87768877
8324,GTF2E2,0.91722697
8325,GARS-DT,0.85394996
8326,G2E3,0.77896863
8327,ASB13,0.8908179
8328,COA6-AS1,0.84947467
8329,LINC02693,0.7595057
8330,ZSCAN30,0.913532
8331,COX19,0.94803977
8332,FHL3,0.6881489
8333,SZT2,0.85374737
8334,GLIPR1,0.5936296
8335,TRMT1L,0.897019
8336,ERCC6L2,0.8903006
8337,BOK,0.78360766
8338,CCDC152,0.39710614
8339,LRRC57,0.9079878
8340,HCG18,0.7803578
8341,ZNF512B,0.9032333
8342,FZD2,0.82090795
8343,WHRN,0.87196946
8344,TNPO3,0.7156242
8345,CCDC137,0.87729335
8346,RUSC2,0.75830305
8347,GLDC,0.91053027
8348,ATG5,0.9160007
8349,GNPDA2,0.78779006
8350,FAM227A,0.9200394
8351,ZNF121,0.87593085
8352,DBNDD1,0.67774737
8353,ANKS6,0.8149511
8354,YAE1,0.84432757
8355,CBLL1,0.9164763
8356,TYW3,0.8542333
8357,C8orf82,0.6729879
8358,MESP1,0.941399
8359,MUTYH,0.9143728
8360,ARL13B,0.89977664
8361,BGLAP,0.7531324
8362,PLEKHA1,0.72156775
8363,ANKRD65,0.9029711
8364,ASCC3,0.73959905
8365,CYP39A1,0.8230042
8366,PRPF4,0.88891596
8367,VPS37D,0.85697657
8368,BIVM,0.8814827
8369,KCTD18,0.929694
8370,FBF1,0.8739757
8371,PLEKHM1,0.63176244
8372,NFKB1,0.85649794
8373,PELI2,0.86831766
8374,CHRAC1,0.84234923
8375,SMYD5,0.80440176
8376,TRAPPC13,0.8807153
8377,ACBD4,0.9303049
8378,CHODL,0.67613244
8379,MTRR,0.7546919
8380,HAUS1,0.84486717
8381,PEX14,0.8632087
8382,SGMS1,0.81566566
8383,FIZ1,0.87290305
8384,HAUS2,0.8687935
8385,LINC00847,0.874139
8386,WDR47,0.76722413
8387,R3HDM1,0.87002444
8388,RRP15,0.82559496
8389,CFAP65,0.7732424
8390,CXCL3,0.5597155
8391,DPP3,0.84894025
8392,TBXAS1,0.55527264
8393,ZNF317,0.8705116
8394,TARSL2,0.7084226
8395,HMBS,0.8568462
8396,MICAL1,0.8845165
8397,GOLGA1,0.84249896
8398,FNIP2,0.610941
8399,NGLY1,0.73482805
8400,MLH3,0.837961
8401,DDX51,0.9035094
8402,NPHP3,0.8021357
8403,STK35,0.8130548
8404,CREB3L2,0.6875393
8405,TPBG,0.5667451
8406,CCDC159,0.8614759
8407,NUP43,0.8990975
8408,ALG12,0.8268346
8409,CD27-AS1,0.8431545
8410,CDKN2AIPNL,0.78697854
8411,COIL,0.7582994
8412,PIP4K2C,0.8888301
8413,MRPL39,0.8168264
8414,BTN3A2,0.7358906
8415,FAM161A,0.7781912
8416,OGFOD1,0.825736
8417,MIR210HG,0.57438
8418,POLR3K,0.72652143
8419,LSP1,0.5301939
8420,GRK3,0.8275337
8421,SLC19A1,0.9290305
8422,CPT1B,0.8703537
8423,AC083798.2,0.87550145
8424,ZNF606,0.91828233
8425,SLC25A20,0.8107231
8426,SRP14-AS1,0.88612324
8427,KCND2,0.72599125
8428,ZBTB11,0.81948715
8429,C20orf96,0.63176787
8430,SDHAF1,0.7340602
8431,TMEM232,0.88620394
8432,NDC1,0.87978166
8433,CSDC2,0.7684836
8434,ACTR3B,0.8777945
8435,NRG3,0.9022958
8436,SMC6,0.84720224
8437,DDX19B,0.72353745
8438,RAD1,0.8739342
8439,MED30,0.8781772
8440,ADGRF5,0.7557993
8441,LY86,0.64884365
8442,PDGFB,0.697174
8443,STOML1,0.8661602
8444,YIPF1,0.86723894
8445,ZC2HC1C,0.87694716
8446,TBC1D7,0.89479643
8447,CSGALNACT1,0.6686692
8448,LRRC55,0.48253298
8449,GRWD1,0.8575566
8450,SHMT1,0.7450001
8451,FAM118A,0.82405895
8452,ZNF506,0.885555
8453,LYSMD2,0.7892379
8454,SYP,0.84932846
8455,UMAD1,0.81860423
8456,FKBP2,0.49121177
8457,TP53I11,0.6450515
8458,C1QL4,0.62186044
8459,LDHD,0.8023967
8460,SUPV3L1,0.6830608
8461,OSMR,0.5002916
8462,ERLIN1,0.8378004
8463,SSH2,0.7961313
8464,TCFL5,0.83829236
8465,ADA2,0.67028195
8466,GVQW3,0.79605883
8467,ARID5B,0.49798754
8468,ETS1,0.68462956
8469,CTBS,0.59315026
8470,SELENOI,0.8171375
8471,RHBDD1,0.9079718
8472,FBXL2,0.87811905
8473,SPHK1,0.5968204
8474,CACTIN,0.87873495
8475,CDH5,0.53682923
8476,MAMDC4,0.7944223
8477,DLC1,0.46672037
8478,ALG1,0.9336317
8479,MTMR11,0.8278833
8480,MBTD1,0.85646325
8481,RBMXL1,0.7933151
8482,METTL15,0.8915256
8483,RIPK2,0.75427395
8484,KLF5,0.657136
8485,MEX3D,0.81412524
8486,AC244090.1,0.64591575
8487,SCLT1,0.75035036
8488,NEURL4,0.8064209
8489,GMCL1,0.64421076
8490,C16orf91,0.88009185
8491,LARS2,0.86544424
8492,LRRC37A3,0.8634543
8493,DPEP1,0.6117129
8494,UPP1,0.7666939
8495,BCL9,0.929648
8496,ZFYVE19,0.801405
8497,CDC40,0.92022115
8498,EEF2KMT,0.7989332
8499,IGDCC4,0.41399744
8500,CPT1C,0.46495458
8501,DPP10,0.7669849
8502,SLC38A6,0.89344424
8503,PATL1,0.62804407
8504,CFAP57,0.84091276
8505,CXCL8,0.47973144
8506,APOOL,0.86785865
8507,COQ10A,0.91273266
8508,EXOSC9,0.75770396
8509,AC239800.2,0.6756781
8510,SLC66A3,0.67932683
8511,AJAP1,0.5787049
8512,ZSCAN1,0.9086182
8513,SNX8,0.6781781
8514,AMDHD2,0.7953075
8515,CCL3,0.5218084
8516,SEC24A,0.7929248
8517,DOLK,0.7809055
8518,JMJD4,0.8842209
8519,FLCN,0.8337297
8520,KIAA1958,0.8282346
8521,LYST,0.61977315
8522,ITPKC,0.65011734
8523,ZDHHC16,0.8537112
8524,CCNA1,0.6650274
8525,CCDC39,0.7176223
8526,PIH1D2,0.6591005
8527,NME6,0.82000643
8528,ARHGAP29,0.5868514
8529,DHX16,0.7644346
8530,MED8,0.8261064
8531,CRCP,0.7294274
8532,CROT,0.9263125
8533,TMEM99,0.73677766
8534,FAM241B,0.81080836
8535,PLEKHG5,0.62500435
8536,WDR20,0.92449737
8537,METTL21A,0.83323157
8538,KIAA1549,0.7896172
8539,KNOP1,0.6812999
8540,TFCP2,0.69615275
8541,SLC44A3,0.6646516
8542,BRSK1,0.7687658
8543,NAA40,0.9137861
8544,AKAP10,0.8695038
8545,ZNF772,0.9162439
8546,B3GALNT2,0.87911886
8547,SNX33,0.75132996
8548,SETMAR,0.8252774
8549,KIAA0408,0.655267
8550,DUSP11,0.81699526
8551,MIGA2,0.9040915
8552,NIPA1,0.7956335
8553,TNIP2,0.813174
8554,JMJD6,0.75503546
8555,EFNA1,0.80829567
8556,USP32,0.7888539
8557,RASSF7,0.7660303
8558,PDCL3,0.65228814
8559,TGM2,0.55063194
8560,SH3BP5,0.78367215
8561,STK17A,0.6165788
8562,SLC9A7,0.82497805
8563,CAMTA2,0.69099975
8564,TMC6,0.74017185
8565,WDR49,0.8610636
8566,TRIM65,0.8493172
8567,MTHFSD,0.9131474
8568,TMEM204,0.7514436
8569,GMPPB,0.8359749
8570,GALT,0.8749066
8571,C3orf18,0.80454427
8572,RPARP-AS1,0.749536
8573,ACSS2,0.7636071
8574,ZNF25,0.8038223
8575,WWC3,0.7251633
8576,RNF123,0.83497214
8577,PTPN3,0.85456604
8578,SS18L1,0.79745543
8579,UBR1,0.7208998
8580,TSHZ3,0.73709124
8581,TYMS,0.5877244
8582,SLC30A7,0.87037796
8583,TAF2,0.6773939
8584,CASKIN1,0.610066
8585,HOXB-AS1,0.8343073
8586,ZNF436-AS1,0.7097113
8587,MRPL20-AS1,0.89025855
8588,DLG5-AS1,0.7649094
8589,RUSC1,0.778479
8590,GSTM5,0.5163705
8591,ZSCAN26,0.80693144
8592,C12orf65,0.77193016
8593,AP1AR,0.7968209
8594,SATB2,0.7233371
8595,AMACR,0.8490646
8596,COG3,0.7752945
8597,FAM76B,0.83321375
8598,SH3RF3,0.88062763
8599,KMT2D,0.90913844
8600,BTN3A3,0.5017643
8601,IZUMO4,0.73471254
8602,MAP2K3,0.73119164
8603,PTPN1,0.7767704
8604,ING3,0.8493979
8605,YDJC,0.7507853
8606,ZNF585A,0.8076365
8607,TNFRSF1B,0.63963324
8608,TAF6L,0.81660426
8609,ABHD13,0.85095936
8610,PCBP1-AS1,0.8413611
8611,TRMT9B,0.8614225
8612,DCAF15,0.76030165
8613,AC026979.2,0.7518165
8614,NOL10,0.7950416
8615,C2orf50,0.875555
8616,RUNX1,0.61692077
8617,PELO,0.6598392
8618,NEDD4L,0.6573243
8619,IDE,0.90957355
8620,ATF1,0.8980933
8621,ALKBH4,0.7328649
8622,RNF19B,0.49734765
8623,SHKBP1,0.6652313
8624,IPO4,0.82727396
8625,VPS50,0.9159183
8626,MFSD11,0.8713122
8627,PTCH1,0.7060596
8628,DENND3,0.65241355
8629,TRADD,0.8002975
8630,MEX3A,0.8646189
8631,POLL,0.8074621
8632,CCDC88C,0.79590493
8633,NRARP,0.7082708
8634,PCDH7,0.8271831
8635,DNAJB13,0.80065936
8636,ADAMTS3,0.7688303
8637,MAPKBP1,0.8387909
8638,ACADS,0.83096945
8639,RIPK1,0.77961844
8640,GEMIN6,0.81230927
8641,LMCD1,0.5916478
8642,ZNF496,0.80920947
8643,DTX4,0.66129476
8644,DGCR8,0.9306988
8645,MTMR9,0.8838234
8646,PNMA8C,0.86713594
8647,HEMK1,0.84897524
8648,LRRC45,0.92208713
8649,RAC3,0.82351243
8650,BTAF1,0.8745737
8651,CAPN15,0.82053924
8652,CDKN2C,0.65423954
8653,NIFK-AS1,0.7721824
8654,TRMT61B,0.8467808
8655,ZXDC,0.89802873
8656,PIGM,0.8408479
8657,CBWD5,0.85577875
8658,FARP2,0.8719761
8659,LINC01338,0.66405064
8660,FAM13C,0.8482639
8661,MTRF1L,0.79870725
8662,ZBTB43,0.79800814
8663,ALKBH3,0.86504894
8664,ZBTB5,0.8289724
8665,ZNF266,0.84594816
8666,AC068587.4,0.7061306
8667,ABLIM3,0.65138376
8668,TCOF1,0.79077166
8669,PPP2R1B,0.86220455
8670,SETD4,0.83730483
8671,CDK5RAP1,0.84375745
8672,ZMYM6,0.8042424
8673,SLC39A11,0.72197783
8674,ATXN3,0.79426855
8675,AKAP7,0.7977974
8676,PTPN14,0.8489018
8677,MTHFD1L,0.59641945
8678,METTL14,0.85549486
8679,CUL7,0.75756395
8680,FKTN,0.8678873
8681,TAB3,0.8872467
8682,NLGN1,0.87113357
8683,CEP250,0.7949072
8684,TMEM201,0.83092016
8685,POLR1A,0.85718536
8686,PRR5,0.49871045
8687,AC093297.2,0.8053471
8688,CGNL1,0.70946056
8689,ACAD10,0.8408453
8690,CYP46A1,0.8444105
8691,NOXA1,0.8779236
8692,LIN37,0.8701408
8693,TCEAL5,0.6991026
8694,ZBTB1,0.6064792
8695,CDC42EP3,0.7453837
8696,MYO16,0.8405834
8697,GPR135,0.91104853
8698,TRAPPC2,0.8479717
8699,UMPS,0.79996735
8700,C6orf136,0.9373818
8701,ZNF205,0.7286667
8702,GBE1,0.8347547
8703,CNST,0.848819
8704,CCDC96,0.90471387
8705,PLCB4,0.8708646
8706,KDM7A,0.4761921
8707,B3GNT2,0.7947124
8708,GNAL,0.7854887
8709,FGD4,0.7367073
8710,UIMC1,0.8985039
8711,ANKRA2,0.622891
8712,PRKAB2,0.85069025
8713,GUF1,0.9025473
8714,TARS2,0.8378511
8715,TMEM243,0.70454574
8716,MYSM1,0.58432347
8717,MTHFD2,0.77868634
8718,XPNPEP3,0.9109165
8719,ARMC2,0.8677059
8720,SPSB1,0.83456093
8721,SH3BGRL2,0.7507721
8722,CBX8,0.7802055
8723,CDK7,0.79488826
8724,RPAP2,0.75741655
8725,CARMIL1,0.86882555
8726,MYH14,0.8908339
8727,ASGR1,0.6215425
8728,DUSP15,0.8138088
8729,PIGZ,0.8037397
8730,PGM2,0.78106916
8731,PTGS1,0.5717855
8732,LRRC24,0.82252383
8733,NEIL1,0.89594364
8734,TIGD5,0.9237395
8735,STAM,0.81215054
8736,CDON,0.7695046
8737,EMSY,0.90738875
8738,ZNF585B,0.77238727
8739,CACNB1,0.8280804
8740,AC024075.2,0.88607466
8741,LIMK1,0.5557746
8742,HECTD2,0.7549089
8743,AC006333.2,0.90799433
8744,LYN,0.6974112
8745,KATNA1,0.7135154
8746,DIO3OS,0.6216209
8747,ANAPC1,0.8135593
8748,TDRD7,0.7852373
8749,XAF1,0.60313267
8750,RERG,0.60111547
8751,MED27,0.8420309
8752,VPS54,0.9047589
8753,FGD6,0.81279856
8754,USF3,0.9397299
8755,RP9,0.8327188
8756,ZBTB7B,0.88395333
8757,CEP170B,0.80209213
8758,PLCH1,0.7789964
8759,KRBOX4,0.8488254
8760,AMPD3,0.7753164
8761,HIP1,0.77115875
8762,KLF16,0.89736724
8763,ANGPTL2,0.8015773
8764,TEF,0.77138996
8765,MISP3,0.83457
8766,ETV6,0.6059614
8767,ZNF334,0.78111225
8768,ATG14,0.7866388
8769,LINC00641,0.6845752
8770,TMED8,0.8350397
8771,RORB,0.70156056
8772,MPHOSPH9,0.8442765
8773,RAB11FIP5,0.72401553
8774,SLC29A4,0.6662109
8775,DOCK10,0.7089955
8776,YTHDC2,0.87550944
8777,TSPAN17,0.668603
8778,CDK12,0.6842072
8779,ZNF195,0.83982337
8780,AL035071.1,0.76340604
8781,ATR,0.84276825
8782,POLR3C,0.7195709
8783,PAK4,0.8557846
8784,MRI1,0.86302465
8785,ZNF599,0.8884592
8786,NRG2,0.94057846
8787,RFX7,0.81453913
8788,MKS1,0.7764858
8789,RNGTT,0.76404667
8790,PARG,0.9240492
8791,DCDC1,0.9512575
8792,MOSMO,0.8349697
8793,LINC01006,0.77557224
8794,FBXL4,0.89887977
8795,SGF29,0.84843236
8796,ANKRD26,0.5917147
8797,NYNRIN,0.8757626
8798,FOXJ2,0.7086249
8799,TRIM29,0.6748549
8800,RFT1,0.89887315
8801,RNASE6,0.410589
8802,POLK,0.8285009
8803,PROSER1,0.8943588
8804,AMMECR1L,0.6951878
8805,CRYBG3,0.83924717
8806,TARBP2,0.82666296
8807,GCAT,0.7889738
8808,TUBGCP3,0.7599945
8809,RAB24,0.657313
8810,RANBP10,0.7902193
8811,ATL2,0.88305247
8812,CCDC157,0.8924846
8813,WIF1,0.42338267
8814,HVCN1,0.64817613
8815,ECSCR,0.66913944
8816,MIER2,0.7699141
8817,ZNF576,0.8601889
8818,SLC35F2,0.57747996
8819,SNHG17,0.8047684
8820,DCDC2,0.6791845
8821,BMT2,0.85172486
8822,CCDC3,0.545452
8823,CBWD2,0.8922948
8824,S100A2,0.53271383
8825,TUB,0.8523098
8826,TBPL1,0.7934932
8827,WDR75,0.84695315
8828,MINDY4,0.82435226
8829,SMTN,0.6649472
8830,SIRT1,0.701988
8831,SPATA7,0.8441438
8832,GPALPP1,0.8472817
8833,PIPOX,0.74812025
8834,NEGR1,0.79082245
8835,HARS2,0.85202116
8836,KIF21B,0.6895742
8837,TSPAN9,0.6800088
8838,NIF3L1,0.82186246
8839,STXBP4,0.8147627
8840,TBC1D9,0.67811507
8841,ZNF397,0.8026293
8842,LMOD1,0.25760797
8843,ZBTB46,0.7493066
8844,C6orf52,0.8211017
8845,SNIP1,0.80243117
8846,AMY2B,0.83665824
8847,CLEC16A,0.87808174
8848,MORC3,0.6708973
8849,WDR11-AS1,0.55964386
8850,FAM210A,0.7107432
8851,NUP155,0.83952355
8852,RASGEF1A,0.7979767
8853,SOWAHC,0.90054345
8854,ZNF436,0.75868154
8855,CEP162,0.85012376
8856,ZNF335,0.7999974
8857,BICRAL,0.7374624
8858,TATDN3,0.91292626
8859,GBP3,0.6352773
8860,E2F6,0.7718582
8861,GSDME,0.53232896
8862,FAM124A,0.7291492
8863,TTC13,0.88747096
8864,MCM5,0.8087597
8865,CFAP206,0.8971472
8866,C17orf75,0.89893985
8867,SLC24A4,0.5686245
8868,SLC7A8,0.7056698
8869,RFFL,0.74643034
8870,LMBR1L,0.8181456
8871,AL109811.2,0.8869018
8872,CAP2,0.8509054
8873,DNAH12,0.85767645
8874,ZNF740,0.7576484
8875,SLC25A14,0.9367806
8876,TTC26,0.88511485
8877,CEP192,0.8565967
8878,TMEM220,0.832152
8879,TRIM22,0.5133905
8880,ATL1,0.7367195
8881,XPO4,0.9393234
8882,JHY,0.8461551
8883,STARD8,0.72407717
8884,TRIM11,0.84996647
8885,CSNK1G1,0.7418581
8886,TXNL4B,0.8098311
8887,CBX7,0.55557805
8888,USPL1,0.78480816
8889,AC005332.4,0.75140417
8890,CRAMP1,0.8594103
8891,CNTLN,0.80519444
8892,P3H1,0.67323625
8893,UTP23,0.69258827
8894,POU6F1,0.8457401
8895,IFITM10,0.61337703
8896,LRRC40,0.83107203
8897,RNF135,0.8612879
8898,HACD4,0.68160117
8899,EPG5,0.84309006
8900,ZNF514,0.8522642
8901,C6orf47,0.8229532
8902,PNO1,0.81887645
8903,MED23,0.8491167
8904,LENG1,0.81516147
8905,FBXO15,0.7023849
8906,GPR89A,0.7982912
8907,ETAA1,0.8269753
8908,POGLUT3,0.87541807
8909,RSPH14,0.7861088
8910,CENPS,0.680146
8911,LRRC74B,0.8540831
8912,TMIGD3,0.56621104
8913,KIF3C,0.6588921
8914,NLK,0.90425354
8915,SRPK1,0.86148125
8916,SORD,0.7028259
8917,PARP12,0.75288945
8918,EEFSEC,0.92310447
8919,CASP2,0.80154234
8920,PRPF39,0.6822534
8921,CYP4F3,0.6912045
8922,WDR27,0.8527213
8923,ANAPC10,0.87324995
8924,DHDDS,0.7955128
8925,SLC9A8,0.72069776
8926,CLSTN3,0.5885862
8927,COPG2,0.82234347
8928,CEP131,0.5922749
8929,COL9A3,0.766017
8930,BAG2,0.8549216
8931,RGS2,0.6306645
8932,NT5DC1,0.7919902
8933,PLK3,0.68428427
8934,CHDH,0.75736964
8935,PLN,0.6335744
8936,NID2,0.673405
8937,CAMK1,0.76788515
8938,CDKN2AIP,0.8174997
8939,LCLAT1,0.8575241
8940,FUT11,0.5414798
8941,WAC-AS1,0.6941577
8942,FAM184A,0.8019113
8943,BEND7,0.8977232
8944,NCOA7,0.53612995
8945,SLA,0.5820165
8946,RHBDF2,0.7705957
8947,WDR55,0.78635925
8948,SCNN1D,0.82436013
8949,SEH1L,0.6499687
8950,AZIN1-AS1,0.9049294
8951,EMILIN3,0.87052864
8952,RAB11FIP4,0.7713039
8953,CDK2,0.722772
8954,EFCAB12,0.8804642
8955,PUS7L,0.7977312
8956,SAMD14,0.71133
8957,GIMAP4,0.726681
8958,ZNF528,0.8452685
8959,GLCCI1,0.83233523
8960,HACE1,0.82739663
8961,ZNF548,0.74931216
8962,PPP1R13L,0.59142166
8963,MAK,0.82640845
8964,ANKMY1,0.855771
8965,ZNF609,0.8142244
8966,MPND,0.8172401
8967,PDE3A,0.77671146
8968,RNASEH1,0.6677451
8969,PSEN2,0.6408834
8970,SEPTIN6,0.83401126
8971,C11orf24,0.7404856
8972,SLC37A3,0.8424183
8973,MTIF2,0.7304563
8974,C8orf37,0.83740383
8975,SERPINI2,0.8997746
8976,GRIK1,0.7283345
8977,GEMIN5,0.85555935
8978,PURG,0.8937851
8979,ZNF507,0.7793656
8980,ZNF605,0.84551793
8981,NEURL1B,0.80239314
8982,RESF1,0.6723546
8983,PRKCD,0.74321485
8984,HOXA3,0.8082731
8985,TGFBRAP1,0.7221776
8986,SEC24D,0.59823585
8987,SEZ6L2,0.4467483
8988,FXN,0.8363195
8989,EDNRA,0.54223275
8990,KIAA0513,0.54505366
8991,NSMCE2,0.9009466
8992,CCDC81,0.8738749
8993,MARCH3,0.7179926
8994,AMBRA1,0.7847162
8995,AC008915.2,0.93060976
8996,HIF1AN,0.89818376
8997,MINDY3,0.7809875
8998,TFCP2L1,0.5240787
8999,ZNF281,0.6547623
9000,FAM174A,0.89899766
9001,SP4,0.83402246
9002,ZNF322,0.81554276
9003,C12orf43,0.919495
9004,NRDE2,0.8726301
9005,NPR2,0.81262803
9006,BBS7,0.7904826
9007,WDR70,0.838257
9008,PRRT2,0.6886598
9009,GGT7,0.8654739
9010,SLC25A42,0.8865751
9011,SCMH1,0.74955297
9012,CEP104,0.78762376
9013,DOCK6,0.84134257
9014,ABCD1,0.7803057
9015,TBC1D22A,0.7176578
9016,TSPYL5,0.88539046
9017,ZCCHC7,0.86436254
9018,PYROXD1,0.71157175
9019,LIG1,0.7320635
9020,RASSF1,0.62980556
9021,ZNF213-AS1,0.88683474
9022,PCGF1,0.88730913
9023,ARHGEF3,0.7637962
9024,PYCR1,0.74245185
9025,ERMAP,0.84236884
9026,LINC00339,0.68320876
9027,ELL,0.8190964
9028,APOL6,0.79460025
9029,KANSL2,0.7923428
9030,RBFA,0.85935014
9031,RIIAD1,0.7508487
9032,GHDC,0.64585567
9033,GFOD1,0.6353147
9034,LRRC10B,0.82159716
9035,NVL,0.8835542
9036,P2RX7,0.7150507
9037,CDKN2D,0.6938534
9038,ARID5A,0.7420641
9039,C12orf73,0.75310415
9040,AMH,0.69680583
9041,ENPP5,0.46928653
9042,ZGPAT,0.75338167
9043,PXMP4,0.8281378
9044,KIFC3,0.70867395
9045,ITGA2,0.83101755
9046,TTC29,0.36506683
9047,BICD1,0.72564596
9048,PLBD2,0.75816655
9049,OPN3,0.76519465
9050,MARCH1,0.73580706
9051,FAM161B,0.7958002
9052,SV2A,0.7104651
9053,ANKS1B,0.744107
9054,PACSIN3,0.7691547
9055,ANKRD44,0.8030739
9056,ZNF777,0.82670367
9057,RDH10,0.67399067
9058,CXorf56,0.8909149
9059,HAMP,0.25287062
9060,BEST4,0.90108055
9061,FBXO33,0.7850351
9062,LINC00909,0.89689696
9063,L3HYPDH,0.8654211
9064,TBC1D12,0.79806143
9065,REEP4,0.74543136
9066,MINPP1,0.81859803
9067,SHROOM1,0.84879106
9068,LEO1,0.84267336
9069,INTS13,0.7345876
9070,TIMP4,0.7424419
9071,LRRC4,0.69992757
9072,ELAC1,0.83933276
9073,HSF2,0.9079492
9074,FAM166B,0.79402846
9075,C12orf29,0.87744635
9076,TBCEL,0.8740271
9077,RPUSD3,0.80757105
9078,MBTPS2,0.7526343
9079,CEP19,0.90236455
9080,HHATL,0.37274912
9081,RILP,0.77045417
9082,PKMYT1,0.89611155
9083,KCNMB4,0.8156589
9084,ADAMTSL2,0.8028469
9085,OTUD6B,0.89451295
9086,ANG,0.57809347
9087,SMPD2,0.85649395
9088,ALDH1L1-AS2,0.7618217
9089,ZNF7,0.8956223
9090,SLC25A13,0.7754495
9091,DHX57,0.71775615
9092,ARFGEF3,0.58199143
9093,FAM81A,0.73389494
9094,USP21,0.86080575
9095,GBP2,0.6362197
9096,POC1B,0.606412
9097,MORC2,0.8504915
9098,CAMKV,0.7299425
9099,RAD54L2,0.7929658
9100,UBIAD1,0.7391865
9101,SGSH,0.92509097
9102,BX255925.3,0.8211399
9103,ZSCAN29,0.86718327
9104,HIRA,0.8905426
9105,ZCCHC8,0.78132766
9106,WDR83,0.9004679
9107,MROH7,0.73783666
9108,CHST11,0.7054568
9109,SGK3,0.8360241
9110,NCKAP5,0.6832285
9111,AC008267.5,0.83280873
9112,SELPLG,0.66294396
9113,SYDE1,0.8307366
9114,NFATC2,0.70300955
9115,PHF19,0.70689833
9116,DPY19L2,0.8941465
9117,TCF20,0.55105233
9118,LIAS,0.8246624
9119,MIER3,0.91710776
9120,ABCC10,0.8544407
9121,MAD1L1,0.79834193
9122,NSMAF,0.8227049
9123,COLQ,0.7028477
9124,NUDT12,0.8024855
9125,KLHDC4,0.9215124
9126,DGCR6,0.61571383
9127,ZNF134,0.7758471
9128,MS4A4A,0.6927343
9129,ZFYVE1,0.81607765
9130,ZNF211,0.8127336
9131,ZC3H3,0.7854732
9132,GNPNAT1,0.7687821
9133,ALOX12-AS1,0.87020963
9134,PICK1,0.7057076
9135,FBXL12,0.9001839
9136,RHPN2,0.8091511
9137,ATP6V0A2,0.8486477
9138,ZNF503-AS2,0.69753855
9139,SLFN5,0.7772913
9140,NUBPL,0.8701994
9141,AREL1,0.72750735
9142,OAS3,0.56563807
9143,EHD4,0.75781655
9144,AP5S1,0.8420344
9145,ZCCHC9,0.8277586
9146,NBPF26,0.61873823
9147,APBB1IP,0.63786024
9148,TTPAL,0.6911053
9149,ADGRE5,0.75458074
9150,ZMYND19,0.9294905
9151,GNL3L,0.883938
9152,FAM126B,0.8344023
9153,MYLIP,0.6374071
9154,GAL3ST4,0.71110004
9155,NR1D1,0.6042332
9156,BEND6,0.8014177
9157,GLRX2,0.68914545
9158,PLAUR,0.75813884
9159,INTS6-AS1,0.83257353
9160,MAML1,0.76681656
9161,LTV1,0.79219645
9162,C16orf87,0.6076206
9163,SH2B3,0.71447873
9164,ZNF181,0.8278679
9165,HDAC9,0.76693743
9166,TMEM246,0.83062154
9167,CHIC1,0.77632594
9168,RFTN1,0.6650614
9169,BOLA2B,0.8288048
9170,CBLB,0.8060434
9171,RASL10B,0.56011015
9172,C11orf87,0.32360134
9173,RUNX2,0.5524321
9174,MAST3,0.7832758
9175,MTA2,0.79230887
9176,INO80,0.7711467
9177,RNPC3,0.85517746
9178,LCORL,0.66431355
9179,TBCC,0.71557164
9180,BVES,0.4728301
9181,NKIRAS1,0.88069135
9182,PRUNE1,0.78916115
9183,ACSF2,0.6169083
9184,PPP4R4,0.7375788
9185,LINC02696,0.6955754
9186,WDR12,0.8139164
9187,APOM,0.72431535
9188,CENPQ,0.8028715
9189,CWC22,0.5917864
9190,TRIP10,0.5286117
9191,RBM19,0.8272796
9192,ZNF333,0.7208294
9193,ALKBH6,0.72188574
9194,THEM4,0.7947395
9195,PCDH18,0.64751905
9196,PGAM5,0.8021679
9197,SLC12A6,0.6150881
9198,NFKBIE,0.6602
9199,RBMS3,0.5804362
9200,DNAH2,0.9131943
9201,ARMC5,0.80036503
9202,IRX3,0.73432845
9203,MTHFR,0.71813774
9204,RIOK2,0.76990813
9205,CLEC2B,0.84296495
9206,RNF25,0.7912073
9207,VPS37C,0.88642466
9208,ZNF224,0.77944857
9209,ZNF277,0.7343801
9210,ATP6V1G2,0.53941685
9211,SSTR1,0.48992318
9212,COQ6,0.90649015
9213,GALNT7,0.56109285
9214,ARRDC2,0.54766536
9215,CCDC117,0.7828224
9216,ZNF318,0.897176
9217,ZNF641,0.85201454
9218,PPAN,0.77368027
9219,DLEC1,0.8055698
9220,TADA1,0.83956915
9221,PPWD1,0.7998095
9222,AL050341.2,0.91859853
9223,ZNF135,0.9265522
9224,C19orf44,0.90256333
9225,FOXP4,0.8643118
9226,BCLAF3,0.875712
9227,GPATCH4,0.4884904
9228,SOCS7,0.7755722
9229,RFC4,0.8277298
9230,C15orf65,0.88204885
9231,SPRY1,0.44943866
9232,ABCC1,0.8687099
9233,PPP1R14C,0.690371
9234,FBXO38,0.7749984
9235,LYSMD3,0.8589318
9236,OTUD1,0.7120324
9237,MBD5,0.79763013
9238,LINC01089,0.7937179
9239,PEX12,0.743236
9240,ZMYND12,0.68578124
9241,AC010883.3,0.65734255
9242,CAVIN2,0.7091003
9243,ZNF558,0.8643541
9244,FAM167A-AS1,0.6746218
9245,SCAF4,0.82079446
9246,AIF1L,0.61111116
9247,ADCY7,0.8845978
9248,THRB,0.7717729
9249,HECTD3,0.7886525
9250,MFSD14C,0.6820205
9251,RABGGTA,0.8484145
9252,RFLNB,0.6983359
9253,PDSS2,0.76475525
9254,CAPS2,0.8432364
9255,LILRB4,0.50561464
9256,ARFGEF2,0.8368876
9257,APBA3,0.78325915
9258,AC092958.1,0.67078453
9259,CORO7,0.69031006
9260,A2ML1,0.8971643
9261,ZNF212,0.8699367
9262,LTF,0.37575677
9263,PXK,0.6231344
9264,MOSPD1,0.7942188
9265,MIEF2,0.8285455
9266,QRSL1,0.7453844
9267,NOC3L,0.7853661
9268,FIG4,0.8435654
9269,PRKCB,0.50208443
9270,TIMM29,0.8322127
9271,MAB21L1,0.79511064
9272,ZNF577,0.8806989
9273,TMEM265,0.7635556
9274,CLCN4,0.7355807
9275,SLC8B1,0.81315976
9276,C4orf33,0.8234867
9277,INPP1,0.641941
9278,RBBP8,0.6702016
9279,ZFP1,0.8811899
9280,SPACA6,0.87265605
9281,C5orf30,0.86411303
9282,ICA1,0.62483275
9283,C1orf143,0.6291739
9284,USP43,0.86478907
9285,C1orf109,0.78182644
9286,DAGLB,0.69998544
9287,INTS6,0.90682405
9288,NUP37,0.76863325
9289,AC008771.1,0.86485934
9290,POLR3A,0.75987583
9291,THSD4,0.7372875
9292,LIME1,0.7375179
9293,TBK1,0.7238437
9294,SLC7A6OS,0.82552284
9295,POLB,0.69531626
9296,EFCAB7,0.85196215
9297,NECTIN3,0.90026134
9298,HMGCLL1,0.6402907
9299,GEMIN7,0.6696459
9300,C18orf21,0.6115279
9301,TMEM144,0.7986441
9302,DOK6,0.8639433
9303,TMEM41A,0.706516
9304,EFCAB11,0.8797291
9305,AC040169.1,0.81149346
9306,UGGT2,0.83651483
9307,EXOSC2,0.78998923
9308,SP110,0.5883882
9309,ZNRF2,0.704054
9310,NLGN4X,0.7196305
9311,LUZP1,0.75686985
9312,DUBR,0.7645352
9313,LONRF2,0.687948
9314,RBBP5,0.76915133
9315,MIR31HG,0.9255884
9316,NPL,0.4361324
9317,KPTN,0.91943365
9318,SLC22A5,0.8697782
9319,TXLNG,0.86393493
9320,TFEB,0.75988734
9321,ZNF561,0.87964207
9322,TMEM104,0.8561434
9323,CCDC22,0.83579123
9324,FDXR,0.733159
9325,MTF1,0.5964865
9326,RPP14,0.8465942
9327,RPAP1,0.79054105
9328,NAPRT,0.6803642
9329,SPOPL,0.8013937
9330,SPTY2D1,0.77074647
9331,STC2,0.72959095
9332,ZFYVE9,0.7193445
9333,EDEM1,0.71532273
9334,GK,0.7086458
9335,EVI2B,0.5306732
9336,CWF19L1,0.86120033
9337,MSTO1,0.7151308
9338,PLAA,0.7200924
9339,NRBF2,0.6481771
9340,PXDN,0.5858576
9341,DPH6,0.8034443
9342,KCTD7,0.89094967
9343,TRMT5,0.7546116
9344,NOL4L,0.73126775
9345,LMF1,0.8140745
9346,ZNF623,0.82417715
9347,NOP16,0.8319591
9348,C1orf131,0.82012975
9349,LINC00882,0.7655723
9350,UBN1,0.87109375
9351,ZFHX2,0.8708359
9352,SKP2,0.6604427
9353,CLEC19A,0.3661563
9354,HDAC4-AS1,0.77317697
9355,MYO5C,0.6782048
9356,PCBP3,0.41277057
9357,B4GALT6,0.8489374
9358,PRIMA1,0.86363894
9359,HLA-DRB5,0.53477854
9360,AC132217.1,0.42688867
9361,SLC4A7,0.46487948
9362,TLR4,0.61995846
9363,RIC3,0.8961178
9364,SGTB,0.67254347
9365,GSKIP,0.8576126
9366,TTF1,0.8524961
9367,MORN1,0.77394927
9368,TMEM240,0.8319944
9369,FBXO46,0.8924323
9370,SYNJ1,0.8472952
9371,AC016924.1,0.57406634
9372,KIZ,0.8159056
9373,UCK2,0.6487789
9374,NIM1K,0.8737627
9375,ZNF747,0.9033537
9376,FAM102B,0.7463691
9377,RACGAP1,0.55911994
9378,ZNF528-AS1,0.81755537
9379,SPSB2,0.6585418
9380,CPXM2,0.44879952
9381,CRADD,0.68752766
9382,TSTD3,0.8894915
9383,SLC66A1,0.7880717
9384,SLC35G2,0.91713023
9385,C2CD3,0.8346739
9386,MYNN,0.7938477
9387,SDK1,0.5101922
9388,EIF2B3,0.8198507
9389,KIAA0753,0.8296589
9390,VSTM4,0.67942715
9391,ECD,0.7789637
9392,CTDP1,0.8214433
9393,WDR36,0.8867107
9394,ADCY8,0.4631959
9395,DDB2,0.5875973
9396,PRR12,0.8628723
9397,NHLRC3,0.7771944
9398,ZNF432,0.8073404
9399,MAP3K4,0.81517106
9400,C7orf25,0.7124422
9401,INTS12,0.8360891
9402,INTS6L,0.8291795
9403,ZNF671,0.9057226
9404,TMEM17,0.85791534
9405,AL356599.1,0.8753735
9406,CFAP221,0.716487
9407,SLC35E3,0.79492736
9408,AGK,0.6606673
9409,RPIA,0.8457964
9410,KLHL28,0.83391345
9411,ZNF287,0.9008469
9412,PLAG1,0.8864887
9413,RELCH,0.86210513
9414,ATPSCKMT,0.73347074
9415,TBC1D22B,0.92750144
9416,MACROD1,0.91102797
9417,FAM221A,0.8769117
9418,DBR1,0.81177616
9419,C2orf69,0.7240887
9420,ANKRD36C,0.5658705
9421,LIMD1,0.7421696
9422,CMTM5,0.75852793
9423,ZNF780A,0.8562362
9424,EML2,0.67472076
9425,STK38,0.8868046
9426,ZNF140,0.76961404
9427,ZNF680,0.7046646
9428,TAGLN3,0.7642006
9429,GPD1L,0.8173283
9430,GRK6,0.8675142
9431,ATF5,0.69948715
9432,HPS3,0.7255577
9433,HIST1H2BD,0.65554696
9434,UTP25,0.80999374
9435,PCNX2,0.777797
9436,C2,0.7862835
9437,MCU,0.8771593
9438,SLFN11,0.5787413
9439,GAB2,0.8073242
9440,CNTROB,0.78999615
9441,GGACT,0.7489884
9442,ZNF471,0.66507745
9443,CCDC112,0.552034
9444,PIBF1,0.77090096
9445,PAK1IP1,0.61724406
9446,STXBP5,0.754874
9447,CHUK,0.76085395
9448,MHENCR,0.92210716
9449,SKIDA1,0.8612
9450,PRR3,0.741626
9451,CTSK,0.54134995
9452,AC013470.2,0.5762469
9453,WDR81,0.486707
9454,GPRC5C,0.6224814
9455,APTR,0.84401345
9456,NMI,0.5609577
9457,SMIM8,0.7534863
9458,CCDC174,0.8949291
9459,THAP1,0.82721424
9460,KANSL1L,0.78418577
9461,RGS20,0.7158995
9462,KDM1B,0.72097796
9463,TOPBP1,0.7981873
9464,TUT7,0.6093185
9465,MIA2,0.78342366
9466,OBI1,0.8529721
9467,RAPH1,0.68928397
9468,RFC5,0.90412515
9469,MORN3,0.8839783
9470,MTFMT,0.8534172
9471,TBC1D24,0.8042441
9472,SLC2A11,0.79284954
9473,DSEL,0.556974
9474,GPHN,0.7658306
9475,GPN2,0.85164106
9476,PLPP5,0.8157808
9477,ZNF133,0.81059366
9478,LRIG3,0.88317305
9479,TLN2,0.8257628
9480,PDGFC,0.7653827
9481,RMI1,0.8901052
9482,TENT4B,0.8047785
9483,EFNA5,0.6389128
9484,ELMOD3,0.7559957
9485,TACC2,0.58320576
9486,TRDMT1,0.85213226
9487,MVK,0.9000347
9488,LPCAT2,0.56118256
9489,RAB33B,0.81168914
9490,ALMS1,0.8458304
9491,NRF1,0.84559476
9492,CEP44,0.8639346
9493,TRAPPC6B,0.89801687
9494,FEN1,0.67298883
9495,ZNF131,0.806806
9496,LAMC3,0.5889877
9497,SDCBP2,0.69171923
9498,TTC9C,0.86189765
9499,TOR2A,0.8360897
9500,PRMT6,0.89074177
9501,SNHG20,0.892622
9502,PBX2,0.7359886
9503,STK3,0.78568006
9504,TDG,0.8391792
9505,CASP8AP2,0.819767
9506,PYCR3,0.88321376
9507,ADAM22,0.6056549
9508,ZNF197,0.81953245
9509,TMEM63A,0.7499225
9510,ZNF319,0.73588717
9511,CHM,0.8291783
9512,DOP1A,0.7443095
9513,RRP8,0.8308281
9514,NIPBL-DT,0.82311857
9515,SNX11,0.81703657
9516,SPATC1L,0.6555965
9517,SLC25A40,0.7915548
9518,TUT1,0.7271969
9519,ANKRD52,0.85993177
9520,TTC23,0.8338993
9521,HCCS,0.780782
9522,PRMT3,0.75177866
9523,TEKT4,0.6069312
9524,GPRASP1,0.74113464
9525,SMG8,0.8687042
9526,UVRAG,0.7759424
9527,TMLHE,0.7499791
9528,BNC2,0.625462
9529,SH3BP5L,0.7916555
9530,CAMSAP3,0.7392937
9531,PLA2G4C,0.6497472
9532,AL392172.1,0.7229004
9533,TWISTNB,0.725346
9534,MALT1,0.84764916
9535,IER5L,0.54845566
9536,C16orf46,0.77676016
9537,BTN3A1,0.6244981
9538,FAM182A,0.71396214
9539,NAA25,0.72230315
9540,DLL1,0.7014015
9541,ETV5,0.49650362
9542,MOCS1,0.4967595
9543,EFCAB10,0.60656476
9544,MAIP1,0.84180886
9545,MOB3B,0.50662386
9546,INTS4,0.80743676
9547,PPM1E,0.74358046
9548,PLLP,0.72804433
9549,DDX60,0.6086269
9550,TOM1L1,0.77011704
9551,TUBGCP4,0.77719015
9552,IGSF21,0.4736948
9553,CCDC102A,0.8023699
9554,WDR44,0.7140486
9555,IQCB1,0.8127678
9556,GAREM1,0.57316124
9557,PEX1,0.8075399
9558,AUH,0.7933003
9559,ICK,0.8781069
9560,DCPS,0.7401121
9561,MTAP,0.8386069
9562,RINT1,0.71253455
9563,VXN,0.7529396
9564,MCM2,0.8343219
9565,TRPV1,0.61571515
9566,CCN3,0.5476592
9567,PPTC7,0.7277539
9568,EHD3,0.6571885
9569,SLC35B3,0.81893826
9570,ST7L,0.7987166
9571,MAP3K6,0.63282984
9572,KDM4C,0.7593565
9573,ZDBF2,0.6709996
9574,AC233723.1,0.58961564
9575,MSANTD2,0.9034579
9576,OGDHL,0.6892011
9577,FBXO36,0.85981554
9578,NBPF14,0.79043144
9579,ZNF331,0.88512135
9580,PMS1,0.8732813
9581,NBPF11,0.849046
9582,RLF,0.6712519
9583,FNDC1,0.4720686
9584,CDKAL1,0.7663603
9585,FGGY,0.7785334
9586,ZNF574,0.7610999
9587,ATAD2,0.8208144
9588,AGTPBP1,0.7844967
9589,SIDT1,0.71148914
9590,FRMD4B,0.65610945
9591,NBPF12,0.6789279
9592,HIST1H4C,0.4956318
9593,PYROXD2,0.83480453
9594,RAMP3,0.616248
9595,TBC1D10A,0.651203
9596,TSEN2,0.8758673
9597,IL16,0.8280792
9598,SHISA6,0.7333688
9599,FBXO6,0.8465324
9600,TUBE1,0.78066826
9601,GINS3,0.73599035
9602,ZNF844,0.8325749
9603,SAPCD1,0.78916967
9604,TMIE,0.6844277
9605,NCKAP5L,0.89846903
9606,NPM3,0.6501879
9607,ZFP3,0.869429
9608,C1QTNF4,0.32515028
9609,METAP1,0.7734808
9610,PCED1B-AS1,0.6051108
9611,BAZ1A,0.7412922
9612,CDH20,0.7925653
9613,BRMS1L,0.86197776
9614,LIFR-AS1,0.72043186
9615,ADAMTS10,0.8309876
9616,RGP1,0.85490227
9617,YPEL2,0.7277909
9618,EVI2A,0.5385676
9619,THUMPD2,0.78075695
9620,SCAMP1-AS1,0.7983347
9621,PPP2R3A,0.8372551
9622,POLR3F,0.87359965
9623,STIMATE,0.759092
9624,SLC39A4,0.6092121
9625,GTF2E1,0.8031099
9626,TIGAR,0.8626528
9627,CCDC86,0.7350235
9628,REXO1,0.7382233
9629,AZGP1,0.42513892
9630,MXD3,0.7924902
9631,LCP2,0.26301005
9632,INTS2,0.8595839
9633,DIAPH3,0.76382154
9634,IRF2BP1,0.728136
9635,ARL10,0.77174896
9636,ZBTB34,0.82758296
9637,LTN1,0.7741774
9638,KCTD13,0.6661082
9639,ZNF213,0.92252713
9640,TEX10,0.77273995
9641,PLXNC1,0.6949889
9642,ZNF470,0.771775
9643,GPX8,0.8511416
9644,HEATR5B,0.80093473
9645,KRBA1,0.82209677
9646,TLCD1,0.5346618
9647,GREB1L,0.7913574
9648,ELMO1,0.65613884
9649,ADORA3,0.83016276
9650,FAM222B,0.8225698
9651,SAXO2,0.87261313
9652,ATG4D,0.68033373
9653,SPATA24,0.7528908
9654,ENPEP,0.77016824
9655,RFXAP,0.7062532
9656,GPR155,0.8005553
9657,RAP1GAP,0.7340204
9658,USP30,0.8320156
9659,AK8,0.7033954
9660,TANGO2,0.8188276
9661,CPT1A,0.6530789
9662,DONSON,0.8870712
9663,EXOSC5,0.803433
9664,AP001816.1,0.70387137
9665,SEC22A,0.8442387
9666,ARMCX4,0.7350457
9667,ATF7IP2,0.69611984
9668,NUTM2B-AS1,0.7293253
9669,PGGHG,0.7131415
9670,DDX55,0.8051432
9671,TRUB1,0.904188
9672,MAD2L1BP,0.8563637
9673,HPS5,0.6912489
9674,NFKB2,0.7585396
9675,DDI2,0.7419872
9676,TRIP4,0.7031873
9677,NAV3,0.62582564
9678,AARS2,0.7514377
9679,GEMIN2,0.66045797
9680,RNF175,0.49689534
9681,PRKAA2,0.62858146
9682,GLA,0.6907413
9683,ARHGAP19,0.8654461
9684,SLC12A5,0.41327885
9685,SOX13,0.75258803
9686,WDR63,0.8343073
9687,ZNF254,0.8236874
9688,HLA-DOA,0.69526297
9689,KLHL18,0.78984165
9690,FAM189B,0.8342861
9691,CENPC,0.8217706
9692,TSEN54,0.90106654
9693,NOP9,0.78892004
9694,CNEP1R1,0.85810417
9695,ACSBG1,0.66758454
9696,BRCC3,0.76297325
9697,EPB41,0.7349098
9698,ZBTB14,0.84669477
9699,PPRC1,0.78121257
9700,PPP1R13B,0.88916963
9701,ACVR2A,0.75635546
9702,RNF180,0.6925161
9703,ETNK2,0.77765936
9704,AHR,0.5135173
9705,ZNF273,0.776998
9706,KRIT1,0.8038298
9707,RBM15,0.6969132
9708,USF1,0.5449048
9709,FAM117B,0.7122915
9710,FITM2,0.7382839
9711,FBXL20,0.8791332
9712,ST3GAL6,0.7653865
9713,ZNF830,0.87811625
9714,HSD17B7,0.63043714
9715,SFT2D3,0.85745525
9716,TMEM135,0.81537455
9717,PSTK,0.8306618
9718,LRFN3,0.73932403
9719,CHCHD4,0.8460591
9720,VIPAS39,0.73041874
9721,LIMS2,0.7352434
9722,ZNF346,0.8226782
9723,SEC61A2,0.7046666
9724,PFAS,0.7915995
9725,STK32A,0.7499348
9726,PRKCZ,0.6522157
9727,AC020916.1,0.61516464
9728,PEX3,0.70449424
9729,HOMER2,0.5512424
9730,BLZF1,0.5924361
9731,RWDD3,0.75295526
9732,HINFP,0.83248335
9733,TRAF3IP2-AS1,0.8653301
9734,NOP14-AS1,0.8505245
9735,HACL1,0.8256309
9736,DPYD,0.71801513
9737,RNF152,0.70419663
9738,SMIM10L2A,0.9256208
9739,HCFC2,0.66374403
9740,RBAK,0.7196863
9741,ZC3HC1,0.8499594
9742,EEF2K,0.8336294
9743,CLEC3B,0.68667305
9744,EID2B,0.76023984
9745,NR3C2,0.8978064
9746,EPB41L4B,0.68130654
9747,AC016705.2,0.75947547
9748,LRRC20,0.71382606
9749,SLC25A24,0.79130113
9750,ZKSCAN5,0.8629017
9751,LRMDA,0.5916951
9752,PARP3,0.7312504
9753,FAM126A,0.74360585
9754,SYNPO,0.49946347
9755,DLEU1,0.7595221
9756,WDR93,0.84207195
9757,HIVEP1,0.78137785
9758,SLC46A1,0.8414764
9759,SYT16,0.78935343
9760,MOSPD2,0.5914478
9761,ZFP64,0.8111307
9762,TET3,0.78594375
9763,SRBD1,0.88289475
9764,MGME1,0.69649726
9765,ATG16L2,0.69620097
9766,TCHP,0.7678433
9767,ARMT1,0.7545799
9768,GPR173,0.82532936
9769,RCL1,0.8179589
9770,HSPA12A,0.68495756
9771,GPSM3,0.567133
9772,MTFP1,0.63456297
9773,DDX59,0.804113
9774,BRWD3,0.7876303
9775,BDH1,0.816943
9776,ZCCHC18,0.7926937
9777,CTBP1-DT,0.8242302
9778,ZFP14,0.86361146
9779,AC091729.3,0.69496655
9780,AP4B1,0.7967282
9781,MAP3K14,0.7274886
9782,ZNF800,0.8111105
9783,FOXN2,0.6055755
9784,ZSCAN5A,0.6792746
9785,ABRAXAS2,0.82442874
9786,SHPRH,0.69344336
9787,ZNF562,0.8565149
9788,LOXL2,0.7514136
9789,ZNF709,0.87156713
9790,TAPBPL,0.7314083
9791,PAPOLG,0.7748344
9792,SLC44A5,0.8263492
9793,PRDM4,0.65578544
9794,TOR1B,0.7786241
9795,IGF2BP1,0.8334189
9796,RBM48,0.55628276
9797,FKBP11,0.51951957
9798,TEN1,0.655947
9799,TMEM38A,0.55464125
9800,SEMA6B,0.75724924
9801,ERMP1,0.8093986
9802,SOX18,0.7036113
9803,CMTR2,0.7997362
9804,LMTK2,0.7798065
9805,RUNX1T1,0.77861667
9806,ZRSR2,0.78848803
9807,DNM1,0.53956276
9808,SERPINB9,0.7126886
9809,PPP1R37,0.8324422
9810,SMARCAL1,0.7577474
9811,TMEM145,0.85359704
9812,SYT7,0.64619046
9813,DDX20,0.832688
9814,SPINT2,0.5139172
9815,CEBPA,0.77999216
9816,ZNF438,0.6201846
9817,HSPB6,0.4304056
9818,DGKI,0.81425095
9819,LINC01138,0.76049876
9820,GMDS,0.7846779
9821,MMP9,0.49176934
9822,LTO1,0.80867696
9823,LBH,0.6737708
9824,NR1H3,0.6824584
9825,ZBTB7C,0.77047485
9826,ADSSL1,0.7743218
9827,ATAD2B,0.91433436
9828,DECR2,0.7879395
9829,CTPS2,0.9159717
9830,FILIP1,0.6100988
9831,AC090114.2,0.6283774
9832,TRMT11,0.6958596
9833,HOXA-AS2,0.806212
9834,MON1A,0.871238
9835,PLEKHG2,0.65133
9836,CCDC32,0.7513651
9837,CHML,0.67677075
9838,ERCC4,0.85811746
9839,EPHA7,0.81154436
9840,NUP88,0.86371654
9841,KDM6A,0.57338697
9842,CEMIP2,0.65408385
9843,NOA1,0.71446985
9844,RRS1,0.8578711
9845,RMC1,0.8338608
9846,SIGLEC10,0.6545689
9847,C9orf40,0.7416648
9848,NEXMIF,0.8061281
9849,IRAK1BP1,0.8818852
9850,MFSD8,0.79640365
9851,TEDC1,0.87926364
9852,ABRACL,0.6972442
9853,PET117,0.80130297
9854,HSPA14-1,0.85943866
9855,NBR2,0.5557835
9856,ZNF614,0.8061319
9857,PPT2,0.8502961
9858,TC2N,0.60915303
9859,RNF157,0.61014795
9860,VWA8,0.89710927
9861,POLR1E,0.7059797
9862,UHRF1BP1L,0.68629074
9863,EIF1AD,0.6800937
9864,TAF8,0.8600053
9865,PRR36,0.76409143
9866,RTL8B,0.8511232
9867,SLC5A6,0.8343447
9868,AMN1,0.80567414
9869,TRIM39,0.7947468
9870,INTS7,0.8336354
9871,AGAP4,0.85502166
9872,SIRT6,0.8071993
9873,LDLR,0.53739333
9874,MED20,0.87826866
9875,PARD6A,0.69019705
9876,TRAF6,0.6637533
9877,NTN1,0.7355964
9878,NAA16,0.8291189
9879,FRMPD2,0.89045376
9880,YPEL1,0.75361556
9881,SLC39A8,0.5678069
9882,ZNF185,0.80767614
9883,SLC26A2,0.49441803
9884,ZNF736,0.8056726
9885,RTCA-AS1,0.77308273
9886,TMEM132E,0.5546216
9887,LDAH,0.9045954
9888,CEP120,0.7536749
9889,RAPGEF6,0.7871889
9890,KCNE4,0.501627
9891,SRD5A1,0.80983084
9892,FASTKD5,0.8246955
9893,TLR2,0.5899681
9894,TBP,0.7297952
9895,LXN,0.71093905
9896,TMEM267,0.8453886
9897,STK10,0.6295662
9898,GTF2IRD1,0.9017145
9899,TMEM255A,0.61465234
9900,SCRN3,0.78470594
9901,ACOT11,0.69295007
9902,PHTF2,0.6545214
9903,NOVA2,0.5615887
9904,MAP4K2,0.6726359
9905,TBCCD1,0.84818786
9906,DDHD1,0.79552054
9907,GAS1,0.86261994
9908,ZNF248,0.87602496
9909,MTRNR2L8,0.30403873
9910,SAMSN1,0.584114
9911,CASP7,0.74519676
9912,PITPNM2,0.56433016
9913,ZNF839,0.84251904
9914,MAGOHB,0.8512507
9915,DUS3L,0.6679811
9916,ACP6,0.85435313
9917,AP4S1,0.8583534
9918,WDR24,0.8590191
9919,HLCS,0.86060053
9920,RASA2,0.7921698
9921,HMGXB4,0.7132113
9922,NFAT5,0.86781764
9923,AL118516.1,0.73236424
9924,C21orf91,0.6748269
9925,CCDC58,0.63205755
9926,AC084036.1,0.68774724
9927,TUBGCP5,0.9011478
9928,ACE,0.73489416
9929,MYOM2,0.7585854
9930,BICRA,0.8387732
9931,ZFYVE26,0.81485724
9932,FAM234B,0.8251805
9933,EPS15L1,0.8017768
9934,THBS3,0.83455217
9935,HAUS5,0.80918276
9936,LY96,0.68432885
9937,MYO19,0.84520954
9938,ZNF766,0.69600374
9939,IKBIP,0.631556
9940,MINDY1,0.7285952
9941,KCTD11,0.77138543
9942,ABCG1,0.74439454
9943,IL4R,0.6746816
9944,MLYCD,0.7440111
9945,NCAM2,0.53571886
9946,FRY,0.76203036
9947,MPV17L,0.6159085
9948,WSCD2,0.4285369
9949,GPAM,0.69899005
9950,IGLC2,0.4247156
9951,NIP7,0.6988232
9952,LUZP2,0.41203964
9953,SLC35D2,0.7847584
9954,AC067852.2,0.7501095
9955,ZNF75A,0.8577519
9956,CCDC61,0.9212192
9957,SMURF1,0.68184525
9958,TMEM200C,0.8640825
9959,FBXL19,0.7781502
9960,EZH2,0.58837116
9961,EPOP,0.88483816
9962,ETFDH,0.77705854
9963,SETDB2,0.793211
9964,ZBTB6,0.6593466
9965,DCP1B,0.8772517
9966,ERICH1,0.7983454
9967,TAF3,0.5573629
9968,DTHD1,0.9008448
9969,KCNJ8,0.5438367
9970,XRRA1,0.88624746
9971,FGFBP3,0.779397
9972,IL18,0.62262696
9973,TCAP,0.44228715
9974,TMEM186,0.85412407
9975,FAM155A,0.82167584
9976,C21orf62,0.5279661
9977,OMA1,0.8885183
9978,AP1G2,0.7939864
9979,ZBTB40,0.82915896
9980,TESC,0.71530914
9981,C12orf4,0.7804685
9982,ZDHHC12,0.43133876
9983,NDP,0.68955404
9984,TRPM4,0.69627935
9985,GLI2,0.9068905
9986,GALK2,0.6976419
9987,MANEAL,0.6391534
9988,THBS1,0.79087126
9989,NOP2,0.80267274
9990,CXorf38,0.76299614
9991,KIN,0.63045496
9992,ABHD18,0.81003386
9993,AC005670.3,0.6039973
9994,SERPINF1,0.5032
9995,HOXB4,0.7683429
9996,UBE2T,0.7888657
9997,LYAR,0.7194806
9998,C2orf73,0.7292545
9999,ADRB2,0.7032576
