gene_index,gene,oracle_pcc
0,FOXJ1,0.9852427
1,RSPH1,0.9453014
2,CAPS,0.5614113
3,DNAAF1,0.98432934
4,AQP4,0.97723967
5,AQP1,0.77199614
6,SOX2,0.9863447
7,NES,0.9282302
8,HES1,0.9136839
9,OLIG2,0.94265157
10,NEUROG2,0.6832889
11,DCX,0.93864536
12,CA9,0.9678546
13,SLC2A1,0.95233446
14,CHI3L1,0.91122997
15,L1CAM,0.8169505
16,EZHIP,0.94039696
17,GFAP,0.9596561
18,TMEM119,0.9375439
19,CLDN5,0.9502844
20,RFX2,0.98893356
21,TP73,0.83827627
22,SPAG6,0.9828512
23,PIFO,0.97195095
24,ATP1A2,0.9639532
25,ATP1B2,0.97361696
26,VIPR2,0.9498016
27,SLC1A3,0.93714845
28,VIM,0.9704394
29,HES4,0.9755129
30,FABP7,0.94903946
31,HMGB2,0.9403425
32,FOS,0.8988877
33,JUN,0.98090214
34,ATF3,0.93278486
35,SRF,0.9622337
36,JDP2,0.9676377
37,COL9A2,0.91173583
38,NEUROG1,0.8407141
39,NEUROD2,0.8774122
40,STMN2,0.86853087
41,ARID3A,0.89719015
42,PDGFRA,0.8811809
43,APOD,0.80293715
44,OLIG1,0.8241553
45,CSPG4,0.9718929
46,LDHA,0.97210735
47,PGK1,0.9829489
48,HK2,0.9324695
49,CHI3L2,0.9645958
50,CD44,0.95997316
51,CAV1,0.9748117
52,TGFBI,0.89480835
53,ICAM1,0.91994053
54,RELA,0.9826266
55,NFKBIA,0.98492104
56,MDK,0.9219626
57,WNT3A,0.8045798
58,WNT7B,0.81734
59,YAP1,0.9875482
60,ARL4D,0.6373784
61,FOXG1,0.9575823
62,TEAD1,0.9800525
63,HIF1A,0.9602546
64,VEGFA,0.92405874
65,ALDH1L1,0.9574734
66,S100B,0.94621295
67,CLU,0.9643561
68,MBP,0.83860445
69,PLP1,0.792132
70,MOG,0.8478254
71,MOBP,0.82724637
72,MAG,0.92814654
73,RBFOX3,0.9014846
74,SNAP25,0.9122214
75,SYT1,0.89484745
76,MAP2,0.9679039
77,TUBB3,0.8362994
78,P2RY12,0.91608584
79,CX3CR1,0.9715294
80,CSF1R,0.98516804
81,FCER1G,0.94866073
82,CTSS,0.8181027
83,PTPRC,0.970657
84,CD37,0.9653302
85,CORO1A,0.96886915
86,LAPTM5,0.98543173
87,CD3D,0.82017374
88,CD3E,0.9023627
89,TRAC,0.9528316
90,TRBC1,0.8189827
91,LTB,0.87538135
92,IL7R,0.9341919
93,MAL,0.88915503
94,CCR7,0.9118527
95,TCF7,0.8729175
96,LEF1,0.94822204
97,CD8A,0.8324165
98,CD8B,0.9202086
99,CCL5,0.729808
100,NKG7,0.73044384
101,PRF1,0.8570697
102,GZMK,0.85388696
103,GZMB,0.8612198
104,FOXP3,0.935346
105,IL2RA,0.91949
106,CTLA4,0.836862
107,TIGIT,0.9148084
108,IKZF2,0.924147
109,CCR8,0.948605
110,PDCD1,0.9223546
111,LAG3,0.8699762
112,HAVCR2,0.9524246
113,TOX,0.90247524
114,CXCL13,0.6908464
115,ENTPD1,0.91788197
116,GNLY,0.92039925
117,KLRD1,0.81465304
118,FCGR3A,0.9727832
119,TYROBP,0.98349136
120,MS4A1,0.87166876
121,CD79A,0.91764873
122,CD74,0.9628392
123,HLA-DRA,0.9622293
124,CD22,0.8851529
125,CD83,0.957993
126,JCHAIN,0.7911043
127,MZB1,0.80481946
128,SDC1,0.9164365
129,IGHG1,0.60682875
130,IGKC,0.6777965
131,XBP1,0.98626703
132,LST1,0.9426265
133,LILRB1,0.9321865
134,LYZ,0.97044176
135,S100A8,0.93162286
136,S100A9,0.8990369
137,FCN1,0.8485774
138,CCR2,0.8530501
139,VCAN,0.94475746
140,MS4A7,0.95561254
141,IFITM3,0.93480825
142,TYMP,0.98314774
143,C1QA,0.9761829
144,C1QB,0.96887547
145,C1QC,0.97101927
146,APOE,0.9488948
147,CD68,0.9782379
148,MSR1,0.96725816
149,MRC1,0.9291635
150,CTSD,0.9631179
151,FOLR2,0.91852766
152,LYVE1,0.83201456
153,CD163,0.93787575
154,SPP1,0.95403117
155,APOC1,0.9617394
156,TREM2,0.9711652
157,GPNMB,0.9655889
158,LGALS3,0.96947163
159,CTSB,0.94661504
160,IL1B,0.9420287
161,SELL,0.89198864
162,FCGR3B,0.8392936
163,CSF3R,0.9614456
164,CXCR2,0.8761384
165,FPR1,0.9155944
166,MNDA,0.9286501
167,CLEC9A,0.92500913
168,XCR1,0.89545494
169,BATF3,0.87611806
170,CADM1,0.9754406
171,IRF8,0.8634883
172,CD1C,0.86611134
173,CLEC10A,0.90893406
174,FCER1A,0.93638545
175,CST3,0.93650466
176,TCF4,0.95636076
177,IL3RA,0.9163389
178,CLEC4C,0.89596665
179,IRF7,0.91896695
180,TPSAB1,0.8834744
181,TPSB2,0.922531
182,KIT,0.97411793
183,MS4A2,0.86064994
184,HDC,0.8974679
185,CPA3,0.86459905
186,CLC,0.8750095
187,PRG2,0.9048291
188,SIGLEC8,0.8582179
189,RNASE2,0.72080374
190,EPX,0.8583353
191,COL1A1,0.92159843
192,COL1A2,0.9348448
193,COL3A1,0.9434628
194,DCN,0.9829248
195,LUM,0.9188234
196,COL6A1,0.96130246
197,ACTA2,0.9299029
198,TAGLN,0.9439591
199,MYL9,0.96286076
200,TPM2,0.9702136
201,CXCL12,0.8986559
202,IL6,0.9479747
203,CFD,0.9436535
204,C7,0.9011345
205,CXCL14,0.8905383
206,COL11A1,0.9540926
207,FAP,0.9610237
208,THY1,0.863743
209,PDPN,0.9599663
210,INHBA,0.9237213
211,MMP2,0.9487099
212,COL10A1,0.9195881
213,HLA-DPA1,0.9665937
214,HLA-DPB1,0.9772425
215,CIITA,0.95123947
216,PECAM1,0.9496152
217,VWF,0.89228016
218,KDR,0.9754923
219,EMCN,0.92795384
220,ENG,0.9638305
221,RAMP2,0.9495357
222,ESM1,0.9163328
223,ANGPT2,0.73805803
224,PLVAP,0.9464618
225,APLN,0.9163238
226,PGF,0.9275302
227,RGCC,0.945374
228,EFNB2,0.9701249
229,SOX17,0.8107242
230,GJA5,0.87827843
231,FBLN5,0.96096385
232,HEY1,0.9522696
233,ACKR1,0.95629317
234,SELP,0.9421068
235,SELE,0.82806784
236,NR2F2,0.9488359
237,FLT4,0.94732827
238,CCL21,0.9328124
239,PROX1,0.8748725
240,CCL14,0.90262216
241,RGS5,0.9287266
242,PDGFRB,0.9660455
243,MCAM,0.89899457
244,DES,0.90211624
245,NOTCH3,0.937734
246,MYH11,0.92247474
247,CNN1,0.93815666
248,ADIPOQ,0.72314066
249,PLIN1,0.92021513
250,FABP4,0.9156747
251,LEP,0.92816496
252,LPL,0.9521612
253,CIDEC,0.793855
254,SOX10,0.9178793
255,MPZ,0.88503945
256,S100A1,0.89564717
257,NGFR,0.8416055
258,MKI67,0.93442494
259,TOP2A,0.89231783
260,UBE2C,0.82136
261,CENPF,0.96210593
262,CCNB1,0.9378214
263,CDK1,0.92494106
264,TUBB,0.94128793
265,BNIP3,0.97071594
266,ENO1,0.9774807
267,ISG15,0.70578545
268,IFIT1,0.6432316
269,IFIT2,0.9503233
270,IFIT3,0.94119346
271,MX1,0.8832348
272,OAS1,0.94931144
273,STAT1,0.83662206
274,CXCL10,0.9324304
275,FN1,0.9323095
276,SNAI2,0.8995603
277,ZEB1,0.9742937
278,ITGA5,0.9172415
279,LAMC2,0.93926513
280,SERPINE1,0.92848635
281,HBB,0.95593345
282,HBA1,0.9269179
283,HBA2,0.9575272
284,ALAS2,0.91311985
285,GYPA,0.92322844
286,AHSP,0.8426162
287,PPBP,0.9154765
288,PF4,0.90973395
289,GP9,0.908851
290,RGS18,0.9059842
291,NRGN,0.9267641
292,JUNB,0.96340144
293,DDIT3,0.9501048
294,HSPA1A,0.77118975
295,HSPA1B,0.92473894
296,MT-CO1,0.9307479
297,MT-CO2,0.96601564
298,MT-ND1,0.9411649
299,MT-ND2,0.9262347
300,MT-CYB,0.93368715
301,IGFBP7,0.96377707
302,TNC,0.92912644
303,MT1X,0.9270764
304,MALAT1,0.81772125
305,IGFBP5,0.69855493
306,S100A10,0.9357068
307,DDIT4,0.96344316
308,SEC61G,0.9892613
309,S100A6,0.96885777
310,ELN,0.950503
311,APLNR,0.9094821
312,PTGDS,0.8100785
313,MARCKSL1,0.95678824
314,A2M,0.9730764
315,TPI1,0.982279
316,COL6A2,0.9230236
317,SPARC,0.9223685
318,GSN,0.9395814
319,PTN,0.92954826
320,RHOB,0.8067226
321,ANXA2,0.93991137
322,PABPC1,0.96143633
323,CNN3,0.9779843
324,SERPING1,0.9601682
325,CRYAB,0.93527526
326,ADIRF,0.86868954
327,ANXA1,0.9481381
328,CTXN1,0.983172
329,PFN1,0.9567429
330,ATP1B1,0.9747514
331,LRP1,0.92204267
332,PCSK1N,0.9352479
333,NSG1,0.9126658
334,TMEM258,0.99026185
335,TMSB4X,0.91759545
336,SERPINA3,0.963126
337,NDUFC2,0.9749648
338,TUBB2A,0.97564083
339,GLUL,0.9667629
340,MAGED1,0.98151463
341,ARL4C,0.95868653
342,PGAM1,0.96975285
343,HLA-E,0.97219765
344,HSPA5,0.9754058
345,NSMF,0.9811398
346,MGST1,0.9538277
347,ITPKB,0.961658
348,SERPINE2,0.9390294
349,NPC2,0.9647759
350,SAT1,0.9773889
351,C3,0.9533754
352,EZR,0.79241574
353,SF3B6,0.9717862
354,GLUD1,0.97264993
355,CD9,0.97007364
356,ID2,0.96503633
357,SCARA3,0.93362695
358,NPM1,0.9586121
359,ASAH1,0.93839127
360,ATP5MF,0.9843925
361,CSTB,0.9567113
362,HLA-B,0.93596524
363,MGST3,0.95940554
364,COPE,0.96851504
365,HSPE1,0.96188444
366,HLA-C,0.94902897
367,TAGLN2,0.9645156
368,NCL,0.9662612
369,NPDC1,0.9658733
370,SPOCK2,0.920854
371,SUMO2,0.9739151
372,DNER,0.9387463
373,APLP2,0.93204516
374,MTURN,0.8902672
375,SH3BGRL3,0.97679746
376,IFITM2,0.9513214
377,SNHG29,0.97408265
378,SNHG6,0.9017566
379,HNRNPDL,0.9515623
380,WSB1,0.98693305
381,CTNNB1,0.9679187
382,ANAPC11,0.96139586
383,SNRPD2,0.98442966
384,PPP1CB,0.96671087
385,PPIB,0.9598519
386,DDR1,0.98522955
387,MAGED2,0.99051726
388,SDCBP,0.9254957
389,PSAT1,0.986529
390,ECRG4,0.750635
391,SDC3,0.92977
392,CSRP2,0.97895235
393,FLNA,0.98086804
394,IGSF1,0.9486332
395,SLC3A2,0.8505171
396,STMN1,0.9713136
397,BSG,0.9204025
398,HIGD2A,0.9667488
399,CRIP2,0.97514975
400,S100A11,0.9685787
401,NME2,0.9716857
402,EEF1B2,0.96518296
403,NUDT4,0.9499623
404,ZFAS1,0.93500835
405,ATP5IF1,0.9824599
406,RHEB,0.95936626
407,LAMTOR5,0.9863104
408,EIF4A1,0.97803336
409,FXYD6,0.9515384
410,ATP5MPL,0.9661289
411,FSTL1,0.97356695
412,COTL1,0.9160571
413,TSPAN6,0.9717588
414,BLOC1S1,0.97748184
415,ATP5PF,0.9734313
416,BTF3,0.9623574
417,LTBP3,0.980785
418,PPP2R1A,0.97975475
419,EMC10,0.98733866
420,YBX1,0.9322981
421,ITGB4,0.96425116
422,SUB1,0.9915546
423,TXN,0.9763196
424,C1orf122,0.9482983
425,NEDD8,0.9859366
426,POLR2I,0.9829009
427,TIMP2,0.96040213
428,BCAN,0.9136361
429,BANF1,0.9544326
430,JUND,0.9627306
431,ID1,0.878825
432,CXXC5,0.9839303
433,COMT,0.97663957
434,FAM107A,0.93955284
435,FXYD1,0.9460122
436,COX7A2,0.9812003
437,SQSTM1,0.9773893
438,POLR2L,0.9563399
439,GUK1,0.8516056
440,TBCA,0.9864913
441,NLRP1,0.86186534
442,ADGRG1,0.9486822
443,AL627171.2,0.9839156
444,ACADVL,0.9741174
445,ZFP36L1,0.957231
446,FUS,0.9864927
447,RTN1,0.9668607
448,PTPRZ1,0.9428301
449,NAA38,0.98630524
450,DCLK1,0.9566268
451,HNRNPH1,0.9492599
452,PDXK,0.97945493
453,SOX9,0.94664896
454,NDUFA11,0.9751547
455,TRIR,0.97398174
456,SOD2,0.9698139
457,TUBB2B,0.95780647
458,SPCS2,0.9429526
459,CCN2,0.91840076
460,RTN3,0.9875487
461,CD59,0.9590869
462,PHPT1,0.9695507
463,MSX1,0.9140335
464,SRSF5,0.9593296
465,GPR37L1,0.8968159
466,C4orf3,0.97142553
467,ROMO1,0.97623914
468,DDX17,0.99002105
469,PLCD3,0.9784824
470,PFN2,0.9700843
471,CCNI,0.9781145
472,RTL8C,0.95653003
473,HINT1,0.9779868
474,SSR4,0.8266761
475,DAD1,0.97930855
476,NDUFC1,0.9538923
477,MAP1B,0.9193072
478,NAP1L1,0.95511776
479,NCAM1,0.9735123
480,C6orf62,0.9497234
481,OST4,0.94392425
482,SEPTIN7,0.9533396
483,S100A16,0.9458068
484,RAN,0.97983694
485,COPRS,0.9776214
486,UQCRH,0.9802777
487,MORF4L2,0.9899369
488,ZFP36L2,0.97584826
489,PSMA7,0.9237405
490,YWHAB,0.97484213
491,SSBP3,0.9877033
492,ATP6V0C,0.9519696
493,CYBA,0.88046515
494,COMMD6,0.9555397
495,MAOB,0.9545197
496,PPDPF,0.9513602
497,CETN2,0.9535194
498,NFIX,0.9666935
499,SCD,0.9137038
500,LAPTM4A,0.98249596
501,C1orf61,0.9554997
502,SEC62,0.96977943
503,ANXA5,0.9827618
504,DYNLT1,0.9612273
505,ATP5MC3,0.9502445
506,DYNLRB1,0.9615679
507,MICOS10,0.97604764
508,GSTM3,0.9778666
509,NFIA,0.9631101
510,GOLM1,0.97558254
511,GNG5,0.95308524
512,PRDX6,0.96476513
513,MRPS21,0.9916538
514,NDUFB11,0.9807926
515,PRDX2,0.9802815
516,C5orf49,0.9741124
517,AGT,0.92387307
518,TIMP1,0.9735463
519,GDI1,0.9858192
520,SEC61B,0.9677016
521,BRI3,0.97154886
522,RHOBTB3,0.8583501
523,MIF,0.90370125
524,CYB5R3,0.9524016
525,EIF4A2,0.96728784
526,DKK3,0.9719543
527,YWHAZ,0.990545
528,CLSTN1,0.9875378
529,HEPACAM,0.82150924
530,NDFIP1,0.9896653
531,SRP9,0.96156746
532,BAALC,0.94973814
533,FKBP8,0.9621535
534,BNIP3L,0.97345924
535,WDR83OS,0.9845122
536,GASK1B,0.98231995
537,HSPB8,0.971309
538,LINC01578,0.9777345
539,NDUFB4,0.9530688
540,PCBP1,0.98997134
541,P4HB,0.97977513
542,MTCH1,0.97679704
543,NENF,0.93591166
544,ARF1,0.9894541
545,ATP6V1F,0.9751789
546,MSN,0.9624262
547,TMED10,0.954873
548,SPTBN1,0.9415126
549,EIF4B,0.9712015
550,PDIA3,0.97428644
551,WLS,0.93349326
552,LAMP1,0.96185726
553,TXNIP,0.95532686
554,NEAT1,0.9491475
555,CHPF,0.9348517
556,EID1,0.9705647
557,MT1E,0.9585219
558,PTMS,0.90408653
559,TSC22D4,0.9510928
560,TSC22D1,0.9206866
561,SEM1,0.9462723
562,AP2M1,0.9395128
563,TIMM8B,0.9623483
564,MLC1,0.984904
565,HES6,0.9618322
566,NDUFA1,0.9810964
567,KTN1,0.95842993
568,HMGN1,0.99012804
569,TMEM59,0.94267833
570,PON2,0.98659223
571,RABAC1,0.94519967
572,SLC25A6,0.9549864
573,WWTR1,0.87718505
574,COX7B,0.9466564
575,PBXIP1,0.9721755
576,TTYH1,0.968131
577,SYT11,0.9521386
578,KRTCAP2,0.94128543
579,RHOC,0.9526228
580,FEZ1,0.9527763
581,SNRPG,0.98594564
582,CFAP126,0.9740988
583,CNBP,0.9766012
584,LAMTOR4,0.9909493
585,ATP5MC2,0.9552905
586,PLEC,0.9772669
587,CDK2AP1,0.9894489
588,POMP,0.9065795
589,CDC42EP4,0.9820766
590,POLR2J,0.9895151
591,PTTG1IP,0.8533424
592,PET100,0.9769042
593,HLA-A,0.948518
594,SRI,0.9596134
595,ADCYAP1R1,0.9465538
596,SELENOK,0.98475224
597,ATP5MD,0.9458353
598,IFI27L2,0.8788471
599,ATP6V1G1,0.9789038
600,SERBP1,0.9583215
601,RBX1,0.979187
602,NDUFB2,0.98214597
603,TTC3,0.959839
604,SERINC1,0.89936537
605,GNB2,0.975242
606,HTRA1,0.9339674
607,NDUFA2,0.96689975
608,MYL12B,0.9867403
609,ATP6V0E1,0.9652819
610,ZSCAN18,0.99231815
611,UQCR10,0.93232954
612,RBP1,0.8143093
613,C12orf57,0.9684678
614,FIS1,0.9823998
615,SIRPA,0.8588346
616,SRSF9,0.9837531
617,CALM3,0.9474797
618,CDC42,0.97378594
619,PHGDH,0.95344543
620,SET,0.909678
621,CLTC,0.97211444
622,HSPA2,0.9813407
623,FGD5-AS1,0.9786731
624,EIF3K,0.9548884
625,ATP5PO,0.98610055
626,AZIN1,0.9690143
627,H2AFV,0.9730897
628,ARPC3,0.96612006
629,TOMM6,0.9800536
630,EIF3E,0.97815675
631,PUF60,0.99233407
632,MAP4,0.9819557
633,NDUFB7,0.96962017
634,HNRNPF,0.9815254
635,TMEM219,0.97404087
636,PLTP,0.9686399
637,CBX5,0.9878033
638,HNRNPU,0.9766423
639,C19orf53,0.9785312
640,ATP5F1A,0.9859343
641,PFKL,0.96996725
642,GPX4,0.951863
643,FADS2,0.91991013
644,DTNA,0.9003744
645,PRCP,0.9833707
646,NFIB,0.98641974
647,CCDC80,0.93764645
648,LSM7,0.98735714
649,DDX5,0.9846107
650,MAPK1IP1L,0.97073907
651,CIRBP,0.9788327
652,SAP18,0.9227832
653,ABR,0.9896773
654,CTNNA1,0.9646621
655,APP,0.98306936
656,ZIC1,0.9777727
657,HMGN2,0.9868428
658,GABARAPL2,0.9833923
659,TMEM123,0.9619703
660,RNASEK,0.91219807
661,ARL6IP1,0.9601456
662,SLC25A3,0.936478
663,MLF1,0.96746904
664,GNG11,0.97166735
665,EIF4H,0.9718469
666,PTGES3,0.97269
667,NDUFB1,0.974002
668,FHL1,0.96568286
669,NGRN,0.98665345
670,TSPAN7,0.9756798
671,ATP5F1D,0.9726259
672,AP1S2,0.9161253
673,CSNK2B,0.98722565
674,NUCKS1,0.97422045
675,C11orf58,0.9696202
676,CSDE1,0.9763168
677,ATP5F1B,0.9001041
678,SRRM2,0.98647624
679,BRK1,0.80604136
680,ATP6AP2,0.966804
681,RAC1,0.9608283
682,ZFAND5,0.9765296
683,C1orf198,0.9244426
684,EFNB3,0.94617337
685,COX16,0.9756293
686,CERS1,0.9614233
687,PSENEN,0.97692627
688,RBM3,0.9534803
689,NOP53,0.97809803
690,ARPP19,0.95179135
691,PPP2CB,0.9429742
692,HDLBP,0.9215301
693,FBXO2,0.96364146
694,ADCY2,0.9753123
695,MICOS13,0.9655157
696,NONO,0.97610813
697,RELN,0.91021067
698,OGFRL1,0.97441185
699,CAPNS1,0.9570431
700,SPTAN1,0.96241295
701,SPCS1,0.99321854
702,SNHG25,0.78879493
703,RNF187,0.98965603
704,ATP5PD,0.9343093
705,UBA1,0.98495805
706,WBP2,0.9841817
707,NUDC,0.98843604
708,S100A13,0.95495975
709,CYSTM1,0.95671093
710,SORBS1,0.9625327
711,NORAD,0.95036286
712,GPI,0.98754597
713,METTL7A,0.9679059
714,RBBP4,0.9782482
715,NDUFAF8,0.988208
716,MARCH6,0.99097484
717,C9orf24,0.92814684
718,HIPK2,0.89177597
719,NHP2,0.9889621
720,SLC20A2,0.9749012
721,PMP22,0.9451533
722,EDF1,0.9706987
723,MRPL57,0.9889058
724,SEMA3B,0.9684771
725,GNB1,0.9698668
726,RTN4,0.9356011
727,RAB7A,0.958206
728,ATP5PB,0.9924155
729,DPYSL3,0.95378315
730,BOC,0.97678274
731,HLA-DRB1,0.97241277
732,ECM2,0.970873
733,MT2A,0.967927
734,GSTP1,0.6759995
735,HSP90B1,0.96535206
736,PRDX5,0.89221233
737,HNRNPA3,0.9310648
738,ATP5MG,0.94188625
739,MRPL20,0.98011166
740,OAZ1,0.9852008
741,CUTA,0.9702031
742,SFPQ,0.9737186
743,HSPD1,0.9750503
744,KIF9,0.9774561
745,PTOV1,0.9901322
746,LAMTOR1,0.9811583
747,EIF5A,0.9636885
748,KIF1A,0.9630626
749,SNHG8,0.93996817
750,TMEM47,0.97218126
751,CLIC4,0.97935826
752,NDUFB9,0.9858333
753,CAPZB,0.9613996
754,PRMT2,0.98245144
755,PLXNB2,0.98070824
756,SNX3,0.8812884
757,LINC00632,0.908929
758,DST,0.9721486
759,GRINA,0.8980717
760,H1FX,0.973029
761,PDE4DIP,0.97487974
762,RPN1,0.95454615
763,RDX,0.9682035
764,PARK7,0.98573124
765,TCEAL4,0.9625172
766,TRMT112,0.99185914
767,MLF2,0.9873882
768,HNRNPC,0.9702363
769,MLLT1,0.99172837
770,ATOX1,0.98450744
771,MZT2B,0.9526327
772,RHBDD2,0.982288
773,COX6B1,0.9414183
774,DSTN,0.94218117
775,CIB1,0.98093444
776,TRAPPC5,0.9763581
777,ST13,0.9580639
778,DDAH2,0.9706296
779,SMDT1,0.9696985
780,DDX3X,0.96566015
781,SOD1,0.97071445
782,DAZAP2,0.98015434
783,ATP2B4,0.9891208
784,SLC22A17,0.98344666
785,NDUFS6,0.984616
786,YWHAQ,0.97673196
787,TECR,0.93972045
788,DNAJA1,0.96866864
789,SLIRP,0.9785766
790,OCIAD1,0.9933571
791,ENHO,0.96406204
792,FABP5,0.92782354
793,ERGIC3,0.98269653
794,IFI27,0.8845056
795,TCTEX1D1,0.98387814
796,GAS5,0.9706565
797,IL6ST,0.96047467
798,NDUFA4,0.95004207
799,EIF5,0.93756443
800,PRNP,0.9562618
801,LAMB2,0.9521155
802,NDUFS5,0.96571463
803,ALDH2,0.83659905
804,FBLN1,0.9117972
805,ATP6V0B,0.98224
806,PSMC5,0.98598707
807,SON,0.98908055
808,AHCYL1,0.945689
809,PCBP2,0.9791754
810,BEX3,0.9714418
811,C7orf50,0.99179995
812,SDC2,0.92729425
813,MRFAP1,0.9890587
814,PPP1R14B,0.9655441
815,STARD7,0.9735279
816,C9orf16,0.9251617
817,DDX39B,0.99312705
818,UBE2D3,0.9839406
819,NDUFS8,0.9843984
820,COX6C,0.9258594
821,EIF3F,0.97264737
822,ATN1,0.9815684
823,VAPA,0.9797177
824,TBCB,0.97087544
825,TAX1BP3,0.9404224
826,ADD3,0.978321
827,COPS9,0.98815167
828,PDIA6,0.94517887
829,SELENOH,0.9807766
830,ARL6IP4,0.9775611
831,SH3BGRL,0.9629268
832,HMGN3,0.98353064
833,C1orf194,0.9236671
834,NDUFA3,0.9583386
835,USP22,0.98667866
836,APMAP,0.9842537
837,PRXL2A,0.97298515
838,RBM39,0.98221684
839,SELENOF,0.9797887
840,THRA,0.9705976
841,C18orf32,0.9696223
842,CIAO2B,0.97751033
843,PI16,0.94819915
844,JTB,0.98184
845,PRKAR1A,0.9829382
846,CALR,0.8690649
847,TUFM,0.9894994
848,AHNAK,0.95212424
849,RCN1,0.9451474
850,PPIF,0.96803856
851,PRDX1,0.97927636
852,SLC25A5,0.9647687
853,MAP1LC3B,0.9706106
854,GPRC5B,0.91700405
855,PTPRA,0.9842536
856,SYNM,0.95282835
857,LAMP2,0.72707784
858,HNRNPK,0.98343754
859,DDT,0.97652227
860,SF1,0.98966116
861,AP2S1,0.9842213
862,HSPA9,0.9857782
863,ARL3,0.9914573
864,COX5A,0.98478514
865,NDUFB8,0.97146237
866,NOTCH2,0.9523805
867,ARHGAP5,0.97740203
868,LRPAP1,0.9717374
869,HSP90AB1,0.9015542
870,ZIC2,0.9820582
871,UQCRQ,0.96982485
872,GMPR,0.85203844
873,CPE,0.9805647
874,CD99,0.9662283
875,SNHG32,0.96930784
876,SERP1,0.96904963
877,COX8A,0.91235715
878,NDUFB10,0.98736507
879,ITGB1,0.96920186
880,PBX1,0.98646396
881,DNPH1,0.9891499
882,VPS28,0.99053466
883,PSMB4,0.9805539
884,PSMB3,0.9635097
885,ODC1,0.9791406
886,PLEKHB1,0.97595745
887,IDS,0.9790856
888,TMEM9,0.9886796
889,ACO2,0.92536783
890,SCP2,0.9852633
891,TLE5,0.98163784
892,TSTD1,0.9809632
893,SRSF3,0.98494816
894,SNU13,0.96042794
895,ZNHIT1,0.9892681
896,CSNK1A1,0.97473866
897,MORF4L1,0.7798591
898,EIF3H,0.9566659
899,HSBP1,0.9859207
900,CAPN2,0.96812737
901,COX20,0.97773916
902,PNRC1,0.9885685
903,GRAMD2B,0.9816491
904,MRPL51,0.9647206
905,ZMIZ1,0.98617953
906,STMP1,0.9874031
907,CSRP1,0.9609699
908,NDUFB3,0.9539313
909,TMEM256,0.9825362
910,UBL3,0.9781229
911,ACTR2,0.9689688
912,LGALS1,0.964445
913,LY6H,0.94995135
914,ERH,0.98726976
915,PAQR6,0.9661643
916,EIF4G2,0.98317116
917,SSR3,0.98099345
918,NDUFA12,0.98707616
919,HADHB,0.73070526
920,ANTXR1,0.9087302
921,DBI,0.9536138
922,MORN2,0.9770935
923,RPN2,0.9891066
924,LDHB,0.9874269
925,UBE2E3,0.992688
926,CADM3,0.9133931
927,CASC4,0.9629286
928,PAIP2,0.9808722
929,LUC7L3,0.9896503
930,ARF3,0.954259
931,NR2F1,0.9941974
932,PLXNB1,0.99172014
933,SESN3,0.9769363
934,GADD45GIP1,0.9833698
935,CHMP2A,0.94002396
936,NDUFAF3,0.9671665
937,SELENON,0.96273124
938,ACSS1,0.98119843
939,PKIG,0.9893152
940,TNFRSF11B,0.93909264
941,UFC1,0.9836531
942,TMEM230,0.9919594
943,TMEM248,0.9774329
944,HMGB1,0.92204523
945,PDIA4,0.93941885
946,FAM200B,0.96726936
947,APC2,0.9697018
948,TIMM13,0.9885678
949,NFIC,0.9727644
950,LSM3,0.98222816
951,GTF2I,0.95013493
952,NDUFA7,0.981087
953,SNTA1,0.96782726
954,SNRPN,0.98182964
955,CAMTA1,0.92941254
956,C4orf48,0.981122
957,TMEM132A,0.87770575
958,MAT2A,0.98320645
959,ARPC2,0.97040474
960,RAB11B,0.98051256
961,OAZ2,0.9915762
962,LAPTM4B,0.9773154
963,EEF1D,0.95675576
964,ANP32B,0.98567426
965,NDUFA6,0.95713866
966,CAVIN1,0.9262985
967,HNRNPA2B1,0.9786819
968,TPPP3,0.97458714
969,RHOA,0.95102453
970,CLIP2,0.9856163
971,HNRNPA0,0.96471703
972,SCAND1,0.98436916
973,METTL9,0.98998266
974,ADD1,0.98697793
975,GRSF1,0.99317974
976,HNRNPD,0.980899
977,CLTA,0.9815941
978,REEP5,0.93784183
979,DPP7,0.9871927
980,BCAP31,0.9899482
981,CLIC1,0.98980427
982,TAPBP,0.9680112
983,AURKAIP1,0.9797531
984,PDCD6,0.99040157
985,GCSH,0.9786896
986,MTPN,0.9755477
987,COX6A1,0.84079593
988,TMCO1,0.9956999
989,SSBP4,0.99055606
990,PSMB1,0.9805287
991,SF3B2,0.9870795
992,FAM181B,0.92526925
993,RAD21,0.89489233
994,RAB13,0.9856879
995,ARL6IP5,0.95874053
996,KRT10,0.9768208
997,TCF12,0.9807118
998,EWSR1,0.9863555
999,MRPL41,0.9754637
1000,TSPAN3,0.9849847
1001,COX5B,0.9774532
1002,B4GAT1,0.9925823
1003,RAB1A,0.9816872
1004,HNRNPM,0.98812854
1005,LGALS3BP,0.8322996
1006,SCD5,0.9783078
1007,CHCHD10,0.89512527
1008,PEA15,0.9496993
1009,RANBP1,0.99107397
1010,WEE1,0.9821449
1011,CAPZA2,0.9695454
1012,VDAC1,0.983096
1013,ATRAID,0.9758814
1014,MACF1,0.9771772
1015,FKBP1A,0.9680487
1016,RCN2,0.9928418
1017,OBSL1,0.9847552
1018,TM9SF3,0.98374283
1019,NDUFAB1,0.99074566
1020,HSPA8,0.94056404
1021,VCP,0.9899759
1022,KPNB1,0.97882944
1023,SPARCL1,0.9490842
1024,HACD3,0.98086196
1025,NOP10,0.98280036
1026,SNRPE,0.97708654
1027,UQCRFS1,0.9863617
1028,ATF4,0.9863339
1029,EMP3,0.9707511
1030,NEBL,0.9613809
1031,PGRMC1,0.99040097
1032,GPM6A,0.9852814
1033,HIPK1,0.9765496
1034,SYPL1,0.9884996
1035,MRC2,0.9726613
1036,PTP4A2,0.9656869
1037,ENAH,0.9694752
1038,SMOC1,0.88321275
1039,SCARB2,0.9652297
1040,SEPTIN2,0.9872889
1041,CEBPD,0.9713419
1042,CCT3,0.98323566
1043,PNKD,0.9785934
1044,SLC44A2,0.9316487
1045,DDB1,0.9906115
1046,SSU72,0.98149
1047,CLNS1A,0.9888473
1048,PLAAT3,0.90718174
1049,DYNC1H1,0.9891079
1050,DNAJC8,0.9881789
1051,ZNF664,0.9826202
1052,ITGB8,0.9763804
1053,RBMX,0.9774033
1054,NAT8L,0.9866314
1055,H2AFY,0.97622234
1056,PHYHIPL,0.930555
1057,PTEN,0.9720154
1058,CNTN1,0.8285726
1059,SELENOW,0.94825363
1060,OS9,0.93484914
1061,RNPS1,0.9834046
1062,PSME1,0.9859805
1063,CTNND2,0.9486505
1064,TAF10,0.9725741
1065,PLSCR4,0.95553875
1066,DUSP1,0.95690286
1067,BAD,0.98868126
1068,HNRNPUL1,0.9837514
1069,DAG1,0.9858947
1070,GNAI2,0.9611083
1071,WBP1,0.989592
1072,SLC6A13,0.90803945
1073,ARHGDIA,0.98675543
1074,LIFR,0.9846578
1075,ALDH7A1,0.9704094
1076,MCRIP1,0.9787486
1077,SKP1,0.96829754
1078,TXNL4A,0.9830366
1079,PEBP1,0.98419607
1080,CTDNEP1,0.9587924
1081,ECH1,0.9864028
1082,KHDRBS1,0.98103267
1083,PSMB6,0.98320514
1084,PPP1R1B,0.94671726
1085,COA3,0.9896575
1086,ARPC4,0.9787217
1087,PNMA1,0.9932422
1088,SDF4,0.96729743
1089,PINK1,0.9848637
1090,NKAIN4,0.9753469
1091,LMO3,0.9869382
1092,IRF2BP2,0.9783599
1093,SNRNP70,0.97830063
1094,DNALI1,0.9826278
1095,ILF3,0.9851164
1096,SNRNP200,0.9900837
1097,DAP,0.9863534
1098,SRSF2,0.98829764
1099,CHD4,0.9853822
1100,PCNP,0.97985494
1101,SEC61A1,0.90792453
1102,PSMB5,0.988486
1103,MPRIP,0.96039075
1104,APRT,0.98853546
1105,CD151,0.98214483
1106,BZW1,0.9758362
1107,ESD,0.972814
1108,XRCC6,0.9752963
1109,MT3,0.89305073
1110,FTL,0.92038345
1111,CCT7,0.9857775
1112,HDGF,0.9871045
1113,PAX6,0.93998986
1114,HIGD1A,0.97949183
1115,RBM8A,0.9899313
1116,GHITM,0.97366244
1117,USF2,0.9825564
1118,PALM,0.96956766
1119,METTL26,0.98267764
1120,HP1BP3,0.985428
1121,PDLIM5,0.97951525
1122,STUB1,0.99071443
1123,SCOC,0.9790617
1124,KDELR2,0.9637783
1125,TMA7,0.9767426
1126,UCHL1,0.94778985
1127,PSIP1,0.98138225
1128,SARAF,0.9706816
1129,TAX1BP1,0.9452346
1130,PRAF2,0.97993606
1131,EIF3A,0.74614227
1132,SAP30BP,0.966644
1133,NMB,0.9340348
1134,PDAP1,0.98960966
1135,PYURF,0.98651356
1136,KIF1B,0.98512566
1137,GPAA1,0.9850152
1138,STOM,0.9648012
1139,CTBP1,0.9883475
1140,PPP4C,0.9832555
1141,RBIS,0.96347946
1142,TUBB4B,0.9546736
1143,SELENOT,0.99410737
1144,ELOVL5,0.93819916
1145,ANXA6,0.98155487
1146,ATP5F1C,0.9844602
1147,RRAGA,0.98572534
1148,GET1,0.9851355
1149,NUCB1,0.93864834
1150,POLR2E,0.9909101
1151,VDAC2,0.98986244
1152,SERPINB6,0.98582906
1153,FRZB,0.8914338
1154,DRAP1,0.95928603
1155,IDH2,0.9853141
1156,HADHA,0.9790241
1157,LRRN2,0.98309916
1158,SDHC,0.9874358
1159,MAPK1,0.9841741
1160,UBE2L3,0.98580647
1161,EIF3I,0.97914064
1162,ATP1A1,0.98454505
1163,WDR1,0.95767397
1164,NDUFA13,0.9382137
1165,DYNLL1,0.9413339
1166,METRN,0.9658999
1167,NDUFB6,0.9829028
1168,BTG1,0.9156701
1169,CAP1,0.9694957
1170,PPA1,0.9613436
1171,H2AFZ,0.97740996
1172,CDH2,0.96770066
1173,BAIAP3,0.9591536
1174,BEX4,0.9732688
1175,ZSCAN16-AS1,0.95470196
1176,MYL12A,0.9759818
1177,MXI1,0.97547436
1178,UBE2D2,0.9846411
1179,DYNC1LI2,0.9827793
1180,SF3B1,0.9839121
1181,NCKAP1,0.98231995
1182,PIK3R1,0.95772547
1183,SEC11A,0.98300403
1184,UBE2I,0.9898685
1185,ID4,0.97156876
1186,IMPDH2,0.98908
1187,LAMTOR2,0.99000967
1188,TRIM28,0.9848742
1189,CNDP2,0.96754557
1190,TOB2,0.97094345
1191,DNAJB6,0.9825086
1192,TRIM2,0.9738002
1193,HNRNPH3,0.9755483
1194,PSMA2,0.9896633
1195,EIF1,0.96250147
1196,TOMM20,0.97575796
1197,LRP10,0.96907675
1198,ATXN10,0.9852797
1199,RFX4,0.98960435
1200,NDUFV1,0.9881841
1201,DCXR,0.97129536
1202,EIF3G,0.9717318
1203,TSPO,0.96675
1204,ATP6AP1,0.9786767
1205,GJA1,0.96360594
1206,CCT4,0.9784643
1207,IK,0.9813322
1208,UBXN6,0.9611083
1209,S1PR3,0.9845235
1210,CUEDC2,0.98853904
1211,PCP4,0.82835495
1212,MPC2,0.9832513
1213,CHCHD2,0.9831767
1214,APBB1,0.9778867
1215,CCDC85B,0.9704527
1216,ZBTB18,0.96577436
1217,NINJ1,0.97393495
1218,WASF2,0.9823534
1219,MRPS6,0.94458
1220,LMNA,0.98576367
1221,ILF2,0.98513424
1222,HNRNPA1,0.9249455
1223,RAB5C,0.9844862
1224,RAB18,0.9765178
1225,UBL5,0.97261715
1226,MRPL33,0.97920066
1227,DDAH1,0.9680467
1228,POLR2G,0.99175787
1229,VPS35,0.9879128
1230,SLC7A5,0.95712316
1231,SLC6A8,0.97370976
1232,TCEAL3,0.93323183
1233,EDNRB,0.95880586
1234,TCEA1,0.9655083
1235,HSD17B12,0.9815237
1236,GIHCG,0.98059696
1237,RNF11,0.98521715
1238,APCDD1,0.97346014
1239,SFXN5,0.9271719
1240,YIPF3,0.98256856
1241,ETFB,0.952766
1242,DUT,0.97585326
1243,TPM3,0.9900796
1244,RAB11A,0.9672203
1245,LSAMP,0.96075803
1246,CYCS,0.9520497
1247,ANK2,0.9161376
1248,ID3,0.9621353
1249,SLC9A3R1,0.98896486
1250,COPS8,0.99026996
1251,TMED9,0.9829987
1252,FAM229B,0.98274356
1253,CTSF,0.96859926
1254,NDUFS7,0.9844859
1255,PSMB7,0.9661589
1256,NFE2L1,0.90896446
1257,FAM162A,0.9906238
1258,IFI6,0.91861445
1259,HNRNPH2,0.9921177
1260,QKI,0.978078
1261,SNHG7,0.9641388
1262,PRDX4,0.98266256
1263,TALDO1,0.97215754
1264,GNA13,0.97181356
1265,EMC4,0.9896316
1266,SLC43A2,0.9448452
1267,SIRT2,0.97061694
1268,DARS,0.9681067
1269,PJA2,0.96546686
1270,SNRPD3,0.98586804
1271,UQCRC1,0.982368
1272,IGFBP2,0.9369562
1273,PHB2,0.98735887
1274,TCTEX1D2,0.9865976
1275,GRIA4,0.949396
1276,COPS6,0.9922226
1277,SPAG9,0.98080724
1278,PFKP,0.9879922
1279,ABI2,0.9510711
1280,PPP2R5C,0.993188
1281,MAP2K2,0.96835583
1282,PRKCSH,0.9795256
1283,NDUFA5,0.9843764
1284,C1R,0.972514
1285,NDUFB5,0.98870057
1286,AMZ2,0.98559505
1287,NUPR1,0.715944
1288,CBX3,0.9827116
1289,EIF3L,0.9781138
1290,DDX24,0.96048874
1291,PRPF8,0.9757163
1292,PAPOLA,0.98783875
1293,TMED4,0.98880863
1294,CHURC1,0.98670906
1295,TERF2IP,0.97690254
1296,MSI2,0.9845728
1297,SEPTIN9,0.9003148
1298,ENSA,0.9784808
1299,LMBRD1,0.93221754
1300,MRPL52,0.9745003
1301,PCGF5,0.9782735
1302,EFCAB1,0.9793621
1303,CD164,0.95974785
1304,MAP4K4,0.9507823
1305,TOB1,0.86840487
1306,CEBPB,0.9784387
1307,MAZ,0.97536373
1308,SNHG9,0.97958386
1309,NDUFA8,0.99127436
1310,ABHD17A,0.98478943
1311,ERBB2,0.9840282
1312,ANAPC16,0.9855881
1313,IFI27L1,0.9866839
1314,CENPB,0.95337194
1315,ARPC5,0.98211193
1316,PSMD8,0.9836315
1317,CTSH,0.73467654
1318,EIF4EBP2,0.9822091
1319,CALD1,0.93309003
1320,TRIM8,0.9898614
1321,ECHS1,0.9903558
1322,PRELID1,0.980202
1323,H3F3A,0.97725123
1324,WDR11,0.9621174
1325,SRSF11,0.9752396
1326,MZT2A,0.9746069
1327,RTRAF,0.99006164
1328,TOP2B,0.9755748
1329,RTF2,0.9829356
1330,ARHGAP21,0.9785312
1331,NTM,0.9274049
1332,NME4,0.9856582
1333,TCEA2,0.9698723
1334,MYL6B,0.9749192
1335,XRCC5,0.9755052
1336,CAPRIN1,0.9828146
1337,NAP1L4,0.99192756
1338,RASD1,0.9240547
1339,ZCRB1,0.97370297
1340,TMEM14C,0.9754616
1341,TRAM1,0.9247622
1342,HNRNPR,0.98840153
1343,SSR1,0.9813733
1344,LSM4,0.98839605
1345,GTF3C6,0.9749035
1346,EIF1AX,0.97744495
1347,PPP1R1A,0.97351533
1348,SCRN1,0.96356297
1349,ASPH,0.9705192
1350,OGA,0.9888563
1351,WNK1,0.9905775
1352,ABLIM1,0.9880489
1353,BSCL2,0.96639633
1354,MDH1,0.9739417
1355,UQCR11,0.9520847
1356,TRAPPC2L,0.98684627
1357,USP11,0.98650664
1358,PPP1R16A,0.9898639
1359,STRAP,0.9925227
1360,C1orf43,0.9810718
1361,PTBP1,0.98963153
1362,TMBIM6,0.9625736
1363,RASSF2,0.96070683
1364,VEGFB,0.9683892
1365,KIF5B,0.9590772
1366,SCRIB,0.97991115
1367,TOMM5,0.98458254
1368,TAF7,0.9804408
1369,PSMF1,0.9862162
1370,MARCKS,0.91528755
1371,PAM,0.9637725
1372,LRRC75A,0.96597356
1373,TUBA1B,0.87100327
1374,PTPN11,0.95519793
1375,PSMA6,0.98446196
1376,NUDT3,0.9743672
1377,GET3,0.9792873
1378,TMEM9B,0.98231584
1379,CAT,0.9003936
1380,TMEM30A,0.96070796
1381,SELENOM,0.9783732
1382,BRD2,0.97186965
1383,PTMA,0.9216136
1384,SF3B5,0.9623694
1385,FARP1,0.9898038
1386,TM9SF2,0.98445046
1387,TMEM205,0.92935514
1388,GLO1,0.98512465
1389,HNRNPL,0.98097855
1390,YPEL3,0.9297504
1391,NDUFV2,0.98701286
1392,ATP5ME,0.9146326
1393,RBM5,0.9854347
1394,RETREG2,0.9434546
1395,TMEM231,0.98381394
1396,NSA2,0.9818128
1397,NAPA,0.98771507
1398,CANX,0.9327901
1399,SSB,0.9760393
1400,COX4I1,0.98077196
1401,RAB10,0.96658385
1402,FZD3,0.976947
1403,PRMT1,0.98399353
1404,F3,0.9536381
1405,MAPK10,0.9867989
1406,RAMP1,0.9034912
1407,ZFAND6,0.9875255
1408,DCTN2,0.9801373
1409,B2M,0.9629043
1410,TMBIM1,0.9728578
1411,GABARAP,0.91657466
1412,RAB14,0.9840606
1413,SUMO3,0.968639
1414,ATP6V0E2,0.97400904
1415,EIF2S2,0.9797875
1416,ALKBH7,0.97088516
1417,SDC4,0.9117543
1418,IRS2,0.977197
1419,SNRPF,0.99118143
1420,PGLS,0.9880845
1421,YWHAH,0.97720295
1422,FCGRT,0.97939265
1423,CCNL2,0.9868895
1424,PSD2,0.98561245
1425,ARL2BP,0.9857787
1426,RAB2A,0.97211796
1427,GORASP1,0.97684205
1428,HK1,0.98278654
1429,ACTN4,0.9576739
1430,SLC44A1,0.98580027
1431,CNPY2,0.9889096
1432,CWC15,0.9782611
1433,ZMYND10,0.98612267
1434,EEF2,0.9554544
1435,DYNC1I2,0.96174496
1436,FCGBP,0.9455719
1437,ZNF706,0.9795528
1438,SAR1A,0.97964543
1439,TPP1,0.8800341
1440,UQCRC2,0.98640245
1441,TMEM147,0.97232336
1442,PSMD2,0.98368114
1443,ARGLU1,0.98400056
1444,AEBP1,0.938255
1445,GLG1,0.98313004
1446,MAPRE1,0.97508055
1447,COX17,0.973659
1448,IFT22,0.98929757
1449,SSBP1,0.99256295
1450,TMED2,0.98593754
1451,TMBIM4,0.98377603
1452,PAFAH1B1,0.9892114
1453,PLAAT4,0.9694715
1454,POLD2,0.9781345
1455,TMEM163,0.9796814
1456,PDCD5,0.98672336
1457,NRBP2,0.9880504
1458,SNHG5,0.9201011
1459,ZNF428,0.98482466
1460,ADAR,0.9604845
1461,RAP1B,0.9865357
1462,STOML2,0.9753855
1463,LAMA2,0.93339306
1464,FLOT1,0.99250364
1465,DPM3,0.9821291
1466,GRHPR,0.9889155
1467,ARF4,0.9883679
1468,GDF10,0.9496851
1469,UBE2N,0.9875144
1470,ATXN7L3B,0.98436296
1471,PSME2,0.950573
1472,ALDOC,0.964439
1473,PSMA4,0.9827896
1474,ATP2A2,0.9795828
1475,MXRA7,0.9364462
1476,RNF7,0.98341733
1477,RALY,0.9871527
1478,SSR2,0.9707657
1479,MEA1,0.98449457
1480,CSNK1E,0.9903279
1481,EIF2S3,0.974822
1482,COPA,0.97905976
1483,PNISR,0.990295
1484,EIF3B,0.98365414
1485,SRP14,0.94176906
1486,WDR6,0.98536247
1487,GALNS,0.8860603
1488,PTPRF,0.97138315
1489,DEK,0.9842914
1490,UQCRB,0.9210525
1491,MAPK4,0.9356896
1492,GRN,0.9578427
1493,XPO1,0.98371303
1494,ACTR3,0.97809166
1495,DDX6,0.96764547
1496,NDRG2,0.9602142
1497,FGFRL1,0.9805458
1498,GNPTG,0.9868689
1499,POLE4,0.9618805
1500,NADK2,0.98715436
1501,PRRC2A,0.9918371
1502,ZFP36,0.95932883
1503,SPIN1,0.99254376
1504,MFF,0.98766935
1505,MECOM,0.98335975
1506,PRRC2B,0.9846148
1507,ALDH9A1,0.9814028
1508,RGL2,0.9878483
1509,GPR162,0.9876698
1510,IPO5,0.98591423
1511,RAB6A,0.98605597
1512,PAICS,0.98281294
1513,SELENBP1,0.9773425
1514,ATP5MC1,0.9704747
1515,ZFR,0.9589101
1516,BUD31,0.98309034
1517,ATP6V0D1,0.97627413
1518,GOLIM4,0.9786512
1519,SURF4,0.98319495
1520,DCTN3,0.9793062
1521,NTRK2,0.9618791
1522,CYC1,0.98797077
1523,PRDX3,0.9899636
1524,PICALM,0.9796182
1525,ILK,0.98972446
1526,LYPD1,0.96198547
1527,COL4A1,0.9257654
1528,WFS1,0.95218414
1529,KLC1,0.98942715
1530,CD63,0.9433261
1531,SMIM26,0.98506576
1532,SSBP2,0.98918
1533,ITSN1,0.9815461
1534,BGN,0.95700085
1535,CLPTM1,0.9597847
1536,FUNDC2,0.9729056
1537,KCTD12,0.95963854
1538,EIF5B,0.9799491
1539,FYN,0.9628523
1540,ITGAV,0.969388
1541,DNAJB2,0.9678794
1542,PAFAH1B2,0.98340374
1543,RNF141,0.9817076
1544,PLD3,0.9757233
1545,PPP1CC,0.9850314
1546,SNN,0.98418564
1547,RNF19A,0.95717174
1548,TMEM50A,0.9192336
1549,RNH1,0.9911433
1550,GDI2,0.9804227
1551,PSMB2,0.98699754
1552,YPEL5,0.98359543
1553,EIF4G1,0.9796134
1554,SNHG19,0.9077763
1555,CHMP3,0.9702448
1556,CMTM4,0.98998845
1557,NUMA1,0.9724632
1558,VMP1,0.98279315
1559,S1PR1,0.93392795
1560,VGLL4,0.9866818
1561,BCL6,0.96417856
1562,SERINC3,0.9562893
1563,SPART,0.9300884
1564,C1QL1,0.9404467
1565,CRB2,0.9824664
1566,PPT1,0.9738997
1567,GTF2H5,0.99040425
1568,POLR2F,0.95769936
1569,SHISA5,0.9814201
1570,COPZ1,0.98956287
1571,LSM14A,0.99201393
1572,TMED7,0.9513472
1573,MDH2,0.98714286
1574,GNG12,0.9372071
1575,PHB,0.9569662
1576,RACK1,0.9289773
1577,CNP,0.98381996
1578,CALU,0.968505
1579,KDELR1,0.9717711
1580,PTPMT1,0.9913301
1581,AGPAT5,0.98656386
1582,G6PC3,0.982953
1583,SMARCE1,0.9903632
1584,TMEM259,0.9882499
1585,CFAP157,0.97154385
1586,SAT2,0.9624173
1587,PPP2CA,0.97969234
1588,TOMM7,0.93407303
1589,MYH9,0.9744004
1590,MYLK,0.9067399
1591,GATM,0.9575787
1592,CYHR1,0.99514955
1593,REEP2,0.9886468
1594,ELOB,0.9696628
1595,PDLIM3,0.9591657
1596,CALM2,0.97306144
1597,RBM25,0.9819547
1598,AK1,0.9365409
1599,PAXX,0.9873824
1600,TMEM59L,0.9805973
1601,ST5,0.9693842
1602,RBM4,0.9863578
1603,ADH5,0.9866752
1604,ITM2C,0.90796554
1605,MGLL,0.9222685
1606,CALM1,0.977208
1607,PFDN5,0.96309704
1608,TSPYL1,0.97960764
1609,STMN3,0.9786286
1610,PIN1,0.96685225
1611,ITPK1,0.91345596
1612,PSMD4,0.9837374
1613,PPIA,0.9522473
1614,LARP1,0.98989016
1615,GGH,0.9858459
1616,TIMP3,0.95920545
1617,FGFR2,0.97611964
1618,ISCU,0.9739793
1619,AP2B1,0.93460375
1620,HCFC1R1,0.9327246
1621,UBE2V1,0.98750085
1622,EFCAB14,0.95832235
1623,MRPS24,0.98917836
1624,DENND5A,0.9502789
1625,EIF1B,0.9657027
1626,COL16A1,0.97423226
1627,PABPN1,0.98576504
1628,NCOR2,0.98893106
1629,DPYSL2,0.939614
1630,TFG,0.98857486
1631,LITAF,0.97963125
1632,TMX2,0.9850186
1633,YWHAE,0.9707592
1634,ERP29,0.9835662
1635,SIVA1,0.97914535
1636,CBR1,0.89569074
1637,UXT,0.9794344
1638,MCL1,0.98646516
1639,ENY2,0.987292
1640,PCMT1,0.9873757
1641,SRSF6,0.98988116
1642,ZFAND3,0.98706436
1643,RHOU,0.9621495
1644,GPBP1,0.98680604
1645,PRKCA,0.894642
1646,SLC38A10,0.98626614
1647,UBE2H,0.972295
1648,CLDND1,0.93982744
1649,MRPL43,0.98907757
1650,ATRX,0.98351777
1651,BAG6,0.9829827
1652,FAAP20,0.99186563
1653,TMEM106B,0.9832097
1654,EDIL3,0.94871724
1655,UBC,0.9398288
1656,CDC37,0.9805583
1657,RNF5,0.9400051
1658,PREX1,0.9594189
1659,EIF3M,0.9790325
1660,ENO2,0.9891194
1661,LINC00844,0.8477414
1662,COLEC12,0.97252905
1663,REX1BD,0.97771555
1664,NUTF2,0.9250997
1665,ALDH6A1,0.9612519
1666,PSMA1,0.9843609
1667,H1F0,0.9449733
1668,PLPP3,0.9549645
1669,TLN1,0.96960133
1670,PARP1,0.9888262
1671,TMEM14B,0.9640364
1672,NACC2,0.9562066
1673,DMAC1,0.9883777
1674,WDR34,0.9887256
1675,VMA21,0.9942172
1676,SRGN,0.99139863
1677,APEX1,0.9811904
1678,UBXN1,0.96774656
1679,SNX5,0.9866561
1680,C10orf105,0.9917394
1681,DNAJB1,0.98450994
1682,TRAPPC1,0.98389286
1683,CD24,0.9731055
1684,NISCH,0.9854792
1685,SNX17,0.9850511
1686,PDLIM4,0.6777746
1687,RAB5B,0.9890523
1688,CCDC88A,0.97201693
1689,APH1A,0.98500496
1690,TJP1,0.9625106
1691,CYFIP1,0.95293915
1692,NDRG1,0.97280055
1693,CAPSL,0.964469
1694,CDK5RAP3,0.9864901
1695,CLPTM1L,0.98704165
1696,BMI1,0.99258566
1697,TCTN1,0.9906187
1698,LMAN2,0.96450055
1699,IL17D,0.9797055
1700,NBR1,0.99134237
1701,CHCHD1,0.9906095
1702,SPAG16,0.9813107
1703,CHMP5,0.98500144
1704,PKM,0.95999134
1705,SLC16A9,0.9796256
1706,NARS,0.98124313
1707,TNFRSF1A,0.98387784
1708,NCOA4,0.971046
1709,SMARCA5,0.9853487
1710,SURF1,0.9870795
1711,C6orf89,0.99060583
1712,TCF25,0.9759776
1713,GPC1,0.9443262
1714,NIPSNAP2,0.99058163
1715,CNIH2,0.98374206
1716,YBX3,0.9864046
1717,TCEAL9,0.97487247
1718,FAM189A2,0.9718427
1719,REPIN1,0.9913649
1720,NELFE,0.98233956
1721,SKA2,0.9869179
1722,AGPAT3,0.9817478
1723,CELF2,0.9884089
1724,SNHG16,0.9765424
1725,CSNK1D,0.9872775
1726,AP3D1,0.98942846
1727,UBB,0.8134416
1728,ALKBH5,0.9861598
1729,ZNF207,0.98673075
1730,STK25,0.9870542
1731,CFDP1,0.9726933
1732,COL5A3,0.82755834
1733,ANP32A,0.97876424
1734,PRKDC,0.9918851
1735,HSPB1,0.9580701
1736,ABAT,0.96374494
1737,NSMCE1,0.9858652
1738,COMMD3,0.9871591
1739,ACTN1,0.9750632
1740,EFHD1,0.9770866
1741,NCSTN,0.98564225
1742,NDUFS3,0.9835995
1743,AK3,0.9884507
1744,CASC3,0.9390389
1745,STAG2,0.9717544
1746,EPN1,0.9910439
1747,MAPKAP1,0.9677625
1748,RER1,0.98791504
1749,TMEM106C,0.98294497
1750,PSMC3,0.98569
1751,FLNC,0.96458
1752,TPM4,0.96514976
1753,TSC22D3,0.9813472
1754,CCT2,0.9835728
1755,NAMPT,0.98602676
1756,ELOC,0.97813416
1757,WTAP,0.9902134
1758,CLASP2,0.9939464
1759,ARHGAP1,0.98050296
1760,SBDS,0.97604465
1761,PRELP,0.9513264
1762,TMEM167A,0.9893498
1763,VAMP2,0.97294056
1764,UPF3A,0.9815265
1765,SNRPC,0.9888854
1766,VDAC3,0.98629963
1767,METAP2,0.9665785
1768,FMNL2,0.9870089
1769,BCLAF1,0.9883546
1770,DHX9,0.99188125
1771,BHLHE41,0.9854512
1772,OTUB1,0.9763516
1773,BPTF,0.98976195
1774,CHCHD5,0.98029196
1775,IST1,0.98535293
1776,RAD23B,0.9863518
1777,WAC,0.98828334
1778,TCP1,0.987351
1779,RNASET2,0.94524795
1780,SYNE1,0.9810414
1781,MT1F,0.8305912
1782,RERE,0.98833984
1783,UPK3BL1,0.9836355
1784,UQCC2,0.9778084
1785,PYGB,0.98315144
1786,EXOC7,0.9906674
1787,HMGCS1,0.94899654
1788,NACA,0.93488437
1789,MIR100HG,0.98779595
1790,SORT1,0.9842539
1791,MPC1,0.97762716
1792,GTF2A2,0.9867647
1793,AMFR,0.96715415
1794,RAB1B,0.9725438
1795,ZMYND11,0.98043436
1796,AKIRIN2,0.95329285
1797,FKBP3,0.9847449
1798,ADGRA3,0.98676336
1799,AKR1B1,0.9828728
1800,PSMB10,0.9857121
1801,SGCB,0.97868216
1802,H3F3B,0.96402824
1803,MAP6,0.99255574
1804,TMEM161B-AS1,0.9906294
1805,RNF13,0.9745536
1806,KLHDC3,0.98282725
1807,CLTB,0.96714956
1808,NDUFA10,0.9853505
1809,BCL7C,0.9873775
1810,KCNN3,0.97741324
1811,MORN5,0.98076314
1812,ATPAF1,0.9911533
1813,PITPNA,0.9809729
1814,WDR13,0.98476934
1815,LIMCH1,0.96883535
1816,DCTN1,0.97030133
1817,MTDH,0.9759601
1818,GALNT8,0.9688917
1819,PNN,0.8709685
1820,GRB2,0.96944505
1821,ERCC1,0.98809326
1822,PCM1,0.9765305
1823,SALL2,0.987312
1824,MRPL27,0.96887964
1825,RAD23A,0.98429394
1826,CDIP1,0.9777888
1827,CCT5,0.9841031
1828,GPS1,0.9896608
1829,TBC1D9B,0.9628839
1830,MSMO1,0.9560905
1831,RSRC2,0.981569
1832,KIDINS220,0.9931692
1833,ERI3,0.99278027
1834,GNA12,0.9627308
1835,WWC1,0.9770693
1836,CTSL,0.9664554
1837,ARL8A,0.9903105
1838,RING1,0.9794622
1839,CPNE6,0.96380585
1840,MAPK8IP1,0.98224586
1841,CBX1,0.95534796
1842,POLR2K,0.9814727
1843,OGDH,0.99176294
1844,SERPINH1,0.9442638
1845,UBE2R2,0.98523027
1846,LINC00461,0.97998536
1847,DNAJC15,0.98852634
1848,CAND1,0.985577
1849,SRM,0.9831795
1850,AKR7A2,0.99137163
1851,LINC01088,0.94891405
1852,BHLHE40,0.97372246
1853,CCT6A,0.9824917
1854,KCNJ10,0.92113984
1855,PHC2,0.9870769
1856,VAMP5,0.9722094
1857,C17orf49,0.9873673
1858,PPP1R7,0.9709896
1859,MPDZ,0.99203646
1860,THRAP3,0.9870273
1861,LGI1,0.9715546
1862,CCDC124,0.98399925
1863,MSRB2,0.9901764
1864,SLC25A1,0.9887703
1865,CLIP3,0.97407484
1866,SUMO1,0.9855414
1867,ACYP2,0.9817726
1868,AGTRAP,0.9718434
1869,GLRX5,0.9790042
1870,PPP4R3A,0.9898085
1871,NDN,0.99094015
1872,CFL1,0.9550559
1873,MAF1,0.98399734
1874,EMP1,0.987958
1875,GNS,0.9827419
1876,KDM3B,0.98152655
1877,NDUFS4,0.9850479
1878,YIF1A,0.985187
1879,RNF181,0.9912243
1880,SSRP1,0.98538333
1881,PREPL,0.97990924
1882,CLK1,0.9753553
1883,EGR1,0.9672707
1884,TRIM47,0.9647241
1885,AGPAT1,0.9821994
1886,SLC25A39,0.9923469
1887,GADD45G,0.95139235
1888,VPS51,0.9864168
1889,SH3GLB1,0.9740524
1890,SNRPD1,0.9840737
1891,ARL2,0.9519471
1892,COQ4,0.9916134
1893,PAQR4,0.97677726
1894,GANAB,0.9868055
1895,MAP7D1,0.9849839
1896,NRCAM,0.98487103
1897,RSL24D1,0.98635477
1898,COX7C,0.9841961
1899,AKT1,0.9647504
1900,CCNY,0.98350745
1901,C1QBP,0.9836368
1902,TPM1,0.93168414
1903,RRBP1,0.96338475
1904,SPATS2L,0.971149
1905,PGRMC2,0.97304565
1906,EVL,0.9809027
1907,LRRIQ1,0.9811412
1908,MRPS34,0.9864663
1909,SAFB,0.9711957
1910,POLR3H,0.9802598
1911,CRLF1,0.8623653
1912,ADGRB2,0.9784714
1913,BCL2L1,0.96924525
1914,PSMC1,0.98772246
1915,NPEPPS,0.989976
1916,CCND1,0.94843924
1917,NEK11,0.99178994
1918,GGCX,0.98626655
1919,LYPLA2,0.987875
1920,PUM1,0.98731977
1921,TXNL1,0.9842238
1922,SZRD1,0.9889693
1923,MGP,0.959148
1924,HDDC2,0.9737105
1925,RAB4A,0.9853658
1926,IPO7,0.9553704
1927,TSR3,0.9896913
1928,NCBP2,0.9849697
1929,AL009031.1,0.84689415
1930,IGFBP3,0.9043165
1931,LSM2,0.97925913
1932,TXN2,0.9780569
1933,EEF1G,0.87404007
1934,ITM2B,0.9676262
1935,PCBD1,0.98503685
1936,GAS7,0.964774
1937,MIEN1,0.98545986
1938,PALLD,0.95229644
1939,DECR1,0.9909755
1940,CHID1,0.9886619
1941,BEX1,0.95994073
1942,HSD17B10,0.98706305
1943,FAM171A1,0.98236465
1944,G3BP1,0.9894962
1945,STAT3,0.96883196
1946,DYNLL2,0.9877173
1947,HM13,0.9862487
1948,HTATSF1,0.98073626
1949,CDK2AP2,0.9177529
1950,SORL1,0.9805784
1951,LIX1,0.83044624
1952,PNPLA8,0.9738479
1953,RPLP0,0.90871114
1954,CZIB,0.98795015
1955,UBE2B,0.97635853
1956,SMARCA2,0.9727734
1957,CUX1,0.9865311
1958,IFT57,0.98816586
1959,VAMP3,0.9690326
1960,SUGP2,0.98811114
1961,OSTC,0.97994
1962,FAT1,0.97930795
1963,OIP5-AS1,0.98760515
1964,CP,0.9621574
1965,FEZ2,0.97197515
1966,ZNF358,0.983318
1967,C1S,0.9730244
1968,NDRG4,0.941977
1969,SARS,0.9895009
1970,GPM6B,0.97655296
1971,MCFD2,0.98113346
1972,RNASEH2C,0.98548794
1973,MOB1A,0.9780958
1974,LSM5,0.9836317
1975,VEZF1,0.99145454
1976,PRKACB,0.9819699
1977,CUEDC1,0.99128836
1978,DCTN6,0.98212045
1979,TBL1XR1,0.9702688
1980,EPAS1,0.9349268
1981,ZFYVE21,0.9828138
1982,MTSS2,0.94056976
1983,SYF2,0.95520335
1984,BRD3OS,0.99319714
1985,MBOAT7,0.9857792
1986,NASP,0.97864735
1987,SRSF1,0.9880142
1988,TRPS1,0.9730301
1989,GALNT1,0.9852081
1990,SNHG14,0.9740842
1991,RNF130,0.9665494
1992,ADNP,0.9925775
1993,HSP90AA1,0.9105487
1994,NEO1,0.9780372
1995,ELAVL1,0.988618
1996,DHX40,0.9906469
1997,CMPK1,0.9785219
1998,AAMP,0.9828482
1999,IDI1,0.97725934
2000,CDC42SE2,0.99062985
2001,EMC6,0.9847598
2002,INTS3,0.9882612
2003,RUVBL2,0.9878541
2004,ZHX3,0.97393334
2005,LAGE3,0.985112
2006,AP2A2,0.98856646
2007,RAB21,0.9637054
2008,UBE2E1,0.9768625
2009,RIMKLB,0.9867051
2010,SND1,0.9041197
2011,COX7A2L,0.96347755
2012,HSD17B4,0.99083614
2013,SARNP,0.9868805
2014,EPS15,0.96593475
2015,F2R,0.9662028
2016,RAB5A,0.98435986
2017,COA5,0.9927086
2018,CYP51A1,0.9454686
2019,GALNT2,0.9664093
2020,EPHX1,0.9642095
2021,SAFB2,0.9791317
2022,RBM17,0.984849
2023,TRA2A,0.9881386
2024,EFEMP1,0.94389886
2025,CIPC,0.9804303
2026,PA2G4,0.9749965
2027,SUPT4H1,0.98124105
2028,ATP6V0A1,0.9826794
2029,TRIP6,0.88776916
2030,MBD3,0.98609453
2031,MOB1B,0.98585355
2032,PER1,0.95299804
2033,CENPX,0.9791426
2034,ITGA7,0.95689625
2035,FIBP,0.9838088
2036,SCCPDH,0.99314433
2037,SPA17,0.9804226
2038,ZNF580,0.97531784
2039,LRRC8A,0.95891076
2040,MRPS28,0.9802939
2041,G3BP2,0.98039854
2042,CTDSP1,0.983888
2043,EIF2AK1,0.9879772
2044,FBXW5,0.9840427
2045,RPSA,0.9242993
2046,PGAM2,0.91801846
2047,TADA3,0.97683483
2048,MANF,0.92356646
2049,DPY30,0.9742998
2050,CSKMT,0.8470989
2051,VPS29,0.9840703
2052,COX14,0.9634773
2053,YME1L1,0.9865742
2054,TIAL1,0.98882216
2055,RIDA,0.97812605
2056,CFAP298,0.99181306
2057,NR2F1-AS1,0.96244365
2058,FAM120A,0.9860982
2059,HMG20B,0.9907667
2060,MRPS33,0.9831096
2061,NOTCH1,0.9838297
2062,GNPAT,0.9932559
2063,TMEM50B,0.9931511
2064,SLC25A23,0.96293354
2065,DCTN4,0.9814714
2066,LRRC4B,0.9874001
2067,SUN1,0.989447
2068,ARMC3,0.9893326
2069,RAB5IF,0.98473454
2070,RWDD1,0.9831735
2071,PBX3,0.9741392
2072,RXRA,0.97490746
2073,WDR45B,0.978943
2074,MRPS26,0.9901686
2075,TAOK1,0.98905617
2076,SEPHS1,0.98948616
2077,AKAP8L,0.9827892
2078,CDK4,0.97949165
2079,MYDGF,0.9892192
2080,PACS2,0.9854292
2081,CADM4,0.9800419
2082,FDPS,0.98009145
2083,CDC34,0.9890408
2084,FAM168B,0.99143505
2085,ZNRF3,0.97230756
2086,ECI1,0.98315
2087,PPP1CA,0.98635787
2088,BORCS7,0.9901981
2089,TSPAN33,0.9845374
2090,HSPH1,0.97191447
2091,SPG21,0.9847743
2092,FXR1,0.9816418
2093,RAP1A,0.9339322
2094,WDR82,0.97773206
2095,HUWE1,0.97882116
2096,PUM2,0.9809144
2097,ZNF385A,0.9483567
2098,LRRC23,0.9896452
2099,DTX3,0.9906227
2100,ARL8B,0.9795246
2101,AUP1,0.9801709
2102,IFT46,0.9877431
2103,IVNS1ABP,0.94650525
2104,XPR1,0.98915136
2105,SELENOP,0.9635667
2106,PKN1,0.9750911
2107,YY1,0.9856352
2108,TKT,0.95817965
2109,SH3PXD2A,0.8672853
2110,PPM1G,0.98989993
2111,FTO,0.9586981
2112,NAT14,0.9916411
2113,ARID1A,0.98586285
2114,TUBA1A,0.9488612
2115,SDR39U1,0.99041176
2116,MTA1,0.9921208
2117,NBDY,0.9849725
2118,DDX1,0.978265
2119,TMX4,0.98277396
2120,PPP2R2B,0.9829284
2121,SHISA4,0.9629103
2122,CCT8,0.9879074
2123,DEAF1,0.9832503
2124,PSMD13,0.97995895
2125,RSL1D1,0.98820543
2126,DCLK2,0.9606554
2127,PLIN3,0.98620015
2128,FBXL5,0.9841255
2129,NOL7,0.97489846
2130,NCOR1,0.97959197
2131,KBTBD11,0.8736881
2132,GNG10,0.9789581
2133,TCEAL8,0.9829963
2134,SNX6,0.98697025
2135,CHD2,0.97329175
2136,RBBP7,0.9825965
2137,STAU1,0.9821939
2138,AARS,0.98227745
2139,SEC14L1,0.9727953
2140,GATD1,0.9875373
2141,SYNCRIP,0.98631436
2142,SERF2,0.92672247
2143,TRAPPC3,0.9915548
2144,EIF3D,0.9829349
2145,CKB,0.921212
2146,SLC41A3,0.9784907
2147,RPA1,0.9842733
2148,FGFR3,0.94860214
2149,FNBP1L,0.9752888
2150,ACLY,0.97439194
2151,MFAP4,0.9566331
2152,WIPI2,0.99075466
2153,HDHD2,0.98971254
2154,PFDN1,0.98024464
2155,PRCC,0.9876955
2156,PFKFB3,0.97932154
2157,LARS,0.9900569
2158,GSPT1,0.9878729
2159,TMEM160,0.9841737
2160,MRPL21,0.98899496
2161,KXD1,0.9563542
2162,NDUFV3,0.9805487
2163,ZHX1,0.9593085
2164,DYNLRB2,0.93370235
2165,DGCR6L,0.9926967
2166,FAU,0.9479333
2167,ITM2A,0.95541954
2168,IDH3G,0.97429836
2169,FGFR1,0.97656745
2170,CAPZA1,0.98881763
2171,TBC1D14,0.9788932
2172,MRPL12,0.9906912
2173,NME1,0.97565395
2174,CDV3,0.99074715
2175,VKORC1,0.98391145
2176,UBE2M,0.9839987
2177,TXNDC17,0.9867487
2178,LRTOMT,0.98703384
2179,SUPT5H,0.9658906
2180,ATP1B3,0.9650978
2181,AL161772.1,0.9733113
2182,TRA2B,0.9875531
2183,DCAF7,0.9859303
2184,FAM81B,0.97927916
2185,STK11,0.99149257
2186,SMIM7,0.99085873
2187,SPPL3,0.9900988
2188,EVI5,0.985691
2189,EPB41L2,0.95346564
2190,BBS2,0.9795464
2191,TM9SF1,0.9833576
2192,MLEC,0.9915174
2193,VBP1,0.98528206
2194,NAXE,0.9885307
2195,ITIH5,0.9291369
2196,MASP1,0.97917414
2197,ZMPSTE24,0.9905682
2198,RAPGEF1,0.9707438
2199,MGAT4B,0.97593886
2200,FBL,0.97925854
2201,DEGS1,0.95685536
2202,NECAP2,0.98957264
2203,GDPD2,0.97507507
2204,PIP4K2B,0.9895995
2205,OGT,0.9891297
2206,PITHD1,0.987191
2207,TIMMDC1,0.9627794
2208,VTI1B,0.9674073
2209,DHX30,0.99317974
2210,IL11RA,0.9841436
2211,IFNGR1,0.98194724
2212,ARHGEF12,0.98048913
2213,COL4A2,0.92048776
2214,NREP,0.97228974
2215,GMFB,0.9519073
2216,GLIS3,0.96735823
2217,SRSF7,0.98706585
2218,USP9X,0.9791259
2219,PEPD,0.9755573
2220,C9orf78,0.9854309
2221,STON2,0.9648427
2222,MXD4,0.9865952
2223,SMARCD3,0.98734087
2224,TPD52L2,0.9786247
2225,HSPA4,0.97955453
2226,POU3F3,0.98866993
2227,ERGIC1,0.9786078
2228,RTL8A,0.97647506
2229,PLP2,0.9902421
2230,GOLGA7,0.9868206
2231,VPS25,0.98527515
2232,MAF,0.95354664
2233,SMOX,0.9002027
2234,UBAP1,0.9867826
2235,RIC8A,0.9886233
2236,SSPN,0.9647325
2237,CACYBP,0.97540843
2238,MPZL1,0.9842225
2239,ATP2C1,0.98107994
2240,CTTN,0.9840036
2241,CERS2,0.9652559
2242,TMEM14A,0.9876211
2243,RBM6,0.9805694
2244,TARDBP,0.98868704
2245,TNPO1,0.98742193
2246,C11orf49,0.9933364
2247,ACAA1,0.977107
2248,NDUFS2,0.9784532
2249,JAM2,0.95755464
2250,DANCR,0.98213726
2251,CFAP36,0.9794779
2252,H2AFX,0.9596428
2253,CTDSP2,0.9805525
2254,UBE2V2,0.9897564
2255,CPNE1,0.9844718
2256,DBN1,0.9820954
2257,FMC1,0.97062165
2258,KCNMA1,0.96579295
2259,STARD3,0.97703016
2260,GOLGA8A,0.9634947
2261,ACP1,0.98465854
2262,MMP24OS,0.9223295
2263,SPG7,0.98885775
2264,CELF1,0.98149383
2265,ACAA2,0.95750266
2266,MYL6,0.9460493
2267,FAM32A,0.9911591
2268,TRIP12,0.9821964
2269,ADGRL3,0.9750219
2270,CRK,0.97467434
2271,SLC48A1,0.98133624
2272,MRPL28,0.99123394
2273,PODXL2,0.9763513
2274,SEC63,0.94965607
2275,SEPTIN3,0.9823055
2276,DPCD,0.968503
2277,FAM183A,0.95904744
2278,UROD,0.99034244
2279,SMAD2,0.9847489
2280,ATP6V1D,0.9660863
2281,CORO2B,0.98164177
2282,ANXA11,0.9665219
2283,ZMAT2,0.97056115
2284,JAK1,0.97102314
2285,PMVK,0.9873494
2286,MRPS16,0.9921293
2287,JPT1,0.9680475
2288,SYNC,0.9849115
2289,GNAI3,0.98477936
2290,NRBP1,0.98558074
2291,PIN4,0.9822219
2292,SGTA,0.9875657
2293,KARS,0.9837166
2294,FADS1,0.9316583
2295,DNAJC10,0.9848698
2296,UGP2,0.9652678
2297,BMP7,0.97065514
2298,RHOQ,0.9747391
2299,FAM192A,0.98899513
2300,PYCR2,0.9896234
2301,RNF167,0.990221
2302,PEF1,0.98977023
2303,GAS2L1,0.89487326
2304,TMEM98,0.98516124
2305,DNAJC4,0.9903698
2306,CGGBP1,0.96771777
2307,ENKUR,0.98702633
2308,FNDC3A,0.95983833
2309,ABI1,0.9778747
2310,TOR1AIP2,0.9827493
2311,TPR,0.97907543
2312,HIF3A,0.9391553
2313,NAA10,0.98837405
2314,ZNF24,0.9888152
2315,ADAM9,0.9559296
2316,GSTK1,0.9876016
2317,AKAP11,0.98839885
2318,ARPC1A,0.9907512
2319,TOR1AIP1,0.9681528
2320,FOXO3,0.9833222
2321,PIRT,0.8522097
2322,MRFAP1L1,0.9906579
2323,ITGA6,0.9839131
2324,CAMLG,0.93563795
2325,GAPDH,0.9770121
2326,BBIP1,0.99253553
2327,AKIRIN1,0.9884623
2328,FAM168A,0.9813957
2329,GID8,0.9901722
2330,RBM38,0.9868067
2331,EBNA1BP2,0.98827964
2332,DALRD3,0.98828936
2333,RBM42,0.9866293
2334,ZBTB47,0.9507193
2335,CFAP43,0.98162997
2336,NKAIN3-IT1,0.9373597
2337,AP1B1,0.99050575
2338,PAK2,0.98434734
2339,ABHD12,0.99243265
2340,SLC25A4,0.9659358
2341,MRPL54,0.9742773
2342,HERPUD1,0.9774512
2343,SMIM30,0.9709689
2344,C8orf33,0.9886314
2345,NPAS3,0.96775633
2346,EGLN1,0.96648705
2347,OAT,0.9807189
2348,GNAQ,0.9792642
2349,CYBRD1,0.9683
2350,PPIG,0.97511774
2351,ATP6V1E1,0.98214287
2352,FEM1B,0.97608083
2353,EMC7,0.9854774
2354,CCDC47,0.97070175
2355,MRPL55,0.9893376
2356,CD36,0.9484328
2357,SPTSSA,0.97810215
2358,AMER2,0.9768799
2359,MAP3K13,0.97963756
2360,COA4,0.97644585
2361,PCMTD2,0.9920672
2362,SMARCA4,0.98862517
2363,TCEAL2,0.94635385
2364,SREK1,0.9896326
2365,AK2,0.9939684
2366,PNMA2,0.9842573
2367,GOLPH3,0.98741496
2368,UNC119B,0.9936948
2369,PIGT,0.97364473
2370,P4HTM,0.98924494
2371,UBTF,0.97746295
2372,UBXN11,0.98983735
2373,COBL,0.9750084
2374,EIF4E,0.98067
2375,PRRC2C,0.96241283
2376,EIF6,0.98629314
2377,TOP1,0.98116904
2378,MIDN,0.9791211
2379,ANXA7,0.9807006
2380,SMIM19,0.9803869
2381,INTS11,0.9844585
2382,ACTB,0.93022585
2383,WSB2,0.95088947
2384,PLPP1,0.99238956
2385,PRR13,0.9899117
2386,ERBIN,0.9640736
2387,FNTA,0.98881525
2388,KPNA4,0.9795565
2389,BAG1,0.99079704
2390,SEC11C,0.96430415
2391,FKBP9,0.9894484
2392,ZC3H13,0.9831561
2393,ANKRD12,0.9770703
2394,ENOPH1,0.9672662
2395,SNAPIN,0.9863407
2396,MRPL40,0.9851325
2397,DNM2,0.985939
2398,SRSF4,0.9860983
2399,MPV17,0.98621947
2400,ADIPOR1,0.97967255
2401,NFE2L2,0.98348886
2402,PSMC4,0.976682
2403,PAGR1,0.98527944
2404,RNF10,0.9851202
2405,ARHGAP35,0.9893444
2406,YWHAG,0.9859094
2407,MED29,0.98864514
2408,UPF1,0.99340755
2409,SH3GL1,0.9799468
2410,TGOLN2,0.9657958
2411,ZNF423,0.9794794
2412,MRPS7,0.9888659
2413,CDKN1B,0.96908617
2414,RALBP1,0.97713506
2415,HINT2,0.9893071
2416,CCPG1,0.9841147
2417,SYNDIG1,0.9836795
2418,CPNE3,0.9712025
2419,LRRN1,0.9777779
2420,SORBS3,0.8855569
2421,TPGS2,0.9888434
2422,NT5C,0.98837817
2423,TNPO2,0.9913368
2424,AC010642.2,0.99230295
2425,CFL2,0.9784679
2426,RBPJ,0.9770802
2427,ODF3B,0.9334459
2428,PHC1,0.98879534
2429,CNOT1,0.99181944
2430,SRRM1,0.9841797
2431,UBA52,0.8961198
2432,GSTO1,0.97456324
2433,MARK3,0.9849754
2434,YTHDC1,0.9774795
2435,ERLIN2,0.9803215
2436,SCAF11,0.9763123
2437,CKLF,0.9827649
2438,UBXN4,0.9540396
2439,BEX2,0.9741205
2440,CCDC146,0.9857677
2441,SRSF10,0.99066746
2442,IFT43,0.9848796
2443,MSL1,0.9845976
2444,GALNT15,0.94438165
2445,PLCD1,0.9681197
2446,PHF10,0.98856646
2447,PTPRN2,0.97752714
2448,COL18A1,0.90763885
2449,PTK2,0.9919195
2450,RUFY3,0.98093796
2451,ANKRD11,0.9833078
2452,TMEM179B,0.9816842
2453,BMPR1B,0.98485136
2454,SPCS3,0.97862715
2455,WDR61,0.9938278
2456,AIF1,0.96780795
2457,TRIL,0.9761756
2458,RABL6,0.9882275
2459,NELFB,0.98983735
2460,HDGFL3,0.9815663
2461,MXRA8,0.9647312
2462,LOX,0.9841231
2463,ZIC5,0.9882056
2464,SNED1,0.9698933
2465,DBNL,0.9857034
2466,URI1,0.9814664
2467,ELP4,0.9894074
2468,TACC1,0.9784117
2469,CABIN1,0.9786647
2470,CMTM6,0.97581375
2471,RFX3,0.9882426
2472,DDX42,0.9745527
2473,HEBP2,0.9844685
2474,MAGEH1,0.9932534
2475,UFM1,0.9820164
2476,MID1IP1,0.87389654
2477,WNK2,0.98580545
2478,CNTFR,0.93296117
2479,HNRNPUL2,0.97993267
2480,PMEPA1,0.98006755
2481,SRP72,0.9868521
2482,TIMM10,0.97489595
2483,ANAPC5,0.9907266
2484,MAP1LC3A,0.9830726
2485,STX12,0.97716814
2486,SRRM4,0.9858255
2487,PSMC2,0.98134315
2488,NAV1,0.984386
2489,TNS3,0.96805465
2490,BBS1,0.9921803
2491,TMSB10,0.89293724
2492,TNRC18,0.98716354
2493,PPP5C,0.9916294
2494,RALGDS,0.9754937
2495,LUC7L2,0.9910517
2496,PTPRG,0.9854037
2497,NFASC,0.9304966
2498,PEMT,0.98076385
2499,PFKM,0.9886594
2500,EI24,0.9794155
2501,MED28,0.98751026
2502,RBCK1,0.9892262
2503,NUDCD2,0.99003375
2504,C20orf27,0.98876065
2505,BMERB1,0.9888032
2506,HSPBP1,0.98857564
2507,WASF3,0.9563959
2508,CHMP1A,0.9855052
2509,SNORC,0.8820294
2510,BBX,0.9749772
2511,ANP32E,0.9771441
2512,HSDL2,0.97337866
2513,SCAMP2,0.97409564
2514,MAPRE3,0.98981994
2515,GTF3A,0.9581062
2516,PFDN2,0.9856104
2517,SUCLG1,0.98961735
2518,CAB39L,0.9743158
2519,GOLGB1,0.9848155
2520,FAM171B,0.87948936
2521,AXIN2,0.9889318
2522,LAMTOR3,0.98730123
2523,TSN,0.9892457
2524,BASP1,0.86422867
2525,SF3B3,0.98614496
2526,CHTOP,0.97896665
2527,EIF3J,0.9628254
2528,VAT1,0.98328584
2529,PSMD3,0.9851609
2530,SSNA1,0.97813
2531,ELOF1,0.99247265
2532,ATP2B1,0.98169744
2533,UBE2Z,0.9817236
2534,CDIPT,0.9684371
2535,PSMC6,0.9786392
2536,DGCR2,0.9888481
2537,EFHC1,0.98895603
2538,CDK16,0.97364175
2539,SLC6A1,0.9645476
2540,NME3,0.93539953
2541,ACOT13,0.97085375
2542,RSRP1,0.9845652
2543,GPS2,0.98020047
2544,NPTN,0.98551846
2545,ARFGAP2,0.99226326
2546,TAB2,0.9590483
2547,POLDIP3,0.98538774
2548,SLIT2,0.98801756
2549,MEAF6,0.9854335
2550,AKR1A1,0.9865836
2551,PPP4R1,0.98283356
2552,MAPK3,0.9589029
2553,EIF4A3,0.9675396
2554,IQCG,0.9820396
2555,RIN2,0.943579
2556,CD81,0.97479665
2557,CIAO1,0.99027675
2558,SNRPB,0.9831982
2559,PPP1R11,0.9902296
2560,RRAGD,0.9738218
2561,TP53BP1,0.98618376
2562,C9orf116,0.9712943
2563,SKAP2,0.92081404
2564,LASP1,0.98250574
2565,SLC16A1,0.94960535
2566,CLCN3,0.986226
2567,LGI4,0.9174561
2568,BROX,0.9504288
2569,SPACA9,0.98115605
2570,APC,0.968699
2571,SF3A1,0.9786061
2572,ACBD7,0.96739763
2573,APBA2,0.9638734
2574,GNL1,0.9732843
2575,PYGM,0.76203406
2576,TAF1D,0.9889258
2577,RMST,0.98903716
2578,TRAK1,0.98949754
2579,ZYX,0.95210826
2580,USP47,0.98968565
2581,LMO4,0.950079
2582,BTBD2,0.9799444
2583,PLAC9,0.8738044
2584,PLXDC2,0.9823203
2585,DHX15,0.99081
2586,UBAP2L,0.99252903
2587,RHPN1,0.9735595
2588,NT5DC2,0.9685647
2589,NECTIN2,0.9799719
2590,PSMD1,0.98189694
2591,KLF6,0.9832875
2592,FAM207A,0.9773869
2593,CACNA1A,0.9724718
2594,MTFR1L,0.98503
2595,SULT1C4,0.9838247
2596,SDHB,0.98632395
2597,PEBP4,0.9494246
2598,CAPN5,0.9780099
2599,CTNND1,0.9781433
2600,COMMD9,0.96244717
2601,MANBAL,0.991841
2602,IQGAP1,0.9755307
2603,NTPCR,0.9874957
2604,EMC2,0.98402244
2605,ZRANB2,0.98932844
2606,LRRC41,0.98759997
2607,FBXW11,0.98233396
2608,NRDC,0.9804894
2609,SLC16A2,0.98326844
2610,GNAS,0.9601611
2611,B4GALT2,0.9892073
2612,PGD,0.98110294
2613,CD2BP2,0.98971665
2614,MFSD10,0.9709453
2615,RDH11,0.9843396
2616,TMEM94,0.9829564
2617,TLE1,0.96373814
2618,P4HA1,0.98590624
2619,CD14,0.96718216
2620,ANKFY1,0.99235326
2621,MRPS18C,0.98018587
2622,CBX6,0.9830409
2623,ARMCX3,0.9650518
2624,SNF8,0.9916644
2625,RUVBL1,0.9909719
2626,CCDC167,0.97812366
2627,KDM1A,0.9890254
2628,NCAN,0.95801604
2629,BCAP29,0.98377603
2630,EXOC5,0.9864008
2631,NSFL1C,0.98259884
2632,RAP2B,0.97854406
2633,MRPL14,0.9731231
2634,GNA11,0.9853109
2635,KLHDC2,0.9939464
2636,MIR99AHG,0.982534
2637,PSMD7,0.9704722
2638,NOP56,0.96421784
2639,PRPF4B,0.9863991
2640,CPNE2,0.9847356
2641,AIFM3,0.8573619
2642,ACTR10,0.9877671
2643,ATP5F1E,0.949997
2644,ALDH3A2,0.9808659
2645,KIAA1191,0.95817244
2646,WDR26,0.9864637
2647,ANKRD10,0.98052174
2648,DDR2,0.97675717
2649,CNIH1,0.97939676
2650,AGRN,0.9604453
2651,PRPF31,0.9892073
2652,WNT5A,0.9499663
2653,FASN,0.98837936
2654,AKT2,0.98678255
2655,ST6GALNAC6,0.96914726
2656,RBM23,0.9878879
2657,CRKL,0.9869307
2658,MYH10,0.9918663
2659,NIBAN2,0.9748677
2660,NCOA1,0.9634145
2661,MSI1,0.98712057
2662,BTF3L4,0.98016346
2663,IGF1R,0.9830677
2664,PKD1,0.9239442
2665,SLC2A4RG,0.98849744
2666,MED25,0.9907218
2667,MAGEF1,0.9884376
2668,ZC3H15,0.98483175
2669,DBNDD2,0.93020314
2670,MAD2L2,0.9719416
2671,SMARCA1,0.9893836
2672,NOLC1,0.99000937
2673,PCNX4,0.9902731
2674,SDHD,0.97477514
2675,BLCAP,0.98559994
2676,ARNT2,0.97865635
2677,CBY1,0.9760318
2678,NDUFS1,0.98797643
2679,PTPA,0.9670661
2680,FUBP1,0.98838156
2681,TMEM33,0.9823998
2682,CCDC107,0.88824457
2683,FUBP3,0.9866286
2684,CRYL1,0.9760135
2685,VOPP1,0.9705337
2686,STARD3NL,0.9670216
2687,FDFT1,0.98380953
2688,PTRHD1,0.9788261
2689,ZBTB4,0.9805332
2690,SNRNP25,0.99005115
2691,PFDN6,0.97794455
2692,SCRG1,0.9072488
2693,IP6K2,0.98816097
2694,SEC14L2,0.94795793
2695,BIN1,0.9817001
2696,EMC3,0.950425
2697,GLYR1,0.99118274
2698,MYEF2,0.9896985
2699,MRPL36,0.977552
2700,KIAA1549L,0.9839736
2701,UBAC1,0.98611075
2702,SLU7,0.97313035
2703,PPP4R3B,0.98454994
2704,PNRC2,0.9794965
2705,ITGB5,0.9541583
2706,SEPTIN8,0.9842959
2707,BRD4,0.96375746
2708,QARS,0.98682076
2709,BIRC2,0.98336
2710,RBM10,0.98768175
2711,HIPK3,0.97472113
2712,SLC7A11,0.96453613
2713,CAST,0.9923667
2714,POLR2A,0.9841679
2715,MAN1A2,0.97879744
2716,PPP3CA,0.9845281
2717,LARP7,0.9796956
2718,DGUOK,0.9897109
2719,EMD,0.9804358
2720,ABCA2,0.991641
2721,MAP3K20,0.96683455
2722,MGAT1,0.9858437
2723,BLVRB,0.97998005
2724,BDH2,0.983568
2725,ADRM1,0.9837478
2726,WASL,0.97223
2727,RPRD1A,0.98994356
2728,SPEG,0.9737919
2729,MTLN,0.9855463
2730,SLC39A6,0.9854264
2731,GOLGA8B,0.9852802
2732,SLCO2B1,0.96697366
2733,SCAMP4,0.98647606
2734,RGS9,0.9863768
2735,TMEM222,0.9859544
2736,CCAR2,0.9877535
2737,ADGRL1,0.96620035
2738,CPVL,0.97277564
2739,HCFC1,0.98578864
2740,TBC1D5,0.9835806
2741,COPB2,0.9780707
2742,SC5D,0.984865
2743,KIF1C,0.95566034
2744,AFF4,0.9821087
2745,CLEC11A,0.9881664
2746,PABPC4,0.98771435
2747,SLC38A2,0.9784189
2748,SMU1,0.9877132
2749,AHSA1,0.9777189
2750,BRD7,0.9885718
2751,NUCB2,0.96444
2752,TMEM208,0.98824346
2753,SAMD4B,0.98388195
2754,VSIR,0.9787745
2755,FERMT2,0.9515502
2756,NAA50,0.9787444
2757,MTCH2,0.985331
2758,TM2D1,0.9884712
2759,KIFAP3,0.9905051
2760,CREBBP,0.98412025
2761,IVD,0.99351454
2762,IQCK,0.96791995
2763,UBA2,0.98368394
2764,USP7,0.9846407
2765,YKT6,0.9839451
2766,PSMA3,0.97770345
2767,C11orf88,0.9632086
2768,SOX4,0.9674767
2769,GSTA4,0.98939943
2770,SLC4A2,0.98754597
2771,DEXI,0.9564112
2772,PSMA5,0.9872648
2773,CAB39,0.9804753
2774,MTIF3,0.9792565
2775,FAM20C,0.969472
2776,ABL1,0.9796969
2777,SPPL2B,0.9873977
2778,ARL1,0.9814615
2779,OSGIN2,0.96614295
2780,PIGQ,0.9912316
2781,PDZD4,0.9891125
2782,MAPKAPK2,0.9610922
2783,SUN2,0.96659267
2784,ARRDC4,0.98139286
2785,PPP1R12B,0.99005413
2786,TMEM165,0.9910359
2787,DCAF8,0.9901662
2788,CHMP4B,0.9799481
2789,BTG2,0.9461341
2790,ITGB1BP1,0.97950584
2791,CRMP1,0.94876665
2792,C5orf15,0.9833382
2793,ERG28,0.990915
2794,MAPK15,0.9841763
2795,WDR54,0.98854357
2796,TGIF1,0.96392834
2797,AC005261.1,0.9890539
2798,CTSA,0.9717168
2799,EIF4G3,0.99108887
2800,CD47,0.9782452
2801,CLPP,0.9680737
2802,B3GLCT,0.9848777
2803,PTCD3,0.98896444
2804,HNRNPAB,0.99073154
2805,BMP2K,0.9761118
2806,H2AFJ,0.9730334
2807,PKIA,0.9765163
2808,TXNDC12,0.9824112
2809,ZDHHC4,0.989357
2810,TMEM263,0.99063367
2811,MKRN1,0.98033094
2812,OXA1L,0.98433006
2813,STT3B,0.98519975
2814,DAB2,0.95821416
2815,DZIP1,0.97804606
2816,TFE3,0.9700594
2817,POLR2H,0.98451763
2818,U2SURP,0.98736626
2819,LZIC,0.98563683
2820,UBE2G2,0.9815955
2821,RNF40,0.9906653
2822,ALOX5AP,0.95723027
2823,NDUFA4L2,0.95455974
2824,AKT3,0.9844633
2825,AIG1,0.98626643
2826,ZDHHC2,0.98088217
2827,ETF1,0.9830014
2828,CCND3,0.98202384
2829,MRPS14,0.9883175
2830,SLC30A9,0.9863681
2831,SEC31A,0.98148304
2832,SGCE,0.9856419
2833,TAF15,0.9708651
2834,ETFA,0.99065095
2835,N4BP2L2,0.9743543
2836,TWF1,0.9819149
2837,CUL3,0.9800686
2838,SPSB3,0.97804505
2839,DAPK1,0.98767287
2840,AIDA,0.9460038
2841,EIF2AK2,0.97257185
2842,EAPP,0.9806064
2843,ZEB2,0.9749671
2844,ARHGDIB,0.95991623
2845,DNAJA2,0.9802571
2846,TSPAN31,0.9863476
2847,SLTM,0.98706436
2848,SLC25A11,0.9917423
2849,DNAJC5,0.9928563
2850,PXMP2,0.98086566
2851,PLEKHB2,0.98047924
2852,FAM234A,0.9882557
2853,FLOT2,0.96823883
2854,RPAIN,0.989606
2855,VPS41,0.986595
2856,AP3S1,0.9807786
2857,SPRY2,0.9776455
2858,ATXN1,0.9890413
2859,MTX1,0.984073
2860,RAB22A,0.9836391
2861,PRPF38A,0.98675346
2862,CA2,0.94305295
2863,STAT2,0.9686453
2864,TUBGCP2,0.9891924
2865,DOCK7,0.98979104
2866,MRPL24,0.9891861
2867,SNRPB2,0.9722689
2868,ROBO3,0.9404646
2869,MKLN1,0.98119974
2870,NOVA1,0.9791419
2871,SLC39A10,0.9827735
2872,DGLUCY,0.9891724
2873,DLGAP1-AS1,0.96349466
2874,BRWD1,0.97682065
2875,PSMD9,0.9887031
2876,IMPAD1,0.9862476
2877,SVBP,0.9806948
2878,NMT1,0.98472697
2879,JMJD8,0.9850732
2880,GABRG1,0.9450197
2881,HEXA,0.9829907
2882,ARVCF,0.9858936
2883,CKAP4,0.9794794
2884,ANKRD40,0.9595896
2885,ENKD1,0.99058855
2886,WBP1L,0.9838785
2887,FYTTD1,0.98299026
2888,ZFP91,0.9815656
2889,MAGI2-AS3,0.98700714
2890,PLOD1,0.92509717
2891,BOLA3,0.9718842
2892,MT1M,0.9139351
2893,MTHFD2L,0.97416306
2894,PDCD4,0.9863268
2895,SUPT16H,0.9804595
2896,TUG1,0.99023914
2897,UBE3A,0.9759404
2898,TRIM44,0.98181313
2899,SCAP,0.9905767
2900,ADI1,0.97275096
2901,POLDIP2,0.9886595
2902,GLT8D1,0.9890324
2903,RB1,0.98891103
2904,DCTD,0.9825406
2905,CISD1,0.98299986
2906,TMED5,0.9695608
2907,CKAP5,0.9845311
2908,VPS4A,0.9806291
2909,TIMM17A,0.989554
2910,MICAL3,0.9851939
2911,HILPDA,0.969197
2912,TMEM43,0.98491204
2913,IQSEC1,0.9895156
2914,GIPC1,0.9880592
2915,YIPF4,0.9811236
2916,NNAT,0.9193434
2917,BMPR2,0.991034
2918,RMDN3,0.98252267
2919,TLE4,0.99018544
2920,SELENOS,0.97704536
2921,NCS1,0.991169
2922,ZCCHC24,0.96360844
2923,ACOX1,0.98745775
2924,TUBB6,0.88780785
2925,SMAD1,0.97941667
2926,DENR,0.9853384
2927,DZIP3,0.9895883
2928,HGS,0.98800933
2929,ITPRID2,0.97853625
2930,CALCOCO2,0.96097606
2931,LONP2,0.9832546
2932,PAIP1,0.9812849
2933,BNIP2,0.98863953
2934,MRPS36,0.9648977
2935,ASS1,0.9514881
2936,COMMD4,0.9854716
2937,TOGARAM2,0.9703637
2938,CPQ,0.9691495
2939,FBXL3,0.98120815
2940,SREBF2,0.9759688
2941,EPRS,0.98132366
2942,UBE2A,0.98472446
2943,CHP1,0.97568226
2944,IMP3,0.979959
2945,TUSC2,0.9907609
2946,REEP3,0.9818328
2947,NSD3,0.98640305
2948,FKBP4,0.95782405
2949,TST,0.9660626
2950,MLLT6,0.9873911
2951,UBR5,0.989088
2952,LAP3,0.94954985
2953,SNX2,0.9713376
2954,STX16,0.9884969
2955,TBCD,0.98304206
2956,AP1M1,0.9899788
2957,POLR1D,0.950807
2958,CHMP1B,0.9537285
2959,SEPTIN4,0.9463924
2960,DVL3,0.9918335
2961,MOCS2,0.9690644
2962,SUCO,0.9865426
2963,TPPP,0.98426086
2964,LEPROT,0.97207415
2965,WDR60,0.9889427
2966,NAA20,0.9852887
2967,PHF3,0.9634126
2968,KMT2C,0.98485774
2969,B4GALNT4,0.9711007
2970,CHD3,0.96667844
2971,CCDC50,0.98286635
2972,SRPK2,0.9875237
2973,LMAN1,0.9809784
2974,NUBP2,0.9894478
2975,VWA1,0.9482818
2976,UBQLN1,0.97801435
2977,MPST,0.97573316
2978,MAP1A,0.9887548
2979,TYRO3,0.9891141
2980,BCR,0.9865637
2981,PDHB,0.97977865
2982,ANAPC13,0.9787081
2983,SENP6,0.9870748
2984,TMEM141,0.986307
2985,SAR1B,0.9860564
2986,MAGT1,0.9735397
2987,SPAG7,0.9852613
2988,DAB2IP,0.98652023
2989,STX18,0.9869714
2990,CS,0.9870209
2991,TTC1,0.9798881
2992,LCAT,0.9450408
2993,SIGMAR1,0.9864359
2994,BCKDHB,0.9688969
2995,RBBP6,0.981052
2996,CRTAP,0.96966034
2997,PTAR1,0.98365444
2998,HIKESHI,0.9730231
2999,DHRS7,0.96566075
3000,PURB,0.98533267
3001,FASTK,0.99117756
3002,AKAP9,0.9866346
3003,CHMP4A,0.981201
3004,SRGAP2C,0.9886784
3005,PDCD6IP,0.97405523
3006,PFKFB2,0.98857176
3007,SDHA,0.98774683
3008,IRF2BPL,0.97619313
3009,FAM89B,0.9754508
3010,PLEKHO1,0.95032495
3011,SMAD4,0.97909564
3012,POR,0.9890784
3013,RABEP1,0.97898895
3014,INPPL1,0.9874461
3015,IRAK1,0.9783121
3016,PLD2,0.9890786
3017,NUFIP2,0.98259634
3018,BMP1,0.9859208
3019,COA8,0.9733323
3020,PXN,0.9695178
3021,UNC50,0.9840003
3022,SPOP,0.9891543
3023,PLEKHA7,0.9884351
3024,MED16,0.9885036
3025,IPO9,0.9876438
3026,SGPL1,0.98916775
3027,TMED1,0.987745
3028,C11orf68,0.98389924
3029,FOXN3,0.9821882
3030,ITGAE,0.9817917
3031,LIN7C,0.9897427
3032,QPRT,0.9322604
3033,COPB1,0.983018
3034,FAM199X,0.9899139
3035,MFGE8,0.9651502
3036,CCND2,0.9094525
3037,LUC7L,0.9823782
3038,PPP3CB,0.9865003
3039,ZNF532,0.98762906
3040,SRA1,0.9877029
3041,ECI2,0.9796197
3042,NLGN2,0.9694997
3043,CDC42BPA,0.98332244
3044,CLCN7,0.98053604
3045,MBOAT2,0.9771343
3046,ZNF703,0.92832345
3047,SQLE,0.9854656
3048,HADH,0.9872543
3049,LPCAT1,0.97485083
3050,USP8,0.9850664
3051,CSNK2A1,0.98373824
3052,NAV2,0.95647484
3053,MEGF8,0.9849027
3054,BRD3,0.9843484
3055,ASTN2,0.97486347
3056,INTS1,0.98930454
3057,ITPA,0.98423594
3058,POMGNT1,0.9868093
3059,PRPF6,0.97905034
3060,TIA1,0.98883533
3061,ZNF32,0.99329287
3062,SIPA1L1,0.97107446
3063,KCTD17,0.96412796
3064,ARFGAP3,0.9737155
3065,DDX41,0.93188477
3066,OLA1,0.98004377
3067,ARF6,0.9804236
3068,CFAP100,0.9863643
3069,ATG4B,0.9889942
3070,ST6GAL1,0.9392843
3071,HS2ST1,0.9803876
3072,DNAJC19,0.9875945
3073,MIB2,0.98683554
3074,TOMM22,0.97718155
3075,ZNF638,0.9845972
3076,LINC00623,0.9620782
3077,LDLRAD4,0.9660297
3078,GPR137B,0.9681345
3079,HINT3,0.98773617
3080,FBXO11,0.9913739
3081,YES1,0.98681074
3082,FNBP1,0.98432636
3083,TNRC6B,0.98519194
3084,PACSIN2,0.96913
3085,PEX19,0.993214
3086,ANKRD17,0.97650903
3087,IFNAR1,0.96928805
3088,PRPF19,0.9891326
3089,PIK3C3,0.95797694
3090,NOSIP,0.98855823
3091,SEMA3C,0.8568552
3092,ACAT1,0.97709095
3093,VPS39,0.99234676
3094,CRLS1,0.977192
3095,STON1,0.9696881
3096,UBAC2,0.9938764
3097,PHLDB1,0.9899717
3098,FBXW4,0.96932536
3099,TMEM8B,0.9924175
3100,LZTFL1,0.9870985
3101,YTHDF2,0.9845122
3102,CLN5,0.98439777
3103,SPPL2A,0.96422213
3104,GLIPR2,0.95737493
3105,VPS26B,0.9936109
3106,PPP1R9B,0.9900518
3107,ISCA1,0.99245083
3108,PLEKHJ1,0.9868517
3109,WDR45,0.98651844
3110,PSAP,0.9657682
3111,RSF1,0.9835107
3112,ATP6V1A,0.98246765
3113,SMARCC2,0.9761912
3114,CFAP45,0.98943967
3115,PARVA,0.96712726
3116,SLC5A3,0.9740076
3117,ARRDC3,0.9615685
3118,ACTG1,0.9643293
3119,SRP19,0.9826148
3120,MAEA,0.9862906
3121,SLC41A1,0.987109
3122,CCDC90B,0.9910897
3123,CRNDE,0.9624905
3124,CFAP73,0.9761873
3125,HRAS,0.9679014
3126,ASXL1,0.9862948
3127,DPM2,0.97538227
3128,SEC13,0.98168993
3129,TMEM129,0.98787147
3130,SLC38A3,0.97708935
3131,MIB1,0.97993904
3132,SKI,0.98421866
3133,CIR1,0.9809175
3134,HECTD1,0.99049693
3135,KIAA0232,0.99144083
3136,ARHGEF17,0.98410624
3137,RAB34,0.9750451
3138,SLC25A36,0.98279715
3139,ZNF106,0.97308624
3140,GINM1,0.9553928
3141,RNF114,0.97733146
3142,GTF3C1,0.9876303
3143,XRN2,0.98208606
3144,SLC35C2,0.9899627
3145,MESD,0.98765296
3146,GOLGA7B,0.97589606
3147,PPM1B,0.99118096
3148,NELFCD,0.98780555
3149,SLC18B1,0.97369236
3150,PPP4R2,0.98670655
3151,ATP2B2,0.9858208
3152,BAZ1B,0.98181915
3153,POGZ,0.98888713
3154,VPS13C,0.98687637
3155,SYNPO2,0.9859821
3156,TSC2,0.98990023
3157,IFT20,0.9837216
3158,NUDT21,0.9834083
3159,STX8,0.9772054
3160,CPSF6,0.98701465
3161,ROR2,0.9888883
3162,NAGK,0.984711
3163,BCAR1,0.9790004
3164,NKTR,0.9874679
3165,PRPF40A,0.9825958
3166,STT3A,0.9870021
3167,PIH1D1,0.9857058
3168,CDC16,0.9865312
3169,CHCHD7,0.9854227
3170,VWA3A,0.9867009
3171,HEATR5A,0.9856912
3172,SMIM20,0.9902838
3173,DRC1,0.9847623
3174,SEC22C,0.98662096
3175,TMX1,0.98484904
3176,TRIOBP,0.97104204
3177,LGMN,0.97245866
3178,CDC26,0.97900045
3179,NR1H2,0.9861867
3180,RPA2,0.98450714
3181,CPSF7,0.98374635
3182,PPP1R2,0.99067074
3183,TFDP1,0.9812383
3184,LRRC47,0.99379843
3185,TEX261,0.988679
3186,PPP6C,0.9860156
3187,ETFRF1,0.9730702
3188,SUGT1,0.9839085
3189,NCALD,0.98433733
3190,ABHD14A,0.98554945
3191,CUL4A,0.99144083
3192,UQCC3,0.9863218
3193,SEC16A,0.98706096
3194,TSG101,0.98502666
3195,CNOT7,0.98781097
3196,ACTR1A,0.9913791
3197,ZKSCAN1,0.98782593
3198,GTF2F1,0.95945084
3199,MCCC2,0.98566025
3200,SHARPIN,0.9877218
3201,SPTLC1,0.9884196
3202,WBP11,0.99073714
3203,TNIP1,0.983235
3204,FBXO7,0.980715
3205,HAT1,0.9811567
3206,LRIG1,0.9653142
3207,BAG3,0.98290545
3208,CACHD1,0.9544578
3209,UBALD2,0.96010685
3210,SMC1A,0.9840064
3211,ITFG1,0.98442405
3212,ZC3H14,0.99094814
3213,NUDT16,0.98214835
3214,BABAM1,0.9832436
3215,VANGL2,0.9844987
3216,ARL16,0.98781234
3217,SREBF1,0.5725247
3218,IER2,0.9702005
3219,ISYNA1,0.9662075
3220,FAM167A,0.97097176
3221,RABGAP1,0.990363
3222,MDM2,0.98989916
3223,CD99L2,0.98184663
3224,NSL1,0.9929381
3225,HDAC2,0.9876379
3226,RPLP2,0.94846296
3227,GYG1,0.96102726
3228,MYO10,0.9353406
3229,LIPA,0.9805972
3230,SLC25A29,0.9819253
3231,STIP1,0.98565406
3232,RTF1,0.98628014
3233,CNPY3,0.98166835
3234,ARPC1B,0.97059697
3235,SECISBP2L,0.97811264
3236,FKBP10,0.9840182
3237,MRPL37,0.9853448
3238,JPX,0.9863454
3239,C2orf72,0.98596054
3240,JKAMP,0.99036044
3241,ABHD2,0.98183835
3242,MIR497HG,0.97736126
3243,NF1,0.9892093
3244,TM7SF2,0.99106073
3245,PPP1R10,0.9867383
3246,CALCOCO1,0.9878197
3247,HDAC5,0.9668106
3248,MYORG,0.98048335
3249,MICU2,0.990726
3250,RAB8A,0.9659895
3251,LONP1,0.9801794
3252,MRPL4,0.9895224
3253,LSM1,0.9926139
3254,MRPL42,0.9893522
3255,CPEB4,0.9882799
3256,MIR4458HG,0.93766254
3257,PDZD11,0.98477757
3258,UBE2L6,0.9664555
3259,BTG3,0.9831634
3260,SH3GLB2,0.98237425
3261,RPA3,0.9828464
3262,FNDC4,0.93523324
3263,RAP2A,0.9753399
3264,TMEM107,0.9830989
3265,TNRC6A,0.98515135
3266,SCAMP3,0.98014873
3267,TEX264,0.9905537
3268,ATG9A,0.98195916
3269,TMED3,0.9840177
3270,DPP6,0.98469484
3271,TMOD3,0.96784055
3272,SLC66A2,0.98503065
3273,PLEKHA5,0.9772211
3274,RASSF4,0.9358587
3275,CAMK2G,0.96995354
3276,FAM3A,0.9836453
3277,ATAT1,0.9916406
3278,RTL6,0.9817182
3279,CERK,0.9873156
3280,HS6ST1,0.9850908
3281,MEPCE,0.9898051
3282,COMMD7,0.98188686
3283,HOPX,0.9378985
3284,CPAMD8,0.9529597
3285,MRPL38,0.98781914
3286,PRPF38B,0.98938257
3287,ATP6V1C1,0.98191303
3288,SDHAF2,0.9915891
3289,SYAP1,0.9866597
3290,FJX1,0.9818118
3291,RAB36,0.989466
3292,CCDC92,0.9901534
3293,IRF9,0.9616666
3294,BAZ2B,0.98282325
3295,RAF1,0.9859244
3296,PEX10,0.98620653
3297,UACA,0.9862501
3298,SEC22B,0.9856025
3299,DNTTIP1,0.9641127
3300,HDGFL2,0.9885563
3301,ACTR1B,0.9936739
3302,KCTD3,0.9849092
3303,PPIC,0.9913098
3304,CDC123,0.9812148
3305,IAH1,0.9838524
3306,PI4KA,0.9855108
3307,CAPN1,0.9761912
3308,UBE2J1,0.9866191
3309,BUD23,0.9868614
3310,FBXO3,0.99045855
3311,DNAJC7,0.9795949
3312,ERLEC1,0.984342
3313,SAE1,0.99166393
3314,MAGOH,0.98015183
3315,PSMD10,0.98450714
3316,CCDC12,0.98678744
3317,TP53BP2,0.9863525
3318,MATN2,0.924113
3319,SNX1,0.98293006
3320,KLF9,0.9668984
3321,APPBP2,0.9883214
3322,PCNA,0.98822623
3323,RNF146,0.9870585
3324,NLGN3,0.9647325
3325,BCCIP,0.9815528
3326,ITGB2,0.9749788
3327,PRKRA,0.98224276
3328,WASHC3,0.9857408
3329,FBRS,0.98821723
3330,AC100810.1,0.9496768
3331,EXOC4,0.9857197
3332,PNPLA2,0.98453337
3333,GFPT2,0.9576912
3334,OXR1,0.99332386
3335,RTCB,0.9688259
3336,NANOS1,0.97953254
3337,MBNL1,0.9854011
3338,KEAP1,0.9912841
3339,AASDHPPT,0.9901965
3340,UBE4A,0.98626715
3341,RANBP2,0.9885406
3342,ARAP1,0.98651034
3343,COPS5,0.988834
3344,STXBP5L,0.9678729
3345,RFXANK,0.9875814
3346,DCAF11,0.99174577
3347,COPS2,0.97970647
3348,KHSRP,0.9895014
3349,EPB41L3,0.9783069
3350,SFT2D2,0.97880745
3351,AC027644.3,0.98842865
3352,PMF1,0.9903382
3353,UST,0.9175698
3354,TMEM170A,0.98195124
3355,MAX,0.9788582
3356,METTL5,0.98461306
3357,PAPSS1,0.98559266
3358,VPS13B-DT,0.9845975
3359,CDS2,0.9851719
3360,PI4KB,0.99108
3361,ESYT2,0.9775276
3362,TSPAN14,0.985374
3363,SMAD5,0.97653663
3364,BLVRA,0.98053414
3365,YTHDF1,0.985249
3366,PRMT5,0.98840207
3367,RAB31,0.9761824
3368,MLST8,0.98803204
3369,DR1,0.9789785
3370,SMARCB1,0.97862595
3371,ORMDL1,0.9839148
3372,ATG3,0.9797574
3373,ACSL3,0.9761158
3374,CFB,0.9447511
3375,TRAP1,0.9820586
3376,PANTR1,0.9825253
3377,DENND6B,0.98529375
3378,LYRM2,0.9859969
3379,DLD,0.9844599
3380,POU3F2,0.98100567
3381,SYMPK,0.98852265
3382,DMD,0.98687047
3383,MAP9,0.9839147
3384,OTUD5,0.99181175
3385,DAAM2,0.9550694
3386,ANTKMT,0.9907419
3387,RPP21,0.9777745
3388,SNRPA,0.9844846
3389,OPTN,0.9631925
3390,RNF145,0.98594993
3391,MPP5,0.9787564
3392,TOLLIP,0.98158216
3393,IGFBP4,0.9408937
3394,CEP126,0.99236304
3395,NHS,0.964742
3396,ARL5A,0.9929717
3397,MTMR10,0.9893075
3398,AP2A1,0.98713523
3399,UBE2J2,0.98303735
3400,CREB3,0.9874176
3401,TPT1,0.97001106
3402,HOTAIRM1,0.94134384
3403,ATP9A,0.9810534
3404,ADAM10,0.9838201
3405,PMM1,0.97880125
3406,SCAMP1,0.9802569
3407,FAM3C,0.9798478
3408,AUTS2,0.97087145
3409,CCAR1,0.9872641
3410,FUT8,0.9750992
3411,NUDCD3,0.9810281
3412,TNS1,0.9698635
3413,TMEM183A,0.9776557
3414,CHN1,0.9800524
3415,MBTPS1,0.9903082
3416,LRBA,0.98700535
3417,ODF2,0.9863114
3418,LYRM1,0.9893013
3419,DPY19L1,0.9886263
3420,PPP1R12C,0.98819715
3421,STX7,0.9858321
3422,SFT2D1,0.98198754
3423,ZNF667-AS1,0.9794194
3424,USP10,0.9827562
3425,MFN2,0.9716163
3426,ZMIZ2,0.98910683
3427,CCDC25,0.97613484
3428,DERL2,0.9823952
3429,RGS3,0.98811436
3430,SRRT,0.9882655
3431,C12orf76,0.98848736
3432,ARHGEF4,0.9904416
3433,SPATA20,0.98071516
3434,LSM8,0.98789823
3435,POLR2M,0.9652199
3436,CRIPT,0.9709597
3437,SRP68,0.990339
3438,C22orf39,0.9876529
3439,ORMDL3,0.9813405
3440,UBE2K,0.9816167
3441,CYTH2,0.9894558
3442,GRK2,0.976862
3443,CMSS1,0.9804764
3444,MEIS1,0.9803826
3445,COPS7A,0.9895363
3446,NEMF,0.987113
3447,COMMD1,0.98805875
3448,POMGNT2,0.9894244
3449,SS18,0.9898367
3450,ASAP1,0.9778506
3451,DLG5,0.96339
3452,TRAPPC4,0.97827476
3453,DHRS3,0.9739341
3454,DPF2,0.99061775
3455,GIT1,0.9850915
3456,SMC3,0.98253375
3457,CELSR2,0.982605
3458,CNIH4,0.9862296
3459,PLRG1,0.99099576
3460,SLC4A4,0.95566505
3461,PDK2,0.9828578
3462,AGAP3,0.98758805
3463,EIF2S1,0.98256737
3464,ANGPTL1,0.9673353
3465,LRRFIP1,0.98803055
3466,PDRG1,0.9900298
3467,VPS4B,0.96338814
3468,MBNL2,0.98305714
3469,CFAP97,0.9846338
3470,USP34,0.9842185
3471,SLC39A1,0.9864615
3472,MED4,0.9863021
3473,HSF1,0.9815069
3474,FAM8A1,0.98291695
3475,MFSD14B,0.98673946
3476,ASCL1,0.9513941
3477,RO60,0.99029404
3478,COPS4,0.9883738
3479,SEL1L,0.9865268
3480,PDLIM2,0.98315907
3481,RABL2B,0.9865442
3482,IMMT,0.9808674
3483,GRIN2A,0.9731433
3484,USP33,0.99212486
3485,PSME3,0.9920737
3486,DNAL1,0.9832463
3487,TMEM167B,0.97582805
3488,UBE2Q1,0.98571855
3489,EHD1,0.90435773
3490,CMTM3,0.9833532
3491,SLC23A2,0.98660713
3492,AKAP13,0.9855882
3493,ARID1B,0.9833342
3494,TXNDC15,0.9895633
3495,MRPS18B,0.9832994
3496,CDC42BPB,0.97457
3497,SRSF8,0.98185426
3498,IGBP1,0.980468
3499,ABCA1,0.9686342
3500,DNAJB11,0.97363263
3501,CYB5A,0.97132146
3502,C14orf132,0.9576927
3503,SLC27A1,0.9867578
3504,FAM204A,0.98910016
3505,IFT27,0.9902383
3506,CHD9,0.9678866
3507,AHDC1,0.98999786
3508,SUMF2,0.96178925
3509,LTA4H,0.98000157
3510,DNM1L,0.9796006
3511,MRPL13,0.9871518
3512,MRPS23,0.9889288
3513,MCRS1,0.9933668
3514,CYP27A1,0.96184385
3515,HSPA13,0.97521937
3516,RAVER1,0.9924901
3517,SCYL1,0.978123
3518,KAT5,0.9857995
3519,RHOG,0.97179216
3520,KDSR,0.9472521
3521,FAM174C,0.9867107
3522,SAMD8,0.9839991
3523,GPR27,0.9692947
3524,KAZN,0.91116107
3525,POP5,0.9909702
3526,SMG7,0.98692036
3527,BRAT1,0.9895094
3528,FLII,0.9632873
3529,TSR2,0.9632533
3530,NUDT16L1,0.9910297
3531,EXT2,0.9902845
3532,ARHGEF40,0.98726416
3533,VPS26A,0.98795384
3534,HYOU1,0.9834643
3535,SMIM27,0.98012877
3536,NT5C3B,0.99059933
3537,ASH1L,0.9852498
3538,MYO6,0.98323166
3539,BCKDK,0.94595015
3540,TSEN34,0.9849874
3541,TEKT1,0.9859123
3542,GTPBP6,0.986304
3543,IDH3B,0.9916099
3544,USP5,0.9796695
3545,MRPL18,0.9736624
3546,SLC15A2,0.9863548
3547,DAAM1,0.9857842
3548,TENM3,0.9932643
3549,TRAF7,0.9818234
3550,UBE2D4,0.9894208
3551,ANKIB1,0.98746425
3552,AKTIP,0.9785055
3553,PHAX,0.98499817
3554,TBC1D1,0.9823796
3555,PIGX,0.9868309
3556,LHPP,0.9739451
3557,NRXN2,0.97329795
3558,EPB41L4A-AS1,0.98595935
3559,DCAKD,0.97783077
3560,DDX23,0.97707117
3561,EMP2,0.96292305
3562,SLC1A4,0.9681579
3563,IMMP1L,0.98262054
3564,RNF20,0.9839629
3565,CYB5B,0.98174757
3566,ARHGAP12,0.9726445
3567,PPP2R2A,0.980106
3568,MAN1C1,0.8848351
3569,PPFIA1,0.9375237
3570,KMT2E,0.9858484
3571,PSMA3-AS1,0.9906529
3572,GGNBP2,0.9684513
3573,SLC39A3,0.9882898
3574,TMEM245,0.9879671
3575,IFT88,0.99419916
3576,AIMP1,0.9800393
3577,SDF2L1,0.9132247
3578,RBM26,0.9863046
3579,LENG8,0.9802522
3580,DVL1,0.9778272
3581,MARCH7,0.987678
3582,PMPCB,0.9882325
3583,CFAP52,0.97732896
3584,SMIM29,0.9863356
3585,KAT2A,0.98142
3586,VSTM2L,0.9847271
3587,CYB5D2,0.98367685
3588,C5orf24,0.990709
3589,PRTFDC1,0.991233
3590,AMD1,0.97673756
3591,KIAA0319L,0.9877313
3592,WASHC1,0.98505193
3593,TPGS1,0.9853298
3594,UBA3,0.9829296
3595,PPM1A,0.9761404
3596,OSBPL11,0.98588127
3597,CYP4F12,0.9730135
3598,TWSG1,0.9863067
3599,B9D1,0.990055
3600,SLC35A4,0.9858588
3601,SPAG8,0.98273087
3602,ZMYM3,0.9891941
3603,CYB561,0.99059814
3604,SCG3,0.9696639
3605,GSK3A,0.992629
3606,ARPC5L,0.983489
3607,BUB3,0.9793171
3608,INSR,0.98086125
3609,LINC02802,0.9853434
3610,FMR1,0.9846279
3611,CIC,0.9897085
3612,THOC7,0.9858139
3613,NARF,0.9788518
3614,SETD3,0.98629826
3615,ACADM,0.9828118
3616,STRN4,0.9889246
3617,MRPL2,0.9783097
3618,TRAPPC12,0.9892579
3619,SGSM2,0.9791898
3620,PSMD6,0.9883174
3621,SP3,0.9892724
3622,PSEN1,0.986082
3623,APLP1,0.99061173
3624,IARS2,0.9882749
3625,RXRB,0.98601425
3626,AP3S2,0.9880967
3627,HOMER3,0.9643381
3628,GDE1,0.9828869
3629,DDOST,0.9822558
3630,LRATD2,0.9844055
3631,ZCCHC17,0.9803646
3632,MAT2B,0.9764673
3633,KANK1,0.9807283
3634,GPT2,0.9710042
3635,C14orf119,0.9905025
3636,TK2,0.98460495
3637,MOK,0.9878467
3638,KIF3B,0.98910755
3639,FZD7,0.97763485
3640,NDUFA9,0.98551905
3641,PSMB8,0.9769249
3642,ANKHD1,0.9869177
3643,NCK2,0.9804077
3644,LRP2BP,0.985056
3645,HAX1,0.97296435
3646,ACSL1,0.9706252
3647,TASOR,0.98982567
3648,NME5,0.9892239
3649,FREM1,0.9895824
3650,BBOX1,0.96615046
3651,AZI2,0.9792493
3652,APOLD1,0.964342
3653,COLCA1,0.91332716
3654,MRPL47,0.9892021
3655,CFI,0.9434062
3656,PPA2,0.9806364
3657,SEC23B,0.9795865
3658,ELMO2,0.98607975
3659,HSPG2,0.9360844
3660,APOC2,0.96904457
3661,SMO,0.9920913
3662,FDX1,0.9876155
3663,SNRNP27,0.9794546
3664,DACH1,0.9779324
3665,KMT2A,0.988742
3666,RHOT2,0.97954696
3667,MGMT,0.9861309
3668,AGFG1,0.97019714
3669,PSMD14,0.9660883
3670,ZMYM2,0.98895496
3671,C1GALT1,0.98565763
3672,CAMK2D,0.93746513
3673,CSRNP1,0.9743131
3674,DOK5,0.9830383
3675,LDLRAD3,0.9812339
3676,PRKACA,0.9910962
3677,APEH,0.98641956
3678,RNASE1,0.97738916
3679,QRICH1,0.98402464
3680,IL17RD,0.9850597
3681,GABBR1,0.9899501
3682,RGMA,0.9193047
3683,CCDC40,0.9886241
3684,NKD1,0.9888402
3685,EPS8,0.99171895
3686,PPCS,0.9884626
3687,DCAF12,0.9848469
3688,CD82,0.96108323
3689,LRPPRC,0.9877222
3690,DNAJB9,0.932393
3691,RYR3,0.98867786
3692,RIOK3,0.9753065
3693,PFDN4,0.9850122
3694,EFEMP2,0.9398713
3695,PAMR1,0.97740364
3696,GLTP,0.98761934
3697,IQCE,0.9875898
3698,FADS3,0.98097503
3699,RLIM,0.9886493
3700,LMF2,0.98449814
3701,BCAS2,0.982854
3702,GPR108,0.976795
3703,FAM98B,0.98873156
3704,UBE2S,0.980529
3705,MED13,0.977332
3706,PDZD8,0.9793419
3707,KIAA1109,0.98365974
3708,ABCD3,0.98916286
3709,JAKMIP2,0.9879818
3710,GMPR2,0.9819151
3711,DYRK1A,0.98183835
3712,ACIN1,0.9864281
3713,ORAI3,0.99128157
3714,COQ9,0.9781291
3715,PANK3,0.98585457
3716,KMT5B,0.98867744
3717,FAM50A,0.9764753
3718,STK24,0.9857608
3719,TCTN3,0.9898134
3720,MTHFD1,0.9886689
3721,SPEF1,0.9762564
3722,RETREG1,0.972783
3723,PLCG1,0.989019
3724,ADAM17,0.96958303
3725,NEK9,0.9901299
3726,THAP12,0.9850322
3727,LRRC59,0.8913517
3728,YIF1B,0.9890215
3729,XPOT,0.9844178
3730,DICER1,0.97726184
3731,SIN3B,0.9843255
3732,MRPL34,0.98544735
3733,IPO13,0.98716396
3734,FBLN2,0.9567252
3735,NIFK,0.98187363
3736,ABCB6,0.9851183
3737,LINGO1,0.9304648
3738,AFDN,0.970636
3739,CCDC173,0.979338
3740,NUB1,0.985171
3741,MRPS27,0.988609
3742,SIN3A,0.9841934
3743,PAF1,0.9891824
3744,DENND10,0.9771647
3745,TMEM203,0.98742634
3746,ARID4B,0.9790755
3747,CXCL16,0.98239076
3748,TM9SF4,0.9872476
3749,A1BG,0.9801036
3750,SRGAP3,0.9860755
3751,MED24,0.9927171
3752,GM2A,0.95846206
3753,PCGF2,0.9843276
3754,GPBP1L1,0.98767143
3755,SH2B1,0.98996097
3756,TSNAX,0.97934973
3757,PRKAG1,0.9843343
3758,CSNK1G2,0.9807535
3759,MRPL3,0.9838599
3760,JAM3,0.97946846
3761,COG4,0.98743284
3762,PRELID3B,0.9824975
3763,YY1AP1,0.9822678
3764,CDO1,0.980905
3765,SNW1,0.9925408
3766,KLHL9,0.9743888
3767,MALSU1,0.9844623
3768,ZNF503,0.9573041
3769,DYNC2LI1,0.9934954
3770,FTH1,0.9675662
3771,NSRP1,0.9602955
3772,NT5C2,0.98639673
3773,EIF4E2,0.9768023
3774,XPO6,0.9831809
3775,PQBP1,0.987054
3776,TMUB1,0.9724372
3777,MRAS,0.9735723
3778,SORBS2,0.9832117
3779,CCDC136,0.98437035
3780,LLPH,0.9717864
3781,LAMC1,0.9447561
3782,CDK9,0.95839417
3783,COLGALT1,0.9882469
3784,PPP6R3,0.98147684
3785,CRB1,0.9816054
3786,POLR2B,0.9823345
3787,MKNK2,0.98202896
3788,NAA60,0.98719984
3789,QDPR,0.98257685
3790,BST2,0.88709533
3791,B3GAT3,0.9859495
3792,HMGN4,0.98275393
3793,HYAL2,0.9812175
3794,MAN1B1,0.98692733
3795,CACUL1,0.9829603
3796,PLEKHM2,0.9791583
3797,EHMT2,0.98747265
3798,LTBP1,0.9824366
3799,CREM,0.97637767
3800,CPSF2,0.9910243
3801,MAPRE2,0.94728714
3802,SLC35B2,0.9936713
3803,USO1,0.9852193
3804,TOX4,0.99053925
3805,TM7SF3,0.98218024
3806,CDKN1A,0.98256713
3807,CREG1,0.9645937
3808,ATP13A1,0.9823309
3809,ZNF770,0.9896487
3810,TM2D3,0.981741
3811,FLYWCH2,0.9773817
3812,RFNG,0.98667574
3813,TMEM150C,0.97590214
3814,MED13L,0.9830127
3815,PAX3,0.9778016
3816,BOD1L1,0.9887658
3817,SETX,0.98961544
3818,AHCY,0.98921484
3819,YTHDF3,0.9875399
3820,CREB1,0.9748105
3821,TMEM87A,0.97877103
3822,SPEN,0.9841687
3823,TSTA3,0.9907412
3824,RAB3GAP1,0.9889289
3825,TRIM9,0.9515635
3826,HOOK3,0.95144355
3827,C16orf89,0.96915895
3828,SMIM14,0.9859638
3829,GNB4,0.9796952
3830,GORASP2,0.984973
3831,SOX2-OT,0.9601726
3832,M6PR,0.9779901
3833,PSD3,0.98280746
3834,STK38L,0.9852826
3835,VTA1,0.9854213
3836,RBM22,0.9856718
3837,HABP4,0.9480696
3838,GYG2,0.9204747
3839,WDR48,0.9822287
3840,FAM177A1,0.9758606
3841,RPLP1,0.9714928
3842,ZER1,0.9811385
3843,MRPL17,0.97297543
3844,KIF21A,0.9877985
3845,JMJD1C,0.9782262
3846,RNF115,0.9731437
3847,ZNFX1,0.97783405
3848,NRSN2,0.97767943
3849,FAR1,0.9930814
3850,RNF126,0.98095065
3851,FBRSL1,0.990418
3852,GPX3,0.8960832
3853,USP2,0.9667284
3854,PLOD2,0.9915851
3855,PRPS1,0.95142776
3856,CFAP20,0.9794088
3857,RCAN1,0.95888394
3858,MELTF-AS1,0.9903399
3859,ABHD4,0.97441965
3860,GABBR2,0.81676215
3861,ATP13A2,0.96208173
3862,PAQR8,0.9676951
3863,MCTS1,0.98370945
3864,SPIRE1,0.9744781
3865,ADAM15,0.96643496
3866,TGFBR1,0.97294724
3867,MAP3K12,0.97197336
3868,INTU,0.9864086
3869,TRPT1,0.9873603
3870,ARFRP1,0.98874366
3871,MEF2A,0.98793143
3872,CUL1,0.98893654
3873,PLPPR2,0.98186845
3874,GAMT,0.9857999
3875,DDRGK1,0.98359555
3876,MAGI2,0.9835016
3877,CRELD2,0.97551155
3878,HNRNPLL,0.98860925
3879,ELP2,0.9869095
3880,HEXIM1,0.97385615
3881,SDF2,0.9621822
3882,BAP1,0.9764681
3883,SAMHD1,0.9858632
3884,RETSAT,0.96314824
3885,TIMM17B,0.9890663
3886,DCTN5,0.98857325
3887,ACSL6,0.97551817
3888,YLPM1,0.98429865
3889,PDE8A,0.9892313
3890,GRIK5,0.9870278
3891,JAGN1,0.9854218
3892,DIPK1B,0.9781409
3893,NADK,0.9867989
3894,MVB12A,0.9920521
3895,RB1CC1,0.9699663
3896,SVIP,0.96981055
3897,TNIK,0.9878481
3898,CSE1L,0.9840588
3899,CNPPD1,0.9889048
3900,RSU1,0.9367136
3901,PGM1,0.97778255
3902,PHLDA1,0.87391865
3903,MRPS11,0.98757
3904,TAF6,0.9871728
3905,FAM107B,0.98315257
3906,TJP2,0.96717745
3907,PHKB,0.9783052
3908,GPSM1,0.9808261
3909,WDR33,0.9890298
3910,VCL,0.964224
3911,DHPS,0.9786777
3912,SAMD1,0.9786402
3913,WDFY3,0.9890552
3914,NSD2,0.98649853
3915,ZNF704,0.98714316
3916,LPIN2,0.9875639
3917,MAN2C1,0.98470056
3918,LSS,0.98064137
3919,HAGH,0.98414767
3920,ADAMTS9,0.9690652
3921,PSMD11,0.97640383
3922,LRRC58,0.96241516
3923,RAP1GDS1,0.9811626
3924,MVD,0.98351306
3925,ISOC2,0.9695733
3926,DERL1,0.982299
3927,CXCR4,0.90509385
3928,VPS35L,0.9924306
3929,PACRG,0.9919656
3930,ZHX2,0.98811775
3931,GCC2,0.9886126
3932,FUCA2,0.9284008
3933,TTYH3,0.9446226
3934,MOB4,0.96542996
3935,GOLGA4,0.98120254
3936,CNOT2,0.9894263
3937,PSMG2,0.98641247
3938,HLA-DMA,0.9660829
3939,SMPD1,0.96151984
3940,ARCN1,0.9708813
3941,PIAS1,0.98632103
3942,HEPH,0.9861476
3943,CFAP300,0.98563606
3944,GNAI1,0.9724578
3945,FBXO21,0.9890634
3946,EBLN3P,0.98059493
3947,ABHD16A,0.9895155
3948,EBPL,0.9758082
3949,CYBC1,0.9799546
3950,SESN1,0.97901076
3951,KCTD15,0.98192596
3952,PWWP3A,0.98893726
3953,PPIL6,0.9885188
3954,DAP3,0.98085815
3955,FAM49B,0.98189914
3956,DCUN1D1,0.9837532
3957,ATAD1,0.9873726
3958,HIP1R,0.9715412
3959,CYB5R1,0.9859738
3960,ABCA3,0.98352414
3961,ATL3,0.9557354
3962,PHACTR1,0.9879608
3963,CPEB2,0.9903777
3964,IER3IP1,0.9848092
3965,GAB1,0.98358256
3966,STX5,0.98308975
3967,FLNB,0.95859206
3968,SUPT6H,0.9876528
3969,GAK,0.9873586
3970,THYN1,0.98994505
3971,PTPRD,0.9758967
3972,SMAP1,0.95988524
3973,ATG12,0.98854095
3974,AP1G1,0.9858113
3975,HNMT,0.9809665
3976,THOC2,0.98062235
3977,QSER1,0.98354256
3978,FRS2,0.9783245
3979,SIAE,0.9898904
3980,GOLGA2,0.9789
3981,SMIM4,0.9551343
3982,MLIP,0.9847764
3983,PPIE,0.98819155
3984,TAFA5,0.97771984
3985,SMS,0.97484976
3986,NAE1,0.9859458
3987,DPY19L4,0.9849393
3988,HSPB11,0.9826457
3989,DAW1,0.9856002
3990,EXOC3,0.9804565
3991,API5,0.96267515
3992,ORAI2,0.9803041
3993,RNF38,0.9689027
3994,SHMT2,0.9838123
3995,U2AF2,0.98995894
3996,EP400,0.98841107
3997,TMEM120A,0.9822053
3998,MEGF9,0.97545403
3999,TCEAL1,0.97408766
4000,GLOD4,0.98730385
4001,TTC8,0.99425954
4002,GTF2F2,0.9845034
4003,KAT8,0.991888
4004,RBM14,0.99065316
4005,CCN1,0.9678187
4006,ZMAT3,0.943646
4007,LEPROTL1,0.98909855
4008,TMEM126B,0.9817382
4009,ACKR3,0.9756102
4010,FAM120AOS,0.98711115
4011,IFT122,0.98909426
4012,CTNNA2,0.9707988
4013,ALDOA,0.9875926
4014,ERC1,0.964657
4015,PLXNA3,0.9878236
4016,ETNK1,0.9828035
4017,EEA1,0.97361535
4018,ABCC9,0.9672342
4019,SPRYD3,0.987022
4020,DUSP23,0.9840551
4021,LMO2,0.9744107
4022,CTDSPL,0.9855879
4023,UBQLN2,0.9759871
4024,TRPC4AP,0.9893762
4025,ZMYM4,0.9869138
4026,ARMC10,0.9784783
4027,TSC22D2,0.98822075
4028,OTUD6B-AS1,0.96650034
4029,TAF13,0.98685795
4030,STK33,0.98141223
4031,ABTB2,0.98524725
4032,MMADHC,0.97584563
4033,RARRES2,0.939414
4034,TNKS2,0.9765951
4035,ASCC1,0.9859599
4036,HLA-DQB1,0.96862227
4037,RBM12,0.9878188
4038,AXL,0.98004496
4039,MAPT,0.97939914
4040,COL4A5,0.9908201
4041,TMEM127,0.9863059
4042,CIZ1,0.988098
4043,DFFA,0.98396415
4044,TTC17,0.9832522
4045,SDCCAG8,0.9833359
4046,TNKS,0.9863344
4047,SLC25A46,0.97925293
4048,AKT1S1,0.9842979
4049,RANBP9,0.98404247
4050,KCMF1,0.98757213
4051,POLE3,0.986122
4052,BOD1,0.98785776
4053,BID,0.9560104
4054,BRD8,0.9846468
4055,CLPX,0.9886975
4056,PALD1,0.9845297
4057,TMEM67,0.9824209
4058,EGLN2,0.97760755
4059,TDRP,0.9871456
4060,ISCA2,0.9783076
4061,STXBP3,0.9862031
4062,LMBR1,0.9813811
4063,IFNGR2,0.9739238
4064,GPR137,0.9856855
4065,CORO1B,0.9863059
4066,AGPAT2,0.9728893
4067,BAIAP2,0.9000707
4068,SDK2,0.9883321
4069,PPM1K,0.9727904
4070,JOSD2,0.9697458
4071,PIK3C2A,0.94952726
4072,CHST6,0.9729004
4073,RELL1,0.9901418
4074,DUSP3,0.9777747
4075,R3HCC1,0.9773403
4076,NABP2,0.9779197
4077,MECP2,0.98989165
4078,ACBD5,0.9218221
4079,KITLG,0.9833561
4080,OCIAD2,0.95902145
4081,UBE2F,0.9795452
4082,URM1,0.9865195
4083,ARL4A,0.9850211
4084,TMEM115,0.9762308
4085,TRAF3,0.98496586
4086,TCF3,0.97692555
4087,MIR1915HG,0.9921008
4088,LIX1L,0.9831248
4089,RGS12,0.9887726
4090,FBXL17,0.9893953
4091,SF3A3,0.9848556
4092,IFT80,0.99091864
4093,TRIM37,0.9786156
4094,ZNHIT3,0.9791475
4095,ABCF1,0.98639554
4096,NIPSNAP3A,0.94821614
4097,DEF8,0.98213565
4098,DCAF5,0.9829358
4099,COA6,0.9862781
4100,PDHA1,0.98083365
4101,ATP6V1B2,0.9652524
4102,KDM3A,0.97776794
4103,EPM2AIP1,0.9786195
4104,SWI5,0.9877507
4105,TTC37,0.98647404
4106,PHYHD1,0.9746529
4107,PLA2G12A,0.9838792
4108,FAM219B,0.9927249
4109,NAB1,0.9899804
4110,GRAMD1A,0.98797417
4111,MYO9B,0.97420686
4112,GALNT10,0.9704316
4113,SMCHD1,0.9863175
4114,GP1BB,0.97013676
4115,TRIO,0.9736948
4116,C4orf47,0.9810495
4117,LPP,0.97734725
4118,ZDHHC17,0.98250735
4119,VAPB,0.9878033
4120,SLC35B1,0.98920435
4121,PCMTD1,0.98324114
4122,STRBP,0.9892896
4123,PTRH1,0.9900227
4124,SPATA33,0.9912936
4125,SLC35F5,0.9736005
4126,DPP8,0.98850006
4127,HPCAL1,0.97652626
4128,RNF213,0.9730666
4129,ARF5,0.96281564
4130,TPRKB,0.97385365
4131,FMN2,0.91549987
4132,GTF2A1,0.9860223
4133,GARS,0.97047716
4134,AK6,0.9849847
4135,GPC4,0.9571355
4136,SLC39A9,0.98435557
4137,TMEM109,0.9847058
4138,ANXA4,0.97681624
4139,MED15,0.98292595
4140,NUDT5,0.9894019
4141,LRP6,0.9884982
4142,ZRANB1,0.9783723
4143,PLEKHA4,0.9667834
4144,SF3B4,0.9691273
4145,CTBP2,0.9763734
4146,MBD6,0.98316944
4147,SRGAP2,0.99357754
4148,RGS1,0.9748495
4149,KIFC2,0.9820153
4150,PPP1R12A,0.9844956
4151,CDK14,0.9775461
4152,SOX12,0.9833132
4153,EFTUD2,0.9795745
4154,XIAP,0.98740715
4155,DMAP1,0.9874597
4156,COQ8B,0.98629016
4157,ZSWIM8,0.9868024
4158,PPIL1,0.9922845
4159,KDM5B,0.98577017
4160,VPS72,0.9870148
4161,TAP1,0.9697922
4162,DTD1,0.98362243
4163,GATD3B,0.9584962
4164,WDR78,0.9872467
4165,PATZ1,0.9940588
4166,CSK,0.9799872
4167,SLMAP,0.9847731
4168,SETD2,0.98632544
4169,MDM4,0.98787147
4170,RNF4,0.986463
4171,RFTN2,0.9741375
4172,DDX46,0.98307407
4173,AC234582.1,0.9879446
4174,KIAA0100,0.98636204
4175,SERPINA5,0.92627513
4176,NPLOC4,0.9879108
4177,CLUAP1,0.98937595
4178,IFT140,0.9908738
4179,GBA,0.9892854
4180,DDX18,0.9642433
4181,CD320,0.97402626
4182,ATF7IP,0.9721188
4183,ZSWIM7,0.9733444
4184,SOX15,0.96289486
4185,MMP17,0.9266955
4186,RBM15B,0.9759783
4187,EMC8,0.9920139
4188,NME7,0.98871434
4189,TP53I13,0.9840126
4190,PPHLN1,0.987339
4191,OSGEP,0.987126
4192,ARHGEF7,0.98378104
4193,SRGAP1,0.98356736
4194,NIPBL,0.9739381
4195,R3HDM4,0.98173
4196,AP1S1,0.97117317
4197,CHMP2B,0.97999954
4198,TOMM40,0.9807772
4199,EPN2,0.98779804
4200,GYPC,0.9655582
4201,YIPF6,0.98418087
4202,KPNA1,0.98665756
4203,SREK1IP1,0.9688743
4204,MAPK8IP2,0.97937816
4205,FAM110B,0.98348385
4206,IP6K1,0.9835004
4207,CD46,0.9868865
4208,IARS,0.9821822
4209,EFHD2,0.9761129
4210,PURA,0.9706197
4211,SRP54,0.9780539
4212,SOD3,0.883465
4213,PRPSAP1,0.98588026
4214,TSHZ1,0.9859828
4215,QTRT1,0.9879425
4216,SNCA,0.9682731
4217,ZNF444,0.9869729
4218,CDH11,0.9698601
4219,LIMS1,0.98065746
4220,GLIS2,0.9883176
4221,TTLL4,0.976698
4222,ANAPC7,0.98355657
4223,RIOX2,0.992343
4224,SNX13,0.9851424
4225,C19orf25,0.98546845
4226,ATP8A1,0.98250026
4227,ACP2,0.9739528
4228,FKBP5,0.9609476
4229,SENP2,0.98618793
4230,MEG3,0.955787
4231,FRA10AC1,0.9828184
4232,TMEM134,0.9812512
4233,KIF3A,0.9888259
4234,OLFM2,0.92819583
4235,CIAO2A,0.9888667
4236,MOB3A,0.9773113
4237,ZBTB10,0.98719704
4238,DDX56,0.9836146
4239,ESAM,0.8517089
4240,MAVS,0.9840909
4241,GPKOW,0.9711379
4242,PTPN18,0.9838284
4243,EGFL7,0.9565198
4244,COASY,0.9831038
4245,GLRX3,0.98565054
4246,FAM91A1,0.9818449
4247,COPG1,0.984787
4248,NUP62,0.98649365
4249,GATAD2A,0.98779553
4250,SYS1,0.98173
4251,GEM,0.9863697
4252,RFC1,0.9862138
4253,CINP,0.9835433
4254,NXF1,0.986998
4255,SEPTIN11,0.9727767
4256,FEM1C,0.97924036
4257,PAM16,0.9865211
4258,VASN,0.98344034
4259,DNAH9,0.98487103
4260,SCFD1,0.9872822
4261,KIF5C,0.97431755
4262,PEX5,0.9786294
4263,CTNNBIP1,0.97359645
4264,NDFIP2,0.9796156
4265,GALC,0.9849615
4266,SKIL,0.98542154
4267,ATMIN,0.98525316
4268,GAA,0.9829449
4269,CYFIP2,0.9735252
4270,PTPN12,0.96266365
4271,MRPS5,0.9816715
4272,MRPL23,0.98518556
4273,AGGF1,0.9799403
4274,PCF11,0.98509705
4275,AIP,0.9676391
4276,MRPS15,0.98922604
4277,VEZT,0.98230267
4278,ROCK2,0.96598214
4279,CAMSAP2,0.97820485
4280,DCP2,0.98283
4281,LYRM4,0.9770166
4282,TFRC,0.9828715
4283,MNS1,0.9868433
4284,PCED1A,0.98569787
4285,FRYL,0.9568704
4286,HERC2,0.99046355
4287,KIAA2013,0.98960173
4288,GABPB1-AS1,0.98703724
4289,UFD1,0.9828841
4290,ZNF148,0.98669094
4291,DDA1,0.98740685
4292,CCDC82,0.9805079
4293,AFF3,0.97723836
4294,POLR2C,0.9837778
4295,PTDSS2,0.98831266
4296,PIK3R2,0.9786973
4297,ROCK1,0.9678067
4298,PTPN23,0.9862319
4299,RBL2,0.976912
4300,RARA,0.9806076
4301,PDLIM7,0.94080955
4302,WARS,0.97767967
4303,CSTF3,0.98514855
4304,GAS6,0.9594422
4305,OSBPL1A,0.97853416
4306,C12orf10,0.9857087
4307,PMPCA,0.9784048
4308,EYA2,0.98831
4309,IL13RA1,0.9679585
4310,NIPA2,0.98565304
4311,A4GALT,0.89778507
4312,SLC29A1,0.9890228
4313,NQO2,0.9820382
4314,UBTD1,0.9884025
4315,ARIH2,0.98587435
4316,MZF1,0.9896282
4317,FBXW2,0.9905922
4318,MSRA,0.98354393
4319,TUBA1C,0.9542964
4320,SATB1,0.98196656
4321,CHST15,0.9725869
4322,RNF182,0.96960914
4323,GATC,0.9916995
4324,SLC25A37,0.97765267
4325,S100A4,0.9800504
4326,WIPF2,0.977303
4327,SPEF2,0.9901065
4328,DNAJC3,0.9556462
4329,PITPNM1,0.9797693
4330,CMC4,0.98517644
4331,SLK,0.9738987
4332,SYT17,0.98335946
4333,PSMD12,0.97895664
4334,MPLKIP,0.98869574
4335,TMCO3,0.98201114
4336,GRAMD4,0.98514223
4337,C3orf70,0.9516157
4338,HMGCR,0.969209
4339,EPDR1,0.98893976
4340,SNX19,0.9848481
4341,NBN,0.9861867
4342,MED10,0.9811802
4343,SERINC5,0.9637033
4344,ZDHHC3,0.98348004
4345,RNF103,0.9877916
4346,ORC4,0.9895006
4347,SLC30A1,0.97056526
4348,CCNL1,0.9839532
4349,MICU1,0.9850074
4350,ATXN2L,0.97933304
4351,CSRNP3,0.9681391
4352,ZNF33A,0.992495
4353,JADE1,0.97186154
4354,RGL1,0.9660638
4355,NUMB,0.9840746
4356,FBXW9,0.9873429
4357,ILVBL,0.9839683
4358,ACBD6,0.98657036
4359,BECN1,0.9827055
4360,EIF2B1,0.9927458
4361,CRTC1,0.9870165
4362,FN3KRP,0.97279984
4363,DIDO1,0.9905987
4364,ZBTB38,0.9835397
4365,POLD4,0.98191243
4366,ADARB2,0.96428245
4367,TMOD1,0.97188705
4368,FGFR1OP2,0.98644215
4369,RALA,0.9394077
4370,GGA2,0.9911108
4371,SUCLA2,0.98719084
4372,HYDIN,0.98365635
4373,DYRK4,0.98540413
4374,ING4,0.9803689
4375,ATF6,0.98599154
4376,SNRPA1,0.9818009
4377,KPNA3,0.9908228
4378,CHD8,0.98774034
4379,CMC2,0.9900097
4380,POLR3GL,0.98574466
4381,MVB12B,0.98773545
4382,PARL,0.9821572
4383,JAG1,0.98151666
4384,VPS45,0.9709096
4385,IER5,0.97281617
4386,HBP1,0.9786242
4387,IMPA1,0.97651905
4388,CPD,0.98455673
4389,MFSD2A,0.96648675
4390,RUFY1,0.9787163
4391,LSM12,0.9878079
4392,KLF13,0.97515255
4393,ZC3H7B,0.9839632
4394,AASS,0.9861871
4395,CCSER2,0.98389655
4396,NPIPA1,0.983532
4397,FBXO9,0.9917325
4398,RNASE4,0.9797273
4399,SYBU,0.9839891
4400,NR2F6,0.98507345
4401,SMG1,0.9820551
4402,GOLGA3,0.9837874
4403,GNAZ,0.98825926
4404,MAP2K1,0.9803235
4405,OARD1,0.9863367
4406,CDK5RAP2,0.98663825
4407,SBF1,0.9824169
4408,ZNF644,0.98017025
4409,YIPF5,0.9694643
4410,CTCF,0.9876274
4411,PCDH9,0.98196185
4412,TTC19,0.9919056
4413,CHPT1,0.9242023
4414,LSM10,0.97209936
4415,SGK1,0.9631099
4416,CARD19,0.98197514
4417,STRADA,0.9864501
4418,MFAP1,0.98781484
4419,YARS,0.96615154
4420,SAMM50,0.9869525
4421,LINC02762,0.98396045
4422,TTYH2,0.9843864
4423,TOM1L2,0.991233
4424,HIST1H2AC,0.9703526
4425,SLC7A2,0.85682786
4426,PPP2R3C,0.98414105
4427,ATP6V1H,0.9844433
4428,NRAS,0.98000896
4429,ECHDC1,0.98466855
4430,ME2,0.9815167
4431,CCL2,0.9737858
4432,FBXL15,0.98457354
4433,TBC1D16,0.98485976
4434,ALG13,0.98252666
4435,MAPK8IP3,0.98065805
4436,TMEM218,0.98170537
4437,SETBP1,0.98824406
4438,ICMT,0.9804216
4439,ZMYND8,0.9705571
4440,ERP44,0.9885858
4441,SRPRB,0.9880543
4442,COX11,0.987914
4443,TIMM23,0.987748
4444,NPEPL1,0.9826177
4445,CCDC115,0.9810918
4446,GDF11,0.98231167
4447,CETN3,0.9910286
4448,RANBP3,0.9818716
4449,VPS13D,0.9455527
4450,CHD6,0.97563154
4451,OSBPL8,0.98015326
4452,C1orf158,0.98731416
4453,GASK1A,0.9466776
4454,PDCD2,0.9841407
4455,TCF7L2,0.98592377
4456,LINC00667,0.98954576
4457,LIPE-AS1,0.9845534
4458,ARFIP2,0.98757076
4459,GSK3B,0.98107547
4460,ARHGEF26,0.9857243
4461,CC2D2A,0.98631424
4462,PDS5A,0.98544854
4463,USP46,0.9420452
4464,RNF139,0.9849702
4465,DIPK1C,0.9586794
4466,UBL7,0.9888643
4467,RCBTB2,0.989056
4468,RORA,0.9697439
4469,BSDC1,0.98199135
4470,GCLC,0.97694355
4471,ZNF655,0.98670727
4472,SEMA4B,0.989653
4473,FSCN1,0.9703072
4474,ABHD10,0.9911103
4475,HDAC3,0.9885521
4476,CMIP,0.9752442
4477,NPPC,0.953442
4478,PARP6,0.9703476
4479,CPSF1,0.9786027
4480,TNFRSF12A,0.9741496
4481,LANCL1,0.9720458
4482,MPI,0.95611274
4483,TRAPPC6A,0.98674124
4484,FGF2,0.9805768
4485,FOXP1,0.9907845
4486,ERF,0.9847903
4487,PEX2,0.9900307
4488,OSBPL9,0.9832321
4489,TP53TG1,0.9817576
4490,UBTD2,0.98360765
4491,SNX4,0.98881227
4492,ALG5,0.9831827
4493,TRRAP,0.990473
4494,MTMR3,0.9846584
4495,SUPT7L,0.9839595
4496,TRIM56,0.9763127
4497,TP53INP2,0.9675473
4498,PRR7,0.98855585
4499,UROS,0.9699499
4500,MFSD1,0.9794105
4501,OSBPL2,0.9898778
4502,PODXL,0.969711
4503,CISD2,0.9755065
4504,RCOR3,0.9905233
4505,ADIPOR2,0.98465544
4506,CUL4B,0.9869157
4507,GNG7,0.9834997
4508,THOP1,0.9779512
4509,OFD1,0.9584417
4510,ABCF2,0.98317575
4511,PMP2,0.89155483
4512,ANKH,0.9278088
4513,TMEM254,0.9861676
4514,ADPRHL2,0.98361903
4515,C1D,0.9744071
4516,MRPS2,0.98749864
4517,AFG3L2,0.9781551
4518,USP14,0.9793044
4519,LCMT1,0.9433002
4520,DMWD,0.990448
4521,CDC73,0.97660744
4522,TMEM185B,0.988366
4523,AFF1,0.9866534
4524,MICALL2,0.9593773
4525,EXOSC7,0.98512256
4526,MRPL22,0.9862037
4527,MAOA,0.9766167
4528,PSMG3,0.9757002
4529,RPGR,0.98414105
4530,BTBD1,0.9762522
4531,LPCAT3,0.9855377
4532,IFT81,0.9813364
4533,KLHDC9,0.9897348
4534,AGFG2,0.93799496
4535,LNPEP,0.9775155
4536,SNAP29,0.98327106
4537,BAIAP2-DT,0.99395037
4538,TSPAN5,0.99069387
4539,TTLL3,0.9815944
4540,STEAP3,0.9656159
4541,ILKAP,0.9883946
4542,PPP6R2,0.98548514
4543,CNRIP1,0.9852504
4544,CREBZF,0.98198605
4545,CCZ1,0.9830411
4546,WIZ,0.9916001
4547,B4GALT5,0.9758974
4548,CERS6,0.9782872
4549,PHIP,0.98486245
4550,BLOC1S2,0.98013574
4551,UBP1,0.9869499
4552,EXD2,0.9870904
4553,CASK,0.9699745
4554,SLC39A7,0.9770187
4555,RABGGTB,0.9889183
4556,GOSR2,0.98986423
4557,HEBP1,0.9827543
4558,IGIP,0.9663792
4559,TXLNA,0.98976487
4560,ELAC2,0.9663865
4561,CHD7,0.974423
4562,SEMA6D,0.98242134
4563,DNAJA4,0.9880005
4564,ACAP2,0.9740658
4565,KIAA1671,0.9666415
4566,ECE1,0.9550146
4567,ASPSCR1,0.98603004
4568,LSM6,0.988315
4569,ANKRD54,0.98696727
4570,TNFAIP1,0.9892045
4571,ZNF22,0.9849972
4572,CRBN,0.98481226
4573,CCNK,0.98832357
4574,SIRT3,0.98754704
4575,SLC27A5,0.98850185
4576,PBRM1,0.9793506
4577,ATG13,0.9868165
4578,MARS,0.9877179
4579,PAAF1,0.9859499
4580,DYNC2H1,0.98628753
4581,ATP13A4,0.9641933
4582,C16orf72,0.96340877
4583,MAPK6,0.98750293
4584,LETM1,0.9835804
4585,SPNS1,0.9770722
4586,UBLCP1,0.9740004
4587,USP16,0.98731536
4588,PLEKHA3,0.97616726
4589,SASH1,0.9797524
4590,USE1,0.98697567
4591,NNT,0.99082184
4592,DDX21,0.9680497
4593,CMBL,0.9836849
4594,HIBADH,0.990197
4595,TIPRL,0.98416895
4596,CYP1B1,0.9183727
4597,CSNK2A2,0.9859692
4598,KIF22,0.9791831
4599,GTPBP1,0.9865518
4600,KAT6A,0.9772065
4601,EFR3A,0.97741497
4602,FBH1,0.9813863
4603,DRG1,0.9847418
4604,NEIL2,0.9837559
4605,DCBLD2,0.9716944
4606,PSMB9,0.9717713
4607,PHF23,0.9899817
4608,GGA1,0.98436964
4609,SBF2,0.98063487
4610,KCTD20,0.9672209
4611,POMT1,0.9885073
4612,DNAJC1,0.9635115
4613,CRAT,0.9694491
4614,CDH23,0.9824837
4615,METTL3,0.988809
4616,NET1,0.9680991
4617,NFU1,0.99049026
4618,ARHGEF1,0.98388463
4619,MCM7,0.9802871
4620,SEC24C,0.97959644
4621,RMDN1,0.9855948
4622,ARIH1,0.98511803
4623,BCKDHA,0.9581315
4624,VAMP8,0.9774257
4625,FZR1,0.9782157
4626,CNOT8,0.98626703
4627,SYNE2,0.9231362
4628,C11orf74,0.9769694
4629,PSPC1,0.9886212
4630,GBF1,0.9909812
4631,SIDT2,0.97451866
4632,RND2,0.9738466
4633,IMPACT,0.99180734
4634,CCM2,0.9874716
4635,TBC1D17,0.9762282
4636,MEF2C,0.9876136
4637,ADNP2,0.9731969
4638,ABHD17C,0.9936933
4639,LETMD1,0.98332185
4640,DLGAP4,0.98597234
4641,HDAC6,0.9901815
4642,HEPN1,0.94948846
4643,C18orf25,0.9851084
4644,NHLRC2,0.9912552
4645,TBC1D15,0.97951686
4646,GCA,0.98025024
4647,OGFR,0.9856226
4648,INPP4A,0.9870025
4649,ZNF710-AS1,0.9916807
4650,ABCD4,0.98307455
4651,HDAC1,0.9819272
4652,TUBG2,0.98841083
4653,UCK1,0.9831541
4654,MCRIP2,0.8966341
4655,VSIG4,0.9564708
4656,GADD45B,0.96419436
4657,FAM172A,0.9877867
4658,SULT1A1,0.9787146
4659,INO80E,0.96115655
4660,RPRD2,0.9865746
4661,GPAT4,0.98015004
4662,RASSF9,0.9645606
4663,SNAP23,0.9506908
4664,ATP13A3,0.97693384
4665,CFAP77,0.9827539
4666,ZNF302,0.9859928
4667,PILRB,0.96063787
4668,FAM104B,0.9885486
4669,DTYMK,0.98763555
4670,TMUB2,0.9549953
4671,GSTM4,0.9898065
4672,SLC35A5,0.9858786
4673,HARS,0.9850945
4674,GCN1,0.98607934
4675,OPA1,0.9842305
4676,SLC6A9,0.9745236
4677,GTF2IRD2,0.98935956
4678,SLC25A17,0.9859082
4679,TRIM27,0.99006736
4680,XPNPEP1,0.98069155
4681,NUP133,0.9929226
4682,RRAGC,0.9533331
4683,STIM1,0.9874278
4684,PRKD3,0.98799986
4685,DDHD2,0.9687217
4686,GUSB,0.984685
4687,AP3M1,0.98376006
4688,KDM4B,0.9839717
4689,NUDT9,0.989121
4690,TIMM50,0.9835719
4691,SMARCC1,0.9765008
4692,CLINT1,0.9808756
4693,CTR9,0.98492193
4694,AC245297.3,0.96863663
4695,ZBTB44,0.9752463
4696,CHKB,0.9863853
4697,PNPLA6,0.98782694
4698,HACD2,0.9786809
4699,PRR14,0.948264
4700,DAZAP1,0.9721282
4701,FMNL3,0.98554695
4702,APOO,0.99343914
4703,ZBED5,0.9849089
4704,SFRP2,0.93832296
4705,EGFR,0.97872764
4706,ZSWIM6,0.9875131
4707,RNF2,0.9865656
4708,EFCAB2,0.9905939
4709,TPRA1,0.9635755
4710,ZBED1,0.9829548
4711,KDM5C,0.98661715
4712,RMND5A,0.98440677
4713,MEST,0.95944196
4714,PAFAH1B3,0.9840275
4715,TM2D2,0.978062
4716,ADGRD1,0.854911
4717,PHF14,0.9855699
4718,ACBD3,0.9704133
4719,PNMA8A,0.9849836
4720,SIL1,0.9797328
4721,SFXN3,0.97442925
4722,IMP4,0.984413
4723,TXNRD1,0.96451443
4724,CARM1,0.98142415
4725,ZBTB7A,0.97702754
4726,UBFD1,0.98706955
4727,APPL1,0.9794418
4728,BACE1,0.9910584
4729,FAM110C,0.9432756
4730,ALDH5A1,0.9907533
4731,PCCB,0.97891873
4732,ZFYVE16,0.96872807
4733,CA3,0.78682524
4734,DHFR,0.98796314
4735,SMC4,0.9898971
4736,ZMAT5,0.9839938
4737,CDC5L,0.979987
4738,ZNF487,0.98546976
4739,OSER1,0.9831518
4740,NEK4,0.9887291
4741,MMAB,0.9864284
4742,MT1G,0.9390816
4743,MOAP1,0.9851055
4744,UNC45A,0.98043835
4745,LRRC27,0.9880818
4746,UBXN10,0.99093044
4747,BAX,0.9425359
4748,TTC7A,0.9842543
4749,GGT5,0.96422535
4750,GIGYF2,0.976798
4751,FAM214B,0.9909177
4752,RALB,0.9644063
4753,SOX5,0.9869551
4754,GLB1,0.98465794
4755,EDC4,0.94712645
4756,MRPL50,0.98692524
4757,HERC1,0.98567015
4758,IGSF3,0.9759022
4759,MPG,0.98304
4760,NPRL3,0.98243266
4761,PIGF,0.9886812
4762,MRPL11,0.9791285
4763,FAM53C,0.9862431
4764,AMOT,0.97619075
4765,WDFY1,0.9767844
4766,PARD3,0.9811164
4767,SMPD4,0.9808984
4768,ZADH2,0.98311526
4769,ARMCX6,0.9824715
4770,ACAP3,0.9852921
4771,CA11,0.95151293
4772,SRCAP,0.98696595
4773,FH,0.99125147
4774,BRF1,0.98419577
4775,MRPL15,0.9851951
4776,HMGA1,0.9902471
4777,DAO,0.9502679
4778,CROCC,0.97569066
4779,ITPR2,0.9710004
4780,FAM133B,0.97716075
4781,SPAG1,0.98396266
4782,GAPVD1,0.98502845
4783,FAM228B,0.9834882
4784,EXOSC6,0.97958565
4785,COMMD2,0.9891924
4786,MCM3AP,0.97714096
4787,DELE1,0.98536396
4788,METRNL,0.96268743
4789,IFI30,0.9679316
4790,PERP,0.9380149
4791,HMOX2,0.9859032
4792,PDPK1,0.98205894
4793,SHFL,0.94407076
4794,ZNF326,0.98523486
4795,DNTTIP2,0.9830485
4796,SH3BP2,0.9710945
4797,MRPL10,0.9713989
4798,SCNM1,0.982561
4799,ATF2,0.9834361
4800,SNRNP40,0.9807765
4801,WDR19,0.984589
4802,SFSWAP,0.9784602
4803,ZNF395,0.9891534
4804,OXLD1,0.9928793
4805,CREBL2,0.9829365
4806,ANKRD35,0.9546942
4807,UHMK1,0.9766783
4808,NKAPD1,0.9863122
4809,SNX14,0.9850689
4810,SMIM5,0.9881114
4811,MAP3K2,0.98428017
4812,ARRB2,0.9438647
4813,L3MBTL2,0.98817885
4814,FRG1,0.9848363
4815,TRIM41,0.9880151
4816,HTRA2,0.98724693
4817,TMEM18,0.9801698
4818,ECPAS,0.9870415
4819,ZBTB16,0.942217
4820,RANGAP1,0.982289
4821,RNPEP,0.9888366
4822,LARP4B,0.9854146
4823,ATXN2,0.9894146
4824,RAB23,0.9705142
4825,NR3C1,0.98841965
4826,SYVN1,0.9724215
4827,STX2,0.98846614
4828,RP2,0.97672653
4829,NUDT22,0.98670346
4830,CYTH1,0.9822594
4831,DPYSL4,0.9695048
4832,GATAD1,0.9889919
4833,ACAD11,0.9850235
4834,STAT5B,0.98345464
4835,PCIF1,0.9854625
4836,CHST3,0.960702
4837,THAP5,0.9787603
4838,NFYB,0.9736954
4839,NR2C2,0.9904671
4840,MBD1,0.98997134
4841,PCYOX1,0.97354877
4842,BFAR,0.9775266
4843,STX10,0.9912333
4844,TCAF1,0.9822393
4845,PACS1,0.9788373
4846,MRPS18A,0.9856655
4847,VPS52,0.9897458
4848,CBFB,0.97983617
4849,AL121899.1,0.9691968
4850,RAB9A,0.98122257
4851,NUS1,0.9745222
4852,CCDC14,0.9845785
4853,INTS10,0.9882273
4854,TMEM216,0.9746574
4855,RAB30,0.9755338
4856,CCNB1IP1,0.97323334
4857,BLOC1S6,0.97726905
4858,CEBPZOS,0.98044497
4859,TMEM131,0.9867068
4860,SCAF1,0.9850493
4861,NUDT1,0.9840031
4862,CDC42SE1,0.98168266
4863,VKORC1L1,0.983384
4864,TMEM184B,0.98460734
4865,SLC11A2,0.9644211
4866,SNX27,0.9778819
4867,POFUT2,0.98494065
4868,SPATA17,0.982407
4869,ICA1L,0.9809161
4870,TAF9,0.97377783
4871,DRAXIN,0.9525359
4872,METTL23,0.98188925
4873,SPATA13,0.9427591
4874,TARS,0.9799768
4875,C7orf57,0.98479116
4876,TYK2,0.9848908
4877,FBXO44,0.9833073
4878,MVP,0.9725093
4879,MPDU1,0.9873854
4880,HAPLN1,0.95596886
4881,POP7,0.9842812
4882,MIIP,0.986219
4883,ROGDI,0.98024035
4884,DPY19L3,0.98244566
4885,FAM102A,0.9829861
4886,C6orf118,0.9761819
4887,PXYLP1,0.977605
4888,NDST1,0.9816372
4889,RARS,0.9824448
4890,NFYC,0.98760873
4891,SPG11,0.98892146
4892,TBC1D10B,0.9730511
4893,PDGFA,0.8831172
4894,ZYG11B,0.98388404
4895,TMEM126A,0.96161693
4896,UBE2Q2,0.9805251
4897,PRKAG2,0.96370137
4898,PLXND1,0.9567237
4899,CCDC114,0.9833421
4900,IFT52,0.9878591
4901,FARSA,0.98380554
4902,ARSA,0.96728474
4903,ENTPD6,0.98146755
4904,SPRED1,0.9815105
4905,SNAP47,0.9892007
4906,CRTAC1,0.96526307
4907,WDR35,0.9917839
4908,LRRC8D,0.98177737
4909,FOXRED2,0.9860197
4910,LRRC49,0.9816446
4911,UBXN2B,0.9866885
4912,SHOC2,0.98608434
4913,PIAS3,0.98653877
4914,XPO7,0.9851249
4915,C19orf81,0.94838953
4916,WDR18,0.9894882
4917,NDRG3,0.9858603
4918,UBA5,0.9882267
4919,SH3PXD2B,0.98132056
4920,ZBTB8OS,0.980121
4921,WAPL,0.9718644
4922,NUP50,0.98756355
4923,ZDHHC1,0.98806727
4924,SLC4A3,0.98249954
4925,SMAP2,0.9824777
4926,CCDC130,0.98324144
4927,ETS2,0.96103203
4928,ZBTB33,0.9891481
4929,PDCD10,0.97864723
4930,TESK1,0.98607177
4931,MIA3,0.98576534
4932,RGS10,0.9661094
4933,TRIM69,0.9354863
4934,LRRC6,0.99081695
4935,RIPOR1,0.9812902
4936,ASB8,0.9861364
4937,TFPT,0.97126323
4938,RASSF8,0.9753693
4939,COL27A1,0.9233117
4940,ARAF,0.98661435
4941,MON2,0.9854387
4942,CRIP1,0.95811206
4943,RABL2A,0.9835307
4944,DYDC2,0.96321046
4945,HSD17B8,0.9863229
4946,SLC39A14,0.980449
4947,AL162231.1,0.9743467
4948,MCUR1,0.9772858
4949,STK19,0.98196
4950,TELO2,0.97209495
4951,FAM92A,0.98905927
4952,RRP7A,0.98107237
4953,DRG2,0.9876818
4954,RNF149,0.97508174
4955,SPECC1L,0.98360455
4956,WWOX,0.9861434
4957,TIAM1,0.9771275
4958,CHMP6,0.9857281
4959,MCMBP,0.97072643
4960,CCDC106,0.9865647
4961,BAG5,0.9804305
4962,MSRB1,0.98432
4963,MPHOSPH8,0.9836587
4964,TIPARP,0.9670892
4965,PPP2R5E,0.9828231
4966,EP300,0.98380595
4967,TMEM175,0.983472
4968,GGCT,0.987011
4969,STAG1,0.9728068
4970,EHBP1,0.9845644
4971,CRYZL1,0.9788987
4972,TNFRSF25,0.93678945
4973,COL28A1,0.9501899
4974,CAMK2N1,0.9821912
4975,DDX39A,0.9740547
4976,SLBP,0.9834834
4977,SEC23A,0.98837346
4978,UBE2D1,0.9856029
4979,AGO2,0.99029297
4980,PLXNA4,0.98670447
4981,TUT4,0.98094827
4982,PALM2-AKAP2,0.96894187
4983,DYRK2,0.9847213
4984,INSIG1,0.95276874
4985,ADSL,0.98438936
4986,PITPNC1,0.9713744
4987,GPSM2,0.9834381
4988,NUP153,0.9901465
4989,NEK7,0.96667653
4990,CDK13,0.9900803
4991,PTPRM,0.9759139
4992,CLASP1,0.9862365
4993,MRPS25,0.9883156
4994,FAM49A,0.9802944
4995,STAC2,0.9067531
4996,KANSL3,0.9841601
4997,ARPIN,0.9853783
4998,HMGB3,0.9834746
4999,MAU2,0.9840034
5000,TMEM80,0.98911035
5001,DNAJB12,0.98631763
5002,TUSC3,0.9680478
5003,CUL5,0.9851646
5004,C16orf58,0.9845974
5005,TAOK2,0.9792428
5006,LAMA1,0.9772727
5007,IWS1,0.9915163
5008,CCDC85C,0.96308243
5009,UNC5B,0.9557814
5010,LAMA5,0.9729785
5011,LRRN3,0.9770059
5012,E2F4,0.9875165
5013,COA1,0.9770141
5014,SURF6,0.9857504
5015,TMEM237,0.9846411
5016,SLC25A22,0.9843607
5017,GGPS1,0.9906786
5018,MUS81,0.96892256
5019,TPRG1L,0.97085524
5020,KIAA1143,0.98509926
5021,NAXD,0.98512346
5022,YAF2,0.988701
5023,EXTL3,0.98605376
5024,ANKLE2,0.9847012
5025,NNMT,0.967593
5026,ARFIP1,0.99061733
5027,JAZF1,0.9784716
5028,RNF220,0.9902159
5029,KLHL42,0.98260736
5030,TRIM33,0.98128045
5031,UBE2G1,0.98229474
5032,AC008443.5,0.9838522
5033,PITPNB,0.98117733
5034,SNX18,0.98604494
5035,PDXDC1,0.98452264
5036,STXBP1,0.98559827
5037,CHSY1,0.977905
5038,NMRAL1,0.97311693
5039,AKAP12,0.9717941
5040,HYI,0.987563
5041,MAPKAPK3,0.978054
5042,PPP1R15B,0.9818031
5043,REXO2,0.9416036
5044,KCTD6,0.9841834
5045,LRRC34,0.9754826
5046,NOC2L,0.9816441
5047,AC130456.1,0.8417956
5048,MAP4K3,0.9885602
5049,TNK2,0.98164016
5050,FUZ,0.9872409
5051,FAF2,0.98302025
5052,GAS8,0.98888177
5053,USP4,0.9801616
5054,DAGLA,0.9797253
5055,LRRFIP2,0.97995085
5056,PDS5B,0.9810713
5057,RIT1,0.9926409
5058,GABARAPL1,0.977688
5059,BMPR1A,0.9920238
5060,TMOD2,0.96862113
5061,CEP170,0.9662453
5062,MEIS2,0.97067136
5063,FAM160B2,0.984613
5064,BCL2,0.97931397
5065,SUSD6,0.9822912
5066,DIP2B,0.9805341
5067,CIAPIN1,0.96996176
5068,TENM4,0.98821574
5069,TMEM42,0.98999995
5070,KPNA2,0.9608546
5071,ZNF512,0.9878586
5072,FSTL5,0.893836
5073,PTPN13,0.9827747
5074,MDP1,0.98248875
5075,CHCHD3,0.9883646
5076,CLK2,0.9836279
5077,PNMT,0.9610122
5078,ZNF292,0.9852509
5079,GYS1,0.9639958
5080,C1orf52,0.9890508
5081,AC005332.6,0.980797
5082,PREX2,0.9840599
5083,CCNG1,0.9855365
5084,IRX1,0.97575825
5085,TIMM9,0.9725081
5086,DDX49,0.9793199
5087,ERVK3-1,0.9639755
5088,CRY1,0.9351812
5089,RCC2,0.98505694
5090,MMUT,0.97706944
5091,GSE1,0.98866254
5092,MAN2B1,0.9763948
5093,TLK1,0.97771984
5094,SIK3,0.98856205
5095,CFAP70,0.98803794
5096,KIAA0930,0.9759564
5097,ZNF146,0.98475426
5098,RBSN,0.98315436
5099,C17orf97,0.98592407
5100,PIGS,0.98100126
5101,ATRN,0.9763104
5102,GNG2,0.9631256
5103,CCDC91,0.9831725
5104,DMTF1,0.98620415
5105,NWD1,0.9721042
5106,SLC25A18,0.97363156
5107,SCYL2,0.9884893
5108,SPAG17,0.96960694
5109,TSSC4,0.9897453
5110,CAPG,0.9787265
5111,ZNF219,0.9895295
5112,UBQLN4,0.9647909
5113,KLHL24,0.9739024
5114,PPP1R8,0.98120016
5115,EHBP1L1,0.98390305
5116,RAB11FIP3,0.9683159
5117,HEY2,0.9834909
5118,NTRK3,0.87721384
5119,MAP4K5,0.9855495
5120,MARCH5,0.9765343
5121,TERF1,0.9861063
5122,CDYL,0.980117
5123,MPHOSPH6,0.97943753
5124,PHF1,0.9780294
5125,ACOT8,0.9864108
5126,CMAS,0.9748173
5127,TNS2,0.9808163
5128,GRIA1,0.9673976
5129,RAD50,0.98483646
5130,AHNAK2,0.9724456
5131,PLK2,0.9334506
5132,TINF2,0.9849472
5133,TMEM158,0.95878154
5134,MRPL9,0.9907211
5135,ENDOG,0.9674249
5136,MARF1,0.982609
5137,CLIP1,0.9783753
5138,ARHGAP23,0.98649585
5139,STX4,0.98020285
5140,MAP3K19,0.9830551
5141,CANT1,0.9796131
5142,B3GALT6,0.9853171
5143,MRPS12,0.9852828
5144,EIF2A,0.98055905
5145,NIN,0.9739913
5146,ANGPTL4,0.982509
5147,MINCR,0.9861175
5148,CEBPZ,0.9743329
5149,FNBP4,0.97667706
5150,PCBP4,0.9852028
5151,RRAS,0.97594357
5152,PEG10,0.9724268
5153,MUL1,0.9798832
5154,PELP1,0.9695164
5155,CSF1,0.9381892
5156,CCDC28B,0.9805622
5157,DHX36,0.97878927
5158,PHF20,0.9837157
5159,TOM1,0.98537433
5160,CXADR,0.9729156
5161,TMEM8A,0.96930254
5162,CAMK2B,0.96770567
5163,SUCLG2,0.9805871
5164,PHF2,0.9880539
5165,CALY,0.9729824
5166,SUZ12,0.9866611
5167,KLHL5,0.9838482
5168,CCDC170,0.97585773
5169,TXNDC5,0.9534818
5170,EML3,0.9897197
5171,DNMT1,0.9747773
5172,TIMM44,0.9822694
5173,RAE1,0.9862649
5174,CES2,0.98450357
5175,SMIM10L1,0.9742802
5176,PIP5K1C,0.97711456
5177,ARAP2,0.9743619
5178,CBX4,0.96891266
5179,CLUH,0.98643315
5180,ACAP1,0.93739164
5181,TTLL7,0.9801865
5182,KLF10,0.9806547
5183,MBD2,0.97503185
5184,KCTD2,0.9857039
5185,KLF3,0.98413
5186,HSDL1,0.98742586
5187,ARFGAP1,0.983922
5188,MRPL48,0.9868032
5189,GPR107,0.9899997
5190,ELOVL1,0.9885219
5191,NELFA,0.98515785
5192,CASTOR3,0.98187435
5193,CHKA,0.97481
5194,MTHFS,0.97495806
5195,BMP5,0.9693117
5196,ZNF84,0.9873222
5197,SLC35F6,0.98283446
5198,KLHDC10,0.97789747
5199,KLF15,0.96293133
5200,CCDC6,0.9748163
5201,PPP6R1,0.9839713
5202,EBAG9,0.969685
5203,NUMBL,0.9759932
5204,LAMP5,0.9341744
5205,TSPAN4,0.9419378
5206,MAATS1,0.9856139
5207,SART3,0.98847324
5208,MKKS,0.9843754
5209,OLFM1,0.948896
5210,CCDC65,0.9822353
5211,CD276,0.9568591
5212,PHYHIP,0.96614355
5213,DPM1,0.98768383
5214,TMEFF1,0.9618992
5215,CRY2,0.97950494
5216,EVA1B,0.9716736
5217,SNHG10,0.98075455
5218,RAB6B,0.96032524
5219,CARHSP1,0.97973734
5220,UBXN7,0.97255427
5221,KBTBD2,0.97924936
5222,RRM1,0.98141766
5223,TANK,0.96679515
5224,MED31,0.9647049
5225,GTF3C5,0.9842014
5226,DDX50,0.97932875
5227,ADD2,0.98224163
5228,TSEN15,0.9832643
5229,EMC1,0.9873644
5230,SNHG1,0.95918703
5231,ULK2,0.9824315
5232,ABCE1,0.9785882
5233,WDR41,0.973494
5234,GOT2,0.98160094
5235,POMT2,0.98719734
5236,MAP1S,0.9664951
5237,BCAT2,0.9616489
5238,PHF6,0.97719324
5239,DAPK3,0.96192545
5240,DGKD,0.9604638
5241,ARHGEF10L,0.98727417
5242,FBXO32,0.9634353
5243,SCPEP1,0.96895266
5244,C2orf68,0.9859387
5245,MCM3,0.99013156
5246,MINK1,0.9911591
5247,ELF2,0.97128403
5248,ERO1A,0.9749194
5249,CCDC8,0.98949295
5250,IPO8,0.9889809
5251,DCHS1,0.98365647
5252,SART1,0.9696168
5253,LAMA4,0.95699555
5254,PHACTR2,0.9807738
5255,DOCK1,0.921142
5256,MARK4,0.9708662
5257,RABL3,0.9873081
5258,MRPS35,0.9799371
5259,CORO1C,0.9769779
5260,MTA3,0.95187044
5261,PHLPP1,0.9875905
5262,COP1,0.9866807
5263,PPID,0.9849143
5264,SEPTIN10,0.9694633
5265,IDH1,0.98268986
5266,EMG1,0.98075944
5267,PCNX1,0.98110837
5268,GTF3C4,0.9865431
5269,NEK1,0.98714286
5270,ANKS1A,0.98743534
5271,CDK17,0.9878257
5272,DUSP14,0.98724174
5273,PPP1R9A,0.98492897
5274,UNK,0.98387086
5275,SWAP70,0.966948
5276,CD4,0.9390901
5277,ADK,0.98345417
5278,PCYT2,0.9912725
5279,BABAM2,0.98949754
5280,ADSS,0.98224086
5281,LHFPL6,0.9693829
5282,HEXB,0.95726764
5283,WRNIP1,0.9811762
5284,KIF1BP,0.9877333
5285,SDHAF3,0.9812384
5286,FOXK2,0.9780432
5287,NBAS,0.9632022
5288,ALDH4A1,0.9708583
5289,CHERP,0.9820503
5290,DRAM2,0.9852796
5291,ZCCHC14,0.97499067
5292,SLC12A4,0.96084017
5293,PTBP3,0.97471446
5294,NKIRAS2,0.981937
5295,REC8,0.95788753
5296,MAP3K7,0.98574084
5297,THAP7,0.9824852
5298,FUNDC1,0.98520166
5299,SLC35E1,0.9592849
5300,SPATA6,0.9875379
5301,SCAMP5,0.9817234
5302,ZNF275,0.9730753
5303,DDX19A,0.98802346
5304,PYM1,0.98590386
5305,NPHP1,0.9875558
5306,TTC4,0.9753065
5307,CELSR1,0.97116166
5308,SFXN1,0.9881628
5309,IDNK,0.9806952
5310,TRIM13,0.9769583
5311,ZBED5-AS1,0.97062576
5312,PHC3,0.98359615
5313,IDH3A,0.98510706
5314,R3HDM2,0.97674036
5315,AHCYL2,0.9853531
5316,EHMT1,0.97509575
5317,MTSS1,0.94994533
5318,RYBP,0.94768894
5319,PPP1R15A,0.97324616
5320,PRR29,0.98252046
5321,NCOA6,0.9809851
5322,TRIP11,0.9720344
5323,STX6,0.9819433
5324,HMGCL,0.98833495
5325,C1QTNF3,0.96468776
5326,PLCE1,0.98263264
5327,GBP1,0.91012764
5328,SUMF1,0.97368616
5329,ORMDL2,0.97846365
5330,PGGT1B,0.9702052
5331,EXOSC10,0.96445084
5332,CNOT9,0.9869229
5333,DUS1L,0.98592985
5334,PRKRIP1,0.9786573
5335,PIAS2,0.9634389
5336,ABHD8,0.98897517
5337,SMIM15,0.97962475
5338,COMMD5,0.98870677
5339,SLC9A6,0.9752493
5340,RASA1,0.9843327
5341,EEF1E1,0.9667531
5342,HIBCH,0.9896058
5343,RHOT1,0.98034245
5344,USP19,0.9914076
5345,CERS5,0.969308
5346,TNRC6C,0.9661293
5347,SACM1L,0.97379833
5348,INPP5A,0.98962414
5349,REST,0.9745455
5350,TBC1D20,0.9864701
5351,EML1,0.98392785
5352,NCBP2AS2,0.9861125
5353,CCNH,0.99024117
5354,ANKRD28,0.96720064
5355,DLG1,0.9872047
5356,KLHL21,0.9558455
5357,TERF2,0.985148
5358,OSBP,0.97505677
5359,DRC3,0.98596656
5360,LZTS2,0.9741736
5361,ARHGAP39,0.9891342
5362,TRABD,0.9643922
5363,RNF34,0.9900956
5364,PDZRN3,0.97628015
5365,FCGR2A,0.9636027
5366,AGPAT4,0.98651254
5367,SLC6A11,0.96619403
5368,SAP30L,0.98476374
5369,ANO6,0.98504555
5370,H6PD,0.98826694
5371,FGF1,0.96178657
5372,C2orf88,0.9854059
5373,PIGC,0.98681504
5374,KRAS,0.98535967
5375,TMPO,0.98625463
5376,MEX3C,0.971455
5377,ZNF711,0.98329645
5378,MAN2B2,0.9606641
5379,LYPLA1,0.97238934
5380,AP5M1,0.99002963
5381,SIK2,0.96609646
5382,ZFX,0.9895896
5383,P3H4,0.9701175
5384,FXR2,0.98981184
5385,PHYKPL,0.98536927
5386,RNF216,0.9792414
5387,NOP58,0.9848298
5388,CD93,0.89635926
5389,FAAP100,0.98174506
5390,SP1,0.97961086
5391,KCNG1,0.9767651
5392,USP48,0.98206604
5393,COL8A2,0.8730279
5394,FAT3,0.9691002
5395,DCTPP1,0.9744115
5396,KIF13A,0.96315724
5397,ZIC4,0.96695083
5398,LBR,0.97967863
5399,RCHY1,0.9827032
5400,CDC27,0.9830817
5401,SLC9A3R2,0.97706765
5402,MRNIP,0.98751813
5403,MIF4GD,0.9862633
5404,SAV1,0.9870983
5405,EPC1,0.9762649
5406,MFAP3L,0.90879023
5407,PJA1,0.9822804
5408,CTSO,0.9689838
5409,RRP36,0.9811172
5410,MYO9A,0.9878821
5411,DHX38,0.9810526
5412,PARP14,0.9753545
5413,MED11,0.988533
5414,CLCC1,0.98183006
5415,GBA2,0.9746963
5416,RANGRF,0.9717053
5417,HSPA4L,0.98156106
5418,FAM210B,0.96584994
5419,C1orf54,0.9603029
5420,RAB8B,0.97791785
5421,PDHX,0.9839321
5422,CERS4,0.9853335
5423,PLGRKT,0.9750708
5424,SLC7A1,0.96414554
5425,PALMD,0.96122456
5426,LYPLAL1,0.97666883
5427,ULK3,0.9804326
5428,FXYD5,0.9676303
5429,PDPR,0.97971374
5430,ABCB8,0.9821771
5431,C8orf76,0.969193
5432,UBA6,0.98005164
5433,CNOT3,0.9876269
5434,ZNF384,0.98653615
5435,CFLAR,0.9813663
5436,FAM193B,0.9647159
5437,TMEM108,0.9914093
5438,TSPYL4,0.9832563
5439,JPT2,0.9671024
5440,ADARB1,0.9742622
5441,GRAMD2A,0.9677499
5442,EXOSC8,0.9787115
5443,HEIH,0.9774806
5444,PHLDA3,0.9819513
5445,AOPEP,0.94645923
5446,NMD3,0.98053247
5447,SLAIN1,0.9860889
5448,USP1,0.97627205
5449,BRD9,0.9689631
5450,EIPR1,0.98573434
5451,PDE6D,0.99108887
5452,LY6E,0.8752112
5453,TUBGCP6,0.98550797
5454,PARP10,0.9815195
5455,CLIP4,0.990202
5456,SMG5,0.9704386
5457,CRIM1,0.9706131
5458,SNRK,0.9762568
5459,ASMTL,0.96276206
5460,PRKAR2A,0.9902492
5461,CDC42EP1,0.9654421
5462,TTC14,0.9730927
5463,KANSL1,0.9762198
5464,TNFRSF21,0.90770024
5465,LEMD2,0.9881379
5466,OLFML1,0.97012895
5467,MAMLD1,0.96748435
5468,DYRK3,0.97536415
5469,CNOT6,0.98386276
5470,TMEM121,0.98500884
5471,EXOC1,0.9639391
5472,TFDP2,0.98517805
5473,UFSP2,0.974718
5474,FSD1L,0.9846284
5475,AP3B1,0.985146
5476,ESF1,0.9646038
5477,TMEM19,0.9864221
5478,CNPY4,0.9855231
5479,POM121C,0.9817577
5480,B3GALNT1,0.9650503
5481,MYCBP,0.9881423
5482,FOXJ3,0.98987484
5483,NID1,0.939979
5484,PHF20L1,0.97895396
5485,CXXC1,0.9798487
5486,COL5A1,0.9806712
5487,PPP1R35,0.97840166
5488,BCL7B,0.9798956
5489,DESI1,0.9854928
5490,RSBN1,0.9836281
5491,ALDH18A1,0.97433865
5492,ZFP90,0.9850726
5493,SLC39A13,0.984778
5494,ST6GALNAC3,0.9765934
5495,ERAL1,0.9878107
5496,UCKL1,0.97945917
5497,USP54,0.9876784
5498,NACC1,0.97850925
5499,CDK10,0.98689353
5500,AP3M2,0.9829558
5501,EXD3,0.98057544
5502,XPC,0.9826644
5503,TNFSF12,0.9834355
5504,PARP4,0.98343116
5505,TPST1,0.9871265
5506,KNDC1,0.9822479
5507,MORN4,0.9807572
5508,WDR90,0.97649926
5509,MSL3,0.994491
5510,POGK,0.97773045
5511,ZBTB20,0.97558796
5512,USP40,0.98758405
5513,TMEM189,0.9800418
5514,BBS4,0.98433733
5515,GNG4,0.98125744
5516,SLC12A7,0.97169024
5517,PARP9,0.9715053
5518,PES1,0.98209107
5519,TRAF4,0.9882566
5520,COPS3,0.9864537
5521,COL5A2,0.97530615
5522,PLPBP,0.98228174
5523,PPP2R2D,0.9876749
5524,HSD17B14,0.97278446
5525,PTGES2,0.9838829
5526,BCL9L,0.9835319
5527,AQR,0.978473
5528,PAN3,0.9793852
5529,GPCPD1,0.9767924
5530,USP39,0.9828703
5531,GATB,0.97104734
5532,PWP1,0.98647535
5533,AK4,0.9868193
5534,LNPK,0.9542363
5535,PLOD3,0.9842291
5536,CAPN10,0.9795179
5537,RNPEPL1,0.97742933
5538,MRPS17,0.9907233
5539,TCTA,0.9672643
5540,CHST1,0.96851444
5541,EPB41L1,0.9797388
5542,SNCAIP,0.9830449
5543,NDUFAF2,0.94390726
5544,FAM193A,0.9802189
5545,CASTOR2,0.9861148
5546,RCC1L,0.9840197
5547,AMIGO2,0.95202875
5548,B3GNT9,0.9885382
5549,CEBPG,0.9776854
5550,SELENOO,0.97683245
5551,MSH6,0.98012096
5552,GRPEL1,0.9760571
5553,CSPP1,0.98550034
5554,ANKRD13D,0.9823942
5555,RETREG3,0.98738307
5556,ZNF511,0.9869967
5557,APOL2,0.96100396
5558,ARHGAP17,0.9683381
5559,AAAS,0.9901534
5560,IREB2,0.97856677
5561,ING5,0.9842993
5562,MFSD12,0.9704513
5563,PNPO,0.9846172
5564,TMCC3,0.9905885
5565,ANGPT1,0.9676259
5566,AL691432.2,0.9824654
5567,RBFOX2,0.9827455
5568,HELZ,0.97860396
5569,CCDC30,0.98174626
5570,RNF43,0.95563805
5571,SLC35E2A,0.98194206
5572,CSTF2T,0.9894603
5573,PADI2,0.94360304
5574,KLHDC8B,0.9634386
5575,USP24,0.9843816
5576,PEAK1,0.9780614
5577,TRIM52-AS1,0.9883838
5578,UBR7,0.9858735
5579,IRF3,0.9777743
5580,AAMDC,0.9533457
5581,PRSS23,0.9413722
5582,UTP6,0.98954964
5583,MAML2,0.97216797
5584,CFAP410,0.9863233
5585,SOS1,0.9897852
5586,ZC3H4,0.9888144
5587,UPF2,0.981291
5588,PDE4D,0.93854535
5589,EFS,0.9887204
5590,KIAA0556,0.9859522
5591,RIF1,0.98189306
5592,RAB4B,0.9921703
5593,APBB2,0.9840554
5594,TNXB,0.937206
5595,EFR3B,0.9867258
5596,PIP4P1,0.98809206
5597,GIGYF1,0.976868
5598,TPST2,0.9740443
5599,KRR1,0.974861
5600,DCAF13,0.97849554
5601,SOBP,0.9830079
5602,MON1B,0.98780197
5603,GNPTAB,0.9767043
5604,LZTR1,0.9809411
5605,HPF1,0.97800815
5606,CCNDBP1,0.9687502
5607,ST8SIA1,0.9553548
5608,CKS1B,0.97480005
5609,MIEF1,0.9778652
5610,RC3H2,0.9849206
5611,HOGA1,0.98468685
5612,STK11IP,0.98627573
5613,CARS,0.9709495
5614,ZNF688,0.9834396
5615,ZMAT1,0.97483003
5616,STK36,0.979514
5617,SURF2,0.9876374
5618,LPIN1,0.9754225
5619,RNF24,0.9630012
5620,MTREX,0.9772519
5621,VWA5A,0.9719676
5622,IQCA1,0.9859327
5623,GSS,0.97685724
5624,ATM,0.9758968
5625,PTDSS1,0.97876376
5626,TMEM41B,0.9790724
5627,DHTKD1,0.9871787
5628,ELP5,0.9799652
5629,UBE3C,0.98059
5630,ZNF853,0.98932743
5631,HLTF,0.97650594
5632,SEC24B,0.9834038
5633,GPATCH8,0.9770445
5634,CYREN,0.98130786
5635,APPL2,0.98244494
5636,MINDY2,0.9605878
5637,ANAPC15,0.986884
5638,SOCS4,0.98697525
5639,NOMO1,0.9870244
5640,STK16,0.98748076
5641,SERPINB1,0.9631451
5642,DHRSX,0.9701857
5643,FBXL7,0.97859925
5644,IKBKB,0.98507065
5645,ZFPL1,0.97844285
5646,VASP,0.9758316
5647,ASF1A,0.98760337
5648,SNX21,0.9852508
5649,MGAT5,0.97793
5650,TCTN2,0.98932916
5651,ZNRD2,0.96971977
5652,MMP14,0.96246237
5653,PITRM1,0.97798413
5654,SH3YL1,0.9859858
5655,MDFIC,0.97720224
5656,MTERF4,0.98512965
5657,RBM7,0.9847001
5658,EIF4E3,0.9790195
5659,EXTL2,0.97569495
5660,PCYT1A,0.9793553
5661,TNKS1BP1,0.9757314
5662,MRPL19,0.9707114
5663,FAM131A,0.98148334
5664,HCN1,0.97902477
5665,CLHC1,0.9895159
5666,SNCG,0.9425417
5667,ACTL6A,0.987484
5668,GATAD2B,0.9799457
5669,C6orf226,0.9836871
5670,RHOBTB2,0.97563833
5671,SYNJ2BP,0.982693
5672,NIT1,0.9884567
5673,DMKN,0.97307736
5674,SNAPC3,0.98156214
5675,THUMPD1,0.9837019
5676,VRK3,0.96990836
5677,TCAIM,0.98362774
5678,EPB41L5,0.9793191
5679,MMS19,0.97350264
5680,NT5C3A,0.9903232
5681,UBE2E2,0.9753193
5682,AMOTL1,0.98925173
5683,PPIL4,0.9764857
5684,ZNF451,0.97448546
5685,IFRD1,0.9737283
5686,LDB2,0.97481245
5687,OXCT1,0.98272294
5688,GSR,0.9880209
5689,TDP2,0.9741084
5690,VIRMA,0.9825183
5691,HLA-DMB,0.9663941
5692,PTGR1,0.9705189
5693,SESTD1,0.9844122
5694,TMEM170B,0.98559016
5695,RPP25L,0.9734168
5696,AQP4-AS1,0.9673866
5697,TADA2B,0.97883236
5698,CBL,0.98547894
5699,SENP7,0.9731671
5700,ATG101,0.98552483
5701,TSNAXIP1,0.98897845
5702,ADM,0.96005404
5703,SOX11,0.97773445
5704,UTP11,0.9851044
5705,RALGAPA1,0.9860839
5706,PLIN2,0.97925323
5707,HTT,0.9827628
5708,ARHGEF9,0.9803443
5709,HCG11,0.9773611
5710,KRCC1,0.98270935
5711,NCDN,0.9740384
5712,SAP30,0.93049467
5713,PNP,0.9411685
5714,CCDC24,0.9872111
5715,TMEM65,0.9707015
5716,MYO15B,0.9836603
5717,CSPG5,0.9416831
5718,ZDHHC14,0.9839648
5719,ORC3,0.9752766
5720,CCDC57,0.9814472
5721,THAP4,0.98492754
5722,TUBG1,0.9714446
5723,RBM33,0.9775215
5724,TP53INP1,0.9864252
5725,BAALC-AS1,0.9598803
5726,CEP95,0.9896234
5727,MYCBP2,0.97998947
5728,WDR73,0.9852515
5729,CREB5,0.9818755
5730,ATP10A,0.92083794
5731,SNAPC5,0.9764266
5732,CXCL5,0.95778686
5733,ZNF330,0.9660783
5734,AKIP1,0.9815184
5735,GLRX,0.9870265
5736,CD302,0.9774628
5737,FAM20B,0.98163134
5738,PDE4B,0.95189327
5739,ZNF787,0.9649084
5740,D2HGDH,0.977553
5741,MARCH2,0.9851637
5742,MGST2,0.9714185
5743,TMX3,0.98601276
5744,CLBA1,0.98434925
5745,PPP2R5A,0.96560377
5746,TTC21A,0.9866386
5747,STAMBP,0.9780385
5748,STAB1,0.96786654
5749,CARS2,0.98516667
5750,DYNLT3,0.9710019
5751,EIF2B5,0.9854215
5752,PLEKHG1,0.9808625
5753,ARID4A,0.9719719
5754,AL357093.2,0.9456883
5755,THAP11,0.9841897
5756,POP4,0.98725605
5757,SALL1,0.97494906
5758,MED21,0.98378223
5759,PTPN2,0.93305856
5760,SNX12,0.98269695
5761,CABCOCO1,0.9754566
5762,ILF3-DT,0.9770681
5763,GTF3C2,0.98579323
5764,DHRS7B,0.98810107
5765,IGSF8,0.9823352
5766,TFAM,0.97650594
5767,HIST2H2BE,0.94495016
5768,PPME1,0.9669136
5769,RRM2B,0.96308374
5770,LIMK2,0.94433224
5771,NNT-AS1,0.9872536
5772,PHF21A,0.98741543
5773,SAMD4A,0.9856397
5774,PPP2R3B,0.9807095
5775,ELL2,0.98455936
5776,DNAAF5,0.98087513
5777,ARL6IP6,0.97826236
5778,RWDD4,0.98935044
5779,FAM120B,0.9843422
5780,MAP3K11,0.9761568
5781,SLC14A1,0.6439071
5782,NF2,0.9808205
5783,POFUT1,0.966722
5784,FANK1,0.984439
5785,RAB29,0.95870316
5786,PKN2,0.9691804
5787,BLMH,0.9862703
5788,ASH2L,0.9833344
5789,RPRD1B,0.99118024
5790,DIP2C,0.9847537
5791,PRPSAP2,0.9847838
5792,PDLIM1,0.9338509
5793,GTF2IRD2B,0.9850852
5794,CLK3,0.9882751
5795,DIAPH1,0.88463527
5796,GFPT1,0.9793083
5797,RBM4B,0.9825627
5798,SLC2A5,0.95159096
5799,PLS3,0.9622058
5800,RAPGEF2,0.984739
5801,C1orf21,0.98387396
5802,ZNF593,0.98238343
5803,PIGP,0.9739572
5804,ECSIT,0.9825052
5805,KLHL7,0.9854798
5806,INAFM2,0.98262084
5807,EHD2,0.94634473
5808,POU2F1,0.9800415
5809,RYK,0.97132194
5810,USP3,0.9788724
5811,REEP6,0.9861798
5812,FZD1,0.9742936
5813,EIF2B4,0.9787089
5814,SGSM3,0.9861683
5815,BAZ2A,0.9823667
5816,GNL3,0.9638527
5817,UTRN,0.9770784
5818,CDC25B,0.9774949
5819,ANKZF1,0.9812301
5820,ZNF226,0.9701711
5821,AEBP2,0.9824738
5822,NCOA5,0.976443
5823,SCIN,0.981989
5824,SLC25A28,0.98519623
5825,COPZ2,0.9498702
5826,CEP57,0.9852973
5827,ZBTB41,0.97695404
5828,LFNG,0.93307525
5829,DNASE2,0.9648203
5830,URB1,0.9731459
5831,MTUS1,0.9883602
5832,RAMAC,0.9764963
5833,MFSD14A,0.9853078
5834,CRTC3,0.9785434
5835,DEDD,0.98443604
5836,GCLM,0.97316843
5837,MLH1,0.96345633
5838,DYRK1B,0.9910258
5839,KLF7,0.9759156
5840,SHC2,0.946025
5841,FURIN,0.9766897
5842,MTM1,0.9886626
5843,TAPT1,0.9685608
5844,ZC3H6,0.9836589
5845,RCAN3,0.9848332
5846,FARSB,0.9721823
5847,ZNF3,0.9822798
5848,FOXK1,0.98183626
5849,UNC119,0.9799058
5850,QSOX1,0.9747719
5851,PDP1,0.9834775
5852,PC,0.98891366
5853,ARMC8,0.98430955
5854,PNPLA7,0.9689723
5855,ACAT2,0.97118205
5856,C2CD2,0.97688144
5857,BIRC6,0.9842583
5858,MRPL32,0.98687
5859,GALNT11,0.9671918
5860,UNC13B,0.9765554
5861,CCDC191,0.984927
5862,CITED2,0.9738197
5863,KATNBL1,0.9847187
5864,TAOK3,0.98755157
5865,C15orf40,0.9798789
5866,UGGT1,0.9852578
5867,SSX2IP,0.97840965
5868,GON4L,0.98786
5869,DIPK2A,0.97789466
5870,LYRM7,0.99146503
5871,CASTOR1,0.9677068
5872,NCBP3,0.98056823
5873,ACTR6,0.98417264
5874,ZDHHC7,0.9894643
5875,TGFBR2,0.9822263
5876,UNC93B1,0.9700419
5877,PHF11,0.96979177
5878,TP53,0.9857379
5879,ACYP1,0.98827964
5880,SLC25A38,0.9864501
5881,SHC1,0.93749994
5882,SCRN2,0.98819584
5883,SYNGR2,0.95297533
5884,KDM5A,0.9798986
5885,TMF1,0.97914976
5886,COQ5,0.9825377
5887,SLC2A10,0.9865888
5888,TNFRSF19,0.984293
5889,CLK4,0.9595179
5890,ZNF652,0.9808937
5891,TRNAU1AP,0.97978026
5892,SLAIN2,0.9843938
5893,ASAP2,0.974261
5894,PTGR2,0.98578304
5895,CRELD1,0.97423667
5896,DAXX,0.97233534
5897,GABPA,0.9874314
5898,DDX54,0.9796929
5899,SMIM12,0.97054183
5900,MTOR,0.99006224
5901,ERGIC2,0.9519966
5902,ABTB1,0.9102263
5903,SNHG3,0.9729919
5904,ACO1,0.98539484
5905,KAT6B,0.9823867
5906,ANKRD6,0.9932063
5907,NKAP,0.9760218
5908,SUSD4,0.8603466
5909,CX3CL1,0.9461408
5910,MAPK9,0.98659045
5911,STAM2,0.9789072
5912,NEU1,0.9511201
5913,VPS53,0.98486
5914,STYXL1,0.98542607
5915,CFAP44,0.97522724
5916,TPD52,0.9308137
5917,TSPOAP1,0.944921
5918,MADD,0.97890365
5919,PIGG,0.9849904
5920,ZNHIT6,0.9798187
5921,CAMSAP1,0.9861144
5922,CCDC59,0.95095044
5923,EXOSC4,0.9892912
5924,DROSHA,0.98321587
5925,AC018521.5,0.9749691
5926,CASP3,0.98054117
5927,GTPBP4,0.97534996
5928,ABCA8,0.967652
5929,BOLA1,0.9830369
5930,RABGEF1,0.9805904
5931,AC012146.1,0.98019075
5932,ZNF768,0.985033
5933,SPI1,0.9632209
5934,FRMD4A,0.957071
5935,WASHC4,0.9668177
5936,COG2,0.97137827
5937,SLC30A5,0.9864705
5938,ICE2,0.98651344
5939,NFIL3,0.97281605
5940,NAPG,0.98256403
5941,GMPS,0.9794966
5942,HIVEP2,0.96661127
5943,ALYREF,0.9833522
5944,PAXBP1,0.96045303
5945,LINC00665,0.985139
5946,HERC4,0.98601687
5947,WIPF1,0.957164
5948,XRCC1,0.9827853
5949,C1orf226,0.9782993
5950,PER3,0.9323707
5951,CEP63,0.98378694
5952,DUSP22,0.9855017
5953,CLCN6,0.98305607
5954,AMPD2,0.97731024
5955,ZCCHC3,0.9840869
5956,GPN1,0.9855356
5957,FCHSD2,0.96924484
5958,ARMCX2,0.88924396
5959,ENDOD1,0.9676565
5960,KIAA0895L,0.9892636
5961,KLHL22,0.98913705
5962,AKNA,0.9542158
5963,RSPH4A,0.9873509
5964,PTBP2,0.98550653
5965,MAPK8,0.96782243
5966,FAIM,0.9820322
5967,LATS1,0.9719097
5968,DIS3L,0.98502
5969,CYB561A3,0.9816798
5970,TIMM21,0.9881808
5971,TNFSF13,0.92949617
5972,KBTBD4,0.9849257
5973,RNF170,0.98293585
5974,WWP2,0.98290414
5975,IPO11,0.98699945
5976,NFKBIL1,0.9810611
5977,UHRF1,0.9811815
5978,RNF14,0.9897551
5979,MTG1,0.97895
5980,DCAF16,0.9847457
5981,CASKIN2,0.97729594
5982,UBE2W,0.985768
5983,ZNF827,0.982244
5984,FZD6,0.985016
5985,PRXL2B,0.9839735
5986,RNASEH2B,0.9796601
5987,TPT1-AS1,0.95985997
5988,DPH3,0.9802945
5989,AGPS,0.98613256
5990,AGO1,0.9755748
5991,PPFIA2,0.9583398
5992,TCERG1,0.9765442
5993,NSUN5,0.9765402
5994,MTERF2,0.9851671
5995,MS4A6A,0.94353145
5996,TCF7L1,0.9846269
5997,FAHD2A,0.97999537
5998,ZFPM1,0.962136
5999,BTBD3,0.98468816
6000,MAP7,0.9866847
6001,POM121,0.98583263
6002,ZNF280D,0.9716607
6003,EEF1AKMT1,0.99162906
6004,TNR,0.9400813
6005,AAGAB,0.9709416
6006,PXDC1,0.9826799
6007,TRIM24,0.97748345
6008,SNAPC1,0.98262554
6009,RBM27,0.97817355
6010,HCLS1,0.9675237
6011,FAM13A,0.9753761
6012,UNG,0.9871165
6013,COG8,0.9792772
6014,IL17RC,0.98335564
6015,LARP6,0.97191906
6016,ATIC,0.97657526
6017,NAGLU,0.9547564
6018,GOPC,0.9906737
6019,CEP89,0.9866409
6020,SLF2,0.97654325
6021,BLOC1S4,0.9619655
6022,RRAD,0.9788023
6023,BTBD6,0.98202133
6024,SCUBE2,0.9759313
6025,CDH4,0.96283275
6026,COL22A1,0.9664389
6027,MOSPD3,0.9811524
6028,ZNF83,0.98026305
6029,PROS1,0.97679836
6030,FIP1L1,0.98212546
6031,CARD8,0.988101
6032,MRPL35,0.97196275
6033,MYO5A,0.9752754
6034,MRPL58,0.9847709
6035,NUP214,0.94869894
6036,ELP1,0.98714626
6037,PCDH10,0.97837484
6038,NEK5,0.9761947
6039,SLC1A2,0.79225177
6040,PIGK,0.98564386
6041,CFAP46,0.9789253
6042,TOMM34,0.987013
6043,NCAPH2,0.9622222
6044,CALB1,0.9626088
6045,CYB5D1,0.9682618
6046,SOCS5,0.9782673
6047,TARBP1,0.9777048
6048,BTBD7,0.9796468
6049,MRPL16,0.9847538
6050,TOMM70,0.98806727
6051,CDH22,0.9695031
6052,PPP1R18,0.96118003
6053,RNF144A,0.9719733
6054,LPGAT1,0.94667786
6055,TSPAN18,0.9466174
6056,TTLL5,0.98502606
6057,MYOF,0.9761861
6058,GSDMD,0.95067084
6059,RNF185,0.9855226
6060,TOR1A,0.9884508
6061,AC093323.1,0.9785935
6062,OLMALINC,0.9605773
6063,STARD10,0.9597034
6064,B3GNT5,0.9822788
6065,DKC1,0.97523844
6066,MOB2,0.9807765
6067,CMC1,0.9684164
6068,ARHGEF6,0.94837433
6069,PCGF3,0.98297304
6070,CACFD1,0.9870434
6071,FBXO8,0.97929144
6072,DGAT1,0.96735394
6073,SMARCD1,0.97510844
6074,MCCC1,0.9879912
6075,ZNF592,0.97655886
6076,TRIM4,0.9815663
6077,VARS2,0.97617465
6078,ATG2A,0.9842337
6079,NEK6,0.97818947
6080,NRAV,0.9905118
6081,MYC,0.95663893
6082,SNRNP35,0.986723
6083,PSRC1,0.9176189
6084,PLEKHA2,0.9487901
6085,TAF11,0.98007965
6086,VARS,0.9800077
6087,KIF13B,0.9861535
6088,SOCS6,0.9786021
6089,ILRUN,0.9802919
6090,AKAP8,0.9791208
6091,ZC3H7A,0.98392296
6092,CISD3,0.9764811
6093,SUDS3,0.97962314
6094,ELMOD2,0.9862644
6095,TMEM176B,0.91589564
6096,CYTH3,0.96897346
6097,ITPR1,0.97941923
6098,FTSJ3,0.97481436
6099,LRRC46,0.97684973
6100,FAN1,0.9795519
6101,APIP,0.9883518
6102,ZNF483,0.9682468
6103,PLSCR1,0.97976243
6104,PPARGC1A,0.9691082
6105,VPS11,0.9830355
6106,B4GALT7,0.98189
6107,TLE3,0.96728057
6108,CD109,0.973455
6109,SMG6,0.9865088
6110,STAU2,0.98239535
6111,DNAJC13,0.96514404
6112,BTRC,0.96431094
6113,AL451165.2,0.97500426
6114,KAT7,0.9673094
6115,ZNF639,0.98552316
6116,RPF2,0.9451527
6117,MRPS10,0.9877863
6118,ASRGL1,0.98383325
6119,LSM14B,0.9775011
6120,DHCR7,0.97182304
6121,GALNT3,0.9837583
6122,SLC11A1,0.7677693
6123,TMEM74,0.97203034
6124,RIBC1,0.98144823
6125,PKP4,0.9806569
6126,CHCHD6,0.9843424
6127,TRO,0.96797216
6128,INF2,0.9468884
6129,FAXDC2,0.9481982
6130,RPP30,0.97886366
6131,WDR5,0.96406186
6132,BCL2L13,0.96238935
6133,CD53,0.9750342
6134,S100PBP,0.976513
6135,DCUN1D4,0.987651
6136,PHKG1,0.95058626
6137,CATIP,0.9872342
6138,TMEM11,0.9777689
6139,FAM136A,0.96851474
6140,TRAK2,0.9699847
6141,NGEF,0.96422344
6142,GAR1,0.98293257
6143,ABCB7,0.9814615
6144,SPOUT1,0.9678313
6145,CCDC34,0.90535736
6146,FAM214A,0.977486
6147,MRPL49,0.97966194
6148,DMPK,0.98542756
6149,ACSL4,0.97173053
6150,MTX2,0.9717346
6151,OLFML3,0.9685215
6152,RNF41,0.9765217
6153,CUL9,0.97544664
6154,RNMT,0.95471615
6155,TLCD3A,0.9668593
6156,DPYSL5,0.94578266
6157,PPFIBP1,0.9719759
6158,C2orf74,0.9871207
6159,HMCES,0.97382736
6160,VAC14,0.9875415
6161,MTMR6,0.9871321
6162,TMEM128,0.9762951
6163,ARMCX1,0.98925835
6164,RGN,0.97949857
6165,BICD2,0.97331655
6166,NOL9,0.97715133
6167,FAM89A,0.96927613
6168,CCDC127,0.97090155
6169,MMGT1,0.98959595
6170,AKAP14,0.9845224
6171,ALAD,0.97512734
6172,LANCL2,0.981845
6173,TMTC3,0.9514244
6174,CCDC153,0.9614596
6175,APBB3,0.98727953
6176,GOLPH3L,0.98347557
6177,ELP6,0.98796684
6178,C8orf34,0.9816362
6179,ADO,0.97102535
6180,AKAP17A,0.9646646
6181,NCOA2,0.9799512
6182,ZNF771,0.94816196
6183,ERBB4,0.98122627
6184,SLC16A4,0.9819562
6185,SPAST,0.9797227
6186,DNAH7,0.98764753
6187,HERPUD2,0.97039455
6188,ATF7,0.97231734
6189,CEP112,0.97332716
6190,KDM2A,0.97993857
6191,DVL2,0.9759303
6192,DNAJB4,0.98224354
6193,ZC2HC1A,0.98744
6194,CTNNBL1,0.9743348
6195,TBL1X,0.9778385
6196,INAFM1,0.9180441
6197,PRRC1,0.9537929
6198,DCK,0.98641425
6199,C19orf48,0.970938
6200,KMT2B,0.97570276
6201,RBMS1,0.96357733
6202,HSD11B1L,0.980463
6203,TCEAL7,0.9667158
6204,DERA,0.9780534
6205,NEDD9,0.96927416
6206,TRMT61A,0.96901494
6207,PREB,0.99091464
6208,POLR2D,0.9846312
6209,BRMS1,0.96280855
6210,NTMT1,0.9682025
6211,GEMIN8,0.94733864
6212,DENND2A,0.9797622
6213,IQGAP2,0.8930823
6214,AL121827.2,0.79328334
6215,MEIS3,0.9458348
6216,SETD5,0.9734239
6217,OSCP1,0.9847501
6218,DNAJC18,0.9787149
6219,RPF1,0.90262496
6220,TUSC1,0.95659965
6221,RAB12,0.9763225
6222,ZNF410,0.98528284
6223,GAP43,0.94080967
6224,FLYWCH1,0.9832894
6225,IFIT5,0.9807609
6226,AP004609.3,0.9509879
6227,DNAJB5,0.9527569
6228,KATNB1,0.98211294
6229,USP38,0.98485756
6230,ABCB9,0.97693574
6231,AC015922.3,0.9806476
6232,WDR59,0.9762271
6233,EID2,0.98707265
6234,BPHL,0.98034745
6235,LPAR3,0.9232097
6236,ZBED3,0.95733017
6237,SLC38A5,0.9859604
6238,SUPT20H,0.960143
6239,MGRN1,0.9810106
6240,VPS37B,0.9684462
6241,CHST12,0.991541
6242,TPCN1,0.96811944
6243,SLC25A53,0.9814998
6244,SECISBP2,0.97653013
6245,RFK,0.9767783
6246,TATDN2,0.97079754
6247,RNF6,0.9797265
6248,C20orf194,0.9785037
6249,RTCA,0.9829981
6250,PPP2R2C,0.98550147
6251,ZDHHC8,0.9796066
6252,VAMP7,0.98215884
6253,NAGA,0.98294675
6254,SNHG12,0.98044556
6255,HECTD4,0.97891915
6256,TMPRSS5,0.97647583
6257,GDAP1,0.9693693
6258,PAWR,0.98162556
6259,DHRS4-AS1,0.9832278
6260,TBC1D13,0.9738228
6261,KHDRBS3,0.93156683
6262,BTBD11,0.9327197
6263,C5orf56,0.95403284
6264,MRPL44,0.98648924
6265,PAQR3,0.98529416
6266,SORCS2,0.9710093
6267,RSPRY1,0.9795533
6268,LAS1L,0.9804193
6269,FRRS1L,0.9822001
6270,MIER1,0.96962214
6271,NUDT2,0.97782767
6272,ZNF516,0.97873336
6273,TMEM60,0.9809932
6274,NR4A1,0.9225987
6275,MED14,0.9828347
6276,SRGAP2B,0.9782999
6277,RAB2B,0.9696097
6278,DNAJB14,0.97250825
6279,RNF138,0.9697142
6280,GFOD2,0.9732109
6281,SS18L2,0.9711779
6282,NSDHL,0.97781533
6283,UTP3,0.972002
6284,C3orf14,0.9673521
6285,BBOF1,0.9897946
6286,UGDH,0.9344921
6287,KIAA2026,0.97679234
6288,REEP1,0.9763028
6289,HECA,0.98206556
6290,ANGEL2,0.97572505
6291,NAP1L5,0.9774948
6292,TENT2,0.9724775
6293,CPSF3,0.9746049
6294,C5orf38,0.962592
6295,PELI1,0.954184
6296,CMTR1,0.9647459
6297,INSIG2,0.957941
6298,LMAN2L,0.98585594
6299,CWC27,0.9562307
6300,GOT1,0.97607774
6301,PEG3,0.95651275
6302,DYNC1LI1,0.9799422
6303,SOX6,0.9538994
6304,SMURF2,0.96769345
6305,CYLD,0.9831868
6306,TDRD3,0.98412514
6307,PHETA1,0.9652072
6308,NUTM2A-AS1,0.97029215
6309,PITPNA-AS1,0.98512495
6310,CASD1,0.979112
6311,SLC22A23,0.9699518
6312,TTLL1,0.9779643
6313,LLGL1,0.96535105
6314,ST3GAL4,0.97907895
6315,FRMD6,0.96071726
6316,VPS16,0.9836574
6317,STK39,0.98293823
6318,EIF4EBP3,0.97327816
6319,PHYH,0.98725176
6320,POLN,0.90612334
6321,PYGO2,0.9853621
6322,ULK1,0.9702888
6323,DIRAS1,0.88574755
6324,CALML4,0.9724202
6325,DNAL4,0.9820238
6326,EEF1A1,0.9384308
6327,SMC5,0.98078597
6328,NSD1,0.96272236
6329,RNF166,0.98716444
6330,FNTB,0.985038
6331,E2F5,0.9813275
6332,PSKH1,0.98392516
6333,IGF2R,0.9750486
6334,HBS1L,0.9828757
6335,CEP350,0.96595
6336,MEF2D,0.9829833
6337,ZNF783,0.9486631
6338,ZNF362,0.9864651
6339,HPS1,0.9779881
6340,UAP1,0.9769936
6341,PDK3,0.9541464
6342,AAR2,0.97516143
6343,PRKCI,0.9761791
6344,C2orf81,0.9791687
6345,NQO1,0.9493993
6346,PARP8,0.99053246
6347,SEPHS2,0.9816186
6348,TRAF3IP1,0.9812789
6349,TBL3,0.98272794
6350,MRTFB,0.9713244
6351,EFHC2,0.9790139
6352,FNDC3B,0.9396261
6353,ANTXR2,0.95681417
6354,ZC3HAV1,0.9806547
6355,ELK1,0.973211
6356,CDK19,0.9105763
6357,LZTS3,0.97771275
6358,ICE1,0.9756759
6359,BTD,0.9887744
6360,ALG2,0.97833025
6361,ECHDC2,0.96951354
6362,KCTD1,0.98106134
6363,UCP2,0.983765
6364,PTS,0.97511584
6365,IQCD,0.97356814
6366,MED12,0.986144
6367,SLC35E2B,0.9457821
6368,DYM,0.96987236
6369,ACSS3,0.9795721
6370,ASNSD1,0.98264706
6371,ZNF672,0.9758072
6372,KCTD5,0.9733719
6373,RASL12,0.94144
6374,CTNNAL1,0.98099744
6375,PTP4A3,0.9832277
6376,SIKE1,0.97670877
6377,DNAJA3,0.9837319
6378,SLC12A2,0.98508155
6379,TMEM101,0.9866562
6380,RDH14,0.98602307
6381,TWF2,0.9477358
6382,GADD45A,0.9549871
6383,PRR5L,0.98761284
6384,ENPP4,0.9714669
6385,AC007325.4,0.9809264
6386,ARHGAP31,0.96197766
6387,AC060780.1,0.97862047
6388,MED1,0.98055
6389,NAIP,0.9631029
6390,MCUB,0.97698444
6391,PMS2,0.980604
6392,DDX27,0.974507
6393,GOSR1,0.9830686
6394,ARNTL,0.9840638
6395,HMGN5,0.98946714
6396,SIAH1,0.97941786
6397,PLEKHO2,0.9682383
6398,PEX6,0.9784991
6399,TMEM214,0.9883251
6400,EIF2AK4,0.9843868
6401,ZDHHC24,0.98860776
6402,WASHC5,0.9840937
6403,RAB30-DT,0.9866654
6404,CGRRF1,0.9849579
6405,SPTLC2,0.974391
6406,CENPT,0.98228633
6407,AL031056.1,0.9159097
6408,PPP2R5D,0.9809133
6409,RBM18,0.9841081
6410,SERTAD3,0.97687787
6411,ALG9,0.93777245
6412,PPP1R42,0.9777068
6413,FAF1,0.9845263
6414,PIEZO1,0.9800623
6415,DIS3,0.9841231
6416,ZBTB48,0.9807348
6417,CHMP7,0.97787446
6418,UBR3,0.98113126
6419,OXSR1,0.9483362
6420,ATXN7L3,0.9798881
6421,NEPRO,0.98084766
6422,YEATS2,0.98177403
6423,UFL1,0.98564273
6424,MAPK14,0.9681452
6425,DLAT,0.96194404
6426,MKNK1,0.9739652
6427,PPARG,0.9758722
6428,SNHG30,0.98761755
6429,UTP18,0.9797813
6430,RRAGB,0.9813738
6431,TMEM199,0.9738598
6432,TXNRD2,0.970623
6433,MEGF10,0.9683174
6434,UBE3B,0.98445994
6435,PHKG2,0.9635267
6436,FTX,0.97067374
6437,HNRNPA1P48,0.9612027
6438,POLI,0.9782109
6439,GLMP,0.94923264
6440,ZFAND2A,0.9697051
6441,GNPDA1,0.92813414
6442,ING1,0.9837104
6443,STARD13,0.9792332
6444,TEX2,0.9649139
6445,KDM6B,0.9627357
6446,MARK2,0.9876968
6447,SLC15A4,0.9813887
6448,SRPRA,0.93592465
6449,REV3L,0.9736617
6450,MARCH8,0.98014635
6451,FOPNL,0.9781436
6452,CNN2,0.9483016
6453,NUP58,0.9723177
6454,WDR91,0.97168416
6455,NR1D2,0.9464947
6456,HAGHL,0.9838344
6457,PRKG1,0.9822272
6458,TRMT10C,0.9797691
6459,WSCD1,0.9851942
6460,HDHD5,0.9821013
6461,RAB28,0.9820165
6462,SMAD3,0.98009473
6463,B3GAT2,0.95797473
6464,C11orf95,0.96962273
6465,ST6GALNAC4,0.9725546
6466,CREBRF,0.9393832
6467,COG7,0.97201246
6468,PIGU,0.96657217
6469,DBT,0.97821075
6470,HLA-F,0.9812028
6471,C12orf75,0.9505771
6472,LMNB2,0.95028317
6473,FDX2,0.96717244
6474,UBAP2,0.97299576
6475,ACOT9,0.9715496
6476,LINC01094,0.96435773
6477,SHLD2,0.98888177
6478,ZKSCAN8,0.9840775
6479,MGAT2,0.97477615
6480,EZH1,0.9802678
6481,SP100,0.9601387
6482,IRGQ,0.9822942
6483,ABHD17B,0.9589917
6484,KLHL36,0.98414576
6485,RAB32,0.9310004
6486,ERAP1,0.9657053
6487,NUP188,0.9704158
6488,RASA3,0.9532892
6489,ZNF446,0.97919846
6490,TMEM63B,0.95887244
6491,MPP6,0.9595869
6492,SMG9,0.9699691
6493,SMARCD2,0.98867553
6494,PRUNE2,0.94231224
6495,KCNIP3,0.9811826
6496,OLFML2A,0.981874
6497,AP002360.1,0.9667856
6498,NDUFAF4,0.9826096
6499,GMFG,0.89539945
6500,INTS8,0.9798113
6501,SMNDC1,0.9686042
6502,C7orf26,0.95237654
6503,TMEM185A,0.97886646
6504,PGS1,0.97064674
6505,TEX9,0.9839951
6506,PID1,0.8316032
6507,TAF12,0.9797955
6508,SLC15A3,0.98197997
6509,UBE4B,0.986304
6510,PRKAB1,0.96707714
6511,CBWD1,0.9835371
6512,LRRC75B,0.9295276
6513,SCG2,0.84545404
6514,REPS1,0.9753677
6515,NRIP1,0.942859
6516,ZFHX3,0.9448938
6517,PEX16,0.97265255
6518,ARHGEF10,0.97590977
6519,ARHGAP4,0.9742284
6520,CCDC113,0.9811346
6521,NIT2,0.98714817
6522,MYO1B,0.9792396
6523,FBN1,0.97722965
6524,SOS2,0.9662606
6525,MPPE1,0.98363066
6526,LINC00963,0.9716528
6527,DMAC2L,0.96878403
6528,CEPT1,0.9674195
6529,CLN3,0.97300065
6530,MRTO4,0.98078674
6531,DIP2A,0.9789809
6532,COX15,0.9826175
6533,RAVER2,0.98306674
6534,RASL10A,0.9507852
6535,ACOT7,0.97699785
6536,INPP5D,0.91516125
6537,UXS1,0.9748598
6538,CENPV,0.97855914
6539,PGP,0.9750826
6540,AC118549.1,0.96975726
6541,WBP4,0.9695411
6542,DGKZ,0.98126847
6543,RGS11,0.963592
6544,TRUB2,0.9852957
6545,NUP93,0.9849477
6546,AFTPH,0.9813486
6547,PHF5A,0.98485786
6548,KMT5A,0.9903267
6549,NCLN,0.96784025
6550,GMNN,0.9769031
6551,MAPK7,0.980725
6552,GRIPAP1,0.98263925
6553,HOXB2,0.9141242
6554,ABHD11,0.9765287
6555,ODR4,0.9776659
6556,AK7,0.98256004
6557,ENTR1,0.91872245
6558,PARM1,0.9704674
6559,NXN,0.9552242
6560,MBIP,0.97992694
6561,SIPA1,0.98386717
6562,SOCS2,0.9367972
6563,MAN1A1,0.9721546
6564,STRN3,0.98628694
6565,PANK2,0.9822215
6566,FAM111A,0.97332126
6567,SRR,0.9829032
6568,FCF1,0.945121
6569,ACOT2,0.97282726
6570,SMYD3,0.9706895
6571,MRPS30,0.97909105
6572,GCHFR,0.9401226
6573,KLF12,0.98556983
6574,CNOT6L,0.97922987
6575,ASPA,0.97162944
6576,MAN2A2,0.9616618
6577,PRORP,0.9816265
6578,APH1B,0.9852276
6579,PSME4,0.9801468
6580,CYTOR,0.7866863
6581,DNAJC24,0.9424715
6582,DMAC2,0.9776732
6583,KIF27,0.9853447
6584,PGM3,0.97766405
6585,PML,0.952633
6586,BCAR3,0.92964303
6587,NUP98,0.98086274
6588,LYRM9,0.98887795
6589,AGBL5,0.98288155
6590,SEC23IP,0.96343
6591,GTF2H3,0.9768383
6592,CKS2,0.9600782
6593,PRDM2,0.9847042
6594,SEMA4D,0.9692713
6595,TMEM250,0.9795634
6596,HDDC3,0.9809462
6597,CTDSPL2,0.74045247
6598,SAYSD1,0.9844553
6599,NBPF1,0.9628643
6600,POLRMT,0.9710627
6601,TAZ,0.9862184
6602,CAD,0.9745258
6603,KPNA6,0.94466054
6604,YIPF2,0.95501834
6605,PKD2,0.9831206
6606,ELOA,0.9815315
6607,PM20D2,0.9702505
6608,ZNRD1,0.96123135
6609,CPTP,0.9881876
6610,CHST10,0.98403746
6611,MEN1,0.97678345
6612,LOXL3,0.98325723
6613,TTLL9,0.98209774
6614,HIRIP3,0.9751204
6615,REV1,0.9825347
6616,DHCR24,0.8325263
6617,TRIQK,0.9803047
6618,KDM2B,0.9783172
6619,DHRS4L2,0.9591585
6620,TTL,0.9660068
6621,DIS3L2,0.9708112
6622,ASB3,0.97746754
6623,SYNRG,0.97728556
6624,DCUN1D5,0.970998
6625,FAM76A,0.9891554
6626,PLPP4,0.9654334
6627,ZNF598,0.9556417
6628,ITGA3,0.9677143
6629,ADHFE1,0.97202736
6630,ACER3,0.9733133
6631,SCO1,0.9845328
6632,ZDHHC20,0.9716681
6633,RUFY2,0.9685236
6634,OGFOD3,0.98349863
6635,FIBIN,0.95944995
6636,SKIV2L,0.9615971
6637,RSBN1L,0.98638326
6638,ZNF518B,0.9661992
6639,HIST3H2A,0.8814974
6640,RILPL2,0.9828455
6641,PPIH,0.96969354
6642,RRN3,0.97949547
6643,FAM104A,0.98987323
6644,GNL2,0.9683196
6645,DBP,0.94029444
6646,TMEM38B,0.9737906
6647,AC036176.1,0.98903835
6648,CASC2,0.97598976
6649,PHACTR4,0.98460376
6650,MFAP2,0.92111933
6651,MGA,0.97820085
6652,SBNO1,0.9579794
6653,HDAC4,0.97805625
6654,AARSD1,0.95483667
6655,NSMCE3,0.98294526
6656,HMG20A,0.9647555
6657,PRKX,0.9885502
6658,GUCD1,0.98527557
6659,ARHGAP32,0.97088975
6660,CTSZ,0.94708633
6661,TLK2,0.98009545
6662,PHKA2,0.98672575
6663,ABHD14B,0.9563217
6664,FPGS,0.9682263
6665,ESYT1,0.9810194
6666,GIT2,0.9824953
6667,PLXNA2,0.98278993
6668,AATF,0.9741389
6669,TTC28-AS1,0.97388667
6670,FILIP1L,0.9749959
6671,NTAN1,0.95578474
6672,DNAH6,0.9740054
6673,C19orf12,0.9809675
6674,BAHD1,0.98786944
6675,ZNF513,0.98613304
6676,PARN,0.9828358
6677,GALK1,0.97820264
6678,ERCC3,0.984993
6679,ANKRD46,0.96138084
6680,PLIN5,0.9744021
6681,STRIP1,0.9398736
6682,UBR2,0.988313
6683,COQ8A,0.9511753
6684,FSTL3,0.91949934
6685,RNF44,0.9789663
6686,ARMC1,0.9810563
6687,AIMP2,0.97092295
6688,DNMT3A,0.97782934
6689,NUP85,0.9856267
6690,DNAI1,0.97900075
6691,VPS9D1,0.98248136
6692,SUGP1,0.96779186
6693,NSMCE4A,0.9820885
6694,HSPB2,0.9768749
6695,IBTK,0.96690404
6696,MAP2K7,0.9756653
6697,RHNO1,0.9787903
6698,CERT1,0.9793144
6699,GON7,0.98939174
6700,CCNC,0.977754
6701,MAPKAPK5,0.9672689
6702,PTGFRN,0.96415377
6703,TMEM184C,0.96463555
6704,DNAJC21,0.9841653
6705,TMEM251,0.981668
6706,EIF4EBP1,0.96972305
6707,ABI3BP,0.95820385
6708,CLDN11,0.89282143
6709,TPP2,0.97952443
6710,NFATC4,0.9762627
6711,IFI44L,0.89122736
6712,NCBP1,0.9778967
6713,TXNDC11,0.96499306
6714,SLC20A1,0.95906794
6715,RAB3GAP2,0.9721059
6716,ACVR1B,0.9759583
6717,DCAF6,0.9838009
6718,PPP2R5B,0.9735257
6719,RAI1,0.9463394
6720,C2orf76,0.984897
6721,GSG1L,0.9565249
6722,ZNF518A,0.9823951
6723,CUL2,0.9703587
6724,NCK1,0.9788261
6725,EEF1AKMT2,0.98068225
6726,COMMD10,0.97581905
6727,GPX7,0.9697221
6728,ZFAND2B,0.97553366
6729,PCCA,0.9840989
6730,CEP290,0.9674212
6731,MAST4,0.95346326
6732,MOXD1,0.9334914
6733,URGCP,0.93535477
6734,PPOX,0.9852847
6735,TATDN1,0.97035974
6736,STRADB,0.9735974
6737,RAPGEF3,0.97683287
6738,UQCC1,0.9880304
6739,USP6NL,0.98998916
6740,GFRA2,0.95060974
6741,AHI1,0.9752473
6742,NGDN,0.9690586
6743,BTBD17,0.96340364
6744,TSFM,0.9857661
6745,HPS4,0.9658813
6746,ADGRL2,0.9661743
6747,BDP1,0.93600523
6748,CTSC,0.9586751
6749,CEP78,0.982181
6750,ERICH6-AS1,0.9740297
6751,KIAA0319,0.95614797
6752,CSNK1G3,0.9839453
6753,CCDC151,0.98120946
6754,NUDT11,0.9722385
6755,IL10RB,0.96282667
6756,ZNF462,0.9831377
6757,SULF2,0.9256781
6758,RBMS2,0.97249514
6759,RTKN,0.97661
6760,ACD,0.9776142
6761,RAD51C,0.9731054
6762,OPHN1,0.98767024
6763,CALCRL,0.87990284
6764,NSUN2,0.9867088
6765,MAP2K4,0.9699253
6766,PHF12,0.9846484
6767,NUP160,0.97484046
6768,TSC1,0.9731377
6769,MRPL46,0.98034734
6770,PRKAA1,0.9859752
6771,ETHE1,0.9817168
6772,GPR34,0.9416399
6773,TRMT2A,0.97871006
6774,CC2D1A,0.9791071
6775,FBXO28,0.9716301
6776,KAT2B,0.97508293
6777,ACSF3,0.9693498
6778,RAI14,0.9305031
6779,SMIM13,0.9623584
6780,AL096870.8,0.98294324
6781,ZC3H12C,0.97458357
6782,ASCC2,0.98366684
6783,PIKFYVE,0.9816492
6784,STX17,0.9736277
6785,TASOR2,0.9581408
6786,GRK5,0.97579396
6787,HSBP1L1,0.9821735
6788,RALGAPB,0.974188
6789,TBRG4,0.9782113
6790,DNAJC25,0.9783746
6791,NFX1,0.9799315
6792,KATNAL1,0.9632928
6793,PTH1R,0.97241414
6794,CLSTN2,0.9548028
6795,LTBP4,0.98743725
6796,EXOC6B,0.9874215
6797,GTDC1,0.9851099
6798,TNFRSF10B,0.9807053
6799,LIMD2,0.9877895
6800,PPIP5K2,0.9837364
6801,COPS7B,0.98614967
6802,NR2C1,0.97948104
6803,ODF2L,0.9470329
6804,SLC31A1,0.97382313
6805,ALG8,0.98064536
6806,C11orf96,0.96889895
6807,SLC12A9,0.9688752
6808,RALGPS2,0.9757112
6809,NAP1L3,0.98610294
6810,RFC2,0.98447037
6811,WDFY2,0.98622507
6812,MYBBP1A,0.9823979
6813,TRAF3IP2,0.9214589
6814,KCNA2,0.9724677
6815,GFM1,0.9768332
6816,DMTN,0.96203417
6817,TMEM223,0.97891015
6818,LINC01184,0.98065674
6819,ARV1,0.9855171
6820,INTS14,0.98182774
6821,GMPPA,0.95476216
6822,MRPL30,0.9817878
6823,FANCF,0.98941106
6824,TAF9B,0.98254
6825,EMC9,0.9622503
6826,SLC35F1,0.97597903
6827,SIX5,0.96464455
6828,DMXL2,0.9717397
6829,ABHD5,0.984025
6830,ZNF117,0.98270816
6831,NBL1,0.95267975
6832,SLC25A25,0.98597294
6833,AKAP1,0.97227514
6834,OSBPL6,0.9863575
6835,PAN2,0.97280896
6836,RPGRIP1L,0.9797987
6837,TANC1,0.94898546
6838,C5AR1,0.9600477
6839,SLC36A4,0.9712363
6840,OCLN,0.9825077
6841,PLEKHG3,0.97103775
6842,EGFL8,0.9735722
6843,MAPKAPK5-AS1,0.98838323
6844,LHFPL2,0.975922
6845,MARCH9,0.9801708
6846,POLR3E,0.98506844
6847,RFX5,0.96888506
6848,SIAH2,0.9776904
6849,KLF2,0.9790357
6850,TTC28,0.9781219
6851,VLDLR,0.94814384
6852,NDUFAF1,0.9794135
6853,RILPL1,0.98662835
6854,ENC1,0.9533029
6855,ARFGEF1,0.96640617
6856,TBRG1,0.97614545
6857,C1orf35,0.9663671
6858,NOTCH4,0.9670145
6859,ZNF91,0.9715032
6860,GART,0.98461014
6861,XPA,0.986435
6862,RSRC1,0.98294955
6863,FAM217B,0.97228336
6864,ASIC1,0.91805875
6865,CCZ1B,0.969761
6866,DOCK3,0.98304546
6867,MCOLN1,0.9782967
6868,KDM4A,0.9802766
6869,SLC26A11,0.98147434
6870,FBXO25,0.9783582
6871,CCNG2,0.9689187
6872,OSTM1,0.97517
6873,CTIF,0.96924716
6874,FOLR1,0.9811701
6875,PCSK7,0.98767674
6876,SLC35B4,0.9728317
6877,NUBP1,0.9845883
6878,TBCK,0.9704933
6879,HAUS7,0.9527993
6880,TRMT1,0.9653552
6881,DNAJC9,0.9477368
6882,C11orf1,0.97578067
6883,ADGRV1,0.98671156
6884,DTWD1,0.9539326
6885,ACY1,0.9829532
6886,CHORDC1,0.9852395
6887,EFNB1,0.9697294
6888,UBXN2A,0.97033894
6889,CAPN7,0.9604634
6890,ACVR1,0.97864455
6891,CCDC74A,0.9865106
6892,MYADM,0.97776943
6893,KLHL26,0.9725361
6894,XAB2,0.9504096
6895,PPP1R21,0.9665288
6896,AC008124.1,0.9766616
6897,MDFI,0.9619828
6898,MCAT,0.97880846
6899,MZT1,0.97098863
6900,TMEM242,0.98538893
6901,PIP4K2A,0.9605836
6902,MRPL45,0.9568995
6903,CHRDL1,0.93919337
6904,MYO1E,0.96803623
6905,ZNRF1,0.91702265
6906,FER,0.9774839
6907,AC009133.1,0.98550844
6908,TAF1C,0.97528154
6909,PIK3R3,0.96089983
6910,IFNAR2,0.9706788
6911,PRPF40B,0.99080455
6912,DSE,0.9573224
6913,FLAD1,0.989461
6914,VPS8,0.9713245
6915,PLCL2,0.9602979
6916,ALG14,0.9847363
6917,KLC2,0.9797811
6918,PLA2G4B,0.882792
6919,ELP3,0.98167104
6920,SLC38A1,0.9745591
6921,TMEM35B,0.9665374
6922,SUFU,0.98462856
6923,ZEB1-AS1,0.9917879
6924,CPSF4,0.96665287
6925,LARP4,0.97716236
6926,SCAF8,0.9651345
6927,CCDC74B,0.97468346
6928,ANKRD13C,0.98736924
6929,MRPS22,0.918256
6930,PEX11A,0.9779748
6931,RNF31,0.9843419
6932,FNIP1,0.94849306
6933,NSF,0.9727434
6934,THNSL2,0.9100033
6935,CEP41,0.9809789
6936,MYH7,0.96643037
6937,EMILIN1,0.929051
6938,TRAPPC9,0.9786772
6939,DPH7,0.94070816
6940,PRKD2,0.9374331
6941,DTNBP1,0.9805396
6942,C11orf71,0.9802121
6943,CSAD,0.977797
6944,ZCCHC10,0.98018044
6945,NMT2,0.98113453
6946,RAB40B,0.98268616
6947,CXCL2,0.965653
6948,SLC25A33,0.9741756
6949,GNB5,0.971129
6950,AC110620.2,0.97381985
6951,CEP68,0.955767
6952,SLC33A1,0.9892
6953,ZNF579,0.96611685
6954,SCARB1,0.9834744
6955,PPIL2,0.9841215
6956,TMEM192,0.95733947
6957,MFSD5,0.97560626
6958,DNPEP,0.976464
6959,UGCG,0.87607807
6960,JMY,0.97807163
6961,CITED4,0.9249886
6962,KIAA0355,0.9748872
6963,KIF5A,0.9796129
6964,HEG1,0.95205444
6965,ZNF12,0.9705079
6966,MCC,0.9698798
6967,RIN3,0.93133295
6968,PPP1R3F,0.97324264
6969,ARMC4,0.9809181
6970,KLHL12,0.9746219
6971,HLA-DQA1,0.91994774
6972,KBTBD6,0.9757989
6973,ERRFI1,0.92747116
6974,RAB11B-AS1,0.9837447
6975,ELK4,0.98601437
6976,AGO3,0.9832271
6977,BEND5,0.96423465
6978,DNAAF3,0.9766494
6979,COQ10B,0.9655849
6980,EDEM3,0.97568375
6981,ZPR1,0.95734537
6982,EXT1,0.9764377
6983,PAIP2B,0.9480112
6984,KCNH2,0.9734182
6985,P2RY1,0.95345837
6986,HEXD,0.9826916
6987,MPHOSPH10,0.9647086
6988,PSPH,0.9875632
6989,PTPRK,0.9756655
6990,TBC1D2B,0.98237467
6991,HDAC7,0.96987057
6992,PASK,0.98417836
6993,LRRC1,0.9881106
6994,VPS36,0.97170085
6995,INO80C,0.9767852
6996,SLC13A3,0.9492952
6997,TBC1D23,0.9646279
6998,DSTYK,0.96385986
6999,ING2,0.98622215
7000,VCPIP1,0.96368784
7001,KPNA5,0.9719204
7002,MKRN2,0.97236025
7003,RAB35,0.9807116
7004,TECPR2,0.982644
7005,GTF2B,0.9707505
7006,FIGN,0.9749084
7007,DPP9,0.9393891
7008,LINC00472,0.9758674
7009,UNKL,0.9542653
7010,SERGEF,0.9672658
7011,GTF2H1,0.97938114
7012,FGFR1OP,0.9754016
7013,TRIM26,0.9671106
7014,OTUD4,0.9642622
7015,IGFLR1,0.95619625
7016,CCDC43,0.8820593
7017,ITSN2,0.98432356
7018,TTC9,0.97207195
7019,BBS5,0.9729429
7020,CDC37L1,0.959542
7021,MTRES1,0.983658
7022,PPAT,0.96246403
7023,RCBTB1,0.9835084
7024,NACAD,0.97454125
7025,OCRL,0.970603
7026,STRN,0.9314476
7027,DPH5,0.98364586
7028,DTX1,0.9789883
7029,ROBO4,0.95751894
7030,ERCC5,0.9254586
7031,FOCAD,0.97074425
7032,RSPH3,0.9805995
7033,STK40,0.87307495
7034,DIPK1A,0.974549
7035,INIP,0.9673409
7036,FASTKD2,0.9726242
7037,TRIM23,0.97144234
7038,MRPL1,0.9798866
7039,NCAPD2,0.98436683
7040,USP53,0.9437896
7041,HIST1H1C,0.91512
7042,TMEM209,0.9821919
7043,RSAD1,0.96079284
7044,THADA,0.9639791
7045,MFN1,0.9627609
7046,ARSD,0.9680497
7047,SETDB1,0.95214033
7048,ZBTB22,0.9832039
7049,TCN2,0.97607106
7050,PPM1L,0.97810066
7051,IGFBP7-AS1,0.9663549
7052,B4GALT1,0.984613
7053,KHNYN,0.98310935
7054,COG1,0.9801583
7055,IFT172,0.98558223
7056,TRAFD1,0.97585744
7057,PRKAR1B,0.96605194
7058,SMAD9,0.84774446
7059,TNFAIP2,0.919337
7060,IRF2,0.9650539
7061,THUMPD3-AS1,0.9695764
7062,PCOLCE,0.9590893
7063,PTPN4,0.9910292
7064,VASH1,0.9708161
7065,MECR,0.95765287
7066,GFER,0.98683274
7067,UCHL5,0.94413155
7068,RUBCN,0.9690923
7069,SNUPN,0.974857
7070,CD55,0.9777537
7071,MED17,0.97039044
7072,TMEM64,0.9717782
7073,GLS,0.9636039
7074,RMND5B,0.98176557
7075,CCNT2,0.97426444
7076,HMGXB3,0.9510122
7077,RPP38,0.97987014
7078,ZNF316,0.9713375
7079,LTC4S,0.95813894
7080,TSPYL2,0.9454432
7081,AXIN1,0.97725856
7082,SERP2,0.9805354
7083,ST7,0.94281906
7084,PDCL,0.98957795
7085,PLEKHG4B,0.97238743
7086,H2AFY2,0.9657684
7087,ACAD9,0.98388755
7088,TTC38,0.97875273
7089,SLC22A3,0.9744129
7090,PRMT7,0.97351307
7091,INO80D,0.98063785
7092,ASAP3,0.972561
7093,EIF2B2,0.9852367
7094,RHOBTB1,0.97222626
7095,HSCB,0.9791674
7096,INO80B,0.98080736
7097,ENTPD3-AS1,0.9736074
7098,MTMR4,0.98062944
7099,DNAJC2,0.96379346
7100,MKX,0.95412725
7101,PSMG4,0.9799652
7102,SOAT1,0.95220023
7103,TMEM70,0.9538039
7104,FIBCD1,0.8405932
7105,LRRCC1,0.9507531
7106,CHIC2,0.95808995
7107,ACAD8,0.9812474
7108,C2orf49,0.98635495
7109,IFI35,0.9493939
7110,NOL11,0.9698557
7111,RRAS2,0.9673797
7112,CBR4,0.97444934
7113,CRISPLD1,0.9632126
7114,CEND1,0.9176427
7115,AC019257.1,0.9583948
7116,ALKBH2,0.9758008
7117,ARHGAP26,0.98044974
7118,KLHL32,0.9850094
7119,LRCH4,0.9818021
7120,CCS,0.9582621
7121,AP4M1,0.9829579
7122,ELMSAN1,0.96086025
7123,AAK1,0.9791225
7124,NUP54,0.98375416
7125,CLASRP,0.97496164
7126,ASXL2,0.96599233
7127,GABPB1-IT1,0.98693603
7128,RXYLT1,0.9883545
7129,SIRT5,0.9835219
7130,RHOJ,0.9762331
7131,RNASEH1-AS1,0.9871016
7132,HGSNAT,0.9447523
7133,ZDHHC6,0.9672767
7134,CYP4V2,0.9280367
7135,TTC7B,0.9738533
7136,MGAT4A,0.98171294
7137,AIFM1,0.9876567
7138,MOV10,0.9639987
7139,PARP2,0.9848428
7140,TRIM25,0.9693694
7141,ZNF445,0.98244256
7142,GRIN2C,0.75438654
7143,RASGRP2,0.9843558
7144,SMUG1,0.9842601
7145,CDK5,0.97619534
7146,HHLA3,0.9838136
7147,C1orf56,0.9731794
7148,SCO2,0.9789172
7149,NAB2,0.95772654
7150,MAB21L2,0.9616065
7151,LGALS8,0.9839727
7152,FECH,0.98200125
7153,PRADC1,0.9740371
7154,ISY1,0.9682255
7155,C2CD5,0.98044026
7156,DIMT1,0.98144066
7157,VAMP4,0.97995436
7158,PPP1R3C,0.96150815
7159,DCAF10,0.9732284
7160,B4GALT3,0.98355687
7161,HAUS4,0.96575165
7162,JOSD1,0.9643508
7163,LGR4,0.94148105
7164,POLR1C,0.9690755
7165,TMEM187,0.97676975
7166,ZNF282,0.96308345
7167,ABHD6,0.96101755
7168,XRN1,0.98239994
7169,ALG3,0.97591335
7170,PCNX3,0.9648643
7171,ILDR2,0.9397226
7172,SF3A2,0.9753102
7173,RSPO2,0.9749464
7174,GLB1L,0.9798046
7175,WDR66,0.96705145
7176,TMEM54,0.9637391
7177,ZNHIT2,0.98184067
7178,MED19,0.9803119
7179,JARID2,0.9754648
7180,BET1,0.97607565
7181,MAP2K5,0.9854594
7182,PCID2,0.9758674
7183,IFI16,0.9430961
7184,FAM47E,0.97981226
7185,HIGD1B,0.9115384
7186,PTPN21,0.97926706
7187,PEX26,0.98109215
7188,POLG,0.9722704
7189,LIG3,0.98002136
7190,IER3,0.89761484
7191,DPAGT1,0.98781204
7192,DLST,0.9722663
7193,CRYZ,0.9741015
7194,REXO4,0.96480405
7195,IGF2BP2,0.95902747
7196,SLC6A12,0.9617376
7197,LEMD3,0.9638173
7198,FAM169A,0.9781966
7199,LSR,0.9351687
7200,TMCC1,0.97109383
7201,FADD,0.9671675
7202,HSD17B11,0.92234653
7203,SYNGAP1,0.96325904
7204,OGG1,0.98836243
7205,METTL7B,0.93712896
7206,ARID2,0.98233926
7207,SETD1A,0.9722017
7208,CCDC186,0.9718619
7209,YEATS4,0.977461
7210,FAM92B,0.9604584
7211,DHX29,0.9798188
7212,TMEM97,0.9696446
7213,IFITM1,0.7770237
7214,FOXRED1,0.986749
7215,AMT,0.98056537
7216,TMEM69,0.9589459
7217,CA4,0.9062153
7218,DENND6A,0.98563683
7219,MTPAP,0.97785616
7220,SNAPC2,0.967491
7221,AP006621.3,0.98224765
7222,NIPSNAP1,0.97195166
7223,MAN2A1,0.9762616
7224,RPE,0.9816357
7225,NOL12,0.976739
7226,TTC32,0.9749101
7227,KLHL25,0.9106193
7228,WWP1,0.97162086
7229,NALCN,0.9716385
7230,KSR1,0.96278536
7231,RASSF8-AS1,0.9651601
7232,MTMR12,0.95605236
7233,SBNO2,0.97029895
7234,MEGF6,0.8253732
7235,CIAO3,0.98657334
7236,P4HA2,0.9249629
7237,TEAD2,0.97551316
7238,COX7A1,0.9417905
7239,THUMPD3,0.95804024
7240,AHCTF1,0.9723388
7241,GALNT16,0.9492795
7242,TRMU,0.97578186
7243,THOC1,0.9475526
7244,GPATCH2L,0.98170936
7245,ZNF217,0.9731482
7246,PAK1,0.91306126
7247,SNX15,0.93518823
7248,KHDC4,0.9748405
7249,WDR17,0.98488176
7250,BAHCC1,0.98598206
7251,ARL5B,0.944664
7252,KRI1,0.986731
7253,SOX9-AS1,0.9542983
7254,SEMA6A,0.9451875
7255,NRP1,0.96180505
7256,ZNF529,0.98141944
7257,C15orf61,0.9699904
7258,ITPRIPL2,0.98162353
7259,FAM13B,0.9816092
7260,PNKP,0.98719513
7261,CA5B,0.9805724
7262,HIST1H4J,0.9666235
7263,PPIL3,0.97094905
7264,CDHR3,0.9264912
7265,TGIF2,0.98358405
7266,WNT3,0.9704987
7267,ADCY3,0.95328045
7268,LRRC28,0.97837925
7269,ZNF746,0.9743563
7270,ZNF618,0.97859496
7271,CASC1,0.98471296
7272,ZNF721,0.9724493
7273,NHSL1,0.9749679
7274,MIS12,0.9871482
7275,C5orf51,0.97837174
7276,IFT74,0.9561179
7277,NT5DC3,0.9514202
7278,NIPAL3,0.98363847
7279,NDEL1,0.75087744
7280,IL32,0.9332088
7281,E4F1,0.9752986
7282,ESS2,0.96005714
7283,NADSYN1,0.9653507
7284,RAB11FIP2,0.9743201
7285,NAA30,0.9601954
7286,PAG1,0.8821545
7287,ABITRAM,0.9870415
7288,ADAMTS16,0.9626182
7289,NFATC2IP,0.9622355
7290,DRC7,0.98353165
7291,ZDHHC21,0.9621035
7292,CSTF1,0.9847469
7293,CCDC84,0.98200047
7294,SNHG11,0.98764366
7295,WDR37,0.89182556
7296,MRM2,0.97214395
7297,YBEY,0.97291094
7298,AC073896.2,0.95971173
7299,ARRDC1-AS1,0.98657924
7300,WDR46,0.9783804
7301,EPHA4,0.98345375
7302,ROM1,0.97690636
7303,DENND5B,0.9720216
7304,TFIP11,0.9780545
7305,XXYLT1,0.97287995
7306,SLC25A26,0.9808483
7307,SNX9,0.9814314
7308,LINC01023,0.98005956
7309,RBM28,0.9542157
7310,TMEM91,0.9463552
7311,DNAH5,0.98353016
7312,TOR3A,0.91847515
7313,EMID1,0.98101753
7314,PCNT,0.98115665
7315,EIF2D,0.97294074
7316,NUP42,0.9687417
7317,COLCA2,0.977941
7318,FBXO30,0.9591613
7319,MRPS31,0.98518914
7320,ROPN1L,0.9740056
7321,RHBDD3,0.96417004
7322,WDR43,0.977526
7323,EIF4ENIF1,0.98699504
7324,UPF3B,0.98462296
7325,MPP2,0.9525037
7326,EXOSC1,0.9869301
7327,ISOC1,0.91785765
7328,RRP1,0.98631424
7329,SLC2A8,0.9793803
7330,TMEM68,0.9784793
7331,SDSL,0.9591373
7332,IKZF5,0.9801091
7333,EDC3,0.9400369
7334,ATG7,0.9800612
7335,ADPGK,0.9667203
7336,SERPINA1,0.96473175
7337,SNX24,0.9426505
7338,TTLL12,0.97546685
7339,LGR6,0.9819852
7340,TPMT,0.9656051
7341,ABCA5,0.9812623
7342,PLXDC1,0.9129116
7343,MTX3,0.9736795
7344,CYBB,0.96015644
7345,HMOX1,0.9580294
7346,MSH2,0.97796357
7347,CKAP2,0.9641303
7348,CPXM1,0.9632211
7349,PISD,0.9712362
7350,SETD7,0.97505516
7351,PSMD5,0.96909076
7352,C1orf50,0.97884387
7353,STPG1,0.98827744
7354,FAM122B,0.9867624
7355,SGPP1,0.9812028
7356,NECAP1,0.9756738
7357,DENND4A,0.98273546
7358,IGSF11,0.9756979
7359,CCDC163,0.94733936
7360,PIDD1,0.9632578
7361,KIAA1522,0.960348
7362,PLEKHH3,0.9753583
7363,PRKD1,0.9740614
7364,SAMD11,0.9643812
7365,CCDC180,0.9795281
7366,UEVLD,0.9598107
7367,FAS,0.96356237
7368,LPAR1,0.9532408
7369,TTC33,0.9774717
7370,ATG2B,0.9833289
7371,SERTAD1,0.972604
7372,DESI2,0.97846204
7373,CHL1,0.9078134
7374,RAB40C,0.9676547
7375,TMEM25,0.96272385
7376,ALAS1,0.96105236
7377,CNOT4,0.97727215
7378,SLC2A3,0.7555445
7379,ARHGEF18,0.9657659
7380,CCDC189,0.9731602
7381,DOT1L,0.9626662
7382,ABCG2,0.98130655
7383,KIF2A,0.96777874
7384,NAA15,0.9730509
7385,ZNF276,0.97755784
7386,TIMM10B,0.9698413
7387,TMEM150A,0.97399586
7388,KREMEN1,0.9846668
7389,MTG2,0.9665901
7390,IGSF9B,0.9676405
7391,TGFB3,0.9475646
7392,ALS2,0.9756034
7393,TMEM176A,0.9562972
7394,NXT1,0.9547529
7395,TKFC,0.98455095
7396,PYGO1,0.96297216
7397,MFHAS1,0.94716424
7398,DOCK4,0.9751224
7399,C3AR1,0.9335864
7400,WDR77,0.9601232
7401,RBPMS,0.94280046
7402,DMXL1,0.97594655
7403,NMNAT2,0.9733483
7404,WRAP53,0.96103686
7405,PLA2G6,0.9715346
7406,PDK4,0.97331524
7407,CCDC181,0.97021925
7408,ST3GAL5,0.968184
7409,DNAJC11,0.9780988
7410,STK32C,0.9825343
7411,TENT4A,0.9776593
7412,ACACA,0.96923476
7413,NTHL1,0.97185564
7414,CEP70,0.9644967
7415,MSANTD4,0.9582532
7416,DDIT4L,0.9201667
7417,NEDD1,0.96147346
7418,NUP205,0.9536484
7419,RREB1,0.9771662
7420,PAQR7,0.9834154
7421,TM4SF1,0.9417829
7422,GGA3,0.9758378
7423,MN1,0.940464
7424,RIC8B,0.97907495
7425,LINC00092,0.97555596
7426,PHTF1,0.9718831
7427,RITA1,0.9846884
7428,TKTL1,0.916871
7429,MCM4,0.9765629
7430,BACE2,0.9746271
7431,SEMA5B,0.91513836
7432,ZIC3,0.97103757
7433,FRMD8,0.9643837
7434,RNF169,0.974745
7435,LINC01315,0.96498793
7436,CNTRL,0.9714069
7437,GPD2,0.9381162
7438,N4BP1,0.9845144
7439,LIN7A,0.9410318
7440,MLXIP,0.96586996
7441,AASDH,0.97751635
7442,INPP5E,0.9783731
7443,GLI4,0.9372839
7444,AGAP1,0.98586035
7445,ITGA1,0.9313211
7446,ANO8,0.95871705
7447,USP25,0.9856206
7448,MBD4,0.9448561
7449,CFAP69,0.9809446
7450,GPANK1,0.96337765
7451,USP12,0.9669342
7452,WWC2,0.9751392
7453,CEP97,0.973863
7454,OCEL1,0.97501004
7455,FKRP,0.97548586
7456,BORCS8,0.9689334
7457,EEF1AKNMT,0.9656005
7458,ALCAM,0.93301105
7459,SDAD1,0.9601294
7460,AC015813.1,0.97341734
7461,RNF150,0.9741091
7462,KCNJ3,0.9786612
7463,CHAMP1,0.9474844
7464,RNF168,0.9555454
7465,LRCH3,0.9799997
7466,ANKMY2,0.9752388
7467,TBL2,0.9193307
7468,NFRKB,0.9742509
7469,BRAF,0.9354869
7470,MMACHC,0.96355385
7471,MRPL53,0.97012603
7472,VPS26C,0.9707946
7473,CCHCR1,0.9783724
7474,FKBP15,0.9745907
7475,LRP4,0.93975246
7476,CAMK1D,0.9479376
7477,CEP83,0.9593809
7478,SP2,0.97199315
7479,BICC1,0.9799456
7480,NFATC1,0.96898353
7481,CPLANE1,0.95523816
7482,METTL16,0.9556427
7483,PGAP1,0.9659806
7484,ZNF621,0.96330553
7485,MFSD3,0.9709999
7486,SLC9A3-AS1,0.96773046
7487,CDC23,0.98381984
7488,CHD1,0.9675601
7489,GNAO1,0.98086137
7490,FAH,0.974546
7491,ERCC2,0.975257
7492,FBXO42,0.9466168
7493,SLC35A2,0.9809076
7494,LAMB1,0.9244457
7495,PYGL,0.9785382
7496,VWA3B,0.97838116
7497,PPP1R14A,0.9518796
7498,ARMC6,0.97768354
7499,DUSP6,0.96265763
7500,PPARA,0.9838398
7501,CASP9,0.9763389
7502,ZNF544,0.9823212
7503,ASB6,0.97367847
7504,SLC25A44,0.98138577
7505,TULP4,0.9658891
7506,CWF19L2,0.94591093
7507,ASB1,0.95823604
7508,PTRH2,0.97319114
7509,HCST,0.93432903
7510,NINL,0.9848585
7511,MUC20,0.97804767
7512,MAGI1,0.9787733
7513,INPP5F,0.9667524
7514,C12orf49,0.9301299
7515,KLHL2,0.88435113
7516,MRS2,0.9543473
7517,FAM181A,0.9716514
7518,ENTPD2,0.9756178
7519,CCDC66,0.9789708
7520,PTK2B,0.94464535
7521,SH3BGR,0.89218235
7522,COMMD8,0.95637214
7523,GJC1,0.93492955
7524,C1orf162,0.95194256
7525,SLC47A2,0.934638
7526,CLN8,0.9697097
7527,AKR1C3,0.95380986
7528,NPRL2,0.9779321
7529,EED,0.96620935
7530,BMP2,0.9733304
7531,RRP1B,0.97911835
7532,P2RX4,0.9707813
7533,MLLT3,0.952983
7534,DEPP1,0.97454405
7535,IL17RA,0.96928966
7536,KIAA0895,0.9762413
7537,PPARD,0.9855446
7538,SLC4A1AP,0.9643611
7539,APTX,0.9811743
7540,RECQL,0.94624454
7541,WASHC2A,0.9753478
7542,PGPEP1,0.9664131
7543,PDIA5,0.96306163
7544,CNOT11,0.96956104
7545,LRWD1,0.9835415
7546,ARHGAP18,0.9299032
7547,ASL,0.9508837
7548,FUCA1,0.98028415
7549,ST3GAL3,0.9771379
7550,POT1,0.97642887
7551,RRNAD1,0.96557
7552,CIB2,0.95729434
7553,GOLT1B,0.9725202
7554,GSTO2,0.98286724
7555,LRFN4,0.9648385
7556,AC093157.1,0.9797686
7557,FAM53B,0.9664141
7558,EPHX2,0.9171217
7559,USP15,0.96686596
7560,PER2,0.9598965
7561,CCDC85A,0.921689
7562,ZBBX,0.963429
7563,SNX10,0.9683035
7564,CHST9,0.937512
7565,WDR74,0.9758884
7566,PI4K2A,0.9670019
7567,PROM1,0.95930415
7568,CBFA2T2,0.966456
7569,PLEKHF2,0.9721144
7570,TDRD9,0.89520246
7571,MACO1,0.9735244
7572,SFXN4,0.97304904
7573,PIGN,0.96596307
7574,ATPAF2,0.95707005
7575,PDXP,0.9682606
7576,BCS1L,0.9633875
7577,TXNDC9,0.9629179
7578,BBS9,0.9617738
7579,STK4,0.9230956
7580,THAP3,0.962653
7581,BIN3,0.9758786
7582,KANK2,0.93791246
7583,VAV2,0.9288991
7584,WDR92,0.97082037
7585,SENP5,0.96774286
7586,NRP2,0.9680754
7587,INTS5,0.9761709
7588,PPP1R26,0.9771811
7589,TP53RK,0.97947085
7590,CEP164,0.96901035
7591,SCAPER,0.97005624
7592,MITD1,0.9680591
7593,WDR38,0.97604454
7594,RAP2C,0.9712328
7595,TTC25,0.97493106
7596,TMA16,0.97337395
7597,CCNQ,0.9821556
7598,ASTN1,0.9551549
7599,EBF1,0.9542111
7600,ZFPM2,0.95486146
7601,FAM219A,0.898853
7602,ZNF337,0.97379494
7603,ZNF692,0.97335386
7604,EAF1,0.9591865
7605,SLITRK5,0.9787169
7606,ZNF76,0.97045994
7607,AC004540.2,0.9487
7608,BACH1,0.9781791
7609,DHRS12,0.9734721
7610,RBMX2,0.97374433
7611,DEDD2,0.97627604
7612,ZNF268,0.9812526
7613,TGFBR3,0.96411186
7614,ATE1,0.96927536
7615,PYCARD,0.9645729
7616,C11orf54,0.9805203
7617,FUT9,0.9736023
7618,EGLN3,0.96758074
7619,ATP11A,0.9730781
7620,YJU2,0.98731077
7621,JUP,0.9251761
7622,CCDC71L,0.971919
7623,MLLT10,0.9486509
7624,SNAPC4,0.9788491
7625,PHF13,0.9759279
7626,GLB1L2,0.95575845
7627,ABCC5,0.97297156
7628,LINC02482,0.97337276
7629,ROR1,0.9067479
7630,LINC02381,0.95075464
7631,RPTOR,0.98321736
7632,TGFB1,0.9498506
7633,ANOS1,0.9732712
7634,MTF2,0.97771007
7635,PIM1,0.9777764
7636,SPRYD7,0.96461093
7637,DUSP12,0.97008306
7638,RRP12,0.9754971
7639,PEX13,0.97696495
7640,ERMARD,0.97659105
7641,TTC5,0.971149
7642,RNF26,0.95688
7643,ABCF3,0.9374736
7644,AR,0.9829207
7645,NOB1,0.98165506
7646,MANSC1,0.98005867
7647,SHTN1,0.9658918
7648,LRRC42,0.9765621
7649,ARHGEF26-AS1,0.98080695
7650,SACS,0.97321975
7651,COBLL1,0.97394407
7652,CCDC97,0.968691
7653,NAT9,0.96071297
7654,TSGA10,0.98267645
7655,CCP110,0.9496951
7656,MED22,0.88161904
7657,LCA5,0.97324055
7658,MTRNR2L12,0.9623564
7659,FAM27C,0.97777325
7660,PNPT1,0.9684481
7661,AMOTL2,0.92631525
7662,FAM118B,0.9874646
7663,OAF,0.94755614
7664,SFMBT2,0.96526575
7665,TMEM173,0.9831279
7666,SAP130,0.9752139
7667,GCDH,0.973495
7668,DSG2,0.9479179
7669,UTP4,0.9724446
7670,LINC00205,0.9676985
7671,RUNDC1,0.9744536
7672,KCTD10,0.94752043
7673,TRIB2,0.9380209
7674,PIAS4,0.9730567
7675,ZNF581,0.97810715
7676,FBXO22,0.95594597
7677,KCND3,0.9512291
7678,TMEM138,0.9829631
7679,LRIF1,0.96257484
7680,ZBTB37,0.976271
7681,MIGA1,0.9399652
7682,PPP3R1,0.98307616
7683,SH3KBP1,0.87935555
7684,OTUD7B,0.93621415
7685,RABEPK,0.9748802
7686,DNAJC27-AS1,0.98604906
7687,TRAPPC11,0.96644294
7688,PKNOX1,0.9590278
7689,DACT3,0.92997205
7690,NECAB3,0.9742686
7691,HAUS6,0.9667635
7692,CAMKK2,0.9305839
7693,HDAC11,0.9684275
7694,RABGAP1L,0.9680071
7695,MNT,0.9631838
7696,ZNF260,0.98165256
7697,CD2AP,0.96797764
7698,KALRN,0.9468592
7699,IFRD2,0.9758574
7700,RCOR1,0.9513446
7701,DIXDC1,0.9636869
7702,SLC40A1,0.9700853
7703,SYCE1L,0.9741249
7704,BPGM,0.9842759
7705,TRIAP1,0.9674515
7706,VPS13A,0.96656525
7707,SRRD,0.980443
7708,TACO1,0.9738613
7709,CWC25,0.97860366
7710,ENDOV,0.97719574
7711,SLC43A3,0.9503431
7712,SH3D19,0.9812802
7713,FHAD1,0.9543692
7714,MPP1,0.9716132
7715,INPP4B,0.9617443
7716,SPON1,0.9111881
7717,DTD2,0.9846212
7718,ESRRA,0.9767891
7719,CERCAM,0.969841
7720,SLC52A2,0.98155844
7721,SOCS3,0.95252943
7722,EXPH5,0.9815965
7723,PIGO,0.9869271
7724,GAREM2,0.96094483
7725,BRD1,0.96778804
7726,MNAT1,0.96975124
7727,ARMH3,0.93408966
7728,DENND11,0.9784263
7729,CLDN10,0.9595877
7730,C12orf45,0.94806355
7731,SHANK3,0.9629548
7732,GCFC2,0.9670983
7733,NBPF19,0.978072
7734,TMEM234,0.98291767
7735,GKAP1,0.986743
7736,UBALD1,0.9729167
7737,KCTD9,0.9700424
7738,AP003307.1,0.9759642
7739,UBL4A,0.96079713
7740,TEX26,0.9682078
7741,SUOX,0.9713635
7742,SLC49A4,0.9817647
7743,MANEA,0.9687697
7744,SPIDR,0.9634754
7745,SLF1,0.9693139
7746,MRPS9,0.9691902
7747,DNAJC14,0.96353644
7748,MAFB,0.81169087
7749,DENND1A,0.96716785
7750,PEX11B,0.9841859
7751,CTNS,0.9805733
7752,SMARCAD1,0.9036462
7753,FEM1A,0.9763828
7754,KLC4,0.9847825
7755,LINC01532,0.96514446
7756,GABRA5,0.690361
7757,RPAP3,0.9755417
7758,ZNF274,0.9780001
7759,TOPORS,0.95529795
7760,PRXL2C,0.9832859
7761,ZNF521,0.9820331
7762,AL592528.1,0.97561455
7763,ZNF263,0.97019345
7764,RICTOR,0.96782964
7765,SLC4A8,0.9871334
7766,LGALS9,0.9317786
7767,MID1,0.9345056
7768,G6PD,0.9676023
7769,CFAP54,0.96544707
7770,TCTEX1D4,0.9439468
7771,ATP9B,0.976635
7772,PIK3CA,0.9638696
7773,PIGV,0.9819991
7774,FOXO1,0.88722056
7775,NBEA,0.9781918
7776,CHST2,0.96190274
7777,BAG4,0.92606735
7778,DNAAF4,0.98296267
7779,SPHK2,0.9803956
7780,COG5,0.9796921
7781,PLA2G15,0.94894975
7782,TGFB1I1,0.92430484
7783,TAB1,0.98497564
7784,F11R,0.95918304
7785,FAM160A2,0.97422016
7786,ATAD3A,0.96699274
7787,IFFO1,0.97524536
7788,PLEKHA6,0.977061
7789,U2AF1L4,0.8896598
7790,MAP3K3,0.9761677
7791,DXO,0.97337085
7792,ARRDC1,0.9841081
7793,LINC00467,0.97567004
7794,FYB1,0.9704219
7795,ANKRD27,0.9825128
7796,HOXB3,0.73857105
7797,VPS37A,0.95877594
7798,FAM98A,0.984942
7799,ZDHHC9,0.92005074
7800,LINC01963,0.96543515
7801,PAXIP1-AS1,0.97393507
7802,CNNM3,0.9734435
7803,CLOCK,0.97497505
7804,MRRF,0.964087
7805,SFRP4,0.94790393
7806,PTK7,0.98548263
7807,MOGS,0.9638292
7808,MYRIP,0.9178495
7809,QSOX2,0.9631582
7810,ERI1,0.96268654
7811,EML4,0.9833538
7812,LMBRD2,0.97022814
7813,DHX33,0.9517865
7814,ABL2,0.97683805
7815,FAM117A,0.9380639
7816,UCHL3,0.9668182
7817,CUTC,0.9768347
7818,PIK3IP1,0.95509875
7819,MDC1,0.99130726
7820,UBA7,0.97746176
7821,CHST14,0.9578032
7822,NFS1,0.9852082
7823,NDUFAF6,0.98273325
7824,FAM98C,0.9528681
7825,FAM114A1,0.86519367
7826,MAP3K2-DT,0.9745018
7827,TMEM178B,0.9597689
7828,CFAP53,0.96399057
7829,ZBTB17,0.97491854
7830,TULP3,0.9686375
7831,ATAD3B,0.97001857
7832,TIMM22,0.94531167
7833,TOGARAM1,0.9797802
7834,SLCO3A1,0.90541965
7835,ZZEF1,0.96424246
7836,PLCB1,0.95392215
7837,WFDC2,0.95791775
7838,COQ7,0.9729206
7839,CTTNBP2NL,0.97575444
7840,C1RL,0.9808694
7841,TECPR1,0.97679
7842,DENND4B,0.93054324
7843,DUSP16,0.9631801
7844,COG6,0.98165244
7845,ATOH8,0.98155254
7846,ARHGEF2,0.96733326
7847,NAPEPLD,0.97239786
7848,LRSAM1,0.9764864
7849,ZNF414,0.9661136
7850,SPATA2,0.95452964
7851,ZNF875,0.98014563
7852,RABIF,0.98272514
7853,XPO5,0.97960585
7854,SMC2,0.91102874
7855,ANKRD9,0.94152945
7856,ANAPC4,0.9799097
7857,RASAL2,0.98304456
7858,MYO1C,0.9507065
7859,ATF6B,0.9725828
7860,TAF1,0.9716361
7861,BRAP,0.97502816
7862,AGL,0.974487
7863,PIK3R4,0.9591693
7864,TET2,0.95885724
7865,GRB10,0.9440746
7866,RSPH9,0.95646966
7867,MMP16,0.97497207
7868,SH3BP4,0.952521
7869,FAIM2,0.94723254
7870,ANKS3,0.9684683
7871,FBXW7,0.9800097
7872,FAM189A1,0.87869626
7873,BCL2L2,0.95940256
7874,EVI5L,0.96741253
7875,WDR3,0.9713357
7876,SYNGR1,0.9707319
7877,FAM120C,0.9777116
7878,GZF1,0.9624143
7879,INPP5K,0.96891564
7880,OSER1-DT,0.9592442
7881,THAP2,0.9716219
7882,AGO4,0.97648656
7883,MRTFA,0.9837411
7884,MTR,0.98787296
7885,DNAAF2,0.9710255
7886,PDE12,0.9779956
7887,TMEM181,0.98019093
7888,CHD1L,0.98349845
7889,PDP2,0.9510866
7890,DDX52,0.971523
7891,AGA,0.9496725
7892,MUC1,0.94363296
7893,BET1L,0.9688943
7894,B4GALT4,0.9743727
7895,MRO,0.9710668
7896,ZC3H18,0.96826416
7897,ANO10,0.9506635
7898,ENPP2,0.9222602
7899,CHFR,0.9695749
7900,GOLGA5,0.97087556
7901,RNF208,0.974795
7902,CNOT10,0.97682774
7903,B9D2,0.9726152
7904,BOP1,0.9757113
7905,NPHP4,0.9788049
7906,PIM3,0.9494131
7907,FARS2,0.9852298
7908,ZNF775,0.98558915
7909,FHOD3,0.9599026
7910,PINLYP,0.98654014
7911,ACADSB,0.9678526
7912,UBE2O,0.9194835
7913,STIM2,0.9822062
7914,KYAT3,0.970057
7915,WDTC1,0.9641429
7916,CCDC28A,0.98321867
7917,TMEM178A,0.97007436
7918,ARNT,0.97041404
7919,LINC00595,0.9641279
7920,RFX1,0.9810899
7921,POU3F4,0.873614
7922,NUP107,0.98261774
7923,FRMD5,0.9663674
7924,CDK20,0.97546524
7925,AP5Z1,0.97708565
7926,NPC1,0.9378055
7927,DHX32,0.9770278
7928,ZFYVE27,0.97060436
7929,TSR1,0.9796013
7930,TRAPPC8,0.98122644
7931,FGL2,0.9478817
7932,KBTBD7,0.98607266
7933,BRIX1,0.9297613
7934,CYP2U1,0.94819933
7935,IFI44,0.9391161
7936,MIPEP,0.9820986
7937,UHRF2,0.9565943
7938,BCL7A,0.9715368
7939,SEMA4C,0.96037495
7940,LINC00662,0.93039805
7941,NAPB,0.9696681
7942,RAB3IP,0.95171654
7943,XYLT2,0.96369535
7944,TJAP1,0.96349394
7945,SNX7,0.9653446
7946,USB1,0.98679715
7947,USP20,0.9706672
7948,LINC01128,0.96236503
7949,MRE11,0.9759523
7950,SARM1,0.97445554
7951,TMEM168,0.9637099
7952,MAFG,0.9437981
7953,DNAJC30,0.98622894
7954,MLLT11,0.94962454
7955,MMD,0.966289
7956,CCDC93,0.9735016
7957,RADX,0.97779226
7958,AC015871.1,0.98076695
7959,CCNT1,0.97225857
7960,SLC25A10,0.97775453
7961,C17orf80,0.9805723
7962,ARHGAP33,0.9271565
7963,TMEM161A,0.9789539
7964,MCF2L,0.97726667
7965,TAP2,0.9554536
7966,IRX2,0.979587
7967,CLYBL,0.97261274
7968,NCOA3,0.94547826
7969,ELK3,0.9679993
7970,HS1BP3,0.97028244
7971,ANKRD13A,0.9677829
7972,STOX1,0.9735853
7973,MYL5,0.9793415
7974,SPATS2,0.97052306
7975,FCHO2,0.8679968
7976,TP53I3,0.91334957
7977,AL136038.5,0.96116114
7978,RARS2,0.9503479
7979,AC133552.5,0.9776282
7980,MSL2,0.96559614
7981,MED9,0.957946
7982,NDST2,0.977034
7983,PNPLA4,0.96937376
7984,PTTG1,0.9660754
7985,PRICKLE2,0.96492654
7986,PIP5K1A,0.96564656
7987,C1GALT1C1,0.9711632
7988,MLX,0.9702137
7989,SLC35A3,0.942895
7990,TLCD5,0.9631796
7991,WASHC2C,0.9760417
7992,FCGR1A,0.9676054
7993,TTC30B,0.97917813
7994,FAM149B1,0.9774366
7995,GPATCH2,0.95128673
7996,GPR161,0.9454893
7997,EDEM2,0.9451483
7998,ZNF791,0.9209446
7999,NXT2,0.9623848
8000,FLT1,0.8394925
8001,CRNKL1,0.9309932
8002,BEGAIN,0.9501258
8003,LPAR6,0.9750239
8004,CLEC14A,0.9526102
8005,CPT2,0.9736025
8006,MDN1,0.96765375
8007,GRAMD1B,0.97896653
8008,KANSL1-AS1,0.92253894
8009,FAHD2B,0.97340816
8010,PACRGL,0.9769211
8011,ADGRL4,0.9653577
8012,LCP1,0.96792775
8013,ZFC3H1,0.96278816
8014,LONRF1,0.95547855
8015,MDH1B,0.97511894
8016,IL5RA,0.96586746
8017,FANCL,0.97163
8018,PDE8B,0.9598219
8019,OGN,0.8423443
8020,SLC35A1,0.97377217
8021,SLC30A6,0.9707952
8022,SLC25A12,0.970874
8023,FAM229A,0.9705147
8024,ISG20L2,0.9788637
8025,SDE2,0.9267209
8026,PRPF3,0.9761033
8027,CSRNP2,0.9654907
8028,PIK3CB,0.9855197
8029,WDR7,0.97981995
8030,PPP1R32,0.92139536
8031,RNF121,0.97394365
8032,TMEM164,0.97949666
8033,METTL2B,0.9707633
8034,ABT1,0.9710263
8035,CACNA2D1,0.96321774
8036,DNAJC16,0.9662347
8037,TMEM53,0.98466504
8038,C3orf38,0.9806099
8039,GTF3C3,0.97766846
8040,ST3GAL2,0.96396065
8041,PLXNA1,0.97930425
8042,CDS1,0.9677609
8043,SAMD9L,0.9723096
8044,THBS4,0.9239895
8045,MSANTD3,0.95416063
8046,SERTAD2,0.9610243
8047,PARD3B,0.97464275
8048,ARL14EP,0.96627414
8049,RNF8,0.9797327
8050,ZNF23,0.9622202
8051,RAD9A,0.96584505
8052,PRDM6,0.91267174
8053,CHPF2,0.9653691
8054,SCML1,0.9811974
8055,MR1,0.9498047
8056,PDE4A,0.9677475
8057,C1orf174,0.9616691
8058,SNPH,0.9827281
8059,PTPRJ,0.9591116
8060,STAMBPL1,0.9737655
8061,LINC01003,0.9788208
8062,CRTC2,0.97154963
8063,STOX2,0.98038065
8064,PIGBOS1,0.95392025
8065,SPECC1,0.9640967
8066,PDCD7,0.95541507
8067,RNF111,0.9746335
8068,MAST2,0.840001
8069,C9orf72,0.9746888
8070,TTI1,0.96260995
8071,CLPB,0.9659049
8072,METTL17,0.9666485
8073,EXOC2,0.9796793
8074,MSRB3,0.96668977
8075,GPATCH11,0.9671132
8076,THAP9-AS1,0.97136205
8077,DHRS1,0.95669323
8078,TNFRSF14,0.9609179
8079,INHBB,0.9285148
8080,ZNF37A,0.9809498
8081,LSG1,0.9527659
8082,MROH1,0.9507833
8083,NFKBIB,0.9523731
8084,NBEAL1,0.9389921
8085,ANKRD13B,0.9693881
8086,CCSAP,0.97598225
8087,PIGH,0.96808213
8088,BCL10,0.9448373
8089,GLI3,0.9687457
8090,TPRN,0.8865522
8091,ITCH,0.941102
8092,GLE1,0.9725808
8093,LYNX1,0.9380797
8094,GATD3A,0.65919733
8095,ATP11B,0.9673277
8096,AC005532.1,0.96096045
8097,SSH1,0.9487715
8098,BTN2A1,0.96870583
8099,NOL3,0.9630718
8100,ZFP62,0.97076213
8101,MRVI1,0.9584556
8102,DICER1-AS1,0.96359336
8103,LINC01114,0.9745475
8104,KLHL23,0.96387774
8105,NAP1L2,0.98063797
8106,CAPRIN2,0.97583133
8107,AC078846.1,0.97844017
8108,OGFOD2,0.98426956
8109,LRRC71,0.9597412
8110,ZNF608,0.88153696
8111,ATP8B2,0.96262455
8112,OLR1,0.9678229
8113,ZNF561-AS1,0.98468727
8114,CDKN1C,0.96595424
8115,TRAPPC2B,0.9156656
8116,ZDHHC5,0.97838205
8117,SPATA18,0.96936715
8118,ZBTB21,0.978437
8119,NCKIPSD,0.89365894
8120,TXNDC16,0.9098862
8121,USP36,0.9399883
8122,ZDHHC11,0.9374046
8123,GRPEL2,0.9671081
8124,KAT14,0.9424643
8125,ZNF629,0.9596649
8126,PTPN9,0.97265166
8127,FCSK,0.9708188
8128,FAM135A,0.96280926
8129,ZNF622,0.96025884
8130,ZNF627,0.9776172
8131,EBP,0.96046466
8132,NANS,0.9600031
8133,MRGBP,0.9407228
8134,FBXO31,0.9778982
8135,SBNO1-AS1,0.97876394
8136,PBDC1,0.93965876
8137,FOSL2,0.96427643
8138,CD58,0.9753849
8139,NFATC3,0.95781726
8140,FAM122A,0.9780816
8141,CSGALNACT2,0.9546649
8142,NUDT14,0.9356664
8143,CLDND2,0.9695188
8144,PDCD11,0.95478743
8145,MYO3A,0.9827425
8146,TBC1D4,0.9620108
8147,SMIM3,0.9295932
8148,VPS13B,0.9439058
8149,FTSJ1,0.9777991
8150,GPN3,0.9490572
8151,CLDN12,0.9589065
8152,ZFAND1,0.95790803
8153,ZBTB25,0.955557
8154,LINC00342,0.97601014
8155,SOGA1,0.96615297
8156,PIP4P2,0.969042
8157,PLSCR3,0.9467435
8158,ZNF862,0.97458833
8159,CYP7B1,0.97987884
8160,DTX3L,0.9434023
8161,MTMR2,0.97497016
8162,RC3H1,0.8961051
8163,MAP11,0.9709533
8164,AVL9,0.94954485
8165,TTC30A,0.97144663
8166,SULF1,0.91230947
8167,GSTZ1,0.9580216
8168,ZNF160,0.95845336
8169,ADCY6,0.98437107
8170,DOCK9,0.9444652
8171,CDADC1,0.97212064
8172,WASF1,0.92862743
8173,TGFB2,0.91637135
8174,LRRC14,0.9821124
8175,C17orf58,0.8818098
8176,AC108134.4,0.96037465
8177,PDZD2,0.95837766
8178,RECQL5,0.9712668
8179,ZNF677,0.98074454
8180,TRPC1,0.9521704
8181,SLC27A3,0.9713735
8182,FBXO34,0.9567669
8183,PWWP2A,0.96954536
8184,SIPA1L3,0.978023
8185,LCOR,0.9293599
8186,SLC16A3,0.95896274
8187,EBF4,0.9434653
8188,PHRF1,0.96073925
8189,BRPF3,0.92840683
8190,ACACB,0.98122597
8191,MAP2K6,0.9527561
8192,SAC3D1,0.979605
8193,LIMA1,0.9677853
8194,TRIM36,0.9596814
8195,ANKRD42,0.9800661
8196,RALGPS1,0.9796992
8197,SMKR1,0.990352
8198,STYX,0.9692288
8199,ZNF426,0.97678196
8200,GSPT2,0.9615939
8201,ANKRD37,0.9510764
8202,BCAS3,0.9757229
8203,BBS10,0.9788936
8204,MIOS,0.9754614
8205,UBN2,0.9812107
8206,TSTD2,0.9749032
8207,NICN1,0.96165496
8208,PREP,0.936131
8209,LRIG2,0.971745
8210,GXYLT1,0.9554288
8211,MDM1,0.9678628
8212,CAAP1,0.96623844
8213,NOL8,0.9553998
8214,RAD17,0.95953274
8215,TANC2,0.964666
8216,PSMG1,0.95075953
8217,MARC2,0.9695989
8218,TRPM7,0.9700738
8219,EPC2,0.9790769
8220,HPRT1,0.9557463
8221,IL20RA,0.95408136
8222,ECHDC3,0.97707444
8223,MAGI3,0.9703973
8224,FKBP14,0.9564843
8225,PPM1F,0.9692651
8226,SLC27A4,0.95431954
8227,HBEGF,0.9422955
8228,SMCO4,0.982009
8229,MTMR1,0.94723654
8230,CYB561D2,0.97256476
8231,SNX29,0.9276885
8232,LINC01278,0.9794607
8233,NOC4L,0.97319233
8234,VPS33A,0.9726797
8235,ZNF524,0.96097755
8236,MCM6,0.96151
8237,BOLA2,0.9708702
8238,SFI1,0.94852203
8239,IKBKG,0.9822808
8240,FAM114A2,0.9812478
8241,RBBP9,0.9695341
8242,BANP,0.96603626
8243,PRIMPOL,0.9835929
8244,VANGL1,0.9596936
8245,MED7,0.97405815
8246,ANKRD50,0.95697457
8247,DCP1A,0.98601276
8248,C9orf64,0.96580094
8249,FAM171A2,0.9807686
8250,CD34,0.9702407
8251,NUAK1,0.9671155
8252,BMS1,0.9718116
8253,ATG4C,0.9541525
8254,CNTN2,0.8570592
8255,CHRNB1,0.9906487
8256,ENOSF1,0.9658655
8257,BTBD10,0.9802881
8258,AL049840.5,0.9796276
8259,MAP3K5,0.9789875
8260,FMO1,0.9637516
8261,RGS19,0.9531475
8262,URB1-AS1,0.98050624
8263,RANBP6,0.96136695
8264,OSTF1,0.95294
8265,WRAP73,0.9765151
8266,NAA35,0.9649328
8267,RDH5,0.9557156
8268,AC027237.3,0.9759625
8269,FAM160B1,0.9751398
8270,HDHD3,0.9458647
8271,BCOR,0.974958
8272,PRR34-AS1,0.9572254
8273,COL6A3,0.9390826
8274,LRP11,0.9840886
8275,FAHD1,0.86006975
8276,ATXN1L,0.95899105
8277,MTMR14,0.98223525
8278,ZNF264,0.95316726
8279,SMAD7,0.8947023
8280,TTBK2,0.9510828
8281,FAM50B,0.9666538
8282,NMRK1,0.94060737
8283,POLD3,0.93182915
8284,NFIA-AS2,0.97521037
8285,TEKT2,0.971509
8286,LAIR1,0.9424974
8287,IRS1,0.9373843
8288,ZBTB45,0.954915
8289,ARMH1,0.98316544
8290,ARHGAP6,0.95076895
8291,HOXA4,0.9815017
8292,PGAP2,0.96894974
8293,AKR1C1,0.8803882
8294,FBXO45,0.9322936
8295,IRF1,0.9543856
8296,AC097534.2,0.96581036
8297,SMYD2,0.9638801
8298,TSPAN11,0.9811245
8299,LINC01765,0.92844135
8300,GPRASP2,0.9829955
8301,LRP3,0.95957565
8302,SPRED2,0.96459436
8303,RGS22,0.96784544
8304,ITGB3BP,0.9560977
8305,IMPDH1,0.95809805
8306,SIGIRR,0.9507374
8307,ZNF776,0.97275513
8308,NLRX1,0.98463434
8309,ZNF189,0.9483939
8310,PRR14L,0.9521081
8311,KHDC1,0.97458494
8312,MED6,0.9591926
8313,SIRT7,0.94793886
8314,GRIA3,0.9480748
8315,EIF3J-DT,0.9872485
8316,SEZ6L,0.9680609
8317,NAT10,0.96635455
8318,CDH13,0.9656797
8319,VCAM1,0.9375524
8320,ELF1,0.91804475
8321,USP42,0.98134565
8322,VPS18,0.9635378
8323,DHX8,0.95775396
8324,GTF2E2,0.95310116
8325,GARS-DT,0.97637236
8326,G2E3,0.9700977
8327,ASB13,0.9810194
8328,COA6-AS1,0.98057646
8329,LINC02693,0.9341784
8330,ZSCAN30,0.9702619
8331,COX19,0.98838574
8332,FHL3,0.9355327
8333,SZT2,0.97278947
8334,GLIPR1,0.92165285
8335,TRMT1L,0.97610503
8336,ERCC6L2,0.9544786
8337,BOK,0.9356313
8338,CCDC152,0.7818704
8339,LRRC57,0.9815208
8340,HCG18,0.93291914
8341,ZNF512B,0.98051745
8342,FZD2,0.9541383
8343,WHRN,0.9699302
8344,TNPO3,0.9534618
8345,CCDC137,0.94924074
8346,RUSC2,0.9589721
8347,GLDC,0.980331
8348,ATG5,0.973488
8349,GNPDA2,0.9623251
8350,FAM227A,0.98306376
8351,ZNF121,0.967536
8352,DBNDD1,0.94284815
8353,ANKS6,0.945425
8354,YAE1,0.9807596
8355,CBLL1,0.96633774
8356,TYW3,0.9756339
8357,C8orf82,0.93303573
8358,MESP1,0.9751431
8359,MUTYH,0.93696606
8360,ARL13B,0.9846972
8361,BGLAP,0.96223706
8362,PLEKHA1,0.94101715
8363,ANKRD65,0.97210264
8364,ASCC3,0.9306055
8365,CYP39A1,0.9734
8366,PRPF4,0.973026
8367,VPS37D,0.9626279
8368,BIVM,0.96489155
8369,KCTD18,0.9827946
8370,FBF1,0.9778787
8371,PLEKHM1,0.96483284
8372,NFKB1,0.97250706
8373,PELI2,0.9628326
8374,CHRAC1,0.97165
8375,SMYD5,0.96834594
8376,TRAPPC13,0.95532167
8377,ACBD4,0.97169197
8378,CHODL,0.9476824
8379,MTRR,0.9348758
8380,HAUS1,0.97559613
8381,PEX14,0.96760124
8382,SGMS1,0.94924635
8383,FIZ1,0.9722098
8384,HAUS2,0.9629212
8385,LINC00847,0.959052
8386,WDR47,0.9242848
8387,R3HDM1,0.95565975
8388,RRP15,0.972948
8389,CFAP65,0.9796416
8390,CXCL3,0.9581352
8391,DPP3,0.9532657
8392,TBXAS1,0.93965614
8393,ZNF317,0.9671631
8394,TARSL2,0.9486033
8395,HMBS,0.9600557
8396,MICAL1,0.9701417
8397,GOLGA1,0.97242415
8398,FNIP2,0.83365977
8399,NGLY1,0.9514402
8400,MLH3,0.9482785
8401,DDX51,0.9751929
8402,NPHP3,0.93112624
8403,STK35,0.9643017
8404,CREB3L2,0.9625884
8405,TPBG,0.8428172
8406,CCDC159,0.97249043
8407,NUP43,0.9754853
8408,ALG12,0.9754143
8409,CD27-AS1,0.9809108
8410,CDKN2AIPNL,0.9547915
8411,COIL,0.9562963
8412,PIP4K2C,0.9568904
8413,MRPL39,0.9630543
8414,BTN3A2,0.94425195
8415,FAM161A,0.9453696
8416,OGFOD1,0.9655628
8417,MIR210HG,0.9308871
8418,POLR3K,0.8518542
8419,LSP1,0.96336013
8420,GRK3,0.9708318
8421,SLC19A1,0.9847111
8422,CPT1B,0.97643095
8423,AC083798.2,0.98348856
8424,ZNF606,0.9841819
8425,SLC25A20,0.986126
8426,SRP14-AS1,0.97017133
8427,KCND2,0.9798174
8428,ZBTB11,0.9475031
8429,C20orf96,0.92077106
8430,SDHAF1,0.91062176
8431,TMEM232,0.9698077
8432,NDC1,0.9806958
8433,CSDC2,0.9015377
8434,ACTR3B,0.9635547
8435,NRG3,0.96688735
8436,SMC6,0.9689193
8437,DDX19B,0.95677054
8438,RAD1,0.95974684
8439,MED30,0.98115367
8440,ADGRF5,0.9667377
8441,LY86,0.9754311
8442,PDGFB,0.90112156
8443,STOML1,0.97030574
8444,YIPF1,0.9815323
8445,ZC2HC1C,0.9810553
8446,TBC1D7,0.9662603
8447,CSGALNACT1,0.98068565
8448,LRRC55,0.88821
8449,GRWD1,0.91934335
8450,SHMT1,0.9478516
8451,FAM118A,0.95442295
8452,ZNF506,0.96527034
8453,LYSMD2,0.9785796
8454,SYP,0.9487917
8455,UMAD1,0.9763278
8456,FKBP2,0.9209277
8457,TP53I11,0.95332795
8458,C1QL4,0.95441324
8459,LDHD,0.9734359
8460,SUPV3L1,0.9465579
8461,OSMR,0.95953566
8462,ERLIN1,0.94169015
8463,SSH2,0.9611702
8464,TCFL5,0.93999237
8465,ADA2,0.9555551
8466,GVQW3,0.9519854
8467,ARID5B,0.89766634
8468,ETS1,0.96788216
8469,CTBS,0.9439641
8470,SELENOI,0.966339
8471,RHBDD1,0.97257614
8472,FBXL2,0.9635576
8473,SPHK1,0.94558746
8474,CACTIN,0.9620883
8475,CDH5,0.93872386
8476,MAMDC4,0.95821
8477,DLC1,0.9333598
8478,ALG1,0.9572822
8479,MTMR11,0.97249174
8480,MBTD1,0.9819516
8481,RBMXL1,0.9756659
8482,METTL15,0.9674824
8483,RIPK2,0.9746925
8484,KLF5,0.9459111
8485,MEX3D,0.97511
8486,AC244090.1,0.9603217
8487,SCLT1,0.87643117
8488,NEURL4,0.97923267
8489,GMCL1,0.9658118
8490,C16orf91,0.97835547
8491,LARS2,0.9649462
8492,LRRC37A3,0.9853383
8493,DPEP1,0.9490577
8494,UPP1,0.96374327
8495,BCL9,0.9749557
8496,ZFYVE19,0.94623315
8497,CDC40,0.9766636
8498,EEF2KMT,0.97016543
8499,IGDCC4,0.945073
8500,CPT1C,0.9338015
8501,DPP10,0.9320461
8502,SLC38A6,0.9733318
8503,PATL1,0.9644388
8504,CFAP57,0.9499162
8505,CXCL8,0.9444869
8506,APOOL,0.928371
8507,COQ10A,0.9733418
8508,EXOSC9,0.94788545
8509,AC239800.2,0.9660023
8510,SLC66A3,0.92752725
8511,AJAP1,0.8145772
8512,ZSCAN1,0.9871932
8513,SNX8,0.95512944
8514,AMDHD2,0.964427
8515,CCL3,0.8768745
8516,SEC24A,0.95660454
8517,DOLK,0.9818727
8518,JMJD4,0.97467697
8519,FLCN,0.9662169
8520,KIAA1958,0.9881869
8521,LYST,0.9415994
8522,ITPKC,0.8159002
8523,ZDHHC16,0.9190118
8524,CCNA1,0.95298
8525,CCDC39,0.95615953
8526,PIH1D2,0.9575382
8527,NME6,0.95963347
8528,ARHGAP29,0.9586767
8529,DHX16,0.9313625
8530,MED8,0.92068976
8531,CRCP,0.9569468
8532,CROT,0.9586058
8533,TMEM99,0.97143
8534,FAM241B,0.9696706
8535,PLEKHG5,0.8550762
8536,WDR20,0.9646651
8537,METTL21A,0.9592237
8538,KIAA1549,0.9703925
8539,KNOP1,0.9316383
8540,TFCP2,0.93338746
8541,SLC44A3,0.9423066
8542,BRSK1,0.9722211
8543,NAA40,0.9842226
8544,AKAP10,0.96062547
8545,ZNF772,0.976313
8546,B3GALNT2,0.97988266
8547,SNX33,0.9623781
8548,SETMAR,0.947964
8549,KIAA0408,0.92669773
8550,DUSP11,0.970079
8551,MIGA2,0.96456397
8552,NIPA1,0.94734806
8553,TNIP2,0.93074024
8554,JMJD6,0.9438279
8555,EFNA1,0.9858473
8556,USP32,0.967131
8557,RASSF7,0.96257794
8558,PDCL3,0.93839604
8559,TGM2,0.9357189
8560,SH3BP5,0.9849286
8561,STK17A,0.9484477
8562,SLC9A7,0.9524889
8563,CAMTA2,0.95715415
8564,TMC6,0.9610754
8565,WDR49,0.98329276
8566,TRIM65,0.97456545
8567,MTHFSD,0.98170775
8568,TMEM204,0.95055234
8569,GMPPB,0.97432315
8570,GALT,0.954193
8571,C3orf18,0.95083016
8572,RPARP-AS1,0.9350389
8573,ACSS2,0.97000057
8574,ZNF25,0.96595275
8575,WWC3,0.97084457
8576,RNF123,0.9712586
8577,PTPN3,0.96859497
8578,SS18L1,0.9529476
8579,UBR1,0.9378978
8580,TSHZ3,0.9605196
8581,TYMS,0.934895
8582,SLC30A7,0.98219633
8583,TAF2,0.96262485
8584,CASKIN1,0.96921337
8585,HOXB-AS1,0.968781
8586,ZNF436-AS1,0.9496054
8587,MRPL20-AS1,0.96615714
8588,DLG5-AS1,0.97971135
8589,RUSC1,0.95659024
8590,GSTM5,0.82294446
8591,ZSCAN26,0.9501524
8592,C12orf65,0.97050995
8593,AP1AR,0.9526682
8594,SATB2,0.9773823
8595,AMACR,0.97431624
8596,COG3,0.9557294
8597,FAM76B,0.957554
8598,SH3RF3,0.973662
8599,KMT2D,0.9683914
8600,BTN3A3,0.95556575
8601,IZUMO4,0.96689564
8602,MAP2K3,0.96592
8603,PTPN1,0.9173046
8604,ING3,0.96389157
8605,YDJC,0.95093346
8606,ZNF585A,0.95352536
8607,TNFRSF1B,0.88218075
8608,TAF6L,0.9617751
8609,ABHD13,0.96537495
8610,PCBP1-AS1,0.95959663
8611,TRMT9B,0.9641127
8612,DCAF15,0.9073339
8613,AC026979.2,0.9568667
8614,NOL10,0.9439937
8615,C2orf50,0.97602504
8616,RUNX1,0.9443621
8617,PELO,0.8872039
8618,NEDD4L,0.9776503
8619,IDE,0.985932
8620,ATF1,0.96756685
8621,ALKBH4,0.9769548
8622,RNF19B,0.9526772
8623,SHKBP1,0.92509216
8624,IPO4,0.97454506
8625,VPS50,0.9825893
8626,MFSD11,0.9766738
8627,PTCH1,0.9753785
8628,DENND3,0.9614236
8629,TRADD,0.9319025
8630,MEX3A,0.96408594
8631,POLL,0.83761543
8632,CCDC88C,0.9662135
8633,NRARP,0.9667607
8634,PCDH7,0.95424885
8635,DNAJB13,0.9647761
8636,ADAMTS3,0.9378532
8637,MAPKBP1,0.93586093
8638,ACADS,0.9773407
8639,RIPK1,0.9527289
8640,GEMIN6,0.980787
8641,LMCD1,0.94411343
8642,ZNF496,0.9548901
8643,DTX4,0.88904893
8644,DGCR8,0.98030025
8645,MTMR9,0.9865961
8646,PNMA8C,0.9700692
8647,HEMK1,0.96080416
8648,LRRC45,0.9807238
8649,RAC3,0.9683507
8650,BTAF1,0.9580433
8651,CAPN15,0.95068127
8652,CDKN2C,0.9730336
8653,NIFK-AS1,0.9597021
8654,TRMT61B,0.9361661
8655,ZXDC,0.96376973
8656,PIGM,0.93072075
8657,CBWD5,0.96607393
8658,FARP2,0.9651559
8659,LINC01338,0.97597724
8660,FAM13C,0.9828807
8661,MTRF1L,0.97438705
8662,ZBTB43,0.96115
8663,ALKBH3,0.9836108
8664,ZBTB5,0.9501246
8665,ZNF266,0.9587509
8666,AC068587.4,0.9759606
8667,ABLIM3,0.92745525
8668,TCOF1,0.968883
8669,PPP2R1B,0.9728988
8670,SETD4,0.9768268
8671,CDK5RAP1,0.9604524
8672,ZMYM6,0.96559966
8673,SLC39A11,0.9637988
8674,ATXN3,0.9692334
8675,AKAP7,0.9704571
8676,PTPN14,0.960923
8677,MTHFD1L,0.94101304
8678,METTL14,0.9755809
8679,CUL7,0.9547315
8680,FKTN,0.9669672
8681,TAB3,0.9659205
8682,NLGN1,0.9667684
8683,CEP250,0.9744748
8684,TMEM201,0.9548988
8685,POLR1A,0.98015803
8686,PRR5,0.9172755
8687,AC093297.2,0.9688511
8688,CGNL1,0.96755296
8689,ACAD10,0.9354516
8690,CYP46A1,0.9780285
8691,NOXA1,0.9810175
8692,LIN37,0.9731208
8693,TCEAL5,0.9421396
8694,ZBTB1,0.9418872
8695,CDC42EP3,0.9612966
8696,MYO16,0.9512046
8697,GPR135,0.981769
8698,TRAPPC2,0.9798154
8699,UMPS,0.9660716
8700,C6orf136,0.9680684
8701,ZNF205,0.95735705
8702,GBE1,0.9757697
8703,CNST,0.9711568
8704,CCDC96,0.9670199
8705,PLCB4,0.9643316
8706,KDM7A,0.823369
8707,B3GNT2,0.9609509
8708,GNAL,0.95277977
8709,FGD4,0.8985077
8710,UIMC1,0.9647584
8711,ANKRA2,0.951856
8712,PRKAB2,0.9665522
8713,GUF1,0.9731744
8714,TARS2,0.962819
8715,TMEM243,0.94886863
8716,MYSM1,0.926665
8717,MTHFD2,0.95016944
8718,XPNPEP3,0.9775588
8719,ARMC2,0.96800995
8720,SPSB1,0.9686071
8721,SH3BGRL2,0.9607657
8722,CBX8,0.9706591
8723,CDK7,0.9561059
8724,RPAP2,0.9054511
8725,CARMIL1,0.9819625
8726,MYH14,0.9860073
8727,ASGR1,0.80356205
8728,DUSP15,0.9799157
8729,PIGZ,0.91746855
8730,PGM2,0.9647148
8731,PTGS1,0.88880396
8732,LRRC24,0.9731698
8733,NEIL1,0.966849
8734,TIGD5,0.97077805
8735,STAM,0.97195786
8736,CDON,0.90055484
8737,EMSY,0.9603692
8738,ZNF585B,0.96576196
8739,CACNB1,0.9663835
8740,AC024075.2,0.9605351
8741,LIMK1,0.91820204
8742,HECTD2,0.95256793
8743,AC006333.2,0.96645564
8744,LYN,0.9466449
8745,KATNA1,0.9427104
8746,DIO3OS,0.90511096
8747,ANAPC1,0.93173283
8748,TDRD7,0.91797227
8749,XAF1,0.96814376
8750,RERG,0.96180946
8751,MED27,0.97990364
8752,VPS54,0.9647623
8753,FGD6,0.9883584
8754,USF3,0.96276766
8755,RP9,0.95095426
8756,ZBTB7B,0.97420585
8757,CEP170B,0.95607007
8758,PLCH1,0.93713963
8759,KRBOX4,0.97114915
8760,AMPD3,0.959097
8761,HIP1,0.9116569
8762,KLF16,0.9708975
8763,ANGPTL2,0.9744882
8764,TEF,0.96081346
8765,MISP3,0.92477924
8766,ETV6,0.9083573
8767,ZNF334,0.9595652
8768,ATG14,0.96165407
8769,LINC00641,0.95337915
8770,TMED8,0.9781268
8771,RORB,0.9769892
8772,MPHOSPH9,0.9674835
8773,RAB11FIP5,0.94474316
8774,SLC29A4,0.96512794
8775,DOCK10,0.9414898
8776,YTHDC2,0.9799059
8777,TSPAN17,0.9415483
8778,CDK12,0.9018994
8779,ZNF195,0.94497937
8780,AL035071.1,0.96950084
8781,ATR,0.9751012
8782,POLR3C,0.93036824
8783,PAK4,0.97880894
8784,MRI1,0.96272266
8785,ZNF599,0.9767456
8786,NRG2,0.9832978
8787,RFX7,0.9660939
8788,MKS1,0.96397936
8789,RNGTT,0.94956815
8790,PARG,0.9742207
8791,DCDC1,0.98148173
8792,MOSMO,0.9739934
8793,LINC01006,0.9693274
8794,FBXL4,0.97610474
8795,SGF29,0.9545375
8796,ANKRD26,0.9425397
8797,NYNRIN,0.98205316
8798,FOXJ2,0.90850246
8799,TRIM29,0.93517464
8800,RFT1,0.977544
8801,RNASE6,0.8686473
8802,POLK,0.9089723
8803,PROSER1,0.96720874
8804,AMMECR1L,0.9561558
8805,CRYBG3,0.95239055
8806,TARBP2,0.96075684
8807,GCAT,0.96888834
8808,TUBGCP3,0.9313256
8809,RAB24,0.94922227
8810,RANBP10,0.95969445
8811,ATL2,0.9700127
8812,CCDC157,0.9872503
8813,WIF1,0.6375317
8814,HVCN1,0.9313992
8815,ECSCR,0.96985286
8816,MIER2,0.86822236
8817,ZNF576,0.9577641
8818,SLC35F2,0.93860435
8819,SNHG17,0.96237034
8820,DCDC2,0.9536924
8821,BMT2,0.9724275
8822,CCDC3,0.83572376
8823,CBWD2,0.9733242
8824,S100A2,0.9349286
8825,TUB,0.96457607
8826,TBPL1,0.96119946
8827,WDR75,0.9789843
8828,MINDY4,0.9598589
8829,SMTN,0.96993726
8830,SIRT1,0.898935
8831,SPATA7,0.9684071
8832,GPALPP1,0.91443264
8833,PIPOX,0.95976937
8834,NEGR1,0.9165989
8835,HARS2,0.96567696
8836,KIF21B,0.9573228
8837,TSPAN9,0.9602315
8838,NIF3L1,0.9742708
8839,STXBP4,0.97092277
8840,TBC1D9,0.9465434
8841,ZNF397,0.9568003
8842,LMOD1,0.9100048
8843,ZBTB46,0.9382954
8844,C6orf52,0.9674288
8845,SNIP1,0.9551646
8846,AMY2B,0.9743877
8847,CLEC16A,0.9591273
8848,MORC3,0.96317786
8849,WDR11-AS1,0.90535057
8850,FAM210A,0.9618445
8851,NUP155,0.95717716
8852,RASGEF1A,0.9538931
8853,SOWAHC,0.9780374
8854,ZNF436,0.96607697
8855,CEP162,0.9466916
8856,ZNF335,0.95387876
8857,BICRAL,0.9515806
8858,TATDN3,0.9622734
8859,GBP3,0.8567661
8860,E2F6,0.9314033
8861,GSDME,0.91568416
8862,FAM124A,0.9404145
8863,TTC13,0.9743145
8864,MCM5,0.96191037
8865,CFAP206,0.98073417
8866,C17orf75,0.96412426
8867,SLC24A4,0.90910786
8868,SLC7A8,0.95001453
8869,RFFL,0.95335835
8870,LMBR1L,0.9494815
8871,AL109811.2,0.9777566
8872,CAP2,0.96568024
8873,DNAH12,0.96962875
8874,ZNF740,0.95442575
8875,SLC25A14,0.9738787
8876,TTC26,0.9765434
8877,CEP192,0.9455699
8878,TMEM220,0.9748259
8879,TRIM22,0.9149995
8880,ATL1,0.92576164
8881,XPO4,0.9865912
8882,JHY,0.9682087
8883,STARD8,0.8863148
8884,TRIM11,0.94882965
8885,CSNK1G1,0.921467
8886,TXNL4B,0.9433922
8887,CBX7,0.9153262
8888,USPL1,0.953203
8889,AC005332.4,0.94588846
8890,CRAMP1,0.9669176
8891,CNTLN,0.9543371
8892,P3H1,0.9273104
8893,UTP23,0.9523926
8894,POU6F1,0.9544883
8895,IFITM10,0.9380406
8896,LRRC40,0.97091526
8897,RNF135,0.9743937
8898,HACD4,0.9587366
8899,EPG5,0.9595496
8900,ZNF514,0.88760895
8901,C6orf47,0.95155275
8902,PNO1,0.962345
8903,MED23,0.9501389
8904,LENG1,0.9684687
8905,FBXO15,0.97050416
8906,GPR89A,0.9619632
8907,ETAA1,0.87474304
8908,POGLUT3,0.9761971
8909,RSPH14,0.9512969
8910,CENPS,0.9622582
8911,LRRC74B,0.9699197
8912,TMIGD3,0.86601555
8913,KIF3C,0.95578855
8914,NLK,0.9698886
8915,SRPK1,0.9522813
8916,SORD,0.97248787
8917,PARP12,0.96376413
8918,EEFSEC,0.9771042
8919,CASP2,0.9253114
8920,PRPF39,0.9539256
8921,CYP4F3,0.9591066
8922,WDR27,0.95241183
8923,ANAPC10,0.9532002
8924,DHDDS,0.9699855
8925,SLC9A8,0.9218159
8926,CLSTN3,0.90176165
8927,COPG2,0.96668386
8928,CEP131,0.9652856
8929,COL9A3,0.9234419
8930,BAG2,0.97762054
8931,RGS2,0.9623702
8932,NT5DC1,0.9477102
8933,PLK3,0.9640079
8934,CHDH,0.9566676
8935,PLN,0.93142897
8936,NID2,0.9081273
8937,CAMK1,0.94689465
8938,CDKN2AIP,0.9584053
8939,LCLAT1,0.96984357
8940,FUT11,0.93888104
8941,WAC-AS1,0.9601098
8942,FAM184A,0.9593237
8943,BEND7,0.95833415
8944,NCOA7,0.94205505
8945,SLA,0.9140388
8946,RHBDF2,0.97534275
8947,WDR55,0.7985791
8948,SCNN1D,0.9292889
8949,SEH1L,0.93740284
8950,AZIN1-AS1,0.96241057
8951,EMILIN3,0.96004635
8952,RAB11FIP4,0.9665993
8953,CDK2,0.846249
8954,EFCAB12,0.9733941
8955,PUS7L,0.9236199
8956,SAMD14,0.9490162
8957,GIMAP4,0.9174096
8958,ZNF528,0.9677884
8959,GLCCI1,0.9699694
8960,HACE1,0.9486151
8961,ZNF548,0.90771115
8962,PPP1R13L,0.87847465
8963,MAK,0.97030544
8964,ANKMY1,0.96760094
8965,ZNF609,0.96723217
8966,MPND,0.940175
8967,PDE3A,0.96204513
8968,RNASEH1,0.8571652
8969,PSEN2,0.97070587
8970,SEPTIN6,0.939119
8971,C11orf24,0.9519359
8972,SLC37A3,0.9619345
8973,MTIF2,0.9254611
8974,C8orf37,0.982256
8975,SERPINI2,0.97719
8976,GRIK1,0.92436993
8977,GEMIN5,0.98046273
8978,PURG,0.9802113
8979,ZNF507,0.9656123
8980,ZNF605,0.9814345
8981,NEURL1B,0.963673
8982,RESF1,0.9702679
8983,PRKCD,0.94289196
8984,HOXA3,0.9412909
8985,TGFBRAP1,0.95276576
8986,SEC24D,0.889225
8987,SEZ6L2,0.92923194
8988,FXN,0.9682903
8989,EDNRA,0.956577
8990,KIAA0513,0.90937215
8991,NSMCE2,0.95992404
8992,CCDC81,0.98362917
8993,MARCH3,0.95224863
8994,AMBRA1,0.95877564
8995,AC008915.2,0.97964907
8996,HIF1AN,0.9637417
8997,MINDY3,0.9722699
8998,TFCP2L1,0.91674787
8999,ZNF281,0.8727892
9000,FAM174A,0.98242396
9001,SP4,0.9125964
9002,ZNF322,0.9456127
9003,C12orf43,0.9714284
9004,NRDE2,0.956369
9005,NPR2,0.9138579
9006,BBS7,0.9245254
9007,WDR70,0.9594179
9008,PRRT2,0.9415181
9009,GGT7,0.8789358
9010,SLC25A42,0.9430485
9011,SCMH1,0.9578516
9012,CEP104,0.9516257
9013,DOCK6,0.9638901
9014,ABCD1,0.91122526
9015,TBC1D22A,0.9430832
9016,TSPYL5,0.9765538
9017,ZCCHC7,0.9651062
9018,PYROXD1,0.95616806
9019,LIG1,0.8963571
9020,RASSF1,0.9387332
9021,ZNF213-AS1,0.96554023
9022,PCGF1,0.97817737
9023,ARHGEF3,0.92539394
9024,PYCR1,0.93282217
9025,ERMAP,0.9767064
9026,LINC00339,0.975119
9027,ELL,0.97422475
9028,APOL6,0.96256816
9029,KANSL2,0.9571638
9030,RBFA,0.97390944
9031,RIIAD1,0.9546412
9032,GHDC,0.95644224
9033,GFOD1,0.92559177
9034,LRRC10B,0.95165265
9035,NVL,0.9656836
9036,P2RX7,0.90066147
9037,CDKN2D,0.9559626
9038,ARID5A,0.9222236
9039,C12orf73,0.9100795
9040,AMH,0.9230259
9041,ENPP5,0.87380296
9042,ZGPAT,0.9499856
9043,PXMP4,0.96803623
9044,KIFC3,0.94048166
9045,ITGA2,0.9333655
9046,TTC29,0.9336706
9047,BICD1,0.9344263
9048,PLBD2,0.9364833
9049,OPN3,0.9592973
9050,MARCH1,0.920612
9051,FAM161B,0.9479226
9052,SV2A,0.96925026
9053,ANKS1B,0.9539108
9054,PACSIN3,0.956854
9055,ANKRD44,0.95615524
9056,ZNF777,0.96251094
9057,RDH10,0.932129
9058,CXorf56,0.9626131
9059,HAMP,0.9385175
9060,BEST4,0.9633517
9061,FBXO33,0.968438
9062,LINC00909,0.9728865
9063,L3HYPDH,0.96529377
9064,TBC1D12,0.9479899
9065,REEP4,0.9659299
9066,MINPP1,0.96402824
9067,SHROOM1,0.9680204
9068,LEO1,0.9475369
9069,INTS13,0.9543398
9070,TIMP4,0.9648453
9071,LRRC4,0.90144885
9072,ELAC1,0.96624005
9073,HSF2,0.9651883
9074,FAM166B,0.9451873
9075,C12orf29,0.91665566
9076,TBCEL,0.9481073
9077,RPUSD3,0.951468
9078,MBTPS2,0.92290825
9079,CEP19,0.9836696
9080,HHATL,0.89582956
9081,RILP,0.95113385
9082,PKMYT1,0.9740777
9083,KCNMB4,0.97859293
9084,ADAMTSL2,0.92925185
9085,OTUD6B,0.96149355
9086,ANG,0.9768809
9087,SMPD2,0.98098814
9088,ALDH1L1-AS2,0.96486145
9089,ZNF7,0.96055955
9090,SLC25A13,0.96412927
9091,DHX57,0.9170451
9092,ARFGEF3,0.96581805
9093,FAM81A,0.9568046
9094,USP21,0.9484959
9095,GBP2,0.82241374
9096,POC1B,0.91891426
9097,MORC2,0.9623796
9098,CAMKV,0.94588566
9099,RAD54L2,0.9448858
9100,UBIAD1,0.959345
9101,SGSH,0.9783004
9102,BX255925.3,0.9663182
9103,ZSCAN29,0.9509414
9104,HIRA,0.9693734
9105,ZCCHC8,0.9412473
9106,WDR83,0.9578133
9107,MROH7,0.91788304
9108,CHST11,0.95620435
9109,SGK3,0.9569213
9110,NCKAP5,0.936761
9111,AC008267.5,0.9804799
9112,SELPLG,0.94990236
9113,SYDE1,0.97041225
9114,NFATC2,0.94892246
9115,PHF19,0.90008163
9116,DPY19L2,0.9724256
9117,TCF20,0.9267259
9118,LIAS,0.95299816
9119,MIER3,0.9633407
9120,ABCC10,0.9582822
9121,MAD1L1,0.93589485
9122,NSMAF,0.92329186
9123,COLQ,0.959023
9124,NUDT12,0.95602447
9125,KLHDC4,0.96118194
9126,DGCR6,0.93293446
9127,ZNF134,0.9422895
9128,MS4A4A,0.93081915
9129,ZFYVE1,0.9101711
9130,ZNF211,0.943676
9131,ZC3H3,0.953463
9132,GNPNAT1,0.964879
9133,ALOX12-AS1,0.9630159
9134,PICK1,0.9647239
9135,FBXL12,0.9666684
9136,RHPN2,0.9641997
9137,ATP6V0A2,0.9757396
9138,ZNF503-AS2,0.9672827
9139,SLFN5,0.9583572
9140,NUBPL,0.9710299
9141,AREL1,0.9520073
9142,OAS3,0.8949313
9143,EHD4,0.96735156
9144,AP5S1,0.9637025
9145,ZCCHC9,0.96866417
9146,NBPF26,0.9390372
9147,APBB1IP,0.97028315
9148,TTPAL,0.95603186
9149,ADGRE5,0.919233
9150,ZMYND19,0.96813047
9151,GNL3L,0.95985645
9152,FAM126B,0.95094824
9153,MYLIP,0.9439477
9154,GAL3ST4,0.9780088
9155,NR1D1,0.92656475
9156,BEND6,0.9813649
9157,GLRX2,0.9709627
9158,PLAUR,0.96693486
9159,INTS6-AS1,0.97284234
9160,MAML1,0.91766995
9161,LTV1,0.97295874
9162,C16orf87,0.93594176
9163,SH2B3,0.9289037
9164,ZNF181,0.9731298
9165,HDAC9,0.95180595
9166,TMEM246,0.9615942
9167,CHIC1,0.96360403
9168,RFTN1,0.9168306
9169,BOLA2B,0.9787221
9170,CBLB,0.97004205
9171,RASL10B,0.945588
9172,C11orf87,0.81554884
9173,RUNX2,0.9646568
9174,MAST3,0.9651089
9175,MTA2,0.94395196
9176,INO80,0.96851456
9177,RNPC3,0.9675196
9178,LCORL,0.9667714
9179,TBCC,0.9431116
9180,BVES,0.77293193
9181,NKIRAS1,0.9693826
9182,PRUNE1,0.9234677
9183,ACSF2,0.8619671
9184,PPP4R4,0.95751446
9185,LINC02696,0.96257585
9186,WDR12,0.97715527
9187,APOM,0.9596194
9188,CENPQ,0.96470195
9189,CWC22,0.953155
9190,TRIP10,0.9014153
9191,RBM19,0.95824534
9192,ZNF333,0.94652814
9193,ALKBH6,0.9287795
9194,THEM4,0.9634123
9195,PCDH18,0.97017056
9196,PGAM5,0.9664791
9197,SLC12A6,0.94250196
9198,NFKBIE,0.9203187
9199,RBMS3,0.85412943
9200,DNAH2,0.97253
9201,ARMC5,0.93742794
9202,IRX3,0.9788885
9203,MTHFR,0.97236186
9204,RIOK2,0.96818644
9205,CLEC2B,0.9648943
9206,RNF25,0.97610086
9207,VPS37C,0.97876006
9208,ZNF224,0.94300276
9209,ZNF277,0.9538267
9210,ATP6V1G2,0.9625827
9211,SSTR1,0.81437695
9212,COQ6,0.96795046
9213,GALNT7,0.9086264
9214,ARRDC2,0.7458578
9215,CCDC117,0.9624475
9216,ZNF318,0.97877014
9217,ZNF641,0.9369902
9218,PPAN,0.92691314
9219,DLEC1,0.96751374
9220,TADA1,0.9533418
9221,PPWD1,0.9600962
9222,AL050341.2,0.9516702
9223,ZNF135,0.9755234
9224,C19orf44,0.8216222
9225,FOXP4,0.95628756
9226,BCLAF3,0.9861065
9227,GPATCH4,0.93497556
9228,SOCS7,0.9529959
9229,RFC4,0.97570044
9230,C15orf65,0.9718763
9231,SPRY1,0.9399209
9232,ABCC1,0.97684276
9233,PPP1R14C,0.97150666
9234,FBXO38,0.939453
9235,LYSMD3,0.9562882
9236,OTUD1,0.9591414
9237,MBD5,0.96153206
9238,LINC01089,0.9459739
9239,PEX12,0.882198
9240,ZMYND12,0.91298705
9241,AC010883.3,0.9155129
9242,CAVIN2,0.94398636
9243,ZNF558,0.94703275
9244,FAM167A-AS1,0.8837381
9245,SCAF4,0.9598883
9246,AIF1L,0.9066264
9247,ADCY7,0.97723293
9248,THRB,0.94757175
9249,HECTD3,0.95728654
9250,MFSD14C,0.91762
9251,RABGGTA,0.96819717
9252,RFLNB,0.90925395
9253,PDSS2,0.9693147
9254,CAPS2,0.9699868
9255,LILRB4,0.912302
9256,ARFGEF2,0.9696504
9257,APBA3,0.9692252
9258,AC092958.1,0.95525044
9259,CORO7,0.9350047
9260,A2ML1,0.9856983
9261,ZNF212,0.9787324
9262,LTF,0.8487616
9263,PXK,0.9514777
9264,MOSPD1,0.9561991
9265,MIEF2,0.96301305
9266,QRSL1,0.9282199
9267,NOC3L,0.9674471
9268,FIG4,0.9757723
9269,PRKCB,0.9017387
9270,TIMM29,0.9538726
9271,MAB21L1,0.9654462
9272,ZNF577,0.96113884
9273,TMEM265,0.9681388
9274,CLCN4,0.9702941
9275,SLC8B1,0.97179824
9276,C4orf33,0.95288026
9277,INPP1,0.9141733
9278,RBBP8,0.9704188
9279,ZFP1,0.9409246
9280,SPACA6,0.98009884
9281,C5orf30,0.97366345
9282,ICA1,0.9527893
9283,C1orf143,0.971949
9284,USP43,0.97124374
9285,C1orf109,0.9759397
9286,DAGLB,0.92642033
9287,INTS6,0.9589343
9288,NUP37,0.9619376
9289,AC008771.1,0.97168463
9290,POLR3A,0.8790778
9291,THSD4,0.942684
9292,LIME1,0.9407687
9293,TBK1,0.96819973
9294,SLC7A6OS,0.971646
9295,POLB,0.9559668
9296,EFCAB7,0.95612806
9297,NECTIN3,0.9810458
9298,HMGCLL1,0.9274097
9299,GEMIN7,0.9571222
9300,C18orf21,0.7892362
9301,TMEM144,0.96493894
9302,DOK6,0.96973133
9303,TMEM41A,0.84300095
9304,EFCAB11,0.9641959
9305,AC040169.1,0.9672097
9306,UGGT2,0.97038764
9307,EXOSC2,0.96449727
9308,SP110,0.92481357
9309,ZNRF2,0.9586908
9310,NLGN4X,0.9225791
9311,LUZP1,0.97541493
9312,DUBR,0.9527517
9313,LONRF2,0.96522325
9314,RBBP5,0.9625233
9315,MIR31HG,0.986605
9316,NPL,0.9257145
9317,KPTN,0.9724914
9318,SLC22A5,0.9576848
9319,TXLNG,0.9458011
9320,TFEB,0.9757317
9321,ZNF561,0.9703688
9322,TMEM104,0.9821232
9323,CCDC22,0.9738358
9324,FDXR,0.9351837
9325,MTF1,0.8750903
9326,RPP14,0.9469817
9327,RPAP1,0.9430404
9328,NAPRT,0.9433058
9329,SPOPL,0.96871793
9330,SPTY2D1,0.930329
9331,STC2,0.84576833
9332,ZFYVE9,0.9698538
9333,EDEM1,0.9030771
9334,GK,0.94473916
9335,EVI2B,0.9616471
9336,CWF19L1,0.95992965
9337,MSTO1,0.9090818
9338,PLAA,0.92267704
9339,NRBF2,0.9524755
9340,PXDN,0.9173531
9341,DPH6,0.93360966
9342,KCTD7,0.95793897
9343,TRMT5,0.9194325
9344,NOL4L,0.89384526
9345,LMF1,0.9607697
9346,ZNF623,0.9555239
9347,NOP16,0.9706484
9348,C1orf131,0.9622582
9349,LINC00882,0.95797074
9350,UBN1,0.977167
9351,ZFHX2,0.96320504
9352,SKP2,0.9357816
9353,CLEC19A,0.89539737
9354,HDAC4-AS1,0.9776139
9355,MYO5C,0.92801243
9356,PCBP3,0.9262579
9357,B4GALT6,0.97074634
9358,PRIMA1,0.9604874
9359,HLA-DRB5,0.6361294
9360,AC132217.1,0.88301307
9361,SLC4A7,0.9268366
9362,TLR4,0.95758057
9363,RIC3,0.9692978
9364,SGTB,0.96396977
9365,GSKIP,0.9479888
9366,TTF1,0.9813546
9367,MORN1,0.9794958
9368,TMEM240,0.9547936
9369,FBXO46,0.97791827
9370,SYNJ1,0.97701246
9371,AC016924.1,0.9663165
9372,KIZ,0.9487314
9373,UCK2,0.93828934
9374,NIM1K,0.98314476
9375,ZNF747,0.96752316
9376,FAM102B,0.9454257
9377,RACGAP1,0.9172182
9378,ZNF528-AS1,0.9592484
9379,SPSB2,0.9326199
9380,CPXM2,0.74245447
9381,CRADD,0.9631705
9382,TSTD3,0.9771057
9383,SLC66A1,0.9537664
9384,SLC35G2,0.9758612
9385,C2CD3,0.9657137
9386,MYNN,0.93766636
9387,SDK1,0.9440902
9388,EIF2B3,0.9508856
9389,KIAA0753,0.95959985
9390,VSTM4,0.947442
9391,ECD,0.9263238
9392,CTDP1,0.9745608
9393,WDR36,0.94516
9394,ADCY8,0.71707547
9395,DDB2,0.9530209
9396,PRR12,0.9896411
9397,NHLRC3,0.90760523
9398,ZNF432,0.9456996
9399,MAP3K4,0.97336155
9400,C7orf25,0.97224826
9401,INTS12,0.95518935
9402,INTS6L,0.9593312
9403,ZNF671,0.9637435
9404,TMEM17,0.9669929
9405,AL356599.1,0.97004735
9406,CFAP221,0.96416503
9407,SLC35E3,0.9271804
9408,AGK,0.90825003
9409,RPIA,0.94066393
9410,KLHL28,0.92364454
9411,ZNF287,0.97698104
9412,PLAG1,0.96971476
9413,RELCH,0.9572744
9414,ATPSCKMT,0.89779943
9415,TBC1D22B,0.9615024
9416,MACROD1,0.95699024
9417,FAM221A,0.96995723
9418,DBR1,0.9395216
9419,C2orf69,0.94419235
9420,ANKRD36C,0.92150146
9421,LIMD1,0.92999685
9422,CMTM5,0.94480324
9423,ZNF780A,0.96863896
9424,EML2,0.94635624
9425,STK38,0.9724637
9426,ZNF140,0.8908132
9427,ZNF680,0.92990035
9428,TAGLN3,0.96404666
9429,GPD1L,0.9754276
9430,GRK6,0.9723158
9431,ATF5,0.9365362
9432,HPS3,0.9014569
9433,HIST1H2BD,0.9569257
9434,UTP25,0.9612196
9435,PCNX2,0.8927735
9436,C2,0.9552227
9437,MCU,0.9672609
9438,SLFN11,0.9523236
9439,GAB2,0.9593138
9440,CNTROB,0.97179794
9441,GGACT,0.9623601
9442,ZNF471,0.9432338
9443,CCDC112,0.89070845
9444,PIBF1,0.9643691
9445,PAK1IP1,0.956113
9446,STXBP5,0.97874075
9447,CHUK,0.97204775
9448,MHENCR,0.9818594
9449,SKIDA1,0.9751118
9450,PRR3,0.88007027
9451,CTSK,0.9100358
9452,AC013470.2,0.92094815
9453,WDR81,0.9301032
9454,GPRC5C,0.9653495
9455,APTR,0.9606481
9456,NMI,0.8325943
9457,SMIM8,0.84122944
9458,CCDC174,0.97148705
9459,THAP1,0.9634981
9460,KANSL1L,0.9558422
9461,RGS20,0.95223945
9462,KDM1B,0.9716286
9463,TOPBP1,0.9540327
9464,TUT7,0.96532166
9465,MIA2,0.9673538
9466,OBI1,0.9515853
9467,RAPH1,0.90021676
9468,RFC5,0.97590244
9469,MORN3,0.9488279
9470,MTFMT,0.9418872
9471,TBC1D24,0.9695533
9472,SLC2A11,0.96543944
9473,DSEL,0.88358337
9474,GPHN,0.96636075
9475,GPN2,0.95901793
9476,PLPP5,0.9250908
9477,ZNF133,0.94630873
9478,LRIG3,0.96012753
9479,TLN2,0.96841747
9480,PDGFC,0.96974283
9481,RMI1,0.9525393
9482,TENT4B,0.9549497
9483,EFNA5,0.95524263
9484,ELMOD3,0.9616658
9485,TACC2,0.9576854
9486,TRDMT1,0.9502777
9487,MVK,0.96050483
9488,LPCAT2,0.8790099
9489,RAB33B,0.9702684
9490,ALMS1,0.9698769
9491,NRF1,0.95296735
9492,CEP44,0.9682415
9493,TRAPPC6B,0.9602743
9494,FEN1,0.90031105
9495,ZNF131,0.96290344
9496,LAMC3,0.9384446
9497,SDCBP2,0.8654089
9498,TTC9C,0.90653104
9499,TOR2A,0.9694248
9500,PRMT6,0.96108663
9501,SNHG20,0.97556895
9502,PBX2,0.95800936
9503,STK3,0.94028187
9504,TDG,0.8998567
9505,CASP8AP2,0.9465019
9506,PYCR3,0.9566822
9507,ADAM22,0.9626914
9508,ZNF197,0.96600467
9509,TMEM63A,0.9434689
9510,ZNF319,0.9405473
9511,CHM,0.9582575
9512,DOP1A,0.9594199
9513,RRP8,0.9618972
9514,NIPBL-DT,0.9609727
9515,SNX11,0.9468506
9516,SPATC1L,0.9481081
9517,SLC25A40,0.97026044
9518,TUT1,0.93890077
9519,ANKRD52,0.9356274
9520,TTC23,0.9555541
9521,HCCS,0.89943594
9522,PRMT3,0.9741835
9523,TEKT4,0.9525757
9524,GPRASP1,0.90811664
9525,SMG8,0.9643725
9526,UVRAG,0.95813906
9527,TMLHE,0.9264913
9528,BNC2,0.9474039
9529,SH3BP5L,0.9792027
9530,CAMSAP3,0.9618667
9531,PLA2G4C,0.932174
9532,AL392172.1,0.9663848
9533,TWISTNB,0.96299267
9534,MALT1,0.9364323
9535,IER5L,0.87960446
9536,C16orf46,0.9753622
9537,BTN3A1,0.9422933
9538,FAM182A,0.9565566
9539,NAA25,0.9708203
9540,DLL1,0.9616702
9541,ETV5,0.8520709
9542,MOCS1,0.90013736
9543,EFCAB10,0.90595716
9544,MAIP1,0.95828396
9545,MOB3B,0.92449856
9546,INTS4,0.95438373
9547,PPM1E,0.9412592
9548,PLLP,0.93918264
9549,DDX60,0.9615518
9550,TOM1L1,0.9658398
9551,TUBGCP4,0.9310287
9552,IGSF21,0.90760297
9553,CCDC102A,0.961305
9554,WDR44,0.899226
9555,IQCB1,0.95867604
9556,GAREM1,0.9689544
9557,PEX1,0.87142575
9558,AUH,0.9205719
9559,ICK,0.9594614
9560,DCPS,0.9360615
9561,MTAP,0.9488973
9562,RINT1,0.9331751
9563,VXN,0.94236857
9564,MCM2,0.96883684
9565,TRPV1,0.9145158
9566,CCN3,0.93582875
9567,PPTC7,0.9336036
9568,EHD3,0.9544799
9569,SLC35B3,0.9538482
9570,ST7L,0.93562746
9571,MAP3K6,0.9282962
9572,KDM4C,0.9501317
9573,ZDBF2,0.9669736
9574,AC233723.1,0.9577449
9575,MSANTD2,0.9675737
9576,OGDHL,0.84419495
9577,FBXO36,0.9745263
9578,NBPF14,0.9741363
9579,ZNF331,0.965166
9580,PMS1,0.96297497
9581,NBPF11,0.9644694
9582,RLF,0.93983877
9583,FNDC1,0.5627615
9584,CDKAL1,0.9598832
9585,FGGY,0.9589122
9586,ZNF574,0.9219155
9587,ATAD2,0.936603
9588,AGTPBP1,0.9536861
9589,SIDT1,0.96292704
9590,FRMD4B,0.89583105
9591,NBPF12,0.8318385
9592,HIST1H4C,0.90340674
9593,PYROXD2,0.97186744
9594,RAMP3,0.8263671
9595,TBC1D10A,0.92467433
9596,TSEN2,0.96836156
9597,IL16,0.9631734
9598,SHISA6,0.9871718
9599,FBXO6,0.9783101
9600,TUBE1,0.9571722
9601,GINS3,0.9390008
9602,ZNF844,0.92269045
9603,SAPCD1,0.9633647
9604,TMIE,0.92554474
9605,NCKAP5L,0.95617473
9606,NPM3,0.9198495
9607,ZFP3,0.9661694
9608,C1QTNF4,0.9169565
9609,METAP1,0.94249296
9610,PCED1B-AS1,0.9404874
9611,BAZ1A,0.9739916
9612,CDH20,0.9614138
9613,BRMS1L,0.97831005
9614,LIFR-AS1,0.9392415
9615,ADAMTS10,0.9717159
9616,RGP1,0.95393306
9617,YPEL2,0.98073024
9618,EVI2A,0.9342489
9619,THUMPD2,0.88477135
9620,SCAMP1-AS1,0.97031456
9621,PPP2R3A,0.9375477
9622,POLR3F,0.9673023
9623,STIMATE,0.9705492
9624,SLC39A4,0.94936943
9625,GTF2E1,0.96843624
9626,TIGAR,0.92905957
9627,CCDC86,0.9036011
9628,REXO1,0.946256
9629,AZGP1,0.90802824
9630,MXD3,0.932497
9631,LCP2,0.9318905
9632,INTS2,0.9640657
9633,DIAPH3,0.96953195
9634,IRF2BP1,0.9555755
9635,ARL10,0.93458974
9636,ZBTB34,0.9618829
9637,LTN1,0.97227865
9638,KCTD13,0.90774333
9639,ZNF213,0.9687937
9640,TEX10,0.91022307
9641,PLXNC1,0.97296286
9642,ZNF470,0.96109504
9643,GPX8,0.9564311
9644,HEATR5B,0.94922066
9645,KRBA1,0.92213213
9646,TLCD1,0.92103535
9647,GREB1L,0.9533102
9648,ELMO1,0.86405754
9649,ADORA3,0.94156396
9650,FAM222B,0.92855364
9651,SAXO2,0.979564
9652,ATG4D,0.92068434
9653,SPATA24,0.962823
9654,ENPEP,0.9575261
9655,RFXAP,0.95613664
9656,GPR155,0.9549673
9657,RAP1GAP,0.92718124
9658,USP30,0.95733786
9659,AK8,0.949255
9660,TANGO2,0.97315824
9661,CPT1A,0.9616911
9662,DONSON,0.96351105
9663,EXOSC5,0.9339966
9664,AP001816.1,0.9602428
9665,SEC22A,0.95418555
9666,ARMCX4,0.8871797
9667,ATF7IP2,0.95554465
9668,NUTM2B-AS1,0.9327506
9669,PGGHG,0.89045703
9670,DDX55,0.96229583
9671,TRUB1,0.9786873
9672,MAD2L1BP,0.97815686
9673,HPS5,0.91969424
9674,NFKB2,0.94670403
9675,DDI2,0.91198593
9676,TRIP4,0.94832945
9677,NAV3,0.94741863
9678,AARS2,0.9396607
9679,GEMIN2,0.8846339
9680,RNF175,0.916607
9681,PRKAA2,0.9287076
9682,GLA,0.9699446
9683,ARHGAP19,0.9395967
9684,SLC12A5,0.94455487
9685,SOX13,0.9624642
9686,WDR63,0.9522299
9687,ZNF254,0.94808763
9688,HLA-DOA,0.9032649
9689,KLHL18,0.8726789
9690,FAM189B,0.95534647
9691,CENPC,0.9626323
9692,TSEN54,0.9581651
9693,NOP9,0.97270143
9694,CNEP1R1,0.9743071
9695,ACSBG1,0.958913
9696,BRCC3,0.93986845
9697,EPB41,0.9415426
9698,ZBTB14,0.9298335
9699,PPRC1,0.96487856
9700,PPP1R13B,0.96720725
9701,ACVR2A,0.9654203
9702,RNF180,0.9006211
9703,ETNK2,0.9553976
9704,AHR,0.873496
9705,ZNF273,0.950049
9706,KRIT1,0.9643159
9707,RBM15,0.8783708
9708,USF1,0.95075244
9709,FAM117B,0.94876957
9710,FITM2,0.88958883
9711,FBXL20,0.9522634
9712,ST3GAL6,0.9651478
9713,ZNF830,0.9582925
9714,HSD17B7,0.9316792
9715,SFT2D3,0.98625964
9716,TMEM135,0.9597805
9717,PSTK,0.93039715
9718,LRFN3,0.8976456
9719,CHCHD4,0.95645636
9720,VIPAS39,0.9275154
9721,LIMS2,0.9380922
9722,ZNF346,0.9662305
9723,SEC61A2,0.9586225
9724,PFAS,0.94081974
9725,STK32A,0.9493226
9726,PRKCZ,0.9583804
9727,AC020916.1,0.95300907
9728,PEX3,0.9714928
9729,HOMER2,0.96382374
9730,BLZF1,0.93699056
9731,RWDD3,0.9692277
9732,HINFP,0.94690937
9733,TRAF3IP2-AS1,0.9708826
9734,NOP14-AS1,0.9705859
9735,HACL1,0.96437275
9736,DPYD,0.9458588
9737,RNF152,0.95010895
9738,SMIM10L2A,0.98134506
9739,HCFC2,0.95984995
9740,RBAK,0.907319
9741,ZC3HC1,0.96175957
9742,EEF2K,0.9428181
9743,CLEC3B,0.90370256
9744,EID2B,0.86395323
9745,NR3C2,0.97265166
9746,EPB41L4B,0.95416737
9747,AC016705.2,0.9467683
9748,LRRC20,0.9393798
9749,SLC25A24,0.95895284
9750,ZKSCAN5,0.96099275
9751,LRMDA,0.9306545
9752,PARP3,0.96563596
9753,FAM126A,0.9660373
9754,SYNPO,0.9542346
9755,DLEU1,0.9742288
9756,WDR93,0.9531642
9757,HIVEP1,0.9577133
9758,SLC46A1,0.92115813
9759,SYT16,0.9252428
9760,MOSPD2,0.95419276
9761,ZFP64,0.97072977
9762,TET3,0.96840525
9763,SRBD1,0.9553737
9764,MGME1,0.9440039
9765,ATG16L2,0.94149715
9766,TCHP,0.9713807
9767,ARMT1,0.9520937
9768,GPR173,0.96480453
9769,RCL1,0.95482343
9770,HSPA12A,0.9394165
9771,GPSM3,0.93166035
9772,MTFP1,0.8941522
9773,DDX59,0.9439858
9774,BRWD3,0.95315695
9775,BDH1,0.96359646
9776,ZCCHC18,0.9557253
9777,CTBP1-DT,0.96227604
9778,ZFP14,0.9690094
9779,AC091729.3,0.9684225
9780,AP4B1,0.96178913
9781,MAP3K14,0.94784915
9782,ZNF800,0.957383
9783,FOXN2,0.9362117
9784,ZSCAN5A,0.98053753
9785,ABRAXAS2,0.96152097
9786,SHPRH,0.7842193
9787,ZNF562,0.9342374
9788,LOXL2,0.95886624
9789,ZNF709,0.97002965
9790,TAPBPL,0.94256586
9791,PAPOLG,0.94610065
9792,SLC44A5,0.8793292
9793,PRDM4,0.8558587
9794,TOR1B,0.9426866
9795,IGF2BP1,0.9640616
9796,RBM48,0.82755935
9797,FKBP11,0.9045659
9798,TEN1,0.9186573
9799,TMEM38A,0.96701497
9800,SEMA6B,0.9651261
9801,ERMP1,0.88200873
9802,SOX18,0.88997346
9803,CMTR2,0.95225346
9804,LMTK2,0.95012444
9805,RUNX1T1,0.96941125
9806,ZRSR2,0.94421405
9807,DNM1,0.92308694
9808,SERPINB9,0.9745116
9809,PPP1R37,0.95676315
9810,SMARCAL1,0.9490176
9811,TMEM145,0.963297
9812,SYT7,0.88815635
9813,DDX20,0.9705926
9814,SPINT2,0.8816027
9815,CEBPA,0.9324479
9816,ZNF438,0.94266903
9817,HSPB6,0.9299769
9818,DGKI,0.96130913
9819,LINC01138,0.95874417
9820,GMDS,0.94568115
9821,MMP9,0.91465527
9822,LTO1,0.9443603
9823,LBH,0.9344438
9824,NR1H3,0.94617
9825,ZBTB7C,0.9368878
9826,ADSSL1,0.963355
9827,ATAD2B,0.97438365
9828,DECR2,0.9489301
9829,CTPS2,0.97759384
9830,FILIP1,0.94381857
9831,AC090114.2,0.87539643
9832,TRMT11,0.95094246
9833,HOXA-AS2,0.9670482
9834,MON1A,0.9580463
9835,PLEKHG2,0.9232623
9836,CCDC32,0.88917583
9837,CHML,0.9634639
9838,ERCC4,0.95101875
9839,EPHA7,0.9537248
9840,NUP88,0.96132076
9841,KDM6A,0.86356485
9842,CEMIP2,0.8732657
9843,NOA1,0.9005516
9844,RRS1,0.95503914
9845,RMC1,0.9810734
9846,SIGLEC10,0.879097
9847,C9orf40,0.9608589
9848,NEXMIF,0.97097594
9849,IRAK1BP1,0.96197987
9850,MFSD8,0.9425868
9851,TEDC1,0.9676641
9852,ABRACL,0.91775465
9853,PET117,0.91472
9854,HSPA14-1,0.9580572
9855,NBR2,0.9519095
9856,ZNF614,0.96013784
9857,PPT2,0.94802237
9858,TC2N,0.945684
9859,RNF157,0.93260086
9860,VWA8,0.9791115
9861,POLR1E,0.9499645
9862,UHRF1BP1L,0.9351984
9863,EIF1AD,0.94515413
9864,TAF8,0.9711083
9865,PRR36,0.9343196
9866,RTL8B,0.9712657
9867,SLC5A6,0.96071136
9868,AMN1,0.95192015
9869,TRIM39,0.9677867
9870,INTS7,0.9572137
9871,AGAP4,0.9589477
9872,SIRT6,0.9462523
9873,LDLR,0.89256865
9874,MED20,0.93534005
9875,PARD6A,0.93081504
9876,TRAF6,0.9517004
9877,NTN1,0.97335273
9878,NAA16,0.9541048
9879,FRMPD2,0.98074657
9880,YPEL1,0.980027
9881,SLC39A8,0.9077588
9882,ZNF185,0.95314795
9883,SLC26A2,0.8498777
9884,ZNF736,0.9438835
9885,RTCA-AS1,0.9579593
9886,TMEM132E,0.92474383
9887,LDAH,0.95451516
9888,CEP120,0.9512268
9889,RAPGEF6,0.9600924
9890,KCNE4,0.9230502
9891,SRD5A1,0.9683077
9892,FASTKD5,0.9387722
9893,TLR2,0.8549186
9894,TBP,0.94680184
9895,LXN,0.9342431
9896,TMEM267,0.9669724
9897,STK10,0.92175275
9898,GTF2IRD1,0.9693052
9899,TMEM255A,0.86661583
9900,SCRN3,0.85056216
9901,ACOT11,0.965556
9902,PHTF2,0.83107287
9903,NOVA2,0.87207496
9904,MAP4K2,0.9262067
9905,TBCCD1,0.94838035
9906,DDHD1,0.96520245
9907,GAS1,0.968053
9908,ZNF248,0.96116346
9909,MTRNR2L8,0.863678
9910,SAMSN1,0.86868227
9911,CASP7,0.9603025
9912,PITPNM2,0.88310516
9913,ZNF839,0.9828566
9914,MAGOHB,0.9662509
9915,DUS3L,0.9349483
9916,ACP6,0.96632844
9917,AP4S1,0.97336143
9918,WDR24,0.94585353
9919,HLCS,0.9525339
9920,RASA2,0.923449
9921,HMGXB4,0.94792074
9922,NFAT5,0.9706442
9923,AL118516.1,0.94616604
9924,C21orf91,0.9424032
9925,CCDC58,0.936434
9926,AC084036.1,0.95594054
9927,TUBGCP5,0.97890776
9928,ACE,0.9156971
9929,MYOM2,0.9531494
9930,BICRA,0.96567434
9931,ZFYVE26,0.97226363
9932,FAM234B,0.9713934
9933,EPS15L1,0.96359676
9934,THBS3,0.97325957
9935,HAUS5,0.9761063
9936,LY96,0.8757158
9937,MYO19,0.956524
9938,ZNF766,0.9288045
9939,IKBIP,0.79685247
9940,MINDY1,0.97641605
9941,KCTD11,0.94661564
9942,ABCG1,0.9581342
9943,IL4R,0.9077896
9944,MLYCD,0.96706957
9945,NCAM2,0.95788467
9946,FRY,0.9444133
9947,MPV17L,0.94652414
9948,WSCD2,0.8319059
9949,GPAM,0.93569756
9950,IGLC2,0.7459439
9951,NIP7,0.96904004
9952,LUZP2,0.7827489
9953,SLC35D2,0.94222534
9954,AC067852.2,0.94449425
9955,ZNF75A,0.94581306
9956,CCDC61,0.9674293
9957,SMURF1,0.8888236
9958,TMEM200C,0.95600957
9959,FBXL19,0.9445855
9960,EZH2,0.9148409
9961,EPOP,0.9780153
9962,ETFDH,0.9600337
9963,SETDB2,0.9086084
9964,ZBTB6,0.87463194
9965,DCP1B,0.95667934
9966,ERICH1,0.9518634
9967,TAF3,0.92501724
9968,DTHD1,0.9774741
9969,KCNJ8,0.94589245
9970,XRRA1,0.9677741
9971,FGFBP3,0.9719588
9972,IL18,0.9725587
9973,TCAP,0.9297801
9974,TMEM186,0.961098
9975,FAM155A,0.94390905
9976,C21orf62,0.958978
9977,OMA1,0.9290016
9978,AP1G2,0.9094514
9979,ZBTB40,0.9522552
9980,TESC,0.9605393
9981,C12orf4,0.9137767
9982,ZDHHC12,0.7931817
9983,NDP,0.9584918
9984,TRPM4,0.9431606
9985,GLI2,0.9634444
9986,GALK2,0.97161037
9987,MANEAL,0.9242963
9988,THBS1,0.9436606
9989,NOP2,0.95433396
9990,CXorf38,0.9333922
9991,KIN,0.9349813
9992,ABHD18,0.95974976
9993,AC005670.3,0.9243824
9994,SERPINF1,0.85444605
9995,HOXB4,0.9685915
9996,UBE2T,0.8804321
9997,LYAR,0.922396
9998,C2orf73,0.97810906
9999,ADRB2,0.9570862
