gene_index,gene,oracle_pcc
0,EPCAM,0.93988895
1,KRT20,0.7313499
2,CEACAM5,0.8322473
3,CEACAM6,0.68243027
4,OLFM4,0.252362
5,LGR5,0.567966
6,ALPI,0.13539317
7,APOA4,0.29958925
8,MUC2,0.5964163
9,TFF3,0.80205965
10,BEST4,0.2906187
11,OTOP2,0.13922544
12,DEFA5,0.23691925
13,CHGA,0.31895357
14,MKI67,0.80380285
15,COL1A1,0.9833155
16,PTPRC,0.8052054
17,PECAM1,0.9053713
18,SPP1,0.4479243
19,FAP,0.7405043
20,KRT8,0.92111725
21,KRT18,0.79156774
22,KRT19,0.69445026
23,TACSTD2,0.49279395
24,SMOC2,0.77049667
25,SOX9,0.8555273
26,ASCL2,0.5703705
27,EPHB2,0.87821484
28,TOP2A,0.8455521
29,UBE2C,0.82731324
30,CENPF,0.7679118
31,TUBA1B,0.5062552
32,STMN1,0.7687176
33,FABP1,0.596137
34,CA1,0.34512445
35,SLC26A3,0.4294719
36,GUCA2A,0.47201973
37,CA7,0.2958179
38,GUCA2B,0.19748174
39,SPINK4,0.4805038
40,CLCA1,0.32028958
41,FCGBP,0.48692104
42,AGR2,0.8272628
43,SPDEF,0.49479106
44,DEFA6,0.2868786
45,LYZ,0.6138501
46,REG1A,0.3867125
47,REG1B,0.40350458
48,PLA2G2A,0.4884681
49,CHGB,0.22469707
50,NEUROD1,0.18526861
51,PAX6,0.13163072
52,PCSK1,0.37124804
53,ISL1,0.2858037
54,POU2F3,0.43845966
55,TRPM5,0.36921534
56,AVIL,0.44627342
57,IL17RB,0.6752696
58,AXIN2,0.6967774
59,MYC,0.75941235
60,CDX2,0.7512457
61,REG4,0.47659865
62,VIM,0.9722212
63,TGFBI,0.78418267
64,SNAI2,0.7667026
65,ZEB1,0.56493056
66,FN1,0.92664725
67,ITGA5,0.92737854
68,LAMC2,0.6559143
69,SERPINE1,0.85722554
70,CD37,0.79837954
71,CORO1A,0.6938872
72,LAPTM5,0.9159613
73,CD3D,0.76490945
74,CD3E,0.74195
75,TRAC,0.73178977
76,TRBC1,0.79092073
77,LTB,0.61010927
78,IL7R,0.6216885
79,MAL,0.30047822
80,CCR7,0.56862503
81,TCF7,0.6619443
82,LEF1,0.49039856
83,CD8A,0.57220703
84,CD8B,0.34602425
85,CCL5,0.69568676
86,NKG7,0.4645136
87,PRF1,0.56251913
88,GZMK,0.3466025
89,GZMB,0.5499827
90,FOXP3,0.4424309
91,IL2RA,0.38536665
92,CTLA4,0.50849587
93,TIGIT,0.47711614
94,IKZF2,0.123103075
95,CCR8,0.16761062
96,PDCD1,0.3797484
97,LAG3,0.26817715
98,HAVCR2,0.671281
99,TOX,0.4405636
100,CXCL13,0.59583765
101,ENTPD1,0.8096406
102,GNLY,0.35610506
103,KLRD1,0.23230879
104,FCGR3A,0.80202585
105,TYROBP,0.9054886
106,MS4A1,0.13533597
107,CD79A,0.6345176
108,CD74,0.7508243
109,HLA-DRA,0.6099467
110,CD22,0.5024196
111,CD83,0.48793122
112,JCHAIN,0.82858264
113,MZB1,0.7841085
114,SDC1,0.77185
115,IGHG1,0.9118743
116,IGKC,0.9494144
117,XBP1,0.7128266
118,LST1,0.73615587
119,FCER1G,0.79679924
120,CTSS,0.7313703
121,LILRB1,0.52424514
122,S100A8,0.4892048
123,S100A9,0.66431767
124,FCN1,0.44655213
125,CCR2,0.2927796
126,VCAN,0.93143255
127,MS4A7,0.7996152
128,IFITM3,0.55341744
129,TYMP,0.8379976
130,C1QA,0.85884476
131,C1QB,0.79430264
132,C1QC,0.8284637
133,APOE,0.82484215
134,CD68,0.83617264
135,MSR1,0.5504564
136,MRC1,0.7252354
137,CTSD,0.70109385
138,FOLR2,0.57222635
139,LYVE1,0.65185744
140,CD163,0.8689017
141,APOC1,0.53919595
142,TREM2,0.6414155
143,GPNMB,0.80946046
144,LGALS3,0.8470727
145,CTSB,0.78041697
146,IL1B,0.48824054
147,SELL,0.5064769
148,FCGR3B,0.48260143
149,CSF3R,0.48592833
150,CXCR2,0.48875466
151,FPR1,0.5139647
152,MNDA,0.4789171
153,CLEC9A,0.2790533
154,XCR1,0.2581337
155,BATF3,0.3608205
156,CADM1,0.56374234
157,IRF8,0.62943774
158,CD1C,0.1123079
159,CLEC10A,0.5720983
160,FCER1A,0.4832355
161,CST3,0.57137537
162,TCF4,0.702973
163,IL3RA,0.5321413
164,CLEC4C,0.15904634
165,IRF7,0.5766985
166,TPSAB1,0.62245363
167,TPSB2,0.59923404
168,KIT,0.48214296
169,MS4A2,0.4291053
170,HDC,0.35958257
171,CPA3,0.7275031
172,CLC,0.44501975
173,PRG2,0.34568837
174,SIGLEC8,0.21518004
175,RNASE2,0.4453361
176,EPX,0.2339044
177,COL1A2,0.97703266
178,COL3A1,0.93697023
179,DCN,0.94402236
180,LUM,0.9633172
181,COL6A1,0.9415124
182,PDGFRA,0.81157446
183,ACTA2,0.96870965
184,TAGLN,0.94269514
185,MYL9,0.9474134
186,TPM2,0.908688
187,CXCL12,0.8343354
188,IL6,0.6041958
189,CFD,0.66865176
190,C7,0.6144247
191,CXCL14,0.5152525
192,COL11A1,0.7673391
193,THY1,0.87253946
194,PDPN,0.90878356
195,INHBA,0.82553977
196,MMP2,0.9290985
197,COL10A1,0.7929279
198,HLA-DPA1,0.55472624
199,HLA-DPB1,0.7297993
200,CIITA,0.79074717
201,VWF,0.88548946
202,CLDN5,0.7597621
203,KDR,0.40702122
204,EMCN,0.23929167
205,ENG,0.93459785
206,RAMP2,0.71620893
207,ESM1,0.32128352
208,ANGPT2,0.43262592
209,PLVAP,0.8712276
210,APLN,0.46838346
211,PGF,0.6602043
212,RGCC,0.6555895
213,EFNB2,0.6403739
214,SOX17,0.4586518
215,GJA5,0.35657588
216,FBLN5,0.7263002
217,HEY1,0.47590393
218,ACKR1,0.6277676
219,SELP,0.46619248
220,SELE,0.46713787
221,NR2F2,0.72063476
222,FLT4,0.55348545
223,CCL21,0.63858026
224,PROX1,0.36656687
225,CCL14,0.599947
226,RGS5,0.7626973
227,PDGFRB,0.9647524
228,CSPG4,0.7387436
229,MCAM,0.9594053
230,DES,0.6926917
231,NOTCH3,0.9187787
232,MYH11,0.7790374
233,CNN1,0.73055226
234,ADIPOQ,0.20837131
235,PLIN1,0.29601666
236,FABP4,0.4910448
237,LEP,0.1642766
238,LPL,0.56876475
239,CIDEC,0.21622029
240,S100B,0.5748285
241,SOX10,0.5340328
242,PLP1,0.46668038
243,MPZ,0.62790596
244,S100A1,0.5272414
245,NGFR,0.5261459
246,CCNB1,0.70539474
247,CDK1,0.84444207
248,TUBB,0.6318737
249,CA9,0.603034
250,VEGFA,0.6593677
251,BNIP3,0.17403165
252,PGK1,0.7501511
253,LDHA,0.7602454
254,SLC2A1,0.75234836
255,ENO1,0.8093777
256,ISG15,0.5116571
257,IFIT1,0.2682729
258,IFIT2,0.4422095
259,IFIT3,0.5345171
260,MX1,0.4057868
261,OAS1,0.77764136
262,STAT1,0.60061216
263,CXCL10,0.26145458
264,HBB,0.51165587
265,HBA1,0.2032725
266,HBA2,0.47447106
267,ALAS2,0.049664255
268,GYPA,0.38698462
269,AHSP,0.27867052
270,PPBP,0.4419348
271,PF4,0.41382807
272,GP9,0.1142393
273,RGS18,0.4759249
274,NRGN,0.46103507
275,FOS,0.6558548
276,JUN,0.5203548
277,JUNB,0.6720034
278,DDIT3,0.41723084
279,HSPA1A,0.58616847
280,HSPA1B,0.5670639
281,ATF3,0.42106125
282,MT-CO1,0.25689596
283,MT-CO2,0.23439555
284,MT-ND1,0.21020734
285,MT-ND2,0.29675242
286,MT-CYB,0.08667841
287,IGFBP7,0.97044104
288,SPARC,0.9807506
289,FLNA,0.92728966
290,CCN2,0.87467235
291,ELF3,0.8108652
292,TIMP1,0.8395907
293,COL6A3,0.94941384
294,COL4A1,0.9468719
295,CLDN4,0.9075672
296,C1R,0.9468416
297,MT2A,0.8285891
298,GSN,0.68374574
299,IL32,0.7183431
300,ST14,0.86879915
301,LGALS4,0.9226436
302,MUC13,0.86769897
303,MMP14,0.9649094
304,SAT1,0.67853945
305,MLEC,0.8834755
306,RHOB,0.80046767
307,MGAT4B,0.89118004
308,IER3,0.7959658
309,LGALS1,0.93585485
310,IGFBP5,0.92797077
311,HSPE1,0.9179209
312,MARCKSL1,0.8790062
313,CD44,0.6721964
314,ETS2,0.85540956
315,NBL1,0.7178979
316,PHGR1,0.87489635
317,ATP1B1,0.9191092
318,SOD2,0.73784417
319,MCL1,0.7728819
320,IGFBP4,0.9253913
321,CLDN7,0.895732
322,MXRA7,0.8712085
323,SPINT2,0.9407812
324,CD99,0.7136417
325,TPM1,0.82980484
326,MCM7,0.8082601
327,SPON2,0.94000083
328,TSPAN8,0.78825855
329,CLDN3,0.93914264
330,TOMM7,0.7493277
331,STARD10,0.87607133
332,BGN,0.9781018
333,HSPD1,0.92068374
334,ARGLU1,0.78615695
335,ILF3,0.8787833
336,CEBPD,0.7700675
337,ROMO1,0.761485
338,PSMA7,0.7827794
339,RNF213,0.7519018
340,MYH14,0.92838013
341,PSMB1,0.8414846
342,PEBP1,0.856459
343,EIF6,0.86946213
344,SELENOM,0.9318098
345,ACTN1,0.84892595
346,HSPG2,0.95342106
347,ITGA6,0.7946821
348,SYNGR2,0.8244696
349,IFI6,0.46845397
350,CAVIN1,0.9306553
351,CYC1,0.867894
352,ERGIC3,0.7163372
353,TKT,0.922273
354,AHNAK,0.74837905
355,TUFM,0.9446131
356,CTSZ,0.83939266
357,RAB5IF,0.8606018
358,CTNND1,0.8971958
359,HDGF,0.87333286
360,ZFP36L2,0.5030212
361,LMNA,0.70830965
362,FXYD3,0.88573325
363,NDUFB11,0.91872704
364,C4orf3,0.80940515
365,SELENOH,0.7825303
366,LASP1,0.83089244
367,C19orf33,0.82208884
368,INF2,0.7825495
369,UQCRC1,0.9097752
370,APLP2,0.59556
371,IFI27,0.67053145
372,NDUFV1,0.7766413
373,ZFP36,0.7912477
374,GRK2,0.80625325
375,LUC7L3,0.768229
376,ZFP36L1,0.8543743
377,SLC25A39,0.9059702
378,LSR,0.9351401
379,ASS1,0.8370393
380,GPRC5A,0.85291374
381,PLXNB2,0.66405356
382,ANXA2,0.8583361
383,NCL,0.9213124
384,ITGB1,0.8530445
385,TMEM63A,0.835714
386,POLR1D,0.8119999
387,S100A11,0.8304091
388,PLEC,0.77587384
389,GLUL,0.6649302
390,SDC4,0.7718464
391,SLC3A2,0.5970748
392,NOP53,0.6193434
393,ATP5F1D,0.87978256
394,ITGB4,0.8105265
395,IER2,0.5826001
396,TAPBP,0.6287467
397,COL6A2,0.9600029
398,PPP1R1B,0.78347576
399,GPX4,0.6425279
400,NDUFB7,0.8284415
401,ITM2C,0.6143419
402,DDR1,0.90555096
403,PSME1,0.8212055
404,DDIT4,0.5106431
405,CHMP4B,0.8286496
406,FASN,0.8829547
407,CANT1,0.84123987
408,SELENOW,0.728221
409,NPDC1,0.6929041
410,FAM120A,0.91055685
411,SH3BGRL3,0.7494439
412,FCGRT,0.76803935
413,JUP,0.9113799
414,TXNDC5,0.8017157
415,CCN1,0.8747698
416,SET,0.89187706
417,ACTN4,0.69411767
418,SERBP1,0.91363966
419,HSPB1,0.6415421
420,CNBP,0.6795432
421,IFNGR2,0.7379289
422,PA2G4,0.8534495
423,DBI,0.9592218
424,CDH1,0.92907715
425,CAPN1,0.858055
426,NME2,0.9206298
427,NCOA7,0.52688664
428,S100A4,0.8056622
429,RBM39,0.5935903
430,PRDX5,0.834458
431,COX7A2,0.8738952
432,BRI3,0.60167104
433,LRP10,0.6994385
434,RAC1,0.7817958
435,HNRNPA0,0.77615553
436,MPST,0.8769681
437,NHP2,0.86537
438,ATP5PD,0.8242956
439,MARCKS,0.6781165
440,MICOS10,0.9151992
441,GOLM1,0.7138043
442,CIRBP,0.80814546
443,MAT2A,0.7768055
444,EMC10,0.7133826
445,LLGL2,0.9477258
446,OS9,0.7509112
447,SCD,0.7658861
448,LAMP1,0.7143451
449,BAG1,0.8273708
450,ARPC1B,0.684442
451,ATP5MC2,0.8429998
452,CYB5R3,0.8609824
453,AKR1A1,0.7344533
454,TAP1,0.6436469
455,CCNL2,0.6247099
456,GUK1,0.69201326
457,TTC3,0.6922497
458,EIF3A,0.8317975
459,BANF1,0.7764096
460,DEK,0.7905205
461,FSTL1,0.98103476
462,ANXA11,0.76967245
463,SAP18,0.82220113
464,ALDH2,0.75580806
465,CD81,0.85104805
466,NDUFA1,0.89616096
467,LAMTOR4,0.70424473
468,APRT,0.7744737
469,PEA15,0.9544486
470,ATP5MG,0.9001941
471,PNPLA2,0.6802063
472,HSP90AB1,0.9283441
473,DUSP1,0.8978995
474,CLTA,0.7493567
475,PHPT1,0.73579156
476,EIF3B,0.86180305
477,GSTK1,0.79329413
478,NDUFA2,0.8805057
479,RTN4,0.6883898
480,RAB25,0.91645396
481,RPN2,0.87580216
482,THBS1,0.9133089
483,VDAC1,0.7835558
484,TMED9,0.7836792
485,ATP5MF,0.89247143
486,C12orf57,0.75194895
487,PLAUR,0.71013653
488,LSM4,0.9671003
489,TIMP3,0.9556535
490,ZYX,0.8273259
491,SLC12A2,0.9082472
492,FBN1,0.972675
493,CLTB,0.77401745
494,UQCRB,0.721923
495,CYB5B,0.83721656
496,UQCRQ,0.8565051
497,CALM3,0.7954895
498,PDIA6,0.8316096
499,MTDH,0.7109522
500,CD9,0.8873206
501,CLPTM1L,0.79860497
502,GPX2,0.80118525
503,TAF10,0.7020811
504,POLR2L,0.7294373
505,S100A10,0.88289404
506,PYGB,0.39496732
507,GOLPH3,0.76845294
508,CYBA,0.7231614
509,BSG,0.74429053
510,PRELID3B,0.93196136
511,AKAP1,0.8711381
512,NUTF2,0.82346183
513,CD151,0.65045977
514,GADD45GIP1,0.7539368
515,HSPA8,0.81857073
516,ARL6IP4,0.8382171
517,EIF3M,0.9291238
518,NR4A1,0.4172556
519,CHCHD2,0.78998643
520,CCNI,0.6857951
521,REXO2,0.83171666
522,TIMM13,0.8751461
523,EIF4B,0.81980485
524,SEM1,0.783076
525,TGOLN2,0.8101548
526,PTMS,0.8135491
527,TFRC,0.8423346
528,LENG8,0.764534
529,BCL2L1,0.705042
530,TSPO,0.9083438
531,COX8A,0.90175253
532,COPG1,0.686378
533,YWHAG,0.6985264
534,LGALS3BP,0.73955077
535,EIF4A2,0.7425359
536,HNRNPA3,0.7949449
537,AURKAIP1,0.7435948
538,YWHAQ,0.8239862
539,TM9SF3,0.86556
540,KLF6,0.76841307
541,ARPC4,0.69496626
542,SRSF2,0.7521056
543,RAD23A,0.87685055
544,CUTA,0.8394187
545,SQOR,0.74105465
546,CLIC1,0.87016207
547,PPIB,0.657917
548,COX6A1,0.9040961
549,SDF4,0.63894737
550,RBM3,0.8096167
551,CMPK1,0.88823986
552,MLF2,0.8567454
553,REEP5,0.7654477
554,EFHD2,0.8862706
555,TLN1,0.9209262
556,GRINA,0.7176383
557,COX7C,0.8376479
558,CHPF,0.7422644
559,ADI1,0.889452
560,COX6C,0.90618175
561,TMEM259,0.61845315
562,IFITM2,0.58727825
563,TCF25,0.53403765
564,MAP2K2,0.69900715
565,MDH2,0.9469016
566,TNC,0.82544655
567,GABARAP,0.876979
568,SIVA1,0.6212351
569,NDUFS6,0.8206167
570,PSMB4,0.89704233
571,AZIN1,0.7458492
572,BEX3,0.5953999
573,SMTN,0.91028947
574,PPDPF,0.9140247
575,NCKAP1,0.78157413
576,EIF4G1,0.6862408
577,ACADVL,0.7823966
578,VASP,0.73360384
579,CNDP2,0.7684479
580,CDK4,0.86310023
581,UBXN6,0.72922343
582,SYNE2,0.6602866
583,HDLBP,0.65498406
584,PTPRF,0.90958184
585,TMEM59,0.7670186
586,AHSA1,0.7755889
587,EEF1B2,0.85608524
588,LMO7,0.7942977
589,PDHA1,0.85603
590,S100A16,0.84335846
591,TRIR,0.8551718
592,HNRNPH3,0.8334795
593,TRAP1,0.8896979
594,SND1,0.7393505
595,ATP2A2,0.7462983
596,GREM1,0.9551196
597,CCT3,0.8839641
598,SMARCC1,0.88056743
599,CDC42EP5,0.82205266
600,CAST,0.77292997
601,ID1,0.6040673
602,TRIM2,0.82879794
603,SRSF3,0.8732001
604,SHISA5,0.62349516
605,TSPAN3,0.8116909
606,CSTB,0.8586296
607,NUCKS1,0.69315463
608,ZBTB7A,0.75542384
609,ANXA5,0.8496658
610,RABL6,0.7973194
611,EID1,0.9251093
612,ECHS1,0.86001253
613,ARHGDIA,0.6686412
614,TLE5,0.6313515
615,POLD2,0.84504884
616,ARPC5,0.65046996
617,PSMB2,0.7952012
618,MTCH1,0.73973435
619,RTF2,0.71305674
620,SEL1L3,0.70746344
621,CAPZB,0.6919829
622,EIF3G,0.76806545
623,MFGE8,0.9259926
624,CTDSP2,0.63268226
625,EIF4H,0.6940485
626,NIBAN2,0.84283864
627,TXNL4A,0.7244343
628,NUCB1,0.68290854
629,TOP1,0.7332004
630,CAPN2,0.81309086
631,STAT6,0.7331184
632,NUPR1,0.614234
633,G3BP2,0.67237747
634,LCN2,0.65952456
635,EHBP1L1,0.7569569
636,ASPH,0.72496367
637,HNRNPC,0.843471
638,SRSF5,0.75733703
639,PRRC2B,0.73297256
640,ANXA4,0.94886047
641,LMAN2,0.87323135
642,TNIP1,0.73571825
643,ENC1,0.6014598
644,NUMA1,0.68477523
645,H1FX,0.6142567
646,BACE2,0.82830554
647,PSMD13,0.81304085
648,COTL1,0.7788566
649,AEBP1,0.965958
650,KHSRP,0.9371067
651,LSM7,0.92009944
652,PRPF6,0.8339306
653,PSMB10,0.5910082
654,NDUFS5,0.74368274
655,SERP1,0.8553292
656,COPE,0.8300685
657,STRAP,0.8830797
658,CALR,0.7547664
659,ODC1,0.92847794
660,PDCD6,0.88352203
661,SLC38A1,0.90994394
662,NCOR2,0.77046907
663,HNRNPF,0.86073244
664,HDAC1,0.8873949
665,ATP6V0D1,0.76109207
666,ANAPC16,0.8508188
667,ATP5ME,0.89813966
668,SRRT,0.8729738
669,PNN,0.8851761
670,CTDSP1,0.7736443
671,IRAK1,0.8470276
672,BCAP31,0.8308199
673,GNB1,0.73526055
674,DDT,0.8946151
675,AFDN,0.78455776
676,NFE2L1,0.5647093
677,DRAP1,0.771402
678,DDX21,0.86521226
679,CRIM1,0.6638211
680,TPD52,0.9083766
681,ARPC2,0.73551524
682,LRPAP1,0.741103
683,PSAP,0.7991554
684,RSRP1,0.59372395
685,APP,0.71335274
686,JTB,0.87720495
687,ARPC3,0.771609
688,HNRNPA2B1,0.815239
689,CAMK2N1,0.8135747
690,PGRMC1,0.9167584
691,TIMP2,0.9235932
692,TMEM238,0.74016666
693,EPN1,0.7595418
694,TRMT112,0.7670272
695,NONO,0.8586999
696,NDUFB10,0.8301878
697,ARF1,0.7598095
698,KDELR2,0.79384214
699,SOX4,0.7844849
700,CAPZA2,0.60832196
701,SUMO3,0.7474154
702,PRDX4,0.78505933
703,SNRNP200,0.8049642
704,PRR15L,0.9105255
705,COX4I1,0.88580567
706,ATP5F1B,0.91373074
707,EI24,0.7579907
708,RNF114,0.85802454
709,ATP5F1E,0.85655016
710,STAT3,0.7289081
711,CNN2,0.7224211
712,ACTR3,0.64470273
713,SNRPC,0.93157107
714,TMEM54,0.90432805
715,FLOT1,0.729587
716,VDAC2,0.79648334
717,CORO1C,0.678384
718,APH1A,0.82751894
719,VAMP8,0.8299251
720,ACSL5,0.88395804
721,NME1,0.9186091
722,TMED2,0.85743845
723,BRD2,0.7378321
724,PSMC5,0.7613174
725,SF3B5,0.8899845
726,SUCLG1,0.87188625
727,ATN1,0.8233251
728,LAD1,0.88662946
729,PTGES2,0.92818874
730,NAMPT,0.516486
731,USP22,0.62569636
732,FLII,0.75789154
733,HNRNPD,0.7251063
734,RNF187,0.60783523
735,PDXK,0.6892528
736,YIPF3,0.85940933
737,CHMP2A,0.7849759
738,PLSCR1,0.6826348
739,LAMC1,0.96388847
740,ETHE1,0.92216694
741,S100A14,0.8367917
742,RAB5C,0.69675815
743,QARS,0.90059763
744,SEPTIN2,0.5831949
745,NQO1,0.84603244
746,ATF4,0.47215343
747,TRAM1,0.5957212
748,RUNX1,0.8655915
749,GPI,0.87849873
750,RNASE1,0.7572373
751,HADHA,0.8087259
752,WARS,0.61138153
753,LTBP3,0.81659794
754,SLC2A4RG,0.6403192
755,ANKRD11,0.72007364
756,MYH9,0.71945256
757,ETFB,0.7989697
758,MICAL2,0.6459532
759,MYDGF,0.75996315
760,PRRC2C,0.7089557
761,SOD1,0.81329066
762,DDX5,0.7351068
763,TPP1,0.8197359
764,TALDO1,0.854003
765,FUS,0.6369029
766,ATP6V0B,0.7347592
767,SYAP1,0.8671655
768,EIF4A1,0.70114166
769,SLC38A10,0.530599
770,TMX2,0.9394374
771,HP1BP3,0.7287726
772,GNAI2,0.88645136
773,ITM2B,0.48274806
774,PPM1G,0.8551838
775,TPD52L2,0.6924921
776,SURF4,0.85006225
777,VDAC3,0.8006315
778,BRD4,0.8088616
779,DNM2,0.8437072
780,SF3B2,0.7694359
781,SELENBP1,0.71484077
782,SPINT1,0.8755584
783,CTNNB1,0.67185014
784,MLLT6,0.78827846
785,PNISR,0.8583757
786,PNRC2,0.8345848
787,STUB1,0.71423537
788,NPTN,0.6429063
789,RTRAF,0.8646053
790,DUS1L,0.8681232
791,PFDN5,0.6996136
792,NDUFB9,0.88290244
793,SULF1,0.9537273
794,TRA2A,0.7259699
795,EIF4G2,0.8179932
796,PRDX6,0.5976326
797,TRA2B,0.68852955
798,FNDC3B,0.7456542
799,NFIC,0.9300999
800,IQGAP1,0.5774704
801,DDRGK1,0.704667
802,DDX17,0.6515337
803,HERPUD1,0.8538181
804,HNRNPUL2,0.86142594
805,ZDHHC20,0.6771522
806,BTG2,0.58777076
807,PKP3,0.93050146
808,ATP5F1A,0.65376455
809,SAFB,0.8853051
810,LAMTOR1,0.83977073
811,HINT1,0.88895905
812,ELAVL1,0.90523916
813,COMT,0.73375654
814,PPP1CA,0.8538914
815,WNK1,0.709585
816,DYNLL2,0.92928123
817,CALU,0.8560537
818,OAZ1,0.79025763
819,ITPR3,0.8781765
820,PRSS23,0.78041345
821,PGD,0.8100128
822,ERH,0.8259762
823,PTTG1IP,0.59371644
824,TMBIM1,0.84281456
825,AP3D1,0.86011565
826,IMPDH2,0.8663379
827,C11orf58,0.63594383
828,LITAF,0.64838916
829,HNRNPDL,0.8183111
830,COPZ1,0.9121638
831,NAPA,0.735103
832,MT1X,0.69658905
833,DNAJB1,0.6347911
834,ERO1A,0.8547145
835,TRAF4,0.88781244
836,LAMA4,0.90808564
837,FIS1,0.8258742
838,CAPNS1,0.8513437
839,SERPINB6,0.59479755
840,GATAD2A,0.812946
841,WDR6,0.6796497
842,RHOA,0.7334065
843,ATP8B1,0.8610417
844,HSPA5,0.60565436
845,TGIF1,0.70634735
846,RALY,0.87709945
847,OPTN,0.79571927
848,DIDO1,0.7897698
849,ASAH1,0.6033798
850,EIF3H,0.7937787
851,TRIOBP,0.70878595
852,HSP90AA1,0.9000778
853,DDX23,0.85881203
854,USF2,0.7291005
855,GSTP1,0.8305879
856,CCT8,0.9175095
857,NAP1L4,0.8348551
858,LRP1,0.91687393
859,WSB1,0.82805747
860,CSNK1G2,0.7893101
861,PTBP3,0.8290678
862,NDUFC1,0.8938095
863,UBB,0.7231898
864,GRN,0.70677906
865,TRAPPC5,0.80721015
866,HGS,0.81790745
867,ECH1,0.6662307
868,KIF1C,0.7342097
869,GIPC1,0.8501393
870,ADAM9,0.62663543
871,HNRNPUL1,0.7276416
872,DDB1,0.8727132
873,RNF149,0.5886566
874,RAB13,0.85199726
875,NME3,0.7282221
876,CTNNA1,0.7892207
877,NDFIP1,0.69171804
878,ATIC,0.91703093
879,EEF1G,0.85122573
880,NPC2,0.6223346
881,WDR83OS,0.8837463
882,DCAF7,0.8851023
883,CANX,0.7310595
884,NDUFA13,0.77110904
885,YWHAH,0.546028
886,MAPK13,0.9383203
887,COA3,0.8481006
888,CREBZF,0.8259066
889,WDR82,0.6965686
890,MGAT1,0.74546903
891,EMILIN1,0.966621
892,CCND2,0.56784195
893,NDUFB2,0.8749047
894,PPP2R5C,0.7316518
895,XRCC6,0.9135262
896,CALD1,0.97349423
897,HNRNPU,0.7543458
898,COX6B1,0.91306204
899,LRATD1,0.8002282
900,PMEPA1,0.6641162
901,QSOX1,0.693771
902,PCOLCE,0.9427356
903,LTBR,0.81690973
904,IRF1,0.5707082
905,NET1,0.91951954
906,DNPEP,0.81744534
907,FHL2,0.49420124
908,SSR2,0.79221
909,P4HB,0.71783435
910,TBC1D9B,0.705342
911,ERBB3,0.9291555
912,UBE2Q1,0.7906879
913,SRPRA,0.6657731
914,SMARCE1,0.80513084
915,FLNB,0.73711115
916,ANKRD10,0.6537671
917,NSMF,0.6431937
918,COL4A2,0.93779784
919,LTBP4,0.4934072
920,TXNIP,0.652346
921,PSMB8,0.81143814
922,FTH1,0.7971298
923,RNH1,0.7354252
924,PLP2,0.8214196
925,OAF,0.6190748
926,GRSF1,0.92690223
927,BST2,0.6368012
928,HNF4A,0.9477048
929,ATP1A1,0.7559076
930,INTS11,0.8302413
931,FKBP9,0.67858297
932,TCP1,0.8709956
933,USP7,0.829617
934,DHX15,0.88382435
935,FERMT1,0.83879805
936,DNPH1,0.8425499
937,VPS28,0.70745623
938,GMDS,0.85801655
939,ANP32E,0.75050515
940,POLR2F,0.7503913
941,TRPM4,0.83131653
942,HMGA1,0.79663557
943,ZMIZ2,0.6792422
944,PDCD5,0.8938885
945,SULF2,0.77586067
946,SRSF1,0.86204803
947,NOP58,0.9052226
948,MORF4L1,0.5673109
949,MIF,0.92263466
950,CHCHD1,0.8395444
951,CAPG,0.7371201
952,SDHA,0.821955
953,PSMA4,0.88901126
954,MKNK2,0.7041534
955,HSBP1,0.82914865
956,MAPRE1,0.72264546
957,SSR4,0.7793163
958,PLD3,0.82118523
959,EIF4E2,0.71122235
960,SLC1A5,0.8326888
961,ADAR,0.70398474
962,PRRC2A,0.6985196
963,CNPY2,0.852496
964,C7orf50,0.68096524
965,CTSC,0.7264758
966,IFI30,0.7312604
967,ITGB5,0.8912659
968,SLTM,0.83783823
969,CKAP4,0.7648929
970,JPT1,0.87070316
971,CD63,0.7357718
972,PIM3,0.80843556
973,UQCR11,0.7963043
974,LMNB2,0.7718949
975,RBM17,0.88176787
976,RPN1,0.85053223
977,KHDRBS1,0.8539788
978,CTSA,0.698697
979,PDZD8,0.90020484
980,TMEM50A,0.6846696
981,C1S,0.95319146
982,S100P,0.8345537
983,TUBA4A,0.9111439
984,CHCHD10,0.7325571
985,SH3GLB2,0.7975378
986,PLXND1,0.9160918
987,TAX1BP1,0.6611366
988,RER1,0.8284318
989,AKT1,0.5957283
990,COA4,0.8054845
991,MAP2K3,0.7709831
992,SEC13,0.7439701
993,CRELD2,0.73027533
994,EIF3D,0.9356093
995,AP2S1,0.7002181
996,DDX24,0.8308018
997,SNU13,0.89007074
998,PDIA4,0.80020285
999,KIAA1522,0.95366335
1000,ARAP1,0.85489523
1001,KLF5,0.72172767
1002,GTF2I,0.72054946
1003,CDC123,0.9005199
1004,RERE,0.67696476
1005,RABAC1,0.67501086
1006,ARL2,0.7647916
1007,TRIM8,0.8462575
1008,VIL1,0.86241484
1009,RELA,0.7102889
1010,THOC7,0.91307586
1011,PGLS,0.8513704
1012,NDUFA11,0.8491006
1013,COL18A1,0.9424413
1014,PLPP2,0.88020647
1015,ABHD2,0.8204829
1016,ST13,0.74170786
1017,ATP5IF1,0.84505224
1018,POLR2G,0.77706593
1019,COPA,0.6877531
1020,TMEM219,0.70215213
1021,MARCH6,0.84372574
1022,ADGRE5,0.7060123
1023,FLOT2,0.7537777
1024,POLR2I,0.87602276
1025,EGR1,0.7190315
1026,CHTOP,0.86931056
1027,CLN3,0.848272
1028,ANP32B,0.88746184
1029,CENPX,0.8596874
1030,ACO2,0.82255644
1031,C16orf58,0.7378425
1032,RNF126,0.91689974
1033,NEDD8,0.66625535
1034,SZRD1,0.57690346
1035,TAGLN2,0.8336703
1036,WDR45B,0.84894544
1037,COL5A1,0.9675097
1038,PET100,0.8295523
1039,NDUFB6,0.85710764
1040,IDS,0.78672135
1041,COPB2,0.843026
1042,OCIAD1,0.82125044
1043,CISD3,0.88306826
1044,SCRIB,0.8787413
1045,ARPP19,0.73513377
1046,RMND5A,0.8806475
1047,TBRG4,0.83423156
1048,ATP5MC3,0.88554925
1049,DLGAP4,0.7598767
1050,FTL,0.6442822
1051,SUMF2,0.6914283
1052,SNRNP70,0.7298984
1053,HMG20B,0.74945694
1054,CDC34,0.81560934
1055,SDCBP,0.6405607
1056,TSTA3,0.79737014
1057,SBNO2,0.6944832
1058,CDC25B,0.7387456
1059,HEBP2,0.8498933
1060,SEC11A,0.64386976
1061,CDX1,0.85145146
1062,PHB2,0.8557869
1063,POSTN,0.8750464
1064,PITPNA,0.64703363
1065,SDF2L1,0.65725476
1066,HSPH1,0.7394439
1067,FARP1,0.8348117
1068,CUL4A,0.89957994
1069,WASF2,0.7693294
1070,AP2M1,0.6581697
1071,SLC40A1,0.70835984
1072,CCDC12,0.869191
1073,SLC39A7,0.6838171
1074,UBE2V1,0.7614996
1075,NENF,0.76231605
1076,RBX1,0.8087243
1077,CRIP1,0.76173085
1078,CPNE1,0.57620895
1079,CDC42EP1,0.74334484
1080,ATP5PF,0.8826736
1081,AGO2,0.8445001
1082,RHOT2,0.81298226
1083,SNX3,0.49063215
1084,CTDNEP1,0.73695785
1085,RCC2,0.82396466
1086,ARF3,0.7122493
1087,ARHGEF10L,0.80922425
1088,MAL2,0.88998795
1089,MBOAT7,0.8099156
1090,PSMB5,0.873228
1091,TIMM8B,0.7931252
1092,DNAJC7,0.90531284
1093,AGPAT2,0.9011241
1094,ECI1,0.8082684
1095,OTUB1,0.7914501
1096,RBM42,0.8038693
1097,TOMM5,0.78388655
1098,ENTPD6,0.8122912
1099,EZR,0.86195856
1100,FAM50A,0.71572393
1101,ARF4,0.560227
1102,SMCHD1,0.828998
1103,BAG6,0.8142292
1104,PUF60,0.87493277
1105,POLR2H,0.856002
1106,VPS4A,0.8017389
1107,COX14,0.80143744
1108,RACK1,0.71761817
1109,GLRX5,0.8197509
1110,SPG21,0.73051167
1111,PCSK7,0.8734694
1112,DPYSL2,0.67907965
1113,TNFRSF21,0.7400357
1114,H3F3B,0.56768215
1115,IDH2,0.8051506
1116,PDZK1IP1,0.8147677
1117,NDUFS2,0.8741177
1118,YIPF4,0.77939254
1119,KPNB1,0.9054553
1120,ECE1,0.7153365
1121,NELFCD,0.84707445
1122,NARS,0.89392966
1123,CDC42BPB,0.7413775
1124,GDI1,0.830823
1125,VMP1,0.34903198
1126,MRFAP1L1,0.8184198
1127,SMARCD2,0.90950423
1128,LUC7L2,0.8039802
1129,COMMD6,0.71634966
1130,TRABD,0.71009535
1131,TOB1,0.868306
1132,CCDC6,0.7891898
1133,AAMP,0.933369
1134,DDX39B,0.68443614
1135,CDKN1A,0.78473574
1136,UQCC3,0.8872189
1137,UBP1,0.72371095
1138,TMEM230,0.844868
1139,YPEL3,0.7418448
1140,UGDH,0.771154
1141,LAMB2,0.8467258
1142,ZNF358,0.78022426
1143,GANAB,0.76671726
1144,TACC1,0.841369
1145,CCDC85B,0.6211475
1146,COLGALT1,0.833055
1147,SRSF11,0.5995936
1148,CYTH2,0.63182503
1149,HNRNPR,0.88025486
1150,RNPS1,0.8262351
1151,MYADM,0.8639038
1152,CHMP3,0.77133083
1153,GABARAPL2,0.55713326
1154,PPP1R12C,0.88885486
1155,CDV3,0.70783883
1156,UBTF,0.5443796
1157,ARPC1A,0.8499517
1158,LUC7L,0.8336709
1159,LAP3,0.63282996
1160,VOPP1,0.65393287
1161,SQSTM1,0.39963314
1162,SLC44A4,0.9032865
1163,CDC42SE2,0.8190199
1164,CCDC47,0.88072735
1165,FAM102A,0.62517637
1166,EMC4,0.7523903
1167,H2AFJ,0.6939431
1168,PITPNB,0.7925535
1169,PIGR,0.6602015
1170,ADAM15,0.6996943
1171,PGGHG,0.3148689
1172,TPX2,0.80526394
1173,C15orf48,0.81007564
1174,FKBP8,0.7270623
1175,RAB7A,0.6926604
1176,ANXA1,0.86023265
1177,H1F0,0.6683977
1178,TRIM28,0.7853449
1179,EIF1,0.6789277
1180,CSNK1D,0.74038565
1181,EPS8L2,0.8917753
1182,DCTN1,0.75976413
1183,PDHB,0.83320063
1184,INAVA,0.881414
1185,RNASET2,0.6901555
1186,C19orf53,0.8786523
1187,PSMF1,0.7817978
1188,STT3B,0.87491745
1189,PILRB,0.7227908
1190,PATJ,0.87169665
1191,MUC1,0.5744468
1192,ABR,0.70765984
1193,EIF5,0.83664316
1194,COX17,0.62188333
1195,GNL3,0.82900566
1196,TXNDC12,0.78150713
1197,ILF2,0.91489154
1198,ZRANB2,0.6365157
1199,VPS36,0.70102584
1200,MMP24OS,0.6777836
1201,PPP1R9B,0.80547184
1202,CCDC124,0.75847304
1203,ARHGDIB,0.8503179
1204,GTF3C6,0.7496005
1205,R3HDM4,0.80896604
1206,ACTR1B,0.74348724
1207,EDF1,0.7225684
1208,TMPRSS4,0.9115111
1209,SRM,0.6345633
1210,YY1,0.79278934
1211,SF3B1,0.5960925
1212,PCBP1,0.5579742
1213,BCL7C,0.63263494
1214,DCTD,0.8118394
1215,RNPEP,0.7670875
1216,CNPY3,0.7808555
1217,PGAM1,0.64249855
1218,PSMC3,0.6138816
1219,ALG5,0.8094824
1220,PCBP2,0.6357328
1221,RAB5B,0.6946419
1222,TSPAN13,0.787181
1223,SLIRP,0.9096209
1224,TCF7L2,0.7399634
1225,NAB1,0.8263299
1226,MYO1C,0.6625572
1227,CNN3,0.8889694
1228,LRRC59,0.9012295
1229,BUD23,0.85565615
1230,STAU1,0.81924784
1231,RNF11,0.7706242
1232,FDFT1,0.882142
1233,CDC16,0.8288364
1234,UBE2L6,0.7256955
1235,SOD3,0.5222218
1236,DDX56,0.85444784
1237,SRRM2,0.61963063
1238,CELF1,0.7418118
1239,DDAH2,0.6949832
1240,GAK,0.73764926
1241,TP53I11,0.7542628
1242,PRSS8,0.910203
1243,NCBP2,0.92711544
1244,TAF15,0.91024905
1245,FOXP1,0.7604907
1246,FAT1,0.6097205
1247,HSD17B10,0.9050269
1248,NUDC,0.63823307
1249,UBE2I,0.859911
1250,GPCPD1,0.6195969
1251,SMARCA5,0.84152013
1252,IKBKB,0.72361
1253,TM4SF1,0.6358729
1254,SCAND1,0.67866004
1255,ERBB2,0.8714503
1256,SIGMAR1,0.9191295
1257,IFRD2,0.8770757
1258,LONP1,0.8140721
1259,MACF1,0.9254394
1260,POLDIP2,0.8744901
1261,MCM3,0.89802456
1262,FOXP4,0.72869843
1263,PABPC4,0.75087976
1264,CLSTN1,0.7230197
1265,GID8,0.9175356
1266,SMS,0.91656244
1267,PTPN12,0.6644277
1268,NFKBIA,0.73370427
1269,RNF43,0.79175586
1270,PCBD1,0.92332363
1271,CMTM6,0.7127816
1272,ESYT2,0.6982116
1273,TSPAN1,0.8955211
1274,IP6K2,0.8790258
1275,ABCC3,0.8094054
1276,MYO15B,0.6430461
1277,PSMA2,0.874941
1278,ARRDC3,0.7865049
1279,TMEM214,0.70438385
1280,ZFP91,0.67742074
1281,POR,0.67593056
1282,CASC3,0.7943519
1283,PTK2,0.70090145
1284,NSA2,0.6669511
1285,ARHGAP17,0.7075375
1286,STK25,0.7686321
1287,TINAGL1,0.55327827
1288,RAB10,0.82296836
1289,PIGT,0.666172
1290,PHLDA1,0.6926675
1291,PIEZO1,0.751485
1292,MPC2,0.9210475
1293,KLF4,0.75082576
1294,ARCN1,0.7613458
1295,LAMB1,0.87376875
1296,DCTPP1,0.86612844
1297,WDR43,0.89577293
1298,GOLGA3,0.6104479
1299,CYSTM1,0.83430165
1300,PSENEN,0.791427
1301,GLG1,0.55893624
1302,CAPRIN1,0.9082753
1303,SH3YL1,0.8312963
1304,C19orf48,0.84956604
1305,RSL1D1,0.90061826
1306,GPAA1,0.5812145
1307,ATP5PB,0.91543853
1308,ESRP1,0.9154023
1309,UBE2R2,0.7693685
1310,FKBP10,0.829352
1311,SIGIRR,0.85664415
1312,FAM83H,0.8917967
1313,NRARP,0.8538086
1314,PTPA,0.79302424
1315,A2M,0.80763674
1316,NFKB2,0.79590815
1317,PDLIM5,0.6915998
1318,TMEM258,0.8275575
1319,QTRT1,0.8427889
1320,TGFBR2,0.8177059
1321,CHURC1,0.83991987
1322,CHD4,0.69955146
1323,KXD1,0.7874135
1324,ANKHD1,0.791127
1325,MYD88,0.78147703
1326,GTF3A,0.682858
1327,VCP,0.73946506
1328,CD320,0.91431075
1329,TOP2B,0.75241184
1330,SON,0.61640054
1331,DPP7,0.5933921
1332,EPHB3,0.7423047
1333,CFB,0.64622307
1334,CDC42SE1,0.78797066
1335,TGM2,0.81193656
1336,SSR3,0.68834317
1337,SLC44A1,0.8216894
1338,UBL5,0.82433546
1339,CYCS,0.7433421
1340,RAB14,0.8075264
1341,GPS1,0.8776011
1342,SMDT1,0.81076777
1343,BUB3,0.851865
1344,ACLY,0.8562928
1345,COX5B,0.73344696
1346,MOGS,0.7413192
1347,GALNT2,0.68429285
1348,SRC,0.8878711
1349,SCP2,0.66432387
1350,RAB11A,0.9175039
1351,NFE2L2,0.52923465
1352,SF3B6,0.9173175
1353,PREP,0.94422615
1354,RARS,0.82395655
1355,HUWE1,0.7791429
1356,SRSF7,0.77207047
1357,CKB,0.73052967
1358,HSF1,0.7091441
1359,BHLHE40,0.5544318
1360,SNRPB,0.8376667
1361,DUT,0.6595364
1362,C3,0.87887925
1363,NANS,0.8912271
1364,PPP4R2,0.7434153
1365,SUPT5H,0.84670824
1366,ST5,0.90321964
1367,DDAH1,0.903771
1368,NAPRT,0.88068867
1369,UBA2,0.87877905
1370,ARHGEF2,0.75121063
1371,EBPL,0.9244389
1372,CORO1B,0.8582633
1373,E2F4,0.79178226
1374,WDR1,0.5809807
1375,MINK1,0.75868267
1376,IFNAR1,0.7434706
1377,EPHB4,0.8472398
1378,PSMD4,0.90424687
1379,GATD1,0.87525314
1380,TBL1XR1,0.87022924
1381,STK11,0.8213485
1382,GCN1,0.8550892
1383,FOXO3,0.75748575
1384,SH3PXD2A,0.9478046
1385,MSI2,0.7518607
1386,BECN1,0.8314766
1387,EMP1,0.86364365
1388,UFC1,0.86461246
1389,COPS9,0.6815358
1390,SSU72,0.87722933
1391,OCIAD2,0.8808161
1392,PRKAB1,0.8229567
1393,SPCS3,0.5473462
1394,CERCAM,0.9323777
1395,PON2,0.7676668
1396,UBE2G2,0.82400674
1397,LGMN,0.67012423
1398,PDLIM7,0.9492095
1399,SERINC2,0.9094554
1400,CDCA7,0.87030727
1401,PPP6R2,0.7631422
1402,ESD,0.80325145
1403,NDUFAF3,0.80996937
1404,MCRIP1,0.8936221
1405,CDH17,0.81079346
1406,IGFBP3,0.90801775
1407,ANAPC11,0.9033996
1408,ERP29,0.81753725
1409,ETFA,0.7213004
1410,H2AFY,0.77492934
1411,AREG,0.63322866
1412,SREBF2,0.86252815
1413,LARP4B,0.93753153
1414,STOML2,0.8893665
1415,POLD4,0.7776242
1416,TYK2,0.84592324
1417,RRAS,0.7944403
1418,DDX3X,0.63070077
1419,ADIRF,0.46836638
1420,GNA11,0.7813724
1421,OGA,0.7776445
1422,CD2AP,0.84582585
1423,CD276,0.8120909
1424,RAB5A,0.69819796
1425,AKT2,0.80514324
1426,SEC61A1,0.7675667
1427,CUX1,0.57309103
1428,GDI2,0.84579426
1429,MAX,0.54999304
1430,EBNA1BP2,0.904963
1431,PPP1R15A,0.5536398
1432,CBFB,0.7902747
1433,NBR1,0.7956271
1434,ALDH1B1,0.6794658
1435,TES,0.5394724
1436,TM9SF2,0.85883415
1437,PARP4,0.8639757
1438,CDKN1B,0.6663143
1439,XRCC5,0.7899343
1440,APEX1,0.79754007
1441,ALKBH7,0.85076797
1442,VAT1,0.8789334
1443,C8orf33,0.790433
1444,MAPK3,0.9090958
1445,B2M,0.6684966
1446,LSM8,0.8204032
1447,SSBP1,0.91614497
1448,CSNK2B,0.7755695
1449,STOM,0.9512257
1450,PES1,0.8421778
1451,C4orf48,0.7221085
1452,SLC35C2,0.7930766
1453,PAFAH1B1,0.77789706
1454,ATRAID,0.671649
1455,TBCD,0.7962532
1456,TMEM147,0.8970057
1457,METAP2,0.8214082
1458,RIC8A,0.5676834
1459,MAZ,0.71002346
1460,TRIP12,0.7211091
1461,LBH,0.90695465
1462,RAB11FIP1,0.83383405
1463,ADH5,0.7453471
1464,CTSH,0.6764989
1465,CCNL1,0.5308253
1466,TCIRG1,0.74241406
1467,GNAQ,0.67601806
1468,SUPT16H,0.86735237
1469,RAP1A,0.79736006
1470,BRI3BP,0.8296999
1471,COX16,0.9392788
1472,NMRAL1,0.7369765
1473,SEC61G,0.90510887
1474,CD55,0.7602646
1475,CTSK,0.8823924
1476,PPP4C,0.8621809
1477,FARSA,0.84464425
1478,SKIL,0.7330207
1479,MED25,0.81903076
1480,DBNL,0.6764683
1481,ZKSCAN1,0.8252102
1482,MAP4,0.7588151
1483,FBLIM1,0.7432486
1484,DYNLL1,0.5915212
1485,SLC44A2,0.6173038
1486,SEC22B,0.71511906
1487,ORMDL3,0.69588727
1488,C1orf43,0.88880926
1489,ID2,0.729393
1490,MTPN,0.68723786
1491,PUM1,0.8290366
1492,GTF2F1,0.8281665
1493,REPIN1,0.8930975
1494,TMBIM6,0.78166807
1495,UBR5,0.69388205
1496,MAF1,0.69344604
1497,NISCH,0.90201956
1498,ATOX1,0.80353683
1499,ACIN1,0.70573807
1500,RAPGEF1,0.7867513
1501,KIF5B,0.71506864
1502,GGNBP2,0.6995793
1503,DDX39A,0.65186584
1504,CCT2,0.9080692
1505,ADGRG1,0.88212425
1506,VCL,0.84335715
1507,RBCK1,0.8693773
1508,ARHGEF1,0.7908853
1509,NDUFAB1,0.9439127
1510,CAP1,0.55549854
1511,DR1,0.6157165
1512,TXN2,0.8659202
1513,VARS,0.7142469
1514,CIAO2B,0.7814329
1515,SNRPD1,0.79882044
1516,CLU,0.6268049
1517,SSRP1,0.84196955
1518,USP36,0.7876763
1519,HPCAL1,0.77177703
1520,MIEN1,0.7458456
1521,TMED10,0.7014162
1522,IGBP1,0.83374506
1523,ANKH,0.7189889
1524,C1orf122,0.53350085
1525,FAM32A,0.74797106
1526,UBE2E3,0.838384
1527,CLUH,0.85457236
1528,CPSF6,0.88187426
1529,TM9SF4,0.7836846
1530,TCERG1,0.8713006
1531,COPS6,0.85491693
1532,SEC11C,0.73899317
1533,SELENOK,0.40668058
1534,CALCOCO2,0.69834393
1535,ATP6V1F,0.7364579
1536,LSM5,0.7986695
1537,CREB3L1,0.78907835
1538,FASTK,0.7512263
1539,TRIM27,0.7956304
1540,C11orf96,0.9200905
1541,NR2F6,0.85724926
1542,VPS37B,0.80939656
1543,DPP9,0.7907382
1544,SORL1,0.8499389
1545,BTBD2,0.69944555
1546,MACROD1,0.8764021
1547,MFF,0.7281724
1548,RAB2A,0.8035668
1549,MVP,0.7723484
1550,TUT7,0.5941829
1551,NDUFS8,0.8254601
1552,ABCC1,0.75364935
1553,MYO10,0.8473442
1554,EFNA1,0.78265923
1555,MAP3K20,0.7917204
1556,RXRA,0.7622455
1557,DAPK3,0.86220676
1558,ACSL3,0.8398286
1559,GRHPR,0.79844534
1560,HBS1L,0.8472637
1561,DSTN,0.65625066
1562,BZW1,0.70462847
1563,PPIF,0.8711273
1564,PRPF19,0.85686773
1565,EFTUD2,0.9036236
1566,ERGIC1,0.77994055
1567,UQCRC2,0.8266969
1568,SUCLG2,0.75295943
1569,INSIG1,0.8178343
1570,NDUFA10,0.9045478
1571,GNAI3,0.67449576
1572,CSE1L,0.84123415
1573,TRAF7,0.79610974
1574,DNAJC5,0.80804074
1575,FAM3D,0.84725124
1576,SUPT6H,0.7738986
1577,DNAJA1,0.8528367
1578,STT3A,0.92642367
1579,TMSB4X,0.68492466
1580,EMD,0.87309474
1581,RBM47,0.89942586
1582,SEPHS2,0.82815796
1583,OGT,0.7576059
1584,SUN2,0.87680393
1585,CENPB,0.6903519
1586,CARS2,0.87991714
1587,MED13L,0.87493336
1588,DNAJC15,0.790598
1589,GTPBP6,0.7172572
1590,YPEL5,0.67404747
1591,PRKACA,0.8795967
1592,ICAM1,0.8869852
1593,SLC4A2,0.76415426
1594,CRLS1,0.7903294
1595,MAP7,0.8896801
1596,TNKS2,0.7549401
1597,PSMA1,0.92271215
1598,KCMF1,0.7909889
1599,SLC12A7,0.9032625
1600,MAPKAPK2,0.6875768
1601,TMEM123,0.80420125
1602,TMEM109,0.667088
1603,RNF10,0.5422538
1604,HEXA,0.7651205
1605,DGAT1,0.88006
1606,DAZAP1,0.9130335
1607,FAM174C,0.9075508
1608,OAZ2,0.92514974
1609,PSMA5,0.82415426
1610,SORBS3,0.8920069
1611,SRP19,0.770899
1612,IBTK,0.76735646
1613,RCN2,0.84735286
1614,NRDC,0.8266784
1615,MTA1,0.80422705
1616,PPP2CB,0.6159549
1617,DDX46,0.84782827
1618,ZFC3H1,0.7607333
1619,BET1L,0.6067862
1620,YIF1A,0.7318044
1621,UBE2A,0.74777734
1622,DKK3,0.9501553
1623,AK1,0.60630167
1624,PSMD11,0.74375165
1625,GGH,0.7709565
1626,NUP62,0.86301357
1627,ASAP2,0.6687383
1628,STX16,0.6226287
1629,NEK6,0.79504937
1630,OGDH,0.7508117
1631,PSMD2,0.71757877
1632,EIF2B5,0.8627661
1633,GTPBP1,0.6701167
1634,ELL2,0.8378916
1635,MT1E,0.51986295
1636,RUVBL2,0.87307024
1637,CHMP1B,0.7329651
1638,ATP6AP1,0.70621234
1639,NDUFA9,0.8928947
1640,SCYL1,0.5241161
1641,MANF,0.7710839
1642,ARL6IP5,0.6775384
1643,GNPTG,0.8414027
1644,C1orf198,0.91094905
1645,MDM4,0.8379812
1646,ICA1,0.7823949
1647,PAPOLA,0.7690005
1648,DCXR,0.8236416
1649,MAPKAPK5,0.8996959
1650,LPCAT1,0.69057935
1651,NDUFA7,0.9289007
1652,ARPC5L,0.86860275
1653,HNRNPLL,0.6370124
1654,NUMB,0.7819413
1655,GSTO1,0.6999268
1656,STRN4,0.7808132
1657,HK1,0.86192995
1658,CTTN,0.58982056
1659,SNHG32,0.7459157
1660,MSRB2,0.6417634
1661,DHRS3,0.57588404
1662,RAB18,0.6749691
1663,TTYH3,0.6487007
1664,WDFY1,0.6464723
1665,ALYREF,0.939467
1666,RAB1A,0.7522041
1667,M6PR,0.90225416
1668,KPNA2,0.8651802
1669,GSS,0.8079565
1670,CYP2S1,0.7688207
1671,ADNP,0.81419754
1672,PACSIN2,0.78362906
1673,PMPCB,0.83931017
1674,PRMT2,0.8519793
1675,HDHD3,0.8378259
1676,RAB1B,0.45210466
1677,RBM6,0.785366
1678,POLR2B,0.91020876
1679,TNPO1,0.5489334
1680,IRF3,0.6156451
1681,LSP1,0.81543696
1682,SLC9A3R1,0.8275752
1683,SARS,0.6717935
1684,TMEM189,0.66788536
1685,NME4,0.8394106
1686,BOP1,0.8091776
1687,PPP1R10,0.5631033
1688,PPP1R15B,0.67640066
1689,DCTN2,0.7902183
1690,RRP7A,0.8472509
1691,KDM1A,0.9039671
1692,ANKLE2,0.8232282
1693,RALA,0.72582304
1694,PPP4R3A,0.75502735
1695,PDS5A,0.6931438
1696,RABGGTB,0.902993
1697,ZC3H4,0.8324667
1698,MYLK,0.8446031
1699,UBE3C,0.8860394
1700,ACAA1,0.89093596
1701,SKI,0.90405995
1702,CD46,0.7316243
1703,SLC39A1,0.6884486
1704,TNKS1BP1,0.7783642
1705,SPTAN1,0.61951154
1706,VWA1,0.7337883
1707,KARS,0.93287456
1708,SLC39A8,0.6613039
1709,INTS1,0.79683286
1710,CLCN3,0.90827614
1711,CPSF1,0.6937962
1712,SPIN1,0.7920241
1713,MEAF6,0.7838374
1714,HM13,0.62481123
1715,DNAJB11,0.8062216
1716,POF1B,0.9153334
1717,DDX54,0.8584504
1718,SHARPIN,0.58654386
1719,URI1,0.86367214
1720,RTCB,0.8710799
1721,ARRDC1,0.9563488
1722,RBM14,0.85237503
1723,TMEM176B,0.61089736
1724,SSR1,0.8140936
1725,S100A13,0.7425247
1726,BAZ1B,0.8748717
1727,DVL3,0.7036801
1728,WSB2,0.8091321
1729,RWDD1,0.7366662
1730,DUSP23,0.7044063
1731,PTK7,0.7473994
1732,APEH,0.9186291
1733,MDK,0.5559167
1734,AP2A2,0.7548207
1735,DECR1,0.84613043
1736,TFDP1,0.92357266
1737,SREBF1,0.7316126
1738,PSMC4,0.9182997
1739,ALDH18A1,0.78263485
1740,SERPINB1,0.69831103
1741,ATG4B,0.6716949
1742,GAS6,0.6798577
1743,MOB1A,0.78764683
1744,SPINK1,0.653163
1745,SEPTIN9,0.548742
1746,MTG1,0.8761726
1747,TXLNA,0.6256112
1748,ANP32A,0.7504657
1749,PPP6R1,0.6818148
1750,KPNA4,0.7857212
1751,HCFC1,0.84185416
1752,TMC5,0.8307398
1753,INSR,0.48441583
1754,METTL26,0.7240272
1755,TRIB1,0.72047913
1756,LRCH4,0.69158465
1757,HYOU1,0.8357938
1758,TNS3,0.85293406
1759,KDELR1,0.74879634
1760,NCLN,0.8300969
1761,TOMM22,0.84989655
1762,MXRA8,0.9194713
1763,MAGED1,0.720715
1764,PLCB3,0.8956719
1765,UBA1,0.77888197
1766,TMX1,0.7085025
1767,THRAP3,0.76784164
1768,SNX17,0.7055064
1769,PALLD,0.945382
1770,PFKP,0.8259039
1771,TSR3,0.6204562
1772,PDCD6IP,0.7093597
1773,PFN1,0.7265671
1774,UPF1,0.82652324
1775,EIF1B,0.7543542
1776,TSPYL1,0.7173453
1777,YTHDC1,0.74729335
1778,GOLGB1,0.74767536
1779,BIN1,0.70460945
1780,THRA,0.74916846
1781,DNMT1,0.80742115
1782,MGST3,0.72098213
1783,CHP1,0.8947982
1784,COMMD4,0.7453847
1785,CBX4,0.8641176
1786,RBM5,0.616867
1787,MIDN,0.7267149
1788,MBTPS1,0.43965134
1789,EIF3L,0.7491187
1790,DYNC1I2,0.7997526
1791,MGST1,0.8374834
1792,FXYD5,0.75688714
1793,SELENOP,0.6604303
1794,STX3,0.7821037
1795,STAT2,0.93935096
1796,TMPO,0.7713528
1797,ACAA2,0.77790654
1798,EIF2AK1,0.819347
1799,SSBP3,0.6746629
1800,ARIH1,0.54117006
1801,RARRES2,0.9251357
1802,PYCR2,0.7252056
1803,ATP6V1A,0.80744857
1804,PPP1CC,0.8036435
1805,MSL1,0.71655005
1806,CREG1,0.75976574
1807,FAM193B,0.8469309
1808,PLTP,0.71165407
1809,TBCB,0.85908043
1810,THOC2,0.9002776
1811,MFSD10,0.6490488
1812,SNX1,0.7714764
1813,TAF7,0.76996374
1814,DYNC1LI2,0.72085536
1815,FOXK1,0.8035403
1816,API5,0.86391574
1817,HDAC2,0.89927644
1818,ID3,0.72997874
1819,CHID1,0.824245
1820,NKTR,0.7309208
1821,ATP9A,0.8032752
1822,LAMB3,0.7433986
1823,FUBP1,0.7483402
1824,ARAF,0.7014451
1825,PRPF40A,0.9271436
1826,MED15,0.5695427
1827,ATL3,0.704881
1828,INO80E,0.76893395
1829,SCARB2,0.59303135
1830,ZMAT2,0.7830177
1831,CEP170B,0.77586704
1832,FAM3C,0.5691903
1833,KDM3B,0.81343925
1834,MCF2L,0.7782902
1835,PARM1,0.78837204
1836,SHKBP1,0.7886426
1837,CD164,0.71445733
1838,STXBP2,0.76703846
1839,SFPQ,0.68548024
1840,EPS8L3,0.93680894
1841,LY6E,0.76432955
1842,GLO1,0.9458428
1843,DYNC1H1,0.7437957
1844,TNFRSF1A,0.6391707
1845,SYVN1,0.4605606
1846,PHLDB1,0.9574035
1847,MLXIP,0.8154089
1848,CFDP1,0.7006789
1849,FOXN3,0.9132825
1850,ABHD12,0.6339893
1851,COX7B,0.85150236
1852,ACOT7,0.79297274
1853,PKDCC,0.5442677
1854,ITGA3,0.8045882
1855,DDX1,0.92620647
1856,PGRMC2,0.7316393
1857,ASXL1,0.69080365
1858,SPTLC2,0.81996477
1859,C12orf75,0.86663854
1860,PPFIBP1,0.8091712
1861,SCAMP2,0.8459314
1862,HMGN4,0.7984692
1863,PDCD4,0.6474709
1864,EHMT1,0.752871
1865,NCSTN,0.8317248
1866,MAP7D1,0.84106475
1867,GDE1,0.8368807
1868,SERF2,0.776898
1869,USH1C,0.91886955
1870,VEGFB,0.86226064
1871,CAMLG,0.6436612
1872,DST,0.7905893
1873,NAA20,0.90663755
1874,SRF,0.7461125
1875,IK,0.76679164
1876,AKAP17A,0.78997755
1877,KCTD12,0.8320245
1878,PRPF8,0.63458955
1879,ANXA3,0.799387
1880,ATXN2L,0.60018396
1881,CDK6,0.7745043
1882,NPEPL1,0.7168264
1883,MPG,0.6797137
1884,GSDMB,0.77658087
1885,NDRG1,0.66517645
1886,SERPINF1,0.94052875
1887,HES6,0.7561869
1888,HTT,0.78914165
1889,PICALM,0.6677117
1890,ADSL,0.8765434
1891,SNF8,0.8614712
1892,TMEM87B,0.8574415
1893,H2AFX,0.6912071
1894,CIB1,0.8870202
1895,NDRG2,0.64394027
1896,TMEM165,0.78386223
1897,COQ4,0.82967186
1898,IGHG3,0.66172236
1899,SH3BGRL,0.7844084
1900,DAP,0.80516666
1901,TARS,0.7287137
1902,SAMD4B,0.78209156
1903,EHD1,0.6214789
1904,SETD3,0.8128538
1905,SH3D19,0.8843582
1906,B4GALT1,0.64423007
1907,TLK1,0.7991825
1908,PTGDS,0.8025985
1909,GTPBP4,0.91191417
1910,NUP85,0.8634342
1911,STAU2,0.53850496
1912,IL4R,0.8076127
1913,LRIG1,0.90093917
1914,NNMT,0.95555156
1915,HEPH,0.7544405
1916,C14orf119,0.90581954
1917,TSC22D3,0.8047574
1918,MROH1,0.77649266
1919,PSMB7,0.9055653
1920,FBXW5,0.67396355
1921,EPB41L4B,0.9406661
1922,FDPS,0.78992873
1923,KMT2E,0.5622816
1924,ZDHHC9,0.8322371
1925,ITPK1,0.77818376
1926,MTLN,0.8656232
1927,EHD2,0.93856925
1928,NDUFA8,0.85646564
1929,ETNK1,0.8140475
1930,EGLN2,0.70718634
1931,PABPC1L,0.74007905
1932,CASK,0.865544
1933,GRAMD1A,0.8018232
1934,SLC35A4,0.7901726
1935,AIDA,0.66904396
1936,PRXL2A,0.75256914
1937,PKIG,0.73355323
1938,PRPSAP1,0.82031614
1939,IGLC1,0.8443745
1940,TFG,0.7849551
1941,BABAM1,0.80071735
1942,SERINC5,0.8040126
1943,BSDC1,0.74922913
1944,IDH3G,0.8257593
1945,MAVS,0.7765164
1946,SLC35B2,0.8055624
1947,CLPTM1,0.7589051
1948,PNRC1,0.76508325
1949,NUDT5,0.93338007
1950,STX10,0.7731375
1951,RNF40,0.7889136
1952,NDUFA3,0.8296474
1953,MED24,0.84181625
1954,TRIM26,0.7998943
1955,FBLN1,0.9203575
1956,MMADHC,0.8791755
1957,ATP6V1B2,0.7816415
1958,TNFRSF12A,0.5574919
1959,BMS1,0.8855204
1960,ESYT1,0.7289305
1961,CAPN5,0.94915825
1962,GOT2,0.90797156
1963,INPPL1,0.75170285
1964,PBXIP1,0.912207
1965,TP53,0.7226277
1966,POLDIP3,0.76810306
1967,ATXN10,0.83828527
1968,ABLIM1,0.82806885
1969,TSC22D1,0.3528436
1970,S100A6,0.89360964
1971,TMEM141,0.8016182
1972,SNRPG,0.78250676
1973,CYB5A,0.7853585
1974,SLC9A3R2,0.7471861
1975,PYURF,0.8745801
1976,MTCH2,0.9172732
1977,ADRM1,0.811551
1978,LSM1,0.7448413
1979,ERP44,0.88259757
1980,IVNS1ABP,0.70894563
1981,HSPA9,0.8763114
1982,VPS25,0.8498958
1983,RING1,0.6535519
1984,BCL3,0.5478458
1985,FBXO7,0.7515735
1986,EXOSC6,0.8316006
1987,CYHR1,0.5740261
1988,AGRN,0.70158947
1989,CSK,0.77743226
1990,TRADD,0.80007064
1991,OSER1,0.6753983
1992,PPP1CB,0.6667761
1993,SAP30BP,0.6593817
1994,BCR,0.86033183
1995,PLOD3,0.7442593
1996,CLASRP,0.7588653
1997,KIAA0930,0.7507698
1998,HEXB,0.66152775
1999,TRIP6,0.50915325
2000,TDP2,0.86477906
2001,SOCS3,0.86524636
2002,SMC1A,0.7624832
2003,WDR26,0.7735591
2004,TCEAL4,0.7810637
2005,PTOV1,0.85188526
2006,SGK1,0.82033914
2007,TRAK1,0.8619214
2008,TAOK1,0.712777
2009,CHMP5,0.7000424
2010,MBNL2,0.7283597
2011,POLE3,0.8466906
2012,RABGAP1L,0.722177
2013,DCAF8,0.808716
2014,ARMCX3,0.7577313
2015,ARFGAP1,0.73643124
2016,SGTA,0.8128166
2017,SMARCB1,0.86924267
2018,ILRUN,0.6514469
2019,GTF3C1,0.68259573
2020,SDHB,0.88212186
2021,TMEM134,0.7019102
2022,KDM2A,0.80287063
2023,GHITM,0.82556456
2024,ANXA7,0.76810294
2025,CREB3,0.6125478
2026,SPTBN1,0.73213416
2027,ANAPC13,0.73805857
2028,CWC15,0.77881354
2029,SAFB2,0.80345696
2030,NOP56,0.8634881
2031,NBEAL2,0.8744869
2032,PHYKPL,0.7632336
2033,EHF,0.8225417
2034,ACACA,0.87355083
2035,PSMD3,0.88304716
2036,PIN1,0.8095934
2037,MBNL1,0.77437735
2038,MAP3K11,0.60810953
2039,MRC2,0.9685483
2040,HTATIP2,0.86410946
2041,HECTD1,0.7436226
2042,ALKBH5,0.76881164
2043,ABHD16A,0.84678733
2044,SPPL2B,0.7280041
2045,MRTFA,0.91807586
2046,PSME2,0.7986179
2047,ASCC3,0.74017805
2048,DHX30,0.8740726
2049,U2AF2,0.79858536
2050,ARHGAP18,0.7170413
2051,UBE2H,0.6122866
2052,PJA2,0.88935137
2053,BPTF,0.7631894
2054,TNRC18,0.68736476
2055,EPHA2,0.7113414
2056,TNFRSF14,0.70610744
2057,OSBPL2,0.9086504
2058,KDM5B,0.63589424
2059,EP300,0.80061907
2060,GOLIM4,0.7404108
2061,PLEKHJ1,0.9307341
2062,VPS26B,0.7919837
2063,CCDC71L,0.77247614
2064,FAM3A,0.71106535
2065,VPS13C,0.62853014
2066,ZMPSTE24,0.5018662
2067,ACTB,0.72947836
2068,PAXX,0.7528825
2069,DHCR24,0.8603183
2070,FKBP3,0.68572944
2071,DDX27,0.7930955
2072,ATXN7L3B,0.8090796
2073,KDM6B,0.71015275
2074,CBX5,0.82271373
2075,HCFC1R1,0.8636227
2076,DIAPH1,0.81097025
2077,NDUFS4,0.8171839
2078,ABL1,0.86376584
2079,CMTM4,0.9022586
2080,TELO2,0.84322315
2081,AUP1,0.70978457
2082,METRNL,0.7114313
2083,AHCYL1,0.6355547
2084,NTMT1,0.79012764
2085,GDF15,0.77124375
2086,RNF130,0.6905661
2087,TCEAL8,0.83298606
2088,RAB21,0.7265844
2089,KMT2B,0.84631884
2090,RHOG,0.80628854
2091,ARFGEF2,0.79910094
2092,COL16A1,0.93231773
2093,KTN1,0.54910153
2094,IRF9,0.65255815
2095,IPO5,0.9187451
2096,TRAF5,0.63965267
2097,TIMMDC1,0.717641
2098,SYMPK,0.8411073
2099,SLC37A1,0.91451436
2100,PPP1R11,0.90088975
2101,USP34,0.7207026
2102,DSP,0.852955
2103,POMP,0.8474818
2104,RNASEK,0.58993644
2105,PURB,0.79441035
2106,ZNF638,0.715969
2107,MYO1B,0.7687767
2108,CSTF3,0.8337599
2109,PLS3,0.7301386
2110,NAA60,0.7908327
2111,PTPN1,0.75341684
2112,B4GALT5,0.7442507
2113,GSPT1,0.80238
2114,AKT1S1,0.7336391
2115,IER5,0.80299765
2116,BRWD1,0.8512301
2117,WIPI2,0.7848039
2118,CHMP4A,0.77207947
2119,NCK2,0.7504896
2120,NAA38,0.6352329
2121,NDUFV3,0.7344495
2122,PRPF4B,0.7370814
2123,CDCP1,0.8842505
2124,CLCN7,0.61717147
2125,TRIM25,0.81466615
2126,NFIB,0.6995
2127,MOV10,0.64571774
2128,RBM15B,0.75042635
2129,LETMD1,0.8199834
2130,ZGPAT,0.7353856
2131,CRACR2B,0.7298364
2132,SELENOF,0.67428976
2133,FAM89B,0.7530962
2134,DHPS,0.7972851
2135,MAPK1IP1L,0.69793874
2136,PYCR1,0.8886281
2137,MGAT5,0.8181426
2138,PAM16,0.9007978
2139,MYOF,0.7462849
2140,IWS1,0.80615395
2141,SLC16A1,0.5963871
2142,PYCARD,0.75066507
2143,CLTC,0.67926884
2144,ISCU,0.64244413
2145,PAPSS2,0.7962661
2146,PPP1R16A,0.8828594
2147,MESD,0.76871985
2148,COPS7A,0.8250847
2149,ACSS1,0.7115924
2150,SRGN,0.8373326
2151,LRPPRC,0.8721886
2152,MVD,0.79115397
2153,RASA2,0.7081428
2154,TIAL1,0.78598154
2155,UBE2B,0.7703729
2156,ABRACL,0.94633925
2157,PLIN3,0.74640495
2158,PFDN2,0.87917626
2159,DENR,0.85402054
2160,ILVBL,0.74220246
2161,BAX,0.6684412
2162,UBA52,0.8151841
2163,SHB,0.78150886
2164,FAM234A,0.71880084
2165,DDOST,0.89310724
2166,VGLL4,0.68837076
2167,BLOC1S1,0.80302274
2168,FBP1,0.48769706
2169,TMOD3,0.5571373
2170,SRP68,0.8686866
2171,MAPK14,0.794157
2172,ENGASE,0.7953685
2173,CDHR5,0.8990635
2174,ITPRIPL2,0.64456165
2175,PXN,0.7011096
2176,EXOSC7,0.8927745
2177,CFLAR,0.8135065
2178,EHD4,0.647642
2179,CCNY,0.7364582
2180,SELENON,0.83883536
2181,USP4,0.7865501
2182,AGPAT3,0.8076054
2183,AMN,0.84610564
2184,SNX5,0.80582273
2185,RNF145,0.7336415
2186,STK40,0.49751228
2187,SLC39A9,0.77476925
2188,QKI,0.9194617
2189,PRPF38A,0.84080946
2190,AP1S1,0.8460899
2191,ATP11A,0.8087
2192,OGFR,0.67492497
2193,CERS6,0.9000022
2194,PCID2,0.8348069
2195,KHDC4,0.82648265
2196,PSMD10,0.8389835
2197,ZDHHC3,0.8351959
2198,NDUFS1,0.8551355
2199,TAX1BP3,0.53982735
2200,LRRC47,0.83593166
2201,RNF44,0.86821765
2202,SPSB3,0.6936415
2203,NDUFA12,0.8303379
2204,NT5C,0.79223406
2205,GPR107,0.59482753
2206,YWHAB,0.75580424
2207,THBS2,0.95763624
2208,MANBAL,0.84362257
2209,TOMM6,0.8517243
2210,GOPC,0.79741156
2211,DPM1,0.8358393
2212,PLS1,0.92956513
2213,RBL2,0.7426566
2214,ATP6V0E1,0.578172
2215,YAP1,0.7091743
2216,PRXL2B,0.83028424
2217,BRK1,0.6753753
2218,HIF1A,0.7885342
2219,CEACAM1,0.8042747
2220,RGL2,0.7277301
2221,PPP1R35,0.8389902
2222,PDGFA,0.69540447
2223,POLR2A,0.5858992
2224,TCEA3,0.7377038
2225,PAN3,0.7247814
2226,GIT1,0.803421
2227,USP25,0.65750563
2228,PAXBP1,0.8368187
2229,EIF4EBP1,0.85513496
2230,RBM12,0.7673305
2231,LSM2,0.8930289
2232,TMED4,0.82879317
2233,PML,0.8484642
2234,BAIAP2L1,0.8496155
2235,GTF2IRD1,0.775105
2236,CEBPZ,0.87658125
2237,ZMYND8,0.7269955
2238,ARIH2,0.78404254
2239,LGR4,0.8591351
2240,FBXW4,0.8061415
2241,CBLC,0.8794969
2242,HIST1H1B,0.5810322
2243,UNC93B1,0.7532279
2244,MYB,0.83378834
2245,KIAA0100,0.8804351
2246,SHC1,0.8453742
2247,AKAP13,0.837133
2248,NT5DC2,0.4765933
2249,NDUFC2,0.6906371
2250,PRKD2,0.7330022
2251,TMUB2,0.78991175
2252,HSD17B11,0.81720847
2253,DUSP3,0.60490316
2254,FUBP3,0.76694065
2255,ADIPOR1,0.72692615
2256,NUDT3,0.77686447
2257,DHX9,0.8911335
2258,ZNF598,0.76033384
2259,PI4KA,0.779113
2260,SHMT2,0.81577176
2261,HES4,0.82569444
2262,CTHRC1,0.9061728
2263,GPR35,0.9264744
2264,MUC20,0.724986
2265,MXD4,0.8390952
2266,GTF2F2,0.8685436
2267,DLD,0.8153542
2268,IGFBP2,0.5676009
2269,BCL2L2,0.7905153
2270,FOSL2,0.8252759
2271,KCNE3,0.78109396
2272,PHRF1,0.74729055
2273,UBAC2,0.8830156
2274,KIAA1217,0.5945517
2275,BLCAP,0.84163755
2276,SLC25A1,0.83501905
2277,LAMA5,0.5697517
2278,PQBP1,0.7727857
2279,ZNF207,0.6969139
2280,SEC24C,0.7487498
2281,AGAP3,0.62073755
2282,CREB3L2,0.76475936
2283,HAGH,0.7470275
2284,IMP4,0.9136548
2285,CRISPLD2,0.9174946
2286,TMEM248,0.79429054
2287,OST4,0.5602314
2288,NDUFV2,0.7845158
2289,UQCC1,0.75613326
2290,UBAP2L,0.77729046
2291,FAM91A1,0.886622
2292,NDUFAF2,0.84004456
2293,XPO6,0.7762146
2294,ADCY6,0.76449484
2295,XPOT,0.7511239
2296,CLN6,0.80657303
2297,MEPCE,0.7412187
2298,DAZAP2,0.62599856
2299,PSMD1,0.8151493
2300,PITPNM1,0.8346469
2301,LCOR,0.8703971
2302,PFKFB3,0.74211603
2303,PALM2-AKAP2,0.90748084
2304,CAVIN3,0.8987473
2305,PAM,0.7650495
2306,TMEM9,0.663119
2307,KDSR,0.625624
2308,NOL4L,0.85698444
2309,SPR,0.88724136
2310,XRN2,0.6843987
2311,SEC24D,0.74722445
2312,LIMS2,0.91497415
2313,KLHL24,0.6790333
2314,NOP16,0.87278134
2315,PTP4A3,0.71244895
2316,C6orf89,0.7991022
2317,KIF1B,0.73889047
2318,RTKN,0.9381918
2319,SPCS1,0.8026558
2320,TOX4,0.6913477
2321,SEPTIN8,0.68741477
2322,EIF3I,0.8363538
2323,HOXB3,0.57006234
2324,EXOC3,0.87306225
2325,LARP4,0.8703329
2326,PTDSS1,0.8878557
2327,ARFGAP3,0.682942
2328,SAR1A,0.68948334
2329,CLIC4,0.8569631
2330,ITPA,0.79167956
2331,ZFR,0.92121845
2332,TADA3,0.77211326
2333,DAG1,0.83303964
2334,SCAF11,0.7292921
2335,PTPRA,0.738659
2336,SF1,0.6987685
2337,SLC39A14,0.7424101
2338,ASL,0.7976101
2339,MIB2,0.77716887
2340,SEC31A,0.6591914
2341,SLBP,0.78342867
2342,HOXB6,0.8143425
2343,AIP,0.71592385
2344,NUDT16,0.76358086
2345,ANXA6,0.8905583
2346,GOLGA7,0.6784336
2347,SLMAP,0.7869444
2348,ETS1,0.936092
2349,PLEKHB2,0.87884057
2350,SELENOS,0.7375007
2351,ATP6AP2,0.7217676
2352,SH3GLB1,0.5664019
2353,ADD1,0.70378035
2354,TSPAN15,0.77518743
2355,REEP3,0.6497588
2356,FAM162A,0.8308116
2357,LEMD2,0.674936
2358,TXNDC17,0.8244184
2359,DELE1,0.8248537
2360,UBE2D2,0.8387659
2361,ZFAND3,0.6660536
2362,UXT,0.87244844
2363,TTLL12,0.88154835
2364,BCL2L13,0.8025041
2365,CSNK2A2,0.8918076
2366,UBE2J1,0.37369505
2367,PDLIM2,0.8438144
2368,UROD,0.70388454
2369,SUZ12,0.86901295
2370,SH2B1,0.7408447
2371,ANAPC5,0.86063963
2372,MFSD1,0.7110161
2373,BMI1,0.66293776
2374,MFSD14B,0.8264263
2375,PRKCSH,0.7724453
2376,SORT1,0.73478204
2377,CERS2,0.8352949
2378,NSF,0.88524085
2379,ZNF428,0.64346665
2380,VAPB,0.7906243
2381,TNK2,0.76312774
2382,SF3B3,0.8699222
2383,IDI1,0.8489242
2384,SNX19,0.7198539
2385,ZMIZ1,0.7114137
2386,MAGT1,0.87948805
2387,SMG1,0.5261354
2388,MCMBP,0.86766195
2389,FBXO32,0.82052815
2390,SLC25A4,0.88807166
2391,METTL9,0.7376876
2392,TMEM184B,0.48190245
2393,NCOR1,0.7179107
2394,SPTSSA,0.8521469
2395,SLC26A6,0.7932825
2396,TMX4,0.8433198
2397,PFDN6,0.87917477
2398,JPT2,0.8957133
2399,ZC3H12A,0.7395838
2400,CUEDC2,0.74488825
2401,CARD19,0.73127097
2402,RAVER1,0.9149596
2403,LMAN1,0.62996393
2404,KMT2D,0.7188072
2405,NDUFAF8,0.781529
2406,PCNA,0.82429427
2407,ZMYM2,0.6927738
2408,NUBP2,0.7153071
2409,BRMS1,0.73620206
2410,DAD1,0.79780656
2411,IFI16,0.749156
2412,GALNT3,0.9162733
2413,APOL1,0.7676501
2414,F11R,0.8734003
2415,POLR2K,0.86305946
2416,KANSL3,0.84502107
2417,TAP2,0.72252023
2418,CYBC1,0.753173
2419,CNOT8,0.8248473
2420,PARL,0.85317725
2421,PCM1,0.7292336
2422,PCMT1,0.87864333
2423,GRIPAP1,0.80054885
2424,ACOX1,0.82402176
2425,VPS4B,0.8358112
2426,PSMB6,0.85378593
2427,COL12A1,0.930731
2428,SORBS1,0.73306173
2429,PROSER1,0.838304
2430,FBXL5,0.8137334
2431,PPP6R3,0.7343215
2432,RBBP7,0.8683384
2433,CTNNBIP1,0.79289395
2434,OXA1L,0.75975657
2435,PRPS2,0.8979654
2436,HIST1H4C,0.7872347
2437,UBL3,0.72895193
2438,PCED1A,0.90015996
2439,SLPI,0.7625575
2440,GLS,0.73567075
2441,RNF5,0.80191076
2442,RAB11B,0.62953025
2443,ERCC1,0.82940334
2444,BTBD6,0.6598039
2445,TM9SF1,0.6489704
2446,GMPS,0.8990795
2447,TSPAN4,0.90990007
2448,CCDC50,0.7270847
2449,TBC1D20,0.8249992
2450,MCM5,0.7254497
2451,AVL9,0.8491231
2452,KLC1,0.85444653
2453,CCDC130,0.81079924
2454,PMVK,0.8137885
2455,MARK2,0.8577599
2456,GSK3A,0.85488665
2457,FGFRL1,0.71254903
2458,WDR18,0.7941676
2459,NRIP1,0.68812513
2460,ACTG2,0.8250101
2461,FAM210B,0.55288285
2462,KLF9,0.9366704
2463,FBXW2,0.73642766
2464,EPPK1,0.8814643
2465,ZCCHC14,0.648661
2466,CHMP1A,0.7975135
2467,SVIL,0.8248631
2468,BAG5,0.83490664
2469,MCRS1,0.88286674
2470,DDX42,0.7524075
2471,CASP6,0.90907294
2472,CDK16,0.859083
2473,CD24,0.37606862
2474,TMEM208,0.6404192
2475,UBD,0.5393482
2476,ADD3,0.8000489
2477,KCTD20,0.8427776
2478,NECAP2,0.8050286
2479,PVR,0.8652673
2480,TMC6,0.72859305
2481,SATB2,0.8466816
2482,MLPH,0.8179162
2483,TUBGCP6,0.7540773
2484,DCAF16,0.8151563
2485,HSD11B2,0.7964454
2486,XPNPEP1,0.8504187
2487,CPD,0.76870775
2488,MYO19,0.8352598
2489,LMF2,0.7468934
2490,COPS5,0.80361754
2491,ILK,0.7288905
2492,CYP3A5,0.84896135
2493,FIBP,0.68948376
2494,ENY2,0.7820211
2495,CAT,0.724133
2496,CRIP2,0.8648247
2497,HNRNPK,0.60896647
2498,PHLDA2,0.8249818
2499,MST1R,0.90679204
2500,MID1IP1,0.69097006
2501,LSM14A,0.8610148
2502,PSMG3,0.8205746
2503,AKAP11,0.65242
2504,PLEKHO1,0.8898198
2505,NFKBIZ,0.57189953
2506,PPA2,0.88934046
2507,ATP6V1E1,0.60449314
2508,PSMG2,0.72696847
2509,TRPC4AP,0.69100934
2510,SMIM4,0.7887886
2511,KRT10,0.6962919
2512,EPSTI1,0.5799893
2513,BCL9L,0.7623821
2514,DVL1,0.722127
2515,H3F3A,0.49962
2516,PHF19,0.7970527
2517,BZW2,0.8612221
2518,MBD2,0.5584544
2519,F3,0.7905162
2520,GPBP1L1,0.73330307
2521,ECPAS,0.67594016
2522,DDX49,0.8831207
2523,FAM118A,0.7031311
2524,AGPS,0.85384834
2525,MLLT1,0.8235961
2526,CXCR4,0.79386985
2527,MTA2,0.8937879
2528,PHF10,0.85182685
2529,CCNDBP1,0.7185801
2530,AMACR,0.7464749
2531,DOCK1,0.6843023
2532,PRCC,0.8213662
2533,UQCC2,0.80261093
2534,TMEM263,0.85202277
2535,DNAJA3,0.8706644
2536,AQP1,0.9312859
2537,MT1G,0.3580716
2538,AMD1,0.84385544
2539,RAB4A,0.8374184
2540,EEF2,0.6569846
2541,ABHD11,0.86870354
2542,SEC23A,0.6831384
2543,UACA,0.81242865
2544,DYNLT1,0.7733188
2545,LRFN4,0.8631042
2546,FAM120AOS,0.71034527
2547,SLC39A13,0.9173784
2548,IMPAD1,0.6243663
2549,DEDD2,0.8206757
2550,HIST1H1E,0.4489731
2551,LRP5,0.8664622
2552,ZFAND2B,0.68340725
2553,SLC16A3,0.55926347
2554,CEBPG,0.924252
2555,SF3A1,0.82423735
2556,CNOT7,0.7317429
2557,AFAP1,0.7243337
2558,AGPAT1,0.66858536
2559,COMMD7,0.70761
2560,RCN3,0.9174642
2561,IKBKG,0.80721426
2562,PSMB3,0.8553745
2563,TMEM185B,0.8364312
2564,PPP1R12B,0.78948456
2565,CMBL,0.70873153
2566,SH3BP4,0.86599076
2567,YKT6,0.8088008
2568,ZNF783,0.7771087
2569,TM2D1,0.76387817
2570,NUDT21,0.84943193
2571,TPGS2,0.63946354
2572,NACC1,0.78555745
2573,KMT5B,0.66644466
2574,TMED5,0.691836
2575,POLR2C,0.7331257
2576,WDR13,0.6436301
2577,FAF2,0.7643607
2578,TIA1,0.67128164
2579,SEC63,0.6612428
2580,ICMT,0.6398156
2581,PBX1,0.8719682
2582,TOLLIP,0.69863194
2583,HTRA1,0.8655757
2584,TMEM173,0.7015986
2585,MAN2B1,0.78446615
2586,CRYBG1,0.7816902
2587,SPIRE2,0.8212847
2588,ECHDC2,0.60638136
2589,LIMD1,0.7756915
2590,MGLL,0.7857685
2591,HSPA4,0.81665224
2592,ANAPC7,0.79291
2593,EIF2S3,0.8008189
2594,TNS1,0.92482203
2595,PRKAR2A,0.8995243
2596,CIAO1,0.89816535
2597,GLYR1,0.5973392
2598,RBBP6,0.7417614
2599,CASP4,0.5606579
2600,EFCAB14,0.71977395
2601,NOP10,0.75384486
2602,PTGFRN,0.7266063
2603,SPATS2L,0.55574864
2604,PDIA5,0.61558145
2605,CTNNBL1,0.77786976
2606,PEX26,0.65063554
2607,DNAJB2,0.56454897
2608,SETD5,0.69089085
2609,LIMK2,0.7690125
2610,RNPEPL1,0.7657887
2611,PACS2,0.7467481
2612,MGRN1,0.7735962
2613,SH3BGRL2,0.87678736
2614,NDUFS3,0.87143475
2615,THAP11,0.75372154
2616,ANTXR1,0.9226144
2617,RELL1,0.8478355
2618,CCNC,0.8912539
2619,ITPKC,0.5844594
2620,TACC2,0.8500845
2621,SIRT7,0.79175466
2622,VPS13A,0.7559431
2623,INTS10,0.74023116
2624,ATF6B,0.8462747
2625,EXOC4,0.726015
2626,TXNL1,0.69355786
2627,DAXX,0.8982434
2628,AGAP1,0.7331222
2629,ABHD14B,0.8302517
2630,KLF13,0.4353046
2631,MYO6,0.87904185
2632,SLC39A11,0.80380976
2633,MYO7B,0.82650197
2634,TXNDC15,0.7677973
2635,PLAAT4,0.5613858
2636,ERRFI1,0.5276552
2637,DBNDD2,0.68274397
2638,FUT4,0.8414961
2639,PRDM2,0.8825329
2640,ANO9,0.86817896
2641,KRTCAP3,0.92741805
2642,FXR1,0.71892405
2643,MARK3,0.7800469
2644,HMGN3,0.77581936
2645,CDS2,0.6564568
2646,DNAJC3,0.77895755
2647,ELOF1,0.72061485
2648,NIPSNAP2,0.74838
2649,COX7A2L,0.9179168
2650,LOXL2,0.844484
2651,WIPF1,0.8962045
2652,SCNN1A,0.84578055
2653,SURF6,0.8179818
2654,ANKRD13D,0.61459816
2655,ACTR1A,0.62393177
2656,CLDN1,0.7980529
2657,HDAC7,0.83868784
2658,AARS,0.66411513
2659,CYB561,0.84488624
2660,OTUD5,0.72486967
2661,ATP2C1,0.7796608
2662,DCTN4,0.72350466
2663,NUFIP2,0.78876
2664,PSMD7,0.8284186
2665,PGP,0.7203316
2666,TRIM38,0.83274966
2667,ANKRD17,0.69103545
2668,PNKD,0.8260178
2669,EIF4A3,0.8479423
2670,MORF4L2,0.6123788
2671,CKAP5,0.85745806
2672,CMIP,0.76677656
2673,CENPT,0.7145456
2674,ACAT1,0.6570893
2675,PRPF3,0.74918324
2676,TIMM17B,0.88671005
2677,TSPAN14,0.8130782
2678,COL5A2,0.84670913
2679,CARHSP1,0.7010284
2680,CES2,0.7502713
2681,STARD3,0.811183
2682,TRAPPC9,0.8532802
2683,FKBP5,0.7025994
2684,TIMM50,0.8746386
2685,DNAJC8,0.81235904
2686,CDIPT,0.7768363
2687,ITFG1,0.6936293
2688,NFX1,0.774571
2689,LAMP2,0.6950839
2690,SART1,0.69421273
2691,TBC1D22A,0.7524529
2692,TNFSF10,0.67124325
2693,SCAMP4,0.7512417
2694,PLEKHG6,0.8870315
2695,RNF167,0.7873665
2696,SNRNP40,0.9252939
2697,NOSIP,0.8891927
2698,VPS29,0.82399184
2699,DNAJB6,0.77798027
2700,GUCD1,0.90972817
2701,BSCL2,0.7422859
2702,NFKB1,0.72546875
2703,ARHGEF7,0.65940326
2704,CSDE1,0.46712136
2705,MPRIP,0.7784092
2706,TOMM70,0.8224292
2707,ITGAV,0.84840095
2708,FNDC3A,0.52958196
2709,ANKZF1,0.78113043
2710,NABP2,0.93720585
2711,OSBP,0.9022299
2712,YIF1B,0.72787935
2713,TRAPPC4,0.72464865
2714,LZIC,0.80689615
2715,GSE1,0.64894825
2716,PHF20L1,0.67769706
2717,MCM6,0.83931416
2718,TTC17,0.79702073
2719,MLLT3,0.7824176
2720,SPATA20,0.6391853
2721,PPP1R14A,0.86840135
2722,RASSF1,0.83294
2723,DIAPH2,0.7925533
2724,ZNF664,0.89335763
2725,ENOPH1,0.9358522
2726,TOMM40,0.8419934
2727,SLC25A10,0.8363002
2728,KLHDC4,0.82451165
2729,MUS81,0.6304617
2730,BOD1,0.7775672
2731,ST6GALNAC6,0.838843
2732,QRICH1,0.7595746
2733,TRIM56,0.710128
2734,SAPCD2,0.76495045
2735,YIPF2,0.7993144
2736,GTPBP2,0.7291923
2737,MTHFD1,0.8543353
2738,GSKIP,0.9316001
2739,ZNFX1,0.67273
2740,TPGS1,0.82699907
2741,ARL2BP,0.76258403
2742,TMEM43,0.7449197
2743,GRPEL1,0.8818014
2744,ZC3H18,0.7390896
2745,PSMB9,0.61716336
2746,IL2RG,0.7484379
2747,SLC31A1,0.83305866
2748,WASHC5,0.79167217
2749,ARFRP1,0.6967301
2750,PARVA,0.8401602
2751,ARID1B,0.7982291
2752,EIF2B1,0.61737347
2753,TMEM176A,0.5187751
2754,AFF1,0.65374666
2755,DNAJC10,0.8845711
2756,D2HGDH,0.6690211
2757,MDH1,0.79539853
2758,LARS,0.72755224
2759,MCFD2,0.7082018
2760,CCAR2,0.69132936
2761,SEPTIN11,0.6367713
2762,TRAPPC1,0.5952888
2763,PPP1R18,0.91953075
2764,FAAP100,0.7507947
2765,PXDN,0.94373435
2766,ISG20,0.72778445
2767,DACH1,0.78827226
2768,CNPPD1,0.8552496
2769,GATA6,0.8731496
2770,SAT2,0.7899232
2771,TESC,0.6118483
2772,COL15A1,0.90823084
2773,MCUR1,0.7610201
2774,TMCO1,0.74335873
2775,SLC7A6,0.83083576
2776,LSM14B,0.915864
2777,DTX3L,0.6361178
2778,RAE1,0.8097892
2779,SLC35F5,0.8566335
2780,KMT2C,0.58917075
2781,HERC4,0.58306926
2782,USP9X,0.65464824
2783,UBALD2,0.6940526
2784,TNFRSF6B,0.45692998
2785,BCAR1,0.5975682
2786,SCAP,0.73376
2787,PLEKHM2,0.89352906
2788,MUC12,0.5195807
2789,PITRM1,0.8832396
2790,PRKDC,0.8386156
2791,CNIH1,0.8285204
2792,TMEM245,0.7527196
2793,IFITM1,0.5622965
2794,TNS4,0.6065605
2795,PTGES3,0.87719727
2796,NDFIP2,0.93129605
2797,GET3,0.88415706
2798,CLIP1,0.864787
2799,ATG101,0.69144297
2800,SMPD4,0.7982229
2801,ZNF33A,0.7783507
2802,DGCR2,0.740033
2803,ALG13,0.631796
2804,ABI1,0.7519502
2805,EMP3,0.9093055
2806,CHSY1,0.92420834
2807,FPGS,0.8370065
2808,CARM1,0.9255549
2809,CBX3,0.6390019
2810,DNAJA4,0.755184
2811,POLR3E,0.7658569
2812,UBE2E1,0.6797919
2813,FBXW7,0.6684221
2814,ZNF330,0.83924425
2815,EMG1,0.84745264
2816,PRRC1,0.8305165
2817,NDUFS7,0.78037494
2818,SMIM26,0.88515747
2819,GSK3B,0.87931633
2820,TMEM98,0.6710292
2821,CNOT1,0.824962
2822,SNRNP25,0.8516235
2823,NRBP2,0.7263876
2824,SEMA4B,0.84400684
2825,TMEM159,0.73100895
2826,NELFB,0.8148528
2827,NFAT5,0.78110486
2828,EML4,0.84618473
2829,FURIN,0.6289734
2830,SMAP2,0.7962736
2831,TOMM34,0.8882414
2832,TMEM41B,0.8925332
2833,MTX2,0.91310513
2834,RPIA,0.9175401
2835,SMAD3,0.64350855
2836,MAN1A1,0.74461836
2837,TMEM168,0.847871
2838,ERF,0.66797245
2839,DNAJC1,0.65299433
2840,ALDH3A2,0.75418234
2841,ZBTB38,0.5914131
2842,MAPK8IP3,0.7262049
2843,TGFB1,0.89677095
2844,UBR4,0.75777096
2845,TIMM10,0.85221094
2846,UBXN4,0.6692092
2847,PAWR,0.8266808
2848,EPB41L1,0.6849853
2849,PRKCD,0.81162786
2850,CFAP97,0.8626496
2851,POLG,0.77520955
2852,ADM,0.74365336
2853,PNP,0.8435833
2854,ZBED1,0.8018427
2855,NMT1,0.7385282
2856,DDX41,0.8822155
2857,ADAM19,0.876249
2858,GPAT4,0.663603
2859,IDH3B,0.80012333
2860,CRK,0.6637293
2861,CLPP,0.9000376
2862,PRKAA1,0.7693466
2863,NSUN2,0.8776197
2864,AXIN1,0.76492566
2865,NOP2,0.8256183
2866,HADHB,0.77029073
2867,MED13,0.86549276
2868,RANGAP1,0.77910656
2869,WAC,0.6924757
2870,PTPRG,0.6863479
2871,PCMTD2,0.8256369
2872,SURF1,0.5663521
2873,SART3,0.65784544
2874,SP3,0.7409738
2875,KLF10,0.66957456
2876,TNKS,0.8189195
2877,YME1L1,0.84455484
2878,GRB2,0.6381822
2879,KHNYN,0.74286044
2880,FAR1,0.81265056
2881,ACBD3,0.61890703
2882,WRNIP1,0.70276684
2883,SHTN1,0.80771476
2884,NCAPD2,0.8360461
2885,MTIF3,0.8051754
2886,RSRC2,0.74289846
2887,BTBD7,0.7516177
2888,HGSNAT,0.75013155
2889,PSEN1,0.62027776
2890,VTI1A,0.7683319
2891,TMEM97,0.886486
2892,UBE2Z,0.7347719
2893,ZC3H15,0.8507597
2894,EIF2S1,0.8331172
2895,RNF4,0.7726163
2896,G0S2,0.6103732
2897,IMP3,0.7248507
2898,CAMSAP3,0.89454997
2899,ACBD6,0.86215824
2900,ZNF217,0.7908124
2901,ATPAF1,0.83549005
2902,RFFL,0.79282796
2903,ALG3,0.93992525
2904,YY1AP1,0.8079247
2905,BRD9,0.7742396
2906,STX7,0.71080154
2907,ZZEF1,0.78193486
2908,GBF1,0.5152186
2909,LAS1L,0.87326056
2910,PRKAR1B,0.8485073
2911,CGGBP1,0.6455782
2912,TFF1,0.7074109
2913,CHERP,0.8887839
2914,RBPMS,0.8472653
2915,RGS3,0.64638454
2916,DAB2IP,0.70069754
2917,SMC5,0.72614306
2918,ACOT9,0.736451
2919,SLC30A9,0.909365
2920,SRP9,0.6072358
2921,LSM6,0.8299951
2922,FAM199X,0.7451015
2923,WLS,0.5183647
2924,OAS3,0.4427825
2925,ANTKMT,0.7627574
2926,DPYSL3,0.95872915
2927,PPIE,0.7973099
2928,IGHM,0.80364126
2929,HIPK3,0.87082183
2930,IFT20,0.60670376
2931,RDH10,0.7945224
2932,SDC3,0.9030328
2933,BDH1,0.8991057
2934,CABIN1,0.71396077
2935,N4BP2L2,0.68891346
2936,MAEA,0.86503327
2937,SMIM15,0.93477327
2938,NUB1,0.7031747
2939,HRAS,0.6456332
2940,FNBP1,0.86036503
2941,NECTIN2,0.75229234
2942,CD47,0.6457739
2943,CHKB,0.7178656
2944,TRIO,0.7402045
2945,ARF5,0.7888251
2946,PKD1,0.80041754
2947,SLC30A1,0.7644511
2948,TMEM70,0.72696054
2949,CHD2,0.5095146
2950,INO80B,0.70284563
2951,SNRPF,0.9282895
2952,STK4,0.80701685
2953,EHMT2,0.7979412
2954,CPSF7,0.8286883
2955,TSC22D2,0.71124727
2956,CEMIP2,0.6632649
2957,PLCG1,0.8747635
2958,DCAF11,0.850566
2959,ARFIP2,0.81392163
2960,MYBBP1A,0.74955255
2961,NUP42,0.8447844
2962,PTK6,0.8332922
2963,DNAJA2,0.87578917
2964,OPA1,0.86251175
2965,EIF2A,0.8411819
2966,DOT1L,0.7981595
2967,HELLS,0.77101797
2968,HOXA10,0.67684263
2969,ELOVL1,0.7837901
2970,CCND3,0.6516997
2971,PAPSS1,0.77328867
2972,TPCN1,0.79461193
2973,STAG2,0.87239844
2974,EIF2D,0.7775733
2975,IVD,0.80542123
2976,DGCR8,0.7989012
2977,DKC1,0.9116406
2978,TUBGCP2,0.7581352
2979,PSIP1,0.75521404
2980,PGM3,0.6953382
2981,MBD6,0.61608607
2982,IL13RA1,0.59297085
2983,WBP2,0.68309516
2984,FABP5,0.6238285
2985,ITGB2,0.8721141
2986,MEX3D,0.7582527
2987,TBC1D16,0.7908106
2988,ZNF703,0.8349186
2989,TMEM33,0.8948806
2990,ACSL1,0.74105495
2991,FAM136A,0.87830436
2992,ATAD1,0.83756286
2993,PMP22,0.8716115
2994,MYBL2,0.7743444
2995,HTATSF1,0.83142084
2996,LSS,0.66890323
2997,CYFIP1,0.73889023
2998,UBXN1,0.75308645
2999,TRIM22,0.81744766
3000,RHBDD2,0.615398
3001,SLC20A1,0.5240703
3002,PLEKHG5,0.77805
3003,PKP2,0.88800335
3004,SMAGP,0.8697954
3005,BSPRY,0.9015068
3006,CCDC88B,0.44925684
3007,PTPRE,0.75008667
3008,STAP2,0.9032644
3009,SRSF4,0.65170157
3010,DPEP1,0.6255301
3011,NDST1,0.9044779
3012,CCDC91,0.863078
3013,HADH,0.8758453
3014,NPLOC4,0.52930874
3015,SLCO2B1,0.80173916
3016,MTA3,0.8697967
3017,GBP2,0.86447895
3018,TP53I3,0.76497096
3019,SH3RF1,0.86711806
3020,CAND1,0.70020396
3021,PRR14,0.7247047
3022,C8orf76,0.7756892
3023,ZNF195,0.83354104
3024,PAK4,0.89592963
3025,PLCD3,0.7398588
3026,PMF1,0.7525285
3027,WEE1,0.53288156
3028,MYL12A,0.50777376
3029,EIF2AK2,0.7399907
3030,TIMM10B,0.79325265
3031,C17orf49,0.690083
3032,TOB2,0.7479304
3033,MEA1,0.8020434
3034,SPARCL1,0.81193465
3035,PARP10,0.6384021
3036,ELF1,0.6669335
3037,UHMK1,0.86637795
3038,MARVELD1,0.8758937
3039,RALBP1,0.7124897
3040,LCMT1,0.78938216
3041,TOP1MT,0.7623225
3042,MXI1,0.66814864
3043,UBQLN4,0.7494145
3044,DCTN3,0.7735217
3045,SPAG7,0.7313427
3046,MMP11,0.7252852
3047,GALNT10,0.6431096
3048,SCAF1,0.7813416
3049,NT5C2,0.72609276
3050,TMEM106B,0.7576765
3051,FAM204A,0.7898248
3052,CDC20,0.706242
3053,TPP2,0.6843122
3054,NSMCE4A,0.85601836
3055,KLHDC3,0.70246166
3056,MISP,0.7887904
3057,ERN1,0.7445777
3058,PRNP,0.75013965
3059,PPM1A,0.75678796
3060,BAD,0.7812721
3061,SPTLC1,0.8824254
3062,FEM1B,0.7894029
3063,WDR33,0.7455899
3064,BRAT1,0.8100844
3065,TRAPPC2L,0.7770607
3066,ATP2C2,0.7819171
3067,APOL6,0.46431237
3068,PAFAH1B2,0.79388267
3069,SNX9,0.6653024
3070,PLOD2,0.71263176
3071,ORMDL1,0.68657154
3072,HACD3,0.9269891
3073,SRPK1,0.727109
3074,SMARCA2,0.6565133
3075,PLXDC2,0.9341696
3076,GTF3C5,0.74051255
3077,SUN1,0.66904217
3078,HECA,0.6707096
3079,RBM25,0.5890146
3080,PCGF2,0.6100689
3081,SHFL,0.76573104
3082,WFS1,0.57453495
3083,ANGPTL2,0.8799595
3084,STX5,0.7096099
3085,DHCR7,0.9053068
3086,MFSD12,0.6968401
3087,PFKM,0.809848
3088,AMDHD2,0.6848364
3089,SSNA1,0.7996655
3090,AP5Z1,0.76295155
3091,EDEM1,0.54682344
3092,CDH11,0.92386234
3093,MAT2B,0.7391218
3094,CCNB1IP1,0.8179576
3095,GALNS,0.6775502
3096,SLC25A28,0.7291751
3097,RBM8A,0.7001645
3098,TIMM44,0.87905675
3099,PCMTD1,0.47118565
3100,BNIP3L,0.688299
3101,SFXN3,0.7808848
3102,SERPINA1,0.63823587
3103,ROCK1,0.8239881
3104,RB1,0.72413486
3105,ZDHHC7,0.76769394
3106,CYTH1,0.718912
3107,CD82,0.64885944
3108,GFPT1,0.8592672
3109,TOR3A,0.75194466
3110,CALCOCO1,0.84373146
3111,NEK9,0.79515105
3112,RHPN2,0.7924472
3113,SAMD1,0.7342649
3114,RANBP3,0.647335
3115,UGP2,0.6204375
3116,MOB4,0.75673723
3117,STX4,0.7849625
3118,CCSER2,0.72773165
3119,CEBPA,0.7629901
3120,PLA2G12A,0.91043365
3121,N4BP1,0.7224384
3122,CD2BP2,0.58013743
3123,ARID1A,0.6774716
3124,NOP14,0.88332415
3125,DFFA,0.8143788
3126,CXCL8,0.35899955
3127,NSD1,0.6578398
3128,ZDHHC8,0.59586465
3129,NDEL1,0.7446594
3130,DEPP1,0.8822123
3131,MRTO4,0.827417
3132,ATP13A1,0.7243113
3133,BID,0.8334809
3134,PERP,0.6596846
3135,RREB1,0.86016315
3136,CUL3,0.88321877
3137,HDAC5,0.7385268
3138,SGSM3,0.69944334
3139,PREB,0.6603858
3140,TLE2,0.7111716
3141,CDK12,0.77469486
3142,XPO1,0.79136765
3143,MRGBP,0.89289206
3144,COMTD1,0.7061556
3145,PSD4,0.78610975
3146,URGCP,0.7763409
3147,PDLIM3,0.89225495
3148,KCTD5,0.8695483
3149,PCK2,0.8608688
3150,WDTC1,0.6597353
3151,FAM207A,0.8226027
3152,PHF20,0.77182245
3153,ARHGAP26,0.6858324
3154,SPAG9,0.6882909
3155,SEL1L,0.5692361
3156,TIMM9,0.7823674
3157,SMAD2,0.74457437
3158,TMEM8A,0.7605496
3159,AP2B1,0.8790156
3160,RNF19B,0.59863096
3161,NUP58,0.8193674
3162,DBN1,0.8082572
3163,B4GALT2,0.57191473
3164,NF2,0.8062811
3165,RAB35,0.77962524
3166,DNAJC21,0.8710922
3167,DMWD,0.8168288
3168,AATF,0.91718185
3169,CLK1,0.7156249
3170,MFHAS1,0.8628529
3171,TAF6,0.75081027
3172,APBB2,0.7515157
3173,DDX6,0.5607402
3174,SLC38A2,0.49978203
3175,ATP13A3,0.72212917
3176,AKNA,0.79916894
3177,TMEM129,0.7753972
3178,C2orf68,0.74508256
3179,UCKL1,0.8691831
3180,PPARG,0.87407523
3181,SCARB1,0.8647455
3182,RPP21,0.8740393
3183,DUSP6,0.6030832
3184,CGN,0.9101245
3185,WDR90,0.68729925
3186,MON1B,0.78647965
3187,OXLD1,0.7989262
3188,MSN,0.95414245
3189,RCAN1,0.694502
3190,ATP2A3,0.84923714
3191,TGFB1I1,0.9782883
3192,SMARCA4,0.8382656
3193,CNOT2,0.7751026
3194,GPR108,0.60568005
3195,DENND1A,0.73962724
3196,TJP1,0.6002208
3197,SLC29A1,0.8096409
3198,BTBD1,0.8485529
3199,NOC2L,0.74033135
3200,STK39,0.7796904
3201,TSEN34,0.8086248
3202,TPR,0.7201123
3203,SRCAP,0.684025
3204,SUGT1,0.89068705
3205,PPIL2,0.8612242
3206,PLCB4,0.5484296
3207,IL10RB,0.81266963
3208,RBFOX2,0.8065409
3209,TRIP10,0.705465
3210,GLYCTK,0.8513664
3211,IFRD1,0.53448415
3212,KCTD10,0.7204226
3213,DCTN6,0.63635147
3214,UPP1,0.6620839
3215,SLC25A23,0.7280178
3216,RETSAT,0.77504885
3217,CNOT3,0.8979431
3218,EIF5B,0.72730625
3219,TNPO2,0.83059675
3220,NPM3,0.7471565
3221,TTC1,0.79914635
3222,TERF2IP,0.67210627
3223,USB1,0.54465777
3224,PSKH1,0.69962865
3225,MCM3AP,0.77726835
3226,GGA1,0.73668045
3227,GALNT1,0.64132404
3228,NELFE,0.8030736
3229,TRIM4,0.8570666
3230,PPP3CB,0.829117
3231,IGF2R,0.40370002
3232,INTS3,0.8486109
3233,FKBP11,0.6168837
3234,CLASP2,0.7615456
3235,PHC2,0.68619806
3236,PROM1,0.6733951
3237,LMO4,0.7071787
3238,CLIP2,0.57121277
3239,SGPL1,0.78161305
3240,AVEN,0.78455037
3241,CAPN15,0.7987115
3242,DPF2,0.84171003
3243,MDM2,0.4090535
3244,PIH1D1,0.71778834
3245,SSH2,0.69694054
3246,STAT5B,0.9206688
3247,RIN2,0.7526146
3248,TMEM9B,0.87185746
3249,NSD2,0.8462682
3250,NUDCD3,0.84697074
3251,DTX2,0.87763274
3252,GNL3L,0.85351765
3253,PIK3R2,0.667127
3254,LRP11,0.90495616
3255,NPEPPS,0.72573197
3256,MAPKAP1,0.76314527
3257,ZBTB7B,0.86045355
3258,ITPRID2,0.7096564
3259,LZTS2,0.7738926
3260,SPNS1,0.6875755
3261,DMPK,0.83893025
3262,RALGDS,0.6466035
3263,YTHDF2,0.9052487
3264,DPH2,0.8647939
3265,PGM1,0.67272294
3266,PLEKHA1,0.7182447
3267,CCM2,0.6928597
3268,WDR55,0.7317342
3269,MALL,0.75039655
3270,ATP6V0A1,0.5297217
3271,PBRM1,0.7891224
3272,RUBCNL,0.69083935
3273,VAMP3,0.75821394
3274,GASK1B,0.8397956
3275,P4HA2,0.6660527
3276,RUVBL1,0.896352
3277,MIER1,0.5416409
3278,SELENOO,0.7879094
3279,PI4KB,0.8355217
3280,RABEP2,0.7298349
3281,NOB1,0.9303203
3282,CCS,0.69326925
3283,CAD,0.8089339
3284,MZT1,0.818752
3285,ARHGEF11,0.7312703
3286,GOLPH3L,0.8158289
3287,JDP2,0.7915087
3288,FUT3,0.9310136
3289,COPS7B,0.77894765
3290,RALB,0.7027691
3291,GADD45B,0.87607914
3292,ZDHHC6,0.85482454
3293,PEX2,0.75154454
3294,DGKD,0.5823633
3295,OSTF1,0.70227724
3296,SAMHD1,0.6880668
3297,NSFL1C,0.75269973
3298,UBQLN1,0.7306961
3299,ZNF410,0.62353665
3300,OSBPL9,0.73400456
3301,RBM26,0.73189104
3302,ITGA2,0.73022175
3303,CCNYL1,0.6960862
3304,DESI2,0.6735504
3305,GAA,0.77583253
3306,CD14,0.91744006
3307,WIPF2,0.82552135
3308,SLC25A37,0.65809214
3309,STARD3NL,0.687489
3310,INTS8,0.8734522
3311,LAPTM4B,0.67039025
3312,ZFAND1,0.849973
3313,TASOR2,0.7477403
3314,CAB39,0.6110576
3315,BCKDHB,0.7395829
3316,SRI,0.7480071
3317,ANKRD52,0.7293087
3318,DNAJC2,0.9254942
3319,PHB,0.8371071
3320,NIPBL,0.7892489
3321,TMED3,0.8312363
3322,GNG12,0.6488513
3323,ETV3,0.6770336
3324,MAGED2,0.57246727
3325,ARL4C,0.8759766
3326,ERCC5,0.7915112
3327,FAM114A1,0.57484674
3328,RAB27A,0.77672017
3329,BOK,0.573225
3330,VPS53,0.69238836
3331,ATXN7L3,0.7875497
3332,PLBD1,0.75807375
3333,CNP,0.72665083
3334,TXNDC11,0.73391616
3335,RFX5,0.83850914
3336,TRMT2A,0.81075716
3337,FAM160B2,0.885886
3338,GPATCH2L,0.76919615
3339,EXT1,0.52673554
3340,GSR,0.83456886
3341,SLC5A1,0.7614085
3342,MAPKAPK3,0.8601147
3343,RHOF,0.7134348
3344,NKD1,0.5940021
3345,FAM20C,0.8407423
3346,DTX4,0.816548
3347,FNBP4,0.7299631
3348,NEDD9,0.58791965
3349,NAXD,0.71982867
3350,PSMA3,0.8122333
3351,ANKRD9,0.6807354
3352,TAZ,0.89117104
3353,NOL7,0.8651539
3354,PLEKHG2,0.8734137
3355,CCDC86,0.7956047
3356,C2,0.7117419
3357,PTAR1,0.7548173
3358,TNIK,0.77717674
3359,POM121,0.82020676
3360,TSG101,0.9072395
3361,ARL1,0.7748369
3362,UBN1,0.8079504
3363,PRRX1,0.9419473
3364,NOM1,0.7918347
3365,SAE1,0.79590595
3366,TRIM47,0.57136524
3367,XPC,0.7020013
3368,ENTR1,0.8143368
3369,ECSIT,0.90323865
3370,SH3PXD2B,0.90595454
3371,TNFRSF10B,0.7799155
3372,FBH1,0.6000661
3373,ST6GAL1,0.73529
3374,RELCH,0.7202897
3375,MYO5B,0.9143411
3376,GIGYF2,0.72249067
3377,EVPL,0.7212419
3378,FARSB,0.9154111
3379,C5orf15,0.64593685
3380,ARFGAP2,0.64123964
3381,CHPF2,0.70473146
3382,RNF13,0.7787774
3383,FRYL,0.6711709
3384,DOCK5,0.62620366
3385,CCL20,0.5991728
3386,DUSP22,0.7695996
3387,PLXNB1,0.8295177
3388,HARS,0.6081506
3389,GLUD1,0.7253486
3390,KCNQ1,0.59979147
3391,NEMF,0.54101676
3392,EBP,0.91810673
3393,EXT2,0.57707757
3394,CC2D1A,0.7958351
3395,PWP1,0.8292275
3396,PHKG2,0.722993
3397,CPNE3,0.7836681
3398,MFN2,0.8687956
3399,C6orf62,0.68015164
3400,DSC2,0.85144913
3401,TCIM,0.6292939
3402,TRIM31,0.72984165
3403,FERMT2,0.93356216
3404,TAOK2,0.6796796
3405,LPGAT1,0.68328375
3406,ATP9B,0.84445846
3407,RAB8A,0.7135847
3408,ZFYVE27,0.8195659
3409,CKLF,0.5779247
3410,TRIM29,0.60971373
3411,EPS8,0.6933211
3412,AIMP1,0.8689236
3413,MAN1B1,0.6174963
3414,HABP4,0.71239513
3415,TMEM179B,0.7472685
3416,LPP,0.82026863
3417,MAFK,0.565908
3418,BCS1L,0.890529
3419,PDCL3,0.88095635
3420,COPB1,0.7329016
3421,ADAMTS2,0.91417736
3422,VAMP5,0.8471773
3423,PIK3C2B,0.79458046
3424,SEMA4C,0.78986347
3425,P4HTM,0.8872326
3426,FDX1,0.86691266
3427,TPRN,0.80465376
3428,PHIP,0.7278299
3429,BAIAP2L2,0.89036745
3430,HEATR1,0.7641068
3431,MICU2,0.84606457
3432,PIP5K1C,0.9105229
3433,TPRA1,0.74769014
3434,SRA1,0.6785933
3435,SOGA1,0.851468
3436,SUDS3,0.874577
3437,AHCYL2,0.7995816
3438,CMAS,0.92549616
3439,GGA3,0.7763607
3440,PIP4K2B,0.8153491
3441,PGPEP1,0.8614518
3442,DENND10,0.6743641
3443,MICAL1,0.75386864
3444,EMC7,0.6142539
3445,SEMA3B,0.6421547
3446,TTC37,0.8315465
3447,ECT2,0.7618747
3448,LSM12,0.85773414
3449,USP40,0.6876175
3450,TMEM127,0.5918159
3451,CRKL,0.8571528
3452,FBLN2,0.9326728
3453,PTPN18,0.781804
3454,MPC1,0.8097108
3455,MGST2,0.91346407
3456,USP3,0.729303
3457,IMMT,0.7289894
3458,TCF20,0.921352
3459,TMEM14C,0.5948613
3460,CIAO2A,0.87114096
3461,BCKDK,0.6407992
3462,GFER,0.85450834
3463,RAB4B,0.80535126
3464,EPAS1,0.76990837
3465,IAH1,0.83432144
3466,HOOK2,0.8087181
3467,SNX6,0.48808235
3468,PIK3CB,0.8942753
3469,DMAP1,0.81069523
3470,SLC17A9,0.32429713
3471,FAAH,0.88589716
3472,FOSB,0.60978943
3473,KIFC2,0.68902457
3474,PKD2,0.9497785
3475,TRIM44,0.7097311
3476,RAB15,0.7707268
3477,UBC,0.34866872
3478,ZNF326,0.7746398
3479,ADSS,0.7914011
3480,PLEKHG3,0.7476533
3481,KRI1,0.76884073
3482,SLC25A11,0.6445065
3483,STK35,0.8061069
3484,NCOA3,0.7958823
3485,LARP1,0.81998867
3486,FMOD,0.7758684
3487,POLR3H,0.66829056
3488,SECISBP2,0.74753124
3489,REXO1,0.75710756
3490,SMAD4,0.83317906
3491,MPHOSPH10,0.8805538
3492,RBM23,0.7081459
3493,INAFM1,0.92897403
3494,BRD1,0.720111
3495,NHSL1,0.76591957
3496,NCOA6,0.87641615
3497,KEAP1,0.849676
3498,ANO6,0.8234374
3499,PDCD11,0.7954715
3500,DPM3,0.82930404
3501,COPS2,0.7535796
3502,LPCAT4,0.8986208
3503,SHROOM3,0.8222214
3504,QDPR,0.78990304
3505,NFIA,0.7824351
3506,SNRPA,0.8234006
3507,TNFSF13,0.6633759
3508,RNASE4,0.7748099
3509,ARL4A,0.7999577
3510,UBE4B,0.7406425
3511,TBC1D14,0.86907864
3512,SPI1,0.9076215
3513,MED4,0.87381595
3514,SCPEP1,0.8695188
3515,AXL,0.9269294
3516,AP1M1,0.8493377
3517,LAMTOR2,0.8630846
3518,NEK7,0.74337673
3519,DSG2,0.7755462
3520,MAML1,0.79942
3521,TBC1D2B,0.83260053
3522,SMIM12,0.72849894
3523,ZDHHC5,0.9179269
3524,SH3BP5,0.9115115
3525,NUDT19,0.85693413
3526,SYPL1,0.8429712
3527,IFI35,0.58618575
3528,POLE4,0.6881887
3529,SBNO1,0.87717503
3530,NTHL1,0.8269636
3531,NOL12,0.8895732
3532,LIMA1,0.6449016
3533,TWF1,0.7903963
3534,CRACR2A,0.6839681
3535,AFF4,0.44252467
3536,GLRX3,0.795185
3537,OCLN,0.81253254
3538,CEP250,0.7426689
3539,SSH3,0.8607439
3540,NADK,0.78089094
3541,UBE3A,0.6778201
3542,PLPP1,0.72811747
3543,FBRSL1,0.8663598
3544,RARA,0.82237685
3545,UBE3B,0.78417885
3546,UHRF2,0.7182332
3547,NLRC5,0.7932679
3548,DROSHA,0.86133176
3549,YWHAE,0.6300006
3550,SENP2,0.8215738
3551,UBQLN2,0.6996803
3552,TSR2,0.858045
3553,DMAC2,0.85360956
3554,ACAP3,0.7883798
3555,NAT9,0.7788314
3556,SNX2,0.6524187
3557,RETREG3,0.6097267
3558,WDR74,0.81155694
3559,NDUFA6,0.8459667
3560,SRSF9,0.75403935
3561,MMP9,0.79485005
3562,EDEM3,0.7231407
3563,ACP1,0.901712
3564,UBE2J2,0.7071683
3565,ECHDC1,0.89424765
3566,NXF1,0.7141524
3567,ZCCHC7,0.81247747
3568,WASL,0.7124327
3569,PSMD14,0.8729662
3570,WFDC2,0.5513615
3571,CORO7,0.74056035
3572,CCNK,0.8695687
3573,GPA33,0.8872194
3574,EIF4EBP2,0.62631303
3575,SEC62,0.52663714
3576,MPHOSPH8,0.7231301
3577,SNAP23,0.7222529
3578,MCM4,0.82003266
3579,SNX33,0.86026144
3580,CCNG1,0.6692032
3581,TMEM167B,0.681073
3582,MIIP,0.7964631
3583,DNAAF5,0.88220537
3584,NFATC3,0.74723464
3585,LETM1,0.7880923
3586,TMEM160,0.7471165
3587,ZNF787,0.7650813
3588,LRRC41,0.73272556
3589,BET1,0.7665645
3590,ERLEC1,0.58595425
3591,NARF,0.7570429
3592,FBRS,0.6476093
3593,LAPTM4A,0.43556175
3594,SDE2,0.8023496
3595,UBFD1,0.73088074
3596,POLR3D,0.76154035
3597,PIAS4,0.8130818
3598,KLHL5,0.8425646
3599,SPRY2,0.8423758
3600,MAP2K1,0.73391336
3601,ESRP2,0.8280916
3602,CCND1,0.72766346
3603,LIN7C,0.8907328
3604,VAV2,0.6606289
3605,FXYD6,0.81686676
3606,BTAF1,0.79491204
3607,ATP10B,0.74346936
3608,YIPF6,0.82279605
3609,WBP1L,0.81735325
3610,GART,0.85969716
3611,PPIL4,0.7094654
3612,PYGO2,0.6370159
3613,HSF4,0.68408734
3614,WIPI1,0.6106747
3615,EPC1,0.7671561
3616,THAP4,0.81000835
3617,MINDY2,0.806601
3618,TLNRD1,0.6333431
3619,GORASP2,0.7689069
3620,SEC23B,0.8914215
3621,TMEM45B,0.73869723
3622,ACADM,0.75971097
3623,MED16,0.6223432
3624,ATF7IP,0.74064046
3625,CBX6,0.9039913
3626,JAK1,0.67871124
3627,CFAP298,0.8025784
3628,SPG11,0.6851707
3629,ABCF1,0.71123856
3630,SLC35E1,0.90442914
3631,E4F1,0.78823155
3632,GPC4,0.6689958
3633,STXBP3,0.79408634
3634,RHBDF1,0.62460953
3635,TTLL3,0.817725
3636,EDC4,0.63111687
3637,DGUOK,0.83672947
3638,SIAE,0.8881112
3639,MED28,0.7651838
3640,CYREN,0.7516373
3641,DPY30,0.9386773
3642,ZPR1,0.8493031
3643,TTC39A,0.7739509
3644,ZDHHC16,0.68270546
3645,SEC16A,0.7341576
3646,NIT2,0.85310477
3647,DGKQ,0.78968096
3648,KDM1B,0.7545711
3649,C6orf132,0.89871866
3650,GPALPP1,0.851592
3651,DOCK6,0.77453804
3652,JPH1,0.70177823
3653,PCYT2,0.8473721
3654,COQ8A,0.8223041
3655,RRP1B,0.826708
3656,SLK,0.62929356
3657,ZNF511,0.83563656
3658,NECTIN1,0.73228353
3659,C16orf72,0.495589
3660,SH3BP2,0.6384029
3661,HIST1H2AE,0.670688
3662,NIPSNAP1,0.8911003
3663,FIP1L1,0.7441949
3664,HSD17B4,0.6816173
3665,PACS1,0.9199552
3666,MBOAT2,0.64715475
3667,CTSL,0.83989984
3668,NUP54,0.9167288
3669,MAGEF1,0.7186629
3670,HIBADH,0.8196889
3671,PARD3,0.82779264
3672,NABP1,0.7378031
3673,HMOX2,0.85998124
3674,HK2,0.8902682
3675,SMARCC2,0.7269988
3676,EVL,0.9257735
3677,ASH1L,0.711193
3678,RRP36,0.79615974
3679,CLINT1,0.695497
3680,CDT1,0.7909037
3681,ARSA,0.7155109
3682,UTP3,0.75852245
3683,CSF1R,0.89441264
3684,MARCH5,0.8308721
3685,GPC1,0.86582994
3686,THOP1,0.8684325
3687,ELP2,0.712854
3688,ZNF740,0.8526866
3689,AP1AR,0.87674654
3690,TAF1,0.74132425
3691,RRP1,0.7762351
3692,RCN1,0.66371167
3693,NAT10,0.8379733
3694,SNX14,0.7243633
3695,THYN1,0.74206877
3696,RDH11,0.812168
3697,ASPSCR1,0.74094766
3698,NFYC,0.7648979
3699,SAMM50,0.8240661
3700,GGA2,0.72817594
3701,PISD,0.84598583
3702,TBRG1,0.6624304
3703,BICD2,0.922959
3704,PPP2R2A,0.74265516
3705,SEPTIN10,0.8051437
3706,MAP2K7,0.78643113
3707,CSAD,0.81328505
3708,DCUN1D1,0.78102297
3709,PNPO,0.80534583
3710,METTL3,0.808972
3711,PTPN23,0.81387883
3712,MRS2,0.7836708
3713,ARRDC4,0.7385753
3714,DENND2D,0.7422873
3715,BCAT2,0.79655665
3716,MFN1,0.7544474
3717,TRUB2,0.8782978
3718,ZNF106,0.6985369
3719,NFIX,0.58251035
3720,SIL1,0.61368513
3721,CRLF3,0.7824848
3722,FGFR1OP2,0.77009046
3723,PRSS22,0.6733361
3724,AP1G2,0.7746135
3725,PHF1,0.78107995
3726,POFUT2,0.83974683
3727,GMPPB,0.63935906
3728,SGPP1,0.7683546
3729,UGGT1,0.7042316
3730,BCL7B,0.58592445
3731,VEZF1,0.77755386
3732,GALNT6,0.69467384
3733,BNIP2,0.7676484
3734,POLR1A,0.87369215
3735,RBPJ,0.79386055
3736,PSMG1,0.8593742
3737,WDR61,0.6969941
3738,GLB1,0.87295574
3739,RHOBTB3,0.5398229
3740,KANK2,0.8795123
3741,TUBB6,0.9672866
3742,TNFAIP3,0.67031467
3743,COL14A1,0.7497381
3744,BAG3,0.61975574
3745,ZNF317,0.8872834
3746,CRTAP,0.5922766
3747,CXCL3,0.5597585
3748,ATF6,0.68795186
3749,SPRYD3,0.74188435
3750,OBSL1,0.6955287
3751,ZNRD2,0.78822595
3752,BMP1,0.8301495
3753,ADAP1,0.77772695
3754,WDR46,0.803023
3755,GARS,0.68924147
3756,SCAF4,0.81318986
3757,NKIRAS2,0.7423654
3758,PPAN,0.89664185
3759,TMEM161A,0.8180087
3760,ARHGEF40,0.55756533
3761,TYSND1,0.8194252
3762,ARHGAP12,0.7515421
3763,TMEM94,0.75870615
3764,NCBP1,0.77516633
3765,ARHGAP35,0.6362576
3766,CSGALNACT2,0.92133576
3767,LFNG,0.6168439
3768,MAF,0.8794734
3769,ADAMTS1,0.8034896
3770,HUS1,0.8172427
3771,UFD1,0.8125311
3772,SMG5,0.8159333
3773,PELP1,0.83377784
3774,PAGR1,0.74608916
3775,TOM1,0.7377099
3776,ADCY3,0.7411729
3777,C11orf49,0.85466117
3778,MYL12B,0.6862516
3779,PCNT,0.6860223
3780,PCDH1,0.71596223
3781,TCOF1,0.9079498
3782,SPPL2A,0.5288145
3783,CPSF4,0.8267285
3784,LEPROT,0.71309555
3785,FMR1,0.8539816
3786,RAF1,0.7424269
3787,USP33,0.6976082
3788,HELZ2,0.79347646
3789,MAP4K4,0.8790599
3790,PRPF38B,0.6852361
3791,SLC5A3,0.74489677
3792,RNF216,0.83460295
3793,PMM1,0.7414603
3794,U2SURP,0.6331784
3795,PSPC1,0.7925289
3796,VASH1,0.8631819
3797,CHCHD7,0.8154224
3798,PPIP5K2,0.6703509
3799,KLHDC2,0.6491636
3800,TSC22D4,0.6582778
3801,HKDC1,0.8499796
3802,P2RX4,0.68310106
3803,MED10,0.85854346
3804,ZNF219,0.6821286
3805,ELMSAN1,0.6847444
3806,STK38L,0.6151346
3807,ALG2,0.7280837
3808,SRSF8,0.7687367
3809,TTC38,0.8968929
3810,LDB1,0.90539557
3811,PRAP1,0.6483515
3812,DEXI,0.77440846
3813,DNTTIP1,0.69579524
3814,KAT5,0.7827074
3815,ITGB1BP1,0.7228182
3816,COPS3,0.7640295
3817,ENTPD4,0.5536402
3818,AMFR,0.658197
3819,ENAH,0.83582586
3820,BBX,0.74266213
3821,ACVRL1,0.6717824
3822,SUPT4H1,0.72966063
3823,LDLR,0.6746047
3824,HSP90B1,0.41157097
3825,ATXN7,0.76562005
3826,RBM38,0.70795906
3827,AKAP9,0.6187259
3828,AGO1,0.7168112
3829,UTRN,0.7390658
3830,GM2A,0.74970025
3831,ZCCHC24,0.9244805
3832,CMTM3,0.90142363
3833,KCTD3,0.73184055
3834,APOBR,0.7628759
3835,ACVR1B,0.7946849
3836,USP11,0.8242427
3837,RNF146,0.77888435
3838,MYO9B,0.7826052
3839,DAB2,0.59324116
3840,C11orf24,0.6143991
3841,ZDHHC4,0.6625476
3842,VPS37C,0.7582985
3843,ECM1,0.83420557
3844,EIF4E,0.68412966
3845,SPECC1,0.7123745
3846,GGT5,0.79815406
3847,TRIM11,0.78056437
3848,NT5E,0.5700145
3849,NAGLU,0.5849857
3850,RFNG,0.73209345
3851,PDZD11,0.8572399
3852,SMIM22,0.8188291
3853,NBN,0.77403736
3854,MYO1D,0.7187609
3855,ADGRA3,0.75147855
3856,SFXN1,0.76364964
3857,SEH1L,0.74818224
3858,R3HDM2,0.8027155
3859,CCDC97,0.8012875
3860,CRELD1,0.73409367
3861,EPB41L2,0.5847554
3862,ETV4,0.86463016
3863,GORASP1,0.7911679
3864,MLKL,0.62133706
3865,SLC35B1,0.7260031
3866,SENP6,0.6182489
3867,NUP88,0.8495975
3868,MAN2A1,0.6359733
3869,AKIRIN2,0.7331805
3870,PPP1R7,0.8060406
3871,NUDT15,0.86445093
3872,GADD45A,0.5300122
3873,MAN2B2,0.6066083
3874,MET,0.8362869
3875,HDGFL2,0.6880307
3876,COQ9,0.80212146
3877,YDJC,0.84477043
3878,PIM1,0.6241781
3879,SNX4,0.69827336
3880,MICALL2,0.5660571
3881,ALDH9A1,0.8646956
3882,JMJD8,0.65445244
3883,FILIP1L,0.7885667
3884,FAM13A,0.55955493
3885,CXADR,0.8664865
3886,RABGAP1,0.6732936
3887,MAOA,0.5169989
3888,UTP4,0.8657999
3889,ATG5,0.8596107
3890,NUP98,0.8014494
3891,VKORC1L1,0.7340307
3892,HIST1H2BN,0.55250704
3893,KLC4,0.78723085
3894,ZC3HAV1,0.6132898
3895,GNL1,0.8121205
3896,SFXN4,0.9118823
3897,RAB31,0.9184547
3898,FASTKD2,0.7089354
3899,STK17B,0.6589879
3900,PWWP2B,0.7574916
3901,ZNF276,0.790699
3902,MAP1LC3A,0.5436575
3903,TBC1D10B,0.84275043
3904,BMP4,0.69281584
3905,BLMH,0.77153873
3906,FAAP20,0.5851402
3907,CNKSR1,0.90014094
3908,SLC1A4,0.726758
3909,ACY1,0.94662505
3910,PLK1,0.8008214
3911,BICDL2,0.7853283
3912,SERPING1,0.85281336
3913,GABRE,0.63032776
3914,ZCRB1,0.7552854
3915,IGF1R,0.7763785
3916,DEDD,0.72602874
3917,MED22,0.7812047
3918,LMNB1,0.81800044
3919,PLEKHA2,0.86352557
3920,SLC37A4,0.8259781
3921,NUSAP1,0.7740116
3922,SETX,0.68669033
3923,FTSJ3,0.77488834
3924,RNF41,0.7389008
3925,CA12,0.8730815
3926,GOLGA5,0.70942086
3927,ATF2,0.6447481
3928,TK1,0.78295237
3929,BROX,0.63989264
3930,ZNF444,0.8115482
3931,CCDC9,0.78605807
3932,ATP13A2,0.77573687
3933,OAT,0.59545696
3934,CDC5L,0.855353
3935,VAV3,0.64090765
3936,ABCF3,0.78624636
3937,GATAD2B,0.73138183
3938,RRM2,0.7691514
3939,SYK,0.7598713
3940,COL7A1,0.61854935
3941,KIF3B,0.8286853
3942,RAP2A,0.7800951
3943,GPATCH4,0.8685544
3944,AP2A1,0.7109051
3945,PKP4,0.8930258
3946,DCAF12,0.7087782
3947,CCAR1,0.7476305
3948,CYBB,0.8329063
3949,RSU1,0.71983874
3950,EIF2AK3,0.7143135
3951,XPO4,0.79166
3952,PNPLA6,0.7241045
3953,SNX13,0.7570771
3954,HDAC10,0.7891472
3955,TMEM115,0.71584684
3956,ZMYND19,0.83475006
3957,DMTN,0.6865172
3958,ZEB2,0.7789698
3959,HOXA9,0.6160291
3960,TRAPPC6B,0.7511894
3961,GTF3C3,0.85592306
3962,LTA4H,0.8124382
3963,PUM3,0.9035452
3964,SLC25A32,0.8486058
3965,SLAIN2,0.7015625
3966,FAM160A2,0.78083366
3967,NEU1,0.68738556
3968,EPC2,0.78733635
3969,EFR3A,0.6785398
3970,GPRC5C,0.8381936
3971,POMGNT1,0.69600147
3972,SLC25A36,0.7232524
3973,SNRK,0.8605561
3974,RASA1,0.8175396
3975,ERN2,0.7296904
3976,SOCS6,0.7249964
3977,STAB1,0.78345597
3978,BIRC2,0.614865
3979,NUP214,0.8288978
3980,ZNF146,0.80371994
3981,NUP50,0.6757737
3982,AKAP8,0.7836458
3983,AIFM1,0.79775363
3984,SIPA1,0.86310667
3985,USP15,0.7179387
3986,MUC5B,0.43575937
3987,NR1H2,0.5655584
3988,ERAL1,0.86285055
3989,PHGDH,0.48110202
3990,PLXNA3,0.7942108
3991,CCDC88A,0.90561014
3992,TBC1D4,0.7750958
3993,RAB11FIP3,0.6738044
3994,FAM53B,0.76612294
3995,PUM2,0.76471275
3996,COMMD5,0.70515376
3997,SLC12A4,0.9555689
3998,HERC2,0.7095707
3999,EIF4EBP3,0.70407397
4000,DLG5,0.6705693
4001,SPATA13,0.73325616
4002,SAR1B,0.68906784
4003,GMIP,0.8097434
4004,PANK3,0.8385845
4005,NDE1,0.81767815
4006,IKBKE,0.78982097
4007,MED8,0.7685832
4008,ACOT13,0.890727
4009,CAPN7,0.75662625
4010,ATG12,0.7060033
4011,F2R,0.82904947
4012,STAMBP,0.8589149
4013,ARHGEF16,0.9429682
4014,TBC1D1,0.8278374
4015,TMA16,0.86288166
4016,UNG,0.8730785
4017,RETREG2,0.5694923
4018,LONP2,0.7001995
4019,ITCH,0.69846755
4020,PRPS1,0.73565567
4021,SDF2,0.5889019
4022,FNIP2,0.548613
4023,POP5,0.7583419
4024,SFRP2,0.80872124
4025,DHRS7,0.6426462
4026,PRDM1,0.7704601
4027,ZFPL1,0.83868665
4028,PCYOX1,0.8710662
4029,AUTS2,0.7516871
4030,C9orf78,0.79205376
4031,TRIB3,0.8308051
4032,TENT4A,0.82628256
4033,GALT,0.7127652
4034,DHX38,0.64060843
4035,STIM1,0.71810776
4036,RIN3,0.8876704
4037,MOB2,0.8144215
4038,ISG20L2,0.8510252
4039,TMEM265,0.73472023
4040,UBR2,0.58615106
4041,NUP188,0.7891458
4042,ME3,0.66911024
4043,SH3RF2,0.8888053
4044,INCENP,0.706169
4045,RAPGEFL1,0.76879066
4046,SEMA3C,0.5859684
4047,NR1H3,0.6446124
4048,PRC1,0.7950448
4049,USO1,0.7163338
4050,MSTO1,0.7931768
4051,PRPF31,0.70968014
4052,KIF13A,0.63357824
4053,ABHD17C,0.9072321
4054,CCDC107,0.7450762
4055,PGM2,0.7365878
4056,PRSS3,0.8496794
4057,APIP,0.76647943
4058,NIT1,0.7021342
4059,RTCA,0.673987
4060,FBXO22,0.80019647
4061,MIEF1,0.8454308
4062,GNS,0.6992149
4063,ZNF496,0.76506764
4064,RASEF,0.878241
4065,ATG13,0.5519778
4066,ARHGEF17,0.93722385
4067,BRD8,0.81302756
4068,ANTXR2,0.5100169
4069,KAT6A,0.66908365
4070,PLAT,0.8125974
4071,TEAD1,0.73984945
4072,CCDC57,0.7485699
4073,CUL4B,0.8516112
4074,PRKG1,0.76157105
4075,KCTD13,0.7267591
4076,ZC3H14,0.6899846
4077,SMIM20,0.8039426
4078,C12orf49,0.75608367
4079,EZH2,0.7961941
4080,FZR1,0.76668376
4081,PM20D2,0.7429856
4082,MEF2A,0.91379154
4083,MSH2,0.8398971
4084,ZBTB18,0.79013544
4085,KRTCAP2,0.72767216
4086,SPNS2,0.72415733
4087,CXCL2,0.45495418
4088,USF1,0.7618739
4089,OTULINL,0.7794223
4090,TSN,0.85876006
4091,NTPCR,0.78306484
4092,BIRC6,0.72076267
4093,DNMBP,0.777379
4094,MAPK1,0.70763206
4095,RAB11FIP4,0.8463015
4096,GMPR2,0.780152
4097,PHACTR2,0.82480234
4098,FAM53C,0.8137035
4099,TMCO3,0.55601555
4100,RMDN3,0.72264165
4101,GOSR1,0.6719391
4102,PPP1R37,0.73022807
4103,ISLR,0.9402834
4104,ZWINT,0.85739595
4105,RUSC1,0.79631317
4106,OPLAH,0.7925914
4107,HIRA,0.89940995
4108,SDR39U1,0.64389664
4109,UCK2,0.87258613
4110,ACSS2,0.7865805
4111,MPLKIP,0.8762035
4112,SLC26A2,0.6393137
4113,CTNNAL1,0.76392925
4114,SCCPDH,0.7905845
4115,ZDHHC12,0.6877971
4116,ARHGEF12,0.7035287
4117,DLAT,0.8911648
4118,HPRT1,0.87849694
4119,CUEDC1,0.84662944
4120,PLIN2,0.70018226
4121,BAZ2A,0.563762
4122,RGMB,0.69634044
4123,TTC14,0.7285579
4124,BTG3,0.76661843
4125,PLSCR3,0.9142094
4126,UBA3,0.77094847
4127,CDR2,0.7297856
4128,NRAS,0.75805515
4129,SERINC3,0.6260389
4130,TMPRSS2,0.8715969
4131,MCCC2,0.86982375
4132,CD248,0.876768
4133,UTP23,0.8430023
4134,ELK1,0.767392
4135,SFRP4,0.8761147
4136,COQ8B,0.76618433
4137,PEX13,0.8680591
4138,USP47,0.6691365
4139,SEMA4D,0.719468
4140,AIG1,0.8560556
4141,MTFR1L,0.8163482
4142,TRRAP,0.7569712
4143,TTC9C,0.7459641
4144,RBM28,0.8324899
4145,KAT2A,0.66185415
4146,PXMP2,0.7717446
4147,RO60,0.78480893
4148,ANAPC2,0.78689957
4149,UBAP1,0.7564844
4150,ZNF593,0.85842067
4151,SLC10A3,0.7455164
4152,SCML1,0.8138772
4153,CD99L2,0.86650574
4154,PLAA,0.7850146
4155,UBLCP1,0.6740729
4156,ATP11B,0.6430294
4157,LZTR1,0.74133104
4158,CHMP7,0.6227706
4159,MRNIP,0.79343176
4160,ABCA2,0.5998355
4161,STAT5A,0.7498241
4162,PEX11B,0.66914517
4163,TMC4,0.84192073
4164,NOL10,0.8913042
4165,ATG9A,0.7240694
4166,ZCCHC3,0.7955903
4167,ARHGAP4,0.6314345
4168,ARMC8,0.79100174
4169,FAM122B,0.73193043
4170,HAUS4,0.7604688
4171,CETN2,0.7689184
4172,ZNF22,0.87971437
4173,RALGAPB,0.73127735
4174,QPRT,0.7191984
4175,FRG1,0.85710806
4176,TOM1L1,0.8386391
4177,GNL2,0.77191657
4178,URB1,0.8728946
4179,SETD7,0.81729615
4180,TTC39B,0.8156932
4181,CWC25,0.7889969
4182,ULK1,0.7214904
4183,ETV6,0.7143168
4184,SRP54,0.66997606
4185,NUP93,0.82212514
4186,DLG1,0.6841375
4187,PREPL,0.7714016
4188,MYO18A,0.80139726
4189,ACTL6A,0.90683514
4190,OSGEP,0.76585686
4191,DENND4B,0.8074394
4192,PHC3,0.73140705
4193,TRAPPC3,0.6182088
4194,YARS,0.8227252
4195,C1orf52,0.7917024
4196,PDRG1,0.87138087
4197,DUS3L,0.8966676
4198,ELP6,0.71463203
4199,SEMA5A,0.7546419
4200,DPY19L1,0.5783759
4201,RYBP,0.65374523
4202,RRM1,0.74221784
4203,WASHC4,0.6049636
4204,PLEKHA6,0.87451303
4205,SNTB1,0.85884935
4206,COG3,0.68179226
4207,FBXO31,0.77311456
4208,PFN2,0.6086803
4209,TULP4,0.7847787
4210,CSNK1E,0.69787014
4211,VRK2,0.67240256
4212,ITGA1,0.76912636
4213,LSM10,0.71897966
4214,PNO1,0.87378067
4215,SNX15,0.64568806
4216,CCDC85C,0.7631119
4217,PSMD6,0.85701376
4218,DENND6A,0.7487951
4219,CDC42BPA,0.7609192
4220,CIZ1,0.80856025
4221,EDEM2,0.76568377
4222,ABTB1,0.55742735
4223,SENP3,0.7923874
4224,CISD2,0.8477382
4225,AGPAT5,0.8087079
4226,TAPBPL,0.73357093
4227,KLHL21,0.74756235
4228,FOXK2,0.7656903
4229,TNRC6B,0.72537905
4230,RAB9A,0.67556703
4231,B3GNT3,0.8595664
4232,EIF4ENIF1,0.8104497
4233,EGLN3,0.7664198
4234,FANCA,0.79266316
4235,DCAF5,0.77632767
4236,RNF138,0.804179
4237,USP53,0.80008495
4238,CD93,0.85046834
4239,INTS4,0.5860363
4240,ATP2B4,0.8254723
4241,DHX8,0.8617922
4242,GCHFR,0.5919823
4243,RPRD1B,0.78543556
4244,TCF12,0.64175594
4245,GTPBP3,0.8173741
4246,VKORC1,0.76538724
4247,FRAT2,0.88062567
4248,FGFR4,0.8203178
4249,ATG16L2,0.9001794
4250,CAMTA1,0.6777934
4251,CRCP,0.8195782
4252,PRKCI,0.8481857
4253,PPM1F,0.89799356
4254,MOB3B,0.7865828
4255,MUC4,0.5692708
4256,RC3H1,0.79499525
4257,C1orf21,0.65410906
4258,SYNPO2,0.72532934
4259,C12orf10,0.87580127
4260,COX19,0.8054516
4261,MIA2,0.8310605
4262,COX15,0.8007749
4263,RAD50,0.8472295
4264,APPL1,0.7124163
4265,MICA,0.6699895
4266,PDHX,0.8082256
4267,ESF1,0.7335172
4268,ZNF592,0.7322611
4269,VPS26A,0.69170386
4270,COG1,0.7968312
4271,ZNRD1,0.8292735
4272,SCNM1,0.73212177
4273,TP53I13,0.7287651
4274,IGSF8,0.8104413
4275,PLPBP,0.7989818
4276,ROCK2,0.6728032
4277,CHMP6,0.66074663
4278,NIPA2,0.82805717
4279,G6PC3,0.78021586
4280,DERL1,0.64789134
4281,PPRC1,0.8457256
4282,ADAM10,0.5332648
4283,DHX37,0.90555876
4284,AP1G1,0.7017046
4285,ZNF451,0.7364121
4286,TMEM30B,0.91289985
4287,MMAB,0.911394
4288,CBLB,0.73998606
4289,NOC4L,0.81661314
4290,TCF21,0.8168889
4291,MELTF,0.7029839
4292,ILKAP,0.6976778
4293,POFUT1,0.79851717
4294,TAOK3,0.74186546
4295,KDM7A,0.7136775
4296,JMJD6,0.6241536
4297,MFSD3,0.745231
4298,MAN2A2,0.7143192
4299,HDAC3,0.7795859
4300,TRIM65,0.82070273
4301,RAB20,0.74025214
4302,TRAPPC10,0.6213978
4303,SPRY4,0.55317223
4304,CNNM3,0.9128732
4305,KLHL42,0.8193788
4306,SLC22A18,0.845068
4307,TRMT11,0.77544147
4308,ITGB8,0.53027433
4309,GBP1,0.8322975
4310,KDM6A,0.71793944
4311,LRRC14,0.73370457
4312,LRATD2,0.8641523
4313,OSTM1,0.7668285
4314,BOC,0.90512997
4315,VWA8,0.80207145
4316,CLK3,0.6307147
4317,POLR1B,0.8378785
4318,SLC11A2,0.7785596
4319,PUS1,0.85738033
4320,EIF1AD,0.72229916
4321,SNX21,0.8151584
4322,CCT4,0.65519327
4323,HDAC6,0.74644953
4324,SMYD2,0.77437633
4325,SH3KBP1,0.6890556
4326,MCRIP2,0.85455626
4327,DENND5A,0.91913205
4328,DCAF15,0.771597
4329,MBD1,0.7188071
4330,UTP6,0.7594911
4331,GCC2,0.6665433
4332,NCAPD3,0.7318711
4333,CARMIL1,0.7793404
4334,CAMKK2,0.6846539
4335,KLK1,0.77876407
4336,MRI1,0.73943996
4337,RYK,0.8146206
4338,NSD3,0.7056859
4339,KSR1,0.781191
4340,NEDD4L,0.7637881
4341,HPS4,0.8093482
4342,SCRN2,0.65576947
4343,CXXC1,0.7383375
4344,DDX19A,0.790788
4345,IDH3A,0.77686495
4346,RSPRY1,0.7575037
4347,EMC1,0.82466143
4348,CBR1,0.562913
4349,SLC7A5,0.6762672
4350,PTK2B,0.74655026
4351,ARHGAP32,0.8970992
4352,ATXN2,0.774216
4353,NRP1,0.7930301
4354,ZNF148,0.78945285
4355,WWP2,0.7867742
4356,DNAJC13,0.62879074
4357,SLC33A1,0.6494504
4358,ACOT8,0.78627855
4359,GRWD1,0.86456996
4360,MMP15,0.7832409
4361,SLC35C1,0.85042965
4362,CCPG1,0.6249027
4363,PCLAF,0.7900175
4364,PLBD2,0.6755002
4365,GNA13,0.6330274
4366,DNAJC9,0.79308504
4367,UCHL3,0.7885732
4368,ELAC2,0.7356166
4369,RAB3D,0.83916825
4370,SGPP2,0.82028717
4371,OTUD4,0.8450047
4372,JOSD1,0.6324404
4373,NID1,0.92152834
4374,TRAPPC12,0.76671493
4375,ASF1B,0.7735096
4376,STARD7,0.7612702
4377,TFCP2L1,0.6525081
4378,BMPR2,0.68282515
4379,ZNF394,0.748351
4380,ZNF121,0.8763703
4381,ACAP2,0.7224373
4382,CTDP1,0.7295462
4383,UBAC1,0.7555811
4384,SH3BP1,0.6683509
4385,SH2D3A,0.8177809
4386,SNAPC3,0.6831928
4387,CZIB,0.83495474
4388,AMBRA1,0.85032326
4389,RHOU,0.6087097
4390,HIST1H1D,0.57206917
4391,USP19,0.6868962
4392,SEPTIN7,0.6142289
4393,UNC13B,0.7346892
4394,NES,0.72934073
4395,ZC3H3,0.6333851
4396,PARP14,0.65591514
4397,TWF2,0.6913403
4398,GMPPA,0.67633265
4399,EIF3J,0.769111
4400,EXOC5,0.73183
4401,ZER1,0.6059745
4402,KIF13B,0.6170177
4403,WDR77,0.8197794
4404,ACP2,0.74467695
4405,SH3BP5L,0.8214918
4406,LNPEP,0.6320034
4407,FAM98B,0.75475836
4408,PLAGL1,0.7948454
4409,INO80D,0.7550624
4410,LIG3,0.88988096
4411,THEM6,0.8272005
4412,FOXO1,0.81538856
4413,NELFA,0.8009933
4414,HIP1R,0.7357909
4415,LIME1,0.6386538
4416,RAC2,0.5766855
4417,PIK3C2A,0.652469
4418,AKIRIN1,0.6943035
4419,MFSD11,0.58551943
4420,ARRB1,0.7575387
4421,MCU,0.86513484
4422,CSF1,0.86487
4423,MTERF4,0.7553363
4424,ASNSD1,0.84103686
4425,WAPL,0.84171045
4426,WDR11,0.75306505
4427,MBTD1,0.780872
4428,NCAPH2,0.7234255
4429,MOB3A,0.83984417
4430,TRABD2A,0.79707384
4431,TM2D2,0.69980013
4432,JMJD4,0.78338623
4433,LRRFIP2,0.7903434
4434,SYF2,0.63447446
4435,GPR160,0.71331084
4436,TRAF3,0.67653614
4437,MICOS13,0.65304095
4438,TMF1,0.7812597
4439,MTHFD1L,0.77101797
4440,HIST1H2BH,0.5935281
4441,RNF115,0.8085996
4442,HIST1H2AG,0.7092944
4443,TNFAIP2,0.7595073
4444,ZNF800,0.85499465
4445,MGAT4A,0.5280554
4446,VAMP2,0.7326718
4447,PRPF39,0.71965927
4448,CREBL2,0.56767666
4449,IQSEC1,0.80873823
4450,AOC1,0.81458193
4451,PPP3CA,0.6404945
4452,PPP2R5E,0.618094
4453,CASP7,0.7776552
4454,RASSF4,0.8833026
4455,GRTP1,0.8136825
4456,THEMIS2,0.82614774
4457,CAMK2D,0.618487
4458,HIST1H2BG,0.58260715
4459,MAP1B,0.8320631
4460,ARHGAP45,0.81549174
4461,USP32,0.79366
4462,JAGN1,0.8772006
4463,PHF23,0.7374862
4464,LMCD1,0.8737233
4465,TAF4,0.8263154
4466,SNX30,0.80299085
4467,PPHLN1,0.6886937
4468,NUP160,0.7531787
4469,USP54,0.72869986
4470,PPIG,0.8136057
4471,NOP9,0.626854
4472,WDR36,0.7537357
4473,LMBR1,0.66338396
4474,HMBS,0.80824137
4475,DHX36,0.67490613
4476,MORC2,0.8529201
4477,ZNRF1,0.71175724
4478,ZMYND11,0.8321069
4479,RILPL1,0.8571747
4480,PPP2R3C,0.8011581
4481,NT5C3B,0.71093667
4482,PAK2,0.75546646
4483,PCGF5,0.7191886
4484,NCBP2AS2,0.8234377
4485,TRMU,0.7962616
4486,CDK7,0.7118184
4487,IFNGR1,0.42780584
4488,KLHL36,0.70960206
4489,USP16,0.74604046
4490,BLVRB,0.8062796
4491,PATZ1,0.8321691
4492,FAM8A1,0.5613388
4493,PTPN6,0.69224674
4494,FUT8,0.66533977
4495,NRP2,0.9248099
4496,ZBED4,0.8273506
4497,WDR34,0.6881543
4498,ZNF655,0.7466187
4499,CYB561D2,0.83710474
4500,PAICS,0.7508434
4501,TSKU,0.62782514
4502,EAPP,0.70516026
4503,PPID,0.84695464
4504,NCEH1,0.6537429
4505,PLAU,0.72764486
4506,CHCHD5,0.8444933
4507,MACO1,0.7088304
4508,ME2,0.73553175
4509,SMCO4,0.73990947
4510,FBXO46,0.7878247
4511,VPS8,0.62440675
4512,TPRKB,0.8695623
4513,RTEL1,0.5713978
4514,TIPRL,0.83446497
4515,PI4K2A,0.86204135
4516,RARG,0.7895098
4517,TMEM158,0.7434725
4518,ARPIN,0.71251494
4519,ESS2,0.8080155
4520,LARP1B,0.83622557
4521,AGGF1,0.6883083
4522,GPBP1,0.6790589
4523,FRA10AC1,0.7444044
4524,RTF1,0.71017843
4525,COPS8,0.6837045
4526,MTSS2,0.8336538
4527,SS18,0.67671025
4528,CLDN12,0.7936651
4529,PCIF1,0.80085236
4530,FBXO9,0.7306141
4531,NDUFB5,0.703838
4532,KBTBD2,0.7620825
4533,FBXL4,0.79642063
4534,KPNA1,0.70996064
4535,VDR,0.7138955
4536,BBC3,0.76380503
4537,HMGXB3,0.72882754
4538,UPF3A,0.77959806
4539,VAC14,0.8231353
4540,NFIL3,0.7441059
4541,UXS1,0.8612069
4542,TEX264,0.87556773
4543,UNC45A,0.6361783
4544,DOCK9,0.7511939
4545,ACP5,0.6919583
4546,EML2,0.7176362
4547,NDRG3,0.6471941
4548,ERG28,0.86711997
4549,ZC3H13,0.8352736
4550,AZGP1,0.7345281
4551,STX6,0.6899212
4552,DENND4C,0.7682471
4553,USP39,0.89835054
4554,ALAD,0.77661896
4555,RUFY3,0.8458627
4556,TBL3,0.74001503
4557,SLC39A3,0.8197118
4558,RUFY2,0.8415028
4559,KIAA0319L,0.806555
4560,SPRY1,0.65755135
4561,AAAS,0.7823334
4562,NMD3,0.812349
4563,ZNF518A,0.8935892
4564,FARP2,0.84128153
4565,FBXO34,0.806919
4566,PPP1R13B,0.82465225
4567,RAB3GAP1,0.5948574
4568,WDR5,0.8288625
4569,CACUL1,0.6773897
4570,AKAP8L,0.6622358
4571,TIMM17A,0.72083074
4572,C1QTNF1,0.6677593
4573,ACAD9,0.86935824
4574,SNAP47,0.723627
4575,MFAP4,0.7732587
4576,DICER1,0.6721436
4577,VILL,0.6574539
4578,POGK,0.7719372
4579,MMS19,0.7269458
4580,PFKFB2,0.7624711
4581,DARS,0.55552167
4582,NOMO1,0.716247
4583,AP4B1,0.7405539
4584,NEK3,0.76393884
4585,ZNF3,0.78756285
4586,PSPH,0.8346623
4587,DIP2A,0.70282036
4588,KPNA3,0.74614745
4589,ZSWIM8,0.7307069
4590,RNF168,0.80157167
4591,ODF3B,0.8005132
4592,RBM10,0.78627574
4593,TPRG1L,0.7498064
4594,PTEN,0.55133456
4595,JMY,0.77092665
4596,MICAL3,0.81452334
4597,PRUNE2,0.70737964
4598,CHD9,0.599279
4599,HSPBP1,0.76551306
4600,KIAA1143,0.8899275
4601,SLC7A1,0.8078522
4602,RMC1,0.7782294
4603,PIP4K2C,0.86313885
4604,MCM2,0.8226901
4605,NBDY,0.6816675
4606,ACYP2,0.71386254
4607,VHL,0.80301064
4608,TXNRD1,0.406996
4609,YJU2,0.8471549
4610,RNASEH1,0.9115515
4611,EPHX1,0.7067766
4612,RNF128,0.8316369
4613,HYI,0.71736294
4614,RABEP1,0.79916245
4615,DHX40,0.8132208
4616,TRAF3IP2,0.8850421
4617,JMJD1C,0.595221
4618,PRDX3,0.8060365
4619,NFKBIE,0.70922464
4620,KIAA1671,0.8490531
4621,RBM33,0.56201226
4622,ZFP64,0.87885284
4623,LYAR,0.7807438
4624,VEZT,0.78413683
4625,VPS54,0.7971983
4626,CAV2,0.8166515
4627,ASCC2,0.75166374
4628,PPP2R5D,0.83666414
4629,PPP2R1B,0.6365425
4630,FAF1,0.90703
4631,TMEM256,0.64066446
4632,SRSF10,0.81912035
4633,HBP1,0.7893824
4634,HDDC2,0.8666914
4635,PFAS,0.8288056
4636,SMC4,0.7418936
4637,NOL8,0.8243908
4638,HOOK1,0.8734841
4639,ZBTB4,0.93023413
4640,PIGO,0.80779135
4641,RAD21,0.715846
4642,OAS2,0.54097736
4643,EXOSC4,0.8670736
4644,GLOD4,0.7940203
4645,FAM219B,0.7348343
4646,CYB5R1,0.77142113
4647,AHR,0.4488256
4648,BTBD3,0.7000548
4649,DPH7,0.75561017
4650,WNK2,0.7851834
4651,C11orf1,0.7733326
4652,FAM120B,0.8171593
4653,PTRHD1,0.76848716
4654,CUL7,0.75392914
4655,POLD1,0.8248764
4656,NXN,0.8699342
4657,SFI1,0.8028554
4658,ABCD3,0.81914395
4659,WBP11,0.8193704
4660,DEGS1,0.8130856
4661,SMG9,0.7375287
4662,B4GALT7,0.87306005
4663,YAF2,0.81351334
4664,PIGC,0.78947294
4665,HIST1H3H,0.7260643
4666,ELMO3,0.72406626
4667,USP38,0.8188466
4668,WNK4,0.76106673
4669,H6PD,0.7570866
4670,ABCC5,0.5958907
4671,RAB40C,0.768391
4672,STRIP1,0.80072206
4673,GFM1,0.9047988
4674,MFSD14A,0.57274884
4675,VSIR,0.778541
4676,NAE1,0.83265835
4677,UHRF1,0.7472929
4678,TJP3,0.8260738
4679,MARCH2,0.7025871
4680,TCEAL9,0.45956063
4681,THAP7,0.7455672
4682,FGFR1,0.92984265
4683,SMC3,0.854106
4684,CAMTA2,0.7295404
4685,BCAM,0.7402186
4686,TTC31,0.7328474
4687,STAMBPL1,0.741898
4688,INTS6,0.7190402
4689,RASSF7,0.7258902
4690,TMEM11,0.75329393
4691,TKFC,0.88620704
4692,MXD1,0.6691894
4693,CMC1,0.8893801
4694,CCDC167,0.73941135
4695,PGAP3,0.71496934
4696,ITGAX,0.8760703
4697,DNASE1L1,0.7713142
4698,VPS72,0.84221894
4699,JAG1,0.48485765
4700,IARS2,0.73177606
4701,IARS,0.8530629
4702,CARD10,0.7852959
4703,SRP72,0.8151137
4704,LPIN3,0.8201542
4705,PCNX3,0.6444756
4706,GTPBP10,0.8616174
4707,COA8,0.69071615
4708,FOXA3,0.7684164
4709,GNPTAB,0.59372103
4710,LYN,0.52648556
4711,TP53RK,0.8504628
4712,PCSK9,0.68279105
4713,PSMD9,0.7237735
4714,SYBU,0.6611432
4715,NINJ1,0.8699041
4716,RDH13,0.85121375
4717,GOT1,0.8715827
4718,TSTD1,0.8253604
4719,CRAT,0.6343074
4720,TENT5A,0.73857987
4721,LTBP1,0.74503815
4722,TMEM205,0.7059663
4723,SOX13,0.7330279
4724,ACTR10,0.7274763
4725,GTF3C2,0.83265144
4726,PPFIBP2,0.801694
4727,PITX1,0.8735565
4728,EEF2K,0.69970757
4729,PARN,0.81829596
4730,ARHGAP5,0.61357945
4731,TAF8,0.7597543
4732,KIAA0355,0.721741
4733,ISOC2,0.66109806
4734,FN3KRP,0.7998891
4735,DGLUCY,0.7238763
4736,SLC11A1,0.881615
4737,ZBED5,0.7877468
4738,PWWP3A,0.6224951
4739,PGGT1B,0.8006479
4740,LPIN2,0.69320315
4741,ARID5B,0.5498715
4742,YEATS2,0.8182444
4743,LIMK1,0.7239782
4744,PPM1B,0.49624732
4745,SUPT7L,0.71415854
4746,POLA2,0.7586942
4747,GNPDA1,0.8655356
4748,MKNK1,0.78412855
4749,THG1L,0.84062564
4750,PEX16,0.6928714
4751,TMEM101,0.79204327
4752,ALS2CL,0.80298936
4753,CAV1,0.8343721
4754,TRAF2,0.80995053
4755,PCNX1,0.8794257
4756,CTDSPL,0.73940307
4757,LARP7,0.751207
4758,PPP3R1,0.6579165
4759,NEK4,0.87461895
4760,OGFOD3,0.819118
4761,TFCP2,0.8406493
4762,EPN2,0.7529777
4763,FZD5,0.8998117
4764,SUSD6,0.70510584
4765,ST6GALNAC4,0.5976197
4766,SIK3,0.75706965
4767,CTIF,0.93625176
4768,CUL1,0.77721024
4769,SLC25A13,0.769769
4770,FSTL3,0.81248057
4771,SLC25A24,0.70791644
4772,GRHL2,0.8488103
4773,ZNF692,0.76810706
4774,JAG2,0.6272806
4775,AACS,0.8078484
4776,CDK18,0.7488088
4777,CLK2,0.7221724
4778,PPP2R5A,0.8202613
4779,CCDC115,0.8268865
4780,SNX8,0.66726154
4781,ADIPOR2,0.87818956
4782,DOK4,0.7920836
4783,ST3GAL2,0.73060715
4784,VPS39,0.7411779
4785,CHD7,0.8791219
4786,HBEGF,0.5905362
4787,C1orf174,0.8554843
4788,TESK1,0.6098099
4789,CENPW,0.8275873
4790,KCNMA1,0.76181287
4791,USP6NL,0.80160606
4792,TRIM13,0.6959
4793,DERL3,0.8496685
4794,IFI27L2,0.5745451
4795,BTN3A2,0.6025896
4796,FOPNL,0.77912897
4797,MKRN2,0.8471713
4798,VPS45,0.71782386
4799,UGCG,0.6824555
4800,CDC42EP4,0.71994174
4801,MTUS1,0.6067982
4802,LRRFIP1,0.4730787
4803,PIDD1,0.76132786
4804,BRD3,0.67492634
4805,TNXB,0.7199014
4806,DEF8,0.71852094
4807,BRIX1,0.8768563
4808,SERINC1,0.5172472
4809,HOXB9,0.68558604
4810,RC3H2,0.7368582
4811,FDX2,0.64427155
4812,CFTR,0.7452602
4813,PPP6C,0.79338205
4814,POP4,0.8075262
4815,NUDT22,0.79812664
4816,NAGK,0.72658575
4817,MRVI1,0.9038439
4818,PLPP5,0.6960162
4819,SKP2,0.79247063
4820,ING1,0.7905997
4821,TSPAN6,0.7826478
4822,RAB3IP,0.85268825
4823,TYMS,0.661647
4824,IP6K1,0.7110945
4825,STXBP5,0.70378447
4826,RNF141,0.8338245
4827,ZXDC,0.7720531
4828,EMC6,0.79537946
4829,TOR1A,0.7514501
4830,NKRF,0.8082046
4831,RANBP9,0.68768966
4832,STARD13,0.78834677
4833,TUSC2,0.7462889
4834,SMPD2,0.8811587
4835,SMAD7,0.79998356
4836,NIN,0.845952
4837,SNAP29,0.847939
4838,TMEM170A,0.82395303
4839,ZSCAN18,0.8311411
4840,BOD1L1,0.6240009
4841,ARL14EP,0.72815526
4842,ISY1,0.8110615
4843,GZF1,0.7579355
4844,UCP2,0.56193906
4845,EPRS,0.80002695
4846,PPP4R1,0.5750165
4847,STEAP1,0.6915163
4848,FAM168B,0.84363216
4849,TAB2,0.6594394
4850,SMAP1,0.79297924
4851,TAF1C,0.64353764
4852,MCCC1,0.8091317
4853,PLAAT3,0.6805921
4854,EPHX2,0.5651001
4855,CACTIN,0.81877416
4856,KLF16,0.7503378
4857,FBXL19,0.779971
4858,KDM4C,0.7810887
4859,HECTD3,0.70170534
4860,MIGA2,0.7220492
4861,ALG11,0.7836352
4862,GCLC,0.75883806
4863,SF3A3,0.7600593
4864,SLC12A9,0.8294411
4865,ATG3,0.74908113
4866,FAM49B,0.75696915
4867,MITD1,0.8491807
4868,LCP1,0.7694723
4869,IRF2,0.70170975
4870,ZNF532,0.8092203
4871,MDFI,0.6557039
4872,NAXE,0.77509594
4873,CALML4,0.7942168
4874,RPAIN,0.73504555
4875,TMEM30A,0.45655593
4876,NCOA2,0.8188471
4877,ARID3A,0.64667445
4878,FAHD1,0.8373033
4879,NOTCH1,0.5202173
4880,WRAP73,0.8168902
4881,PLOD1,0.50436246
4882,LIG1,0.8287629
4883,HIST1H4E,0.6678727
4884,DCBLD1,0.6486692
4885,TFIP11,0.81071055
4886,ATG2B,0.8081461
4887,CREM,0.8561508
4888,CYB561A3,0.7025294
4889,PITPNC1,0.6030223
4890,DUSP16,0.7525037
4891,ORC2,0.8526608
4892,APTX,0.8885892
4893,CHDH,0.832613
4894,CDYL,0.7145575
4895,GJA1,0.7638894
4896,PBDC1,0.8912968
4897,PGS1,0.6848499
4898,TNFRSF1B,0.731793
4899,JAK3,0.8444869
4900,TMEM44,0.7256092
4901,ACSF3,0.7773481
4902,PROCR,0.4256087
4903,NOL3,0.6711685
4904,NOX1,0.70467776
4905,ZNF768,0.79721373
4906,OLFML2B,0.9243983
4907,BRF1,0.65314656
4908,ZNHIT6,0.72210544
4909,NPAS2,0.7400866
4910,TC2N,0.68318176
4911,NUP43,0.8599842
4912,NIPAL2,0.7634649
4913,EIF4G3,0.5061997
4914,PHF2,0.78645134
4915,ZDHHC2,0.66958433
4916,ANKRD13A,0.64928925
4917,KLHL12,0.808844
4918,SIRT6,0.78406954
4919,CRYAB,0.8217775
4920,GIGYF1,0.6466609
4921,TMEM68,0.80114734
4922,TNFRSF25,0.78231573
4923,SLC5A6,0.8002659
4924,VPS11,0.72302943
4925,PELO,0.7813093
4926,FBXW11,0.7654048
4927,TROAP,0.7377095
4928,PLEK2,0.9077608
4929,ATP5MPL,0.75973207
4930,ATRX,0.6599646
4931,TRIB2,0.8332148
4932,METTL2A,0.84104246
4933,EXOSC5,0.8871805
4934,DERA,0.842043
4935,ALG12,0.72597694
4936,CLCC1,0.5351389
4937,CASP8,0.63450414
4938,POLM,0.6370885
4939,CHMP4C,0.8909138
4940,AP1M2,0.88418084
4941,LIMD2,0.9129311
4942,CMTR1,0.69354135
4943,PRKRA,0.7090798
4944,NOTCH2,0.729148
4945,SERTAD1,0.51016575
4946,ORMDL2,0.741302
4947,RNF26,0.7113103
4948,SFT2D2,0.5617998
4949,TFE3,0.78094995
4950,TRPT1,0.7780304
4951,B3GALT6,0.6792684
4952,WDR75,0.8337089
4953,RHBDF2,0.7499632
4954,MOCS2,0.64726114
4955,MAGI1,0.71394974
4956,DDX18,0.8292704
4957,TMEM14A,0.8411293
4958,MAST3,0.5762519
4959,PLEKHO2,0.89769155
4960,PLEKHH3,0.84120184
4961,SAP30L,0.66505206
4962,KCTD17,0.6844611
4963,SUPT20H,0.81467456
4964,MRTFB,0.65956086
4965,GRK6,0.63037425
4966,COA1,0.75655836
4967,TBL2,0.8134547
4968,SPON1,0.705369
4969,ATXN1L,0.6491769
4970,DMBT1,0.5204818
4971,ERVK3-1,0.7296804
4972,ANGEL1,0.8122322
4973,RFXANK,0.7812692
4974,UNK,0.5834716
4975,POLG2,0.75900185
4976,COG2,0.816215
4977,SURF2,0.6833347
4978,NPRL3,0.81281775
4979,KDM5A,0.7362853
4980,RPRD1A,0.74067074
4981,MSANTD3,0.83059824
4982,MYO1E,0.5749981
4983,SS18L1,0.7897814
4984,SELENOI,0.8422908
4985,TECPR1,0.7508574
4986,TBC1D7,0.782973
4987,UBE2K,0.65570694
4988,RCC1,0.8363156
4989,CCDC80,0.713705
4990,COQ7,0.77033323
4991,NCOA4,0.35219723
4992,RXRB,0.58700067
4993,KIAA1324,0.6484761
4994,UBR3,0.69469404
4995,ATPSCKMT,0.80747944
4996,ARRB2,0.58840716
4997,CRY2,0.81833917
4998,RIOK1,0.84645075
4999,JOSD2,0.78091323
5000,WDR73,0.7360328
5001,COASY,0.7994923
5002,ACE,0.56925476
5003,CHTF18,0.6806
5004,FAM104A,0.73670584
5005,ELF2,0.6842756
5006,VBP1,0.80968153
5007,TEAD4,0.7182024
5008,HEATR5B,0.6958524
5009,ACO1,0.70482546
5010,GSDMD,0.6072528
5011,EXOSC2,0.75876194
5012,SWAP70,0.87514293
5013,ELP1,0.7587509
5014,CDC26,0.7304551
5015,CARS,0.6866182
5016,GMFG,0.82440567
5017,ICAM2,0.8018642
5018,ATG14,0.6274561
5019,THOC5,0.85282373
5020,FBXL15,0.66854256
5021,SSBP4,0.65416354
5022,TMEM185A,0.7031099
5023,PPARD,0.7014817
5024,DEAF1,0.6894059
5025,MBD3,0.67107695
5026,ZNF622,0.79747677
5027,DDX31,0.88221556
5028,CPE,0.70508426
5029,POLR3A,0.7860875
5030,VPS33A,0.72536
5031,TMEM181,0.77716297
5032,PTS,0.6874774
5033,GON4L,0.68758976
5034,ALG1,0.67510813
5035,DRAM2,0.6379591
5036,RPUSD1,0.7994278
5037,LBR,0.49862078
5038,POGZ,0.6793534
5039,SLC35F6,0.7710882
5040,EREG,0.65655905
5041,ZNF384,0.8211713
5042,CHST11,0.8602831
5043,RSRC1,0.7300975
5044,SZT2,0.65638685
5045,USP14,0.668333
5046,SLC25A25,0.4386913
5047,C19orf25,0.7335369
5048,LUZP1,0.63721514
5049,PTRH1,0.77956927
5050,MCAT,0.9229865
5051,MTMR4,0.7607974
5052,CASP2,0.78615266
5053,ANKRD39,0.76533633
5054,CHKA,0.7328149
5055,WDR59,0.6353134
5056,INTS7,0.7596779
5057,SPPL3,0.7741426
5058,CD53,0.9006683
5059,R3HCC1,0.6518833
5060,STX8,0.7557047
5061,PHLDB2,0.79089916
5062,DMTF1,0.7282497
5063,C1orf116,0.74285334
5064,LOXL1,0.91601765
5065,ZNF131,0.8703042
5066,SAP30,0.6730317
5067,PER2,0.7410448
5068,ITPR2,0.66842496
5069,CNNM4,0.7705334
5070,OXSR1,0.8116657
5071,AFG3L2,0.76669735
5072,MTMR11,0.6992784
5073,STK38,0.55810434
5074,PSME4,0.63090265
5075,SPEN,0.7253738
5076,SSH1,0.8304314
5077,IREB2,0.7234806
5078,HTRA2,0.5977519
5079,DEF6,0.632662
5080,AAR2,0.83544433
5081,HCLS1,0.69244516
5082,UNC50,0.5964741
5083,AMPD2,0.7118473
5084,MAP3K5,0.6856696
5085,LAMTOR3,0.82152396
5086,PHF12,0.73703486
5087,TM7SF3,0.7136698
5088,SEC23IP,0.7002831
5089,FLCN,0.77847296
5090,FBXL17,0.6165309
5091,BLOC1S6,0.7143146
5092,FSCN1,0.6251324
5093,SLFN5,0.7603318
5094,DCP1A,0.8632331
5095,GATC,0.77165633
5096,QSOX2,0.7767997
5097,WDR41,0.6989522
5098,CCDC14,0.63824904
5099,MBP,0.7451125
5100,ERI3,0.72516537
5101,PIM2,0.65997314
5102,CCDC84,0.6678971
5103,PDPK1,0.76788557
5104,CYP51A1,0.7822738
5105,STAM2,0.5888595
5106,GBA,0.6714547
5107,DESI1,0.7535805
5108,ARHGAP21,0.72172487
5109,B4GALNT3,0.7648
5110,AP3M1,0.91187847
5111,BMP2K,0.53575915
5112,HOMER3,0.8174261
5113,ARHGEF10,0.707043
5114,BCL6,0.8646431
5115,FAM83F,0.90312624
5116,HILPDA,0.6792199
5117,PEPD,0.77324635
5118,HSPB6,0.7774874
5119,SRPX2,0.8118966
5120,EXOSC8,0.79581636
5121,DLG3,0.91848606
5122,CBFA2T2,0.754084
5123,TNS2,0.69855195
5124,SKAP1,0.5369708
5125,HSPB11,0.62330353
5126,GTF2E2,0.75081503
5127,MICU1,0.6652864
5128,PRR12,0.6907838
5129,CYLD,0.81395
5130,TMEM120A,0.64155734
5131,NPHP3,0.7451152
5132,IFT122,0.8237921
5133,USP12,0.4444388
5134,IFIH1,0.5715157
5135,RCE1,0.728652
5136,RHPN1,0.7512794
5137,TARBP1,0.72741604
5138,KANSL1,0.5691901
5139,ADNP2,0.77549756
5140,CXCL16,0.5857619
5141,ZNF706,0.60599774
5142,RAI1,0.63279444
5143,XPO5,0.7885243
5144,NLN,0.7869133
5145,PCSK6,0.7481329
5146,NT5DC3,0.697182
5147,TRAK2,0.69882065
5148,AFTPH,0.8203091
5149,BCL2L11,0.5392476
5150,GJB2,0.65745246
5151,MAST2,0.55596167
5152,SMYD5,0.7182025
5153,PCCA,0.6764215
5154,CENPN,0.80638117
5155,SYNPO,0.7471809
5156,IL1R1,0.83227974
5157,FMNL2,0.7561054
5158,LMBRD1,0.6784773
5159,CLPX,0.8013588
5160,SERTAD2,0.61498547
5161,MON2,0.55421716
5162,DTYMK,0.7782091
5163,NUDCD2,0.8532353
5164,ST3GAL4,0.7201257
5165,EEA1,0.7067737
5166,GALNT12,0.6987599
5167,FAM43A,0.8115086
5168,HYAL2,0.45235696
5169,PSME3,0.81326526
5170,FAM126B,0.6160198
5171,DYRK2,0.68399197
5172,CREB1,0.73874915
5173,ALDH5A1,0.82482064
5174,APOD,0.649705
5175,RILPL2,0.7121145
5176,TTLL5,0.7652672
5177,PLPPR2,0.87106943
5178,ALG8,0.70849127
5179,TSR1,0.8017692
5180,SPOUT1,0.74733007
5181,LYPLAL1,0.7724503
5182,CDK9,0.71765536
5183,DYRK1A,0.62054986
5184,COG4,0.62546295
5185,ISCA1,0.7606921
5186,ELL,0.8557271
5187,DAP3,0.5359491
5188,TMEM234,0.7434577
5189,SERPINB9,0.70872545
5190,SDCBP2,0.7954281
5191,NR1I2,0.76502883
5192,HINT3,0.8289612
5193,TMEM35B,0.8116563
5194,PLPP3,0.8284543
5195,ARL16,0.7254858
5196,KRAS,0.7046259
5197,ARID4A,0.691496
5198,SGSH,0.72519386
5199,AIF1,0.7408538
5200,POMT1,0.784863
5201,SHROOM1,0.7303235
5202,RBMX2,0.83316994
5203,HNMT,0.75784683
5204,MSRB1,0.76855534
5205,TRIM41,0.744722
5206,PIP5K1A,0.638363
5207,IFT57,0.7665004
5208,CCDC82,0.7929383
5209,SMC2,0.7726846
5210,MED17,0.7213017
5211,RTL8C,0.78381217
5212,IDUA,0.6378942
5213,P4HA1,0.5192433
5214,STK10,0.878675
5215,FBXO42,0.79332596
5216,SIAH2,0.8061543
5217,IKZF1,0.8621772
5218,ARHGEF5,0.8520144
5219,EGFL7,0.6860341
5220,PPWD1,0.68380207
5221,SERPINE2,0.6437496
5222,MMP1,0.309344
5223,SP100,0.6547418
5224,CELSR1,0.59851295
5225,RABL3,0.84053814
5226,BLOC1S2,0.60139614
5227,PLK3,0.623778
5228,VPS13B,0.39408144
5229,PTPRJ,0.5928268
5230,PEX6,0.6272956
5231,PIK3IP1,0.73639786
5232,LEPROTL1,0.5001567
5233,DIS3,0.6580113
5234,LURAP1L,0.47825122
5235,GPR153,0.7370053
5236,GEM,0.83869916
5237,TASOR,0.78595316
5238,MAP4K5,0.58288425
5239,ELOA,0.7083954
5240,UROS,0.7011086
5241,SLC38A5,0.67066246
5242,PFDN1,0.80199337
5243,PLEKHA8,0.81289274
5244,HOOK3,0.70819265
5245,SPHK2,0.7762484
5246,SIRT2,0.6921002
5247,SPC24,0.7077576
5248,AP3S2,0.6375762
5249,TBC1D17,0.6768962
5250,CDC27,0.6633116
5251,TSEN54,0.79792315
5252,EIF2AK4,0.5880195
5253,ASB1,0.82728064
5254,ERC1,0.8664059
5255,B4GALT3,0.77774316
5256,EEF1AKNMT,0.78044415
5257,ATP6V1H,0.6241275
5258,CCL15,0.91718906
5259,DNAJB14,0.6859996
5260,ROBO1,0.6894655
5261,USP5,0.8776998
5262,TRIM33,0.66612405
5263,PARP8,0.6994246
5264,ANKS1A,0.80065906
5265,OSBPL10,0.70557606
5266,FUCA2,0.6554228
5267,CPEB4,0.8598123
5268,ZNF544,0.6536418
5269,WWOX,0.76434666
5270,EEPD1,0.6157037
5271,BIN3,0.7312383
5272,PKN2,0.61420727
5273,RAI14,0.8210178
5274,ZADH2,0.8232188
5275,PIGG,0.6702847
5276,TBCC,0.82688963
5277,TRIAP1,0.7907681
5278,AQR,0.6932868
5279,EMP2,0.68580955
5280,AP3B1,0.6066144
5281,RBM7,0.5325306
5282,MECR,0.8546246
5283,ATP2B1,0.55980384
5284,IQGAP3,0.8074972
5285,HIF1AN,0.76895636
5286,NECAB3,0.7013731
5287,IRS2,0.5747398
5288,C19orf12,0.8096364
5289,RNF31,0.74477464
5290,TUFT1,0.8508288
5291,CCDC93,0.86664397
5292,CWC27,0.7893041
5293,ADCK5,0.748413
5294,MEGF6,0.57493544
5295,LDLRAP1,0.740815
5296,ALCAM,0.5926052
5297,MSL2,0.6846905
5298,SPSB1,0.73722667
5299,NFXL1,0.7439904
5300,PPP1R12A,0.5977167
5301,ARID5A,0.76474196
5302,AMOTL1,0.898417
5303,FADD,0.7933704
5304,SUMF1,0.71901405
5305,PHYH,0.6820418
5306,GMNN,0.773436
5307,BPNT1,0.7595259
5308,SATB1,0.71771014
5309,PRCP,0.73195857
5310,RAB24,0.6556212
5311,UBA7,0.68732846
5312,MTPAP,0.8450375
5313,CLIC5,0.8558651
5314,TBK1,0.82865936
5315,NEBL,0.85434836
5316,MAP3K6,0.7313766
5317,PODXL2,0.8975095
5318,RANBP10,0.78163475
5319,PHF11,0.8156227
5320,IGF2BP2,0.87114847
5321,BAHD1,0.8273068
5322,PIGF,0.8225241
5323,CRAMP1,0.8064036
5324,PPP2R2D,0.7153966
5325,RARS2,0.69582224
5326,PAIP2,0.66378164
5327,ERCC6L2,0.76108307
5328,MMP3,0.4201224
5329,LRBA,0.679192
5330,CDK13,0.7140765
5331,ARMH3,0.7159219
5332,MED12,0.85724676
5333,SLC66A2,0.66708314
5334,CENPM,0.6939724
5335,FNBP1L,0.56221557
5336,SLC43A2,0.7263442
5337,C16orf91,0.75412315
5338,CHPT1,0.7481336
5339,CMSS1,0.89000624
5340,ATF7,0.64842135
5341,ANAPC1,0.8462563
5342,ZHX2,0.73806286
5343,SYNGAP1,0.874431
5344,CFH,0.74233586
5345,HEXD,0.6254705
5346,GK5,0.84703106
5347,DPP3,0.82104546
5348,PCBP4,0.7662416
5349,TMBIM4,0.5346376
5350,TSSC4,0.69893074
5351,UBE4A,0.74944466
5352,FGL2,0.7764552
5353,THBD,0.8915771
5354,PITHD1,0.8135344
5355,LEO1,0.767247
5356,MARCH7,0.53695995
5357,IQCE,0.79321736
5358,SP1,0.70236766
5359,ARHGAP23,0.81307393
5360,RAB3GAP2,0.68084353
5361,GYS1,0.72098404
5362,LRRC32,0.90152484
5363,LIPA,0.42613393
5364,CPNE2,0.6646854
5365,GPN1,0.8353666
5366,ATXN3,0.6718995
5367,FAH,0.7046525
5368,MIB1,0.6097825
5369,FKBP14,0.7554471
5370,EIF4E3,0.5813574
5371,CRTC3,0.8772165
5372,ABCA7,0.68411404
5373,LARGE2,0.80072945
5374,GPD1L,0.70967036
5375,PATL1,0.81368583
5376,DNTTIP2,0.8641766
5377,TMEM203,0.7290235
5378,MPEG1,0.8700834
5379,REPS1,0.8509914
5380,KCNN4,0.7697157
5381,FAM168A,0.75613415
5382,TMCO4,0.7715909
5383,FOXJ3,0.80080825
5384,NUP205,0.86206675
5385,POLL,0.7183919
5386,UBE2O,0.8297464
5387,EXOSC10,0.7112856
5388,TOR4A,0.6801414
5389,ANKFY1,0.46810034
5390,HNF1A,0.8905317
5391,LNX2,0.820422
5392,DDHD1,0.7435616
5393,IRF6,0.8537326
5394,GLTP,0.71521914
5395,SLC4A1AP,0.6829397
5396,DHX35,0.7196698
5397,RPF1,0.73944277
5398,MLST8,0.7798027
5399,RGS2,0.757394
5400,TUBGCP3,0.78345245
5401,MPP5,0.75336367
5402,TRMT2B,0.8727079
5403,FA2H,0.86460114
5404,ZNF282,0.78544176
5405,SLC7A11,0.62691724
5406,TAMM41,0.7396003
5407,DNAJC4,0.47862822
5408,NCS1,0.84837943
5409,PLRG1,0.7010322
5410,TMEM126B,0.8131904
5411,SOS2,0.49616414
5412,TCTA,0.6585446
5413,PCNX2,0.7716584
5414,PDE12,0.77395165
5415,STX2,0.82258934
5416,RNPC3,0.7367926
5417,DGKA,0.7089184
5418,SCX,0.5395174
5419,IFI44,0.4486064
5420,GRASP,0.864335
5421,ADAMTS4,0.9513548
5422,C11orf68,0.70497626
5423,SCAMP3,0.66596544
5424,ASAP1,0.63819134
5425,USE1,0.80334425
5426,OFD1,0.7999797
5427,HIPK2,0.38434055
5428,VPS35L,0.7671013
5429,NACC2,0.755408
5430,PDPR,0.61024076
5431,TIMM29,0.84399277
5432,CEP68,0.7084692
5433,BCAP29,0.50869656
5434,PYM1,0.84834844
5435,PDE4D,0.59486085
5436,TNFAIP1,0.7498507
5437,SACM1L,0.7481456
5438,MAP3K7,0.7100896
5439,UCHL5,0.82956177
5440,DNASE2,0.74144584
5441,CCHCR1,0.7776085
5442,TGFBR1,0.6792641
5443,SLCO3A1,0.64502144
5444,CCDC69,0.8863054
5445,ANAPC4,0.68104357
5446,UFM1,0.58611304
5447,C17orf58,0.67297286
5448,FAS,0.7263643
5449,ATG16L1,0.691648
5450,WDR81,0.81085056
5451,ATL2,0.6703234
5452,DCUN1D4,0.6777553
5453,ANKRD28,0.57348394
5454,EEF1AKMT2,0.8043171
5455,KRCC1,0.6211795
5456,PLEKHA7,0.73794854
5457,DCAF6,0.6691564
5458,OSBPL8,0.4397819
5459,AGFG1,0.60635465
5460,GUCY1A1,0.85784
5461,KCNK1,0.86724186
5462,HERPUD2,0.6922665
5463,ZNF609,0.7557213
5464,GATAD1,0.65706164
5465,PEX19,0.7825158
5466,ZCCHC17,0.7924033
5467,PIGL,0.73312765
5468,IQANK1,0.7679211
5469,ERICH1,0.6857853
5470,TEX261,0.8044497
5471,ARHGAP8,0.74958813
5472,SNTB2,0.7023717
5473,OCEL1,0.6613842
5474,RFX1,0.88761127
5475,PPIC,0.44981128
5476,DCUN1D3,0.6932791
5477,SPIDR,0.75727516
5478,EBAG9,0.6697263
5479,KLHDC10,0.854362
5480,HS6ST1,0.66480976
5481,LIF,0.48172134
5482,STXBP6,0.8261312
5483,EMC8,0.81583995
5484,MYL6B,0.79620177
5485,PAN2,0.80053455
5486,EMC3,0.7045897
5487,ZNF76,0.81703746
5488,STRN,0.7703603
5489,NCK1,0.61771834
5490,SLC39A5,0.6127857
5491,SLC37A3,0.6675797
5492,ZBTB17,0.7543525
5493,G6PD,0.74181557
5494,USP10,0.87617654
5495,HIST1H4B,0.6322733
5496,IL17RA,0.80085754
5497,CNOT10,0.8390508
5498,TMEM125,0.91777754
5499,POM121C,0.74755895
5500,RPUSD4,0.8676885
5501,CPSF3,0.8567424
5502,VIPR1,0.7618214
5503,RIOK3,0.6408685
5504,UBL4A,0.7748783
5505,ADPGK,0.5996756
5506,ST6GALNAC1,0.6123304
5507,POLA1,0.8849272
5508,BX255925.3,0.6939235
5509,HDHD2,0.7698094
5510,GTF2A1,0.77037334
5511,MED30,0.8329433
5512,TMED1,0.7667218
5513,RASSF3,0.6311668
5514,SETDB1,0.7327447
5515,NFATC2IP,0.4633458
5516,MAU2,0.6935546
5517,HID1,0.78293085
5518,RAB17,0.84413224
5519,SOCS1,0.66136235
5520,SLC2A3,0.8037583
5521,ZNF644,0.5792133
5522,EARS2,0.795805
5523,PDLIM4,0.9108637
5524,ACSL4,0.7149522
5525,GEMIN7,0.85938394
5526,RCC1L,0.7410692
5527,DONSON,0.69525087
5528,CEBPZOS,0.89168984
5529,STRBP,0.8507901
5530,MGAT2,0.54114854
5531,CIAO3,0.7953683
5532,TOPBP1,0.77023715
5533,OTUD7B,0.7343467
5534,ZNF263,0.72369593
5535,VRK3,0.76934654
5536,COMMD9,0.7986511
5537,C5orf24,0.63547266
5538,DMXL1,0.70099443
5539,DCK,0.7983642
5540,ADO,0.7995282
5541,FEM1C,0.68923885
5542,TMEM18,0.80590254
5543,TFDP2,0.7445423
5544,ZW10,0.75195163
5545,DNM1L,0.66124594
5546,FAM193A,0.7088884
5547,GALNT5,0.69062096
5548,USP21,0.8054971
5549,VCPIP1,0.6301449
5550,AIFM3,0.70024997
5551,FBXO33,0.79549444
5552,LRRC8A,0.648475
5553,ZBTB44,0.6793202
5554,PAK1IP1,0.75966233
5555,DHX34,0.87895
5556,PTRH2,0.86739475
5557,BIRC3,0.6310873
5558,RPF2,0.81148803
5559,MVB12A,0.7382564
5560,MTSS1,0.6957427
5561,CCL18,0.71563387
5562,BTF3L4,0.55657315
5563,MZF1,0.5236047
5564,MS4A6A,0.73693883
5565,FAM83D,0.7059444
5566,SLC35F2,0.8241802
5567,MTFR1,0.82966185
5568,DNAJB12,0.6324864
5569,ARID4B,0.6056854
5570,BAIAP2,0.6672061
5571,CDC40,0.7849726
5572,INTS14,0.85089004
5573,VWA2,0.6699128
5574,TEN1,0.772913
5575,FN3K,0.69599056
5576,FMC1,0.8410014
5577,BRPF3,0.7299493
5578,SLC30A7,0.7056853
5579,RHBDD3,0.7240076
5580,TM2D3,0.72661644
5581,SCFD1,0.5256879
5582,BMERB1,0.8099726
5583,PICK1,0.84597695
5584,AKIP1,0.60269123
5585,C1orf115,0.6484918
5586,TRAPPC6A,0.8093273
5587,STEAP2,0.6756166
5588,SETD4,0.80106604
5589,PODN,0.7444636
5590,DEGS2,0.8239946
5591,TMEM62,0.7612402
5592,XPO7,0.8080219
5593,MKLN1,0.71241343
5594,NLK,0.680545
5595,SDCCAG8,0.72303873
5596,OGFOD1,0.73292077
5597,POLE,0.7206663
5598,KIAA0232,0.7545061
5599,RNF166,0.8872217
5600,ARL8A,0.6877137
5601,IFNAR2,0.70148265
5602,PIGH,0.69934547
5603,XAB2,0.79411376
5604,PAG1,0.6235317
5605,TPD52L1,0.8084045
5606,CEP164,0.7112216
5607,RAMP1,0.5905794
5608,ALDH16A1,0.77946836
5609,NSUN4,0.77067727
5610,HOXB5,0.78055745
5611,ZNF688,0.6986217
5612,XAF1,0.75955576
5613,ADK,0.8446741
5614,HIST1H3G,0.4430585
5615,USP1,0.7272064
5616,NSUN5,0.78870344
5617,VPS52,0.55045253
5618,NUP153,0.7975491
5619,MED23,0.7976244
5620,EXD3,0.62467426
5621,CHAF1A,0.78510046
5622,SNRPA1,0.68937385
5623,CBY1,0.64898074
5624,PPP5C,0.7114825
5625,NDST2,0.8465866
5626,MTMR12,0.74786794
5627,EIF1AX,0.60542333
5628,DCUN1D2,0.7001275
5629,RBM19,0.7495132
5630,MMP12,0.30746105
5631,DIP2C,0.71414155
5632,GPATCH8,0.6833186
5633,SLC44A3,0.64947253
5634,ANO1,0.6028949
5635,CDHR1,0.59982836
5636,RNF34,0.74283266
5637,ATF5,0.7169633
5638,ALDH3B1,0.70152813
5639,NCKIPSD,0.7111555
5640,SPIN4,0.8597673
5641,FOXN2,0.8132617
5642,ARHGEF18,0.64251417
5643,KDM2B,0.7575875
5644,FNIP1,0.7295161
5645,TGIF2,0.70615536
5646,UBE2E2,0.85999453
5647,GCAT,0.7798203
5648,PARD6B,0.81701756
5649,SLC45A4,0.7800055
5650,SNRNP35,0.7327452
5651,RNF185,0.79267967
5652,DCAF10,0.76262057
5653,IFT27,0.7318219
5654,TOX3,0.7748595
5655,HGH1,0.67419964
5656,RSAD1,0.8194826
5657,SGCB,0.6501667
5658,ABTB2,0.5841196
5659,MAP3K13,0.71557015
5660,CDH5,0.85582525
5661,PTGS1,0.81688076
5662,PIGS,0.6731606
5663,ACAT2,0.865691
5664,TNFRSF11A,0.73649615
5665,ACOX3,0.8630847
5666,INPP5A,0.7674519
5667,YEATS4,0.7806243
5668,ZNF707,0.62226707
5669,ZNF277,0.80662876
5670,CHD1,0.67503965
5671,SQLE,0.6776361
5672,CRYL1,0.66639423
5673,MECP2,0.7574571
5674,PAFAH1B3,0.79291135
5675,RFC4,0.75895077
5676,FBXL3,0.51238734
5677,PHF3,0.77496856
5678,MTERF3,0.77455467
5679,ASXL2,0.7788405
5680,THOC6,0.8175357
5681,TMEM199,0.71804035
5682,SGK3,0.6954381
5683,TMEM250,0.74505275
5684,FAM98C,0.7725919
5685,FBXO28,0.71365064
5686,NFS1,0.7791036
5687,NDUFAF5,0.79816204
5688,DRAM1,0.8120355
5689,ING4,0.7758341
5690,AIFM2,0.66338795
5691,STEAP3,0.8234247
5692,CREBBP,0.6329303
5693,HARS2,0.6995167
5694,P3H4,0.6617641
5695,NUDCD1,0.7766618
5696,THUMPD1,0.65613085
5697,RHNO1,0.8064051
5698,ORC4,0.8647081
5699,MAP2K6,0.75511473
5700,URM1,0.6086121
5701,ARNT,0.8266474
5702,TRBC2,0.74120283
5703,CPNE7,0.77164567
5704,TACC3,0.6981911
5705,BDP1,0.75615597
5706,TADA2B,0.6150388
5707,DCHS1,0.8958309
5708,IFT43,0.6304699
5709,TOP3B,0.7325538
5710,CCDC92,0.7703224
5711,TSPYL2,0.7780014
5712,RHOD,0.7555391
5713,COG8,0.7822161
5714,ARRDC2,0.7765417
5715,UBL7,0.7267947
5716,SMOX,0.75213134
5717,ODF2L,0.707929
5718,XIAP,0.7603789
5719,TMEM126A,0.7199377
5720,CCDC9B,0.70163447
5721,IPO9,0.7315626
5722,SLC8B1,0.5490152
5723,LHFPL6,0.8991483
5724,APPL2,0.6313737
5725,MTMR2,0.7799931
5726,SNAPC2,0.6789865
5727,ARFGEF1,0.7396146
5728,CEMIP,0.65757656
5729,FCHSD1,0.68856436
5730,RAB32,0.7485905
5731,PRR5L,0.52980524
5732,DAPK2,0.65122586
5733,TDRD7,0.7572875
5734,RPP38,0.8992859
5735,UAP1L1,0.6423543
5736,TACO1,0.83405596
5737,RSBN1,0.81682885
5738,ATRN,0.6833108
5739,ELMO2,0.76498765
5740,LOX,0.8327456
5741,MTAP,0.66682655
5742,STIM2,0.7000585
5743,FAM111A,0.4186535
5744,BICRA,0.6975937
5745,ZNF710,0.77347803
5746,ELK4,0.40158504
5747,HCCS,0.85668534
5748,POGLUT1,0.70387405
5749,ATXN1,0.812787
5750,SLC27A3,0.8211199
5751,EFNB1,0.7786221
5752,GGT7,0.65264624
5753,TRIM21,0.6234401
5754,ARVCF,0.7135754
5755,TENT5C,0.7695642
5756,VPS41,0.53023034
5757,RGS1,0.6614414
5758,ATP6V1C1,0.57858306
5759,ATF1,0.80717754
5760,CNOT9,0.6088491
5761,TRIM15,0.7742361
5762,GYPC,0.89997023
5763,CYGB,0.7551536
5764,GALNT11,0.753256
5765,MSH5,0.82266885
5766,TSPAN31,0.72796667
5767,RNF135,0.7202094
5768,ABCA1,0.9082193
5769,BIVM,0.7957577
5770,GTF2H1,0.79207295
5771,SLC2A8,0.70944965
5772,PAQR4,0.75593156
5773,MYCBP2,0.80648166
5774,STARD5,0.6403023
5775,SESN2,0.709386
5776,CC2D1B,0.7254159
5777,CYBRD1,0.7853196
5778,PRDM4,0.8553585
5779,STIMATE,0.7171668
5780,HSCB,0.7030085
5781,SYNJ2BP,0.7845979
5782,NR2C1,0.72114575
5783,DIMT1,0.8086115
5784,FAM102B,0.71171725
5785,SEZ6L2,0.7124521
5786,PURA,0.74932414
5787,SPINDOC,0.7330021
5788,MADD,0.6059343
5789,NOL9,0.6848642
5790,VAMP7,0.6259714
5791,FEZ2,0.6132997
5792,SLC50A1,0.64308757
5793,ZFHX3,0.708488
5794,ABCG1,0.58098185
5795,ZDHHC24,0.68278325
5796,TONSL,0.7752592
5797,CLDND1,0.6134001
5798,ULK3,0.65432703
5799,ELOVL5,0.65188307
5800,SERTAD3,0.75171965
5801,LRRC42,0.7368886
5802,TEDC1,0.7306086
5803,UAP1,0.3546741
5804,DYNLT3,0.64074
5805,RRAGA,0.5907038
5806,SMNDC1,0.7441694
5807,ABCB7,0.8360087
5808,PDIA3,0.4939268
5809,NAAA,0.6691302
5810,FLAD1,0.840205
5811,PCTP,0.8119833
5812,PPCS,0.58195174
5813,LAMA3,0.5228296
5814,YBX1,0.13973132
5815,BFAR,0.8300448
5816,BYSL,0.86958414
5817,ANKRA2,0.61459935
5818,ELF4,0.7379903
5819,FADS3,0.7941424
5820,FBXL8,0.66922903
5821,PPP1R14D,0.8163153
5822,AEN,0.6486427
5823,SEC22C,0.7887866
5824,OSBPL3,0.5417247
5825,LMOD1,0.78792155
5826,ELN,0.67280424
5827,VTI1B,0.62761927
5828,RGP1,0.65253764
5829,MPP1,0.7515636
5830,HOXA7,0.69139194
5831,EXOSC3,0.80457026
5832,RNF139,0.6995659
5833,DDX55,0.82093096
5834,TAF12,0.7669943
5835,PRMT7,0.71642643
5836,ANKS6,0.7808216
5837,NCOA1,0.7318092
5838,MAP1S,0.71373594
5839,ERLIN2,0.86289513
5840,AGTRAP,0.7122218
5841,CTC1,0.778706
5842,C6orf120,0.7422419
5843,PLXNA1,0.7298503
5844,SPRED1,0.42518854
5845,PCDH18,0.7870499
5846,ZNF266,0.6983423
5847,DVL2,0.7561985
5848,LGALSL,0.77724737
5849,HEBP1,0.6297813
5850,NOA1,0.87780243
5851,STK19,0.6722613
5852,MAD2L1BP,0.7247616
5853,RABIF,0.6290323
5854,RARRES1,0.55280054
5855,KMT2A,0.5997819
5856,RNF170,0.7934951
5857,SPATA2,0.81173
5858,SMG7,0.7972657
5859,MYO5C,0.6942126
5860,ORC5,0.75154656
5861,CSTF1,0.7940688
5862,GUF1,0.8635067
5863,PRKCZ,0.87036324
5864,ZBTB10,0.6402898
5865,PLEKHF2,0.79988277
5866,ING5,0.70576036
5867,LZTS3,0.5491087
5868,STAG1,0.73578894
5869,PTDSS2,0.72916716
5870,UBIAD1,0.6250625
5871,FBXO21,0.81731987
5872,LTBP2,0.7651149
5873,MED29,0.73946077
5874,HOXA13,0.8333603
5875,TXNRD2,0.66339606
5876,RAB22A,0.6467158
5877,MVK,0.8388441
5878,TXNDC9,0.75916046
5879,REEP4,0.65964323
5880,WDR3,0.8577568
5881,CLMN,0.6493525
5882,KREMEN1,0.67760193
5883,PCYT1A,0.7489933
5884,GPATCH2,0.64237946
5885,CDC73,0.6637617
5886,REV1,0.6373712
5887,STX12,0.68175024
5888,MELK,0.81180984
5889,TSNAX,0.5534669
5890,TRAF3IP1,0.8049143
5891,SPATS2,0.7199486
5892,RIOX2,0.8268739
5893,LRCH3,0.7971293
5894,AGFG2,0.74090844
5895,CHD6,0.8530819
5896,HACD2,0.87482494
5897,PLEKHA4,0.69531006
5898,SYTL2,0.5517544
5899,LIX1L,0.91938967
5900,NUDT14,0.703256
5901,CITED4,0.65641516
5902,ARMC1,0.78091234
5903,CPTP,0.79164016
5904,RFC1,0.77795166
5905,TMEM63B,0.6485658
5906,ATG2A,0.705028
5907,PAF1,0.84134185
5908,EZH1,0.8308576
5909,SIPA1L3,0.67289156
5910,NUCB2,0.60080165
5911,FGD4,0.8076537
5912,WWTR1,0.83471316
5913,PTGR1,0.5872753
5914,ZNF512,0.7395686
5915,EIPR1,0.86951315
5916,CMTM8,0.83524287
5917,HDAC11,0.7465433
5918,TRPM2,0.73534113
5919,MORC4,0.6055541
5920,MAD1L1,0.70909023
5921,PANK4,0.75081235
5922,KRIT1,0.74276197
5923,MAFG,0.7067156
5924,SETD1B,0.7211765
5925,MALSU1,0.773338
5926,MIER2,0.7581343
5927,PHLDA3,0.7279421
5928,HMGCS2,0.3219831
5929,ENTPD7,0.57949084
5930,TMEM38B,0.7755324
5931,AUH,0.73031175
5932,MARVELD2,0.87693304
5933,PTPRK,0.643874
5934,NOXO1,0.67666245
5935,CELF2,0.60180336
5936,CLEC11A,0.85849464
5937,CEP95,0.77534014
5938,BCLAF3,0.7324797
5939,UBAP2,0.8438178
5940,GOLGA1,0.5980664
5941,HEXIM1,0.6134227
5942,CLSTN3,0.72679025
5943,CBR4,0.74408644
5944,YARS2,0.682485
5945,MARF1,0.71476334
5946,TINF2,0.684961
5947,ORAI1,0.7611189
5948,P3H1,0.8138885
5949,TMED7,0.35832545
5950,KANK1,0.65776825
5951,ZNF586,0.6399983
5952,FAM107B,0.5706232
5953,KDM3A,0.6124365
5954,RIT1,0.6705671
5955,CLN8,0.73323524
5956,SLC7A6OS,0.69351804
5957,PHKB,0.5945981
5958,RNF121,0.63718414
5959,LRRC58,0.6990638
5960,GPR89B,0.71018153
5961,GPSM2,0.5580888
5962,MED6,0.6216383
5963,EFEMP2,0.7622727
5964,UGGT2,0.7308405
5965,ZNF507,0.75471455
5966,TP53BP2,0.6120555
5967,OSBPL7,0.74170864
5968,PAQR8,0.82789433
5969,BTBD10,0.7664365
5970,UBXN2A,0.7086073
5971,CASZ1,0.5737017
5972,UBE2G1,0.5504333
5973,CNOT4,0.6436196
5974,HMCES,0.68487346
5975,PPP4R3B,0.6330891
5976,MRRF,0.7681332
5977,C9orf85,0.7696169
5978,C2CD5,0.6291955
5979,TEX2,0.79918
5980,CA2,0.49961922
5981,RDH14,0.7902648
5982,HS1BP3,0.7400638
5983,SNX27,0.69304127
5984,RNF20,0.7472778
5985,TMEM41A,0.7520161
5986,TTC7A,0.7077843
5987,CIR1,0.6507682
5988,ANPEP,0.56431854
5989,RBFA,0.66487217
5990,NMI,0.7353528
5991,RALGPS1,0.8100444
5992,NSMCE1,0.51865256
5993,LRP6,0.780219
5994,ATP6V1D,0.51639676
5995,FUT6,0.8358764
5996,DDHD2,0.6512018
5997,GABBR1,0.7173465
5998,RMDN1,0.6909872
5999,RMND5B,0.77151483
6000,PCDH7,0.85049546
6001,HDGFL3,0.78927904
6002,OGG1,0.71381336
6003,ZG16B,0.6813108
6004,MTOR,0.7906276
6005,PER1,0.69432294
6006,SMAD5,0.78420156
6007,STX17,0.75373423
6008,RAVER2,0.84254205
6009,VPS26C,0.6664123
6010,GAB2,0.7826069
6011,KCNK6,0.73648846
6012,PIK3R1,0.5446445
6013,ANG,0.78606504
6014,DDX51,0.72832173
6015,DCAF1,0.76090276
6016,ACBD5,0.7538189
6017,ZNF652,0.6141366
6018,SUGP2,0.519129
6019,IMPA2,0.6571671
6020,CEP192,0.6611745
6021,ZFYVE28,0.6312739
6022,TRIM14,0.7011046
6023,SC5D,0.7846914
6024,SYT7,0.5910529
6025,ATE1,0.7636685
6026,PREX1,0.90335125
6027,INO80,0.70305
6028,CAPS,0.5118432
6029,FCGR2A,0.7487712
6030,KDM4B,0.6507737
6031,ELK3,0.8297871
6032,TBCK,0.6999196
6033,SMPD1,0.82929945
6034,RABGGTA,0.73648506
6035,LTV1,0.7957974
6036,CITED2,0.7675686
6037,ARHGAP31,0.86206627
6038,MTHFS,0.799898
6039,SH3TC1,0.89625067
6040,ADGRA2,0.8431813
6041,ARL3,0.7495008
6042,UCK1,0.68077934
6043,TSFM,0.8092555
6044,SMAD6,0.66122615
6045,PLD2,0.703335
6046,TAF11,0.7117575
6047,GOLT1B,0.4531886
6048,IQCB1,0.83503187
6049,TMEM8B,0.68712837
6050,DNAJB9,0.45221576
6051,CRTC2,0.6962081
6052,GLI4,0.6947136
6053,TANC1,0.6922517
6054,SMIM19,0.6762481
6055,ANKIB1,0.49718454
6056,FAN1,0.6857754
6057,SPOPL,0.71058273
6058,SLC38A7,0.6781655
6059,MAP3K2,0.46907356
6060,KAT7,0.7406544
6061,SHANK3,0.74306357
6062,NRBF2,0.6250263
6063,NXT1,0.8220914
6064,RPH3AL,0.71051437
6065,CDC42BPG,0.85855895
6066,VPS9D1,0.673891
6067,FAM214A,0.69994926
6068,ARMC6,0.8348376
6069,MPDU1,0.6948925
6070,GAS1,0.8237504
6071,TRAFD1,0.7650226
6072,CNTRL,0.6451014
6073,YRDC,0.6870763
6074,NEURL1B,0.78482753
6075,NAGA,0.48135856
6076,NOL6,0.8017542
6077,SLC39A4,0.6625002
6078,ZNRF3,0.7332283
6079,TMEM140,0.8421911
6080,HDAC4,0.70801365
6081,RAB11FIP5,0.7066662
6082,WDR12,0.91250896
6083,DNM1,0.7722143
6084,ZNF827,0.6830818
6085,GPT2,0.77206844
6086,MACC1,0.60459244
6087,SAMD5,0.7112361
6088,CORO2A,0.88625723
6089,CASP8AP2,0.73145497
6090,PODXL,0.65676534
6091,KIDINS220,0.6624988
6092,RGS16,0.69972324
6093,ZNF292,0.7471944
6094,DLC1,0.78217965
6095,HOXB8,0.65727174
6096,DNMT3A,0.66922945
6097,ATP8A1,0.6709587
6098,PDGFB,0.9043752
6099,FGD2,0.76954514
6100,SPATA33,0.735343
6101,BIRC5,0.73111063
6102,NCR3LG1,0.7607662
6103,C1orf35,0.7147479
6104,METTL17,0.6376134
6105,VSNL1,0.64872247
6106,TRMT61A,0.81516856
6107,CLPB,0.6909434
6108,RRAS2,0.68598753
6109,ORAI2,0.76123756
6110,PINK1,0.56396633
6111,HIST1H2AI,0.5843549
6112,MEN1,0.66962606
6113,C11orf95,0.7597123
6114,VPS16,0.64687365
6115,NFE2L3,0.68921393
6116,HPS1,0.559893
6117,PPL,0.647707
6118,LHFPL2,0.63886064
6119,NR3C2,0.6678305
6120,CNOT6,0.8269486
6121,HIC1,0.8646728
6122,PARP6,0.60088795
6123,PRPF4,0.81141186
6124,SLU7,0.5682271
6125,PDE9A,0.67917645
6126,MTURN,0.68844086
6127,IFI27L1,0.6366662
6128,NR2C2,0.63053983
6129,CEP63,0.83464307
6130,TMEM132A,0.6322578
6131,SMIM29,0.8051283
6132,RCOR1,0.64217746
6133,AP5M1,0.73415214
6134,ABCE1,0.81076056
6135,NUP155,0.8711872
6136,DHRSX,0.7790257
6137,TTL,0.6791802
6138,YES1,0.73976547
6139,SYS1,0.72090393
6140,AKT3,0.813588
6141,LPIN1,0.67803246
6142,EVA1B,0.82775223
6143,UPF2,0.71934235
6144,ODF2,0.5955737
6145,SNX29,0.7722567
6146,RECQL4,0.734395
6147,CUL5,0.74512637
6148,TTF2,0.8060898
6149,ZNF587B,0.6734231
6150,TMEM243,0.7424421
6151,CPSF2,0.63717306
6152,HPS6,0.81163734
6153,PTPN3,0.86992306
6154,ARL6IP6,0.7632288
6155,ANKRD22,0.65265715
6156,MATN2,0.5500101
6157,BIK,0.67596644
6158,TLCD3A,0.72223765
6159,HINT2,0.7757104
6160,ACOT11,0.7468663
6161,LPCAT3,0.7203674
6162,RNFT1,0.6119379
6163,PPP2R3B,0.68907213
6164,SLC29A2,0.8119699
6165,ZNF562,0.7841639
6166,FMN1,0.5108551
6167,MLLT10,0.7553791
6168,OGFOD2,0.7589828
6169,STRN3,0.6102614
6170,CCNA2,0.8296054
6171,HDDC3,0.728908
6172,ZNF7,0.7622905
6173,HMG20A,0.7084608
6174,TWSG1,0.6231956
6175,GRK3,0.7664871
6176,NOC3L,0.8089462
6177,SCO2,0.5119354
6178,HDHD5,0.8325829
6179,GPR137,0.7902406
6180,RIC8B,0.77106863
6181,NCAPG2,0.7930169
6182,TFAP4,0.8240689
6183,SVIP,0.6238062
6184,HPF1,0.76045555
6185,LRSAM1,0.7210759
6186,LMAN2L,0.83021945
6187,EEF1E1,0.91130346
6188,SLC66A3,0.72713566
6189,TPST2,0.6620221
6190,AOAH,0.42292112
6191,STK26,0.878461
6192,MED14,0.7738117
6193,DTNBP1,0.6855629
6194,ENTPD2,0.65684414
6195,SOX12,0.7821144
6196,NKD2,0.55500543
6197,ARHGEF38,0.8388859
6198,MED21,0.6760416
6199,ALDH1A1,0.4932453
6200,MIA3,0.47196883
6201,GNPNAT1,0.87268746
6202,NCOA5,0.7845425
6203,DTD1,0.88689697
6204,SIN3B,0.6534543
6205,ZDHHC18,0.54873914
6206,SYNRG,0.6026512
6207,GALE,0.7092857
6208,ACAD11,0.8621539
6209,USP24,0.6365792
6210,ZNF32,0.5774389
6211,FER,0.72991985
6212,PRR15,0.8352761
6213,AAGAB,0.7587962
6214,SESN1,0.37733433
6215,EPS15,0.6204811
6216,TANK,0.5674748
6217,UNC5B,0.74692744
6218,WNT5A,0.58392507
6219,ZNF687,0.72022206
6220,PARP12,0.4893975
6221,CPPED1,0.68978685
6222,ATM,0.653916
6223,CYP4V2,0.6534118
6224,AVPI1,0.64062107
6225,RBM18,0.7447557
6226,HMOX1,0.69951564
6227,ARMCX6,0.68072987
6228,NAPEPLD,0.8545291
6229,AIMP2,0.8169431
6230,ABHD17B,0.5237022
6231,MPZL2,0.5747055
6232,XRCC1,0.86725575
6233,MYRF,0.5602578
6234,PARG,0.8461691
6235,TJAP1,0.6252685
6236,BCCIP,0.7563427
6237,IDE,0.7820241
6238,SEC24A,0.4894982
6239,SLC25A26,0.7683124
6240,SLC35B3,0.58011955
6241,FEM1A,0.77882624
6242,DUSP11,0.6938825
6243,SIRT5,0.7124609
6244,FH,0.6209559
6245,ZNF248,0.755642
6246,APCDD1,0.5451234
6247,TRIQK,0.6925322
6248,DPAGT1,0.6681681
6249,KIF11,0.80395854
6250,EIF3E,0.38735566
6251,ACSF2,0.6659923
6252,INPP1,0.74634707
6253,PHC1,0.8229634
6254,PEMT,0.7320247
6255,NAA50,0.5533688
6256,CDR2L,0.59381944
6257,HSPA14,0.8162619
6258,NFRKB,0.7313351
6259,SYTL1,0.50372034
6260,RPA1,0.74809116
6261,FOXA2,0.647924
6262,ZC3H8,0.8612761
6263,KLF7,0.85388285
6264,BCL10,0.58514273
6265,LRRC8D,0.74104035
6266,SMIM10L1,0.78478587
6267,GDPD5,0.5241186
6268,DAAM1,0.7298813
6269,CCDC61,0.75886714
6270,SGMS1,0.762556
6271,COMMD1,0.64307016
6272,SLC39A6,0.51571816
6273,PROS1,0.70484257
6274,RASD1,0.5091628
6275,ELP5,0.5774444
6276,CD34,0.86513567
6277,SCAMP1,0.638015
6278,FGF7,0.66568655
6279,MAFB,0.82886744
6280,DOP1B,0.728027
6281,DCPS,0.6517118
6282,OXR1,0.5535069
6283,DYM,0.49210384
6284,PDSS1,0.84984267
6285,MFSD6,0.68869895
6286,RRP8,0.715294
6287,FTSJ1,0.74223614
6288,DRG2,0.6628071
6289,EP400,0.6526807
6290,RPTOR,0.6461883
6291,FRMD8,0.60482186
6292,GTF2B,0.6600858
6293,CLASP1,0.7017676
6294,NUDT9,0.73296833
6295,COL27A1,0.4871181
6296,ALOX5,0.61539465
6297,LHPP,0.69956887
6298,RNF169,0.6358383
6299,CTR9,0.77410775
6300,GPX3,0.6490262
6301,NLE1,0.8535881
6302,CNTROB,0.7293347
6303,TFPT,0.638693
6304,MIF4GD,0.7254623
6305,LYRM4,0.6358673
6306,GPN2,0.8494306
6307,GJB1,0.8321484
6308,SLC30A6,0.8272516
6309,ACER3,0.6171399
6310,TMEM60,0.6676893
6311,PARP9,0.63656664
6312,TEAD3,0.74438906
6313,C12orf45,0.7950574
6314,RNF214,0.70143765
6315,GALNT4,0.5671709
6316,NSMAF,0.71659696
6317,TICAM1,0.74900895
6318,MAP2K4,0.76496357
6319,SIN3A,0.7397656
6320,MTFP1,0.56418526
6321,ENKD1,0.6750865
6322,PPIL1,0.84318095
6323,TP53INP2,0.571982
6324,BCL2,0.7621593
6325,ZNF264,0.84010065
6326,SCAF8,0.6195559
6327,NUP107,0.69815683
6328,NGRN,0.54423016
6329,TCHP,0.81465846
6330,FAM104B,0.8037105
6331,ISOC1,0.77164894
6332,USP48,0.4206508
6333,ERMP1,0.8728897
6334,PCF11,0.52716714
6335,L3MBTL2,0.8555027
6336,TARBP2,0.79252946
6337,PLEKHA5,0.6899091
6338,MTR,0.71498257
6339,RNF19A,0.72734624
6340,PRDM5,0.5881481
6341,KLK10,0.5073644
6342,CHMP2B,0.50056076
6343,SLC25A44,0.7894135
6344,ZNF462,0.6921506
6345,FOXA1,0.6297517
6346,CEP350,0.48426333
6347,AMOTL2,0.64616764
6348,ZNF316,0.61885345
6349,IMMP1L,0.7866021
6350,RNF14,0.68704903
6351,BCL11A,0.8288755
6352,RAMP3,0.7247245
6353,UBE2N,0.6306418
6354,CLDN15,0.45710173
6355,PTPRB,0.6007243
6356,ZNF524,0.74472004
6357,KYAT3,0.5812799
6358,SLC25A16,0.5440849
6359,CFAP410,0.61894614
6360,ANLN,0.6655962
6361,MPND,0.74008834
6362,CHEK2,0.80022275
6363,ENO2,0.62110716
6364,FOCAD,0.8326567
6365,MX2,0.5814156
6366,GLE1,0.79787093
6367,NME6,0.76946205
6368,SSC5D,0.8827611
6369,CCL24,0.4474519
6370,INPP5D,0.71340925
6371,CDCA7L,0.7821283
6372,TCAF1,0.5035511
6373,TSC2,0.6515129
6374,SRPRB,0.42165092
6375,SLC15A3,0.69637924
6376,SHC2,0.7738965
6377,GLRX,0.4339296
6378,LARS2,0.8270048
6379,NAA15,0.7119719
6380,FAM171A1,0.80359757
6381,SIPA1L1,0.5621563
6382,SMARCD1,0.6165392
6383,SLC39A10,0.7926977
6384,NUP210,0.8242183
6385,GLIPR1,0.7234703
6386,COA6,0.7355381
6387,ENDOD1,0.48992068
6388,TGFBRAP1,0.776707
6389,COA5,0.6211584
6390,YTHDF3,0.4393158
6391,HLCS,0.835223
6392,CHIC2,0.55908096
6393,IFFO1,0.826068
6394,GRB7,0.7382365
6395,AARSD1,0.71299106
6396,IPO8,0.69645274
6397,SORBS2,0.7106452
6398,PPP1R3B,0.62603456
6399,FBXO44,0.6741448
6400,IER5L,0.4790177
6401,PI3,0.4803357
6402,EHBP1,0.75826246
6403,ZNF124,0.72765785
6404,HPGD,0.51540196
6405,TMEM106C,0.70591104
6406,GRIN2D,0.62364954
6407,FBXL6,0.56964684
6408,CNNM2,0.62119085
6409,HS2ST1,0.681771
6410,ABCD4,0.5890018
6411,EOGT,0.713651
6412,ZC3H7A,0.58024603
6413,DHRS11,0.67033064
6414,PDS5B,0.76544607
6415,RRS1,0.87441367
6416,RBM22,0.75532925
6417,CLRN3,0.8588361
6418,JRK,0.54863983
6419,TLE1,0.5355437
6420,PHACTR4,0.60603076
6421,AMZ2,0.63716465
6422,CISD1,0.75668013
6423,SCLT1,0.71675444
6424,RPP25L,0.86542493
6425,CCDC22,0.8180279
6426,SLC35A2,0.77049834
6427,STK16,0.7784279
6428,SPOP,0.71653855
6429,SAP130,0.78258073
6430,EMILIN2,0.8084054
6431,LRRK1,0.6167612
6432,SRGAP1,0.59701014
6433,RRNAD1,0.7276909
6434,GPSM3,0.68404245
6435,ANKRD50,0.6703245
6436,FCHO2,0.49048376
6437,LRRC40,0.784649
6438,YTHDC2,0.6464287
6439,TMEM222,0.67696965
6440,EME2,0.7833815
6441,TTC12,0.71635544
6442,TBC1D5,0.721759
6443,ZNF621,0.77779037
6444,P3H3,0.87310743
6445,ZBTB47,0.8407873
6446,TBC1D2,0.63493603
6447,ZNF552,0.7129043
6448,CENPP,0.8249532
6449,SP110,0.6800318
6450,VSIG10,0.8865701
6451,GCNT3,0.70655495
6452,ZNF189,0.64358026
6453,GAS8,0.75942236
6454,AGBL5,0.8534063
6455,SGMS2,0.7378146
6456,TSPAN2,0.81249654
6457,PRKAB2,0.7618291
6458,RHBDD1,0.683205
6459,SEC24B,0.45548722
6460,FHOD1,0.61301315
6461,FAM174A,0.6742061
6462,NAT14,0.7229992
6463,VIRMA,0.68325776
6464,TMED8,0.6349273
6465,MTREX,0.68454176
6466,ECD,0.82158244
6467,LRCH1,0.60537827
6468,S1PR3,0.78919333
6469,SEPTIN6,0.78752047
6470,PEX1,0.7220288
6471,SNAPC5,0.7409236
6472,SPTY2D1,0.6573941
6473,FCHSD2,0.7242101
6474,GNE,0.56849414
6475,SPRED2,0.7900414
6476,FAM118B,0.90314454
6477,TMTC4,0.74775493
6478,SKAP2,0.6203087
6479,ANKRD13B,0.7126926
6480,C3orf38,0.80652905
6481,PRAG1,0.7586222
6482,HMGXB4,0.7643481
6483,GTF3C4,0.88784546
6484,POLR3C,0.84148073
6485,ESAM,0.8426644
6486,IGFBP6,0.76037234
6487,SMARCAD1,0.7161558
6488,NUMBL,0.77405065
6489,PTTG1,0.7004486
6490,STK36,0.623343
6491,TATDN1,0.7381516
6492,S100PBP,0.74039227
6493,SIK2,0.42144606
6494,TTC19,0.78327936
6495,RPAP2,0.68027747
6496,PPTC7,0.59813315
6497,HSDL2,0.59949434
6498,LRP3,0.7319945
6499,TSHZ2,0.81251615
6500,VANGL1,0.7056669
6501,HINFP,0.7484481
6502,ANKRD49,0.73310465
6503,HMGCR,0.7221175
6504,DDX19B,0.8198333
6505,EGFR,0.48166233
6506,RIPK1,0.5783272
6507,UBXN11,0.63584566
6508,BTN3A1,0.5494687
6509,GXYLT2,0.75776184
6510,RABGEF1,0.5782696
6511,PMM2,0.7339583
6512,RASAL2,0.63156635
6513,RAD17,0.66825837
6514,PPP1R14C,0.63715136
6515,IFT52,0.7053799
6516,C11orf54,0.5627977
6517,STMN3,0.65044075
6518,TMEM223,0.6829508
6519,PDE6D,0.7169913
6520,VAPA,0.42671433
6521,IMMP2L,0.63656586
6522,SLA,0.7902943
6523,ZSWIM4,0.68385935
6524,PGAM5,0.82478374
6525,SENP5,0.7228266
6526,PLEK,0.6944767
6527,ZNF24,0.6727751
6528,NOXA1,0.7218839
6529,RCAN3,0.7868713
6530,ZNF581,0.8060743
6531,TSPAN17,0.7173075
6532,SERGEF,0.66649693
6533,PPP3CC,0.7924733
6534,ZBTB11,0.7230395
6535,ZFYVE9,0.5615134
6536,RNF113A,0.73771733
6537,RRAGB,0.6343122
6538,TP53BP1,0.8139821
6539,TCTN3,0.6014179
6540,RFC2,0.8245626
6541,PRR14L,0.71649456
6542,TENT4B,0.6835181
6543,C2orf72,0.7110125
6544,OGFRL1,0.6786162
6545,INPP5B,0.733906
6546,PDSS2,0.79296976
6547,TBC1D10A,0.6920096
6548,NFATC4,0.83102953
6549,C7orf26,0.7267483
6550,CPOX,0.7717112
6551,ITPKB,0.79337686
6552,B4GALT4,0.7478122
6553,RAPGEF5,0.5508518
6554,RTL10,0.8601748
6555,DENND3,0.6401616
6556,AP1S2,0.61803657
6557,KMT5C,0.88159835
6558,DPM2,0.7058764
6559,PRORP,0.6886291
6560,GNPAT,0.56186247
6561,AMT,0.7377289
6562,SPRYD4,0.86744124
6563,MIPEP,0.7956043
6564,NARS2,0.63244474
6565,MARCH8,0.6253048
6566,IFT80,0.6553617
6567,RRP9,0.8327414
6568,CCL28,0.6346993
6569,FBXO11,0.646318
6570,AKTIP,0.6986107
6571,GLCE,0.6229192
6572,CDC6,0.7606514
6573,DDI2,0.74748695
6574,FANCI,0.7023565
6575,FAM110C,0.77735484
6576,MPPE1,0.70055443
6577,PRKX,0.63749963
6578,ENDOG,0.7348242
6579,DARS2,0.80186075
6580,GLMP,0.5000717
6581,UBR7,0.713313
6582,MPI,0.76212066
6583,KRT23,0.57668734
6584,PIKFYVE,0.5989097
6585,ERGIC2,0.7283532
6586,C1QTNF6,0.8411744
6587,ARID2,0.657674
6588,CAAP1,0.8393501
6589,ZNF254,0.5890636
6590,UBA6,0.73926884
6591,UMPS,0.88690287
6592,TIMM22,0.65895075
6593,CCNB2,0.81818587
6594,ASB13,0.7439276
6595,NPC1,0.54309064
6596,CCDC186,0.5801708
6597,DIP2B,0.6399686
6598,PPT1,0.43681654
6599,ADAMTS12,0.8703151
6600,ADAM17,0.64693743
6601,NEXN,0.78552943
6602,LGALS8,0.52391297
6603,LY6G6D,0.50211585
6604,SLC20A2,0.6204613
6605,TMEM183A,0.4535767
6606,APEX2,0.85254294
6607,GALK2,0.74108297
6608,ICAM3,0.5574256
6609,NAA30,0.7685748
6610,C4orf19,0.8930356
6611,APOBEC3C,0.51734775
6612,YTHDF1,0.5900439
6613,LMBR1L,0.6027644
6614,ACP6,0.82757604
6615,ABCC4,0.5541719
6616,PARVG,0.8271403
6617,DIS3L2,0.80751187
6618,FAM20B,0.5921052
6619,ADARB1,0.8069048
6620,VARS2,0.70710135
6621,RPAP1,0.7665171
6622,FNDC1,0.79882336
6623,COA7,0.83637124
6624,MERTK,0.70380294
6625,CAPRIN2,0.5906411
6626,PACSIN3,0.59338635
6627,METTL22,0.76587105
6628,PIGQ,0.6793014
6629,RIPOR1,0.7157746
6630,ABT1,0.73388433
6631,AC118549.1,0.5949989
6632,ZNF12,0.766873
6633,SH2B3,0.8009674
6634,XPR1,0.67470205
6635,POP7,0.88499594
6636,USP42,0.71838367
6637,PBX3,0.85673267
6638,ITGA7,0.71843904
6639,RFWD3,0.8238287
6640,COMMD3,0.53819036
6641,CEP57,0.69972616
6642,ENOX2,0.7508969
6643,ZFYVE16,0.66101944
6644,MTMR3,0.62391526
6645,AKAP10,0.5813263
6646,HMBOX1,0.714456
6647,ANKRD27,0.8465211
6648,GLIPR2,0.7406513
6649,CRNKL1,0.7278322
6650,HIPK1,0.5011721
6651,ZNF335,0.7707152
6652,CINP,0.64121723
6653,MARVELD3,0.8548197
6654,TARS2,0.77972895
6655,ATXN7L1,0.5382818
6656,CUL9,0.6673937
6657,LAGE3,0.7215434
6658,MALT1,0.697014
6659,EGLN1,0.6309486
6660,MAD2L2,0.7856476
6661,AURKB,0.7549301
6662,PCGF1,0.69406193
6663,UNC13D,0.7156716
6664,GPX8,0.7325688
6665,PLEKHB1,0.62724215
6666,TET2,0.66351116
6667,CCDC59,0.82768756
6668,NFKBIB,0.74056107
6669,MMP19,0.6240554
6670,HAGHL,0.69887906
6671,TK2,0.75758046
6672,FOXM1,0.82048094
6673,MGMT,0.43444675
6674,COL8A1,0.8354021
6675,BTF3,0.61868
6676,RUNDC1,0.73812115
6677,RINT1,0.734496
6678,SLC4A7,0.7013907
6679,UTP18,0.76416117
6680,DNAJC14,0.78435534
6681,NCBP3,0.6132029
6682,NEO1,0.6488064
6683,ZNF629,0.7405821
6684,WDR27,0.6110007
6685,ZHX1,0.5288821
6686,WWC1,0.8414169
6687,ABCB8,0.68301195
6688,RCOR3,0.44824147
6689,A4GALT,0.9135314
6690,ID4,0.7739219
6691,EMC2,0.5342406
6692,RFTN1,0.84794146
6693,PPIH,0.7665449
6694,SLC7A8,0.6845334
6695,MAP3K21,0.8204278
6696,NNT,0.6936417
6697,SAPCD1,0.7838265
6698,NUBP1,0.68131334
6699,BRAP,0.7490021
6700,ANKRD40,0.6268164
6701,HNF1B,0.7088689
6702,SMUG1,0.73510724
6703,TMEM192,0.75154126
6704,TRNAU1AP,0.7112027
6705,SUSD1,0.8270182
6706,CLOCK,0.60715014
6707,CHEK1,0.7676771
6708,TTC13,0.7176879
6709,TERF2,0.5290546
6710,SRRD,0.6869394
6711,CXorf38,0.8555654
6712,GCA,0.7561956
6713,POLR1C,0.7623182
6714,FAM172A,0.721727
6715,PTPN4,0.76038855
6716,DDX52,0.80959547
6717,MANBA,0.55362386
6718,CXXC5,0.52647007
6719,PWWP2A,0.6557325
6720,CCDC32,0.5425567
6721,PARP3,0.71564776
6722,SAMD8,0.7517257
6723,GIT2,0.60760987
6724,IL17RC,0.7502349
6725,GTF2H4,0.74795586
6726,FBXL12,0.59367
6727,AHI1,0.6638159
6728,HNF4G,0.85914916
6729,FAM76B,0.7318888
6730,KCNAB2,0.591615
6731,MSRA,0.6351958
6732,KIF22,0.6688964
6733,LANCL1,0.5779571
6734,ERCC3,0.72074825
6735,FBF1,0.651558
6736,FAM98A,0.740891
6737,PDCL,0.7911506
6738,SMIM14,0.30756396
6739,HEG1,0.70934665
6740,ARHGAP11A,0.74908143
6741,PADI2,0.5098826
6742,EID2,0.58158255
6743,TLE3,0.4771781
6744,EFEMP1,0.625775
6745,ZSCAN25,0.7578446
6746,SLC35A3,0.7009459
6747,SFMBT1,0.81388676
6748,SLC43A1,0.65921366
6749,COQ2,0.75311327
6750,SLC25A12,0.68310875
6751,ZNF623,0.75609964
6752,BBS1,0.785667
6753,RAB2B,0.6809316
6754,MTHFD2,0.2557084
6755,PPME1,0.7757619
6756,AARS2,0.76678926
6757,MPP7,0.58448106
6758,UBALD1,0.622964
6759,PIGP,0.7614073
6760,DOCK8,0.8571229
6761,CEP131,0.7495975
6762,MORC3,0.54593194
6763,CNEP1R1,0.68154037
6764,PLA2G4B,0.6288651
6765,SCARF1,0.8090478
6766,KIFAP3,0.6603845
6767,ARHGAP39,0.6996823
6768,PIK3R4,0.72287524
6769,TRAPPC13,0.8315376
6770,RAB11FIP2,0.70330054
6771,TWISTNB,0.75789547
6772,RALGAPA1,0.5354144
6773,FANCF,0.8278275
6774,KIAA1109,0.506713
6775,INPP4A,0.7340981
6776,LY6G5B,0.59864867
6777,RFC3,0.7402905
6778,UBE2L3,0.57769907
6779,VPS13D,0.6407553
6780,SRD5A1,0.727017
6781,ERLIN1,0.71899647
6782,PRR7,0.79319805
6783,CHTF8,0.7645342
6784,MGA,0.580689
6785,COBLL1,0.76306707
6786,SIX5,0.74591094
6787,CYP27A1,0.6028752
6788,HEYL,0.8396845
6789,PHF14,0.6411104
6790,LRRC45,0.8061275
6791,BBS2,0.5825237
6792,PLSCR4,0.77038807
6793,ULK2,0.77459663
6794,GNG5,0.6098223
6795,COL17A1,0.6607083
6796,PIAS3,0.76676905
6797,WDR70,0.6892192
6798,ALDH1A3,0.8905489
6799,SMIM13,0.7290774
6800,SYNM,0.7508035
6801,PINX1,0.7137879
6802,CLEC2D,0.8441637
6803,MID1,0.8152253
6804,AEBP2,0.5744597
6805,CNOT6L,0.6755909
6806,SEMA4G,0.7106932
6807,CMC2,0.63081455
6808,RELB,0.5655011
6809,UBA5,0.5963922
6810,CDAN1,0.7421282
6811,POLR1E,0.73002404
6812,XRCC3,0.8093649
6813,CCDC43,0.838277
6814,JADE1,0.6084778
6815,NAB2,0.8448938
6816,ERI2,0.851708
6817,FADS2,0.5426174
6818,ITGA9,0.7065541
6819,GALNT7,0.6584117
6820,OARD1,0.84538186
6821,SLC25A22,0.72700554
6822,RANGRF,0.7676965
6823,SRRM1,0.52797914
6824,MAST4,0.7143747
6825,CEP89,0.7407559
6826,LCLAT1,0.7727233
6827,RPRD2,0.6401107
6828,RAPGEF2,0.7185782
6829,ELP4,0.7750267
6830,PTPRD,0.7164029
6831,MSMO1,0.5521338
6832,POLR3GL,0.67319924
6833,NSMCE3,0.70379156
6834,SPAST,0.81207573
6835,DNAJC30,0.7249578
6836,TATDN3,0.7824834
6837,ASMTL,0.59059197
6838,BABAM2,0.7405917
6839,USP20,0.67979926
6840,IKBIP,0.82085896
6841,BLOC1S3,0.8115713
6842,PTPRN2,0.63993275
6843,PTGER4,0.52997476
6844,ALKBH6,0.63682544
6845,MBD5,0.746765
6846,MARCH9,0.70220196
6847,TMEM64,0.4794197
6848,CHST12,0.85769427
6849,PLAGL2,0.6107654
6850,NT5DC1,0.6526852
6851,CNKSR3,0.71747446
6852,ZNF302,0.6912317
6853,SPRTN,0.6664376
6854,JADE2,0.6915832
6855,ZNF680,0.5432519
6856,DNAJC11,0.7481508
6857,ATG7,0.64016086
6858,VSIG4,0.73037523
6859,ARHGAP9,0.8176025
6860,SOCS5,0.56989604
6861,FAM83G,0.80415785
6862,HMGA2,0.63715476
6863,PAQR3,0.7614436
6864,AKAP12,0.8694663
6865,HEMK1,0.67986727
6866,CTPS2,0.72672564
6867,GLIS2,0.86591476
6868,MXD3,0.7327617
6869,SEMA3F,0.6368607
6870,MCPH1,0.746119
6871,ENOSF1,0.5236793
6872,RAP1GAP,0.65240425
6873,OTULIN,0.6697801
6874,KLHL2,0.7155654
6875,PHAX,0.7358259
6876,ATP6V1G1,0.5091305
6877,DUSP2,0.54614437
6878,NCKAP5L,0.83772093
6879,SYNJ2,0.6448043
6880,ZFAND2A,0.4755449
6881,VTA1,0.61248535
6882,TMUB1,0.6382046
6883,NAPG,0.6629491
6884,GTF2H5,0.66712534
6885,MNAT1,0.7783929
6886,FZD7,0.7304536
6887,MMD,0.6084654
6888,PAK1,0.6101933
6889,FAM110A,0.8555382
6890,XDH,0.7528283
6891,SDAD1,0.84840125
6892,GINS1,0.8600355
6893,PTCD1,0.8346019
6894,TRAM2,0.7030697
6895,CCNT2,0.6244267
6896,CNST,0.6345144
6897,UBN2,0.7059197
6898,EPB41,0.63526577
6899,ANKRD37,0.49407497
6900,NQO2,0.6282004
6901,UPRT,0.7845167
6902,C1GALT1C1,0.7944083
6903,QPCT,0.41707507
6904,BRCA1,0.8324183
6905,FHL3,0.89194816
6906,TBC1D24,0.7248186
6907,TMEM135,0.69374377
6908,CACNB3,0.6653144
6909,PCCB,0.72454345
6910,DENND11,0.57542217
6911,KDELR3,0.5393
6912,ZNF142,0.7474917
6913,CCDC125,0.66065735
6914,CDH3,0.57679397
6915,TCTN1,0.6264637
6916,LACTB2,0.6980069
6917,DYSF,0.8426381
6918,WDR60,0.63839453
6919,KLHL22,0.8337502
6920,TUBGCP5,0.78433025
6921,MIGA1,0.72154003
6922,CTBS,0.60782343
6923,DDB2,0.67441785
6924,ACAP1,0.7443117
6925,PDP1,0.53370225
6926,SLC10A7,0.65645695
6927,DPH3,0.65422577
6928,XYLT2,0.6659193
6929,GAB1,0.6410359
6930,IMPA1,0.6835087
6931,CMTM7,0.6902493
6932,CES3,0.72474486
6933,RMND1,0.84766567
6934,BAP1,0.5622348
6935,UVSSA,0.68163747
6936,PIGZ,0.6286078
6937,TBX2,0.8096775
6938,NBAS,0.5344897
6939,SLC25A46,0.50857776
6940,UBE2T,0.69784135
6941,ABHD4,0.5678063
6942,IQSEC2,0.71552044
6943,ZNF224,0.70795244
6944,C2orf69,0.69453746
6945,AGMAT,0.8696769
6946,BLOC1S5,0.81464404
6947,SLC22A23,0.5309748
6948,ZMYM4,0.5197934
6949,YIPF5,0.50906485
6950,GAS7,0.83624256
6951,ACADS,0.7304915
6952,WDR37,0.7183591
6953,SLC48A1,0.6584483
6954,ADGRG6,0.61231405
6955,IL1RN,0.5040015
6956,MKKS,0.7804032
6957,SCFD2,0.7540202
6958,SFSWAP,0.6740759
6959,ETAA1,0.72375333
6960,TRIM52,0.649724
6961,XRN1,0.5198229
6962,ME1,0.53140324
6963,PCSK5,0.5727846
6964,NCAPH,0.69111526
6965,RNASEH2B,0.7548331
6966,MAPK9,0.6903295
6967,SNRPE,0.60200685
6968,PNPLA4,0.79456323
6969,PCNX4,0.6798548
6970,WDR4,0.7783141
6971,PAPOLG,0.7327095
6972,GLT8D2,0.87787914
6973,SCO1,0.5470735
6974,RCBTB1,0.7461239
6975,MCM8,0.8794131
6976,WDSUB1,0.8237931
6977,FLNC,0.52638376
6978,GALM,0.7429949
6979,ADA2,0.855084
6980,UBE2W,0.6360355
6981,FGFR1OP,0.69448125
6982,EIF2B2,0.7160674
6983,RCL1,0.8432109
6984,MTMR6,0.61676633
6985,GNA12,0.6678839
6986,OLFML3,0.82374376
6987,SASH1,0.8572715
6988,FYCO1,0.68641603
6989,RAP1GDS1,0.68345374
6990,DUSP7,0.64152944
6991,PAIP1,0.7310888
6992,PRRG1,0.6373623
6993,ATG4D,0.796679
6994,NOD1,0.780954
6995,ABCB6,0.56737936
6996,CEP128,0.5462979
6997,MFAP2,0.69967705
6998,PHETA1,0.7383274
6999,OTUD3,0.65888405
7000,MICALL1,0.80836964
7001,RAB12,0.6473982
7002,LXN,0.4755132
7003,TRIM37,0.8266803
7004,ENPP4,0.7622996
7005,CRB3,0.7536489
7006,TET3,0.8307379
7007,DEPTOR,0.5370938
7008,EFNA3,0.5917958
7009,OSGIN2,0.7247659
7010,ARHGEF25,0.73534876
7011,MSH6,0.79163486
7012,HIST1H4I,0.37589282
7013,CERS5,0.5919481
7014,DCAF13,0.5758448
7015,SPAG1,0.63459265
7016,CLMP,0.8194869
7017,UFL1,0.7121028
7018,BCAS3,0.61492974
7019,LRP8,0.66622645
7020,COQ5,0.6801545
7021,SH2D4A,0.77306587
7022,SLC43A3,0.61958694
7023,NGLY1,0.6793645
7024,ATMIN,0.6228413
7025,FAM222B,0.7295355
7026,RAD54L,0.7253885
7027,PID1,0.5426836
7028,SBF2,0.6999162
7029,TUSC1,0.7275502
7030,GABPB2,0.6659942
7031,DHFR,0.658369
7032,LENG1,0.80416805
7033,PSMD12,0.5188581
7034,CHFR,0.53351825
7035,UNC119B,0.65104485
7036,NGDN,0.6922658
7037,COG6,0.5587178
7038,CAMK1D,0.6534852
7039,LDLRAD4,0.7519621
7040,THUMPD3,0.74817413
7041,RFT1,0.7443829
7042,PEAK1,0.47110292
7043,CLEC2B,0.7961424
7044,GINM1,0.594191
7045,FAM83B,0.8222992
7046,AHDC1,0.7452761
7047,ADCK2,0.72876924
7048,NR4A2,0.4852385
7049,ZNF747,0.6628338
7050,DCAKD,0.72449255
7051,ZDHHC13,0.80501413
7052,CDK5RAP1,0.68108076
7053,SPECC1L,0.45646268
7054,CPT2,0.6518062
7055,TRIM16,0.74986994
7056,RELT,0.5427
7057,HAUS2,0.69706947
7058,WWP1,0.6137067
7059,PIGU,0.71658194
7060,TDG,0.62024647
7061,CPQ,0.77171993
7062,SESTD1,0.55649793
7063,RNF8,0.7814625
7064,C1RL,0.5311755
7065,BTN3A3,0.6451854
7066,NEPRO,0.7597104
7067,EVI5L,0.7124091
7068,GSAP,0.57384074
7069,LPCAT2,0.6099515
7070,DPY19L4,0.69723797
7071,C2orf49,0.79977417
7072,TNRC6A,0.55923325
7073,TMEM167A,0.39172253
7074,PAFAH2,0.61961657
7075,NSDHL,0.87719524
7076,TLDC2,0.82037634
7077,AGO3,0.66897154
7078,KRR1,0.64649105
7079,COX7A1,0.73808986
7080,BLZF1,0.5023797
7081,ELMOD2,0.6209355
7082,MFSD9,0.81914
7083,GCDH,0.7809676
7084,SFT2D3,0.7676936
7085,NPNT,0.6149764
7086,FPR3,0.8163362
7087,TST,0.55500406
7088,APOL3,0.7849595
7089,MCEE,0.68753445
7090,EAF1,0.71431047
7091,TEPSIN,0.6095791
7092,PHF8,0.80417573
7093,ZNF362,0.76892674
7094,C3orf52,0.77088654
7095,ZNF280D,0.62303764
7096,GPRIN3,0.5945186
7097,TMEM65,0.64609814
7098,SAMD12,0.71518326
7099,CHCHD6,0.79583615
7100,JAM3,0.7835263
7101,RNF103,0.55610365
7102,KIF20B,0.7530754
7103,MPV17,0.34657454
7104,PLEKHM1,0.56844765
7105,SLC36A1,0.68499756
7106,GPHN,0.6464424
7107,CWF19L1,0.7414881
7108,IPPK,0.6485416
7109,PRKAG1,0.6757491
7110,KIAA1211,0.5004247
7111,MECOM,0.6546106
7112,SCLY,0.8817571
7113,DTD2,0.7685718
7114,HSD17B12,0.48982498
7115,DMD,0.6978783
7116,PDK2,0.6697159
7117,LAIR1,0.806437
7118,RGS14,0.6938125
7119,AJUBA,0.70041406
7120,BLVRA,0.53701675
7121,MBOAT1,0.8063956
7122,CGREF1,0.5921904
7123,IRF2BP1,0.69820994
7124,ZKSCAN8,0.640328
7125,QSER1,0.5001995
7126,RUFY1,0.56152743
7127,GDPD3,0.6074514
7128,IPO13,0.6865204
7129,BCAS4,0.5646188
7130,HSPA2,0.8244253
7131,ORAI3,0.6498414
7132,ASCC1,0.8082756
7133,LSG1,0.84323436
7134,PSMD5,0.6984744
7135,TEAD2,0.78793377
7136,WHAMM,0.5828289
7137,FAM192A,0.62337774
7138,FAM189B,0.69323784
7139,CERK,0.62718725
7140,MT1F,0.5037268
7141,DPP8,0.6166832
7142,NASP,0.66342217
7143,MTHFSD,0.66927165
7144,RIC1,0.6182892
7145,DUSP12,0.8114635
7146,HACL1,0.75344646
7147,UBTD2,0.6656104
7148,ZFYVE21,0.5810951
7149,PGAP2,0.7178669
7150,SHOC2,0.42112088
7151,STARD4,0.7986971
7152,SLC9A6,0.7527733
7153,RNF157,0.7277074
7154,CDCA4,0.68206733
7155,PLEKHG1,0.5405286
7156,FAAH2,0.79571885
7157,MEIS1,0.7647312
7158,TIMELESS,0.7429237
7159,DAPK1,0.6669558
7160,APBB3,0.72009665
7161,AFAP1L2,0.6580292
7162,LRRC61,0.7759213
7163,ABCF2,0.6194008
7164,KLHL9,0.6760321
7165,IRAK4,0.67582744
7166,MED11,0.68671006
7167,KIF18B,0.75154495
7168,KANSL2,0.68883514
7169,NUDT8,0.8278865
7170,SPATA2L,0.64019454
7171,TP53INP1,0.58055705
7172,FAM200B,0.60592145
7173,BAG2,0.61084026
7174,ZNF445,0.70349413
7175,C11orf71,0.67425394
7176,SUFU,0.7867066
7177,ZNF561,0.78176075
7178,HSD17B8,0.6396838
7179,NDC1,0.649776
7180,PUS7,0.80704445
7181,ADPRHL2,0.58955824
7182,ALKBH2,0.6140805
7183,MTIF2,0.81042784
7184,GRK5,0.6607403
7185,MTMR14,0.62958705
7186,METTL23,0.61502415
7187,ZNF318,0.7246108
7188,LRIG2,0.46875066
7189,IRF2BPL,0.82325613
7190,ZFP62,0.65755606
7191,ZNF426,0.65818167
7192,PKNOX1,0.7081801
7193,ICE2,0.6341783
7194,TMEM184A,0.71837455
7195,RILP,0.6222439
7196,TUBE1,0.56837803
7197,PTPRO,0.49939266
7198,NETO2,0.6065744
7199,PJA1,0.7293028
7200,TMEM69,0.8031421
7201,ITM2A,0.6294546
7202,ZC3H7B,0.6010686
7203,TOR1AIP1,0.704313
7204,AMMECR1,0.84833103
7205,CBL,0.6886535
7206,BMP2,0.47528404
7207,TTC39C,0.6821979
7208,PDE8A,0.50066215
7209,METTL21A,0.81516236
7210,SCRN1,0.28345457
7211,PSMG4,0.75702155
7212,SLC15A4,0.63359976
7213,CLEC16A,0.6061673
7214,PHKA2,0.73030335
7215,ZNF331,0.6811003
7216,EMC9,0.7164937
7217,EFL1,0.6964833
7218,TMLHE,0.7120264
7219,LATS2,0.8119812
7220,ZMAT3,0.49898058
7221,DPCD,0.75591713
7222,MEF2B,0.5324264
7223,ATP8B2,0.8497449
7224,SOS1,0.42507878
7225,SLIT3,0.74649954
7226,CYB5R4,0.4710447
7227,CDKN1C,0.7145539
7228,PDE7A,0.6654357
7229,DDX50,0.7107325
7230,BCOR,0.6841186
7231,BTBD9,0.68070424
7232,MINDY1,0.5547826
7233,FAM219A,0.7431049
7234,SLC27A1,0.6947294
7235,ERCC6,0.735198
7236,YAE1,0.6413137
7237,CRIPT,0.50070673
7238,ARMC7,0.696232
7239,MYEOV,0.6235827
7240,ITGA4,0.6711373
7241,CFAP20,0.72935915
7242,TIGAR,0.8086707
7243,MRE11,0.73572487
7244,DLL1,0.5039903
7245,PRKAG2,0.43886846
7246,SARS2,0.6874825
7247,PDCD2L,0.8395875
7248,LRP4,0.61693287
7249,USPL1,0.66800565
7250,MAML2,0.6681139
7251,RHOT1,0.589518
7252,RRP12,0.6874112
7253,ZNF346,0.68558776
7254,MCTP2,0.5455192
7255,LRMDA,0.802021
7256,PBLD,0.6567901
7257,PLEKHH1,0.79599184
7258,CRY1,0.6208735
7259,LACTB,0.6803394
7260,PSD3,0.53511417
7261,ANKS4B,0.8379755
7262,C10orf99,0.5884194
7263,C18orf32,0.4066295
7264,ZNF574,0.7940976
7265,INPP5K,0.5328855
7266,PMAIP1,0.6585464
7267,ARHGEF9,0.592739
7268,ARSB,0.70456177
7269,TMEM204,0.7181675
7270,H2AFY2,0.61059517
7271,SEPHS1,0.7644753
7272,SWI5,0.63301516
7273,PI4K2B,0.5799307
7274,OASL,0.6156672
7275,ASRGL1,0.6156654
7276,PDCD10,0.4374688
7277,TARSL2,0.73703593
7278,MRM2,0.7797857
7279,ZG16,0.32835937
7280,ALKBH4,0.7416104
7281,B3GALNT2,0.7419094
7282,PHF21A,0.7506793
7283,BUD13,0.6810933
7284,MAPK8,0.6386067
7285,LCP2,0.6554372
7286,CHAMP1,0.7557362
7287,ZNF267,0.6062393
7288,CDH24,0.66110855
7289,SLC25A43,0.7677595
7290,DHX32,0.5336874
7291,AASDHPPT,0.75947195
7292,B4GAT1,0.5972481
7293,EVI5,0.55894774
7294,B3GNT8,0.6853793
7295,MAP3K14,0.68301445
7296,MEGF8,0.61445415
7297,TTC8,0.71481806
7298,ACD,0.73233086
7299,MEX3C,0.77819663
7300,ADAP2,0.80015934
7301,DLST,0.5286651
7302,SAC3D1,0.7693906
7303,EPG5,0.7529808
7304,DYNC1LI1,0.63377804
7305,PTPMT1,0.67595094
7306,PMS2,0.8386258
7307,GFOD2,0.7411417
7308,EIF2S2,0.45042846
7309,CDC42EP2,0.42509884
7310,CAMK2G,0.7290257
7311,QRSL1,0.8512543
7312,EPS8L1,0.5801419
7313,ATAD2,0.6508058
7314,C5orf22,0.8036741
7315,PTGIS,0.76361006
7316,SARM1,0.7135202
7317,HERC6,0.53000134
7318,ZFP90,0.6759823
7319,STXBP1,0.5147306
7320,RIOK2,0.83532953
7321,SPHK1,0.7701279
7322,CPEB2,0.64553165
7323,UMAD1,0.5924839
7324,DPH1,0.70163786
7325,ANO10,0.55515367
7326,TENT2,0.52630836
7327,ADCY9,0.5339579
7328,CFL2,0.8184808
7329,BTN2A1,0.52403164
7330,WDR20,0.6290255
7331,LIPG,0.7429906
7332,EED,0.6109845
7333,ATAD2B,0.6615984
7334,CACNA1H,0.6182483
7335,TBC1D15,0.57562816
7336,STC1,0.5606259
7337,RIDA,0.78832823
7338,NFYA,0.7365163
7339,BCKDHA,0.6686453
7340,WBP4,0.5859698
7341,LPAR5,0.57079273
7342,NADK2,0.70409805
7343,GPR157,0.5975952
7344,LAMA2,0.8020591
7345,COG7,0.5731202
7346,CCDC137,0.75180835
7347,RBM27,0.6899668
7348,ATR,0.6499885
7349,GCH1,0.7033023
7350,PPP1R21,0.598579
7351,ALOX5AP,0.64034176
7352,PDK3,0.8806594
7353,ZNF785,0.6103929
7354,TCEAL1,0.6630731
7355,PHLPP2,0.5961538
7356,CSNK1G3,0.4754401
7357,NKAPD1,0.53986794
7358,DTX3,0.72303075
7359,RAD9A,0.559794
7360,DIPK1A,0.78156286
7361,TFEB,0.6060118
7362,BLOC1S4,0.74014765
7363,C5AR1,0.7441811
7364,SIKE1,0.5991286
7365,MAN1A2,0.48596102
7366,RICTOR,0.60909116
7367,INPP4B,0.64576066
7368,ERI1,0.6167571
7369,ITGB3,0.7091389
7370,DSN1,0.69789183
7371,KIF9,0.7379575
7372,TPPP3,0.561526
7373,BCAT1,0.81415564
7374,WDYHV1,0.75848305
7375,KAT8,0.66124994
7376,TRIM24,0.7547922
7377,ACAD8,0.6161167
7378,FBXO25,0.58837086
7379,ZNF414,0.80730325
7380,ESCO1,0.68645006
7381,CD40,0.73438936
7382,HIST1H2AC,0.5224406
7383,B3GNT5,0.66468865
7384,GTF2A2,0.4686493
7385,FOXRED1,0.8085075
7386,COL9A2,0.5837765
7387,NCDN,0.64037573
7388,MAP3K3,0.7139117
7389,FUOM,0.3417086
7390,STC2,0.6564642
7391,SCMH1,0.65386236
7392,CEP44,0.67683315
7393,SNX11,0.6438686
7394,NF1,0.42201704
7395,UBE3D,0.7347397
7396,U2AF1L4,0.7585893
7397,PITPNM2,0.61983186
7398,STRADB,0.6678721
7399,COMMD10,0.6984742
7400,ZBTB48,0.6281038
7401,MMGT1,0.8036694
7402,SMU1,0.5337316
7403,MRGPRF,0.7962734
7404,BAZ2B,0.4852589
7405,MDFIC,0.7823388
7406,EFHC1,0.6969854
7407,RFLNB,0.7253674
7408,TMEM209,0.7664584
7409,RAB28,0.6001587
7410,SLC23A2,0.7315918
7411,POLR3K,0.61801404
7412,SERPINB5,0.658344
7413,GUCY2C,0.5663887
7414,VCPKMT,0.6448426
7415,C17orf75,0.79532033
7416,ASH2L,0.6415776
7417,FBXW8,0.6951456
7418,CS,0.64012474
7419,AREL1,0.6733505
7420,USP31,0.7020547
7421,STS,0.57428545
7422,SEPSECS,0.7682937
7423,ITGB3BP,0.8072516
7424,METRN,0.56601155
7425,TAF2,0.62032855
7426,EPB41L3,0.7669727
7427,CHD8,0.55564433
7428,DCP1B,0.7078334
7429,ANK3,0.6237678
7430,ABCA5,0.55000055
7431,POLB,0.76876265
7432,ADAMTS9,0.6768107
7433,CWC22,0.8120988
7434,RIPK2,0.47194076
7435,NMT2,0.65368986
7436,TSPOAP1,0.60106003
7437,PLEKHG4,0.70705926
7438,UPF3B,0.8486296
7439,COQ10B,0.37828937
7440,LRRC75A,0.6355101
7441,SPSB2,0.6935603
7442,SAV1,0.6175315
7443,GRPEL2,0.6973719
7444,NSMCE2,0.53976315
7445,ANKRD54,0.7561871
7446,CCDC68,0.68173754
7447,KIFC3,0.66274583
7448,SIAH1,0.4394009
7449,FKBP15,0.6745474
7450,NAV2,0.7348808
7451,MIER3,0.6713129
7452,MANSC1,0.75314826
7453,DNAL4,0.7694835
7454,ACTR5,0.8169622
7455,PCK1,0.51020426
7456,CHST15,0.7712871
7457,IGF1,0.7482584
7458,KLHL6,0.80478036
7459,MGME1,0.7798036
7460,NUAK2,0.7823519
7461,COIL,0.73298216
7462,TSNARE1,0.6353334
7463,BAZ1A,0.26312983
7464,LRRC57,0.65627
7465,SDSL,0.6856987
7466,GTSE1,0.58796066
7467,GLB1L2,0.704961
7468,ZNF493,0.62022114
7469,CD3EAP,0.81579524
7470,TNFRSF10A,0.73482174
7471,NREP,0.5790978
7472,WDR48,0.6430498
7473,SLC30A5,0.5955129
7474,CHI3L1,0.58364373
7475,TAB1,0.6711382
7476,PROSER3,0.75877005
7477,TRANK1,0.6101694
7478,RNGTT,0.7794517
7479,C3orf70,0.7404267
7480,SMPDL3B,0.608106
7481,DDX60L,0.51308817
7482,CAMKMT,0.6828206
7483,SNIP1,0.7685842
7484,SAP25,0.557367
7485,ZYG11B,0.5852799
7486,ZMYM3,0.69897354
7487,PIP4P1,0.6455902
7488,VSIG2,0.4836581
7489,E2F5,0.7559103
7490,NAA25,0.61210966
7491,POU2AF1,0.8235292
7492,DOP1A,0.6867348
7493,POGLUT3,0.54241383
7494,DHRS12,0.7278426
7495,TMEM51,0.6995911
7496,HAT1,0.55081695
7497,C1orf109,0.82698196
7498,TMEM131,0.48821405
7499,KHK,0.7789413
7500,MAP3K8,0.57322645
7501,ZNF503,0.6413047
7502,ZNF580,0.5275106
7503,NDUFAF7,0.71103686
7504,POC1B,0.71710056
7505,MTERF2,0.72656614
7506,TMEM53,0.79337406
7507,LYRM1,0.6353801
7508,KPNA6,0.4799808
7509,SHPRH,0.55494416
7510,IL27RA,0.56175274
7511,C9orf64,0.6746742
7512,ATP11C,0.7555736
7513,CEP170,0.8391256
7514,IFT172,0.6891669
7515,DBF4,0.8767461
7516,TNFSF12,0.83374935
7517,IL10RA,0.75118697
7518,IL22RA1,0.8146628
7519,HMGCL,0.55684996
7520,RHOQ,0.58132595
7521,PRKAR2B,0.64727217
7522,PHF6,0.8331358
7523,ABHD18,0.7023584
7524,RAP2C,0.5816534
7525,PELI1,0.591584
7526,CUL2,0.7028422
7527,SYNC,0.7224654
7528,FOXRED2,0.56198853
7529,FAT4,0.79292834
7530,TM4SF5,0.6188925
7531,NFATC2,0.69179004
7532,UTP14A,0.6449541
7533,CPVL,0.4288372
7534,SHANK2,0.73992825
7535,CASP10,0.5778671
7536,CD52,0.68416536
7537,CLCN5,0.8292249
7538,PTPN9,0.616082
7539,SDC2,0.7183953
7540,AZI2,0.44334912
7541,ZNF268,0.6332466
7542,NFKBID,0.68202275
7543,PIK3R3,0.77227676
7544,FARS2,0.6377099
7545,DAGLB,0.6653288
7546,ZNF639,0.6491418
7547,PXK,0.7373007
7548,TPMT,0.4801135
7549,OTUD6B,0.664483
7550,CCNF,0.68298614
7551,DOCK11,0.6491787
7552,IFFO2,0.59902483
7553,EIF2B3,0.75832766
7554,SLC22A3,0.5509547
7555,CENPS,0.72174406
7556,IFT46,0.6156524
7557,GLA,0.72380036
7558,KLHL7,0.65738964
7559,ITGB6,0.7778815
7560,WDFY2,0.6820077
7561,GGCX,0.55165446
7562,LNPK,0.6857253
7563,HECTD4,0.6261452
7564,CD109,0.59984875
7565,NIPSNAP3A,0.7178568
7566,GEMIN4,0.79482085
7567,MAP3K10,0.6649582
7568,MTRES1,0.6687373
7569,TRMT61B,0.6500445
7570,RNF38,0.62432545
7571,RNF24,0.65436375
7572,MROH6,0.73502004
7573,TEX10,0.7183734
7574,AMMECR1L,0.6843087
7575,APC,0.6404376
7576,MMUT,0.55211204
7577,APMAP,0.25691396
7578,DMXL2,0.35627046
7579,FXR2,0.61291456
7580,MTFMT,0.6308599
7581,SEPTIN1,0.6811409
7582,EXOSC9,0.5574211
7583,NAV1,0.69144315
7584,FKTN,0.6599408
7585,ZFP41,0.49239162
7586,TOM1L2,0.5545912
7587,R3HCC1L,0.75121886
7588,NR4A3,0.6793084
7589,CDK5RAP2,0.61904544
7590,INVS,0.5719776
7591,CTTNBP2NL,0.4532678
7592,STN1,0.5568318
7593,CBLL1,0.67369854
7594,MFAP1,0.72864586
7595,GLRX2,0.63663095
7596,GCLM,0.511255
7597,ZNF550,0.56825656
7598,ZSCAN29,0.79259336
7599,SMC6,0.606497
7600,PPM1M,0.80612963
7601,ANKRD12,0.38590983
7602,CD58,0.5634512
7603,TOR1B,0.6924621
7604,IFT22,0.5779441
7605,FOXF1,0.67754346
7606,DNHD1,0.70410955
7607,UVRAG,0.7253343
7608,ABLIM2,0.73540694
7609,AKR1C3,0.59159225
7610,BOLA3,0.8098375
7611,BEX4,0.7495596
7612,CDK11B,0.7612755
7613,TOMM20,0.4058514
7614,PEX7,0.7659618
7615,FBXO38,0.61549395
7616,SPAG16,0.61303395
7617,SAMD9L,0.7119149
7618,RSBN1L,0.6001486
7619,CCDC120,0.7171845
7620,PYROXD1,0.7544436
7621,TBL1X,0.6861567
7622,DCP2,0.39970118
7623,LPAR2,0.64390725
7624,ITPRIP,0.7345854
7625,CD4,0.5962186
7626,PLXDC1,0.9106738
7627,ABCB1,0.6349627
7628,COG5,0.548637
7629,ACAD10,0.6232357
7630,ZNF436,0.7175434
7631,ANGPTL4,0.63457537
7632,IL15RA,0.721599
7633,RBBP9,0.686432
7634,TMEM175,0.6443163
7635,PLGRKT,0.6858627
7636,RIPK3,0.59688604
7637,ARMC9,0.8095836
7638,MMP7,0.5874718
7639,S100A2,0.4856792
7640,IMPACT,0.591257
7641,PPP1R8,0.56858283
7642,FEZ1,0.73850155
7643,ZBTB43,0.604392
7644,ZNF700,0.6218419
7645,TRIP13,0.78959596
7646,SMIM3,0.5411505
7647,CYTIP,0.65906084
7648,OBSCN,0.64124393
7649,CPT1B,0.56364894
7650,NPHP4,0.78024757
7651,PTER,0.8102994
7652,PGM2L1,0.5011266
7653,ZRANB1,0.5512591
7654,PLN,0.74400896
7655,YBEY,0.6625814
7656,CDC23,0.8048685
7657,SF3B4,0.48257038
7658,RECQL,0.5906591
7659,HIP1,0.73380464
7660,CRBN,0.6777324
7661,MARC2,0.66860425
7662,DOK1,0.6978591
7663,TRMT1L,0.6342575
7664,GAPVD1,0.4620572
7665,C15orf39,0.53392583
7666,FSD1L,0.64657384
7667,CCDC88C,0.49779347
7668,ZNF274,0.53177416
7669,DUSP4,0.62411386
7670,PHTF2,0.5946313
7671,RITA1,0.7462553
7672,NPRL2,0.61897004
7673,CTU2,0.7789584
7674,FRMD6,0.86637944
7675,FGGY,0.46383452
7676,STBD1,0.45901987
7677,LRWD1,0.70190895
7678,PPP1R3D,0.7214006
7679,CMTR2,0.67110986
7680,MUTYH,0.6327998
7681,SULT1A1,0.42216417
7682,MLYCD,0.75934327
7683,TFPI,0.71922195
7684,HIST1H2BB,0.5549417
7685,TEP1,0.5423719
7686,EXOC6B,0.69393146
7687,TMEM120B,0.69298065
7688,RECQL5,0.7409644
7689,CTCF,0.58942926
7690,CDK8,0.6546015
7691,HELZ,0.48489428
7692,RAP1GAP2,0.55592006
7693,RTL6,0.66816705
7694,ATP10D,0.884203
7695,SYDE2,0.726009
7696,ASPN,0.6988517
7697,HSD3B7,0.6589073
7698,MTX1,0.67343986
7699,CEACAM7,0.4734438
7700,SP140L,0.5310568
7701,CLYBL,0.5434659
7702,HIRIP3,0.67815095
7703,BORA,0.8634215
7704,KLHL20,0.70671797
7705,SAMD4A,0.7886844
7706,EGR3,0.5569874
7707,TRNT1,0.7205944
7708,DIPK2A,0.5451656
7709,AGER,0.7450896
7710,GJB3,0.58708674
7711,PARVB,0.5107714
7712,TSEN15,0.63735944
7713,SMURF1,0.3271475
7714,C9orf152,0.73265123
7715,RASAL1,0.63438624
7716,AQP3,0.45185298
7717,ZNF140,0.6892367
7718,SYDE1,0.8554784
7719,EFNA2,0.7893466
7720,BCL2L15,0.7959394
7721,NCF4,0.715862
7722,LRP5L,0.81170434
7723,ABI2,0.55476993
7724,POLK,0.6862592
7725,PPP1R13L,0.69005525
7726,SLC25A30,0.6717468
7727,KLF11,0.6845771
7728,CDCA5,0.70500135
7729,KIAA1549,0.70597804
7730,AHNAK2,0.7146192
7731,SMURF2,0.49434757
7732,PRKCE,0.70723313
7733,CPXM1,0.62813675
7734,PSRC1,0.64552313
7735,FAM241A,0.64660805
7736,SLC35D1,0.39315173
7737,PDE3B,0.7011725
7738,RNF111,0.6975746
7739,MOB1B,0.7493497
7740,OLFML2A,0.72037536
7741,GRB10,0.52941996
7742,HERC1,0.56401414
7743,C22orf39,0.7512911
7744,DSTYK,0.77204716
7745,NLRP1,0.7800445
7746,ZNF460,0.5482585
7747,C2CD2L,0.6291638
7748,MTMR10,0.5519133
7749,THBS3,0.7603575
7750,ZNF75D,0.73506755
7751,IPO11,0.7685736
7752,ITSN2,0.38952652
7753,CDK2,0.77846307
7754,GBP4,0.5862489
7755,PPARGC1A,0.62146705
7756,PIP4K2A,0.6817662
7757,ELOVL6,0.675252
7758,FMNL1,0.6227325
7759,CDA,0.7183885
7760,IL6R,0.7152385
7761,PNPLA8,0.62948275
7762,PDE3A,0.59512043
7763,ZBTB45,0.64890486
7764,INTS12,0.6833175
7765,NFATC1,0.7966443
7766,GSTCD,0.83407784
7767,IPO4,0.66615945
7768,KIAA0513,0.7682266
7769,NUDT2,0.710617
7770,TPCN2,0.70799315
7771,RFC5,0.74790275
7772,KCTD14,0.7161384
7773,SPAG5,0.6467848
7774,CCDC24,0.7307306
7775,IRGQ,0.48651892
7776,CDIP1,0.48723426
7777,CAB39L,0.59161943
7778,PBK,0.738022
7779,SESN3,0.37799534
7780,TRMT44,0.63164264
7781,SLC25A19,0.7470948
7782,RAD51AP1,0.67758006
7783,GPKOW,0.81900483
7784,HAUS8,0.7035815
7785,TMEM80,0.57161087
7786,ZNF134,0.7014285
7787,MINDY3,0.49391276
7788,CHRDL2,0.6634556
7789,ZNF516,0.7258766
7790,WDR24,0.54911554
7791,TLR2,0.63861996
7792,CHST14,0.6796707
7793,NKAP,0.792254
7794,MAP3K4,0.6728716
7795,SP2,0.61603564
7796,CEP120,0.6971378
7797,CDC37L1,0.66892844
7798,CAVIN2,0.7792888
7799,FYN,0.63316286
7800,HOXB4,0.55056924
7801,NFKBIL1,0.5823859
7802,GNB4,0.6280755
7803,LYSMD2,0.59475327
7804,ELMOD3,0.679974
7805,SKIV2L,0.47308782
7806,DCLRE1C,0.79479694
7807,ZBTB20,0.6299926
7808,RASA3,0.70376545
7809,NYNRIN,0.5802592
7810,RND3,0.3950376
7811,ELP3,0.6023659
7812,SVBP,0.69216937
7813,EDN1,0.52621496
7814,PLCXD1,0.5808754
7815,MOK,0.6563503
7816,ACTR8,0.6851088
7817,RCCD1,0.78839165
7818,ACACB,0.70094395
7819,KATNA1,0.7307486
7820,ZSWIM9,0.74187696
7821,MAPK12,0.59022015
7822,WDFY3,0.7147597
7823,EDRF1,0.68009895
7824,COMMD2,0.7585632
7825,SMPDL3A,0.5201325
7826,OSBPL5,0.5932184
7827,RWDD2B,0.6821475
7828,CARD16,0.53413975
7829,SHROOM2,0.7499986
7830,FBXO3,0.50065154
7831,PHETA2,0.6650327
7832,F13A1,0.7418302
7833,ARFIP1,0.5710992
7834,GHDC,0.55058974
7835,ZNF398,0.77602595
7836,ADA,0.54235905
7837,GNG11,0.86644614
7838,CLEC14A,0.77497804
7839,IGSF9,0.7864146
7840,AGR3,0.5695951
7841,TBC1D8,0.5064024
7842,ARMC10,0.53237665
7843,UTP11,0.53332865
7844,CHCHD4,0.70412207
7845,CYTH4,0.73441845
7846,DTNA,0.7156967
7847,PPARA,0.7657285
7848,BUB1,0.8182582
7849,IRS1,0.7292618
7850,RASSF6,0.7075277
7851,FAM3B,0.4385367
7852,UBXN7,0.71173966
7853,ARAP3,0.6930775
7854,C6orf226,0.51864064
7855,CISH,0.7797987
7856,UFSP2,0.5090015
7857,TLN2,0.52408177
7858,SMG6,0.5384326
7859,EEF1AKMT4,0.81542224
7860,UBTD1,0.7287912
7861,REXO4,0.5891507
7862,STYXL1,0.504725
7863,DDR2,0.74969596
7864,PANX1,0.6024736
7865,VWA5A,0.5118061
7866,ISCA2,0.5929856
7867,OVOL2,0.72583616
7868,TTC22,0.6244078
7869,PDCD7,0.6609961
7870,UTP25,0.7896094
7871,BNC2,0.7000184
7872,WFDC1,0.7019009
7873,N4BP2,0.738974
7874,ZNF143,0.6920095
7875,EIF2B4,0.65294
7876,THNSL2,0.670211
7877,R3HDM1,0.6873122
7878,C20orf96,0.72497207
7879,GPR137B,0.66374004
7880,L2HGDH,0.685685
7881,KIAA0556,0.7089823
7882,MYPOP,0.67570174
7883,TOP3A,0.69686735
7884,LRRC75B,0.61161214
7885,AGTPBP1,0.6572344
7886,LCORL,0.6324062
7887,ASB7,0.5736556
7888,SLCO2A1,0.7352916
7889,CTSO,0.4784704
7890,CMC4,0.6157584
7891,C12orf43,0.67704684
7892,ANKRD46,0.69557303
7893,ZBTB2,0.73315465
7894,RPUSD3,0.8243111
7895,CACFD1,0.62372875
7896,ZNF646,0.66288525
7897,BICD1,0.52318007
7898,CKAP2,0.7006145
7899,PRPF18,0.6516971
7900,ERBIN,-0.011006725
7901,NIBAN1,0.7201641
7902,NOS2,0.42433897
7903,PPT2,0.5997366
7904,TRAF1,0.69502085
7905,SLC66A1,0.64499134
7906,RBM12B,0.6322393
7907,ZBTB7C,0.514231
7908,FAM217B,0.6325432
7909,ABHD14A,0.570836
7910,DIXDC1,0.85892886
7911,PIGM,0.64877605
7912,CYP2R1,0.65348524
7913,DLL4,0.66456777
7914,TMEM164,0.6646218
7915,JARID2,0.5863061
7916,SPRYD7,0.7323022
7917,SPG7,0.27591556
7918,SLC8A1,0.541161
7919,MAGEH1,0.8608181
7920,BRD3OS,0.62794495
7921,FAM76A,0.6022053
7922,MTCL1,0.6359061
7923,SLC35E4,0.6478623
7924,AGT,0.40747353
7925,YIPF1,0.5865347
7926,C16orf70,0.61029977
7927,RSF1,0.370141
7928,PLA2R1,0.5453521
7929,BANP,0.59146965
7930,PIP4P2,0.70250285
7931,FAM221A,0.6919259
7932,TSPYL4,0.7396951
7933,RAPGEF6,0.699644
7934,ZNF212,0.67164606
7935,FOXO4,0.65206397
7936,NIPAL1,0.77597094
7937,GYG1,0.5434079
7938,PASK,0.6980645
7939,TTC7B,0.82529247
7940,KMT5A,0.5719262
7941,GNB5,0.6826405
7942,SECTM1,0.4442462
7943,KCTD2,0.62605923
7944,UHRF1BP1,0.83117896
7945,ZNF236,0.6814303
7946,C11orf80,0.7327665
7947,TASP1,0.49684677
7948,UNC119,0.5634271
7949,FAM89A,0.50059754
7950,TPBG,0.51933926
7951,MIOS,0.4535261
7952,YBX2,0.64491564
7953,FASTKD5,0.6870909
7954,BBS7,0.70549303
7955,CCDC106,0.7405687
7956,ANKMY2,0.55774385
7957,HOXA5,0.7302399
7958,LMTK2,0.59075403
7959,CCDC174,0.5422883
7960,DMAC2L,0.7254785
7961,PPM1D,0.55553746
7962,HOMER1,0.47866067
7963,FITM2,0.5889517
7964,BICDL1,0.70856667
7965,HAX1,0.6499315
7966,VMAC,0.52137333
7967,ZBP1,0.5156118
7968,MDC1,0.6150485
7969,ARHGEF35,0.7667283
7970,PRICKLE3,0.8277744
7971,PRPSAP2,0.7579804
7972,FUT11,0.5460057
7973,CCDC3,0.7625033
7974,KIF26B,0.81344193
7975,TTPAL,0.71475935
7976,TBC1D25,0.6129387
7977,TMCC3,0.6839448
7978,FGR,0.7754746
7979,ASF1A,0.7414861
7980,SETD1A,0.76590496
7981,MORN2,0.74224555
7982,ALG14,0.57323754
7983,DDX60,0.5161596
7984,ALKBH3,0.77856463
7985,FASTKD1,0.426563
7986,TSHZ1,0.6454059
7987,SOAT1,0.4887828
7988,PIK3AP1,0.5077787
7989,FAM135A,0.7057051
7990,ADAT1,0.6984081
7991,AP5S1,0.7563572
7992,FAM120C,0.60640126
7993,FAM83E,0.695006
7994,C2CD2,0.60084885
7995,TMX3,0.62568104
7996,AP4M1,0.76803654
7997,OPA3,0.74973047
7998,TTC33,0.59814894
7999,SULT2B1,0.6994999
8000,METTL7B,0.7132694
8001,RFLNA,0.704442
8002,RNF6,0.5174974
8003,IL11,0.46117765
8004,METTL1,0.81704605
8005,FLVCR1,0.73862237
8006,TMEM184C,0.7553995
8007,CCDC159,0.6737828
8008,TNFAIP8L1,0.7416344
8009,PDE4B,0.7307216
8010,MSANTD4,0.64629585
8011,RHOBTB1,0.5750732
8012,SLC25A15,0.838937
8013,IL11RA,0.5864095
8014,RUSC2,0.7006218
8015,ABRAXAS1,0.58252245
8016,DGKH,0.62582165
8017,MTF2,0.50532943
8018,NPAT,0.64027447
8019,LIN7B,0.52824277
8020,MYLIP,0.6281081
8021,KIF3A,0.6716934
8022,DUOX2,0.30760416
8023,ACYP1,0.6105234
8024,TUT4,0.5130531
8025,ZDHHC23,0.8287193
8026,DUSP8,0.5242602
8027,QPCTL,0.6734596
8028,DPT,0.6440221
8029,SLC9A8,0.6231128
8030,TMEM37,0.5573453
8031,RPAP3,0.7377445
8032,MFNG,0.8231387
8033,TDP1,0.786044
8034,COL5A3,0.73409986
8035,WDR25,0.5531711
8036,KIAA0753,0.5784009
8037,FANCC,0.77902716
8038,CIT,0.62080306
8039,MIS18BP1,0.5732974
8040,ENTPD8,0.45725065
8041,DHDDS,0.4397421
8042,FBXO41,0.6738056
8043,ZNF101,0.64909
8044,AC008397.1,0.65019995
8045,CSRNP1,0.5656038
8046,PLK2,0.47776932
8047,SLC19A2,0.6154817
8048,KCNK5,0.8075982
8049,SLC12A8,0.5132619
8050,PPARGC1B,0.6048445
8051,TSPAN12,0.5213466
8052,RAB29,0.6677126
8053,VRK1,0.7185405
8054,ETV5,0.5772663
8055,LIN52,0.5329675
8056,MYEF2,0.56525254
8057,PXMP4,0.62652224
8058,TMEM138,0.46588963
8059,SPIN3,0.6545145
8060,BCL9,0.7609058
8061,MLH3,0.4433487
8062,NLGN2,0.76970845
8063,RAB8B,0.514941
8064,SRD5A3,0.68656904
8065,APPBP2,0.43073893
8066,ENDOV,0.64588296
8067,FCHO1,0.64641416
8068,IRAK3,0.63007843
8069,KCNMB1,0.6873986
8070,SLC9A1,0.45798078
8071,ADAM12,0.56458384
8072,MYO5A,0.8169324
8073,DENND4A,0.41399714
8074,REL,0.3535013
8075,ARHGAP44,0.49521393
8076,ORC3,0.738269
8077,EXOG,0.75540257
8078,SP5,0.6112823
8079,MUL1,0.5752887
8080,HSH2D,0.3733727
8081,GET1,0.5111342
8082,PROM2,0.51527566
8083,RAD54L2,0.7196583
8084,HOPX,0.7266726
8085,TMCO6,0.7526898
8086,ZBTB40,0.657306
8087,IL18BP,0.66596997
8088,TRAPPC11,0.6566455
8089,MFSD5,0.62529075
8090,TMEM201,0.7376234
8091,SAAL1,0.6961748
8092,SOBP,0.66616714
8093,RGS19,0.7925765
8094,AZIN2,0.56275046
8095,FLT3LG,0.8124884
8096,RB1CC1,0.32572192
8097,PPP2R5B,0.536977
8098,LZTFL1,0.73728836
8099,TMC8,0.5780217
8100,RTKN2,0.6909862
8101,INPP5E,0.70052546
8102,EDC3,0.6543437
8103,TRIT1,0.7818598
8104,NRF1,0.59831697
8105,FRMD4B,0.5837583
8106,TM7SF2,0.6734269
8107,INPP5F,0.4802248
8108,TMEM19,0.5526084
8109,LATS1,0.6680226
8110,NUDT1,0.79332244
8111,MTG2,0.6128518
8112,RIPK4,0.65913975
8113,SPATA5L1,0.7252671
8114,CCDC28A,0.5800662
8115,DENND1B,0.62140805
8116,KIF16B,0.5270686
8117,CXorf56,0.74630535
8118,PANK1,0.7179375
8119,NAA35,0.69382226
8120,CAMSAP2,0.38713306
8121,PUSL1,0.6512799
8122,DPH5,0.65981853
8123,C6orf136,0.69169575
8124,ZNF830,0.56194985
8125,E2F3,0.5834127
8126,CABLES2,0.72459894
8127,ST7,0.6364201
8128,COPZ2,0.78303635
8129,POLD3,0.66998786
8130,SMPD3,0.74541557
8131,ASB6,0.7109369
8132,COX18,0.77605903
8133,ITFG2,0.5963004
8134,GPSM1,0.71575123
8135,SHH,0.5544059
8136,ST3GAL1,0.51929784
8137,EIF5A2,0.614724
8138,SPICE1,0.62735176
8139,NUP37,0.7087458
8140,CIAPIN1,0.5689127
8141,UBE2D4,0.53166157
8142,ALDOC,0.7313318
8143,ASAP3,0.5632883
8144,SNX7,0.49957904
8145,LARGE1,0.65928274
8146,NXPE4,0.34251133
8147,PDZRN3,0.6930328
8148,ARL5B,0.51103985
8149,VPS18,0.5723638
8150,TIMM21,0.5751591
8151,CLUAP1,0.65495646
8152,CHRAC1,0.6176459
8153,UCHL1,0.72171205
8154,FHDC1,0.65689456
8155,TIGD5,0.59055346
8156,EXOC2,0.61771613
8157,RCSD1,0.8274435
8158,SH3D21,0.49405947
8159,PPOX,0.7072037
8160,ERCC2,0.6128173
8161,SIRT1,0.5694783
8162,C18orf25,0.63599414
8163,IFI44L,0.5761902
8164,TUBG2,0.7036797
8165,ABHD15,0.6430039
8166,IDO1,0.27151778
8167,TCF19,0.677494
8168,FAIM,0.639321
8169,NRM,0.5413102
8170,BMPR1A,0.644564
8171,BORCS5,0.6754994
8172,TUBB2A,0.67851406
8173,LRRC8B,0.74490273
8174,C1GALT1,0.5188565
8175,LMF1,0.6164407
8176,BEND3,0.80547863
8177,LPXN,0.7079433
8178,GINS2,0.74582785
8179,SGCE,0.7175557
8180,SLC27A5,0.7053105
8181,MYH10,0.7369785
8182,ZNF8,0.6803989
8183,RAB34,0.777423
8184,GSTZ1,0.7443138
8185,ZNF766,0.77791035
8186,SHF,0.64720374
8187,ZNF777,0.72844285
8188,LCAT,0.66885465
8189,MED27,0.63904476
8190,OCRL,0.53119963
8191,DOCK2,0.865944
8192,ZNF862,0.699751
8193,CCDC102A,0.7883555
8194,MRM1,0.76402134
8195,HERC3,0.42335102
8196,RABEPK,0.62545073
8197,NEIL1,0.46035972
8198,GEN1,0.66587067
8199,PIGK,0.7142857
8200,RFXAP,0.7274622
8201,ALMS1,0.5967922
8202,SLC49A4,0.439945
8203,DOLK,0.57641757
8204,REC8,0.55154884
8205,RNMT,0.5693372
8206,ADAM33,0.79689693
8207,TBC1D3B,0.42612413
8208,THBS4,0.6518449
8209,SLC41A1,0.5261584
8210,DOCK7,0.5736484
8211,RBMXL1,0.5721465
8212,SHLD1,0.7166545
8213,PPP1R9A,0.7057997
8214,GSTM3,0.60664463
8215,L3HYPDH,0.6487527
8216,CIP2A,0.75297564
8217,RAD51C,0.6116012
8218,SUGP1,0.5931284
8219,GFM2,0.5432383
8220,RALGPS2,0.5855932
8221,CXCL9,0.43523458
8222,LRG1,0.7024382
8223,FANCG,0.653904
8224,RNF25,0.6455074
8225,ACVR2A,0.49022555
8226,PITX2,0.61282307
8227,CDKN2AIP,0.8089661
8228,CWF19L2,0.609196
8229,SYTL4,0.60530597
8230,BCL7A,0.75063497
8231,TRIM23,0.7637544
8232,TADA2A,0.7094226
8233,BACE1,0.65485436
8234,VPS37A,0.47953367
8235,KLHL18,0.56353015
8236,ZMYM5,0.6996371
8237,IBA57,0.6614539
8238,PLA2G15,0.63327587
8239,KLC2,0.6552352
8240,CDHR2,0.5106712
8241,NRSN2,0.6420433
8242,C6orf47,0.5520696
8243,LRFN3,0.40146253
8244,CCNG2,0.46427938
8245,MSRB3,0.78460234
8246,CENPV,0.7315734
8247,TNFRSF10D,0.6848071
8248,HLX,0.7864019
8249,TRIP11,0.5344931
8250,CXCL5,0.4027238
8251,KIAA0040,0.49782234
8252,GMEB2,0.6758958
8253,APAF1,0.50503594
8254,MYL5,0.5295426
8255,C19orf54,0.7041499
8256,ERMARD,0.6464693
8257,TBC1D9,0.7802968
8258,UEVLD,0.61548287
8259,LY75,0.42148468
8260,SHROOM4,0.5743533
8261,NUF2,0.73930234
8262,PAXIP1,0.7737786
8263,DALRD3,0.5567852
8264,TBCE,0.76811075
8265,STIL,0.6930701
8266,SCD5,0.540649
8267,HAND2,0.71219236
8268,MYORG,0.72872597
8269,AAMDC,0.5390514
8270,DYRK1B,0.640135
8271,ADGRL1,0.61364275
8272,C2CD4A,0.597506
8273,XPA,0.56600136
8274,PLD1,0.46410707
8275,TBC1D13,0.47468445
8276,CAPN8,0.54811007
8277,MARC1,0.45231733
8278,TRMT12,0.6304119
8279,CAMK1,0.7392026
8280,KITLG,0.69472355
8281,ALG9,0.63327736
8282,EXD2,0.6734609
8283,EPM2AIP1,0.523837
8284,NMRK1,0.4351389
8285,LPAR6,0.58753383
8286,CEP104,0.7263865
8287,DHTKD1,0.6507053
8288,P2RY11,0.64709586
8289,TRMT6,0.6852617
8290,SNTA1,0.6096439
8291,MAGOHB,0.54398394
8292,DIS3L,0.44978613
8293,HLTF,0.69074243
8294,KIFC1,0.6261211
8295,PIK3C3,0.5192253
8296,CPLX1,0.55117786
8297,GDPGP1,0.6110612
8298,GDA,0.5821644
8299,CERT1,0.51726425
8300,PDF,0.6243495
8301,BORCS7,0.4984658
8302,TMEM104,0.58383876
8303,AGA,0.5450976
8304,DLGAP5,0.67982656
8305,NECTIN3,0.49799043
8306,DTWD1,0.6209179
8307,ZBTB16,0.5820006
8308,F2RL1,0.6496496
8309,ABLIM3,0.7997585
8310,ARL15,0.4382844
8311,ZFYVE19,0.5447045
8312,ADCY7,0.64368
8313,TMEM144,0.6352624
8314,PAAF1,0.51570827
8315,IKZF5,0.63673484
8316,HPS3,0.69992626
8317,BDKRB2,0.39242354
8318,GJC1,0.7579831
8319,ZBED3,0.54953456
8320,CENPC,0.447988
8321,TBC1D12,0.35010782
8322,ACHE,0.61552054
8323,PNMA1,0.5085901
8324,DNAJC24,0.55349267
8325,SLC2A10,0.5303401
8326,MAP3K12,0.6796641
8327,ZNF576,0.63291675
8328,CENPJ,0.66185105
8329,SLC35A5,0.5493074
8330,ZNF432,0.53110445
8331,TRIM66,0.63930947
8332,ZBTB1,0.32818136
8333,HDAC8,0.6562557
8334,CEP152,0.643549
8335,ZFYVE26,0.6693878
8336,MYO1A,0.7191611
8337,ZNF618,0.5708694
8338,TNFSF9,0.45879006
8339,DCAF17,0.7199672
8340,C9orf72,0.6128219
8341,DCBLD2,0.31243306
8342,ARHGEF3,0.66379327
8343,TTC23,0.44593218
8344,ZNF322,0.63002026
8345,PHF13,0.4931974
8346,ZDHHC1,0.5623258
8347,CIPC,0.5707236
8348,TRIP4,0.53494865
8349,FAM210A,0.62987953
8350,CRABP2,0.31810212
8351,TNPO3,0.49248025
8352,RRP15,0.5933015
8353,KCTD15,0.58030856
8354,CLCN2,0.7355133
8355,TTI2,0.57345927
8356,FUNDC1,0.7395698
8357,IL33,0.44883725
8358,ZNF385A,0.6048999
8359,TPST1,0.7415895
8360,PIK3CD,0.8032263
8361,PIGN,0.58800966
8362,DBNDD1,0.66601557
8363,HOXB2,0.6605225
8364,NSL1,0.41042614
8365,URB2,0.7140862
8366,NHLRC2,0.6724612
8367,DNAJC22,0.76881015
8368,C1orf131,0.58957255
8369,APOBEC3F,0.6297292
8370,MYNN,0.6161658
8371,TMEM216,0.7885501
8372,AURKA,0.8596557
8373,ADGRL2,0.65008354
8374,MBIP,0.45090693
8375,SUCO,0.5333205
8376,TGS1,0.58727884
8377,RNF186,0.6623799
8378,MTRF1L,0.66958606
8379,KIF2C,0.6421977
8380,CALCRL,0.6344829
8381,RFX3,0.6180192
8382,AMOT,0.72006744
8383,KIZ,0.46554676
8384,ANKRD13C,0.49371168
8385,CUTC,0.6764799
8386,AP1S3,0.5014203
8387,ZNHIT2,0.741779
8388,BPGM,0.57081205
8389,FOXQ1,0.5642073
8390,PRELP,0.62145936
8391,FRZB,0.71243197
8392,C21orf91,0.5879937
8393,SLC45A3,0.5380204
8394,TCN2,0.47642994
8395,DUSP14,0.68639666
8396,NOSTRIN,0.6433368
8397,PRMT3,0.5860515
8398,CRYZ,0.49178264
8399,CCSAP,0.59876645
8400,HAAO,0.5057818
8401,FRS2,0.57713234
8402,BORCS6,0.6317367
8403,CARNMT1,0.58259964
8404,PLCE1,0.6478076
8405,SLC38A6,0.7688993
8406,NEMP1,0.6802211
8407,BATF2,0.6227225
8408,ADCY4,0.7020152
8409,COLEC12,0.69210726
8410,PPIL3,0.58459675
8411,SLC35A1,0.64865106
8412,NCF2,0.3840817
8413,SNN,0.72277385
8414,RNF215,0.6550556
8415,PTPRH,0.7944449
8416,PLA2G6,0.64887893
8417,ZNF641,0.66972035
8418,RPP30,0.6323524
8419,PPM1K,0.55380356
8420,TCP11L1,0.4268627
8421,SFMBT2,0.63249487
8422,OSMR,0.641663
8423,CRYBG3,0.6217447
8424,FAM133B,0.47446394
8425,GLT8D1,0.41673878
8426,DMKN,0.45922858
8427,MRM3,0.59061384
8428,FGD5,0.7106867
8429,FRK,0.55731803
8430,MPZL3,0.5204865
8431,SPEG,0.6252726
8432,PHLDB3,0.68445
8433,PLXNA2,0.43393227
8434,COPS4,0.56582457
8435,ETV7,0.65923595
8436,PRKD3,0.49374717
8437,MBD4,0.5889576
8438,SASH3,0.71813077
8439,DAGLA,0.7520099
8440,MKS1,0.45328656
8441,DOCK4,0.7275923
8442,ANKRD16,0.7003361
8443,FMNL3,0.7606196
8444,CDCA3,0.6885993
8445,CLCN6,0.63077575
8446,RUBCN,0.54633456
8447,PTGR2,0.57474715
8448,INAFM2,0.6418894
8449,PRUNE1,0.59386665
8450,MOSPD1,0.5871476
8451,HEATR3,0.5451904
8452,CASKIN2,0.6185965
8453,ANO8,0.4448781
8454,C12orf73,0.8384061
8455,CSNK1G1,0.58899593
8456,TBX3,0.5320522
8457,GFPT2,0.7773043
8458,PPCDC,0.555321
8459,ZNF668,0.5675988
8460,DHX58,0.49639946
8461,CD200,0.56614995
8462,RASGRP2,0.77844125
8463,FAM131A,0.6899435
8464,TRIM39,0.63545924
8465,EXTL3,0.68895465
8466,DDA1,0.5083795
8467,CCNO,0.7146632
8468,ZNF226,0.57141155
8469,UBOX5,0.6005293
8470,APBB1IP,0.78860265
8471,RGS12,0.6434917
8472,TMEM268,0.61808586
8473,PRICKLE2,0.60823727
8474,NHLRC3,0.49102893
8475,TCEA2,0.8120466
8476,NR1D1,0.44492334
8477,OLFM1,0.5750764
8478,DDX58,0.3905242
8479,EXPH5,0.57830435
8480,B9D1,0.614275
8481,OGN,0.7343916
8482,LYRM2,0.6855176
8483,FES,0.5866462
8484,RNF144A,0.6833931
8485,MOB3C,0.7090661
8486,TMEM238L,0.77889985
8487,ZBTB6,0.5789738
8488,DACT1,0.6346877
8489,LYPD8,0.37320876
8490,ZNF589,0.6060949
8491,RBM41,0.7514551
8492,ALAS1,0.40857753
8493,NAGPA,0.6116144
8494,RGL1,0.6077137
8495,GFOD1,0.71640927
8496,ZNF672,0.65143996
8497,AOC3,0.5814683
8498,MAP3K1,0.5601296
8499,ZBED6CL,0.68305784
8500,ZXDB,0.65197706
8501,ACVR2B,0.72345704
8502,ABHD3,0.39226466
8503,FCSK,0.5282477
8504,CCL4,0.5643881
8505,BACH1,0.23472963
8506,FAHD2B,0.6343171
8507,EXOSC1,0.69184625
8508,RUNX3,0.6180029
8509,MAK16,0.65795195
8510,GPN3,0.6294767
8511,B3GALT4,0.4865869
8512,CX3CL1,0.6449699
8513,ZNF708,0.6912097
8514,ZNF548,0.7562953
8515,CENPK,0.66649455
8516,NTAN1,0.40760207
8517,KIF12,0.7736036
8518,SERPINB8,0.4825267
8519,TTC21B,0.6733618
8520,PALD1,0.6435116
8521,TFB2M,0.5848779
8522,STX1A,0.6144754
8523,KRT80,0.5249828
8524,ANKRD42,0.605066
8525,TFB1M,0.68824846
8526,PIBF1,0.56426525
8527,C19orf47,0.70213705
8528,EFCAB13,0.6006708
8529,CRYBG2,0.61571723
8530,CPM,0.61283034
8531,PLA2G4F,0.63140583
8532,NBEAL1,0.57055783
8533,LBHD1,0.74094707
8534,INTS9,0.6712322
8535,MEAK7,0.5779298
8536,KHDRBS3,0.52656907
8537,TRMT5,0.5996652
8538,MDN1,0.7235398
8539,METTL27,0.52970725
8540,AQP9,0.46136492
8541,C1orf210,0.7541117
8542,MFAP3,0.62564343
8543,SNAPIN,0.31855202
8544,BICRAL,0.37784305
8545,MARCH3,0.75636005
8546,ABO,0.61551255
8547,MOSPD2,0.5712658
8548,DOHH,0.6756703
8549,CEPT1,0.42745304
8550,TRMT10B,0.5426907
8551,CTPS1,0.46465996
8552,REPS2,0.72965163
8553,PET117,0.5453495
8554,ZNF180,0.64578974
8555,LRRC20,0.6465391
8556,NTN4,0.3579463
8557,SLC41A3,0.6390471
8558,TRIM32,0.68183285
8559,CCDC183,0.5311731
8560,TANGO6,0.68462545
8561,PAQR7,0.5834187
8562,ITPR1,0.7009039
8563,GLMN,0.5544892
8564,CADPS2,0.5472573
8565,AGO4,0.59202063
8566,XYLT1,0.5318506
8567,STK3,0.44821462
8568,ZNF689,0.57117456
8569,RNF144B,0.66538996
8570,HSPB8,0.5853511
8571,TOMM40L,0.66232157
8572,FIG4,0.4838894
8573,PIGX,0.6077488
8574,KLK6,0.31926537
8575,ZNF213,0.6795053
8576,SLF2,0.5703301
8577,ZKSCAN5,0.63687974
8578,NUDT16L1,0.56071025
8579,CHM,0.5894274
8580,ECI2,0.41540703
8581,UBE2V2,0.4135049
8582,TRPV2,0.8105322
8583,TMEM231,0.5765212
8584,SMYD3,0.5718866
8585,EMSY,0.5810645
8586,TMEM74B,0.5045362
8587,SOWAHA,0.6964585
8588,NLRX1,0.5794292
8589,ZNF397,0.6854301
8590,RPGR,0.61468184
8591,SLC12A6,0.5488722
8592,ZNF514,0.6415542
8593,NPIPB15,0.562571
8594,GON7,0.64278
8595,CBX8,0.6991714
8596,TLCD1,0.76237434
8597,TOR2A,0.6787118
8598,MOSPD3,0.5657197
8599,TWNK,0.7557898
8600,GADD45G,0.46340773
8601,DUSP28,0.68226826
8602,SLC52A3,0.77009255
8603,DNAJC25,0.53193456
8604,ZNF75A,0.6847224
8605,NR2C2AP,0.75800496
8606,ZC3H12C,0.52281916
8607,FAM122A,0.59139264
8608,USF3,0.4978543
8609,TMEM186,0.731607
8610,TBC1D23,0.56586367
8611,ATPAF2,0.6503873
8612,FOSL1,0.48513618
8613,CCDC117,0.5225379
8614,ITGBL1,0.44880953
8615,ZNF92,0.75185174
8616,DNASE1,0.5271348
8617,ZDHHC17,0.5428958
8618,SLC6A9,0.36075813
8619,FMO5,0.71804345
8620,RBP1,0.3792672
8621,CA13,0.57711464
8622,RPP25,0.6784115
8623,BRPF1,0.69259745
8624,CEP78,0.7773776
8625,ERCC8,0.78562135
8626,BCL2L12,0.61159104
8627,GGT6,0.76239264
8628,PER3,0.56127745
8629,ZNF343,0.5629969
8630,TIMM23,0.49670577
8631,TMEM42,0.6809273
8632,EPS15L1,0.43978715
8633,AC093323.1,0.4866976
8634,C15orf61,0.7218932
8635,SETMAR,0.7461386
8636,RASGEF1B,0.48527408
8637,FBXL20,0.47664276
8638,EXOC3L4,0.5003326
8639,CRYZL1,0.37453836
8640,SLC9A3,0.36936
8641,CCN4,0.7323753
8642,WARS2,0.511088
8643,CLK4,0.3641598
8644,KIF21A,0.8074723
8645,TMEM119,0.514576
8646,WHRN,0.5148121
8647,SLC46A3,0.21780618
8648,SLFN11,0.6001715
8649,ZC3H12D,0.63736266
8650,PGM5,0.7593382
8651,MAIP1,0.68458575
8652,ZNF84,0.6844322
8653,TMEM106A,0.7102193
8654,PRR3,0.59606254
8655,TMEM150A,0.67079383
8656,VAV1,0.49198276
8657,TBXAS1,0.45825672
8658,SLC2A4,0.6396082
8659,SLCO4A1,0.60455656
8660,SHPK,0.55326074
8661,MAPRE3,0.4204362
8662,CCNT1,0.6546906
8663,CTSF,0.7887419
8664,JRKL,0.64266235
8665,DUSP10,0.49374172
8666,LMTK3,0.5600465
8667,INO80C,0.3649287
8668,ZCCHC9,0.63565826
8669,CSGALNACT1,0.77003515
8670,YOD1,0.60685295
8671,DISC1,0.75682163
8672,CEP85,0.75890154
8673,MOCOS,0.6346226
8674,FFAR4,0.603648
8675,PIAS2,0.5083282
8676,FAM49A,0.7893539
8677,UBXN10,0.5782395
8678,KIF1BP,0.63829356
8679,KIF23,0.64845896
8680,NUS1,0.28183517
8681,MIS12,0.58700997
8682,MOAP1,0.57121915
8683,PSMC1,0.27792925
8684,ING3,0.6105462
8685,RTL8A,0.35095972
8686,ZMYM6,0.49985117
8687,PACRGL,0.72120273
8688,FAM160B1,0.5177654
8689,TAF1D,0.1510129
8690,UBE2Q2,0.42469445
8691,CDC45,0.6448464
8692,ZNF337,0.46325913
8693,ZNF200,0.67703277
8694,C12orf65,0.656931
8695,C5orf51,0.4651166
8696,NR3C1,0.7055335
8697,SDR16C5,0.5300739
8698,REV3L,0.67420584
8699,CXorf40A,0.7154849
8700,KYNU,0.45782605
8701,ZSCAN32,0.6832102
8702,MUSTN1,0.54677176
8703,GBP5,0.4790142
8704,TSEN2,0.5870324
8705,ACVR1,0.54857534
8706,SNRNP48,0.6407165
8707,KAT6B,0.49372795
8708,RNF208,0.6294035
8709,VASN,0.85652536
8710,TRMT10C,0.49070266
8711,PPM1H,0.70849884
8712,SETBP1,0.81025505
8713,BRF2,0.7811618
8714,FNTB,0.75726783
8715,DBR1,0.5680183
8716,BTN2A2,0.59403706
8717,RIF1,0.41375247
8718,BAHCC1,0.46728736
8719,ZNF26,0.65859395
8720,MNX1,0.8055957
8721,NIF3L1,0.7371435
8722,PIAS1,0.49406266
8723,TIPIN,0.65667784
8724,PPIP5K1,0.82507664
8725,ZNF738,0.6923973
8726,AC073111.4,0.65938985
8727,ASB8,0.49835357
8728,TEF,0.643144
8729,TMEM242,0.52433175
8730,MVB12B,0.67029375
8731,PHLPP1,0.6874885
8732,CAPN3,0.5221616
8733,CLEC7A,0.5797291
8734,CCNE1,0.625391
8735,B3GNT2,0.32511944
8736,ZNF141,0.25889876
8737,CPT1A,0.49472588
8738,CREB3L4,0.68367624
8739,ZNF513,0.5685242
8740,IGFLR1,0.68506145
8741,ZNF235,0.69180715
8742,TMEM218,0.5933304
8743,HENMT1,0.6352695
8744,SLC24A3,0.71460974
8745,NR2F1,0.6620127
8746,SLC25A40,0.62362474
8747,RBL1,0.67415315
8748,MME,0.3753669
8749,JKAMP,0.4911081
8750,KLHDC8B,0.7986029
8751,NDOR1,0.644406
8752,CDS1,0.6997499
8753,RORA,0.47059774
8754,AK4,0.5983895
8755,FGFR2,0.45320898
8756,FGD6,0.6853469
8757,PRKACB,0.5052133
8758,NDC80,0.75807136
8759,KATNB1,0.7901403
8760,TSC1,0.4346111
8761,PIGW,0.49779454
8762,TICRR,0.6485181
8763,DGKE,0.73051554
8764,VIPAS39,0.597222
8765,NUAK1,0.7169878
8766,PRRG4,0.7939355
8767,ZNF473,0.6661636
8768,HIVEP2,0.49983758
8769,ZC4H2,0.59019655
8770,PTGS2,0.15232703
8771,SMARCAL1,0.6347452
8772,LONRF1,0.36628073
8773,ZNF554,0.54218405
8774,TULP3,0.70656526
8775,CAMSAP1,0.46495596
8776,C4orf33,0.56595975
8777,NCAPG,0.49739796
8778,FGFR3,0.6186438
8779,NAA16,0.6052919
8780,GALC,0.47445434
8781,STXBP4,0.56888026
8782,ZSCAN9,0.59895664
8783,SMCR8,0.4386904
8784,APLNR,0.6556943
8785,PLCG2,0.5836698
8786,DNAJC16,0.5745819
8787,KRBOX4,0.58449477
8788,MDP1,0.44306135
8789,FAR2,0.6878556
8790,ZNF275,0.60975707
8791,SCRN3,0.69385254
8792,WRN,0.650054
8793,TRPM7,0.40498468
8794,FANCL,0.6123328
8795,EEFSEC,0.74038047
8796,ARID3B,0.5256897
8797,TMEM45A,0.7327109
8798,SYNE1,0.6163263
8799,NIPA1,0.5924333
8800,SKA3,0.7302875
8801,SPOCK2,0.61293876
8802,RMI2,0.6033754
8803,ACCS,0.5939797
8804,KDF1,0.8010153
8805,CDK19,0.6610161
8806,SEC31B,0.5884
8807,TRIM59,0.71155316
8808,PNPLA7,0.50191134
8809,LTB4R,0.61832845
8810,NEU3,0.5663083
8811,RSPH3,0.5525409
8812,PPP1R16B,0.7267539
8813,CYP2J2,0.4779126
8814,HCST,0.70295376
8815,ZNF117,0.54626167
8816,CENPE,0.8274201
8817,MTO1,0.5579788
8818,DBP,0.4805676
8819,ATRIP,0.72551715
8820,TGDS,0.63108075
8821,RAB40B,0.5168515
8822,FYB1,0.5754113
8823,CDKN2C,0.6348896
8824,CREBRF,0.6523505
8825,C1orf159,0.5090114
8826,DHX29,0.50610757
8827,ZBTB9,0.6961502
8828,NGEF,0.7010363
8829,PIR,0.61926925
8830,VGLL3,0.7534925
8831,TSTD2,0.661343
8832,SULT1B1,0.5330824
8833,RRM2B,0.6099778
8834,ST7L,0.6314942
8835,HAUS6,0.5730378
8836,CALHM2,0.67627555
8837,GNG10,0.26957306
8838,MST1,0.5595299
8839,FGD3,0.65666395
8840,ZNF799,0.65146303
8841,PDE5A,0.6440366
8842,KIAA0586,0.6128493
8843,WDR92,0.76554966
8844,SNX25,0.5323242
8845,HMMR,0.58867294
8846,JAK2,0.45078507
8847,C7orf25,0.48333365
8848,HSDL1,0.45997646
8849,ANKRD36,0.5492512
8850,CCNH,0.5657457
8851,KIN,0.64750814
8852,GORAB,0.4922575
8853,SMIM27,0.4290329
8854,ASB3,0.6067261
8855,ERO1B,0.535227
8856,KIAA1958,0.7612581
8857,TYW5,0.615068
8858,MTMR1,0.62158203
8859,MED26,0.6938185
8860,E2F1,0.7710463
8861,TUBGCP4,0.7773476
8862,SECISBP2L,0.4762468
8863,BRIP1,0.65060526
8864,C17orf80,0.6369154
8865,MED20,0.7723952
8866,IFT88,0.5565466
8867,HSPB2,0.85386354
8868,RGL3,0.31720456
8869,CDCA8,0.79965913
8870,CYFIP2,0.66829747
8871,BMF,0.5913391
8872,YJEFN3,0.4864036
8873,CEP135,0.5504405
8874,CASD1,0.48493806
8875,MTF1,0.44419023
8876,TLCD2,0.6896769
8877,PTBP2,0.661976
8878,HSF2,0.5570742
8879,KCTD9,0.2937403
8880,ZBTB21,0.43290353
8881,ANKRD44,0.83654296
8882,POU2F1,0.6382163
8883,FLYWCH2,0.35405296
8884,RAD51,0.67731524
8885,FCF1,0.45341793
8886,AGL,0.44401664
8887,MAPRE2,0.41284817
8888,XPNPEP3,0.73331654
8889,FAM117B,0.65030164
8890,INSIG2,0.5028746
8891,SLC2A11,0.54542434
8892,IFIT5,0.60680217
8893,SHQ1,0.5735983
8894,RHOBTB2,0.53853565
8895,NDN,0.7109295
8896,BLNK,0.5863307
8897,METTL8,0.740985
8898,DHODH,0.5409052
8899,LSM11,0.6036045
8900,CPXM2,0.72003275
8901,SEMA4A,0.58408433
8902,ATP10A,0.7915106
8903,MARS,0.31611958
8904,NUP133,0.46440792
8905,CNIH4,0.4256163
8906,KIRREL1,0.4052084
8907,MEX3A,0.6705311
8908,IRAK2,0.514804
8909,WRAP53,0.6176785
8910,RAD51D,0.5511554
8911,MANEA,0.35758853
8912,PPP1R3E,0.6063656
8913,SLC6A20,0.49979186
8914,ALPK1,0.6250921
8915,ZNF185,0.5395277
8916,NCKAP1L,0.5292338
8917,CMPK2,0.49060875
8918,PDXP,0.4224935
8919,TREM1,0.44454578
8920,SNUPN,0.61917144
8921,TBC1D22B,0.6630958
8922,TBC1D10C,0.6946281
8923,BTRC,0.64924175
8924,ZC3HC1,0.4849755
8925,ZNF33B,0.7238445
8926,STK17A,0.5066134
8927,DPYD,0.65794533
8928,ABHD5,0.4858703
8929,PDK4,0.40412804
8930,PXYLP1,0.6725998
8931,TSPAN33,0.55227625
8932,CLIP4,0.7183159
8933,KCNS3,0.56036985
8934,ALDH1L1,0.54919565
8935,DHX33,0.59547025
8936,EDNRA,0.7197222
8937,NAF1,0.5995415
8938,MTRR,0.5368316
8939,CCDC66,0.60177594
8940,MYO1F,0.5102051
8941,NMB,0.36270866
8942,SLC17A5,0.38221315
8943,SLC2A13,0.6454138
8944,AFAP1L1,0.7537976
8945,VAMP1,0.8007568
8946,TTLL4,0.7056247
8947,CFAP36,0.6408466
8948,KAT2B,0.5534759
8949,RASL12,0.68533534
8950,CGNL1,0.780548
8951,PUS7L,0.6297842
8952,CCSER1,0.6987334
8953,FZD6,0.66838133
8954,ARHGAP25,0.5156489
8955,XXYLT1,0.7341305
8956,CDKN3,0.53556126
8957,PTPRU,0.55427027
8958,TLR4,0.40385285
8959,GABPB1,0.44262794
8960,SLC22A5,0.6724787
8961,ROBO4,0.71770537
8962,MON1A,0.55805266
8963,FBXW9,0.7498423
8964,PTPRS,0.7723115
8965,XYLB,0.5366363
8966,LRRC26,0.4716608
8967,SLC22A17,0.69010293
8968,ZNF696,0.50896645
8969,GPANK1,0.5437194
8970,TRNP1,0.597891
8971,ZWILCH,0.60805017
8972,NDUFA4,0.18288496
8973,SINHCAF,0.6628634
8974,THADA,0.37772414
8975,WNT11,0.4307757
8976,LMO3,0.7148016
8977,JAZF1,0.7075115
8978,MSLN,0.34508684
8979,TEFM,0.6477379
8980,BICC1,0.6514884
8981,FPGT,0.59411865
8982,ANKRD40CL,0.6414083
8983,PRR5,0.5604393
8984,ATP7B,0.4878532
8985,KAZN,0.64888304
8986,LMO2,0.6658369
8987,RTN2,0.536155
8988,ZNF839,0.6796755
8989,SEC16B,0.59605044
8990,PECR,0.65906507
8991,ZNF367,0.74651575
8992,LANCL2,0.6464981
8993,EPHA10,0.5316423
8994,SLC22A15,0.5906884
8995,SLC22A18AS,0.6884745
8996,TMEM246,0.5640159
8997,KNSTRN,0.5915805
8998,GDAP2,0.51246184
8999,RGMA,0.7233301
9000,FADS1,0.36866072
9001,SRPX,0.732884
9002,SVEP1,0.70303535
9003,SNX18,0.5492933
9004,KTI12,0.65994227
9005,MPHOSPH9,0.5771228
9006,LPAR1,0.57813686
9007,NAPB,0.6471435
9008,TMEM254,0.67268384
9009,PRIMPOL,0.63472205
9010,IL16,0.6558052
9011,CABLES1,0.61677176
9012,LRRC27,0.56809276
9013,FIBIN,0.7008791
9014,SOCS7,0.5112866
9015,APOOL,0.70078516
9016,KALRN,0.5522381
9017,OXSM,0.47438103
9018,L3MBTL1,0.6128771
9019,TOPORS,0.53648216
9020,RETREG1,0.5886983
9021,ZBTB22,0.45992473
9022,FBXO4,0.7428705
9023,BBIP1,0.61340517
9024,AKAP6,0.64422905
9025,TRAPPC8,0.31834596
9026,TESMIN,0.80388314
9027,POP1,0.66317093
9028,PRKCA,0.55888474
9029,SLC19A1,0.6294919
9030,STAM,0.5548481
9031,TTC27,0.59811246
9032,NR6A1,0.70907223
9033,OPN3,0.50237066
9034,WTIP,0.855097
9035,ZNF184,0.5481101
9036,SLC35B4,0.62442744
9037,ITIH5,0.5159118
9038,FCGR2B,0.7747875
9039,JSRP1,0.3231835
9040,AHCTF1,0.41977906
9041,MYO1G,0.6250172
9042,PLPP6,0.6610718
9043,OMA1,0.4026888
9044,MAPKBP1,0.6717278
9045,NUP35,0.6208474
9046,CSKMT,0.41542605
9047,RBBP5,0.7040841
9048,DHRS1,0.46654496
9049,ZSWIM1,0.7353805
9050,CPED1,0.57206196
9051,ARFGEF3,0.6143373
9052,RBMS1,0.6669384
9053,ZNF133,0.6802301
9054,SOX18,0.7816512
9055,ALKBH1,0.62734157
9056,CCZ1,0.50817245
9057,KIF21B,0.6484566
9058,ABHD6,0.55770254
9059,RNF207,0.582024
9060,KLHL8,0.60473305
9061,ATAT1,0.4980095
9062,FAM174B,0.7287796
9063,CNPY4,0.63935095
9064,FERMT3,0.4680329
9065,LMBRD2,0.5994459
9066,ZNF852,0.7413582
9067,SBSPON,0.5979602
9068,CSF2RB,0.8160823
9069,PTGES,0.49567196
9070,CLDN23,0.6713201
9071,COX10,0.5680414
9072,CD302,0.44369006
9073,SAMSN1,0.51850665
9074,FASTKD3,0.6299022
9075,GPC6,0.73024404
9076,EXOC6,0.39292043
9077,RHBDL2,0.76373065
9078,BEND7,0.6778715
9079,RETNLB,0.3865476
9080,OBI1,0.58262163
9081,SMAD1,0.7017837
9082,SPART,0.73437315
9083,RAB30,0.72876245
9084,ZNF44,0.53248256
9085,KLHL25,0.71068954
9086,NEDD1,0.67678976
9087,DDX11,0.59386647
9088,QTRT2,0.48039368
9089,DXO,0.638838
9090,MEGF9,0.5386622
9091,CENPA,0.68421906
9092,ARSE,0.50016046
9093,C20orf27,0.606479
9094,BPHL,0.39503065
9095,PARPBP,0.63638914
9096,THSD4,0.5251719
9097,CYTH3,0.649823
9098,PTPN7,0.5477137
9099,CXCL11,0.3686958
9100,RXYLT1,0.7227925
9101,SYNE4,0.61979586
9102,AKR1E2,0.6541559
9103,SAYSD1,0.5807751
9104,VCAM1,0.66700107
9105,APBB1,0.7700325
9106,INTS13,0.7441731
9107,OSBPL1A,0.3786741
9108,SLC31A2,0.49686012
9109,RDH5,0.67513037
9110,KIAA2026,0.37504953
9111,LACC1,0.47069734
9112,PHKA1,0.5747367
9113,CGAS,0.40311638
9114,SIRT3,0.5940875
9115,CDKN2D,0.4782034
9116,ZNF423,0.7620654
9117,SDHAF4,0.574766
9118,SMAD9,0.6608883
9119,CEP55,0.62654066
9120,BOLA1,0.4141919
9121,CHUK,0.44593716
9122,CTNS,0.5017871
9123,RASL11A,0.5688214
9124,ING2,0.7274504
9125,MTM1,0.5041663
9126,TNFAIP8,0.48440632
9127,NDUFAF6,0.75646776
9128,IGIP,0.45193002
9129,TYW3,0.58373785
9130,ZBTB24,0.7115365
9131,TMEM251,0.39143673
9132,STARD9,0.69762766
9133,NDUFAF4,0.481894
9134,ZBTB41,0.5301403
9135,GLI3,0.61350685
9136,KIAA1755,0.7719064
9137,SOWAHC,0.5321491
9138,SGF29,0.62256634
9139,TGFA,0.47370812
9140,LIG4,0.3242018
9141,SENP1,0.74927473
9142,HOXA3,0.69833565
9143,ZMAT5,0.6042444
9144,PDGFC,0.7533201
9145,RLF,0.6640915
9146,ALDH4A1,0.572627
9147,HELB,0.49442786
9148,ANKS3,0.6571308
9149,PEX11A,0.72197694
9150,TOE1,0.6111676
9151,CEP72,0.58208627
9152,DNAH1,0.42637357
9153,DHRS7B,0.6220064
9154,C2CD3,0.49832502
9155,TCAIM,0.5666658
9156,TUSC3,0.6966416
9157,CNTNAP1,0.7797759
9158,DHRS9,0.5029
9159,CDK17,0.6054222
9160,SPIRE1,0.5540905
9161,LNX1,0.74528825
9162,MITF,0.74208105
9163,TRIM35,0.537386
9164,SELPLG,0.77464896
9165,PANK2,0.61559314
9166,RAD52,0.68868166
9167,ALG6,0.5119792
9168,C14orf93,0.63838005
9169,CD209,0.7147226
9170,DDX10,0.5395917
9171,ITPKA,0.6780292
9172,L3MBTL3,0.52123237
9173,FANCE,0.65037876
9174,MED1,0.4244724
9175,ZNF281,0.41617686
9176,PLCB1,0.65578216
9177,HCN3,0.5372694
9178,ITGB7,0.66065824
9179,FAM149B1,0.57136905
9180,ZBTB5,0.5632491
9181,MAP4K2,0.5305138
9182,TSPAN7,0.5647872
9183,ZFP1,0.73245066
9184,NANP,0.5461665
9185,ARHGAP10,0.59358585
9186,RAD54B,0.74647313
9187,EPHA1,0.78493756
9188,C12orf66,0.56420076
9189,EFCAB2,0.57367915
9190,PDK1,0.28310436
9191,SLC49A3,0.7765252
9192,GAL3ST4,0.61550456
9193,TMEM255B,0.6171321
9194,GEMIN6,0.53717035
9195,GPX7,0.6578975
9196,INTS5,0.53209275
9197,ABCD1,0.56007296
9198,CYB561D1,0.53861773
9199,FXYD1,0.65922886
9200,DFFB,0.61826533
9201,POC1A,0.7173077
9202,C16orf95,0.5287019
9203,AAK1,0.61527026
9204,CFAP44,0.46557894
9205,METAP1D,0.6267828
9206,MYCBP,0.4787257
9207,ZHX3,0.71715033
9208,ETV1,0.47122604
9209,PTGES3L,0.5902371
9210,CLCF1,0.5823628
9211,KNOP1,0.6123399
9212,EYA3,0.4931879
9213,LDAH,0.56162995
9214,ZSCAN30,0.69387573
9215,TAGAP,0.5653346
9216,PAQR5,0.5583756
9217,HIC2,0.5849356
9218,FANCD2,0.6284197
9219,SUPV3L1,0.6215588
9220,RSAD2,0.5149451
9221,PALM,0.7190937
9222,HEATR6,0.61914885
9223,TMCC1,0.69691557
9224,TMTC3,0.4594738
9225,RASSF5,0.6647662
9226,ALDH6A1,0.3865015
9227,ADGRE2,0.6079407
9228,WDR44,0.74486554
9229,B4GALNT4,0.3166244
9230,TMEM177,0.6617575
9231,LINS1,0.46831053
9232,TOR1AIP2,0.30475166
9233,AGAP2,0.6157766
9234,TADA1,0.63652897
9235,PRDM15,0.6212975
9236,ZNF780A,0.60643786
9237,NVL,0.6479325
9238,ADAMTS14,0.39120024
9239,CASP9,0.51331556
9240,C12orf29,0.6371837
9241,OLR1,0.55782497
9242,TAF6L,0.63880175
9243,DNAJB4,0.6154338
9244,BMP7,0.2898813
9245,MUC3A,0.3373494
9246,BAK1,0.24799947
9247,ZFYVE1,0.6276372
9248,BTD,0.47110385
9249,TTI1,0.5441438
9250,CCL19,0.44874763
9251,RAPGEF3,0.48852712
9252,KLHL23,0.5078889
9253,KNTC1,0.6351005
9254,BMP8A,0.5016007
9255,SOCS4,0.5046725
9256,CNTLN,0.7074131
9257,RHOJ,0.7662263
9258,MAB21L2,0.70957744
9259,EPB41L5,0.63323975
9260,ZCCHC8,0.671412
9261,C1orf54,0.7736951
9262,ZSCAN2,0.604816
9263,NEURL4,0.5049089
9264,ZNF407,0.43788218
9265,TAF1B,0.61833084
9266,TRPS1,0.6892134
9267,GPATCH1,0.55279446
9268,CDYL2,0.82011616
9269,SLC26A11,0.53299636
9270,METTL16,0.6008975
9271,ZNF564,0.5154366
9272,KLHL29,0.57423174
9273,CAMKK1,0.64635366
9274,MOCS3,0.70660716
9275,ERMAP,0.49032474
9276,SLC41A2,0.3808978
9277,GIMAP4,0.6170139
9278,PRSS16,0.66404045
9279,RAPH1,0.28905532
9280,MCTP1,0.5795865
9281,MEIS2,0.6449849
9282,CCDC149,0.5759821
9283,ARHGAP22,0.616951
9284,SLC35E3,0.58539015
9285,C11orf74,0.6221348
9286,KIF2A,0.4641103
9287,LILRB2,0.5477782
9288,TTC5,0.55380803
9289,RNF2,0.5126235
9290,ZNF526,0.49862066
9291,MOXD1,0.5038014
9292,TTK,0.70002526
9293,ORC6,0.70031583
9294,NECTIN4,0.6373116
9295,FZD4,0.67078626
9296,ITLN1,0.41044044
9297,GMEB1,0.47004843
9298,ACKR3,0.41839212
9299,SBDS,0.38927445
9300,HECTD2,0.6142334
9301,RHBDL1,0.5461003
9302,SPC25,0.8405319
9303,BRAF,0.45538488
9304,KCNC4,0.32230645
9305,ACOX2,0.49227732
9306,USP45,0.47986558
9307,N4BP2L1,0.3705124
9308,CACNB2,0.7069582
9309,PRLR,0.6714887
9310,KCTD7,0.68052846
9311,SLC46A1,0.5194758
9312,RANBP6,0.5915984
9313,TCP11L2,0.568583
9314,ENPP2,0.58588356
9315,CSRNP2,0.61113256
9316,TMEM39A,0.46804473
9317,POLI,0.6494418
9318,EFNA4,0.45045033
9319,CASP3,0.16801234
9320,AC007906.2,0.45888236
9321,THAP3,0.61508167
9322,PLXNC1,0.4233984
9323,ZKSCAN3,0.57460546
9324,SNX10,0.61971897
9325,GATB,0.7109087
9326,ACSM3,0.6254309
9327,NIFK,0.4135209
9328,SNX20,0.6558853
9329,MDM1,0.6020332
9330,CTXN1,0.49265218
9331,PRKCH,0.539188
9332,MPP6,0.50012165
9333,SLX4IP,0.46517995
9334,FCMR,0.41501942
9335,USP28,0.5091216
9336,SDHAF3,0.56790787
9337,DEPDC5,0.486275
9338,TMC7,0.546215
9339,NSUN6,0.37051588
9340,MAN1C1,0.8446705
9341,GINS4,0.65599626
9342,AGPAT4,0.58276176
9343,CYP7B1,0.7158937
9344,ABL2,0.43456125
9345,GNB1L,0.7070758
9346,FAM126A,0.49676868
9347,ZNF606,0.4647922
9348,ZNF169,0.54484147
9349,C17orf53,0.5908952
9350,STYX,0.38296667
9351,PLA2G10,0.5332016
9352,INTS2,0.5935885
9353,COMMD8,0.7230314
9354,SWSAP1,0.64657706
9355,GPR180,0.49389586
9356,IFT140,0.54982907
9357,BCAR3,0.42638204
9358,PRPF40B,0.5792183
9359,SETD6,0.54175526
9360,PEX10,0.4465771
9361,MFSD8,0.4797604
9362,HPS5,0.43777418
9363,C18orf21,0.46752194
9364,SFRP1,0.50600606
9365,SYNE3,0.6780683
9366,ASPM,0.6565094
9367,GNG2,0.5732803
9368,NPL,0.6482417
9369,GCC1,0.6106204
9370,RIOX1,0.69489574
9371,SETDB2,0.48684683
9372,SH3RF3,0.73279506
9373,CADPS,0.5325189
9374,CEL,0.5956802
9375,RP9,0.61386883
9376,CCDC71,0.49302378
9377,CSPP1,0.4515028
9378,MED19,0.7292176
9379,SNAPC1,0.54908663
9380,PDIK1L,0.54803103
9381,ELOVL7,0.7643468
9382,SNORC,0.4032149
9383,KAT14,0.5056702
9384,BAMBI,0.5311426
9385,MN1,0.6701197
9386,NAA80,0.49591222
9387,CENPO,0.6795556
9388,KANK3,0.6234671
9389,DNAAF2,0.54759073
9390,ZNF296,0.860866
9391,TMEM200A,0.5936075
9392,FECH,0.5393017
9393,TIRAP,0.6085747
9394,CD36,0.5407292
9395,FAM111B,0.73748255
9396,METTL6,0.48205385
9397,ADAMTS13,0.5593354
9398,OSBPL11,0.58951837
9399,HSPBAP1,0.52420336
9400,MBNL3,0.49370092
9401,APOLD1,0.5427808
9402,SFT2D1,0.37925982
9403,HAS2,0.4472761
9404,GABPA,0.54714876
9405,ACBD4,0.48660484
9406,TUBD1,0.49581176
9407,BCL2A1,0.458738
9408,DZIP3,0.69774777
9409,GXYLT1,0.7610768
9410,CACNB1,0.66519403
9411,LTO1,0.62215096
9412,AGK,0.58524066
9413,CYB5D2,0.6112933
9414,RASGRP3,0.53441495
9415,SYT13,0.39017347
9416,LIMCH1,0.668348
9417,ITSN1,0.5313617
9418,ARMT1,0.64835995
9419,DTL,0.6505145
9420,POLE2,0.5615845
9421,TAF1A,0.48268026
9422,RNASEL,0.5683425
9423,CYP2W1,0.29452688
9424,MRAS,0.722936
9425,ORC1,0.627182
9426,ST8SIA4,0.55442375
9427,ZNF446,0.5933314
9428,THAP1,0.6115642
9429,FOXJ2,0.64310735
9430,OXCT1,0.32243556
9431,PLCD1,0.45622754
9432,MINPP1,0.54863584
9433,MIEF2,0.51163745
9434,ZSCAN16,0.74972886
9435,ROGDI,0.5191267
9436,CCDC112,0.5703445
9437,METTL14,0.41496348
9438,PSTPIP2,0.42828488
9439,WDR83,0.5982512
9440,USP35,0.6454305
9441,ZNF408,0.68065387
9442,SEMA6A,0.61543274
9443,COLCA2,0.5953708
9444,CMTM1,0.53178144
9445,FKRP,0.5693331
9446,DLG4,0.6028317
9447,GEMIN5,0.7117356
9448,PIK3CA,0.6198346
9449,WDR54,0.6272783
9450,GBE1,0.49489838
9451,CDK14,0.66331995
9452,PEAR1,0.6646988
9453,CCL11,0.5278255
9454,CRADD,0.37871954
9455,ABI3BP,0.5009982
9456,IQCK,0.523878
9457,PRIM2,0.64801425
9458,ARV1,0.50917596
9459,AP3M2,0.55198133
9460,CCDC189,0.5907541
9461,DTNB,0.45997208
9462,SLC2A12,0.5695219
9463,UBXN8,0.45957527
9464,INTU,0.38210258
9465,THUMPD2,0.5560393
9466,TMEM260,0.66289693
9467,DDC,0.6229882
9468,ZSWIM6,0.2458328
9469,STRADA,0.46663028
9470,IGSF6,0.4836742
9471,ADAMTS10,0.74906814
9472,GALNT8,0.45220518
9473,PLEKHF1,0.6390052
9474,RENBP,0.7530263
9475,MMP28,0.50322825
9476,NXPE1,0.44215408
9477,CDRT4,0.45379895
9478,CACNA1C,0.6937493
9479,EPOP,0.5808665
9480,TRMT13,0.55092645
9481,ANK2,0.6838539
9482,XK,0.6855021
9483,LYST,0.52087855
9484,SOWAHB,0.7064257
9485,PARP16,0.5122958
9486,NEIL2,0.4606666
9487,SERAC1,0.5888521
9488,TBC1D32,0.48498398
9489,C12orf76,0.5310212
9490,TRERF1,0.53939664
9491,SRFBP1,0.39291874
9492,PODNL1,0.52964944
9493,LIN37,0.5026264
9494,TECPR2,0.64053524
9495,CGRRF1,0.5005259
9496,SFXN2,0.42526698
9497,EFCC1,0.5824698
9498,PEX14,0.5552665
9499,DQX1,0.48922715
9500,TANGO2,0.4213956
9501,IYD,0.6902757
9502,FAM110B,0.7439023
9503,CC2D2A,0.61503416
9504,ANGEL2,0.5111006
9505,ZNF736,0.53960097
9506,POGLUT2,0.56909615
9507,EGFL8,0.65397257
9508,PRELID2,0.35525316
9509,RELL2,0.38268235
9510,TUT1,0.63433933
9511,URAD,0.3962098
9512,FZD2,0.4172658
9513,CD7,0.4594913
9514,ZBTB37,0.616856
9515,TRIM68,0.7157425
9516,ARHGEF28,0.62828493
9517,ADAMTS7,0.65727335
9518,ZNF30,0.59905666
9519,NAP1L5,0.66286325
9520,BHLHE41,0.17785285
9521,SEMA6B,0.5777653
9522,PFKFB4,0.48858228
9523,GGACT,0.699753
9524,NEDD4,0.51886225
9525,TGFBR3,0.48184156
9526,CEP76,0.64409596
9527,RWDD3,0.507678
9528,SUOX,0.6093873
9529,HS3ST1,0.57072186
9530,ADGRF5,0.71840066
9531,FUZ,0.56416947
9532,CCP110,0.46248773
9533,ZC2HC1A,0.50146115
9534,SPOCK1,0.7493318
9535,PEX3,0.6067076
9536,CENPU,0.5750886
9537,STX11,0.84910905
9538,CDCA2,0.60849667
9539,PMS1,0.38722077
9540,WDR62,0.59178257
9541,UQCRFS1,0.2491345
9542,SMIM24,0.5438608
9543,CSF2RA,0.51771736
9544,CEP83,0.57386434
9545,PRXL2C,0.47655836
9546,CETN3,0.6243156
9547,C9orf40,0.6186102
9548,TMEM267,0.50358063
9549,LRRCC1,0.5384041
9550,SYNJ1,0.5580618
9551,FDXR,0.66591495
9552,RBM48,0.5226336
9553,NID2,0.565308
9554,DYNC2LI1,0.40499282
9555,ZNF333,0.5314794
9556,EDIL3,0.6468898
9557,SCN1B,0.7713696
9558,ZNF16,0.53896147
9559,SLX4,0.6844575
9560,REST,0.38417032
9561,RBBP8,0.5041577
9562,CTDSPL2,0.42948708
9563,DOK2,0.6929169
9564,CLN5,0.37048888
9565,CCDC34,0.47224465
9566,MOSMO,0.44966698
9567,MCUB,0.48727554
9568,PYCR3,0.3998151
9569,NATD1,0.52301586
9570,C16orf87,0.6160695
9571,CNFN,0.53964627
9572,STOML1,0.61246794
9573,MED18,0.6153919
9574,KCTD18,0.5737046
9575,HELQ,0.6521507
9576,BBS4,0.5597753
9577,ANOS1,0.7326318
9578,ZNF251,0.479062
9579,ESPL1,0.5405606
9580,CXCL1,0.20203999
9581,PHTF1,0.4125108
9582,TTBK2,0.6999353
9583,CCDC127,0.48907515
9584,ZNF431,0.53235966
9585,IL1RAP,0.49096784
9586,USP18,0.412298
9587,ZSWIM7,0.3831386
9588,ARHGEF6,0.65460646
9589,SLC25A17,0.38613042
9590,NRDE2,0.44971326
9591,MSX2,0.42676112
9592,DDX59,0.5628494
9593,PDP2,0.5839361
9594,B3GALT5,0.51935667
9595,SRBD1,0.5014124
9596,OSM,0.48866877
9597,PRTFDC1,0.5587867
9598,REEP6,0.5574016
9599,C4BPB,0.46906593
9600,FAM114A2,0.3693535
9601,SCAMP5,0.6334114
9602,NDUFAF1,0.6671676
9603,ARL14,0.6063447
9604,POLQ,0.5885938
9605,FBXO30,0.50351244
9606,WDR19,0.56684387
9607,CYP20A1,0.49574444
9608,NPR2,0.56972355
9609,HMCN2,0.6019828
9610,MASTL,0.54819053
9611,EVA1C,0.4686757
9612,CHN1,0.6273755
9613,HOXD9,0.46316424
9614,ACADSB,0.5879466
9615,GRK4,0.65002203
9616,ZNF784,0.6392921
9617,CELSR3,0.5983828
9618,SLC1A3,0.6719671
9619,DACT3,0.5328453
9620,MAML3,0.39889425
9621,GPATCH3,0.52281463
9622,CDK3,0.5613631
9623,ZNF197,0.60327053
9624,TMTC2,0.5626478
9625,TMEM99,0.5902246
9626,CSF3,0.4018657
9627,RFX2,0.4989564
9628,PRKD1,0.7169743
9629,LYRM7,0.62140495
9630,PTCH1,0.26279482
9631,DENND6B,0.5704203
9632,LRRC19,0.6424676
9633,ZNF714,0.66389674
9634,ANKEF1,0.63126415
9635,SLC18B1,0.383434
9636,TMEM241,0.5884022
9637,GDAP1,0.4174331
9638,MEP1A,0.53977084
9639,PAIP2B,0.48914343
9640,LGALS2,0.50649655
9641,VPS50,0.40561542
9642,DBT,0.49055117
9643,VLDLR,0.5849991
9644,NRXN3,0.6837265
9645,GPT,0.41974026
9646,HR,0.51582855
9647,CLEC4A,0.36628327
9648,HSBP1L1,0.46378368
9649,GPR68,0.721582
9650,CLEC3B,0.56854784
9651,JADE3,0.6413668
9652,DNAH14,0.57820183
9653,INMT,0.7533002
9654,HYAL1,0.62410975
9655,G2E3,0.62966627
9656,MYO9A,0.30781737
9657,C1orf162,0.58613616
9658,TMEM91,0.5279868
9659,DPP4,0.40606335
9660,C21orf58,0.49446255
9661,WDR7,0.56094325
9662,TNRC6C,0.63580674
9663,DGKZ,0.23635514
9664,NIPAL3,0.48751584
9665,FLI1,0.7267946
9666,TSPAN11,0.703597
9667,ZSCAN21,0.5316965
9668,NUDT18,0.4621827
9669,KAZALD1,0.5912167
9670,KLHL17,0.4686667
9671,FAM122C,0.43594578
9672,JPH2,0.58313376
9673,DOLPP1,0.569535
9674,ATP6V1C2,0.460184
9675,EBF4,0.71197206
9676,MAP3K7CL,0.6782982
9677,C8orf58,0.6256483
9678,ASIC1,0.41497096
9679,LIAS,0.5574874
9680,APH1B,0.4343788
9681,FBXO45,0.78090894
9682,KCNMB4,0.5183875
9683,SYNCRIP,0.11357545
9684,CHIC1,0.46143085
9685,ATG4A,0.5180276
9686,CFI,0.5413575
9687,DENND5B,0.6365579
9688,ZNF776,0.60206753
9689,LAT,0.73731697
9690,RPA2,0.5921768
9691,DOCK10,0.6120667
9692,NEGR1,0.5840551
9693,SNCG,0.65688723
9694,PCYOX1L,0.5865701
9695,GPRC5B,0.5694923
9696,NCKAP5,0.44222528
9697,RASGRF2,0.66584885
9698,MMACHC,0.7243797
9699,MND1,0.70329183
9700,PGBD2,0.54745466
9701,TRIM3,0.49944147
9702,IGSF9B,0.6058597
9703,WDR76,0.70639646
9704,HOXD4,0.57433176
9705,TMEM171,0.62237537
9706,OTUD1,0.57582855
9707,ETFDH,0.48302773
9708,CEP290,0.3258498
9709,POMT2,0.39489704
9710,ST3GAL5,0.6306564
9711,KRT7,0.40642732
9712,JCAD,0.6215045
9713,PTPN13,0.43520394
9714,SASS6,0.5675201
9715,CEP295,0.56841505
9716,PRAF2,0.5212716
9717,L1TD1,0.5368447
9718,JAML,0.43861392
9719,ARNTL2,0.4572853
9720,TIMM8A,0.36118168
9721,FOXP2,0.7079248
9722,ZNF202,0.5696105
9723,B3GNT9,0.6445003
9724,LY96,0.61523616
9725,P2RX1,0.6675654
9726,IL2RB,0.50581837
9727,AMIGO2,0.4485759
9728,C17orf97,0.43519515
9729,PKIB,0.5873254
9730,PCDHGC3,0.6258378
9731,AASS,0.5095131
9732,LYSMD4,0.5362936
9733,ELL3,0.6306549
9734,SHCBP1,0.7222952
9735,IL17RD,0.59158623
9736,PCED1B,0.61341995
9737,GNAI1,0.3673016
9738,FUT1,0.6418405
9739,WDFY4,0.6433371
9740,C1QTNF3,0.4812141
9741,NEK1,0.45319134
9742,B3GALNT1,0.4593944
9743,WDR35,0.47705838
9744,RCHY1,0.58721787
9745,MCOLN1,0.37353376
9746,ABI3,0.65457004
9747,MMAA,0.4851691
9748,LDLRAD3,0.59031504
9749,LINC02693,0.56016797
9750,ZNF579,0.6518207
9751,DENND2A,0.54627115
9752,ARHGEF37,0.57799476
9753,IDNK,0.33703974
9754,C1orf216,0.6252845
9755,SIDT2,0.37970215
9756,GCFC2,0.5205191
9757,FAM160A1,0.64059365
9758,IL7,0.53795516
9759,NR5A2,0.4698179
9760,TRAF3IP3,0.7301049
9761,C12orf4,0.58736813
9762,KDM4A,0.47001988
9763,PELI2,0.5150963
9764,SLC29A3,0.5456559
9765,ZNF165,0.5717459
9766,GKAP1,0.64636594
9767,RMI1,0.5708051
9768,POLR3F,0.58546674
9769,PSD,0.50966096
9770,CPNE5,0.7031345
9771,PAPLN,0.5969747
9772,POMGNT2,0.5702539
9773,FKBP7,0.6102726
9774,MAP2K5,0.5550509
9775,ZNF558,0.5408589
9776,PSAT1,0.5121896
9777,BTC,0.48675418
9778,TMEM107,0.54822856
9779,ZBTB14,0.573193
9780,GANC,0.42493695
9781,MED31,0.35906884
9782,TMEM229B,0.4213217
9783,NXT2,0.5760142
9784,SEMA4F,0.49023882
9785,RAD18,0.50947714
9786,SNCA,0.48761776
9787,TNFSF14,0.6248418
9788,SMARCA1,0.5501904
9789,GPC2,0.5858173
9790,TCFL5,0.53328407
9791,NMNAT1,0.52517825
9792,PARD3B,0.50882167
9793,FIZ1,0.5714048
9794,ZNF182,0.7380242
9795,SLC25A29,0.35911673
9796,ZNF174,0.573843
9797,TTC28,0.69103926
9798,MFSD4B,0.39567286
9799,MOCS1,0.63056195
9800,POU5F2,0.66084874
9801,TNFRSF11B,0.35759607
9802,ANKMY1,0.4698481
9803,TGFB3,0.7063778
9804,HOXB13,0.63844395
9805,ABAT,0.6373602
9806,TLE4,0.43320346
9807,DAAM2,0.6254502
9808,PIF1,0.41467673
9809,EVC,0.71077305
9810,TBPL1,0.3466136
9811,CYB5RL,0.61242163
9812,GOLGA7B,0.48523173
9813,NRG1,0.58010304
9814,SLC25A27,0.4313622
9815,TRPA1,0.4628764
9816,RBMS3,0.6627528
9817,FAXDC2,0.5532982
9818,CEP70,0.5763077
9819,FAM20A,0.6200319
9820,ARMCX1,0.7895237
9821,LYL1,0.5652615
9822,BCORL1,0.5849443
9823,DDX20,0.4750443
9824,FBXO8,0.3960804
9825,CDKAL1,0.6084359
9826,PARP2,0.50477463
9827,CLDN2,0.6245178
9828,ZNF675,0.6077483
9829,ASPHD2,0.33461437
9830,PALB2,0.76547474
9831,CHML,0.44474027
9832,CDPF1,0.55439055
9833,TMEM150B,0.54464084
9834,PARS2,0.6645269
9835,VSTM4,0.67983586
9836,SUV39H1,0.63396394
9837,MLH1,0.5217064
9838,HAUS3,0.5246381
9839,GSTA4,0.51295125
9840,SCART1,0.6773252
9841,CDKN2B,0.45499533
9842,ERG,0.81258714
9843,KCNJ8,0.63163996
9844,RASAL3,0.6195949
9845,SUPT3H,0.55639595
9846,UTP20,0.52355736
9847,ABRAXAS2,0.55593437
9848,IGSF3,0.5173128
9849,RIPOR2,0.7145968
9850,APOO,0.51154983
9851,SLC4A4,0.46316028
9852,EVI2A,0.58231896
9853,ARHGAP30,0.5412484
9854,MUC5AC,0.36540085
9855,ATOH1,0.48244986
9856,BRWD3,0.38390473
9857,SUV39H2,0.6968454
9858,TMEM14B,0.22237015
9859,ZNF37A,0.47436067
9860,SMYD4,0.57761186
9861,UTP15,0.3220417
9862,SNRPB2,0.30530205
9863,ZNF283,0.39163926
9864,MAPK11,0.5586789
9865,RBPMS2,0.65270144
9866,MCOLN2,0.4500806
9867,LCK,0.66142195
9868,MOGAT3,0.5813373
9869,TRUB1,0.5742927
9870,ACE2,0.58505195
9871,ZNF585A,0.5660256
9872,POLRMT,0.30593088
9873,RBAK,0.4361307
9874,SHE,0.7594887
9875,TSPAN9,0.4461563
9876,C5orf30,0.57218724
9877,ACTR6,0.5052293
9878,PUS3,0.6346124
9879,MYCL,0.5968172
9880,BGLAP,0.68403614
9881,LAYN,0.6111406
9882,LRRC56,0.5662106
9883,PI15,0.25479513
9884,ZFP30,0.4700438
9885,TOGARAM1,0.46865007
9886,ZNF324,0.60116947
9887,HOXB7,0.4110095
9888,XKR6,0.53224874
9889,DNAJC12,0.5179281
9890,PKN3,0.5441475
9891,GTF2H3,0.59638023
9892,ZC3HAV1L,0.45804882
9893,ZBTB3,0.57158005
9894,SH2D2A,0.5867569
9895,RPP14,0.5652687
9896,MCC,0.7951566
9897,WWC2,0.47328398
9898,GTF2E1,0.5334494
9899,RCBTB2,0.6640784
9900,TDRP,0.76894504
9901,MPDZ,0.78984225
9902,CCL4L2,0.5192268
9903,P2RY1,0.36363453
9904,ZNF600,0.624294
9905,ZNF557,0.67218256
9906,MPP3,0.41127983
9907,EXOC1,0.22485419
9908,MTHFD2L,0.4794657
9909,SCARA3,0.6812998
9910,EEF2KMT,0.5988205
9911,CLIP3,0.742745
9912,RNF227,0.636137
9913,MT1H,0.22805502
9914,CD300A,0.55449307
9915,EXOC8,0.44078344
9916,CD96,0.58696216
9917,TMOD1,0.5706744
9918,SLIT2,0.6800605
9919,ZNF383,0.5679454
9920,SLC36A4,0.42623153
9921,RSL24D1,0.2992168
9922,CCR1,0.4542028
9923,HERC5,0.636021
9924,SPIN2B,0.5862713
9925,ANKRD26,0.47071308
9926,PTGER3,0.72012407
9927,INTS6L,0.43941063
9928,DHRS13,0.5505437
9929,SMIM31,0.5677921
9930,ZDHHC14,0.6192273
9931,RBP4,0.42700928
9932,TBC1D31,0.5672587
9933,HOXA11,0.5399942
9934,ARAP2,0.49209112
9935,TXNRD3,0.28906932
9936,PITPNM3,0.5506019
9937,LYSMD3,0.62323844
9938,CLIC3,0.348653
9939,ADAMTSL4,0.5615816
9940,DIAPH3,0.63150394
9941,SEC14L2,0.57451063
9942,ZNF25,0.6465225
9943,OIP5,0.6395541
9944,SOX5,0.6771361
9945,GPAM,0.5402315
9946,CPLANE1,0.6091737
9947,ZNF527,0.5575367
9948,NOCT,0.53236073
9949,FUNDC2,0.49360743
9950,RAB27B,0.44082573
9951,ELMO1,0.7416256
9952,SLC27A2,0.47468606
9953,EXTL2,0.46094066
9954,P2RY2,0.554994
9955,TIGD1,0.42264384
9956,SPA17,0.5524875
9957,PRELID3A,0.4412365
9958,RASSF10,0.6489118
9959,TRAIP,0.6537034
9960,SDK1,0.59795743
9961,RECK,0.7369626
9962,TMEM237,0.53546536
9963,SHISA4,0.62456334
9964,IRAK1BP1,0.6841902
9965,STK32C,0.49609098
9966,SLAMF8,0.6981309
9967,SPACA6,0.67697334
9968,TRIM34,0.6645333
9969,SEPTIN4,0.705599
9970,MAPK10,0.5588559
9971,USP43,0.59313637
9972,ZNF619,0.62639505
9973,PRRG2,0.5214135
9974,SNED1,0.59284604
9975,AADAT,0.4667196
9976,DUS2,0.6029707
9977,PTCD2,0.46771345
9978,ADPRHL1,0.70436156
9979,CHRNB1,0.5877419
9980,SMIM8,0.38888365
9981,WNT2,0.62740564
9982,DPH6,0.46730667
9983,NSUN3,0.65179396
9984,CNRIP1,0.6825313
9985,CLSPN,0.60584456
9986,SEMA6C,0.6427852
9987,ARHGAP6,0.47847942
9988,LRP12,0.63342345
9989,DCAF4,0.53917027
9990,ZNF584,0.47026888
9991,AP002495.1,0.5988837
9992,SPEF2,0.5540405
9993,GOLT1A,0.5944416
9994,ALS2,0.40817404
9995,ASTN2,0.4950953
9996,CCDC28B,0.5672352
9997,FRS3,0.51938903
9998,MFSD2A,0.6242539
9999,ZNF786,0.52439666
