gene_index,gene,oracle_pcc
0,EPCAM,0.9238474
1,KRT20,0.7811373
2,CEACAM5,0.78629297
3,CEACAM6,0.707912
4,OLFM4,0.41325814
5,LGR5,0.831189
6,ALPI,0.7057231
7,APOA4,0.6631953
8,MUC2,0.6730848
9,TFF3,0.7872223
10,BEST4,0.6102821
11,OTOP2,0.57276404
12,DEFA5,0.3921414
13,CHGA,0.6065603
14,MKI67,0.8740284
15,COL1A1,0.9592833
16,PTPRC,0.8922543
17,PECAM1,0.9625555
18,SPP1,0.47380018
19,FAP,0.8566155
20,KRT8,0.9116664
21,KRT18,0.74329627
22,KRT19,0.7591534
23,TACSTD2,0.7328169
24,SMOC2,0.83868676
25,SOX9,0.9051447
26,ASCL2,0.61843044
27,EPHB2,0.8945866
28,TOP2A,0.8785973
29,UBE2C,0.8914581
30,CENPF,0.8867343
31,TUBA1B,0.59595156
32,STMN1,0.86164963
33,FABP1,0.6188344
34,CA1,0.56102306
35,SLC26A3,0.6947356
36,GUCA2A,0.6681312
37,CA7,0.51599324
38,GUCA2B,0.6141687
39,SPINK4,0.49623552
40,CLCA1,0.4249248
41,FCGBP,0.56508154
42,AGR2,0.831598
43,SPDEF,0.7490309
44,DEFA6,0.40753913
45,LYZ,0.5973311
46,REG1A,0.5911667
47,REG1B,0.628866
48,PLA2G2A,0.554747
49,CHGB,0.61954015
50,NEUROD1,0.6645637
51,PAX6,0.57527095
52,PCSK1,0.65190834
53,ISL1,0.66090685
54,POU2F3,0.750177
55,TRPM5,0.7227313
56,AVIL,0.69274795
57,IL17RB,0.86295235
58,AXIN2,0.7331012
59,MYC,0.841143
60,CDX2,0.79541016
61,REG4,0.60829055
62,VIM,0.95477915
63,TGFBI,0.7667137
64,SNAI2,0.9001165
65,ZEB1,0.70763963
66,FN1,0.9099923
67,ITGA5,0.9496187
68,LAMC2,0.8722475
69,SERPINE1,0.90792304
70,CD37,0.8081647
71,CORO1A,0.824681
72,LAPTM5,0.93251145
73,CD3D,0.8438953
74,CD3E,0.8319818
75,TRAC,0.8432967
76,TRBC1,0.8630494
77,LTB,0.766637
78,IL7R,0.7703103
79,MAL,0.7083641
80,CCR7,0.7812375
81,TCF7,0.90498513
82,LEF1,0.7189037
83,CD8A,0.747372
84,CD8B,0.6576481
85,CCL5,0.824513
86,NKG7,0.66995627
87,PRF1,0.7106346
88,GZMK,0.6098308
89,GZMB,0.6857747
90,FOXP3,0.6983681
91,IL2RA,0.64852995
92,CTLA4,0.7238125
93,TIGIT,0.7130414
94,IKZF2,0.6412874
95,CCR8,0.6331743
96,PDCD1,0.68021554
97,LAG3,0.6840361
98,HAVCR2,0.72750324
99,TOX,0.56050354
100,CXCL13,0.7356368
101,ENTPD1,0.90070003
102,GNLY,0.6969255
103,KLRD1,0.57098776
104,FCGR3A,0.8878058
105,TYROBP,0.8966413
106,MS4A1,0.73154485
107,CD79A,0.72303593
108,CD74,0.75776446
109,HLA-DRA,0.73521644
110,CD22,0.75560653
111,CD83,0.7181674
112,JCHAIN,0.76493746
113,MZB1,0.79567724
114,SDC1,0.7564101
115,IGHG1,0.90419286
116,IGKC,0.91545534
117,XBP1,0.80337095
118,LST1,0.79242724
119,FCER1G,0.9280346
120,CTSS,0.87785524
121,LILRB1,0.7141938
122,S100A8,0.62911063
123,S100A9,0.6955575
124,FCN1,0.6653294
125,CCR2,0.6317015
126,VCAN,0.95733804
127,MS4A7,0.85226625
128,IFITM3,0.66441166
129,TYMP,0.869978
130,C1QA,0.9377273
131,C1QB,0.89358896
132,C1QC,0.8814704
133,APOE,0.7662162
134,CD68,0.8078852
135,MSR1,0.7268631
136,MRC1,0.7835564
137,CTSD,0.76056534
138,FOLR2,0.7495705
139,LYVE1,0.7912845
140,CD163,0.8962141
141,APOC1,0.4704358
142,TREM2,0.65532935
143,GPNMB,0.84703594
144,LGALS3,0.85929567
145,CTSB,0.84426725
146,IL1B,0.6918653
147,SELL,0.7838176
148,FCGR3B,0.6465128
149,CSF3R,0.71859294
150,CXCR2,0.7196973
151,FPR1,0.71837753
152,MNDA,0.7345658
153,CLEC9A,0.6326518
154,XCR1,0.54877573
155,BATF3,0.60976374
156,CADM1,0.8278204
157,IRF8,0.8554959
158,CD1C,0.48660293
159,CLEC10A,0.7141463
160,FCER1A,0.6972747
161,CST3,0.8085031
162,TCF4,0.783805
163,IL3RA,0.6512413
164,CLEC4C,0.6083314
165,IRF7,0.7538968
166,TPSAB1,0.7453774
167,TPSB2,0.7148199
168,KIT,0.6553329
169,MS4A2,0.69050306
170,HDC,0.7010091
171,CPA3,0.8328636
172,CLC,0.6243815
173,PRG2,0.6677291
174,SIGLEC8,0.4672987
175,RNASE2,0.6311024
176,EPX,0.59669065
177,COL1A2,0.9423419
178,COL3A1,0.9151867
179,DCN,0.9589692
180,LUM,0.96697485
181,COL6A1,0.929351
182,PDGFRA,0.859827
183,ACTA2,0.94838697
184,TAGLN,0.9385982
185,MYL9,0.9435418
186,TPM2,0.9232966
187,CXCL12,0.8416168
188,IL6,0.74829656
189,CFD,0.77409506
190,C7,0.6694601
191,CXCL14,0.54298675
192,COL11A1,0.79189336
193,THY1,0.93231046
194,PDPN,0.9586126
195,INHBA,0.86415917
196,MMP2,0.9299548
197,COL10A1,0.8582774
198,HLA-DPA1,0.6770765
199,HLA-DPB1,0.68089956
200,CIITA,0.8302477
201,VWF,0.9491946
202,CLDN5,0.82402474
203,KDR,0.7323693
204,EMCN,0.6261552
205,ENG,0.94773674
206,RAMP2,0.8105796
207,ESM1,0.66345465
208,ANGPT2,0.70100355
209,PLVAP,0.93009335
210,APLN,0.59568185
211,PGF,0.8655907
212,RGCC,0.81770325
213,EFNB2,0.859554
214,SOX17,0.6791496
215,GJA5,0.69440466
216,FBLN5,0.80898035
217,HEY1,0.7405855
218,ACKR1,0.66802937
219,SELP,0.64667845
220,SELE,0.6398533
221,NR2F2,0.9403333
222,FLT4,0.7348904
223,CCL21,0.7822984
224,PROX1,0.644451
225,CCL14,0.8330852
226,RGS5,0.8932051
227,PDGFRB,0.97150755
228,CSPG4,0.9206303
229,MCAM,0.95335954
230,DES,0.7114387
231,NOTCH3,0.94045573
232,MYH11,0.737967
233,CNN1,0.79225165
234,ADIPOQ,0.615701
235,PLIN1,0.63724077
236,FABP4,0.6252826
237,LEP,0.5844469
238,LPL,0.7720822
239,CIDEC,0.6279467
240,S100B,0.8904987
241,SOX10,0.6650931
242,PLP1,0.6621414
243,MPZ,0.77886635
244,S100A1,0.6982446
245,NGFR,0.75240844
246,CCNB1,0.8562053
247,CDK1,0.873397
248,TUBB,0.80095035
249,CA9,0.65231305
250,VEGFA,0.7327152
251,BNIP3,0.55590713
252,PGK1,0.8569196
253,LDHA,0.7667882
254,SLC2A1,0.8326734
255,ENO1,0.8801902
256,ISG15,0.6588855
257,IFIT1,0.6215228
258,IFIT2,0.60976833
259,IFIT3,0.7619868
260,MX1,0.6520815
261,OAS1,0.84716237
262,STAT1,0.7066932
263,CXCL10,0.49693966
264,HBB,0.657963
265,HBA1,0.52540314
266,HBA2,0.6748422
267,ALAS2,0.5606231
268,GYPA,0.5837601
269,AHSP,0.6480408
270,PPBP,0.66581875
271,PF4,0.6998168
272,GP9,0.61552566
273,RGS18,0.70000094
274,NRGN,0.71082497
275,FOS,0.8032737
276,JUN,0.5865788
277,JUNB,0.79693455
278,DDIT3,0.74878883
279,HSPA1A,0.6282069
280,HSPA1B,0.64670914
281,ATF3,0.55684775
282,MT-CO1,0.20243391
283,MT-CO2,0.2325192
284,MT-ND1,0.333256
285,MT-ND2,0.25285178
286,MT-CYB,0.2311387
287,IGFBP7,0.97011566
288,SPARC,0.9723101
289,FLNA,0.9273613
290,CCN2,0.8702975
291,ELF3,0.8942728
292,TIMP1,0.88190824
293,COL6A3,0.93759185
294,COL4A1,0.94623744
295,CLDN4,0.87737805
296,C1R,0.96965104
297,MT2A,0.859766
298,GSN,0.8143149
299,IL32,0.7652084
300,ST14,0.9285744
301,LGALS4,0.8847074
302,MUC13,0.8813494
303,MMP14,0.94305027
304,SAT1,0.72729504
305,MLEC,0.9687508
306,RHOB,0.83730125
307,MGAT4B,0.93070525
308,IER3,0.77929765
309,LGALS1,0.9348746
310,IGFBP5,0.927577
311,HSPE1,0.9151601
312,MARCKSL1,0.85421276
313,CD44,0.68836606
314,ETS2,0.90300417
315,NBL1,0.8020175
316,PHGR1,0.8717474
317,ATP1B1,0.92837876
318,SOD2,0.75669
319,MCL1,0.9043099
320,IGFBP4,0.9103302
321,CLDN7,0.948103
322,MXRA7,0.9328701
323,SPINT2,0.9383
324,CD99,0.86712444
325,TPM1,0.7878329
326,MCM7,0.9317545
327,SPON2,0.94221765
328,TSPAN8,0.83368796
329,CLDN3,0.90898657
330,TOMM7,0.80902684
331,STARD10,0.83034056
332,BGN,0.9618963
333,HSPD1,0.92889637
334,ARGLU1,0.80192894
335,ILF3,0.9302202
336,CEBPD,0.7799355
337,ROMO1,0.827838
338,PSMA7,0.88686323
339,RNF213,0.7628846
340,MYH14,0.94504976
341,PSMB1,0.9341774
342,PEBP1,0.9095046
343,EIF6,0.91012794
344,SELENOM,0.92622954
345,ACTN1,0.9011714
346,HSPG2,0.8765239
347,ITGA6,0.882676
348,SYNGR2,0.9313551
349,IFI6,0.46430352
350,CAVIN1,0.96067923
351,CYC1,0.90036994
352,ERGIC3,0.87868124
353,TKT,0.9137327
354,AHNAK,0.85307616
355,TUFM,0.9497332
356,CTSZ,0.83335483
357,RAB5IF,0.86625564
358,CTNND1,0.93072754
359,HDGF,0.93887156
360,ZFP36L2,0.6517545
361,LMNA,0.67724705
362,FXYD3,0.8797287
363,NDUFB11,0.9113482
364,C4orf3,0.8710176
365,SELENOH,0.8957032
366,LASP1,0.90352154
367,C19orf33,0.89312446
368,INF2,0.9113868
369,UQCRC1,0.8847126
370,APLP2,0.84330463
371,IFI27,0.7583933
372,NDUFV1,0.8706625
373,ZFP36,0.84809214
374,GRK2,0.8845447
375,LUC7L3,0.846136
376,ZFP36L1,0.8854108
377,SLC25A39,0.9255413
378,LSR,0.9143855
379,ASS1,0.8611738
380,GPRC5A,0.8550076
381,PLXNB2,0.8957113
382,ANXA2,0.8999597
383,NCL,0.9252787
384,ITGB1,0.8985354
385,TMEM63A,0.89771163
386,POLR1D,0.89434254
387,S100A11,0.8798957
388,PLEC,0.8159796
389,GLUL,0.60964954
390,SDC4,0.8402116
391,SLC3A2,0.6915135
392,NOP53,0.7759522
393,ATP5F1D,0.89362395
394,ITGB4,0.7902656
395,IER2,0.706139
396,TAPBP,0.76623577
397,COL6A2,0.9642086
398,PPP1R1B,0.7689625
399,GPX4,0.8706771
400,NDUFB7,0.8839924
401,ITM2C,0.8123064
402,DDR1,0.928078
403,PSME1,0.91615397
404,DDIT4,0.6760035
405,CHMP4B,0.9013377
406,FASN,0.8692237
407,CANT1,0.8835231
408,SELENOW,0.7646058
409,NPDC1,0.7673387
410,FAM120A,0.95607954
411,SH3BGRL3,0.90808356
412,FCGRT,0.8469653
413,JUP,0.94974506
414,TXNDC5,0.808361
415,CCN1,0.92610973
416,SET,0.88503516
417,ACTN4,0.8145498
418,SERBP1,0.94078016
419,HSPB1,0.7004734
420,CNBP,0.7715497
421,IFNGR2,0.748305
422,PA2G4,0.93090856
423,DBI,0.9159478
424,CDH1,0.9088907
425,CAPN1,0.8637276
426,NME2,0.8851523
427,NCOA7,0.7141976
428,S100A4,0.88785917
429,RBM39,0.836551
430,PRDX5,0.91879946
431,COX7A2,0.9112128
432,BRI3,0.75153
433,LRP10,0.84111863
434,RAC1,0.863628
435,HNRNPA0,0.8703252
436,MPST,0.94357973
437,NHP2,0.96760285
438,ATP5PD,0.87523353
439,MARCKS,0.8061978
440,MICOS10,0.90047204
441,GOLM1,0.8363897
442,CIRBP,0.8524853
443,MAT2A,0.86193526
444,EMC10,0.8813395
445,LLGL2,0.9531293
446,OS9,0.84764194
447,SCD,0.86154646
448,LAMP1,0.77924925
449,BAG1,0.8565153
450,ARPC1B,0.6884111
451,ATP5MC2,0.89553756
452,CYB5R3,0.92786086
453,AKR1A1,0.7600955
454,TAP1,0.7242547
455,CCNL2,0.74805605
456,GUK1,0.81629735
457,TTC3,0.7907478
458,EIF3A,0.87970275
459,BANF1,0.89583725
460,DEK,0.9013254
461,FSTL1,0.97574085
462,ANXA11,0.886901
463,SAP18,0.92400557
464,ALDH2,0.8515339
465,CD81,0.9296135
466,NDUFA1,0.9294731
467,LAMTOR4,0.8318677
468,APRT,0.8471681
469,PEA15,0.9341105
470,ATP5MG,0.9041206
471,PNPLA2,0.800234
472,HSP90AB1,0.85788673
473,DUSP1,0.89285403
474,CLTA,0.8588305
475,PHPT1,0.8627921
476,EIF3B,0.92254055
477,GSTK1,0.8587969
478,NDUFA2,0.9346053
479,RTN4,0.6615306
480,RAB25,0.9174673
481,RPN2,0.93553174
482,THBS1,0.9267797
483,VDAC1,0.84851223
484,TMED9,0.8159332
485,ATP5MF,0.9054218
486,C12orf57,0.7350729
487,PLAUR,0.73437804
488,LSM4,0.9244275
489,TIMP3,0.9226383
490,ZYX,0.870926
491,SLC12A2,0.91401154
492,FBN1,0.97277135
493,CLTB,0.8858253
494,UQCRB,0.781625
495,CYB5B,0.8478083
496,UQCRQ,0.91898483
497,CALM3,0.87975836
498,PDIA6,0.84679806
499,MTDH,0.8135509
500,CD9,0.910895
501,CLPTM1L,0.8877877
502,GPX2,0.88007694
503,TAF10,0.7809438
504,POLR2L,0.81891805
505,S100A10,0.9000321
506,PYGB,0.68309456
507,GOLPH3,0.8928375
508,CYBA,0.8682512
509,BSG,0.897402
510,PRELID3B,0.93601245
511,AKAP1,0.92345494
512,NUTF2,0.86662906
513,CD151,0.76349354
514,GADD45GIP1,0.9258372
515,HSPA8,0.8219508
516,ARL6IP4,0.8970076
517,EIF3M,0.9324578
518,NR4A1,0.66959095
519,CHCHD2,0.92893684
520,CCNI,0.76021993
521,REXO2,0.88757604
522,TIMM13,0.8921924
523,EIF4B,0.89503133
524,SEM1,0.92527527
525,TGOLN2,0.87813216
526,PTMS,0.74734384
527,TFRC,0.86963147
528,LENG8,0.7259906
529,BCL2L1,0.724773
530,TSPO,0.8305646
531,COX8A,0.9075928
532,COPG1,0.85919636
533,YWHAG,0.6942967
534,LGALS3BP,0.793804
535,EIF4A2,0.8145556
536,HNRNPA3,0.85618794
537,AURKAIP1,0.82410604
538,YWHAQ,0.9078957
539,TM9SF3,0.8916258
540,KLF6,0.8677827
541,ARPC4,0.80669826
542,SRSF2,0.8866626
543,RAD23A,0.9529518
544,CUTA,0.9212214
545,SQOR,0.8608093
546,CLIC1,0.93455476
547,PPIB,0.76222754
548,COX6A1,0.9487968
549,SDF4,0.7612973
550,RBM3,0.8537398
551,CMPK1,0.9192826
552,MLF2,0.8869821
553,REEP5,0.84917337
554,EFHD2,0.90837526
555,TLN1,0.93766814
556,GRINA,0.77824724
557,COX7C,0.8855691
558,CHPF,0.7410501
559,ADI1,0.91413563
560,COX6C,0.87359136
561,TMEM259,0.85291386
562,IFITM2,0.59153384
563,TCF25,0.7520977
564,MAP2K2,0.859079
565,MDH2,0.94832474
566,TNC,0.7904196
567,GABARAP,0.8639845
568,SIVA1,0.782132
569,NDUFS6,0.86600596
570,PSMB4,0.9169548
571,AZIN1,0.89736617
572,BEX3,0.82842535
573,SMTN,0.9261049
574,PPDPF,0.8968064
575,NCKAP1,0.88841814
576,EIF4G1,0.79755294
577,ACADVL,0.62101305
578,VASP,0.7618977
579,CNDP2,0.7859191
580,CDK4,0.93127733
581,UBXN6,0.8660425
582,SYNE2,0.8004657
583,HDLBP,0.68694764
584,PTPRF,0.9325112
585,TMEM59,0.8188852
586,AHSA1,0.85035753
587,EEF1B2,0.8680624
588,LMO7,0.8489583
589,PDHA1,0.8592022
590,S100A16,0.8858532
591,TRIR,0.8983579
592,HNRNPH3,0.88158
593,TRAP1,0.92741156
594,SND1,0.90326786
595,ATP2A2,0.7894744
596,GREM1,0.9141666
597,CCT3,0.94232047
598,SMARCC1,0.94071645
599,CDC42EP5,0.80898654
600,CAST,0.844264
601,ID1,0.49512938
602,TRIM2,0.9162189
603,SRSF3,0.8925138
604,SHISA5,0.8363821
605,TSPAN3,0.93632466
606,CSTB,0.88415337
607,NUCKS1,0.86125976
608,ZBTB7A,0.9252496
609,ANXA5,0.8745527
610,RABL6,0.89128006
611,EID1,0.94054973
612,ECHS1,0.9252018
613,ARHGDIA,0.7905479
614,TLE5,0.83654875
615,POLD2,0.9384452
616,ARPC5,0.8673526
617,PSMB2,0.8939467
618,MTCH1,0.86104405
619,RTF2,0.8948348
620,SEL1L3,0.82837045
621,CAPZB,0.77914727
622,EIF3G,0.90623826
623,MFGE8,0.94896984
624,CTDSP2,0.65489036
625,EIF4H,0.842711
626,NIBAN2,0.8570779
627,TXNL4A,0.8688055
628,NUCB1,0.7889733
629,TOP1,0.83151907
630,CAPN2,0.8325154
631,STAT6,0.8606744
632,NUPR1,0.70302767
633,G3BP2,0.85364044
634,LCN2,0.6254171
635,EHBP1L1,0.880949
636,ASPH,0.8517181
637,HNRNPC,0.8958948
638,SRSF5,0.83230114
639,PRRC2B,0.8100826
640,ANXA4,0.8954729
641,LMAN2,0.89718324
642,TNIP1,0.71994084
643,ENC1,0.69668823
644,NUMA1,0.8961706
645,H1FX,0.8414003
646,BACE2,0.83362955
647,PSMD13,0.90642434
648,COTL1,0.90055245
649,AEBP1,0.95315295
650,KHSRP,0.95127285
651,LSM7,0.9337653
652,PRPF6,0.95769393
653,PSMB10,0.75361115
654,NDUFS5,0.81014603
655,SERP1,0.9128961
656,COPE,0.87302405
657,STRAP,0.8647218
658,CALR,0.8199563
659,ODC1,0.87353677
660,PDCD6,0.9509278
661,SLC38A1,0.95355254
662,NCOR2,0.7895678
663,HNRNPF,0.8725928
664,HDAC1,0.89578617
665,ATP6V0D1,0.8152486
666,ANAPC16,0.905971
667,ATP5ME,0.8970285
668,SRRT,0.9124591
669,PNN,0.9034571
670,CTDSP1,0.89380133
671,IRAK1,0.9227706
672,BCAP31,0.8902007
673,GNB1,0.80327356
674,DDT,0.93336505
675,AFDN,0.91486627
676,NFE2L1,0.7728104
677,DRAP1,0.7994798
678,DDX21,0.9242778
679,CRIM1,0.77762884
680,TPD52,0.8608145
681,ARPC2,0.8479909
682,LRPAP1,0.80361736
683,PSAP,0.91009796
684,RSRP1,0.7430576
685,APP,0.7021612
686,JTB,0.8954199
687,ARPC3,0.8295756
688,HNRNPA2B1,0.85559374
689,CAMK2N1,0.8332027
690,PGRMC1,0.93950856
691,TIMP2,0.9480832
692,TMEM238,0.88238764
693,EPN1,0.9196836
694,TRMT112,0.9131535
695,NONO,0.87822187
696,NDUFB10,0.8527819
697,ARF1,0.82878625
698,KDELR2,0.84424317
699,SOX4,0.8912364
700,CAPZA2,0.73381937
701,SUMO3,0.8534563
702,PRDX4,0.74783784
703,SNRNP200,0.9123916
704,PRR15L,0.9351675
705,COX4I1,0.86322194
706,ATP5F1B,0.89125454
707,EI24,0.9226473
708,RNF114,0.9246441
709,ATP5F1E,0.87627965
710,STAT3,0.88355076
711,CNN2,0.7164642
712,ACTR3,0.66588736
713,SNRPC,0.96218574
714,TMEM54,0.93832314
715,FLOT1,0.8316593
716,VDAC2,0.92305434
717,CORO1C,0.8085022
718,APH1A,0.79589134
719,VAMP8,0.9287022
720,ACSL5,0.92671263
721,NME1,0.9143566
722,TMED2,0.8882999
723,BRD2,0.848982
724,PSMC5,0.8647472
725,SF3B5,0.9292032
726,SUCLG1,0.8874644
727,ATN1,0.9232252
728,LAD1,0.92032397
729,PTGES2,0.90321
730,NAMPT,0.6490224
731,USP22,0.8022738
732,FLII,0.8307807
733,HNRNPD,0.7948493
734,RNF187,0.8573368
735,PDXK,0.77788675
736,YIPF3,0.8618472
737,CHMP2A,0.9050768
738,PLSCR1,0.8040995
739,LAMC1,0.9597254
740,ETHE1,0.95365626
741,S100A14,0.90393823
742,RAB5C,0.85127753
743,QARS,0.92830235
744,SEPTIN2,0.8161696
745,NQO1,0.88848966
746,ATF4,0.6682409
747,TRAM1,0.7545501
748,RUNX1,0.85967654
749,GPI,0.9263015
750,RNASE1,0.7870089
751,HADHA,0.8742342
752,WARS,0.78505844
753,LTBP3,0.89302874
754,SLC2A4RG,0.7818793
755,ANKRD11,0.88301086
756,MYH9,0.88908106
757,ETFB,0.89502203
758,MICAL2,0.7834355
759,MYDGF,0.7753521
760,PRRC2C,0.8006988
761,SOD1,0.86973536
762,DDX5,0.83806324
763,TPP1,0.8566184
764,TALDO1,0.93973535
765,FUS,0.8769121
766,ATP6V0B,0.829609
767,SYAP1,0.8974043
768,EIF4A1,0.7510195
769,SLC38A10,0.7650155
770,TMX2,0.9538264
771,HP1BP3,0.7863448
772,GNAI2,0.9006635
773,ITM2B,0.8026328
774,PPM1G,0.9591337
775,TPD52L2,0.90729606
776,SURF4,0.82133216
777,VDAC3,0.8858952
778,BRD4,0.899992
779,DNM2,0.93237364
780,SF3B2,0.927018
781,SELENBP1,0.69012266
782,SPINT1,0.933181
783,CTNNB1,0.74028844
784,MLLT6,0.9209569
785,PNISR,0.92178804
786,PNRC2,0.8849903
787,STUB1,0.859186
788,NPTN,0.7591597
789,RTRAF,0.92780846
790,DUS1L,0.9145538
791,PFDN5,0.831982
792,NDUFB9,0.9277884
793,SULF1,0.9315334
794,TRA2A,0.90863657
795,EIF4G2,0.83914477
796,PRDX6,0.73187476
797,TRA2B,0.7999096
798,FNDC3B,0.876606
799,NFIC,0.9435748
800,IQGAP1,0.8482477
801,DDRGK1,0.81243783
802,DDX17,0.89627635
803,HERPUD1,0.8395874
804,HNRNPUL2,0.9404521
805,ZDHHC20,0.9087303
806,BTG2,0.770372
807,PKP3,0.94016725
808,ATP5F1A,0.83296746
809,SAFB,0.8851903
810,LAMTOR1,0.82919395
811,HINT1,0.86507225
812,ELAVL1,0.9316866
813,COMT,0.8238347
814,PPP1CA,0.88682973
815,WNK1,0.82990104
816,DYNLL2,0.9263434
817,CALU,0.9208198
818,OAZ1,0.84842145
819,ITPR3,0.93275315
820,PRSS23,0.7713008
821,PGD,0.8764805
822,ERH,0.8635899
823,PTTG1IP,0.87124294
824,TMBIM1,0.8485219
825,AP3D1,0.9171367
826,IMPDH2,0.9055532
827,C11orf58,0.85513204
828,LITAF,0.83884656
829,HNRNPDL,0.81192017
830,COPZ1,0.9368399
831,NAPA,0.9003509
832,MT1X,0.76514715
833,DNAJB1,0.69816965
834,ERO1A,0.91583747
835,TRAF4,0.96330255
836,LAMA4,0.95379347
837,FIS1,0.86104584
838,CAPNS1,0.91697073
839,SERPINB6,0.8281425
840,GATAD2A,0.94361645
841,WDR6,0.83439654
842,RHOA,0.80469066
843,ATP8B1,0.87613875
844,HSPA5,0.7723485
845,TGIF1,0.8593766
846,RALY,0.89669955
847,OPTN,0.85273355
848,DIDO1,0.9155296
849,ASAH1,0.70074666
850,EIF3H,0.8552941
851,TRIOBP,0.8453131
852,HSP90AA1,0.86743623
853,DDX23,0.92317706
854,USF2,0.84026796
855,GSTP1,0.8112217
856,CCT8,0.9358395
857,NAP1L4,0.9335844
858,LRP1,0.9165597
859,WSB1,0.9144783
860,CSNK1G2,0.83941317
861,PTBP3,0.90252495
862,NDUFC1,0.89415103
863,UBB,0.7985502
864,GRN,0.9024717
865,TRAPPC5,0.89685386
866,HGS,0.93408024
867,ECH1,0.7582534
868,KIF1C,0.85715973
869,GIPC1,0.93326235
870,ADAM9,0.78088564
871,HNRNPUL1,0.88172084
872,DDB1,0.94307625
873,RNF149,0.7870389
874,RAB13,0.89848095
875,NME3,0.8689619
876,CTNNA1,0.8527865
877,NDFIP1,0.79680717
878,ATIC,0.94646734
879,EEF1G,0.8485442
880,NPC2,0.7972558
881,WDR83OS,0.9005151
882,DCAF7,0.96801615
883,CANX,0.8136717
884,NDUFA13,0.8810615
885,YWHAH,0.68318766
886,MAPK13,0.9705413
887,COA3,0.92707145
888,CREBZF,0.92433316
889,WDR82,0.762309
890,MGAT1,0.8479624
891,EMILIN1,0.9725732
892,CCND2,0.6972818
893,NDUFB2,0.86797655
894,PPP2R5C,0.8263573
895,XRCC6,0.9362009
896,CALD1,0.9706665
897,HNRNPU,0.82032454
898,COX6B1,0.9362234
899,LRATD1,0.80930936
900,PMEPA1,0.83519
901,QSOX1,0.75043154
902,PCOLCE,0.9681753
903,LTBR,0.8899709
904,IRF1,0.6387653
905,NET1,0.94459146
906,DNPEP,0.9364725
907,FHL2,0.74953234
908,SSR2,0.86840695
909,P4HB,0.8246902
910,TBC1D9B,0.85514957
911,ERBB3,0.93231726
912,UBE2Q1,0.89351124
913,SRPRA,0.7310759
914,SMARCE1,0.87642914
915,FLNB,0.85690653
916,ANKRD10,0.806032
917,NSMF,0.8599176
918,COL4A2,0.9432959
919,LTBP4,0.74460995
920,TXNIP,0.67282856
921,PSMB8,0.9166787
922,FTH1,0.8692827
923,RNH1,0.82065207
924,PLP2,0.90385133
925,OAF,0.82985735
926,GRSF1,0.937017
927,BST2,0.6887899
928,HNF4A,0.9629237
929,ATP1A1,0.8428276
930,INTS11,0.88855875
931,FKBP9,0.848319
932,TCP1,0.8966498
933,USP7,0.9246131
934,DHX15,0.92781913
935,FERMT1,0.8653618
936,DNPH1,0.925698
937,VPS28,0.7910958
938,GMDS,0.9304467
939,ANP32E,0.80920297
940,POLR2F,0.84961224
941,TRPM4,0.91484755
942,HMGA1,0.8516898
943,ZMIZ2,0.83167565
944,PDCD5,0.91550285
945,SULF2,0.8748124
946,SRSF1,0.93593067
947,NOP58,0.95299107
948,MORF4L1,0.72216314
949,MIF,0.94485587
950,CHCHD1,0.8849427
951,CAPG,0.81723005
952,SDHA,0.88972056
953,PSMA4,0.93124443
954,MKNK2,0.88820964
955,HSBP1,0.90490156
956,MAPRE1,0.85253924
957,SSR4,0.8695162
958,PLD3,0.92018735
959,EIF4E2,0.82234526
960,SLC1A5,0.85889
961,ADAR,0.8429695
962,PRRC2A,0.90160424
963,CNPY2,0.89954185
964,C7orf50,0.8009996
965,CTSC,0.7834323
966,IFI30,0.77571243
967,ITGB5,0.9371314
968,SLTM,0.89072764
969,CKAP4,0.85328645
970,JPT1,0.88226223
971,CD63,0.8569352
972,PIM3,0.8285131
973,UQCR11,0.84152836
974,LMNB2,0.9210323
975,RBM17,0.90469444
976,RPN1,0.9337422
977,KHDRBS1,0.95281875
978,CTSA,0.8264932
979,PDZD8,0.8200776
980,TMEM50A,0.6792459
981,C1S,0.96007144
982,S100P,0.91701573
983,TUBA4A,0.8922563
984,CHCHD10,0.8611103
985,SH3GLB2,0.9079165
986,PLXND1,0.94592315
987,TAX1BP1,0.8442766
988,RER1,0.91648716
989,AKT1,0.77610874
990,COA4,0.88409376
991,MAP2K3,0.8637473
992,SEC13,0.8546386
993,CRELD2,0.85834354
994,EIF3D,0.9676658
995,AP2S1,0.6866678
996,DDX24,0.90755403
997,SNU13,0.9511856
998,PDIA4,0.88617194
999,KIAA1522,0.9557167
1000,ARAP1,0.9332498
1001,KLF5,0.8390711
1002,GTF2I,0.882422
1003,CDC123,0.95158863
1004,RERE,0.8824257
1005,RABAC1,0.7301181
1006,ARL2,0.87601036
1007,TRIM8,0.9123411
1008,VIL1,0.92005605
1009,RELA,0.83559865
1010,THOC7,0.94714457
1011,PGLS,0.8705746
1012,NDUFA11,0.8901803
1013,COL18A1,0.9348866
1014,PLPP2,0.93018734
1015,ABHD2,0.8776196
1016,ST13,0.8398207
1017,ATP5IF1,0.8209291
1018,POLR2G,0.88636714
1019,COPA,0.80096924
1020,TMEM219,0.81733763
1021,MARCH6,0.92967945
1022,ADGRE5,0.80097574
1023,FLOT2,0.8921641
1024,POLR2I,0.9295084
1025,EGR1,0.80535346
1026,CHTOP,0.8862127
1027,CLN3,0.9272868
1028,ANP32B,0.8912435
1029,CENPX,0.9298573
1030,ACO2,0.88666105
1031,C16orf58,0.9243185
1032,RNF126,0.95980793
1033,NEDD8,0.83163553
1034,SZRD1,0.7523521
1035,TAGLN2,0.88209516
1036,WDR45B,0.8964547
1037,COL5A1,0.9699236
1038,PET100,0.89896095
1039,NDUFB6,0.86634207
1040,IDS,0.857385
1041,COPB2,0.9028267
1042,OCIAD1,0.889453
1043,CISD3,0.91052634
1044,SCRIB,0.9236914
1045,ARPP19,0.89325136
1046,RMND5A,0.9282709
1047,TBRG4,0.89105386
1048,ATP5MC3,0.89781433
1049,DLGAP4,0.83451426
1050,FTL,0.74961466
1051,SUMF2,0.85984653
1052,SNRNP70,0.81077844
1053,HMG20B,0.9228408
1054,CDC34,0.89191186
1055,SDCBP,0.7912793
1056,TSTA3,0.81561863
1057,SBNO2,0.7707491
1058,CDC25B,0.7523032
1059,HEBP2,0.88647336
1060,SEC11A,0.86999285
1061,CDX1,0.8737093
1062,PHB2,0.91393596
1063,POSTN,0.93148935
1064,PITPNA,0.80020666
1065,SDF2L1,0.7650477
1066,HSPH1,0.8044561
1067,FARP1,0.7831439
1068,CUL4A,0.96294755
1069,WASF2,0.82363313
1070,AP2M1,0.8260236
1071,SLC40A1,0.8284753
1072,CCDC12,0.9068784
1073,SLC39A7,0.78743124
1074,UBE2V1,0.8822599
1075,NENF,0.7929433
1076,RBX1,0.86109465
1077,CRIP1,0.8838595
1078,CPNE1,0.7922592
1079,CDC42EP1,0.73508257
1080,ATP5PF,0.9191769
1081,AGO2,0.90876293
1082,RHOT2,0.935247
1083,SNX3,0.74149114
1084,CTDNEP1,0.9029501
1085,RCC2,0.9490851
1086,ARF3,0.8797218
1087,ARHGEF10L,0.89985955
1088,MAL2,0.9273744
1089,MBOAT7,0.8682471
1090,PSMB5,0.95288604
1091,TIMM8B,0.9156923
1092,DNAJC7,0.9363469
1093,AGPAT2,0.9021942
1094,ECI1,0.927927
1095,OTUB1,0.9205679
1096,RBM42,0.9192363
1097,TOMM5,0.78525674
1098,ENTPD6,0.89156455
1099,EZR,0.9080149
1100,FAM50A,0.8302244
1101,ARF4,0.8249011
1102,SMCHD1,0.89712816
1103,BAG6,0.9231758
1104,PUF60,0.91907376
1105,POLR2H,0.93169403
1106,VPS4A,0.8897874
1107,COX14,0.8728279
1108,RACK1,0.79597855
1109,GLRX5,0.8986999
1110,SPG21,0.886972
1111,PCSK7,0.87120855
1112,DPYSL2,0.83675575
1113,TNFRSF21,0.88661855
1114,H3F3B,0.7499043
1115,IDH2,0.86303276
1116,PDZK1IP1,0.826392
1117,NDUFS2,0.9077226
1118,YIPF4,0.9189892
1119,KPNB1,0.90730083
1120,ECE1,0.8823544
1121,NELFCD,0.948412
1122,NARS,0.8891234
1123,CDC42BPB,0.8613726
1124,GDI1,0.7825307
1125,VMP1,0.77178013
1126,MRFAP1L1,0.89032984
1127,SMARCD2,0.9688586
1128,LUC7L2,0.90438616
1129,COMMD6,0.8810638
1130,TRABD,0.87732655
1131,TOB1,0.92680824
1132,CCDC6,0.8219624
1133,AAMP,0.9509673
1134,DDX39B,0.84930265
1135,CDKN1A,0.8516199
1136,UQCC3,0.95328623
1137,UBP1,0.8707606
1138,TMEM230,0.83694553
1139,YPEL3,0.61106694
1140,UGDH,0.87999874
1141,LAMB2,0.90399605
1142,ZNF358,0.87211144
1143,GANAB,0.8485012
1144,TACC1,0.816203
1145,CCDC85B,0.84062105
1146,COLGALT1,0.9084211
1147,SRSF11,0.80334955
1148,CYTH2,0.8279618
1149,HNRNPR,0.90804255
1150,RNPS1,0.91929394
1151,MYADM,0.91851217
1152,CHMP3,0.9041423
1153,GABARAPL2,0.6628532
1154,PPP1R12C,0.925388
1155,CDV3,0.8276118
1156,UBTF,0.790452
1157,ARPC1A,0.8833744
1158,LUC7L,0.9100653
1159,LAP3,0.82399523
1160,VOPP1,0.8327819
1161,SQSTM1,0.55600035
1162,SLC44A4,0.9240913
1163,CDC42SE2,0.89272004
1164,CCDC47,0.9202514
1165,FAM102A,0.74013025
1166,EMC4,0.88459784
1167,H2AFJ,0.714459
1168,PITPNB,0.9359736
1169,PIGR,0.5771392
1170,ADAM15,0.7937547
1171,PGGHG,0.5789157
1172,TPX2,0.9406244
1173,C15orf48,0.86554
1174,FKBP8,0.7988402
1175,RAB7A,0.81691873
1176,ANXA1,0.8773412
1177,H1F0,0.8555058
1178,TRIM28,0.89311665
1179,EIF1,0.7683128
1180,CSNK1D,0.7897849
1181,EPS8L2,0.95340616
1182,DCTN1,0.8709646
1183,PDHB,0.9294807
1184,INAVA,0.9525522
1185,RNASET2,0.80551493
1186,C19orf53,0.9103311
1187,PSMF1,0.86612797
1188,STT3B,0.9564811
1189,PILRB,0.8983931
1190,PATJ,0.950134
1191,MUC1,0.5747741
1192,ABR,0.7488726
1193,EIF5,0.88368
1194,COX17,0.80030495
1195,GNL3,0.91784674
1196,TXNDC12,0.9257527
1197,ILF2,0.93433607
1198,ZRANB2,0.8114325
1199,VPS36,0.8968748
1200,MMP24OS,0.76736677
1201,PPP1R9B,0.92560947
1202,CCDC124,0.84996784
1203,ARHGDIB,0.93669033
1204,GTF3C6,0.8746155
1205,R3HDM4,0.8905659
1206,ACTR1B,0.9122686
1207,EDF1,0.85729206
1208,TMPRSS4,0.9235223
1209,SRM,0.8955916
1210,YY1,0.8885921
1211,SF3B1,0.76112187
1212,PCBP1,0.76837415
1213,BCL7C,0.86865944
1214,DCTD,0.8918081
1215,RNPEP,0.8816262
1216,CNPY3,0.80113256
1217,PGAM1,0.74491626
1218,PSMC3,0.79482377
1219,ALG5,0.94993544
1220,PCBP2,0.6955722
1221,RAB5B,0.8272618
1222,TSPAN13,0.80115926
1223,SLIRP,0.9033652
1224,TCF7L2,0.892903
1225,NAB1,0.8263731
1226,MYO1C,0.7920688
1227,CNN3,0.9339199
1228,LRRC59,0.92830193
1229,BUD23,0.9338387
1230,STAU1,0.91247886
1231,RNF11,0.8903259
1232,FDFT1,0.92801654
1233,CDC16,0.91745377
1234,UBE2L6,0.8031208
1235,SOD3,0.5874119
1236,DDX56,0.95374185
1237,SRRM2,0.7731579
1238,CELF1,0.85703754
1239,DDAH2,0.79512686
1240,GAK,0.91617864
1241,TP53I11,0.8367012
1242,PRSS8,0.9363176
1243,NCBP2,0.9540296
1244,TAF15,0.9516591
1245,FOXP1,0.79628456
1246,FAT1,0.8327076
1247,HSD17B10,0.91989666
1248,NUDC,0.81144506
1249,UBE2I,0.950253
1250,GPCPD1,0.81795985
1251,SMARCA5,0.903901
1252,IKBKB,0.91088825
1253,TM4SF1,0.75547105
1254,SCAND1,0.85255444
1255,ERBB2,0.94545877
1256,SIGMAR1,0.92918825
1257,IFRD2,0.9061951
1258,LONP1,0.9209298
1259,MACF1,0.9262486
1260,POLDIP2,0.93873435
1261,MCM3,0.92928475
1262,FOXP4,0.8316054
1263,PABPC4,0.7766194
1264,CLSTN1,0.8848504
1265,GID8,0.93935585
1266,SMS,0.9230743
1267,PTPN12,0.85563916
1268,NFKBIA,0.8361412
1269,RNF43,0.862485
1270,PCBD1,0.9664019
1271,CMTM6,0.8128127
1272,ESYT2,0.7522487
1273,TSPAN1,0.8938728
1274,IP6K2,0.8977698
1275,ABCC3,0.8611197
1276,MYO15B,0.73681766
1277,PSMA2,0.9482896
1278,ARRDC3,0.9085678
1279,TMEM214,0.7403704
1280,ZFP91,0.8176952
1281,POR,0.8121714
1282,CASC3,0.86997086
1283,PTK2,0.8962718
1284,NSA2,0.78645325
1285,ARHGAP17,0.86443025
1286,STK25,0.8840954
1287,TINAGL1,0.724999
1288,RAB10,0.8965071
1289,PIGT,0.89131695
1290,PHLDA1,0.7854329
1291,PIEZO1,0.8825361
1292,MPC2,0.9454339
1293,KLF4,0.8522624
1294,ARCN1,0.90453434
1295,LAMB1,0.92711353
1296,DCTPP1,0.94345474
1297,WDR43,0.9635788
1298,GOLGA3,0.8438296
1299,CYSTM1,0.91278136
1300,PSENEN,0.83485305
1301,GLG1,0.7116713
1302,CAPRIN1,0.95103997
1303,SH3YL1,0.9073272
1304,C19orf48,0.92413634
1305,RSL1D1,0.9271034
1306,GPAA1,0.72099894
1307,ATP5PB,0.8239524
1308,ESRP1,0.86294305
1309,UBE2R2,0.8928053
1310,FKBP10,0.8791421
1311,SIGIRR,0.9457444
1312,FAM83H,0.9088811
1313,NRARP,0.8024995
1314,PTPA,0.8778048
1315,A2M,0.93062675
1316,NFKB2,0.8802808
1317,PDLIM5,0.762582
1318,TMEM258,0.8916065
1319,QTRT1,0.9108719
1320,TGFBR2,0.8835718
1321,CHURC1,0.91797197
1322,CHD4,0.8465802
1323,KXD1,0.917808
1324,ANKHD1,0.89338934
1325,MYD88,0.8251082
1326,GTF3A,0.83898216
1327,VCP,0.7881156
1328,CD320,0.9702764
1329,TOP2B,0.8635253
1330,SON,0.6918802
1331,DPP7,0.8914177
1332,EPHB3,0.85340625
1333,CFB,0.6420064
1334,CDC42SE1,0.8553132
1335,TGM2,0.7999447
1336,SSR3,0.863355
1337,SLC44A1,0.9043522
1338,UBL5,0.84607255
1339,CYCS,0.9050587
1340,RAB14,0.8445529
1341,GPS1,0.95429415
1342,SMDT1,0.86803406
1343,BUB3,0.93083
1344,ACLY,0.92577493
1345,COX5B,0.838373
1346,MOGS,0.9094911
1347,GALNT2,0.7244692
1348,SRC,0.9283463
1349,SCP2,0.87763107
1350,RAB11A,0.9042567
1351,NFE2L2,0.7868218
1352,SF3B6,0.9388889
1353,PREP,0.9516099
1354,RARS,0.88951916
1355,HUWE1,0.8610979
1356,SRSF7,0.8624416
1357,CKB,0.7863995
1358,HSF1,0.88101524
1359,BHLHE40,0.77550256
1360,SNRPB,0.8937828
1361,DUT,0.8776641
1362,C3,0.87101376
1363,NANS,0.9047963
1364,PPP4R2,0.86522204
1365,SUPT5H,0.8856765
1366,ST5,0.9113726
1367,DDAH1,0.94386035
1368,NAPRT,0.9073224
1369,UBA2,0.9246769
1370,ARHGEF2,0.8986391
1371,EBPL,0.92851055
1372,CORO1B,0.933395
1373,E2F4,0.9497427
1374,WDR1,0.70129424
1375,MINK1,0.93812037
1376,IFNAR1,0.7612373
1377,EPHB4,0.92458695
1378,PSMD4,0.938062
1379,GATD1,0.9411019
1380,TBL1XR1,0.93176734
1381,STK11,0.872178
1382,GCN1,0.9240785
1383,FOXO3,0.7830718
1384,SH3PXD2A,0.9289617
1385,MSI2,0.9255794
1386,BECN1,0.93491024
1387,EMP1,0.8980309
1388,UFC1,0.9208026
1389,COPS9,0.86139613
1390,SSU72,0.8908191
1391,OCIAD2,0.9091603
1392,PRKAB1,0.9280099
1393,SPCS3,0.7467442
1394,CERCAM,0.9566979
1395,PON2,0.8622545
1396,UBE2G2,0.83951324
1397,LGMN,0.8158573
1398,PDLIM7,0.94263774
1399,SERINC2,0.93823344
1400,CDCA7,0.9218449
1401,PPP6R2,0.89710516
1402,ESD,0.8986477
1403,NDUFAF3,0.8449298
1404,MCRIP1,0.93950087
1405,CDH17,0.90583265
1406,IGFBP3,0.91463506
1407,ANAPC11,0.9107439
1408,ERP29,0.88723505
1409,ETFA,0.8913867
1410,H2AFY,0.86469316
1411,AREG,0.6292377
1412,SREBF2,0.8932811
1413,LARP4B,0.94464725
1414,STOML2,0.91508216
1415,POLD4,0.86487913
1416,TYK2,0.88174134
1417,RRAS,0.88105154
1418,DDX3X,0.751608
1419,ADIRF,0.5523388
1420,GNA11,0.9007472
1421,OGA,0.8678241
1422,CD2AP,0.9118772
1423,CD276,0.9352581
1424,RAB5A,0.8078181
1425,AKT2,0.86291975
1426,SEC61A1,0.7632502
1427,CUX1,0.79177004
1428,GDI2,0.8851724
1429,MAX,0.6463876
1430,EBNA1BP2,0.941286
1431,PPP1R15A,0.69285285
1432,CBFB,0.91743946
1433,NBR1,0.87813556
1434,ALDH1B1,0.7556717
1435,TES,0.70324033
1436,TM9SF2,0.9182014
1437,PARP4,0.9146736
1438,CDKN1B,0.87557775
1439,XRCC5,0.8718955
1440,APEX1,0.8864752
1441,ALKBH7,0.8976354
1442,VAT1,0.88326585
1443,C8orf33,0.8406998
1444,MAPK3,0.947383
1445,B2M,0.6736546
1446,LSM8,0.94312656
1447,SSBP1,0.9452909
1448,CSNK2B,0.9235968
1449,STOM,0.9648179
1450,PES1,0.92075425
1451,C4orf48,0.7893662
1452,SLC35C2,0.9239351
1453,PAFAH1B1,0.8970183
1454,ATRAID,0.896757
1455,TBCD,0.9113561
1456,TMEM147,0.9330393
1457,METAP2,0.9222018
1458,RIC8A,0.88560146
1459,MAZ,0.8893005
1460,TRIP12,0.8127295
1461,LBH,0.961726
1462,RAB11FIP1,0.92433196
1463,ADH5,0.90843076
1464,CTSH,0.78219795
1465,CCNL1,0.6897278
1466,TCIRG1,0.7912107
1467,GNAQ,0.80209553
1468,SUPT16H,0.9327092
1469,RAP1A,0.8830484
1470,BRI3BP,0.90557426
1471,COX16,0.9455561
1472,NMRAL1,0.9299217
1473,SEC61G,0.93460065
1474,CD55,0.7707078
1475,CTSK,0.9357881
1476,PPP4C,0.9420735
1477,FARSA,0.93754905
1478,SKIL,0.8128254
1479,MED25,0.90923566
1480,DBNL,0.74892336
1481,ZKSCAN1,0.92972344
1482,MAP4,0.86474735
1483,FBLIM1,0.82880116
1484,DYNLL1,0.6769604
1485,SLC44A2,0.8741072
1486,SEC22B,0.82092077
1487,ORMDL3,0.87470335
1488,C1orf43,0.9489208
1489,ID2,0.82033265
1490,MTPN,0.82446724
1491,PUM1,0.92744696
1492,GTF2F1,0.9172732
1493,REPIN1,0.9460736
1494,TMBIM6,0.85594505
1495,UBR5,0.8080455
1496,MAF1,0.90875834
1497,NISCH,0.9095004
1498,ATOX1,0.8412116
1499,ACIN1,0.90724283
1500,RAPGEF1,0.833375
1501,KIF5B,0.8269504
1502,GGNBP2,0.83457905
1503,DDX39A,0.9145368
1504,CCT2,0.94386053
1505,ADGRG1,0.9163818
1506,VCL,0.9283962
1507,RBCK1,0.8246133
1508,ARHGEF1,0.88389397
1509,NDUFAB1,0.96451044
1510,CAP1,0.7547639
1511,DR1,0.83449537
1512,TXN2,0.9329567
1513,VARS,0.9374348
1514,CIAO2B,0.8811795
1515,SNRPD1,0.8960204
1516,CLU,0.80767685
1517,SSRP1,0.93007463
1518,USP36,0.86192715
1519,HPCAL1,0.81975144
1520,MIEN1,0.9038168
1521,TMED10,0.82043713
1522,IGBP1,0.92576134
1523,ANKH,0.8700692
1524,C1orf122,0.8085102
1525,FAM32A,0.8257967
1526,UBE2E3,0.867937
1527,CLUH,0.91402036
1528,CPSF6,0.92305136
1529,TM9SF4,0.90993154
1530,TCERG1,0.9089643
1531,COPS6,0.93108183
1532,SEC11C,0.81320816
1533,SELENOK,0.8189262
1534,CALCOCO2,0.8502656
1535,ATP6V1F,0.7693785
1536,LSM5,0.9098247
1537,CREB3L1,0.79138625
1538,FASTK,0.9040071
1539,TRIM27,0.9419416
1540,C11orf96,0.9505488
1541,NR2F6,0.92617464
1542,VPS37B,0.93538886
1543,DPP9,0.8480229
1544,SORL1,0.858823
1545,BTBD2,0.83501595
1546,MACROD1,0.9180291
1547,MFF,0.9236265
1548,RAB2A,0.8747071
1549,MVP,0.9192357
1550,TUT7,0.8327634
1551,NDUFS8,0.9256657
1552,ABCC1,0.83001465
1553,MYO10,0.8447085
1554,EFNA1,0.8457989
1555,MAP3K20,0.90757054
1556,RXRA,0.8896375
1557,DAPK3,0.9118055
1558,ACSL3,0.8710378
1559,GRHPR,0.8949766
1560,HBS1L,0.85943794
1561,DSTN,0.74273384
1562,BZW1,0.7734074
1563,PPIF,0.8871806
1564,PRPF19,0.92303723
1565,EFTUD2,0.94593567
1566,ERGIC1,0.86792135
1567,UQCRC2,0.93838346
1568,SUCLG2,0.8421667
1569,INSIG1,0.807022
1570,NDUFA10,0.9453928
1571,GNAI3,0.8394742
1572,CSE1L,0.9525755
1573,TRAF7,0.8799978
1574,DNAJC5,0.88655823
1575,FAM3D,0.88179463
1576,SUPT6H,0.9080038
1577,DNAJA1,0.8413628
1578,STT3A,0.96301454
1579,TMSB4X,0.73049325
1580,EMD,0.90241235
1581,RBM47,0.9279833
1582,SEPHS2,0.8599291
1583,OGT,0.8584401
1584,SUN2,0.9098676
1585,CENPB,0.8134333
1586,CARS2,0.8928324
1587,MED13L,0.89604384
1588,DNAJC15,0.8751417
1589,GTPBP6,0.79530394
1590,YPEL5,0.73466057
1591,PRKACA,0.91910183
1592,ICAM1,0.9108209
1593,SLC4A2,0.86203253
1594,CRLS1,0.93310434
1595,MAP7,0.94996536
1596,TNKS2,0.86370075
1597,PSMA1,0.94905883
1598,KCMF1,0.8970073
1599,SLC12A7,0.91419214
1600,MAPKAPK2,0.7153064
1601,TMEM123,0.84829503
1602,TMEM109,0.8877491
1603,RNF10,0.6885203
1604,HEXA,0.872568
1605,DGAT1,0.9004326
1606,DAZAP1,0.9367022
1607,FAM174C,0.9542783
1608,OAZ2,0.95111865
1609,PSMA5,0.89516944
1610,SORBS3,0.9280767
1611,SRP19,0.88544124
1612,IBTK,0.9104368
1613,RCN2,0.9198941
1614,NRDC,0.85134375
1615,MTA1,0.89181614
1616,PPP2CB,0.7844241
1617,DDX46,0.9083394
1618,ZFC3H1,0.8311468
1619,BET1L,0.79044145
1620,YIF1A,0.86521214
1621,UBE2A,0.83739144
1622,DKK3,0.95210695
1623,AK1,0.7313622
1624,PSMD11,0.91286844
1625,GGH,0.81593764
1626,NUP62,0.9578145
1627,ASAP2,0.85011494
1628,STX16,0.7945839
1629,NEK6,0.8756785
1630,OGDH,0.84533817
1631,PSMD2,0.88789463
1632,EIF2B5,0.9370207
1633,GTPBP1,0.87109977
1634,ELL2,0.8054267
1635,MT1E,0.586176
1636,RUVBL2,0.93081367
1637,CHMP1B,0.8933554
1638,ATP6AP1,0.88206387
1639,NDUFA9,0.9525779
1640,SCYL1,0.7902293
1641,MANF,0.85174024
1642,ARL6IP5,0.85627127
1643,GNPTG,0.8974833
1644,C1orf198,0.9366504
1645,MDM4,0.9126892
1646,ICA1,0.93815714
1647,PAPOLA,0.90748173
1648,DCXR,0.8640007
1649,MAPKAPK5,0.95449466
1650,LPCAT1,0.8706543
1651,NDUFA7,0.9410451
1652,ARPC5L,0.91687524
1653,HNRNPLL,0.74834883
1654,NUMB,0.9316762
1655,GSTO1,0.8983598
1656,STRN4,0.8579727
1657,HK1,0.8778904
1658,CTTN,0.64028406
1659,SNHG32,0.8855586
1660,MSRB2,0.88227767
1661,DHRS3,0.7138944
1662,RAB18,0.8194706
1663,TTYH3,0.87818015
1664,WDFY1,0.7841951
1665,ALYREF,0.94131976
1666,RAB1A,0.8657035
1667,M6PR,0.920893
1668,KPNA2,0.85272735
1669,GSS,0.9006075
1670,CYP2S1,0.77684563
1671,ADNP,0.946939
1672,PACSIN2,0.90334165
1673,PMPCB,0.91326994
1674,PRMT2,0.82342786
1675,HDHD3,0.95712835
1676,RAB1B,0.6995144
1677,RBM6,0.84864813
1678,POLR2B,0.9168668
1679,TNPO1,0.8624491
1680,IRF3,0.8041319
1681,LSP1,0.87224823
1682,SLC9A3R1,0.9203825
1683,SARS,0.7365926
1684,TMEM189,0.82670784
1685,NME4,0.84738547
1686,BOP1,0.8297218
1687,PPP1R10,0.8421882
1688,PPP1R15B,0.77607435
1689,DCTN2,0.83021784
1690,RRP7A,0.89319986
1691,KDM1A,0.9268452
1692,ANKLE2,0.8243197
1693,RALA,0.82007164
1694,PPP4R3A,0.92892605
1695,PDS5A,0.89028704
1696,RABGGTB,0.9569869
1697,ZC3H4,0.9160828
1698,MYLK,0.8863167
1699,UBE3C,0.9445829
1700,ACAA1,0.91268116
1701,SKI,0.94320077
1702,CD46,0.85535014
1703,SLC39A1,0.8678881
1704,TNKS1BP1,0.8686756
1705,SPTAN1,0.80770224
1706,VWA1,0.8105055
1707,KARS,0.93428916
1708,SLC39A8,0.70132965
1709,INTS1,0.91900206
1710,CLCN3,0.9161173
1711,CPSF1,0.7791167
1712,SPIN1,0.8434902
1713,MEAF6,0.8477731
1714,HM13,0.779036
1715,DNAJB11,0.8368823
1716,POF1B,0.9243717
1717,DDX54,0.9352718
1718,SHARPIN,0.8184592
1719,URI1,0.9017078
1720,RTCB,0.9230469
1721,ARRDC1,0.9629002
1722,RBM14,0.9122136
1723,TMEM176B,0.79352295
1724,SSR1,0.83116376
1725,S100A13,0.887302
1726,BAZ1B,0.91768026
1727,DVL3,0.82093495
1728,WSB2,0.87509054
1729,RWDD1,0.7543224
1730,DUSP23,0.8016881
1731,PTK7,0.87127984
1732,APEH,0.92831385
1733,MDK,0.705576
1734,AP2A2,0.83098596
1735,DECR1,0.8815708
1736,TFDP1,0.9571902
1737,SREBF1,0.90086186
1738,PSMC4,0.91356415
1739,ALDH18A1,0.89794785
1740,SERPINB1,0.7957184
1741,ATG4B,0.86643094
1742,GAS6,0.7129763
1743,MOB1A,0.8126418
1744,SPINK1,0.71068054
1745,SEPTIN9,0.7595583
1746,MTG1,0.9128497
1747,TXLNA,0.78009707
1748,ANP32A,0.9020643
1749,PPP6R1,0.73941857
1750,KPNA4,0.8657578
1751,HCFC1,0.951735
1752,TMC5,0.8406413
1753,INSR,0.7292403
1754,METTL26,0.92197025
1755,TRIB1,0.7031079
1756,LRCH4,0.91637284
1757,HYOU1,0.87680715
1758,TNS3,0.884802
1759,KDELR1,0.8586149
1760,NCLN,0.90327847
1761,TOMM22,0.9033206
1762,MXRA8,0.9363082
1763,MAGED1,0.81562555
1764,PLCB3,0.90097857
1765,UBA1,0.8376361
1766,TMX1,0.8790768
1767,THRAP3,0.8323005
1768,SNX17,0.7840223
1769,PALLD,0.95538884
1770,PFKP,0.8530884
1771,TSR3,0.8464729
1772,PDCD6IP,0.9281655
1773,PFN1,0.6797542
1774,UPF1,0.9232956
1775,EIF1B,0.72860307
1776,TSPYL1,0.86287063
1777,YTHDC1,0.826475
1778,GOLGB1,0.9072064
1779,BIN1,0.8559537
1780,THRA,0.907389
1781,DNMT1,0.94913805
1782,MGST3,0.8453494
1783,CHP1,0.95031774
1784,COMMD4,0.9071577
1785,CBX4,0.87110794
1786,RBM5,0.79335016
1787,MIDN,0.7870226
1788,MBTPS1,0.73738015
1789,EIF3L,0.8484236
1790,DYNC1I2,0.8480807
1791,MGST1,0.81088173
1792,FXYD5,0.7461281
1793,SELENOP,0.6722766
1794,STX3,0.9005412
1795,STAT2,0.95968103
1796,TMPO,0.93072134
1797,ACAA2,0.78848124
1798,EIF2AK1,0.9550443
1799,SSBP3,0.69280106
1800,ARIH1,0.8149624
1801,RARRES2,0.9531765
1802,PYCR2,0.9145769
1803,ATP6V1A,0.897886
1804,PPP1CC,0.85473186
1805,MSL1,0.8620921
1806,CREG1,0.80720234
1807,FAM193B,0.9252633
1808,PLTP,0.8595611
1809,TBCB,0.9015997
1810,THOC2,0.944084
1811,MFSD10,0.8123527
1812,SNX1,0.8818932
1813,TAF7,0.90892214
1814,DYNC1LI2,0.8817712
1815,FOXK1,0.92491347
1816,API5,0.86879075
1817,HDAC2,0.90015554
1818,ID3,0.8466502
1819,CHID1,0.8798151
1820,NKTR,0.8426218
1821,ATP9A,0.86159277
1822,LAMB3,0.89178985
1823,FUBP1,0.8397526
1824,ARAF,0.8347298
1825,PRPF40A,0.9502564
1826,MED15,0.8255293
1827,ATL3,0.80137205
1828,INO80E,0.9076191
1829,SCARB2,0.7552484
1830,ZMAT2,0.91287833
1831,CEP170B,0.81354094
1832,FAM3C,0.7350049
1833,KDM3B,0.92941153
1834,MCF2L,0.86929655
1835,PARM1,0.80714947
1836,SHKBP1,0.7883559
1837,CD164,0.77257526
1838,STXBP2,0.92243296
1839,SFPQ,0.8058444
1840,EPS8L3,0.9458688
1841,LY6E,0.6636072
1842,GLO1,0.96338236
1843,DYNC1H1,0.8410565
1844,TNFRSF1A,0.7393225
1845,SYVN1,0.77599394
1846,PHLDB1,0.9601923
1847,MLXIP,0.89202344
1848,CFDP1,0.7361708
1849,FOXN3,0.9395837
1850,ABHD12,0.71131486
1851,COX7B,0.8819398
1852,ACOT7,0.8062746
1853,PKDCC,0.7851068
1854,ITGA3,0.8742832
1855,DDX1,0.95792305
1856,PGRMC2,0.846351
1857,ASXL1,0.8314706
1858,SPTLC2,0.9053608
1859,C12orf75,0.7786676
1860,PPFIBP1,0.81707066
1861,SCAMP2,0.93311703
1862,HMGN4,0.9213509
1863,PDCD4,0.7935104
1864,EHMT1,0.8709093
1865,NCSTN,0.90977967
1866,MAP7D1,0.84519994
1867,GDE1,0.9145118
1868,SERF2,0.8039793
1869,USH1C,0.949314
1870,VEGFB,0.92311543
1871,CAMLG,0.8127778
1872,DST,0.8603589
1873,NAA20,0.90136653
1874,SRF,0.8359604
1875,IK,0.83310187
1876,AKAP17A,0.8892346
1877,KCTD12,0.7509774
1878,PRPF8,0.8825894
1879,ANXA3,0.828288
1880,ATXN2L,0.8364463
1881,CDK6,0.8873259
1882,NPEPL1,0.8987521
1883,MPG,0.8338544
1884,GSDMB,0.84332734
1885,NDRG1,0.75966436
1886,SERPINF1,0.94972074
1887,HES6,0.7957239
1888,HTT,0.9277907
1889,PICALM,0.7956175
1890,ADSL,0.91841376
1891,SNF8,0.88124734
1892,TMEM87B,0.91711867
1893,H2AFX,0.7977037
1894,CIB1,0.9194383
1895,NDRG2,0.75886697
1896,TMEM165,0.7916708
1897,COQ4,0.8430858
1898,IGHG3,0.841855
1899,SH3BGRL,0.8698481
1900,DAP,0.88224614
1901,TARS,0.8484424
1902,SAMD4B,0.8727221
1903,EHD1,0.8271347
1904,SETD3,0.8981861
1905,SH3D19,0.90463907
1906,B4GALT1,0.7663445
1907,TLK1,0.9214592
1908,PTGDS,0.7742566
1909,GTPBP4,0.9294504
1910,NUP85,0.94340694
1911,STAU2,0.704521
1912,IL4R,0.8918769
1913,LRIG1,0.8871792
1914,NNMT,0.9524966
1915,HEPH,0.8247198
1916,C14orf119,0.8920826
1917,TSC22D3,0.8505112
1918,MROH1,0.8883897
1919,PSMB7,0.93293464
1920,FBXW5,0.8250847
1921,EPB41L4B,0.9570795
1922,FDPS,0.8378478
1923,KMT2E,0.82073843
1924,ZDHHC9,0.92158157
1925,ITPK1,0.91743237
1926,MTLN,0.90969473
1927,EHD2,0.96828157
1928,NDUFA8,0.9255828
1929,ETNK1,0.8853184
1930,EGLN2,0.82635933
1931,PABPC1L,0.90276146
1932,CASK,0.942867
1933,GRAMD1A,0.85278064
1934,SLC35A4,0.82991666
1935,AIDA,0.7593102
1936,PRXL2A,0.8341412
1937,PKIG,0.9079947
1938,PRPSAP1,0.9293758
1939,IGLC1,0.88006526
1940,TFG,0.85545576
1941,BABAM1,0.9483384
1942,SERINC5,0.884015
1943,BSDC1,0.87423235
1944,IDH3G,0.90679836
1945,MAVS,0.835844
1946,SLC35B2,0.9310245
1947,CLPTM1,0.868849
1948,PNRC1,0.7362021
1949,NUDT5,0.95437604
1950,STX10,0.83019716
1951,RNF40,0.92330515
1952,NDUFA3,0.89924234
1953,MED24,0.93507093
1954,TRIM26,0.9096692
1955,FBLN1,0.9148336
1956,MMADHC,0.92483646
1957,ATP6V1B2,0.7335316
1958,TNFRSF12A,0.705469
1959,BMS1,0.9246702
1960,ESYT1,0.8983571
1961,CAPN5,0.95120376
1962,GOT2,0.9521368
1963,INPPL1,0.84123105
1964,PBXIP1,0.93348676
1965,TP53,0.8375209
1966,POLDIP3,0.89318955
1967,ATXN10,0.9014004
1968,ABLIM1,0.8713762
1969,TSC22D1,0.42329296
1970,S100A6,0.8903241
1971,TMEM141,0.8189386
1972,SNRPG,0.8896284
1973,CYB5A,0.9021808
1974,SLC9A3R2,0.8265933
1975,PYURF,0.9129108
1976,MTCH2,0.93886095
1977,ADRM1,0.91779584
1978,LSM1,0.9247803
1979,ERP44,0.9139355
1980,IVNS1ABP,0.85189563
1981,HSPA9,0.92356634
1982,VPS25,0.953595
1983,RING1,0.8829563
1984,BCL3,0.7128347
1985,FBXO7,0.91623867
1986,EXOSC6,0.889671
1987,CYHR1,0.6983331
1988,AGRN,0.7520314
1989,CSK,0.8973879
1990,TRADD,0.8707681
1991,OSER1,0.8626536
1992,PPP1CB,0.7527381
1993,SAP30BP,0.86457765
1994,BCR,0.800887
1995,PLOD3,0.9026342
1996,CLASRP,0.90982586
1997,KIAA0930,0.88155115
1998,HEXB,0.8228627
1999,TRIP6,0.72770214
2000,TDP2,0.8966867
2001,SOCS3,0.9120799
2002,SMC1A,0.9151351
2003,WDR26,0.8439425
2004,TCEAL4,0.93298495
2005,PTOV1,0.8352804
2006,SGK1,0.86749727
2007,TRAK1,0.8474759
2008,TAOK1,0.90286195
2009,CHMP5,0.8327305
2010,MBNL2,0.8780378
2011,POLE3,0.9554959
2012,RABGAP1L,0.7359139
2013,DCAF8,0.8866475
2014,ARMCX3,0.89411
2015,ARFGAP1,0.8474551
2016,SGTA,0.87902623
2017,SMARCB1,0.92615986
2018,ILRUN,0.73141915
2019,GTF3C1,0.9067451
2020,SDHB,0.9376989
2021,TMEM134,0.85821027
2022,KDM2A,0.88859355
2023,GHITM,0.93223876
2024,ANXA7,0.89783573
2025,CREB3,0.80285513
2026,SPTBN1,0.846767
2027,ANAPC13,0.8586706
2028,CWC15,0.9162912
2029,SAFB2,0.9104004
2030,NOP56,0.8737574
2031,NBEAL2,0.9138541
2032,PHYKPL,0.8714733
2033,EHF,0.92736614
2034,ACACA,0.94093454
2035,PSMD3,0.95069647
2036,PIN1,0.92972314
2037,MBNL1,0.90546757
2038,MAP3K11,0.84347886
2039,MRC2,0.97683793
2040,HTATIP2,0.8950189
2041,HECTD1,0.88766277
2042,ALKBH5,0.86975306
2043,ABHD16A,0.9286137
2044,SPPL2B,0.89489496
2045,MRTFA,0.93664664
2046,PSME2,0.8531703
2047,ASCC3,0.8391233
2048,DHX30,0.8959743
2049,U2AF2,0.9079524
2050,ARHGAP18,0.79301995
2051,UBE2H,0.8547012
2052,PJA2,0.898975
2053,BPTF,0.90905684
2054,TNRC18,0.7822953
2055,EPHA2,0.86455137
2056,TNFRSF14,0.84402245
2057,OSBPL2,0.95313597
2058,KDM5B,0.85667914
2059,EP300,0.8214812
2060,GOLIM4,0.81107605
2061,PLEKHJ1,0.9523908
2062,VPS26B,0.90123814
2063,CCDC71L,0.8470726
2064,FAM3A,0.83085495
2065,VPS13C,0.7703387
2066,ZMPSTE24,0.76678324
2067,ACTB,0.7264971
2068,PAXX,0.8903985
2069,DHCR24,0.91708386
2070,FKBP3,0.8571581
2071,DDX27,0.93320376
2072,ATXN7L3B,0.9042945
2073,KDM6B,0.7857963
2074,CBX5,0.92774016
2075,HCFC1R1,0.9324522
2076,DIAPH1,0.8588485
2077,NDUFS4,0.9027004
2078,ABL1,0.8705354
2079,CMTM4,0.9178077
2080,TELO2,0.91804504
2081,AUP1,0.8670537
2082,METRNL,0.81344545
2083,AHCYL1,0.796913
2084,NTMT1,0.94473845
2085,GDF15,0.78866446
2086,RNF130,0.83720255
2087,TCEAL8,0.8840844
2088,RAB21,0.859593
2089,KMT2B,0.9286491
2090,RHOG,0.88829523
2091,ARFGEF2,0.93393934
2092,COL16A1,0.95192945
2093,KTN1,0.79853386
2094,IRF9,0.7648511
2095,IPO5,0.95232016
2096,TRAF5,0.8574349
2097,TIMMDC1,0.84438956
2098,SYMPK,0.93942803
2099,SLC37A1,0.89243424
2100,PPP1R11,0.9132064
2101,USP34,0.894094
2102,DSP,0.92756504
2103,POMP,0.9088808
2104,RNASEK,0.7520421
2105,PURB,0.8695664
2106,ZNF638,0.87712145
2107,MYO1B,0.888107
2108,CSTF3,0.9497466
2109,PLS3,0.84221977
2110,NAA60,0.8774228
2111,PTPN1,0.7986846
2112,B4GALT5,0.8101335
2113,GSPT1,0.925427
2114,AKT1S1,0.7916693
2115,IER5,0.864082
2116,BRWD1,0.8710841
2117,WIPI2,0.93838584
2118,CHMP4A,0.8848745
2119,NCK2,0.8787591
2120,NAA38,0.81142825
2121,NDUFV3,0.8550544
2122,PRPF4B,0.8830422
2123,CDCP1,0.90743285
2124,CLCN7,0.8607995
2125,TRIM25,0.89007324
2126,NFIB,0.80401057
2127,MOV10,0.76026446
2128,RBM15B,0.89414215
2129,LETMD1,0.912552
2130,ZGPAT,0.8741401
2131,CRACR2B,0.7956273
2132,SELENOF,0.89188015
2133,FAM89B,0.8368891
2134,DHPS,0.9362443
2135,MAPK1IP1L,0.87324005
2136,PYCR1,0.8953395
2137,MGAT5,0.8388459
2138,PAM16,0.9653965
2139,MYOF,0.86778444
2140,IWS1,0.82381094
2141,SLC16A1,0.6843733
2142,PYCARD,0.8646146
2143,CLTC,0.8333112
2144,ISCU,0.7948242
2145,PAPSS2,0.79140383
2146,PPP1R16A,0.8661119
2147,MESD,0.83758086
2148,COPS7A,0.87770265
2149,ACSS1,0.8519955
2150,SRGN,0.90093726
2151,LRPPRC,0.89679956
2152,MVD,0.8709559
2153,RASA2,0.74662125
2154,TIAL1,0.9279971
2155,UBE2B,0.87163115
2156,ABRACL,0.9257841
2157,PLIN3,0.7953649
2158,PFDN2,0.926866
2159,DENR,0.9181193
2160,ILVBL,0.81899726
2161,BAX,0.84135616
2162,UBA52,0.79196185
2163,SHB,0.845939
2164,FAM234A,0.86520857
2165,DDOST,0.93681955
2166,VGLL4,0.8108625
2167,BLOC1S1,0.8932759
2168,FBP1,0.684237
2169,TMOD3,0.8184827
2170,SRP68,0.9449758
2171,MAPK14,0.90868205
2172,ENGASE,0.8624088
2173,CDHR5,0.9486317
2174,ITPRIPL2,0.80017203
2175,PXN,0.8117648
2176,EXOSC7,0.9626133
2177,CFLAR,0.8647496
2178,EHD4,0.72343874
2179,CCNY,0.90989494
2180,SELENON,0.85473675
2181,USP4,0.77725416
2182,AGPAT3,0.8770035
2183,AMN,0.8376384
2184,SNX5,0.88250315
2185,RNF145,0.8446816
2186,STK40,0.7152397
2187,SLC39A9,0.92705375
2188,QKI,0.9540519
2189,PRPF38A,0.90496624
2190,AP1S1,0.87272626
2191,ATP11A,0.88674206
2192,OGFR,0.81841916
2193,CERS6,0.9482322
2194,PCID2,0.9559333
2195,KHDC4,0.8975824
2196,PSMD10,0.92003614
2197,ZDHHC3,0.9167041
2198,NDUFS1,0.93326217
2199,TAX1BP3,0.69379044
2200,LRRC47,0.90071696
2201,RNF44,0.94894445
2202,SPSB3,0.85610646
2203,NDUFA12,0.9413638
2204,NT5C,0.8790554
2205,GPR107,0.83360404
2206,YWHAB,0.81330425
2207,THBS2,0.95273775
2208,MANBAL,0.88851845
2209,TOMM6,0.92384565
2210,GOPC,0.931722
2211,DPM1,0.9469443
2212,PLS1,0.94930714
2213,RBL2,0.8426773
2214,ATP6V0E1,0.6707241
2215,YAP1,0.84096396
2216,PRXL2B,0.95756185
2217,BRK1,0.83780974
2218,HIF1A,0.8688613
2219,CEACAM1,0.8639963
2220,RGL2,0.9065095
2221,PPP1R35,0.95120037
2222,PDGFA,0.7961049
2223,POLR2A,0.8463168
2224,TCEA3,0.7502314
2225,PAN3,0.895503
2226,GIT1,0.9307161
2227,USP25,0.78571147
2228,PAXBP1,0.9175138
2229,EIF4EBP1,0.9140358
2230,RBM12,0.9244476
2231,LSM2,0.9516349
2232,TMED4,0.93238926
2233,PML,0.919393
2234,BAIAP2L1,0.8913437
2235,GTF2IRD1,0.9218234
2236,CEBPZ,0.9626097
2237,ZMYND8,0.84630936
2238,ARIH2,0.85911906
2239,LGR4,0.92829525
2240,FBXW4,0.8793691
2241,CBLC,0.91300875
2242,HIST1H1B,0.72626126
2243,UNC93B1,0.86845434
2244,MYB,0.9254777
2245,KIAA0100,0.939786
2246,SHC1,0.8963674
2247,AKAP13,0.882596
2248,NT5DC2,0.7681107
2249,NDUFC2,0.8624218
2250,PRKD2,0.88977236
2251,TMUB2,0.85864097
2252,HSD17B11,0.9012584
2253,DUSP3,0.70277894
2254,FUBP3,0.8828043
2255,ADIPOR1,0.8934277
2256,NUDT3,0.8895505
2257,DHX9,0.95769155
2258,ZNF598,0.90077746
2259,PI4KA,0.8856121
2260,SHMT2,0.84396154
2261,HES4,0.7723857
2262,CTHRC1,0.9044085
2263,GPR35,0.95076007
2264,MUC20,0.81464297
2265,MXD4,0.8493975
2266,GTF2F2,0.94333285
2267,DLD,0.8981034
2268,IGFBP2,0.7055455
2269,BCL2L2,0.8346748
2270,FOSL2,0.88941556
2271,KCNE3,0.83864695
2272,PHRF1,0.85059446
2273,UBAC2,0.95719063
2274,KIAA1217,0.8573727
2275,BLCAP,0.927702
2276,SLC25A1,0.86692417
2277,LAMA5,0.7625022
2278,PQBP1,0.9019206
2279,ZNF207,0.80529976
2280,SEC24C,0.82120353
2281,AGAP3,0.8298172
2282,CREB3L2,0.83372605
2283,HAGH,0.89842427
2284,IMP4,0.95023215
2285,CRISPLD2,0.9495779
2286,TMEM248,0.89171773
2287,OST4,0.7442306
2288,NDUFV2,0.8877502
2289,UQCC1,0.8838212
2290,UBAP2L,0.8964568
2291,FAM91A1,0.9322225
2292,NDUFAF2,0.8821248
2293,XPO6,0.9382698
2294,ADCY6,0.8966559
2295,XPOT,0.8969546
2296,CLN6,0.93157685
2297,MEPCE,0.89664376
2298,DAZAP2,0.9053262
2299,PSMD1,0.85385865
2300,PITPNM1,0.92279434
2301,LCOR,0.94703716
2302,PFKFB3,0.86888397
2303,PALM2-AKAP2,0.93851453
2304,CAVIN3,0.9229022
2305,PAM,0.8415688
2306,TMEM9,0.8585945
2307,KDSR,0.7857043
2308,NOL4L,0.92340004
2309,SPR,0.9084803
2310,XRN2,0.83541507
2311,SEC24D,0.85749227
2312,LIMS2,0.94220775
2313,KLHL24,0.83825195
2314,NOP16,0.92558515
2315,PTP4A3,0.7980552
2316,C6orf89,0.8467466
2317,KIF1B,0.8233944
2318,RTKN,0.9603285
2319,SPCS1,0.88072306
2320,TOX4,0.84704417
2321,SEPTIN8,0.820051
2322,EIF3I,0.91729254
2323,HOXB3,0.7535661
2324,EXOC3,0.92506015
2325,LARP4,0.8692767
2326,PTDSS1,0.94290894
2327,ARFGAP3,0.8554235
2328,SAR1A,0.8347594
2329,CLIC4,0.91797066
2330,ITPA,0.89005154
2331,ZFR,0.95450354
2332,TADA3,0.88421726
2333,DAG1,0.91112894
2334,SCAF11,0.83721304
2335,PTPRA,0.8280608
2336,SF1,0.84994954
2337,SLC39A14,0.7020741
2338,ASL,0.90528095
2339,MIB2,0.893228
2340,SEC31A,0.84678835
2341,SLBP,0.9128536
2342,HOXB6,0.8937742
2343,AIP,0.87452096
2344,NUDT16,0.80359846
2345,ANXA6,0.888522
2346,GOLGA7,0.8346758
2347,SLMAP,0.89071655
2348,ETS1,0.94993174
2349,PLEKHB2,0.9334064
2350,SELENOS,0.8079938
2351,ATP6AP2,0.8191568
2352,SH3GLB1,0.73407364
2353,ADD1,0.8893008
2354,TSPAN15,0.844138
2355,REEP3,0.81412184
2356,FAM162A,0.91332734
2357,LEMD2,0.86799663
2358,TXNDC17,0.9218826
2359,DELE1,0.8811213
2360,UBE2D2,0.91056263
2361,ZFAND3,0.85821426
2362,UXT,0.9403482
2363,TTLL12,0.8711646
2364,BCL2L13,0.8936371
2365,CSNK2A2,0.9426004
2366,UBE2J1,0.80188656
2367,PDLIM2,0.92684704
2368,UROD,0.90479094
2369,SUZ12,0.9503561
2370,SH2B1,0.8857663
2371,ANAPC5,0.91937596
2372,MFSD1,0.812143
2373,BMI1,0.8770314
2374,MFSD14B,0.89276975
2375,PRKCSH,0.90611494
2376,SORT1,0.88350874
2377,CERS2,0.8735785
2378,NSF,0.887258
2379,ZNF428,0.8959127
2380,VAPB,0.94177455
2381,TNK2,0.8391614
2382,SF3B3,0.93325794
2383,IDI1,0.9249703
2384,SNX19,0.7654454
2385,ZMIZ1,0.74241066
2386,MAGT1,0.9407579
2387,SMG1,0.73637515
2388,MCMBP,0.93037283
2389,FBXO32,0.85080713
2390,SLC25A4,0.9173036
2391,METTL9,0.9062235
2392,TMEM184B,0.88998616
2393,NCOR1,0.8636732
2394,SPTSSA,0.86705714
2395,SLC26A6,0.89814174
2396,TMX4,0.8578111
2397,PFDN6,0.9373589
2398,JPT2,0.9557586
2399,ZC3H12A,0.82041293
2400,CUEDC2,0.87991923
2401,CARD19,0.874363
2402,RAVER1,0.950611
2403,LMAN1,0.7026833
2404,KMT2D,0.89148086
2405,NDUFAF8,0.8263083
2406,PCNA,0.8353003
2407,ZMYM2,0.82085353
2408,NUBP2,0.88789564
2409,BRMS1,0.8750185
2410,DAD1,0.8603296
2411,IFI16,0.87970334
2412,GALNT3,0.9249044
2413,APOL1,0.8346914
2414,F11R,0.93871033
2415,POLR2K,0.95552766
2416,KANSL3,0.9152208
2417,TAP2,0.7621501
2418,CYBC1,0.8682461
2419,CNOT8,0.94655174
2420,PARL,0.92476225
2421,PCM1,0.8934285
2422,PCMT1,0.91352457
2423,GRIPAP1,0.8642267
2424,ACOX1,0.93229514
2425,VPS4B,0.93449676
2426,PSMB6,0.88496596
2427,COL12A1,0.95687455
2428,SORBS1,0.8615554
2429,PROSER1,0.9369549
2430,FBXL5,0.9113242
2431,PPP6R3,0.8858816
2432,RBBP7,0.9346642
2433,CTNNBIP1,0.87890714
2434,OXA1L,0.9123611
2435,PRPS2,0.94581634
2436,HIST1H4C,0.91488534
2437,UBL3,0.8899264
2438,PCED1A,0.8666158
2439,SLPI,0.834912
2440,GLS,0.82020676
2441,RNF5,0.86788005
2442,RAB11B,0.8604065
2443,ERCC1,0.8783597
2444,BTBD6,0.83093303
2445,TM9SF1,0.82638776
2446,GMPS,0.9416319
2447,TSPAN4,0.9513925
2448,CCDC50,0.87054074
2449,TBC1D20,0.84455985
2450,MCM5,0.9285341
2451,AVL9,0.91315496
2452,KLC1,0.9200193
2453,CCDC130,0.86695945
2454,PMVK,0.92153394
2455,MARK2,0.9378709
2456,GSK3A,0.90503466
2457,FGFRL1,0.8926654
2458,WDR18,0.93792266
2459,NRIP1,0.85115814
2460,ACTG2,0.8415971
2461,FAM210B,0.7886053
2462,KLF9,0.9225189
2463,FBXW2,0.8120316
2464,EPPK1,0.93354505
2465,ZCCHC14,0.83508396
2466,CHMP1A,0.77641916
2467,SVIL,0.89779407
2468,BAG5,0.93713146
2469,MCRS1,0.95634645
2470,DDX42,0.8891147
2471,CASP6,0.9532867
2472,CDK16,0.946036
2473,CD24,0.7029323
2474,TMEM208,0.8351259
2475,UBD,0.52447116
2476,ADD3,0.8899878
2477,KCTD20,0.89070815
2478,NECAP2,0.8681854
2479,PVR,0.9164339
2480,TMC6,0.86545247
2481,SATB2,0.87210065
2482,MLPH,0.77512306
2483,TUBGCP6,0.8447703
2484,DCAF16,0.9112838
2485,HSD11B2,0.900989
2486,XPNPEP1,0.8580023
2487,CPD,0.9016299
2488,MYO19,0.9601146
2489,LMF2,0.84369045
2490,COPS5,0.9176007
2491,ILK,0.8605737
2492,CYP3A5,0.90156686
2493,FIBP,0.8714407
2494,ENY2,0.85049736
2495,CAT,0.79542446
2496,CRIP2,0.8622204
2497,HNRNPK,0.8584237
2498,PHLDA2,0.8706579
2499,MST1R,0.9552387
2500,MID1IP1,0.7945506
2501,LSM14A,0.93768626
2502,PSMG3,0.8632246
2503,AKAP11,0.88960445
2504,PLEKHO1,0.9149165
2505,NFKBIZ,0.72419924
2506,PPA2,0.9349205
2507,ATP6V1E1,0.7623779
2508,PSMG2,0.87801915
2509,TRPC4AP,0.8310081
2510,SMIM4,0.87542474
2511,KRT10,0.7216957
2512,EPSTI1,0.7872807
2513,BCL9L,0.85153645
2514,DVL1,0.78154296
2515,H3F3A,0.6968751
2516,PHF19,0.91788393
2517,BZW2,0.95063317
2518,MBD2,0.8151318
2519,F3,0.82049954
2520,GPBP1L1,0.8700977
2521,ECPAS,0.8880271
2522,DDX49,0.97147757
2523,FAM118A,0.85536146
2524,AGPS,0.91619194
2525,MLLT1,0.90449315
2526,CXCR4,0.81941074
2527,MTA2,0.952706
2528,PHF10,0.88537043
2529,CCNDBP1,0.8726398
2530,AMACR,0.7703705
2531,DOCK1,0.81244034
2532,PRCC,0.8687466
2533,UQCC2,0.9259571
2534,TMEM263,0.91425115
2535,DNAJA3,0.93680334
2536,AQP1,0.9351935
2537,MT1G,0.632233
2538,AMD1,0.90826845
2539,RAB4A,0.90420866
2540,EEF2,0.76415265
2541,ABHD11,0.9106478
2542,SEC23A,0.8214572
2543,UACA,0.8713382
2544,DYNLT1,0.92068636
2545,LRFN4,0.94514024
2546,FAM120AOS,0.87117714
2547,SLC39A13,0.9445559
2548,IMPAD1,0.8554382
2549,DEDD2,0.9045325
2550,HIST1H1E,0.74015826
2551,LRP5,0.929334
2552,ZFAND2B,0.86251193
2553,SLC16A3,0.6589972
2554,CEBPG,0.96087897
2555,SF3A1,0.91308063
2556,CNOT7,0.885891
2557,AFAP1,0.86540633
2558,AGPAT1,0.8117937
2559,COMMD7,0.87031364
2560,RCN3,0.92081594
2561,IKBKG,0.881815
2562,PSMB3,0.89724225
2563,TMEM185B,0.94627553
2564,PPP1R12B,0.90742683
2565,CMBL,0.75870895
2566,SH3BP4,0.9242824
2567,YKT6,0.8299313
2568,ZNF783,0.9050759
2569,TM2D1,0.899402
2570,NUDT21,0.9211069
2571,TPGS2,0.819846
2572,NACC1,0.9018997
2573,KMT5B,0.8026687
2574,TMED5,0.76906586
2575,POLR2C,0.91881615
2576,WDR13,0.8712295
2577,FAF2,0.90258807
2578,TIA1,0.8614055
2579,SEC63,0.7982015
2580,ICMT,0.7649573
2581,PBX1,0.8749947
2582,TOLLIP,0.80911607
2583,HTRA1,0.93892175
2584,TMEM173,0.79473156
2585,MAN2B1,0.8692337
2586,CRYBG1,0.9422131
2587,SPIRE2,0.89499193
2588,ECHDC2,0.77994674
2589,LIMD1,0.900847
2590,MGLL,0.88237286
2591,HSPA4,0.905993
2592,ANAPC7,0.94208944
2593,EIF2S3,0.864234
2594,TNS1,0.95666844
2595,PRKAR2A,0.9564728
2596,CIAO1,0.9516111
2597,GLYR1,0.879461
2598,RBBP6,0.9052492
2599,CASP4,0.7959383
2600,EFCAB14,0.84328884
2601,NOP10,0.8033945
2602,PTGFRN,0.91048115
2603,SPATS2L,0.7184361
2604,PDIA5,0.78187895
2605,CTNNBL1,0.9403035
2606,PEX26,0.82030386
2607,DNAJB2,0.69855934
2608,SETD5,0.86733496
2609,LIMK2,0.81025094
2610,RNPEPL1,0.86911553
2611,PACS2,0.85350406
2612,MGRN1,0.92791414
2613,SH3BGRL2,0.96362746
2614,NDUFS3,0.92039835
2615,THAP11,0.91802853
2616,ANTXR1,0.9274479
2617,RELL1,0.8654497
2618,CCNC,0.94661146
2619,ITPKC,0.7093015
2620,TACC2,0.90769047
2621,SIRT7,0.9342884
2622,VPS13A,0.8871112
2623,INTS10,0.8659108
2624,ATF6B,0.9150923
2625,EXOC4,0.8611702
2626,TXNL1,0.7777756
2627,DAXX,0.93193024
2628,AGAP1,0.8412233
2629,ABHD14B,0.89933866
2630,KLF13,0.8575688
2631,MYO6,0.91541535
2632,SLC39A11,0.9090532
2633,MYO7B,0.8510324
2634,TXNDC15,0.8814379
2635,PLAAT4,0.6719937
2636,ERRFI1,0.7448736
2637,DBNDD2,0.86710256
2638,FUT4,0.9151501
2639,PRDM2,0.869834
2640,ANO9,0.90766907
2641,KRTCAP3,0.9441608
2642,FXR1,0.8809077
2643,MARK3,0.83794564
2644,HMGN3,0.88573235
2645,CDS2,0.74852985
2646,DNAJC3,0.81353664
2647,ELOF1,0.83164537
2648,NIPSNAP2,0.9210462
2649,COX7A2L,0.9160411
2650,LOXL2,0.8735891
2651,WIPF1,0.8993131
2652,SCNN1A,0.8715227
2653,SURF6,0.9294048
2654,ANKRD13D,0.8816374
2655,ACTR1A,0.8246569
2656,CLDN1,0.8118698
2657,HDAC7,0.9132032
2658,AARS,0.8258052
2659,CYB561,0.874506
2660,OTUD5,0.8343548
2661,ATP2C1,0.906248
2662,DCTN4,0.87237537
2663,NUFIP2,0.8701787
2664,PSMD7,0.9246085
2665,PGP,0.9182456
2666,TRIM38,0.9150296
2667,ANKRD17,0.8332271
2668,PNKD,0.85611373
2669,EIF4A3,0.88684547
2670,MORF4L2,0.81267935
2671,CKAP5,0.952777
2672,CMIP,0.9016795
2673,CENPT,0.81239575
2674,ACAT1,0.9057749
2675,PRPF3,0.88448524
2676,TIMM17B,0.94092995
2677,TSPAN14,0.8444829
2678,COL5A2,0.85652673
2679,CARHSP1,0.82273763
2680,CES2,0.82719994
2681,STARD3,0.8829705
2682,TRAPPC9,0.93345916
2683,FKBP5,0.82765806
2684,TIMM50,0.9548306
2685,DNAJC8,0.9198243
2686,CDIPT,0.87554747
2687,ITFG1,0.9051567
2688,NFX1,0.91739696
2689,LAMP2,0.89062417
2690,SART1,0.90595454
2691,TBC1D22A,0.8601653
2692,TNFSF10,0.69905883
2693,SCAMP4,0.8626415
2694,PLEKHG6,0.9366881
2695,RNF167,0.9207317
2696,SNRNP40,0.95382965
2697,NOSIP,0.93681896
2698,VPS29,0.9187697
2699,DNAJB6,0.8683571
2700,GUCD1,0.9420209
2701,BSCL2,0.8880609
2702,NFKB1,0.7814017
2703,ARHGEF7,0.84821075
2704,CSDE1,0.7747019
2705,MPRIP,0.9156245
2706,TOMM70,0.91733724
2707,ITGAV,0.9272658
2708,FNDC3A,0.78438437
2709,ANKZF1,0.91925514
2710,NABP2,0.9543494
2711,OSBP,0.95451784
2712,YIF1B,0.88956803
2713,TRAPPC4,0.87035197
2714,LZIC,0.8728693
2715,GSE1,0.86599463
2716,PHF20L1,0.7097741
2717,MCM6,0.9153513
2718,TTC17,0.83666116
2719,MLLT3,0.911913
2720,SPATA20,0.83822525
2721,PPP1R14A,0.9057868
2722,RASSF1,0.92270964
2723,DIAPH2,0.90941864
2724,ZNF664,0.9532806
2725,ENOPH1,0.956768
2726,TOMM40,0.91010964
2727,SLC25A10,0.9353953
2728,KLHDC4,0.9138094
2729,MUS81,0.84240335
2730,BOD1,0.9159403
2731,ST6GALNAC6,0.8803316
2732,QRICH1,0.89866114
2733,TRIM56,0.90767527
2734,SAPCD2,0.9053014
2735,YIPF2,0.89172447
2736,GTPBP2,0.88725317
2737,MTHFD1,0.90701485
2738,GSKIP,0.9454532
2739,ZNFX1,0.8026401
2740,TPGS1,0.88171
2741,ARL2BP,0.909628
2742,TMEM43,0.80021805
2743,GRPEL1,0.944137
2744,ZC3H18,0.87004244
2745,PSMB9,0.6776937
2746,IL2RG,0.76140594
2747,SLC31A1,0.8810716
2748,WASHC5,0.88408804
2749,ARFRP1,0.90452117
2750,PARVA,0.87882143
2751,ARID1B,0.91907895
2752,EIF2B1,0.9101637
2753,TMEM176A,0.6810121
2754,AFF1,0.8010672
2755,DNAJC10,0.8877353
2756,D2HGDH,0.8869036
2757,MDH1,0.9147176
2758,LARS,0.9027136
2759,MCFD2,0.79255056
2760,CCAR2,0.87547654
2761,SEPTIN11,0.86995876
2762,TRAPPC1,0.7972192
2763,PPP1R18,0.92184687
2764,FAAP100,0.8852516
2765,PXDN,0.95960855
2766,ISG20,0.8757445
2767,DACH1,0.8258462
2768,CNPPD1,0.8982925
2769,GATA6,0.9218728
2770,SAT2,0.88802034
2771,TESC,0.75899774
2772,COL15A1,0.9601334
2773,MCUR1,0.86868566
2774,TMCO1,0.8867298
2775,SLC7A6,0.88845927
2776,LSM14B,0.92241246
2777,DTX3L,0.77614605
2778,RAE1,0.93229526
2779,SLC35F5,0.8313045
2780,KMT2C,0.83189476
2781,HERC4,0.71539074
2782,USP9X,0.8293313
2783,UBALD2,0.81277335
2784,TNFRSF6B,0.579119
2785,BCAR1,0.7782497
2786,SCAP,0.89082813
2787,PLEKHM2,0.9216495
2788,MUC12,0.70954895
2789,PITRM1,0.93217343
2790,PRKDC,0.90657693
2791,CNIH1,0.9070233
2792,TMEM245,0.92347133
2793,IFITM1,0.65949357
2794,TNS4,0.826321
2795,PTGES3,0.8974808
2796,NDFIP2,0.9271622
2797,GET3,0.9357037
2798,CLIP1,0.87496763
2799,ATG101,0.8379029
2800,SMPD4,0.90133697
2801,ZNF33A,0.8387708
2802,DGCR2,0.8852396
2803,ALG13,0.87468547
2804,ABI1,0.91019505
2805,EMP3,0.9310411
2806,CHSY1,0.96726334
2807,FPGS,0.9265736
2808,CARM1,0.96342
2809,CBX3,0.79839426
2810,DNAJA4,0.81017953
2811,POLR3E,0.9441563
2812,UBE2E1,0.8878779
2813,FBXW7,0.83785474
2814,ZNF330,0.92832696
2815,EMG1,0.96211606
2816,PRRC1,0.93423975
2817,NDUFS7,0.89919895
2818,SMIM26,0.9310155
2819,GSK3B,0.94925344
2820,TMEM98,0.85343015
2821,CNOT1,0.94525146
2822,SNRNP25,0.9371766
2823,NRBP2,0.81083167
2824,SEMA4B,0.9276773
2825,TMEM159,0.8114954
2826,NELFB,0.8828367
2827,NFAT5,0.8779937
2828,EML4,0.93515337
2829,FURIN,0.7417908
2830,SMAP2,0.89684516
2831,TOMM34,0.9616307
2832,TMEM41B,0.9175591
2833,MTX2,0.94748783
2834,RPIA,0.97280544
2835,SMAD3,0.8398732
2836,MAN1A1,0.7982311
2837,TMEM168,0.9191691
2838,ERF,0.8666691
2839,DNAJC1,0.8246606
2840,ALDH3A2,0.8319713
2841,ZBTB38,0.847761
2842,MAPK8IP3,0.86488026
2843,TGFB1,0.9230018
2844,UBR4,0.822025
2845,TIMM10,0.9473441
2846,UBXN4,0.82677144
2847,PAWR,0.929937
2848,EPB41L1,0.84399045
2849,PRKCD,0.86841166
2850,CFAP97,0.9199972
2851,POLG,0.8377123
2852,ADM,0.80184144
2853,PNP,0.868115
2854,ZBED1,0.793708
2855,NMT1,0.89939255
2856,DDX41,0.9455711
2857,ADAM19,0.91666925
2858,GPAT4,0.8188963
2859,IDH3B,0.914351
2860,CRK,0.77894574
2861,CLPP,0.9337839
2862,PRKAA1,0.8570178
2863,NSUN2,0.94362867
2864,AXIN1,0.8702501
2865,NOP2,0.950665
2866,HADHB,0.88058764
2867,MED13,0.9417495
2868,RANGAP1,0.8676706
2869,WAC,0.84375036
2870,PTPRG,0.87679255
2871,PCMTD2,0.94352776
2872,SURF1,0.81673586
2873,SART3,0.8870301
2874,SP3,0.88415146
2875,KLF10,0.7116229
2876,TNKS,0.8813487
2877,YME1L1,0.8816453
2878,GRB2,0.74329376
2879,KHNYN,0.84690124
2880,FAR1,0.8477014
2881,ACBD3,0.7103264
2882,WRNIP1,0.93825585
2883,SHTN1,0.8322597
2884,NCAPD2,0.9522158
2885,MTIF3,0.92320937
2886,RSRC2,0.8735776
2887,BTBD7,0.85992235
2888,HGSNAT,0.90351206
2889,PSEN1,0.85040027
2890,VTI1A,0.8792807
2891,TMEM97,0.8949171
2892,UBE2Z,0.88515145
2893,ZC3H15,0.94763225
2894,EIF2S1,0.9116544
2895,RNF4,0.84859735
2896,G0S2,0.70731294
2897,IMP3,0.84203655
2898,CAMSAP3,0.9681009
2899,ACBD6,0.9445203
2900,ZNF217,0.8696719
2901,ATPAF1,0.93858343
2902,RFFL,0.90676314
2903,ALG3,0.9707117
2904,YY1AP1,0.9133648
2905,BRD9,0.9247138
2906,STX7,0.759028
2907,ZZEF1,0.8641256
2908,GBF1,0.7106333
2909,LAS1L,0.94483465
2910,PRKAR1B,0.92570037
2911,CGGBP1,0.7888884
2912,TFF1,0.80931574
2913,CHERP,0.96469325
2914,RBPMS,0.8401059
2915,RGS3,0.76436555
2916,DAB2IP,0.9068187
2917,SMC5,0.90303713
2918,ACOT9,0.88281345
2919,SLC30A9,0.9644944
2920,SRP9,0.8277882
2921,LSM6,0.96347094
2922,FAM199X,0.89717096
2923,WLS,0.7957782
2924,OAS3,0.76136726
2925,ANTKMT,0.8900668
2926,DPYSL3,0.9513709
2927,PPIE,0.92708415
2928,IGHM,0.8392191
2929,HIPK3,0.9341222
2930,IFT20,0.80773604
2931,RDH10,0.7481352
2932,SDC3,0.88291496
2933,BDH1,0.95494235
2934,CABIN1,0.8738684
2935,N4BP2L2,0.79987955
2936,MAEA,0.9057812
2937,SMIM15,0.9290565
2938,NUB1,0.913105
2939,HRAS,0.85910285
2940,FNBP1,0.8547366
2941,NECTIN2,0.84524244
2942,CD47,0.805963
2943,CHKB,0.8827251
2944,TRIO,0.78724664
2945,ARF5,0.88749915
2946,PKD1,0.8441705
2947,SLC30A1,0.84847695
2948,TMEM70,0.80665547
2949,CHD2,0.758338
2950,INO80B,0.89366585
2951,SNRPF,0.9180774
2952,STK4,0.8323975
2953,EHMT2,0.9365636
2954,CPSF7,0.88773674
2955,TSC22D2,0.7648815
2956,CEMIP2,0.83191967
2957,PLCG1,0.93194896
2958,DCAF11,0.9335405
2959,ARFIP2,0.9095645
2960,MYBBP1A,0.82837826
2961,NUP42,0.92551327
2962,PTK6,0.9375768
2963,DNAJA2,0.8926555
2964,OPA1,0.9346468
2965,EIF2A,0.877773
2966,DOT1L,0.8830734
2967,HELLS,0.9476345
2968,HOXA10,0.88868654
2969,ELOVL1,0.8514307
2970,CCND3,0.7708317
2971,PAPSS1,0.8265735
2972,TPCN1,0.87588894
2973,STAG2,0.92513573
2974,EIF2D,0.8886313
2975,IVD,0.894316
2976,DGCR8,0.9190542
2977,DKC1,0.94918907
2978,TUBGCP2,0.86012983
2979,PSIP1,0.84523535
2980,PGM3,0.85739946
2981,MBD6,0.9142558
2982,IL13RA1,0.8463364
2983,WBP2,0.8473891
2984,FABP5,0.8019658
2985,ITGB2,0.90342635
2986,MEX3D,0.883643
2987,TBC1D16,0.853443
2988,ZNF703,0.91318274
2989,TMEM33,0.93343097
2990,ACSL1,0.8121163
2991,FAM136A,0.9643969
2992,ATAD1,0.9207069
2993,PMP22,0.8945834
2994,MYBL2,0.91202396
2995,HTATSF1,0.9548203
2996,LSS,0.85054314
2997,CYFIP1,0.9090145
2998,UBXN1,0.8594521
2999,TRIM22,0.8650575
3000,RHBDD2,0.76252824
3001,SLC20A1,0.70448554
3002,PLEKHG5,0.77204764
3003,PKP2,0.9302169
3004,SMAGP,0.9407857
3005,BSPRY,0.92619896
3006,CCDC88B,0.62313384
3007,PTPRE,0.8223587
3008,STAP2,0.9361421
3009,SRSF4,0.7858661
3010,DPEP1,0.60096014
3011,NDST1,0.93751335
3012,CCDC91,0.9018325
3013,HADH,0.904764
3014,NPLOC4,0.80785453
3015,SLCO2B1,0.8753911
3016,MTA3,0.91708887
3017,GBP2,0.85959256
3018,TP53I3,0.8724629
3019,SH3RF1,0.8934534
3020,CAND1,0.88048065
3021,PRR14,0.83771795
3022,C8orf76,0.9026457
3023,ZNF195,0.9454028
3024,PAK4,0.91776997
3025,PLCD3,0.89531994
3026,PMF1,0.90675384
3027,WEE1,0.817369
3028,MYL12A,0.70318526
3029,EIF2AK2,0.87160075
3030,TIMM10B,0.90176064
3031,C17orf49,0.7995822
3032,TOB2,0.868671
3033,MEA1,0.92964274
3034,SPARCL1,0.82244295
3035,PARP10,0.6310124
3036,ELF1,0.81934243
3037,UHMK1,0.9313369
3038,MARVELD1,0.91780674
3039,RALBP1,0.85719025
3040,LCMT1,0.8852362
3041,TOP1MT,0.8529471
3042,MXI1,0.8218967
3043,UBQLN4,0.94349414
3044,DCTN3,0.8258706
3045,SPAG7,0.81752026
3046,MMP11,0.71776927
3047,GALNT10,0.7073351
3048,SCAF1,0.9016412
3049,NT5C2,0.8226327
3050,TMEM106B,0.87934464
3051,FAM204A,0.89834505
3052,CDC20,0.9279385
3053,TPP2,0.9145661
3054,NSMCE4A,0.9202023
3055,KLHDC3,0.8902367
3056,MISP,0.7706563
3057,ERN1,0.8569708
3058,PRNP,0.88159835
3059,PPM1A,0.887117
3060,BAD,0.8685767
3061,SPTLC1,0.9307869
3062,FEM1B,0.8497445
3063,WDR33,0.91326606
3064,BRAT1,0.8924662
3065,TRAPPC2L,0.893919
3066,ATP2C2,0.80564815
3067,APOL6,0.72778636
3068,PAFAH1B2,0.86467934
3069,SNX9,0.71429384
3070,PLOD2,0.79234445
3071,ORMDL1,0.89103717
3072,HACD3,0.9440786
3073,SRPK1,0.84488666
3074,SMARCA2,0.8700264
3075,PLXDC2,0.9195131
3076,GTF3C5,0.9227258
3077,SUN1,0.8192343
3078,HECA,0.77187157
3079,RBM25,0.77727467
3080,PCGF2,0.74461794
3081,SHFL,0.8942234
3082,WFS1,0.58866304
3083,ANGPTL2,0.92827576
3084,STX5,0.81822544
3085,DHCR7,0.94970554
3086,MFSD12,0.86539704
3087,PFKM,0.92142373
3088,AMDHD2,0.8276243
3089,SSNA1,0.8841504
3090,AP5Z1,0.8729753
3091,EDEM1,0.8330893
3092,CDH11,0.94142115
3093,MAT2B,0.7811642
3094,CCNB1IP1,0.9496173
3095,GALNS,0.7545978
3096,SLC25A28,0.82879883
3097,RBM8A,0.85315955
3098,TIMM44,0.91697156
3099,PCMTD1,0.7007403
3100,BNIP3L,0.74579614
3101,SFXN3,0.8963068
3102,SERPINA1,0.613146
3103,ROCK1,0.87523943
3104,RB1,0.9012171
3105,ZDHHC7,0.87131155
3106,CYTH1,0.7998377
3107,CD82,0.8370767
3108,GFPT1,0.84886634
3109,TOR3A,0.8232746
3110,CALCOCO1,0.90092355
3111,NEK9,0.90570706
3112,RHPN2,0.819415
3113,SAMD1,0.8679782
3114,RANBP3,0.91106385
3115,UGP2,0.8107087
3116,MOB4,0.84127337
3117,STX4,0.8879449
3118,CCSER2,0.8082031
3119,CEBPA,0.8881597
3120,PLA2G12A,0.9553254
3121,N4BP1,0.7903078
3122,CD2BP2,0.8592516
3123,ARID1A,0.7761571
3124,NOP14,0.9366547
3125,DFFA,0.91598505
3126,CXCL8,0.4170762
3127,NSD1,0.80945164
3128,ZDHHC8,0.79813004
3129,NDEL1,0.84299356
3130,DEPP1,0.8593822
3131,MRTO4,0.9367309
3132,ATP13A1,0.924775
3133,BID,0.93255633
3134,PERP,0.73166484
3135,RREB1,0.9271411
3136,CUL3,0.9387499
3137,HDAC5,0.8136454
3138,SGSM3,0.82599324
3139,PREB,0.812823
3140,TLE2,0.84742105
3141,CDK12,0.9126634
3142,XPO1,0.93214905
3143,MRGBP,0.95170057
3144,COMTD1,0.85934645
3145,PSD4,0.88890564
3146,URGCP,0.849076
3147,PDLIM3,0.9008526
3148,KCTD5,0.88456213
3149,PCK2,0.9063944
3150,WDTC1,0.87398
3151,FAM207A,0.909445
3152,PHF20,0.8927354
3153,ARHGAP26,0.832548
3154,SPAG9,0.8450122
3155,SEL1L,0.7596421
3156,TIMM9,0.8177718
3157,SMAD2,0.8686939
3158,TMEM8A,0.8690151
3159,AP2B1,0.94978654
3160,RNF19B,0.7963489
3161,NUP58,0.91011477
3162,DBN1,0.87374955
3163,B4GALT2,0.808015
3164,NF2,0.9295498
3165,RAB35,0.8197242
3166,DNAJC21,0.9392487
3167,DMWD,0.9119021
3168,AATF,0.9402019
3169,CLK1,0.82337487
3170,MFHAS1,0.88435924
3171,TAF6,0.9217836
3172,APBB2,0.8271159
3173,DDX6,0.7911293
3174,SLC38A2,0.6514123
3175,ATP13A3,0.8047611
3176,AKNA,0.8898893
3177,TMEM129,0.85632175
3178,C2orf68,0.91929036
3179,UCKL1,0.9393175
3180,PPARG,0.87702733
3181,SCARB1,0.8906209
3182,RPP21,0.9354622
3183,DUSP6,0.78300893
3184,CGN,0.937414
3185,WDR90,0.91093475
3186,MON1B,0.893824
3187,OXLD1,0.94274044
3188,MSN,0.96150625
3189,RCAN1,0.812303
3190,ATP2A3,0.7990332
3191,TGFB1I1,0.949718
3192,SMARCA4,0.93732387
3193,CNOT2,0.9220076
3194,GPR108,0.8562538
3195,DENND1A,0.8520964
3196,TJP1,0.76131016
3197,SLC29A1,0.90717965
3198,BTBD1,0.93118805
3199,NOC2L,0.90182436
3200,STK39,0.87948424
3201,TSEN34,0.9428311
3202,TPR,0.77565336
3203,SRCAP,0.87769586
3204,SUGT1,0.9237479
3205,PPIL2,0.935181
3206,PLCB4,0.6689021
3207,IL10RB,0.89087325
3208,RBFOX2,0.8916941
3209,TRIP10,0.82921034
3210,GLYCTK,0.887098
3211,IFRD1,0.75740474
3212,KCTD10,0.8395303
3213,DCTN6,0.8522296
3214,UPP1,0.8140446
3215,SLC25A23,0.88260263
3216,RETSAT,0.9229669
3217,CNOT3,0.91864383
3218,EIF5B,0.9097042
3219,TNPO2,0.8917896
3220,NPM3,0.8682031
3221,TTC1,0.9089367
3222,TERF2IP,0.8616761
3223,USB1,0.81485826
3224,PSKH1,0.85288525
3225,MCM3AP,0.9067748
3226,GGA1,0.8668923
3227,GALNT1,0.6871333
3228,NELFE,0.8698569
3229,TRIM4,0.9076438
3230,PPP3CB,0.9012719
3231,IGF2R,0.6671768
3232,INTS3,0.9070035
3233,FKBP11,0.7856325
3234,CLASP2,0.9059825
3235,PHC2,0.8480779
3236,PROM1,0.6993636
3237,LMO4,0.7474522
3238,CLIP2,0.7103263
3239,SGPL1,0.8886782
3240,AVEN,0.84526813
3241,CAPN15,0.9016041
3242,DPF2,0.9272269
3243,MDM2,0.6934438
3244,PIH1D1,0.8787889
3245,SSH2,0.88606864
3246,STAT5B,0.94256073
3247,RIN2,0.844337
3248,TMEM9B,0.95105517
3249,NSD2,0.93770164
3250,NUDCD3,0.92922574
3251,DTX2,0.8522714
3252,GNL3L,0.9233516
3253,PIK3R2,0.90083677
3254,LRP11,0.9341126
3255,NPEPPS,0.8198179
3256,MAPKAP1,0.89331657
3257,ZBTB7B,0.9487629
3258,ITPRID2,0.880428
3259,LZTS2,0.9381848
3260,SPNS1,0.79945415
3261,DMPK,0.94025654
3262,RALGDS,0.77025783
3263,YTHDF2,0.9542943
3264,DPH2,0.9479418
3265,PGM1,0.8111038
3266,PLEKHA1,0.85549515
3267,CCM2,0.8138094
3268,WDR55,0.91680527
3269,MALL,0.8776641
3270,ATP6V0A1,0.7174075
3271,PBRM1,0.8970984
3272,RUBCNL,0.8069011
3273,VAMP3,0.82656366
3274,GASK1B,0.8852629
3275,P4HA2,0.7434756
3276,RUVBL1,0.95009404
3277,MIER1,0.86063516
3278,SELENOO,0.8889608
3279,PI4KB,0.91030276
3280,RABEP2,0.9161366
3281,NOB1,0.9682668
3282,CCS,0.8993206
3283,CAD,0.9183982
3284,MZT1,0.8931113
3285,ARHGEF11,0.8866974
3286,GOLPH3L,0.8911974
3287,JDP2,0.8476785
3288,FUT3,0.93496364
3289,COPS7B,0.93645465
3290,RALB,0.8842941
3291,GADD45B,0.9412249
3292,ZDHHC6,0.9421292
3293,PEX2,0.8753666
3294,DGKD,0.78942454
3295,OSTF1,0.8544425
3296,SAMHD1,0.82416344
3297,NSFL1C,0.83940375
3298,UBQLN1,0.9000815
3299,ZNF410,0.83150667
3300,OSBPL9,0.8429395
3301,RBM26,0.9152627
3302,ITGA2,0.84827375
3303,CCNYL1,0.8005784
3304,DESI2,0.85425574
3305,GAA,0.86032593
3306,CD14,0.89379865
3307,WIPF2,0.80432236
3308,SLC25A37,0.81264114
3309,STARD3NL,0.8823903
3310,INTS8,0.9386097
3311,LAPTM4B,0.7855612
3312,ZFAND1,0.8938302
3313,TASOR2,0.9331514
3314,CAB39,0.7774467
3315,BCKDHB,0.92680794
3316,SRI,0.7582899
3317,ANKRD52,0.8921594
3318,DNAJC2,0.9570381
3319,PHB,0.8796696
3320,NIPBL,0.9072965
3321,TMED3,0.8677339
3322,GNG12,0.72159517
3323,ETV3,0.84320927
3324,MAGED2,0.7868954
3325,ARL4C,0.8977064
3326,ERCC5,0.8935793
3327,FAM114A1,0.65150654
3328,RAB27A,0.783358
3329,BOK,0.86954266
3330,VPS53,0.868784
3331,ATXN7L3,0.91320187
3332,PLBD1,0.8340157
3333,CNP,0.8202228
3334,TXNDC11,0.86307925
3335,RFX5,0.91218966
3336,TRMT2A,0.9293966
3337,FAM160B2,0.89573723
3338,GPATCH2L,0.906207
3339,EXT1,0.77286863
3340,GSR,0.882977
3341,SLC5A1,0.8857032
3342,MAPKAPK3,0.9631144
3343,RHOF,0.8272746
3344,NKD1,0.6394821
3345,FAM20C,0.86599123
3346,DTX4,0.9433655
3347,FNBP4,0.88427794
3348,NEDD9,0.73192513
3349,NAXD,0.9178567
3350,PSMA3,0.84465754
3351,ANKRD9,0.8833043
3352,TAZ,0.92982996
3353,NOL7,0.94061565
3354,PLEKHG2,0.94239664
3355,CCDC86,0.94568634
3356,C2,0.79897594
3357,PTAR1,0.8912512
3358,TNIK,0.8651234
3359,POM121,0.9236805
3360,TSG101,0.930244
3361,ARL1,0.8505948
3362,UBN1,0.9115099
3363,PRRX1,0.97028285
3364,NOM1,0.9117051
3365,SAE1,0.90550864
3366,TRIM47,0.6987825
3367,XPC,0.88690466
3368,ENTR1,0.9460664
3369,ECSIT,0.93503946
3370,SH3PXD2B,0.91539156
3371,TNFRSF10B,0.85230064
3372,FBH1,0.82568705
3373,ST6GAL1,0.83163375
3374,RELCH,0.8947803
3375,MYO5B,0.95149904
3376,GIGYF2,0.8727665
3377,EVPL,0.82844096
3378,FARSB,0.9417439
3379,C5orf15,0.84606564
3380,ARFGAP2,0.8929041
3381,CHPF2,0.7643884
3382,RNF13,0.8478585
3383,FRYL,0.83860785
3384,DOCK5,0.88971704
3385,CCL20,0.5553683
3386,DUSP22,0.8513047
3387,PLXNB1,0.8896772
3388,HARS,0.76748234
3389,GLUD1,0.79709816
3390,KCNQ1,0.7695826
3391,NEMF,0.9097517
3392,EBP,0.9276866
3393,EXT2,0.7282561
3394,CC2D1A,0.893002
3395,PWP1,0.9468358
3396,PHKG2,0.91541487
3397,CPNE3,0.8771582
3398,MFN2,0.8521676
3399,C6orf62,0.83484375
3400,DSC2,0.91736394
3401,TCIM,0.6984409
3402,TRIM31,0.7221279
3403,FERMT2,0.94498163
3404,TAOK2,0.86774635
3405,LPGAT1,0.80644834
3406,ATP9B,0.9500928
3407,RAB8A,0.7474319
3408,ZFYVE27,0.9171297
3409,CKLF,0.84656894
3410,TRIM29,0.81607944
3411,EPS8,0.89093935
3412,AIMP1,0.9375701
3413,MAN1B1,0.8241325
3414,HABP4,0.843551
3415,TMEM179B,0.90295565
3416,LPP,0.9135482
3417,MAFK,0.695715
3418,BCS1L,0.9547859
3419,PDCL3,0.93773556
3420,COPB1,0.8501565
3421,ADAMTS2,0.96139044
3422,VAMP5,0.89181465
3423,PIK3C2B,0.9039613
3424,SEMA4C,0.93154615
3425,P4HTM,0.9268245
3426,FDX1,0.88452804
3427,TPRN,0.92159754
3428,PHIP,0.9146473
3429,BAIAP2L2,0.90614986
3430,HEATR1,0.9485977
3431,MICU2,0.92821854
3432,PIP5K1C,0.936196
3433,TPRA1,0.8679371
3434,SRA1,0.80585754
3435,SOGA1,0.8658043
3436,SUDS3,0.93615854
3437,AHCYL2,0.85848194
3438,CMAS,0.9270029
3439,GGA3,0.9070263
3440,PIP4K2B,0.9073705
3441,PGPEP1,0.9312538
3442,DENND10,0.8307067
3443,MICAL1,0.8692465
3444,EMC7,0.83566463
3445,SEMA3B,0.68864375
3446,TTC37,0.8858908
3447,ECT2,0.8866783
3448,LSM12,0.9543463
3449,USP40,0.85696745
3450,TMEM127,0.82087535
3451,CRKL,0.9369093
3452,FBLN2,0.937898
3453,PTPN18,0.87365323
3454,MPC1,0.8635078
3455,MGST2,0.9555382
3456,USP3,0.9107064
3457,IMMT,0.90047395
3458,TCF20,0.9530842
3459,TMEM14C,0.87380856
3460,CIAO2A,0.93705446
3461,BCKDK,0.86790085
3462,GFER,0.942218
3463,RAB4B,0.90713614
3464,EPAS1,0.86366355
3465,IAH1,0.84548026
3466,HOOK2,0.90133464
3467,SNX6,0.8394791
3468,PIK3CB,0.93854487
3469,DMAP1,0.89114815
3470,SLC17A9,0.7520978
3471,FAAH,0.94793713
3472,FOSB,0.6486893
3473,KIFC2,0.7538595
3474,PKD2,0.9540583
3475,TRIM44,0.888431
3476,RAB15,0.9160984
3477,UBC,0.52654684
3478,ZNF326,0.9039744
3479,ADSS,0.9159807
3480,PLEKHG3,0.8742757
3481,KRI1,0.92209464
3482,SLC25A11,0.7932052
3483,STK35,0.88564336
3484,NCOA3,0.8592598
3485,LARP1,0.925733
3486,FMOD,0.83264536
3487,POLR3H,0.90242976
3488,SECISBP2,0.92534864
3489,REXO1,0.91991407
3490,SMAD4,0.90139776
3491,MPHOSPH10,0.9550687
3492,RBM23,0.8871026
3493,INAFM1,0.94773054
3494,BRD1,0.8686926
3495,NHSL1,0.89012617
3496,NCOA6,0.94606495
3497,KEAP1,0.9029332
3498,ANO6,0.88022435
3499,PDCD11,0.88705474
3500,DPM3,0.8765839
3501,COPS2,0.89669865
3502,LPCAT4,0.9307161
3503,SHROOM3,0.93506056
3504,QDPR,0.8835636
3505,NFIA,0.8908908
3506,SNRPA,0.9164786
3507,TNFSF13,0.7280261
3508,RNASE4,0.8193719
3509,ARL4A,0.88769716
3510,UBE4B,0.89355737
3511,TBC1D14,0.9217607
3512,SPI1,0.9082257
3513,MED4,0.9526661
3514,SCPEP1,0.9166442
3515,AXL,0.9638049
3516,AP1M1,0.8491216
3517,LAMTOR2,0.89997375
3518,NEK7,0.8660542
3519,DSG2,0.8234132
3520,MAML1,0.90554655
3521,TBC1D2B,0.9464806
3522,SMIM12,0.83391494
3523,ZDHHC5,0.953147
3524,SH3BP5,0.9189772
3525,NUDT19,0.9303179
3526,SYPL1,0.90257776
3527,IFI35,0.74954844
3528,POLE4,0.7331604
3529,SBNO1,0.9483162
3530,NTHL1,0.94138324
3531,NOL12,0.9324538
3532,LIMA1,0.80411655
3533,TWF1,0.8998161
3534,CRACR2A,0.67233217
3535,AFF4,0.68809
3536,GLRX3,0.919937
3537,OCLN,0.9142162
3538,CEP250,0.9424556
3539,SSH3,0.9151017
3540,NADK,0.86426586
3541,UBE3A,0.8053289
3542,PLPP1,0.9214846
3543,FBRSL1,0.8974652
3544,RARA,0.8523839
3545,UBE3B,0.92390966
3546,UHRF2,0.8589545
3547,NLRC5,0.8689349
3548,DROSHA,0.9267949
3549,YWHAE,0.78395605
3550,SENP2,0.9271417
3551,UBQLN2,0.916002
3552,TSR2,0.9281465
3553,DMAC2,0.9262038
3554,ACAP3,0.8721079
3555,NAT9,0.9324927
3556,SNX2,0.89490265
3557,RETREG3,0.8592573
3558,WDR74,0.94866705
3559,NDUFA6,0.88213474
3560,SRSF9,0.86287457
3561,MMP9,0.8659114
3562,EDEM3,0.7647976
3563,ACP1,0.9106719
3564,UBE2J2,0.8479911
3565,ECHDC1,0.93578476
3566,NXF1,0.889236
3567,ZCCHC7,0.8889739
3568,WASL,0.89262384
3569,PSMD14,0.9546118
3570,WFDC2,0.57425636
3571,CORO7,0.84983414
3572,CCNK,0.8971777
3573,GPA33,0.90654194
3574,EIF4EBP2,0.8256946
3575,SEC62,0.7643834
3576,MPHOSPH8,0.8599745
3577,SNAP23,0.8479787
3578,MCM4,0.8637997
3579,SNX33,0.91422576
3580,CCNG1,0.8549523
3581,TMEM167B,0.7945004
3582,MIIP,0.83450216
3583,DNAAF5,0.9397821
3584,NFATC3,0.9056788
3585,LETM1,0.87851423
3586,TMEM160,0.8352829
3587,ZNF787,0.88582134
3588,LRRC41,0.86492985
3589,BET1,0.91479415
3590,ERLEC1,0.82059366
3591,NARF,0.93471146
3592,FBRS,0.87284034
3593,LAPTM4A,0.78531104
3594,SDE2,0.92696065
3595,UBFD1,0.9021807
3596,POLR3D,0.87918943
3597,PIAS4,0.9192973
3598,KLHL5,0.9104382
3599,SPRY2,0.9017983
3600,MAP2K1,0.9065995
3601,ESRP2,0.9134332
3602,CCND1,0.7278957
3603,LIN7C,0.94914496
3604,VAV2,0.8771548
3605,FXYD6,0.927077
3606,BTAF1,0.86400163
3607,ATP10B,0.7545474
3608,YIPF6,0.9222886
3609,WBP1L,0.8719652
3610,GART,0.9481388
3611,PPIL4,0.8427064
3612,PYGO2,0.85420126
3613,HSF4,0.8882498
3614,WIPI1,0.76132727
3615,EPC1,0.86394024
3616,THAP4,0.9192885
3617,MINDY2,0.876944
3618,TLNRD1,0.8577816
3619,GORASP2,0.9299088
3620,SEC23B,0.909316
3621,TMEM45B,0.8150299
3622,ACADM,0.8244893
3623,MED16,0.86031044
3624,ATF7IP,0.8942781
3625,CBX6,0.9531289
3626,JAK1,0.76314676
3627,CFAP298,0.9110484
3628,SPG11,0.92110795
3629,ABCF1,0.8378242
3630,SLC35E1,0.9274151
3631,E4F1,0.94066066
3632,GPC4,0.8134863
3633,STXBP3,0.85016066
3634,RHBDF1,0.7876903
3635,TTLL3,0.88419706
3636,EDC4,0.8535165
3637,DGUOK,0.9426631
3638,SIAE,0.9249224
3639,MED28,0.9074216
3640,CYREN,0.9173824
3641,DPY30,0.9640988
3642,ZPR1,0.93613046
3643,TTC39A,0.8639135
3644,ZDHHC16,0.8668826
3645,SEC16A,0.8506996
3646,NIT2,0.9232194
3647,DGKQ,0.9223399
3648,KDM1B,0.9149663
3649,C6orf132,0.9113532
3650,GPALPP1,0.91833544
3651,DOCK6,0.9259981
3652,JPH1,0.86613363
3653,PCYT2,0.9512776
3654,COQ8A,0.908532
3655,RRP1B,0.9522387
3656,SLK,0.8471416
3657,ZNF511,0.91835916
3658,NECTIN1,0.8905991
3659,C16orf72,0.7052507
3660,SH3BP2,0.7478708
3661,HIST1H2AE,0.8399119
3662,NIPSNAP1,0.9420339
3663,FIP1L1,0.89606965
3664,HSD17B4,0.9160525
3665,PACS1,0.93847984
3666,MBOAT2,0.6710759
3667,CTSL,0.8917596
3668,NUP54,0.9319696
3669,MAGEF1,0.8534191
3670,HIBADH,0.9334793
3671,PARD3,0.89758605
3672,NABP1,0.7573446
3673,HMOX2,0.9220952
3674,HK2,0.89146715
3675,SMARCC2,0.8904641
3676,EVL,0.90188795
3677,ASH1L,0.89569867
3678,RRP36,0.9161444
3679,CLINT1,0.785469
3680,CDT1,0.9304535
3681,ARSA,0.85448235
3682,UTP3,0.9322842
3683,CSF1R,0.91976917
3684,MARCH5,0.92160434
3685,GPC1,0.9295202
3686,THOP1,0.85547936
3687,ELP2,0.91456336
3688,ZNF740,0.9012948
3689,AP1AR,0.90870494
3690,TAF1,0.8994893
3691,RRP1,0.93299246
3692,RCN1,0.80528086
3693,NAT10,0.95774555
3694,SNX14,0.8584509
3695,THYN1,0.89911944
3696,RDH11,0.90142685
3697,ASPSCR1,0.88396883
3698,NFYC,0.85946214
3699,SAMM50,0.927308
3700,GGA2,0.90457016
3701,PISD,0.9211146
3702,TBRG1,0.8183156
3703,BICD2,0.90590847
3704,PPP2R2A,0.83677334
3705,SEPTIN10,0.8731726
3706,MAP2K7,0.9061483
3707,CSAD,0.9002214
3708,DCUN1D1,0.93461937
3709,PNPO,0.8946142
3710,METTL3,0.93106115
3711,PTPN23,0.89412487
3712,MRS2,0.9048146
3713,ARRDC4,0.80899227
3714,DENND2D,0.81040084
3715,BCAT2,0.89520735
3716,MFN1,0.8771567
3717,TRUB2,0.9567965
3718,ZNF106,0.8897088
3719,NFIX,0.76097524
3720,SIL1,0.8218311
3721,CRLF3,0.84117615
3722,FGFR1OP2,0.8626865
3723,PRSS22,0.87231624
3724,AP1G2,0.91053736
3725,PHF1,0.8594844
3726,POFUT2,0.92512786
3727,GMPPB,0.7958905
3728,SGPP1,0.87400323
3729,UGGT1,0.8468909
3730,BCL7B,0.78742534
3731,VEZF1,0.91468555
3732,GALNT6,0.86497754
3733,BNIP2,0.867693
3734,POLR1A,0.9354804
3735,RBPJ,0.8677885
3736,PSMG1,0.9156648
3737,WDR61,0.92207235
3738,GLB1,0.9014349
3739,RHOBTB3,0.82558024
3740,KANK2,0.8875197
3741,TUBB6,0.9741625
3742,TNFAIP3,0.8412499
3743,COL14A1,0.7740341
3744,BAG3,0.8196052
3745,ZNF317,0.92192143
3746,CRTAP,0.753696
3747,CXCL3,0.6188775
3748,ATF6,0.78449976
3749,SPRYD3,0.902193
3750,OBSL1,0.80338186
3751,ZNRD2,0.93824226
3752,BMP1,0.9384981
3753,ADAP1,0.83813775
3754,WDR46,0.8790286
3755,GARS,0.90161276
3756,SCAF4,0.9282255
3757,NKIRAS2,0.89353895
3758,PPAN,0.9409243
3759,TMEM161A,0.92042685
3760,ARHGEF40,0.8227749
3761,TYSND1,0.91470337
3762,ARHGAP12,0.9033887
3763,TMEM94,0.889359
3764,NCBP1,0.94852686
3765,ARHGAP35,0.87971354
3766,CSGALNACT2,0.9478916
3767,LFNG,0.7566432
3768,MAF,0.90906155
3769,ADAMTS1,0.91511077
3770,HUS1,0.8514908
3771,UFD1,0.8911236
3772,SMG5,0.8523048
3773,PELP1,0.9131438
3774,PAGR1,0.906619
3775,TOM1,0.8055982
3776,ADCY3,0.86198586
3777,C11orf49,0.92707294
3778,MYL12B,0.7899469
3779,PCNT,0.9263634
3780,PCDH1,0.81009966
3781,TCOF1,0.9486245
3782,SPPL2A,0.79890674
3783,CPSF4,0.93399495
3784,LEPROT,0.86850506
3785,FMR1,0.9275087
3786,RAF1,0.80153316
3787,USP33,0.8987773
3788,HELZ2,0.787529
3789,MAP4K4,0.91382694
3790,PRPF38B,0.86745125
3791,SLC5A3,0.7205539
3792,RNF216,0.91977024
3793,PMM1,0.85838413
3794,U2SURP,0.8547188
3795,PSPC1,0.892611
3796,VASH1,0.86642843
3797,CHCHD7,0.9189377
3798,PPIP5K2,0.81747454
3799,KLHDC2,0.8686952
3800,TSC22D4,0.8420059
3801,HKDC1,0.88623303
3802,P2RX4,0.8145145
3803,MED10,0.9176304
3804,ZNF219,0.88833773
3805,ELMSAN1,0.9028885
3806,STK38L,0.7440596
3807,ALG2,0.8780977
3808,SRSF8,0.92915404
3809,TTC38,0.9441926
3810,LDB1,0.9372612
3811,PRAP1,0.7614991
3812,DEXI,0.9160646
3813,DNTTIP1,0.92097074
3814,KAT5,0.9048309
3815,ITGB1BP1,0.85207325
3816,COPS3,0.9164882
3817,ENTPD4,0.8098713
3818,AMFR,0.8714021
3819,ENAH,0.86074114
3820,BBX,0.8898138
3821,ACVRL1,0.7855633
3822,SUPT4H1,0.84940165
3823,LDLR,0.80207205
3824,HSP90B1,0.71799934
3825,ATXN7,0.8053709
3826,RBM38,0.7925735
3827,AKAP9,0.8395753
3828,AGO1,0.8433177
3829,UTRN,0.82727045
3830,GM2A,0.83879757
3831,ZCCHC24,0.94056356
3832,CMTM3,0.95682937
3833,KCTD3,0.7991171
3834,APOBR,0.69386196
3835,ACVR1B,0.9522477
3836,USP11,0.91237
3837,RNF146,0.89135635
3838,MYO9B,0.9139301
3839,DAB2,0.8475934
3840,C11orf24,0.7482081
3841,ZDHHC4,0.85908127
3842,VPS37C,0.88907146
3843,ECM1,0.94696873
3844,EIF4E,0.8065058
3845,SPECC1,0.8783512
3846,GGT5,0.8869157
3847,TRIM11,0.91725475
3848,NT5E,0.60411173
3849,NAGLU,0.86081415
3850,RFNG,0.82301813
3851,PDZD11,0.93444127
3852,SMIM22,0.8405848
3853,NBN,0.85173017
3854,MYO1D,0.849517
3855,ADGRA3,0.8867156
3856,SFXN1,0.8473407
3857,SEH1L,0.8917022
3858,R3HDM2,0.90027946
3859,CCDC97,0.8905551
3860,CRELD1,0.8354831
3861,EPB41L2,0.77053654
3862,ETV4,0.88595194
3863,GORASP1,0.8981098
3864,MLKL,0.8384572
3865,SLC35B1,0.93396765
3866,SENP6,0.77406394
3867,NUP88,0.9271187
3868,MAN2A1,0.7332004
3869,AKIRIN2,0.8592445
3870,PPP1R7,0.8812479
3871,NUDT15,0.9406217
3872,GADD45A,0.73922646
3873,MAN2B2,0.84800375
3874,MET,0.9369196
3875,HDGFL2,0.9150415
3876,COQ9,0.93622506
3877,YDJC,0.9330832
3878,PIM1,0.6386792
3879,SNX4,0.84613955
3880,MICALL2,0.7634751
3881,ALDH9A1,0.93248737
3882,JMJD8,0.9083826
3883,FILIP1L,0.83925873
3884,FAM13A,0.5820052
3885,CXADR,0.8798323
3886,RABGAP1,0.91693527
3887,MAOA,0.78474414
3888,UTP4,0.9293567
3889,ATG5,0.9084465
3890,NUP98,0.93661416
3891,VKORC1L1,0.9186932
3892,HIST1H2BN,0.8443461
3893,KLC4,0.88491493
3894,ZC3HAV1,0.8813344
3895,GNL1,0.81023157
3896,SFXN4,0.948096
3897,RAB31,0.93910784
3898,FASTKD2,0.91112125
3899,STK17B,0.8475195
3900,PWWP2B,0.90338695
3901,ZNF276,0.861969
3902,MAP1LC3A,0.6888026
3903,TBC1D10B,0.8793548
3904,BMP4,0.8214064
3905,BLMH,0.88962907
3906,FAAP20,0.84817547
3907,CNKSR1,0.9219575
3908,SLC1A4,0.87250227
3909,ACY1,0.9369111
3910,PLK1,0.89834654
3911,BICDL2,0.884456
3912,SERPING1,0.93484
3913,GABRE,0.75573874
3914,ZCRB1,0.8580407
3915,IGF1R,0.8186587
3916,DEDD,0.867093
3917,MED22,0.93334055
3918,LMNB1,0.9122549
3919,PLEKHA2,0.9056212
3920,SLC37A4,0.93841934
3921,NUSAP1,0.94598013
3922,SETX,0.798522
3923,FTSJ3,0.86357456
3924,RNF41,0.86870533
3925,CA12,0.87980074
3926,GOLGA5,0.8917642
3927,ATF2,0.77860355
3928,TK1,0.91248477
3929,BROX,0.8697267
3930,ZNF444,0.9188976
3931,CCDC9,0.8971365
3932,ATP13A2,0.84960806
3933,OAT,0.7430069
3934,CDC5L,0.93727034
3935,VAV3,0.73522514
3936,ABCF3,0.89114386
3937,GATAD2B,0.9141656
3938,RRM2,0.864983
3939,SYK,0.88927275
3940,COL7A1,0.82739675
3941,KIF3B,0.92356306
3942,RAP2A,0.8816539
3943,GPATCH4,0.96731997
3944,AP2A1,0.86502606
3945,PKP4,0.9258453
3946,DCAF12,0.93621224
3947,CCAR1,0.9213127
3948,CYBB,0.8409372
3949,RSU1,0.86003166
3950,EIF2AK3,0.8319315
3951,XPO4,0.9309179
3952,PNPLA6,0.8694306
3953,SNX13,0.89601576
3954,HDAC10,0.9325188
3955,TMEM115,0.85806614
3956,ZMYND19,0.9563702
3957,DMTN,0.81392395
3958,ZEB2,0.8363018
3959,HOXA9,0.7937956
3960,TRAPPC6B,0.91400105
3961,GTF3C3,0.94445276
3962,LTA4H,0.9255586
3963,PUM3,0.94601285
3964,SLC25A32,0.9474169
3965,SLAIN2,0.89453095
3966,FAM160A2,0.89768887
3967,NEU1,0.88515943
3968,EPC2,0.9101513
3969,EFR3A,0.8413401
3970,GPRC5C,0.85279626
3971,POMGNT1,0.9077636
3972,SLC25A36,0.8904188
3973,SNRK,0.9097356
3974,RASA1,0.85489017
3975,ERN2,0.79576176
3976,SOCS6,0.8359459
3977,STAB1,0.89405715
3978,BIRC2,0.8058953
3979,NUP214,0.9146123
3980,ZNF146,0.89689195
3981,NUP50,0.9085965
3982,AKAP8,0.9154094
3983,AIFM1,0.90352887
3984,SIPA1,0.89151627
3985,USP15,0.8087891
3986,MUC5B,0.67328376
3987,NR1H2,0.7554963
3988,ERAL1,0.90964794
3989,PHGDH,0.6512361
3990,PLXNA3,0.85614127
3991,CCDC88A,0.9383646
3992,TBC1D4,0.8798634
3993,RAB11FIP3,0.8095379
3994,FAM53B,0.87366486
3995,PUM2,0.86968267
3996,COMMD5,0.87360936
3997,SLC12A4,0.96886003
3998,HERC2,0.88444084
3999,EIF4EBP3,0.90380955
4000,DLG5,0.8877307
4001,SPATA13,0.9175621
4002,SAR1B,0.8336844
4003,GMIP,0.87821007
4004,PANK3,0.9244418
4005,NDE1,0.9189256
4006,IKBKE,0.8672277
4007,MED8,0.867148
4008,ACOT13,0.9247945
4009,CAPN7,0.8803507
4010,ATG12,0.8851016
4011,F2R,0.907146
4012,STAMBP,0.9152208
4013,ARHGEF16,0.9517558
4014,TBC1D1,0.93954295
4015,TMA16,0.94670933
4016,UNG,0.91665953
4017,RETREG2,0.8664362
4018,LONP2,0.8985924
4019,ITCH,0.85883325
4020,PRPS1,0.86257285
4021,SDF2,0.770548
4022,FNIP2,0.7618516
4023,POP5,0.9285351
4024,SFRP2,0.73598665
4025,DHRS7,0.8103481
4026,PRDM1,0.85017127
4027,ZFPL1,0.904141
4028,PCYOX1,0.91419214
4029,AUTS2,0.82136023
4030,C9orf78,0.90814215
4031,TRIB3,0.8054747
4032,TENT4A,0.92077386
4033,GALT,0.8935395
4034,DHX38,0.87234217
4035,STIM1,0.81108767
4036,RIN3,0.93431133
4037,MOB2,0.946291
4038,ISG20L2,0.93720484
4039,TMEM265,0.8666864
4040,UBR2,0.74887735
4041,NUP188,0.9228821
4042,ME3,0.8252899
4043,SH3RF2,0.8835009
4044,INCENP,0.8904845
4045,RAPGEFL1,0.8853629
4046,SEMA3C,0.73864317
4047,NR1H3,0.7491558
4048,PRC1,0.92585695
4049,USO1,0.868702
4050,MSTO1,0.9064031
4051,PRPF31,0.8182666
4052,KIF13A,0.8579923
4053,ABHD17C,0.926679
4054,CCDC107,0.8211941
4055,PGM2,0.9293178
4056,PRSS3,0.8958804
4057,APIP,0.89152175
4058,NIT1,0.8300367
4059,RTCA,0.843463
4060,FBXO22,0.8833844
4061,MIEF1,0.9343635
4062,GNS,0.82975227
4063,ZNF496,0.8133537
4064,RASEF,0.93041086
4065,ATG13,0.8551336
4066,ARHGEF17,0.95636696
4067,BRD8,0.9371241
4068,ANTXR2,0.7604227
4069,KAT6A,0.87752914
4070,PLAT,0.8891386
4071,TEAD1,0.88538736
4072,CCDC57,0.9102155
4073,CUL4B,0.91452676
4074,PRKG1,0.81151664
4075,KCTD13,0.9119191
4076,ZC3H14,0.9011928
4077,SMIM20,0.90279377
4078,C12orf49,0.9173521
4079,EZH2,0.9511245
4080,FZR1,0.87976986
4081,PM20D2,0.85197777
4082,MEF2A,0.9275421
4083,MSH2,0.94922686
4084,ZBTB18,0.9263606
4085,KRTCAP2,0.887237
4086,SPNS2,0.79727715
4087,CXCL2,0.5792001
4088,USF1,0.8589164
4089,OTULINL,0.8603397
4090,TSN,0.9022094
4091,NTPCR,0.9106596
4092,BIRC6,0.9095463
4093,DNMBP,0.9253262
4094,MAPK1,0.8564545
4095,RAB11FIP4,0.93500006
4096,GMPR2,0.85343826
4097,PHACTR2,0.8070469
4098,FAM53C,0.92982644
4099,TMCO3,0.78971213
4100,RMDN3,0.85663354
4101,GOSR1,0.87258893
4102,PPP1R37,0.90475595
4103,ISLR,0.9512785
4104,ZWINT,0.9377073
4105,RUSC1,0.9143988
4106,OPLAH,0.806693
4107,HIRA,0.9576535
4108,SDR39U1,0.8859221
4109,UCK2,0.9066381
4110,ACSS2,0.9082454
4111,MPLKIP,0.9498354
4112,SLC26A2,0.7271756
4113,CTNNAL1,0.88769567
4114,SCCPDH,0.8961431
4115,ZDHHC12,0.86126584
4116,ARHGEF12,0.86520016
4117,DLAT,0.9430917
4118,HPRT1,0.94832927
4119,CUEDC1,0.8194602
4120,PLIN2,0.70036125
4121,BAZ2A,0.869343
4122,RGMB,0.85884815
4123,TTC14,0.8796401
4124,BTG3,0.8633362
4125,PLSCR3,0.9448826
4126,UBA3,0.89798623
4127,CDR2,0.8391017
4128,NRAS,0.8374953
4129,SERINC3,0.76160574
4130,TMPRSS2,0.92177814
4131,MCCC2,0.9378818
4132,CD248,0.92914456
4133,UTP23,0.94396764
4134,ELK1,0.86120224
4135,SFRP4,0.8669211
4136,COQ8B,0.8998409
4137,PEX13,0.9374983
4138,USP47,0.8494281
4139,SEMA4D,0.7944645
4140,AIG1,0.8920623
4141,MTFR1L,0.9319876
4142,TRRAP,0.8959237
4143,TTC9C,0.88706595
4144,RBM28,0.93396896
4145,KAT2A,0.86668116
4146,PXMP2,0.90478665
4147,RO60,0.8870911
4148,ANAPC2,0.90287596
4149,UBAP1,0.8836731
4150,ZNF593,0.942545
4151,SLC10A3,0.83882576
4152,SCML1,0.9069378
4153,CD99L2,0.87356013
4154,PLAA,0.89278746
4155,UBLCP1,0.8424713
4156,ATP11B,0.8339805
4157,LZTR1,0.88056403
4158,CHMP7,0.877625
4159,MRNIP,0.90483296
4160,ABCA2,0.7839431
4161,STAT5A,0.7999769
4162,PEX11B,0.8556361
4163,TMC4,0.8993369
4164,NOL10,0.9468815
4165,ATG9A,0.8190765
4166,ZCCHC3,0.9021159
4167,ARHGAP4,0.83015007
4168,ARMC8,0.8758427
4169,FAM122B,0.88599396
4170,HAUS4,0.896573
4171,CETN2,0.9072698
4172,ZNF22,0.92012227
4173,RALGAPB,0.86147195
4174,QPRT,0.8032047
4175,FRG1,0.9214398
4176,TOM1L1,0.94994026
4177,GNL2,0.89478874
4178,URB1,0.94232047
4179,SETD7,0.8328133
4180,TTC39B,0.8503729
4181,CWC25,0.93953806
4182,ULK1,0.8261948
4183,ETV6,0.8003454
4184,SRP54,0.84460455
4185,NUP93,0.8890258
4186,DLG1,0.81973606
4187,PREPL,0.87428623
4188,MYO18A,0.8633118
4189,ACTL6A,0.9618391
4190,OSGEP,0.9028596
4191,DENND4B,0.89863175
4192,PHC3,0.8477519
4193,TRAPPC3,0.83276784
4194,YARS,0.8984526
4195,C1orf52,0.9003541
4196,PDRG1,0.949673
4197,DUS3L,0.94217396
4198,ELP6,0.916596
4199,SEMA5A,0.85480225
4200,DPY19L1,0.8156444
4201,RYBP,0.8406676
4202,RRM1,0.8466565
4203,WASHC4,0.86686134
4204,PLEKHA6,0.92477596
4205,SNTB1,0.90555954
4206,COG3,0.9021283
4207,FBXO31,0.88981706
4208,PFN2,0.7771677
4209,TULP4,0.84581435
4210,CSNK1E,0.8491023
4211,VRK2,0.8594156
4212,ITGA1,0.8745076
4213,LSM10,0.8857046
4214,PNO1,0.940551
4215,SNX15,0.8815137
4216,CCDC85C,0.8875748
4217,PSMD6,0.93877906
4218,DENND6A,0.88602036
4219,CDC42BPA,0.8485642
4220,CIZ1,0.90291053
4221,EDEM2,0.9096273
4222,ABTB1,0.7504827
4223,SENP3,0.9040608
4224,CISD2,0.91596514
4225,AGPAT5,0.9259826
4226,TAPBPL,0.8756646
4227,KLHL21,0.8739508
4228,FOXK2,0.9012458
4229,TNRC6B,0.91134584
4230,RAB9A,0.8560429
4231,B3GNT3,0.92150366
4232,EIF4ENIF1,0.9404036
4233,EGLN3,0.85624427
4234,FANCA,0.9505447
4235,DCAF5,0.9049004
4236,RNF138,0.89887273
4237,USP53,0.8981908
4238,CD93,0.94936913
4239,INTS4,0.876412
4240,ATP2B4,0.8854524
4241,DHX8,0.8706636
4242,GCHFR,0.84512824
4243,RPRD1B,0.8945893
4244,TCF12,0.82921207
4245,GTPBP3,0.9399589
4246,VKORC1,0.86526304
4247,FRAT2,0.8913995
4248,FGFR4,0.8715127
4249,ATG16L2,0.921601
4250,CAMTA1,0.8542097
4251,CRCP,0.927537
4252,PRKCI,0.92828125
4253,PPM1F,0.9281929
4254,MOB3B,0.82616025
4255,MUC4,0.60033995
4256,RC3H1,0.85211945
4257,C1orf21,0.8560441
4258,SYNPO2,0.7505201
4259,C12orf10,0.9371243
4260,COX19,0.9177732
4261,MIA2,0.9095604
4262,COX15,0.89588606
4263,RAD50,0.9302994
4264,APPL1,0.9287745
4265,MICA,0.86208725
4266,PDHX,0.9498352
4267,ESF1,0.8803876
4268,ZNF592,0.899384
4269,VPS26A,0.9125012
4270,COG1,0.93500894
4271,ZNRD1,0.897328
4272,SCNM1,0.9127082
4273,TP53I13,0.868163
4274,IGSF8,0.9206404
4275,PLPBP,0.9002597
4276,ROCK2,0.8055171
4277,CHMP6,0.90474
4278,NIPA2,0.92276156
4279,G6PC3,0.9320402
4280,DERL1,0.82933646
4281,PPRC1,0.9165816
4282,ADAM10,0.79388344
4283,DHX37,0.95093256
4284,AP1G1,0.8915599
4285,ZNF451,0.84949553
4286,TMEM30B,0.95101994
4287,MMAB,0.952099
4288,CBLB,0.818796
4289,NOC4L,0.94681054
4290,TCF21,0.8850058
4291,MELTF,0.83173174
4292,ILKAP,0.88873905
4293,POFUT1,0.9285035
4294,TAOK3,0.9033589
4295,KDM7A,0.8534249
4296,JMJD6,0.8095566
4297,MFSD3,0.8832229
4298,MAN2A2,0.8355218
4299,HDAC3,0.9175119
4300,TRIM65,0.9349677
4301,RAB20,0.87587255
4302,TRAPPC10,0.8174404
4303,SPRY4,0.77585745
4304,CNNM3,0.96314085
4305,KLHL42,0.9036417
4306,SLC22A18,0.93593055
4307,TRMT11,0.92757314
4308,ITGB8,0.82663697
4309,GBP1,0.91763633
4310,KDM6A,0.8607889
4311,LRRC14,0.83878535
4312,LRATD2,0.90054524
4313,OSTM1,0.8347479
4314,BOC,0.9125825
4315,VWA8,0.9285878
4316,CLK3,0.82015413
4317,POLR1B,0.9553293
4318,SLC11A2,0.84846157
4319,PUS1,0.94519085
4320,EIF1AD,0.91133845
4321,SNX21,0.8659669
4322,CCT4,0.854449
4323,HDAC6,0.87756205
4324,SMYD2,0.9329197
4325,SH3KBP1,0.77618176
4326,MCRIP2,0.86378473
4327,DENND5A,0.96471626
4328,DCAF15,0.92941433
4329,MBD1,0.89913464
4330,UTP6,0.91756564
4331,GCC2,0.8075957
4332,NCAPD3,0.9321011
4333,CARMIL1,0.88246155
4334,CAMKK2,0.85682917
4335,KLK1,0.81694543
4336,MRI1,0.8113337
4337,RYK,0.8882319
4338,NSD3,0.89314175
4339,KSR1,0.8801826
4340,NEDD4L,0.881897
4341,HPS4,0.8791062
4342,SCRN2,0.8597042
4343,CXXC1,0.89095944
4344,DDX19A,0.892076
4345,IDH3A,0.88674444
4346,RSPRY1,0.8650705
4347,EMC1,0.9073285
4348,CBR1,0.63726276
4349,SLC7A5,0.8142563
4350,PTK2B,0.8124838
4351,ARHGAP32,0.9420683
4352,ATXN2,0.8741107
4353,NRP1,0.9278511
4354,ZNF148,0.9261015
4355,WWP2,0.9213654
4356,DNAJC13,0.8602238
4357,SLC33A1,0.90095454
4358,ACOT8,0.8763666
4359,GRWD1,0.9442801
4360,MMP15,0.86873716
4361,SLC35C1,0.9353465
4362,CCPG1,0.8237062
4363,PCLAF,0.9245443
4364,PLBD2,0.86488914
4365,GNA13,0.78137577
4366,DNAJC9,0.9212786
4367,UCHL3,0.9137669
4368,ELAC2,0.8979969
4369,RAB3D,0.8518637
4370,SGPP2,0.8687259
4371,OTUD4,0.89844066
4372,JOSD1,0.8453998
4373,NID1,0.957719
4374,TRAPPC12,0.8853779
4375,ASF1B,0.9307292
4376,STARD7,0.8516497
4377,TFCP2L1,0.7202954
4378,BMPR2,0.7545234
4379,ZNF394,0.8652816
4380,ZNF121,0.93807065
4381,ACAP2,0.89388317
4382,CTDP1,0.9004087
4383,UBAC1,0.88830423
4384,SH3BP1,0.8538729
4385,SH2D3A,0.9186965
4386,SNAPC3,0.8642734
4387,CZIB,0.88227075
4388,AMBRA1,0.9244867
4389,RHOU,0.78286296
4390,HIST1H1D,0.8005356
4391,USP19,0.885706
4392,SEPTIN7,0.78174037
4393,UNC13B,0.84918463
4394,NES,0.8230009
4395,ZC3H3,0.76376045
4396,PARP14,0.74703926
4397,TWF2,0.7617504
4398,GMPPA,0.8530194
4399,EIF3J,0.8731542
4400,EXOC5,0.8796465
4401,ZER1,0.7504694
4402,KIF13B,0.816096
4403,WDR77,0.930954
4404,ACP2,0.8057545
4405,SH3BP5L,0.9011615
4406,LNPEP,0.88360894
4407,FAM98B,0.9102562
4408,PLAGL1,0.8200856
4409,INO80D,0.8632342
4410,LIG3,0.9136552
4411,THEM6,0.8400189
4412,FOXO1,0.8172191
4413,NELFA,0.91427326
4414,HIP1R,0.9076034
4415,LIME1,0.7971762
4416,RAC2,0.7467391
4417,PIK3C2A,0.85799134
4418,AKIRIN1,0.8106818
4419,MFSD11,0.6355632
4420,ARRB1,0.8739452
4421,MCU,0.9050155
4422,CSF1,0.9160225
4423,MTERF4,0.88432175
4424,ASNSD1,0.9367434
4425,WAPL,0.91444767
4426,WDR11,0.88970715
4427,MBTD1,0.91746897
4428,NCAPH2,0.91012913
4429,MOB3A,0.9163981
4430,TRABD2A,0.78603685
4431,TM2D2,0.84185773
4432,JMJD4,0.93382937
4433,LRRFIP2,0.86538696
4434,SYF2,0.83409226
4435,GPR160,0.8893613
4436,TRAF3,0.866581
4437,MICOS13,0.84756935
4438,TMF1,0.8785309
4439,MTHFD1L,0.91444725
4440,HIST1H2BH,0.815563
4441,RNF115,0.85470045
4442,HIST1H2AG,0.8201928
4443,TNFAIP2,0.88749176
4444,ZNF800,0.891239
4445,MGAT4A,0.85668886
4446,VAMP2,0.85102147
4447,PRPF39,0.8915085
4448,CREBL2,0.7778694
4449,IQSEC1,0.8772908
4450,AOC1,0.8979775
4451,PPP3CA,0.81212765
4452,PPP2R5E,0.813134
4453,CASP7,0.8435647
4454,RASSF4,0.86017185
4455,GRTP1,0.8714835
4456,THEMIS2,0.8748527
4457,CAMK2D,0.7864298
4458,HIST1H2BG,0.77953196
4459,MAP1B,0.8996514
4460,ARHGAP45,0.8628144
4461,USP32,0.87219054
4462,JAGN1,0.94039524
4463,PHF23,0.87325853
4464,LMCD1,0.9332859
4465,TAF4,0.9419381
4466,SNX30,0.8793821
4467,PPHLN1,0.8509628
4468,NUP160,0.879459
4469,USP54,0.8011646
4470,PPIG,0.91691506
4471,NOP9,0.87756366
4472,WDR36,0.8756719
4473,LMBR1,0.8753057
4474,HMBS,0.94463307
4475,DHX36,0.7834584
4476,MORC2,0.917257
4477,ZNRF1,0.805302
4478,ZMYND11,0.9441603
4479,RILPL1,0.89930946
4480,PPP2R3C,0.8605551
4481,NT5C3B,0.87127787
4482,PAK2,0.8809571
4483,PCGF5,0.86635387
4484,NCBP2AS2,0.9448815
4485,TRMU,0.91057503
4486,CDK7,0.8073823
4487,IFNGR1,0.6214137
4488,KLHL36,0.75751054
4489,USP16,0.8541431
4490,BLVRB,0.90220773
4491,PATZ1,0.88979954
4492,FAM8A1,0.82366246
4493,PTPN6,0.87993914
4494,FUT8,0.8608804
4495,NRP2,0.9173048
4496,ZBED4,0.9456009
4497,WDR34,0.84967744
4498,ZNF655,0.8402959
4499,CYB561D2,0.92366225
4500,PAICS,0.8698269
4501,TSKU,0.7223466
4502,EAPP,0.89003724
4503,PPID,0.91932726
4504,NCEH1,0.85620326
4505,PLAU,0.7968291
4506,CHCHD5,0.93886155
4507,MACO1,0.8718948
4508,ME2,0.80611503
4509,SMCO4,0.89545345
4510,FBXO46,0.85209626
4511,VPS8,0.886969
4512,TPRKB,0.9446205
4513,RTEL1,0.7812344
4514,TIPRL,0.8965754
4515,PI4K2A,0.9277349
4516,RARG,0.84342146
4517,TMEM158,0.81548613
4518,ARPIN,0.7907535
4519,ESS2,0.8938834
4520,LARP1B,0.93092215
4521,AGGF1,0.8636716
4522,GPBP1,0.82405895
4523,FRA10AC1,0.9051781
4524,RTF1,0.8982434
4525,COPS8,0.8770599
4526,MTSS2,0.8280929
4527,SS18,0.86557215
4528,CLDN12,0.84747475
4529,PCIF1,0.9060788
4530,FBXO9,0.87158984
4531,NDUFB5,0.8796808
4532,KBTBD2,0.85317975
4533,FBXL4,0.86129206
4534,KPNA1,0.86856306
4535,VDR,0.8662533
4536,BBC3,0.8759041
4537,HMGXB3,0.90368557
4538,UPF3A,0.8699525
4539,VAC14,0.90763265
4540,NFIL3,0.82917064
4541,UXS1,0.93351203
4542,TEX264,0.94179386
4543,UNC45A,0.8164724
4544,DOCK9,0.834867
4545,ACP5,0.8228118
4546,EML2,0.89217937
4547,NDRG3,0.9134702
4548,ERG28,0.92089546
4549,ZC3H13,0.92210615
4550,AZGP1,0.82801616
4551,STX6,0.8689303
4552,DENND4C,0.826755
4553,USP39,0.9690196
4554,ALAD,0.9056077
4555,RUFY3,0.8793722
4556,TBL3,0.9365869
4557,SLC39A3,0.9217907
4558,RUFY2,0.8972778
4559,KIAA0319L,0.87535286
4560,SPRY1,0.80111605
4561,AAAS,0.8412391
4562,NMD3,0.9297975
4563,ZNF518A,0.9288043
4564,FARP2,0.93448544
4565,FBXO34,0.9145473
4566,PPP1R13B,0.92071444
4567,RAB3GAP1,0.8544649
4568,WDR5,0.94578236
4569,CACUL1,0.8328296
4570,AKAP8L,0.86826026
4571,TIMM17A,0.8628431
4572,C1QTNF1,0.7733453
4573,ACAD9,0.9377164
4574,SNAP47,0.88486195
4575,MFAP4,0.9019875
4576,DICER1,0.79995793
4577,VILL,0.7846006
4578,POGK,0.8450592
4579,MMS19,0.91204315
4580,PFKFB2,0.8132482
4581,DARS,0.78936416
4582,NOMO1,0.82579195
4583,AP4B1,0.8459733
4584,NEK3,0.8974253
4585,ZNF3,0.93313545
4586,PSPH,0.9429855
4587,DIP2A,0.8597557
4588,KPNA3,0.89430857
4589,ZSWIM8,0.8456768
4590,RNF168,0.9090975
4591,ODF3B,0.91743195
4592,RBM10,0.87832946
4593,TPRG1L,0.8767018
4594,PTEN,0.76501065
4595,JMY,0.8542417
4596,MICAL3,0.9195887
4597,PRUNE2,0.79428786
4598,CHD9,0.85363847
4599,HSPBP1,0.90537155
4600,KIAA1143,0.95233643
4601,SLC7A1,0.92502815
4602,RMC1,0.9075633
4603,PIP4K2C,0.91718614
4604,MCM2,0.9079486
4605,NBDY,0.8564921
4606,ACYP2,0.8610321
4607,VHL,0.91784734
4608,TXNRD1,0.64243287
4609,YJU2,0.9188384
4610,RNASEH1,0.9354819
4611,EPHX1,0.7424517
4612,RNF128,0.8989201
4613,HYI,0.8506674
4614,RABEP1,0.8998829
4615,DHX40,0.88798386
4616,TRAF3IP2,0.9180064
4617,JMJD1C,0.7752363
4618,PRDX3,0.9061233
4619,NFKBIE,0.86689126
4620,KIAA1671,0.9204113
4621,RBM33,0.8569065
4622,ZFP64,0.94590247
4623,LYAR,0.9062906
4624,VEZT,0.8576058
4625,VPS54,0.9020973
4626,CAV2,0.8883201
4627,ASCC2,0.9042429
4628,PPP2R5D,0.89876765
4629,PPP2R1B,0.8967288
4630,FAF1,0.9549319
4631,TMEM256,0.78325975
4632,SRSF10,0.86558974
4633,HBP1,0.79733837
4634,HDDC2,0.92683786
4635,PFAS,0.9184424
4636,SMC4,0.90533143
4637,NOL8,0.93581504
4638,HOOK1,0.9501142
4639,ZBTB4,0.95519
4640,PIGO,0.9412318
4641,RAD21,0.86316186
4642,OAS2,0.71509635
4643,EXOSC4,0.9168151
4644,GLOD4,0.90244067
4645,FAM219B,0.8922939
4646,CYB5R1,0.8780313
4647,AHR,0.534907
4648,BTBD3,0.8667687
4649,DPH7,0.845078
4650,WNK2,0.82492197
4651,C11orf1,0.9204818
4652,FAM120B,0.8587202
4653,PTRHD1,0.91395223
4654,CUL7,0.9066647
4655,POLD1,0.9462163
4656,NXN,0.8663579
4657,SFI1,0.89739573
4658,ABCD3,0.93113905
4659,WBP11,0.92991245
4660,DEGS1,0.89519703
4661,SMG9,0.90135086
4662,B4GALT7,0.9084597
4663,YAF2,0.90581167
4664,PIGC,0.92001486
4665,HIST1H3H,0.8101912
4666,ELMO3,0.92312413
4667,USP38,0.88731676
4668,WNK4,0.7341219
4669,H6PD,0.84940445
4670,ABCC5,0.79164135
4671,RAB40C,0.8930741
4672,STRIP1,0.78946483
4673,GFM1,0.9552619
4674,MFSD14A,0.76472145
4675,VSIR,0.86197907
4676,NAE1,0.91207534
4677,UHRF1,0.9345769
4678,TJP3,0.95520645
4679,MARCH2,0.893353
4680,TCEAL9,0.69867325
4681,THAP7,0.90047324
4682,FGFR1,0.90107614
4683,SMC3,0.9142796
4684,CAMTA2,0.87495834
4685,BCAM,0.81656927
4686,TTC31,0.8959667
4687,STAMBPL1,0.8732991
4688,INTS6,0.8541489
4689,RASSF7,0.8334642
4690,TMEM11,0.92070436
4691,TKFC,0.9499491
4692,MXD1,0.8231081
4693,CMC1,0.9367067
4694,CCDC167,0.9065805
4695,PGAP3,0.86119026
4696,ITGAX,0.9270116
4697,DNASE1L1,0.8127008
4698,VPS72,0.91909033
4699,JAG1,0.7677813
4700,IARS2,0.88289243
4701,IARS,0.8933255
4702,CARD10,0.8844603
4703,SRP72,0.8560033
4704,LPIN3,0.91142404
4705,PCNX3,0.8654941
4706,GTPBP10,0.9225925
4707,COA8,0.8989453
4708,FOXA3,0.85915506
4709,GNPTAB,0.83526456
4710,LYN,0.79688257
4711,TP53RK,0.9381529
4712,PCSK9,0.8177082
4713,PSMD9,0.8601856
4714,SYBU,0.80792964
4715,NINJ1,0.9135157
4716,RDH13,0.90469694
4717,GOT1,0.8933478
4718,TSTD1,0.89573044
4719,CRAT,0.82024366
4720,TENT5A,0.78966874
4721,LTBP1,0.8601807
4722,TMEM205,0.81827325
4723,SOX13,0.7851103
4724,ACTR10,0.8771539
4725,GTF3C2,0.9594542
4726,PPFIBP2,0.9000198
4727,PITX1,0.92808443
4728,EEF2K,0.8895787
4729,PARN,0.926942
4730,ARHGAP5,0.76684415
4731,TAF8,0.7972733
4732,KIAA0355,0.8445528
4733,ISOC2,0.8563428
4734,FN3KRP,0.93876046
4735,DGLUCY,0.8939608
4736,SLC11A1,0.9306232
4737,ZBED5,0.91241807
4738,PWWP3A,0.7863919
4739,PGGT1B,0.91605127
4740,LPIN2,0.88139457
4741,ARID5B,0.7284916
4742,YEATS2,0.9357857
4743,LIMK1,0.86813134
4744,PPM1B,0.7429101
4745,SUPT7L,0.8725835
4746,POLA2,0.9486047
4747,GNPDA1,0.9249548
4748,MKNK1,0.8554473
4749,THG1L,0.9008938
4750,PEX16,0.891808
4751,TMEM101,0.8982118
4752,ALS2CL,0.8919593
4753,CAV1,0.9100809
4754,TRAF2,0.953013
4755,PCNX1,0.9299822
4756,CTDSPL,0.87101954
4757,LARP7,0.9066191
4758,PPP3R1,0.81533194
4759,NEK4,0.91051775
4760,OGFOD3,0.91055286
4761,TFCP2,0.9414717
4762,EPN2,0.90801287
4763,FZD5,0.96350545
4764,SUSD6,0.87803084
4765,ST6GALNAC4,0.7734974
4766,SIK3,0.8719778
4767,CTIF,0.94465315
4768,CUL1,0.891977
4769,SLC25A13,0.90405613
4770,FSTL3,0.8418843
4771,SLC25A24,0.85675824
4772,GRHL2,0.93445486
4773,ZNF692,0.9278578
4774,JAG2,0.78010064
4775,AACS,0.8925742
4776,CDK18,0.8770617
4777,CLK2,0.9031645
4778,PPP2R5A,0.91821533
4779,CCDC115,0.8725456
4780,SNX8,0.8972842
4781,ADIPOR2,0.9433965
4782,DOK4,0.94438976
4783,ST3GAL2,0.8975908
4784,VPS39,0.87076104
4785,CHD7,0.9173445
4786,HBEGF,0.65839034
4787,C1orf174,0.93275875
4788,TESK1,0.81732976
4789,CENPW,0.82469386
4790,KCNMA1,0.8030358
4791,USP6NL,0.9305552
4792,TRIM13,0.9100439
4793,DERL3,0.8231689
4794,IFI27L2,0.6750452
4795,BTN3A2,0.8016042
4796,FOPNL,0.90571576
4797,MKRN2,0.91758394
4798,VPS45,0.86298805
4799,UGCG,0.8271403
4800,CDC42EP4,0.87861806
4801,MTUS1,0.7766367
4802,LRRFIP1,0.72788084
4803,PIDD1,0.91333956
4804,BRD3,0.8741922
4805,TNXB,0.8733029
4806,DEF8,0.8756918
4807,BRIX1,0.9391801
4808,SERINC1,0.7681292
4809,HOXB9,0.7847456
4810,RC3H2,0.92453164
4811,FDX2,0.83685833
4812,CFTR,0.78680295
4813,PPP6C,0.8640509
4814,POP4,0.9264328
4815,NUDT22,0.9324298
4816,NAGK,0.8476326
4817,MRVI1,0.93397766
4818,PLPP5,0.80959237
4819,SKP2,0.9212598
4820,ING1,0.89319706
4821,TSPAN6,0.87082416
4822,RAB3IP,0.927296
4823,TYMS,0.8046542
4824,IP6K1,0.8069829
4825,STXBP5,0.79907453
4826,RNF141,0.8823948
4827,ZXDC,0.91889715
4828,EMC6,0.91265285
4829,TOR1A,0.8536309
4830,NKRF,0.9104056
4831,RANBP9,0.82603353
4832,STARD13,0.88722515
4833,TUSC2,0.9074903
4834,SMPD2,0.93075454
4835,SMAD7,0.8950224
4836,NIN,0.9031253
4837,SNAP29,0.9252058
4838,TMEM170A,0.92948294
4839,ZSCAN18,0.8406721
4840,BOD1L1,0.9015784
4841,ARL14EP,0.8343951
4842,ISY1,0.9337273
4843,GZF1,0.8447956
4844,UCP2,0.8265931
4845,EPRS,0.88668954
4846,PPP4R1,0.8358803
4847,STEAP1,0.76461804
4848,FAM168B,0.9405803
4849,TAB2,0.841453
4850,SMAP1,0.8745497
4851,TAF1C,0.8261184
4852,MCCC1,0.92889535
4853,PLAAT3,0.76670027
4854,EPHX2,0.6868468
4855,CACTIN,0.90599984
4856,KLF16,0.9078875
4857,FBXL19,0.84510195
4858,KDM4C,0.8817933
4859,HECTD3,0.9029104
4860,MIGA2,0.9075641
4861,ALG11,0.8762249
4862,GCLC,0.8867695
4863,SF3A3,0.8659843
4864,SLC12A9,0.9252272
4865,ATG3,0.90671545
4866,FAM49B,0.8155088
4867,MITD1,0.93144804
4868,LCP1,0.8694345
4869,IRF2,0.81966937
4870,ZNF532,0.8607906
4871,MDFI,0.70455414
4872,NAXE,0.84379464
4873,CALML4,0.8581087
4874,RPAIN,0.92027706
4875,TMEM30A,0.69071406
4876,NCOA2,0.85943973
4877,ARID3A,0.81179285
4878,FAHD1,0.89523566
4879,NOTCH1,0.70859134
4880,WRAP73,0.92195314
4881,PLOD1,0.7016691
4882,LIG1,0.9172212
4883,HIST1H4E,0.76711905
4884,DCBLD1,0.8720182
4885,TFIP11,0.89941835
4886,ATG2B,0.9092284
4887,CREM,0.9391275
4888,CYB561A3,0.8671141
4889,PITPNC1,0.82000417
4890,DUSP16,0.89453554
4891,ORC2,0.9356417
4892,APTX,0.96248573
4893,CHDH,0.9382845
4894,CDYL,0.8782192
4895,GJA1,0.7998429
4896,PBDC1,0.91179115
4897,PGS1,0.8637476
4898,TNFRSF1B,0.7864603
4899,JAK3,0.9099685
4900,TMEM44,0.84504133
4901,ACSF3,0.93146884
4902,PROCR,0.7927972
4903,NOL3,0.8804886
4904,NOX1,0.820254
4905,ZNF768,0.91406924
4906,OLFML2B,0.90806484
4907,BRF1,0.9125344
4908,ZNHIT6,0.8731117
4909,NPAS2,0.8628401
4910,TC2N,0.7753364
4911,NUP43,0.92971534
4912,NIPAL2,0.8158011
4913,EIF4G3,0.77116
4914,PHF2,0.861379
4915,ZDHHC2,0.85518134
4916,ANKRD13A,0.87018436
4917,KLHL12,0.92033356
4918,SIRT6,0.9060194
4919,CRYAB,0.86041933
4920,GIGYF1,0.89859927
4921,TMEM68,0.93791276
4922,TNFRSF25,0.854657
4923,SLC5A6,0.8783291
4924,VPS11,0.91699713
4925,PELO,0.84654725
4926,FBXW11,0.8686157
4927,TROAP,0.9504384
4928,PLEK2,0.9442886
4929,ATP5MPL,0.7961855
4930,ATRX,0.8559247
4931,TRIB2,0.9090647
4932,METTL2A,0.95296067
4933,EXOSC5,0.93567467
4934,DERA,0.9269806
4935,ALG12,0.89826906
4936,CLCC1,0.783613
4937,CASP8,0.84266883
4938,POLM,0.886869
4939,CHMP4C,0.92778295
4940,AP1M2,0.94104725
4941,LIMD2,0.9126388
4942,CMTR1,0.8952821
4943,PRKRA,0.7969665
4944,NOTCH2,0.8811018
4945,SERTAD1,0.76762944
4946,ORMDL2,0.89044446
4947,RNF26,0.9283554
4948,SFT2D2,0.7941589
4949,TFE3,0.8295551
4950,TRPT1,0.92712295
4951,B3GALT6,0.8788511
4952,WDR75,0.8924373
4953,RHBDF2,0.7682218
4954,MOCS2,0.8379513
4955,MAGI1,0.8369083
4956,DDX18,0.90726095
4957,TMEM14A,0.89896697
4958,MAST3,0.8155104
4959,PLEKHO2,0.89570725
4960,PLEKHH3,0.8988662
4961,SAP30L,0.8362738
4962,KCTD17,0.8166398
4963,SUPT20H,0.9241123
4964,MRTFB,0.82604885
4965,GRK6,0.8979148
4966,COA1,0.9113439
4967,TBL2,0.92312336
4968,SPON1,0.8775517
4969,ATXN1L,0.83567065
4970,DMBT1,0.6258946
4971,ERVK3-1,0.91642773
4972,ANGEL1,0.8103266
4973,RFXANK,0.8976391
4974,UNK,0.8958935
4975,POLG2,0.9038928
4976,COG2,0.92402536
4977,SURF2,0.8909091
4978,NPRL3,0.9264758
4979,KDM5A,0.8646808
4980,RPRD1A,0.898277
4981,MSANTD3,0.8890161
4982,MYO1E,0.7898391
4983,SS18L1,0.92506796
4984,SELENOI,0.9392907
4985,TECPR1,0.8777388
4986,TBC1D7,0.9131764
4987,UBE2K,0.8159397
4988,RCC1,0.9407196
4989,CCDC80,0.840448
4990,COQ7,0.9248436
4991,NCOA4,0.79572976
4992,RXRB,0.8593216
4993,KIAA1324,0.7349378
4994,UBR3,0.8717869
4995,ATPSCKMT,0.8946456
4996,ARRB2,0.796877
4997,CRY2,0.925388
4998,RIOK1,0.95741516
4999,JOSD2,0.8676092
5000,WDR73,0.89288056
5001,COASY,0.87514085
5002,ACE,0.79163784
5003,CHTF18,0.9065159
5004,FAM104A,0.80947274
5005,ELF2,0.89416975
5006,VBP1,0.9399671
5007,TEAD4,0.9126701
5008,HEATR5B,0.88430184
5009,ACO1,0.87858045
5010,GSDMD,0.83516896
5011,EXOSC2,0.9328971
5012,SWAP70,0.89627546
5013,ELP1,0.8827874
5014,CDC26,0.87161773
5015,CARS,0.8780939
5016,GMFG,0.9002374
5017,ICAM2,0.80493516
5018,ATG14,0.83681977
5019,THOC5,0.8748903
5020,FBXL15,0.8563563
5021,SSBP4,0.8681439
5022,TMEM185A,0.82481205
5023,PPARD,0.81342214
5024,DEAF1,0.878513
5025,MBD3,0.82311577
5026,ZNF622,0.8492414
5027,DDX31,0.9567765
5028,CPE,0.77949584
5029,POLR3A,0.93528837
5030,VPS33A,0.8880939
5031,TMEM181,0.8515607
5032,PTS,0.8752222
5033,GON4L,0.87089473
5034,ALG1,0.9155676
5035,DRAM2,0.79320234
5036,RPUSD1,0.93956774
5037,LBR,0.71026653
5038,POGZ,0.85675424
5039,SLC35F6,0.8568432
5040,EREG,0.81719637
5041,ZNF384,0.92332923
5042,CHST11,0.8852191
5043,RSRC1,0.8629278
5044,SZT2,0.8908226
5045,USP14,0.8584205
5046,SLC25A25,0.74430573
5047,C19orf25,0.87013394
5048,LUZP1,0.822271
5049,PTRH1,0.9350587
5050,MCAT,0.9596922
5051,MTMR4,0.92498404
5052,CASP2,0.9166793
5053,ANKRD39,0.9184701
5054,CHKA,0.88152283
5055,WDR59,0.83699787
5056,INTS7,0.9001176
5057,SPPL3,0.89610326
5058,CD53,0.9355768
5059,R3HCC1,0.8558546
5060,STX8,0.84610814
5061,PHLDB2,0.8158286
5062,DMTF1,0.867188
5063,C1orf116,0.834355
5064,LOXL1,0.8979171
5065,ZNF131,0.93789035
5066,SAP30,0.81686634
5067,PER2,0.8528654
5068,ITPR2,0.7920144
5069,CNNM4,0.9412712
5070,OXSR1,0.8260199
5071,AFG3L2,0.85466087
5072,MTMR11,0.82592696
5073,STK38,0.779209
5074,PSME4,0.79801613
5075,SPEN,0.879222
5076,SSH1,0.90454966
5077,IREB2,0.90982324
5078,HTRA2,0.90986145
5079,DEF6,0.82235974
5080,AAR2,0.92173547
5081,HCLS1,0.85055643
5082,UNC50,0.778811
5083,AMPD2,0.8213781
5084,MAP3K5,0.89667314
5085,LAMTOR3,0.8941432
5086,PHF12,0.8681262
5087,TM7SF3,0.8761235
5088,SEC23IP,0.89068997
5089,FLCN,0.8837017
5090,FBXL17,0.8299776
5091,BLOC1S6,0.8496875
5092,FSCN1,0.7515654
5093,SLFN5,0.88217276
5094,DCP1A,0.90957737
5095,GATC,0.92621547
5096,QSOX2,0.9367216
5097,WDR41,0.8724442
5098,CCDC14,0.8251496
5099,MBP,0.8990203
5100,ERI3,0.8818268
5101,PIM2,0.7852996
5102,CCDC84,0.8939208
5103,PDPK1,0.89362514
5104,CYP51A1,0.792099
5105,STAM2,0.7646693
5106,GBA,0.7948231
5107,DESI1,0.85704416
5108,ARHGAP21,0.9041448
5109,B4GALNT3,0.84267765
5110,AP3M1,0.9465119
5111,BMP2K,0.7351943
5112,HOMER3,0.8540612
5113,ARHGEF10,0.8345094
5114,BCL6,0.9102634
5115,FAM83F,0.91328955
5116,HILPDA,0.8694278
5117,PEPD,0.8948078
5118,HSPB6,0.80116665
5119,SRPX2,0.8636529
5120,EXOSC8,0.944225
5121,DLG3,0.9261076
5122,CBFA2T2,0.92061704
5123,TNS2,0.8450407
5124,SKAP1,0.76469463
5125,HSPB11,0.7196143
5126,GTF2E2,0.8625036
5127,MICU1,0.8579059
5128,PRR12,0.8930128
5129,CYLD,0.8977329
5130,TMEM120A,0.8707811
5131,NPHP3,0.7887748
5132,IFT122,0.9165903
5133,USP12,0.7100437
5134,IFIH1,0.8390905
5135,RCE1,0.88251084
5136,RHPN1,0.8136744
5137,TARBP1,0.8781041
5138,KANSL1,0.8348332
5139,ADNP2,0.90451014
5140,CXCL16,0.68965256
5141,ZNF706,0.8027795
5142,RAI1,0.8994089
5143,XPO5,0.9181657
5144,NLN,0.8675931
5145,PCSK6,0.90411645
5146,NT5DC3,0.8874854
5147,TRAK2,0.8762102
5148,AFTPH,0.90593827
5149,BCL2L11,0.86115223
5150,GJB2,0.77322024
5151,MAST2,0.7922392
5152,SMYD5,0.8736466
5153,PCCA,0.74541986
5154,CENPN,0.9529963
5155,SYNPO,0.80416936
5156,IL1R1,0.8838954
5157,FMNL2,0.8752914
5158,LMBRD1,0.8628276
5159,CLPX,0.9150565
5160,SERTAD2,0.856165
5161,MON2,0.7483705
5162,DTYMK,0.89384794
5163,NUDCD2,0.92306787
5164,ST3GAL4,0.81659883
5165,EEA1,0.8658394
5166,GALNT12,0.865408
5167,FAM43A,0.9075273
5168,HYAL2,0.6863488
5169,PSME3,0.8731341
5170,FAM126B,0.84746885
5171,DYRK2,0.8334826
5172,CREB1,0.9160166
5173,ALDH5A1,0.94287676
5174,APOD,0.7216116
5175,RILPL2,0.8688968
5176,TTLL5,0.89579576
5177,PLPPR2,0.8897485
5178,ALG8,0.9054888
5179,TSR1,0.9198739
5180,SPOUT1,0.9231524
5181,LYPLAL1,0.88212043
5182,CDK9,0.8709682
5183,DYRK1A,0.81606513
5184,COG4,0.8710205
5185,ISCA1,0.87835824
5186,ELL,0.8807636
5187,DAP3,0.7101151
5188,TMEM234,0.9006549
5189,SERPINB9,0.8760938
5190,SDCBP2,0.9154007
5191,NR1I2,0.8771145
5192,HINT3,0.9284293
5193,TMEM35B,0.906713
5194,PLPP3,0.92182004
5195,ARL16,0.8733377
5196,KRAS,0.8463751
5197,ARID4A,0.8497037
5198,SGSH,0.84976625
5199,AIF1,0.8528372
5200,POMT1,0.8805827
5201,SHROOM1,0.8792533
5202,RBMX2,0.91229373
5203,HNMT,0.89094263
5204,MSRB1,0.81764734
5205,TRIM41,0.8582498
5206,PIP5K1A,0.83638877
5207,IFT57,0.89867824
5208,CCDC82,0.87683237
5209,SMC2,0.9295378
5210,MED17,0.8833458
5211,RTL8C,0.8634607
5212,IDUA,0.79078627
5213,P4HA1,0.6307884
5214,STK10,0.8964854
5215,FBXO42,0.88341624
5216,SIAH2,0.90377903
5217,IKZF1,0.90561473
5218,ARHGEF5,0.88755447
5219,EGFL7,0.76895225
5220,PPWD1,0.8179974
5221,SERPINE2,0.8275848
5222,MMP1,0.52345675
5223,SP100,0.8532863
5224,CELSR1,0.7325813
5225,RABL3,0.8831993
5226,BLOC1S2,0.7610387
5227,PLK3,0.77597535
5228,VPS13B,0.7721473
5229,PTPRJ,0.8056301
5230,PEX6,0.8977049
5231,PIK3IP1,0.8506838
5232,LEPROTL1,0.66589516
5233,DIS3,0.8392641
5234,LURAP1L,0.79706234
5235,GPR153,0.85219866
5236,GEM,0.89251906
5237,TASOR,0.91808254
5238,MAP4K5,0.811945
5239,ELOA,0.87830275
5240,UROS,0.7973755
5241,SLC38A5,0.72958463
5242,PFDN1,0.86257666
5243,PLEKHA8,0.90761155
5244,HOOK3,0.8374439
5245,SPHK2,0.91896164
5246,SIRT2,0.8668324
5247,SPC24,0.9509986
5248,AP3S2,0.8392869
5249,TBC1D17,0.8389916
5250,CDC27,0.86099815
5251,TSEN54,0.92114013
5252,EIF2AK4,0.9027793
5253,ASB1,0.90058625
5254,ERC1,0.90944374
5255,B4GALT3,0.83288866
5256,EEF1AKNMT,0.9223227
5257,ATP6V1H,0.867752
5258,CCL15,0.91947365
5259,DNAJB14,0.893835
5260,ROBO1,0.8204853
5261,USP5,0.92424953
5262,TRIM33,0.84885013
5263,PARP8,0.8028067
5264,ANKS1A,0.86897045
5265,OSBPL10,0.83266
5266,FUCA2,0.76359564
5267,CPEB4,0.8693748
5268,ZNF544,0.8301536
5269,WWOX,0.90811247
5270,EEPD1,0.7671003
5271,BIN3,0.80380446
5272,PKN2,0.8479331
5273,RAI14,0.91442245
5274,ZADH2,0.9210461
5275,PIGG,0.86494255
5276,TBCC,0.9383432
5277,TRIAP1,0.9408639
5278,AQR,0.9175722
5279,EMP2,0.81955147
5280,AP3B1,0.82588005
5281,RBM7,0.7635943
5282,MECR,0.9370543
5283,ATP2B1,0.833913
5284,IQGAP3,0.91896075
5285,HIF1AN,0.8960716
5286,NECAB3,0.85618514
5287,IRS2,0.68410933
5288,C19orf12,0.8848581
5289,RNF31,0.90820616
5290,TUFT1,0.9062007
5291,CCDC93,0.9211201
5292,CWC27,0.8935141
5293,ADCK5,0.86640614
5294,MEGF6,0.7689583
5295,LDLRAP1,0.9088421
5296,ALCAM,0.79937905
5297,MSL2,0.8764195
5298,SPSB1,0.8543455
5299,NFXL1,0.89541525
5300,PPP1R12A,0.87680864
5301,ARID5A,0.8414167
5302,AMOTL1,0.94824284
5303,FADD,0.92671245
5304,SUMF1,0.89041626
5305,PHYH,0.8863018
5306,GMNN,0.89994353
5307,BPNT1,0.8858051
5308,SATB1,0.81832784
5309,PRCP,0.78721416
5310,RAB24,0.8350549
5311,UBA7,0.8298334
5312,MTPAP,0.9157044
5313,CLIC5,0.88983494
5314,TBK1,0.8716909
5315,NEBL,0.95380795
5316,MAP3K6,0.8741728
5317,PODXL2,0.93660736
5318,RANBP10,0.86732256
5319,PHF11,0.88671064
5320,IGF2BP2,0.9268117
5321,BAHD1,0.85742825
5322,PIGF,0.89419806
5323,CRAMP1,0.88745683
5324,PPP2R2D,0.90621823
5325,RARS2,0.8729674
5326,PAIP2,0.798569
5327,ERCC6L2,0.8568164
5328,MMP3,0.56004316
5329,LRBA,0.8973897
5330,CDK13,0.88087887
5331,ARMH3,0.89848566
5332,MED12,0.9119669
5333,SLC66A2,0.84009784
5334,CENPM,0.9160499
5335,FNBP1L,0.7696546
5336,SLC43A2,0.8794405
5337,C16orf91,0.93071026
5338,CHPT1,0.82004595
5339,CMSS1,0.9566183
5340,ATF7,0.7530775
5341,ANAPC1,0.89239454
5342,ZHX2,0.8862519
5343,SYNGAP1,0.9265591
5344,CFH,0.8973174
5345,HEXD,0.8706904
5346,GK5,0.9330188
5347,DPP3,0.93448824
5348,PCBP4,0.84550256
5349,TMBIM4,0.74398524
5350,TSSC4,0.9166899
5351,UBE4A,0.87999487
5352,FGL2,0.83792514
5353,THBD,0.9422247
5354,PITHD1,0.8389841
5355,LEO1,0.92711216
5356,MARCH7,0.8279686
5357,IQCE,0.89229935
5358,SP1,0.8009847
5359,ARHGAP23,0.88417906
5360,RAB3GAP2,0.8451739
5361,GYS1,0.8910858
5362,LRRC32,0.95431775
5363,LIPA,0.75184053
5364,CPNE2,0.7384621
5365,GPN1,0.90461874
5366,ATXN3,0.87000805
5367,FAH,0.8287776
5368,MIB1,0.8470872
5369,FKBP14,0.88193715
5370,EIF4E3,0.84027976
5371,CRTC3,0.93290055
5372,ABCA7,0.7665135
5373,LARGE2,0.8680021
5374,GPD1L,0.88785315
5375,PATL1,0.94268525
5376,DNTTIP2,0.90656245
5377,TMEM203,0.862428
5378,MPEG1,0.89266545
5379,REPS1,0.9280608
5380,KCNN4,0.85558355
5381,FAM168A,0.8818058
5382,TMCO4,0.8695353
5383,FOXJ3,0.8736478
5384,NUP205,0.93972266
5385,POLL,0.8664638
5386,UBE2O,0.92440194
5387,EXOSC10,0.90240014
5388,TOR4A,0.87497175
5389,ANKFY1,0.8620267
5390,HNF1A,0.94130594
5391,LNX2,0.92432004
5392,DDHD1,0.91933554
5393,IRF6,0.93433243
5394,GLTP,0.82082623
5395,SLC4A1AP,0.9384278
5396,DHX35,0.8716053
5397,RPF1,0.887818
5398,MLST8,0.91773605
5399,RGS2,0.850825
5400,TUBGCP3,0.92113227
5401,MPP5,0.893301
5402,TRMT2B,0.9368709
5403,FA2H,0.92035276
5404,ZNF282,0.8968028
5405,SLC7A11,0.7432186
5406,TAMM41,0.92137665
5407,DNAJC4,0.7275675
5408,NCS1,0.889832
5409,PLRG1,0.8823121
5410,TMEM126B,0.8848152
5411,SOS2,0.70908934
5412,TCTA,0.8708987
5413,PCNX2,0.8920237
5414,PDE12,0.9175673
5415,STX2,0.86374813
5416,RNPC3,0.8867639
5417,DGKA,0.8711701
5418,SCX,0.88371116
5419,IFI44,0.6851074
5420,GRASP,0.9411277
5421,ADAMTS4,0.94161755
5422,C11orf68,0.89191467
5423,SCAMP3,0.8074146
5424,ASAP1,0.81556064
5425,USE1,0.9114561
5426,OFD1,0.91307867
5427,HIPK2,0.7111475
5428,VPS35L,0.7943669
5429,NACC2,0.916035
5430,PDPR,0.8354589
5431,TIMM29,0.92385536
5432,CEP68,0.810384
5433,BCAP29,0.7473402
5434,PYM1,0.9179657
5435,PDE4D,0.80439156
5436,TNFAIP1,0.81204563
5437,SACM1L,0.90580183
5438,MAP3K7,0.8885909
5439,UCHL5,0.8965393
5440,DNASE2,0.8835577
5441,CCHCR1,0.94121504
5442,TGFBR1,0.81577003
5443,SLCO3A1,0.7832487
5444,CCDC69,0.9232572
5445,ANAPC4,0.75753343
5446,UFM1,0.8103665
5447,C17orf58,0.8722096
5448,FAS,0.8373724
5449,ATG16L1,0.88214606
5450,WDR81,0.89888877
5451,ATL2,0.8709313
5452,DCUN1D4,0.84739834
5453,ANKRD28,0.7958245
5454,EEF1AKMT2,0.8893991
5455,KRCC1,0.763477
5456,PLEKHA7,0.9084869
5457,DCAF6,0.86054605
5458,OSBPL8,0.69869834
5459,AGFG1,0.78116363
5460,GUCY1A1,0.8808898
5461,KCNK1,0.90840924
5462,HERPUD2,0.8474827
5463,ZNF609,0.8373311
5464,GATAD1,0.85770595
5465,PEX19,0.88593346
5466,ZCCHC17,0.8980903
5467,PIGL,0.87165254
5468,IQANK1,0.8031845
5469,ERICH1,0.8359832
5470,TEX261,0.9063126
5471,ARHGAP8,0.8123279
5472,SNTB2,0.8396352
5473,OCEL1,0.8821024
5474,RFX1,0.9329302
5475,PPIC,0.6088953
5476,DCUN1D3,0.859945
5477,SPIDR,0.8908672
5478,EBAG9,0.84850293
5479,KLHDC10,0.9213088
5480,HS6ST1,0.7727332
5481,LIF,0.6767897
5482,STXBP6,0.89269507
5483,EMC8,0.90392745
5484,MYL6B,0.7982273
5485,PAN2,0.8722736
5486,EMC3,0.9049759
5487,ZNF76,0.9036419
5488,STRN,0.8756638
5489,NCK1,0.8573424
5490,SLC39A5,0.645483
5491,SLC37A3,0.8362722
5492,ZBTB17,0.8958845
5493,G6PD,0.8792405
5494,USP10,0.91010416
5495,HIST1H4B,0.71509963
5496,IL17RA,0.91067404
5497,CNOT10,0.94211537
5498,TMEM125,0.929647
5499,POM121C,0.8448884
5500,RPUSD4,0.9432232
5501,CPSF3,0.9250615
5502,VIPR1,0.8053211
5503,RIOK3,0.79546934
5504,UBL4A,0.8741365
5505,ADPGK,0.80388033
5506,ST6GALNAC1,0.776865
5507,POLA1,0.92786556
5508,BX255925.3,0.89477557
5509,HDHD2,0.93465585
5510,GTF2A1,0.89654434
5511,MED30,0.91463435
5512,TMED1,0.9337204
5513,RASSF3,0.82225716
5514,SETDB1,0.8836428
5515,NFATC2IP,0.76794845
5516,MAU2,0.90853304
5517,HID1,0.79712665
5518,RAB17,0.9128415
5519,SOCS1,0.8551325
5520,SLC2A3,0.8519659
5521,ZNF644,0.83697706
5522,EARS2,0.935319
5523,PDLIM4,0.9593157
5524,ACSL4,0.8860759
5525,GEMIN7,0.9044997
5526,RCC1L,0.87937707
5527,DONSON,0.88378143
5528,CEBPZOS,0.92740256
5529,STRBP,0.93544257
5530,MGAT2,0.7899869
5531,CIAO3,0.9133736
5532,TOPBP1,0.94900876
5533,OTUD7B,0.8543537
5534,ZNF263,0.90984327
5535,VRK3,0.8929544
5536,COMMD9,0.9044543
5537,C5orf24,0.8353139
5538,DMXL1,0.8677696
5539,DCK,0.90031517
5540,ADO,0.9316582
5541,FEM1C,0.79502267
5542,TMEM18,0.9331681
5543,TFDP2,0.8566019
5544,ZW10,0.93671674
5545,DNM1L,0.8847418
5546,FAM193A,0.87981236
5547,GALNT5,0.7888451
5548,USP21,0.926003
5549,VCPIP1,0.77996176
5550,AIFM3,0.80435276
5551,FBXO33,0.88302183
5552,LRRC8A,0.83918375
5553,ZBTB44,0.8594829
5554,PAK1IP1,0.92995554
5555,DHX34,0.9443616
5556,PTRH2,0.9192317
5557,BIRC3,0.80503976
5558,RPF2,0.9307276
5559,MVB12A,0.87759876
5560,MTSS1,0.7450404
5561,CCL18,0.75309575
5562,BTF3L4,0.73820335
5563,MZF1,0.87993443
5564,MS4A6A,0.81883097
5565,FAM83D,0.85514456
5566,SLC35F2,0.9554351
5567,MTFR1,0.9267046
5568,DNAJB12,0.87281907
5569,ARID4B,0.8503739
5570,BAIAP2,0.8027245
5571,CDC40,0.8847032
5572,INTS14,0.9372822
5573,VWA2,0.8756818
5574,TEN1,0.90622985
5575,FN3K,0.8954396
5576,FMC1,0.92966205
5577,BRPF3,0.9102625
5578,SLC30A7,0.8662096
5579,RHBDD3,0.8994307
5580,TM2D3,0.86462253
5581,SCFD1,0.7426893
5582,BMERB1,0.8765592
5583,PICK1,0.9401103
5584,AKIP1,0.88932127
5585,C1orf115,0.76060534
5586,TRAPPC6A,0.8928459
5587,STEAP2,0.7501115
5588,SETD4,0.9224822
5589,PODN,0.7713986
5590,DEGS2,0.86828417
5591,TMEM62,0.8414299
5592,XPO7,0.8799239
5593,MKLN1,0.8440332
5594,NLK,0.9091256
5595,SDCCAG8,0.8638502
5596,OGFOD1,0.8451542
5597,POLE,0.9375067
5598,KIAA0232,0.8632375
5599,RNF166,0.9207717
5600,ARL8A,0.82628745
5601,IFNAR2,0.87556463
5602,PIGH,0.8865982
5603,XAB2,0.8719019
5604,PAG1,0.8435327
5605,TPD52L1,0.84867525
5606,CEP164,0.8851871
5607,RAMP1,0.7438399
5608,ALDH16A1,0.90716046
5609,NSUN4,0.9209628
5610,HOXB5,0.9106288
5611,ZNF688,0.8025277
5612,XAF1,0.81436527
5613,ADK,0.8838643
5614,HIST1H3G,0.5486343
5615,USP1,0.8662815
5616,NSUN5,0.88190705
5617,VPS52,0.82997435
5618,NUP153,0.9347153
5619,MED23,0.8722324
5620,EXD3,0.80367607
5621,CHAF1A,0.93749887
5622,SNRPA1,0.8701245
5623,CBY1,0.880042
5624,PPP5C,0.8405615
5625,NDST2,0.92823637
5626,MTMR12,0.9007865
5627,EIF1AX,0.8277379
5628,DCUN1D2,0.89668226
5629,RBM19,0.89499104
5630,MMP12,0.66643625
5631,DIP2C,0.86948365
5632,GPATCH8,0.8588149
5633,SLC44A3,0.846581
5634,ANO1,0.86422116
5635,CDHR1,0.6902384
5636,RNF34,0.8749829
5637,ATF5,0.7526329
5638,ALDH3B1,0.83316654
5639,NCKIPSD,0.91476816
5640,SPIN4,0.9039041
5641,FOXN2,0.92442507
5642,ARHGEF18,0.8303293
5643,KDM2B,0.87871844
5644,FNIP1,0.89909405
5645,TGIF2,0.86859524
5646,UBE2E2,0.8141181
5647,GCAT,0.8814453
5648,PARD6B,0.87801
5649,SLC45A4,0.8698735
5650,SNRNP35,0.911729
5651,RNF185,0.8808656
5652,DCAF10,0.90870583
5653,IFT27,0.9186398
5654,TOX3,0.90013456
5655,HGH1,0.91674966
5656,RSAD1,0.9203483
5657,SGCB,0.8115813
5658,ABTB2,0.760479
5659,MAP3K13,0.9070057
5660,CDH5,0.89085215
5661,PTGS1,0.8900693
5662,PIGS,0.87415516
5663,ACAT2,0.9097462
5664,TNFRSF11A,0.7678723
5665,ACOX3,0.904478
5666,INPP5A,0.91496855
5667,YEATS4,0.94527954
5668,ZNF707,0.8146888
5669,ZNF277,0.8928533
5670,CHD1,0.8113224
5671,SQLE,0.8518428
5672,CRYL1,0.8691681
5673,MECP2,0.8859256
5674,PAFAH1B3,0.88386804
5675,RFC4,0.94682705
5676,FBXL3,0.7484482
5677,PHF3,0.8546732
5678,MTERF3,0.9223494
5679,ASXL2,0.8746419
5680,THOC6,0.9199799
5681,TMEM199,0.88269717
5682,SGK3,0.82033116
5683,TMEM250,0.87253624
5684,FAM98C,0.93027115
5685,FBXO28,0.89563614
5686,NFS1,0.9210382
5687,NDUFAF5,0.8396153
5688,DRAM1,0.89063454
5689,ING4,0.89909333
5690,AIFM2,0.76469517
5691,STEAP3,0.85262144
5692,CREBBP,0.89482784
5693,HARS2,0.87154734
5694,P3H4,0.8222577
5695,NUDCD1,0.9334873
5696,THUMPD1,0.83322203
5697,RHNO1,0.9477948
5698,ORC4,0.9258422
5699,MAP2K6,0.83756286
5700,URM1,0.86475855
5701,ARNT,0.8898832
5702,TRBC2,0.8694292
5703,CPNE7,0.81620556
5704,TACC3,0.8638544
5705,BDP1,0.84663373
5706,TADA2B,0.876998
5707,DCHS1,0.9053173
5708,IFT43,0.87451214
5709,TOP3B,0.93884575
5710,CCDC92,0.82021743
5711,TSPYL2,0.84758455
5712,RHOD,0.78900343
5713,COG8,0.91644186
5714,ARRDC2,0.8849688
5715,UBL7,0.8509533
5716,SMOX,0.846405
5717,ODF2L,0.82398736
5718,XIAP,0.8346629
5719,TMEM126A,0.8708908
5720,CCDC9B,0.8386957
5721,IPO9,0.8864824
5722,SLC8B1,0.795283
5723,LHFPL6,0.9170724
5724,APPL2,0.8392038
5725,MTMR2,0.88553333
5726,SNAPC2,0.8276468
5727,ARFGEF1,0.91453326
5728,CEMIP,0.67294407
5729,FCHSD1,0.88437605
5730,RAB32,0.80172914
5731,PRR5L,0.7584937
5732,DAPK2,0.7653503
5733,TDRD7,0.85384303
5734,RPP38,0.95970726
5735,UAP1L1,0.7780565
5736,TACO1,0.89096266
5737,RSBN1,0.8948355
5738,ATRN,0.7739052
5739,ELMO2,0.8587341
5740,LOX,0.8871767
5741,MTAP,0.8345642
5742,STIM2,0.7528114
5743,FAM111A,0.74519604
5744,BICRA,0.8689931
5745,ZNF710,0.8992775
5746,ELK4,0.70034134
5747,HCCS,0.9096323
5748,POGLUT1,0.88374263
5749,ATXN1,0.88301694
5750,SLC27A3,0.9058073
5751,EFNB1,0.84547377
5752,GGT7,0.8066669
5753,TRIM21,0.8504508
5754,ARVCF,0.8660954
5755,TENT5C,0.8495129
5756,VPS41,0.7435083
5757,RGS1,0.8649059
5758,ATP6V1C1,0.7992527
5759,ATF1,0.9176187
5760,CNOT9,0.87859386
5761,TRIM15,0.8449785
5762,GYPC,0.9238407
5763,CYGB,0.87143576
5764,GALNT11,0.8749117
5765,MSH5,0.9397492
5766,TSPAN31,0.84873784
5767,RNF135,0.7818927
5768,ABCA1,0.9147112
5769,BIVM,0.9221273
5770,GTF2H1,0.9026473
5771,SLC2A8,0.8409333
5772,PAQR4,0.8555425
5773,MYCBP2,0.8587379
5774,STARD5,0.7983166
5775,SESN2,0.87115824
5776,CC2D1B,0.866064
5777,CYBRD1,0.8196501
5778,PRDM4,0.92650133
5779,STIMATE,0.8485235
5780,HSCB,0.9028447
5781,SYNJ2BP,0.91854334
5782,NR2C1,0.8808216
5783,DIMT1,0.92110074
5784,FAM102B,0.88777494
5785,SEZ6L2,0.82342446
5786,PURA,0.86599916
5787,SPINDOC,0.9158802
5788,MADD,0.8799756
5789,NOL9,0.87917894
5790,VAMP7,0.8894653
5791,FEZ2,0.80434173
5792,SLC50A1,0.8056727
5793,ZFHX3,0.82710516
5794,ABCG1,0.8340543
5795,ZDHHC24,0.84532684
5796,TONSL,0.8389807
5797,CLDND1,0.7507263
5798,ULK3,0.8913199
5799,ELOVL5,0.73302156
5800,SERTAD3,0.88472843
5801,LRRC42,0.85787404
5802,TEDC1,0.8949903
5803,UAP1,0.69966537
5804,DYNLT3,0.77892023
5805,RRAGA,0.8222314
5806,SMNDC1,0.8982536
5807,ABCB7,0.93515027
5808,PDIA3,0.586975
5809,NAAA,0.7695335
5810,FLAD1,0.9001101
5811,PCTP,0.8947978
5812,PPCS,0.7290908
5813,LAMA3,0.7392344
5814,YBX1,0.5379855
5815,BFAR,0.86538255
5816,BYSL,0.94436413
5817,ANKRA2,0.76573753
5818,ELF4,0.86661726
5819,FADS3,0.78516424
5820,FBXL8,0.8717
5821,PPP1R14D,0.8621956
5822,AEN,0.8188294
5823,SEC22C,0.8727088
5824,OSBPL3,0.8102489
5825,LMOD1,0.87136155
5826,ELN,0.7363122
5827,VTI1B,0.8400627
5828,RGP1,0.7734683
5829,MPP1,0.8006067
5830,HOXA7,0.85580355
5831,EXOSC3,0.9145104
5832,RNF139,0.8277391
5833,DDX55,0.8743248
5834,TAF12,0.8059246
5835,PRMT7,0.9091652
5836,ANKS6,0.8983735
5837,NCOA1,0.9118094
5838,MAP1S,0.86709785
5839,ERLIN2,0.92364997
5840,AGTRAP,0.8034781
5841,CTC1,0.89239454
5842,C6orf120,0.8000905
5843,PLXNA1,0.83664787
5844,SPRED1,0.76811856
5845,PCDH18,0.9108514
5846,ZNF266,0.84490216
5847,DVL2,0.86194646
5848,LGALSL,0.8554942
5849,HEBP1,0.8227099
5850,NOA1,0.9391571
5851,STK19,0.8497576
5852,MAD2L1BP,0.8724984
5853,RABIF,0.87877375
5854,RARRES1,0.7016035
5855,KMT2A,0.8249958
5856,RNF170,0.8923322
5857,SPATA2,0.92217094
5858,SMG7,0.8776706
5859,MYO5C,0.85321873
5860,ORC5,0.89413023
5861,CSTF1,0.9329962
5862,GUF1,0.9253926
5863,PRKCZ,0.9345621
5864,ZBTB10,0.7964503
5865,PLEKHF2,0.8533238
5866,ING5,0.86292565
5867,LZTS3,0.8156392
5868,STAG1,0.8572184
5869,PTDSS2,0.9168619
5870,UBIAD1,0.9216533
5871,FBXO21,0.9282674
5872,LTBP2,0.8353242
5873,MED29,0.8844419
5874,HOXA13,0.9017528
5875,TXNRD2,0.8570255
5876,RAB22A,0.8490043
5877,MVK,0.8986095
5878,TXNDC9,0.91799897
5879,REEP4,0.8413801
5880,WDR3,0.8986906
5881,CLMN,0.7306227
5882,KREMEN1,0.83571845
5883,PCYT1A,0.8805675
5884,GPATCH2,0.8621475
5885,CDC73,0.794948
5886,REV1,0.862994
5887,STX12,0.768521
5888,MELK,0.91993946
5889,TSNAX,0.8438409
5890,TRAF3IP1,0.8996232
5891,SPATS2,0.8275301
5892,RIOX2,0.9311651
5893,LRCH3,0.888564
5894,AGFG2,0.88928497
5895,CHD6,0.8634213
5896,HACD2,0.92762035
5897,PLEKHA4,0.88938606
5898,SYTL2,0.7903157
5899,LIX1L,0.9209642
5900,NUDT14,0.8430521
5901,CITED4,0.8074133
5902,ARMC1,0.9226728
5903,CPTP,0.8943791
5904,RFC1,0.8962795
5905,TMEM63B,0.90725404
5906,ATG2A,0.88742703
5907,PAF1,0.9053517
5908,EZH1,0.8813117
5909,SIPA1L3,0.8990031
5910,NUCB2,0.6778143
5911,FGD4,0.8669273
5912,WWTR1,0.93001664
5913,PTGR1,0.81467396
5914,ZNF512,0.83705795
5915,EIPR1,0.9266867
5916,CMTM8,0.95723736
5917,HDAC11,0.8572746
5918,TRPM2,0.7911374
5919,MORC4,0.84429055
5920,MAD1L1,0.9313389
5921,PANK4,0.91161215
5922,KRIT1,0.8020994
5923,MAFG,0.8541743
5924,SETD1B,0.91840506
5925,MALSU1,0.8871971
5926,MIER2,0.8909033
5927,PHLDA3,0.86148244
5928,HMGCS2,0.3597168
5929,ENTPD7,0.8420936
5930,TMEM38B,0.8852952
5931,AUH,0.89684904
5932,MARVELD2,0.9339815
5933,PTPRK,0.7911688
5934,NOXO1,0.7322355
5935,CELF2,0.7372915
5936,CLEC11A,0.94784755
5937,CEP95,0.93358004
5938,BCLAF3,0.87333775
5939,UBAP2,0.91372997
5940,GOLGA1,0.89165837
5941,HEXIM1,0.7527183
5942,CLSTN3,0.8961956
5943,CBR4,0.90769446
5944,YARS2,0.88769203
5945,MARF1,0.8271256
5946,TINF2,0.84379566
5947,ORAI1,0.90559846
5948,P3H1,0.900019
5949,TMED7,0.7830515
5950,KANK1,0.83436733
5951,ZNF586,0.85678595
5952,FAM107B,0.7534624
5953,KDM3A,0.8253837
5954,RIT1,0.81488186
5955,CLN8,0.81525624
5956,SLC7A6OS,0.89626926
5957,PHKB,0.85542876
5958,RNF121,0.87478673
5959,LRRC58,0.85549843
5960,GPR89B,0.90060794
5961,GPSM2,0.84778035
5962,MED6,0.87575114
5963,EFEMP2,0.81709015
5964,UGGT2,0.8759842
5965,ZNF507,0.8844361
5966,TP53BP2,0.8385301
5967,OSBPL7,0.8838209
5968,PAQR8,0.89909214
5969,BTBD10,0.8565344
5970,UBXN2A,0.8858684
5971,CASZ1,0.790729
5972,UBE2G1,0.8069511
5973,CNOT4,0.8825188
5974,HMCES,0.8389416
5975,PPP4R3B,0.80499345
5976,MRRF,0.86477786
5977,C9orf85,0.86891514
5978,C2CD5,0.87991273
5979,TEX2,0.9236741
5980,CA2,0.70957375
5981,RDH14,0.8855809
5982,HS1BP3,0.871806
5983,SNX27,0.8372563
5984,RNF20,0.909359
5985,TMEM41A,0.9023066
5986,TTC7A,0.845128
5987,CIR1,0.83555263
5988,ANPEP,0.69600236
5989,RBFA,0.8367368
5990,NMI,0.86825526
5991,RALGPS1,0.9138328
5992,NSMCE1,0.8368335
5993,LRP6,0.8572955
5994,ATP6V1D,0.7063395
5995,FUT6,0.81389046
5996,DDHD2,0.8771831
5997,GABBR1,0.8901764
5998,RMDN1,0.89760035
5999,RMND5B,0.89489985
6000,PCDH7,0.92475635
6001,HDGFL3,0.8955869
6002,OGG1,0.88468885
6003,ZG16B,0.8109793
6004,MTOR,0.87891525
6005,PER1,0.89231145
6006,SMAD5,0.9015707
6007,STX17,0.90108824
6008,RAVER2,0.92871904
6009,VPS26C,0.84132147
6010,GAB2,0.866695
6011,KCNK6,0.8338321
6012,PIK3R1,0.7504512
6013,ANG,0.8454919
6014,DDX51,0.916853
6015,DCAF1,0.8734533
6016,ACBD5,0.90025145
6017,ZNF652,0.8590687
6018,SUGP2,0.8133759
6019,IMPA2,0.77319956
6020,CEP192,0.852096
6021,ZFYVE28,0.86096936
6022,TRIM14,0.90662533
6023,SC5D,0.86608964
6024,SYT7,0.6999158
6025,ATE1,0.88269746
6026,PREX1,0.892181
6027,INO80,0.91469395
6028,CAPS,0.75542885
6029,FCGR2A,0.86164623
6030,KDM4B,0.90405434
6031,ELK3,0.8895998
6032,TBCK,0.8838827
6033,SMPD1,0.90834767
6034,RABGGTA,0.85550696
6035,LTV1,0.8922821
6036,CITED2,0.8071392
6037,ARHGAP31,0.88211685
6038,MTHFS,0.93395627
6039,SH3TC1,0.93120587
6040,ADGRA2,0.8934905
6041,ARL3,0.8835203
6042,UCK1,0.87453836
6043,TSFM,0.90229934
6044,SMAD6,0.7844335
6045,PLD2,0.8406755
6046,TAF11,0.8817857
6047,GOLT1B,0.8005485
6048,IQCB1,0.8952564
6049,TMEM8B,0.8475345
6050,DNAJB9,0.7251716
6051,CRTC2,0.8361964
6052,GLI4,0.7834583
6053,TANC1,0.8284324
6054,SMIM19,0.85138994
6055,ANKIB1,0.8703037
6056,FAN1,0.93593776
6057,SPOPL,0.8579186
6058,SLC38A7,0.7958442
6059,MAP3K2,0.7458881
6060,KAT7,0.89072055
6061,SHANK3,0.8090677
6062,NRBF2,0.8237056
6063,NXT1,0.8829215
6064,RPH3AL,0.90107375
6065,CDC42BPG,0.9397771
6066,VPS9D1,0.7976576
6067,FAM214A,0.79620785
6068,ARMC6,0.9294211
6069,MPDU1,0.8631773
6070,GAS1,0.8931335
6071,TRAFD1,0.9299224
6072,CNTRL,0.86261386
6073,YRDC,0.86272776
6074,NEURL1B,0.8347294
6075,NAGA,0.72446
6076,NOL6,0.9237112
6077,SLC39A4,0.7489599
6078,ZNRF3,0.9054901
6079,TMEM140,0.89650816
6080,HDAC4,0.83152443
6081,RAB11FIP5,0.90178174
6082,WDR12,0.93909895
6083,DNM1,0.84005636
6084,ZNF827,0.8926725
6085,GPT2,0.8751009
6086,MACC1,0.77053267
6087,SAMD5,0.77487564
6088,CORO2A,0.93522245
6089,CASP8AP2,0.92155844
6090,PODXL,0.8650848
6091,KIDINS220,0.8430577
6092,RGS16,0.8714338
6093,ZNF292,0.8513071
6094,DLC1,0.90034086
6095,HOXB8,0.77759594
6096,DNMT3A,0.8595254
6097,ATP8A1,0.8675001
6098,PDGFB,0.9239327
6099,FGD2,0.842593
6100,SPATA33,0.8916423
6101,BIRC5,0.8983937
6102,NCR3LG1,0.93890285
6103,C1orf35,0.9053985
6104,METTL17,0.8687224
6105,VSNL1,0.7992814
6106,TRMT61A,0.90680975
6107,CLPB,0.93267536
6108,RRAS2,0.8654962
6109,ORAI2,0.8372899
6110,PINK1,0.7886528
6111,HIST1H2AI,0.72861946
6112,MEN1,0.8941285
6113,C11orf95,0.8809894
6114,VPS16,0.8666038
6115,NFE2L3,0.85972273
6116,HPS1,0.78065974
6117,PPL,0.8248288
6118,LHFPL2,0.76892096
6119,NR3C2,0.8292851
6120,CNOT6,0.8883276
6121,HIC1,0.86985254
6122,PARP6,0.8625117
6123,PRPF4,0.9140126
6124,SLU7,0.8298065
6125,PDE9A,0.8566372
6126,MTURN,0.89630634
6127,IFI27L1,0.749376
6128,NR2C2,0.8037233
6129,CEP63,0.905271
6130,TMEM132A,0.73112285
6131,SMIM29,0.8501559
6132,RCOR1,0.8400493
6133,AP5M1,0.8570021
6134,ABCE1,0.90087754
6135,NUP155,0.9456126
6136,DHRSX,0.9005786
6137,TTL,0.859197
6138,YES1,0.88917965
6139,SYS1,0.8658039
6140,AKT3,0.8325886
6141,LPIN1,0.8093396
6142,EVA1B,0.8854904
6143,UPF2,0.8704049
6144,ODF2,0.8579122
6145,SNX29,0.82294637
6146,RECQL4,0.8750195
6147,CUL5,0.9032131
6148,TTF2,0.9230752
6149,ZNF587B,0.89040947
6150,TMEM243,0.8879972
6151,CPSF2,0.82146126
6152,HPS6,0.90455896
6153,PTPN3,0.9436138
6154,ARL6IP6,0.89831746
6155,ANKRD22,0.80963767
6156,MATN2,0.7640859
6157,BIK,0.7825826
6158,TLCD3A,0.86264724
6159,HINT2,0.8896903
6160,ACOT11,0.85799515
6161,LPCAT3,0.8646784
6162,RNFT1,0.83830696
6163,PPP2R3B,0.8625256
6164,SLC29A2,0.9535847
6165,ZNF562,0.8902035
6166,FMN1,0.7678339
6167,MLLT10,0.8979744
6168,OGFOD2,0.89244646
6169,STRN3,0.7865135
6170,CCNA2,0.88054025
6171,HDDC3,0.9242625
6172,ZNF7,0.86795986
6173,HMG20A,0.8442477
6174,TWSG1,0.86524624
6175,GRK3,0.9015867
6176,NOC3L,0.898534
6177,SCO2,0.73238325
6178,HDHD5,0.9319194
6179,GPR137,0.86325103
6180,RIC8B,0.89706147
6181,NCAPG2,0.8776774
6182,TFAP4,0.9541089
6183,SVIP,0.8647281
6184,HPF1,0.8911201
6185,LRSAM1,0.8680559
6186,LMAN2L,0.90343326
6187,EEF1E1,0.93798923
6188,SLC66A3,0.8504924
6189,TPST2,0.8054195
6190,AOAH,0.5859197
6191,STK26,0.9489418
6192,MED14,0.91104084
6193,DTNBP1,0.87247425
6194,ENTPD2,0.8696718
6195,SOX12,0.79702044
6196,NKD2,0.65993994
6197,ARHGEF38,0.8594569
6198,MED21,0.8894889
6199,ALDH1A1,0.6158332
6200,MIA3,0.7869101
6201,GNPNAT1,0.917096
6202,NCOA5,0.93618286
6203,DTD1,0.91941345
6204,SIN3B,0.796879
6205,ZDHHC18,0.81889015
6206,SYNRG,0.8247537
6207,GALE,0.8779969
6208,ACAD11,0.92283887
6209,USP24,0.8347999
6210,ZNF32,0.8213205
6211,FER,0.75369203
6212,PRR15,0.8372597
6213,AAGAB,0.88752794
6214,SESN1,0.72252023
6215,EPS15,0.7820924
6216,TANK,0.7984794
6217,UNC5B,0.7932714
6218,WNT5A,0.6904025
6219,ZNF687,0.9031765
6220,PARP12,0.7113861
6221,CPPED1,0.8625612
6222,ATM,0.7560815
6223,CYP4V2,0.84363174
6224,AVPI1,0.75824267
6225,RBM18,0.8664788
6226,HMOX1,0.8437069
6227,ARMCX6,0.8159827
6228,NAPEPLD,0.9406621
6229,AIMP2,0.9357009
6230,ABHD17B,0.7955276
6231,MPZL2,0.80633163
6232,XRCC1,0.9447187
6233,MYRF,0.7860247
6234,PARG,0.92795074
6235,TJAP1,0.897117
6236,BCCIP,0.8960676
6237,IDE,0.91798264
6238,SEC24A,0.67307407
6239,SLC25A26,0.92653656
6240,SLC35B3,0.74359787
6241,FEM1A,0.89827883
6242,DUSP11,0.8922433
6243,SIRT5,0.8829053
6244,FH,0.84070235
6245,ZNF248,0.90059966
6246,APCDD1,0.69946593
6247,TRIQK,0.8398284
6248,DPAGT1,0.89619255
6249,KIF11,0.90256584
6250,EIF3E,0.61702776
6251,ACSF2,0.84365207
6252,INPP1,0.8447609
6253,PHC1,0.8494398
6254,PEMT,0.9125443
6255,NAA50,0.76954097
6256,CDR2L,0.88435376
6257,HSPA14,0.9227179
6258,NFRKB,0.90648925
6259,SYTL1,0.7638809
6260,RPA1,0.90001863
6261,FOXA2,0.83439535
6262,ZC3H8,0.9380509
6263,KLF7,0.8744751
6264,BCL10,0.7053851
6265,LRRC8D,0.9166773
6266,SMIM10L1,0.8931901
6267,GDPD5,0.7596256
6268,DAAM1,0.88093096
6269,CCDC61,0.8916442
6270,SGMS1,0.86081517
6271,COMMD1,0.8691227
6272,SLC39A6,0.7803674
6273,PROS1,0.84563196
6274,RASD1,0.72765917
6275,ELP5,0.829043
6276,CD34,0.9344934
6277,SCAMP1,0.86112124
6278,FGF7,0.8045088
6279,MAFB,0.8878626
6280,DOP1B,0.86871755
6281,DCPS,0.8555071
6282,OXR1,0.8062584
6283,DYM,0.78856534
6284,PDSS1,0.95306075
6285,MFSD6,0.87781674
6286,RRP8,0.8822585
6287,FTSJ1,0.8334778
6288,DRG2,0.8424923
6289,EP400,0.91092765
6290,RPTOR,0.88885736
6291,FRMD8,0.8513115
6292,GTF2B,0.7867901
6293,CLASP1,0.81062984
6294,NUDT9,0.8502098
6295,COL27A1,0.80436563
6296,ALOX5,0.8560658
6297,LHPP,0.88102
6298,RNF169,0.89325756
6299,CTR9,0.91068584
6300,GPX3,0.8028466
6301,NLE1,0.95233333
6302,CNTROB,0.90507746
6303,TFPT,0.87889045
6304,MIF4GD,0.8489175
6305,LYRM4,0.89299583
6306,GPN2,0.89182943
6307,GJB1,0.9140087
6308,SLC30A6,0.91391885
6309,ACER3,0.8812782
6310,TMEM60,0.8789987
6311,PARP9,0.81024295
6312,TEAD3,0.8635624
6313,C12orf45,0.92185915
6314,RNF214,0.89949524
6315,GALNT4,0.75058264
6316,NSMAF,0.8832781
6317,TICAM1,0.81802493
6318,MAP2K4,0.8437558
6319,SIN3A,0.8869258
6320,MTFP1,0.8333279
6321,ENKD1,0.8222923
6322,PPIL1,0.9514879
6323,TP53INP2,0.70617825
6324,BCL2,0.7975791
6325,ZNF264,0.88608366
6326,SCAF8,0.8222774
6327,NUP107,0.8698188
6328,NGRN,0.78928274
6329,TCHP,0.9259756
6330,FAM104B,0.9181903
6331,ISOC1,0.9060461
6332,USP48,0.7297958
6333,ERMP1,0.9267758
6334,PCF11,0.7875262
6335,L3MBTL2,0.9173941
6336,TARBP2,0.9195565
6337,PLEKHA5,0.86882716
6338,MTR,0.8497371
6339,RNF19A,0.8291072
6340,PRDM5,0.8555059
6341,KLK10,0.6949159
6342,CHMP2B,0.812823
6343,SLC25A44,0.918253
6344,ZNF462,0.837293
6345,FOXA1,0.7977519
6346,CEP350,0.7678353
6347,AMOTL2,0.80864227
6348,ZNF316,0.87236166
6349,IMMP1L,0.93130434
6350,RNF14,0.84290224
6351,BCL11A,0.88372
6352,RAMP3,0.8193093
6353,UBE2N,0.86830837
6354,CLDN15,0.70707697
6355,PTPRB,0.74230975
6356,ZNF524,0.8491443
6357,KYAT3,0.83173114
6358,SLC25A16,0.86467993
6359,CFAP410,0.7226796
6360,ANLN,0.92734396
6361,MPND,0.9046051
6362,CHEK2,0.9545561
6363,ENO2,0.6893253
6364,FOCAD,0.92494094
6365,MX2,0.68211305
6366,GLE1,0.91282123
6367,NME6,0.898271
6368,SSC5D,0.88767964
6369,CCL24,0.6669453
6370,INPP5D,0.8624912
6371,CDCA7L,0.91408265
6372,TCAF1,0.8251802
6373,TSC2,0.85200405
6374,SRPRB,0.6495205
6375,SLC15A3,0.9036423
6376,SHC2,0.86088544
6377,GLRX,0.63481635
6378,LARS2,0.92892677
6379,NAA15,0.89583975
6380,FAM171A1,0.9190981
6381,SIPA1L1,0.83140486
6382,SMARCD1,0.77094364
6383,SLC39A10,0.89100355
6384,NUP210,0.8969032
6385,GLIPR1,0.8211605
6386,COA6,0.8219861
6387,ENDOD1,0.79355687
6388,TGFBRAP1,0.9184136
6389,COA5,0.82165223
6390,YTHDF3,0.66484076
6391,HLCS,0.905956
6392,CHIC2,0.7692541
6393,IFFO1,0.9061485
6394,GRB7,0.8993899
6395,AARSD1,0.83223957
6396,IPO8,0.87650925
6397,SORBS2,0.86657774
6398,PPP1R3B,0.7651716
6399,FBXO44,0.8320392
6400,IER5L,0.6723409
6401,PI3,0.6050612
6402,EHBP1,0.85217136
6403,ZNF124,0.8862762
6404,HPGD,0.7769249
6405,TMEM106C,0.76328564
6406,GRIN2D,0.8863222
6407,FBXL6,0.72511107
6408,CNNM2,0.82617766
6409,HS2ST1,0.79741746
6410,ABCD4,0.9002821
6411,EOGT,0.84834653
6412,ZC3H7A,0.81900436
6413,DHRS11,0.88961315
6414,PDS5B,0.9097125
6415,RRS1,0.9211755
6416,RBM22,0.8534401
6417,CLRN3,0.90342176
6418,JRK,0.84072125
6419,TLE1,0.7370986
6420,PHACTR4,0.8779565
6421,AMZ2,0.8959772
6422,CISD1,0.82351285
6423,SCLT1,0.8986631
6424,RPP25L,0.88101
6425,CCDC22,0.91549766
6426,SLC35A2,0.8858551
6427,STK16,0.93747514
6428,SPOP,0.8137792
6429,SAP130,0.89299566
6430,EMILIN2,0.9092836
6431,LRRK1,0.8551408
6432,SRGAP1,0.86179143
6433,RRNAD1,0.88808924
6434,GPSM3,0.8280045
6435,ANKRD50,0.78193504
6436,FCHO2,0.80842817
6437,LRRC40,0.8752538
6438,YTHDC2,0.8571574
6439,TMEM222,0.84494674
6440,EME2,0.87009317
6441,TTC12,0.90336084
6442,TBC1D5,0.86517346
6443,ZNF621,0.89274216
6444,P3H3,0.9268977
6445,ZBTB47,0.8950106
6446,TBC1D2,0.747325
6447,ZNF552,0.83101285
6448,CENPP,0.9149157
6449,SP110,0.89371645
6450,VSIG10,0.93762475
6451,GCNT3,0.7524641
6452,ZNF189,0.82923466
6453,GAS8,0.9107502
6454,AGBL5,0.9242609
6455,SGMS2,0.8472492
6456,TSPAN2,0.9098209
6457,PRKAB2,0.8742644
6458,RHBDD1,0.8326846
6459,SEC24B,0.7473507
6460,FHOD1,0.8739599
6461,FAM174A,0.76050466
6462,NAT14,0.8503901
6463,VIRMA,0.83920056
6464,TMED8,0.82841045
6465,MTREX,0.87579215
6466,ECD,0.87888134
6467,LRCH1,0.815581
6468,S1PR3,0.88882154
6469,SEPTIN6,0.8929469
6470,PEX1,0.8886324
6471,SNAPC5,0.8650279
6472,SPTY2D1,0.83265394
6473,FCHSD2,0.9032491
6474,GNE,0.71979743
6475,SPRED2,0.8962634
6476,FAM118B,0.8701417
6477,TMTC4,0.90037435
6478,SKAP2,0.84647524
6479,ANKRD13B,0.9363108
6480,C3orf38,0.89716417
6481,PRAG1,0.815576
6482,HMGXB4,0.8607003
6483,GTF3C4,0.9325675
6484,POLR3C,0.8968129
6485,ESAM,0.92085516
6486,IGFBP6,0.8885163
6487,SMARCAD1,0.8718976
6488,NUMBL,0.8927374
6489,PTTG1,0.87616116
6490,STK36,0.8598032
6491,TATDN1,0.8809797
6492,S100PBP,0.88390726
6493,SIK2,0.83942574
6494,TTC19,0.8750773
6495,RPAP2,0.7879076
6496,PPTC7,0.833211
6497,HSDL2,0.8570519
6498,LRP3,0.8041777
6499,TSHZ2,0.8417168
6500,VANGL1,0.8361062
6501,HINFP,0.91821986
6502,ANKRD49,0.87326145
6503,HMGCR,0.8486262
6504,DDX19B,0.9209198
6505,EGFR,0.81975025
6506,RIPK1,0.81162536
6507,UBXN11,0.8014001
6508,BTN3A1,0.79184157
6509,GXYLT2,0.8395461
6510,RABGEF1,0.77421916
6511,PMM2,0.9254385
6512,RASAL2,0.8500537
6513,RAD17,0.8840672
6514,PPP1R14C,0.6902366
6515,IFT52,0.8771523
6516,C11orf54,0.8370388
6517,STMN3,0.692062
6518,TMEM223,0.8791192
6519,PDE6D,0.8687515
6520,VAPA,0.59419125
6521,IMMP2L,0.8537794
6522,SLA,0.8069234
6523,ZSWIM4,0.8142277
6524,PGAM5,0.91564614
6525,SENP5,0.8679679
6526,PLEK,0.8072396
6527,ZNF24,0.8095823
6528,NOXA1,0.86119854
6529,RCAN3,0.90240276
6530,ZNF581,0.9112981
6531,TSPAN17,0.8472825
6532,SERGEF,0.81136906
6533,PPP3CC,0.8274412
6534,ZBTB11,0.87124527
6535,ZFYVE9,0.87287086
6536,RNF113A,0.8868354
6537,RRAGB,0.7965112
6538,TP53BP1,0.88451767
6539,TCTN3,0.788554
6540,RFC2,0.92294794
6541,PRR14L,0.85806555
6542,TENT4B,0.8992985
6543,C2orf72,0.79919094
6544,OGFRL1,0.81809217
6545,INPP5B,0.8836962
6546,PDSS2,0.89893997
6547,TBC1D10A,0.88526857
6548,NFATC4,0.89787275
6549,C7orf26,0.8618697
6550,CPOX,0.88591975
6551,ITPKB,0.8871761
6552,B4GALT4,0.8751734
6553,RAPGEF5,0.7525355
6554,RTL10,0.9128113
6555,DENND3,0.78938496
6556,AP1S2,0.80027866
6557,KMT5C,0.9378346
6558,DPM2,0.8851554
6559,PRORP,0.8859038
6560,GNPAT,0.82846516
6561,AMT,0.87402904
6562,SPRYD4,0.93961793
6563,MIPEP,0.90380096
6564,NARS2,0.92598206
6565,MARCH8,0.72934246
6566,IFT80,0.8180465
6567,RRP9,0.9283442
6568,CCL28,0.7880994
6569,FBXO11,0.7831258
6570,AKTIP,0.87217796
6571,GLCE,0.80114424
6572,CDC6,0.9130934
6573,DDI2,0.87471956
6574,FANCI,0.9073945
6575,FAM110C,0.81335896
6576,MPPE1,0.8073775
6577,PRKX,0.8356371
6578,ENDOG,0.8687828
6579,DARS2,0.91320294
6580,GLMP,0.7452586
6581,UBR7,0.8872334
6582,MPI,0.8421263
6583,KRT23,0.6434274
6584,PIKFYVE,0.8671721
6585,ERGIC2,0.8263195
6586,C1QTNF6,0.85612714
6587,ARID2,0.84643793
6588,CAAP1,0.9116683
6589,ZNF254,0.84015006
6590,UBA6,0.91735834
6591,UMPS,0.93908376
6592,TIMM22,0.86250824
6593,CCNB2,0.8894401
6594,ASB13,0.90741116
6595,NPC1,0.8190462
6596,CCDC186,0.78476334
6597,DIP2B,0.8629835
6598,PPT1,0.71275806
6599,ADAMTS12,0.86994034
6600,ADAM17,0.7611052
6601,NEXN,0.90822273
6602,LGALS8,0.81090814
6603,LY6G6D,0.55943626
6604,SLC20A2,0.81441146
6605,TMEM183A,0.7597164
6606,APEX2,0.9368806
6607,GALK2,0.81806815
6608,ICAM3,0.8383555
6609,NAA30,0.8668861
6610,C4orf19,0.8953376
6611,APOBEC3C,0.8416424
6612,YTHDF1,0.7795844
6613,LMBR1L,0.8431295
6614,ACP6,0.92694366
6615,ABCC4,0.79568225
6616,PARVG,0.8310989
6617,DIS3L2,0.89338857
6618,FAM20B,0.80239534
6619,ADARB1,0.9294185
6620,VARS2,0.9075559
6621,RPAP1,0.9048296
6622,FNDC1,0.8819888
6623,COA7,0.95599174
6624,MERTK,0.74616426
6625,CAPRIN2,0.84112376
6626,PACSIN3,0.8033208
6627,METTL22,0.86424744
6628,PIGQ,0.83230126
6629,RIPOR1,0.8092133
6630,ABT1,0.90926594
6631,AC118549.1,0.76298094
6632,ZNF12,0.90045637
6633,SH2B3,0.8831683
6634,XPR1,0.8824552
6635,POP7,0.9500068
6636,USP42,0.86416334
6637,PBX3,0.91743857
6638,ITGA7,0.8528269
6639,RFWD3,0.9248394
6640,COMMD3,0.7850893
6641,CEP57,0.89728826
6642,ENOX2,0.84762704
6643,ZFYVE16,0.8195195
6644,MTMR3,0.79318446
6645,AKAP10,0.80801755
6646,HMBOX1,0.83856255
6647,ANKRD27,0.8991812
6648,GLIPR2,0.8312836
6649,CRNKL1,0.8768483
6650,HIPK1,0.79444665
6651,ZNF335,0.9287462
6652,CINP,0.88931286
6653,MARVELD3,0.9347075
6654,TARS2,0.9081827
6655,ATXN7L1,0.8345552
6656,CUL9,0.8954751
6657,LAGE3,0.9022827
6658,MALT1,0.8697701
6659,EGLN1,0.7633026
6660,MAD2L2,0.8675552
6661,AURKB,0.905581
6662,PCGF1,0.8407326
6663,UNC13D,0.8012964
6664,GPX8,0.9059658
6665,PLEKHB1,0.8164595
6666,TET2,0.87152547
6667,CCDC59,0.91471153
6668,NFKBIB,0.8759895
6669,MMP19,0.76422817
6670,HAGHL,0.86388737
6671,TK2,0.8463172
6672,FOXM1,0.8835562
6673,MGMT,0.63316166
6674,COL8A1,0.84488344
6675,BTF3,0.771937
6676,RUNDC1,0.8130318
6677,RINT1,0.87231493
6678,SLC4A7,0.80644953
6679,UTP18,0.87759495
6680,DNAJC14,0.9071179
6681,NCBP3,0.8323003
6682,NEO1,0.7340323
6683,ZNF629,0.8529519
6684,WDR27,0.8497772
6685,ZHX1,0.77536976
6686,WWC1,0.91063106
6687,ABCB8,0.83981293
6688,RCOR3,0.7523139
6689,A4GALT,0.94606787
6690,ID4,0.8136086
6691,EMC2,0.72963274
6692,RFTN1,0.9169816
6693,PPIH,0.90387326
6694,SLC7A8,0.81261075
6695,MAP3K21,0.8740667
6696,NNT,0.8907728
6697,SAPCD1,0.9104214
6698,NUBP1,0.90973437
6699,BRAP,0.87726253
6700,ANKRD40,0.8110622
6701,HNF1B,0.86295974
6702,SMUG1,0.8371153
6703,TMEM192,0.9039678
6704,TRNAU1AP,0.8678505
6705,SUSD1,0.91609716
6706,CLOCK,0.8724598
6707,CHEK1,0.92449427
6708,TTC13,0.9132524
6709,TERF2,0.7452186
6710,SRRD,0.86915857
6711,CXorf38,0.91447496
6712,GCA,0.9140773
6713,POLR1C,0.9107354
6714,FAM172A,0.78712875
6715,PTPN4,0.8948037
6716,DDX52,0.93058634
6717,MANBA,0.808957
6718,CXXC5,0.7860535
6719,PWWP2A,0.8194972
6720,CCDC32,0.8078888
6721,PARP3,0.8631625
6722,SAMD8,0.82009345
6723,GIT2,0.8060115
6724,IL17RC,0.8602292
6725,GTF2H4,0.885015
6726,FBXL12,0.80900186
6727,AHI1,0.86679846
6728,HNF4G,0.91529614
6729,FAM76B,0.8144757
6730,KCNAB2,0.8181343
6731,MSRA,0.8447157
6732,KIF22,0.8835188
6733,LANCL1,0.76676655
6734,ERCC3,0.8632837
6735,FBF1,0.85065997
6736,FAM98A,0.9086677
6737,PDCL,0.89269125
6738,SMIM14,0.7489068
6739,HEG1,0.82955617
6740,ARHGAP11A,0.9104193
6741,PADI2,0.58121353
6742,EID2,0.7744667
6743,TLE3,0.76246864
6744,EFEMP1,0.7478628
6745,ZSCAN25,0.84926033
6746,SLC35A3,0.78587
6747,SFMBT1,0.91837746
6748,SLC43A1,0.8816757
6749,COQ2,0.8985194
6750,SLC25A12,0.8964375
6751,ZNF623,0.84942514
6752,BBS1,0.8108254
6753,RAB2B,0.8459839
6754,MTHFD2,0.68689144
6755,PPME1,0.91342074
6756,AARS2,0.877563
6757,MPP7,0.7300778
6758,UBALD1,0.8431764
6759,PIGP,0.8828314
6760,DOCK8,0.9109064
6761,CEP131,0.9255094
6762,MORC3,0.77070963
6763,CNEP1R1,0.8530949
6764,PLA2G4B,0.8513079
6765,SCARF1,0.9001884
6766,KIFAP3,0.82713
6767,ARHGAP39,0.8599912
6768,PIK3R4,0.9020047
6769,TRAPPC13,0.88966846
6770,RAB11FIP2,0.8536046
6771,TWISTNB,0.92453104
6772,RALGAPA1,0.830925
6773,FANCF,0.9400916
6774,KIAA1109,0.7473971
6775,INPP4A,0.8220416
6776,LY6G5B,0.87718946
6777,RFC3,0.9219766
6778,UBE2L3,0.84143496
6779,VPS13D,0.7310815
6780,SRD5A1,0.8643495
6781,ERLIN1,0.90746737
6782,PRR7,0.94557345
6783,CHTF8,0.84018284
6784,MGA,0.7771017
6785,COBLL1,0.87622994
6786,SIX5,0.92985207
6787,CYP27A1,0.79615957
6788,HEYL,0.8875713
6789,PHF14,0.8749008
6790,LRRC45,0.88153136
6791,BBS2,0.77873856
6792,PLSCR4,0.8167469
6793,ULK2,0.8920538
6794,GNG5,0.77225095
6795,COL17A1,0.8453902
6796,PIAS3,0.8894342
6797,WDR70,0.8423747
6798,ALDH1A3,0.9097878
6799,SMIM13,0.8828391
6800,SYNM,0.7886728
6801,PINX1,0.84360754
6802,CLEC2D,0.8816659
6803,MID1,0.88044596
6804,AEBP2,0.8868596
6805,CNOT6L,0.799016
6806,SEMA4G,0.7999726
6807,CMC2,0.87656814
6808,RELB,0.77419287
6809,UBA5,0.7737302
6810,CDAN1,0.8537626
6811,POLR1E,0.81424326
6812,XRCC3,0.8971228
6813,CCDC43,0.91980916
6814,JADE1,0.85308427
6815,NAB2,0.8877677
6816,ERI2,0.92199695
6817,FADS2,0.6847618
6818,ITGA9,0.7816456
6819,GALNT7,0.81349194
6820,OARD1,0.86835295
6821,SLC25A22,0.83567894
6822,RANGRF,0.87096804
6823,SRRM1,0.741366
6824,MAST4,0.81388944
6825,CEP89,0.89822406
6826,LCLAT1,0.9124537
6827,RPRD2,0.8517381
6828,RAPGEF2,0.84154445
6829,ELP4,0.92294806
6830,PTPRD,0.73775977
6831,MSMO1,0.6745094
6832,POLR3GL,0.85099214
6833,NSMCE3,0.82702315
6834,SPAST,0.9157271
6835,DNAJC30,0.8837128
6836,TATDN3,0.8554635
6837,ASMTL,0.69280237
6838,BABAM2,0.8617944
6839,USP20,0.90800905
6840,IKBIP,0.9345177
6841,BLOC1S3,0.91674507
6842,PTPRN2,0.7208621
6843,PTGER4,0.7691892
6844,ALKBH6,0.88360727
6845,MBD5,0.8423812
6846,MARCH9,0.8905083
6847,TMEM64,0.74887305
6848,CHST12,0.88211167
6849,PLAGL2,0.78329366
6850,NT5DC1,0.8274971
6851,CNKSR3,0.80297184
6852,ZNF302,0.8591213
6853,SPRTN,0.88439137
6854,JADE2,0.8440844
6855,ZNF680,0.8276225
6856,DNAJC11,0.78547764
6857,ATG7,0.8494986
6858,VSIG4,0.8320664
6859,ARHGAP9,0.8602366
6860,SOCS5,0.7531616
6861,FAM83G,0.90206563
6862,HMGA2,0.88201773
6863,PAQR3,0.83709115
6864,AKAP12,0.8923749
6865,HEMK1,0.81216145
6866,CTPS2,0.86448365
6867,GLIS2,0.859128
6868,MXD3,0.88873017
6869,SEMA3F,0.7320393
6870,MCPH1,0.90129143
6871,ENOSF1,0.84471184
6872,RAP1GAP,0.72499543
6873,OTULIN,0.8543056
6874,KLHL2,0.8770343
6875,PHAX,0.84902525
6876,ATP6V1G1,0.77425283
6877,DUSP2,0.6987313
6878,NCKAP5L,0.8922076
6879,SYNJ2,0.83982515
6880,ZFAND2A,0.7427355
6881,VTA1,0.8274557
6882,TMUB1,0.8050456
6883,NAPG,0.78943926
6884,GTF2H5,0.78346634
6885,MNAT1,0.8446705
6886,FZD7,0.8236407
6887,MMD,0.83374304
6888,PAK1,0.8374195
6889,FAM110A,0.89671993
6890,XDH,0.8892206
6891,SDAD1,0.9211537
6892,GINS1,0.93038756
6893,PTCD1,0.9192451
6894,TRAM2,0.8922658
6895,CCNT2,0.8228501
6896,CNST,0.78657395
6897,UBN2,0.8595347
6898,EPB41,0.847095
6899,ANKRD37,0.6626212
6900,NQO2,0.83694977
6901,UPRT,0.8748471
6902,C1GALT1C1,0.9020211
6903,QPCT,0.7123193
6904,BRCA1,0.9218436
6905,FHL3,0.89330447
6906,TBC1D24,0.8765877
6907,TMEM135,0.8441416
6908,CACNB3,0.8275139
6909,PCCB,0.8075798
6910,DENND11,0.78479135
6911,KDELR3,0.7790003
6912,ZNF142,0.8580008
6913,CCDC125,0.843813
6914,CDH3,0.8313807
6915,TCTN1,0.7651395
6916,LACTB2,0.8776477
6917,DYSF,0.8953251
6918,WDR60,0.80702645
6919,KLHL22,0.9296051
6920,TUBGCP5,0.8875456
6921,MIGA1,0.7965704
6922,CTBS,0.776521
6923,DDB2,0.8311173
6924,ACAP1,0.79862976
6925,PDP1,0.7542744
6926,SLC10A7,0.88451284
6927,DPH3,0.8089608
6928,XYLT2,0.89880335
6929,GAB1,0.8545099
6930,IMPA1,0.82758534
6931,CMTM7,0.85925
6932,CES3,0.8329297
6933,RMND1,0.90589494
6934,BAP1,0.82852644
6935,UVSSA,0.8846187
6936,PIGZ,0.8281487
6937,TBX2,0.9456038
6938,NBAS,0.8338277
6939,SLC25A46,0.7182909
6940,UBE2T,0.82256037
6941,ABHD4,0.8513637
6942,IQSEC2,0.8339607
6943,ZNF224,0.86952716
6944,C2orf69,0.8835513
6945,AGMAT,0.9427785
6946,BLOC1S5,0.9144699
6947,SLC22A23,0.73990685
6948,ZMYM4,0.7753955
6949,YIPF5,0.7248675
6950,GAS7,0.90500414
6951,ACADS,0.8682795
6952,WDR37,0.7887587
6953,SLC48A1,0.831624
6954,ADGRG6,0.8375102
6955,IL1RN,0.7694927
6956,MKKS,0.88231456
6957,SCFD2,0.85874015
6958,SFSWAP,0.8543183
6959,ETAA1,0.89671975
6960,TRIM52,0.8441914
6961,XRN1,0.71412057
6962,ME1,0.7485798
6963,PCSK5,0.8110847
6964,NCAPH,0.9287031
6965,RNASEH2B,0.8498134
6966,MAPK9,0.8299541
6967,SNRPE,0.78050774
6968,PNPLA4,0.91981333
6969,PCNX4,0.820423
6970,WDR4,0.8944193
6971,PAPOLG,0.87938124
6972,GLT8D2,0.901497
6973,SCO1,0.8348732
6974,RCBTB1,0.8884061
6975,MCM8,0.90397567
6976,WDSUB1,0.85403156
6977,FLNC,0.7209233
6978,GALM,0.8581811
6979,ADA2,0.8712894
6980,UBE2W,0.84907436
6981,FGFR1OP,0.8857567
6982,EIF2B2,0.89441144
6983,RCL1,0.9121794
6984,MTMR6,0.83111566
6985,GNA12,0.83220917
6986,OLFML3,0.88259584
6987,SASH1,0.8993387
6988,FYCO1,0.91177267
6989,RAP1GDS1,0.81893694
6990,DUSP7,0.89405715
6991,PAIP1,0.8558242
6992,PRRG1,0.7510486
6993,ATG4D,0.88445616
6994,NOD1,0.8769943
6995,ABCB6,0.8330975
6996,CEP128,0.83441937
6997,MFAP2,0.8014813
6998,PHETA1,0.8810344
6999,OTUD3,0.8699041
7000,MICALL1,0.8537479
7001,RAB12,0.75395733
7002,LXN,0.7929347
7003,TRIM37,0.881122
7004,ENPP4,0.8897212
7005,CRB3,0.84594876
7006,TET3,0.93252987
7007,DEPTOR,0.74207985
7008,EFNA3,0.8557795
7009,OSGIN2,0.8209591
7010,ARHGEF25,0.7910798
7011,MSH6,0.89241594
7012,HIST1H4I,0.58600247
7013,CERS5,0.74380285
7014,DCAF13,0.84091944
7015,SPAG1,0.72960204
7016,CLMP,0.87460774
7017,UFL1,0.88364345
7018,BCAS3,0.755208
7019,LRP8,0.8872166
7020,COQ5,0.84823847
7021,SH2D4A,0.8399135
7022,SLC43A3,0.78032595
7023,NGLY1,0.8038408
7024,ATMIN,0.7709805
7025,FAM222B,0.8649899
7026,RAD54L,0.9449636
7027,PID1,0.6411953
7028,SBF2,0.8617836
7029,TUSC1,0.8376457
7030,GABPB2,0.8115474
7031,DHFR,0.7618725
7032,LENG1,0.8854275
7033,PSMD12,0.7778077
7034,CHFR,0.7446936
7035,UNC119B,0.86509514
7036,NGDN,0.8994102
7037,COG6,0.86517674
7038,CAMK1D,0.77304536
7039,LDLRAD4,0.79251045
7040,THUMPD3,0.8692651
7041,RFT1,0.82903546
7042,PEAK1,0.79084665
7043,CLEC2B,0.9170375
7044,GINM1,0.725449
7045,FAM83B,0.8624507
7046,AHDC1,0.8233476
7047,ADCK2,0.9071846
7048,NR4A2,0.779829
7049,ZNF747,0.8189155
7050,DCAKD,0.8430372
7051,ZDHHC13,0.9029387
7052,CDK5RAP1,0.81528765
7053,SPECC1L,0.7696438
7054,CPT2,0.8981385
7055,TRIM16,0.90023357
7056,RELT,0.8445094
7057,HAUS2,0.86827135
7058,WWP1,0.8539259
7059,PIGU,0.8280505
7060,TDG,0.85834485
7061,CPQ,0.81316054
7062,SESTD1,0.75765294
7063,RNF8,0.9130214
7064,C1RL,0.76935166
7065,BTN3A3,0.75287664
7066,NEPRO,0.86020756
7067,EVI5L,0.91231495
7068,GSAP,0.8088388
7069,LPCAT2,0.7976839
7070,DPY19L4,0.89813703
7071,C2orf49,0.89508235
7072,TNRC6A,0.7884632
7073,TMEM167A,0.71591645
7074,PAFAH2,0.88567716
7075,NSDHL,0.9203721
7076,TLDC2,0.8817267
7077,AGO3,0.8992936
7078,KRR1,0.8392491
7079,COX7A1,0.8435464
7080,BLZF1,0.8127879
7081,ELMOD2,0.7981917
7082,MFSD9,0.9053677
7083,GCDH,0.909937
7084,SFT2D3,0.8764709
7085,NPNT,0.85886335
7086,FPR3,0.83907306
7087,TST,0.6919865
7088,APOL3,0.88048553
7089,MCEE,0.88342726
7090,EAF1,0.8587926
7091,TEPSIN,0.8445515
7092,PHF8,0.90147084
7093,ZNF362,0.8194097
7094,C3orf52,0.82501376
7095,ZNF280D,0.75241643
7096,GPRIN3,0.8312379
7097,TMEM65,0.7972212
7098,SAMD12,0.86023575
7099,CHCHD6,0.9354337
7100,JAM3,0.8891961
7101,RNF103,0.82306355
7102,KIF20B,0.8990861
7103,MPV17,0.66758627
7104,PLEKHM1,0.75891846
7105,SLC36A1,0.90908
7106,GPHN,0.865335
7107,CWF19L1,0.8836044
7108,IPPK,0.89449406
7109,PRKAG1,0.7962881
7110,KIAA1211,0.8561131
7111,MECOM,0.7324929
7112,SCLY,0.92773896
7113,DTD2,0.879773
7114,HSD17B12,0.7073601
7115,DMD,0.7851573
7116,PDK2,0.8032395
7117,LAIR1,0.8717128
7118,RGS14,0.82914364
7119,AJUBA,0.8488522
7120,BLVRA,0.7900962
7121,MBOAT1,0.86641544
7122,CGREF1,0.8070497
7123,IRF2BP1,0.89251906
7124,ZKSCAN8,0.8611569
7125,QSER1,0.8223828
7126,RUFY1,0.81399757
7127,GDPD3,0.9003262
7128,IPO13,0.8401224
7129,BCAS4,0.79326373
7130,HSPA2,0.85755974
7131,ORAI3,0.7292045
7132,ASCC1,0.8707178
7133,LSG1,0.91179925
7134,PSMD5,0.8711689
7135,TEAD2,0.8601446
7136,WHAMM,0.8447532
7137,FAM192A,0.80239064
7138,FAM189B,0.86978716
7139,CERK,0.6414998
7140,MT1F,0.73482
7141,DPP8,0.7862297
7142,NASP,0.7997356
7143,MTHFSD,0.8749732
7144,RIC1,0.86405724
7145,DUSP12,0.9149941
7146,HACL1,0.88392735
7147,UBTD2,0.8297142
7148,ZFYVE21,0.82523954
7149,PGAP2,0.8967861
7150,SHOC2,0.78823155
7151,STARD4,0.87156385
7152,SLC9A6,0.8723708
7153,RNF157,0.87454814
7154,CDCA4,0.8651408
7155,PLEKHG1,0.77606785
7156,FAAH2,0.8632714
7157,MEIS1,0.85736316
7158,TIMELESS,0.9271716
7159,DAPK1,0.75084484
7160,APBB3,0.8656491
7161,AFAP1L2,0.86380386
7162,LRRC61,0.81274796
7163,ABCF2,0.8223443
7164,KLHL9,0.84693605
7165,IRAK4,0.8333685
7166,MED11,0.8581933
7167,KIF18B,0.91789526
7168,KANSL2,0.8786205
7169,NUDT8,0.92723
7170,SPATA2L,0.7775806
7171,TP53INP1,0.8267184
7172,FAM200B,0.8435773
7173,BAG2,0.7412439
7174,ZNF445,0.876678
7175,C11orf71,0.8767196
7176,SUFU,0.8894476
7177,ZNF561,0.87859213
7178,HSD17B8,0.9079305
7179,NDC1,0.8076712
7180,PUS7,0.91842794
7181,ADPRHL2,0.8480278
7182,ALKBH2,0.86666614
7183,MTIF2,0.9002891
7184,GRK5,0.77638257
7185,MTMR14,0.7568588
7186,METTL23,0.74327046
7187,ZNF318,0.88433844
7188,LRIG2,0.756568
7189,IRF2BPL,0.87765557
7190,ZFP62,0.87329245
7191,ZNF426,0.7643713
7192,PKNOX1,0.93260574
7193,ICE2,0.83907354
7194,TMEM184A,0.8631759
7195,RILP,0.8894811
7196,TUBE1,0.87321174
7197,PTPRO,0.7286704
7198,NETO2,0.69508845
7199,PJA1,0.8316048
7200,TMEM69,0.86423016
7201,ITM2A,0.8518094
7202,ZC3H7B,0.824948
7203,TOR1AIP1,0.7821888
7204,AMMECR1,0.9218402
7205,CBL,0.86617523
7206,BMP2,0.8782924
7207,TTC39C,0.7900438
7208,PDE8A,0.7878181
7209,METTL21A,0.8986021
7210,SCRN1,0.65213114
7211,PSMG4,0.890906
7212,SLC15A4,0.8448946
7213,CLEC16A,0.8202161
7214,PHKA2,0.86307967
7215,ZNF331,0.85024077
7216,EMC9,0.89585406
7217,EFL1,0.9156584
7218,TMLHE,0.9080161
7219,LATS2,0.8550876
7220,ZMAT3,0.6263996
7221,DPCD,0.88822496
7222,MEF2B,0.8140459
7223,ATP8B2,0.8703671
7224,SOS1,0.74436456
7225,SLIT3,0.82450545
7226,CYB5R4,0.8351827
7227,CDKN1C,0.780197
7228,PDE7A,0.8537498
7229,DDX50,0.88332605
7230,BCOR,0.8440587
7231,BTBD9,0.87435114
7232,MINDY1,0.81490505
7233,FAM219A,0.85062855
7234,SLC27A1,0.8411637
7235,ERCC6,0.89954865
7236,YAE1,0.8225814
7237,CRIPT,0.7870811
7238,ARMC7,0.8500004
7239,MYEOV,0.83155507
7240,ITGA4,0.8003689
7241,CFAP20,0.8941999
7242,TIGAR,0.8785395
7243,MRE11,0.85425466
7244,DLL1,0.81655514
7245,PRKAG2,0.7739925
7246,SARS2,0.89339703
7247,PDCD2L,0.9326792
7248,LRP4,0.7229093
7249,USPL1,0.83195716
7250,MAML2,0.85662806
7251,RHOT1,0.86805254
7252,RRP12,0.79817086
7253,ZNF346,0.8575211
7254,MCTP2,0.7314356
7255,LRMDA,0.8620059
7256,PBLD,0.7395382
7257,PLEKHH1,0.9267875
7258,CRY1,0.78344
7259,LACTB,0.76303387
7260,PSD3,0.8094471
7261,ANKS4B,0.9087118
7262,C10orf99,0.73684263
7263,C18orf32,0.67193764
7264,ZNF574,0.87636536
7265,INPP5K,0.8604501
7266,PMAIP1,0.8919412
7267,ARHGEF9,0.8063277
7268,ARSB,0.84748876
7269,TMEM204,0.765708
7270,H2AFY2,0.7844917
7271,SEPHS1,0.8562642
7272,SWI5,0.79853207
7273,PI4K2B,0.77266735
7274,OASL,0.7292762
7275,ASRGL1,0.8204958
7276,PDCD10,0.80783546
7277,TARSL2,0.8678667
7278,MRM2,0.90706426
7279,ZG16,0.44539905
7280,ALKBH4,0.8482663
7281,B3GALNT2,0.86903346
7282,PHF21A,0.75556594
7283,BUD13,0.892193
7284,MAPK8,0.7729496
7285,LCP2,0.8001861
7286,CHAMP1,0.91323775
7287,ZNF267,0.77378553
7288,CDH24,0.86641794
7289,SLC25A43,0.9115399
7290,DHX32,0.81673133
7291,AASDHPPT,0.91707736
7292,B4GAT1,0.78650343
7293,EVI5,0.73528165
7294,B3GNT8,0.8664318
7295,MAP3K14,0.81939954
7296,MEGF8,0.83721733
7297,TTC8,0.771472
7298,ACD,0.90869725
7299,MEX3C,0.90697193
7300,ADAP2,0.86166656
7301,DLST,0.81722677
7302,SAC3D1,0.8846944
7303,EPG5,0.8950995
7304,DYNC1LI1,0.78790486
7305,PTPMT1,0.8705403
7306,PMS2,0.9107584
7307,GFOD2,0.8742296
7308,EIF2S2,0.6634771
7309,CDC42EP2,0.65698475
7310,CAMK2G,0.85217005
7311,QRSL1,0.94756883
7312,EPS8L1,0.7930384
7313,ATAD2,0.7582288
7314,C5orf22,0.893737
7315,PTGIS,0.7683624
7316,SARM1,0.8471489
7317,HERC6,0.76958525
7318,ZFP90,0.79481924
7319,STXBP1,0.68494976
7320,RIOK2,0.9115766
7321,SPHK1,0.8304682
7322,CPEB2,0.7898143
7323,UMAD1,0.86806077
7324,DPH1,0.8321933
7325,ANO10,0.73755115
7326,TENT2,0.8231935
7327,ADCY9,0.8544415
7328,CFL2,0.91211563
7329,BTN2A1,0.65118694
7330,WDR20,0.8096036
7331,LIPG,0.8533811
7332,EED,0.8313826
7333,ATAD2B,0.8464115
7334,CACNA1H,0.78853804
7335,TBC1D15,0.84096634
7336,STC1,0.69389576
7337,RIDA,0.9055672
7338,NFYA,0.84362525
7339,BCKDHA,0.90294397
7340,WBP4,0.7664504
7341,LPAR5,0.8646287
7342,NADK2,0.8834472
7343,GPR157,0.8469492
7344,LAMA2,0.8798823
7345,COG7,0.8543145
7346,CCDC137,0.8403825
7347,RBM27,0.8531195
7348,ATR,0.83986956
7349,GCH1,0.8235137
7350,PPP1R21,0.8429289
7351,ALOX5AP,0.783142
7352,PDK3,0.9041149
7353,ZNF785,0.8027844
7354,TCEAL1,0.7875481
7355,PHLPP2,0.79225725
7356,CSNK1G3,0.71757644
7357,NKAPD1,0.7978686
7358,DTX3,0.8379094
7359,RAD9A,0.78975815
7360,DIPK1A,0.8502153
7361,TFEB,0.7982755
7362,BLOC1S4,0.85658735
7363,C5AR1,0.82625526
7364,SIKE1,0.81869495
7365,MAN1A2,0.78624135
7366,RICTOR,0.8558909
7367,INPP4B,0.82733876
7368,ERI1,0.826642
7369,ITGB3,0.79379857
7370,DSN1,0.84240204
7371,KIF9,0.8846663
7372,TPPP3,0.6930467
7373,BCAT1,0.8730321
7374,WDYHV1,0.9299828
7375,KAT8,0.7997616
7376,TRIM24,0.8556406
7377,ACAD8,0.90671766
7378,FBXO25,0.85539323
7379,ZNF414,0.91396636
7380,ESCO1,0.7957796
7381,CD40,0.8068757
7382,HIST1H2AC,0.7856072
7383,B3GNT5,0.8686646
7384,GTF2A2,0.6543408
7385,FOXRED1,0.9076994
7386,COL9A2,0.7080173
7387,NCDN,0.8335366
7388,MAP3K3,0.89245176
7389,FUOM,0.6908464
7390,STC2,0.83931935
7391,SCMH1,0.8515479
7392,CEP44,0.8846054
7393,SNX11,0.7991765
7394,NF1,0.72667503
7395,UBE3D,0.8407869
7396,U2AF1L4,0.89220697
7397,PITPNM2,0.82900137
7398,STRADB,0.87966496
7399,COMMD10,0.8681641
7400,ZBTB48,0.88276625
7401,MMGT1,0.87884134
7402,SMU1,0.8036786
7403,MRGPRF,0.91577995
7404,BAZ2B,0.7288254
7405,MDFIC,0.80130845
7406,EFHC1,0.8956022
7407,RFLNB,0.75538033
7408,TMEM209,0.8707204
7409,RAB28,0.6852101
7410,SLC23A2,0.81425226
7411,POLR3K,0.8472262
7412,SERPINB5,0.76926947
7413,GUCY2C,0.7741416
7414,VCPKMT,0.86914825
7415,C17orf75,0.89293045
7416,ASH2L,0.8156313
7417,FBXW8,0.8422378
7418,CS,0.8287072
7419,AREL1,0.8461348
7420,USP31,0.8564559
7421,STS,0.7848426
7422,SEPSECS,0.8214594
7423,ITGB3BP,0.9293999
7424,METRN,0.73694724
7425,TAF2,0.75906456
7426,EPB41L3,0.829816
7427,CHD8,0.82153475
7428,DCP1B,0.896825
7429,ANK3,0.6787113
7430,ABCA5,0.7577142
7431,POLB,0.88243884
7432,ADAMTS9,0.7510254
7433,CWC22,0.86419624
7434,RIPK2,0.767765
7435,NMT2,0.8387467
7436,TSPOAP1,0.68527806
7437,PLEKHG4,0.88718945
7438,UPF3B,0.920674
7439,COQ10B,0.68153614
7440,LRRC75A,0.704074
7441,SPSB2,0.8650899
7442,SAV1,0.8226922
7443,GRPEL2,0.87953293
7444,NSMCE2,0.74468386
7445,ANKRD54,0.89324844
7446,CCDC68,0.8733167
7447,KIFC3,0.7666556
7448,SIAH1,0.75412095
7449,FKBP15,0.8075002
7450,NAV2,0.8578397
7451,MIER3,0.8636132
7452,MANSC1,0.8682431
7453,DNAL4,0.8953166
7454,ACTR5,0.89766437
7455,PCK1,0.7411261
7456,CHST15,0.8844143
7457,IGF1,0.8178273
7458,KLHL6,0.777857
7459,MGME1,0.89577514
7460,NUAK2,0.90462065
7461,COIL,0.8647367
7462,TSNARE1,0.8385082
7463,BAZ1A,0.81238025
7464,LRRC57,0.90403384
7465,SDSL,0.88965267
7466,GTSE1,0.9296745
7467,GLB1L2,0.8558051
7468,ZNF493,0.83708704
7469,CD3EAP,0.91805404
7470,TNFRSF10A,0.8533091
7471,NREP,0.7775678
7472,WDR48,0.8294735
7473,SLC30A5,0.83172303
7474,CHI3L1,0.6347918
7475,TAB1,0.8465149
7476,PROSER3,0.85845554
7477,TRANK1,0.8031149
7478,RNGTT,0.8419677
7479,C3orf70,0.8800797
7480,SMPDL3B,0.8856351
7481,DDX60L,0.7993393
7482,CAMKMT,0.84297657
7483,SNIP1,0.87056303
7484,SAP25,0.74985206
7485,ZYG11B,0.72258484
7486,ZMYM3,0.8705813
7487,PIP4P1,0.88282144
7488,VSIG2,0.65743786
7489,E2F5,0.8892507
7490,NAA25,0.8322484
7491,POU2AF1,0.8491662
7492,DOP1A,0.8172835
7493,POGLUT3,0.7504641
7494,DHRS12,0.8586825
7495,TMEM51,0.78193855
7496,HAT1,0.8724974
7497,C1orf109,0.92403024
7498,TMEM131,0.82426995
7499,KHK,0.9259972
7500,MAP3K8,0.78421074
7501,ZNF503,0.71821827
7502,ZNF580,0.83924884
7503,NDUFAF7,0.8572453
7504,POC1B,0.8998912
7505,MTERF2,0.87927216
7506,TMEM53,0.9042454
7507,LYRM1,0.8120852
7508,KPNA6,0.79292285
7509,SHPRH,0.7064332
7510,IL27RA,0.8221226
7511,C9orf64,0.8580471
7512,ATP11C,0.88113433
7513,CEP170,0.90932935
7514,IFT172,0.8249331
7515,DBF4,0.9374861
7516,TNFSF12,0.86212784
7517,IL10RA,0.7488226
7518,IL22RA1,0.882754
7519,HMGCL,0.8134702
7520,RHOQ,0.7281458
7521,PRKAR2B,0.79318106
7522,PHF6,0.88808936
7523,ABHD18,0.8298492
7524,RAP2C,0.814147
7525,PELI1,0.799593
7526,CUL2,0.88400394
7527,SYNC,0.81365573
7528,FOXRED2,0.88344127
7529,FAT4,0.9026837
7530,TM4SF5,0.81357604
7531,NFATC2,0.84390384
7532,UTP14A,0.82053316
7533,CPVL,0.6815588
7534,SHANK2,0.89300567
7535,CASP10,0.77355534
7536,CD52,0.79225004
7537,CLCN5,0.8796877
7538,PTPN9,0.7981311
7539,SDC2,0.7631928
7540,AZI2,0.7677528
7541,ZNF268,0.7972562
7542,NFKBID,0.8555597
7543,PIK3R3,0.87050873
7544,FARS2,0.8871298
7545,DAGLB,0.8970472
7546,ZNF639,0.85688406
7547,PXK,0.8604609
7548,TPMT,0.74266565
7549,OTUD6B,0.86688435
7550,CCNF,0.9074048
7551,DOCK11,0.7868716
7552,IFFO2,0.8015787
7553,EIF2B3,0.8302279
7554,SLC22A3,0.7765292
7555,CENPS,0.91085356
7556,IFT46,0.8548497
7557,GLA,0.88589084
7558,KLHL7,0.84566754
7559,ITGB6,0.8683459
7560,WDFY2,0.8341033
7561,GGCX,0.7768465
7562,LNPK,0.8425655
7563,HECTD4,0.8337579
7564,CD109,0.83098495
7565,NIPSNAP3A,0.88825274
7566,GEMIN4,0.92843467
7567,MAP3K10,0.8609433
7568,MTRES1,0.8484754
7569,TRMT61B,0.866022
7570,RNF38,0.8315406
7571,RNF24,0.8065781
7572,MROH6,0.7760959
7573,TEX10,0.8710948
7574,AMMECR1L,0.87691784
7575,APC,0.8844746
7576,MMUT,0.8552975
7577,APMAP,0.601987
7578,DMXL2,0.7943575
7579,FXR2,0.850489
7580,MTFMT,0.84985125
7581,SEPTIN1,0.79908437
7582,EXOSC9,0.8562646
7583,NAV1,0.8315322
7584,FKTN,0.8606258
7585,ZFP41,0.7910759
7586,TOM1L2,0.81213045
7587,R3HCC1L,0.8569624
7588,NR4A3,0.8127179
7589,CDK5RAP2,0.8553178
7590,INVS,0.7950949
7591,CTTNBP2NL,0.67369044
7592,STN1,0.69719166
7593,CBLL1,0.86318547
7594,MFAP1,0.8250551
7595,GLRX2,0.7901615
7596,GCLM,0.82838
7597,ZNF550,0.83060926
7598,ZSCAN29,0.8775553
7599,SMC6,0.88144547
7600,PPM1M,0.8806635
7601,ANKRD12,0.70578927
7602,CD58,0.7786241
7603,TOR1B,0.8150639
7604,IFT22,0.7585699
7605,FOXF1,0.84549195
7606,DNHD1,0.8299549
7607,UVRAG,0.81467444
7608,ABLIM2,0.82644314
7609,AKR1C3,0.7492932
7610,BOLA3,0.8735639
7611,BEX4,0.83383906
7612,CDK11B,0.85520405
7613,TOMM20,0.6219036
7614,PEX7,0.9188289
7615,FBXO38,0.7628091
7616,SPAG16,0.8406046
7617,SAMD9L,0.777697
7618,RSBN1L,0.78038776
7619,CCDC120,0.8288069
7620,PYROXD1,0.85650593
7621,TBL1X,0.8040789
7622,DCP2,0.7679941
7623,LPAR2,0.7890491
7624,ITPRIP,0.8357215
7625,CD4,0.7534787
7626,PLXDC1,0.94200885
7627,ABCB1,0.7606682
7628,COG5,0.753064
7629,ACAD10,0.81096333
7630,ZNF436,0.85915005
7631,ANGPTL4,0.74025697
7632,IL15RA,0.7941681
7633,RBBP9,0.816106
7634,TMEM175,0.83845323
7635,PLGRKT,0.79216254
7636,RIPK3,0.8010537
7637,ARMC9,0.9006507
7638,MMP7,0.6305992
7639,S100A2,0.7103824
7640,IMPACT,0.78485394
7641,PPP1R8,0.7853092
7642,FEZ1,0.88288146
7643,ZBTB43,0.8168168
7644,ZNF700,0.81146157
7645,TRIP13,0.9405752
7646,SMIM3,0.80957234
7647,CYTIP,0.83049095
7648,OBSCN,0.85101014
7649,CPT1B,0.8572039
7650,NPHP4,0.8884675
7651,PTER,0.9117572
7652,PGM2L1,0.79533726
7653,ZRANB1,0.7855541
7654,PLN,0.8475976
7655,YBEY,0.8659905
7656,CDC23,0.87144643
7657,SF3B4,0.7833477
7658,RECQL,0.8411954
7659,HIP1,0.7785851
7660,CRBN,0.8677267
7661,MARC2,0.795167
7662,DOK1,0.844722
7663,TRMT1L,0.8165575
7664,GAPVD1,0.7969899
7665,C15orf39,0.7693845
7666,FSD1L,0.778389
7667,CCDC88C,0.7879187
7668,ZNF274,0.77526426
7669,DUSP4,0.70707214
7670,PHTF2,0.7727452
7671,RITA1,0.8931707
7672,NPRL2,0.8585034
7673,CTU2,0.86552304
7674,FRMD6,0.8947032
7675,FGGY,0.66543627
7676,STBD1,0.724588
7677,LRWD1,0.8736032
7678,PPP1R3D,0.88241947
7679,CMTR2,0.88562554
7680,MUTYH,0.8247065
7681,SULT1A1,0.6621289
7682,MLYCD,0.8646325
7683,TFPI,0.77292436
7684,HIST1H2BB,0.6893848
7685,TEP1,0.80877227
7686,EXOC6B,0.80911905
7687,TMEM120B,0.8552128
7688,RECQL5,0.83130884
7689,CTCF,0.8300504
7690,CDK8,0.87202895
7691,HELZ,0.6830358
7692,RAP1GAP2,0.78578275
7693,RTL6,0.8188723
7694,ATP10D,0.9353231
7695,SYDE2,0.89853066
7696,ASPN,0.81786555
7697,HSD3B7,0.83572644
7698,MTX1,0.8116414
7699,CEACAM7,0.7063713
7700,SP140L,0.7387737
7701,CLYBL,0.8679056
7702,HIRIP3,0.8359395
7703,BORA,0.9213023
7704,KLHL20,0.8306537
7705,SAMD4A,0.9094039
7706,EGR3,0.758791
7707,TRNT1,0.85551125
7708,DIPK2A,0.79999936
7709,AGER,0.8895668
7710,GJB3,0.82920456
7711,PARVB,0.8105711
7712,TSEN15,0.9059949
7713,SMURF1,0.7550463
7714,C9orf152,0.8216724
7715,RASAL1,0.8357649
7716,AQP3,0.7495437
7717,ZNF140,0.8586604
7718,SYDE1,0.8805717
7719,EFNA2,0.90221757
7720,BCL2L15,0.8352251
7721,NCF4,0.7568355
7722,LRP5L,0.88025016
7723,ABI2,0.7692981
7724,POLK,0.8108796
7725,PPP1R13L,0.8570882
7726,SLC25A30,0.8092891
7727,KLF11,0.8979732
7728,CDCA5,0.90644944
7729,KIAA1549,0.8823028
7730,AHNAK2,0.8386221
7731,SMURF2,0.75943565
7732,PRKCE,0.858069
7733,CPXM1,0.7701567
7734,PSRC1,0.8975798
7735,FAM241A,0.77669555
7736,SLC35D1,0.74707395
7737,PDE3B,0.85106266
7738,RNF111,0.8491344
7739,MOB1B,0.863457
7740,OLFML2A,0.88150084
7741,GRB10,0.7067685
7742,HERC1,0.8054103
7743,C22orf39,0.8890148
7744,DSTYK,0.8514809
7745,NLRP1,0.89750797
7746,ZNF460,0.68294543
7747,C2CD2L,0.86965805
7748,MTMR10,0.8391787
7749,THBS3,0.8363694
7750,ZNF75D,0.8345464
7751,IPO11,0.8930084
7752,ITSN2,0.69462615
7753,CDK2,0.90453327
7754,GBP4,0.7869883
7755,PPARGC1A,0.7893929
7756,PIP4K2A,0.84317845
7757,ELOVL6,0.82437474
7758,FMNL1,0.8557021
7759,CDA,0.7897707
7760,IL6R,0.8541586
7761,PNPLA8,0.67952234
7762,PDE3A,0.81000865
7763,ZBTB45,0.8648915
7764,INTS12,0.8181171
7765,NFATC1,0.86441344
7766,GSTCD,0.9229417
7767,IPO4,0.8535425
7768,KIAA0513,0.80516154
7769,NUDT2,0.87330043
7770,TPCN2,0.8602654
7771,RFC5,0.9255619
7772,KCTD14,0.8862464
7773,SPAG5,0.9094216
7774,CCDC24,0.85323465
7775,IRGQ,0.6444174
7776,CDIP1,0.68128693
7777,CAB39L,0.6957719
7778,PBK,0.89477766
7779,SESN3,0.69620335
7780,TRMT44,0.82909346
7781,SLC25A19,0.9253154
7782,RAD51AP1,0.8901065
7783,GPKOW,0.91876596
7784,HAUS8,0.90268075
7785,TMEM80,0.7688323
7786,ZNF134,0.8080511
7787,MINDY3,0.7472683
7788,CHRDL2,0.78926027
7789,ZNF516,0.85436904
7790,WDR24,0.80933344
7791,TLR2,0.76239955
7792,CHST14,0.8279482
7793,NKAP,0.8982214
7794,MAP3K4,0.8603746
7795,SP2,0.83698314
7796,CEP120,0.8211383
7797,CDC37L1,0.8186014
7798,CAVIN2,0.8534136
7799,FYN,0.78396875
7800,HOXB4,0.717275
7801,NFKBIL1,0.8525801
7802,GNB4,0.86067086
7803,LYSMD2,0.8361142
7804,ELMOD3,0.8353564
7805,SKIV2L,0.78126293
7806,DCLRE1C,0.8993929
7807,ZBTB20,0.7352883
7808,RASA3,0.8281976
7809,NYNRIN,0.78555167
7810,RND3,0.4967024
7811,ELP3,0.7998319
7812,SVBP,0.76664746
7813,EDN1,0.65186924
7814,PLCXD1,0.72277105
7815,MOK,0.7678338
7816,ACTR8,0.8170654
7817,RCCD1,0.8913654
7818,ACACB,0.78790474
7819,KATNA1,0.907366
7820,ZSWIM9,0.89153296
7821,MAPK12,0.79052436
7822,WDFY3,0.87011415
7823,EDRF1,0.8124022
7824,COMMD2,0.86032814
7825,SMPDL3A,0.8062944
7826,OSBPL5,0.7296463
7827,RWDD2B,0.8755356
7828,CARD16,0.67679006
7829,SHROOM2,0.7780234
7830,FBXO3,0.7056084
7831,PHETA2,0.7889258
7832,F13A1,0.7807079
7833,ARFIP1,0.73650134
7834,GHDC,0.79954576
7835,ZNF398,0.9158039
7836,ADA,0.7737282
7837,GNG11,0.90835804
7838,CLEC14A,0.85508925
7839,IGSF9,0.86919934
7840,AGR3,0.72183996
7841,TBC1D8,0.75985396
7842,ARMC10,0.7360218
7843,UTP11,0.7633565
7844,CHCHD4,0.9002409
7845,CYTH4,0.89861363
7846,DTNA,0.85067904
7847,PPARA,0.88129896
7848,BUB1,0.941915
7849,IRS1,0.82507294
7850,RASSF6,0.8434053
7851,FAM3B,0.5459307
7852,UBXN7,0.86717427
7853,ARAP3,0.88210005
7854,C6orf226,0.77206403
7855,CISH,0.91413563
7856,UFSP2,0.7703351
7857,TLN2,0.8155299
7858,SMG6,0.86571234
7859,EEF1AKMT4,0.9268647
7860,UBTD1,0.8496758
7861,REXO4,0.8686424
7862,STYXL1,0.7372295
7863,DDR2,0.8841629
7864,PANX1,0.76697123
7865,VWA5A,0.76289207
7866,ISCA2,0.8307007
7867,OVOL2,0.8640027
7868,TTC22,0.75263584
7869,PDCD7,0.86143345
7870,UTP25,0.8651286
7871,BNC2,0.87609774
7872,WFDC1,0.7997899
7873,N4BP2,0.8778825
7874,ZNF143,0.8226728
7875,EIF2B4,0.85325384
7876,THNSL2,0.80676997
7877,R3HDM1,0.90898275
7878,C20orf96,0.8395466
7879,GPR137B,0.7742438
7880,L2HGDH,0.9131548
7881,KIAA0556,0.8194489
7882,MYPOP,0.82392365
7883,TOP3A,0.89769787
7884,LRRC75B,0.75894994
7885,AGTPBP1,0.7677311
7886,LCORL,0.843219
7887,ASB7,0.81723875
7888,SLCO2A1,0.87005264
7889,CTSO,0.71236527
7890,CMC4,0.8060187
7891,C12orf43,0.8635968
7892,ANKRD46,0.85107565
7893,ZBTB2,0.895243
7894,RPUSD3,0.9356827
7895,CACFD1,0.7702874
7896,ZNF646,0.76134294
7897,BICD1,0.78643215
7898,CKAP2,0.8728793
7899,PRPF18,0.8531208
7900,ERBIN,0.54318863
7901,NIBAN1,0.8443016
7902,NOS2,0.6743531
7903,PPT2,0.83765113
7904,TRAF1,0.8055264
7905,SLC66A1,0.8264071
7906,RBM12B,0.8228187
7907,ZBTB7C,0.7502449
7908,FAM217B,0.84260166
7909,ABHD14A,0.7987113
7910,DIXDC1,0.86796
7911,PIGM,0.8151469
7912,CYP2R1,0.8532486
7913,DLL4,0.82947916
7914,TMEM164,0.89543635
7915,JARID2,0.8203986
7916,SPRYD7,0.8935356
7917,SPG7,0.53856516
7918,SLC8A1,0.73567253
7919,MAGEH1,0.86464113
7920,BRD3OS,0.7850801
7921,FAM76A,0.78070164
7922,MTCL1,0.85015094
7923,SLC35E4,0.871582
7924,AGT,0.63075906
7925,YIPF1,0.8335827
7926,C16orf70,0.783475
7927,RSF1,0.7481654
7928,PLA2R1,0.8080368
7929,BANP,0.82698447
7930,PIP4P2,0.8352305
7931,FAM221A,0.8296669
7932,TSPYL4,0.8073603
7933,RAPGEF6,0.87689173
7934,ZNF212,0.8575497
7935,FOXO4,0.8346447
7936,NIPAL1,0.85955316
7937,GYG1,0.7428312
7938,PASK,0.8988784
7939,TTC7B,0.8672522
7940,KMT5A,0.71125734
7941,GNB5,0.86512
7942,SECTM1,0.6198063
7943,KCTD2,0.7691255
7944,UHRF1BP1,0.9032068
7945,ZNF236,0.8279309
7946,C11orf80,0.8545554
7947,TASP1,0.7403272
7948,UNC119,0.78980577
7949,FAM89A,0.84053564
7950,TPBG,0.7128254
7951,MIOS,0.8161522
7952,YBX2,0.8667409
7953,FASTKD5,0.8654747
7954,BBS7,0.821935
7955,CCDC106,0.8258028
7956,ANKMY2,0.79203194
7957,HOXA5,0.8041841
7958,LMTK2,0.7495364
7959,CCDC174,0.8402695
7960,DMAC2L,0.83406484
7961,PPM1D,0.8482255
7962,HOMER1,0.8177915
7963,FITM2,0.8292969
7964,BICDL1,0.86346734
7965,HAX1,0.79790366
7966,VMAC,0.88457686
7967,ZBP1,0.77542007
7968,MDC1,0.8864884
7969,ARHGEF35,0.8851387
7970,PRICKLE3,0.90090656
7971,PRPSAP2,0.85823876
7972,FUT11,0.72299254
7973,CCDC3,0.8504828
7974,KIF26B,0.8626213
7975,TTPAL,0.79682016
7976,TBC1D25,0.7529574
7977,TMCC3,0.8776681
7978,FGR,0.88052
7979,ASF1A,0.8756722
7980,SETD1A,0.9013453
7981,MORN2,0.8079597
7982,ALG14,0.8177096
7983,DDX60,0.8233562
7984,ALKBH3,0.8726703
7985,FASTKD1,0.7530709
7986,TSHZ1,0.807303
7987,SOAT1,0.8203593
7988,PIK3AP1,0.8016973
7989,FAM135A,0.83559674
7990,ADAT1,0.85993993
7991,AP5S1,0.8154335
7992,FAM120C,0.77515423
7993,FAM83E,0.8620965
7994,C2CD2,0.77746445
7995,TMX3,0.75657505
7996,AP4M1,0.881147
7997,OPA3,0.8651609
7998,TTC33,0.75850856
7999,SULT2B1,0.7426632
8000,METTL7B,0.88720375
8001,RFLNA,0.79554075
8002,RNF6,0.75378835
8003,IL11,0.7834625
8004,METTL1,0.9132775
8005,FLVCR1,0.87166554
8006,TMEM184C,0.89139366
8007,CCDC159,0.7595006
8008,TNFAIP8L1,0.90547484
8009,PDE4B,0.8531659
8010,MSANTD4,0.84288543
8011,RHOBTB1,0.84987926
8012,SLC25A15,0.92134255
8013,IL11RA,0.76126546
8014,RUSC2,0.84903353
8015,ABRAXAS1,0.82532585
8016,DGKH,0.8190998
8017,MTF2,0.80263186
8018,NPAT,0.8093845
8019,LIN7B,0.80666083
8020,MYLIP,0.79181254
8021,KIF3A,0.83700335
8022,DUOX2,0.46270803
8023,ACYP1,0.8573619
8024,TUT4,0.7897491
8025,ZDHHC23,0.90969723
8026,DUSP8,0.76596344
8027,QPCTL,0.8851573
8028,DPT,0.7538128
8029,SLC9A8,0.7995488
8030,TMEM37,0.71017516
8031,RPAP3,0.8284893
8032,MFNG,0.8861719
8033,TDP1,0.9068732
8034,COL5A3,0.80149126
8035,WDR25,0.8006399
8036,KIAA0753,0.7816102
8037,FANCC,0.9021481
8038,CIT,0.9083064
8039,MIS18BP1,0.844937
8040,ENTPD8,0.6972774
8041,DHDDS,0.7285825
8042,FBXO41,0.87470686
8043,ZNF101,0.8453845
8044,AC008397.1,0.735432
8045,CSRNP1,0.818258
8046,PLK2,0.77761656
8047,SLC19A2,0.8135272
8048,KCNK5,0.9119438
8049,SLC12A8,0.6737037
8050,PPARGC1B,0.784173
8051,TSPAN12,0.82600206
8052,RAB29,0.8106419
8053,VRK1,0.8398805
8054,ETV5,0.85582095
8055,LIN52,0.8426756
8056,MYEF2,0.66494495
8057,PXMP4,0.8280443
8058,TMEM138,0.7932368
8059,SPIN3,0.8257533
8060,BCL9,0.8849973
8061,MLH3,0.72184515
8062,NLGN2,0.8134602
8063,RAB8B,0.7648551
8064,SRD5A3,0.819403
8065,APPBP2,0.7506951
8066,ENDOV,0.85488355
8067,FCHO1,0.8370232
8068,IRAK3,0.7053278
8069,KCNMB1,0.79248184
8070,SLC9A1,0.74112374
8071,ADAM12,0.6744474
8072,MYO5A,0.90739584
8073,DENND4A,0.7337681
8074,REL,0.61101
8075,ARHGAP44,0.60437906
8076,ORC3,0.8794082
8077,EXOG,0.8674187
8078,SP5,0.6674832
8079,MUL1,0.8218903
8080,HSH2D,0.6975866
8081,GET1,0.75444174
8082,PROM2,0.69719476
8083,RAD54L2,0.8165625
8084,HOPX,0.81518465
8085,TMCO6,0.9184122
8086,ZBTB40,0.8265948
8087,IL18BP,0.7828507
8088,TRAPPC11,0.89079845
8089,MFSD5,0.82634467
8090,TMEM201,0.91250193
8091,SAAL1,0.885589
8092,SOBP,0.85453314
8093,RGS19,0.8455547
8094,AZIN2,0.7776538
8095,FLT3LG,0.8706843
8096,RB1CC1,0.63833
8097,PPP2R5B,0.7377602
8098,LZTFL1,0.88979435
8099,TMC8,0.77404535
8100,RTKN2,0.8497353
8101,INPP5E,0.82598084
8102,EDC3,0.77903146
8103,TRIT1,0.8863425
8104,NRF1,0.85677606
8105,FRMD4B,0.8158888
8106,TM7SF2,0.8729073
8107,INPP5F,0.73859686
8108,TMEM19,0.77289045
8109,LATS1,0.80906284
8110,NUDT1,0.8245622
8111,MTG2,0.75012255
8112,RIPK4,0.8495924
8113,SPATA5L1,0.8815972
8114,CCDC28A,0.8513717
8115,DENND1B,0.73400146
8116,KIF16B,0.78314066
8117,CXorf56,0.8457189
8118,PANK1,0.85913295
8119,NAA35,0.8392491
8120,CAMSAP2,0.5850304
8121,PUSL1,0.84873927
8122,DPH5,0.89362186
8123,C6orf136,0.86755186
8124,ZNF830,0.78514796
8125,E2F3,0.69237775
8126,CABLES2,0.866351
8127,ST7,0.79596955
8128,COPZ2,0.87707275
8129,POLD3,0.85830534
8130,SMPD3,0.91860676
8131,ASB6,0.8642052
8132,COX18,0.8754817
8133,ITFG2,0.83667904
8134,GPSM1,0.8578238
8135,SHH,0.6727918
8136,ST3GAL1,0.7347678
8137,EIF5A2,0.8212275
8138,SPICE1,0.80670065
8139,NUP37,0.8587581
8140,CIAPIN1,0.8791252
8141,UBE2D4,0.8136657
8142,ALDOC,0.80601114
8143,ASAP3,0.7260419
8144,SNX7,0.8440308
8145,LARGE1,0.8426444
8146,NXPE4,0.5631139
8147,PDZRN3,0.7404483
8148,ARL5B,0.73767966
8149,VPS18,0.8588914
8150,TIMM21,0.7798537
8151,CLUAP1,0.7557928
8152,CHRAC1,0.8593639
8153,UCHL1,0.78397095
8154,FHDC1,0.7673865
8155,TIGD5,0.831698
8156,EXOC2,0.86750853
8157,RCSD1,0.8653975
8158,SH3D21,0.6344437
8159,PPOX,0.8021331
8160,ERCC2,0.82900757
8161,SIRT1,0.8197666
8162,C18orf25,0.7616739
8163,IFI44L,0.75978595
8164,TUBG2,0.8646924
8165,ABHD15,0.8488465
8166,IDO1,0.6672381
8167,TCF19,0.8261446
8168,FAIM,0.87216276
8169,NRM,0.8087964
8170,BMPR1A,0.80634135
8171,BORCS5,0.8397981
8172,TUBB2A,0.7636158
8173,LRRC8B,0.919722
8174,C1GALT1,0.8077975
8175,LMF1,0.857561
8176,BEND3,0.9028349
8177,LPXN,0.7407033
8178,GINS2,0.78055936
8179,SGCE,0.78868055
8180,SLC27A5,0.8689179
8181,MYH10,0.8304819
8182,ZNF8,0.76722956
8183,RAB34,0.83517504
8184,GSTZ1,0.856565
8185,ZNF766,0.86923605
8186,SHF,0.72716856
8187,ZNF777,0.8643034
8188,LCAT,0.9026865
8189,MED27,0.7933246
8190,OCRL,0.86187255
8191,DOCK2,0.9025094
8192,ZNF862,0.8815339
8193,CCDC102A,0.85102046
8194,MRM1,0.8441625
8195,HERC3,0.75381005
8196,RABEPK,0.7754927
8197,NEIL1,0.78033155
8198,GEN1,0.8744761
8199,PIGK,0.83060896
8200,RFXAP,0.84180224
8201,ALMS1,0.8463425
8202,SLC49A4,0.78335744
8203,DOLK,0.77675486
8204,REC8,0.8182108
8205,RNMT,0.7812786
8206,ADAM33,0.8844494
8207,TBC1D3B,0.7910816
8208,THBS4,0.78213006
8209,SLC41A1,0.8641151
8210,DOCK7,0.7899728
8211,RBMXL1,0.7965376
8212,SHLD1,0.88687855
8213,PPP1R9A,0.8363399
8214,GSTM3,0.66755503
8215,L3HYPDH,0.77654517
8216,CIP2A,0.89722055
8217,RAD51C,0.8297257
8218,SUGP1,0.783006
8219,GFM2,0.76129204
8220,RALGPS2,0.8344455
8221,CXCL9,0.5814169
8222,LRG1,0.8024392
8223,FANCG,0.8845257
8224,RNF25,0.8841284
8225,ACVR2A,0.7100654
8226,PITX2,0.8471747
8227,CDKN2AIP,0.90120965
8228,CWF19L2,0.73563683
8229,SYTL4,0.73500824
8230,BCL7A,0.8455079
8231,TRIM23,0.8923432
8232,TADA2A,0.87864935
8233,BACE1,0.7961821
8234,VPS37A,0.7550946
8235,KLHL18,0.874784
8236,ZMYM5,0.8252918
8237,IBA57,0.857313
8238,PLA2G15,0.7253379
8239,KLC2,0.81514263
8240,CDHR2,0.6112874
8241,NRSN2,0.8058199
8242,C6orf47,0.71434253
8243,LRFN3,0.80153465
8244,CCNG2,0.6763372
8245,MSRB3,0.85590035
8246,CENPV,0.8793458
8247,TNFRSF10D,0.85083085
8248,HLX,0.88506955
8249,TRIP11,0.779621
8250,CXCL5,0.5394727
8251,KIAA0040,0.77733195
8252,GMEB2,0.8000526
8253,APAF1,0.7842688
8254,MYL5,0.79048
8255,C19orf54,0.85239905
8256,ERMARD,0.84506357
8257,TBC1D9,0.86328477
8258,UEVLD,0.8637337
8259,LY75,0.76835394
8260,SHROOM4,0.6990136
8261,NUF2,0.8564483
8262,PAXIP1,0.9090741
8263,DALRD3,0.87228584
8264,TBCE,0.86476976
8265,STIL,0.87826794
8266,SCD5,0.64673215
8267,HAND2,0.81455517
8268,MYORG,0.8331038
8269,AAMDC,0.77580136
8270,DYRK1B,0.8043995
8271,ADGRL1,0.84218323
8272,C2CD4A,0.7761704
8273,XPA,0.8146604
8274,PLD1,0.81146574
8275,TBC1D13,0.7742878
8276,CAPN8,0.72871524
8277,MARC1,0.7658032
8278,TRMT12,0.8343548
8279,CAMK1,0.87798977
8280,KITLG,0.8762814
8281,ALG9,0.79623806
8282,EXD2,0.8728766
8283,EPM2AIP1,0.7069689
8284,NMRK1,0.8124589
8285,LPAR6,0.67141944
8286,CEP104,0.8449615
8287,DHTKD1,0.88286716
8288,P2RY11,0.78161746
8289,TRMT6,0.80499446
8290,SNTA1,0.7421394
8291,MAGOHB,0.76857376
8292,DIS3L,0.7856058
8293,HLTF,0.7575408
8294,KIFC1,0.8522892
8295,PIK3C3,0.7632872
8296,CPLX1,0.8017679
8297,GDPGP1,0.82943517
8298,GDA,0.7003128
8299,CERT1,0.80949813
8300,PDF,0.81984717
8301,BORCS7,0.8260187
8302,TMEM104,0.8259559
8303,AGA,0.72488296
8304,DLGAP5,0.8635321
8305,NECTIN3,0.7356674
8306,DTWD1,0.8022968
8307,ZBTB16,0.75859696
8308,F2RL1,0.8553235
8309,ABLIM3,0.8088139
8310,ARL15,0.75354755
8311,ZFYVE19,0.763722
8312,ADCY7,0.81577617
8313,TMEM144,0.8591719
8314,PAAF1,0.82314456
8315,IKZF5,0.8497495
8316,HPS3,0.7775989
8317,BDKRB2,0.72115993
8318,GJC1,0.8428355
8319,ZBED3,0.787432
8320,CENPC,0.682383
8321,TBC1D12,0.76989204
8322,ACHE,0.8155692
8323,PNMA1,0.76972646
8324,DNAJC24,0.7916015
8325,SLC2A10,0.7189539
8326,MAP3K12,0.84161514
8327,ZNF576,0.82465965
8328,CENPJ,0.87199026
8329,SLC35A5,0.82226074
8330,ZNF432,0.7893303
8331,TRIM66,0.82768023
8332,ZBTB1,0.59366417
8333,HDAC8,0.74432975
8334,CEP152,0.8333926
8335,ZFYVE26,0.8239282
8336,MYO1A,0.8339581
8337,ZNF618,0.8419035
8338,TNFSF9,0.71677154
8339,DCAF17,0.84849256
8340,C9orf72,0.85731685
8341,DCBLD2,0.649787
8342,ARHGEF3,0.72230804
8343,TTC23,0.86390126
8344,ZNF322,0.84034264
8345,PHF13,0.7926112
8346,ZDHHC1,0.82929474
8347,CIPC,0.8208637
8348,TRIP4,0.83713895
8349,FAM210A,0.8153203
8350,CRABP2,0.5295714
8351,TNPO3,0.73438966
8352,RRP15,0.8735872
8353,KCTD15,0.8570765
8354,CLCN2,0.8903516
8355,TTI2,0.8283474
8356,FUNDC1,0.9193498
8357,IL33,0.5266651
8358,ZNF385A,0.79093206
8359,TPST1,0.8041296
8360,PIK3CD,0.8984197
8361,PIGN,0.861557
8362,DBNDD1,0.91898733
8363,HOXB2,0.7394902
8364,NSL1,0.64590883
8365,URB2,0.876098
8366,NHLRC2,0.81483763
8367,DNAJC22,0.8671209
8368,C1orf131,0.7522045
8369,APOBEC3F,0.8511016
8370,MYNN,0.8502818
8371,TMEM216,0.90201455
8372,AURKA,0.9024705
8373,ADGRL2,0.74246067
8374,MBIP,0.74553156
8375,SUCO,0.7737061
8376,TGS1,0.8419704
8377,RNF186,0.7895799
8378,MTRF1L,0.8143649
8379,KIF2C,0.90128666
8380,CALCRL,0.8768309
8381,RFX3,0.75032616
8382,AMOT,0.86092204
8383,KIZ,0.74594915
8384,ANKRD13C,0.7394163
8385,CUTC,0.83684415
8386,AP1S3,0.8131013
8387,ZNHIT2,0.9054118
8388,BPGM,0.81457126
8389,FOXQ1,0.7247246
8390,PRELP,0.69488007
8391,FRZB,0.76056397
8392,C21orf91,0.8176389
8393,SLC45A3,0.83061427
8394,TCN2,0.747619
8395,DUSP14,0.83680713
8396,NOSTRIN,0.77974206
8397,PRMT3,0.8778902
8398,CRYZ,0.70513546
8399,CCSAP,0.8767175
8400,HAAO,0.7568108
8401,FRS2,0.85485107
8402,BORCS6,0.76512355
8403,CARNMT1,0.76952696
8404,PLCE1,0.70910007
8405,SLC38A6,0.85445255
8406,NEMP1,0.86846274
8407,BATF2,0.7880849
8408,ADCY4,0.8603632
8409,COLEC12,0.8083063
8410,PPIL3,0.8121158
8411,SLC35A1,0.8153511
8412,NCF2,0.7074255
8413,SNN,0.8901105
8414,RNF215,0.83539855
8415,PTPRH,0.9117309
8416,PLA2G6,0.80318445
8417,ZNF641,0.72542346
8418,RPP30,0.74947315
8419,PPM1K,0.77914244
8420,TCP11L1,0.71150786
8421,SFMBT2,0.7879872
8422,OSMR,0.8265471
8423,CRYBG3,0.85694647
8424,FAM133B,0.8064578
8425,GLT8D1,0.67815936
8426,DMKN,0.82757634
8427,MRM3,0.76841015
8428,FGD5,0.83168113
8429,FRK,0.7789296
8430,MPZL3,0.79138976
8431,SPEG,0.722869
8432,PHLDB3,0.80274355
8433,PLXNA2,0.7697654
8434,COPS4,0.7878389
8435,ETV7,0.83416224
8436,PRKD3,0.6882869
8437,MBD4,0.7530741
8438,SASH3,0.807631
8439,DAGLA,0.8472753
8440,MKS1,0.8370414
8441,DOCK4,0.84169924
8442,ANKRD16,0.86702394
8443,FMNL3,0.77290905
8444,CDCA3,0.857295
8445,CLCN6,0.82081646
8446,RUBCN,0.83417976
8447,PTGR2,0.81968385
8448,INAFM2,0.83247286
8449,PRUNE1,0.89997065
8450,MOSPD1,0.8351253
8451,HEATR3,0.78772146
8452,CASKIN2,0.8497879
8453,ANO8,0.7767
8454,C12orf73,0.9293311
8455,CSNK1G1,0.7797243
8456,TBX3,0.76736975
8457,GFPT2,0.82493776
8458,PPCDC,0.7776887
8459,ZNF668,0.7795655
8460,DHX58,0.7131687
8461,CD200,0.715226
8462,RASGRP2,0.8249791
8463,FAM131A,0.8700514
8464,TRIM39,0.8313392
8465,EXTL3,0.74636453
8466,DDA1,0.7364398
8467,CCNO,0.8431131
8468,ZNF226,0.76693875
8469,UBOX5,0.85694647
8470,APBB1IP,0.82350075
8471,RGS12,0.81563663
8472,TMEM268,0.81720686
8473,PRICKLE2,0.8013069
8474,NHLRC3,0.7694783
8475,TCEA2,0.84950465
8476,NR1D1,0.7476974
8477,OLFM1,0.78283656
8478,DDX58,0.6886669
8479,EXPH5,0.7710791
8480,B9D1,0.8001493
8481,OGN,0.8267697
8482,LYRM2,0.835385
8483,FES,0.81765604
8484,RNF144A,0.84760916
8485,MOB3C,0.8012086
8486,TMEM238L,0.85212517
8487,ZBTB6,0.8491996
8488,DACT1,0.7764141
8489,LYPD8,0.584011
8490,ZNF589,0.74156535
8491,RBM41,0.8866048
8492,ALAS1,0.6381335
8493,NAGPA,0.865699
8494,RGL1,0.7457787
8495,GFOD1,0.8925218
8496,ZNF672,0.87769663
8497,AOC3,0.81900394
8498,MAP3K1,0.859825
8499,ZBED6CL,0.8591433
8500,ZXDB,0.8413609
8501,ACVR2B,0.853779
8502,ABHD3,0.65134686
8503,FCSK,0.7570759
8504,CCL4,0.7831745
8505,BACH1,0.6899132
8506,FAHD2B,0.8551258
8507,EXOSC1,0.83727896
8508,RUNX3,0.683647
8509,MAK16,0.84591395
8510,GPN3,0.86455077
8511,B3GALT4,0.82043046
8512,CX3CL1,0.75198126
8513,ZNF708,0.879201
8514,ZNF548,0.8674759
8515,CENPK,0.8761991
8516,NTAN1,0.86342424
8517,KIF12,0.87842923
8518,SERPINB8,0.7917563
8519,TTC21B,0.86908543
8520,PALD1,0.7786607
8521,TFB2M,0.82676643
8522,STX1A,0.7878538
8523,KRT80,0.78329504
8524,ANKRD42,0.7043896
8525,TFB1M,0.87503403
8526,PIBF1,0.75094265
8527,C19orf47,0.86533207
8528,EFCAB13,0.8061809
8529,CRYBG2,0.71448123
8530,CPM,0.7091773
8531,PLA2G4F,0.75333256
8532,NBEAL1,0.76133984
8533,LBHD1,0.8297888
8534,INTS9,0.7986474
8535,MEAK7,0.80192673
8536,KHDRBS3,0.7900676
8537,TRMT5,0.83843917
8538,MDN1,0.8706016
8539,METTL27,0.7684158
8540,AQP9,0.65473026
8541,C1orf210,0.8960692
8542,MFAP3,0.75875527
8543,SNAPIN,0.7524827
8544,BICRAL,0.7782572
8545,MARCH3,0.8549738
8546,ABO,0.8717507
8547,MOSPD2,0.8251
8548,DOHH,0.8808898
8549,CEPT1,0.7717601
8550,TRMT10B,0.8334775
8551,CTPS1,0.7943128
8552,REPS2,0.9002533
8553,PET117,0.82904375
8554,ZNF180,0.82936394
8555,LRRC20,0.8316952
8556,NTN4,0.72815573
8557,SLC41A3,0.8005914
8558,TRIM32,0.8741517
8559,CCDC183,0.76394004
8560,TANGO6,0.8355563
8561,PAQR7,0.7993384
8562,ITPR1,0.83276135
8563,GLMN,0.7529658
8564,CADPS2,0.69502765
8565,AGO4,0.7375372
8566,XYLT1,0.7454845
8567,STK3,0.7353021
8568,ZNF689,0.8119342
8569,RNF144B,0.851195
8570,HSPB8,0.82864094
8571,TOMM40L,0.89697397
8572,FIG4,0.78198546
8573,PIGX,0.79465646
8574,KLK6,0.43536893
8575,ZNF213,0.8379035
8576,SLF2,0.82817537
8577,ZKSCAN5,0.85452664
8578,NUDT16L1,0.7803813
8579,CHM,0.8009887
8580,ECI2,0.7253805
8581,UBE2V2,0.6890053
8582,TRPV2,0.87929314
8583,TMEM231,0.8496927
8584,SMYD3,0.80228674
8585,EMSY,0.800334
8586,TMEM74B,0.50146306
8587,SOWAHA,0.8464679
8588,NLRX1,0.83891636
8589,ZNF397,0.7777323
8590,RPGR,0.8385472
8591,SLC12A6,0.7795461
8592,ZNF514,0.8722667
8593,NPIPB15,0.76180834
8594,GON7,0.88426125
8595,CBX8,0.7772373
8596,TLCD1,0.91405356
8597,TOR2A,0.80994403
8598,MOSPD3,0.75211394
8599,TWNK,0.938037
8600,GADD45G,0.8217867
8601,DUSP28,0.83114415
8602,SLC52A3,0.8405074
8603,DNAJC25,0.77716345
8604,ZNF75A,0.83523464
8605,NR2C2AP,0.901456
8606,ZC3H12C,0.81444967
8607,FAM122A,0.8591127
8608,USF3,0.82225734
8609,TMEM186,0.8977939
8610,TBC1D23,0.6963911
8611,ATPAF2,0.7902238
8612,FOSL1,0.63876086
8613,CCDC117,0.81664956
8614,ITGBL1,0.6962472
8615,ZNF92,0.8463949
8616,DNASE1,0.81847936
8617,ZDHHC17,0.835972
8618,SLC6A9,0.6617331
8619,FMO5,0.85196227
8620,RBP1,0.60994726
8621,CA13,0.820353
8622,RPP25,0.86802477
8623,BRPF1,0.88046116
8624,CEP78,0.86895514
8625,ERCC8,0.8989006
8626,BCL2L12,0.85997015
8627,GGT6,0.82020015
8628,PER3,0.79437846
8629,ZNF343,0.8147362
8630,TIMM23,0.8063142
8631,TMEM42,0.7756001
8632,EPS15L1,0.66639644
8633,AC093323.1,0.8093582
8634,C15orf61,0.8661534
8635,SETMAR,0.88431394
8636,RASGEF1B,0.75475127
8637,FBXL20,0.7797097
8638,EXOC3L4,0.8153295
8639,CRYZL1,0.7240578
8640,SLC9A3,0.5132661
8641,CCN4,0.786056
8642,WARS2,0.7540895
8643,CLK4,0.5947122
8644,KIF21A,0.9088849
8645,TMEM119,0.750689
8646,WHRN,0.809069
8647,SLC46A3,0.475275
8648,SLFN11,0.7775602
8649,ZC3H12D,0.74310666
8650,PGM5,0.82874125
8651,MAIP1,0.7431673
8652,ZNF84,0.8411369
8653,TMEM106A,0.83098376
8654,PRR3,0.8361394
8655,TMEM150A,0.83362705
8656,VAV1,0.6986106
8657,TBXAS1,0.7307741
8658,SLC2A4,0.8442265
8659,SLCO4A1,0.7072781
8660,SHPK,0.8072041
8661,MAPRE3,0.6446353
8662,CCNT1,0.8156659
8663,CTSF,0.8991149
8664,JRKL,0.79242134
8665,DUSP10,0.73734415
8666,LMTK3,0.74653375
8667,INO80C,0.7000494
8668,ZCCHC9,0.8619563
8669,CSGALNACT1,0.8381213
8670,YOD1,0.7128152
8671,DISC1,0.8590191
8672,CEP85,0.8726453
8673,MOCOS,0.79490894
8674,FFAR4,0.7897402
8675,PIAS2,0.7299594
8676,FAM49A,0.84149116
8677,UBXN10,0.80492723
8678,KIF1BP,0.81047076
8679,KIF23,0.8263911
8680,NUS1,0.65409034
8681,MIS12,0.78629196
8682,MOAP1,0.80724686
8683,PSMC1,0.63247645
8684,ING3,0.8095154
8685,RTL8A,0.815085
8686,ZMYM6,0.82011575
8687,PACRGL,0.877449
8688,FAM160B1,0.7168545
8689,TAF1D,0.39674473
8690,UBE2Q2,0.70647734
8691,CDC45,0.89234704
8692,ZNF337,0.8136509
8693,ZNF200,0.84704256
8694,C12orf65,0.8958846
8695,C5orf51,0.8091049
8696,NR3C1,0.8162416
8697,SDR16C5,0.6675429
8698,REV3L,0.8509048
8699,CXorf40A,0.82553905
8700,KYNU,0.7225175
8701,ZSCAN32,0.87783176
8702,MUSTN1,0.80247355
8703,GBP5,0.6898489
8704,TSEN2,0.7925534
8705,ACVR1,0.75267947
8706,SNRNP48,0.81910247
8707,KAT6B,0.74997777
8708,RNF208,0.78345853
8709,VASN,0.924603
8710,TRMT10C,0.686577
8711,PPM1H,0.8996275
8712,SETBP1,0.8806044
8713,BRF2,0.8974134
8714,FNTB,0.90306985
8715,DBR1,0.7126411
8716,BTN2A2,0.8510755
8717,RIF1,0.7397463
8718,BAHCC1,0.7617058
8719,ZNF26,0.80190414
8720,MNX1,0.9046012
8721,NIF3L1,0.8005573
8722,PIAS1,0.71540254
8723,TIPIN,0.83518475
8724,PPIP5K1,0.8872156
8725,ZNF738,0.88483125
8726,AC073111.4,0.79643077
8727,ASB8,0.7868895
8728,TEF,0.8156206
8729,TMEM242,0.7567461
8730,MVB12B,0.84023076
8731,PHLPP1,0.8527271
8732,CAPN3,0.67950594
8733,CLEC7A,0.61898667
8734,CCNE1,0.85535085
8735,B3GNT2,0.6678096
8736,ZNF141,0.63940823
8737,CPT1A,0.7406682
8738,CREB3L4,0.8349493
8739,ZNF513,0.7823597
8740,IGFLR1,0.8292337
8741,ZNF235,0.8229876
8742,TMEM218,0.8038611
8743,HENMT1,0.8628916
8744,SLC24A3,0.88862324
8745,NR2F1,0.8287295
8746,SLC25A40,0.8248573
8747,RBL1,0.8735164
8748,MME,0.6185484
8749,JKAMP,0.7715669
8750,KLHDC8B,0.8781682
8751,NDOR1,0.8208433
8752,CDS1,0.8267583
8753,RORA,0.62040424
8754,AK4,0.7361954
8755,FGFR2,0.7841857
8756,FGD6,0.7880253
8757,PRKACB,0.6382862
8758,NDC80,0.8658846
8759,KATNB1,0.9075456
8760,TSC1,0.7523335
8761,PIGW,0.7619217
8762,TICRR,0.89825237
8763,DGKE,0.8306164
8764,VIPAS39,0.71195656
8765,NUAK1,0.833978
8766,PRRG4,0.8578025
8767,ZNF473,0.8854317
8768,HIVEP2,0.7960661
8769,ZC4H2,0.78011197
8770,PTGS2,0.5272921
8771,SMARCAL1,0.8563419
8772,LONRF1,0.75171727
8773,ZNF554,0.8268394
8774,TULP3,0.8294948
8775,CAMSAP1,0.6900178
8776,C4orf33,0.7888659
8777,NCAPG,0.7767452
8778,FGFR3,0.8073815
8779,NAA16,0.80024004
8780,GALC,0.81333286
8781,STXBP4,0.78319484
8782,ZSCAN9,0.8421543
8783,SMCR8,0.7311392
8784,APLNR,0.78364944
8785,PLCG2,0.7332545
8786,DNAJC16,0.7319584
8787,KRBOX4,0.83770746
8788,MDP1,0.7371372
8789,FAR2,0.8531981
8790,ZNF275,0.81112814
8791,SCRN3,0.7998048
8792,WRN,0.817914
8793,TRPM7,0.73233706
8794,FANCL,0.8066305
8795,EEFSEC,0.8248048
8796,ARID3B,0.788041
8797,TMEM45A,0.8263904
8798,SYNE1,0.79278433
8799,NIPA1,0.78152704
8800,SKA3,0.8532844
8801,SPOCK2,0.7868847
8802,RMI2,0.8671933
8803,ACCS,0.88753045
8804,KDF1,0.8911904
8805,CDK19,0.87389594
8806,SEC31B,0.7906207
8807,TRIM59,0.844358
8808,PNPLA7,0.65728676
8809,LTB4R,0.82359177
8810,NEU3,0.8421502
8811,RSPH3,0.6968373
8812,PPP1R16B,0.8197307
8813,CYP2J2,0.81435287
8814,HCST,0.7498047
8815,ZNF117,0.6675329
8816,CENPE,0.90446943
8817,MTO1,0.8024383
8818,DBP,0.75565016
8819,ATRIP,0.8872486
8820,TGDS,0.7660572
8821,RAB40B,0.68094045
8822,FYB1,0.77292186
8823,CDKN2C,0.8224459
8824,CREBRF,0.768675
8825,C1orf159,0.7426958
8826,DHX29,0.8248672
8827,ZBTB9,0.86930704
8828,NGEF,0.85014504
8829,PIR,0.7747825
8830,VGLL3,0.7717954
8831,TSTD2,0.79653776
8832,SULT1B1,0.6942288
8833,RRM2B,0.8046473
8834,ST7L,0.8330969
8835,HAUS6,0.8103058
8836,CALHM2,0.82510334
8837,GNG10,0.5085647
8838,MST1,0.78884614
8839,FGD3,0.741899
8840,ZNF799,0.7854609
8841,PDE5A,0.77507925
8842,KIAA0586,0.8256635
8843,WDR92,0.85615915
8844,SNX25,0.7278391
8845,HMMR,0.8714736
8846,JAK2,0.688066
8847,C7orf25,0.8050887
8848,HSDL1,0.78989494
8849,ANKRD36,0.79707175
8850,CCNH,0.7945318
8851,KIN,0.8387527
8852,GORAB,0.73339325
8853,SMIM27,0.7780937
8854,ASB3,0.7905416
8855,ERO1B,0.80208355
8856,KIAA1958,0.83181155
8857,TYW5,0.78714037
8858,MTMR1,0.83517677
8859,MED26,0.8752752
8860,E2F1,0.86813134
8861,TUBGCP4,0.9072423
8862,SECISBP2L,0.78027767
8863,BRIP1,0.8816336
8864,C17orf80,0.7879086
8865,MED20,0.81464577
8866,IFT88,0.74147016
8867,HSPB2,0.9232399
8868,RGL3,0.6606688
8869,CDCA8,0.9204554
8870,CYFIP2,0.8114062
8871,BMF,0.7129255
8872,YJEFN3,0.8349541
8873,CEP135,0.7861107
8874,CASD1,0.7758217
8875,MTF1,0.7384525
8876,TLCD2,0.7530479
8877,PTBP2,0.80299366
8878,HSF2,0.77168554
8879,KCTD9,0.7013144
8880,ZBTB21,0.7643817
8881,ANKRD44,0.8695293
8882,POU2F1,0.7888564
8883,FLYWCH2,0.6845947
8884,RAD51,0.89622134
8885,FCF1,0.7337317
8886,AGL,0.8193311
8887,MAPRE2,0.74135685
8888,XPNPEP3,0.8950702
8889,FAM117B,0.9088278
8890,INSIG2,0.7443112
8891,SLC2A11,0.77897686
8892,IFIT5,0.726007
8893,SHQ1,0.7989145
8894,RHOBTB2,0.7842832
8895,NDN,0.87437314
8896,BLNK,0.7789791
8897,METTL8,0.86999255
8898,DHODH,0.83799636
8899,LSM11,0.79197735
8900,CPXM2,0.84582824
8901,SEMA4A,0.73811466
8902,ATP10A,0.84670985
8903,MARS,0.7623057
8904,NUP133,0.8064671
8905,CNIH4,0.6933923
8906,KIRREL1,0.6480018
8907,MEX3A,0.8378696
8908,IRAK2,0.7411725
8909,WRAP53,0.7825713
8910,RAD51D,0.72318506
8911,MANEA,0.69024044
8912,PPP1R3E,0.80275935
8913,SLC6A20,0.6653059
8914,ALPK1,0.81302756
8915,ZNF185,0.74216604
8916,NCKAP1L,0.61480206
8917,CMPK2,0.80411977
8918,PDXP,0.776556
8919,TREM1,0.6540167
8920,SNUPN,0.7834175
8921,TBC1D22B,0.8569482
8922,TBC1D10C,0.806377
8923,BTRC,0.78456736
8924,ZC3HC1,0.830482
8925,ZNF33B,0.8247786
8926,STK17A,0.6987796
8927,DPYD,0.8420356
8928,ABHD5,0.71370554
8929,PDK4,0.6025918
8930,PXYLP1,0.8491234
8931,TSPAN33,0.81131786
8932,CLIP4,0.81913435
8933,KCNS3,0.67170036
8934,ALDH1L1,0.74366033
8935,DHX33,0.8322577
8936,EDNRA,0.76348585
8937,NAF1,0.8428155
8938,MTRR,0.7357525
8939,CCDC66,0.7181452
8940,MYO1F,0.6862963
8941,NMB,0.7140292
8942,SLC17A5,0.74066573
8943,SLC2A13,0.77904165
8944,AFAP1L1,0.8338557
8945,VAMP1,0.8883621
8946,TTLL4,0.8801416
8947,CFAP36,0.8738752
8948,KAT2B,0.7989393
8949,RASL12,0.85819465
8950,CGNL1,0.8558732
8951,PUS7L,0.8524698
8952,CCSER1,0.7921273
8953,FZD6,0.78450644
8954,ARHGAP25,0.68553793
8955,XXYLT1,0.84659165
8956,CDKN3,0.7871967
8957,PTPRU,0.715303
8958,TLR4,0.7927252
8959,GABPB1,0.7845833
8960,SLC22A5,0.82254905
8961,ROBO4,0.88892424
8962,MON1A,0.8441725
8963,FBXW9,0.87102705
8964,PTPRS,0.78729993
8965,XYLB,0.7960733
8966,LRRC26,0.7102276
8967,SLC22A17,0.8116124
8968,ZNF696,0.7266674
8969,GPANK1,0.7730387
8970,TRNP1,0.6841032
8971,ZWILCH,0.84860986
8972,NDUFA4,0.33911198
8973,SINHCAF,0.8218999
8974,THADA,0.6886198
8975,WNT11,0.6407484
8976,LMO3,0.7919766
8977,JAZF1,0.8386903
8978,MSLN,0.5428199
8979,TEFM,0.7837907
8980,BICC1,0.8043345
8981,FPGT,0.78126127
8982,ANKRD40CL,0.77498305
8983,PRR5,0.753863
8984,ATP7B,0.79888004
8985,KAZN,0.77150244
8986,LMO2,0.88087124
8987,RTN2,0.7866283
8988,ZNF839,0.83279145
8989,SEC16B,0.7196571
8990,PECR,0.79817927
8991,ZNF367,0.887133
8992,LANCL2,0.7865938
8993,EPHA10,0.779123
8994,SLC22A15,0.7624722
8995,SLC22A18AS,0.8028846
8996,TMEM246,0.8357307
8997,KNSTRN,0.8589001
8998,GDAP2,0.7231309
8999,RGMA,0.800738
9000,FADS1,0.7324233
9001,SRPX,0.8951965
9002,SVEP1,0.81904083
9003,SNX18,0.7426735
9004,KTI12,0.82528955
9005,MPHOSPH9,0.72305876
9006,LPAR1,0.766524
9007,NAPB,0.7815867
9008,TMEM254,0.86392075
9009,PRIMPOL,0.81760913
9010,IL16,0.78077644
9011,CABLES1,0.7553959
9012,LRRC27,0.79412377
9013,FIBIN,0.81958646
9014,SOCS7,0.73126775
9015,APOOL,0.8711496
9016,KALRN,0.7282163
9017,OXSM,0.8260403
9018,L3MBTL1,0.7819375
9019,TOPORS,0.8294983
9020,RETREG1,0.7787066
9021,ZBTB22,0.79590493
9022,FBXO4,0.87268263
9023,BBIP1,0.81873137
9024,AKAP6,0.8706768
9025,TRAPPC8,0.6539186
9026,TESMIN,0.9108183
9027,POP1,0.82011837
9028,PRKCA,0.7706752
9029,SLC19A1,0.8431067
9030,STAM,0.8067974
9031,TTC27,0.7538238
9032,NR6A1,0.789412
9033,OPN3,0.80169564
9034,WTIP,0.9184509
9035,ZNF184,0.7986721
9036,SLC35B4,0.7724661
9037,ITIH5,0.8239603
9038,FCGR2B,0.82483244
9039,JSRP1,0.73106635
9040,AHCTF1,0.61801183
9041,MYO1G,0.8256842
9042,PLPP6,0.85031503
9043,OMA1,0.6281628
9044,MAPKBP1,0.8538361
9045,NUP35,0.81360114
9046,CSKMT,0.6507473
9047,RBBP5,0.8264431
9048,DHRS1,0.76639074
9049,ZSWIM1,0.8323676
9050,CPED1,0.773838
9051,ARFGEF3,0.7609657
9052,RBMS1,0.8261299
9053,ZNF133,0.7926976
9054,SOX18,0.87870306
9055,ALKBH1,0.6698364
9056,CCZ1,0.8004995
9057,KIF21B,0.8317738
9058,ABHD6,0.77747357
9059,RNF207,0.81761026
9060,KLHL8,0.77638406
9061,ATAT1,0.7188581
9062,FAM174B,0.80006975
9063,CNPY4,0.8332891
9064,FERMT3,0.7195071
9065,LMBRD2,0.8575887
9066,ZNF852,0.8523951
9067,SBSPON,0.7459412
9068,CSF2RB,0.87387747
9069,PTGES,0.6545107
9070,CLDN23,0.7333303
9071,COX10,0.72905284
9072,CD302,0.710051
9073,SAMSN1,0.8071657
9074,FASTKD3,0.865481
9075,GPC6,0.8362674
9076,EXOC6,0.7587973
9077,RHBDL2,0.8433499
9078,BEND7,0.79176396
9079,RETNLB,0.56764895
9080,OBI1,0.7665226
9081,SMAD1,0.82100344
9082,SPART,0.845057
9083,RAB30,0.81495315
9084,ZNF44,0.8166283
9085,KLHL25,0.83714586
9086,NEDD1,0.8358654
9087,DDX11,0.71655405
9088,QTRT2,0.7993709
9089,DXO,0.8641052
9090,MEGF9,0.7650654
9091,CENPA,0.8868303
9092,ARSE,0.74294466
9093,C20orf27,0.8164335
9094,BPHL,0.7207742
9095,PARPBP,0.8500662
9096,THSD4,0.7243415
9097,CYTH3,0.7996984
9098,PTPN7,0.68224126
9099,CXCL11,0.6101083
9100,RXYLT1,0.88673925
9101,SYNE4,0.8515238
9102,AKR1E2,0.8794507
9103,SAYSD1,0.7970883
9104,VCAM1,0.82598525
9105,APBB1,0.83192676
9106,INTS13,0.8344282
9107,OSBPL1A,0.77246183
9108,SLC31A2,0.68949854
9109,RDH5,0.8240336
9110,KIAA2026,0.650202
9111,LACC1,0.77620906
9112,PHKA1,0.8368961
9113,CGAS,0.69118375
9114,SIRT3,0.8041429
9115,CDKN2D,0.84172624
9116,ZNF423,0.8298706
9117,SDHAF4,0.7679954
9118,SMAD9,0.71293104
9119,CEP55,0.8701137
9120,BOLA1,0.76139265
9121,CHUK,0.7838836
9122,CTNS,0.74975145
9123,RASL11A,0.6783233
9124,ING2,0.8825549
9125,MTM1,0.69172573
9126,TNFAIP8,0.81238973
9127,NDUFAF6,0.80960554
9128,IGIP,0.7525266
9129,TYW3,0.74657303
9130,ZBTB24,0.8217163
9131,TMEM251,0.71262133
9132,STARD9,0.79778385
9133,NDUFAF4,0.67985356
9134,ZBTB41,0.7333664
9135,GLI3,0.8261239
9136,KIAA1755,0.91671056
9137,SOWAHC,0.7762977
9138,SGF29,0.8653894
9139,TGFA,0.7245258
9140,LIG4,0.7979468
9141,SENP1,0.8415619
9142,HOXA3,0.80636686
9143,ZMAT5,0.84700304
9144,PDGFC,0.8209719
9145,RLF,0.8305996
9146,ALDH4A1,0.8628754
9147,HELB,0.7895535
9148,ANKS3,0.769057
9149,PEX11A,0.8133193
9150,TOE1,0.74977
9151,CEP72,0.8415192
9152,DNAH1,0.8095261
9153,DHRS7B,0.8355699
9154,C2CD3,0.80270976
9155,TCAIM,0.7351235
9156,TUSC3,0.8538342
9157,CNTNAP1,0.8907801
9158,DHRS9,0.710416
9159,CDK17,0.7808482
9160,SPIRE1,0.75844437
9161,LNX1,0.88662225
9162,MITF,0.8417053
9163,TRIM35,0.7597057
9164,SELPLG,0.7920664
9165,PANK2,0.8170289
9166,RAD52,0.84058857
9167,ALG6,0.7746631
9168,C14orf93,0.8132806
9169,CD209,0.8285674
9170,DDX10,0.8087336
9171,ITPKA,0.8513685
9172,L3MBTL3,0.84307194
9173,FANCE,0.84588546
9174,MED1,0.74720436
9175,ZNF281,0.69547975
9176,PLCB1,0.7312388
9177,HCN3,0.7470513
9178,ITGB7,0.80651945
9179,FAM149B1,0.78772336
9180,ZBTB5,0.86069924
9181,MAP4K2,0.7767011
9182,TSPAN7,0.74039155
9183,ZFP1,0.86964625
9184,NANP,0.79160446
9185,ARHGAP10,0.8176433
9186,RAD54B,0.86493385
9187,EPHA1,0.8670236
9188,C12orf66,0.77075845
9189,EFCAB2,0.76082677
9190,PDK1,0.63040847
9191,SLC49A3,0.9099736
9192,GAL3ST4,0.7711897
9193,TMEM255B,0.70763856
9194,GEMIN6,0.76207197
9195,GPX7,0.7973732
9196,INTS5,0.8132997
9197,ABCD1,0.7912826
9198,CYB561D1,0.76046026
9199,FXYD1,0.83295393
9200,DFFB,0.83311135
9201,POC1A,0.8426696
9202,C16orf95,0.82884735
9203,AAK1,0.7630733
9204,CFAP44,0.8126116
9205,METAP1D,0.83442223
9206,MYCBP,0.6722363
9207,ZHX3,0.81330395
9208,ETV1,0.7385637
9209,PTGES3L,0.8033491
9210,CLCF1,0.76213187
9211,KNOP1,0.8437856
9212,EYA3,0.77461535
9213,LDAH,0.8080982
9214,ZSCAN30,0.74343735
9215,TAGAP,0.8320004
9216,PAQR5,0.7836023
9217,HIC2,0.8003541
9218,FANCD2,0.8519491
9219,SUPV3L1,0.76599216
9220,RSAD2,0.7407145
9221,PALM,0.7710324
9222,HEATR6,0.7762724
9223,TMCC1,0.8431826
9224,TMTC3,0.76298934
9225,RASSF5,0.80018765
9226,ALDH6A1,0.7041682
9227,ADGRE2,0.82420737
9228,WDR44,0.8093671
9229,B4GALNT4,0.62542236
9230,TMEM177,0.8807711
9231,LINS1,0.745958
9232,TOR1AIP2,0.4649789
9233,AGAP2,0.82741606
9234,TADA1,0.86137116
9235,PRDM15,0.7783058
9236,ZNF780A,0.8337188
9237,NVL,0.79558885
9238,ADAMTS14,0.71010673
9239,CASP9,0.7530678
9240,C12orf29,0.8398081
9241,OLR1,0.6478833
9242,TAF6L,0.7228794
9243,DNAJB4,0.7818231
9244,BMP7,0.4144431
9245,MUC3A,0.5888368
9246,BAK1,0.61090535
9247,ZFYVE1,0.7951031
9248,BTD,0.79220265
9249,TTI1,0.71910876
9250,CCL19,0.6440253
9251,RAPGEF3,0.832651
9252,KLHL23,0.74472576
9253,KNTC1,0.7829351
9254,BMP8A,0.69643074
9255,SOCS4,0.6988635
9256,CNTLN,0.8202438
9257,RHOJ,0.8517534
9258,MAB21L2,0.91615736
9259,EPB41L5,0.87399864
9260,ZCCHC8,0.78493255
9261,C1orf54,0.8256212
9262,ZSCAN2,0.77518755
9263,NEURL4,0.7279579
9264,ZNF407,0.7474135
9265,TAF1B,0.8108763
9266,TRPS1,0.81122094
9267,GPATCH1,0.806849
9268,CDYL2,0.8892248
9269,SLC26A11,0.73593956
9270,METTL16,0.7801446
9271,ZNF564,0.80287915
9272,KLHL29,0.84506994
9273,CAMKK1,0.831611
9274,MOCS3,0.74869025
9275,ERMAP,0.82380533
9276,SLC41A2,0.78465086
9277,GIMAP4,0.8014487
9278,PRSS16,0.88005024
9279,RAPH1,0.5808247
9280,MCTP1,0.74203026
9281,MEIS2,0.8433623
9282,CCDC149,0.85492224
9283,ARHGAP22,0.81681997
9284,SLC35E3,0.84713876
9285,C11orf74,0.84369713
9286,KIF2A,0.6721024
9287,LILRB2,0.7017001
9288,TTC5,0.87848276
9289,RNF2,0.7430013
9290,ZNF526,0.7411689
9291,MOXD1,0.68346775
9292,TTK,0.8890303
9293,ORC6,0.9074492
9294,NECTIN4,0.84385395
9295,FZD4,0.83621186
9296,ITLN1,0.514352
9297,GMEB1,0.79888254
9298,ACKR3,0.7266022
9299,SBDS,0.68791026
9300,HECTD2,0.72710365
9301,RHBDL1,0.74462694
9302,SPC25,0.850354
9303,BRAF,0.6754684
9304,KCNC4,0.797021
9305,ACOX2,0.5966285
9306,USP45,0.74412876
9307,N4BP2L1,0.7524392
9308,CACNB2,0.78673035
9309,PRLR,0.8540964
9310,KCTD7,0.7458629
9311,SLC46A1,0.6623027
9312,RANBP6,0.8451086
9313,TCP11L2,0.70816606
9314,ENPP2,0.75090706
9315,CSRNP2,0.8400162
9316,TMEM39A,0.77508247
9317,POLI,0.7929317
9318,EFNA4,0.8011131
9319,CASP3,0.7557081
9320,AC007906.2,0.68358594
9321,THAP3,0.8372702
9322,PLXNC1,0.6815885
9323,ZKSCAN3,0.78962886
9324,SNX10,0.75260675
9325,GATB,0.89294046
9326,ACSM3,0.6833032
9327,NIFK,0.6196003
9328,SNX20,0.745542
9329,MDM1,0.7661583
9330,CTXN1,0.85589266
9331,PRKCH,0.6656237
9332,MPP6,0.73702496
9333,SLX4IP,0.7828923
9334,FCMR,0.72422653
9335,USP28,0.7672605
9336,SDHAF3,0.79304326
9337,DEPDC5,0.81661576
9338,TMC7,0.8007305
9339,NSUN6,0.73210305
9340,MAN1C1,0.8481272
9341,GINS4,0.8498047
9342,AGPAT4,0.7464753
9343,CYP7B1,0.82720405
9344,ABL2,0.60362536
9345,GNB1L,0.89952385
9346,FAM126A,0.7447835
9347,ZNF606,0.73136276
9348,ZNF169,0.8132805
9349,C17orf53,0.80821794
9350,STYX,0.770282
9351,PLA2G10,0.81456095
9352,INTS2,0.80584973
9353,COMMD8,0.824715
9354,SWSAP1,0.8282175
9355,GPR180,0.7159565
9356,IFT140,0.77359354
9357,BCAR3,0.7677451
9358,PRPF40B,0.8183346
9359,SETD6,0.7892092
9360,PEX10,0.7821302
9361,MFSD8,0.7445925
9362,HPS5,0.71849155
9363,C18orf21,0.7593871
9364,SFRP1,0.6762818
9365,SYNE3,0.81374246
9366,ASPM,0.822739
9367,GNG2,0.8241173
9368,NPL,0.7068656
9369,GCC1,0.83377403
9370,RIOX1,0.85453176
9371,SETDB2,0.73471314
9372,SH3RF3,0.8709222
9373,CADPS,0.77544993
9374,CEL,0.6400694
9375,RP9,0.8302893
9376,CCDC71,0.829076
9377,CSPP1,0.6793245
9378,MED19,0.8512659
9379,SNAPC1,0.7428622
9380,PDIK1L,0.7582007
9381,ELOVL7,0.84681284
9382,SNORC,0.7212605
9383,KAT14,0.74075145
9384,BAMBI,0.76285183
9385,MN1,0.7842308
9386,NAA80,0.65412104
9387,CENPO,0.8699462
9388,KANK3,0.7998897
9389,DNAAF2,0.7778477
9390,ZNF296,0.9230393
9391,TMEM200A,0.7645297
9392,FECH,0.744914
9393,TIRAP,0.78751546
9394,CD36,0.7149171
9395,FAM111B,0.84301335
9396,METTL6,0.7167932
9397,ADAMTS13,0.709932
9398,OSBPL11,0.70696867
9399,HSPBAP1,0.7510628
9400,MBNL3,0.8135988
9401,APOLD1,0.772767
9402,SFT2D1,0.5624324
9403,HAS2,0.6181034
9404,GABPA,0.71808714
9405,ACBD4,0.7592341
9406,TUBD1,0.6495538
9407,BCL2A1,0.69406646
9408,DZIP3,0.7572366
9409,GXYLT1,0.8662988
9410,CACNB1,0.79937464
9411,LTO1,0.7932447
9412,AGK,0.73008734
9413,CYB5D2,0.79683
9414,RASGRP3,0.7366367
9415,SYT13,0.7617461
9416,LIMCH1,0.88200426
9417,ITSN1,0.74485123
9418,ARMT1,0.74185085
9419,DTL,0.87351733
9420,POLE2,0.8545761
9421,TAF1A,0.7906844
9422,RNASEL,0.74094474
9423,CYP2W1,0.509365
9424,MRAS,0.79930466
9425,ORC1,0.80670124
9426,ST8SIA4,0.76414937
9427,ZNF446,0.7588077
9428,THAP1,0.7740074
9429,FOXJ2,0.80110264
9430,OXCT1,0.702612
9431,PLCD1,0.6938383
9432,MINPP1,0.6968432
9433,MIEF2,0.7072292
9434,ZSCAN16,0.8672539
9435,ROGDI,0.79713404
9436,CCDC112,0.7222404
9437,METTL14,0.72892874
9438,PSTPIP2,0.72383267
9439,WDR83,0.8011885
9440,USP35,0.7281732
9441,ZNF408,0.9021711
9442,SEMA6A,0.7840484
9443,COLCA2,0.76698583
9444,CMTM1,0.81381226
9445,FKRP,0.7276324
9446,DLG4,0.7530566
9447,GEMIN5,0.8199588
9448,PIK3CA,0.80889636
9449,WDR54,0.8021487
9450,GBE1,0.71437603
9451,CDK14,0.8262773
9452,PEAR1,0.7764395
9453,CCL11,0.7337201
9454,CRADD,0.7600298
9455,ABI3BP,0.64138275
9456,IQCK,0.8422314
9457,PRIM2,0.79084367
9458,ARV1,0.7621331
9459,AP3M2,0.8134003
9460,CCDC189,0.8288855
9461,DTNB,0.7424565
9462,SLC2A12,0.792015
9463,UBXN8,0.8261503
9464,INTU,0.73517895
9465,THUMPD2,0.7335328
9466,TMEM260,0.8328872
9467,DDC,0.75668776
9468,ZSWIM6,0.541271
9469,STRADA,0.80068743
9470,IGSF6,0.7248406
9471,ADAMTS10,0.7795412
9472,GALNT8,0.6973774
9473,PLEKHF1,0.8324483
9474,RENBP,0.82280284
9475,MMP28,0.7465569
9476,NXPE1,0.56848043
9477,CDRT4,0.7897497
9478,CACNA1C,0.771346
9479,EPOP,0.8075914
9480,TRMT13,0.78037584
9481,ANK2,0.7993699
9482,XK,0.88045645
9483,LYST,0.76941204
9484,SOWAHB,0.82175785
9485,PARP16,0.84932643
9486,NEIL2,0.8000878
9487,SERAC1,0.8074799
9488,TBC1D32,0.702785
9489,C12orf76,0.7867331
9490,TRERF1,0.7914806
9491,SRFBP1,0.64429075
9492,PODNL1,0.70158833
9493,LIN37,0.78044283
9494,TECPR2,0.8148193
9495,CGRRF1,0.76492685
9496,SFXN2,0.8027998
9497,EFCC1,0.81202143
9498,PEX14,0.77243555
9499,DQX1,0.71027434
9500,TANGO2,0.73171854
9501,IYD,0.75910014
9502,FAM110B,0.8132652
9503,CC2D2A,0.7709092
9504,ANGEL2,0.85195404
9505,ZNF736,0.8023411
9506,POGLUT2,0.7891493
9507,EGFL8,0.8461526
9508,PRELID2,0.7778369
9509,RELL2,0.70467716
9510,TUT1,0.8075887
9511,URAD,0.5123025
9512,FZD2,0.7522567
9513,CD7,0.6820644
9514,ZBTB37,0.65872866
9515,TRIM68,0.85814726
9516,ARHGEF28,0.7523475
9517,ADAMTS7,0.82716525
9518,ZNF30,0.87105376
9519,NAP1L5,0.8542036
9520,BHLHE41,0.5335524
9521,SEMA6B,0.6905758
9522,PFKFB4,0.7500792
9523,GGACT,0.82186145
9524,NEDD4,0.7058543
9525,TGFBR3,0.6897084
9526,CEP76,0.82076997
9527,RWDD3,0.78035074
9528,SUOX,0.85578567
9529,HS3ST1,0.73183596
9530,ADGRF5,0.90436757
9531,FUZ,0.74504703
9532,CCP110,0.7288383
9533,ZC2HC1A,0.70573986
9534,SPOCK1,0.7566991
9535,PEX3,0.6418489
9536,CENPU,0.8146291
9537,STX11,0.89847845
9538,CDCA2,0.78327715
9539,PMS1,0.68326145
9540,WDR62,0.89189875
9541,UQCRFS1,0.58816725
9542,SMIM24,0.6520069
9543,CSF2RA,0.6136857
9544,CEP83,0.727725
9545,PRXL2C,0.72216743
9546,CETN3,0.8503895
9547,C9orf40,0.7374901
9548,TMEM267,0.8279001
9549,LRRCC1,0.83527124
9550,SYNJ1,0.74356884
9551,FDXR,0.7704792
9552,RBM48,0.762939
9553,NID2,0.7995957
9554,DYNC2LI1,0.67632014
9555,ZNF333,0.8182607
9556,EDIL3,0.8274651
9557,SCN1B,0.85147226
9558,ZNF16,0.7589766
9559,SLX4,0.7641963
9560,REST,0.6850985
9561,RBBP8,0.8089194
9562,CTDSPL2,0.6777882
9563,DOK2,0.84074557
9564,CLN5,0.53630465
9565,CCDC34,0.79391116
9566,MOSMO,0.7653321
9567,MCUB,0.73113245
9568,PYCR3,0.7888528
9569,NATD1,0.6925537
9570,C16orf87,0.70522916
9571,CNFN,0.7853015
9572,STOML1,0.75920874
9573,MED18,0.8306872
9574,KCTD18,0.7448968
9575,HELQ,0.7714285
9576,BBS4,0.77424157
9577,ANOS1,0.875464
9578,ZNF251,0.8022339
9579,ESPL1,0.87159854
9580,CXCL1,0.5970486
9581,PHTF1,0.75892586
9582,TTBK2,0.7880338
9583,CCDC127,0.7759757
9584,ZNF431,0.6794175
9585,IL1RAP,0.67057186
9586,USP18,0.7480067
9587,ZSWIM7,0.7681752
9588,ARHGEF6,0.78017056
9589,SLC25A17,0.6561469
9590,NRDE2,0.7840349
9591,MSX2,0.61961234
9592,DDX59,0.7687141
9593,PDP2,0.79422283
9594,B3GALT5,0.67923343
9595,SRBD1,0.72636706
9596,OSM,0.6464753
9597,PRTFDC1,0.7758951
9598,REEP6,0.7941726
9599,C4BPB,0.72954196
9600,FAM114A2,0.74235505
9601,SCAMP5,0.78070325
9602,NDUFAF1,0.8108235
9603,ARL14,0.80833
9604,POLQ,0.7658189
9605,FBXO30,0.7365952
9606,WDR19,0.6092729
9607,CYP20A1,0.82076305
9608,NPR2,0.75011736
9609,HMCN2,0.81208855
9610,MASTL,0.7824275
9611,EVA1C,0.68372715
9612,CHN1,0.8313059
9613,HOXD9,0.71923965
9614,ACADSB,0.8185791
9615,GRK4,0.8151929
9616,ZNF784,0.8354093
9617,CELSR3,0.80632484
9618,SLC1A3,0.7183066
9619,DACT3,0.87959516
9620,MAML3,0.80004704
9621,GPATCH3,0.7892595
9622,CDK3,0.76328653
9623,ZNF197,0.7266134
9624,TMTC2,0.77703667
9625,TMEM99,0.7714656
9626,CSF3,0.6974725
9627,RFX2,0.7723897
9628,PRKD1,0.8600858
9629,LYRM7,0.8235697
9630,PTCH1,0.712182
9631,DENND6B,0.83068335
9632,LRRC19,0.82212967
9633,ZNF714,0.8534602
9634,ANKEF1,0.81129795
9635,SLC18B1,0.741824
9636,TMEM241,0.7873824
9637,GDAP1,0.7263419
9638,MEP1A,0.7196118
9639,PAIP2B,0.72098774
9640,LGALS2,0.60767424
9641,VPS50,0.7714197
9642,DBT,0.7247766
9643,VLDLR,0.8359886
9644,NRXN3,0.8578064
9645,GPT,0.72960675
9646,HR,0.6800765
9647,CLEC4A,0.7153698
9648,HSBP1L1,0.7317075
9649,GPR68,0.8582362
9650,CLEC3B,0.7433068
9651,JADE3,0.7601302
9652,DNAH14,0.7851877
9653,INMT,0.8694095
9654,HYAL1,0.6923135
9655,G2E3,0.8028081
9656,MYO9A,0.7026553
9657,C1orf162,0.78714293
9658,TMEM91,0.6502598
9659,DPP4,0.6525804
9660,C21orf58,0.7599772
9661,WDR7,0.7827714
9662,TNRC6C,0.79668415
9663,DGKZ,0.6438393
9664,NIPAL3,0.7867731
9665,FLI1,0.80801296
9666,TSPAN11,0.8539458
9667,ZSCAN21,0.7232973
9668,NUDT18,0.7398559
9669,KAZALD1,0.7335185
9670,KLHL17,0.6898645
9671,FAM122C,0.760229
9672,JPH2,0.8074716
9673,DOLPP1,0.7918871
9674,ATP6V1C2,0.68176216
9675,EBF4,0.9041603
9676,MAP3K7CL,0.8200372
9677,C8orf58,0.73189694
9678,ASIC1,0.7543395
9679,LIAS,0.77591944
9680,APH1B,0.70912117
9681,FBXO45,0.8685809
9682,KCNMB4,0.74159664
9683,SYNCRIP,0.41305324
9684,CHIC1,0.7415748
9685,ATG4A,0.8055207
9686,CFI,0.8024495
9687,DENND5B,0.6924419
9688,ZNF776,0.8672243
9689,LAT,0.8392993
9690,RPA2,0.78706026
9691,DOCK10,0.73011976
9692,NEGR1,0.75952995
9693,SNCG,0.8203893
9694,PCYOX1L,0.7669183
9695,GPRC5B,0.7777976
9696,NCKAP5,0.7081486
9697,RASGRF2,0.6818787
9698,MMACHC,0.8855082
9699,MND1,0.8372361
9700,PGBD2,0.7253397
9701,TRIM3,0.68299854
9702,IGSF9B,0.80492765
9703,WDR76,0.7883503
9704,HOXD4,0.8414584
9705,TMEM171,0.7718171
9706,OTUD1,0.7544809
9707,ETFDH,0.7998843
9708,CEP290,0.81936973
9709,POMT2,0.7281938
9710,ST3GAL5,0.78254765
9711,KRT7,0.45520705
9712,JCAD,0.6712689
9713,PTPN13,0.6399954
9714,SASS6,0.8804217
9715,CEP295,0.6862515
9716,PRAF2,0.6687295
9717,L1TD1,0.6024026
9718,JAML,0.7552362
9719,ARNTL2,0.60125226
9720,TIMM8A,0.70728916
9721,FOXP2,0.8238188
9722,ZNF202,0.81415945
9723,B3GNT9,0.7734564
9724,LY96,0.7772117
9725,P2RX1,0.80193704
9726,IL2RB,0.7178172
9727,AMIGO2,0.58124465
9728,C17orf97,0.73630047
9729,PKIB,0.74606425
9730,PCDHGC3,0.84325755
9731,AASS,0.7977648
9732,LYSMD4,0.80634415
9733,ELL3,0.8588878
9734,SHCBP1,0.90756553
9735,IL17RD,0.8093024
9736,PCED1B,0.7561174
9737,GNAI1,0.75761616
9738,FUT1,0.839328
9739,WDFY4,0.76347744
9740,C1QTNF3,0.7071491
9741,NEK1,0.8127932
9742,B3GALNT1,0.7495777
9743,WDR35,0.6187471
9744,RCHY1,0.81057686
9745,MCOLN1,0.7324956
9746,ABI3,0.80748165
9747,MMAA,0.7323006
9748,LDLRAD3,0.75806427
9749,LINC02693,0.80398786
9750,ZNF579,0.7675935
9751,DENND2A,0.8117233
9752,ARHGEF37,0.7654044
9753,IDNK,0.64948404
9754,C1orf216,0.7335483
9755,SIDT2,0.7764229
9756,GCFC2,0.7588428
9757,FAM160A1,0.8026956
9758,IL7,0.82219565
9759,NR5A2,0.669195
9760,TRAF3IP3,0.80492765
9761,C12orf4,0.81217295
9762,KDM4A,0.716598
9763,PELI2,0.689993
9764,SLC29A3,0.7894134
9765,ZNF165,0.76719135
9766,GKAP1,0.80765563
9767,RMI1,0.79095155
9768,POLR3F,0.7323842
9769,PSD,0.74258673
9770,CPNE5,0.82158095
9771,PAPLN,0.7448751
9772,POMGNT2,0.71777195
9773,FKBP7,0.8308404
9774,MAP2K5,0.7553646
9775,ZNF558,0.7772728
9776,PSAT1,0.8347211
9777,BTC,0.825234
9778,TMEM107,0.7316732
9779,ZBTB14,0.7588502
9780,GANC,0.71950436
9781,MED31,0.7652211
9782,TMEM229B,0.81161183
9783,NXT2,0.7394881
9784,SEMA4F,0.7019953
9785,RAD18,0.7730835
9786,SNCA,0.72292465
9787,TNFSF14,0.78678316
9788,SMARCA1,0.7312666
9789,GPC2,0.7723065
9790,TCFL5,0.78762394
9791,NMNAT1,0.76633215
9792,PARD3B,0.69890183
9793,FIZ1,0.82287914
9794,ZNF182,0.79268366
9795,SLC25A29,0.67397004
9796,ZNF174,0.8503733
9797,TTC28,0.8146282
9798,MFSD4B,0.76570386
9799,MOCS1,0.72577876
9800,POU5F2,0.7767647
9801,TNFRSF11B,0.72529906
9802,ANKMY1,0.8069681
9803,TGFB3,0.7257209
9804,HOXB13,0.7269663
9805,ABAT,0.764126
9806,TLE4,0.7936677
9807,DAAM2,0.8668661
9808,PIF1,0.82816917
9809,EVC,0.78663814
9810,TBPL1,0.6024689
9811,CYB5RL,0.7761046
9812,GOLGA7B,0.60778207
9813,NRG1,0.5349699
9814,SLC25A27,0.6861954
9815,TRPA1,0.72835535
9816,RBMS3,0.85391665
9817,FAXDC2,0.79431593
9818,CEP70,0.8203617
9819,FAM20A,0.7876474
9820,ARMCX1,0.8377878
9821,LYL1,0.72598594
9822,BCORL1,0.7845164
9823,DDX20,0.8085162
9824,FBXO8,0.65134823
9825,CDKAL1,0.8128858
9826,PARP2,0.7240428
9827,CLDN2,0.6855412
9828,ZNF675,0.8068531
9829,ASPHD2,0.6758181
9830,PALB2,0.8330811
9831,CHML,0.76141053
9832,CDPF1,0.837667
9833,TMEM150B,0.7475648
9834,PARS2,0.76815313
9835,VSTM4,0.8524262
9836,SUV39H1,0.8615595
9837,MLH1,0.69826734
9838,HAUS3,0.81031513
9839,GSTA4,0.7606617
9840,SCART1,0.8028984
9841,CDKN2B,0.70042574
9842,ERG,0.8838547
9843,KCNJ8,0.8358293
9844,RASAL3,0.72915787
9845,SUPT3H,0.6926368
9846,UTP20,0.69136727
9847,ABRAXAS2,0.67777437
9848,IGSF3,0.83089966
9849,RIPOR2,0.8864836
9850,APOO,0.85966605
9851,SLC4A4,0.7845531
9852,EVI2A,0.720194
9853,ARHGAP30,0.78828335
9854,MUC5AC,0.4708571
9855,ATOH1,0.55859154
9856,BRWD3,0.68937117
9857,SUV39H2,0.84312946
9858,TMEM14B,0.60994613
9859,ZNF37A,0.71118766
9860,SMYD4,0.8323001
9861,UTP15,0.6864049
9862,SNRPB2,0.6423256
9863,ZNF283,0.6818834
9864,MAPK11,0.68161386
9865,RBPMS2,0.82801837
9866,MCOLN2,0.6995757
9867,LCK,0.75204307
9868,MOGAT3,0.6786796
9869,TRUB1,0.7595162
9870,ACE2,0.6574988
9871,ZNF585A,0.8322588
9872,POLRMT,0.62980616
9873,RBAK,0.7267955
9874,SHE,0.8977289
9875,TSPAN9,0.71092206
9876,C5orf30,0.7774826
9877,ACTR6,0.7276292
9878,PUS3,0.7456338
9879,MYCL,0.7005086
9880,BGLAP,0.7309926
9881,LAYN,0.8015713
9882,LRRC56,0.8171414
9883,PI15,0.5333683
9884,ZFP30,0.6506543
9885,TOGARAM1,0.73866737
9886,ZNF324,0.7444357
9887,HOXB7,0.7191763
9888,XKR6,0.85655385
9889,DNAJC12,0.627487
9890,PKN3,0.7777587
9891,GTF2H3,0.8249241
9892,ZC3HAV1L,0.7730789
9893,ZBTB3,0.7820988
9894,SH2D2A,0.76455206
9895,RPP14,0.86964303
9896,MCC,0.8335233
9897,WWC2,0.7762025
9898,GTF2E1,0.80275744
9899,RCBTB2,0.83841336
9900,TDRP,0.82076895
9901,MPDZ,0.89381427
9902,CCL4L2,0.72085655
9903,P2RY1,0.7089821
9904,ZNF600,0.8320738
9905,ZNF557,0.8026121
9906,MPP3,0.86574125
9907,EXOC1,0.61510235
9908,MTHFD2L,0.7647403
9909,SCARA3,0.830027
9910,EEF2KMT,0.8018939
9911,CLIP3,0.83784294
9912,RNF227,0.706618
9913,MT1H,0.51288617
9914,CD300A,0.77982837
9915,EXOC8,0.79078007
9916,CD96,0.8206824
9917,TMOD1,0.845552
9918,SLIT2,0.78069794
9919,ZNF383,0.81600666
9920,SLC36A4,0.6881285
9921,RSL24D1,0.58054984
9922,CCR1,0.6872812
9923,HERC5,0.83587027
9924,SPIN2B,0.7700555
9925,ANKRD26,0.71852666
9926,PTGER3,0.7896147
9927,INTS6L,0.76345044
9928,DHRS13,0.8131632
9929,SMIM31,0.72422355
9930,ZDHHC14,0.81030554
9931,RBP4,0.55044454
9932,TBC1D31,0.69692755
9933,HOXA11,0.7751094
9934,ARAP2,0.73562527
9935,TXNRD3,0.70917094
9936,PITPNM3,0.80579567
9937,LYSMD3,0.7987181
9938,CLIC3,0.6756734
9939,ADAMTSL4,0.76582015
9940,DIAPH3,0.77501684
9941,SEC14L2,0.6661525
9942,ZNF25,0.78876555
9943,OIP5,0.8161431
9944,SOX5,0.7865715
9945,GPAM,0.72599643
9946,CPLANE1,0.78552824
9947,ZNF527,0.7903134
9948,NOCT,0.7206985
9949,FUNDC2,0.5810923
9950,RAB27B,0.6756458
9951,ELMO1,0.80593354
9952,SLC27A2,0.77098
9953,EXTL2,0.7634799
9954,P2RY2,0.85356635
9955,TIGD1,0.67287743
9956,SPA17,0.7129032
9957,PRELID3A,0.75281376
9958,RASSF10,0.7916707
9959,TRAIP,0.8137665
9960,SDK1,0.7747067
9961,RECK,0.80686104
9962,TMEM237,0.8341975
9963,SHISA4,0.81854737
9964,IRAK1BP1,0.8010081
9965,STK32C,0.6638384
9966,SLAMF8,0.825523
9967,SPACA6,0.8149104
9968,TRIM34,0.8329352
9969,SEPTIN4,0.8402538
9970,MAPK10,0.72310084
9971,USP43,0.7970031
9972,ZNF619,0.7927454
9973,PRRG2,0.7519522
9974,SNED1,0.68798244
9975,AADAT,0.8015704
9976,DUS2,0.8311929
9977,PTCD2,0.81004906
9978,ADPRHL1,0.83716667
9979,CHRNB1,0.77458817
9980,SMIM8,0.7005443
9981,WNT2,0.75995713
9982,DPH6,0.6963085
9983,NSUN3,0.80304444
9984,CNRIP1,0.8067225
9985,CLSPN,0.8479711
9986,SEMA6C,0.78064185
9987,ARHGAP6,0.69326484
9988,LRP12,0.8396873
9989,DCAF4,0.8438258
9990,ZNF584,0.70467484
9991,AP002495.1,0.63566303
9992,SPEF2,0.8013473
9993,GOLT1A,0.8514476
9994,ALS2,0.756023
9995,ASTN2,0.761623
9996,CCDC28B,0.7807929
9997,FRS3,0.7989515
9998,MFSD2A,0.8062545
9999,ZNF786,0.8556605
