gene_index,gene,oracle_pcc
0,EPCAM,0.92181975
1,KRT20,0.7579409
2,CEACAM5,0.7790496
3,CEACAM6,0.6799599
4,OLFM4,0.41738677
5,LGR5,0.67462826
6,ALPI,0.6848318
7,APOA4,0.5920329
8,MUC2,0.6311744
9,TFF3,0.6889964
10,BEST4,0.5764772
11,OTOP2,0.5450273
12,DEFA5,0.37071663
13,CHGA,0.6265711
14,MKI67,0.900119
15,COL1A1,0.9318915
16,PTPRC,0.8871951
17,PECAM1,0.9705989
18,SPP1,0.45423844
19,FAP,0.8522037
20,KRT8,0.89406157
21,KRT18,0.6994572
22,KRT19,0.7377263
23,TACSTD2,0.69936675
24,SMOC2,0.7825669
25,SOX9,0.8868639
26,ASCL2,0.68447393
27,EPHB2,0.8776739
28,TOP2A,0.89097995
29,UBE2C,0.8733366
30,CENPF,0.8926084
31,TUBA1B,0.5558889
32,STMN1,0.8619093
33,FABP1,0.6879433
34,CA1,0.5630851
35,SLC26A3,0.6761034
36,GUCA2A,0.5702538
37,CA7,0.52050966
38,GUCA2B,0.6079448
39,SPINK4,0.40217972
40,CLCA1,0.43717024
41,FCGBP,0.5250077
42,AGR2,0.8179901
43,SPDEF,0.7327156
44,DEFA6,0.33083215
45,LYZ,0.59416527
46,REG1A,0.5036581
47,REG1B,0.6207493
48,PLA2G2A,0.5518173
49,CHGB,0.6135321
50,NEUROD1,0.71118414
51,PAX6,0.5693743
52,PCSK1,0.5520407
53,ISL1,0.692961
54,POU2F3,0.66850317
55,TRPM5,0.71334875
56,AVIL,0.7287447
57,IL17RB,0.8475386
58,AXIN2,0.75868285
59,MYC,0.8473212
60,CDX2,0.84885865
61,REG4,0.60282284
62,VIM,0.9470661
63,TGFBI,0.6880149
64,SNAI2,0.87829757
65,ZEB1,0.7222008
66,FN1,0.8960864
67,ITGA5,0.9616394
68,LAMC2,0.86360717
69,SERPINE1,0.9155936
70,CD37,0.81044954
71,CORO1A,0.8441713
72,LAPTM5,0.9055703
73,CD3D,0.8313732
74,CD3E,0.81413543
75,TRAC,0.85581064
76,TRBC1,0.8924971
77,LTB,0.8296614
78,IL7R,0.8169967
79,MAL,0.6458077
80,CCR7,0.7415878
81,TCF7,0.920783
82,LEF1,0.7363351
83,CD8A,0.73300546
84,CD8B,0.6458583
85,CCL5,0.78201056
86,NKG7,0.7074246
87,PRF1,0.7021026
88,GZMK,0.6435057
89,GZMB,0.6085927
90,FOXP3,0.6871227
91,IL2RA,0.63540184
92,CTLA4,0.75054365
93,TIGIT,0.7070151
94,IKZF2,0.69450396
95,CCR8,0.67966604
96,PDCD1,0.62214595
97,LAG3,0.68963766
98,HAVCR2,0.69288886
99,TOX,0.6387394
100,CXCL13,0.6854569
101,ENTPD1,0.9048667
102,GNLY,0.72305155
103,KLRD1,0.56978947
104,FCGR3A,0.8880918
105,TYROBP,0.9169424
106,MS4A1,0.6952653
107,CD79A,0.74740946
108,CD74,0.7846144
109,HLA-DRA,0.7088779
110,CD22,0.74679583
111,CD83,0.728381
112,JCHAIN,0.83301467
113,MZB1,0.8338735
114,SDC1,0.73452836
115,IGHG1,0.90249634
116,IGKC,0.8930684
117,XBP1,0.79531837
118,LST1,0.7748405
119,FCER1G,0.88230574
120,CTSS,0.8456062
121,LILRB1,0.69119084
122,S100A8,0.6516848
123,S100A9,0.66454214
124,FCN1,0.6355047
125,CCR2,0.58624566
126,VCAN,0.9594517
127,MS4A7,0.828529
128,IFITM3,0.5840956
129,TYMP,0.8340219
130,C1QA,0.8844564
131,C1QB,0.8925027
132,C1QC,0.89138526
133,APOE,0.80959743
134,CD68,0.84342486
135,MSR1,0.7448608
136,MRC1,0.763451
137,CTSD,0.7855581
138,FOLR2,0.73569864
139,LYVE1,0.7225006
140,CD163,0.9070773
141,APOC1,0.55858296
142,TREM2,0.64504
143,GPNMB,0.8227707
144,LGALS3,0.8587672
145,CTSB,0.8206683
146,IL1B,0.66511697
147,SELL,0.7435561
148,FCGR3B,0.60150236
149,CSF3R,0.69401413
150,CXCR2,0.7020364
151,FPR1,0.75295275
152,MNDA,0.71575826
153,CLEC9A,0.63730526
154,XCR1,0.6269237
155,BATF3,0.6513864
156,CADM1,0.79226875
157,IRF8,0.79091966
158,CD1C,0.49512926
159,CLEC10A,0.7176638
160,FCER1A,0.69279915
161,CST3,0.6759161
162,TCF4,0.7729289
163,IL3RA,0.65514946
164,CLEC4C,0.58920383
165,IRF7,0.7049065
166,TPSAB1,0.72981936
167,TPSB2,0.67670316
168,KIT,0.68106496
169,MS4A2,0.6189967
170,HDC,0.68125015
171,CPA3,0.7688808
172,CLC,0.5705621
173,PRG2,0.6042189
174,SIGLEC8,0.5107091
175,RNASE2,0.6091398
176,EPX,0.60842216
177,COL1A2,0.94876075
178,COL3A1,0.93513304
179,DCN,0.93518764
180,LUM,0.9608994
181,COL6A1,0.9411491
182,PDGFRA,0.8572053
183,ACTA2,0.9530394
184,TAGLN,0.9553119
185,MYL9,0.9505289
186,TPM2,0.90038323
187,CXCL12,0.7995453
188,IL6,0.7648638
189,CFD,0.7696788
190,C7,0.7149357
191,CXCL14,0.5017075
192,COL11A1,0.84850127
193,THY1,0.9195741
194,PDPN,0.96029496
195,INHBA,0.8681945
196,MMP2,0.93519187
197,COL10A1,0.8557805
198,HLA-DPA1,0.6671398
199,HLA-DPB1,0.68386936
200,CIITA,0.8059588
201,VWF,0.9569508
202,CLDN5,0.8234263
203,KDR,0.74280936
204,EMCN,0.5920677
205,ENG,0.93767595
206,RAMP2,0.8207449
207,ESM1,0.6988127
208,ANGPT2,0.7363301
209,PLVAP,0.9262852
210,APLN,0.58372587
211,PGF,0.83218724
212,RGCC,0.7707663
213,EFNB2,0.81884825
214,SOX17,0.67086595
215,GJA5,0.71893805
216,FBLN5,0.8242894
217,HEY1,0.6978237
218,ACKR1,0.6809345
219,SELP,0.6246275
220,SELE,0.6450854
221,NR2F2,0.92486346
222,FLT4,0.6680773
223,CCL21,0.7462652
224,PROX1,0.6945034
225,CCL14,0.7812695
226,RGS5,0.86738455
227,PDGFRB,0.97020894
228,CSPG4,0.85752803
229,MCAM,0.95926553
230,DES,0.78781164
231,NOTCH3,0.9481255
232,MYH11,0.8125829
233,CNN1,0.8591977
234,ADIPOQ,0.64955616
235,PLIN1,0.6036125
236,FABP4,0.5748905
237,LEP,0.6078033
238,LPL,0.7491924
239,CIDEC,0.6696638
240,S100B,0.78187007
241,SOX10,0.68772346
242,PLP1,0.61583364
243,MPZ,0.70251167
244,S100A1,0.67269963
245,NGFR,0.6914482
246,CCNB1,0.8854631
247,CDK1,0.87590384
248,TUBB,0.7102095
249,CA9,0.55498457
250,VEGFA,0.7101788
251,BNIP3,0.5364261
252,PGK1,0.7677334
253,LDHA,0.70375395
254,SLC2A1,0.8321637
255,ENO1,0.8821426
256,ISG15,0.6575615
257,IFIT1,0.6402598
258,IFIT2,0.6442386
259,IFIT3,0.6496127
260,MX1,0.6398067
261,OAS1,0.79946554
262,STAT1,0.6716372
263,CXCL10,0.46578234
264,HBB,0.61846715
265,HBA1,0.5485482
266,HBA2,0.74062985
267,ALAS2,0.5978735
268,GYPA,0.6362137
269,AHSP,0.67984426
270,PPBP,0.66808444
271,PF4,0.69316286
272,GP9,0.60746384
273,RGS18,0.65458876
274,NRGN,0.696654
275,FOS,0.7004113
276,JUN,0.6408165
277,JUNB,0.7659094
278,DDIT3,0.78612363
279,HSPA1A,0.6363699
280,HSPA1B,0.6877018
281,ATF3,0.5845976
282,MT-CO1,0.20139821
283,MT-CO2,0.35674113
284,MT-ND1,0.3552691
285,MT-ND2,0.35071766
286,MT-CYB,0.35824668
287,IGFBP7,0.9617448
288,SPARC,0.90326905
289,FLNA,0.9108777
290,CCN2,0.8932497
291,ELF3,0.8805627
292,TIMP1,0.85141397
293,COL6A3,0.9453148
294,COL4A1,0.9488974
295,CLDN4,0.85635453
296,C1R,0.9622961
297,MT2A,0.82784736
298,GSN,0.84317267
299,IL32,0.76861036
300,ST14,0.8673123
301,LGALS4,0.8813044
302,MUC13,0.8855642
303,MMP14,0.9408864
304,SAT1,0.711945
305,MLEC,0.9338249
306,RHOB,0.77504367
307,MGAT4B,0.9200709
308,IER3,0.7438639
309,LGALS1,0.94973505
310,IGFBP5,0.9149778
311,HSPE1,0.9188132
312,MARCKSL1,0.8806791
313,CD44,0.68805504
314,ETS2,0.84401137
315,NBL1,0.8246549
316,PHGR1,0.8612608
317,ATP1B1,0.890422
318,SOD2,0.77582246
319,MCL1,0.8202278
320,IGFBP4,0.8611079
321,CLDN7,0.9348713
322,MXRA7,0.92691755
323,SPINT2,0.91684145
324,CD99,0.8546335
325,TPM1,0.7819089
326,MCM7,0.93644357
327,SPON2,0.9356202
328,TSPAN8,0.81251335
329,CLDN3,0.87773746
330,TOMM7,0.8508935
331,STARD10,0.8472883
332,BGN,0.9520456
333,HSPD1,0.8940356
334,ARGLU1,0.8357285
335,ILF3,0.9300187
336,CEBPD,0.8186016
337,ROMO1,0.84464455
338,PSMA7,0.8969049
339,RNF213,0.7958775
340,MYH14,0.930802
341,PSMB1,0.9288369
342,PEBP1,0.79554373
343,EIF6,0.8774142
344,SELENOM,0.89698625
345,ACTN1,0.8676397
346,HSPG2,0.86597294
347,ITGA6,0.8293467
348,SYNGR2,0.8923511
349,IFI6,0.59119207
350,CAVIN1,0.9601673
351,CYC1,0.88382936
352,ERGIC3,0.8837011
353,TKT,0.9087119
354,AHNAK,0.85972345
355,TUFM,0.8774122
356,CTSZ,0.7973268
357,RAB5IF,0.88441473
358,CTNND1,0.9316343
359,HDGF,0.9415635
360,ZFP36L2,0.70771855
361,LMNA,0.72939295
362,FXYD3,0.88500106
363,NDUFB11,0.87759787
364,C4orf3,0.8772063
365,SELENOH,0.90137905
366,LASP1,0.8889569
367,C19orf33,0.88901675
368,INF2,0.8871568
369,UQCRC1,0.8849382
370,APLP2,0.80181354
371,IFI27,0.73416054
372,NDUFV1,0.88549143
373,ZFP36,0.80320853
374,GRK2,0.8701332
375,LUC7L3,0.8301629
376,ZFP36L1,0.7991732
377,SLC25A39,0.89550513
378,LSR,0.918456
379,ASS1,0.86418766
380,GPRC5A,0.8156219
381,PLXNB2,0.86412
382,ANXA2,0.8142745
383,NCL,0.9281444
384,ITGB1,0.88029176
385,TMEM63A,0.9001918
386,POLR1D,0.90718096
387,S100A11,0.8634315
388,PLEC,0.76819545
389,GLUL,0.6591114
390,SDC4,0.81206816
391,SLC3A2,0.77501345
392,NOP53,0.7875743
393,ATP5F1D,0.89798605
394,ITGB4,0.7454261
395,IER2,0.7662163
396,TAPBP,0.75390947
397,COL6A2,0.966756
398,PPP1R1B,0.8213897
399,GPX4,0.7848076
400,NDUFB7,0.88452506
401,ITM2C,0.7848191
402,DDR1,0.89816713
403,PSME1,0.8048019
404,DDIT4,0.65287966
405,CHMP4B,0.8809544
406,FASN,0.8791692
407,CANT1,0.9050274
408,SELENOW,0.7293032
409,NPDC1,0.74918664
410,FAM120A,0.90973175
411,SH3BGRL3,0.8532268
412,FCGRT,0.8414739
413,JUP,0.8922566
414,TXNDC5,0.8293835
415,CCN1,0.92651635
416,SET,0.8945595
417,ACTN4,0.7373753
418,SERBP1,0.9443633
419,HSPB1,0.67338246
420,CNBP,0.819756
421,IFNGR2,0.79613537
422,PA2G4,0.9207923
423,DBI,0.9109357
424,CDH1,0.8878524
425,CAPN1,0.8825495
426,NME2,0.87467045
427,NCOA7,0.65816873
428,S100A4,0.8727038
429,RBM39,0.8148289
430,PRDX5,0.91473234
431,COX7A2,0.9145611
432,BRI3,0.6796862
433,LRP10,0.8266347
434,RAC1,0.86472005
435,HNRNPA0,0.8481323
436,MPST,0.94088596
437,NHP2,0.94894093
438,ATP5PD,0.8778682
439,MARCKS,0.8278807
440,MICOS10,0.8610675
441,GOLM1,0.84295017
442,CIRBP,0.8438761
443,MAT2A,0.85793495
444,EMC10,0.86071783
445,LLGL2,0.93264645
446,OS9,0.8621441
447,SCD,0.86871505
448,LAMP1,0.7777833
449,BAG1,0.8663617
450,ARPC1B,0.6675805
451,ATP5MC2,0.9032118
452,CYB5R3,0.87965244
453,AKR1A1,0.77159095
454,TAP1,0.6805888
455,CCNL2,0.71603835
456,GUK1,0.72999805
457,TTC3,0.7274948
458,EIF3A,0.8291846
459,BANF1,0.8693415
460,DEK,0.8678151
461,FSTL1,0.97746
462,ANXA11,0.78800774
463,SAP18,0.910955
464,ALDH2,0.85815316
465,CD81,0.90666014
466,NDUFA1,0.8747241
467,LAMTOR4,0.82225966
468,APRT,0.8127107
469,PEA15,0.8997711
470,ATP5MG,0.8771182
471,PNPLA2,0.81081766
472,HSP90AB1,0.87403125
473,DUSP1,0.8642665
474,CLTA,0.84778833
475,PHPT1,0.78564024
476,EIF3B,0.89958495
477,GSTK1,0.8445627
478,NDUFA2,0.8947248
479,RTN4,0.7183891
480,RAB25,0.90748864
481,RPN2,0.93513834
482,THBS1,0.9147828
483,VDAC1,0.8372854
484,TMED9,0.8008133
485,ATP5MF,0.89019537
486,C12orf57,0.7904388
487,PLAUR,0.7609435
488,LSM4,0.93238574
489,TIMP3,0.9228066
490,ZYX,0.86240953
491,SLC12A2,0.8727631
492,FBN1,0.9700747
493,CLTB,0.78612983
494,UQCRB,0.78689533
495,CYB5B,0.89086133
496,UQCRQ,0.92007536
497,CALM3,0.84454596
498,PDIA6,0.86830604
499,MTDH,0.82940036
500,CD9,0.91916066
501,CLPTM1L,0.87087125
502,GPX2,0.85848147
503,TAF10,0.7903873
504,POLR2L,0.7115799
505,S100A10,0.7956052
506,PYGB,0.6837284
507,GOLPH3,0.8448001
508,CYBA,0.7591601
509,BSG,0.82709837
510,PRELID3B,0.9072639
511,AKAP1,0.8974215
512,NUTF2,0.87318546
513,CD151,0.7774554
514,GADD45GIP1,0.9036743
515,HSPA8,0.8515207
516,ARL6IP4,0.85970503
517,EIF3M,0.9189727
518,NR4A1,0.6712365
519,CHCHD2,0.8753133
520,CCNI,0.76806676
521,REXO2,0.864858
522,TIMM13,0.8772724
523,EIF4B,0.86106485
524,SEM1,0.9223274
525,TGOLN2,0.8564906
526,PTMS,0.7235837
527,TFRC,0.8625139
528,LENG8,0.7354617
529,BCL2L1,0.78223574
530,TSPO,0.8685939
531,COX8A,0.91406906
532,COPG1,0.81013167
533,YWHAG,0.742342
534,LGALS3BP,0.78270024
535,EIF4A2,0.85273767
536,HNRNPA3,0.80604684
537,AURKAIP1,0.8137337
538,YWHAQ,0.9048282
539,TM9SF3,0.91554093
540,KLF6,0.78421026
541,ARPC4,0.71346766
542,SRSF2,0.85048294
543,RAD23A,0.93714845
544,CUTA,0.90601945
545,SQOR,0.8655622
546,CLIC1,0.90380496
547,PPIB,0.7495736
548,COX6A1,0.95135194
549,SDF4,0.7082609
550,RBM3,0.8152637
551,CMPK1,0.8974038
552,MLF2,0.8856214
553,REEP5,0.8207508
554,EFHD2,0.87546706
555,TLN1,0.9338695
556,GRINA,0.73507524
557,COX7C,0.85741466
558,CHPF,0.7599536
559,ADI1,0.8637649
560,COX6C,0.88411826
561,TMEM259,0.8398727
562,IFITM2,0.64461803
563,TCF25,0.73071283
564,MAP2K2,0.8375813
565,MDH2,0.950805
566,TNC,0.84344286
567,GABARAP,0.8892277
568,SIVA1,0.8085241
569,NDUFS6,0.88645357
570,PSMB4,0.89158094
571,AZIN1,0.8368411
572,BEX3,0.80210435
573,SMTN,0.8037135
574,PPDPF,0.89814997
575,NCKAP1,0.84905523
576,EIF4G1,0.73511946
577,ACADVL,0.6557925
578,VASP,0.76926357
579,CNDP2,0.81232476
580,CDK4,0.92923796
581,UBXN6,0.8525127
582,SYNE2,0.80100596
583,HDLBP,0.7666908
584,PTPRF,0.9030452
585,TMEM59,0.79432124
586,AHSA1,0.84482
587,EEF1B2,0.88194484
588,LMO7,0.8383081
589,PDHA1,0.8763171
590,S100A16,0.8174529
591,TRIR,0.8859107
592,HNRNPH3,0.8695672
593,TRAP1,0.93264055
594,SND1,0.87484574
595,ATP2A2,0.7540983
596,GREM1,0.9150943
597,CCT3,0.93967974
598,SMARCC1,0.9429413
599,CDC42EP5,0.80393225
600,CAST,0.7594579
601,ID1,0.52877814
602,TRIM2,0.90366536
603,SRSF3,0.864137
604,SHISA5,0.81019276
605,TSPAN3,0.923103
606,CSTB,0.8468554
607,NUCKS1,0.81574607
608,ZBTB7A,0.89870703
609,ANXA5,0.89052814
610,RABL6,0.86835474
611,EID1,0.93578917
612,ECHS1,0.8793484
613,ARHGDIA,0.7951289
614,TLE5,0.8026081
615,POLD2,0.94497275
616,ARPC5,0.8152092
617,PSMB2,0.900046
618,MTCH1,0.8694691
619,RTF2,0.9055841
620,SEL1L3,0.788324
621,CAPZB,0.77946764
622,EIF3G,0.8724628
623,MFGE8,0.9410686
624,CTDSP2,0.6646891
625,EIF4H,0.820595
626,NIBAN2,0.8309959
627,TXNL4A,0.82583255
628,NUCB1,0.8283256
629,TOP1,0.80751574
630,CAPN2,0.7874349
631,STAT6,0.86814624
632,NUPR1,0.6097177
633,G3BP2,0.85048217
634,LCN2,0.6068924
635,EHBP1L1,0.895932
636,ASPH,0.8247341
637,HNRNPC,0.90201193
638,SRSF5,0.7796272
639,PRRC2B,0.776005
640,ANXA4,0.9101457
641,LMAN2,0.87032866
642,TNIP1,0.75954884
643,ENC1,0.72838044
644,NUMA1,0.8312721
645,H1FX,0.7898719
646,BACE2,0.7937151
647,PSMD13,0.8876853
648,COTL1,0.8602613
649,AEBP1,0.9580481
650,KHSRP,0.9412848
651,LSM7,0.9400777
652,PRPF6,0.88333386
653,PSMB10,0.7789198
654,NDUFS5,0.7908439
655,SERP1,0.90267605
656,COPE,0.87235725
657,STRAP,0.8535832
658,CALR,0.832991
659,ODC1,0.8837141
660,PDCD6,0.94294673
661,SLC38A1,0.91502565
662,NCOR2,0.7862937
663,HNRNPF,0.8481751
664,HDAC1,0.89919937
665,ATP6V0D1,0.7451839
666,ANAPC16,0.86918956
667,ATP5ME,0.8973336
668,SRRT,0.8897495
669,PNN,0.8819699
670,CTDSP1,0.8237391
671,IRAK1,0.89579505
672,BCAP31,0.8755619
673,GNB1,0.775111
674,DDT,0.93611693
675,AFDN,0.9021179
676,NFE2L1,0.77623564
677,DRAP1,0.7843263
678,DDX21,0.92468625
679,CRIM1,0.78644687
680,TPD52,0.8929613
681,ARPC2,0.8188548
682,LRPAP1,0.8021198
683,PSAP,0.8870288
684,RSRP1,0.68131775
685,APP,0.7244188
686,JTB,0.89544874
687,ARPC3,0.80840224
688,HNRNPA2B1,0.8155547
689,CAMK2N1,0.80288106
690,PGRMC1,0.90121114
691,TIMP2,0.95340806
692,TMEM238,0.9021929
693,EPN1,0.8827453
694,TRMT112,0.8998036
695,NONO,0.86482024
696,NDUFB10,0.8939468
697,ARF1,0.80743134
698,KDELR2,0.8861691
699,SOX4,0.7735876
700,CAPZA2,0.76446277
701,SUMO3,0.8263611
702,PRDX4,0.7894925
703,SNRNP200,0.9194389
704,PRR15L,0.91823006
705,COX4I1,0.85750806
706,ATP5F1B,0.91179085
707,EI24,0.9124085
708,RNF114,0.92756045
709,ATP5F1E,0.8284473
710,STAT3,0.8228342
711,CNN2,0.7548205
712,ACTR3,0.657592
713,SNRPC,0.9624875
714,TMEM54,0.921295
715,FLOT1,0.79026496
716,VDAC2,0.9002102
717,CORO1C,0.8310432
718,APH1A,0.82251084
719,VAMP8,0.8970888
720,ACSL5,0.9260801
721,NME1,0.885824
722,TMED2,0.8603622
723,BRD2,0.86660093
724,PSMC5,0.82541215
725,SF3B5,0.9055227
726,SUCLG1,0.9025701
727,ATN1,0.8656053
728,LAD1,0.90581113
729,PTGES2,0.91297066
730,NAMPT,0.6573312
731,USP22,0.76062644
732,FLII,0.8339907
733,HNRNPD,0.78688616
734,RNF187,0.8054507
735,PDXK,0.7718629
736,YIPF3,0.8137352
737,CHMP2A,0.8672081
738,PLSCR1,0.74165934
739,LAMC1,0.9287237
740,ETHE1,0.9438752
741,S100A14,0.86574847
742,RAB5C,0.7768354
743,QARS,0.9378441
744,SEPTIN2,0.77958643
745,NQO1,0.8692449
746,ATF4,0.650092
747,TRAM1,0.72494066
748,RUNX1,0.8896529
749,GPI,0.89278924
750,RNASE1,0.7828035
751,HADHA,0.8702764
752,WARS,0.6889476
753,LTBP3,0.877814
754,SLC2A4RG,0.7803489
755,ANKRD11,0.8025892
756,MYH9,0.8307111
757,ETFB,0.8633113
758,MICAL2,0.6858074
759,MYDGF,0.77523655
760,PRRC2C,0.7743325
761,SOD1,0.8721667
762,DDX5,0.7718584
763,TPP1,0.87794
764,TALDO1,0.91765195
765,FUS,0.85826254
766,ATP6V0B,0.8064838
767,SYAP1,0.90513587
768,EIF4A1,0.79749143
769,SLC38A10,0.7876078
770,TMX2,0.9327648
771,HP1BP3,0.7851145
772,GNAI2,0.91423315
773,ITM2B,0.777322
774,PPM1G,0.95944613
775,TPD52L2,0.8857722
776,SURF4,0.8033068
777,VDAC3,0.87435
778,BRD4,0.87190646
779,DNM2,0.9341941
780,SF3B2,0.8834059
781,SELENBP1,0.7103857
782,SPINT1,0.92188495
783,CTNNB1,0.6914213
784,MLLT6,0.8920349
785,PNISR,0.8806366
786,PNRC2,0.8841682
787,STUB1,0.8691769
788,NPTN,0.81702167
789,RTRAF,0.8874643
790,DUS1L,0.9190403
791,PFDN5,0.81694335
792,NDUFB9,0.9128308
793,SULF1,0.9139584
794,TRA2A,0.8961381
795,EIF4G2,0.8463966
796,PRDX6,0.7441472
797,TRA2B,0.8068744
798,FNDC3B,0.8634972
799,NFIC,0.93966615
800,IQGAP1,0.7620714
801,DDRGK1,0.777227
802,DDX17,0.8041483
803,HERPUD1,0.79260886
804,HNRNPUL2,0.92866224
805,ZDHHC20,0.86810637
806,BTG2,0.77817345
807,PKP3,0.933572
808,ATP5F1A,0.7912732
809,SAFB,0.8986517
810,LAMTOR1,0.81276065
811,HINT1,0.88406837
812,ELAVL1,0.9022838
813,COMT,0.80158746
814,PPP1CA,0.8749588
815,WNK1,0.78423095
816,DYNLL2,0.8887878
817,CALU,0.90336293
818,OAZ1,0.8368051
819,ITPR3,0.9069893
820,PRSS23,0.7782836
821,PGD,0.8769951
822,ERH,0.8923119
823,PTTG1IP,0.84285307
824,TMBIM1,0.7544793
825,AP3D1,0.92482126
826,IMPDH2,0.88888323
827,C11orf58,0.8420872
828,LITAF,0.8307247
829,HNRNPDL,0.7850676
830,COPZ1,0.9103039
831,NAPA,0.8464217
832,MT1X,0.81254685
833,DNAJB1,0.733726
834,ERO1A,0.8744185
835,TRAF4,0.9446708
836,LAMA4,0.96120393
837,FIS1,0.7675951
838,CAPNS1,0.8929511
839,SERPINB6,0.7730662
840,GATAD2A,0.93330306
841,WDR6,0.73942983
842,RHOA,0.77431756
843,ATP8B1,0.8646441
844,HSPA5,0.7511044
845,TGIF1,0.80562097
846,RALY,0.90594184
847,OPTN,0.7932445
848,DIDO1,0.906596
849,ASAH1,0.76402575
850,EIF3H,0.88569343
851,TRIOBP,0.8327564
852,HSP90AA1,0.8360297
853,DDX23,0.9205241
854,USF2,0.83168894
855,GSTP1,0.8141263
856,CCT8,0.90334874
857,NAP1L4,0.92548627
858,LRP1,0.9081753
859,WSB1,0.91387707
860,CSNK1G2,0.84293115
861,PTBP3,0.90816957
862,NDUFC1,0.8853152
863,UBB,0.8012609
864,GRN,0.7622278
865,TRAPPC5,0.8672346
866,HGS,0.93352526
867,ECH1,0.7854355
868,KIF1C,0.78397393
869,GIPC1,0.91820884
870,ADAM9,0.73885536
871,HNRNPUL1,0.87611043
872,DDB1,0.93018067
873,RNF149,0.7508083
874,RAB13,0.8622248
875,NME3,0.8351822
876,CTNNA1,0.8237029
877,NDFIP1,0.76594967
878,ATIC,0.95441526
879,EEF1G,0.87181777
880,NPC2,0.8069221
881,WDR83OS,0.89452106
882,DCAF7,0.9557685
883,CANX,0.82625425
884,NDUFA13,0.8605802
885,YWHAH,0.7227995
886,MAPK13,0.9297652
887,COA3,0.92883295
888,CREBZF,0.8824893
889,WDR82,0.7824401
890,MGAT1,0.8451553
891,EMILIN1,0.9752619
892,CCND2,0.70415246
893,NDUFB2,0.86147624
894,PPP2R5C,0.7065441
895,XRCC6,0.9418667
896,CALD1,0.9742334
897,HNRNPU,0.7988858
898,COX6B1,0.93191224
899,LRATD1,0.82682097
900,PMEPA1,0.750373
901,QSOX1,0.7065662
902,PCOLCE,0.95724785
903,LTBR,0.8866764
904,IRF1,0.6552222
905,NET1,0.903946
906,DNPEP,0.9260745
907,FHL2,0.740773
908,SSR2,0.81679434
909,P4HB,0.7828814
910,TBC1D9B,0.8584748
911,ERBB3,0.9278202
912,UBE2Q1,0.8843017
913,SRPRA,0.6850135
914,SMARCE1,0.82750505
915,FLNB,0.8613607
916,ANKRD10,0.769076
917,NSMF,0.7873207
918,COL4A2,0.937537
919,LTBP4,0.76350516
920,TXNIP,0.66028804
921,PSMB8,0.8951126
922,FTH1,0.78998625
923,RNH1,0.80793685
924,PLP2,0.9067805
925,OAF,0.76459223
926,GRSF1,0.9288964
927,BST2,0.72110534
928,HNF4A,0.94393045
929,ATP1A1,0.866631
930,INTS11,0.86168855
931,FKBP9,0.7521326
932,TCP1,0.91497207
933,USP7,0.9145108
934,DHX15,0.90382844
935,FERMT1,0.84449583
936,DNPH1,0.91331065
937,VPS28,0.81350857
938,GMDS,0.92388386
939,ANP32E,0.71388185
940,POLR2F,0.87753695
941,TRPM4,0.88839304
942,HMGA1,0.8303418
943,ZMIZ2,0.86499554
944,PDCD5,0.90444225
945,SULF2,0.82476556
946,SRSF1,0.91920996
947,NOP58,0.94736075
948,MORF4L1,0.74047256
949,MIF,0.91826487
950,CHCHD1,0.8668098
951,CAPG,0.7816134
952,SDHA,0.8840262
953,PSMA4,0.8721682
954,MKNK2,0.85932475
955,HSBP1,0.8832913
956,MAPRE1,0.8596863
957,SSR4,0.8012998
958,PLD3,0.91747206
959,EIF4E2,0.83759284
960,SLC1A5,0.8642281
961,ADAR,0.73570627
962,PRRC2A,0.8711647
963,CNPY2,0.90546477
964,C7orf50,0.8462612
965,CTSC,0.8251546
966,IFI30,0.793151
967,ITGB5,0.94179535
968,SLTM,0.8664589
969,CKAP4,0.8278263
970,JPT1,0.88449013
971,CD63,0.84893584
972,PIM3,0.851556
973,UQCR11,0.8200955
974,LMNB2,0.9215647
975,RBM17,0.8982212
976,RPN1,0.8946938
977,KHDRBS1,0.9384197
978,CTSA,0.73667204
979,PDZD8,0.8562172
980,TMEM50A,0.7220851
981,C1S,0.9677673
982,S100P,0.8828684
983,TUBA4A,0.8987385
984,CHCHD10,0.84778637
985,SH3GLB2,0.8769419
986,PLXND1,0.9260685
987,TAX1BP1,0.83976316
988,RER1,0.80063015
989,AKT1,0.7680925
990,COA4,0.8905212
991,MAP2K3,0.8267892
992,SEC13,0.7629714
993,CRELD2,0.79586715
994,EIF3D,0.95438725
995,AP2S1,0.7413913
996,DDX24,0.8754111
997,SNU13,0.93444294
998,PDIA4,0.8525543
999,KIAA1522,0.92197293
1000,ARAP1,0.9404592
1001,KLF5,0.84690243
1002,GTF2I,0.8855129
1003,CDC123,0.94007725
1004,RERE,0.82426685
1005,RABAC1,0.7928897
1006,ARL2,0.8483258
1007,TRIM8,0.8559498
1008,VIL1,0.91517717
1009,RELA,0.8085641
1010,THOC7,0.9543855
1011,PGLS,0.8514065
1012,NDUFA11,0.9064438
1013,COL18A1,0.93514055
1014,PLPP2,0.93509436
1015,ABHD2,0.7950967
1016,ST13,0.85161287
1017,ATP5IF1,0.8254583
1018,POLR2G,0.89491975
1019,COPA,0.81695604
1020,TMEM219,0.7985291
1021,MARCH6,0.9045592
1022,ADGRE5,0.8305117
1023,FLOT2,0.9041899
1024,POLR2I,0.8956009
1025,EGR1,0.771973
1026,CHTOP,0.90155935
1027,CLN3,0.91262645
1028,ANP32B,0.9056793
1029,CENPX,0.9180016
1030,ACO2,0.89478797
1031,C16orf58,0.92051524
1032,RNF126,0.95879024
1033,NEDD8,0.80896246
1034,SZRD1,0.709611
1035,TAGLN2,0.84842646
1036,WDR45B,0.88256246
1037,COL5A1,0.9670758
1038,PET100,0.8845326
1039,NDUFB6,0.88711697
1040,IDS,0.85707575
1041,COPB2,0.76794904
1042,OCIAD1,0.88515466
1043,CISD3,0.9047474
1044,SCRIB,0.9158933
1045,ARPP19,0.85358965
1046,RMND5A,0.91472006
1047,TBRG4,0.90364796
1048,ATP5MC3,0.9033002
1049,DLGAP4,0.82720625
1050,FTL,0.7623702
1051,SUMF2,0.8388505
1052,SNRNP70,0.75788754
1053,HMG20B,0.87733096
1054,CDC34,0.89447546
1055,SDCBP,0.70905626
1056,TSTA3,0.8164895
1057,SBNO2,0.7762633
1058,CDC25B,0.75512975
1059,HEBP2,0.8661111
1060,SEC11A,0.7613708
1061,CDX1,0.8646674
1062,PHB2,0.90203387
1063,POSTN,0.90907013
1064,PITPNA,0.78176856
1065,SDF2L1,0.72754604
1066,HSPH1,0.79851526
1067,FARP1,0.76651084
1068,CUL4A,0.96375036
1069,WASF2,0.7871615
1070,AP2M1,0.8251442
1071,SLC40A1,0.80108386
1072,CCDC12,0.8955089
1073,SLC39A7,0.76302713
1074,UBE2V1,0.89471734
1075,NENF,0.7330543
1076,RBX1,0.8767174
1077,CRIP1,0.8607962
1078,CPNE1,0.8148161
1079,CDC42EP1,0.7429337
1080,ATP5PF,0.9211097
1081,AGO2,0.90829164
1082,RHOT2,0.9337945
1083,SNX3,0.66080827
1084,CTDNEP1,0.8940854
1085,RCC2,0.93204194
1086,ARF3,0.86276627
1087,ARHGEF10L,0.89414006
1088,MAL2,0.9296786
1089,MBOAT7,0.83642966
1090,PSMB5,0.8932635
1091,TIMM8B,0.9061356
1092,DNAJC7,0.9248325
1093,AGPAT2,0.86972934
1094,ECI1,0.91643083
1095,OTUB1,0.8965712
1096,RBM42,0.8981572
1097,TOMM5,0.84254736
1098,ENTPD6,0.8597545
1099,EZR,0.8763252
1100,FAM50A,0.78791827
1101,ARF4,0.77925366
1102,SMCHD1,0.8540694
1103,BAG6,0.90765214
1104,PUF60,0.93537074
1105,POLR2H,0.9243587
1106,VPS4A,0.87197936
1107,COX14,0.838326
1108,RACK1,0.79083925
1109,GLRX5,0.9073592
1110,SPG21,0.8045351
1111,PCSK7,0.8635118
1112,DPYSL2,0.8627584
1113,TNFRSF21,0.8925895
1114,H3F3B,0.71632963
1115,IDH2,0.87056524
1116,PDZK1IP1,0.845105
1117,NDUFS2,0.88486654
1118,YIPF4,0.8986697
1119,KPNB1,0.91364014
1120,ECE1,0.8388947
1121,NELFCD,0.8969383
1122,NARS,0.8479638
1123,CDC42BPB,0.8488501
1124,GDI1,0.79052776
1125,VMP1,0.7379958
1126,MRFAP1L1,0.83010584
1127,SMARCD2,0.92439735
1128,LUC7L2,0.9065828
1129,COMMD6,0.9018532
1130,TRABD,0.8435448
1131,TOB1,0.92454225
1132,CCDC6,0.83752376
1133,AAMP,0.9400915
1134,DDX39B,0.8297995
1135,CDKN1A,0.7705475
1136,UQCC3,0.924477
1137,UBP1,0.8852247
1138,TMEM230,0.7985166
1139,YPEL3,0.72263724
1140,UGDH,0.7814039
1141,LAMB2,0.9028971
1142,ZNF358,0.83121413
1143,GANAB,0.84624135
1144,TACC1,0.8508271
1145,CCDC85B,0.7778682
1146,COLGALT1,0.8905071
1147,SRSF11,0.73435354
1148,CYTH2,0.8054632
1149,HNRNPR,0.83786005
1150,RNPS1,0.93535894
1151,MYADM,0.8997106
1152,CHMP3,0.9182591
1153,GABARAPL2,0.6972198
1154,PPP1R12C,0.9064863
1155,CDV3,0.81208307
1156,UBTF,0.803132
1157,ARPC1A,0.8905902
1158,LUC7L,0.85977274
1159,LAP3,0.80464804
1160,VOPP1,0.8020343
1161,SQSTM1,0.657793
1162,SLC44A4,0.90985125
1163,CDC42SE2,0.81900835
1164,CCDC47,0.90593904
1165,FAM102A,0.7465374
1166,EMC4,0.84156203
1167,H2AFJ,0.75285107
1168,PITPNB,0.8963549
1169,PIGR,0.6785088
1170,ADAM15,0.7873507
1171,PGGHG,0.68454057
1172,TPX2,0.89960897
1173,C15orf48,0.80954444
1174,FKBP8,0.7702003
1175,RAB7A,0.83043784
1176,ANXA1,0.8833951
1177,H1F0,0.8624908
1178,TRIM28,0.88951075
1179,EIF1,0.7698233
1180,CSNK1D,0.75410265
1181,EPS8L2,0.93137383
1182,DCTN1,0.74192613
1183,PDHB,0.88538957
1184,INAVA,0.9205841
1185,RNASET2,0.8104401
1186,C19orf53,0.9174201
1187,PSMF1,0.84934896
1188,STT3B,0.94577837
1189,PILRB,0.8802111
1190,PATJ,0.9278488
1191,MUC1,0.66508967
1192,ABR,0.8028054
1193,EIF5,0.8530164
1194,COX17,0.8102208
1195,GNL3,0.9250075
1196,TXNDC12,0.91989034
1197,ILF2,0.93953055
1198,ZRANB2,0.7781459
1199,VPS36,0.9025335
1200,MMP24OS,0.80126846
1201,PPP1R9B,0.88411963
1202,CCDC124,0.85938215
1203,ARHGDIB,0.920382
1204,GTF3C6,0.83600825
1205,R3HDM4,0.7975317
1206,ACTR1B,0.8917955
1207,EDF1,0.8250438
1208,TMPRSS4,0.9243088
1209,SRM,0.8160995
1210,YY1,0.88535523
1211,SF3B1,0.8124335
1212,PCBP1,0.7608416
1213,BCL7C,0.8494421
1214,DCTD,0.8459827
1215,RNPEP,0.8731949
1216,CNPY3,0.7804862
1217,PGAM1,0.72463846
1218,PSMC3,0.7823474
1219,ALG5,0.9336779
1220,PCBP2,0.7376199
1221,RAB5B,0.8485627
1222,TSPAN13,0.79456097
1223,SLIRP,0.8804641
1224,TCF7L2,0.8941587
1225,NAB1,0.72985345
1226,MYO1C,0.83465976
1227,CNN3,0.9034576
1228,LRRC59,0.93267065
1229,BUD23,0.9186582
1230,STAU1,0.90565866
1231,RNF11,0.88381964
1232,FDFT1,0.92751485
1233,CDC16,0.93517053
1234,UBE2L6,0.7761795
1235,SOD3,0.6440752
1236,DDX56,0.9432043
1237,SRRM2,0.6367357
1238,CELF1,0.8630665
1239,DDAH2,0.78495
1240,GAK,0.887674
1241,TP53I11,0.8220033
1242,PRSS8,0.9113539
1243,NCBP2,0.9536579
1244,TAF15,0.920451
1245,FOXP1,0.8222715
1246,FAT1,0.8210731
1247,HSD17B10,0.8642922
1248,NUDC,0.84699816
1249,UBE2I,0.93657595
1250,GPCPD1,0.7009015
1251,SMARCA5,0.9175988
1252,IKBKB,0.8668899
1253,TM4SF1,0.6840766
1254,SCAND1,0.82696277
1255,ERBB2,0.92591375
1256,SIGMAR1,0.92302006
1257,IFRD2,0.9197513
1258,LONP1,0.91746944
1259,MACF1,0.94271445
1260,POLDIP2,0.90173465
1261,MCM3,0.9138701
1262,FOXP4,0.8043183
1263,PABPC4,0.722147
1264,CLSTN1,0.8124351
1265,GID8,0.9183221
1266,SMS,0.92378855
1267,PTPN12,0.7817239
1268,NFKBIA,0.80552256
1269,RNF43,0.86774004
1270,PCBD1,0.9587354
1271,CMTM6,0.8292166
1272,ESYT2,0.80338585
1273,TSPAN1,0.904829
1274,IP6K2,0.8399415
1275,ABCC3,0.8571131
1276,MYO15B,0.65168315
1277,PSMA2,0.94595903
1278,ARRDC3,0.84349805
1279,TMEM214,0.6903066
1280,ZFP91,0.792032
1281,POR,0.8131248
1282,CASC3,0.8743356
1283,PTK2,0.86619383
1284,NSA2,0.71553147
1285,ARHGAP17,0.8498851
1286,STK25,0.87828934
1287,TINAGL1,0.771221
1288,RAB10,0.89343786
1289,PIGT,0.8592275
1290,PHLDA1,0.7838825
1291,PIEZO1,0.8474285
1292,MPC2,0.9429478
1293,KLF4,0.77264273
1294,ARCN1,0.88795704
1295,LAMB1,0.9338764
1296,DCTPP1,0.9438011
1297,WDR43,0.9207012
1298,GOLGA3,0.7078508
1299,CYSTM1,0.92754596
1300,PSENEN,0.85728776
1301,GLG1,0.740367
1302,CAPRIN1,0.9548064
1303,SH3YL1,0.86770815
1304,C19orf48,0.92530674
1305,RSL1D1,0.9197898
1306,GPAA1,0.7710815
1307,ATP5PB,0.86111045
1308,ESRP1,0.9029604
1309,UBE2R2,0.8704493
1310,FKBP10,0.83203954
1311,SIGIRR,0.93267655
1312,FAM83H,0.9059855
1313,NRARP,0.8354107
1314,PTPA,0.87769014
1315,A2M,0.93567234
1316,NFKB2,0.83947706
1317,PDLIM5,0.80609405
1318,TMEM258,0.8943485
1319,QTRT1,0.8813387
1320,TGFBR2,0.88202924
1321,CHURC1,0.8748499
1322,CHD4,0.81427824
1323,KXD1,0.8868699
1324,ANKHD1,0.8942143
1325,MYD88,0.8093012
1326,GTF3A,0.8381229
1327,VCP,0.75504094
1328,CD320,0.9483708
1329,TOP2B,0.8717645
1330,SON,0.6973888
1331,DPP7,0.8676412
1332,EPHB3,0.80338895
1333,CFB,0.609088
1334,CDC42SE1,0.83795446
1335,TGM2,0.7600714
1336,SSR3,0.842783
1337,SLC44A1,0.9005905
1338,UBL5,0.86256915
1339,CYCS,0.8856689
1340,RAB14,0.8244304
1341,GPS1,0.93246526
1342,SMDT1,0.8473941
1343,BUB3,0.90582657
1344,ACLY,0.93453044
1345,COX5B,0.8349417
1346,MOGS,0.88204813
1347,GALNT2,0.68187153
1348,SRC,0.92158717
1349,SCP2,0.8761417
1350,RAB11A,0.9140894
1351,NFE2L2,0.7819694
1352,SF3B6,0.9466732
1353,PREP,0.9238642
1354,RARS,0.8933457
1355,HUWE1,0.8701283
1356,SRSF7,0.8787454
1357,CKB,0.76957655
1358,HSF1,0.8828672
1359,BHLHE40,0.78692853
1360,SNRPB,0.8431276
1361,DUT,0.8480487
1362,C3,0.8815345
1363,NANS,0.92116904
1364,PPP4R2,0.8531869
1365,SUPT5H,0.8721479
1366,ST5,0.9164199
1367,DDAH1,0.92491525
1368,NAPRT,0.9153511
1369,UBA2,0.9182888
1370,ARHGEF2,0.84492445
1371,EBPL,0.918935
1372,CORO1B,0.8933896
1373,E2F4,0.9279359
1374,WDR1,0.63839006
1375,MINK1,0.86699593
1376,IFNAR1,0.74668944
1377,EPHB4,0.8665153
1378,PSMD4,0.9177806
1379,GATD1,0.9362107
1380,TBL1XR1,0.91401076
1381,STK11,0.8235897
1382,GCN1,0.8877258
1383,FOXO3,0.8042658
1384,SH3PXD2A,0.92452437
1385,MSI2,0.9070932
1386,BECN1,0.9361235
1387,EMP1,0.8688227
1388,UFC1,0.9133453
1389,COPS9,0.7889958
1390,SSU72,0.9016523
1391,OCIAD2,0.9021095
1392,PRKAB1,0.8979185
1393,SPCS3,0.7370269
1394,CERCAM,0.9626893
1395,PON2,0.8572074
1396,UBE2G2,0.8405941
1397,LGMN,0.8150881
1398,PDLIM7,0.9375347
1399,SERINC2,0.9261387
1400,CDCA7,0.89416903
1401,PPP6R2,0.8349033
1402,ESD,0.91549295
1403,NDUFAF3,0.8491536
1404,MCRIP1,0.93427956
1405,CDH17,0.86307967
1406,IGFBP3,0.8972567
1407,ANAPC11,0.8680456
1408,ERP29,0.8685726
1409,ETFA,0.8848479
1410,H2AFY,0.8864421
1411,AREG,0.71740496
1412,SREBF2,0.89506596
1413,LARP4B,0.9409544
1414,STOML2,0.92574614
1415,POLD4,0.8637615
1416,TYK2,0.87354743
1417,RRAS,0.8386494
1418,DDX3X,0.65753996
1419,ADIRF,0.58638066
1420,GNA11,0.8877347
1421,OGA,0.8613033
1422,CD2AP,0.8859276
1423,CD276,0.8868264
1424,RAB5A,0.85611236
1425,AKT2,0.8692012
1426,SEC61A1,0.78947407
1427,CUX1,0.7688044
1428,GDI2,0.8483871
1429,MAX,0.6791252
1430,EBNA1BP2,0.9368599
1431,PPP1R15A,0.6658698
1432,CBFB,0.88515
1433,NBR1,0.89978236
1434,ALDH1B1,0.62811005
1435,TES,0.72061723
1436,TM9SF2,0.9151905
1437,PARP4,0.92266196
1438,CDKN1B,0.8218825
1439,XRCC5,0.87677497
1440,APEX1,0.84198046
1441,ALKBH7,0.81092584
1442,VAT1,0.89674455
1443,C8orf33,0.8419257
1444,MAPK3,0.8705938
1445,B2M,0.683655
1446,LSM8,0.931317
1447,SSBP1,0.9381284
1448,CSNK2B,0.9148525
1449,STOM,0.94840616
1450,PES1,0.92551124
1451,C4orf48,0.774491
1452,SLC35C2,0.9085525
1453,PAFAH1B1,0.8785708
1454,ATRAID,0.84139335
1455,TBCD,0.91014105
1456,TMEM147,0.9090706
1457,METAP2,0.88108313
1458,RIC8A,0.83933747
1459,MAZ,0.81977373
1460,TRIP12,0.8001613
1461,LBH,0.95854384
1462,RAB11FIP1,0.9002494
1463,ADH5,0.8572507
1464,CTSH,0.750909
1465,CCNL1,0.7470679
1466,TCIRG1,0.79173744
1467,GNAQ,0.8139612
1468,SUPT16H,0.9237179
1469,RAP1A,0.85703963
1470,BRI3BP,0.9141481
1471,COX16,0.927226
1472,NMRAL1,0.90985274
1473,SEC61G,0.9030957
1474,CD55,0.6487673
1475,CTSK,0.9460352
1476,PPP4C,0.9154085
1477,FARSA,0.942251
1478,SKIL,0.82369715
1479,MED25,0.89909667
1480,DBNL,0.74411386
1481,ZKSCAN1,0.91677433
1482,MAP4,0.85678
1483,FBLIM1,0.82993466
1484,DYNLL1,0.7049217
1485,SLC44A2,0.8120138
1486,SEC22B,0.73729306
1487,ORMDL3,0.80265874
1488,C1orf43,0.94876605
1489,ID2,0.71002203
1490,MTPN,0.83838046
1491,PUM1,0.8857042
1492,GTF2F1,0.8894884
1493,REPIN1,0.92423064
1494,TMBIM6,0.78331393
1495,UBR5,0.79229504
1496,MAF1,0.91175956
1497,NISCH,0.8685642
1498,ATOX1,0.8634989
1499,ACIN1,0.814592
1500,RAPGEF1,0.8690732
1501,KIF5B,0.8390069
1502,GGNBP2,0.8467514
1503,DDX39A,0.90179205
1504,CCT2,0.93815804
1505,ADGRG1,0.91119
1506,VCL,0.8652719
1507,RBCK1,0.795815
1508,ARHGEF1,0.8291221
1509,NDUFAB1,0.9596692
1510,CAP1,0.7157442
1511,DR1,0.8033846
1512,TXN2,0.91259176
1513,VARS,0.8907555
1514,CIAO2B,0.8824706
1515,SNRPD1,0.90873873
1516,CLU,0.7581248
1517,SSRP1,0.91564053
1518,USP36,0.84663385
1519,HPCAL1,0.8018829
1520,MIEN1,0.89135736
1521,TMED10,0.82024217
1522,IGBP1,0.8691077
1523,ANKH,0.85014516
1524,C1orf122,0.7277474
1525,FAM32A,0.8513435
1526,UBE2E3,0.8479367
1527,CLUH,0.91501594
1528,CPSF6,0.8783784
1529,TM9SF4,0.9017738
1530,TCERG1,0.88499475
1531,COPS6,0.867357
1532,SEC11C,0.8017481
1533,SELENOK,0.825353
1534,CALCOCO2,0.87641424
1535,ATP6V1F,0.78386456
1536,LSM5,0.92215514
1537,CREB3L1,0.8051349
1538,FASTK,0.88679266
1539,TRIM27,0.9342818
1540,C11orf96,0.930268
1541,NR2F6,0.9264882
1542,VPS37B,0.8681801
1543,DPP9,0.80395186
1544,SORL1,0.8344243
1545,BTBD2,0.86615187
1546,MACROD1,0.88603574
1547,MFF,0.9303979
1548,RAB2A,0.87789214
1549,MVP,0.86751944
1550,TUT7,0.74634504
1551,NDUFS8,0.90411574
1552,ABCC1,0.86304706
1553,MYO10,0.87171835
1554,EFNA1,0.81204206
1555,MAP3K20,0.89430803
1556,RXRA,0.80906564
1557,DAPK3,0.90674824
1558,ACSL3,0.8367161
1559,GRHPR,0.88384646
1560,HBS1L,0.84050244
1561,DSTN,0.7629295
1562,BZW1,0.7809192
1563,PPIF,0.88417864
1564,PRPF19,0.93608725
1565,EFTUD2,0.92372656
1566,ERGIC1,0.84637636
1567,UQCRC2,0.9272855
1568,SUCLG2,0.833744
1569,INSIG1,0.76587737
1570,NDUFA10,0.94185704
1571,GNAI3,0.8272339
1572,CSE1L,0.9320655
1573,TRAF7,0.89849174
1574,DNAJC5,0.8872357
1575,FAM3D,0.8219645
1576,SUPT6H,0.8598885
1577,DNAJA1,0.85517734
1578,STT3A,0.93456054
1579,TMSB4X,0.642536
1580,EMD,0.89261705
1581,RBM47,0.92614806
1582,SEPHS2,0.8677398
1583,OGT,0.7793755
1584,SUN2,0.854346
1585,CENPB,0.7543757
1586,CARS2,0.9155006
1587,MED13L,0.87005484
1588,DNAJC15,0.7923584
1589,GTPBP6,0.80662644
1590,YPEL5,0.7829498
1591,PRKACA,0.89458764
1592,ICAM1,0.88495547
1593,SLC4A2,0.86970884
1594,CRLS1,0.9097561
1595,MAP7,0.9499037
1596,TNKS2,0.84433705
1597,PSMA1,0.9183093
1598,KCMF1,0.9030707
1599,SLC12A7,0.8860702
1600,MAPKAPK2,0.78582525
1601,TMEM123,0.8538639
1602,TMEM109,0.8565225
1603,RNF10,0.6885786
1604,HEXA,0.8741641
1605,DGAT1,0.8805119
1606,DAZAP1,0.93091226
1607,FAM174C,0.90967065
1608,OAZ2,0.93529785
1609,PSMA5,0.88867784
1610,SORBS3,0.88925576
1611,SRP19,0.8917786
1612,IBTK,0.87798333
1613,RCN2,0.88767713
1614,NRDC,0.77564895
1615,MTA1,0.84893817
1616,PPP2CB,0.7765599
1617,DDX46,0.8854499
1618,ZFC3H1,0.84278995
1619,BET1L,0.8035149
1620,YIF1A,0.8272302
1621,UBE2A,0.8340994
1622,DKK3,0.9533003
1623,AK1,0.75262576
1624,PSMD11,0.9025695
1625,GGH,0.8589349
1626,NUP62,0.9343084
1627,ASAP2,0.80386245
1628,STX16,0.81616175
1629,NEK6,0.7915687
1630,OGDH,0.83550173
1631,PSMD2,0.8964327
1632,EIF2B5,0.9140988
1633,GTPBP1,0.8292083
1634,ELL2,0.8073595
1635,MT1E,0.6318134
1636,RUVBL2,0.92161417
1637,CHMP1B,0.77755904
1638,ATP6AP1,0.8905809
1639,NDUFA9,0.9508552
1640,SCYL1,0.73149496
1641,MANF,0.82017386
1642,ARL6IP5,0.82076895
1643,GNPTG,0.88302237
1644,C1orf198,0.8665095
1645,MDM4,0.88994515
1646,ICA1,0.92061085
1647,PAPOLA,0.91724867
1648,DCXR,0.8888893
1649,MAPKAPK5,0.91694915
1650,LPCAT1,0.8325132
1651,NDUFA7,0.93219954
1652,ARPC5L,0.8870837
1653,HNRNPLL,0.7770877
1654,NUMB,0.8738988
1655,GSTO1,0.8438403
1656,STRN4,0.8374456
1657,HK1,0.8277281
1658,CTTN,0.62781215
1659,SNHG32,0.9031325
1660,MSRB2,0.8308114
1661,DHRS3,0.7092951
1662,RAB18,0.7950306
1663,TTYH3,0.85597116
1664,WDFY1,0.735458
1665,ALYREF,0.9295449
1666,RAB1A,0.87455475
1667,M6PR,0.90986955
1668,KPNA2,0.8599083
1669,GSS,0.8934078
1670,CYP2S1,0.77621055
1671,ADNP,0.9210828
1672,PACSIN2,0.8835909
1673,PMPCB,0.88508314
1674,PRMT2,0.80951905
1675,HDHD3,0.94651943
1676,RAB1B,0.70221245
1677,RBM6,0.8150864
1678,POLR2B,0.9095467
1679,TNPO1,0.8412745
1680,IRF3,0.78997236
1681,LSP1,0.90573496
1682,SLC9A3R1,0.89137036
1683,SARS,0.7166265
1684,TMEM189,0.81401557
1685,NME4,0.8612364
1686,BOP1,0.86451703
1687,PPP1R10,0.80079615
1688,PPP1R15B,0.7015697
1689,DCTN2,0.80519783
1690,RRP7A,0.8618891
1691,KDM1A,0.9249087
1692,ANKLE2,0.7759084
1693,RALA,0.8507766
1694,PPP4R3A,0.8694235
1695,PDS5A,0.85960513
1696,RABGGTB,0.94693524
1697,ZC3H4,0.8570531
1698,MYLK,0.9253972
1699,UBE3C,0.92446786
1700,ACAA1,0.8784519
1701,SKI,0.87888825
1702,CD46,0.86319476
1703,SLC39A1,0.7810832
1704,TNKS1BP1,0.8397757
1705,SPTAN1,0.8281066
1706,VWA1,0.79423857
1707,KARS,0.9371365
1708,SLC39A8,0.7313779
1709,INTS1,0.9006312
1710,CLCN3,0.8986079
1711,CPSF1,0.8059688
1712,SPIN1,0.76234514
1713,MEAF6,0.8439965
1714,HM13,0.7564367
1715,DNAJB11,0.83822066
1716,POF1B,0.9323494
1717,DDX54,0.9356458
1718,SHARPIN,0.81535214
1719,URI1,0.9055107
1720,RTCB,0.89971274
1721,ARRDC1,0.94989336
1722,RBM14,0.8878146
1723,TMEM176B,0.62976754
1724,SSR1,0.839483
1725,S100A13,0.8691729
1726,BAZ1B,0.87732744
1727,DVL3,0.81746376
1728,WSB2,0.8128382
1729,RWDD1,0.7193016
1730,DUSP23,0.82849455
1731,PTK7,0.8601021
1732,APEH,0.92526007
1733,MDK,0.742974
1734,AP2A2,0.75354135
1735,DECR1,0.88093907
1736,TFDP1,0.9303451
1737,SREBF1,0.89832455
1738,PSMC4,0.9162127
1739,ALDH18A1,0.88028604
1740,SERPINB1,0.79920137
1741,ATG4B,0.86564213
1742,GAS6,0.7049385
1743,MOB1A,0.8082233
1744,SPINK1,0.53052306
1745,SEPTIN9,0.76169056
1746,MTG1,0.82674104
1747,TXLNA,0.78680754
1748,ANP32A,0.90757525
1749,PPP6R1,0.68306345
1750,KPNA4,0.88741404
1751,HCFC1,0.94613665
1752,TMC5,0.7921323
1753,INSR,0.7289306
1754,METTL26,0.8969512
1755,TRIB1,0.7096197
1756,LRCH4,0.8371639
1757,HYOU1,0.8570928
1758,TNS3,0.8843665
1759,KDELR1,0.816701
1760,NCLN,0.90442926
1761,TOMM22,0.9045163
1762,MXRA8,0.952254
1763,MAGED1,0.79576284
1764,PLCB3,0.91476977
1765,UBA1,0.8456554
1766,TMX1,0.81201553
1767,THRAP3,0.8185563
1768,SNX17,0.80127573
1769,PALLD,0.9419428
1770,PFKP,0.8032227
1771,TSR3,0.8205883
1772,PDCD6IP,0.9202627
1773,PFN1,0.66561526
1774,UPF1,0.88774496
1775,EIF1B,0.72790444
1776,TSPYL1,0.83743966
1777,YTHDC1,0.8247238
1778,GOLGB1,0.8406572
1779,BIN1,0.8119499
1780,THRA,0.8691875
1781,DNMT1,0.9487676
1782,MGST3,0.8213122
1783,CHP1,0.91872454
1784,COMMD4,0.8630549
1785,CBX4,0.83670956
1786,RBM5,0.8008158
1787,MIDN,0.7603531
1788,MBTPS1,0.7579691
1789,EIF3L,0.86661166
1790,DYNC1I2,0.85690963
1791,MGST1,0.83894897
1792,FXYD5,0.7845046
1793,SELENOP,0.6676001
1794,STX3,0.8909747
1795,STAT2,0.9500045
1796,TMPO,0.89676565
1797,ACAA2,0.7179125
1798,EIF2AK1,0.95539325
1799,SSBP3,0.7118591
1800,ARIH1,0.79759103
1801,RARRES2,0.9564783
1802,PYCR2,0.88890016
1803,ATP6V1A,0.8429072
1804,PPP1CC,0.8522508
1805,MSL1,0.80366236
1806,CREG1,0.77597487
1807,FAM193B,0.9033407
1808,PLTP,0.79146963
1809,TBCB,0.8443708
1810,THOC2,0.9226895
1811,MFSD10,0.7764161
1812,SNX1,0.8670442
1813,TAF7,0.8245335
1814,DYNC1LI2,0.83875996
1815,FOXK1,0.9095147
1816,API5,0.880142
1817,HDAC2,0.91379696
1818,ID3,0.8340498
1819,CHID1,0.8497544
1820,NKTR,0.84122145
1821,ATP9A,0.86391747
1822,LAMB3,0.8544969
1823,FUBP1,0.8675368
1824,ARAF,0.8030873
1825,PRPF40A,0.94780886
1826,MED15,0.7785488
1827,ATL3,0.8121588
1828,INO80E,0.8875496
1829,SCARB2,0.7438681
1830,ZMAT2,0.8680837
1831,CEP170B,0.8450646
1832,FAM3C,0.7146089
1833,KDM3B,0.9300122
1834,MCF2L,0.8510887
1835,PARM1,0.79754084
1836,SHKBP1,0.8200342
1837,CD164,0.80830115
1838,STXBP2,0.8969879
1839,SFPQ,0.83162624
1840,EPS8L3,0.90979916
1841,LY6E,0.68842643
1842,GLO1,0.9531261
1843,DYNC1H1,0.80079085
1844,TNFRSF1A,0.7470972
1845,SYVN1,0.7456272
1846,PHLDB1,0.960423
1847,MLXIP,0.8721832
1848,CFDP1,0.7474645
1849,FOXN3,0.92717725
1850,ABHD12,0.7144667
1851,COX7B,0.8635254
1852,ACOT7,0.8219653
1853,PKDCC,0.7346401
1854,ITGA3,0.83586615
1855,DDX1,0.94219416
1856,PGRMC2,0.8680787
1857,ASXL1,0.82783335
1858,SPTLC2,0.8862364
1859,C12orf75,0.8380555
1860,PPFIBP1,0.85320306
1861,SCAMP2,0.88492674
1862,HMGN4,0.91644704
1863,PDCD4,0.7900543
1864,EHMT1,0.85315365
1865,NCSTN,0.8871075
1866,MAP7D1,0.8922632
1867,GDE1,0.9060464
1868,SERF2,0.80395067
1869,USH1C,0.9281468
1870,VEGFB,0.9038734
1871,CAMLG,0.7699064
1872,DST,0.8472254
1873,NAA20,0.8888711
1874,SRF,0.8430604
1875,IK,0.8588737
1876,AKAP17A,0.8870274
1877,KCTD12,0.8363865
1878,PRPF8,0.82037127
1879,ANXA3,0.8212812
1880,ATXN2L,0.79817563
1881,CDK6,0.8054862
1882,NPEPL1,0.8326679
1883,MPG,0.83418787
1884,GSDMB,0.8155404
1885,NDRG1,0.68531454
1886,SERPINF1,0.9421064
1887,HES6,0.7982937
1888,HTT,0.89847845
1889,PICALM,0.8208082
1890,ADSL,0.9130234
1891,SNF8,0.86127317
1892,TMEM87B,0.90198183
1893,H2AFX,0.8442081
1894,CIB1,0.9042899
1895,NDRG2,0.8069166
1896,TMEM165,0.79264784
1897,COQ4,0.8349411
1898,IGHG3,0.83191764
1899,SH3BGRL,0.85630095
1900,DAP,0.8432587
1901,TARS,0.84466845
1902,SAMD4B,0.82707316
1903,EHD1,0.7928428
1904,SETD3,0.83722365
1905,SH3D19,0.9245327
1906,B4GALT1,0.80332273
1907,TLK1,0.9085717
1908,PTGDS,0.81600785
1909,GTPBP4,0.9199482
1910,NUP85,0.93835306
1911,STAU2,0.76884866
1912,IL4R,0.89323133
1913,LRIG1,0.85173285
1914,NNMT,0.93908346
1915,HEPH,0.8481286
1916,C14orf119,0.8743403
1917,TSC22D3,0.88595194
1918,MROH1,0.8737419
1919,PSMB7,0.9333058
1920,FBXW5,0.820406
1921,EPB41L4B,0.9124228
1922,FDPS,0.8548252
1923,KMT2E,0.7700444
1924,ZDHHC9,0.87382066
1925,ITPK1,0.92990875
1926,MTLN,0.8815653
1927,EHD2,0.97171015
1928,NDUFA8,0.9185651
1929,ETNK1,0.8699514
1930,EGLN2,0.82244813
1931,PABPC1L,0.8183255
1932,CASK,0.93148845
1933,GRAMD1A,0.79997844
1934,SLC35A4,0.8489518
1935,AIDA,0.787153
1936,PRXL2A,0.8289557
1937,PKIG,0.86782503
1938,PRPSAP1,0.9134237
1939,IGLC1,0.89574134
1940,TFG,0.88207895
1941,BABAM1,0.9156494
1942,SERINC5,0.8853118
1943,BSDC1,0.82920605
1944,IDH3G,0.86529917
1945,MAVS,0.8053974
1946,SLC35B2,0.8931281
1947,CLPTM1,0.7976921
1948,PNRC1,0.798971
1949,NUDT5,0.9260485
1950,STX10,0.7916453
1951,RNF40,0.8934635
1952,NDUFA3,0.8828257
1953,MED24,0.9162736
1954,TRIM26,0.8785725
1955,FBLN1,0.9220456
1956,MMADHC,0.923676
1957,ATP6V1B2,0.8022956
1958,TNFRSF12A,0.736422
1959,BMS1,0.90240246
1960,ESYT1,0.8565229
1961,CAPN5,0.9511312
1962,GOT2,0.95030844
1963,INPPL1,0.81381863
1964,PBXIP1,0.9239386
1965,TP53,0.794841
1966,POLDIP3,0.8447024
1967,ATXN10,0.90253365
1968,ABLIM1,0.8916083
1969,TSC22D1,0.5413341
1970,S100A6,0.8517276
1971,TMEM141,0.8715748
1972,SNRPG,0.8612232
1973,CYB5A,0.86558145
1974,SLC9A3R2,0.8701312
1975,PYURF,0.89350873
1976,MTCH2,0.92158043
1977,ADRM1,0.89326674
1978,LSM1,0.81343246
1979,ERP44,0.9185086
1980,IVNS1ABP,0.85480124
1981,HSPA9,0.89587444
1982,VPS25,0.9528117
1983,RING1,0.83212936
1984,BCL3,0.67159
1985,FBXO7,0.89496887
1986,EXOSC6,0.8730032
1987,CYHR1,0.7237205
1988,AGRN,0.77180326
1989,CSK,0.8322666
1990,TRADD,0.87091804
1991,OSER1,0.8611965
1992,PPP1CB,0.78263813
1993,SAP30BP,0.8487314
1994,BCR,0.790289
1995,PLOD3,0.86123806
1996,CLASRP,0.8697628
1997,KIAA0930,0.86203384
1998,HEXB,0.7822592
1999,TRIP6,0.6753392
2000,TDP2,0.90589654
2001,SOCS3,0.8909188
2002,SMC1A,0.8945489
2003,WDR26,0.846146
2004,TCEAL4,0.92213273
2005,PTOV1,0.80390054
2006,SGK1,0.8276664
2007,TRAK1,0.8702441
2008,TAOK1,0.83712393
2009,CHMP5,0.83535326
2010,MBNL2,0.8698746
2011,POLE3,0.93953836
2012,RABGAP1L,0.75297993
2013,DCAF8,0.8690731
2014,ARMCX3,0.84088033
2015,ARFGAP1,0.82395
2016,SGTA,0.8980558
2017,SMARCB1,0.9158734
2018,ILRUN,0.71382546
2019,GTF3C1,0.87024385
2020,SDHB,0.91347444
2021,TMEM134,0.8413501
2022,KDM2A,0.80828816
2023,GHITM,0.92134035
2024,ANXA7,0.85378397
2025,CREB3,0.74871355
2026,SPTBN1,0.87024176
2027,ANAPC13,0.8492709
2028,CWC15,0.8832545
2029,SAFB2,0.9078066
2030,NOP56,0.8845424
2031,NBEAL2,0.88851815
2032,PHYKPL,0.832351
2033,EHF,0.92218924
2034,ACACA,0.92335105
2035,PSMD3,0.9402811
2036,PIN1,0.9097311
2037,MBNL1,0.86321706
2038,MAP3K11,0.85233516
2039,MRC2,0.97968864
2040,HTATIP2,0.9091598
2041,HECTD1,0.89246494
2042,ALKBH5,0.8473509
2043,ABHD16A,0.92577326
2044,SPPL2B,0.8743136
2045,MRTFA,0.9352057
2046,PSME2,0.76376283
2047,ASCC3,0.8451809
2048,DHX30,0.89968413
2049,U2AF2,0.89532197
2050,ARHGAP18,0.76013374
2051,UBE2H,0.81051236
2052,PJA2,0.9075442
2053,BPTF,0.8320347
2054,TNRC18,0.81900877
2055,EPHA2,0.8777926
2056,TNFRSF14,0.8273421
2057,OSBPL2,0.9398876
2058,KDM5B,0.8605482
2059,EP300,0.77980787
2060,GOLIM4,0.7938425
2061,PLEKHJ1,0.95203424
2062,VPS26B,0.827042
2063,CCDC71L,0.8302026
2064,FAM3A,0.8458938
2065,VPS13C,0.7653033
2066,ZMPSTE24,0.751447
2067,ACTB,0.70706576
2068,PAXX,0.9019825
2069,DHCR24,0.90161425
2070,FKBP3,0.8645052
2071,DDX27,0.8762498
2072,ATXN7L3B,0.88902724
2073,KDM6B,0.77195257
2074,CBX5,0.9111974
2075,HCFC1R1,0.9274159
2076,DIAPH1,0.8826678
2077,NDUFS4,0.87939024
2078,ABL1,0.8773204
2079,CMTM4,0.9160281
2080,TELO2,0.9043679
2081,AUP1,0.88141286
2082,METRNL,0.79034317
2083,AHCYL1,0.79254836
2084,NTMT1,0.89876795
2085,GDF15,0.7870897
2086,RNF130,0.7936897
2087,TCEAL8,0.84729105
2088,RAB21,0.8654766
2089,KMT2B,0.90569174
2090,RHOG,0.88329405
2091,ARFGEF2,0.94349676
2092,COL16A1,0.9601436
2093,KTN1,0.79457855
2094,IRF9,0.79321927
2095,IPO5,0.9371734
2096,TRAF5,0.7498322
2097,TIMMDC1,0.8689474
2098,SYMPK,0.9185403
2099,SLC37A1,0.89194596
2100,PPP1R11,0.92231673
2101,USP34,0.88561964
2102,DSP,0.8667109
2103,POMP,0.9060252
2104,RNASEK,0.7601651
2105,PURB,0.8486869
2106,ZNF638,0.8077502
2107,MYO1B,0.86035055
2108,CSTF3,0.9320993
2109,PLS3,0.8474738
2110,NAA60,0.8953147
2111,PTPN1,0.74928725
2112,B4GALT5,0.78538173
2113,GSPT1,0.9202148
2114,AKT1S1,0.77323323
2115,IER5,0.80692136
2116,BRWD1,0.8276986
2117,WIPI2,0.934008
2118,CHMP4A,0.80885
2119,NCK2,0.87549883
2120,NAA38,0.7981069
2121,NDUFV3,0.8641061
2122,PRPF4B,0.8872814
2123,CDCP1,0.89652365
2124,CLCN7,0.7933739
2125,TRIM25,0.8732223
2126,NFIB,0.7964071
2127,MOV10,0.77144617
2128,RBM15B,0.9012778
2129,LETMD1,0.8940296
2130,ZGPAT,0.852214
2131,CRACR2B,0.80663264
2132,SELENOF,0.8569394
2133,FAM89B,0.8239324
2134,DHPS,0.86725885
2135,MAPK1IP1L,0.8725081
2136,PYCR1,0.90682936
2137,MGAT5,0.84915227
2138,PAM16,0.94453275
2139,MYOF,0.8922534
2140,IWS1,0.8507405
2141,SLC16A1,0.7183634
2142,PYCARD,0.8545624
2143,CLTC,0.8403801
2144,ISCU,0.78013444
2145,PAPSS2,0.77356005
2146,PPP1R16A,0.8707687
2147,MESD,0.753926
2148,COPS7A,0.8602144
2149,ACSS1,0.8031205
2150,SRGN,0.9106935
2151,LRPPRC,0.8985104
2152,MVD,0.86676115
2153,RASA2,0.763336
2154,TIAL1,0.91732067
2155,UBE2B,0.88481015
2156,ABRACL,0.903102
2157,PLIN3,0.7609158
2158,PFDN2,0.93087435
2159,DENR,0.8706584
2160,ILVBL,0.86177045
2161,BAX,0.7920431
2162,UBA52,0.7494734
2163,SHB,0.8489797
2164,FAM234A,0.87131274
2165,DDOST,0.93998337
2166,VGLL4,0.7798595
2167,BLOC1S1,0.8973316
2168,FBP1,0.672547
2169,TMOD3,0.75109327
2170,SRP68,0.93871135
2171,MAPK14,0.9055574
2172,ENGASE,0.8186754
2173,CDHR5,0.9094829
2174,ITPRIPL2,0.8304928
2175,PXN,0.8110475
2176,EXOSC7,0.9465264
2177,CFLAR,0.8882304
2178,EHD4,0.7649433
2179,CCNY,0.8934604
2180,SELENON,0.76023144
2181,USP4,0.7558926
2182,AGPAT3,0.84369737
2183,AMN,0.853117
2184,SNX5,0.83718115
2185,RNF145,0.7743596
2186,STK40,0.74039644
2187,SLC39A9,0.91441816
2188,QKI,0.96314514
2189,PRPF38A,0.9135124
2190,AP1S1,0.8587345
2191,ATP11A,0.87777793
2192,OGFR,0.80204755
2193,CERS6,0.95036805
2194,PCID2,0.9551773
2195,KHDC4,0.9071013
2196,PSMD10,0.9265946
2197,ZDHHC3,0.9255032
2198,NDUFS1,0.90334725
2199,TAX1BP3,0.6954267
2200,LRRC47,0.875568
2201,RNF44,0.95060503
2202,SPSB3,0.8395477
2203,NDUFA12,0.9300842
2204,NT5C,0.87548524
2205,GPR107,0.8247853
2206,YWHAB,0.812813
2207,THBS2,0.9238012
2208,MANBAL,0.9074701
2209,TOMM6,0.93372005
2210,GOPC,0.86256707
2211,DPM1,0.94040614
2212,PLS1,0.92945814
2213,RBL2,0.84756213
2214,ATP6V0E1,0.6869181
2215,YAP1,0.854222
2216,PRXL2B,0.92312664
2217,BRK1,0.7458771
2218,HIF1A,0.88875014
2219,CEACAM1,0.8036373
2220,RGL2,0.85950613
2221,PPP1R35,0.9010685
2222,PDGFA,0.75806135
2223,POLR2A,0.845078
2224,TCEA3,0.78338474
2225,PAN3,0.8560339
2226,GIT1,0.9206223
2227,USP25,0.76690996
2228,PAXBP1,0.91824645
2229,EIF4EBP1,0.86526066
2230,RBM12,0.8830746
2231,LSM2,0.9388379
2232,TMED4,0.9262261
2233,PML,0.877306
2234,BAIAP2L1,0.8926083
2235,GTF2IRD1,0.898365
2236,CEBPZ,0.94903475
2237,ZMYND8,0.833927
2238,ARIH2,0.84140146
2239,LGR4,0.90618914
2240,FBXW4,0.82773554
2241,CBLC,0.90786
2242,HIST1H1B,0.71459067
2243,UNC93B1,0.7667959
2244,MYB,0.8846507
2245,KIAA0100,0.9215034
2246,SHC1,0.9039733
2247,AKAP13,0.899902
2248,NT5DC2,0.79276186
2249,NDUFC2,0.7926595
2250,PRKD2,0.81590796
2251,TMUB2,0.8736956
2252,HSD17B11,0.90596896
2253,DUSP3,0.75037676
2254,FUBP3,0.87353575
2255,ADIPOR1,0.8762649
2256,NUDT3,0.76831335
2257,DHX9,0.96057343
2258,ZNF598,0.90583014
2259,PI4KA,0.8937692
2260,SHMT2,0.83972967
2261,HES4,0.8057836
2262,CTHRC1,0.91580015
2263,GPR35,0.91368335
2264,MUC20,0.8268737
2265,MXD4,0.8486229
2266,GTF2F2,0.94693244
2267,DLD,0.9121838
2268,IGFBP2,0.69757265
2269,BCL2L2,0.82621294
2270,FOSL2,0.86369246
2271,KCNE3,0.8480223
2272,PHRF1,0.7944645
2273,UBAC2,0.93737113
2274,KIAA1217,0.86171496
2275,BLCAP,0.9258849
2276,SLC25A1,0.89586824
2277,LAMA5,0.72310823
2278,PQBP1,0.8463213
2279,ZNF207,0.81240004
2280,SEC24C,0.78409916
2281,AGAP3,0.7718584
2282,CREB3L2,0.85005534
2283,HAGH,0.8868444
2284,IMP4,0.9099613
2285,CRISPLD2,0.92835474
2286,TMEM248,0.90333617
2287,OST4,0.76253545
2288,NDUFV2,0.797777
2289,UQCC1,0.8751147
2290,UBAP2L,0.90903914
2291,FAM91A1,0.9342967
2292,NDUFAF2,0.87783474
2293,XPO6,0.9081593
2294,ADCY6,0.8505268
2295,XPOT,0.88182074
2296,CLN6,0.8930301
2297,MEPCE,0.89096254
2298,DAZAP2,0.8902665
2299,PSMD1,0.8559697
2300,PITPNM1,0.87292963
2301,LCOR,0.93723863
2302,PFKFB3,0.78622967
2303,PALM2-AKAP2,0.92843926
2304,CAVIN3,0.9363077
2305,PAM,0.8611398
2306,TMEM9,0.83521
2307,KDSR,0.76355344
2308,NOL4L,0.91971296
2309,SPR,0.9219712
2310,XRN2,0.7901285
2311,SEC24D,0.875052
2312,LIMS2,0.9490736
2313,KLHL24,0.735847
2314,NOP16,0.89493144
2315,PTP4A3,0.74686795
2316,C6orf89,0.77525556
2317,KIF1B,0.7906091
2318,RTKN,0.9587254
2319,SPCS1,0.89280874
2320,TOX4,0.8197732
2321,SEPTIN8,0.8333584
2322,EIF3I,0.8888737
2323,HOXB3,0.61773497
2324,EXOC3,0.9179165
2325,LARP4,0.89528066
2326,PTDSS1,0.93823004
2327,ARFGAP3,0.78988886
2328,SAR1A,0.78391397
2329,CLIC4,0.91705364
2330,ITPA,0.8911014
2331,ZFR,0.9526304
2332,TADA3,0.8890949
2333,DAG1,0.8807665
2334,SCAF11,0.8531867
2335,PTPRA,0.7767324
2336,SF1,0.869287
2337,SLC39A14,0.71621627
2338,ASL,0.88457453
2339,MIB2,0.8481243
2340,SEC31A,0.8509349
2341,SLBP,0.9204654
2342,HOXB6,0.7480021
2343,AIP,0.86334866
2344,NUDT16,0.81263053
2345,ANXA6,0.90658003
2346,GOLGA7,0.83714926
2347,SLMAP,0.889894
2348,ETS1,0.94206846
2349,PLEKHB2,0.91903687
2350,SELENOS,0.8314976
2351,ATP6AP2,0.7996448
2352,SH3GLB1,0.7302729
2353,ADD1,0.8849328
2354,TSPAN15,0.84779817
2355,REEP3,0.8173521
2356,FAM162A,0.92501223
2357,LEMD2,0.8624815
2358,TXNDC17,0.9037897
2359,DELE1,0.8743977
2360,UBE2D2,0.89770806
2361,ZFAND3,0.81662494
2362,UXT,0.9270795
2363,TTLL12,0.89233285
2364,BCL2L13,0.9116718
2365,CSNK2A2,0.9465764
2366,UBE2J1,0.7094296
2367,PDLIM2,0.9348058
2368,UROD,0.8767321
2369,SUZ12,0.92375773
2370,SH2B1,0.84348154
2371,ANAPC5,0.89036185
2372,MFSD1,0.81713545
2373,BMI1,0.758305
2374,MFSD14B,0.89602137
2375,PRKCSH,0.90786445
2376,SORT1,0.89993626
2377,CERS2,0.8567635
2378,NSF,0.8887394
2379,ZNF428,0.8114246
2380,VAPB,0.8942238
2381,TNK2,0.80859107
2382,SF3B3,0.92970574
2383,IDI1,0.8533067
2384,SNX19,0.78821707
2385,ZMIZ1,0.81568825
2386,MAGT1,0.9254432
2387,SMG1,0.7448641
2388,MCMBP,0.91267645
2389,FBXO32,0.85898733
2390,SLC25A4,0.9022002
2391,METTL9,0.9048168
2392,TMEM184B,0.81763124
2393,NCOR1,0.8423098
2394,SPTSSA,0.79804343
2395,SLC26A6,0.89555484
2396,TMX4,0.8547335
2397,PFDN6,0.93656075
2398,JPT2,0.95093834
2399,ZC3H12A,0.7863269
2400,CUEDC2,0.8507411
2401,CARD19,0.82095236
2402,RAVER1,0.95867956
2403,LMAN1,0.7402259
2404,KMT2D,0.8727713
2405,NDUFAF8,0.8410663
2406,PCNA,0.8434795
2407,ZMYM2,0.87128997
2408,NUBP2,0.90079707
2409,BRMS1,0.85609543
2410,DAD1,0.81195974
2411,IFI16,0.8968662
2412,GALNT3,0.93726647
2413,APOL1,0.74132925
2414,F11R,0.90220517
2415,POLR2K,0.9338784
2416,KANSL3,0.89023864
2417,TAP2,0.7257954
2418,CYBC1,0.8370397
2419,CNOT8,0.9419132
2420,PARL,0.86613315
2421,PCM1,0.85914546
2422,PCMT1,0.8761799
2423,GRIPAP1,0.8066163
2424,ACOX1,0.9007599
2425,VPS4B,0.9235672
2426,PSMB6,0.8488495
2427,COL12A1,0.94988936
2428,SORBS1,0.8555666
2429,PROSER1,0.9205004
2430,FBXL5,0.8917219
2431,PPP6R3,0.8955973
2432,RBBP7,0.9168843
2433,CTNNBIP1,0.8670951
2434,OXA1L,0.87996423
2435,PRPS2,0.9181245
2436,HIST1H4C,0.85972404
2437,UBL3,0.86251986
2438,PCED1A,0.8202962
2439,SLPI,0.7502342
2440,GLS,0.7920483
2441,RNF5,0.8926101
2442,RAB11B,0.8353165
2443,ERCC1,0.8327188
2444,BTBD6,0.7758566
2445,TM9SF1,0.8054047
2446,GMPS,0.94208056
2447,TSPAN4,0.9506939
2448,CCDC50,0.83641076
2449,TBC1D20,0.76577485
2450,MCM5,0.9011318
2451,AVL9,0.9282326
2452,KLC1,0.9276081
2453,CCDC130,0.8848974
2454,PMVK,0.8929902
2455,MARK2,0.9433931
2456,GSK3A,0.91027915
2457,FGFRL1,0.8407252
2458,WDR18,0.92995447
2459,NRIP1,0.8588955
2460,ACTG2,0.88639796
2461,FAM210B,0.7893616
2462,KLF9,0.94252634
2463,FBXW2,0.7786346
2464,EPPK1,0.9189978
2465,ZCCHC14,0.75719976
2466,CHMP1A,0.81345457
2467,SVIL,0.8432606
2468,BAG5,0.8993911
2469,MCRS1,0.93447196
2470,DDX42,0.90412706
2471,CASP6,0.9589802
2472,CDK16,0.9374994
2473,CD24,0.5702995
2474,TMEM208,0.8167521
2475,UBD,0.56620646
2476,ADD3,0.88331884
2477,KCTD20,0.88539183
2478,NECAP2,0.8060712
2479,PVR,0.8652683
2480,TMC6,0.85506356
2481,SATB2,0.8738278
2482,MLPH,0.8129781
2483,TUBGCP6,0.79270846
2484,DCAF16,0.91218984
2485,HSD11B2,0.88316727
2486,XPNPEP1,0.8563342
2487,CPD,0.8739964
2488,MYO19,0.9391236
2489,LMF2,0.8353789
2490,COPS5,0.9324743
2491,ILK,0.7975714
2492,CYP3A5,0.87719405
2493,FIBP,0.8581162
2494,ENY2,0.8414686
2495,CAT,0.78090554
2496,CRIP2,0.8898718
2497,HNRNPK,0.76464146
2498,PHLDA2,0.86981237
2499,MST1R,0.9007806
2500,MID1IP1,0.8193303
2501,LSM14A,0.9015862
2502,PSMG3,0.8784491
2503,AKAP11,0.82732797
2504,PLEKHO1,0.93629795
2505,NFKBIZ,0.7239246
2506,PPA2,0.92933935
2507,ATP6V1E1,0.78886366
2508,PSMG2,0.85704374
2509,TRPC4AP,0.8090806
2510,SMIM4,0.8470796
2511,KRT10,0.70948815
2512,EPSTI1,0.6797559
2513,BCL9L,0.8059199
2514,DVL1,0.80473095
2515,H3F3A,0.7387268
2516,PHF19,0.91734785
2517,BZW2,0.93618375
2518,MBD2,0.7337839
2519,F3,0.7743058
2520,GPBP1L1,0.879278
2521,ECPAS,0.8656029
2522,DDX49,0.96156293
2523,FAM118A,0.7305188
2524,AGPS,0.8817092
2525,MLLT1,0.87637794
2526,CXCR4,0.8595172
2527,MTA2,0.93202627
2528,PHF10,0.8916073
2529,CCNDBP1,0.7693001
2530,AMACR,0.7864909
2531,DOCK1,0.7402577
2532,PRCC,0.88701504
2533,UQCC2,0.8932777
2534,TMEM263,0.91597795
2535,DNAJA3,0.9448671
2536,AQP1,0.9375326
2537,MT1G,0.6420631
2538,AMD1,0.8947607
2539,RAB4A,0.9045497
2540,EEF2,0.79660696
2541,ABHD11,0.90884477
2542,SEC23A,0.8197889
2543,UACA,0.869602
2544,DYNLT1,0.9034881
2545,LRFN4,0.8753012
2546,FAM120AOS,0.85645676
2547,SLC39A13,0.9464916
2548,IMPAD1,0.8486754
2549,DEDD2,0.8714163
2550,HIST1H1E,0.72687346
2551,LRP5,0.9269068
2552,ZFAND2B,0.8462177
2553,SLC16A3,0.6312123
2554,CEBPG,0.9585415
2555,SF3A1,0.90242845
2556,CNOT7,0.82968503
2557,AFAP1,0.84043986
2558,AGPAT1,0.7870514
2559,COMMD7,0.86996436
2560,RCN3,0.8989948
2561,IKBKG,0.850825
2562,PSMB3,0.88793486
2563,TMEM185B,0.93491006
2564,PPP1R12B,0.9046073
2565,CMBL,0.7827971
2566,SH3BP4,0.91221404
2567,YKT6,0.8246256
2568,ZNF783,0.8297089
2569,TM2D1,0.9011667
2570,NUDT21,0.9177361
2571,TPGS2,0.7063525
2572,NACC1,0.9094882
2573,KMT5B,0.80343354
2574,TMED5,0.78503585
2575,POLR2C,0.92107886
2576,WDR13,0.82225984
2577,FAF2,0.9017807
2578,TIA1,0.8353373
2579,SEC63,0.7936147
2580,ICMT,0.76416415
2581,PBX1,0.87668
2582,TOLLIP,0.80430335
2583,HTRA1,0.9092717
2584,TMEM173,0.8125505
2585,MAN2B1,0.8617192
2586,CRYBG1,0.9103652
2587,SPIRE2,0.8700428
2588,ECHDC2,0.77326304
2589,LIMD1,0.8749298
2590,MGLL,0.88800913
2591,HSPA4,0.88305044
2592,ANAPC7,0.9389525
2593,EIF2S3,0.8451534
2594,TNS1,0.9577658
2595,PRKAR2A,0.9531265
2596,CIAO1,0.9486052
2597,GLYR1,0.86687773
2598,RBBP6,0.87153286
2599,CASP4,0.7847498
2600,EFCAB14,0.8330952
2601,NOP10,0.8085566
2602,PTGFRN,0.8437407
2603,SPATS2L,0.71649665
2604,PDIA5,0.75630784
2605,CTNNBL1,0.9324636
2606,PEX26,0.85710615
2607,DNAJB2,0.7190746
2608,SETD5,0.87578505
2609,LIMK2,0.82233626
2610,RNPEPL1,0.8261501
2611,PACS2,0.7759107
2612,MGRN1,0.91790926
2613,SH3BGRL2,0.9515236
2614,NDUFS3,0.91020584
2615,THAP11,0.8765439
2616,ANTXR1,0.92773455
2617,RELL1,0.8672973
2618,CCNC,0.9496096
2619,ITPKC,0.7202916
2620,TACC2,0.90646404
2621,SIRT7,0.8689833
2622,VPS13A,0.8440834
2623,INTS10,0.8418585
2624,ATF6B,0.9139781
2625,EXOC4,0.85392755
2626,TXNL1,0.75930446
2627,DAXX,0.9269706
2628,AGAP1,0.8259089
2629,ABHD14B,0.90993327
2630,KLF13,0.8402318
2631,MYO6,0.9000786
2632,SLC39A11,0.8983203
2633,MYO7B,0.84735364
2634,TXNDC15,0.8859393
2635,PLAAT4,0.70489395
2636,ERRFI1,0.69472516
2637,DBNDD2,0.81747776
2638,FUT4,0.9279733
2639,PRDM2,0.7599358
2640,ANO9,0.87665087
2641,KRTCAP3,0.9387423
2642,FXR1,0.8957579
2643,MARK3,0.850818
2644,HMGN3,0.8603462
2645,CDS2,0.7094677
2646,DNAJC3,0.7960594
2647,ELOF1,0.80354965
2648,NIPSNAP2,0.91901314
2649,COX7A2L,0.8943929
2650,LOXL2,0.911398
2651,WIPF1,0.9264553
2652,SCNN1A,0.89053595
2653,SURF6,0.9241801
2654,ANKRD13D,0.7291215
2655,ACTR1A,0.84674644
2656,CLDN1,0.8271559
2657,HDAC7,0.9099532
2658,AARS,0.7997203
2659,CYB561,0.894636
2660,OTUD5,0.79693556
2661,ATP2C1,0.8781473
2662,DCTN4,0.8816255
2663,NUFIP2,0.87749624
2664,PSMD7,0.8959306
2665,PGP,0.9005614
2666,TRIM38,0.82835305
2667,ANKRD17,0.8427915
2668,PNKD,0.8319092
2669,EIF4A3,0.8790894
2670,MORF4L2,0.8230231
2671,CKAP5,0.95584637
2672,CMIP,0.88676006
2673,CENPT,0.8044899
2674,ACAT1,0.8715045
2675,PRPF3,0.8703316
2676,TIMM17B,0.9500177
2677,TSPAN14,0.8340903
2678,COL5A2,0.86697
2679,CARHSP1,0.86981326
2680,CES2,0.8249861
2681,STARD3,0.83329284
2682,TRAPPC9,0.91833496
2683,FKBP5,0.82936364
2684,TIMM50,0.92603624
2685,DNAJC8,0.87129176
2686,CDIPT,0.8386262
2687,ITFG1,0.89746493
2688,NFX1,0.9174546
2689,LAMP2,0.83151627
2690,SART1,0.8849169
2691,TBC1D22A,0.835478
2692,TNFSF10,0.6705661
2693,SCAMP4,0.8122058
2694,PLEKHG6,0.9247983
2695,RNF167,0.8529324
2696,SNRNP40,0.95091355
2697,NOSIP,0.89083296
2698,VPS29,0.92440325
2699,DNAJB6,0.8202992
2700,GUCD1,0.935122
2701,BSCL2,0.86197686
2702,NFKB1,0.8050387
2703,ARHGEF7,0.81981194
2704,CSDE1,0.78970945
2705,MPRIP,0.83264697
2706,TOMM70,0.8811578
2707,ITGAV,0.9275525
2708,FNDC3A,0.77309906
2709,ANKZF1,0.91185427
2710,NABP2,0.9490142
2711,OSBP,0.95607924
2712,YIF1B,0.84473985
2713,TRAPPC4,0.8561177
2714,LZIC,0.8762286
2715,GSE1,0.8588297
2716,PHF20L1,0.74703956
2717,MCM6,0.87133366
2718,TTC17,0.8448704
2719,MLLT3,0.9031768
2720,SPATA20,0.8176469
2721,PPP1R14A,0.84615946
2722,RASSF1,0.85878205
2723,DIAPH2,0.8717529
2724,ZNF664,0.95369035
2725,ENOPH1,0.9549353
2726,TOMM40,0.90625334
2727,SLC25A10,0.91609377
2728,KLHDC4,0.9141507
2729,MUS81,0.82524276
2730,BOD1,0.8660499
2731,ST6GALNAC6,0.90541476
2732,QRICH1,0.9070946
2733,TRIM56,0.88614076
2734,SAPCD2,0.9110265
2735,YIPF2,0.8853521
2736,GTPBP2,0.80497545
2737,MTHFD1,0.89497393
2738,GSKIP,0.9232507
2739,ZNFX1,0.7847107
2740,TPGS1,0.85690457
2741,ARL2BP,0.85347635
2742,TMEM43,0.7754181
2743,GRPEL1,0.922969
2744,ZC3H18,0.8244629
2745,PSMB9,0.6963885
2746,IL2RG,0.6493769
2747,SLC31A1,0.89435685
2748,WASHC5,0.8233548
2749,ARFRP1,0.8660305
2750,PARVA,0.88838786
2751,ARID1B,0.86211795
2752,EIF2B1,0.9058329
2753,TMEM176A,0.64757997
2754,AFF1,0.8339047
2755,DNAJC10,0.86289066
2756,D2HGDH,0.8545475
2757,MDH1,0.9146012
2758,LARS,0.87986964
2759,MCFD2,0.81391823
2760,CCAR2,0.8348771
2761,SEPTIN11,0.8672352
2762,TRAPPC1,0.7458498
2763,PPP1R18,0.9436798
2764,FAAP100,0.8820383
2765,PXDN,0.95709115
2766,ISG20,0.8392082
2767,DACH1,0.7991921
2768,CNPPD1,0.91003525
2769,GATA6,0.8778423
2770,SAT2,0.8438617
2771,TESC,0.79044783
2772,COL15A1,0.95804113
2773,MCUR1,0.81538695
2774,TMCO1,0.8821197
2775,SLC7A6,0.81959933
2776,LSM14B,0.91970927
2777,DTX3L,0.78746337
2778,RAE1,0.9329114
2779,SLC35F5,0.86092526
2780,KMT2C,0.82835394
2781,HERC4,0.72279555
2782,USP9X,0.83363044
2783,UBALD2,0.8380009
2784,TNFRSF6B,0.47183925
2785,BCAR1,0.8001326
2786,SCAP,0.89338046
2787,PLEKHM2,0.88641554
2788,MUC12,0.68727034
2789,PITRM1,0.9130807
2790,PRKDC,0.91155857
2791,CNIH1,0.86407435
2792,TMEM245,0.8887166
2793,IFITM1,0.6311291
2794,TNS4,0.81944704
2795,PTGES3,0.8214953
2796,NDFIP2,0.9221179
2797,GET3,0.9031201
2798,CLIP1,0.8851215
2799,ATG101,0.84321684
2800,SMPD4,0.89103144
2801,ZNF33A,0.8571124
2802,DGCR2,0.89385146
2803,ALG13,0.8302564
2804,ABI1,0.9150039
2805,EMP3,0.91403896
2806,CHSY1,0.95754707
2807,FPGS,0.8686505
2808,CARM1,0.93452626
2809,CBX3,0.82099533
2810,DNAJA4,0.83145356
2811,POLR3E,0.9238942
2812,UBE2E1,0.8864044
2813,FBXW7,0.75690776
2814,ZNF330,0.89482313
2815,EMG1,0.93963796
2816,PRRC1,0.8978111
2817,NDUFS7,0.8392715
2818,SMIM26,0.92233866
2819,GSK3B,0.945404
2820,TMEM98,0.8242779
2821,CNOT1,0.93321997
2822,SNRNP25,0.8709964
2823,NRBP2,0.792183
2824,SEMA4B,0.9047116
2825,TMEM159,0.77545565
2826,NELFB,0.88284004
2827,NFAT5,0.87393886
2828,EML4,0.91968954
2829,FURIN,0.7497991
2830,SMAP2,0.8840679
2831,TOMM34,0.92970234
2832,TMEM41B,0.86520827
2833,MTX2,0.933697
2834,RPIA,0.96893996
2835,SMAD3,0.8420076
2836,MAN1A1,0.81101424
2837,TMEM168,0.91871583
2838,ERF,0.86767733
2839,DNAJC1,0.8234233
2840,ALDH3A2,0.838971
2841,ZBTB38,0.786544
2842,MAPK8IP3,0.86616343
2843,TGFB1,0.9406344
2844,UBR4,0.75363165
2845,TIMM10,0.9363808
2846,UBXN4,0.8236074
2847,PAWR,0.9395193
2848,EPB41L1,0.8158432
2849,PRKCD,0.85412407
2850,CFAP97,0.9076638
2851,POLG,0.83381486
2852,ADM,0.7367318
2853,PNP,0.83704823
2854,ZBED1,0.8127405
2855,NMT1,0.8940658
2856,DDX41,0.90425706
2857,ADAM19,0.8683707
2858,GPAT4,0.7817167
2859,IDH3B,0.9108183
2860,CRK,0.7747888
2861,CLPP,0.92459744
2862,PRKAA1,0.85192025
2863,NSUN2,0.9400906
2864,AXIN1,0.88931614
2865,NOP2,0.94561654
2866,HADHB,0.8523248
2867,MED13,0.9427427
2868,RANGAP1,0.8809836
2869,WAC,0.820321
2870,PTPRG,0.8495755
2871,PCMTD2,0.9141492
2872,SURF1,0.84984225
2873,SART3,0.82198054
2874,SP3,0.8902758
2875,KLF10,0.68521905
2876,TNKS,0.8295881
2877,YME1L1,0.8569524
2878,GRB2,0.7587714
2879,KHNYN,0.8546013
2880,FAR1,0.8458462
2881,ACBD3,0.7822124
2882,WRNIP1,0.93208045
2883,SHTN1,0.83447707
2884,NCAPD2,0.91842383
2885,MTIF3,0.92032284
2886,RSRC2,0.8369094
2887,BTBD7,0.85647124
2888,HGSNAT,0.8463469
2889,PSEN1,0.8192649
2890,VTI1A,0.8602858
2891,TMEM97,0.91478926
2892,UBE2Z,0.8677884
2893,ZC3H15,0.93928486
2894,EIF2S1,0.8820853
2895,RNF4,0.8177719
2896,G0S2,0.71649575
2897,IMP3,0.8481115
2898,CAMSAP3,0.9486393
2899,ACBD6,0.92758477
2900,ZNF217,0.88291293
2901,ATPAF1,0.924897
2902,RFFL,0.8834141
2903,ALG3,0.9650423
2904,YY1AP1,0.90609145
2905,BRD9,0.9011631
2906,STX7,0.79332244
2907,ZZEF1,0.83811194
2908,GBF1,0.73726183
2909,LAS1L,0.9337784
2910,PRKAR1B,0.936857
2911,CGGBP1,0.7958584
2912,TFF1,0.74197096
2913,CHERP,0.94775033
2914,RBPMS,0.87188894
2915,RGS3,0.7987515
2916,DAB2IP,0.88673717
2917,SMC5,0.88436395
2918,ACOT9,0.82185256
2919,SLC30A9,0.9455406
2920,SRP9,0.8382032
2921,LSM6,0.9520416
2922,FAM199X,0.8862998
2923,WLS,0.81349987
2924,OAS3,0.7470393
2925,ANTKMT,0.86329347
2926,DPYSL3,0.95563257
2927,PPIE,0.90896
2928,IGHM,0.85287523
2929,HIPK3,0.8925474
2930,IFT20,0.8069842
2931,RDH10,0.7678759
2932,SDC3,0.8581459
2933,BDH1,0.9489936
2934,CABIN1,0.83027947
2935,N4BP2L2,0.8271465
2936,MAEA,0.8805123
2937,SMIM15,0.93684065
2938,NUB1,0.9084316
2939,HRAS,0.81768167
2940,FNBP1,0.8843449
2941,NECTIN2,0.8259865
2942,CD47,0.8409336
2943,CHKB,0.8708161
2944,TRIO,0.76818633
2945,ARF5,0.8496833
2946,PKD1,0.8702958
2947,SLC30A1,0.79920745
2948,TMEM70,0.83492297
2949,CHD2,0.7888357
2950,INO80B,0.8650753
2951,SNRPF,0.9218678
2952,STK4,0.8142918
2953,EHMT2,0.8780889
2954,CPSF7,0.89632815
2955,TSC22D2,0.77653074
2956,CEMIP2,0.84803575
2957,PLCG1,0.92335737
2958,DCAF11,0.9334182
2959,ARFIP2,0.9270424
2960,MYBBP1A,0.7801505
2961,NUP42,0.93108606
2962,PTK6,0.89448124
2963,DNAJA2,0.88994193
2964,OPA1,0.92328393
2965,EIF2A,0.90300554
2966,DOT1L,0.8387224
2967,HELLS,0.9326649
2968,HOXA10,0.90108556
2969,ELOVL1,0.8457392
2970,CCND3,0.7102538
2971,PAPSS1,0.7924574
2972,TPCN1,0.8291015
2973,STAG2,0.9132213
2974,EIF2D,0.88975585
2975,IVD,0.88565546
2976,DGCR8,0.88291144
2977,DKC1,0.9239214
2978,TUBGCP2,0.8739965
2979,PSIP1,0.82087374
2980,PGM3,0.81376165
2981,MBD6,0.8548484
2982,IL13RA1,0.7420125
2983,WBP2,0.85661656
2984,FABP5,0.81986976
2985,ITGB2,0.883557
2986,MEX3D,0.88324034
2987,TBC1D16,0.79475486
2988,ZNF703,0.9076504
2989,TMEM33,0.9365756
2990,ACSL1,0.7554717
2991,FAM136A,0.9628878
2992,ATAD1,0.9080333
2993,PMP22,0.9025669
2994,MYBL2,0.91783327
2995,HTATSF1,0.9380828
2996,LSS,0.8513361
2997,CYFIP1,0.86633784
2998,UBXN1,0.84706885
2999,TRIM22,0.85529715
3000,RHBDD2,0.7786794
3001,SLC20A1,0.7173547
3002,PLEKHG5,0.7786717
3003,PKP2,0.92118984
3004,SMAGP,0.9459724
3005,BSPRY,0.91625255
3006,CCDC88B,0.63929105
3007,PTPRE,0.713934
3008,STAP2,0.92046416
3009,SRSF4,0.8146231
3010,DPEP1,0.6110355
3011,NDST1,0.9324213
3012,CCDC91,0.86260283
3013,HADH,0.92416716
3014,NPLOC4,0.78346217
3015,SLCO2B1,0.8654967
3016,MTA3,0.8927707
3017,GBP2,0.8280815
3018,TP53I3,0.84941065
3019,SH3RF1,0.9060531
3020,CAND1,0.85654575
3021,PRR14,0.8288047
3022,C8orf76,0.90084356
3023,ZNF195,0.9419808
3024,PAK4,0.9140295
3025,PLCD3,0.86200696
3026,PMF1,0.88220125
3027,WEE1,0.84708446
3028,MYL12A,0.73497576
3029,EIF2AK2,0.83557504
3030,TIMM10B,0.9135132
3031,C17orf49,0.8316564
3032,TOB2,0.8781325
3033,MEA1,0.93452686
3034,SPARCL1,0.8366534
3035,PARP10,0.6603075
3036,ELF1,0.85099626
3037,UHMK1,0.918841
3038,MARVELD1,0.9137162
3039,RALBP1,0.84812826
3040,LCMT1,0.8826044
3041,TOP1MT,0.78174096
3042,MXI1,0.8502043
3043,UBQLN4,0.9372508
3044,DCTN3,0.7847796
3045,SPAG7,0.7570625
3046,MMP11,0.7308987
3047,GALNT10,0.760238
3048,SCAF1,0.8695473
3049,NT5C2,0.84044796
3050,TMEM106B,0.9022352
3051,FAM204A,0.7885679
3052,CDC20,0.9258245
3053,TPP2,0.83980536
3054,NSMCE4A,0.9163282
3055,KLHDC3,0.87769586
3056,MISP,0.82134354
3057,ERN1,0.81227326
3058,PRNP,0.88541985
3059,PPM1A,0.8509784
3060,BAD,0.82963884
3061,SPTLC1,0.9316824
3062,FEM1B,0.81969774
3063,WDR33,0.9055119
3064,BRAT1,0.8748748
3065,TRAPPC2L,0.8842454
3066,ATP2C2,0.844158
3067,APOL6,0.6916469
3068,PAFAH1B2,0.85364956
3069,SNX9,0.7507221
3070,PLOD2,0.8214115
3071,ORMDL1,0.8887853
3072,HACD3,0.90417063
3073,SRPK1,0.880019
3074,SMARCA2,0.82099617
3075,PLXDC2,0.9321799
3076,GTF3C5,0.89584476
3077,SUN1,0.7892822
3078,HECA,0.74356246
3079,RBM25,0.8090013
3080,PCGF2,0.77689844
3081,SHFL,0.87799066
3082,WFS1,0.602477
3083,ANGPTL2,0.935893
3084,STX5,0.7921952
3085,DHCR7,0.912256
3086,MFSD12,0.8277514
3087,PFKM,0.8721472
3088,AMDHD2,0.8540734
3089,SSNA1,0.879002
3090,AP5Z1,0.82718176
3091,EDEM1,0.80572504
3092,CDH11,0.9125815
3093,MAT2B,0.7955536
3094,CCNB1IP1,0.93750006
3095,GALNS,0.73494804
3096,SLC25A28,0.8364902
3097,RBM8A,0.7385413
3098,TIMM44,0.89858204
3099,PCMTD1,0.7422237
3100,BNIP3L,0.75202405
3101,SFXN3,0.84890264
3102,SERPINA1,0.65863216
3103,ROCK1,0.8717083
3104,RB1,0.8611827
3105,ZDHHC7,0.8542322
3106,CYTH1,0.80031925
3107,CD82,0.77830297
3108,GFPT1,0.8626038
3109,TOR3A,0.7761461
3110,CALCOCO1,0.88762414
3111,NEK9,0.88376975
3112,RHPN2,0.8053413
3113,SAMD1,0.9015332
3114,RANBP3,0.89167154
3115,UGP2,0.8154397
3116,MOB4,0.857364
3117,STX4,0.8630077
3118,CCSER2,0.771962
3119,CEBPA,0.8686085
3120,PLA2G12A,0.95207995
3121,N4BP1,0.773869
3122,CD2BP2,0.86527586
3123,ARID1A,0.7389553
3124,NOP14,0.9315715
3125,DFFA,0.8890623
3126,CXCL8,0.4939167
3127,NSD1,0.79709435
3128,ZDHHC8,0.82429314
3129,NDEL1,0.76222086
3130,DEPP1,0.88955843
3131,MRTO4,0.91995966
3132,ATP13A1,0.8797796
3133,BID,0.9164064
3134,PERP,0.77621317
3135,RREB1,0.8856236
3136,CUL3,0.9323169
3137,HDAC5,0.8372155
3138,SGSM3,0.8241955
3139,PREB,0.8298195
3140,TLE2,0.82195944
3141,CDK12,0.8980516
3142,XPO1,0.9285102
3143,MRGBP,0.93214476
3144,COMTD1,0.83878607
3145,PSD4,0.8083698
3146,URGCP,0.8700345
3147,PDLIM3,0.9302762
3148,KCTD5,0.8806475
3149,PCK2,0.89716464
3150,WDTC1,0.8149605
3151,FAM207A,0.8871837
3152,PHF20,0.8964165
3153,ARHGAP26,0.84166723
3154,SPAG9,0.85119665
3155,SEL1L,0.7643402
3156,TIMM9,0.83827573
3157,SMAD2,0.8526263
3158,TMEM8A,0.8729225
3159,AP2B1,0.92468566
3160,RNF19B,0.73029715
3161,NUP58,0.90103555
3162,DBN1,0.8942202
3163,B4GALT2,0.8085382
3164,NF2,0.8927989
3165,RAB35,0.81331694
3166,DNAJC21,0.9281148
3167,DMWD,0.8726807
3168,AATF,0.9233968
3169,CLK1,0.8109339
3170,MFHAS1,0.87869006
3171,TAF6,0.90043
3172,APBB2,0.82119477
3173,DDX6,0.8174638
3174,SLC38A2,0.7139615
3175,ATP13A3,0.8146202
3176,AKNA,0.8595781
3177,TMEM129,0.86093026
3178,C2orf68,0.8991907
3179,UCKL1,0.9034028
3180,PPARG,0.9045562
3181,SCARB1,0.8797622
3182,RPP21,0.9457045
3183,DUSP6,0.74994963
3184,CGN,0.9264232
3185,WDR90,0.9143942
3186,MON1B,0.84396386
3187,OXLD1,0.92539275
3188,MSN,0.9442825
3189,RCAN1,0.8570118
3190,ATP2A3,0.8058788
3191,TGFB1I1,0.9349064
3192,SMARCA4,0.92924374
3193,CNOT2,0.91309786
3194,GPR108,0.8830761
3195,DENND1A,0.8469787
3196,TJP1,0.7653748
3197,SLC29A1,0.8451739
3198,BTBD1,0.8935822
3199,NOC2L,0.85244644
3200,STK39,0.8977367
3201,TSEN34,0.8981749
3202,TPR,0.78100437
3203,SRCAP,0.878391
3204,SUGT1,0.9251967
3205,PPIL2,0.92015177
3206,PLCB4,0.71039814
3207,IL10RB,0.8286792
3208,RBFOX2,0.9076407
3209,TRIP10,0.83525324
3210,GLYCTK,0.8417919
3211,IFRD1,0.8117413
3212,KCTD10,0.84143
3213,DCTN6,0.8476513
3214,UPP1,0.8191784
3215,SLC25A23,0.8744151
3216,RETSAT,0.92749655
3217,CNOT3,0.9066154
3218,EIF5B,0.8989567
3219,TNPO2,0.87651527
3220,NPM3,0.8858517
3221,TTC1,0.87294114
3222,TERF2IP,0.8637634
3223,USB1,0.7494075
3224,PSKH1,0.7733666
3225,MCM3AP,0.86432886
3226,GGA1,0.848919
3227,GALNT1,0.7045782
3228,NELFE,0.85424787
3229,TRIM4,0.8696524
3230,PPP3CB,0.9022507
3231,IGF2R,0.7274628
3232,INTS3,0.9038581
3233,FKBP11,0.80560297
3234,CLASP2,0.8887522
3235,PHC2,0.7945448
3236,PROM1,0.66320395
3237,LMO4,0.8032404
3238,CLIP2,0.7374802
3239,SGPL1,0.85351366
3240,AVEN,0.8280672
3241,CAPN15,0.902963
3242,DPF2,0.8691678
3243,MDM2,0.6361161
3244,PIH1D1,0.8690128
3245,SSH2,0.889093
3246,STAT5B,0.93182856
3247,RIN2,0.85219747
3248,TMEM9B,0.946811
3249,NSD2,0.9391511
3250,NUDCD3,0.9214312
3251,DTX2,0.84907484
3252,GNL3L,0.89579076
3253,PIK3R2,0.84528863
3254,LRP11,0.93347025
3255,NPEPPS,0.8070698
3256,MAPKAP1,0.8972316
3257,ZBTB7B,0.916563
3258,ITPRID2,0.8652459
3259,LZTS2,0.8749956
3260,SPNS1,0.8152909
3261,DMPK,0.8648107
3262,RALGDS,0.75800216
3263,YTHDF2,0.9119194
3264,DPH2,0.9490106
3265,PGM1,0.754439
3266,PLEKHA1,0.85735536
3267,CCM2,0.8278026
3268,WDR55,0.8995399
3269,MALL,0.8434923
3270,ATP6V0A1,0.69776446
3271,PBRM1,0.8499771
3272,RUBCNL,0.74389714
3273,VAMP3,0.8001255
3274,GASK1B,0.91281885
3275,P4HA2,0.6416003
3276,RUVBL1,0.93675226
3277,MIER1,0.8056179
3278,SELENOO,0.88412243
3279,PI4KB,0.8541413
3280,RABEP2,0.8656246
3281,NOB1,0.96344125
3282,CCS,0.85688365
3283,CAD,0.9150327
3284,MZT1,0.9110465
3285,ARHGEF11,0.842468
3286,GOLPH3L,0.91024363
3287,JDP2,0.82243687
3288,FUT3,0.92634815
3289,COPS7B,0.9211653
3290,RALB,0.86817175
3291,GADD45B,0.9206657
3292,ZDHHC6,0.91086733
3293,PEX2,0.88699466
3294,DGKD,0.8273129
3295,OSTF1,0.7587627
3296,SAMHD1,0.76611376
3297,NSFL1C,0.82580477
3298,UBQLN1,0.90889746
3299,ZNF410,0.83932096
3300,OSBPL9,0.81472903
3301,RBM26,0.89540136
3302,ITGA2,0.75727844
3303,CCNYL1,0.79100037
3304,DESI2,0.81357104
3305,GAA,0.7889969
3306,CD14,0.86590105
3307,WIPF2,0.8199637
3308,SLC25A37,0.82731926
3309,STARD3NL,0.8865916
3310,INTS8,0.941424
3311,LAPTM4B,0.81178325
3312,ZFAND1,0.9094528
3313,TASOR2,0.9158834
3314,CAB39,0.7370903
3315,BCKDHB,0.8897711
3316,SRI,0.7447393
3317,ANKRD52,0.8397054
3318,DNAJC2,0.9521645
3319,PHB,0.8558517
3320,NIPBL,0.8686753
3321,TMED3,0.8727005
3322,GNG12,0.7564762
3323,ETV3,0.8081642
3324,MAGED2,0.740121
3325,ARL4C,0.8948129
3326,ERCC5,0.9031555
3327,FAM114A1,0.73047084
3328,RAB27A,0.8147836
3329,BOK,0.7930803
3330,VPS53,0.848761
3331,ATXN7L3,0.86635125
3332,PLBD1,0.8350487
3333,CNP,0.8066669
3334,TXNDC11,0.8866214
3335,RFX5,0.835356
3336,TRMT2A,0.92055786
3337,FAM160B2,0.85350204
3338,GPATCH2L,0.858658
3339,EXT1,0.7561789
3340,GSR,0.87283456
3341,SLC5A1,0.8248707
3342,MAPKAPK3,0.9527134
3343,RHOF,0.72432524
3344,NKD1,0.6582547
3345,FAM20C,0.9066027
3346,DTX4,0.93711066
3347,FNBP4,0.8608951
3348,NEDD9,0.78067976
3349,NAXD,0.90344507
3350,PSMA3,0.84583044
3351,ANKRD9,0.88369673
3352,TAZ,0.851945
3353,NOL7,0.9502507
3354,PLEKHG2,0.9376763
3355,CCDC86,0.94856733
3356,C2,0.6845183
3357,PTAR1,0.8453791
3358,TNIK,0.8270291
3359,POM121,0.9251482
3360,TSG101,0.9305721
3361,ARL1,0.8213263
3362,UBN1,0.88205975
3363,PRRX1,0.9712071
3364,NOM1,0.8985931
3365,SAE1,0.9075092
3366,TRIM47,0.7255789
3367,XPC,0.8450315
3368,ENTR1,0.9375258
3369,ECSIT,0.90913904
3370,SH3PXD2B,0.930077
3371,TNFRSF10B,0.82073516
3372,FBH1,0.81298083
3373,ST6GAL1,0.8133129
3374,RELCH,0.8540416
3375,MYO5B,0.95151585
3376,GIGYF2,0.8526626
3377,EVPL,0.85126024
3378,FARSB,0.9362686
3379,C5orf15,0.8258438
3380,ARFGAP2,0.8955704
3381,CHPF2,0.8153551
3382,RNF13,0.84878534
3383,FRYL,0.8467803
3384,DOCK5,0.79483217
3385,CCL20,0.60652876
3386,DUSP22,0.8256969
3387,PLXNB1,0.91353995
3388,HARS,0.79391366
3389,GLUD1,0.6848952
3390,KCNQ1,0.77234805
3391,NEMF,0.90753835
3392,EBP,0.9185164
3393,EXT2,0.7229566
3394,CC2D1A,0.9048222
3395,PWP1,0.93269455
3396,PHKG2,0.8804173
3397,CPNE3,0.8900004
3398,MFN2,0.85560566
3399,C6orf62,0.8197562
3400,DSC2,0.9008982
3401,TCIM,0.7033437
3402,TRIM31,0.7562428
3403,FERMT2,0.9546666
3404,TAOK2,0.87482965
3405,LPGAT1,0.83333963
3406,ATP9B,0.92494476
3407,RAB8A,0.7802471
3408,ZFYVE27,0.9022795
3409,CKLF,0.7878166
3410,TRIM29,0.82441175
3411,EPS8,0.8859581
3412,AIMP1,0.936433
3413,MAN1B1,0.8054678
3414,HABP4,0.7414608
3415,TMEM179B,0.91782355
3416,LPP,0.8595464
3417,MAFK,0.7080544
3418,BCS1L,0.9089125
3419,PDCL3,0.93277234
3420,COPB1,0.8499143
3421,ADAMTS2,0.9470096
3422,VAMP5,0.9180472
3423,PIK3C2B,0.8499516
3424,SEMA4C,0.9104178
3425,P4HTM,0.94110614
3426,FDX1,0.8816798
3427,TPRN,0.9207374
3428,PHIP,0.91005766
3429,BAIAP2L2,0.90023655
3430,HEATR1,0.953481
3431,MICU2,0.9123577
3432,PIP5K1C,0.9353422
3433,TPRA1,0.8366584
3434,SRA1,0.7979071
3435,SOGA1,0.8516766
3436,SUDS3,0.9365794
3437,AHCYL2,0.8361622
3438,CMAS,0.92623395
3439,GGA3,0.90488714
3440,PIP4K2B,0.89125764
3441,PGPEP1,0.92231643
3442,DENND10,0.78540844
3443,MICAL1,0.8396674
3444,EMC7,0.7857175
3445,SEMA3B,0.72184885
3446,TTC37,0.835832
3447,ECT2,0.88783497
3448,LSM12,0.948011
3449,USP40,0.8372057
3450,TMEM127,0.7383203
3451,CRKL,0.928608
3452,FBLN2,0.93450314
3453,PTPN18,0.83851707
3454,MPC1,0.8409397
3455,MGST2,0.95559245
3456,USP3,0.8703524
3457,IMMT,0.89924765
3458,TCF20,0.9418068
3459,TMEM14C,0.8534222
3460,CIAO2A,0.9223885
3461,BCKDK,0.8757871
3462,GFER,0.93396914
3463,RAB4B,0.90277123
3464,EPAS1,0.85467744
3465,IAH1,0.8051315
3466,HOOK2,0.8982092
3467,SNX6,0.8436936
3468,PIK3CB,0.94579905
3469,DMAP1,0.8509464
3470,SLC17A9,0.72513574
3471,FAAH,0.9351806
3472,FOSB,0.60409105
3473,KIFC2,0.7898986
3474,PKD2,0.9502928
3475,TRIM44,0.88299066
3476,RAB15,0.88878334
3477,UBC,0.5327369
3478,ZNF326,0.86391115
3479,ADSS,0.8940264
3480,PLEKHG3,0.8684512
3481,KRI1,0.8849093
3482,SLC25A11,0.82042444
3483,STK35,0.8409156
3484,NCOA3,0.8473151
3485,LARP1,0.9244906
3486,FMOD,0.84229106
3487,POLR3H,0.84920394
3488,SECISBP2,0.93620133
3489,REXO1,0.91218054
3490,SMAD4,0.8975966
3491,MPHOSPH10,0.9183278
3492,RBM23,0.87339693
3493,INAFM1,0.9299382
3494,BRD1,0.84728986
3495,NHSL1,0.8970964
3496,NCOA6,0.9465313
3497,KEAP1,0.9193768
3498,ANO6,0.8519759
3499,PDCD11,0.900399
3500,DPM3,0.86503816
3501,COPS2,0.85638833
3502,LPCAT4,0.9314557
3503,SHROOM3,0.90774745
3504,QDPR,0.8946252
3505,NFIA,0.8505531
3506,SNRPA,0.9152187
3507,TNFSF13,0.7360961
3508,RNASE4,0.7972345
3509,ARL4A,0.858483
3510,UBE4B,0.88285637
3511,TBC1D14,0.9192558
3512,SPI1,0.90075815
3513,MED4,0.92900866
3514,SCPEP1,0.9093959
3515,AXL,0.97176015
3516,AP1M1,0.8211032
3517,LAMTOR2,0.9037636
3518,NEK7,0.8108629
3519,DSG2,0.84062773
3520,MAML1,0.90249544
3521,TBC1D2B,0.94551677
3522,SMIM12,0.8289586
3523,ZDHHC5,0.92968285
3524,SH3BP5,0.9287014
3525,NUDT19,0.92987937
3526,SYPL1,0.89975715
3527,IFI35,0.69567597
3528,POLE4,0.7611837
3529,SBNO1,0.942316
3530,NTHL1,0.91862255
3531,NOL12,0.8864776
3532,LIMA1,0.75673884
3533,TWF1,0.8978905
3534,CRACR2A,0.69783956
3535,AFF4,0.71526504
3536,GLRX3,0.90832114
3537,OCLN,0.91323984
3538,CEP250,0.91902196
3539,SSH3,0.8864869
3540,NADK,0.86401564
3541,UBE3A,0.81847113
3542,PLPP1,0.9299461
3543,FBRSL1,0.8619122
3544,RARA,0.85802627
3545,UBE3B,0.9065308
3546,UHRF2,0.8244492
3547,NLRC5,0.83869445
3548,DROSHA,0.93661076
3549,YWHAE,0.7359396
3550,SENP2,0.91135895
3551,UBQLN2,0.884245
3552,TSR2,0.92606074
3553,DMAC2,0.8511685
3554,ACAP3,0.86461914
3555,NAT9,0.9072322
3556,SNX2,0.86217797
3557,RETREG3,0.84678626
3558,WDR74,0.934234
3559,NDUFA6,0.89491314
3560,SRSF9,0.80967623
3561,MMP9,0.85646987
3562,EDEM3,0.79486716
3563,ACP1,0.92554986
3564,UBE2J2,0.74145204
3565,ECHDC1,0.90450644
3566,NXF1,0.85875535
3567,ZCCHC7,0.8955636
3568,WASL,0.8811634
3569,PSMD14,0.9426606
3570,WFDC2,0.67315406
3571,CORO7,0.82872134
3572,CCNK,0.90720713
3573,GPA33,0.88253534
3574,EIF4EBP2,0.8425339
3575,SEC62,0.7689082
3576,MPHOSPH8,0.84255975
3577,SNAP23,0.84047633
3578,MCM4,0.90009385
3579,SNX33,0.8805563
3580,CCNG1,0.8641203
3581,TMEM167B,0.7749614
3582,MIIP,0.8459262
3583,DNAAF5,0.915984
3584,NFATC3,0.8474918
3585,LETM1,0.8433588
3586,TMEM160,0.847951
3587,ZNF787,0.8368892
3588,LRRC41,0.8304203
3589,BET1,0.86407113
3590,ERLEC1,0.7844345
3591,NARF,0.8916728
3592,FBRS,0.8890519
3593,LAPTM4A,0.7534785
3594,SDE2,0.92676187
3595,UBFD1,0.8492765
3596,POLR3D,0.75440115
3597,PIAS4,0.9279277
3598,KLHL5,0.8896071
3599,SPRY2,0.91124195
3600,MAP2K1,0.8659867
3601,ESRP2,0.8988575
3602,CCND1,0.69834524
3603,LIN7C,0.9416459
3604,VAV2,0.8690346
3605,FXYD6,0.90492505
3606,BTAF1,0.8389244
3607,ATP10B,0.7923769
3608,YIPF6,0.9331795
3609,WBP1L,0.90743876
3610,GART,0.9439097
3611,PPIL4,0.8572632
3612,PYGO2,0.8545528
3613,HSF4,0.8762606
3614,WIPI1,0.78814405
3615,EPC1,0.88243735
3616,THAP4,0.9131274
3617,MINDY2,0.8565865
3618,TLNRD1,0.82644105
3619,GORASP2,0.88217586
3620,SEC23B,0.90097296
3621,TMEM45B,0.8115348
3622,ACADM,0.81061345
3623,MED16,0.8354888
3624,ATF7IP,0.89307016
3625,CBX6,0.9451116
3626,JAK1,0.75641215
3627,CFAP298,0.9224709
3628,SPG11,0.91973686
3629,ABCF1,0.85252005
3630,SLC35E1,0.91470337
3631,E4F1,0.93146414
3632,GPC4,0.79542357
3633,STXBP3,0.85597825
3634,RHBDF1,0.7650129
3635,TTLL3,0.83899504
3636,EDC4,0.8455584
3637,DGUOK,0.9346254
3638,SIAE,0.93188435
3639,MED28,0.9149335
3640,CYREN,0.8675009
3641,DPY30,0.955699
3642,ZPR1,0.925902
3643,TTC39A,0.8842214
3644,ZDHHC16,0.8548794
3645,SEC16A,0.8502454
3646,NIT2,0.9282646
3647,DGKQ,0.92102665
3648,KDM1B,0.8874759
3649,C6orf132,0.8886004
3650,GPALPP1,0.920425
3651,DOCK6,0.8745128
3652,JPH1,0.8708397
3653,PCYT2,0.9153606
3654,COQ8A,0.9103572
3655,RRP1B,0.9433888
3656,SLK,0.8391239
3657,ZNF511,0.8860204
3658,NECTIN1,0.8584462
3659,C16orf72,0.7101977
3660,SH3BP2,0.7384824
3661,HIST1H2AE,0.81738
3662,NIPSNAP1,0.9055565
3663,FIP1L1,0.87770003
3664,HSD17B4,0.8683919
3665,PACS1,0.88805896
3666,MBOAT2,0.68067765
3667,CTSL,0.8213034
3668,NUP54,0.9239375
3669,MAGEF1,0.86279494
3670,HIBADH,0.9363891
3671,PARD3,0.8217541
3672,NABP1,0.71435785
3673,HMOX2,0.92697203
3674,HK2,0.83406174
3675,SMARCC2,0.8888241
3676,EVL,0.8745784
3677,ASH1L,0.84578127
3678,RRP36,0.9128009
3679,CLINT1,0.7619239
3680,CDT1,0.9203606
3681,ARSA,0.7931374
3682,UTP3,0.889602
3683,CSF1R,0.89537275
3684,MARCH5,0.91073877
3685,GPC1,0.8768811
3686,THOP1,0.88550997
3687,ELP2,0.8799328
3688,ZNF740,0.88310426
3689,AP1AR,0.9097922
3690,TAF1,0.88057005
3691,RRP1,0.88030225
3692,RCN1,0.77752453
3693,NAT10,0.9399213
3694,SNX14,0.8622381
3695,THYN1,0.9033269
3696,RDH11,0.8541661
3697,ASPSCR1,0.88378125
3698,NFYC,0.83309156
3699,SAMM50,0.90934217
3700,GGA2,0.8835886
3701,PISD,0.9259894
3702,TBRG1,0.8215052
3703,BICD2,0.8817785
3704,PPP2R2A,0.7765844
3705,SEPTIN10,0.8565361
3706,MAP2K7,0.8991392
3707,CSAD,0.86151546
3708,DCUN1D1,0.9121263
3709,PNPO,0.8816789
3710,METTL3,0.87137413
3711,PTPN23,0.8975121
3712,MRS2,0.9040635
3713,ARRDC4,0.7804533
3714,DENND2D,0.8344396
3715,BCAT2,0.90259165
3716,MFN1,0.83824027
3717,TRUB2,0.9418396
3718,ZNF106,0.9035234
3719,NFIX,0.7654697
3720,SIL1,0.7513047
3721,CRLF3,0.81706285
3722,FGFR1OP2,0.8181242
3723,PRSS22,0.7524849
3724,AP1G2,0.9148295
3725,PHF1,0.8873834
3726,POFUT2,0.90310794
3727,GMPPB,0.77078325
3728,SGPP1,0.8350342
3729,UGGT1,0.8580288
3730,BCL7B,0.8280497
3731,VEZF1,0.90714073
3732,GALNT6,0.8695545
3733,BNIP2,0.8535729
3734,POLR1A,0.9090727
3735,RBPJ,0.83189017
3736,PSMG1,0.91569734
3737,WDR61,0.9283513
3738,GLB1,0.8998782
3739,RHOBTB3,0.71878856
3740,KANK2,0.9176345
3741,TUBB6,0.9709806
3742,TNFAIP3,0.7386165
3743,COL14A1,0.8346702
3744,BAG3,0.785533
3745,ZNF317,0.92284524
3746,CRTAP,0.76556396
3747,CXCL3,0.6816069
3748,ATF6,0.7606315
3749,SPRYD3,0.87181205
3750,OBSL1,0.7843687
3751,ZNRD2,0.9264246
3752,BMP1,0.94511026
3753,ADAP1,0.8650356
3754,WDR46,0.8739393
3755,GARS,0.8751343
3756,SCAF4,0.92309076
3757,NKIRAS2,0.87792903
3758,PPAN,0.94248515
3759,TMEM161A,0.9206124
3760,ARHGEF40,0.8449811
3761,TYSND1,0.8822322
3762,ARHGAP12,0.9099234
3763,TMEM94,0.8723111
3764,NCBP1,0.9359849
3765,ARHGAP35,0.8562902
3766,CSGALNACT2,0.9465883
3767,LFNG,0.73222435
3768,MAF,0.91580266
3769,ADAMTS1,0.9196869
3770,HUS1,0.83111876
3771,UFD1,0.8906922
3772,SMG5,0.86223453
3773,PELP1,0.88410914
3774,PAGR1,0.9161721
3775,TOM1,0.8409859
3776,ADCY3,0.80696726
3777,C11orf49,0.9137973
3778,MYL12B,0.68215925
3779,PCNT,0.8989611
3780,PCDH1,0.8187513
3781,TCOF1,0.9238711
3782,SPPL2A,0.7300529
3783,CPSF4,0.9000622
3784,LEPROT,0.82674724
3785,FMR1,0.9137191
3786,RAF1,0.8332591
3787,USP33,0.86791724
3788,HELZ2,0.79917353
3789,MAP4K4,0.8715663
3790,PRPF38B,0.86102295
3791,SLC5A3,0.7349593
3792,RNF216,0.8872963
3793,PMM1,0.8709961
3794,U2SURP,0.8693703
3795,PSPC1,0.89786917
3796,VASH1,0.90977675
3797,CHCHD7,0.9133345
3798,PPIP5K2,0.8464811
3799,KLHDC2,0.8827074
3800,TSC22D4,0.85254097
3801,HKDC1,0.88090664
3802,P2RX4,0.7858513
3803,MED10,0.90841997
3804,ZNF219,0.8561047
3805,ELMSAN1,0.84569967
3806,STK38L,0.74192667
3807,ALG2,0.87393755
3808,SRSF8,0.9303576
3809,TTC38,0.92860854
3810,LDB1,0.89723855
3811,PRAP1,0.7702101
3812,DEXI,0.90118945
3813,DNTTIP1,0.9096939
3814,KAT5,0.90568525
3815,ITGB1BP1,0.85809624
3816,COPS3,0.8830635
3817,ENTPD4,0.8063143
3818,AMFR,0.8670728
3819,ENAH,0.8656246
3820,BBX,0.8653289
3821,ACVRL1,0.8332041
3822,SUPT4H1,0.87120247
3823,LDLR,0.810997
3824,HSP90B1,0.73382926
3825,ATXN7,0.8151518
3826,RBM38,0.79727286
3827,AKAP9,0.810486
3828,AGO1,0.8013944
3829,UTRN,0.80007935
3830,GM2A,0.8423515
3831,ZCCHC24,0.9464522
3832,CMTM3,0.9308767
3833,KCTD3,0.8245872
3834,APOBR,0.74346733
3835,ACVR1B,0.9386256
3836,USP11,0.8886155
3837,RNF146,0.8621212
3838,MYO9B,0.8534099
3839,DAB2,0.83733183
3840,C11orf24,0.79102045
3841,ZDHHC4,0.84134525
3842,VPS37C,0.87886065
3843,ECM1,0.89462775
3844,EIF4E,0.8240405
3845,SPECC1,0.85907084
3846,GGT5,0.92008215
3847,TRIM11,0.8916397
3848,NT5E,0.6360517
3849,NAGLU,0.76087606
3850,RFNG,0.8185257
3851,PDZD11,0.90950876
3852,SMIM22,0.87645996
3853,NBN,0.8462416
3854,MYO1D,0.8786877
3855,ADGRA3,0.8593901
3856,SFXN1,0.8536199
3857,SEH1L,0.873291
3858,R3HDM2,0.91138643
3859,CCDC97,0.8703834
3860,CRELD1,0.7576701
3861,EPB41L2,0.72431815
3862,ETV4,0.85977405
3863,GORASP1,0.893144
3864,MLKL,0.7845891
3865,SLC35B1,0.91418123
3866,SENP6,0.82088834
3867,NUP88,0.9078452
3868,MAN2A1,0.74398375
3869,AKIRIN2,0.859938
3870,PPP1R7,0.89653283
3871,NUDT15,0.9167498
3872,GADD45A,0.68718034
3873,MAN2B2,0.812908
3874,MET,0.8934477
3875,HDGFL2,0.8873446
3876,COQ9,0.9427033
3877,YDJC,0.924482
3878,PIM1,0.74013895
3879,SNX4,0.85701156
3880,MICALL2,0.74538785
3881,ALDH9A1,0.91304755
3882,JMJD8,0.8727757
3883,FILIP1L,0.87597847
3884,FAM13A,0.6731632
3885,CXADR,0.87773556
3886,RABGAP1,0.9083848
3887,MAOA,0.7696075
3888,UTP4,0.938875
3889,ATG5,0.88727796
3890,NUP98,0.9386249
3891,VKORC1L1,0.90547365
3892,HIST1H2BN,0.7697391
3893,KLC4,0.8793193
3894,ZC3HAV1,0.8762256
3895,GNL1,0.8282669
3896,SFXN4,0.9238407
3897,RAB31,0.90410507
3898,FASTKD2,0.8669113
3899,STK17B,0.8485966
3900,PWWP2B,0.89618576
3901,ZNF276,0.8642376
3902,MAP1LC3A,0.7439776
3903,TBC1D10B,0.84487265
3904,BMP4,0.7529585
3905,BLMH,0.8208801
3906,FAAP20,0.75255114
3907,CNKSR1,0.8951111
3908,SLC1A4,0.8341416
3909,ACY1,0.9250237
3910,PLK1,0.8907716
3911,BICDL2,0.88048124
3912,SERPING1,0.87991464
3913,GABRE,0.7812057
3914,ZCRB1,0.8472455
3915,IGF1R,0.7976881
3916,DEDD,0.8288373
3917,MED22,0.90671474
3918,LMNB1,0.9194546
3919,PLEKHA2,0.8110441
3920,SLC37A4,0.9422815
3921,NUSAP1,0.9099326
3922,SETX,0.83596754
3923,FTSJ3,0.8746043
3924,RNF41,0.8661042
3925,CA12,0.8735592
3926,GOLGA5,0.87553316
3927,ATF2,0.815489
3928,TK1,0.90629536
3929,BROX,0.86470324
3930,ZNF444,0.88379186
3931,CCDC9,0.8455066
3932,ATP13A2,0.8296015
3933,OAT,0.72643787
3934,CDC5L,0.9013979
3935,VAV3,0.7540726
3936,ABCF3,0.8856025
3937,GATAD2B,0.89710593
3938,RRM2,0.8789376
3939,SYK,0.83691126
3940,COL7A1,0.7721395
3941,KIF3B,0.92740136
3942,RAP2A,0.8515811
3943,GPATCH4,0.9631443
3944,AP2A1,0.79220015
3945,PKP4,0.9034062
3946,DCAF12,0.89415973
3947,CCAR1,0.90107685
3948,CYBB,0.85589826
3949,RSU1,0.80246484
3950,EIF2AK3,0.74966305
3951,XPO4,0.93709695
3952,PNPLA6,0.8356022
3953,SNX13,0.89744145
3954,HDAC10,0.898386
3955,TMEM115,0.82311505
3956,ZMYND19,0.9535915
3957,DMTN,0.80044
3958,ZEB2,0.8643884
3959,HOXA9,0.79989475
3960,TRAPPC6B,0.8403645
3961,GTF3C3,0.9404664
3962,LTA4H,0.8605209
3963,PUM3,0.9358065
3964,SLC25A32,0.91996276
3965,SLAIN2,0.9008221
3966,FAM160A2,0.89224565
3967,NEU1,0.892935
3968,EPC2,0.8845018
3969,EFR3A,0.842549
3970,GPRC5C,0.83477896
3971,POMGNT1,0.91184145
3972,SLC25A36,0.88086736
3973,SNRK,0.91181695
3974,RASA1,0.8426337
3975,ERN2,0.8224932
3976,SOCS6,0.8231741
3977,STAB1,0.8921986
3978,BIRC2,0.7807091
3979,NUP214,0.9083961
3980,ZNF146,0.8589727
3981,NUP50,0.84076136
3982,AKAP8,0.8982073
3983,AIFM1,0.86661375
3984,SIPA1,0.91071737
3985,USP15,0.80683964
3986,MUC5B,0.6958677
3987,NR1H2,0.7793937
3988,ERAL1,0.909293
3989,PHGDH,0.6062593
3990,PLXNA3,0.8145971
3991,CCDC88A,0.9397153
3992,TBC1D4,0.8781906
3993,RAB11FIP3,0.81950194
3994,FAM53B,0.80497634
3995,PUM2,0.8854192
3996,COMMD5,0.8865948
3997,SLC12A4,0.96612275
3998,HERC2,0.89100534
3999,EIF4EBP3,0.8677945
4000,DLG5,0.8415065
4001,SPATA13,0.91103697
4002,SAR1B,0.82919824
4003,GMIP,0.87466353
4004,PANK3,0.9352722
4005,NDE1,0.912671
4006,IKBKE,0.8691291
4007,MED8,0.86507165
4008,ACOT13,0.87565863
4009,CAPN7,0.8700502
4010,ATG12,0.84384924
4011,F2R,0.8862019
4012,STAMBP,0.9317139
4013,ARHGEF16,0.9456817
4014,TBC1D1,0.8862082
4015,TMA16,0.93450755
4016,UNG,0.87513494
4017,RETREG2,0.85530806
4018,LONP2,0.8724125
4019,ITCH,0.874978
4020,PRPS1,0.8630677
4021,SDF2,0.7955682
4022,FNIP2,0.7583885
4023,POP5,0.90501255
4024,SFRP2,0.7634048
4025,DHRS7,0.82745534
4026,PRDM1,0.8718484
4027,ZFPL1,0.8597455
4028,PCYOX1,0.8825622
4029,AUTS2,0.8446783
4030,C9orf78,0.9004554
4031,TRIB3,0.80536187
4032,TENT4A,0.9063146
4033,GALT,0.9035727
4034,DHX38,0.87529665
4035,STIM1,0.80695075
4036,RIN3,0.90144354
4037,MOB2,0.90531456
4038,ISG20L2,0.9435563
4039,TMEM265,0.8157118
4040,UBR2,0.7472004
4041,NUP188,0.92277014
4042,ME3,0.8021328
4043,SH3RF2,0.9015531
4044,INCENP,0.8361183
4045,RAPGEFL1,0.897925
4046,SEMA3C,0.72575486
4047,NR1H3,0.7081693
4048,PRC1,0.8812173
4049,USO1,0.84838843
4050,MSTO1,0.8693085
4051,PRPF31,0.82956225
4052,KIF13A,0.8580651
4053,ABHD17C,0.90011877
4054,CCDC107,0.8098483
4055,PGM2,0.8758765
4056,PRSS3,0.8959448
4057,APIP,0.8749223
4058,NIT1,0.79382986
4059,RTCA,0.82101244
4060,FBXO22,0.80959684
4061,MIEF1,0.8780284
4062,GNS,0.7941597
4063,ZNF496,0.78046906
4064,RASEF,0.8979371
4065,ATG13,0.8476206
4066,ARHGEF17,0.9471899
4067,BRD8,0.9083943
4068,ANTXR2,0.7843937
4069,KAT6A,0.8622294
4070,PLAT,0.8640582
4071,TEAD1,0.8657691
4072,CCDC57,0.89661294
4073,CUL4B,0.8629276
4074,PRKG1,0.81883234
4075,KCTD13,0.87167937
4076,ZC3H14,0.9105591
4077,SMIM20,0.9079624
4078,C12orf49,0.88777465
4079,EZH2,0.95071346
4080,FZR1,0.88648164
4081,PM20D2,0.83520466
4082,MEF2A,0.93130285
4083,MSH2,0.9472057
4084,ZBTB18,0.88371253
4085,KRTCAP2,0.85193765
4086,SPNS2,0.8051524
4087,CXCL2,0.6057589
4088,USF1,0.76135004
4089,OTULINL,0.8540827
4090,TSN,0.91505355
4091,NTPCR,0.8852379
4092,BIRC6,0.9041118
4093,DNMBP,0.91171503
4094,MAPK1,0.8451409
4095,RAB11FIP4,0.9272767
4096,GMPR2,0.86323273
4097,PHACTR2,0.76071435
4098,FAM53C,0.9269509
4099,TMCO3,0.7832006
4100,RMDN3,0.8289017
4101,GOSR1,0.88117296
4102,PPP1R37,0.8817973
4103,ISLR,0.910719
4104,ZWINT,0.93376756
4105,RUSC1,0.90026015
4106,OPLAH,0.84004676
4107,HIRA,0.9567757
4108,SDR39U1,0.87031466
4109,UCK2,0.8851999
4110,ACSS2,0.91779286
4111,MPLKIP,0.9340682
4112,SLC26A2,0.7584396
4113,CTNNAL1,0.8556756
4114,SCCPDH,0.8889887
4115,ZDHHC12,0.8561955
4116,ARHGEF12,0.8291031
4117,DLAT,0.92855376
4118,HPRT1,0.93134534
4119,CUEDC1,0.8394054
4120,PLIN2,0.6998034
4121,BAZ2A,0.8691143
4122,RGMB,0.7759556
4123,TTC14,0.874726
4124,BTG3,0.8008968
4125,PLSCR3,0.9318686
4126,UBA3,0.902299
4127,CDR2,0.83561003
4128,NRAS,0.8678532
4129,SERINC3,0.7997543
4130,TMPRSS2,0.9011942
4131,MCCC2,0.93750757
4132,CD248,0.9435522
4133,UTP23,0.91875464
4134,ELK1,0.85347897
4135,SFRP4,0.8440228
4136,COQ8B,0.86998117
4137,PEX13,0.9325695
4138,USP47,0.84232163
4139,SEMA4D,0.7323971
4140,AIG1,0.83632934
4141,MTFR1L,0.8682709
4142,TRRAP,0.9021073
4143,TTC9C,0.8947049
4144,RBM28,0.88501805
4145,KAT2A,0.8453855
4146,PXMP2,0.8868518
4147,RO60,0.8291503
4148,ANAPC2,0.8335237
4149,UBAP1,0.87624997
4150,ZNF593,0.9307103
4151,SLC10A3,0.7495178
4152,SCML1,0.8693742
4153,CD99L2,0.83954936
4154,PLAA,0.9071006
4155,UBLCP1,0.7993804
4156,ATP11B,0.8557213
4157,LZTR1,0.8588903
4158,CHMP7,0.79602534
4159,MRNIP,0.8846205
4160,ABCA2,0.7936406
4161,STAT5A,0.7754487
4162,PEX11B,0.82997054
4163,TMC4,0.88760465
4164,NOL10,0.92130786
4165,ATG9A,0.8148925
4166,ZCCHC3,0.8635127
4167,ARHGAP4,0.7685231
4168,ARMC8,0.8954121
4169,FAM122B,0.8763757
4170,HAUS4,0.88719237
4171,CETN2,0.8681138
4172,ZNF22,0.8802952
4173,RALGAPB,0.8882819
4174,QPRT,0.766179
4175,FRG1,0.8848887
4176,TOM1L1,0.94407195
4177,GNL2,0.88440156
4178,URB1,0.91516954
4179,SETD7,0.8534004
4180,TTC39B,0.86834395
4181,CWC25,0.921174
4182,ULK1,0.83460885
4183,ETV6,0.79781896
4184,SRP54,0.84687275
4185,NUP93,0.8563287
4186,DLG1,0.8516911
4187,PREPL,0.85963935
4188,MYO18A,0.87150997
4189,ACTL6A,0.9521735
4190,OSGEP,0.8949619
4191,DENND4B,0.8582656
4192,PHC3,0.87975353
4193,TRAPPC3,0.8079527
4194,YARS,0.89085066
4195,C1orf52,0.88116556
4196,PDRG1,0.9349089
4197,DUS3L,0.92807084
4198,ELP6,0.9001445
4199,SEMA5A,0.8468318
4200,DPY19L1,0.7947804
4201,RYBP,0.8459085
4202,RRM1,0.8773869
4203,WASHC4,0.8375617
4204,PLEKHA6,0.93518174
4205,SNTB1,0.8883014
4206,COG3,0.9123186
4207,FBXO31,0.89575535
4208,PFN2,0.69793725
4209,TULP4,0.8538903
4210,CSNK1E,0.8308443
4211,VRK2,0.82387316
4212,ITGA1,0.86426944
4213,LSM10,0.84578454
4214,PNO1,0.927468
4215,SNX15,0.8700152
4216,CCDC85C,0.8763494
4217,PSMD6,0.9422239
4218,DENND6A,0.89819056
4219,CDC42BPA,0.7903252
4220,CIZ1,0.90388554
4221,EDEM2,0.90703124
4222,ABTB1,0.8096407
4223,SENP3,0.85904545
4224,CISD2,0.9132941
4225,AGPAT5,0.9126241
4226,TAPBPL,0.8682941
4227,KLHL21,0.853521
4228,FOXK2,0.90783536
4229,TNRC6B,0.85858136
4230,RAB9A,0.82419634
4231,B3GNT3,0.8597955
4232,EIF4ENIF1,0.91138464
4233,EGLN3,0.8052972
4234,FANCA,0.92547816
4235,DCAF5,0.89203775
4236,RNF138,0.87380785
4237,USP53,0.8934472
4238,CD93,0.9220676
4239,INTS4,0.8773754
4240,ATP2B4,0.8863172
4241,DHX8,0.89002573
4242,GCHFR,0.77891135
4243,RPRD1B,0.9015406
4244,TCF12,0.8270709
4245,GTPBP3,0.90688413
4246,VKORC1,0.81445014
4247,FRAT2,0.90133417
4248,FGFR4,0.8737185
4249,ATG16L2,0.8756897
4250,CAMTA1,0.85598505
4251,CRCP,0.9395603
4252,PRKCI,0.9215349
4253,PPM1F,0.9142091
4254,MOB3B,0.80348647
4255,MUC4,0.54939604
4256,RC3H1,0.86828655
4257,C1orf21,0.8188863
4258,SYNPO2,0.79313684
4259,C12orf10,0.92706555
4260,COX19,0.90617746
4261,MIA2,0.91412246
4262,COX15,0.898014
4263,RAD50,0.9231525
4264,APPL1,0.9077787
4265,MICA,0.84872705
4266,PDHX,0.9346356
4267,ESF1,0.8397442
4268,ZNF592,0.84232146
4269,VPS26A,0.9115848
4270,COG1,0.94015425
4271,ZNRD1,0.91002214
4272,SCNM1,0.87118185
4273,TP53I13,0.8405582
4274,IGSF8,0.9271353
4275,PLPBP,0.8828566
4276,ROCK2,0.85338736
4277,CHMP6,0.8911226
4278,NIPA2,0.87765807
4279,G6PC3,0.88255715
4280,DERL1,0.840341
4281,PPRC1,0.8921639
4282,ADAM10,0.8012678
4283,DHX37,0.9278138
4284,AP1G1,0.88535166
4285,ZNF451,0.86384684
4286,TMEM30B,0.93795353
4287,MMAB,0.91416085
4288,CBLB,0.8119747
4289,NOC4L,0.93254554
4290,TCF21,0.87337
4291,MELTF,0.7229251
4292,ILKAP,0.8577779
4293,POFUT1,0.9166436
4294,TAOK3,0.8275076
4295,KDM7A,0.8827214
4296,JMJD6,0.8295536
4297,MFSD3,0.88340414
4298,MAN2A2,0.8100235
4299,HDAC3,0.9007122
4300,TRIM65,0.91815096
4301,RAB20,0.86569
4302,TRAPPC10,0.7549123
4303,SPRY4,0.7114165
4304,CNNM3,0.96117806
4305,KLHL42,0.87992936
4306,SLC22A18,0.8801731
4307,TRMT11,0.90807307
4308,ITGB8,0.8048305
4309,GBP1,0.849133
4310,KDM6A,0.85593563
4311,LRRC14,0.8642563
4312,LRATD2,0.89267623
4313,OSTM1,0.87037253
4314,BOC,0.9264295
4315,VWA8,0.92386264
4316,CLK3,0.8306976
4317,POLR1B,0.95367837
4318,SLC11A2,0.86554605
4319,PUS1,0.9341217
4320,EIF1AD,0.9088114
4321,SNX21,0.76177025
4322,CCT4,0.8246362
4323,HDAC6,0.8518077
4324,SMYD2,0.9321576
4325,SH3KBP1,0.74429816
4326,MCRIP2,0.86298966
4327,DENND5A,0.96305484
4328,DCAF15,0.9189381
4329,MBD1,0.84871775
4330,UTP6,0.9118571
4331,GCC2,0.7665329
4332,NCAPD3,0.92080224
4333,CARMIL1,0.8827616
4334,CAMKK2,0.84129095
4335,KLK1,0.8146379
4336,MRI1,0.7850938
4337,RYK,0.89829654
4338,NSD3,0.8999332
4339,KSR1,0.8089888
4340,NEDD4L,0.89808
4341,HPS4,0.87339926
4342,SCRN2,0.7570247
4343,CXXC1,0.87832254
4344,DDX19A,0.89034086
4345,IDH3A,0.8872856
4346,RSPRY1,0.84714395
4347,EMC1,0.8756065
4348,CBR1,0.7323695
4349,SLC7A5,0.8035289
4350,PTK2B,0.79308975
4351,ARHGAP32,0.9459514
4352,ATXN2,0.8585417
4353,NRP1,0.8860217
4354,ZNF148,0.9004152
4355,WWP2,0.8960913
4356,DNAJC13,0.85387653
4357,SLC33A1,0.8658831
4358,ACOT8,0.898629
4359,GRWD1,0.89851
4360,MMP15,0.8964104
4361,SLC35C1,0.9312949
4362,CCPG1,0.80889744
4363,PCLAF,0.9187497
4364,PLBD2,0.8509927
4365,GNA13,0.80071175
4366,DNAJC9,0.91882247
4367,UCHL3,0.9215215
4368,ELAC2,0.8795848
4369,RAB3D,0.8221338
4370,SGPP2,0.8395366
4371,OTUD4,0.9055483
4372,JOSD1,0.7965097
4373,NID1,0.8755465
4374,TRAPPC12,0.8866119
4375,ASF1B,0.9271347
4376,STARD7,0.8736087
4377,TFCP2L1,0.7684775
4378,BMPR2,0.77967566
4379,ZNF394,0.8201637
4380,ZNF121,0.9107137
4381,ACAP2,0.89524907
4382,CTDP1,0.8897709
4383,UBAC1,0.89286935
4384,SH3BP1,0.8356927
4385,SH2D3A,0.8975164
4386,SNAPC3,0.85479265
4387,CZIB,0.86750567
4388,AMBRA1,0.9247829
4389,RHOU,0.78383845
4390,HIST1H1D,0.70180637
4391,USP19,0.8783878
4392,SEPTIN7,0.72606814
4393,UNC13B,0.84512484
4394,NES,0.81039953
4395,ZC3H3,0.76098675
4396,PARP14,0.69541174
4397,TWF2,0.7317781
4398,GMPPA,0.8389114
4399,EIF3J,0.8815752
4400,EXOC5,0.8241476
4401,ZER1,0.7809938
4402,KIF13B,0.79299647
4403,WDR77,0.92915934
4404,ACP2,0.770589
4405,SH3BP5L,0.85486966
4406,LNPEP,0.8496785
4407,FAM98B,0.9066103
4408,PLAGL1,0.80305296
4409,INO80D,0.8691076
4410,LIG3,0.8506703
4411,THEM6,0.87077695
4412,FOXO1,0.7971817
4413,NELFA,0.9240002
4414,HIP1R,0.861856
4415,LIME1,0.81898683
4416,RAC2,0.78874016
4417,PIK3C2A,0.88135016
4418,AKIRIN1,0.79889673
4419,MFSD11,0.6767286
4420,ARRB1,0.8576347
4421,MCU,0.90313184
4422,CSF1,0.9008416
4423,MTERF4,0.89446235
4424,ASNSD1,0.9367633
4425,WAPL,0.887573
4426,WDR11,0.89562356
4427,MBTD1,0.8919349
4428,NCAPH2,0.9142465
4429,MOB3A,0.8949627
4430,TRABD2A,0.8202056
4431,TM2D2,0.8212569
4432,JMJD4,0.899316
4433,LRRFIP2,0.8652289
4434,SYF2,0.83275175
4435,GPR160,0.88088715
4436,TRAF3,0.790915
4437,MICOS13,0.85853404
4438,TMF1,0.86247593
4439,MTHFD1L,0.9073916
4440,HIST1H2BH,0.7907097
4441,RNF115,0.8624034
4442,HIST1H2AG,0.7770439
4443,TNFAIP2,0.88193536
4444,ZNF800,0.89277655
4445,MGAT4A,0.84425163
4446,VAMP2,0.83117616
4447,PRPF39,0.89010626
4448,CREBL2,0.76128405
4449,IQSEC1,0.884462
4450,AOC1,0.8889122
4451,PPP3CA,0.81335676
4452,PPP2R5E,0.8267568
4453,CASP7,0.86804265
4454,RASSF4,0.88632184
4455,GRTP1,0.9023357
4456,THEMIS2,0.89831537
4457,CAMK2D,0.8184318
4458,HIST1H2BG,0.7548856
4459,MAP1B,0.8811065
4460,ARHGAP45,0.8092219
4461,USP32,0.8537377
4462,JAGN1,0.93564075
4463,PHF23,0.86118925
4464,LMCD1,0.9331802
4465,TAF4,0.9282744
4466,SNX30,0.8322156
4467,PPHLN1,0.86730653
4468,NUP160,0.89836824
4469,USP54,0.84728837
4470,PPIG,0.9011529
4471,NOP9,0.89192736
4472,WDR36,0.8799216
4473,LMBR1,0.8691412
4474,HMBS,0.94038916
4475,DHX36,0.8240636
4476,MORC2,0.92140925
4477,ZNRF1,0.81428355
4478,ZMYND11,0.91553265
4479,RILPL1,0.83043414
4480,PPP2R3C,0.8019914
4481,NT5C3B,0.8822397
4482,PAK2,0.8752924
4483,PCGF5,0.8279576
4484,NCBP2AS2,0.9108882
4485,TRMU,0.89101607
4486,CDK7,0.7866089
4487,IFNGR1,0.62622863
4488,KLHL36,0.7729204
4489,USP16,0.8808407
4490,BLVRB,0.8089443
4491,PATZ1,0.8325693
4492,FAM8A1,0.82874006
4493,PTPN6,0.8225324
4494,FUT8,0.81804913
4495,NRP2,0.89636534
4496,ZBED4,0.93164873
4497,WDR34,0.8915997
4498,ZNF655,0.84239846
4499,CYB561D2,0.8902931
4500,PAICS,0.8817372
4501,TSKU,0.7426715
4502,EAPP,0.86509466
4503,PPID,0.906398
4504,NCEH1,0.84717906
4505,PLAU,0.8516699
4506,CHCHD5,0.9220246
4507,MACO1,0.8539962
4508,ME2,0.8150936
4509,SMCO4,0.8373862
4510,FBXO46,0.8431904
4511,VPS8,0.8451422
4512,TPRKB,0.94149965
4513,RTEL1,0.81943214
4514,TIPRL,0.88331556
4515,PI4K2A,0.92623585
4516,RARG,0.7815861
4517,TMEM158,0.77248573
4518,ARPIN,0.8171052
4519,ESS2,0.8655254
4520,LARP1B,0.9056089
4521,AGGF1,0.8647465
4522,GPBP1,0.7996065
4523,FRA10AC1,0.8149796
4524,RTF1,0.84523356
4525,COPS8,0.79873526
4526,MTSS2,0.81451166
4527,SS18,0.824398
4528,CLDN12,0.8614869
4529,PCIF1,0.8765687
4530,FBXO9,0.8844086
4531,NDUFB5,0.8554352
4532,KBTBD2,0.84850997
4533,FBXL4,0.86824
4534,KPNA1,0.86005974
4535,VDR,0.87323713
4536,BBC3,0.8520258
4537,HMGXB3,0.8964624
4538,UPF3A,0.88438684
4539,VAC14,0.88457084
4540,NFIL3,0.8025173
4541,UXS1,0.9062331
4542,TEX264,0.94511163
4543,UNC45A,0.83195096
4544,DOCK9,0.86298054
4545,ACP5,0.74934655
4546,EML2,0.8718935
4547,NDRG3,0.9096833
4548,ERG28,0.90949565
4549,ZC3H13,0.91252583
4550,AZGP1,0.7843758
4551,STX6,0.88423175
4552,DENND4C,0.8291219
4553,USP39,0.9637324
4554,ALAD,0.8457517
4555,RUFY3,0.8789471
4556,TBL3,0.90410423
4557,SLC39A3,0.8853081
4558,RUFY2,0.8885844
4559,KIAA0319L,0.8670927
4560,SPRY1,0.7739148
4561,AAAS,0.8527697
4562,NMD3,0.8911383
4563,ZNF518A,0.929141
4564,FARP2,0.9326363
4565,FBXO34,0.9030937
4566,PPP1R13B,0.9110751
4567,RAB3GAP1,0.8027391
4568,WDR5,0.9285713
4569,CACUL1,0.83541715
4570,AKAP8L,0.8535951
4571,TIMM17A,0.88840055
4572,C1QTNF1,0.77757096
4573,ACAD9,0.91979766
4574,SNAP47,0.8446314
4575,MFAP4,0.8845759
4576,DICER1,0.80836976
4577,VILL,0.83807147
4578,POGK,0.8703596
4579,MMS19,0.90637124
4580,PFKFB2,0.8086613
4581,DARS,0.803446
4582,NOMO1,0.8171096
4583,AP4B1,0.83370996
4584,NEK3,0.89030534
4585,ZNF3,0.91371053
4586,PSPH,0.92129475
4587,DIP2A,0.84880906
4588,KPNA3,0.8931876
4589,ZSWIM8,0.86976326
4590,RNF168,0.87810683
4591,ODF3B,0.90553385
4592,RBM10,0.88390136
4593,TPRG1L,0.8091478
4594,PTEN,0.74838316
4595,JMY,0.8531666
4596,MICAL3,0.88502115
4597,PRUNE2,0.80855477
4598,CHD9,0.81121194
4599,HSPBP1,0.8975781
4600,KIAA1143,0.95622236
4601,SLC7A1,0.91257536
4602,RMC1,0.84221816
4603,PIP4K2C,0.8865037
4604,MCM2,0.91527253
4605,NBDY,0.8114249
4606,ACYP2,0.8345714
4607,VHL,0.8332046
4608,TXNRD1,0.73871034
4609,YJU2,0.91232646
4610,RNASEH1,0.90132886
4611,EPHX1,0.6864104
4612,RNF128,0.90167814
4613,HYI,0.8016584
4614,RABEP1,0.8812981
4615,DHX40,0.896729
4616,TRAF3IP2,0.87338555
4617,JMJD1C,0.79820406
4618,PRDX3,0.9076088
4619,NFKBIE,0.83118284
4620,KIAA1671,0.87845415
4621,RBM33,0.88627493
4622,ZFP64,0.93994695
4623,LYAR,0.8890006
4624,VEZT,0.86683047
4625,VPS54,0.88647574
4626,CAV2,0.8970267
4627,ASCC2,0.90448445
4628,PPP2R5D,0.8993716
4629,PPP2R1B,0.89254636
4630,FAF1,0.9577416
4631,TMEM256,0.7501642
4632,SRSF10,0.8917149
4633,HBP1,0.7567944
4634,HDDC2,0.90889215
4635,PFAS,0.88118297
4636,SMC4,0.8821644
4637,NOL8,0.9378531
4638,HOOK1,0.9504909
4639,ZBTB4,0.94508237
4640,PIGO,0.9410014
4641,RAD21,0.8245702
4642,OAS2,0.7012077
4643,EXOSC4,0.91919047
4644,GLOD4,0.8662105
4645,FAM219B,0.84527284
4646,CYB5R1,0.85526067
4647,AHR,0.5937941
4648,BTBD3,0.8578404
4649,DPH7,0.8771797
4650,WNK2,0.85199714
4651,C11orf1,0.9071205
4652,FAM120B,0.86011106
4653,PTRHD1,0.9127155
4654,CUL7,0.89394414
4655,POLD1,0.9158058
4656,NXN,0.8866564
4657,SFI1,0.8855656
4658,ABCD3,0.9145412
4659,WBP11,0.93111163
4660,DEGS1,0.8763199
4661,SMG9,0.88600504
4662,B4GALT7,0.9188038
4663,YAF2,0.86540145
4664,PIGC,0.89136267
4665,HIST1H3H,0.7650727
4666,ELMO3,0.90708756
4667,USP38,0.85892296
4668,WNK4,0.76705486
4669,H6PD,0.8023748
4670,ABCC5,0.8182587
4671,RAB40C,0.8817552
4672,STRIP1,0.7917249
4673,GFM1,0.9323681
4674,MFSD14A,0.7864563
4675,VSIR,0.8780477
4676,NAE1,0.9221014
4677,UHRF1,0.8994513
4678,TJP3,0.94973624
4679,MARCH2,0.8950032
4680,TCEAL9,0.72493297
4681,THAP7,0.87073034
4682,FGFR1,0.8846931
4683,SMC3,0.905528
4684,CAMTA2,0.8749408
4685,BCAM,0.84293604
4686,TTC31,0.7878819
4687,STAMBPL1,0.86645126
4688,INTS6,0.864752
4689,RASSF7,0.841523
4690,TMEM11,0.88579416
4691,TKFC,0.9432983
4692,MXD1,0.76332945
4693,CMC1,0.9287556
4694,CCDC167,0.8701848
4695,PGAP3,0.8786397
4696,ITGAX,0.89331305
4697,DNASE1L1,0.82544553
4698,VPS72,0.9216297
4699,JAG1,0.73017496
4700,IARS2,0.8526715
4701,IARS,0.9160593
4702,CARD10,0.8787235
4703,SRP72,0.85412556
4704,LPIN3,0.9096566
4705,PCNX3,0.83108246
4706,GTPBP10,0.919536
4707,COA8,0.91571283
4708,FOXA3,0.8451126
4709,GNPTAB,0.84511423
4710,LYN,0.80731714
4711,TP53RK,0.89374644
4712,PCSK9,0.79749745
4713,PSMD9,0.8795717
4714,SYBU,0.817428
4715,NINJ1,0.8672826
4716,RDH13,0.8854139
4717,GOT1,0.90132475
4718,TSTD1,0.89031035
4719,CRAT,0.8371889
4720,TENT5A,0.831503
4721,LTBP1,0.8963005
4722,TMEM205,0.8239755
4723,SOX13,0.7707617
4724,ACTR10,0.8343343
4725,GTF3C2,0.952694
4726,PPFIBP2,0.91676104
4727,PITX1,0.84868854
4728,EEF2K,0.8862186
4729,PARN,0.92696595
4730,ARHGAP5,0.79668623
4731,TAF8,0.84038925
4732,KIAA0355,0.86378336
4733,ISOC2,0.8601532
4734,FN3KRP,0.9414666
4735,DGLUCY,0.87463933
4736,SLC11A1,0.8924797
4737,ZBED5,0.891034
4738,PWWP3A,0.7910537
4739,PGGT1B,0.9131288
4740,LPIN2,0.8383052
4741,ARID5B,0.7586863
4742,YEATS2,0.9011802
4743,LIMK1,0.83767444
4744,PPM1B,0.770333
4745,SUPT7L,0.8673983
4746,POLA2,0.9133314
4747,GNPDA1,0.9269405
4748,MKNK1,0.7682751
4749,THG1L,0.88437337
4750,PEX16,0.87279737
4751,TMEM101,0.8832029
4752,ALS2CL,0.89394045
4753,CAV1,0.89845735
4754,TRAF2,0.9128944
4755,PCNX1,0.8748539
4756,CTDSPL,0.8708367
4757,LARP7,0.8893237
4758,PPP3R1,0.8340818
4759,NEK4,0.8989046
4760,OGFOD3,0.8896497
4761,TFCP2,0.94203144
4762,EPN2,0.8698625
4763,FZD5,0.9386109
4764,SUSD6,0.81806856
4765,ST6GALNAC4,0.68079126
4766,SIK3,0.8335626
4767,CTIF,0.9161994
4768,CUL1,0.8836395
4769,SLC25A13,0.9191826
4770,FSTL3,0.825481
4771,SLC25A24,0.8442746
4772,GRHL2,0.94547635
4773,ZNF692,0.91551906
4774,JAG2,0.7398756
4775,AACS,0.8893108
4776,CDK18,0.87639666
4777,CLK2,0.8946705
4778,PPP2R5A,0.90683657
4779,CCDC115,0.8945147
4780,SNX8,0.87427396
4781,ADIPOR2,0.9347204
4782,DOK4,0.9072916
4783,ST3GAL2,0.87747526
4784,VPS39,0.85648006
4785,CHD7,0.93228567
4786,HBEGF,0.68480873
4787,C1orf174,0.9302455
4788,TESK1,0.83921516
4789,CENPW,0.84803766
4790,KCNMA1,0.7896552
4791,USP6NL,0.92069346
4792,TRIM13,0.89677155
4793,DERL3,0.8237751
4794,IFI27L2,0.7310692
4795,BTN3A2,0.819928
4796,FOPNL,0.92448443
4797,MKRN2,0.89511514
4798,VPS45,0.82815737
4799,UGCG,0.8065834
4800,CDC42EP4,0.8190473
4801,MTUS1,0.7833665
4802,LRRFIP1,0.7448118
4803,PIDD1,0.8886601
4804,BRD3,0.88956225
4805,TNXB,0.83472925
4806,DEF8,0.7799919
4807,BRIX1,0.94554144
4808,SERINC1,0.72752553
4809,HOXB9,0.8238231
4810,RC3H2,0.89942855
4811,FDX2,0.84364486
4812,CFTR,0.7768284
4813,PPP6C,0.83929235
4814,POP4,0.917869
4815,NUDT22,0.9062224
4816,NAGK,0.81920177
4817,MRVI1,0.91164434
4818,PLPP5,0.8005396
4819,SKP2,0.90911216
4820,ING1,0.9090889
4821,TSPAN6,0.893737
4822,RAB3IP,0.91889447
4823,TYMS,0.78504115
4824,IP6K1,0.7979495
4825,STXBP5,0.8019802
4826,RNF141,0.89554983
4827,ZXDC,0.878792
4828,EMC6,0.84359145
4829,TOR1A,0.873537
4830,NKRF,0.891067
4831,RANBP9,0.8237499
4832,STARD13,0.866405
4833,TUSC2,0.89817536
4834,SMPD2,0.90726626
4835,SMAD7,0.8612027
4836,NIN,0.88764316
4837,SNAP29,0.91259104
4838,TMEM170A,0.9220215
4839,ZSCAN18,0.7659679
4840,BOD1L1,0.8352568
4841,ARL14EP,0.82120216
4842,ISY1,0.932587
4843,GZF1,0.8085532
4844,UCP2,0.7350877
4845,EPRS,0.887828
4846,PPP4R1,0.8275362
4847,STEAP1,0.75650555
4848,FAM168B,0.9187382
4849,TAB2,0.78978175
4850,SMAP1,0.86657953
4851,TAF1C,0.8154443
4852,MCCC1,0.875032
4853,PLAAT3,0.7484077
4854,EPHX2,0.72245675
4855,CACTIN,0.88453823
4856,KLF16,0.88659585
4857,FBXL19,0.80654675
4858,KDM4C,0.85622275
4859,HECTD3,0.84713346
4860,MIGA2,0.86378163
4861,ALG11,0.84001267
4862,GCLC,0.88975036
4863,SF3A3,0.8631834
4864,SLC12A9,0.91576004
4865,ATG3,0.8820822
4866,FAM49B,0.8533639
4867,MITD1,0.91256636
4868,LCP1,0.8504255
4869,IRF2,0.8441396
4870,ZNF532,0.8931037
4871,MDFI,0.7682406
4872,NAXE,0.87473446
4873,CALML4,0.83479345
4874,RPAIN,0.9112579
4875,TMEM30A,0.67107385
4876,NCOA2,0.87527007
4877,ARID3A,0.8384319
4878,FAHD1,0.83577496
4879,NOTCH1,0.69300324
4880,WRAP73,0.87074167
4881,PLOD1,0.7372722
4882,LIG1,0.9247061
4883,HIST1H4E,0.7286067
4884,DCBLD1,0.8542146
4885,TFIP11,0.88480926
4886,ATG2B,0.8901455
4887,CREM,0.93603265
4888,CYB561A3,0.7975191
4889,PITPNC1,0.800244
4890,DUSP16,0.8908711
4891,ORC2,0.9334742
4892,APTX,0.95820105
4893,CHDH,0.92583233
4894,CDYL,0.8706123
4895,GJA1,0.8447092
4896,PBDC1,0.8995703
4897,PGS1,0.8707949
4898,TNFRSF1B,0.7566443
4899,JAK3,0.9041272
4900,TMEM44,0.85257685
4901,ACSF3,0.92744786
4902,PROCR,0.7705669
4903,NOL3,0.7955547
4904,NOX1,0.8048693
4905,ZNF768,0.9270125
4906,OLFML2B,0.91144335
4907,BRF1,0.9035672
4908,ZNHIT6,0.87189543
4909,NPAS2,0.86291057
4910,TC2N,0.776738
4911,NUP43,0.9286275
4912,NIPAL2,0.82944405
4913,EIF4G3,0.754176
4914,PHF2,0.8599243
4915,ZDHHC2,0.79001105
4916,ANKRD13A,0.8521169
4917,KLHL12,0.88334805
4918,SIRT6,0.8951956
4919,CRYAB,0.8149828
4920,GIGYF1,0.8945048
4921,TMEM68,0.8862477
4922,TNFRSF25,0.81820613
4923,SLC5A6,0.84641856
4924,VPS11,0.881633
4925,PELO,0.82221246
4926,FBXW11,0.8416415
4927,TROAP,0.94344664
4928,PLEK2,0.9266418
4929,ATP5MPL,0.81934464
4930,ATRX,0.8498989
4931,TRIB2,0.91787827
4932,METTL2A,0.94924337
4933,EXOSC5,0.9285081
4934,DERA,0.9329452
4935,ALG12,0.89485246
4936,CLCC1,0.8205795
4937,CASP8,0.79698867
4938,POLM,0.875927
4939,CHMP4C,0.921356
4940,AP1M2,0.94547755
4941,LIMD2,0.92272806
4942,CMTR1,0.88099784
4943,PRKRA,0.83522797
4944,NOTCH2,0.82433546
4945,SERTAD1,0.7895214
4946,ORMDL2,0.9005133
4947,RNF26,0.9248094
4948,SFT2D2,0.78683
4949,TFE3,0.8508954
4950,TRPT1,0.93079984
4951,B3GALT6,0.8507222
4952,WDR75,0.90291995
4953,RHBDF2,0.76476437
4954,MOCS2,0.8501508
4955,MAGI1,0.7771337
4956,DDX18,0.91529024
4957,TMEM14A,0.902896
4958,MAST3,0.7934611
4959,PLEKHO2,0.9093284
4960,PLEKHH3,0.8364105
4961,SAP30L,0.8544763
4962,KCTD17,0.8147145
4963,SUPT20H,0.9148496
4964,MRTFB,0.851592
4965,GRK6,0.8771375
4966,COA1,0.9094055
4967,TBL2,0.93272656
4968,SPON1,0.86974055
4969,ATXN1L,0.84591943
4970,DMBT1,0.64019656
4971,ERVK3-1,0.84129864
4972,ANGEL1,0.7652826
4973,RFXANK,0.90833175
4974,UNK,0.8916889
4975,POLG2,0.89243567
4976,COG2,0.8740606
4977,SURF2,0.8895777
4978,NPRL3,0.91485876
4979,KDM5A,0.84758294
4980,RPRD1A,0.8897297
4981,MSANTD3,0.84560394
4982,MYO1E,0.76629573
4983,SS18L1,0.92255634
4984,SELENOI,0.8947847
4985,TECPR1,0.83825386
4986,TBC1D7,0.9223773
4987,UBE2K,0.7833178
4988,RCC1,0.9271489
4989,CCDC80,0.8369644
4990,COQ7,0.9116639
4991,NCOA4,0.73893166
4992,RXRB,0.8391331
4993,KIAA1324,0.7599459
4994,UBR3,0.86891305
4995,ATPSCKMT,0.89347345
4996,ARRB2,0.8030718
4997,CRY2,0.8938514
4998,RIOK1,0.94353974
4999,JOSD2,0.8199482
5000,WDR73,0.8990406
5001,COASY,0.8782528
5002,ACE,0.81101483
5003,CHTF18,0.90351576
5004,FAM104A,0.79272395
5005,ELF2,0.8940207
5006,VBP1,0.91553414
5007,TEAD4,0.86747557
5008,HEATR5B,0.85016716
5009,ACO1,0.8468134
5010,GSDMD,0.8154574
5011,EXOSC2,0.9136836
5012,SWAP70,0.86660844
5013,ELP1,0.8587278
5014,CDC26,0.87619174
5015,CARS,0.8686311
5016,GMFG,0.920173
5017,ICAM2,0.84134275
5018,ATG14,0.81103384
5019,THOC5,0.8638177
5020,FBXL15,0.8557964
5021,SSBP4,0.85778636
5022,TMEM185A,0.736291
5023,PPARD,0.81445163
5024,DEAF1,0.87817127
5025,MBD3,0.7743242
5026,ZNF622,0.81364024
5027,DDX31,0.94656676
5028,CPE,0.68786293
5029,POLR3A,0.9132473
5030,VPS33A,0.9083558
5031,TMEM181,0.87811553
5032,PTS,0.87101537
5033,GON4L,0.89127177
5034,ALG1,0.92409384
5035,DRAM2,0.83893675
5036,RPUSD1,0.87238973
5037,LBR,0.73634887
5038,POGZ,0.8600983
5039,SLC35F6,0.84673274
5040,EREG,0.75063616
5041,ZNF384,0.92242366
5042,CHST11,0.88627166
5043,RSRC1,0.8801333
5044,SZT2,0.8378116
5045,USP14,0.8120041
5046,SLC25A25,0.7391571
5047,C19orf25,0.86049503
5048,LUZP1,0.7322638
5049,PTRH1,0.8625499
5050,MCAT,0.92491746
5051,MTMR4,0.90220976
5052,CASP2,0.9215902
5053,ANKRD39,0.8512126
5054,CHKA,0.88719493
5055,WDR59,0.82417464
5056,INTS7,0.9171666
5057,SPPL3,0.8983568
5058,CD53,0.845847
5059,R3HCC1,0.80649984
5060,STX8,0.8418637
5061,PHLDB2,0.839002
5062,DMTF1,0.8562729
5063,C1orf116,0.8166383
5064,LOXL1,0.9163607
5065,ZNF131,0.925702
5066,SAP30,0.77239764
5067,PER2,0.86022997
5068,ITPR2,0.79217345
5069,CNNM4,0.9403705
5070,OXSR1,0.85767704
5071,AFG3L2,0.8780569
5072,MTMR11,0.8530339
5073,STK38,0.8385185
5074,PSME4,0.77674085
5075,SPEN,0.87611175
5076,SSH1,0.9120314
5077,IREB2,0.89732176
5078,HTRA2,0.88550204
5079,DEF6,0.7751397
5080,AAR2,0.91142553
5081,HCLS1,0.88516784
5082,UNC50,0.8116047
5083,AMPD2,0.8383725
5084,MAP3K5,0.8498537
5085,LAMTOR3,0.9044027
5086,PHF12,0.8796112
5087,TM7SF3,0.8562936
5088,SEC23IP,0.889051
5089,FLCN,0.8884406
5090,FBXL17,0.82747966
5091,BLOC1S6,0.8309761
5092,FSCN1,0.7742668
5093,SLFN5,0.8355953
5094,DCP1A,0.90002936
5095,GATC,0.88320094
5096,QSOX2,0.91382957
5097,WDR41,0.8145833
5098,CCDC14,0.8686972
5099,MBP,0.8751178
5100,ERI3,0.8539657
5101,PIM2,0.7901059
5102,CCDC84,0.8349406
5103,PDPK1,0.89028704
5104,CYP51A1,0.8077178
5105,STAM2,0.789878
5106,GBA,0.76005894
5107,DESI1,0.87009853
5108,ARHGAP21,0.8474903
5109,B4GALNT3,0.8520695
5110,AP3M1,0.91528785
5111,BMP2K,0.7763137
5112,HOMER3,0.86751944
5113,ARHGEF10,0.77441514
5114,BCL6,0.8957459
5115,FAM83F,0.92273563
5116,HILPDA,0.80835426
5117,PEPD,0.8788814
5118,HSPB6,0.82604647
5119,SRPX2,0.6811533
5120,EXOSC8,0.94438285
5121,DLG3,0.89365536
5122,CBFA2T2,0.9254737
5123,TNS2,0.8395122
5124,SKAP1,0.7038496
5125,HSPB11,0.75429875
5126,GTF2E2,0.8443252
5127,MICU1,0.8537316
5128,PRR12,0.8979992
5129,CYLD,0.9152158
5130,TMEM120A,0.8429904
5131,NPHP3,0.8242446
5132,IFT122,0.88260037
5133,USP12,0.71822166
5134,IFIH1,0.77810687
5135,RCE1,0.8759106
5136,RHPN1,0.8420614
5137,TARBP1,0.8841152
5138,KANSL1,0.8348431
5139,ADNP2,0.87337345
5140,CXCL16,0.6778141
5141,ZNF706,0.8352615
5142,RAI1,0.87365705
5143,XPO5,0.91457975
5144,NLN,0.8860158
5145,PCSK6,0.8740139
5146,NT5DC3,0.8781827
5147,TRAK2,0.8666321
5148,AFTPH,0.9163908
5149,BCL2L11,0.8088291
5150,GJB2,0.77017146
5151,MAST2,0.77975696
5152,SMYD5,0.90369314
5153,PCCA,0.7629143
5154,CENPN,0.90991724
5155,SYNPO,0.8126528
5156,IL1R1,0.9153789
5157,FMNL2,0.86866754
5158,LMBRD1,0.82937163
5159,CLPX,0.8879387
5160,SERTAD2,0.7823878
5161,MON2,0.7773722
5162,DTYMK,0.8979113
5163,NUDCD2,0.9240769
5164,ST3GAL4,0.7897135
5165,EEA1,0.8298336
5166,GALNT12,0.88604015
5167,FAM43A,0.79479796
5168,HYAL2,0.73184675
5169,PSME3,0.8787875
5170,FAM126B,0.8293457
5171,DYRK2,0.78812987
5172,CREB1,0.8965408
5173,ALDH5A1,0.89331293
5174,APOD,0.7336193
5175,RILPL2,0.8493137
5176,TTLL5,0.8778335
5177,PLPPR2,0.89796007
5178,ALG8,0.8918256
5179,TSR1,0.91061324
5180,SPOUT1,0.91518503
5181,LYPLAL1,0.8477266
5182,CDK9,0.8770866
5183,DYRK1A,0.8263753
5184,COG4,0.88120455
5185,ISCA1,0.846696
5186,ELL,0.8508981
5187,DAP3,0.77446896
5188,TMEM234,0.8678483
5189,SERPINB9,0.8529224
5190,SDCBP2,0.88444495
5191,NR1I2,0.84453124
5192,HINT3,0.9233862
5193,TMEM35B,0.89594185
5194,PLPP3,0.8672576
5195,ARL16,0.88482267
5196,KRAS,0.7909694
5197,ARID4A,0.8342283
5198,SGSH,0.85129964
5199,AIF1,0.8578395
5200,POMT1,0.8811302
5201,SHROOM1,0.8469866
5202,RBMX2,0.88735795
5203,HNMT,0.8938485
5204,MSRB1,0.8386269
5205,TRIM41,0.8634654
5206,PIP5K1A,0.84926
5207,IFT57,0.9054977
5208,CCDC82,0.8508235
5209,SMC2,0.9342099
5210,MED17,0.8599463
5211,RTL8C,0.8363908
5212,IDUA,0.77924705
5213,P4HA1,0.7126724
5214,STK10,0.8696245
5215,FBXO42,0.8363125
5216,SIAH2,0.8832809
5217,IKZF1,0.90860873
5218,ARHGEF5,0.89608747
5219,EGFL7,0.82992405
5220,PPWD1,0.8323049
5221,SERPINE2,0.8165207
5222,MMP1,0.5088771
5223,SP100,0.8158502
5224,CELSR1,0.71384394
5225,RABL3,0.86112
5226,BLOC1S2,0.7445197
5227,PLK3,0.75953275
5228,VPS13B,0.78924245
5229,PTPRJ,0.8481369
5230,PEX6,0.8601142
5231,PIK3IP1,0.76850617
5232,LEPROTL1,0.5847769
5233,DIS3,0.8808466
5234,LURAP1L,0.8166939
5235,GPR153,0.74903953
5236,GEM,0.8620433
5237,TASOR,0.92918503
5238,MAP4K5,0.816704
5239,ELOA,0.86606675
5240,UROS,0.7718141
5241,SLC38A5,0.7014307
5242,PFDN1,0.86521906
5243,PLEKHA8,0.9116789
5244,HOOK3,0.80524343
5245,SPHK2,0.836105
5246,SIRT2,0.8288104
5247,SPC24,0.9242961
5248,AP3S2,0.8317009
5249,TBC1D17,0.8349116
5250,CDC27,0.8609343
5251,TSEN54,0.91135514
5252,EIF2AK4,0.8866626
5253,ASB1,0.89395905
5254,ERC1,0.8840474
5255,B4GALT3,0.8313037
5256,EEF1AKNMT,0.9112977
5257,ATP6V1H,0.85927504
5258,CCL15,0.8982218
5259,DNAJB14,0.8434765
5260,ROBO1,0.802059
5261,USP5,0.9063136
5262,TRIM33,0.83771193
5263,PARP8,0.82650656
5264,ANKS1A,0.85237044
5265,OSBPL10,0.8413364
5266,FUCA2,0.772139
5267,CPEB4,0.81017435
5268,ZNF544,0.8148878
5269,WWOX,0.8735924
5270,EEPD1,0.78462666
5271,BIN3,0.7927443
5272,PKN2,0.8648892
5273,RAI14,0.91678405
5274,ZADH2,0.8335222
5275,PIGG,0.8548417
5276,TBCC,0.9202164
5277,TRIAP1,0.8935157
5278,AQR,0.91985303
5279,EMP2,0.8058215
5280,AP3B1,0.8343699
5281,RBM7,0.7894433
5282,MECR,0.86216015
5283,ATP2B1,0.7385419
5284,IQGAP3,0.91070795
5285,HIF1AN,0.89091706
5286,NECAB3,0.880736
5287,IRS2,0.7125096
5288,C19orf12,0.83911216
5289,RNF31,0.8846293
5290,TUFT1,0.91434747
5291,CCDC93,0.89631015
5292,CWC27,0.86228865
5293,ADCK5,0.8915256
5294,MEGF6,0.7995851
5295,LDLRAP1,0.8838425
5296,ALCAM,0.72759396
5297,MSL2,0.85753256
5298,SPSB1,0.8682041
5299,NFXL1,0.90666753
5300,PPP1R12A,0.8561696
5301,ARID5A,0.8543027
5302,AMOTL1,0.9534113
5303,FADD,0.9297479
5304,SUMF1,0.89288586
5305,PHYH,0.89052916
5306,GMNN,0.918544
5307,BPNT1,0.89280957
5308,SATB1,0.8147621
5309,PRCP,0.7915938
5310,RAB24,0.7969932
5311,UBA7,0.82037675
5312,MTPAP,0.92022455
5313,CLIC5,0.8866676
5314,TBK1,0.84807867
5315,NEBL,0.9304456
5316,MAP3K6,0.84112334
5317,PODXL2,0.900934
5318,RANBP10,0.8328628
5319,PHF11,0.86040574
5320,IGF2BP2,0.8876015
5321,BAHD1,0.85181856
5322,PIGF,0.85856646
5323,CRAMP1,0.8856902
5324,PPP2R2D,0.8676548
5325,RARS2,0.85488707
5326,PAIP2,0.8090803
5327,ERCC6L2,0.8547792
5328,MMP3,0.5655088
5329,LRBA,0.90959215
5330,CDK13,0.8620073
5331,ARMH3,0.89638984
5332,MED12,0.9055445
5333,SLC66A2,0.8219473
5334,CENPM,0.8832855
5335,FNBP1L,0.83698946
5336,SLC43A2,0.8597009
5337,C16orf91,0.9161733
5338,CHPT1,0.84104615
5339,CMSS1,0.9504172
5340,ATF7,0.81265515
5341,ANAPC1,0.88941616
5342,ZHX2,0.8663633
5343,SYNGAP1,0.8656453
5344,CFH,0.86650676
5345,HEXD,0.8635773
5346,GK5,0.93388635
5347,DPP3,0.91696763
5348,PCBP4,0.84308076
5349,TMBIM4,0.74629617
5350,TSSC4,0.9024198
5351,UBE4A,0.8868031
5352,FGL2,0.7616829
5353,THBD,0.93157274
5354,PITHD1,0.8176163
5355,LEO1,0.9127983
5356,MARCH7,0.81737345
5357,IQCE,0.8575092
5358,SP1,0.82593
5359,ARHGAP23,0.8893467
5360,RAB3GAP2,0.8681948
5361,GYS1,0.8590686
5362,LRRC32,0.8882355
5363,LIPA,0.7268563
5364,CPNE2,0.7563453
5365,GPN1,0.9210749
5366,ATXN3,0.87039924
5367,FAH,0.8103282
5368,MIB1,0.8577161
5369,FKBP14,0.8619349
5370,EIF4E3,0.821051
5371,CRTC3,0.90449417
5372,ABCA7,0.7617302
5373,LARGE2,0.8824848
5374,GPD1L,0.90414196
5375,PATL1,0.9418458
5376,DNTTIP2,0.91818106
5377,TMEM203,0.8493398
5378,MPEG1,0.8652706
5379,REPS1,0.90771955
5380,KCNN4,0.8585436
5381,FAM168A,0.89064616
5382,TMCO4,0.8336338
5383,FOXJ3,0.8856899
5384,NUP205,0.92806965
5385,POLL,0.8552086
5386,UBE2O,0.90609676
5387,EXOSC10,0.8831389
5388,TOR4A,0.8415979
5389,ANKFY1,0.8347499
5390,HNF1A,0.93849397
5391,LNX2,0.93560904
5392,DDHD1,0.84896356
5393,IRF6,0.9430905
5394,GLTP,0.81618875
5395,SLC4A1AP,0.916321
5396,DHX35,0.8283004
5397,RPF1,0.88483745
5398,MLST8,0.9129729
5399,RGS2,0.8562015
5400,TUBGCP3,0.9328281
5401,MPP5,0.8894548
5402,TRMT2B,0.92796767
5403,FA2H,0.9063025
5404,ZNF282,0.89785933
5405,SLC7A11,0.6806727
5406,TAMM41,0.9130355
5407,DNAJC4,0.76054525
5408,NCS1,0.88789606
5409,PLRG1,0.86839765
5410,TMEM126B,0.885312
5411,SOS2,0.765945
5412,TCTA,0.80923593
5413,PCNX2,0.8586311
5414,PDE12,0.904916
5415,STX2,0.81005555
5416,RNPC3,0.82830554
5417,DGKA,0.86169094
5418,SCX,0.8600328
5419,IFI44,0.62693876
5420,GRASP,0.9167493
5421,ADAMTS4,0.91797835
5422,C11orf68,0.8565557
5423,SCAMP3,0.83507216
5424,ASAP1,0.80654603
5425,USE1,0.86996865
5426,OFD1,0.88150215
5427,HIPK2,0.71885705
5428,VPS35L,0.7620299
5429,NACC2,0.8488526
5430,PDPR,0.8588076
5431,TIMM29,0.90900916
5432,CEP68,0.81546897
5433,BCAP29,0.75080836
5434,PYM1,0.90775
5435,PDE4D,0.7521984
5436,TNFAIP1,0.808453
5437,SACM1L,0.90034544
5438,MAP3K7,0.8843943
5439,UCHL5,0.8924336
5440,DNASE2,0.8638265
5441,CCHCR1,0.9266239
5442,TGFBR1,0.80155814
5443,SLCO3A1,0.73968446
5444,CCDC69,0.9285513
5445,ANAPC4,0.82494825
5446,UFM1,0.8228052
5447,C17orf58,0.8490701
5448,FAS,0.7638847
5449,ATG16L1,0.86613524
5450,WDR81,0.8887272
5451,ATL2,0.88997525
5452,DCUN1D4,0.8104432
5453,ANKRD28,0.7898511
5454,EEF1AKMT2,0.8789679
5455,KRCC1,0.81011957
5456,PLEKHA7,0.8975408
5457,DCAF6,0.81378424
5458,OSBPL8,0.7344184
5459,AGFG1,0.83837724
5460,GUCY1A1,0.9022558
5461,KCNK1,0.9018215
5462,HERPUD2,0.85165447
5463,ZNF609,0.79301727
5464,GATAD1,0.83792955
5465,PEX19,0.8714916
5466,ZCCHC17,0.86953443
5467,PIGL,0.8290271
5468,IQANK1,0.85358083
5469,ERICH1,0.82038075
5470,TEX261,0.90881366
5471,ARHGAP8,0.8448543
5472,SNTB2,0.8037361
5473,OCEL1,0.8714904
5474,RFX1,0.924623
5475,PPIC,0.65470797
5476,DCUN1D3,0.8513213
5477,SPIDR,0.8748806
5478,EBAG9,0.83218855
5479,KLHDC10,0.8862658
5480,HS6ST1,0.73206735
5481,LIF,0.7022811
5482,STXBP6,0.8739535
5483,EMC8,0.8774336
5484,MYL6B,0.8116356
5485,PAN2,0.8742612
5486,EMC3,0.82726103
5487,ZNF76,0.88452154
5488,STRN,0.8951312
5489,NCK1,0.8427141
5490,SLC39A5,0.711404
5491,SLC37A3,0.8613686
5492,ZBTB17,0.89138097
5493,G6PD,0.8736913
5494,USP10,0.90190697
5495,HIST1H4B,0.6890634
5496,IL17RA,0.87578344
5497,CNOT10,0.94594276
5498,TMEM125,0.9316027
5499,POM121C,0.84636366
5500,RPUSD4,0.9364683
5501,CPSF3,0.91101736
5502,VIPR1,0.8067955
5503,RIOK3,0.7880931
5504,UBL4A,0.88767093
5505,ADPGK,0.7897527
5506,ST6GALNAC1,0.8176855
5507,POLA1,0.906807
5508,BX255925.3,0.8830498
5509,HDHD2,0.9126344
5510,GTF2A1,0.882743
5511,MED30,0.92518556
5512,TMED1,0.8909992
5513,RASSF3,0.8316182
5514,SETDB1,0.88603175
5515,NFATC2IP,0.78726643
5516,MAU2,0.8995302
5517,HID1,0.83159083
5518,RAB17,0.91352004
5519,SOCS1,0.80260617
5520,SLC2A3,0.86340517
5521,ZNF644,0.8442894
5522,EARS2,0.8990178
5523,PDLIM4,0.90021765
5524,ACSL4,0.8208231
5525,GEMIN7,0.8728525
5526,RCC1L,0.88018113
5527,DONSON,0.8661509
5528,CEBPZOS,0.921687
5529,STRBP,0.94340795
5530,MGAT2,0.79141515
5531,CIAO3,0.8811916
5532,TOPBP1,0.92740583
5533,OTUD7B,0.8433711
5534,ZNF263,0.88883615
5535,VRK3,0.8961035
5536,COMMD9,0.8668346
5537,C5orf24,0.8307995
5538,DMXL1,0.78385353
5539,DCK,0.87485904
5540,ADO,0.91310287
5541,FEM1C,0.78877616
5542,TMEM18,0.9252983
5543,TFDP2,0.8787466
5544,ZW10,0.9169297
5545,DNM1L,0.87488943
5546,FAM193A,0.8612448
5547,GALNT5,0.8213486
5548,USP21,0.92421484
5549,VCPIP1,0.8133441
5550,AIFM3,0.8337042
5551,FBXO33,0.8661107
5552,LRRC8A,0.8312988
5553,ZBTB44,0.8622172
5554,PAK1IP1,0.930518
5555,DHX34,0.9127514
5556,PTRH2,0.90497255
5557,BIRC3,0.78501344
5558,RPF2,0.9249176
5559,MVB12A,0.82514805
5560,MTSS1,0.7128606
5561,CCL18,0.7712478
5562,BTF3L4,0.76768076
5563,MZF1,0.81803304
5564,MS4A6A,0.7700394
5565,FAM83D,0.86372954
5566,SLC35F2,0.9392633
5567,MTFR1,0.9217686
5568,DNAJB12,0.868061
5569,ARID4B,0.843605
5570,BAIAP2,0.8032216
5571,CDC40,0.8686182
5572,INTS14,0.93119437
5573,VWA2,0.81095713
5574,TEN1,0.889634
5575,FN3K,0.8735224
5576,FMC1,0.9175394
5577,BRPF3,0.90984875
5578,SLC30A7,0.8129679
5579,RHBDD3,0.86083525
5580,TM2D3,0.85772794
5581,SCFD1,0.79538924
5582,BMERB1,0.8834485
5583,PICK1,0.927573
5584,AKIP1,0.844019
5585,C1orf115,0.7645432
5586,TRAPPC6A,0.9017204
5587,STEAP2,0.7889682
5588,SETD4,0.87856144
5589,PODN,0.8050243
5590,DEGS2,0.880889
5591,TMEM62,0.86616117
5592,XPO7,0.86487234
5593,MKLN1,0.8271447
5594,NLK,0.87770617
5595,SDCCAG8,0.8248441
5596,OGFOD1,0.8627133
5597,POLE,0.9122817
5598,KIAA0232,0.84149045
5599,RNF166,0.881419
5600,ARL8A,0.80450207
5601,IFNAR2,0.8335723
5602,PIGH,0.8644153
5603,XAB2,0.8848682
5604,PAG1,0.7943428
5605,TPD52L1,0.8112751
5606,CEP164,0.8279709
5607,RAMP1,0.77683073
5608,ALDH16A1,0.8511098
5609,NSUN4,0.902664
5610,HOXB5,0.876215
5611,ZNF688,0.80599916
5612,XAF1,0.7738402
5613,ADK,0.8739509
5614,HIST1H3G,0.5463482
5615,USP1,0.89695317
5616,NSUN5,0.9002039
5617,VPS52,0.8562822
5618,NUP153,0.9244346
5619,MED23,0.8728099
5620,EXD3,0.81135213
5621,CHAF1A,0.9143243
5622,SNRPA1,0.85651
5623,CBY1,0.8579761
5624,PPP5C,0.81227624
5625,NDST2,0.8786288
5626,MTMR12,0.89159584
5627,EIF1AX,0.81702894
5628,DCUN1D2,0.8766698
5629,RBM19,0.9002347
5630,MMP12,0.64154696
5631,DIP2C,0.837845
5632,GPATCH8,0.8611664
5633,SLC44A3,0.88431704
5634,ANO1,0.82088363
5635,CDHR1,0.7135658
5636,RNF34,0.8285306
5637,ATF5,0.77735865
5638,ALDH3B1,0.7483332
5639,NCKIPSD,0.9084938
5640,SPIN4,0.89362067
5641,FOXN2,0.91377985
5642,ARHGEF18,0.8215627
5643,KDM2B,0.88487154
5644,FNIP1,0.8716877
5645,TGIF2,0.8887651
5646,UBE2E2,0.86753595
5647,GCAT,0.8867128
5648,PARD6B,0.854973
5649,SLC45A4,0.81840855
5650,SNRNP35,0.86986303
5651,RNF185,0.8720272
5652,DCAF10,0.90916204
5653,IFT27,0.9062401
5654,TOX3,0.89492136
5655,HGH1,0.88691187
5656,RSAD1,0.92013824
5657,SGCB,0.7728928
5658,ABTB2,0.737558
5659,MAP3K13,0.90444565
5660,CDH5,0.9145004
5661,PTGS1,0.8049543
5662,PIGS,0.88822997
5663,ACAT2,0.9134473
5664,TNFRSF11A,0.8016041
5665,ACOX3,0.85568386
5666,INPP5A,0.88936037
5667,YEATS4,0.9328791
5668,ZNF707,0.82786536
5669,ZNF277,0.88224596
5670,CHD1,0.83158934
5671,SQLE,0.87146825
5672,CRYL1,0.87117684
5673,MECP2,0.8839615
5674,PAFAH1B3,0.90312976
5675,RFC4,0.93094105
5676,FBXL3,0.7941314
5677,PHF3,0.8464699
5678,MTERF3,0.89850634
5679,ASXL2,0.8981771
5680,THOC6,0.91983306
5681,TMEM199,0.8521658
5682,SGK3,0.8261002
5683,TMEM250,0.89729774
5684,FAM98C,0.8934794
5685,FBXO28,0.9009624
5686,NFS1,0.9331606
5687,NDUFAF5,0.8420107
5688,DRAM1,0.89733607
5689,ING4,0.8757329
5690,AIFM2,0.80302685
5691,STEAP3,0.8379392
5692,CREBBP,0.8752351
5693,HARS2,0.87580806
5694,P3H4,0.8058698
5695,NUDCD1,0.9130505
5696,THUMPD1,0.8394561
5697,RHNO1,0.93353903
5698,ORC4,0.90946215
5699,MAP2K6,0.86231065
5700,URM1,0.85328025
5701,ARNT,0.85493433
5702,TRBC2,0.8555589
5703,CPNE7,0.80069375
5704,TACC3,0.882331
5705,BDP1,0.838854
5706,TADA2B,0.8659204
5707,DCHS1,0.918965
5708,IFT43,0.8754217
5709,TOP3B,0.8734645
5710,CCDC92,0.8292864
5711,TSPYL2,0.820392
5712,RHOD,0.7431265
5713,COG8,0.9024722
5714,ARRDC2,0.82595557
5715,UBL7,0.83634275
5716,SMOX,0.83374864
5717,ODF2L,0.7769549
5718,XIAP,0.83192486
5719,TMEM126A,0.86058486
5720,CCDC9B,0.77048874
5721,IPO9,0.9077835
5722,SLC8B1,0.7792945
5723,LHFPL6,0.9248783
5724,APPL2,0.8416322
5725,MTMR2,0.88721067
5726,SNAPC2,0.8095301
5727,ARFGEF1,0.9155971
5728,CEMIP,0.63397413
5729,FCHSD1,0.85355955
5730,RAB32,0.7640099
5731,PRR5L,0.8063532
5732,DAPK2,0.789769
5733,TDRD7,0.83287156
5734,RPP38,0.93981296
5735,UAP1L1,0.7461228
5736,TACO1,0.87398034
5737,RSBN1,0.86715186
5738,ATRN,0.7481539
5739,ELMO2,0.8562094
5740,LOX,0.8674541
5741,MTAP,0.8436267
5742,STIM2,0.7706502
5743,FAM111A,0.80556405
5744,BICRA,0.859723
5745,ZNF710,0.86570024
5746,ELK4,0.7530251
5747,HCCS,0.8994915
5748,POGLUT1,0.8850048
5749,ATXN1,0.85345465
5750,SLC27A3,0.8241764
5751,EFNB1,0.8119039
5752,GGT7,0.8341749
5753,TRIM21,0.82784075
5754,ARVCF,0.8469866
5755,TENT5C,0.8640461
5756,VPS41,0.72941524
5757,RGS1,0.862424
5758,ATP6V1C1,0.7971579
5759,ATF1,0.9041089
5760,CNOT9,0.87213516
5761,TRIM15,0.825155
5762,GYPC,0.93154126
5763,CYGB,0.8892601
5764,GALNT11,0.8658653
5765,MSH5,0.87585044
5766,TSPAN31,0.83440757
5767,RNF135,0.7749997
5768,ABCA1,0.86817956
5769,BIVM,0.91738254
5770,GTF2H1,0.89577436
5771,SLC2A8,0.849063
5772,PAQR4,0.8687439
5773,MYCBP2,0.81999147
5774,STARD5,0.7272353
5775,SESN2,0.8408697
5776,CC2D1B,0.86270106
5777,CYBRD1,0.80488664
5778,PRDM4,0.9307476
5779,STIMATE,0.84532964
5780,HSCB,0.8774399
5781,SYNJ2BP,0.88724214
5782,NR2C1,0.89111245
5783,DIMT1,0.8813582
5784,FAM102B,0.86493915
5785,SEZ6L2,0.7858299
5786,PURA,0.8693765
5787,SPINDOC,0.89134103
5788,MADD,0.8815303
5789,NOL9,0.87435025
5790,VAMP7,0.8427411
5791,FEZ2,0.7907774
5792,SLC50A1,0.8272955
5793,ZFHX3,0.8225964
5794,ABCG1,0.7805021
5795,ZDHHC24,0.8300525
5796,TONSL,0.87770236
5797,CLDND1,0.77271146
5798,ULK3,0.8281871
5799,ELOVL5,0.7089755
5800,SERTAD3,0.8742489
5801,LRRC42,0.86422986
5802,TEDC1,0.86990637
5803,UAP1,0.7231059
5804,DYNLT3,0.78285533
5805,RRAGA,0.8304464
5806,SMNDC1,0.8746242
5807,ABCB7,0.8945198
5808,PDIA3,0.60194945
5809,NAAA,0.79649717
5810,FLAD1,0.8770368
5811,PCTP,0.89923745
5812,PPCS,0.7706494
5813,LAMA3,0.6940342
5814,YBX1,0.5681563
5815,BFAR,0.8760851
5816,BYSL,0.9432874
5817,ANKRA2,0.7948236
5818,ELF4,0.8624172
5819,FADS3,0.750795
5820,FBXL8,0.8279568
5821,PPP1R14D,0.861849
5822,AEN,0.77234375
5823,SEC22C,0.8503022
5824,OSBPL3,0.7708192
5825,LMOD1,0.80824643
5826,ELN,0.78116524
5827,VTI1B,0.8267371
5828,RGP1,0.8083336
5829,MPP1,0.76789534
5830,HOXA7,0.8326299
5831,EXOSC3,0.9090102
5832,RNF139,0.8200108
5833,DDX55,0.89459425
5834,TAF12,0.8024063
5835,PRMT7,0.92069244
5836,ANKS6,0.854069
5837,NCOA1,0.8588516
5838,MAP1S,0.84585685
5839,ERLIN2,0.92420655
5840,AGTRAP,0.7865995
5841,CTC1,0.83750576
5842,C6orf120,0.77161
5843,PLXNA1,0.8371182
5844,SPRED1,0.71382475
5845,PCDH18,0.9118915
5846,ZNF266,0.8479212
5847,DVL2,0.8659586
5848,LGALSL,0.8496327
5849,HEBP1,0.79572356
5850,NOA1,0.9146593
5851,STK19,0.8336446
5852,MAD2L1BP,0.8761022
5853,RABIF,0.8668306
5854,RARRES1,0.6566248
5855,KMT2A,0.82662165
5856,RNF170,0.89619875
5857,SPATA2,0.89923537
5858,SMG7,0.9008079
5859,MYO5C,0.8769984
5860,ORC5,0.90528804
5861,CSTF1,0.92280364
5862,GUF1,0.9194654
5863,PRKCZ,0.9389148
5864,ZBTB10,0.8245146
5865,PLEKHF2,0.8190121
5866,ING5,0.87866485
5867,LZTS3,0.8374229
5868,STAG1,0.86277735
5869,PTDSS2,0.8945372
5870,UBIAD1,0.89640135
5871,FBXO21,0.8973471
5872,LTBP2,0.7915321
5873,MED29,0.8685591
5874,HOXA13,0.8160835
5875,TXNRD2,0.83955383
5876,RAB22A,0.8406853
5877,MVK,0.90768385
5878,TXNDC9,0.8918904
5879,REEP4,0.8483817
5880,WDR3,0.89995813
5881,CLMN,0.75900847
5882,KREMEN1,0.82578665
5883,PCYT1A,0.8453424
5884,GPATCH2,0.8747841
5885,CDC73,0.8156617
5886,REV1,0.8783245
5887,STX12,0.78738356
5888,MELK,0.9150856
5889,TSNAX,0.8409184
5890,TRAF3IP1,0.892696
5891,SPATS2,0.8067538
5892,RIOX2,0.92453253
5893,LRCH3,0.84470713
5894,AGFG2,0.8825169
5895,CHD6,0.8845408
5896,HACD2,0.9213713
5897,PLEKHA4,0.82093537
5898,SYTL2,0.7829758
5899,LIX1L,0.9000896
5900,NUDT14,0.8427345
5901,CITED4,0.79012257
5902,ARMC1,0.9199407
5903,CPTP,0.87216526
5904,RFC1,0.90653425
5905,TMEM63B,0.8937143
5906,ATG2A,0.8666809
5907,PAF1,0.88112605
5908,EZH1,0.8680967
5909,SIPA1L3,0.8823537
5910,NUCB2,0.71451545
5911,FGD4,0.79341674
5912,WWTR1,0.90594417
5913,PTGR1,0.8294342
5914,ZNF512,0.80659187
5915,EIPR1,0.9315355
5916,CMTM8,0.9569477
5917,HDAC11,0.86960185
5918,TRPM2,0.8272493
5919,MORC4,0.8362106
5920,MAD1L1,0.8501956
5921,PANK4,0.87655854
5922,KRIT1,0.80265516
5923,MAFG,0.8107988
5924,SETD1B,0.8957494
5925,MALSU1,0.899339
5926,MIER2,0.8767992
5927,PHLDA3,0.86041045
5928,HMGCS2,0.42865634
5929,ENTPD7,0.80438405
5930,TMEM38B,0.8958746
5931,AUH,0.8735709
5932,MARVELD2,0.9409689
5933,PTPRK,0.8083234
5934,NOXO1,0.754179
5935,CELF2,0.7559623
5936,CLEC11A,0.90105104
5937,CEP95,0.9150937
5938,BCLAF3,0.8322546
5939,UBAP2,0.9288311
5940,GOLGA1,0.8748351
5941,HEXIM1,0.7406268
5942,CLSTN3,0.8529304
5943,CBR4,0.9044811
5944,YARS2,0.8628839
5945,MARF1,0.8435031
5946,TINF2,0.8302318
5947,ORAI1,0.89333344
5948,P3H1,0.9130976
5949,TMED7,0.7038303
5950,KANK1,0.84648705
5951,ZNF586,0.76888955
5952,FAM107B,0.7329256
5953,KDM3A,0.78073484
5954,RIT1,0.83510953
5955,CLN8,0.8096374
5956,SLC7A6OS,0.8845003
5957,PHKB,0.8593975
5958,RNF121,0.8745018
5959,LRRC58,0.84122527
5960,GPR89B,0.87090385
5961,GPSM2,0.83812755
5962,MED6,0.86803836
5963,EFEMP2,0.83217955
5964,UGGT2,0.8557222
5965,ZNF507,0.90110093
5966,TP53BP2,0.8338084
5967,OSBPL7,0.8880175
5968,PAQR8,0.893703
5969,BTBD10,0.8620599
5970,UBXN2A,0.8638712
5971,CASZ1,0.83134013
5972,UBE2G1,0.8106672
5973,CNOT4,0.83032763
5974,HMCES,0.84960836
5975,PPP4R3B,0.812909
5976,MRRF,0.88602334
5977,C9orf85,0.83024514
5978,C2CD5,0.88867486
5979,TEX2,0.8967923
5980,CA2,0.68696016
5981,RDH14,0.88643366
5982,HS1BP3,0.84598875
5983,SNX27,0.8710949
5984,RNF20,0.9099285
5985,TMEM41A,0.8853443
5986,TTC7A,0.79724675
5987,CIR1,0.84393233
5988,ANPEP,0.65199524
5989,RBFA,0.83958346
5990,NMI,0.85870486
5991,RALGPS1,0.91974103
5992,NSMCE1,0.8269493
5993,LRP6,0.8773142
5994,ATP6V1D,0.71315134
5995,FUT6,0.83559847
5996,DDHD2,0.8233913
5997,GABBR1,0.85536534
5998,RMDN1,0.9041055
5999,RMND5B,0.8963038
6000,PCDH7,0.93788534
6001,HDGFL3,0.8758506
6002,OGG1,0.87903875
6003,ZG16B,0.76232916
6004,MTOR,0.8415218
6005,PER1,0.85226595
6006,SMAD5,0.8716677
6007,STX17,0.9099812
6008,RAVER2,0.93237174
6009,VPS26C,0.8471582
6010,GAB2,0.86928827
6011,KCNK6,0.8187158
6012,PIK3R1,0.75344914
6013,ANG,0.85610956
6014,DDX51,0.89083487
6015,DCAF1,0.8665485
6016,ACBD5,0.89109147
6017,ZNF652,0.8376874
6018,SUGP2,0.8164128
6019,IMPA2,0.7749362
6020,CEP192,0.8538053
6021,ZFYVE28,0.8006952
6022,TRIM14,0.89637077
6023,SC5D,0.88696843
6024,SYT7,0.7588062
6025,ATE1,0.87931055
6026,PREX1,0.8810599
6027,INO80,0.8955439
6028,CAPS,0.7621324
6029,FCGR2A,0.86607206
6030,KDM4B,0.88032824
6031,ELK3,0.8681208
6032,TBCK,0.85918003
6033,SMPD1,0.83127725
6034,RABGGTA,0.852933
6035,LTV1,0.90986055
6036,CITED2,0.80113703
6037,ARHGAP31,0.90277416
6038,MTHFS,0.9117182
6039,SH3TC1,0.87392
6040,ADGRA2,0.91557235
6041,ARL3,0.8499077
6042,UCK1,0.86059
6043,TSFM,0.9012081
6044,SMAD6,0.7337381
6045,PLD2,0.80997676
6046,TAF11,0.88171816
6047,GOLT1B,0.79952645
6048,IQCB1,0.8861737
6049,TMEM8B,0.85787886
6050,DNAJB9,0.7702361
6051,CRTC2,0.8164162
6052,GLI4,0.81882334
6053,TANC1,0.829491
6054,SMIM19,0.86247784
6055,ANKIB1,0.856974
6056,FAN1,0.92139983
6057,SPOPL,0.8549267
6058,SLC38A7,0.8076655
6059,MAP3K2,0.726471
6060,KAT7,0.880422
6061,SHANK3,0.7880187
6062,NRBF2,0.7712143
6063,NXT1,0.88352376
6064,RPH3AL,0.8189197
6065,CDC42BPG,0.9158353
6066,VPS9D1,0.7275919
6067,FAM214A,0.8089409
6068,ARMC6,0.9372715
6069,MPDU1,0.79735965
6070,GAS1,0.8795386
6071,TRAFD1,0.91418225
6072,CNTRL,0.87693506
6073,YRDC,0.8172302
6074,NEURL1B,0.7675199
6075,NAGA,0.6888607
6076,NOL6,0.9272667
6077,SLC39A4,0.72483927
6078,ZNRF3,0.8882997
6079,TMEM140,0.88944036
6080,HDAC4,0.7642498
6081,RAB11FIP5,0.8780236
6082,WDR12,0.93456733
6083,DNM1,0.84650105
6084,ZNF827,0.8718838
6085,GPT2,0.8804124
6086,MACC1,0.7363767
6087,SAMD5,0.685328
6088,CORO2A,0.91941553
6089,CASP8AP2,0.90153944
6090,PODXL,0.78270036
6091,KIDINS220,0.7507126
6092,RGS16,0.84294087
6093,ZNF292,0.84702665
6094,DLC1,0.8676457
6095,HOXB8,0.75895584
6096,DNMT3A,0.8654576
6097,ATP8A1,0.8320196
6098,PDGFB,0.85691965
6099,FGD2,0.8323647
6100,SPATA33,0.90129095
6101,BIRC5,0.90275145
6102,NCR3LG1,0.8798818
6103,C1orf35,0.91054255
6104,METTL17,0.84471303
6105,VSNL1,0.8102337
6106,TRMT61A,0.88061416
6107,CLPB,0.923862
6108,RRAS2,0.86763215
6109,ORAI2,0.8560863
6110,PINK1,0.72866553
6111,HIST1H2AI,0.6980712
6112,MEN1,0.8711635
6113,C11orf95,0.8870256
6114,VPS16,0.8336335
6115,NFE2L3,0.78555155
6116,HPS1,0.7995718
6117,PPL,0.83970153
6118,LHFPL2,0.7498563
6119,NR3C2,0.8420081
6120,CNOT6,0.89680016
6121,HIC1,0.87792206
6122,PARP6,0.84611887
6123,PRPF4,0.89675
6124,SLU7,0.7819859
6125,PDE9A,0.8216153
6126,MTURN,0.815855
6127,IFI27L1,0.7514637
6128,NR2C2,0.8276427
6129,CEP63,0.90573674
6130,TMEM132A,0.75970465
6131,SMIM29,0.86492723
6132,RCOR1,0.84334505
6133,AP5M1,0.8350944
6134,ABCE1,0.9139656
6135,NUP155,0.94344366
6136,DHRSX,0.8637916
6137,TTL,0.8065777
6138,YES1,0.87332964
6139,SYS1,0.8240105
6140,AKT3,0.858662
6141,LPIN1,0.82239556
6142,EVA1B,0.9122297
6143,UPF2,0.87824804
6144,ODF2,0.87881196
6145,SNX29,0.8530577
6146,RECQL4,0.88163966
6147,CUL5,0.8552356
6148,TTF2,0.93321687
6149,ZNF587B,0.8904179
6150,TMEM243,0.85307014
6151,CPSF2,0.83366627
6152,HPS6,0.84297746
6153,PTPN3,0.9179951
6154,ARL6IP6,0.90631336
6155,ANKRD22,0.804002
6156,MATN2,0.7967591
6157,BIK,0.7481478
6158,TLCD3A,0.8809223
6159,HINT2,0.8933493
6160,ACOT11,0.8731141
6161,LPCAT3,0.84758204
6162,RNFT1,0.82275283
6163,PPP2R3B,0.8633726
6164,SLC29A2,0.94655126
6165,ZNF562,0.8771072
6166,FMN1,0.73280925
6167,MLLT10,0.89915544
6168,OGFOD2,0.8514644
6169,STRN3,0.81206346
6170,CCNA2,0.89008456
6171,HDDC3,0.9273925
6172,ZNF7,0.88297904
6173,HMG20A,0.8469302
6174,TWSG1,0.8507964
6175,GRK3,0.8570914
6176,NOC3L,0.8663519
6177,SCO2,0.7096551
6178,HDHD5,0.9264542
6179,GPR137,0.8088947
6180,RIC8B,0.88938266
6181,NCAPG2,0.8383963
6182,TFAP4,0.91490495
6183,SVIP,0.82456106
6184,HPF1,0.8670743
6185,LRSAM1,0.8635097
6186,LMAN2L,0.8847366
6187,EEF1E1,0.94137347
6188,SLC66A3,0.8509155
6189,TPST2,0.80107766
6190,AOAH,0.6370365
6191,STK26,0.90217286
6192,MED14,0.87447864
6193,DTNBP1,0.8850096
6194,ENTPD2,0.80038834
6195,SOX12,0.8199844
6196,NKD2,0.6767189
6197,ARHGEF38,0.850506
6198,MED21,0.87303144
6199,ALDH1A1,0.6134384
6200,MIA3,0.7514937
6201,GNPNAT1,0.89470094
6202,NCOA5,0.9332846
6203,DTD1,0.9026014
6204,SIN3B,0.8382558
6205,ZDHHC18,0.82523793
6206,SYNRG,0.83536726
6207,GALE,0.8765464
6208,ACAD11,0.90673214
6209,USP24,0.81907713
6210,ZNF32,0.8390967
6211,FER,0.79833883
6212,PRR15,0.858117
6213,AAGAB,0.8453453
6214,SESN1,0.73122805
6215,EPS15,0.74271816
6216,TANK,0.76942736
6217,UNC5B,0.8230949
6218,WNT5A,0.72241384
6219,ZNF687,0.8588519
6220,PARP12,0.70807
6221,CPPED1,0.78983307
6222,ATM,0.7857706
6223,CYP4V2,0.85922873
6224,AVPI1,0.78823787
6225,RBM18,0.87922347
6226,HMOX1,0.8095557
6227,ARMCX6,0.7988737
6228,NAPEPLD,0.917427
6229,AIMP2,0.9306221
6230,ABHD17B,0.82493204
6231,MPZL2,0.84491605
6232,XRCC1,0.91431844
6233,MYRF,0.7656292
6234,PARG,0.8659012
6235,TJAP1,0.89992446
6236,BCCIP,0.8879861
6237,IDE,0.88741213
6238,SEC24A,0.7254514
6239,SLC25A26,0.92616045
6240,SLC35B3,0.7969347
6241,FEM1A,0.9108984
6242,DUSP11,0.83957106
6243,SIRT5,0.8804726
6244,FH,0.87464327
6245,ZNF248,0.87492925
6246,APCDD1,0.70281225
6247,TRIQK,0.8633471
6248,DPAGT1,0.9008242
6249,KIF11,0.88492036
6250,EIF3E,0.6767188
6251,ACSF2,0.8389142
6252,INPP1,0.8708746
6253,PHC1,0.84818506
6254,PEMT,0.8780155
6255,NAA50,0.778201
6256,CDR2L,0.8367111
6257,HSPA14,0.9243222
6258,NFRKB,0.8814238
6259,SYTL1,0.64953184
6260,RPA1,0.8735208
6261,FOXA2,0.8462478
6262,ZC3H8,0.91202486
6263,KLF7,0.8441809
6264,BCL10,0.7758304
6265,LRRC8D,0.92257357
6266,SMIM10L1,0.8902543
6267,GDPD5,0.72646713
6268,DAAM1,0.8371446
6269,CCDC61,0.85410327
6270,SGMS1,0.8339757
6271,COMMD1,0.83824223
6272,SLC39A6,0.7679854
6273,PROS1,0.676241
6274,RASD1,0.6615685
6275,ELP5,0.83494276
6276,CD34,0.94202954
6277,SCAMP1,0.8771214
6278,FGF7,0.8320542
6279,MAFB,0.8739667
6280,DOP1B,0.8753171
6281,DCPS,0.83543205
6282,OXR1,0.79924905
6283,DYM,0.7420195
6284,PDSS1,0.9468668
6285,MFSD6,0.8825317
6286,RRP8,0.8768643
6287,FTSJ1,0.8564608
6288,DRG2,0.8204153
6289,EP400,0.90250695
6290,RPTOR,0.85396785
6291,FRMD8,0.8384597
6292,GTF2B,0.816415
6293,CLASP1,0.8347547
6294,NUDT9,0.83627474
6295,COL27A1,0.7235116
6296,ALOX5,0.79791564
6297,LHPP,0.79409254
6298,RNF169,0.8429917
6299,CTR9,0.91056424
6300,GPX3,0.7878545
6301,NLE1,0.9508492
6302,CNTROB,0.885686
6303,TFPT,0.84310186
6304,MIF4GD,0.8478556
6305,LYRM4,0.87851316
6306,GPN2,0.87067187
6307,GJB1,0.9093813
6308,SLC30A6,0.8956653
6309,ACER3,0.8310233
6310,TMEM60,0.87054396
6311,PARP9,0.7787543
6312,TEAD3,0.875573
6313,C12orf45,0.8853622
6314,RNF214,0.88647234
6315,GALNT4,0.79588205
6316,NSMAF,0.86513364
6317,TICAM1,0.8236618
6318,MAP2K4,0.7541477
6319,SIN3A,0.88004637
6320,MTFP1,0.84105194
6321,ENKD1,0.816492
6322,PPIL1,0.93956137
6323,TP53INP2,0.7221126
6324,BCL2,0.7492325
6325,ZNF264,0.8654009
6326,SCAF8,0.8393919
6327,NUP107,0.8731223
6328,NGRN,0.7840548
6329,TCHP,0.8822267
6330,FAM104B,0.9227158
6331,ISOC1,0.8593371
6332,USP48,0.7445644
6333,ERMP1,0.92509115
6334,PCF11,0.8028553
6335,L3MBTL2,0.9011328
6336,TARBP2,0.8972685
6337,PLEKHA5,0.8858793
6338,MTR,0.8442429
6339,RNF19A,0.82757884
6340,PRDM5,0.8209814
6341,KLK10,0.57047987
6342,CHMP2B,0.7906273
6343,SLC25A44,0.89274603
6344,ZNF462,0.86112005
6345,FOXA1,0.769464
6346,CEP350,0.77828616
6347,AMOTL2,0.7571653
6348,ZNF316,0.86563236
6349,IMMP1L,0.9034394
6350,RNF14,0.8222591
6351,BCL11A,0.85532105
6352,RAMP3,0.81925005
6353,UBE2N,0.8549442
6354,CLDN15,0.7576725
6355,PTPRB,0.79799575
6356,ZNF524,0.8393873
6357,KYAT3,0.82795906
6358,SLC25A16,0.8664475
6359,CFAP410,0.7354662
6360,ANLN,0.9260531
6361,MPND,0.90548414
6362,CHEK2,0.954821
6363,ENO2,0.7101311
6364,FOCAD,0.91892546
6365,MX2,0.66954434
6366,GLE1,0.90001494
6367,NME6,0.8945384
6368,SSC5D,0.9190869
6369,CCL24,0.65870905
6370,INPP5D,0.83793133
6371,CDCA7L,0.9056374
6372,TCAF1,0.79349154
6373,TSC2,0.8725626
6374,SRPRB,0.6872445
6375,SLC15A3,0.8648298
6376,SHC2,0.83613604
6377,GLRX,0.6464199
6378,LARS2,0.92149127
6379,NAA15,0.8736858
6380,FAM171A1,0.91832924
6381,SIPA1L1,0.8518323
6382,SMARCD1,0.78283274
6383,SLC39A10,0.87683886
6384,NUP210,0.9071445
6385,GLIPR1,0.8091727
6386,COA6,0.85752493
6387,ENDOD1,0.7712207
6388,TGFBRAP1,0.9185834
6389,COA5,0.8206612
6390,YTHDF3,0.75055397
6391,HLCS,0.85912615
6392,CHIC2,0.73996294
6393,IFFO1,0.88605094
6394,GRB7,0.85018927
6395,AARSD1,0.86587286
6396,IPO8,0.8433778
6397,SORBS2,0.84379977
6398,PPP1R3B,0.7680921
6399,FBXO44,0.7796784
6400,IER5L,0.7027723
6401,PI3,0.64238495
6402,EHBP1,0.8011113
6403,ZNF124,0.87296045
6404,HPGD,0.8051716
6405,TMEM106C,0.75405943
6406,GRIN2D,0.85243094
6407,FBXL6,0.7638226
6408,CNNM2,0.831572
6409,HS2ST1,0.8287375
6410,ABCD4,0.8942539
6411,EOGT,0.8355075
6412,ZC3H7A,0.82054436
6413,DHRS11,0.8991119
6414,PDS5B,0.8921524
6415,RRS1,0.9064058
6416,RBM22,0.8617967
6417,CLRN3,0.8898472
6418,JRK,0.85741466
6419,TLE1,0.7430308
6420,PHACTR4,0.8788022
6421,AMZ2,0.892044
6422,CISD1,0.81252986
6423,SCLT1,0.8799536
6424,RPP25L,0.8695197
6425,CCDC22,0.8706975
6426,SLC35A2,0.90904814
6427,STK16,0.9337959
6428,SPOP,0.8243375
6429,SAP130,0.90388554
6430,EMILIN2,0.9014248
6431,LRRK1,0.84946525
6432,SRGAP1,0.8002016
6433,RRNAD1,0.87574255
6434,GPSM3,0.8213196
6435,ANKRD50,0.8267068
6436,FCHO2,0.83424
6437,LRRC40,0.858815
6438,YTHDC2,0.7891701
6439,TMEM222,0.84207386
6440,EME2,0.86628264
6441,TTC12,0.8747607
6442,TBC1D5,0.8289301
6443,ZNF621,0.8778943
6444,P3H3,0.90520495
6445,ZBTB47,0.8500668
6446,TBC1D2,0.7246086
6447,ZNF552,0.83467
6448,CENPP,0.9067824
6449,SP110,0.8815874
6450,VSIG10,0.9098708
6451,GCNT3,0.7344494
6452,ZNF189,0.8217514
6453,GAS8,0.90505713
6454,AGBL5,0.9214999
6455,SGMS2,0.80766195
6456,TSPAN2,0.85158455
6457,PRKAB2,0.8612048
6458,RHBDD1,0.81202763
6459,SEC24B,0.74962896
6460,FHOD1,0.84107566
6461,FAM174A,0.727887
6462,NAT14,0.84732205
6463,VIRMA,0.8543022
6464,TMED8,0.8108124
6465,MTREX,0.87768644
6466,ECD,0.8490108
6467,LRCH1,0.8323413
6468,S1PR3,0.8898756
6469,SEPTIN6,0.8600665
6470,PEX1,0.8954661
6471,SNAPC5,0.8487246
6472,SPTY2D1,0.86044484
6473,FCHSD2,0.8771826
6474,GNE,0.76450616
6475,SPRED2,0.8959238
6476,FAM118B,0.88497007
6477,TMTC4,0.8841284
6478,SKAP2,0.8336239
6479,ANKRD13B,0.9072517
6480,C3orf38,0.859088
6481,PRAG1,0.777007
6482,HMGXB4,0.8873797
6483,GTF3C4,0.91715753
6484,POLR3C,0.90864223
6485,ESAM,0.9022232
6486,IGFBP6,0.88284093
6487,SMARCAD1,0.8789745
6488,NUMBL,0.85223275
6489,PTTG1,0.88799113
6490,STK36,0.8681217
6491,TATDN1,0.88863844
6492,S100PBP,0.8849954
6493,SIK2,0.79184914
6494,TTC19,0.8602172
6495,RPAP2,0.7687969
6496,PPTC7,0.85733026
6497,HSDL2,0.856213
6498,LRP3,0.82070524
6499,TSHZ2,0.7549943
6500,VANGL1,0.8550583
6501,HINFP,0.90901667
6502,ANKRD49,0.8808022
6503,HMGCR,0.8428466
6504,DDX19B,0.91622037
6505,EGFR,0.8071861
6506,RIPK1,0.7835876
6507,UBXN11,0.8111423
6508,BTN3A1,0.74000573
6509,GXYLT2,0.823502
6510,RABGEF1,0.7770554
6511,PMM2,0.8457684
6512,RASAL2,0.83259666
6513,RAD17,0.8556026
6514,PPP1R14C,0.73935825
6515,IFT52,0.86693484
6516,C11orf54,0.84919775
6517,STMN3,0.7132642
6518,TMEM223,0.85000795
6519,PDE6D,0.84388924
6520,VAPA,0.6470417
6521,IMMP2L,0.86414576
6522,SLA,0.7931307
6523,ZSWIM4,0.81633276
6524,PGAM5,0.9021355
6525,SENP5,0.83986324
6526,PLEK,0.83225554
6527,ZNF24,0.7898314
6528,NOXA1,0.8477581
6529,RCAN3,0.87200606
6530,ZNF581,0.9024397
6531,TSPAN17,0.8612097
6532,SERGEF,0.8317468
6533,PPP3CC,0.7788164
6534,ZBTB11,0.8681866
6535,ZFYVE9,0.85376203
6536,RNF113A,0.8821453
6537,RRAGB,0.8035901
6538,TP53BP1,0.87683886
6539,TCTN3,0.81331253
6540,RFC2,0.9281415
6541,PRR14L,0.86440974
6542,TENT4B,0.8978114
6543,C2orf72,0.8154589
6544,OGFRL1,0.80331755
6545,INPP5B,0.84636813
6546,PDSS2,0.8924839
6547,TBC1D10A,0.8420703
6548,NFATC4,0.8904628
6549,C7orf26,0.8559931
6550,CPOX,0.8892006
6551,ITPKB,0.8326313
6552,B4GALT4,0.872464
6553,RAPGEF5,0.76781046
6554,RTL10,0.9001806
6555,DENND3,0.7757517
6556,AP1S2,0.7993063
6557,KMT5C,0.9038682
6558,DPM2,0.8944212
6559,PRORP,0.8990354
6560,GNPAT,0.8124651
6561,AMT,0.8460112
6562,SPRYD4,0.9125828
6563,MIPEP,0.91592467
6564,NARS2,0.92183095
6565,MARCH8,0.77783924
6566,IFT80,0.8426556
6567,RRP9,0.93236184
6568,CCL28,0.78719014
6569,FBXO11,0.8048801
6570,AKTIP,0.88014585
6571,GLCE,0.7538906
6572,CDC6,0.90944165
6573,DDI2,0.8780919
6574,FANCI,0.89622283
6575,FAM110C,0.76287925
6576,MPPE1,0.84051454
6577,PRKX,0.7676385
6578,ENDOG,0.86150426
6579,DARS2,0.9162101
6580,GLMP,0.72602
6581,UBR7,0.8641534
6582,MPI,0.8514264
6583,KRT23,0.6299419
6584,PIKFYVE,0.8378361
6585,ERGIC2,0.7905142
6586,C1QTNF6,0.8157793
6587,ARID2,0.83277166
6588,CAAP1,0.9018141
6589,ZNF254,0.81158364
6590,UBA6,0.9008113
6591,UMPS,0.9189807
6592,TIMM22,0.7859768
6593,CCNB2,0.8989205
6594,ASB13,0.8717704
6595,NPC1,0.7707297
6596,CCDC186,0.80388534
6597,DIP2B,0.8774389
6598,PPT1,0.7345974
6599,ADAMTS12,0.861127
6600,ADAM17,0.7859184
6601,NEXN,0.8422915
6602,LGALS8,0.7521971
6603,LY6G6D,0.6187257
6604,SLC20A2,0.80777764
6605,TMEM183A,0.7620566
6606,APEX2,0.8718986
6607,GALK2,0.8258729
6608,ICAM3,0.73990035
6609,NAA30,0.8575331
6610,C4orf19,0.88878286
6611,APOBEC3C,0.8333786
6612,YTHDF1,0.79935133
6613,LMBR1L,0.8152243
6614,ACP6,0.92055327
6615,ABCC4,0.80531055
6616,PARVG,0.85270125
6617,DIS3L2,0.8813157
6618,FAM20B,0.78499395
6619,ADARB1,0.9144262
6620,VARS2,0.88275546
6621,RPAP1,0.9058874
6622,FNDC1,0.8609172
6623,COA7,0.9426078
6624,MERTK,0.75791955
6625,CAPRIN2,0.82069093
6626,PACSIN3,0.8048235
6627,METTL22,0.8664001
6628,PIGQ,0.825002
6629,RIPOR1,0.8100456
6630,ABT1,0.8950424
6631,AC118549.1,0.77781004
6632,ZNF12,0.8973588
6633,SH2B3,0.8471275
6634,XPR1,0.8690625
6635,POP7,0.9413018
6636,USP42,0.86320734
6637,PBX3,0.8561026
6638,ITGA7,0.8026833
6639,RFWD3,0.8946601
6640,COMMD3,0.77861786
6641,CEP57,0.8812745
6642,ENOX2,0.851054
6643,ZFYVE16,0.79302067
6644,MTMR3,0.83396804
6645,AKAP10,0.7741468
6646,HMBOX1,0.801426
6647,ANKRD27,0.90458256
6648,GLIPR2,0.8409116
6649,CRNKL1,0.8508178
6650,HIPK1,0.79525423
6651,ZNF335,0.9113326
6652,CINP,0.87199277
6653,MARVELD3,0.93781704
6654,TARS2,0.9050148
6655,ATXN7L1,0.8212481
6656,CUL9,0.8688886
6657,LAGE3,0.90389335
6658,MALT1,0.8456366
6659,EGLN1,0.73285633
6660,MAD2L2,0.7998665
6661,AURKB,0.89223754
6662,PCGF1,0.83417296
6663,UNC13D,0.7625006
6664,GPX8,0.89978665
6665,PLEKHB1,0.78173274
6666,TET2,0.8627787
6667,CCDC59,0.8988658
6668,NFKBIB,0.87794036
6669,MMP19,0.7873473
6670,HAGHL,0.84846306
6671,TK2,0.8543495
6672,FOXM1,0.90743643
6673,MGMT,0.6078876
6674,COL8A1,0.77744395
6675,BTF3,0.71231496
6676,RUNDC1,0.8197848
6677,RINT1,0.8666162
6678,SLC4A7,0.7370745
6679,UTP18,0.86484605
6680,DNAJC14,0.8964253
6681,NCBP3,0.7694558
6682,NEO1,0.76926416
6683,ZNF629,0.84736544
6684,WDR27,0.8593733
6685,ZHX1,0.7901458
6686,WWC1,0.8518675
6687,ABCB8,0.8545081
6688,RCOR3,0.7517673
6689,A4GALT,0.95076746
6690,ID4,0.79565066
6691,EMC2,0.73892826
6692,RFTN1,0.88401896
6693,PPIH,0.86713237
6694,SLC7A8,0.83225185
6695,MAP3K21,0.8801769
6696,NNT,0.8586421
6697,SAPCD1,0.88805544
6698,NUBP1,0.85674155
6699,BRAP,0.8734286
6700,ANKRD40,0.83925754
6701,HNF1B,0.81057566
6702,SMUG1,0.76972055
6703,TMEM192,0.90852106
6704,TRNAU1AP,0.8252027
6705,SUSD1,0.90062314
6706,CLOCK,0.8401008
6707,CHEK1,0.9196087
6708,TTC13,0.8951026
6709,TERF2,0.78639925
6710,SRRD,0.8690211
6711,CXorf38,0.8867035
6712,GCA,0.9083968
6713,POLR1C,0.87771684
6714,FAM172A,0.7406258
6715,PTPN4,0.9025836
6716,DDX52,0.90497756
6717,MANBA,0.8151707
6718,CXXC5,0.70942754
6719,PWWP2A,0.8257092
6720,CCDC32,0.79775363
6721,PARP3,0.86092955
6722,SAMD8,0.79963917
6723,GIT2,0.79905933
6724,IL17RC,0.8248374
6725,GTF2H4,0.88157827
6726,FBXL12,0.7832874
6727,AHI1,0.8743333
6728,HNF4G,0.87284
6729,FAM76B,0.8471972
6730,KCNAB2,0.7419686
6731,MSRA,0.85388464
6732,KIF22,0.85730284
6733,LANCL1,0.8182829
6734,ERCC3,0.8755271
6735,FBF1,0.8491379
6736,FAM98A,0.90363115
6737,PDCL,0.89550376
6738,SMIM14,0.7666669
6739,HEG1,0.8617984
6740,ARHGAP11A,0.8909153
6741,PADI2,0.61561835
6742,EID2,0.7956369
6743,TLE3,0.7984076
6744,EFEMP1,0.6522748
6745,ZSCAN25,0.8447637
6746,SLC35A3,0.80490005
6747,SFMBT1,0.921964
6748,SLC43A1,0.86552197
6749,COQ2,0.8849183
6750,SLC25A12,0.8596914
6751,ZNF623,0.8703887
6752,BBS1,0.8411407
6753,RAB2B,0.7717671
6754,MTHFD2,0.7101078
6755,PPME1,0.909373
6756,AARS2,0.8562849
6757,MPP7,0.74769205
6758,UBALD1,0.8243906
6759,PIGP,0.8997978
6760,DOCK8,0.8726975
6761,CEP131,0.9014667
6762,MORC3,0.8016548
6763,CNEP1R1,0.8216432
6764,PLA2G4B,0.8526499
6765,SCARF1,0.86151415
6766,KIFAP3,0.8076584
6767,ARHGAP39,0.84650755
6768,PIK3R4,0.86237234
6769,TRAPPC13,0.8796078
6770,RAB11FIP2,0.864951
6771,TWISTNB,0.92921466
6772,RALGAPA1,0.7976665
6773,FANCF,0.9376697
6774,KIAA1109,0.7557398
6775,INPP4A,0.82345384
6776,LY6G5B,0.8427868
6777,RFC3,0.92765135
6778,UBE2L3,0.8039672
6779,VPS13D,0.7815153
6780,SRD5A1,0.8509409
6781,ERLIN1,0.8895939
6782,PRR7,0.9251296
6783,CHTF8,0.8076486
6784,MGA,0.8159514
6785,COBLL1,0.8623234
6786,SIX5,0.88501054
6787,CYP27A1,0.7820423
6788,HEYL,0.80635977
6789,PHF14,0.869585
6790,LRRC45,0.87712747
6791,BBS2,0.7854029
6792,PLSCR4,0.8138476
6793,ULK2,0.8713674
6794,GNG5,0.76077044
6795,COL17A1,0.7810648
6796,PIAS3,0.8533116
6797,WDR70,0.79405016
6798,ALDH1A3,0.8810603
6799,SMIM13,0.82893026
6800,SYNM,0.76331884
6801,PINX1,0.81994945
6802,CLEC2D,0.8695021
6803,MID1,0.8850892
6804,AEBP2,0.822938
6805,CNOT6L,0.8247147
6806,SEMA4G,0.84319365
6807,CMC2,0.8682448
6808,RELB,0.7470265
6809,UBA5,0.8027511
6810,CDAN1,0.8023907
6811,POLR1E,0.84343374
6812,XRCC3,0.8148997
6813,CCDC43,0.91696775
6814,JADE1,0.837743
6815,NAB2,0.8366277
6816,ERI2,0.9318097
6817,FADS2,0.7218942
6818,ITGA9,0.7203424
6819,GALNT7,0.83000165
6820,OARD1,0.87769103
6821,SLC25A22,0.86557776
6822,RANGRF,0.868646
6823,SRRM1,0.7209587
6824,MAST4,0.7930156
6825,CEP89,0.8522439
6826,LCLAT1,0.9111076
6827,RPRD2,0.83833754
6828,RAPGEF2,0.84096146
6829,ELP4,0.9067337
6830,PTPRD,0.7680859
6831,MSMO1,0.74540985
6832,POLR3GL,0.811942
6833,NSMCE3,0.8191825
6834,SPAST,0.9146286
6835,DNAJC30,0.8571541
6836,TATDN3,0.8666042
6837,ASMTL,0.7294703
6838,BABAM2,0.83716226
6839,USP20,0.89724004
6840,IKBIP,0.921008
6841,BLOC1S3,0.8680305
6842,PTPRN2,0.7207889
6843,PTGER4,0.74949116
6844,ALKBH6,0.88575554
6845,MBD5,0.8361007
6846,MARCH9,0.8816804
6847,TMEM64,0.7481837
6848,CHST12,0.9072037
6849,PLAGL2,0.81765914
6850,NT5DC1,0.8403901
6851,CNKSR3,0.7544318
6852,ZNF302,0.840801
6853,SPRTN,0.83619094
6854,JADE2,0.79853547
6855,ZNF680,0.83557856
6856,DNAJC11,0.7936846
6857,ATG7,0.83560693
6858,VSIG4,0.7987677
6859,ARHGAP9,0.85226
6860,SOCS5,0.7810326
6861,FAM83G,0.88160044
6862,HMGA2,0.80434674
6863,PAQR3,0.8173906
6864,AKAP12,0.8797379
6865,HEMK1,0.8477459
6866,CTPS2,0.85677767
6867,GLIS2,0.85579085
6868,MXD3,0.86429
6869,SEMA3F,0.704879
6870,MCPH1,0.8434518
6871,ENOSF1,0.8392266
6872,RAP1GAP,0.65651566
6873,OTULIN,0.8438676
6874,KLHL2,0.7961925
6875,PHAX,0.80958426
6876,ATP6V1G1,0.78820103
6877,DUSP2,0.65721846
6878,NCKAP5L,0.8434431
6879,SYNJ2,0.8123531
6880,ZFAND2A,0.7518972
6881,VTA1,0.87662613
6882,TMUB1,0.8095276
6883,NAPG,0.7665523
6884,GTF2H5,0.8222756
6885,MNAT1,0.81382304
6886,FZD7,0.78096724
6887,MMD,0.788683
6888,PAK1,0.83079946
6889,FAM110A,0.88174075
6890,XDH,0.798701
6891,SDAD1,0.90454674
6892,GINS1,0.9220875
6893,PTCD1,0.90637416
6894,TRAM2,0.8738021
6895,CCNT2,0.84551
6896,CNST,0.8162687
6897,UBN2,0.86142683
6898,EPB41,0.8702645
6899,ANKRD37,0.7122835
6900,NQO2,0.8142871
6901,UPRT,0.8529401
6902,C1GALT1C1,0.903404
6903,QPCT,0.7306235
6904,BRCA1,0.89565617
6905,FHL3,0.86709213
6906,TBC1D24,0.8706118
6907,TMEM135,0.84644085
6908,CACNB3,0.82507855
6909,PCCB,0.7972645
6910,DENND11,0.80190617
6911,KDELR3,0.7618976
6912,ZNF142,0.84313303
6913,CCDC125,0.8383207
6914,CDH3,0.8201356
6915,TCTN1,0.8028334
6916,LACTB2,0.85200685
6917,DYSF,0.8573721
6918,WDR60,0.8206153
6919,KLHL22,0.9013284
6920,TUBGCP5,0.899121
6921,MIGA1,0.80664873
6922,CTBS,0.7271853
6923,DDB2,0.8013657
6924,ACAP1,0.8381453
6925,PDP1,0.7453186
6926,SLC10A7,0.84551805
6927,DPH3,0.80655843
6928,XYLT2,0.86772734
6929,GAB1,0.87756985
6930,IMPA1,0.8309954
6931,CMTM7,0.78563476
6932,CES3,0.85737693
6933,RMND1,0.9174327
6934,BAP1,0.796435
6935,UVSSA,0.87119544
6936,PIGZ,0.8137781
6937,TBX2,0.9170256
6938,NBAS,0.8272095
6939,SLC25A46,0.7709542
6940,UBE2T,0.8445994
6941,ABHD4,0.8608406
6942,IQSEC2,0.8326393
6943,ZNF224,0.85075337
6944,C2orf69,0.8722326
6945,AGMAT,0.90168494
6946,BLOC1S5,0.90308225
6947,SLC22A23,0.782554
6948,ZMYM4,0.76658106
6949,YIPF5,0.71989954
6950,GAS7,0.8685688
6951,ACADS,0.838146
6952,WDR37,0.839558
6953,SLC48A1,0.84428865
6954,ADGRG6,0.7305845
6955,IL1RN,0.71746737
6956,MKKS,0.8890997
6957,SCFD2,0.85930175
6958,SFSWAP,0.83998525
6959,ETAA1,0.87396127
6960,TRIM52,0.8411373
6961,XRN1,0.7220792
6962,ME1,0.7460114
6963,PCSK5,0.79454863
6964,NCAPH,0.88539654
6965,RNASEH2B,0.8650968
6966,MAPK9,0.853913
6967,SNRPE,0.77001506
6968,PNPLA4,0.9155892
6969,PCNX4,0.8187003
6970,WDR4,0.89462495
6971,PAPOLG,0.8802997
6972,GLT8D2,0.84720784
6973,SCO1,0.8325547
6974,RCBTB1,0.8993594
6975,MCM8,0.89085287
6976,WDSUB1,0.8562768
6977,FLNC,0.68221086
6978,GALM,0.8429779
6979,ADA2,0.8425175
6980,UBE2W,0.829663
6981,FGFR1OP,0.87694025
6982,EIF2B2,0.89048594
6983,RCL1,0.88127035
6984,MTMR6,0.80819654
6985,GNA12,0.8251231
6986,OLFML3,0.83314115
6987,SASH1,0.8609484
6988,FYCO1,0.89756036
6989,RAP1GDS1,0.8198063
6990,DUSP7,0.8670226
6991,PAIP1,0.8230458
6992,PRRG1,0.7548334
6993,ATG4D,0.9019666
6994,NOD1,0.8733425
6995,ABCB6,0.7950437
6996,CEP128,0.8236646
6997,MFAP2,0.7977545
6998,PHETA1,0.85845184
6999,OTUD3,0.8652944
7000,MICALL1,0.83551574
7001,RAB12,0.73670936
7002,LXN,0.8054824
7003,TRIM37,0.8095692
7004,ENPP4,0.89375454
7005,CRB3,0.86980283
7006,TET3,0.91602564
7007,DEPTOR,0.76156145
7008,EFNA3,0.84166354
7009,OSGIN2,0.8086096
7010,ARHGEF25,0.7655071
7011,MSH6,0.9052625
7012,HIST1H4I,0.5023815
7013,CERS5,0.7802427
7014,DCAF13,0.84216017
7015,SPAG1,0.74060667
7016,CLMP,0.84916663
7017,UFL1,0.8923768
7018,BCAS3,0.7542781
7019,LRP8,0.88725305
7020,COQ5,0.87276286
7021,SH2D4A,0.7644161
7022,SLC43A3,0.7452458
7023,NGLY1,0.82116824
7024,ATMIN,0.80557674
7025,FAM222B,0.8578716
7026,RAD54L,0.9091615
7027,PID1,0.5890959
7028,SBF2,0.83394283
7029,TUSC1,0.82939565
7030,GABPB2,0.81196296
7031,DHFR,0.75414926
7032,LENG1,0.84655535
7033,PSMD12,0.773546
7034,CHFR,0.7402644
7035,UNC119B,0.87485147
7036,NGDN,0.8902514
7037,COG6,0.8743611
7038,CAMK1D,0.7553789
7039,LDLRAD4,0.79171157
7040,THUMPD3,0.8900376
7041,RFT1,0.8611151
7042,PEAK1,0.7991147
7043,CLEC2B,0.9077486
7044,GINM1,0.75847113
7045,FAM83B,0.8505917
7046,AHDC1,0.7893096
7047,ADCK2,0.90787
7048,NR4A2,0.6860975
7049,ZNF747,0.8117028
7050,DCAKD,0.8587513
7051,ZDHHC13,0.9167928
7052,CDK5RAP1,0.80709344
7053,SPECC1L,0.793463
7054,CPT2,0.89761037
7055,TRIM16,0.83080214
7056,RELT,0.8189939
7057,HAUS2,0.86433583
7058,WWP1,0.842571
7059,PIGU,0.8385287
7060,TDG,0.8562331
7061,CPQ,0.76424956
7062,SESTD1,0.7831866
7063,RNF8,0.91441596
7064,C1RL,0.8161327
7065,BTN3A3,0.8052713
7066,NEPRO,0.8530193
7067,EVI5L,0.82057023
7068,GSAP,0.8065247
7069,LPCAT2,0.810587
7070,DPY19L4,0.90253973
7071,C2orf49,0.8969155
7072,TNRC6A,0.76406175
7073,TMEM167A,0.6527387
7074,PAFAH2,0.8711209
7075,NSDHL,0.903458
7076,TLDC2,0.8962027
7077,AGO3,0.8884305
7078,KRR1,0.8452893
7079,COX7A1,0.88026667
7080,BLZF1,0.8148852
7081,ELMOD2,0.8207255
7082,MFSD9,0.8597906
7083,GCDH,0.8683824
7084,SFT2D3,0.86475295
7085,NPNT,0.8349612
7086,FPR3,0.83869284
7087,TST,0.6770388
7088,APOL3,0.84481007
7089,MCEE,0.87192893
7090,EAF1,0.7997913
7091,TEPSIN,0.8533651
7092,PHF8,0.86549276
7093,ZNF362,0.8285747
7094,C3orf52,0.82845354
7095,ZNF280D,0.76036245
7096,GPRIN3,0.8365917
7097,TMEM65,0.7958828
7098,SAMD12,0.8599191
7099,CHCHD6,0.9047868
7100,JAM3,0.9098301
7101,RNF103,0.8213255
7102,KIF20B,0.86282223
7103,MPV17,0.7041128
7104,PLEKHM1,0.78331655
7105,SLC36A1,0.88697416
7106,GPHN,0.85920084
7107,CWF19L1,0.88706183
7108,IPPK,0.8621286
7109,PRKAG1,0.8137062
7110,KIAA1211,0.8011969
7111,MECOM,0.78705746
7112,SCLY,0.91344005
7113,DTD2,0.8598707
7114,HSD17B12,0.69752795
7115,DMD,0.80875146
7116,PDK2,0.8164637
7117,LAIR1,0.8853485
7118,RGS14,0.7972791
7119,AJUBA,0.8281892
7120,BLVRA,0.80497015
7121,MBOAT1,0.83958566
7122,CGREF1,0.80399066
7123,IRF2BP1,0.8684561
7124,ZKSCAN8,0.8589937
7125,QSER1,0.8125085
7126,RUFY1,0.80285376
7127,GDPD3,0.8634307
7128,IPO13,0.78736556
7129,BCAS4,0.7852016
7130,HSPA2,0.80835
7131,ORAI3,0.71605486
7132,ASCC1,0.85241973
7133,LSG1,0.90182513
7134,PSMD5,0.8670508
7135,TEAD2,0.8209966
7136,WHAMM,0.80117
7137,FAM192A,0.7750393
7138,FAM189B,0.86859065
7139,CERK,0.70141643
7140,MT1F,0.6178151
7141,DPP8,0.7880969
7142,NASP,0.7909031
7143,MTHFSD,0.871404
7144,RIC1,0.8423579
7145,DUSP12,0.8834957
7146,HACL1,0.87435824
7147,UBTD2,0.8363319
7148,ZFYVE21,0.8143472
7149,PGAP2,0.9113058
7150,SHOC2,0.76213133
7151,STARD4,0.86490846
7152,SLC9A6,0.84725
7153,RNF157,0.8864895
7154,CDCA4,0.8437689
7155,PLEKHG1,0.7742362
7156,FAAH2,0.84269166
7157,MEIS1,0.87951195
7158,TIMELESS,0.9040653
7159,DAPK1,0.7644672
7160,APBB3,0.82900316
7161,AFAP1L2,0.80483973
7162,LRRC61,0.8085106
7163,ABCF2,0.8113367
7164,KLHL9,0.8360856
7165,IRAK4,0.84346366
7166,MED11,0.8276831
7167,KIF18B,0.9005623
7168,KANSL2,0.87608945
7169,NUDT8,0.9150908
7170,SPATA2L,0.7836918
7171,TP53INP1,0.84982604
7172,FAM200B,0.8377193
7173,BAG2,0.76801765
7174,ZNF445,0.82261384
7175,C11orf71,0.851944
7176,SUFU,0.87172216
7177,ZNF561,0.85176367
7178,HSD17B8,0.89355934
7179,NDC1,0.8563557
7180,PUS7,0.9201559
7181,ADPRHL2,0.82356536
7182,ALKBH2,0.862091
7183,MTIF2,0.8800522
7184,GRK5,0.7246302
7185,MTMR14,0.76489025
7186,METTL23,0.8142764
7187,ZNF318,0.8903812
7188,LRIG2,0.81269366
7189,IRF2BPL,0.8409794
7190,ZFP62,0.88598096
7191,ZNF426,0.8024981
7192,PKNOX1,0.9138751
7193,ICE2,0.85659635
7194,TMEM184A,0.77649033
7195,RILP,0.8202174
7196,TUBE1,0.8729589
7197,PTPRO,0.76152533
7198,NETO2,0.70683736
7199,PJA1,0.842431
7200,TMEM69,0.87014115
7201,ITM2A,0.8300393
7202,ZC3H7B,0.7794391
7203,TOR1AIP1,0.75002706
7204,AMMECR1,0.86732143
7205,CBL,0.85549146
7206,BMP2,0.8162785
7207,TTC39C,0.77537435
7208,PDE8A,0.7933917
7209,METTL21A,0.8859863
7210,SCRN1,0.6954119
7211,PSMG4,0.86834884
7212,SLC15A4,0.83276826
7213,CLEC16A,0.8442667
7214,PHKA2,0.8661419
7215,ZNF331,0.7754771
7216,EMC9,0.86705744
7217,EFL1,0.90346146
7218,TMLHE,0.9004358
7219,LATS2,0.8597869
7220,ZMAT3,0.70258605
7221,DPCD,0.8712697
7222,MEF2B,0.775808
7223,ATP8B2,0.8358666
7224,SOS1,0.77930516
7225,SLIT3,0.7992978
7226,CYB5R4,0.835488
7227,CDKN1C,0.68818885
7228,PDE7A,0.8619548
7229,DDX50,0.8797345
7230,BCOR,0.84157926
7231,BTBD9,0.8765089
7232,MINDY1,0.80293655
7233,FAM219A,0.8488066
7234,SLC27A1,0.84407747
7235,ERCC6,0.8934788
7236,YAE1,0.8443042
7237,CRIPT,0.8009632
7238,ARMC7,0.84369195
7239,MYEOV,0.77486503
7240,ITGA4,0.8535381
7241,CFAP20,0.88148814
7242,TIGAR,0.86489534
7243,MRE11,0.8269873
7244,DLL1,0.7386584
7245,PRKAG2,0.7598906
7246,SARS2,0.8898074
7247,PDCD2L,0.9049501
7248,LRP4,0.75039905
7249,USPL1,0.82466954
7250,MAML2,0.7468365
7251,RHOT1,0.8760399
7252,RRP12,0.84196204
7253,ZNF346,0.7990301
7254,MCTP2,0.7845065
7255,LRMDA,0.76779217
7256,PBLD,0.778407
7257,PLEKHH1,0.9163274
7258,CRY1,0.7749543
7259,LACTB,0.7541739
7260,PSD3,0.7041109
7261,ANKS4B,0.9067606
7262,C10orf99,0.7854434
7263,C18orf32,0.6866061
7264,ZNF574,0.8932041
7265,INPP5K,0.78228164
7266,PMAIP1,0.8596392
7267,ARHGEF9,0.8195724
7268,ARSB,0.8694818
7269,TMEM204,0.81099015
7270,H2AFY2,0.78304017
7271,SEPHS1,0.850162
7272,SWI5,0.8137686
7273,PI4K2B,0.82596624
7274,OASL,0.7331883
7275,ASRGL1,0.7739895
7276,PDCD10,0.83044875
7277,TARSL2,0.8261907
7278,MRM2,0.9133236
7279,ZG16,0.4508256
7280,ALKBH4,0.8445175
7281,B3GALNT2,0.85446656
7282,PHF21A,0.7862597
7283,BUD13,0.88953596
7284,MAPK8,0.7730164
7285,LCP2,0.7985524
7286,CHAMP1,0.9080429
7287,ZNF267,0.76293266
7288,CDH24,0.852068
7289,SLC25A43,0.90543073
7290,DHX32,0.83384115
7291,AASDHPPT,0.91084754
7292,B4GAT1,0.8143308
7293,EVI5,0.7223574
7294,B3GNT8,0.8674312
7295,MAP3K14,0.824972
7296,MEGF8,0.8475875
7297,TTC8,0.7599553
7298,ACD,0.87487984
7299,MEX3C,0.89053816
7300,ADAP2,0.8796648
7301,DLST,0.81463456
7302,SAC3D1,0.8740629
7303,EPG5,0.87088674
7304,DYNC1LI1,0.8299131
7305,PTPMT1,0.8754109
7306,PMS2,0.892344
7307,GFOD2,0.8763587
7308,EIF2S2,0.6778688
7309,CDC42EP2,0.6912233
7310,CAMK2G,0.81289953
7311,QRSL1,0.94554985
7312,EPS8L1,0.777533
7313,ATAD2,0.79949296
7314,C5orf22,0.88731974
7315,PTGIS,0.7424585
7316,SARM1,0.8151043
7317,HERC6,0.72628385
7318,ZFP90,0.7997415
7319,STXBP1,0.7127777
7320,RIOK2,0.89864373
7321,SPHK1,0.8396308
7322,CPEB2,0.7963937
7323,UMAD1,0.8337421
7324,DPH1,0.78773475
7325,ANO10,0.77844733
7326,TENT2,0.77514875
7327,ADCY9,0.83508086
7328,CFL2,0.84410626
7329,BTN2A1,0.7177084
7330,WDR20,0.819042
7331,LIPG,0.81383723
7332,EED,0.828938
7333,ATAD2B,0.85355055
7334,CACNA1H,0.7759866
7335,TBC1D15,0.8257771
7336,STC1,0.6710605
7337,RIDA,0.9026991
7338,NFYA,0.8176213
7339,BCKDHA,0.8724344
7340,WBP4,0.77981085
7341,LPAR5,0.8721222
7342,NADK2,0.8691198
7343,GPR157,0.8021577
7344,LAMA2,0.86614126
7345,COG7,0.7973635
7346,CCDC137,0.849442
7347,RBM27,0.8016421
7348,ATR,0.85952723
7349,GCH1,0.8233465
7350,PPP1R21,0.77532965
7351,ALOX5AP,0.79209393
7352,PDK3,0.8622566
7353,ZNF785,0.79486126
7354,TCEAL1,0.8049518
7355,PHLPP2,0.786556
7356,CSNK1G3,0.71817946
7357,NKAPD1,0.826221
7358,DTX3,0.8655256
7359,RAD9A,0.78533953
7360,DIPK1A,0.83117247
7361,TFEB,0.7855466
7362,BLOC1S4,0.8214126
7363,C5AR1,0.7741098
7364,SIKE1,0.78950036
7365,MAN1A2,0.77433884
7366,RICTOR,0.81471765
7367,INPP4B,0.8348993
7368,ERI1,0.82043797
7369,ITGB3,0.79647785
7370,DSN1,0.8801957
7371,KIF9,0.89926493
7372,TPPP3,0.6760831
7373,BCAT1,0.8790137
7374,WDYHV1,0.8956517
7375,KAT8,0.8213916
7376,TRIM24,0.82916045
7377,ACAD8,0.8970528
7378,FBXO25,0.8355018
7379,ZNF414,0.904754
7380,ESCO1,0.8085137
7381,CD40,0.8268867
7382,HIST1H2AC,0.73388594
7383,B3GNT5,0.8307514
7384,GTF2A2,0.6291516
7385,FOXRED1,0.8730024
7386,COL9A2,0.689007
7387,NCDN,0.82351047
7388,MAP3K3,0.88868517
7389,FUOM,0.71225846
7390,STC2,0.77039874
7391,SCMH1,0.872076
7392,CEP44,0.8450619
7393,SNX11,0.81621027
7394,NF1,0.75671595
7395,UBE3D,0.8249496
7396,U2AF1L4,0.88108826
7397,PITPNM2,0.8376645
7398,STRADB,0.86861265
7399,COMMD10,0.81745
7400,ZBTB48,0.85309184
7401,MMGT1,0.8006323
7402,SMU1,0.78777695
7403,MRGPRF,0.8893433
7404,BAZ2B,0.7104937
7405,MDFIC,0.7866774
7406,EFHC1,0.8554756
7407,RFLNB,0.8056881
7408,TMEM209,0.881786
7409,RAB28,0.7107911
7410,SLC23A2,0.7889248
7411,POLR3K,0.8295877
7412,SERPINB5,0.7425774
7413,GUCY2C,0.81772935
7414,VCPKMT,0.86320955
7415,C17orf75,0.860036
7416,ASH2L,0.76235217
7417,FBXW8,0.83206934
7418,CS,0.82511187
7419,AREL1,0.8400058
7420,USP31,0.85402155
7421,STS,0.7444065
7422,SEPSECS,0.80740225
7423,ITGB3BP,0.9060039
7424,METRN,0.7212711
7425,TAF2,0.78844416
7426,EPB41L3,0.7873367
7427,CHD8,0.82444894
7428,DCP1B,0.8795433
7429,ANK3,0.7291525
7430,ABCA5,0.78872216
7431,POLB,0.88124704
7432,ADAMTS9,0.7835819
7433,CWC22,0.8368035
7434,RIPK2,0.77065504
7435,NMT2,0.79239166
7436,TSPOAP1,0.67788213
7437,PLEKHG4,0.8995449
7438,UPF3B,0.89816386
7439,COQ10B,0.6924964
7440,LRRC75A,0.7419245
7441,SPSB2,0.83052397
7442,SAV1,0.84198385
7443,GRPEL2,0.839147
7444,NSMCE2,0.79225683
7445,ANKRD54,0.8822045
7446,CCDC68,0.7563713
7447,KIFC3,0.78929335
7448,SIAH1,0.7941589
7449,FKBP15,0.7576286
7450,NAV2,0.8632404
7451,MIER3,0.8431833
7452,MANSC1,0.87001336
7453,DNAL4,0.89674485
7454,ACTR5,0.9058846
7455,PCK1,0.74115205
7456,CHST15,0.8689384
7457,IGF1,0.806023
7458,KLHL6,0.78586584
7459,MGME1,0.87020403
7460,NUAK2,0.8870055
7461,COIL,0.8584075
7462,TSNARE1,0.8543348
7463,BAZ1A,0.77788454
7464,LRRC57,0.88487536
7465,SDSL,0.8046437
7466,GTSE1,0.9064624
7467,GLB1L2,0.85711104
7468,ZNF493,0.80389106
7469,CD3EAP,0.884428
7470,TNFRSF10A,0.8399971
7471,NREP,0.7464257
7472,WDR48,0.85839546
7473,SLC30A5,0.79984045
7474,CHI3L1,0.6647561
7475,TAB1,0.85137707
7476,PROSER3,0.85462546
7477,TRANK1,0.8072756
7478,RNGTT,0.8273703
7479,C3orf70,0.8545359
7480,SMPDL3B,0.8215764
7481,DDX60L,0.8055407
7482,CAMKMT,0.8736182
7483,SNIP1,0.8475159
7484,SAP25,0.68648356
7485,ZYG11B,0.7132089
7486,ZMYM3,0.8477322
7487,PIP4P1,0.88287395
7488,VSIG2,0.6187772
7489,E2F5,0.88272727
7490,NAA25,0.8143949
7491,POU2AF1,0.8653145
7492,DOP1A,0.84189165
7493,POGLUT3,0.7673427
7494,DHRS12,0.8576643
7495,TMEM51,0.79796565
7496,HAT1,0.8206638
7497,C1orf109,0.9238987
7498,TMEM131,0.79321563
7499,KHK,0.8372703
7500,MAP3K8,0.7662767
7501,ZNF503,0.67907286
7502,ZNF580,0.824745
7503,NDUFAF7,0.84504884
7504,POC1B,0.86376417
7505,MTERF2,0.8523309
7506,TMEM53,0.8905748
7507,LYRM1,0.81724125
7508,KPNA6,0.79795796
7509,SHPRH,0.6959337
7510,IL27RA,0.80540174
7511,C9orf64,0.85907316
7512,ATP11C,0.7881395
7513,CEP170,0.8759535
7514,IFT172,0.8141429
7515,DBF4,0.9137807
7516,TNFSF12,0.87981564
7517,IL10RA,0.7887198
7518,IL22RA1,0.8781785
7519,HMGCL,0.77054024
7520,RHOQ,0.68693644
7521,PRKAR2B,0.7340137
7522,PHF6,0.85495675
7523,ABHD18,0.8563093
7524,RAP2C,0.774126
7525,PELI1,0.79914194
7526,CUL2,0.8725533
7527,SYNC,0.82487214
7528,FOXRED2,0.86820745
7529,FAT4,0.8990779
7530,TM4SF5,0.822465
7531,NFATC2,0.8148013
7532,UTP14A,0.758133
7533,CPVL,0.7203066
7534,SHANK2,0.87541723
7535,CASP10,0.76503557
7536,CD52,0.6989661
7537,CLCN5,0.8863081
7538,PTPN9,0.80234784
7539,SDC2,0.799057
7540,AZI2,0.761417
7541,ZNF268,0.79778636
7542,NFKBID,0.8182038
7543,PIK3R3,0.8140501
7544,FARS2,0.86589175
7545,DAGLB,0.8822276
7546,ZNF639,0.85703003
7547,PXK,0.8473083
7548,TPMT,0.8110811
7549,OTUD6B,0.8849992
7550,CCNF,0.9224835
7551,DOCK11,0.805373
7552,IFFO2,0.76776934
7553,EIF2B3,0.8361738
7554,SLC22A3,0.8092548
7555,CENPS,0.86713594
7556,IFT46,0.8340477
7557,GLA,0.86368215
7558,KLHL7,0.80581325
7559,ITGB6,0.84349066
7560,WDFY2,0.77449316
7561,GGCX,0.78508985
7562,LNPK,0.8452187
7563,HECTD4,0.81877536
7564,CD109,0.8020342
7565,NIPSNAP3A,0.8406342
7566,GEMIN4,0.9105461
7567,MAP3K10,0.82994187
7568,MTRES1,0.8622237
7569,TRMT61B,0.8385974
7570,RNF38,0.81230295
7571,RNF24,0.82411444
7572,MROH6,0.7975601
7573,TEX10,0.881553
7574,AMMECR1L,0.8582728
7575,APC,0.8500671
7576,MMUT,0.85555035
7577,APMAP,0.6517536
7578,DMXL2,0.7641526
7579,FXR2,0.7994915
7580,MTFMT,0.86500853
7581,SEPTIN1,0.7835434
7582,EXOSC9,0.85193723
7583,NAV1,0.8347433
7584,FKTN,0.8579883
7585,ZFP41,0.8055785
7586,TOM1L2,0.74449015
7587,R3HCC1L,0.8278616
7588,NR4A3,0.7963624
7589,CDK5RAP2,0.84769166
7590,INVS,0.8426573
7591,CTTNBP2NL,0.66398144
7592,STN1,0.73319644
7593,CBLL1,0.85963523
7594,MFAP1,0.7952824
7595,GLRX2,0.81569314
7596,GCLM,0.83590746
7597,ZNF550,0.8104019
7598,ZSCAN29,0.8758823
7599,SMC6,0.8587311
7600,PPM1M,0.8733262
7601,ANKRD12,0.7069782
7602,CD58,0.730097
7603,TOR1B,0.79386544
7604,IFT22,0.8061108
7605,FOXF1,0.82456404
7606,DNHD1,0.79714054
7607,UVRAG,0.85202855
7608,ABLIM2,0.84282297
7609,AKR1C3,0.7216878
7610,BOLA3,0.8489533
7611,BEX4,0.79374266
7612,CDK11B,0.83847487
7613,TOMM20,0.64025414
7614,PEX7,0.8846385
7615,FBXO38,0.7895538
7616,SPAG16,0.81203234
7617,SAMD9L,0.7831081
7618,RSBN1L,0.7826816
7619,CCDC120,0.8137667
7620,PYROXD1,0.84409183
7621,TBL1X,0.8062515
7622,DCP2,0.76414305
7623,LPAR2,0.81087077
7624,ITPRIP,0.85432416
7625,CD4,0.7773605
7626,PLXDC1,0.92101103
7627,ABCB1,0.73631394
7628,COG5,0.7876496
7629,ACAD10,0.830492
7630,ZNF436,0.8464966
7631,ANGPTL4,0.67883
7632,IL15RA,0.7880722
7633,RBBP9,0.826556
7634,TMEM175,0.81136477
7635,PLGRKT,0.7638048
7636,RIPK3,0.8101217
7637,ARMC9,0.8969832
7638,MMP7,0.6279775
7639,S100A2,0.76738954
7640,IMPACT,0.69439536
7641,PPP1R8,0.7677021
7642,FEZ1,0.8375888
7643,ZBTB43,0.7812341
7644,ZNF700,0.794161
7645,TRIP13,0.9211684
7646,SMIM3,0.7940458
7647,CYTIP,0.822204
7648,OBSCN,0.8417572
7649,CPT1B,0.84403276
7650,NPHP4,0.8480397
7651,PTER,0.88698584
7652,PGM2L1,0.8135757
7653,ZRANB1,0.8120833
7654,PLN,0.7764693
7655,YBEY,0.8511096
7656,CDC23,0.88121545
7657,SF3B4,0.7695168
7658,RECQL,0.79378617
7659,HIP1,0.8034653
7660,CRBN,0.83953416
7661,MARC2,0.77448016
7662,DOK1,0.7990197
7663,TRMT1L,0.7865122
7664,GAPVD1,0.8155539
7665,C15orf39,0.69987655
7666,FSD1L,0.79287165
7667,CCDC88C,0.7836738
7668,ZNF274,0.81241953
7669,DUSP4,0.68076974
7670,PHTF2,0.74142313
7671,RITA1,0.8822819
7672,NPRL2,0.85809594
7673,CTU2,0.87444735
7674,FRMD6,0.89577526
7675,FGGY,0.65559393
7676,STBD1,0.7782135
7677,LRWD1,0.8597298
7678,PPP1R3D,0.84789693
7679,CMTR2,0.87075466
7680,MUTYH,0.8205878
7681,SULT1A1,0.6336392
7682,MLYCD,0.8410714
7683,TFPI,0.75209177
7684,HIST1H2BB,0.6571806
7685,TEP1,0.8105674
7686,EXOC6B,0.79967844
7687,TMEM120B,0.8342012
7688,RECQL5,0.84783936
7689,CTCF,0.86608464
7690,CDK8,0.8509113
7691,HELZ,0.734464
7692,RAP1GAP2,0.7761767
7693,RTL6,0.8483352
7694,ATP10D,0.8249154
7695,SYDE2,0.8563203
7696,ASPN,0.82618845
7697,HSD3B7,0.77420676
7698,MTX1,0.7657719
7699,CEACAM7,0.7168727
7700,SP140L,0.7379963
7701,CLYBL,0.8539852
7702,HIRIP3,0.8222962
7703,BORA,0.92483944
7704,KLHL20,0.8075212
7705,SAMD4A,0.82683665
7706,EGR3,0.6341784
7707,TRNT1,0.8745186
7708,DIPK2A,0.8013774
7709,AGER,0.8524795
7710,GJB3,0.8085069
7711,PARVB,0.8298549
7712,TSEN15,0.8975075
7713,SMURF1,0.78314745
7714,C9orf152,0.8596461
7715,RASAL1,0.8042181
7716,AQP3,0.649169
7717,ZNF140,0.81927234
7718,SYDE1,0.89912057
7719,EFNA2,0.85630655
7720,BCL2L15,0.7782219
7721,NCF4,0.7564585
7722,LRP5L,0.8552431
7723,ABI2,0.6667603
7724,POLK,0.7818626
7725,PPP1R13L,0.8408723
7726,SLC25A30,0.75546116
7727,KLF11,0.8760495
7728,CDCA5,0.897481
7729,KIAA1549,0.87295324
7730,AHNAK2,0.8414908
7731,SMURF2,0.7663282
7732,PRKCE,0.8276833
7733,CPXM1,0.7643696
7734,PSRC1,0.87293196
7735,FAM241A,0.739655
7736,SLC35D1,0.8029739
7737,PDE3B,0.8295881
7738,RNF111,0.8306156
7739,MOB1B,0.848864
7740,OLFML2A,0.84823817
7741,GRB10,0.73514515
7742,HERC1,0.80985034
7743,C22orf39,0.8715899
7744,DSTYK,0.8556963
7745,NLRP1,0.8317922
7746,ZNF460,0.65777636
7747,C2CD2L,0.8469776
7748,MTMR10,0.80538094
7749,THBS3,0.7738431
7750,ZNF75D,0.8338829
7751,IPO11,0.84414774
7752,ITSN2,0.70615923
7753,CDK2,0.87845016
7754,GBP4,0.7313932
7755,PPARGC1A,0.7932512
7756,PIP4K2A,0.8078494
7757,ELOVL6,0.8393661
7758,FMNL1,0.862738
7759,CDA,0.68381494
7760,IL6R,0.7860595
7761,PNPLA8,0.7215499
7762,PDE3A,0.79413354
7763,ZBTB45,0.82314897
7764,INTS12,0.80822015
7765,NFATC1,0.85557705
7766,GSTCD,0.924818
7767,IPO4,0.83980703
7768,KIAA0513,0.7925405
7769,NUDT2,0.8712783
7770,TPCN2,0.8207288
7771,RFC5,0.90266955
7772,KCTD14,0.87483317
7773,SPAG5,0.8868503
7774,CCDC24,0.8657349
7775,IRGQ,0.67222965
7776,CDIP1,0.57008284
7777,CAB39L,0.74087757
7778,PBK,0.87569284
7779,SESN3,0.69767785
7780,TRMT44,0.8134194
7781,SLC25A19,0.90375984
7782,RAD51AP1,0.89983284
7783,GPKOW,0.8779142
7784,HAUS8,0.88478696
7785,TMEM80,0.8007793
7786,ZNF134,0.7777577
7787,MINDY3,0.7380131
7788,CHRDL2,0.7536785
7789,ZNF516,0.84738415
7790,WDR24,0.80726707
7791,TLR2,0.7788364
7792,CHST14,0.76306814
7793,NKAP,0.86513376
7794,MAP3K4,0.84584427
7795,SP2,0.86061877
7796,CEP120,0.7744056
7797,CDC37L1,0.7916423
7798,CAVIN2,0.84619564
7799,FYN,0.77754056
7800,HOXB4,0.6653867
7801,NFKBIL1,0.7955368
7802,GNB4,0.8759853
7803,LYSMD2,0.8248014
7804,ELMOD3,0.81111085
7805,SKIV2L,0.80837333
7806,DCLRE1C,0.8659584
7807,ZBTB20,0.72330564
7808,RASA3,0.7870363
7809,NYNRIN,0.81665754
7810,RND3,0.5151928
7811,ELP3,0.7479559
7812,SVBP,0.78571653
7813,EDN1,0.6201292
7814,PLCXD1,0.7220281
7815,MOK,0.73464125
7816,ACTR8,0.78593713
7817,RCCD1,0.89267385
7818,ACACB,0.77644265
7819,KATNA1,0.88610435
7820,ZSWIM9,0.8461204
7821,MAPK12,0.8260662
7822,WDFY3,0.84952503
7823,EDRF1,0.7984426
7824,COMMD2,0.8815787
7825,SMPDL3A,0.73550874
7826,OSBPL5,0.73585874
7827,RWDD2B,0.8482087
7828,CARD16,0.6333732
7829,SHROOM2,0.79256326
7830,FBXO3,0.7443695
7831,PHETA2,0.7978783
7832,F13A1,0.7158731
7833,ARFIP1,0.78056085
7834,GHDC,0.8217576
7835,ZNF398,0.9079889
7836,ADA,0.75394404
7837,GNG11,0.8891886
7838,CLEC14A,0.8252789
7839,IGSF9,0.8440993
7840,AGR3,0.72523564
7841,TBC1D8,0.7455985
7842,ARMC10,0.7223212
7843,UTP11,0.78758264
7844,CHCHD4,0.8890286
7845,CYTH4,0.8470026
7846,DTNA,0.78925025
7847,PPARA,0.8971755
7848,BUB1,0.9419064
7849,IRS1,0.77469254
7850,RASSF6,0.85939044
7851,FAM3B,0.59771776
7852,UBXN7,0.840677
7853,ARAP3,0.8300321
7854,C6orf226,0.7486416
7855,CISH,0.8570095
7856,UFSP2,0.79437697
7857,TLN2,0.81837994
7858,SMG6,0.82068926
7859,EEF1AKMT4,0.9319017
7860,UBTD1,0.8073472
7861,REXO4,0.84914213
7862,STYXL1,0.72210693
7863,DDR2,0.8687704
7864,PANX1,0.72305644
7865,VWA5A,0.69418794
7866,ISCA2,0.8148857
7867,OVOL2,0.8342101
7868,TTC22,0.7632283
7869,PDCD7,0.822088
7870,UTP25,0.8711912
7871,BNC2,0.86412555
7872,WFDC1,0.82088935
7873,N4BP2,0.8562399
7874,ZNF143,0.8337174
7875,EIF2B4,0.8631585
7876,THNSL2,0.8426191
7877,R3HDM1,0.86005
7878,C20orf96,0.79275006
7879,GPR137B,0.789353
7880,L2HGDH,0.8940428
7881,KIAA0556,0.8236069
7882,MYPOP,0.84116495
7883,TOP3A,0.8540277
7884,LRRC75B,0.74823064
7885,AGTPBP1,0.78159845
7886,LCORL,0.82729644
7887,ASB7,0.77913606
7888,SLCO2A1,0.79439735
7889,CTSO,0.772543
7890,CMC4,0.7763527
7891,C12orf43,0.8522721
7892,ANKRD46,0.846305
7893,ZBTB2,0.86669713
7894,RPUSD3,0.9144631
7895,CACFD1,0.79145384
7896,ZNF646,0.7932547
7897,BICD1,0.80715406
7898,CKAP2,0.8381271
7899,PRPF18,0.79002804
7900,ERBIN,0.5468726
7901,NIBAN1,0.8672988
7902,NOS2,0.6171669
7903,PPT2,0.8321346
7904,TRAF1,0.8298068
7905,SLC66A1,0.8307933
7906,RBM12B,0.82323027
7907,ZBTB7C,0.74574536
7908,FAM217B,0.8673881
7909,ABHD14A,0.80633825
7910,DIXDC1,0.83670664
7911,PIGM,0.8553962
7912,CYP2R1,0.8504524
7913,DLL4,0.8061279
7914,TMEM164,0.8844854
7915,JARID2,0.8155389
7916,SPRYD7,0.89840513
7917,SPG7,0.6355984
7918,SLC8A1,0.74153906
7919,MAGEH1,0.8830781
7920,BRD3OS,0.8078645
7921,FAM76A,0.79176587
7922,MTCL1,0.76470965
7923,SLC35E4,0.85238224
7924,AGT,0.63534033
7925,YIPF1,0.83227956
7926,C16orf70,0.7628474
7927,RSF1,0.77908194
7928,PLA2R1,0.8087658
7929,BANP,0.82262546
7930,PIP4P2,0.83577245
7931,FAM221A,0.83033395
7932,TSPYL4,0.8023144
7933,RAPGEF6,0.8739899
7934,ZNF212,0.84781116
7935,FOXO4,0.83433557
7936,NIPAL1,0.8737255
7937,GYG1,0.76205885
7938,PASK,0.88207865
7939,TTC7B,0.8108538
7940,KMT5A,0.7243582
7941,GNB5,0.8387854
7942,SECTM1,0.5257591
7943,KCTD2,0.7894147
7944,UHRF1BP1,0.8882294
7945,ZNF236,0.7954983
7946,C11orf80,0.8283516
7947,TASP1,0.7482077
7948,UNC119,0.79663676
7949,FAM89A,0.8263134
7950,TPBG,0.6846626
7951,MIOS,0.7893886
7952,YBX2,0.84852606
7953,FASTKD5,0.8331414
7954,BBS7,0.80411416
7955,CCDC106,0.82244074
7956,ANKMY2,0.7555694
7957,HOXA5,0.76319546
7958,LMTK2,0.7712636
7959,CCDC174,0.8211556
7960,DMAC2L,0.8647849
7961,PPM1D,0.8149503
7962,HOMER1,0.80050933
7963,FITM2,0.8455605
7964,BICDL1,0.80355287
7965,HAX1,0.7519084
7966,VMAC,0.80260885
7967,ZBP1,0.7061644
7968,MDC1,0.87899715
7969,ARHGEF35,0.88658756
7970,PRICKLE3,0.9029924
7971,PRPSAP2,0.83913976
7972,FUT11,0.76551443
7973,CCDC3,0.8391984
7974,KIF26B,0.8709854
7975,TTPAL,0.7629008
7976,TBC1D25,0.7449817
7977,TMCC3,0.8256902
7978,FGR,0.8296553
7979,ASF1A,0.8694835
7980,SETD1A,0.8870064
7981,MORN2,0.8374445
7982,ALG14,0.8419185
7983,DDX60,0.75426143
7984,ALKBH3,0.87727314
7985,FASTKD1,0.80361956
7986,TSHZ1,0.8272292
7987,SOAT1,0.83118314
7988,PIK3AP1,0.7624048
7989,FAM135A,0.867258
7990,ADAT1,0.8173033
7991,AP5S1,0.8392048
7992,FAM120C,0.73133236
7993,FAM83E,0.8043455
7994,C2CD2,0.79103357
7995,TMX3,0.75635344
7996,AP4M1,0.8690325
7997,OPA3,0.8299838
7998,TTC33,0.7762527
7999,SULT2B1,0.7867277
8000,METTL7B,0.8958094
8001,RFLNA,0.75000113
8002,RNF6,0.80024004
8003,IL11,0.69402456
8004,METTL1,0.8718118
8005,FLVCR1,0.8732814
8006,TMEM184C,0.896661
8007,CCDC159,0.7542589
8008,TNFAIP8L1,0.88189024
8009,PDE4B,0.81138635
8010,MSANTD4,0.8121702
8011,RHOBTB1,0.7271675
8012,SLC25A15,0.9234761
8013,IL11RA,0.7242201
8014,RUSC2,0.85470957
8015,ABRAXAS1,0.83623356
8016,DGKH,0.83145225
8017,MTF2,0.8305406
8018,NPAT,0.80390406
8019,LIN7B,0.71355516
8020,MYLIP,0.7772189
8021,KIF3A,0.8148515
8022,DUOX2,0.53267515
8023,ACYP1,0.8484028
8024,TUT4,0.8023747
8025,ZDHHC23,0.9215208
8026,DUSP8,0.7844412
8027,QPCTL,0.8540633
8028,DPT,0.6760997
8029,SLC9A8,0.825158
8030,TMEM37,0.6997334
8031,RPAP3,0.81630516
8032,MFNG,0.8492867
8033,TDP1,0.87047595
8034,COL5A3,0.7814687
8035,WDR25,0.7659427
8036,KIAA0753,0.80204755
8037,FANCC,0.8904428
8038,CIT,0.9107592
8039,MIS18BP1,0.79879934
8040,ENTPD8,0.6702738
8041,DHDDS,0.7077361
8042,FBXO41,0.87335825
8043,ZNF101,0.8475407
8044,AC008397.1,0.71683085
8045,CSRNP1,0.73307776
8046,PLK2,0.69398415
8047,SLC19A2,0.81317097
8048,KCNK5,0.8008802
8049,SLC12A8,0.70980555
8050,PPARGC1B,0.81083465
8051,TSPAN12,0.8390726
8052,RAB29,0.82594293
8053,VRK1,0.832761
8054,ETV5,0.8328442
8055,LIN52,0.809875
8056,MYEF2,0.6697479
8057,PXMP4,0.8317454
8058,TMEM138,0.7999955
8059,SPIN3,0.8345448
8060,BCL9,0.8747536
8061,MLH3,0.77818155
8062,NLGN2,0.7734617
8063,RAB8B,0.7713184
8064,SRD5A3,0.80038196
8065,APPBP2,0.77197266
8066,ENDOV,0.8242872
8067,FCHO1,0.8145131
8068,IRAK3,0.6814052
8069,KCNMB1,0.7914631
8070,SLC9A1,0.6897559
8071,ADAM12,0.7809226
8072,MYO5A,0.84174454
8073,DENND4A,0.7479681
8074,REL,0.6518078
8075,ARHGAP44,0.6704119
8076,ORC3,0.8782272
8077,EXOG,0.88150644
8078,SP5,0.6833742
8079,MUL1,0.7731591
8080,HSH2D,0.6577877
8081,GET1,0.75092965
8082,PROM2,0.6449064
8083,RAD54L2,0.84275717
8084,HOPX,0.8216144
8085,TMCO6,0.8718383
8086,ZBTB40,0.7951507
8087,IL18BP,0.8127675
8088,TRAPPC11,0.81905854
8089,MFSD5,0.7770055
8090,TMEM201,0.8803825
8091,SAAL1,0.84062105
8092,SOBP,0.79523766
8093,RGS19,0.8735798
8094,AZIN2,0.7649684
8095,FLT3LG,0.7830851
8096,RB1CC1,0.674727
8097,PPP2R5B,0.7611116
8098,LZTFL1,0.89219755
8099,TMC8,0.80258393
8100,RTKN2,0.81566274
8101,INPP5E,0.7898693
8102,EDC3,0.801343
8103,TRIT1,0.8812788
8104,NRF1,0.84757406
8105,FRMD4B,0.8227009
8106,TM7SF2,0.81676817
8107,INPP5F,0.76298964
8108,TMEM19,0.7875099
8109,LATS1,0.798307
8110,NUDT1,0.83082014
8111,MTG2,0.7871912
8112,RIPK4,0.84522754
8113,SPATA5L1,0.88007265
8114,CCDC28A,0.75485456
8115,DENND1B,0.7794739
8116,KIF16B,0.7738399
8117,CXorf56,0.8134778
8118,PANK1,0.8537564
8119,NAA35,0.8311164
8120,CAMSAP2,0.660793
8121,PUSL1,0.8166911
8122,DPH5,0.89778394
8123,C6orf136,0.853434
8124,ZNF830,0.78757894
8125,E2F3,0.77782226
8126,CABLES2,0.8487511
8127,ST7,0.8070406
8128,COPZ2,0.8353477
8129,POLD3,0.8780754
8130,SMPD3,0.9076904
8131,ASB6,0.82127047
8132,COX18,0.83029044
8133,ITFG2,0.8287035
8134,GPSM1,0.8635282
8135,SHH,0.6663403
8136,ST3GAL1,0.7738946
8137,EIF5A2,0.7700261
8138,SPICE1,0.83877885
8139,NUP37,0.86936677
8140,CIAPIN1,0.8152256
8141,UBE2D4,0.8162106
8142,ALDOC,0.8344122
8143,ASAP3,0.74431276
8144,SNX7,0.8768758
8145,LARGE1,0.80763835
8146,NXPE4,0.6406673
8147,PDZRN3,0.7405548
8148,ARL5B,0.7141056
8149,VPS18,0.8236285
8150,TIMM21,0.76176566
8151,CLUAP1,0.76763874
8152,CHRAC1,0.8670535
8153,UCHL1,0.79139715
8154,FHDC1,0.81147146
8155,TIGD5,0.8315517
8156,EXOC2,0.84011376
8157,RCSD1,0.77837557
8158,SH3D21,0.595983
8159,PPOX,0.77966493
8160,ERCC2,0.8484325
8161,SIRT1,0.7992071
8162,C18orf25,0.7780217
8163,IFI44L,0.7209333
8164,TUBG2,0.86809206
8165,ABHD15,0.8154274
8166,IDO1,0.5779666
8167,TCF19,0.81350213
8168,FAIM,0.85249925
8169,NRM,0.7963229
8170,BMPR1A,0.7792633
8171,BORCS5,0.84100646
8172,TUBB2A,0.7481882
8173,LRRC8B,0.9221547
8174,C1GALT1,0.7883334
8175,LMF1,0.8315286
8176,BEND3,0.8745137
8177,LPXN,0.72824305
8178,GINS2,0.8019128
8179,SGCE,0.78748536
8180,SLC27A5,0.81234336
8181,MYH10,0.85625124
8182,ZNF8,0.78684026
8183,RAB34,0.8578011
8184,GSTZ1,0.8318482
8185,ZNF766,0.81049
8186,SHF,0.695698
8187,ZNF777,0.84200555
8188,LCAT,0.87641436
8189,MED27,0.8111612
8190,OCRL,0.8651821
8191,DOCK2,0.8129397
8192,ZNF862,0.8634291
8193,CCDC102A,0.8201706
8194,MRM1,0.81723404
8195,HERC3,0.76440346
8196,RABEPK,0.81872535
8197,NEIL1,0.78185266
8198,GEN1,0.85408324
8199,PIGK,0.79532963
8200,RFXAP,0.8249064
8201,ALMS1,0.82584274
8202,SLC49A4,0.77736044
8203,DOLK,0.7545656
8204,REC8,0.76253873
8205,RNMT,0.7571384
8206,ADAM33,0.80986124
8207,TBC1D3B,0.7020736
8208,THBS4,0.749372
8209,SLC41A1,0.85763204
8210,DOCK7,0.81480473
8211,RBMXL1,0.7682019
8212,SHLD1,0.8639743
8213,PPP1R9A,0.8324326
8214,GSTM3,0.68040335
8215,L3HYPDH,0.7771588
8216,CIP2A,0.81071997
8217,RAD51C,0.8359818
8218,SUGP1,0.79287016
8219,GFM2,0.7159919
8220,RALGPS2,0.80105937
8221,CXCL9,0.50192285
8222,LRG1,0.80969214
8223,FANCG,0.85688335
8224,RNF25,0.8329461
8225,ACVR2A,0.7451783
8226,PITX2,0.833126
8227,CDKN2AIP,0.9020724
8228,CWF19L2,0.7292173
8229,SYTL4,0.7454964
8230,BCL7A,0.82552975
8231,TRIM23,0.83534205
8232,TADA2A,0.8515708
8233,BACE1,0.78167343
8234,VPS37A,0.773421
8235,KLHL18,0.82316923
8236,ZMYM5,0.7944846
8237,IBA57,0.81379896
8238,PLA2G15,0.69965935
8239,KLC2,0.76791906
8240,CDHR2,0.62678045
8241,NRSN2,0.8316837
8242,C6orf47,0.7481789
8243,LRFN3,0.7708305
8244,CCNG2,0.6822535
8245,MSRB3,0.84322214
8246,CENPV,0.8591156
8247,TNFRSF10D,0.74328804
8248,HLX,0.8708547
8249,TRIP11,0.77450305
8250,CXCL5,0.52869296
8251,KIAA0040,0.73710287
8252,GMEB2,0.8440603
8253,APAF1,0.79102975
8254,MYL5,0.8260206
8255,C19orf54,0.8483308
8256,ERMARD,0.81308836
8257,TBC1D9,0.8366258
8258,UEVLD,0.8358989
8259,LY75,0.78947103
8260,SHROOM4,0.70114815
8261,NUF2,0.8656307
8262,PAXIP1,0.8763588
8263,DALRD3,0.8659193
8264,TBCE,0.84395534
8265,STIL,0.8447757
8266,SCD5,0.6072645
8267,HAND2,0.7772731
8268,MYORG,0.84930146
8269,AAMDC,0.75411564
8270,DYRK1B,0.7881306
8271,ADGRL1,0.8461937
8272,C2CD4A,0.6464087
8273,XPA,0.84271306
8274,PLD1,0.7347953
8275,TBC1D13,0.74598676
8276,CAPN8,0.74434996
8277,MARC1,0.80479604
8278,TRMT12,0.8132224
8279,CAMK1,0.79335576
8280,KITLG,0.8104604
8281,ALG9,0.79022115
8282,EXD2,0.8315583
8283,EPM2AIP1,0.6790773
8284,NMRK1,0.7781683
8285,LPAR6,0.64559525
8286,CEP104,0.81048924
8287,DHTKD1,0.87423795
8288,P2RY11,0.7976034
8289,TRMT6,0.83516353
8290,SNTA1,0.74142754
8291,MAGOHB,0.76679385
8292,DIS3L,0.8009057
8293,HLTF,0.75075686
8294,KIFC1,0.8806698
8295,PIK3C3,0.7451261
8296,CPLX1,0.7804951
8297,GDPGP1,0.77704006
8298,GDA,0.6607289
8299,CERT1,0.74797314
8300,PDF,0.7845345
8301,BORCS7,0.7437602
8302,TMEM104,0.819857
8303,AGA,0.76663125
8304,DLGAP5,0.8719726
8305,NECTIN3,0.7453658
8306,DTWD1,0.7882307
8307,ZBTB16,0.68721026
8308,F2RL1,0.8471412
8309,ABLIM3,0.7246792
8310,ARL15,0.75929576
8311,ZFYVE19,0.78673303
8312,ADCY7,0.737989
8313,TMEM144,0.8485872
8314,PAAF1,0.8438655
8315,IKZF5,0.82727563
8316,HPS3,0.77329576
8317,BDKRB2,0.6495139
8318,GJC1,0.814152
8319,ZBED3,0.7862303
8320,CENPC,0.7439509
8321,TBC1D12,0.7785939
8322,ACHE,0.74610704
8323,PNMA1,0.7197794
8324,DNAJC24,0.7347283
8325,SLC2A10,0.687665
8326,MAP3K12,0.8337462
8327,ZNF576,0.82272375
8328,CENPJ,0.8578823
8329,SLC35A5,0.7532641
8330,ZNF432,0.75603336
8331,TRIM66,0.84597206
8332,ZBTB1,0.6343898
8333,HDAC8,0.7346755
8334,CEP152,0.7930277
8335,ZFYVE26,0.7864484
8336,MYO1A,0.83987045
8337,ZNF618,0.7473509
8338,TNFSF9,0.64869386
8339,DCAF17,0.81738853
8340,C9orf72,0.8064749
8341,DCBLD2,0.60081595
8342,ARHGEF3,0.6581262
8343,TTC23,0.79605675
8344,ZNF322,0.7826649
8345,PHF13,0.7410585
8346,ZDHHC1,0.8107983
8347,CIPC,0.7718099
8348,TRIP4,0.8216601
8349,FAM210A,0.7879668
8350,CRABP2,0.5987267
8351,TNPO3,0.7097748
8352,RRP15,0.883458
8353,KCTD15,0.8346437
8354,CLCN2,0.85362333
8355,TTI2,0.82942927
8356,FUNDC1,0.87837106
8357,IL33,0.5537106
8358,ZNF385A,0.7910612
8359,TPST1,0.79297143
8360,PIK3CD,0.88526577
8361,PIGN,0.8660595
8362,DBNDD1,0.89439493
8363,HOXB2,0.7502765
8364,NSL1,0.6982233
8365,URB2,0.8835672
8366,NHLRC2,0.76751786
8367,DNAJC22,0.87122923
8368,C1orf131,0.7890793
8369,APOBEC3F,0.8371429
8370,MYNN,0.8592163
8371,TMEM216,0.85085297
8372,AURKA,0.91007346
8373,ADGRL2,0.7963303
8374,MBIP,0.71804
8375,SUCO,0.8092196
8376,TGS1,0.8515818
8377,RNF186,0.7945535
8378,MTRF1L,0.76456386
8379,KIF2C,0.9013042
8380,CALCRL,0.86895734
8381,RFX3,0.76654005
8382,AMOT,0.7862752
8383,KIZ,0.7596978
8384,ANKRD13C,0.7766193
8385,CUTC,0.80973965
8386,AP1S3,0.8281843
8387,ZNHIT2,0.9028464
8388,BPGM,0.76412886
8389,FOXQ1,0.7575202
8390,PRELP,0.72405684
8391,FRZB,0.81854135
8392,C21orf91,0.7913875
8393,SLC45A3,0.7868879
8394,TCN2,0.77940285
8395,DUSP14,0.78750503
8396,NOSTRIN,0.80632144
8397,PRMT3,0.89788634
8398,CRYZ,0.70286393
8399,CCSAP,0.83017504
8400,HAAO,0.74682885
8401,FRS2,0.8251758
8402,BORCS6,0.7325245
8403,CARNMT1,0.73725384
8404,PLCE1,0.7420816
8405,SLC38A6,0.81887186
8406,NEMP1,0.8267521
8407,BATF2,0.81629133
8408,ADCY4,0.79197496
8409,COLEC12,0.8038784
8410,PPIL3,0.8130167
8411,SLC35A1,0.8423112
8412,NCF2,0.74398196
8413,SNN,0.82017934
8414,RNF215,0.8013816
8415,PTPRH,0.89199716
8416,PLA2G6,0.7487788
8417,ZNF641,0.74805576
8418,RPP30,0.7407509
8419,PPM1K,0.7390334
8420,TCP11L1,0.70556635
8421,SFMBT2,0.76984316
8422,OSMR,0.7877736
8423,CRYBG3,0.8206369
8424,FAM133B,0.7856316
8425,GLT8D1,0.6897318
8426,DMKN,0.8210217
8427,MRM3,0.775383
8428,FGD5,0.8099564
8429,FRK,0.76934093
8430,MPZL3,0.83021224
8431,SPEG,0.70587665
8432,PHLDB3,0.81621504
8433,PLXNA2,0.80600977
8434,COPS4,0.7776814
8435,ETV7,0.78093827
8436,PRKD3,0.71856856
8437,MBD4,0.7511563
8438,SASH3,0.8309945
8439,DAGLA,0.862309
8440,MKS1,0.8311963
8441,DOCK4,0.75030285
8442,ANKRD16,0.85284746
8443,FMNL3,0.7938184
8444,CDCA3,0.8813074
8445,CLCN6,0.7829285
8446,RUBCN,0.77007955
8447,PTGR2,0.8383821
8448,INAFM2,0.7463981
8449,PRUNE1,0.84942925
8450,MOSPD1,0.81078225
8451,HEATR3,0.7968777
8452,CASKIN2,0.83515173
8453,ANO8,0.80990064
8454,C12orf73,0.90306854
8455,CSNK1G1,0.7139177
8456,TBX3,0.7497433
8457,GFPT2,0.85993177
8458,PPCDC,0.7850391
8459,ZNF668,0.72910607
8460,DHX58,0.7156256
8461,CD200,0.70814455
8462,RASGRP2,0.80974877
8463,FAM131A,0.8486663
8464,TRIM39,0.8509305
8465,EXTL3,0.7090874
8466,DDA1,0.72194886
8467,CCNO,0.8129096
8468,ZNF226,0.75195926
8469,UBOX5,0.82905513
8470,APBB1IP,0.77606857
8471,RGS12,0.8265671
8472,TMEM268,0.81148195
8473,PRICKLE2,0.8161367
8474,NHLRC3,0.7472395
8475,TCEA2,0.8106156
8476,NR1D1,0.6771243
8477,OLFM1,0.73865294
8478,DDX58,0.69589186
8479,EXPH5,0.81399006
8480,B9D1,0.7861076
8481,OGN,0.7965181
8482,LYRM2,0.8173367
8483,FES,0.8299938
8484,RNF144A,0.82220304
8485,MOB3C,0.80520415
8486,TMEM238L,0.86195844
8487,ZBTB6,0.8287764
8488,DACT1,0.7525357
8489,LYPD8,0.6339767
8490,ZNF589,0.7664363
8491,RBM41,0.8765642
8492,ALAS1,0.60215217
8493,NAGPA,0.80403566
8494,RGL1,0.7052199
8495,GFOD1,0.84839785
8496,ZNF672,0.85418916
8497,AOC3,0.84050924
8498,MAP3K1,0.8477768
8499,ZBED6CL,0.8519952
8500,ZXDB,0.8008993
8501,ACVR2B,0.8729541
8502,ABHD3,0.67360294
8503,FCSK,0.7875348
8504,CCL4,0.7276736
8505,BACH1,0.73104525
8506,FAHD2B,0.81448257
8507,EXOSC1,0.8272256
8508,RUNX3,0.655539
8509,MAK16,0.8125066
8510,GPN3,0.8419207
8511,B3GALT4,0.7761403
8512,CX3CL1,0.7381336
8513,ZNF708,0.85880876
8514,ZNF548,0.8087601
8515,CENPK,0.8542182
8516,NTAN1,0.7780566
8517,KIF12,0.86107576
8518,SERPINB8,0.7393575
8519,TTC21B,0.85063684
8520,PALD1,0.7781997
8521,TFB2M,0.808848
8522,STX1A,0.7260795
8523,KRT80,0.8157014
8524,ANKRD42,0.7122641
8525,TFB1M,0.8492039
8526,PIBF1,0.7733922
8527,C19orf47,0.822513
8528,EFCAB13,0.7523317
8529,CRYBG2,0.66426325
8530,CPM,0.65228873
8531,PLA2G4F,0.77684325
8532,NBEAL1,0.732872
8533,LBHD1,0.8150957
8534,INTS9,0.80239546
8535,MEAK7,0.816013
8536,KHDRBS3,0.80036736
8537,TRMT5,0.8331112
8538,MDN1,0.8368988
8539,METTL27,0.78160226
8540,AQP9,0.70484626
8541,C1orf210,0.8836769
8542,MFAP3,0.68641424
8543,SNAPIN,0.74425334
8544,BICRAL,0.7871481
8545,MARCH3,0.7844942
8546,ABO,0.807227
8547,MOSPD2,0.82091415
8548,DOHH,0.86935854
8549,CEPT1,0.8009429
8550,TRMT10B,0.8296621
8551,CTPS1,0.81645346
8552,REPS2,0.8835277
8553,PET117,0.83627254
8554,ZNF180,0.8212424
8555,LRRC20,0.80868995
8556,NTN4,0.71313584
8557,SLC41A3,0.7992001
8558,TRIM32,0.83752054
8559,CCDC183,0.7440434
8560,TANGO6,0.8253172
8561,PAQR7,0.78864586
8562,ITPR1,0.8022045
8563,GLMN,0.77505857
8564,CADPS2,0.6719722
8565,AGO4,0.7605508
8566,XYLT1,0.76354814
8567,STK3,0.7265339
8568,ZNF689,0.82713616
8569,RNF144B,0.81435436
8570,HSPB8,0.7820061
8571,TOMM40L,0.88496286
8572,FIG4,0.76812166
8573,PIGX,0.824747
8574,KLK6,0.45230538
8575,ZNF213,0.83092225
8576,SLF2,0.83696723
8577,ZKSCAN5,0.83599204
8578,NUDT16L1,0.7899793
8579,CHM,0.76305115
8580,ECI2,0.7123275
8581,UBE2V2,0.6932459
8582,TRPV2,0.87153095
8583,TMEM231,0.8546598
8584,SMYD3,0.8036094
8585,EMSY,0.7791822
8586,TMEM74B,0.60323954
8587,SOWAHA,0.7810101
8588,NLRX1,0.81971776
8589,ZNF397,0.7248416
8590,RPGR,0.80762124
8591,SLC12A6,0.79376113
8592,ZNF514,0.8542458
8593,NPIPB15,0.74971837
8594,GON7,0.84088945
8595,CBX8,0.80703974
8596,TLCD1,0.89517486
8597,TOR2A,0.8284635
8598,MOSPD3,0.7642366
8599,TWNK,0.9325589
8600,GADD45G,0.73157245
8601,DUSP28,0.7652588
8602,SLC52A3,0.8383823
8603,DNAJC25,0.777248
8604,ZNF75A,0.8065663
8605,NR2C2AP,0.90115064
8606,ZC3H12C,0.80066794
8607,FAM122A,0.8497242
8608,USF3,0.80653
8609,TMEM186,0.84165126
8610,TBC1D23,0.69127965
8611,ATPAF2,0.75907534
8612,FOSL1,0.6174706
8613,CCDC117,0.8477955
8614,ITGBL1,0.7568924
8615,ZNF92,0.8229733
8616,DNASE1,0.8468244
8617,ZDHHC17,0.8408314
8618,SLC6A9,0.6697613
8619,FMO5,0.83560693
8620,RBP1,0.6429457
8621,CA13,0.799497
8622,RPP25,0.8291698
8623,BRPF1,0.8129696
8624,CEP78,0.8189006
8625,ERCC8,0.8348959
8626,BCL2L12,0.852155
8627,GGT6,0.8188706
8628,PER3,0.7165
8629,ZNF343,0.7643583
8630,TIMM23,0.7926782
8631,TMEM42,0.80419195
8632,EPS15L1,0.7014743
8633,AC093323.1,0.8132292
8634,C15orf61,0.8665113
8635,SETMAR,0.809208
8636,RASGEF1B,0.75606006
8637,FBXL20,0.78796107
8638,EXOC3L4,0.7441521
8639,CRYZL1,0.72473794
8640,SLC9A3,0.55135906
8641,CCN4,0.7970877
8642,WARS2,0.7970382
8643,CLK4,0.69596446
8644,KIF21A,0.87097824
8645,TMEM119,0.7805737
8646,WHRN,0.7810431
8647,SLC46A3,0.5892346
8648,SLFN11,0.81474197
8649,ZC3H12D,0.68465114
8650,PGM5,0.77425617
8651,MAIP1,0.7970323
8652,ZNF84,0.83299536
8653,TMEM106A,0.76961094
8654,PRR3,0.80919534
8655,TMEM150A,0.81648767
8656,VAV1,0.7569061
8657,TBXAS1,0.699068
8658,SLC2A4,0.77930784
8659,SLCO4A1,0.7525889
8660,SHPK,0.7928051
8661,MAPRE3,0.6725758
8662,CCNT1,0.8307688
8663,CTSF,0.8630365
8664,JRKL,0.7825863
8665,DUSP10,0.767481
8666,LMTK3,0.77733755
8667,INO80C,0.64800936
8668,ZCCHC9,0.82384795
8669,CSGALNACT1,0.79551023
8670,YOD1,0.7580942
8671,DISC1,0.8697956
8672,CEP85,0.8599408
8673,MOCOS,0.78777885
8674,FFAR4,0.73949194
8675,PIAS2,0.69135416
8676,FAM49A,0.8592822
8677,UBXN10,0.70036596
8678,KIF1BP,0.7990279
8679,KIF23,0.8055983
8680,NUS1,0.64430434
8681,MIS12,0.71293914
8682,MOAP1,0.8171112
8683,PSMC1,0.6372505
8684,ING3,0.7898504
8685,RTL8A,0.80120355
8686,ZMYM6,0.79012984
8687,PACRGL,0.8796029
8688,FAM160B1,0.74145514
8689,TAF1D,0.4486487
8690,UBE2Q2,0.71326804
8691,CDC45,0.88619566
8692,ZNF337,0.8274767
8693,ZNF200,0.84219384
8694,C12orf65,0.8943182
8695,C5orf51,0.7902114
8696,NR3C1,0.796462
8697,SDR16C5,0.6602164
8698,REV3L,0.80632555
8699,CXorf40A,0.8035806
8700,KYNU,0.74839383
8701,ZSCAN32,0.84563553
8702,MUSTN1,0.76990443
8703,GBP5,0.66555685
8704,TSEN2,0.7960711
8705,ACVR1,0.76728827
8706,SNRNP48,0.84069085
8707,KAT6B,0.78820604
8708,RNF208,0.792672
8709,VASN,0.8930132
8710,TRMT10C,0.69214565
8711,PPM1H,0.91252345
8712,SETBP1,0.8558981
8713,BRF2,0.81518847
8714,FNTB,0.86854255
8715,DBR1,0.7720911
8716,BTN2A2,0.8119553
8717,RIF1,0.7545187
8718,BAHCC1,0.73373514
8719,ZNF26,0.7706534
8720,MNX1,0.86976117
8721,NIF3L1,0.8238366
8722,PIAS1,0.7298099
8723,TIPIN,0.8376819
8724,PPIP5K1,0.87445647
8725,ZNF738,0.85002685
8726,AC073111.4,0.793612
8727,ASB8,0.76135045
8728,TEF,0.8463455
8729,TMEM242,0.7388053
8730,MVB12B,0.83409524
8731,PHLPP1,0.86192214
8732,CAPN3,0.700515
8733,CLEC7A,0.6361731
8734,CCNE1,0.8649731
8735,B3GNT2,0.6649072
8736,ZNF141,0.69306725
8737,CPT1A,0.7512003
8738,CREB3L4,0.8165364
8739,ZNF513,0.7902473
8740,IGFLR1,0.81531376
8741,ZNF235,0.8051148
8742,TMEM218,0.81343156
8743,HENMT1,0.8498679
8744,SLC24A3,0.87720954
8745,NR2F1,0.8105437
8746,SLC25A40,0.8308936
8747,RBL1,0.868458
8748,MME,0.64119655
8749,JKAMP,0.78296477
8750,KLHDC8B,0.86509246
8751,NDOR1,0.82519877
8752,CDS1,0.86871225
8753,RORA,0.6901255
8754,AK4,0.75150937
8755,FGFR2,0.7734201
8756,FGD6,0.79073435
8757,PRKACB,0.731006
8758,NDC80,0.79718053
8759,KATNB1,0.89689726
8760,TSC1,0.77481186
8761,PIGW,0.77083623
8762,TICRR,0.8423276
8763,DGKE,0.8242891
8764,VIPAS39,0.75359434
8765,NUAK1,0.8001553
8766,PRRG4,0.8651151
8767,ZNF473,0.85768086
8768,HIVEP2,0.7657056
8769,ZC4H2,0.7900559
8770,PTGS2,0.57430035
8771,SMARCAL1,0.8107707
8772,LONRF1,0.74454534
8773,ZNF554,0.79218954
8774,TULP3,0.8340418
8775,CAMSAP1,0.7142762
8776,C4orf33,0.81204
8777,NCAPG,0.81351286
8778,FGFR3,0.8152097
8779,NAA16,0.796893
8780,GALC,0.72278595
8781,STXBP4,0.7755493
8782,ZSCAN9,0.8437882
8783,SMCR8,0.77387196
8784,APLNR,0.8164307
8785,PLCG2,0.71105486
8786,DNAJC16,0.7696893
8787,KRBOX4,0.8208202
8788,MDP1,0.6832115
8789,FAR2,0.82484585
8790,ZNF275,0.7970413
8791,SCRN3,0.7699083
8792,WRN,0.82601637
8793,TRPM7,0.7456257
8794,FANCL,0.80414456
8795,EEFSEC,0.82666063
8796,ARID3B,0.7917229
8797,TMEM45A,0.8363571
8798,SYNE1,0.73971754
8799,NIPA1,0.80251485
8800,SKA3,0.87038654
8801,SPOCK2,0.81489164
8802,RMI2,0.86495364
8803,ACCS,0.8717628
8804,KDF1,0.83019316
8805,CDK19,0.8195434
8806,SEC31B,0.7750738
8807,TRIM59,0.847459
8808,PNPLA7,0.72378504
8809,LTB4R,0.7880285
8810,NEU3,0.8101445
8811,RSPH3,0.731511
8812,PPP1R16B,0.8137576
8813,CYP2J2,0.8531388
8814,HCST,0.76635844
8815,ZNF117,0.6666061
8816,CENPE,0.85515875
8817,MTO1,0.8010871
8818,DBP,0.7877525
8819,ATRIP,0.86957806
8820,TGDS,0.8152281
8821,RAB40B,0.6825123
8822,FYB1,0.76741904
8823,CDKN2C,0.819354
8824,CREBRF,0.7901476
8825,C1orf159,0.7831936
8826,DHX29,0.82804716
8827,ZBTB9,0.8541991
8828,NGEF,0.86303985
8829,PIR,0.70431745
8830,VGLL3,0.73425967
8831,TSTD2,0.7922637
8832,SULT1B1,0.7195952
8833,RRM2B,0.77901584
8834,ST7L,0.830296
8835,HAUS6,0.8249401
8836,CALHM2,0.793193
8837,GNG10,0.5462978
8838,MST1,0.76887625
8839,FGD3,0.7723692
8840,ZNF799,0.7685708
8841,PDE5A,0.72545046
8842,KIAA0586,0.797248
8843,WDR92,0.8401452
8844,SNX25,0.78406465
8845,HMMR,0.8378107
8846,JAK2,0.67433655
8847,C7orf25,0.82389593
8848,HSDL1,0.7880371
8849,ANKRD36,0.7823453
8850,CCNH,0.7596696
8851,KIN,0.8038796
8852,GORAB,0.7315425
8853,SMIM27,0.74980813
8854,ASB3,0.78811926
8855,ERO1B,0.76712686
8856,KIAA1958,0.82715964
8857,TYW5,0.8169784
8858,MTMR1,0.8265377
8859,MED26,0.8763097
8860,E2F1,0.8740398
8861,TUBGCP4,0.85797465
8862,SECISBP2L,0.7471097
8863,BRIP1,0.8810154
8864,C17orf80,0.79123056
8865,MED20,0.79879695
8866,IFT88,0.7728865
8867,HSPB2,0.89213014
8868,RGL3,0.6091692
8869,CDCA8,0.9106462
8870,CYFIP2,0.7922736
8871,BMF,0.74513185
8872,YJEFN3,0.75968975
8873,CEP135,0.7238778
8874,CASD1,0.75735986
8875,MTF1,0.7601345
8876,TLCD2,0.7697078
8877,PTBP2,0.6969384
8878,HSF2,0.806567
8879,KCTD9,0.65176064
8880,ZBTB21,0.71457165
8881,ANKRD44,0.8631711
8882,POU2F1,0.7968343
8883,FLYWCH2,0.6898137
8884,RAD51,0.86227316
8885,FCF1,0.73092616
8886,AGL,0.79902166
8887,MAPRE2,0.67782986
8888,XPNPEP3,0.88074815
8889,FAM117B,0.87863576
8890,INSIG2,0.7308305
8891,SLC2A11,0.71995246
8892,IFIT5,0.70764047
8893,SHQ1,0.8031681
8894,RHOBTB2,0.80145025
8895,NDN,0.8977394
8896,BLNK,0.7754481
8897,METTL8,0.81193733
8898,DHODH,0.85397345
8899,LSM11,0.75209385
8900,CPXM2,0.7916904
8901,SEMA4A,0.7714738
8902,ATP10A,0.85867435
8903,MARS,0.72307503
8904,NUP133,0.80663085
8905,CNIH4,0.72324103
8906,KIRREL1,0.71153337
8907,MEX3A,0.84304965
8908,IRAK2,0.73717844
8909,WRAP53,0.73141515
8910,RAD51D,0.7391816
8911,MANEA,0.6661612
8912,PPP1R3E,0.7929861
8913,SLC6A20,0.6703512
8914,ALPK1,0.8078602
8915,ZNF185,0.7681801
8916,NCKAP1L,0.6343643
8917,CMPK2,0.68214077
8918,PDXP,0.75247955
8919,TREM1,0.6563772
8920,SNUPN,0.7874438
8921,TBC1D22B,0.85415804
8922,TBC1D10C,0.84557253
8923,BTRC,0.79176146
8924,ZC3HC1,0.7874512
8925,ZNF33B,0.8353376
8926,STK17A,0.7342815
8927,DPYD,0.8039141
8928,ABHD5,0.7044319
8929,PDK4,0.5477465
8930,PXYLP1,0.84820956
8931,TSPAN33,0.79154867
8932,CLIP4,0.76321745
8933,KCNS3,0.6542308
8934,ALDH1L1,0.76234585
8935,DHX33,0.85066855
8936,EDNRA,0.75993156
8937,NAF1,0.8209871
8938,MTRR,0.6895642
8939,CCDC66,0.7177566
8940,MYO1F,0.71722835
8941,NMB,0.68765736
8942,SLC17A5,0.7267772
8943,SLC2A13,0.73309094
8944,AFAP1L1,0.83465105
8945,VAMP1,0.838324
8946,TTLL4,0.8712574
8947,CFAP36,0.8435315
8948,KAT2B,0.73980373
8949,RASL12,0.82000834
8950,CGNL1,0.8005579
8951,PUS7L,0.8275954
8952,CCSER1,0.7587777
8953,FZD6,0.77564615
8954,ARHGAP25,0.74082017
8955,XXYLT1,0.81607705
8956,CDKN3,0.7571825
8957,PTPRU,0.74137753
8958,TLR4,0.7598413
8959,GABPB1,0.82528687
8960,SLC22A5,0.81500703
8961,ROBO4,0.8604899
8962,MON1A,0.8001124
8963,FBXW9,0.8872829
8964,PTPRS,0.7477917
8965,XYLB,0.80114466
8966,LRRC26,0.64466083
8967,SLC22A17,0.84839654
8968,ZNF696,0.7790069
8969,GPANK1,0.7573191
8970,TRNP1,0.617271
8971,ZWILCH,0.8402079
8972,NDUFA4,0.38702384
8973,SINHCAF,0.8356682
8974,THADA,0.71575975
8975,WNT11,0.6216764
8976,LMO3,0.74172866
8977,JAZF1,0.84517336
8978,MSLN,0.57507116
8979,TEFM,0.8052204
8980,BICC1,0.81320804
8981,FPGT,0.7977945
8982,ANKRD40CL,0.8084685
8983,PRR5,0.76482534
8984,ATP7B,0.82703763
8985,KAZN,0.72358006
8986,LMO2,0.8701822
8987,RTN2,0.7658194
8988,ZNF839,0.8206867
8989,SEC16B,0.7116914
8990,PECR,0.7246958
8991,ZNF367,0.8759242
8992,LANCL2,0.8240093
8993,EPHA10,0.78808695
8994,SLC22A15,0.7338719
8995,SLC22A18AS,0.80556375
8996,TMEM246,0.826644
8997,KNSTRN,0.84753996
8998,GDAP2,0.7444501
8999,RGMA,0.7927134
9000,FADS1,0.7175106
9001,SRPX,0.85511094
9002,SVEP1,0.79238236
9003,SNX18,0.76169395
9004,KTI12,0.76450706
9005,MPHOSPH9,0.76763296
9006,LPAR1,0.7652597
9007,NAPB,0.7576248
9008,TMEM254,0.817802
9009,PRIMPOL,0.7886954
9010,IL16,0.79994476
9011,CABLES1,0.72173834
9012,LRRC27,0.789507
9013,FIBIN,0.84484375
9014,SOCS7,0.72669095
9015,APOOL,0.79005176
9016,KALRN,0.7607608
9017,OXSM,0.7968576
9018,L3MBTL1,0.78541315
9019,TOPORS,0.82363445
9020,RETREG1,0.7789593
9021,ZBTB22,0.77372694
9022,FBXO4,0.8229481
9023,BBIP1,0.7762302
9024,AKAP6,0.80645734
9025,TRAPPC8,0.67115325
9026,TESMIN,0.91193813
9027,POP1,0.8163814
9028,PRKCA,0.7495507
9029,SLC19A1,0.82614404
9030,STAM,0.79572994
9031,TTC27,0.7972295
9032,NR6A1,0.8355732
9033,OPN3,0.7328631
9034,WTIP,0.8478943
9035,ZNF184,0.77710724
9036,SLC35B4,0.7571902
9037,ITIH5,0.817865
9038,FCGR2B,0.7986172
9039,JSRP1,0.6993915
9040,AHCTF1,0.6233177
9041,MYO1G,0.788797
9042,PLPP6,0.7835499
9043,OMA1,0.69822454
9044,MAPKBP1,0.81507516
9045,NUP35,0.7906198
9046,CSKMT,0.65491855
9047,RBBP5,0.8317926
9048,DHRS1,0.7441629
9049,ZSWIM1,0.82466567
9050,CPED1,0.7213058
9051,ARFGEF3,0.77538973
9052,RBMS1,0.7835681
9053,ZNF133,0.7549818
9054,SOX18,0.8831955
9055,ALKBH1,0.7134109
9056,CCZ1,0.7030559
9057,KIF21B,0.8567602
9058,ABHD6,0.7068749
9059,RNF207,0.784831
9060,KLHL8,0.76728976
9061,ATAT1,0.7287682
9062,FAM174B,0.7329108
9063,CNPY4,0.79207355
9064,FERMT3,0.7158733
9065,LMBRD2,0.8201412
9066,ZNF852,0.83047765
9067,SBSPON,0.660916
9068,CSF2RB,0.8569382
9069,PTGES,0.60774606
9070,CLDN23,0.72064394
9071,COX10,0.7538924
9072,CD302,0.69813097
9073,SAMSN1,0.7796708
9074,FASTKD3,0.8186546
9075,GPC6,0.8370359
9076,EXOC6,0.72609013
9077,RHBDL2,0.7983066
9078,BEND7,0.80356425
9079,RETNLB,0.604728
9080,OBI1,0.77978563
9081,SMAD1,0.75641274
9082,SPART,0.8107313
9083,RAB30,0.7809961
9084,ZNF44,0.78961885
9085,KLHL25,0.78560615
9086,NEDD1,0.80673224
9087,DDX11,0.77022237
9088,QTRT2,0.7941678
9089,DXO,0.8243808
9090,MEGF9,0.75873333
9091,CENPA,0.8538477
9092,ARSE,0.74152225
9093,C20orf27,0.717129
9094,BPHL,0.7751911
9095,PARPBP,0.8746399
9096,THSD4,0.7016793
9097,CYTH3,0.8046076
9098,PTPN7,0.7015656
9099,CXCL11,0.54706645
9100,RXYLT1,0.88710654
9101,SYNE4,0.83084065
9102,AKR1E2,0.859084
9103,SAYSD1,0.77707416
9104,VCAM1,0.7589218
9105,APBB1,0.78868246
9106,INTS13,0.7985473
9107,OSBPL1A,0.7571053
9108,SLC31A2,0.74338186
9109,RDH5,0.78636104
9110,KIAA2026,0.701157
9111,LACC1,0.73578197
9112,PHKA1,0.8323621
9113,CGAS,0.72561705
9114,SIRT3,0.7488957
9115,CDKN2D,0.8243519
9116,ZNF423,0.75117785
9117,SDHAF4,0.78080636
9118,SMAD9,0.75349367
9119,CEP55,0.8418391
9120,BOLA1,0.74824864
9121,CHUK,0.78171
9122,CTNS,0.71456033
9123,RASL11A,0.64250696
9124,ING2,0.8339855
9125,MTM1,0.7050658
9126,TNFAIP8,0.80410135
9127,NDUFAF6,0.82821405
9128,IGIP,0.768401
9129,TYW3,0.7375073
9130,ZBTB24,0.7913391
9131,TMEM251,0.71602076
9132,STARD9,0.7841053
9133,NDUFAF4,0.7197323
9134,ZBTB41,0.79961187
9135,GLI3,0.84480584
9136,KIAA1755,0.91099626
9137,SOWAHC,0.74035174
9138,SGF29,0.8334253
9139,TGFA,0.73567754
9140,LIG4,0.7997632
9141,SENP1,0.8150442
9142,HOXA3,0.77246344
9143,ZMAT5,0.80684406
9144,PDGFC,0.7839585
9145,RLF,0.7489503
9146,ALDH4A1,0.8177556
9147,HELB,0.7357057
9148,ANKS3,0.7361984
9149,PEX11A,0.78277165
9150,TOE1,0.736467
9151,CEP72,0.85685897
9152,DNAH1,0.80577815
9153,DHRS7B,0.7956757
9154,C2CD3,0.70495176
9155,TCAIM,0.7350117
9156,TUSC3,0.8526404
9157,CNTNAP1,0.81387097
9158,DHRS9,0.6395702
9159,CDK17,0.75843513
9160,SPIRE1,0.7291379
9161,LNX1,0.88280714
9162,MITF,0.8411744
9163,TRIM35,0.7420633
9164,SELPLG,0.82030916
9165,PANK2,0.76634425
9166,RAD52,0.8143449
9167,ALG6,0.74449855
9168,C14orf93,0.7903853
9169,CD209,0.7559547
9170,DDX10,0.8290037
9171,ITPKA,0.7220663
9172,L3MBTL3,0.80027014
9173,FANCE,0.82850033
9174,MED1,0.7738933
9175,ZNF281,0.6664149
9176,PLCB1,0.68928176
9177,HCN3,0.7929499
9178,ITGB7,0.71419
9179,FAM149B1,0.7857937
9180,ZBTB5,0.77776146
9181,MAP4K2,0.7215009
9182,TSPAN7,0.7810404
9183,ZFP1,0.83720446
9184,NANP,0.77462476
9185,ARHGAP10,0.7790392
9186,RAD54B,0.871213
9187,EPHA1,0.8881699
9188,C12orf66,0.77098334
9189,EFCAB2,0.75247425
9190,PDK1,0.6473271
9191,SLC49A3,0.83308667
9192,GAL3ST4,0.80528104
9193,TMEM255B,0.7008633
9194,GEMIN6,0.792476
9195,GPX7,0.76354456
9196,INTS5,0.8181616
9197,ABCD1,0.7247293
9198,CYB561D1,0.7346189
9199,FXYD1,0.77395976
9200,DFFB,0.7881662
9201,POC1A,0.8334637
9202,C16orf95,0.8061392
9203,AAK1,0.73005927
9204,CFAP44,0.81154
9205,METAP1D,0.8539738
9206,MYCBP,0.70263076
9207,ZHX3,0.77887774
9208,ETV1,0.6423791
9209,PTGES3L,0.80290496
9210,CLCF1,0.7693918
9211,KNOP1,0.8174755
9212,EYA3,0.783728
9213,LDAH,0.7796686
9214,ZSCAN30,0.7691929
9215,TAGAP,0.80347675
9216,PAQR5,0.74042994
9217,HIC2,0.7497798
9218,FANCD2,0.86134124
9219,SUPV3L1,0.757328
9220,RSAD2,0.6561765
9221,PALM,0.7612567
9222,HEATR6,0.7888226
9223,TMCC1,0.81175566
9224,TMTC3,0.73228055
9225,RASSF5,0.6980534
9226,ALDH6A1,0.75983536
9227,ADGRE2,0.8570858
9228,WDR44,0.7810095
9229,B4GALNT4,0.6174842
9230,TMEM177,0.8792182
9231,LINS1,0.7771772
9232,TOR1AIP2,0.5118505
9233,AGAP2,0.75506675
9234,TADA1,0.8435664
9235,PRDM15,0.7483817
9236,ZNF780A,0.83897656
9237,NVL,0.79386365
9238,ADAMTS14,0.74140054
9239,CASP9,0.76754797
9240,C12orf29,0.83806735
9241,OLR1,0.6352845
9242,TAF6L,0.7416329
9243,DNAJB4,0.75129277
9244,BMP7,0.46047038
9245,MUC3A,0.5707319
9246,BAK1,0.627629
9247,ZFYVE1,0.80314124
9248,BTD,0.732935
9249,TTI1,0.7049302
9250,CCL19,0.58951956
9251,RAPGEF3,0.8257113
9252,KLHL23,0.7088396
9253,KNTC1,0.8015328
9254,BMP8A,0.69804996
9255,SOCS4,0.7194059
9256,CNTLN,0.76519394
9257,RHOJ,0.8630434
9258,MAB21L2,0.86418104
9259,EPB41L5,0.85735166
9260,ZCCHC8,0.7840233
9261,C1orf54,0.7557325
9262,ZSCAN2,0.79744256
9263,NEURL4,0.7349123
9264,ZNF407,0.6928271
9265,TAF1B,0.80863255
9266,TRPS1,0.670477
9267,GPATCH1,0.83373576
9268,CDYL2,0.8730193
9269,SLC26A11,0.7174102
9270,METTL16,0.7645232
9271,ZNF564,0.80660963
9272,KLHL29,0.79892737
9273,CAMKK1,0.8509007
9274,MOCS3,0.7502549
9275,ERMAP,0.80787176
9276,SLC41A2,0.7778035
9277,GIMAP4,0.79590017
9278,PRSS16,0.8534207
9279,RAPH1,0.61931545
9280,MCTP1,0.7819816
9281,MEIS2,0.85741764
9282,CCDC149,0.815549
9283,ARHGAP22,0.80921644
9284,SLC35E3,0.8350445
9285,C11orf74,0.8277996
9286,KIF2A,0.69344854
9287,LILRB2,0.7143377
9288,TTC5,0.8478063
9289,RNF2,0.7492363
9290,ZNF526,0.76373947
9291,MOXD1,0.71010745
9292,TTK,0.8745261
9293,ORC6,0.85180426
9294,NECTIN4,0.7838592
9295,FZD4,0.8260304
9296,ITLN1,0.46068797
9297,GMEB1,0.7733535
9298,ACKR3,0.7274515
9299,SBDS,0.73071504
9300,HECTD2,0.72852945
9301,RHBDL1,0.66448677
9302,SPC25,0.8435959
9303,BRAF,0.70004416
9304,KCNC4,0.7789383
9305,ACOX2,0.6230373
9306,USP45,0.7518179
9307,N4BP2L1,0.75284326
9308,CACNB2,0.7566832
9309,PRLR,0.86146694
9310,KCTD7,0.7207324
9311,SLC46A1,0.69469124
9312,RANBP6,0.8448991
9313,TCP11L2,0.74131167
9314,ENPP2,0.7988876
9315,CSRNP2,0.76911163
9316,TMEM39A,0.76769274
9317,POLI,0.73775077
9318,EFNA4,0.83179003
9319,CASP3,0.7487803
9320,AC007906.2,0.57940423
9321,THAP3,0.8174366
9322,PLXNC1,0.7271803
9323,ZKSCAN3,0.78602415
9324,SNX10,0.6826991
9325,GATB,0.8157191
9326,ACSM3,0.7412832
9327,NIFK,0.6626637
9328,SNX20,0.7149194
9329,MDM1,0.7462944
9330,CTXN1,0.76347667
9331,PRKCH,0.6604055
9332,MPP6,0.7502327
9333,SLX4IP,0.7917639
9334,FCMR,0.7699337
9335,USP28,0.7719749
9336,SDHAF3,0.82106954
9337,DEPDC5,0.7878607
9338,TMC7,0.8111156
9339,NSUN6,0.746093
9340,MAN1C1,0.7722971
9341,GINS4,0.80070835
9342,AGPAT4,0.6929911
9343,CYP7B1,0.8617715
9344,ABL2,0.6618015
9345,GNB1L,0.87868124
9346,FAM126A,0.7571271
9347,ZNF606,0.69543236
9348,ZNF169,0.7766185
9349,C17orf53,0.77751726
9350,STYX,0.7416829
9351,PLA2G10,0.8164965
9352,INTS2,0.7393782
9353,COMMD8,0.83529854
9354,SWSAP1,0.7769775
9355,GPR180,0.76341313
9356,IFT140,0.7691921
9357,BCAR3,0.7450821
9358,PRPF40B,0.79974973
9359,SETD6,0.78946
9360,PEX10,0.7796334
9361,MFSD8,0.73948145
9362,HPS5,0.6774177
9363,C18orf21,0.7552613
9364,SFRP1,0.6489378
9365,SYNE3,0.80753386
9366,ASPM,0.82679826
9367,GNG2,0.79872537
9368,NPL,0.69174623
9369,GCC1,0.82980794
9370,RIOX1,0.83870584
9371,SETDB2,0.6799342
9372,SH3RF3,0.8184517
9373,CADPS,0.68789494
9374,CEL,0.58719045
9375,RP9,0.8052737
9376,CCDC71,0.83202577
9377,CSPP1,0.6763964
9378,MED19,0.8182491
9379,SNAPC1,0.7431997
9380,PDIK1L,0.758881
9381,ELOVL7,0.8459014
9382,SNORC,0.7292097
9383,KAT14,0.7745575
9384,BAMBI,0.67879736
9385,MN1,0.8258953
9386,NAA80,0.67056555
9387,CENPO,0.8544034
9388,KANK3,0.821597
9389,DNAAF2,0.80163807
9390,ZNF296,0.8989252
9391,TMEM200A,0.7498305
9392,FECH,0.76728284
9393,TIRAP,0.7667902
9394,CD36,0.75849855
9395,FAM111B,0.8386114
9396,METTL6,0.7358513
9397,ADAMTS13,0.71034116
9398,OSBPL11,0.6980999
9399,HSPBAP1,0.6979173
9400,MBNL3,0.80010796
9401,APOLD1,0.7288567
9402,SFT2D1,0.66688603
9403,HAS2,0.6854889
9404,GABPA,0.74043065
9405,ACBD4,0.72839373
9406,TUBD1,0.6709159
9407,BCL2A1,0.6574438
9408,DZIP3,0.746296
9409,GXYLT1,0.75053674
9410,CACNB1,0.7770893
9411,LTO1,0.80539256
9412,AGK,0.7553458
9413,CYB5D2,0.7419084
9414,RASGRP3,0.74003446
9415,SYT13,0.69857323
9416,LIMCH1,0.82203954
9417,ITSN1,0.7305734
9418,ARMT1,0.7537446
9419,DTL,0.8775332
9420,POLE2,0.8354955
9421,TAF1A,0.78671175
9422,RNASEL,0.7423768
9423,CYP2W1,0.5574592
9424,MRAS,0.7928872
9425,ORC1,0.7527973
9426,ST8SIA4,0.76135063
9427,ZNF446,0.7349955
9428,THAP1,0.80710006
9429,FOXJ2,0.73175204
9430,OXCT1,0.7255402
9431,PLCD1,0.704446
9432,MINPP1,0.67858064
9433,MIEF2,0.668625
9434,ZSCAN16,0.8591031
9435,ROGDI,0.7879192
9436,CCDC112,0.7424351
9437,METTL14,0.7067098
9438,PSTPIP2,0.68557155
9439,WDR83,0.7424781
9440,USP35,0.7356497
9441,ZNF408,0.8601668
9442,SEMA6A,0.6782855
9443,COLCA2,0.7223203
9444,CMTM1,0.7496499
9445,FKRP,0.7260388
9446,DLG4,0.75773877
9447,GEMIN5,0.80317026
9448,PIK3CA,0.81567895
9449,WDR54,0.80066514
9450,GBE1,0.6738321
9451,CDK14,0.80400616
9452,PEAR1,0.7952324
9453,CCL11,0.7733869
9454,CRADD,0.7000987
9455,ABI3BP,0.65776193
9456,IQCK,0.8105314
9457,PRIM2,0.79386413
9458,ARV1,0.7697445
9459,AP3M2,0.8132799
9460,CCDC189,0.7428466
9461,DTNB,0.7611879
9462,SLC2A12,0.7727604
9463,UBXN8,0.79126054
9464,INTU,0.74032634
9465,THUMPD2,0.76030236
9466,TMEM260,0.82262355
9467,DDC,0.75950384
9468,ZSWIM6,0.59614253
9469,STRADA,0.81538314
9470,IGSF6,0.7510166
9471,ADAMTS10,0.7925726
9472,GALNT8,0.7236032
9473,PLEKHF1,0.79506326
9474,RENBP,0.7104805
9475,MMP28,0.748864
9476,NXPE1,0.6769633
9477,CDRT4,0.78016454
9478,CACNA1C,0.79110825
9479,EPOP,0.80061805
9480,TRMT13,0.72279245
9481,ANK2,0.7731368
9482,XK,0.84382063
9483,LYST,0.73166126
9484,SOWAHB,0.8194682
9485,PARP16,0.7644954
9486,NEIL2,0.77660984
9487,SERAC1,0.81330657
9488,TBC1D32,0.68080693
9489,C12orf76,0.73450977
9490,TRERF1,0.78295594
9491,SRFBP1,0.6341025
9492,PODNL1,0.7476671
9493,LIN37,0.7669402
9494,TECPR2,0.798905
9495,CGRRF1,0.7582913
9496,SFXN2,0.7932523
9497,EFCC1,0.7576527
9498,PEX14,0.7735237
9499,DQX1,0.7119596
9500,TANGO2,0.7306923
9501,IYD,0.8312077
9502,FAM110B,0.7945889
9503,CC2D2A,0.74636286
9504,ANGEL2,0.8160969
9505,ZNF736,0.75171
9506,POGLUT2,0.77216274
9507,EGFL8,0.82215506
9508,PRELID2,0.7825745
9509,RELL2,0.7419899
9510,TUT1,0.777548
9511,URAD,0.5174933
9512,FZD2,0.77880895
9513,CD7,0.73842776
9514,ZBTB37,0.72272986
9515,TRIM68,0.8439056
9516,ARHGEF28,0.7623218
9517,ADAMTS7,0.8562578
9518,ZNF30,0.8523858
9519,NAP1L5,0.80418056
9520,BHLHE41,0.64691216
9521,SEMA6B,0.68845737
9522,PFKFB4,0.68215567
9523,GGACT,0.8135751
9524,NEDD4,0.70783144
9525,TGFBR3,0.659211
9526,CEP76,0.80776685
9527,RWDD3,0.79707205
9528,SUOX,0.79294485
9529,HS3ST1,0.7155679
9530,ADGRF5,0.87655103
9531,FUZ,0.68301225
9532,CCP110,0.7463583
9533,ZC2HC1A,0.74670035
9534,SPOCK1,0.766859
9535,PEX3,0.7311289
9536,CENPU,0.8305293
9537,STX11,0.83142316
9538,CDCA2,0.74725103
9539,PMS1,0.72069895
9540,WDR62,0.85468394
9541,UQCRFS1,0.5812775
9542,SMIM24,0.688203
9543,CSF2RA,0.6964586
9544,CEP83,0.7739996
9545,PRXL2C,0.67195
9546,CETN3,0.8212992
9547,C9orf40,0.7771757
9548,TMEM267,0.8095269
9549,LRRCC1,0.77503073
9550,SYNJ1,0.7275526
9551,FDXR,0.73306423
9552,RBM48,0.75797695
9553,NID2,0.77267
9554,DYNC2LI1,0.7134832
9555,ZNF333,0.8158881
9556,EDIL3,0.77166253
9557,SCN1B,0.7899579
9558,ZNF16,0.7723316
9559,SLX4,0.69517744
9560,REST,0.6388607
9561,RBBP8,0.79157805
9562,CTDSPL2,0.6962941
9563,DOK2,0.81779116
9564,CLN5,0.63500834
9565,CCDC34,0.78519416
9566,MOSMO,0.74755794
9567,MCUB,0.65554833
9568,PYCR3,0.7272518
9569,NATD1,0.7227376
9570,C16orf87,0.722098
9571,CNFN,0.7904455
9572,STOML1,0.7684454
9573,MED18,0.8060951
9574,KCTD18,0.7682773
9575,HELQ,0.7243192
9576,BBS4,0.7737965
9577,ANOS1,0.8825897
9578,ZNF251,0.801871
9579,ESPL1,0.80087155
9580,CXCL1,0.57892764
9581,PHTF1,0.75476533
9582,TTBK2,0.7935158
9583,CCDC127,0.75547427
9584,ZNF431,0.7245361
9585,IL1RAP,0.7245668
9586,USP18,0.6778063
9587,ZSWIM7,0.7160427
9588,ARHGEF6,0.79674065
9589,SLC25A17,0.7323899
9590,NRDE2,0.78190047
9591,MSX2,0.5948164
9592,DDX59,0.77495
9593,PDP2,0.7828766
9594,B3GALT5,0.6097136
9595,SRBD1,0.71928823
9596,OSM,0.6268949
9597,PRTFDC1,0.78143775
9598,REEP6,0.73098713
9599,C4BPB,0.75495374
9600,FAM114A2,0.736803
9601,SCAMP5,0.7034942
9602,NDUFAF1,0.7965359
9603,ARL14,0.80367404
9604,POLQ,0.7865812
9605,FBXO30,0.76785475
9606,WDR19,0.65005314
9607,CYP20A1,0.7799962
9608,NPR2,0.78445905
9609,HMCN2,0.8235797
9610,MASTL,0.7766232
9611,EVA1C,0.67926294
9612,CHN1,0.8246761
9613,HOXD9,0.66136223
9614,ACADSB,0.79185724
9615,GRK4,0.7908229
9616,ZNF784,0.82525873
9617,CELSR3,0.792285
9618,SLC1A3,0.7341162
9619,DACT3,0.82307357
9620,MAML3,0.8033118
9621,GPATCH3,0.7439639
9622,CDK3,0.74245095
9623,ZNF197,0.72984755
9624,TMTC2,0.7410287
9625,TMEM99,0.7334538
9626,CSF3,0.5942907
9627,RFX2,0.75861424
9628,PRKD1,0.7647887
9629,LYRM7,0.721704
9630,PTCH1,0.7204837
9631,DENND6B,0.8058399
9632,LRRC19,0.80916256
9633,ZNF714,0.8023038
9634,ANKEF1,0.830502
9635,SLC18B1,0.7551643
9636,TMEM241,0.8030451
9637,GDAP1,0.69694173
9638,MEP1A,0.67759174
9639,PAIP2B,0.66690016
9640,LGALS2,0.62957275
9641,VPS50,0.7075825
9642,DBT,0.68431723
9643,VLDLR,0.782224
9644,NRXN3,0.80786324
9645,GPT,0.7144329
9646,HR,0.6610727
9647,CLEC4A,0.67455906
9648,HSBP1L1,0.7585281
9649,GPR68,0.821117
9650,CLEC3B,0.771299
9651,JADE3,0.8189663
9652,DNAH14,0.8171257
9653,INMT,0.82839674
9654,HYAL1,0.65983
9655,G2E3,0.77529913
9656,MYO9A,0.7249813
9657,C1orf162,0.8140458
9658,TMEM91,0.64658606
9659,DPP4,0.62828046
9660,C21orf58,0.736311
9661,WDR7,0.72701216
9662,TNRC6C,0.8142923
9663,DGKZ,0.68676525
9664,NIPAL3,0.75735307
9665,FLI1,0.7978126
9666,TSPAN11,0.8077391
9667,ZSCAN21,0.7307968
9668,NUDT18,0.7410251
9669,KAZALD1,0.7403895
9670,KLHL17,0.64134085
9671,FAM122C,0.7542436
9672,JPH2,0.7951683
9673,DOLPP1,0.74631494
9674,ATP6V1C2,0.75640196
9675,EBF4,0.82278615
9676,MAP3K7CL,0.80172694
9677,C8orf58,0.6367305
9678,ASIC1,0.7376899
9679,LIAS,0.7250809
9680,APH1B,0.681132
9681,FBXO45,0.8514373
9682,KCNMB4,0.71190566
9683,SYNCRIP,0.49520388
9684,CHIC1,0.7507277
9685,ATG4A,0.78006935
9686,CFI,0.73651654
9687,DENND5B,0.70170957
9688,ZNF776,0.84761685
9689,LAT,0.7684197
9690,RPA2,0.71614176
9691,DOCK10,0.76598215
9692,NEGR1,0.7273431
9693,SNCG,0.7734958
9694,PCYOX1L,0.7820296
9695,GPRC5B,0.76779836
9696,NCKAP5,0.7259405
9697,RASGRF2,0.7229653
9698,MMACHC,0.78845495
9699,MND1,0.84254134
9700,PGBD2,0.68903047
9701,TRIM3,0.683706
9702,IGSF9B,0.73734194
9703,WDR76,0.7833608
9704,HOXD4,0.7557913
9705,TMEM171,0.7758656
9706,OTUD1,0.7682341
9707,ETFDH,0.7620632
9708,CEP290,0.8173078
9709,POMT2,0.68595743
9710,ST3GAL5,0.7398163
9711,KRT7,0.4246861
9712,JCAD,0.63527864
9713,PTPN13,0.65543807
9714,SASS6,0.77871937
9715,CEP295,0.69555026
9716,PRAF2,0.69705194
9717,L1TD1,0.6241379
9718,JAML,0.75821346
9719,ARNTL2,0.65632147
9720,TIMM8A,0.72526854
9721,FOXP2,0.743983
9722,ZNF202,0.7826315
9723,B3GNT9,0.74760354
9724,LY96,0.7944671
9725,P2RX1,0.8343362
9726,IL2RB,0.7204795
9727,AMIGO2,0.5858177
9728,C17orf97,0.74364245
9729,PKIB,0.75508225
9730,PCDHGC3,0.84619325
9731,AASS,0.7440005
9732,LYSMD4,0.7605391
9733,ELL3,0.8003108
9734,SHCBP1,0.86568564
9735,IL17RD,0.7935646
9736,PCED1B,0.7772077
9737,GNAI1,0.7394169
9738,FUT1,0.82676524
9739,WDFY4,0.76255125
9740,C1QTNF3,0.68974763
9741,NEK1,0.77333415
9742,B3GALNT1,0.72202677
9743,WDR35,0.67266846
9744,RCHY1,0.7970377
9745,MCOLN1,0.70396703
9746,ABI3,0.7951103
9747,MMAA,0.71508217
9748,LDLRAD3,0.75225043
9749,LINC02693,0.78248787
9750,ZNF579,0.7252992
9751,DENND2A,0.8303026
9752,ARHGEF37,0.7411145
9753,IDNK,0.6739193
9754,C1orf216,0.7817521
9755,SIDT2,0.677523
9756,GCFC2,0.7898066
9757,FAM160A1,0.77547586
9758,IL7,0.7529659
9759,NR5A2,0.6826991
9760,TRAF3IP3,0.75430864
9761,C12orf4,0.7344996
9762,KDM4A,0.7424366
9763,PELI2,0.70262927
9764,SLC29A3,0.73440176
9765,ZNF165,0.7719784
9766,GKAP1,0.744283
9767,RMI1,0.81913644
9768,POLR3F,0.7359677
9769,PSD,0.72413677
9770,CPNE5,0.80878115
9771,PAPLN,0.73474276
9772,POMGNT2,0.7416884
9773,FKBP7,0.8311199
9774,MAP2K5,0.772207
9775,ZNF558,0.77253485
9776,PSAT1,0.82347363
9777,BTC,0.77826905
9778,TMEM107,0.68472713
9779,ZBTB14,0.7425479
9780,GANC,0.6678616
9781,MED31,0.7199277
9782,TMEM229B,0.7534561
9783,NXT2,0.68111926
9784,SEMA4F,0.70966184
9785,RAD18,0.8015908
9786,SNCA,0.64480597
9787,TNFSF14,0.816376
9788,SMARCA1,0.7149692
9789,GPC2,0.7527037
9790,TCFL5,0.7259441
9791,NMNAT1,0.74584645
9792,PARD3B,0.6746023
9793,FIZ1,0.7722821
9794,ZNF182,0.7610037
9795,SLC25A29,0.7174961
9796,ZNF174,0.8049914
9797,TTC28,0.7163741
9798,MFSD4B,0.7305378
9799,MOCS1,0.7536217
9800,POU5F2,0.7569584
9801,TNFRSF11B,0.7329582
9802,ANKMY1,0.78672373
9803,TGFB3,0.7400576
9804,HOXB13,0.7106911
9805,ABAT,0.7895529
9806,TLE4,0.80426073
9807,DAAM2,0.8404176
9808,PIF1,0.7785492
9809,EVC,0.7396361
9810,TBPL1,0.6594648
9811,CYB5RL,0.80051696
9812,GOLGA7B,0.63186216
9813,NRG1,0.5424461
9814,SLC25A27,0.6750742
9815,TRPA1,0.73050576
9816,RBMS3,0.79822224
9817,FAXDC2,0.7393509
9818,CEP70,0.76414907
9819,FAM20A,0.7980845
9820,ARMCX1,0.80116504
9821,LYL1,0.71081644
9822,BCORL1,0.7492254
9823,DDX20,0.79569376
9824,FBXO8,0.67733794
9825,CDKAL1,0.7774449
9826,PARP2,0.70903486
9827,CLDN2,0.68016034
9828,ZNF675,0.77549595
9829,ASPHD2,0.6370725
9830,PALB2,0.8153561
9831,CHML,0.7753928
9832,CDPF1,0.7964149
9833,TMEM150B,0.70473474
9834,PARS2,0.7405107
9835,VSTM4,0.835595
9836,SUV39H1,0.8441448
9837,MLH1,0.7170722
9838,HAUS3,0.7997536
9839,GSTA4,0.7360159
9840,SCART1,0.73631907
9841,CDKN2B,0.7253541
9842,ERG,0.84117144
9843,KCNJ8,0.8412529
9844,RASAL3,0.7591803
9845,SUPT3H,0.6535101
9846,UTP20,0.7332213
9847,ABRAXAS2,0.6714143
9848,IGSF3,0.7796911
9849,RIPOR2,0.80373526
9850,APOO,0.8426178
9851,SLC4A4,0.7660986
9852,EVI2A,0.67855436
9853,ARHGAP30,0.7306296
9854,MUC5AC,0.48479295
9855,ATOH1,0.6203852
9856,BRWD3,0.6270374
9857,SUV39H2,0.7998199
9858,TMEM14B,0.65168095
9859,ZNF37A,0.71000826
9860,SMYD4,0.79481226
9861,UTP15,0.72580546
9862,SNRPB2,0.6632133
9863,ZNF283,0.6710075
9864,MAPK11,0.70176333
9865,RBPMS2,0.7815927
9866,MCOLN2,0.6864138
9867,LCK,0.73438257
9868,MOGAT3,0.7282928
9869,TRUB1,0.76181215
9870,ACE2,0.65707606
9871,ZNF585A,0.83190393
9872,POLRMT,0.6845439
9873,RBAK,0.75969553
9874,SHE,0.8705591
9875,TSPAN9,0.67464966
9876,C5orf30,0.7912659
9877,ACTR6,0.7156043
9878,PUS3,0.7776646
9879,MYCL,0.7439076
9880,BGLAP,0.7217965
9881,LAYN,0.7977632
9882,LRRC56,0.74277514
9883,PI15,0.6275657
9884,ZFP30,0.68485796
9885,TOGARAM1,0.72261816
9886,ZNF324,0.7068384
9887,HOXB7,0.73526317
9888,XKR6,0.80803365
9889,DNAJC12,0.65266955
9890,PKN3,0.7482772
9891,GTF2H3,0.82167774
9892,ZC3HAV1L,0.79900587
9893,ZBTB3,0.72721845
9894,SH2D2A,0.76209337
9895,RPP14,0.8046258
9896,MCC,0.8435893
9897,WWC2,0.78621185
9898,GTF2E1,0.8173706
9899,RCBTB2,0.7694136
9900,TDRP,0.7730194
9901,MPDZ,0.8752836
9902,CCL4L2,0.66754806
9903,P2RY1,0.6958966
9904,ZNF600,0.7860667
9905,ZNF557,0.7921733
9906,MPP3,0.7398122
9907,EXOC1,0.6665695
9908,MTHFD2L,0.747966
9909,SCARA3,0.7834172
9910,EEF2KMT,0.78281534
9911,CLIP3,0.84548616
9912,RNF227,0.7058495
9913,MT1H,0.51401746
9914,CD300A,0.7781864
9915,EXOC8,0.7490135
9916,CD96,0.8136906
9917,TMOD1,0.8019314
9918,SLIT2,0.7805199
9919,ZNF383,0.77485126
9920,SLC36A4,0.62344587
9921,RSL24D1,0.69594043
9922,CCR1,0.6685037
9923,HERC5,0.77457845
9924,SPIN2B,0.74965715
9925,ANKRD26,0.67968214
9926,PTGER3,0.7835128
9927,INTS6L,0.7790953
9928,DHRS13,0.7935999
9929,SMIM31,0.70981616
9930,ZDHHC14,0.73506784
9931,RBP4,0.57170206
9932,TBC1D31,0.72817427
9933,HOXA11,0.7765965
9934,ARAP2,0.73517644
9935,TXNRD3,0.7278409
9936,PITPNM3,0.71290594
9937,LYSMD3,0.75393206
9938,CLIC3,0.63775617
9939,ADAMTSL4,0.76767224
9940,DIAPH3,0.8078192
9941,SEC14L2,0.73000985
9942,ZNF25,0.7953658
9943,OIP5,0.83335763
9944,SOX5,0.7704297
9945,GPAM,0.72870725
9946,CPLANE1,0.7581793
9947,ZNF527,0.70647913
9948,NOCT,0.6629363
9949,FUNDC2,0.59963983
9950,RAB27B,0.681506
9951,ELMO1,0.7952164
9952,SLC27A2,0.75257784
9953,EXTL2,0.78277063
9954,P2RY2,0.81856287
9955,TIGD1,0.68964624
9956,SPA17,0.6926559
9957,PRELID3A,0.712905
9958,RASSF10,0.7406392
9959,TRAIP,0.79633063
9960,SDK1,0.7703667
9961,RECK,0.78973496
9962,TMEM237,0.8022115
9963,SHISA4,0.81440014
9964,IRAK1BP1,0.79933673
9965,STK32C,0.6845633
9966,SLAMF8,0.80769557
9967,SPACA6,0.7733372
9968,TRIM34,0.8107491
9969,SEPTIN4,0.8278117
9970,MAPK10,0.74309987
9971,USP43,0.7804476
9972,ZNF619,0.7542127
9973,PRRG2,0.7978503
9974,SNED1,0.73836285
9975,AADAT,0.7404713
9976,DUS2,0.79246116
9977,PTCD2,0.8058576
9978,ADPRHL1,0.7535167
9979,CHRNB1,0.76862884
9980,SMIM8,0.65484047
9981,WNT2,0.73612505
9982,DPH6,0.7539609
9983,NSUN3,0.7658642
9984,CNRIP1,0.7673486
9985,CLSPN,0.8300966
9986,SEMA6C,0.741425
9987,ARHGAP6,0.6739339
9988,LRP12,0.80464315
9989,DCAF4,0.78972626
9990,ZNF584,0.6836613
9991,AP002495.1,0.683443
9992,SPEF2,0.79144394
9993,GOLT1A,0.8411743
9994,ALS2,0.74328154
9995,ASTN2,0.77222556
9996,CCDC28B,0.7426317
9997,FRS3,0.7138042
9998,MFSD2A,0.8050516
9999,ZNF786,0.8329593
