gene_index,gene,oracle_pcc
0,PAX8,0.8390289
1,CA9,0.7416939
2,NDUFA4L2,0.5172852
3,VEGFA,0.872494
4,EGLN3,0.8999478
5,PLIN2,0.67992574
6,ENPP3,0.75490624
7,NDRG1,0.7645504
8,LRP2,0.70924336
9,CUBN,0.7308126
10,SLC34A1,0.29037032
11,UMOD,0.31024617
12,SLC12A3,0.26524672
13,AQP2,0.47573745
14,FOXI1,0.34373772
15,NPHS1,0.39703575
16,PECAM1,0.89318293
17,PTPRC,0.7826914
18,COL1A1,0.90841407
19,KRT8,0.88828033
20,KRT18,0.96976453
21,EPCAM,0.7070547
22,TGFA,0.77807903
23,FTO,0.5699787
24,SLC6A3,0.622871
25,CP,0.74890184
26,EGFR,0.92325896
27,COL23A1,0.63820124
28,ABCC3,0.9023442
29,KCTD3,0.93209654
30,SEMA6A,0.86170536
31,PLEKHA1,0.8956232
32,SLC5A2,0.35663068
33,ALDOB,0.5605827
34,AQP1,0.62409943
35,HNF4A,0.74307585
36,PDZK1,0.8425266
37,SLC12A1,0.31350088
38,KCNJ1,0.5878808
39,CLDN16,0.48722172
40,CLDN10,0.61360604
41,CALB1,0.49486646
42,PVALB,0.5210776
43,TRPM6,0.40581524
44,AVPR2,0.4251003
45,SCNN1G,0.46344092
46,SCNN1B,0.49240747
47,ATP6V1B1,0.5407866
48,SLC4A1,0.3886156
49,CA2,0.7769854
50,ATP6V0D2,0.3549268
51,NPHS2,0.40445748
52,PODXL,0.8753546
53,WT1,0.43037033
54,SYNPO,0.8319251
55,MAFB,0.7516771
56,VWF,0.7854371
57,KDR,0.8220884
58,EMCN,0.5016005
59,PLVAP,0.7103433
60,ESM1,0.5517489
61,ANGPT2,0.662231
62,RGCC,0.6667099
63,CD37,0.86944485
64,CORO1A,0.8350063
65,LAPTM5,0.8482618
66,CD3D,0.705457
67,CD3E,0.755291
68,TRAC,0.7051056
69,TRBC1,0.65907425
70,LTB,0.6789829
71,IL7R,0.7179586
72,MAL,0.6649242
73,CCR7,0.56193286
74,TCF7,0.5322758
75,LEF1,0.6567318
76,CD8A,0.6153487
77,CD8B,0.2673083
78,CCL5,0.7543617
79,NKG7,0.7850917
80,PRF1,0.65722257
81,GZMK,0.58224976
82,GZMB,0.5315319
83,FOXP3,0.61718833
84,IL2RA,0.5246544
85,CTLA4,0.47673404
86,TIGIT,0.48447827
87,IKZF2,0.5765216
88,CCR8,0.37279728
89,PDCD1,0.5201765
90,LAG3,0.49656627
91,HAVCR2,0.7020932
92,TOX,0.6054905
93,CXCL13,0.46765617
94,ENTPD1,0.9343517
95,GNLY,0.5822899
96,KLRD1,0.52093464
97,FCGR3A,0.582653
98,TYROBP,0.77624387
99,MS4A1,0.5259753
100,CD79A,0.76456803
101,CD74,0.9069781
102,HLA-DRA,0.87168884
103,CD22,0.60129005
104,CD83,0.25687757
105,JCHAIN,0.8468562
106,MZB1,0.8511877
107,SDC1,0.5963258
108,IGHG1,0.93719554
109,IGKC,0.9546576
110,XBP1,0.87783736
111,LST1,0.81866556
112,FCER1G,0.8130591
113,CTSS,0.81861925
114,LILRB1,0.31151983
115,LYZ,0.6619545
116,S100A8,0.5988124
117,S100A9,0.71719164
118,FCN1,0.32617053
119,CCR2,0.15203889
120,VCAN,0.8085355
121,MS4A7,0.822659
122,IFITM3,0.81616503
123,TYMP,0.87773085
124,C1QA,0.8230932
125,C1QB,0.7832044
126,C1QC,0.72572786
127,APOE,0.5669005
128,CD68,0.79416823
129,MSR1,0.5792131
130,MRC1,0.75653046
131,CTSD,0.6151048
132,FOLR2,0.8440826
133,LYVE1,0.62332463
134,CD163,0.8571654
135,SPP1,0.7061283
136,APOC1,0.48800078
137,TREM2,0.7203259
138,GPNMB,0.63486093
139,LGALS3,0.76301503
140,CTSB,0.82003385
141,IL1B,0.505899
142,SELL,0.7363449
143,FCGR3B,0.5322946
144,CSF3R,0.7078354
145,CXCR2,0.59297353
146,FPR1,0.53621197
147,MNDA,0.5415427
148,CLEC9A,0.47939107
149,XCR1,0.56412286
150,BATF3,0.53389955
151,CADM1,0.6450276
152,IRF8,0.75889206
153,CD1C,0.22830975
154,CLEC10A,0.4357058
155,FCER1A,0.42995036
156,CST3,0.8887634
157,TCF4,0.81906605
158,IL3RA,0.85775226
159,CLEC4C,0.1705585
160,IRF7,0.4983137
161,TPSAB1,0.3327863
162,TPSB2,0.7347593
163,KIT,0.33510002
164,MS4A2,0.52205074
165,HDC,0.43254098
166,CPA3,0.4850891
167,CLC,0.551875
168,PRG2,0.45938835
169,SIGLEC8,0.4344878
170,RNASE2,0.512255
171,EPX,0.24988525
172,COL1A2,0.82996434
173,COL3A1,0.82653934
174,DCN,0.8275245
175,LUM,0.8405512
176,COL6A1,0.7235613
177,PDGFRA,0.77386546
178,ACTA2,0.8753578
179,TAGLN,0.92690593
180,MYL9,0.8033317
181,TPM2,0.7225854
182,CXCL12,0.7427078
183,IL6,0.5268081
184,CFD,0.7128858
185,C7,0.7327476
186,CXCL14,0.68254334
187,COL11A1,0.40968695
188,FAP,0.79687476
189,THY1,0.6717146
190,PDPN,0.4465975
191,INHBA,0.85194296
192,MMP2,0.8100317
193,COL10A1,0.49597454
194,HLA-DPA1,0.8786018
195,HLA-DPB1,0.8074427
196,CIITA,0.7647457
197,CLDN5,0.78346723
198,ENG,0.89966774
199,RAMP2,0.8498213
200,APLN,0.7037721
201,PGF,0.49937996
202,EFNB2,0.76496893
203,SOX17,0.44832745
204,GJA5,0.43977833
205,FBLN5,0.56985176
206,HEY1,0.5220757
207,ACKR1,0.43636587
208,SELP,0.4164367
209,SELE,0.6298666
210,NR2F2,0.69761854
211,FLT4,0.8536442
212,CCL21,0.6801674
213,PROX1,0.3750763
214,CCL14,0.70111245
215,RGS5,0.5778151
216,PDGFRB,0.85938853
217,CSPG4,0.7929256
218,MCAM,0.7904427
219,DES,0.47934964
220,NOTCH3,0.6763602
221,MYH11,0.58038414
222,CNN1,0.6497496
223,ADIPOQ,0.2588763
224,PLIN1,0.21507297
225,FABP4,0.20368975
226,LEP,0.44734752
227,LPL,0.4211267
228,CIDEC,0.19568658
229,S100B,0.5617366
230,SOX10,0.41399452
231,PLP1,0.6143846
232,MPZ,0.56387275
233,S100A1,0.6387903
234,NGFR,0.62927467
235,MKI67,0.50681204
236,TOP2A,0.6304789
237,UBE2C,0.5833847
238,CENPF,0.7169128
239,CCNB1,0.5786298
240,CDK1,0.5393577
241,TUBB,0.40900254
242,BNIP3,0.6321193
243,PGK1,0.8243401
244,LDHA,0.52638537
245,SLC2A1,0.8254809
246,ENO1,0.9317665
247,ISG15,0.76134926
248,IFIT1,0.475337
249,IFIT2,0.51151055
250,IFIT3,0.79336315
251,MX1,0.59760994
252,OAS1,0.73343164
253,STAT1,0.5832236
254,CXCL10,0.60549134
255,VIM,0.60089433
256,FN1,0.8349561
257,TGFBI,0.5870328
258,SNAI2,0.63595325
259,ZEB1,0.9035933
260,ITGA5,0.8602402
261,LAMC2,0.44760194
262,SERPINE1,0.7943154
263,HBB,0.41732928
264,HBA1,0.38702598
265,HBA2,0.4187684
266,ALAS2,0.27909413
267,GYPA,0.36633742
268,AHSP,0.35783437
269,PPBP,0.49399367
270,PF4,0.21170634
271,GP9,0.3799796
272,RGS18,0.54234725
273,NRGN,0.74270743
274,FOS,0.7438402
275,JUN,0.6052511
276,JUNB,0.6459928
277,DDIT3,0.84048516
278,HSPA1A,0.42986384
279,HSPA1B,0.32892004
280,ATF3,0.6180777
281,MT-CO1,0.6692417
282,MT-CO2,0.5796033
283,MT-ND1,0.51607203
284,MT-ND2,0.48291385
285,MT-CYB,0.57063437
286,CCN2,0.925999
287,HSPG2,0.89122814
288,SRGN,0.89642096
289,TIMP2,0.96337837
290,THBS1,0.8801438
291,ARHGDIB,0.7967441
292,COL4A2,0.7558953
293,ZFP36L2,0.87019914
294,CXCR4,0.70869684
295,MGP,0.81534153
296,DEPP1,0.76068974
297,COL18A1,0.72325563
298,TGM2,0.67121434
299,TIMP3,0.7277697
300,CLU,0.77538615
301,PRSS23,0.8622497
302,A2M,0.90292734
303,AEBP1,0.89922863
304,CAVIN1,0.87099737
305,ZFP36,0.55064374
306,CEBPD,0.7390003
307,SELENOP,0.68133336
308,NUPR1,0.6812103
309,HLA-DMA,0.8356325
310,RASSF4,0.8071322
311,NPC2,0.87954646
312,COL4A1,0.8047135
313,IGFBP5,0.60425097
314,FSTL1,0.8303583
315,GSN,0.8781445
316,HSPD1,0.8163929
317,SSR4,0.7376253
318,HERPUD1,0.7946086
319,GNAI2,0.89671975
320,COTL1,0.8512676
321,LAMA5,0.8327918
322,PLXND1,0.90737647
323,C1S,0.7901035
324,FKBP1A,0.69021684
325,TNFSF10,0.8754149
326,IFI30,0.90232974
327,CALD1,0.8228917
328,NRP1,0.83807284
329,COL6A2,0.79051256
330,CNN3,0.6988776
331,FLNA,0.87244934
332,ITGA3,0.80844575
333,IGFBP4,0.7274427
334,ASAH1,0.76967907
335,PGAM1,0.8861367
336,NFE2L1,0.8858168
337,MS4A6A,0.85433847
338,KLF6,0.6410529
339,DDX3X,0.81745094
340,PLXNB2,0.9197832
341,PFKP,0.95449954
342,LAMB2,0.79785734
343,SERPING1,0.7037151
344,CTNNB1,0.9309967
345,ZFP36L1,0.8190499
346,IVNS1ABP,0.74239725
347,DSTN,0.67891526
348,WSB1,0.851934
349,LMNA,0.84539825
350,ATP1B1,0.8959234
351,HCFC1R1,0.81239605
352,ATF4,0.6410934
353,RNF213,0.77982765
354,SPINT2,0.85308725
355,SH3BGRL3,0.8717787
356,PTTG1IP,0.90356636
357,CRIP1,0.8396122
358,FCGRT,0.8229156
359,ACADVL,0.80023247
360,ATP1A1,0.76350933
361,ST13,0.9485524
362,TNIP1,0.92891484
363,GTF2I,0.84923893
364,PNRC1,0.63173956
365,ITGAV,0.78176546
366,CTSA,0.69716674
367,ZFAND5,0.6795415
368,SAT1,0.76080227
369,HLA-F,0.55272883
370,CD151,0.94501895
371,IFI6,0.31901747
372,HNRNPD,0.72694063
373,CYBA,0.8672276
374,MCL1,0.7150913
375,PDZK1IP1,0.8889813
376,IFI27,0.57249635
377,CRIP2,0.86978865
378,BGN,0.8311749
379,ANXA1,0.8477635
380,GPI,0.87280416
381,PLAAT4,0.84173983
382,STOM,0.6483567
383,NUCB1,0.7920146
384,PEBP1,0.8357634
385,NDUFA2,0.937378
386,RAB1A,0.37149477
387,LITAF,0.67060417
388,TRIR,0.7091129
389,HPCAL1,0.86530304
390,EPAS1,0.7521181
391,PPP1CB,0.74846035
392,CAPNS1,0.5910112
393,PRR13,0.824049
394,MLEC,0.8918607
395,SRSF2,0.361226
396,CTSC,0.79914063
397,RPN2,0.6825028
398,GSTP1,0.6591638
399,CSTB,0.71870977
400,TXNDC5,0.950394
401,ARPC5,0.81139046
402,LRP1,0.90519065
403,SERPINA1,0.5597396
404,LAMP1,0.8633242
405,SLC38A1,0.847933
406,TGOLN2,0.8228972
407,HSBP1,0.89426017
408,MYL12A,0.5891588
409,SELENOM,0.7630596
410,CAPZB,0.75346047
411,NFKBIA,0.5575581
412,AHNAK,0.64156145
413,LMAN2,0.8912781
414,CAV1,0.8607505
415,RBM39,0.5480996
416,ITGB2,0.9349553
417,SDF4,0.85456204
418,ARHGDIA,0.7600925
419,CALM3,0.8527212
420,GRINA,0.7961967
421,COX6C,0.8199255
422,EHD2,0.8796106
423,GLS,0.8172865
424,LGALS3BP,0.8375482
425,APLP2,0.89360183
426,HNRNPH1,0.5785616
427,TPP1,0.8544025
428,CAP1,0.8351927
429,TNS1,0.7898597
430,CAPN2,0.79265285
431,SDC4,0.8603894
432,HSPE1,0.7845356
433,PSMB4,0.89758486
434,ATP5MF,0.854935
435,ZYX,0.94505185
436,HTRA1,0.6287086
437,BIRC3,0.72169
438,REEP5,0.7114001
439,MSN,0.47229812
440,YWHAQ,0.83001
441,C1R,0.7542965
442,GLG1,0.86442524
443,PRDX5,0.9543288
444,RNASEK,0.5578012
445,FUS,0.7038703
446,ASPH,0.7456208
447,GDI2,0.76400775
448,TRAM1,0.87440616
449,ROMO1,0.85664135
450,NDUFS5,0.6498883
451,POLR2L,0.6218917
452,IFNGR2,0.5917872
453,PRDX6,0.9342439
454,TXN,0.84412056
455,EIF3K,0.7574589
456,CD9,0.8831446
457,SH3BGRL,0.86515474
458,ARF3,0.75229067
459,NDUFB7,0.87347347
460,TMEM123,0.8848212
461,YWHAH,0.89632446
462,TMEM59,0.7181995
463,POSTN,0.80618733
464,EVL,0.6694483
465,RNASET2,0.66881067
466,VDAC1,0.8647039
467,CNDP2,0.88355684
468,NCL,0.59996945
469,NDUFC1,0.94676524
470,NDUFA13,0.8770383
471,CD164,0.6495319
472,PHPT1,0.7811776
473,ERGIC1,0.88513786
474,BNIP3L,0.85307926
475,CERS2,0.9539022
476,CHMP2A,0.93741274
477,UQCRQ,0.92589134
478,ATP5IF1,0.81429935
479,NDUFA1,0.9048176
480,C12orf75,0.8634444
481,SOD1,0.89713866
482,HMGB1,0.61085933
483,PLEC,0.5529324
484,MAT2A,0.76148915
485,ANXA4,0.8546156
486,ATP2A2,0.69581026
487,ANAPC16,0.79224205
488,CSDE1,0.6481021
489,CD44,0.86150914
490,SDCBP,0.6039025
491,PLD3,0.7879288
492,SEC61G,0.8960752
493,NUCKS1,0.7562677
494,HNRNPU,0.796293
495,KDELR2,0.7983994
496,VAMP8,0.73769563
497,CLPTM1L,0.768157
498,ANXA2,0.76161003
499,IL6ST,0.82122284
500,SNX3,0.7255091
501,ETS1,0.74179536
502,ATP5MC2,0.9421205
503,HSPA5,0.7507364
504,DBI,0.8206723
505,SLC25A3,0.49615455
506,TSC22D1,0.6134723
507,PEA15,0.9140947
508,UQCR11,0.8140685
509,DUSP1,0.5326018
510,DDX39B,0.73115444
511,PTGES3,0.8025022
512,UBL5,0.88340634
513,CFLAR,0.63581717
514,GLUL,0.60036516
515,ARPC3,0.6957746
516,ATP5F1A,0.7387337
517,MORF4L1,0.85112244
518,NME2,0.5304277
519,TSPAN3,0.7825627
520,COX5B,0.94369525
521,HADHA,0.9282121
522,RNASE1,0.9087419
523,NDUFA11,0.83625215
524,DDIT4,0.74866277
525,COX8A,0.89548355
526,SSR3,0.7235141
527,C3,0.542756
528,NDFIP1,0.88369703
529,HLA-DMB,0.752922
530,OS9,0.65565866
531,ATP5PF,0.8274107
532,TMED9,0.91618896
533,EIF3H,0.7854915
534,TMED10,0.7151832
535,PSMA7,0.8839543
536,CLIC4,0.700188
537,TNFRSF1A,0.55922693
538,APOL1,0.58430004
539,TLE5,0.73251295
540,SEC61A1,0.7901004
541,OPTN,0.9402148
542,MVP,0.76161283
543,ANXA11,0.7730131
544,SRSF5,0.840406
545,GPX4,0.88133264
546,C12orf57,0.8394728
547,MYLK,0.73213106
548,PSMB1,0.84623766
549,ACLY,0.9372194
550,TMEM259,0.7908929
551,ATP5ME,0.85361534
552,PRRC2B,0.7817707
553,HIPK2,0.8332012
554,CRIM1,0.65335476
555,BCAP31,0.83584124
556,ARPC1B,0.91643554
557,ANXA5,0.7410111
558,PSME1,0.88358194
559,PICALM,0.8486412
560,WDR1,0.7818118
561,CSF1R,0.8047597
562,TLN1,0.8550716
563,RTN4,0.94455534
564,SEM1,0.7058351
565,ATP5MG,0.6794254
566,SLC38A2,0.85503644
567,LY6E,0.54896826
568,IFI16,0.7370245
569,EID1,0.84298426
570,TRMT112,0.8178119
571,CTSZ,0.6666401
572,HDGF,0.8452069
573,SON,0.7097377
574,SSR2,0.6452576
575,AP2S1,0.8036751
576,EIF4A2,0.75651145
577,H1FX,0.88099486
578,TBL1XR1,0.8301156
579,SRSF11,0.69425297
580,ERGIC3,0.68645287
581,SELENOH,0.92899466
582,LGALS1,0.89888185
583,SF3B1,0.589939
584,TMEM219,0.8248401
585,COMMD6,0.7711227
586,HNRNPC,0.7123232
587,MBNL1,0.79259986
588,NOP53,0.68084806
589,IDS,0.7521017
590,PABPC4,0.7009492
591,ATP5PD,0.8199537
592,SCARB2,0.724176
593,MARCKS,0.8527284
594,SDHA,0.93329376
595,ARL6IP4,0.8168767
596,SEPTIN2,0.77132696
597,JTB,0.6983673
598,SAP18,0.75117236
599,TMEM176B,0.8474543
600,RAB7A,0.7313957
601,TRAPPC5,0.84628105
602,CTDSP1,0.8515882
603,ERP29,0.6715773
604,COX5A,0.7033972
605,EDF1,0.8619871
606,ARPC4,0.8035845
607,BST2,0.66108847
608,UBXN6,0.7306695
609,SERP1,0.40555915
610,GRN,0.7150385
611,H3F3B,0.7406246
612,MTDH,0.86153466
613,PLPP1,0.8254123
614,SFPQ,0.68063146
615,DAB2,0.86850077
616,PDIA4,0.7796586
617,GSTK1,0.8871556
618,LRPAP1,0.8701946
619,TGFB1,0.88116187
620,RARRES2,0.71193093
621,CLTC,0.6871865
622,S100A13,0.7350854
623,SOD2,0.70688033
624,ARL6IP5,0.51493126
625,ID2,0.7027585
626,NBL1,0.5603666
627,AFF1,0.8051193
628,SELENOW,0.6553488
629,PHB2,0.8711613
630,SEC11A,0.83930284
631,NONO,0.8186042
632,MORF4L2,0.860255
633,OST4,0.4942794
634,NDUFV1,0.7924027
635,FKBP9,0.89221007
636,LUC7L3,0.64995223
637,COX6B1,0.9286136
638,NDUFB10,0.8993845
639,KHDRBS1,0.74868995
640,DNM2,0.79280704
641,CAV2,0.8259909
642,SERPINB6,0.7810407
643,TAP1,0.89499754
644,ILF3,0.79328007
645,RAB13,0.870238
646,ADD1,0.8724446
647,FLOT1,0.70993084
648,ANGPTL4,0.7010589
649,TGFBR2,0.8053461
650,EEF1D,0.5741077
651,PTMS,0.78755546
652,FNDC3B,0.8385124
653,SERBP1,0.81661445
654,INSR,0.7620186
655,H2AFV,0.6566768
656,HMGN3,0.8685221
657,GANAB,0.82455367
658,PAM,0.896748
659,EIF3G,0.6410051
660,NNMT,0.8591547
661,EIF4G2,0.7032556
662,DYNLL1,0.74706644
663,CYB5A,0.87478495
664,S100A4,0.80946165
665,DPYSL2,0.5190506
666,IGFBP3,0.36750254
667,PSMA4,0.6788128
668,ESYT2,0.91084313
669,EMC10,0.8578016
670,TM9SF3,0.81283957
671,MARCH6,0.8721795
672,GNB1,0.542605
673,LPCAT1,0.73967886
674,KCTD12,0.86926746
675,PSMA1,0.9241764
676,ARPC1A,0.7883976
677,CAST,0.7378095
678,USP22,0.8208904
679,CCNL2,0.6298308
680,PSMC5,0.87116283
681,GSTO1,0.78478163
682,RHOB,0.8396649
683,ATP5F1D,0.83799285
684,CBX3,0.85642534
685,LAMTOR4,0.84842706
686,YWHAG,0.848584
687,FXYD5,0.77231616
688,RBX1,0.75473094
689,RAC1,0.6752046
690,SPTBN1,0.9084659
691,PLSCR1,0.8523961
692,HEXA,0.7770795
693,PGRMC2,0.9573014
694,RPN1,0.7569478
695,SCP2,0.8791539
696,MFGE8,0.86184996
697,SLCO2B1,0.82907104
698,EIF4G1,0.8354276
699,HINT1,0.9736851
700,PLOD2,0.78873557
701,CNBP,0.68750757
702,OGA,0.79238194
703,LRP10,0.7532305
704,SHISA5,0.8297972
705,CDKN1A,0.8055647
706,RSL1D1,0.868409
707,SGK1,0.8184311
708,RER1,0.85448784
709,AP2M1,0.78186375
710,LENG8,0.5246118
711,C1orf43,0.93187666
712,CAPZA2,0.7282286
713,VKORC1,0.8411217
714,ACTN1,0.8649907
715,TAPBP,0.77019596
716,CALU,0.82940716
717,YPEL3,0.7274932
718,PET100,0.72394294
719,CD99,0.82074386
720,MGAT1,0.8773818
721,YWHAB,0.6775103
722,ATOX1,0.8586506
723,VPS28,0.8173156
724,ITGB1,0.9254946
725,DUSP23,0.8971804
726,COLGALT1,0.853121
727,EIF4H,0.83105975
728,PRKCSH,0.88855284
729,BRI3,0.71272856
730,NFIC,0.84360003
731,FKBP8,0.6885343
732,PDIA6,0.74484855
733,CTNNA1,0.9472464
734,ARPP19,0.7326806
735,IQGAP1,0.8454571
736,AKR1A1,0.75660056
737,BSG,0.8135998
738,C11orf58,0.7804623
739,CD93,0.931158
740,ATP5MC3,0.71040696
741,SSR1,0.6297505
742,TAF10,0.5816576
743,HP1BP3,0.6430508
744,TOMM7,0.6480042
745,COPZ1,0.828851
746,PRDX4,0.7087259
747,ATP5F1B,0.8281131
748,CCN1,0.77329594
749,ADAR,0.72709316
750,VMP1,0.7000447
751,GUK1,0.8369058
752,UBE2I,0.8005674
753,TMED2,0.7823491
754,LGMN,0.67333883
755,ANP32B,0.795059
756,WIPF1,0.8405878
757,IL32,0.8792382
758,DHRS3,0.8494501
759,CTSH,0.77029914
760,RNF187,0.8106575
761,C19orf53,0.73021907
762,EMP3,0.7339534
763,CA12,0.9477239
764,TSPAN4,0.8187271
765,ERRFI1,0.8152964
766,PSMB8,0.7277306
767,COX7A2,0.812006
768,TCF25,0.7276637
769,SRSF3,0.86743075
770,PARK7,0.7669599
771,FAM120A,0.82961863
772,COX4I1,0.78826475
773,SET,0.71354365
774,LMAN1,0.8102029
775,MICOS10,0.7843282
776,ACSL1,0.6750857
777,ATP6V1F,0.8137917
778,ACTN4,0.8788333
779,TTC3,0.66231996
780,MTPN,0.8437645
781,CTBP1,0.8221097
782,ECH1,0.9524483
783,SUN2,0.7214144
784,SULF1,0.8348395
785,RNF149,0.49790648
786,COX7B,0.7989623
787,GPX3,0.7480237
788,SYNGR2,0.79304266
789,GAS6,0.91757864
790,ATRAID,0.8081553
791,HNRNPA0,0.7941713
792,HSP90AA1,0.80826575
793,PCBP1,0.63985705
794,GADD45GIP1,0.73968714
795,EIF3M,0.7280142
796,CIRBP,0.64517754
797,FBXL5,0.80499154
798,PDCD6,0.82243776
799,NDUFS6,0.8404582
800,MGST1,0.8739102
801,COPE,0.81215006
802,MET,0.9466676
803,LAMC1,0.89610624
804,ATN1,0.8431315
805,SRSF1,0.8462045
806,LAMP2,0.758554
807,NPTN,0.9387
808,PGRMC1,0.93432593
809,QKI,0.77344793
810,IFITM2,0.7032898
811,HIF1A,0.81037617
812,CYB5R3,0.787497
813,TUFM,0.73816913
814,PSME2,0.8494387
815,COX6A1,0.81112856
816,RCN1,0.73498654
817,TXNIP,0.62233764
818,VOPP1,0.73641807
819,MPC2,0.9630262
820,AGRN,0.8950681
821,MDH2,0.9421227
822,PDLIM5,0.8676939
823,MACF1,0.8683329
824,ARPC2,0.8826599
825,SPARCL1,0.84418446
826,SPCS3,0.74787456
827,PPIB,0.7572598
828,SAR1A,0.698875
829,USF2,0.68392444
830,ACTR3,0.64553833
831,TMEM50A,0.73863155
832,AIF1,0.8722264
833,CUTA,0.7631447
834,STAB1,0.9120989
835,XRCC6,0.7503987
836,ATP6V0B,0.64827865
837,WASF2,0.6891625
838,TSPO,0.80629945
839,HNRNPA3,0.8009684
840,RAD23A,0.83670354
841,KDELR1,0.7966334
842,VDAC2,0.839747
843,PLTP,0.6740484
844,WDR83OS,0.809997
845,RABAC1,0.6684463
846,COL6A3,0.8546016
847,SLC3A2,0.6963792
848,AURKAIP1,0.75136906
849,MXRA7,0.7262044
850,MLF2,0.8259535
851,PGGHG,0.5031743
852,EIF3E,0.6403706
853,RAB5C,0.8643758
854,SLC40A1,0.6966738
855,XRCC5,0.8800135
856,NAP1L4,0.5888888
857,LAMB1,0.7333386
858,CREG1,0.61668366
859,METTL9,0.8881187
860,TIMP1,0.7717306
861,CLSTN1,0.8055406
862,ADI1,0.91913587
863,MOB1A,0.7172261
864,ARGLU1,0.7366546
865,HSP90B1,0.88335186
866,EIF3A,0.83970857
867,PA2G4,0.8620526
868,PPP1CC,0.70087177
869,LTBP3,0.86085075
870,YPEL5,0.65736836
871,C4orf3,0.69145423
872,HDLBP,0.6180622
873,COL5A1,0.89545614
874,STAT6,0.777733
875,SEPTIN9,0.78642064
876,UBE2V1,0.7460602
877,PCBP2,0.62378293
878,TMEM176A,0.80253404
879,HNRNPAB,0.78131485
880,UACA,0.8717993
881,NEDD8,0.6872962
882,BRK1,0.7863922
883,VAT1,0.80139446
884,MMP14,0.7118654
885,CLIC1,0.82664466
886,DEGS1,0.8079522
887,EZR,0.8512008
888,PFKL,0.801389
889,ERO1A,0.85912925
890,ARF1,0.8308263
891,SUMO3,0.7541558
892,MYL12B,0.7917142
893,SNHG32,0.7663875
894,LBH,0.82845765
895,NDUFB2,0.6826494
896,ANXA6,0.8479566
897,SMAP2,0.8909922
898,HSP90AB1,0.67271066
899,OCIAD1,0.9103078
900,NSA2,0.5780435
901,HSPA9,0.94079304
902,ID3,0.89474446
903,CDV3,0.4282384
904,WARS,0.7978566
905,SLC16A3,0.82834417
906,BEX3,0.72631794
907,TMEM258,0.44643936
908,ANPEP,0.6612513
909,APH1A,0.85409933
910,PRRC2C,0.55876607
911,VAMP5,0.85778314
912,THBS2,0.6959908
913,ADAMTS1,0.70185024
914,GRK2,0.88638896
915,PDCD5,0.93724376
916,RAB11A,0.8563218
917,EIF2S3,0.78455067
918,FKBP5,0.41796216
919,TMEM165,0.75182873
920,PTEN,0.8342385
921,FLOT2,0.8249231
922,QSOX1,0.7764404
923,CHMP4B,0.71233267
924,RALY,0.6571119
925,FARP1,0.81081516
926,CTDSP2,0.74939924
927,DDX17,0.49667105
928,TMEM230,0.7172248
929,EIF3I,0.8146456
930,POLR1D,0.79150575
931,NCKAP1,0.7563279
932,MGAT4B,0.7445288
933,RAP1A,0.89169884
934,CTNND1,0.91174716
935,IGHA1,0.83609986
936,MAN2B1,0.76697093
937,HCLS1,0.8627544
938,SND1,0.5884847
939,P4HB,0.8392107
940,CRTAP,0.7817082
941,CANX,0.96509457
942,ADIRF,0.556998
943,RTF2,0.8232784
944,VPS29,0.80486876
945,CRYAB,0.82480353
946,GBP2,0.6241233
947,BRD2,0.6689975
948,CSNK2B,0.9346339
949,CFB,0.86424977
950,ARRDC3,0.639569
951,RGS1,0.7512812
952,SCD,0.78389525
953,COMT,0.7256723
954,RAB2A,0.8013901
955,RERE,0.66625124
956,LASP1,0.7914049
957,LAMA4,0.8304394
958,TM9SF2,0.5580521
959,SZRD1,0.8331828
960,SLC38A10,0.8121368
961,NFIB,0.7532912
962,SLC44A2,0.87392735
963,ISCU,0.6836128
964,TAX1BP1,0.7878707
965,MT1X,0.5753847
966,C6orf62,0.68527514
967,TXNL4A,0.71648616
968,KLF9,0.87144876
969,SNRNP70,0.56724244
970,CALCOCO2,0.8333195
971,TTYH3,0.8170927
972,UBE2D2,0.89402604
973,CYCS,0.7901988
974,GDI1,0.9060841
975,GNS,0.88814205
976,PSMB7,0.8722832
977,ANKRD11,0.76653594
978,RBPMS,0.7483456
979,CPE,0.6285743
980,OCIAD2,0.95700645
981,CMPK1,0.71875364
982,SSBP1,0.83889866
983,STAT2,0.7460768
984,WNK1,0.5945407
985,UBE2L6,0.6911154
986,SAMHD1,0.948247
987,DNAJB1,0.6140454
988,TRBC2,0.8798143
989,SHMT2,0.8536174
990,ATP6AP1,0.7600178
991,BANF1,0.71375316
992,ADAM9,0.6873987
993,NIBAN2,0.8285665
994,ERH,0.9069257
995,COX17,0.78402346
996,MDM2,0.5107779
997,ATP6AP2,0.80755097
998,SYNE2,0.6385621
999,TM4SF1,0.8329759
1000,OAZ2,0.8742151
1001,PARP14,0.7155235
1002,GHITM,0.7798651
1003,SQSTM1,0.7370715
1004,SPATS2L,0.7944134
1005,UQCRB,0.8011206
1006,PTPA,0.82180136
1007,STAT3,0.6643768
1008,SEL1L3,0.8126649
1009,BAG6,0.82921886
1010,TMBIM1,0.7069165
1011,APP,0.8004532
1012,HNRNPUL1,0.6943531
1013,CD53,0.8555468
1014,NCOR2,0.7223549
1015,SF3B6,0.9098348
1016,AIDA,0.8244297
1017,S100A11,0.8324867
1018,MUC1,0.8415067
1019,MAP4,0.68103695
1020,TACC1,0.8211414
1021,LAP3,0.9072322
1022,CCDC47,0.85621524
1023,SLC2A4RG,0.7643462
1024,H2AFY,0.905582
1025,GNG11,0.8515205
1026,WAC,0.7960077
1027,CLK1,0.6608451
1028,PSMB2,0.7550783
1029,PNISR,0.6745934
1030,DDX5,0.7873444
1031,GALNT2,0.77287227
1032,CYSTM1,0.9426093
1033,NME3,0.7978807
1034,ATP5PB,0.8969194
1035,NAMPT,0.6516674
1036,PFDN5,0.7934866
1037,FLII,0.7688534
1038,LAMTOR1,0.7101435
1039,CHCHD10,0.7084395
1040,PSMD8,0.79212016
1041,EIF3B,0.82669187
1042,FIS1,0.69977283
1043,PPFIBP1,0.82438135
1044,TRIM22,0.7114656
1045,NENF,0.6742781
1046,CORO1C,0.7699826
1047,BCL2L1,0.66255546
1048,APRT,0.71394974
1049,B4GALT1,0.8424475
1050,ADGRG1,0.793726
1051,CTDNEP1,0.77363545
1052,CTSL,0.5901227
1053,SHC1,0.8417208
1054,FBN1,0.89889765
1055,FKBP10,0.7140123
1056,SLIRP,0.7817007
1057,GABARAP,0.6265944
1058,CHCHD2,0.84831136
1059,M6PR,0.75994116
1060,MAPKAPK2,0.6528403
1061,KTN1,0.8278296
1062,VCL,0.83581185
1063,PON2,0.8853586
1064,PSMD4,0.860599
1065,OGT,0.6426274
1066,NAPA,0.8733054
1067,DYNC1H1,0.8773952
1068,LEPROT,0.90664977
1069,POLD4,0.6902067
1070,GTF3C6,0.72865057
1071,TAGLN2,0.819
1072,CNN2,0.9263645
1073,PTPRF,0.8555749
1074,GABARAPL2,0.8275862
1075,TRA2B,0.85819954
1076,EIF4B,0.60251105
1077,SRSF7,0.7187047
1078,NUMA1,0.74225515
1079,RSRP1,0.72770673
1080,HM13,0.7461255
1081,NHP2,0.9262604
1082,CIB1,0.8410173
1083,PPP2CB,0.69677025
1084,EIF4A1,0.7165336
1085,BZW1,0.7865054
1086,HNRNPH3,0.91880804
1087,COPA,0.6897447
1088,MFSD1,0.8257157
1089,ANKRD10,0.8028665
1090,CD81,0.8515346
1091,LTBR,0.7862311
1092,MYH9,0.8656712
1093,SF1,0.7024851
1094,SARS,0.80459386
1095,VEGFB,0.7349766
1096,NDUFS2,0.8629294
1097,GOLGB1,0.8664391
1098,COPS9,0.74566895
1099,MYO1C,0.8263219
1100,EIF1,0.5720179
1101,CCNI,0.619255
1102,SRRM2,0.64915985
1103,TCEAL4,0.6511559
1104,MAP2K2,0.81498957
1105,CCDC50,0.72305804
1106,ILK,0.79156756
1107,CSNK1D,0.7982947
1108,NUTF2,0.8037494
1109,PSMA2,0.8344486
1110,ACO2,0.77369946
1111,SUMF2,0.75987166
1112,SMARCE1,0.799684
1113,S100A16,0.86209935
1114,PPP2R5C,0.70548296
1115,DUT,0.88445014
1116,COPG1,0.7061207
1117,UFC1,0.7711048
1118,ATP6V0E1,0.7412943
1119,INF2,0.75324625
1120,PIGT,0.8775118
1121,WDR13,0.94517773
1122,KPNB1,0.7648271
1123,GAA,0.7626431
1124,NDUFB9,0.8266487
1125,COA3,0.95663357
1126,CD14,0.6246733
1127,UBB,0.7282822
1128,NDUFS8,0.60627216
1129,PHLDA1,0.7755491
1130,CYC1,0.71947265
1131,RAB5IF,0.6057935
1132,IFNAR1,0.67771894
1133,RRAS,0.897855
1134,GTF3A,0.862468
1135,MMP24OS,0.95486695
1136,SURF4,0.76061887
1137,RBM3,0.5068352
1138,RHOA,0.8617011
1139,EPS8L2,0.96549916
1140,VCAM1,0.76975465
1141,GOLPH3,0.699337
1142,TRAPPC1,0.8790932
1143,NDUFB11,0.785165
1144,SNRNP200,0.8817396
1145,AP3D1,0.80431837
1146,PFKFB3,0.57501334
1147,SLC37A4,0.95007706
1148,RNF130,0.5016108
1149,PPDPF,0.75298166
1150,PRMT2,0.7513668
1151,C5orf15,0.89360595
1152,MAPK1IP1L,0.7204986
1153,HNRNPDL,0.8233432
1154,SEC31A,0.8097802
1155,CD46,0.8168718
1156,TCP1,0.758367
1157,ECE1,0.84688014
1158,NFE2L2,0.8006795
1159,EPN1,0.829966
1160,NME4,0.72375697
1161,PJA2,0.635476
1162,ITGB5,0.8201535
1163,EIF5,0.58021456
1164,TNS3,0.8419041
1165,TSPAN14,0.8528773
1166,BTG2,0.7074861
1167,ZNF207,0.8256499
1168,HSPA8,0.5642727
1169,LSM14A,0.77501756
1170,PSMB9,0.632742
1171,RTRAF,0.81730455
1172,UQCRC2,0.8663573
1173,SUMO1,0.68113667
1174,CAPG,0.747907
1175,MT1E,0.63084
1176,EMP1,0.75294214
1177,HEXB,0.7378078
1178,MBNL2,0.73732376
1179,NDUFA3,0.831966
1180,CMBL,0.90511936
1181,TIMM13,0.874872
1182,PNRC2,0.7662566
1183,PAPOLA,0.6360571
1184,ITFG1,0.80740815
1185,LIMS1,0.87003297
1186,TBC1D9B,0.7596652
1187,FGL2,0.88967603
1188,MCFD2,0.82589155
1189,DPP7,0.780412
1190,MAZ,0.7223291
1191,DDT,0.86060077
1192,C19orf33,0.69187564
1193,FSTL3,0.7737089
1194,SLC39A1,0.8660429
1195,MAF1,0.67126703
1196,TMEM30A,0.7908032
1197,TMEM9,0.88140875
1198,BCL6,0.6763701
1199,CCT7,0.66597855
1200,CALR,0.879591
1201,DBNL,0.89575523
1202,PSMF1,0.83187515
1203,RNF145,0.53545135
1204,ELL2,0.37898335
1205,FXR1,0.9026804
1206,VWA1,0.70381355
1207,HNRNPA2B1,0.77597857
1208,FOXO3,0.8192486
1209,ZMIZ2,0.8454314
1210,PIEZO1,0.8651555
1211,CAVIN3,0.8745411
1212,PMEPA1,0.85931844
1213,SERPINF1,0.9460607
1214,SEPTIN7,0.82798576
1215,TRA2A,0.46838978
1216,YIPF3,0.8086329
1217,SH3GLB1,0.6522802
1218,MTCH1,0.7408569
1219,SCAF11,0.77299875
1220,CAPN1,0.76385194
1221,ETFB,0.92828995
1222,RBCK1,0.7404447
1223,BRD4,0.8068796
1224,ABHD12,0.83616424
1225,DAZAP1,0.7391782
1226,EEF1B2,0.6637365
1227,CTTN,0.776843
1228,ATXN10,0.8482299
1229,COX7C,0.84457093
1230,CDC42SE2,0.56180245
1231,ATP6V1B2,0.608974
1232,EIF6,0.8322475
1233,CCNL1,0.72436565
1234,JAK1,0.70990396
1235,CNPY3,0.8392672
1236,RAB10,0.77022976
1237,GABARAPL1,0.7861535
1238,H2AFJ,0.8833122
1239,TSC22D3,0.71871954
1240,HNRNPUL2,0.7024824
1241,GPAA1,0.7160022
1242,SSU72,0.77822846
1243,HLA-E,0.8271682
1244,PDXK,0.7589783
1245,TMEM140,0.86291605
1246,IFNGR1,0.8227586
1247,POLR2I,0.816292
1248,EIF3D,0.6077557
1249,PSMD13,0.82926744
1250,COX14,0.7736048
1251,UBE2B,0.82149357
1252,MFSD10,0.8508239
1253,ATP6V1E1,0.9169219
1254,TRIM28,0.72898555
1255,ECHS1,0.9517486
1256,CAPRIN1,0.8374555
1257,ADM,0.7802538
1258,PNPLA2,0.8299558
1259,FAM50A,0.69101906
1260,MED15,0.7438092
1261,AKAP13,0.7972769
1262,WBP2,0.7873828
1263,SERINC1,0.6300328
1264,ARHGEF1,0.7596922
1265,ZRANB2,0.56640387
1266,VCP,0.74883336
1267,POLR2H,0.8951743
1268,AZIN1,0.6984377
1269,IGLC1,0.86705637
1270,CCT5,0.72308284
1271,SLC39A14,0.8104036
1272,GYPC,0.73068786
1273,PPP1CA,0.82801366
1274,ADH5,0.83612627
1275,UBXN4,0.7526853
1276,PTK2,0.6083178
1277,SQOR,0.729887
1278,PSMB3,0.77350974
1279,GADD45B,0.7796044
1280,CCT8,0.69927853
1281,CFH,0.8157587
1282,CD24,0.72287375
1283,SNU13,0.5935396
1284,SULF2,0.6675045
1285,DLGAP4,0.78127474
1286,SH3BP2,0.8694089
1287,CCT3,0.70624614
1288,DAZAP2,0.59235376
1289,ADNP,0.88504434
1290,TPM1,0.6662659
1291,ATL3,0.81597656
1292,LOX,0.72439057
1293,BCL7C,0.7928029
1294,CDC42SE1,0.65524983
1295,TOP1,0.6850007
1296,ANXA7,0.69695204
1297,EMC4,0.9494962
1298,STX16,0.7757781
1299,UBE2G2,0.84000516
1300,POMP,0.7521258
1301,HNRNPR,0.7844858
1302,ANO6,0.8690019
1303,SNRPC,0.8421894
1304,CLPTM1,0.90595555
1305,TMBIM6,0.9428973
1306,CCND3,0.58714986
1307,NDUFV2,0.8856688
1308,DEK,0.66914034
1309,GNPTG,0.8733972
1310,TMEM248,0.7263069
1311,CLTA,0.7496557
1312,KXD1,0.6934807
1313,CHMP3,0.85658985
1314,UBE2Q1,0.6418014
1315,PML,0.8608718
1316,N4BP2L2,0.7780418
1317,COPS6,0.8054227
1318,OLFML2B,0.9294154
1319,DRAP1,0.7767841
1320,HADHB,0.8940216
1321,PITPNA,0.563121
1322,IL13RA1,0.7687378
1323,PCBD1,0.855364
1324,DCTN2,0.8716144
1325,PLOD1,0.8870621
1326,SMG1,0.58554214
1327,ATP6V0D1,0.87654
1328,PRXL2A,0.8378281
1329,REX1BD,0.8768789
1330,SEC62,0.6164857
1331,KARS,0.9080069
1332,LHFPL6,0.90086156
1333,APEX1,0.90347433
1334,ARF4,0.77643186
1335,UBA2,0.7513237
1336,SEC22B,0.7903306
1337,DYNLT1,0.759939
1338,OGFRL1,0.6040619
1339,RAB5B,0.8001861
1340,RNF5,0.8111775
1341,MGST3,0.74351835
1342,MAP1B,0.8229661
1343,TKT,0.69307804
1344,CDK18,0.853703
1345,CELF1,0.8821741
1346,MXD4,0.73974377
1347,DPP9,0.69961447
1348,NID1,0.8641283
1349,ATP5F1E,0.72267383
1350,SCAMP2,0.7894845
1351,NCOR1,0.8563464
1352,ITGA1,0.89236814
1353,G3BP2,0.677772
1354,SELENOF,0.71456265
1355,FAM162A,0.8376128
1356,DST,0.819434
1357,TRIM8,0.7757397
1358,LCP1,0.83205754
1359,HNRNPF,0.8731931
1360,LUC7L2,0.8054252
1361,ALKBH5,0.8737342
1362,AHCYL1,0.9164767
1363,ARL2BP,0.9157793
1364,ICAM1,0.6294933
1365,POLR2F,0.79001254
1366,CBX5,0.88715655
1367,ENO2,0.85948133
1368,RAB21,0.78483367
1369,NCSTN,0.8387509
1370,ODC1,0.7520682
1371,CPNE1,0.5830074
1372,PXN,0.8209648
1373,PAFAH1B1,0.77707165
1374,POLR2G,0.865231
1375,LRRC41,0.72237515
1376,OXA1L,0.74493384
1377,SYPL1,0.857399
1378,SNRPG,0.7105294
1379,S100A10,0.8726544
1380,UBA1,0.8541376
1381,CHURC1,0.8616271
1382,TMED4,0.9464509
1383,PSMD2,0.73578
1384,RAB11FIP3,0.93061405
1385,HNRNPK,0.6644971
1386,AXL,0.9200577
1387,DARS,0.87776214
1388,P4HA1,0.8382272
1389,SLC25A39,0.773329
1390,RNF11,0.67351
1391,GALNT14,0.95398855
1392,GJA1,0.8007867
1393,PTPN1,0.5621071
1394,ATP13A3,0.8730035
1395,TINAGL1,0.8596609
1396,ESD,0.8327617
1397,SERINC2,0.90805036
1398,PKD2,0.8979226
1399,MYDGF,0.802614
1400,KIF5B,0.858716
1401,ACP1,0.8095908
1402,PDS5A,0.7099023
1403,NPEPL1,0.91086364
1404,HEBP2,0.6662685
1405,TNS2,0.8226281
1406,TFG,0.8640631
1407,STX7,0.5959585
1408,PLP2,0.7513717
1409,VDAC3,0.83862615
1410,HSPB8,0.8179715
1411,MBD2,0.65588045
1412,PLXDC2,0.8476253
1413,RAPGEF1,0.8559027
1414,RAB11B,0.71280974
1415,PHC2,0.68359405
1416,LMF2,0.80246526
1417,FLNB,0.69900674
1418,MGLL,0.71506375
1419,XPO1,0.7262888
1420,SKIL,0.88311
1421,TNPO1,0.9042892
1422,CNPY2,0.86881834
1423,AP2A2,0.7554241
1424,MED13L,0.7253353
1425,HDAC7,0.90280795
1426,ZEB2,0.9341111
1427,PER1,0.73945194
1428,PAIP2,0.81506926
1429,SF3B2,0.8572509
1430,PSMB10,0.92785573
1431,PDLIM7,0.81146353
1432,RNH1,0.8823181
1433,CHPF,0.6838772
1434,SELENOK,0.83733225
1435,DECR1,0.8967926
1436,SCPEP1,0.75700945
1437,GRHPR,0.92609763
1438,MCRIP1,0.8085163
1439,ANAPC5,0.75273937
1440,GOLM1,0.85007805
1441,ACIN1,0.77168685
1442,PDK4,0.7728431
1443,COL5A2,0.9108641
1444,CD47,0.7284968
1445,HGS,0.7725757
1446,SLTM,0.8073609
1447,DYNC1LI2,0.78548455
1448,PPP1R12C,0.85509014
1449,MYADM,0.73465174
1450,ENY2,0.9118421
1451,TFPI,0.6318709
1452,RAB18,0.7986526
1453,UGP2,0.83035016
1454,SEC11C,0.9038381
1455,HILPDA,0.8850725
1456,ADGRE5,0.76083034
1457,MAX,0.6666371
1458,SRPRA,0.7735539
1459,SPON2,0.6411424
1460,INTS11,0.8416969
1461,UQCRC1,0.7412756
1462,GRSF1,0.78821236
1463,NDUFA6,0.87713736
1464,SIVA1,0.85811394
1465,SLC9A3R1,0.83017755
1466,VPS13C,0.6439097
1467,RNPS1,0.68898916
1468,TNFRSF14,0.58953685
1469,PRELID3B,0.8453991
1470,COX7A2L,0.87963516
1471,NUDT16,0.76202273
1472,TMEM173,0.81524485
1473,RBM8A,0.82877046
1474,STT3A,0.7153375
1475,WDR6,0.7971415
1476,OAZ1,0.64968556
1477,RAB31,0.8905921
1478,NIT2,0.93194133
1479,NCK2,0.73173326
1480,LSM7,0.7987709
1481,PPP1R9B,0.87785655
1482,MYO15B,0.8442275
1483,MT2A,0.8671043
1484,PILRB,0.76323414
1485,ALDH2,0.8964296
1486,ANKHD1,0.7513606
1487,PGLS,0.89039975
1488,RELL1,0.72701216
1489,CPVL,0.6713776
1490,ENPEP,0.7512257
1491,AUP1,0.7600979
1492,FAT1,0.9024163
1493,QARS,0.79039407
1494,CRYZ,0.95587826
1495,IGHM,0.90491366
1496,IK,0.7861433
1497,DCTN1,0.92675334
1498,PBXIP1,0.74569625
1499,STT3B,0.6090929
1500,MIF,0.93963814
1501,ANP32A,0.7765719
1502,STUB1,0.82907826
1503,BECN1,0.768928
1504,ZNF358,0.63382024
1505,SAFB2,0.8134718
1506,COL15A1,0.92685413
1507,RBM17,0.7185364
1508,RELA,0.8736983
1509,MAF,0.81980306
1510,SPARC,0.77518016
1511,SF3B5,0.76119465
1512,TM7SF3,0.86663866
1513,CARHSP1,0.947779
1514,RNF114,0.84203464
1515,MKNK2,0.6190428
1516,NET1,0.8478574
1517,NOTCH2,0.81474894
1518,GNAI3,0.68911463
1519,JPT1,0.8227146
1520,DDB1,0.9022972
1521,WSB2,0.8309017
1522,NDUFA12,0.8458028
1523,TRIOBP,0.8768227
1524,SLC12A7,0.82948357
1525,ILRUN,0.73278457
1526,RB1,0.8030324
1527,SPTAN1,0.77574164
1528,GNAQ,0.7550597
1529,KCNJ16,0.7822681
1530,DDR1,0.90189105
1531,TPD52L2,0.8073299
1532,SNX17,0.8590646
1533,CUX1,0.81039834
1534,RNF10,0.8137834
1535,GNAS,0.70710546
1536,FBXO7,0.85486156
1537,SERINC3,0.8127272
1538,ATP11A,0.8587704
1539,MAPK1,0.8999674
1540,EHBP1L1,0.79535866
1541,NDUFAF3,0.8500735
1542,S100A6,0.85508174
1543,TNKS1BP1,0.7105284
1544,PALLD,0.8415229
1545,DDX6,0.5215324
1546,EIF4EBP2,0.8369367
1547,RBM25,0.6501753
1548,DCAF8,0.87256837
1549,RBM5,0.6901588
1550,TMX1,0.7505784
1551,BTN3A2,0.71785426
1552,NARS,0.86456877
1553,YME1L1,0.7731531
1554,NAA38,0.7465094
1555,SAFB,0.8023358
1556,TMED5,0.8100012
1557,ZBTB38,0.56998235
1558,CCT2,0.9265723
1559,PSMC3,0.78966326
1560,STRAP,0.7802365
1561,NME1,0.82272047
1562,TCEAL9,0.84408075
1563,KCNMA1,0.6596388
1564,ITGA6,0.8172105
1565,SEPTIN11,0.93936247
1566,BACE2,0.67068475
1567,ODF3B,0.60631925
1568,PARVA,0.87885123
1569,RNF13,0.7390451
1570,CYB5B,0.7796502
1571,TALDO1,0.8192444
1572,PHYKPL,0.80990356
1573,ROCK1,0.8631038
1574,FXYD2,0.8157297
1575,TCEA3,0.9379902
1576,SMS,0.8491203
1577,TIAL1,0.8110607
1578,BHLHE40,0.7300115
1579,ARRDC2,0.8255462
1580,DHX15,0.8213661
1581,WDR26,0.71212786
1582,NBR1,0.860578
1583,DAP,0.8641178
1584,DDX41,0.95084316
1585,AK4,0.8304379
1586,SMARCA2,0.7289179
1587,ARHGEF12,0.91308
1588,ARL1,0.881
1589,PCM1,0.6203208
1590,LPP,0.80797094
1591,SNX6,0.7022383
1592,BLOC1S1,0.7262068
1593,IGHG3,0.92514664
1594,DDOST,0.82164043
1595,CDH5,0.89678663
1596,GLYR1,0.8466808
1597,IGBP1,0.7383136
1598,TMEM109,0.8533411
1599,PSMA5,0.72319275
1600,GM2A,0.7108595
1601,CHTOP,0.8937535
1602,TRIP12,0.8111388
1603,FAM3C,0.70372367
1604,NRDC,0.66857845
1605,RABGGTB,0.8868377
1606,PSMB6,0.8761492
1607,ATXN2L,0.7523977
1608,F2R,0.793591
1609,CCDC91,0.57562023
1610,METTL26,0.82626504
1611,BHMT2,0.9048357
1612,NKTR,0.7500785
1613,PTOV1,0.8374929
1614,KHSRP,0.6978249
1615,PDCD4,0.7149264
1616,EGR1,0.6821416
1617,CIAO2B,0.75774175
1618,PLAAT3,0.9324263
1619,CDC16,0.9198892
1620,ADIPOR1,0.8274252
1621,JAG1,0.8347981
1622,TMCO1,0.8927235
1623,CYBC1,0.88796955
1624,TRAP1,0.82016206
1625,GNG12,0.7776661
1626,DENR,0.7995952
1627,NOP10,0.6760347
1628,TOMM6,0.77534765
1629,MEF2A,0.83127445
1630,VPS4A,0.82962435
1631,TMEM43,0.71830195
1632,CAMLG,0.80807614
1633,STAU1,0.7557657
1634,VASP,0.8510302
1635,UBE2H,0.8939126
1636,TUBA1B,0.51243293
1637,PRNP,0.7523609
1638,OTUB1,0.86205286
1639,PLS3,0.8362746
1640,SNX10,0.84118706
1641,RARS,0.8592836
1642,TAF15,0.76918584
1643,TMBIM4,0.7371873
1644,TAX1BP3,0.90337515
1645,FABP5,0.6699694
1646,PARP4,0.72695446
1647,NPDC1,0.8439829
1648,MEA1,0.85390836
1649,UBE2Z,0.7327644
1650,SPCS1,0.6016881
1651,RHOT2,0.7996023
1652,TNFAIP2,0.7956112
1653,UROD,0.81163806
1654,ZMAT2,0.8396695
1655,REXO2,0.6673451
1656,CLCN7,0.7396011
1657,BIN1,0.7038496
1658,PALM2-AKAP2,0.9126368
1659,DERL1,0.75601965
1660,TCIRG1,0.80016655
1661,PTPN12,0.7379694
1662,MFF,0.8303097
1663,NDUFB6,0.8646439
1664,LIPA,0.6147161
1665,TES,0.659546
1666,AKT1,0.85993844
1667,TMEM37,0.8769779
1668,MAGT1,0.9000353
1669,RIC8A,0.77268404
1670,VASH1,0.85771555
1671,BTBD2,0.8179588
1672,PTBP3,0.913121
1673,CLTB,0.7124668
1674,VSIR,0.83214253
1675,KLC1,0.7925587
1676,DAD1,0.785856
1677,UBE2E3,0.8196213
1678,NBN,0.8707619
1679,PMPCB,0.9502013
1680,TIA1,0.8738584
1681,MDM4,0.70112777
1682,EFHD2,0.6861494
1683,SRP9,0.8418813
1684,NDUFA7,0.9470019
1685,MAP7D1,0.8491239
1686,EFCAB14,0.7585848
1687,PKIG,0.88629025
1688,U2AF2,0.896413
1689,ADD3,0.7654547
1690,P3H2,0.8388994
1691,LSP1,0.8244106
1692,OSMR,0.690589
1693,TMEM205,0.9566316
1694,YTHDC1,0.8064986
1695,IRF1,0.79114336
1696,PRPF6,0.9402523
1697,CREBL2,0.68592936
1698,MXRA8,0.74698585
1699,BCAM,0.71865076
1700,MLLT6,0.7496464
1701,SPATA20,0.82158643
1702,DDRGK1,0.71505135
1703,ZCRB1,0.7775073
1704,PRPF8,0.8524425
1705,MAPRE1,0.6778822
1706,KMT2E,0.5635813
1707,GMFG,0.85916656
1708,ARHGAP18,0.7330231
1709,P4HA2,0.84276795
1710,FNBP1,0.7976605
1711,PROS1,0.6059723
1712,SUCLG1,0.9013393
1713,PSMA3,0.76632386
1714,YIPF4,0.7263077
1715,LARP1,0.8337445
1716,IRAK1,0.6916253
1717,CCDC6,0.7429797
1718,HIPK3,0.7495144
1719,PPP4C,0.8071642
1720,ZFP91,0.7923739
1721,MYOF,0.7520843
1722,SNX1,0.86245507
1723,CHD4,0.90266985
1724,PPM1G,0.8119335
1725,THRAP3,0.78009963
1726,DNAJC10,0.8826999
1727,RUNX1,0.74516225
1728,DNAJA1,0.69459957
1729,DIAPH1,0.79028463
1730,INTS3,0.8176534
1731,IRF3,0.57738715
1732,CSNK1G2,0.7529686
1733,IL10RB,0.69810146
1734,SORBS3,0.8250487
1735,IDH2,0.81303996
1736,TAF7,0.80801964
1737,COA4,0.8460684
1738,SUPT5H,0.6799457
1739,FAM32A,0.90099645
1740,MXI1,0.7962082
1741,ST6GAL1,0.86176175
1742,ANAPC11,0.74550587
1743,IRF9,0.73111695
1744,ZBTB16,0.81028
1745,TMX4,0.79431343
1746,USP34,0.8580839
1747,MBTPS1,0.8090022
1748,RAB5A,0.7692699
1749,ABLIM1,0.85587984
1750,PXDN,0.7869003
1751,FKBP3,0.77997
1752,BCLAF1,0.6082288
1753,MFSD12,0.77155375
1754,PACSIN2,0.83542365
1755,IPO5,0.79057425
1756,UBE2R2,0.8894255
1757,SH3TC1,0.7542415
1758,TCN2,0.84872484
1759,HK1,0.8166168
1760,SELENON,0.8376014
1761,KRT10,0.8277591
1762,NR1H2,0.64568454
1763,ANKLE2,0.77453727
1764,PRKAB1,0.8727066
1765,FAM13A,0.8872873
1766,TNFSF13,0.7380283
1767,LNPEP,0.65998554
1768,SLC35F5,0.8867233
1769,SPG21,0.7474006
1770,ZMYND8,0.85092634
1771,TIMM8B,0.8232365
1772,MPRIP,0.799344
1773,ETFA,0.8357039
1774,ECHDC2,0.9317774
1775,ADAM10,0.7265609
1776,FBXW5,0.6724631
1777,LMBRD1,0.8339127
1778,PSMD11,0.7905479
1779,SPPL2A,0.799123
1780,SLC35A4,0.8442009
1781,UBL3,0.866667
1782,LTBP4,0.78958607
1783,CWC15,0.8250427
1784,TRIP6,0.9313218
1785,MGRN1,0.8905008
1786,ATP2B4,0.8449889
1787,IL4R,0.7154494
1788,CPSF6,0.79120415
1789,POLDIP2,0.89991164
1790,SLC9A3R2,0.80211693
1791,HMG20B,0.8316155
1792,TAOK1,0.90072894
1793,TMOD3,0.8186731
1794,BIRC2,0.6444679
1795,PPP1R18,0.9005754
1796,PRKACA,0.80684906
1797,CBFB,0.651996
1798,EIF2AK1,0.89700466
1799,MANF,0.648817
1800,GSPT1,0.74903613
1801,CCNY,0.7039692
1802,SPIN1,0.9239319
1803,UGDH,0.7816758
1804,MAT2B,0.8878307
1805,NDUFAF8,0.8222873
1806,PHLDB1,0.81622225
1807,ENPP2,0.49494815
1808,CES2,0.6362259
1809,DYNC1I2,0.79737544
1810,PARL,0.83755225
1811,JPT2,0.8650277
1812,EFNA1,0.7100678
1813,SNX2,0.6600674
1814,ARAP1,0.72094464
1815,SMARCA5,0.7164309
1816,FNDC3A,0.77337027
1817,YY1AP1,0.68554306
1818,QTRT1,0.82138294
1819,DYNLL2,0.71442217
1820,STX4,0.8046139
1821,DDX24,0.80432826
1822,IDH3G,0.87969846
1823,GPR108,0.92133015
1824,ARL2,0.791358
1825,ARHGEF7,0.8744526
1826,VAMP3,0.7974089
1827,PDCD6IP,0.79058915
1828,DIDO1,0.7394076
1829,CASP4,0.8736036
1830,NRBP2,0.6504563
1831,TTC37,0.76659745
1832,BICC1,0.9317124
1833,WWTR1,0.7563662
1834,ELOVL5,0.6490436
1835,TMEM263,0.7726236
1836,SEC63,0.81592464
1837,TGIF1,0.76701695
1838,WDR82,0.86675996
1839,PCOLCE,0.8417778
1840,STC1,0.59064645
1841,NCOA4,0.58660716
1842,NDUFS4,0.77441955
1843,CRYBG1,0.6662562
1844,CYBB,0.76043844
1845,CCDC85B,0.86810225
1846,TIMMDC1,0.81944495
1847,DUSP3,0.7381591
1848,CLIP1,0.7896932
1849,ACAT1,0.829885
1850,CHCHD1,0.75816125
1851,RUVBL2,0.7943747
1852,MSRB2,0.85326743
1853,BUB3,0.666742
1854,UTRN,0.8405772
1855,SCARB1,0.67810494
1856,NELFE,0.7859172
1857,LSM4,0.8271442
1858,CPD,0.64293706
1859,PLEKHO1,0.8893192
1860,SF3A1,0.8025608
1861,LONP1,0.7997138
1862,EMC7,0.87703204
1863,EPS8,0.9459634
1864,LEPROTL1,0.68125325
1865,CNOT1,0.7633844
1866,C11orf54,0.8806989
1867,DNPH1,0.926105
1868,TMEM147,0.8689956
1869,LSM5,0.86550516
1870,PCMTD1,0.8636691
1871,TMEM214,0.77000743
1872,STK25,0.8880541
1873,RCN2,0.7546842
1874,RNF4,0.7944765
1875,FAM193B,0.76458263
1876,PITPNB,0.8654654
1877,RBPJ,0.6756778
1878,GGT5,0.8819129
1879,ARCN1,0.68848205
1880,SEPHS2,0.92104244
1881,WDR45B,0.8391847
1882,PNN,0.81995875
1883,SYAP1,0.7173228
1884,RWDD1,0.7077804
1885,LOXL2,0.7458938
1886,NFKB2,0.7655788
1887,ATP2C1,0.77790934
1888,CHKB,0.81948453
1889,IMPDH2,0.7763331
1890,TCTN1,0.8736911
1891,GLRX,0.844353
1892,PFN1,0.84801775
1893,NDUFA10,0.8289136
1894,FCGR2A,0.7701702
1895,GBP1,0.5749697
1896,LUC7L,0.76923704
1897,MAP2K1,0.7190644
1898,TOMM5,0.6814123
1899,SFXN3,0.7995066
1900,CRK,0.783048
1901,FASTK,0.8174958
1902,VSIG4,0.7691395
1903,LAPTM4B,0.86282414
1904,CREBZF,0.7561274
1905,TMX2,0.8879226
1906,FUBP1,0.8149702
1907,SCAND1,0.74194735
1908,PDIA5,0.8088185
1909,EIF4EBP1,0.7131768
1910,GGNBP2,0.7822971
1911,EIF2A,0.8498023
1912,SAP30BP,0.8410683
1913,DNAJC7,0.82343197
1914,TUBB6,0.8551089
1915,ANP32E,0.6197161
1916,CHD2,0.66981196
1917,GNA13,0.59453654
1918,PUF60,0.72899026
1919,TXN2,0.88138324
1920,ZNF655,0.64756995
1921,CCDC80,0.9189313
1922,SEL1L,0.7342152
1923,COPB2,0.657822
1924,FYB1,0.82239795
1925,MAP4K4,0.70126915
1926,CDK10,0.90114814
1927,CNIH1,0.7462502
1928,KIF1C,0.8301322
1929,SIPA1,0.76020575
1930,HSPB1,0.677641
1931,SPI1,0.9143815
1932,HMOX1,0.599845
1933,LETMD1,0.8001917
1934,CDIPT,0.787664
1935,BCKDK,0.87769556
1936,SUPT6H,0.8538711
1937,AFF4,0.7114389
1938,ABHD2,0.8862565
1939,AKNA,0.83351046
1940,CHID1,0.82280326
1941,HUWE1,0.8783446
1942,LAPTM4A,0.74089575
1943,SMIM3,0.80429935
1944,SEPTIN8,0.7644851
1945,POLR2K,0.7240893
1946,CMTM6,0.78766984
1947,TPD52,0.78768826
1948,CITED2,0.6984837
1949,DCAF7,0.838208
1950,RALB,0.84730977
1951,GBA,0.83377415
1952,CGGBP1,0.80670476
1953,ILF2,0.8198851
1954,TPR,0.79831123
1955,LARS,0.76016
1956,SLC2A3,0.80387205
1957,STK17B,0.8732729
1958,ANTXR1,0.90701985
1959,CYTH2,0.8296609
1960,COX16,0.82282
1961,EIF4E2,0.8276802
1962,PTP4A3,0.8927371
1963,MAN2C1,0.8543963
1964,SFT2D2,0.7894821
1965,UXT,0.68927115
1966,PSMG2,0.82099366
1967,HYAL2,0.8055635
1968,PRPF4B,0.7536006
1969,SBNO2,0.78404254
1970,RING1,0.86298877
1971,GALNT11,0.9567737
1972,HIST1H2BD,0.49707425
1973,PSENEN,0.90430593
1974,GALNT1,0.7184146
1975,FOSL2,0.71137303
1976,POR,0.79731315
1977,IL1R1,0.71794325
1978,SPRY1,0.88602066
1979,C6orf89,0.80998373
1980,SPAG9,0.8927739
1981,C7orf50,0.6918812
1982,PLPP3,0.7774386
1983,GOLGA4,0.76186967
1984,TBCB,0.8861609
1985,IP6K2,0.9258806
1986,FBXO17,0.95539767
1987,CREB3L2,0.717596
1988,NUDC,0.79792005
1989,CDH6,0.8312071
1990,EEF1G,0.5037188
1991,IFI44,0.6975514
1992,EFEMP1,0.7506109
1993,UBTF,0.9032207
1994,TXNL1,0.89643437
1995,BAZ1B,0.8275893
1996,SNRPD1,0.7421729
1997,RNF19A,0.7411075
1998,AIG1,0.9095657
1999,RHBDD2,0.74654216
2000,ITGB8,0.73048925
2001,ETS2,0.7583187
2002,HSD17B11,0.6675255
2003,AKT2,0.8855701
2004,DENND5A,0.76648694
2005,MDK,0.6975446
2006,DCTD,0.887779
2007,GOLGA7,0.7208488
2008,GRAMD1A,0.7727973
2009,ALDH1A1,0.6346316
2010,DNAJC15,0.73963386
2011,DDAH2,0.94077116
2012,PLOD3,0.7407742
2013,EXOC3,0.84405583
2014,AGPAT1,0.811229
2015,MAP3K11,0.8831876
2016,MOGS,0.7116802
2017,PSMB5,0.7840714
2018,MRFAP1L1,0.7546038
2019,BPTF,0.84349996
2020,SLC39A7,0.77425474
2021,TMEM106B,0.7884795
2022,MAGED1,0.7500749
2023,GPBP1L1,0.8043353
2024,CSK,0.7546928
2025,MYO1B,0.7932705
2026,NISCH,0.89458245
2027,SERF2,0.80572456
2028,SYVN1,0.74154353
2029,SP100,0.6574188
2030,MARCKSL1,0.8806016
2031,AFDN,0.83835155
2032,RABL6,0.8639124
2033,COMMD7,0.84258026
2034,IST1,0.76072216
2035,DKK3,0.859616
2036,UHMK1,0.74732524
2037,SEC23A,0.8655212
2038,HYOU1,0.763145
2039,OAF,0.7571716
2040,RBBP7,0.851197
2041,PRRC2A,0.8733325
2042,FAM20C,0.8656753
2043,NPLOC4,0.65821505
2044,CLPP,0.78273225
2045,STARD7,0.57487875
2046,ATXN7L3B,0.8614331
2047,NEK6,0.8358249
2048,ZNF217,0.6201469
2049,CCPG1,0.4936713
2050,AP1M1,0.865135
2051,RAB1B,0.7509534
2052,METAP2,0.83526593
2053,PDHA1,0.84371066
2054,PLEKHA2,0.6988148
2055,C11orf96,0.8696634
2056,SPSB3,0.8442149
2057,MTIF3,0.86346626
2058,TOP2B,0.89878935
2059,CARD8,0.82108116
2060,THOC7,0.6695269
2061,NAGK,0.7872712
2062,EGLN2,0.83726484
2063,ALDH3A2,0.79594487
2064,ZBTB7A,0.79170054
2065,GLO1,0.8311952
2066,USP7,0.7627092
2067,CHMP5,0.796025
2068,PGD,0.7831076
2069,MYL6B,0.92988133
2070,CDH11,0.90349483
2071,KLHL24,0.7922909
2072,PMP22,0.78811556
2073,CCNG1,0.8546331
2074,TRABD,0.69231606
2075,UBAP2L,0.8286154
2076,CD40,0.7498376
2077,BNIP2,0.7593035
2078,NRIP1,0.7949819
2079,POLD2,0.7923747
2080,GRB2,0.7835867
2081,IGF2R,0.80357486
2082,PRDX3,0.9141304
2083,ZMPSTE24,0.8388923
2084,SMTN,0.8216004
2085,TNFRSF12A,0.5695911
2086,RRAD,0.47299507
2087,GOLGA3,0.74874353
2088,RBM6,0.66811496
2089,CAT,0.827687
2090,EGFL7,0.6795161
2091,DELE1,0.83056873
2092,FURIN,0.7542191
2093,SMDT1,0.6416643
2094,CISD3,0.9052675
2095,ITPR3,0.8763921
2096,GET3,0.95704764
2097,PI4KA,0.84148735
2098,DDX1,0.87309176
2099,FAM107B,0.73226064
2100,FAM91A1,0.69656116
2101,ATF7IP,0.58206326
2102,GATAD2A,0.82433003
2103,CYFIP1,0.7986384
2104,NINJ1,0.70418614
2105,GPS1,0.8172416
2106,HSF4,0.79519445
2107,PARP10,0.681071
2108,NREP,0.8063
2109,CFDP1,0.84398204
2110,ECI1,0.85852474
2111,BSCL2,0.8471906
2112,RANBP2,0.8485145
2113,ERCC1,0.8214168
2114,UBQLN1,0.73409015
2115,CDK4,0.77550656
2116,PIN1,0.84376067
2117,APBB2,0.7630159
2118,ATP6V0A1,0.8936889
2119,AP2B1,0.6915343
2120,IGFBP7,0.71456856
2121,PRPF40A,0.6820199
2122,WIPI2,0.8114157
2123,MESD,0.9216709
2124,UBD,0.46064416
2125,GATM,0.84130025
2126,ZMIZ1,0.8921638
2127,TMEM243,0.8535933
2128,EFR3A,0.8149801
2129,NAA20,0.9098365
2130,TBC1D16,0.7843607
2131,NOL3,0.68306035
2132,NDUFB5,0.7738266
2133,REEP3,0.9085217
2134,ACAA2,0.87892157
2135,CKB,0.71960783
2136,UNC93B1,0.89035374
2137,TOMM20,0.68215066
2138,BAG1,0.8171986
2139,LAIR1,0.86921066
2140,ATP6V1A,0.83206874
2141,PSMC4,0.93073803
2142,PYURF,0.8455637
2143,TRIM38,0.6884411
2144,CKAP4,0.6990177
2145,ERLEC1,0.72610307
2146,ARFGAP3,0.68544513
2147,ADA2,0.84811467
2148,KPNA4,0.79330474
2149,MYC,0.56193525
2150,POLR2A,0.7361753
2151,TNFRSF21,0.8445217
2152,CPNE3,0.82142955
2153,CDS2,0.88861924
2154,ACAD11,0.8767765
2155,CNOT7,0.695848
2156,DNAJC8,0.79008025
2157,MDH1,0.86877936
2158,PUM1,0.8682912
2159,ACTR1B,0.82481265
2160,PHLDB2,0.7199941
2161,INO80E,0.76518875
2162,DNAJB6,0.8203915
2163,AKAP9,0.7095535
2164,LSM8,0.73630404
2165,RAB14,0.78569037
2166,CHST15,0.5874117
2167,MBOAT7,0.78796524
2168,SLC15A4,0.8825624
2169,FDPS,0.8229092
2170,ERP44,0.742677
2171,CARS2,0.6836732
2172,SP3,0.7235946
2173,NMT1,0.83411306
2174,CIAO1,0.82912904
2175,COPS2,0.9187009
2176,MMADHC,0.82310796
2177,DDX23,0.8595533
2178,MAN1B1,0.78407925
2179,COPB1,0.7448856
2180,JADE1,0.876123
2181,EIF3L,0.6869459
2182,CCDC124,0.7708614
2183,TAP2,0.75131124
2184,CHMP1B,0.67583865
2185,LARP4B,0.7530153
2186,INPPL1,0.8438335
2187,PCED1A,0.70143247
2188,RNF167,0.7957058
2189,NUFIP2,0.6906213
2190,CMTM3,0.7264556
2191,ATG4B,0.746067
2192,NDUFAB1,0.8041282
2193,SRRT,0.84390694
2194,SLC39A13,0.79348713
2195,BABAM1,0.8594899
2196,CPQ,0.70559764
2197,SRSF4,0.77086765
2198,RHOG,0.85140467
2199,TWF1,0.8528974
2200,TMEM204,0.78881735
2201,ATP5MPL,0.42950153
2202,MKRN1,0.64827627
2203,NUB1,0.73213387
2204,MCM7,0.7928586
2205,SLC35C2,0.8302347
2206,SDC2,0.4606117
2207,CD52,0.84746546
2208,SORT1,0.7787783
2209,AMZ2,0.7934254
2210,CEMIP2,0.6780545
2211,NPEPPS,0.6829879
2212,ITGB1BP1,0.6862281
2213,SMCHD1,0.69743246
2214,AGPAT3,0.9355162
2215,SRSF6,0.8170822
2216,ADGRF5,0.77099323
2217,MRTFA,0.7813569
2218,RSU1,0.8514946
2219,TBC1D1,0.89864177
2220,ABI1,0.665003
2221,PREX1,0.81915206
2222,PSAP,0.8085658
2223,MTG1,0.75120074
2224,TMEM184B,0.79412466
2225,RTCB,0.86946535
2226,IMPAD1,0.876945
2227,TXNDC12,0.7437017
2228,SRSF9,0.64208287
2229,HLA-DQA1,0.66004926
2230,SELENOS,0.6141537
2231,MGAT4A,0.8380914
2232,C17orf49,0.8667851
2233,PRCP,0.59774584
2234,VPS35,0.7882369
2235,IAH1,0.90251017
2236,ORMDL1,0.7276361
2237,TRIM56,0.8407046
2238,TBC1D2B,0.76811177
2239,DDX42,0.8239297
2240,ARAF,0.87561995
2241,STXBP2,0.901592
2242,SORL1,0.6668214
2243,CUEDC2,0.823378
2244,SUSD6,0.72281796
2245,B4GALT5,0.6749328
2246,PACS2,0.83516407
2247,HSF1,0.7891528
2248,SMIM26,0.69919086
2249,SNF8,0.81637186
2250,AHR,0.5783796
2251,NAB1,0.8295595
2252,OSER1,0.7665214
2253,KMT2C,0.8013043
2254,SLC4A2,0.9059732
2255,YY1,0.9067276
2256,WASHC4,0.74142027
2257,DLD,0.9238891
2258,DR1,0.8562577
2259,PHKA2,0.9040625
2260,RBP5,0.79542303
2261,ADSL,0.86149603
2262,EMILIN1,0.948024
2263,SGCB,0.9028823
2264,SLC25A1,0.84927887
2265,MAPK8IP3,0.7793092
2266,TRADD,0.7292773
2267,PYGB,0.7664599
2268,MIDN,0.8664389
2269,CUL4A,0.8820061
2270,SLA,0.8072014
2271,GADD45A,0.585154
2272,POLR2B,0.8564456
2273,DNAJC3,0.6601722
2274,GIMAP4,0.716312
2275,NEK7,0.804904
2276,EHD4,0.8740224
2277,GPBP1,0.6836386
2278,DCTN6,0.8556771
2279,OSBPL9,0.75915366
2280,DVL3,0.8414156
2281,TCEAL8,0.7746747
2282,ATG12,0.76951647
2283,ELAVL1,0.8655092
2284,SEMA4B,0.853295
2285,CCDC88A,0.8206417
2286,TUBGCP6,0.7989114
2287,KCMF1,0.73990536
2288,CD63,0.74593645
2289,ESAM,0.84342027
2290,PLXDC1,0.7222238
2291,RBL2,0.711229
2292,CISD1,0.9056148
2293,SYF2,0.67461276
2294,NUMB,0.89204836
2295,PIP4K2B,0.94038707
2296,FOXP1,0.8240228
2297,MLXIP,0.88246113
2298,TXNDC15,0.8423677
2299,PIM3,0.83863837
2300,SHFL,0.832289
2301,FOXN3,0.8049362
2302,RNF14,0.8554134
2303,TMEM14C,0.85981536
2304,UBAC2,0.8630462
2305,UBE2E1,0.70396405
2306,SUPT4H1,0.7100993
2307,CASC3,0.92443687
2308,XAF1,0.73192996
2309,C1orf122,0.7993591
2310,ZNF638,0.9356177
2311,POLR2C,0.8889728
2312,TPCN1,0.83305246
2313,RIDA,0.9035056
2314,SRM,0.72016525
2315,OGFR,0.64788735
2316,DTX3L,0.8633733
2317,ANKRD13A,0.6406556
2318,APOL6,0.7118898
2319,ZFAND6,0.8102699
2320,PIK3IP1,0.8469987
2321,PATJ,0.84740084
2322,LRRC32,0.7983268
2323,NDUFS1,0.81011224
2324,EMD,0.61479294
2325,ECPAS,0.8806687
2326,PLEKHB2,0.7219696
2327,PPP6R2,0.71180755
2328,RXRA,0.81902415
2329,RCC2,0.82514644
2330,PSMD7,0.6072689
2331,TMEM63A,0.6101126
2332,SSRP1,0.829048
2333,TM2D1,0.79937536
2334,CCAR1,0.839984
2335,MTCH2,0.9161714
2336,LPGAT1,0.846318
2337,CMIP,0.8062181
2338,OGDH,0.8431906
2339,TSPYL1,0.79693204
2340,RNF115,0.75501513
2341,PPP6R3,0.8965159
2342,CAMK2N1,0.9513207
2343,FBXW4,0.86752105
2344,EPSTI1,0.66414714
2345,H3F3A,0.63446546
2346,TYK2,0.78900415
2347,TEAD1,0.8777566
2348,SF3B3,0.8061373
2349,ZFAND3,0.88648766
2350,HTATIP2,0.8374575
2351,ITM2C,0.796122
2352,BMPR2,0.8453856
2353,RSRC2,0.73382443
2354,TRIM44,0.79636604
2355,SLC25A36,0.81510025
2356,PUM2,0.60911924
2357,SLC29A1,0.8881681
2358,TMEM91,0.82723397
2359,FOXJ3,0.7789542
2360,SERPINB1,0.86299306
2361,EML3,0.7385376
2362,IGHG2,0.7930997
2363,NAA60,0.83246857
2364,DDX56,0.9077292
2365,EP300,0.7292719
2366,DDX21,0.7142382
2367,ELK4,0.79187727
2368,MPG,0.6647232
2369,LTBP2,0.88887477
2370,TRIO,0.89801836
2371,MARK3,0.8029639
2372,ALG5,0.8204995
2373,NIPSNAP2,0.9244671
2374,SDHB,0.92382646
2375,CNOT8,0.7131844
2376,MOV10,0.8780102
2377,RACK1,0.77049184
2378,CCT4,0.64740866
2379,NDUFV3,0.74891585
2380,KIAA0930,0.8400431
2381,GPAT4,0.7847534
2382,TNKS2,0.7709012
2383,ZFR,0.8282586
2384,CENPX,0.7553709
2385,USP9X,0.7783782
2386,YWHAE,0.7369693
2387,CLSTN3,0.8772716
2388,AMD1,0.7282905
2389,TTC1,0.91378474
2390,ARIH1,0.7232874
2391,VAMP2,0.6907389
2392,GRB10,0.8763822
2393,SDC3,0.7519577
2394,FIBP,0.89987826
2395,SFXN1,0.95052546
2396,HGSNAT,0.7923555
2397,TMED7,0.8680393
2398,BAD,0.84777784
2399,SPTLC2,0.8820379
2400,TMEM208,0.7893073
2401,RNF40,0.82149726
2402,EML4,0.66168594
2403,ASXL1,0.76394224
2404,TGFBR1,0.8072264
2405,CBR1,0.9213164
2406,NFIA,0.731307
2407,C16orf58,0.8368623
2408,SSH2,0.67034674
2409,RAB4A,0.8182366
2410,UPP1,0.8046065
2411,STARD3NL,0.7541216
2412,PTPRA,0.7734944
2413,DDX46,0.74278706
2414,SMAD2,0.8380676
2415,TP53INP1,0.78889865
2416,TMEM179B,0.89256
2417,CALCRL,0.8556606
2418,CXCL9,0.69500583
2419,SLC44A1,0.69753927
2420,SRI,0.7640996
2421,UBE2K,0.726799
2422,CLEC2B,0.38051882
2423,TSPYL2,0.72469443
2424,GUCD1,0.89678925
2425,XPOT,0.5697255
2426,SUN1,0.939445
2427,SNX5,0.8489179
2428,HSPA4,0.78406745
2429,SLC35E1,0.8033542
2430,CD2AP,0.8055013
2431,PPP1R11,0.75564504
2432,SEMA3F,0.75914246
2433,KLF7,0.751734
2434,YAP1,0.8174986
2435,PFN2,0.6363225
2436,EI24,0.8521579
2437,RBM33,0.7538817
2438,AARS,0.8282252
2439,DNAJB11,0.7785401
2440,TMEM189,0.7448902
2441,CYREN,0.7786622
2442,ERCC5,0.6987369
2443,PDE4DIP,0.70555925
2444,VPS36,0.7970805
2445,RAD21,0.6046168
2446,INTS1,0.7236221
2447,ICMT,0.7598565
2448,ISCA1,0.75179297
2449,DERA,0.8922773
2450,CLDND1,0.64444226
2451,TOMM22,0.75727654
2452,ARL4C,0.84629893
2453,LIMS2,0.7659791
2454,BET1L,0.6128472
2455,AQP3,0.79379076
2456,PABPC1,0.6218293
2457,ARRB2,0.7797132
2458,TFRC,0.68961066
2459,CPSF1,0.6323602
2460,EDEM1,0.5561022
2461,TARS,0.7206338
2462,NECAP2,0.86110353
2463,SYTL2,0.6429691
2464,UGCG,0.5858921
2465,SHARPIN,0.87061185
2466,HNMT,0.7786607
2467,KLF13,0.80358344
2468,UBXN1,0.7656309
2469,SAT2,0.85825753
2470,CENPB,0.8529902
2471,ST6GALNAC6,0.77849793
2472,PKP4,0.87973326
2473,SOAT1,0.6727527
2474,DHX9,0.74796623
2475,ATF2,0.7378045
2476,EFTUD2,0.7337344
2477,TLR2,0.6387337
2478,PHC3,0.7640584
2479,TNFRSF10B,0.584001
2480,RBFOX2,0.8922329
2481,ARSA,0.8228565
2482,S1PR3,0.8284337
2483,FBLN1,0.7888065
2484,XRN2,0.7739739
2485,ESYT1,0.8609938
2486,GCN1,0.92492986
2487,MICAL3,0.8543758
2488,NBDY,0.771131
2489,NCBP2,0.806328
2490,UBE2N,0.72751075
2491,SCYL1,0.7919019
2492,SMPDL3A,0.8510554
2493,WDR33,0.70039487
2494,FAH,0.8837275
2495,LGR4,0.89862484
2496,ELP2,0.8002205
2497,FAM204A,0.72677636
2498,ASS1,0.75852966
2499,LEMD2,0.94116575
2500,BCL2L2,0.8020768
2501,NMRAL1,0.8301787
2502,PDGFA,0.795065
2503,POLG,0.80273557
2504,FNIP2,0.8127549
2505,KRTCAP2,0.6086023
2506,HLA-DOA,0.85753685
2507,ADGRL2,0.74088734
2508,IFNAR2,0.73975354
2509,DRAM2,0.6819167
2510,SLC16A1,0.88124824
2511,DPYSL3,0.7860346
2512,SORBS1,0.57577
2513,SDF2L1,0.7715748
2514,ENTPD6,0.7459255
2515,MBD6,0.80986977
2516,CHP1,0.7919696
2517,HDAC1,0.8663799
2518,CCND2,0.8962867
2519,GIPC1,0.83905715
2520,KIF1B,0.76132065
2521,TP53I11,0.8556578
2522,COPS5,0.9353211
2523,ACSS1,0.7389187
2524,KCTD10,0.9149749
2525,SH3BP5,0.7032599
2526,MSL1,0.81250113
2527,BTN3A1,0.5445503
2528,TGFB1I1,0.8813574
2529,RAB8A,0.5118786
2530,PCSK6,0.7334612
2531,BLCAP,0.9011509
2532,AIP,0.8320658
2533,TUBGCP2,0.8139184
2534,XPO6,0.8172569
2535,WFDC2,0.6344723
2536,PAFAH1B2,0.66189617
2537,USO1,0.7994291
2538,RIN2,0.8281469
2539,GPCPD1,0.6661956
2540,NR3C1,0.79745513
2541,BTF3,0.49074244
2542,SOD3,0.7407091
2543,TNC,0.69325143
2544,ZDHHC7,0.7714467
2545,MIER1,0.6732895
2546,SEPTIN10,0.7890342
2547,CLCN3,0.9080525
2548,TMUB2,0.7709667
2549,MEAF6,0.7812932
2550,COPS7A,0.8766196
2551,NDUFA8,0.8145676
2552,SH3YL1,0.74571174
2553,HIBADH,0.9142681
2554,CIAO2A,0.79261273
2555,TUBA4A,0.76093715
2556,PPP1R10,0.65027153
2557,GLIPR1,0.77524453
2558,APBB1IP,0.65153813
2559,CCNDBP1,0.72956985
2560,ST5,0.83227676
2561,NR4A1,0.7201292
2562,CHMP4A,0.82627416
2563,YIF1A,0.78925705
2564,RRAGA,0.7811899
2565,IL10RA,0.78366715
2566,UCP2,0.84163505
2567,DDX39A,0.8818734
2568,U2SURP,0.8187352
2569,RBMS2,0.92630607
2570,ACTR1A,0.913119
2571,MAP2K3,0.6959179
2572,GID8,0.8455997
2573,ANAPC13,0.7497726
2574,PSMD1,0.8525484
2575,MAGED2,0.87326384
2576,CPM,0.7833722
2577,KHDC4,0.7778502
2578,BUD23,0.7296291
2579,THEMIS2,0.75133985
2580,RBM47,0.9121246
2581,GIT2,0.8284354
2582,ZMYM2,0.74966073
2583,SOCS3,0.51313186
2584,LONP2,0.80888224
2585,PMVK,0.91784304
2586,CPSF7,0.8955632
2587,PPP1R15A,0.68677026
2588,SRP68,0.77688473
2589,MICOS13,0.80197877
2590,DUS1L,0.8408058
2591,SNAP23,0.7139068
2592,SUCLG2,0.74962133
2593,GAL3ST1,0.77809864
2594,RUFY3,0.7583146
2595,NEDD9,0.7832808
2596,PPT1,0.81297034
2597,RAMP3,0.6999006
2598,SIGIRR,0.8656834
2599,IGHG4,0.7242775
2600,SLC25A28,0.67288417
2601,PRKAA1,0.87733936
2602,ANKRD17,0.9143948
2603,RAC2,0.72296077
2604,NELFCD,0.87708145
2605,GGA2,0.62271494
2606,NUDT3,0.8975959
2607,CRISPLD2,0.9330233
2608,STAG2,0.7421501
2609,FAM89B,0.78874415
2610,PTPRG,0.87959045
2611,DUSP6,0.8023049
2612,RIT1,0.750065
2613,MPST,0.88696545
2614,C1QTNF1,0.6609641
2615,RTL8C,0.79116344
2616,EXOC4,0.8253142
2617,NDUFS3,0.7691707
2618,TBCD,0.9087603
2619,CZIB,0.9043486
2620,JAK3,0.8829255
2621,PRUNE2,0.6957226
2622,GSR,0.8327076
2623,MAN2A1,0.6753065
2624,DCTN4,0.86258847
2625,CD276,0.8345153
2626,EIF1AX,0.82629305
2627,SLC5A3,0.8400565
2628,RBBP6,0.7740078
2629,RHBDF2,0.7400663
2630,DAG1,0.8708461
2631,RIN3,0.84433645
2632,IKBKB,0.76301837
2633,TCF12,0.7897637
2634,TRIM27,0.83254164
2635,SAR1B,0.79904896
2636,SETD3,0.66162264
2637,C1orf162,0.7630644
2638,CCND1,0.7372102
2639,RALBP1,0.83954597
2640,NRAS,0.718707
2641,BMP1,0.89273113
2642,PLIN3,0.74852586
2643,GUCY1A1,0.756933
2644,ALKBH7,0.87225634
2645,EIF4EBP3,0.84439355
2646,CHSY1,0.8299856
2647,SMARCC1,0.8069141
2648,TOB2,0.7579741
2649,FNBP4,0.69738275
2650,MYO9B,0.81736994
2651,CTHRC1,0.59592605
2652,UBE2J1,0.724936
2653,WBP1L,0.7249996
2654,CAMTA1,0.8612788
2655,TADA3,0.7239428
2656,NUP62,0.80785555
2657,ARHGAP17,0.8506649
2658,HBP1,0.7612355
2659,NRP2,0.8764283
2660,ASH1L,0.78137773
2661,ABHD14B,0.8006423
2662,CDC123,0.7871161
2663,RBM12,0.6936584
2664,NDUFA9,0.95213026
2665,LTA4H,0.68233067
2666,CDKN1B,0.7115554
2667,FAM234A,0.7413371
2668,DDAH1,0.84417623
2669,PDLIM2,0.8349623
2670,CAND1,0.5580233
2671,SMAD4,0.8679436
2672,ITGA4,0.7230807
2673,ACBD3,0.70786303
2674,GTF2F1,0.7283022
2675,ZNF189,0.75043887
2676,NSFL1C,0.86761695
2677,IMPA2,0.8386386
2678,BAZ2A,0.71881247
2679,AHSA1,0.8722697
2680,SENP6,0.676555
2681,HAGH,0.8478269
2682,FKBP11,0.89233834
2683,TRAPPC2L,0.6742119
2684,COMMD4,0.8768056
2685,D2HGDH,0.92977196
2686,TCERG1,0.8057919
2687,ZDHHC5,0.8169928
2688,HSD17B4,0.7629908
2689,NOL7,0.76635045
2690,UBE2A,0.86328405
2691,ABLIM3,0.7443659
2692,LRRFIP1,0.78186435
2693,FERMT2,0.8459565
2694,PPP6R1,0.8110647
2695,ERI3,0.87003565
2696,SLC25A11,0.88527685
2697,HMGN4,0.86826426
2698,BRWD1,0.7165723
2699,PYCR2,0.8852727
2700,IBTK,0.74979407
2701,R3HDM4,0.67664456
2702,UBR5,0.81651425
2703,LIMD2,0.753531
2704,CAB39,0.6608921
2705,SUGT1,0.86574954
2706,E2F4,0.9097653
2707,TERF2IP,0.7471478
2708,CD4,0.76697415
2709,SREK1,0.8711228
2710,MRC2,0.80452967
2711,TLK1,0.56969887
2712,TM9SF1,0.81589764
2713,IFI27L2,0.5572563
2714,CNOT2,0.7760758
2715,BCL2L13,0.8659908
2716,SLC30A1,0.8549866
2717,TMEM134,0.76327425
2718,KDSR,0.6653522
2719,GLRX5,0.86196655
2720,KIAA0100,0.8623709
2721,WDR60,0.9152791
2722,MAPK3,0.8018477
2723,COL8A1,0.74521834
2724,DNAJB2,0.81993264
2725,ELOF1,0.8681534
2726,CALCOCO1,0.74751884
2727,ACAA1,0.88261324
2728,ELOVL1,0.778869
2729,EPB41L2,0.8917964
2730,TXLNA,0.8560581
2731,KLHDC2,0.6926802
2732,CD109,0.78190225
2733,WDFY1,0.7376907
2734,SLC1A5,0.74709827
2735,KSR1,0.77580124
2736,TTC17,0.75873065
2737,JUP,0.8334568
2738,PPP1R7,0.7217621
2739,ZNF664,0.8232692
2740,ZNF33A,0.7736931
2741,HYI,0.83052117
2742,TMEM120A,0.8988139
2743,SLC22A5,0.9038894
2744,FAM199X,0.8733282
2745,FEM1B,0.7626193
2746,CSNK2A2,0.87887734
2747,SEC24C,0.8429966
2748,TP53I13,0.70745414
2749,URI1,0.8086941
2750,LTBP1,0.8433244
2751,TOB1,0.8002551
2752,CYTH1,0.73235846
2753,PHF20,0.48205915
2754,PI4KB,0.8441517
2755,SLC30A9,0.88176113
2756,PDHB,0.83186835
2757,SETX,0.7418409
2758,PSMD3,0.7628248
2759,ATM,0.6946632
2760,TDP2,0.73846954
2761,VGLL4,0.9294892
2762,MPEG1,0.8300354
2763,CLINT1,0.86473864
2764,PPP4R3A,0.6400854
2765,GPR107,0.83136487
2766,TBC1D14,0.6746966
2767,BMP2K,0.67055243
2768,NDRG2,0.9031429
2769,LMO7,0.7437901
2770,PPP1R15B,0.5959713
2771,IGFBP6,0.7057094
2772,TSPAN1,0.58756995
2773,CDH16,0.7465697
2774,MED24,0.9413047
2775,ELK3,0.90322906
2776,DHPS,0.7963808
2777,GINM1,0.9148727
2778,STK4,0.5956315
2779,RAD50,0.89548206
2780,BROX,0.79386276
2781,AMACR,0.83329076
2782,MTR,0.8549264
2783,ADAM15,0.7950992
2784,FILIP1L,0.74035984
2785,GOT2,0.83214635
2786,CRLS1,0.8867704
2787,CMC4,0.90675306
2788,CCDC107,0.699006
2789,EIF2B1,0.7230921
2790,BBX,0.7981653
2791,SGPL1,0.78373796
2792,LARP4,0.7977573
2793,PAXX,0.77949643
2794,SERPINE2,0.52271444
2795,SPAG7,0.91888934
2796,MED25,0.82402056
2797,NUDT5,0.7785495
2798,CARD16,0.61813205
2799,TXNDC11,0.69942737
2800,ARMCX3,0.8042433
2801,ATG13,0.84046364
2802,EIF4A3,0.59752136
2803,SRP19,0.62402934
2804,DENND2D,0.6914503
2805,RGS2,0.65649396
2806,SYMPK,0.8409693
2807,DPY30,0.83514243
2808,TMEM9B,0.83783454
2809,ATPAF1,0.92017776
2810,CDC42BPB,0.834342
2811,GLUD1,0.7870023
2812,EXT2,0.8835192
2813,PPIE,0.8435428
2814,EDNRB,0.7989638
2815,EIF2B5,0.9057064
2816,PRKDC,0.8211414
2817,OSBPL8,0.72775817
2818,MICAL2,0.71733814
2819,CD34,0.78757334
2820,ABR,0.89308864
2821,PRCC,0.90241677
2822,DLG1,0.8945914
2823,CLN3,0.89862853
2824,ALG13,0.71830726
2825,CLASP1,0.8039748
2826,SSBP3,0.7756137
2827,BAX,0.6879923
2828,PURB,0.81259394
2829,ATF6,0.5918597
2830,SPSB1,0.71044207
2831,EIF5B,0.8263781
2832,SNX33,0.7945543
2833,STOML2,0.76976806
2834,PCGF5,0.814467
2835,HLA-A,0.5674533
2836,IFI35,0.77589995
2837,PCMT1,0.80169386
2838,DRAM1,0.7951099
2839,PHF10,0.7366088
2840,TOX4,0.8560017
2841,PDE7A,0.59784573
2842,NUCB2,0.79580575
2843,STK11,0.89337164
2844,CLEC2D,0.6707924
2845,CRELD2,0.5435831
2846,ARFRP1,0.8252972
2847,C14orf119,0.8326395
2848,WASL,0.9036903
2849,OTUD5,0.7831116
2850,NCOA7,0.8056064
2851,VPS26A,0.7277029
2852,PIH1D1,0.88649184
2853,FGFR1OP2,0.6301696
2854,GPRC5C,0.79082686
2855,POMGNT1,0.8120642
2856,TMEM167B,0.8361387
2857,KLF10,0.66771555
2858,CYP1B1,0.7725951
2859,ARFGAP2,0.8351312
2860,NT5C,0.775167
2861,MTLN,0.81296283
2862,GAMT,0.8642706
2863,FMNL2,0.71365696
2864,SEC13,0.81077594
2865,IKBIP,0.86339664
2866,CD2BP2,0.8724863
2867,APOBEC3C,0.68701315
2868,CORO1B,0.88440734
2869,MMP7,0.24598812
2870,FAM120AOS,0.79416627
2871,LRPPRC,0.8879412
2872,PPP4R2,0.785238
2873,SRSF10,0.8272915
2874,ELF1,0.4759245
2875,HARS,0.8354195
2876,AKAP8,0.8849514
2877,FRZB,0.70940036
2878,LSR,0.821819
2879,SNRPB,0.75695056
2880,MAN1A1,0.6416329
2881,VAPA,0.53328514
2882,ARHGEF17,0.81825167
2883,RGL2,0.8377709
2884,SRA1,0.80370635
2885,MAEA,0.8705449
2886,TBRG4,0.77275306
2887,GASK1B,0.89363855
2888,STX8,0.8421087
2889,CSE1L,0.7613434
2890,PMF1,0.92577577
2891,SRP72,0.667286
2892,UFM1,0.78234124
2893,MSI2,0.84226424
2894,RALA,0.71295047
2895,DCAF5,0.86547494
2896,TSR3,0.779905
2897,PRPF38B,0.670342
2898,SS18,0.8602585
2899,PABPC1L,0.80088633
2900,UFD1,0.7993439
2901,SLC20A1,0.86363155
2902,CPEB4,0.7962434
2903,CREM,0.41438103
2904,CDH2,0.8600947
2905,ARID1A,0.7644015
2906,ALOX5,0.5729659
2907,KRBA1,0.81944567
2908,ITM2B,0.9107912
2909,NOP58,0.73628706
2910,STK39,0.7584246
2911,TMEM54,0.916732
2912,FTH1,0.80832
2913,MAPK14,0.7576408
2914,OBSL1,0.76904434
2915,TNFRSF1B,0.8601544
2916,USP15,0.5431791
2917,CDK16,0.8275282
2918,GBP4,0.7630343
2919,EIF1B,0.8207474
2920,PLBD2,0.82666224
2921,PHIP,0.7414708
2922,ZNF706,0.5780652
2923,TM4SF18,0.7366283
2924,RNPEPL1,0.6359405
2925,ARID5B,0.76846504
2926,BLOC1S2,0.5928365
2927,LCP2,0.7514741
2928,RIOK3,0.75654966
2929,GATAD1,0.75900793
2930,RAF1,0.83430594
2931,EFEMP2,0.7388139
2932,UBE2E2,0.9073999
2933,PPCS,0.7191842
2934,ACADM,0.8168004
2935,MARCH7,0.70713204
2936,CKLF,0.6917374
2937,PCMTD2,0.81998473
2938,ANKH,0.7162362
2939,ILVBL,0.9402308
2940,GLMP,0.736103
2941,THOC2,0.80877954
2942,ARHGAP35,0.80512977
2943,SLC12A4,0.8513743
2944,SLC4A7,0.49793115
2945,CFAP97,0.696819
2946,MAP3K6,0.8658498
2947,YEATS2,0.7777775
2948,SAMD4B,0.80394006
2949,USP33,0.80355144
2950,TBXAS1,0.6663992
2951,HDAC2,0.6986045
2952,SKI,0.7996607
2953,ZNF532,0.810342
2954,PFDN1,0.85291237
2955,KDM2A,0.78903514
2956,TMEM127,0.8359247
2957,ECHDC1,0.7622998
2958,SPINT1,0.93333477
2959,RBM42,0.82112604
2960,PPM1B,0.799449
2961,HEG1,0.9222767
2962,TNFAIP8,0.6566734
2963,IER2,0.74135727
2964,TMEM159,0.7944141
2965,CELF2,0.7987914
2966,RETREG1,0.8065992
2967,PFDN2,0.75768536
2968,ARHGAP45,0.8901132
2969,SPART,0.8704305
2970,CDC34,0.8585124
2971,BIVM,0.90767664
2972,RNF128,0.8917144
2973,HECTD1,0.7875743
2974,NIPBL,0.7645913
2975,NUDT21,0.67200583
2976,ZC3H15,0.76586294
2977,TBRG1,0.6344369
2978,RTCA,0.8427279
2979,CCM2,0.8367838
2980,RBM26,0.7732511
2981,OSTF1,0.69706184
2982,RAI14,0.8151977
2983,PARP6,0.78265357
2984,PIK3CB,0.8749276
2985,FGFR1,0.69437605
2986,EPS15,0.81632465
2987,AMDHD2,0.8496029
2988,ASAP1,0.8307033
2989,P3H1,0.8379641
2990,CYLD,0.651221
2991,STRN4,0.869422
2992,AKT1S1,0.7861049
2993,GRIPAP1,0.79268074
2994,PIK3R1,0.769078
2995,FAM174C,0.80747193
2996,PLEKHG2,0.8248821
2997,FUT11,0.828094
2998,CDK13,0.7095139
2999,PTDSS1,0.65934604
3000,AMFR,0.85083383
3001,GLB1,0.77993256
3002,SURF1,0.8943498
3003,CISD2,0.88167244
3004,A4GALT,0.9145107
3005,PSIP1,0.8146717
3006,MARCH2,0.807528
3007,ISG20,0.795686
3008,NARF,0.8306529
3009,ZDHHC6,0.85117793
3010,DNPEP,0.82952857
3011,C18orf32,0.82882017
3012,VPS25,0.83340025
3013,ASAP2,0.7194721
3014,DNAJC5,0.70599556
3015,KLHDC3,0.78395873
3016,SWAP70,0.85430795
3017,NEU1,0.85585004
3018,BLOC1S6,0.76493424
3019,NSD3,0.6998995
3020,USP4,0.76276535
3021,AKR1C3,0.81513953
3022,EIF3J,0.84708565
3023,ACBD6,0.72779924
3024,NSD1,0.83950067
3025,UQCC3,0.68119353
3026,MICAL1,0.8226545
3027,PPP3CB,0.87095046
3028,AKAP8L,0.8033138
3029,TMCO3,0.8465531
3030,RNF126,0.5757256
3031,GTF3C1,0.8919024
3032,PRRC1,0.76468676
3033,API5,0.7954035
3034,TRPC4AP,0.7750216
3035,ATP6V1C1,0.8732868
3036,BMI1,0.8450649
3037,HOOK3,0.8330369
3038,SEMA4D,0.6574375
3039,PCYOX1,0.7641186
3040,IMP3,0.7679799
3041,AATF,0.8832161
3042,CLASRP,0.74510735
3043,DCUN1D4,0.8765928
3044,FADS3,0.70060825
3045,CCDC12,0.82232624
3046,LPIN3,0.8463605
3047,CDC42BPA,0.83551604
3048,AAMP,0.83179593
3049,COQ4,0.89128643
3050,TXNDC17,0.7073166
3051,SLC15A3,0.8152074
3052,TJP1,0.91094494
3053,LPCAT3,0.8478005
3054,ZBTB4,0.8896151
3055,AKT3,0.8695748
3056,EEF2,0.71893615
3057,CYHR1,0.7963155
3058,GNPTAB,0.6550942
3059,UGGT1,0.8292041
3060,HCFC1,0.8446212
3061,RNPEP,0.7474379
3062,HEYL,0.7614114
3063,YIPF5,0.72590446
3064,POLDIP3,0.89792204
3065,SH3GLB2,0.8097875
3066,CNKSR3,0.8462638
3067,SHKBP1,0.6756018
3068,MTFR1L,0.8923368
3069,ABCA1,0.7924867
3070,METRNL,0.66458654
3071,STAT5B,0.8310496
3072,GSK3A,0.6856211
3073,PPFIA1,0.7409909
3074,CBLB,0.5383234
3075,ID1,0.7825072
3076,PGM1,0.9056277
3077,ARFGAP1,0.7951228
3078,COPS8,0.8374264
3079,SMPD4,0.689359
3080,ERBB2,0.85308033
3081,SMYD2,0.88532805
3082,H1F0,0.8921695
3083,TMEM167A,0.6771522
3084,MAN2B2,0.8501007
3085,KANK2,0.8814282
3086,HSD17B10,0.82215434
3087,SHTN1,0.7213574
3088,ZKSCAN1,0.8493871
3089,PCSK7,0.8066552
3090,MTHFS,0.9302166
3091,NDFIP2,0.9507243
3092,CUL4B,0.75848144
3093,ANKZF1,0.70361537
3094,STX10,0.8248997
3095,TBC1D22A,0.71638393
3096,ABCC1,0.6093741
3097,G6PC3,0.8914996
3098,C12orf10,0.84208894
3099,MME,0.84509444
3100,ARID1B,0.8621928
3101,CD55,0.77993006
3102,YTHDF3,0.8636265
3103,ATIC,0.61998576
3104,NOP56,0.6710487
3105,DCUN1D1,0.71072173
3106,FBXW11,0.82576174
3107,CXCL16,0.745569
3108,MOB3A,0.45832387
3109,IKZF1,0.6714782
3110,ZDHHC9,0.8853887
3111,KCTD20,0.85410553
3112,TRIP10,0.814388
3113,CHD9,0.92059237
3114,GATD1,0.8405985
3115,RNF44,0.61494184
3116,PPM1A,0.84863573
3117,RAB35,0.7254018
3118,MAVS,0.7852561
3119,UPF1,0.818671
3120,SMIM4,0.745126
3121,BET1,0.8190306
3122,DPP4,0.78379506
3123,TNFRSF6B,0.78789276
3124,NIPSNAP1,0.88598037
3125,ALDH9A1,0.89462
3126,RETREG2,0.7831142
3127,QRICH1,0.7529704
3128,PEX2,0.80888325
3129,BLVRB,0.7860253
3130,DNAJB9,0.84045106
3131,AKAP17A,0.6537206
3132,ZDHHC20,0.7250092
3133,DNASE2,0.82004696
3134,PCGF2,0.88917667
3135,CRYL1,0.9178398
3136,H6PD,0.7663796
3137,EIF4G3,0.7219825
3138,AGAP3,0.88375705
3139,OLFML2A,0.75420165
3140,SLIT3,0.772594
3141,YIPF2,0.8008504
3142,VPS13A,0.89504194
3143,STAU2,0.70993614
3144,NDST1,0.8471031
3145,TMED3,0.7829111
3146,CHMP1A,0.8718862
3147,SKAP2,0.7817438
3148,TOR1AIP1,0.7797105
3149,ULK1,0.8066271
3150,HERC4,0.7997286
3151,SSNA1,0.8550053
3152,PPP1R14A,0.74710417
3153,FZD4,0.7482013
3154,FBH1,0.7979803
3155,VEZT,0.895919
3156,TSG101,0.8664861
3157,SUPT16H,0.87849665
3158,NIT1,0.8755918
3159,EPB41L1,0.85128146
3160,PRKD2,0.7000706
3161,DAPK3,0.8457434
3162,HES4,0.8355244
3163,FAF2,0.8340411
3164,SLC25A37,0.78745484
3165,OTUD4,0.7237832
3166,SLC43A2,0.71484476
3167,SNX9,0.757205
3168,CSF1,0.86814564
3169,WBP11,0.7104804
3170,MIEN1,0.8327547
3171,NOMO1,0.83366436
3172,DNAJA2,0.80505174
3173,NUBP2,0.8767853
3174,MON2,0.87705797
3175,PTGR1,0.8249733
3176,DENND3,0.759245
3177,GCC2,0.80195326
3178,SNRPA,0.7146391
3179,PSEN1,0.8524918
3180,RNF144B,0.8497336
3181,BSDC1,0.785913
3182,FXYD6,0.8100476
3183,SIN3B,0.87377745
3184,NADSYN1,0.7213752
3185,UBA7,0.8171981
3186,HECA,0.75634146
3187,AGPS,0.8017373
3188,ATRX,0.77448076
3189,SLC11A2,0.71038866
3190,TFDP1,0.7328331
3191,CENPT,0.7715456
3192,RDH11,0.7629406
3193,DOCK8,0.60019964
3194,CSNK1E,0.8935659
3195,CNOT6L,0.6636153
3196,MFSD14B,0.9112559
3197,LSM1,0.8041361
3198,LRRC59,0.7766126
3199,IMP4,0.8083841
3200,FAM210B,0.6923173
3201,ITPA,0.8149931
3202,UBE2J2,0.7857723
3203,IDH3B,0.9065216
3204,LAMTOR2,0.8504908
3205,EMC2,0.8443374
3206,WDR81,0.5869228
3207,RAP1B,0.73552036
3208,LRRK2,0.7870872
3209,AP1G1,0.8056782
3210,TFPI2,0.5560543
3211,JMJD1C,0.6931808
3212,GAK,0.72483116
3213,PREPL,0.91915566
3214,EIF2AK2,0.77109814
3215,MAOA,0.69655865
3216,SMIM20,0.8172272
3217,UQCC1,0.75376683
3218,C1QL1,0.74034995
3219,FGD4,0.86125535
3220,PES1,0.8488187
3221,PAK2,0.6305994
3222,RGS3,0.909239
3223,GRASP,0.7866785
3224,KCNE3,0.64123493
3225,VEZF1,0.88043183
3226,ZBTB44,0.82110286
3227,POU3F3,0.906877
3228,RBM14,0.683932
3229,PARP9,0.77981573
3230,NMD3,0.8642781
3231,MALT1,0.6363666
3232,NUDCD3,0.8764997
3233,CBX6,0.79160446
3234,CFI,0.76601154
3235,JMJD8,0.80054265
3236,TSC22D4,0.696318
3237,FBLIM1,0.8957302
3238,TRAPPC3,0.81108516
3239,INTS10,0.78993565
3240,TRAF7,0.83628577
3241,ERN1,0.7870612
3242,MANBAL,0.79802847
3243,STARD3,0.8756687
3244,LZIC,0.7254458
3245,TNFAIP3,0.6504131
3246,NTPCR,0.8100078
3247,PAICS,0.8355103
3248,MKLN1,0.759131
3249,PPP1R12A,0.84081393
3250,WDR91,0.7901047
3251,RAP2A,0.85364157
3252,CANT1,0.7595734
3253,TBX2,0.75512975
3254,PTPRJ,0.8185942
3255,FMR1,0.87559825
3256,SGPP2,0.8661782
3257,CYBRD1,0.86656815
3258,XPNPEP1,0.7802767
3259,CTSO,0.62726754
3260,TRAPPC4,0.9195978
3261,PQBP1,0.7787397
3262,DCAF6,0.90168786
3263,NSMF,0.8443721
3264,ACAP2,0.789973
3265,NUDT4,0.69280124
3266,PWP1,0.8439594
3267,LAMTOR3,0.8938966
3268,USP3,0.80588603
3269,CLEC14A,0.8368265
3270,AGO2,0.69452643
3271,BTN3A3,0.6766116
3272,EXOC5,0.88197803
3273,BTF3L4,0.7425825
3274,PNKD,0.781946
3275,CYB5R1,0.8708834
3276,FAM102A,0.7967853
3277,DDX54,0.8375307
3278,PTPRB,0.8227329
3279,SOX4,0.87606174
3280,DDX49,0.8838869
3281,KANSL1,0.80600476
3282,FBXO9,0.90905976
3283,SPOCK2,0.5655255
3284,PARP8,0.61265355
3285,TMEM129,0.8586366
3286,TOM1,0.78236055
3287,MINK1,0.7203033
3288,ZNF428,0.9075611
3289,CD302,0.86928934
3290,ZC3H4,0.7599492
3291,KDM4B,0.83603716
3292,EPHX1,0.7212598
3293,SLC3A1,0.7067353
3294,USP14,0.72193986
3295,FDX1,0.7900848
3296,ZNHIT3,0.8550377
3297,NABP2,0.8681822
3298,FYN,0.74948543
3299,TSTA3,0.78088695
3300,NOTCH4,0.80065346
3301,PPIG,0.75313944
3302,ARHGAP4,0.76099485
3303,OPA1,0.77429104
3304,TNRC6B,0.7806924
3305,VAPB,0.87176865
3306,STX12,0.79187584
3307,PSMD10,0.79193777
3308,HNRNPLL,0.7063562
3309,SPNS1,0.87106705
3310,PIK3C2A,0.8930153
3311,GPSM3,0.79996437
3312,PPIP5K2,0.8905103
3313,MIA2,0.9402971
3314,DNAJC13,0.7704072
3315,ITPRIPL2,0.8612681
3316,CYFIP2,0.82495254
3317,TPGS2,0.7754104
3318,PMM1,0.91125315
3319,ARHGAP26,0.6142879
3320,BLMH,0.9286379
3321,ACSL3,0.876986
3322,PPP2R2A,0.72412187
3323,NXF1,0.6957452
3324,MLLT1,0.874491
3325,APOL3,0.75837713
3326,MCM5,0.71996135
3327,PITRM1,0.8576207
3328,AIMP1,0.7263058
3329,FAHD1,0.9247549
3330,COA8,0.6907132
3331,FUBP3,0.9204752
3332,SP1,0.860904
3333,FHL2,0.79416615
3334,DHRS7,0.60117745
3335,SYNPO2,0.7312259
3336,SVIL,0.72886896
3337,LCMT1,0.90189266
3338,TMEM256,0.8753529
3339,FBXW2,0.91117126
3340,NAPRT,0.76743454
3341,FAM49B,0.46903917
3342,BCAR1,0.84572905
3343,CYP4V2,0.71599483
3344,RTL8A,0.8431538
3345,RABEP1,0.7979322
3346,ZC3H7A,0.830513
3347,SPPL2B,0.7578549
3348,TIMM17A,0.8847694
3349,TSN,0.78189546
3350,GDE1,0.86120254
3351,RRP7A,0.7888412
3352,BOD1,0.82387733
3353,CCDC92,0.8682639
3354,TSPAN31,0.8119034
3355,DOCK9,0.9008772
3356,SGTA,0.854662
3357,SAMD9L,0.5867161
3358,DHX40,0.8995524
3359,NFYC,0.77921015
3360,LSM2,0.84282494
3361,POFUT2,0.82721573
3362,CCNC,0.71464205
3363,IER3,0.74350524
3364,EHD1,0.86533684
3365,NETO2,0.79934317
3366,KLHL5,0.81452686
3367,NCEH1,0.75502175
3368,SLC30A7,0.7837902
3369,SNRK,0.8980755
3370,HTT,0.84834105
3371,PLEKHA5,0.95806384
3372,WDR11,0.85947156
3373,RFX5,0.65387315
3374,SNRPF,0.8455258
3375,TIMM17B,0.92711395
3376,XPC,0.89173573
3377,PLEKHM2,0.7856016
3378,YIPF6,0.8869404
3379,MTX2,0.90019965
3380,FAM3A,0.7400713
3381,GOSR1,0.8505423
3382,FUCA2,0.5620385
3383,SPG11,0.7974627
3384,ORMDL3,0.81049347
3385,PDZD8,0.8799787
3386,PARN,0.8596569
3387,RHOQ,0.69459844
3388,IMMT,0.8258622
3389,C16orf72,0.6232325
3390,YTHDF2,0.7433076
3391,TFE3,0.7807796
3392,TMEM160,0.8671449
3393,SLC35F6,0.7562246
3394,PRPF31,0.8798601
3395,CX3CL1,0.8523209
3396,FSCN1,0.84569937
3397,TP53,0.7905639
3398,TMEM126B,0.7751975
3399,BABAM2,0.8960598
3400,LZTR1,0.838262
3401,STC2,0.8470641
3402,IWS1,0.85835457
3403,SH3PXD2A,0.8080247
3404,SELENOO,0.75187564
3405,FAM114A1,0.7745277
3406,ITGAX,0.6402715
3407,DNAJC4,0.7984852
3408,HDAC3,0.8180931
3409,PTPRM,0.76882905
3410,CD99L2,0.9021201
3411,IFITM1,0.8001187
3412,MTHFD1,0.926573
3413,MICA,0.8968642
3414,RO60,0.79547745
3415,CDC42EP1,0.8733558
3416,GBF1,0.879606
3417,EIF2S1,0.78249484
3418,ITPRID2,0.78208303
3419,UBALD2,0.7600804
3420,SSBP4,0.714011
3421,CLN6,0.8410875
3422,PRPF19,0.8402491
3423,SNX29,0.7608238
3424,TM9SF4,0.8896034
3425,TMEM18,0.89360285
3426,DEAF1,0.89487654
3427,MED4,0.81963176
3428,BLVRA,0.80294293
3429,BAG3,0.7217381
3430,PNPLA6,0.76847047
3431,ZDHHC8,0.895155
3432,RMND5A,0.8570471
3433,CEBPZ,0.6221793
3434,AP1G2,0.68699604
3435,HSPH1,0.66064
3436,F11R,0.8846834
3437,PAG1,0.627537
3438,AGFG1,0.69920397
3439,MGAT5,0.6128582
3440,INPP5D,0.80797076
3441,SCCPDH,0.69342095
3442,HPN,0.76749367
3443,FBXL3,0.8419748
3444,ITPKC,0.7106859
3445,FCHO2,0.74504024
3446,CETN2,0.90257055
3447,DEF8,0.7181632
3448,SIRT2,0.7176575
3449,TRABD2B,0.80425763
3450,BAG5,0.87308234
3451,HEBP1,0.76976615
3452,DGCR2,0.9415485
3453,GLTP,0.80824155
3454,TRAK1,0.91936797
3455,MT1F,0.6056281
3456,NIPA2,0.6342196
3457,PLCG1,0.8772227
3458,MCF2L,0.7562613
3459,KANSL3,0.83143586
3460,NEK9,0.79917175
3461,RNASE4,0.6520743
3462,DCTN3,0.5365818
3463,DGUOK,0.8015826
3464,AP2A1,0.8630995
3465,GIMAP5,0.6168929
3466,CERCAM,0.663211
3467,IFT20,0.83129
3468,OSTM1,0.7189293
3469,ATP13A1,0.8125457
3470,DHX30,0.89603835
3471,SIL1,0.79801625
3472,UBP1,0.8117245
3473,INSIG2,0.76415133
3474,TMSB4X,0.8547602
3475,WDR61,0.8627322
3476,MDFIC,0.66818565
3477,DCTPP1,0.8286309
3478,PSMD14,0.73016477
3479,NUP58,0.76545566
3480,GALNS,0.8090376
3481,BIRC6,0.75567937
3482,GSK3B,0.8794884
3483,INO80B,0.8740347
3484,STXBP3,0.80166554
3485,TUT7,0.57923037
3486,CHPF2,0.8387099
3487,CCS,0.83584
3488,UBA5,0.8622381
3489,CNPPD1,0.81000954
3490,SLC27A3,0.76553726
3491,CALHM6,0.8071785
3492,SLC33A1,0.88319254
3493,IGF1R,0.8719476
3494,COX15,0.8556592
3495,MFSD11,0.31219354
3496,GPR137B,0.80040985
3497,WIPF2,0.92689234
3498,MED28,0.71192926
3499,ATG3,0.79881495
3500,HSPB2,0.7051622
3501,FAM136A,0.8445553
3502,AKAP12,0.6139103
3503,SLC39A9,0.88082385
3504,HGD,0.8884317
3505,UBE3A,0.8547435
3506,SPTLC1,0.8231761
3507,RETREG3,0.7822624
3508,SMARCB1,0.8590968
3509,PARD3,0.7178075
3510,ACOT9,0.8453607
3511,TMEM35B,0.8335607
3512,NT5C2,0.89131665
3513,RNF216,0.82112455
3514,FEM1C,0.6747859
3515,PHF1,0.7136213
3516,SLC25A4,0.79754853
3517,KIFC3,0.8190493
3518,TMEM8A,0.886038
3519,SMIM15,0.8046725
3520,SPIRE1,0.93226266
3521,PAN3,0.76954
3522,DHX36,0.8033235
3523,UTP6,0.7910919
3524,CCSER2,0.61608225
3525,MTSS1,0.70852643
3526,SNX19,0.77649623
3527,NEMF,0.8088507
3528,VPS26B,0.74140424
3529,RAB27A,0.6892185
3530,MPHOSPH8,0.77043724
3531,IRX3,0.79445815
3532,AFG3L2,0.9118065
3533,CDHR5,0.8435386
3534,STX5,0.7263262
3535,RMDN1,0.91325754
3536,UBA3,0.71776384
3537,FAM214A,0.7245651
3538,BHLHE41,0.6678876
3539,TSNAX,0.511411
3540,OSBP,0.8712267
3541,LRRFIP2,0.84433776
3542,CLEC7A,0.75110275
3543,LRCH4,0.7794156
3544,ZFAND1,0.8581691
3545,TAZ,0.8154071
3546,INAFM1,0.87894964
3547,MEPCE,0.8192425
3548,SBSPON,0.6916531
3549,NDUFS7,0.7944295
3550,TIMM9,0.88778466
3551,DPM3,0.80798787
3552,NIN,0.774045
3553,STK10,0.7465102
3554,ACP2,0.77066374
3555,PLEKHO2,0.9224837
3556,KAT2A,0.84167856
3557,DENND4B,0.7994418
3558,ANGPTL2,0.8884588
3559,SLBP,0.7638323
3560,DMXL1,0.85759425
3561,AKAP11,0.82643694
3562,PAWR,0.77025956
3563,SLC39A6,0.81303626
3564,PPM1F,0.9166014
3565,CTNNBL1,0.6854761
3566,BCR,0.9174468
3567,TTC14,0.7285402
3568,NSMCE1,0.6627121
3569,MPP1,0.7057786
3570,DNAJB12,0.6399955
3571,UROS,0.8445681
3572,MOCS2,0.7990532
3573,ZNF451,0.65063655
3574,ACVRL1,0.8541646
3575,HDAC6,0.90390944
3576,SMC1A,0.85271126
3577,BCL9L,0.6769338
3578,RCN3,0.821115
3579,GSDMD,0.56911236
3580,TOLLIP,0.87643963
3581,CMC1,0.549256
3582,GNL1,0.8686587
3583,ATP6V1G1,0.7373671
3584,EPB41L3,0.60021055
3585,CRELD1,0.90985805
3586,NDUFC2,0.6230962
3587,ARIH2,0.894775
3588,GMPR2,0.9040682
3589,ETNK1,0.87167263
3590,DYSF,0.7847827
3591,TM2D3,0.75754064
3592,DPM1,0.86149544
3593,DMAP1,0.78144044
3594,POLE4,0.77853864
3595,BCL7B,0.8452489
3596,GOLT1B,0.7606515
3597,HS1BP3,0.820808
3598,ATAD1,0.92962176
3599,ERF,0.87656206
3600,ME2,0.66561204
3601,CRKL,0.5453554
3602,ARPC5L,0.87766725
3603,KPNA2,0.81573313
3604,TBC1D20,0.7803219
3605,ANAPC7,0.6909089
3606,ALCAM,0.8418552
3607,ENOSF1,0.9048531
3608,HLA-C,0.5872212
3609,CREB3,0.75395364
3610,C1orf198,0.8384835
3611,SNX4,0.8374052
3612,AGPAT2,0.816791
3613,STMN3,0.7174066
3614,FBLN2,0.89058805
3615,MED13,0.8422117
3616,SMARCC2,0.8166766
3617,YKT6,0.8382185
3618,TMEM131,0.54198563
3619,CUL1,0.69700366
3620,VPS4B,0.86863655
3621,ENAH,0.842711
3622,NELFB,0.856719
3623,PACS1,0.8378427
3624,PRELID1,0.6059037
3625,BCAP29,0.75465196
3626,UBE4A,0.83156484
3627,SH2B1,0.8113124
3628,OXR1,0.75829405
3629,FAM219B,0.87606245
3630,DNMT1,0.8593916
3631,VPS39,0.7997797
3632,PAM16,0.8936222
3633,UNC45A,0.8721097
3634,PIP4K2A,0.73051924
3635,UBE3C,0.837426
3636,TEX261,0.8372871
3637,LIX1L,0.9041745
3638,C8orf33,0.8868626
3639,TIMM10,0.81428003
3640,CSGALNACT2,0.6066137
3641,EPRS,0.6828967
3642,SHANK3,0.8274386
3643,ATP11B,0.573248
3644,SCNM1,0.8068164
3645,SLU7,0.6489138
3646,MUS81,0.9335916
3647,MGST2,0.78193754
3648,PNPO,0.92064524
3649,TRIB2,0.7980914
3650,EBNA1BP2,0.86417365
3651,MAPKAPK5,0.9130247
3652,EXT1,0.8096671
3653,CLK3,0.8544623
3654,SPPL3,0.81531185
3655,CEBPZOS,0.8856456
3656,COA1,0.69990903
3657,LPIN2,0.7952871
3658,NFX1,0.84237593
3659,DAPK1,0.7985677
3660,PDZD11,0.8937282
3661,TNRC6A,0.7311578
3662,RAB3GAP1,0.8431389
3663,TSPAN12,0.8264303
3664,CIZ1,0.8062553
3665,KMT2A,0.76210636
3666,PPP4R3B,0.79414207
3667,KLHL36,0.9009641
3668,GNPAT,0.8336401
3669,MAU2,0.8273034
3670,CMAS,0.8546777
3671,LIME1,0.7628625
3672,ABCF3,0.83356434
3673,NBEAL2,0.69356275
3674,RAB12,0.8055527
3675,SMCO4,0.81193376
3676,SH3KBP1,0.65461105
3677,PDLIM3,0.7662253
3678,GIT1,0.8301349
3679,PPP6C,0.7981365
3680,MICU2,0.91833615
3681,ZFC3H1,0.65656865
3682,ACOT7,0.6379282
3683,ATP6V1H,0.8246047
3684,UBE2G1,0.6805346
3685,RHOBTB1,0.846441
3686,CHCHD5,0.88101274
3687,MYO6,0.84588057
3688,VTI1B,0.79943395
3689,RFTN1,0.7474153
3690,LGALS8,0.62510985
3691,FAM53B,0.62636906
3692,BTBD7,0.9205372
3693,CD36,0.62987834
3694,PRPF3,0.85985756
3695,EIF4E,0.8938013
3696,NABP1,0.69563717
3697,TAOK2,0.8733664
3698,CD320,0.8409392
3699,MED10,0.85323113
3700,PTAR1,0.89529186
3701,TCF7L2,0.8084044
3702,PEX26,0.7894528
3703,ARMC8,0.8311699
3704,EPB41,0.47420707
3705,YIF1B,0.7645168
3706,IFT122,0.80597454
3707,DDX18,0.74510723
3708,PRKRIP1,0.81201935
3709,TRIM26,0.8854502
3710,VPS41,0.7746207
3711,CTBS,0.56848603
3712,NCOA3,0.69315547
3713,ADAMTS4,0.71365166
3714,ACSL4,0.8327519
3715,NDEL1,0.7186125
3716,KMT2D,0.6598471
3717,GNA11,0.8487713
3718,ZNF146,0.8818012
3719,C9orf78,0.83553475
3720,PEPD,0.75709933
3721,FBRS,0.79527307
3722,ETHE1,0.7752623
3723,LYPLAL1,0.8688729
3724,GIGYF2,0.80959177
3725,LIMA1,0.7823701
3726,PKD1,0.84087807
3727,LMO4,0.7602308
3728,TRAPPC12,0.7976286
3729,ENOPH1,0.82419306
3730,ZNFX1,0.8683808
3731,TNK2,0.7858425
3732,TANK,0.75586957
3733,EIF2D,0.6598987
3734,SF3A3,0.80609655
3735,TMX3,0.90427065
3736,USP25,0.8897101
3737,PPP1R12B,0.8151777
3738,RAB9A,0.76462585
3739,PPP1R3C,0.72159356
3740,NOSIP,0.8475597
3741,GORASP2,0.7618013
3742,IARS,0.80994505
3743,HPS4,0.83085924
3744,FRA10AC1,0.7865901
3745,SLC2A5,0.77028126
3746,RORA,0.61110693
3747,IQSEC1,0.68793076
3748,SYNE1,0.8380746
3749,ADPGK,0.6108699
3750,UBXN11,0.763606
3751,NAA50,0.70602006
3752,TRAF5,0.657754
3753,ECI2,0.90207905
3754,PHB,0.7993521
3755,ACOX1,0.83136225
3756,RAB32,0.7001931
3757,GSS,0.9340566
3758,LGALS2,0.81138563
3759,PGS1,0.88654375
3760,COMMD9,0.90074396
3761,PHF11,0.8046532
3762,USP11,0.91194135
3763,MPPE1,0.80661345
3764,NT5C3B,0.6874407
3765,PTPN6,0.871896
3766,SMG5,0.9137776
3767,PERP,0.6241618
3768,BEX4,0.8406174
3769,KDM3B,0.8555569
3770,TMPO,0.83624643
3771,NFIX,0.8779118
3772,GYS1,0.76543283
3773,STMN1,0.709596
3774,TAOK3,0.77947927
3775,ZNF783,0.6297408
3776,RNF146,0.86919755
3777,DENND6A,0.84219265
3778,SREBF2,0.76759154
3779,MAST4,0.8104232
3780,ZNF22,0.85853535
3781,RILPL2,0.7261494
3782,SREBF1,0.71277
3783,DYRK1A,0.81456774
3784,ZNF148,0.8286424
3785,R3HDM2,0.83529085
3786,STX6,0.72799
3787,SETD5,0.81651783
3788,IFFO1,0.78034496
3789,SDCCAG8,0.86879104
3790,ABCD3,0.8589453
3791,TAB2,0.8246589
3792,NTAN1,0.8624074
3793,SLC35B1,0.8644147
3794,PTGS1,0.7535443
3795,ARHGEF10L,0.85456616
3796,TMEM222,0.83743864
3797,UNC50,0.7902961
3798,MCMBP,0.82019824
3799,AKIRIN2,0.5981966
3800,RNF121,0.82956743
3801,KLHDC10,0.9204502
3802,MPC1,0.8923061
3803,CEP170,0.79363084
3804,SPRY4,0.7930897
3805,FAAP20,0.6651143
3806,RETSAT,0.8797403
3807,XPR1,0.91110533
3808,ELAC2,0.8944325
3809,HRAS,0.8577458
3810,ALG8,0.85918146
3811,COX7A1,0.6528105
3812,SLC25A13,0.8060209
3813,PPIF,0.7737202
3814,ABI3BP,0.66964
3815,TMEM265,0.86922866
3816,CDK6,0.7229392
3817,HDDC2,0.8065122
3818,LYRM1,0.82758814
3819,UBE3B,0.9069023
3820,C5orf24,0.8178401
3821,BTBD1,0.7090781
3822,HSPB11,0.74746877
3823,USP36,0.64384454
3824,FAM200B,0.7708344
3825,TMEM245,0.813716
3826,AFMID,0.87407273
3827,FRG1,0.7752888
3828,SRGAP2,0.68746036
3829,ASB13,0.8250696
3830,TRAK2,0.8997087
3831,TPP2,0.85395974
3832,AOAH,0.7107397
3833,ARID4B,0.7688577
3834,GTPBP6,0.7757893
3835,CELSR1,0.9107242
3836,ADRM1,0.7615915
3837,PPP1R35,0.84813744
3838,RNF166,0.78023106
3839,POM121,0.5759107
3840,IFI44L,0.6245581
3841,MCRS1,0.9318009
3842,RANBP3,0.77802557
3843,TNFSF12,0.65374774
3844,MMS19,0.77262664
3845,STAT5A,0.7901445
3846,KHK,0.73107237
3847,PRPS1,0.8360422
3848,BICD2,0.70817286
3849,MTA1,0.7060843
3850,FMNL3,0.8872213
3851,KIDINS220,0.84912735
3852,PPP2R3A,0.8699715
3853,GLOD4,0.81125236
3854,RASA1,0.6971564
3855,PREB,0.7433606
3856,WASHC5,0.74445206
3857,RCSD1,0.80352503
3858,AP3S2,0.9019122
3859,MSRB1,0.8940384
3860,CDC25B,0.7933193
3861,DNM1L,0.809681
3862,TNRC18,0.82197446
3863,ADGRA2,0.8852465
3864,USP47,0.76251435
3865,CABIN1,0.78961617
3866,ARID5A,0.7305437
3867,SMARCA4,0.8460114
3868,UBR2,0.85412246
3869,RYK,0.8138787
3870,ETV6,0.6913733
3871,ITPK1,0.86597425
3872,OSBPL3,0.5835819
3873,RABGAP1L,0.7546463
3874,AP1S2,0.66252
3875,MARF1,0.6742042
3876,LSM6,0.74793583
3877,ACTR10,0.8494816
3878,ZC3H13,0.7273088
3879,ARFGEF2,0.6596241
3880,DNASE1L1,0.7253507
3881,SLC25A23,0.88149565
3882,PRDM2,0.704726
3883,DIAPH2,0.5846855
3884,DOCK1,0.8972771
3885,RDH10,0.7054929
3886,ZFAND2B,0.7426446
3887,APPL1,0.78710085
3888,TAF6,0.8676401
3889,IL2RG,0.77250427
3890,PPA2,0.8823941
3891,PIGS,0.86798143
3892,HACD3,0.88676006
3893,LSM12,0.7682038
3894,ABRACL,0.7034028
3895,LZTS2,0.82723063
3896,MS4A4A,0.79379654
3897,WDR41,0.66331
3898,GTPBP1,0.78350097
3899,KDM1A,0.8112793
3900,TIPARP,0.6678546
3901,TOMM70,0.8456796
3902,SNX13,0.78941077
3903,LHFPL2,0.78040695
3904,DNAJC19,0.90319014
3905,PRPSAP1,0.81114435
3906,USP24,0.6932977
3907,MCM3,0.85334325
3908,COL16A1,0.82401013
3909,AGPAT5,0.8559118
3910,CRTC3,0.7969417
3911,DEXI,0.7987233
3912,RTKN,0.9383647
3913,THNSL2,0.88996476
3914,TUSC3,0.6886158
3915,MAP3K20,0.80818194
3916,ATP9B,0.6483483
3917,ADSS,0.77607137
3918,KMT2B,0.81869847
3919,STX3,0.8601229
3920,EMC3,0.69950795
3921,GGA1,0.81828564
3922,LMCD1,0.75580055
3923,MIB2,0.8022707
3924,NF2,0.7586081
3925,MZT1,0.6519473
3926,ARL8A,0.7824423
3927,CNP,0.7752531
3928,TMEM64,0.8379136
3929,STIM1,0.80815154
3930,ECM1,0.8518288
3931,SERTAD2,0.50997865
3932,PPIL2,0.9005637
3933,SCAMP3,0.8521707
3934,WAPL,0.7320784
3935,ARSB,0.6316037
3936,PLA2G12A,0.9083348
3937,SLAIN2,0.9031777
3938,NLRC5,0.7318714
3939,DIXDC1,0.8706584
3940,NAIP,0.84191495
3941,IDI1,0.8226149
3942,PINK1,0.7791748
3943,IVD,0.9485523
3944,SART1,0.8473955
3945,GLRX3,0.7103451
3946,SOS2,0.82191914
3947,HK2,0.7718068
3948,COQ9,0.84943396
3949,UBA52,0.72071654
3950,GSAP,0.6707806
3951,SAP30,0.6435748
3952,PRPF38A,0.68684554
3953,PDIA3,0.47675273
3954,TK2,0.7429514
3955,FDFT1,0.8130744
3956,LYN,0.8131507
3957,LIN7C,0.9099181
3958,CXXC1,0.8268501
3959,SLC11A1,0.47274968
3960,MKNK1,0.7562518
3961,AP1S1,0.87988186
3962,HMOX2,0.8448284
3963,GNB4,0.94034886
3964,UBQLN2,0.7295843
3965,PTGDS,0.6250221
3966,ORMDL2,0.76963335
3967,RNF139,0.8467004
3968,ITPR1,0.86553305
3969,SLC1A3,0.80786926
3970,CTSF,0.60626143
3971,DAB2IP,0.89921874
3972,DEFB1,0.67427117
3973,PTPN18,0.7252469
3974,SUMF1,0.81706864
3975,HABP4,0.68499327
3976,TMEM33,0.7918527
3977,PLAUR,0.6792769
3978,GMPS,0.7191973
3979,CLK2,0.8425462
3980,BCL2,0.6481135
3981,SUZ12,0.74239683
3982,TAPBPL,0.76498866
3983,ARHGAP5,0.8860474
3984,ANKIB1,0.8034219
3985,SLK,0.8735927
3986,ZDHHC4,0.7999974
3987,USH1C,0.94822925
3988,ILKAP,0.79447275
3989,TTC38,0.84292316
3990,PNKP,0.769936
3991,ZC3HAV1,0.6682375
3992,MCM3AP,0.7546673
3993,DMTF1,0.67504406
3994,CDC73,0.8642387
3995,ARHGAP21,0.8395009
3996,SMG7,0.8948695
3997,SDR39U1,0.82440376
3998,SPTSSA,0.89318794
3999,LARP7,0.8025878
4000,MARC2,0.8301273
4001,FAAP100,0.7872589
4002,ACVR1B,0.8682795
4003,SLC8A1,0.73583347
4004,C4orf48,0.7867784
4005,CLK4,0.6923178
4006,NAXE,0.91003174
4007,SLMAP,0.81353706
4008,ORAI2,0.87169474
4009,ORAI3,0.8668542
4010,TESK1,0.8015272
4011,ARHGEF2,0.71546215
4012,HBS1L,0.66812485
4013,ING4,0.8353843
4014,RASSF1,0.71596485
4015,PPP1R3B,0.6981771
4016,ZZEF1,0.7679138
4017,SETD7,0.7463808
4018,CUL3,0.74653584
4019,PAPSS1,0.6671532
4020,ZNF106,0.88271743
4021,PLEKHJ1,0.918526
4022,DOCK6,0.9180357
4023,KMT5B,0.906866
4024,ISOC2,0.9444924
4025,SLC35B2,0.72822064
4026,SLC25A16,0.89473444
4027,FCHSD2,0.72355443
4028,DHCR24,0.8021713
4029,RREB1,0.9093926
4030,CCDC130,0.8089399
4031,GTPBP2,0.7376345
4032,MAP3K2,0.7350859
4033,MAP3K13,0.9152618
4034,PYGL,0.66435593
4035,CARS,0.6560494
4036,TRIQK,0.91223526
4037,CHST11,0.79498214
4038,PYCARD,0.7505787
4039,TRPT1,0.8616032
4040,VPS35L,0.8588019
4041,TSPAN9,0.8670042
4042,ACAP1,0.7504191
4043,WDR43,0.7224261
4044,TP53I3,0.75286245
4045,PCID2,0.86299896
4046,JDP2,0.7225458
4047,CAVIN2,0.771322
4048,IFRD1,0.6758997
4049,TMEM141,0.83366275
4050,PARVG,0.77996325
4051,MFN2,0.8232674
4052,CACUL1,0.8225801
4053,COBLL1,0.7473797
4054,NCLN,0.78458554
4055,LPAR6,0.663565
4056,RFNG,0.7873697
4057,RBM23,0.819045
4058,BCL2L11,0.7811127
4059,DNAJC21,0.86147565
4060,BTAF1,0.639753
4061,LIFR,0.48450485
4062,CFAP36,0.9093766
4063,TBC1D17,0.7739709
4064,PHACTR2,0.8347452
4065,ASL,0.8907346
4066,MIGA1,0.8634756
4067,PTPN14,0.7917466
4068,ANTXR2,0.8258336
4069,COL27A1,0.786155
4070,POP4,0.9193328
4071,SMARCD2,0.74669313
4072,CSAD,0.88146156
4073,ATP6V1D,0.8694067
4074,SEC24D,0.7605609
4075,MARCH5,0.8591244
4076,USP53,0.7752542
4077,CCDC71L,0.8012528
4078,KIAA0319L,0.80879873
4079,EDEM3,0.8028346
4080,RNF135,0.8264101
4081,MFSD14A,0.8587118
4082,NPC1,0.71955794
4083,ZGPAT,0.8081834
4084,DPY19L1,0.7337715
4085,DICER1,0.82024735
4086,PPIC,0.7985093
4087,NMI,0.63363093
4088,YARS,0.75711924
4089,LRRC47,0.9218045
4090,LRRC8A,0.81532264
4091,HSD3B7,0.8170235
4092,RILPL1,0.72608954
4093,TNPO2,0.8498656
4094,FZD1,0.8067227
4095,SEPTIN6,0.798502
4096,DHX38,0.87965655
4097,FAM111A,0.6349445
4098,MINDY2,0.6917913
4099,EIF4E3,0.76265615
4100,OAS2,0.6986439
4101,GOLIM4,0.6988919
4102,RSRC1,0.80603147
4103,DNAJA3,0.86448735
4104,MOB4,0.8604017
4105,STAG1,0.77764684
4106,RAB4B,0.7582404
4107,STX2,0.7247119
4108,KLF4,0.49844465
4109,CLCC1,0.6990771
4110,RCAN1,0.8212598
4111,ZC3H14,0.8583707
4112,MAN2A2,0.8428555
4113,NAGLU,0.8886654
4114,WWP1,0.77144474
4115,GNPDA1,0.8907009
4116,PSME3,0.89267737
4117,ALG3,0.799562
4118,NECTIN2,0.8376345
4119,PBLD,0.80772775
4120,CIR1,0.7761099
4121,TMEM45A,0.6325732
4122,SPRED1,0.7822431
4123,MRNIP,0.5179001
4124,IFT57,0.7969615
4125,ZNF384,0.7239323
4126,CCDC198,0.74895114
4127,NCOA2,0.79939723
4128,TENT2,0.7746677
4129,SDF2,0.88418156
4130,BRD9,0.8188617
4131,ATP2B1,0.5689838
4132,BTBD3,0.9030586
4133,SEC24B,0.7830343
4134,MICU1,0.8116661
4135,EBPL,0.74606115
4136,SLCO3A1,0.76779765
4137,BRMS1,0.8973579
4138,F13A1,0.5916961
4139,GLIS2,0.76270705
4140,DENND10,0.72685415
4141,ZDHHC3,0.92352587
4142,CTDSPL,0.83180875
4143,DLG5,0.81364346
4144,NUP85,0.8185105
4145,SUGP2,0.62285775
4146,CREBBP,0.7502101
4147,NQO2,0.9178776
4148,CDC27,0.86293405
4149,ROCK2,0.8590944
4150,FAR1,0.83112717
4151,DLC1,0.8787618
4152,EMG1,0.71680474
4153,SUPT7L,0.8571503
4154,HDAC5,0.82784444
4155,GPC1,0.8399481
4156,SLC25A46,0.80635864
4157,ROBO4,0.8341178
4158,RC3H2,0.8173316
4159,NCKAP1L,0.8104298
4160,C2,0.6780519
4161,SERPINF2,0.5679093
4162,C1orf54,0.830906
4163,AKIRIN1,0.7221516
4164,PCNA,0.68689245
4165,ERVK3-1,0.87277526
4166,SASH1,0.8273907
4167,UGT2B7,0.65602386
4168,DDB2,0.5687583
4169,ANKRD13D,0.8472257
4170,RAB34,0.75076914
4171,RHEX,0.768692
4172,PTER,0.80645007
4173,CTSK,0.75064707
4174,ARF5,0.79191333
4175,RARA,0.8143905
4176,ALDH18A1,0.8049722
4177,TSTD1,0.8094285
4178,TSC2,0.89531875
4179,SLFN5,0.64495546
4180,GBE1,0.71208316
4181,SBNO1,0.7922798
4182,PHKG2,0.77717394
4183,SMIM12,0.8140655
4184,SLC66A3,0.68659276
4185,BORCS7,0.827234
4186,OSGIN2,0.83741015
4187,DNAJC1,0.77453357
4188,CDIP1,0.81976956
4189,UBAP1,0.78232867
4190,SNX27,0.77885467
4191,PIGG,0.91758984
4192,C19orf48,0.8317016
4193,SH3D19,0.77258426
4194,TENT4A,0.649279
4195,PKN2,0.87506634
4196,PRKAG2,0.6860504
4197,RBM15B,0.891057
4198,EHMT1,0.8027961
4199,NANS,0.84211826
4200,ITSN1,0.7217192
4201,PTGES2,0.9004473
4202,TRIM47,0.8496918
4203,ZBTB20,0.7529854
4204,ERBIN,0.6788438
4205,PXDC1,0.7696259
4206,VAV3,0.7899866
4207,WDFY3,0.927058
4208,ZSWIM8,0.8821588
4209,DAXX,0.7182481
4210,EXOSC10,0.77438575
4211,POLE3,0.80920434
4212,NUP98,0.73644805
4213,EGLN1,0.6650817
4214,MYD88,0.7216788
4215,ZBED5,0.7804044
4216,EBAG9,0.86605376
4217,TMEM87B,0.69981647
4218,MED29,0.79589224
4219,SPECC1,0.7837611
4220,DESI1,0.7909003
4221,CAMK2D,0.75969726
4222,KAT6A,0.6331282
4223,KIAA1671,0.8938553
4224,FAS,0.71406287
4225,CPEB2,0.8191994
4226,RIPOR1,0.7774078
4227,KDM5A,0.7549893
4228,OCEL1,0.8631231
4229,NES,0.8897498
4230,FPGS,0.80538744
4231,ABCA2,0.8400867
4232,EDEM2,0.6640211
4233,MARVELD1,0.913214
4234,APEH,0.8476916
4235,RALGDS,0.74137336
4236,FPR3,0.7030739
4237,ASCC2,0.8267973
4238,GNL3,0.7594912
4239,SERPINB9,0.576572
4240,GOPC,0.8683166
4241,WDR18,0.6701116
4242,SCO2,0.5852508
4243,DCBLD2,0.7196558
4244,PANK3,0.6756796
4245,AGT,0.7740486
4246,RAVER1,0.8653557
4247,PHRF1,0.76110053
4248,CNIH4,0.58189636
4249,MAPKAP1,0.73095256
4250,PLXNA1,0.8150813
4251,CARD19,0.8633922
4252,ATXN1,0.73213047
4253,UQCC2,0.74537706
4254,TIMM50,0.8033084
4255,PPHLN1,0.79185337
4256,IL17RA,0.73558426
4257,PHF20L1,0.86727005
4258,RXRB,0.79266936
4259,GNG5,0.4472963
4260,METTL3,0.81777495
4261,ADGRL4,0.6707857
4262,BICD1,0.79251224
4263,TCTN3,0.8698971
4264,USP10,0.8994401
4265,PGPEP1,0.75759983
4266,SLC22A18,0.7739341
4267,AP3B1,0.80760384
4268,POGZ,0.8945765
4269,PPP2R5A,0.8394079
4270,EXOSC6,0.841424
4271,FAM160B2,0.8144705
4272,AKTIP,0.8522709
4273,RUFY1,0.8225463
4274,FLI1,0.8157545
4275,ICAM2,0.8538845
4276,CCNB1IP1,0.79638165
4277,TMEM94,0.8518899
4278,CCDC115,0.90663004
4279,KIFAP3,0.83371633
4280,TXNRD1,0.7329483
4281,MYO1E,0.75517005
4282,PDE4D,0.7977562
4283,HERC2,0.9370613
4284,SLC43A3,0.7974035
4285,PIP5K1C,0.8563158
4286,NFKBIZ,0.7234359
4287,TIPRL,0.8294175
4288,CASK,0.6554165
4289,IARS2,0.7019481
4290,IKBKG,0.74990225
4291,PEAK1,0.8278287
4292,ABCG1,0.64509255
4293,HTATSF1,0.85669094
4294,IREB2,0.82578605
4295,TOM1L1,0.90972114
4296,VARS,0.6540246
4297,ARRDC1,0.74969316
4298,SH2B3,0.8513647
4299,MFN1,0.76837635
4300,GNG10,0.7430348
4301,HIPK1,0.77121645
4302,SCFD1,0.78851
4303,SCRN2,0.82056767
4304,DEDD,0.8764806
4305,EMC1,0.8112602
4306,ZMYND11,0.87603325
4307,FAM122B,0.81813365
4308,ADAM17,0.7762041
4309,PAPSS2,0.6555599
4310,P2RX4,0.7935812
4311,UCKL1,0.9171589
4312,SRP54,0.68345195
4313,EEF2K,0.7883509
4314,MYOCOS,0.59866315
4315,ARHGAP9,0.71439487
4316,ATG16L2,0.7477181
4317,DUSP22,0.74810046
4318,SFI1,0.710346
4319,AMPD2,0.6866321
4320,AGTRAP,0.6016045
4321,VASN,0.8088692
4322,STAMBP,0.8254781
4323,CCNG2,0.86266166
4324,CKAP5,0.79456925
4325,HADH,0.8504415
4326,SOS1,0.72582203
4327,XIAP,0.7673352
4328,SENP2,0.7618115
4329,KANK1,0.8187247
4330,ACE,0.71756667
4331,REPIN1,0.8618757
4332,NDUFAF2,0.7958352
4333,SNX14,0.8694661
4334,AGO1,0.8597309
4335,TCEA2,0.90811014
4336,KBTBD2,0.7818437
4337,NSUN2,0.6619118
4338,LACTB2,0.89229345
4339,SGMS1,0.86272216
4340,AGGF1,0.877022
4341,RPRD1B,0.89128995
4342,SLC66A2,0.8525884
4343,PARD6B,0.8815093
4344,N4BP1,0.7784197
4345,PDK1,0.729878
4346,PHKB,0.81548995
4347,ZNRD2,0.8575874
4348,RAB8B,0.59921414
4349,ELK1,0.7481118
4350,PTMA,0.6263097
4351,PDPK1,0.84907967
4352,NT5DC2,0.7931788
4353,SMIM10L1,0.6763765
4354,MRI1,0.75843865
4355,CD82,0.71511406
4356,SPRYD3,0.83654577
4357,TASOR2,0.8335714
4358,USP16,0.5992238
4359,FTL,0.8489391
4360,EVA1B,0.78037244
4361,PCNX1,0.6734026
4362,RNF141,0.83155483
4363,ALG12,0.8756973
4364,TPRKB,0.84330726
4365,ANK3,0.8100324
4366,TP53INP2,0.7604022
4367,NAGA,0.82990915
4368,BOD1L1,0.863414
4369,GFPT1,0.7559839
4370,TFEC,0.84837645
4371,ZFPL1,0.8674448
4372,ANKRD12,0.75285786
4373,NFKB1,0.80996823
4374,TMEM14A,0.9023333
4375,AEBP2,0.751678
4376,RAB3GAP2,0.8285489
4377,DPYD,0.776675
4378,ERBB3,0.90647644
4379,BRD8,0.9357819
4380,PTPRE,0.7133348
4381,RFC1,0.87122697
4382,RCOR3,0.75946575
4383,ZNF330,0.8626463
4384,EEA1,0.7986863
4385,THRA,0.81161165
4386,NCK1,0.7811208
4387,GEM,0.7961455
4388,SEMA3C,0.63075304
4389,KCNAB2,0.7330547
4390,JOSD1,0.7970057
4391,UXS1,0.76477975
4392,RSPRY1,0.8252471
4393,PROCR,0.721829
4394,ZSCAN18,0.80096126
4395,FOXN2,0.68657255
4396,DMTN,0.8870578
4397,GATAD2B,0.818518
4398,CCDC82,0.77350783
4399,C11orf1,0.85066456
4400,AAAS,0.7471792
4401,GRPEL1,0.71089166
4402,RCBTB2,0.86558217
4403,GCLM,0.71936345
4404,IL6R,0.66050917
4405,PSMD6,0.7727678
4406,SLC47A1,0.73349696
4407,NUDT22,0.74888223
4408,SLC16A4,0.72187513
4409,TMEM41B,0.8754366
4410,NUP50,0.7129527
4411,DDX27,0.70359063
4412,DCXR,0.7965986
4413,TOR3A,0.8095556
4414,RRM2B,0.6858489
4415,RASA2,0.5544784
4416,CERS5,0.7671749
4417,ASCC3,0.74125695
4418,CYTIP,0.74338084
4419,PSMG3,0.86651164
4420,UBR3,0.8498206
4421,PHYH,0.8572128
4422,SLC50A1,0.68106014
4423,SPG7,0.57643765
4424,PRELP,0.81355816
4425,STARD13,0.7601264
4426,ZNF276,0.7282509
4427,KEAP1,0.8136051
4428,BDP1,0.80487704
4429,LAS1L,0.8400579
4430,HERPUD2,0.7924237
4431,SEC22C,0.88462543
4432,RBMS1,0.6893837
4433,ARHGEF6,0.7704776
4434,ARL4A,0.67804456
4435,KIF12,0.7929694
4436,COG4,0.7471395
4437,FOPNL,0.92725563
4438,PIK3AP1,0.7951885
4439,CCAR2,0.83873034
4440,YPEL2,0.6885936
4441,RBM22,0.7741067
4442,AK1,0.9123017
4443,SCRIB,0.7849962
4444,SLC31A2,0.7146137
4445,DOCK2,0.67708915
4446,EDC4,0.80257297
4447,ALYREF,0.38825157
4448,FEZ2,0.8645436
4449,UTP4,0.8732876
4450,ERGIC2,0.64770156
4451,GALNT10,0.74263436
4452,VKORC1L1,0.78842086
4453,SLPI,0.43076757
4454,P4HTM,0.858839
4455,PPP5C,0.85850996
4456,PSPC1,0.701482
4457,ZNF410,0.802161
4458,HCST,0.84853226
4459,MTUS1,0.8232541
4460,GPATCH8,0.8520859
4461,SMPD1,0.81182796
4462,GJC1,0.8858927
4463,SEC23B,0.7295992
4464,DFFA,0.79346544
4465,MON1B,0.8633707
4466,DYNLT3,0.77876425
4467,TRMT2A,0.7808822
4468,PCYT1A,0.692375
4469,MROH1,0.79487425
4470,DCAF11,0.8936984
4471,EIF2AK4,0.668587
4472,EIF3F,0.5250288
4473,XRN1,0.63596445
4474,RPA1,0.7672367
4475,PCF11,0.785564
4476,WDR55,0.83040637
4477,RABGAP1,0.7995028
4478,ARFIP2,0.8443679
4479,SGK3,0.7974028
4480,SLC4A4,0.922429
4481,SLC35B3,0.78909534
4482,EMILIN2,0.7906186
4483,SRCAP,0.853928
4484,PDCL3,0.7646772
4485,ITSN2,0.7988031
4486,PARP12,0.71247035
4487,C5AR1,0.47980213
4488,ADAMTS2,0.9415005
4489,USE1,0.88420606
4490,FGFR1OP,0.8663037
4491,TM2D2,0.83745056
4492,ABI2,0.9188082
4493,DROSHA,0.79868585
4494,RYBP,0.78021926
4495,UHRF2,0.66535354
4496,HMGXB3,0.7483174
4497,SNCG,0.6899374
4498,CHFR,0.7470386
4499,MTERF4,0.81934434
4500,SZT2,0.827961
4501,HIP1R,0.78674704
4502,USP40,0.7942391
4503,CD84,0.78720766
4504,POLR3H,0.816267
4505,PGM3,0.47599986
4506,EPC1,0.7010042
4507,IPO9,0.83374757
4508,NADK,0.7116323
4509,CYB561A3,0.7879615
4510,FAM168B,0.89082235
4511,STRADB,0.7926879
4512,RNF185,0.84862787
4513,GPN1,0.7753122
4514,RHOBTB3,0.55234605
4515,IFT22,0.9292772
4516,CFAP298,0.8835109
4517,CNOT3,0.85231715
4518,OLFML3,0.6928458
4519,SMIM19,0.89755636
4520,KIAA1217,0.8180906
4521,ATF5,0.70437425
4522,ABL1,0.8334425
4523,SART3,0.8634239
4524,LMBR1L,0.82412523
4525,PRDM1,0.8470965
4526,PDGFC,0.7498467
4527,STAM2,0.8785172
4528,SMC4,0.8354535
4529,ACKR3,0.7071216
4530,SLC25A32,0.6571029
4531,DIP2C,0.9012809
4532,WWP2,0.8899409
4533,CSTF3,0.7878313
4534,SACM1L,0.87651706
4535,RTF1,0.90436786
4536,MYO5A,0.8468749
4537,DVL1,0.8271451
4538,TYMS,0.84850854
4539,ZFHX3,0.9239905
4540,VLDLR,0.7848847
4541,MAN1A2,0.7622969
4542,FAM110C,0.9048092
4543,SNTB2,0.8060425
4544,BCS1L,0.8226454
4545,CREB1,0.712488
4546,VPS45,0.8051968
4547,MYO1F,0.88132876
4548,KDM6B,0.620995
4549,HPRT1,0.7321639
4550,ZBED1,0.740385
4551,TPRA1,0.8131849
4552,ARL16,0.87414235
4553,FAM168A,0.8710074
4554,MMAB,0.95922256
4555,DBNDD2,0.8210876
4556,PAXBP1,0.7686358
4557,PIGP,0.9014004
4558,ABHD16A,0.8287217
4559,HOMER3,0.8575135
4560,TBC1D5,0.7951228
4561,SNAP29,0.805569
4562,PURA,0.7601777
4563,MPZL2,0.67487437
4564,PLK2,0.84552526
4565,CHPT1,0.8426896
4566,SESN1,0.67519206
4567,SLFN11,0.6512723
4568,NCAPH2,0.8769617
4569,DGKD,0.694298
4570,RPF2,0.7541404
4571,GON4L,0.88250726
4572,FNBP1L,0.8864868
4573,NR1H3,0.7190103
4574,KCNJ15,0.69680756
4575,TPST2,0.76466227
4576,FBXO11,0.86545235
4577,SCAMP1,0.67540264
4578,PDE8A,0.87406874
4579,FBXL17,0.84721905
4580,WEE1,0.64689684
4581,LCOR,0.8391075
4582,PHF3,0.72865766
4583,TPRG1L,0.7775626
4584,POGLUT3,0.88302857
4585,PEX19,0.7551517
4586,THAP4,0.85429996
4587,TTC31,0.82406116
4588,PELO,0.8891816
4589,ENTPD4,0.8361106
4590,ITIH5,0.69781595
4591,ZNF292,0.7215471
4592,PRKX,0.7155071
4593,SAMM50,0.9041756
4594,TRRAP,0.8226342
4595,SLC28A1,0.8890941
4596,MPLKIP,0.68172187
4597,NSD2,0.70207167
4598,ELF2,0.8747854
4599,PITPNC1,0.73872584
4600,GPATCH2L,0.7254701
4601,ATXN7L3,0.865108
4602,OAT,0.72235066
4603,SPOP,0.8062543
4604,ADCY6,0.86295104
4605,MERTK,0.74790746
4606,FMNL1,0.6068431
4607,KIAA0232,0.78214043
4608,ALDH3B1,0.6652307
4609,PPP2R5E,0.8541412
4610,ARHGEF10,0.7321887
4611,AMOTL2,0.5926934
4612,FBXO21,0.8963959
4613,UBFD1,0.83746785
4614,MYO19,0.8551173
4615,MPI,0.8165526
4616,TSR2,0.8364992
4617,TSPAN13,0.5498083
4618,PPP1R16A,0.844282
4619,PHACTR4,0.8720121
4620,SFMBT2,0.6154078
4621,ABTB1,0.78249234
4622,GOT1,0.7982538
4623,COL12A1,0.88203305
4624,GGA3,0.78034633
4625,NCOA1,0.82144874
4626,ATG9A,0.77536845
4627,ABCD4,0.94263285
4628,SHOC2,0.8492666
4629,GPX8,0.6699303
4630,PSMD9,0.78273773
4631,GGCX,0.8342469
4632,ANO1,0.76332426
4633,KRCC1,0.76241416
4634,CEP350,0.7841189
4635,PRKCH,0.6386829
4636,ATG16L1,0.6779943
4637,JAGN1,0.8463215
4638,ST14,0.48447016
4639,SRSF8,0.7510869
4640,FARSA,0.8319962
4641,UBE2L3,0.6880097
4642,SRF,0.8288849
4643,FGD2,0.7120397
4644,SFSWAP,0.8096536
4645,SLC25A24,0.715317
4646,POM121C,0.6554383
4647,SECISBP2,0.82031757
4648,AFTPH,0.77683854
4649,NOC2L,0.73619753
4650,SPINK13,0.7756569
4651,NUP214,0.8897247
4652,SORBS2,0.7983516
4653,STK40,0.7841132
4654,TSPAN33,0.6616067
4655,SSH1,0.8463668
4656,MGMT,0.78301615
4657,TNFAIP1,0.9053218
4658,KIF3B,0.895575
4659,JADE2,0.7219362
4660,SMC5,0.7669861
4661,MBD3,0.75240296
4662,TNKS,0.7364432
4663,UBR1,0.67924
4664,PAPLN,0.6355816
4665,MBD1,0.9213844
4666,ANKRD40,0.9168844
4667,TRNAU1AP,0.8148625
4668,PPP3R1,0.5316262
4669,MYO10,0.9147411
4670,RAB11FIP5,0.8708267
4671,MARK2,0.7806801
4672,SMAD3,0.82245857
4673,RALGAPB,0.7084102
4674,SNAPC3,0.77369213
4675,SLC30A5,0.71061033
4676,NPRL3,0.7625534
4677,WWC1,0.75692654
4678,SCAMP4,0.92498523
4679,AGAP1,0.9088492
4680,CARM1,0.7590575
4681,MAP3K7CL,0.62458986
4682,NUP160,0.87959266
4683,JMJD6,0.7375608
4684,TELO2,0.82350713
4685,ATXN2,0.85119194
4686,DNTTIP1,0.6709611
4687,OSBPL10,0.71800476
4688,ZPR1,0.76207376
4689,BOLA3,0.8036583
4690,CD58,0.55732614
4691,IGSF8,0.8857936
4692,DAP3,0.622748
4693,TBL1X,0.77441573
4694,ZBTB7B,0.6566222
4695,MAP4K5,0.90435547
4696,PIGC,0.84081775
4697,CLPX,0.84708744
4698,B4GAT1,0.78133816
4699,ENGASE,0.82889384
4700,HAUS4,0.8933067
4701,ITPR2,0.80204654
4702,RPRD1A,0.8386226
4703,EAPP,0.8264021
4704,BMS1,0.8305463
4705,EDN1,0.5544873
4706,TMEM101,0.8257846
4707,WDTC1,0.88247305
4708,NDRG3,0.65023905
4709,DGLUCY,0.8752304
4710,MEGF6,0.50009865
4711,SLCO2A1,0.56359905
4712,FRYL,0.8083691
4713,AASDHPPT,0.85783815
4714,METTL17,0.912646
4715,VRK3,0.8205982
4716,DOCK4,0.74670315
4717,HIST1H2AC,0.87101954
4718,ABCC5,0.73799115
4719,COQ8B,0.82482195
4720,AIFM1,0.94285864
4721,HDGFL3,0.8695781
4722,PARM1,0.7475533
4723,TMEM98,0.724081
4724,STRN3,0.70112157
4725,SIRPA,0.69493943
4726,CCL4,0.54771847
4727,NASP,0.72647864
4728,ID4,0.7563948
4729,SIAE,0.81844324
4730,PDK3,0.6826337
4731,PDGFB,0.83268356
4732,ARID4A,0.7170839
4733,OSGEP,0.8850691
4734,ODF2L,0.7061396
4735,DZIP1,0.8031067
4736,TTC9C,0.8417783
4737,RAB3IP,0.6743241
4738,CLDN4,0.7275322
4739,PPIL4,0.7890132
4740,MT1G,0.58737844
4741,TEX264,0.8624666
4742,MTREX,0.6721141
4743,LIMD1,0.81648916
4744,PDE10A,0.66355914
4745,PNP,0.83478254
4746,PPP2R3C,0.7343199
4747,SNRNP25,0.8179702
4748,SGSM3,0.80851465
4749,DNAJB14,0.83377576
4750,ST8SIA4,0.6731677
4751,ARL3,0.8557635
4752,ORC4,0.93959695
4753,BLOC1S5,0.8370932
4754,C2orf68,0.92988294
4755,CS,0.6908094
4756,YAF2,0.789717
4757,DPCD,0.9265973
4758,CDK12,0.81026345
4759,MTMR2,0.84764004
4760,TWF2,0.8353551
4761,ADIPOR2,0.82500035
4762,JAM3,0.85530823
4763,NPHP3,0.6348143
4764,C11orf68,0.7378188
4765,ZFYVE27,0.8501764
4766,FMOD,0.63972914
4767,TMF1,0.6350482
4768,JKAMP,0.815525
4769,CCDC57,0.84052515
4770,ZNF644,0.7349708
4771,GARS,0.7725606
4772,ABCC4,0.7905658
4773,ACP5,0.38478622
4774,RPP21,0.8234928
4775,MAML2,0.77029604
4776,PRR14,0.8722877
4777,FGR,0.73148435
4778,SLC12A9,0.819635
4779,SLC31A1,0.7020867
4780,DGKA,0.72180504
4781,ZNF277,0.72778344
4782,ARHGAP29,0.7944479
4783,RECQL,0.74560267
4784,ZCCHC7,0.5489288
4785,SMAD5,0.81673187
4786,ZHX2,0.7203665
4787,MLKL,0.7430231
4788,GTF2H1,0.824071
4789,GALM,0.71995926
4790,ACYP2,0.8066353
4791,KDM3A,0.65268975
4792,ECSIT,0.8828046
4793,SIGLEC10,0.6510271
4794,PFDN6,0.8543186
4795,ITGB4,0.71305275
4796,AKAP10,0.82154375
4797,NCOA6,0.7191723
4798,TIMM10B,0.61781776
4799,VPS54,0.87445134
4800,MALSU1,0.87380576
4801,FBXO44,0.7182534
4802,PIGQ,0.8265419
4803,UBE2W,0.76637626
4804,CHCHD7,0.7549326
4805,ISLR,0.88278604
4806,ACOT13,0.883802
4807,PLSCR3,0.8322947
4808,ACSL5,0.7275292
4809,CD248,0.7732634
4810,ZDHHC24,0.73424834
4811,MMP9,0.44821617
4812,AMOTL1,0.8895069
4813,OBSCN,0.82391596
4814,FABP6,0.79918855
4815,TBC1D9,0.69087654
4816,ZNF280D,0.8139047
4817,GTF3C2,0.90370566
4818,ANTKMT,0.7846164
4819,METTL23,0.71083397
4820,MAGEF1,0.7943855
4821,INTS8,0.77110344
4822,ELP5,0.8264923
4823,ENDOD1,0.7737138
4824,MAPRE2,0.6665091
4825,CDC42EP4,0.6863785
4826,MPDU1,0.90214795
4827,TMEM181,0.74628615
4828,PITHD1,0.5790285
4829,NSF,0.74078566
4830,MAFK,0.851705
4831,UBC,0.7129682
4832,GBP5,0.56606346
4833,SRPRB,0.8320616
4834,GET1,0.8393244
4835,NKIRAS2,0.7942586
4836,KIAA1522,0.91446614
4837,REXO1,0.8881545
4838,PREX2,0.67516834
4839,C1RL,0.7531554
4840,PWWP3A,0.8822269
4841,CMTM7,0.6879855
4842,KPNA1,0.6776503
4843,COL14A1,0.8590041
4844,FAM207A,0.8598185
4845,GNL2,0.678298
4846,MTFP1,0.6886392
4847,S100PBP,0.72299486
4848,CDR2,0.6873341
4849,MED16,0.7692453
4850,ZNF598,0.82636553
4851,ANAPC4,0.8246326
4852,BCCIP,0.78257823
4853,CGNL1,0.47326627
4854,HDHD2,0.9126212
4855,HTRA2,0.7558303
4856,PSME4,0.7730255
4857,PNCK,0.71724194
4858,MIA3,0.69793725
4859,FGFRL1,0.83991987
4860,FOXO1,0.74094003
4861,COMMD3,0.6517534
4862,TMED1,0.9115982
4863,FBXO42,0.6511467
4864,PHC1,0.88411903
4865,SLC39A10,0.8163819
4866,RRAS2,0.8831137
4867,SIGMAR1,0.67538756
4868,PBRM1,0.8334634
4869,HDAC10,0.7485285
4870,PLBD1,0.6232528
4871,MTA3,0.76044875
4872,TTLL3,0.84195065
4873,PLCG2,0.51692957
4874,EDIL3,0.5406778
4875,ETFRF1,0.78819627
4876,VPS26C,0.89598465
4877,YTHDF1,0.6100501
4878,SUDS3,0.75838953
4879,RASD1,0.70271635
4880,GOLPH3L,0.909638
4881,MALL,0.6984299
4882,TLR3,0.8741994
4883,DEDD2,0.64205337
4884,THBD,0.7582435
4885,USP12,0.65545344
4886,LRCH3,0.693645
4887,SIAH2,0.53354484
4888,SEC24A,0.75196916
4889,ATF7,0.84730715
4890,PRKRA,0.781612
4891,ACAP3,0.68225765
4892,SAA1,0.51160806
4893,TMCC1,0.7625808
4894,UPF2,0.7374684
4895,HPS3,0.7616237
4896,MCUR1,0.81730586
4897,FAF1,0.8069773
4898,SMAD7,0.8714257
4899,RNF170,0.9169341
4900,MACO1,0.7352831
4901,REPS2,0.7502907
4902,PLN,0.6759171
4903,TMEM185B,0.755877
4904,NFAT5,0.69014794
4905,RPAIN,0.87557286
4906,VCPIP1,0.65469
4907,THOC5,0.8327014
4908,IGFBP2,0.49516132
4909,ATMIN,0.79832816
4910,B4GALT7,0.81318927
4911,MTMR10,0.8078653
4912,ITPRIP,0.78775567
4913,KAT7,0.8089404
4914,RNASEH2B,0.73608327
4915,CUL7,0.7655394
4916,LRCH1,0.7795443
4917,RAB24,0.85159206
4918,PPP4R1,0.8299525
4919,MLST8,0.6580815
4920,DDX19A,0.84804446
4921,APBB3,0.595548
4922,FAM126B,0.7564381
4923,S1PR1,0.7625157
4924,HEXD,0.79509336
4925,ATP2A3,0.9038175
4926,ZNF248,0.5769669
4927,TRMU,0.7929999
4928,EHBP1,0.7598428
4929,IDUA,0.7913905
4930,CLDN7,0.7274788
4931,TTC39B,0.7397187
4932,TSC22D2,0.7337043
4933,TWSG1,0.8418122
4934,SPR,0.95752144
4935,PNMA2,0.7176349
4936,NMRK1,0.66296816
4937,RFFL,0.72375506
4938,CCL2,0.6537299
4939,CCNK,0.8050811
4940,SPAG4,0.79302555
4941,TFCP2,0.8258905
4942,SAP30L,0.8479905
4943,CPSF4,0.84087116
4944,ICE2,0.7919557
4945,PPP1R37,0.82120913
4946,ARNT,0.8205709
4947,USP48,0.7480829
4948,TMEM70,0.6236284
4949,SYNRG,0.7687172
4950,CFL2,0.7737588
4951,SLC16A12,0.49238923
4952,SENP5,0.77589065
4953,AKAP1,0.7779322
4954,SIRT7,0.7718251
4955,NDST2,0.7167184
4956,MECP2,0.87127995
4957,PRKAR2A,0.866234
4958,ADCY3,0.8357952
4959,ANKS1A,0.8523347
4960,VPS37B,0.8087391
4961,GPC6,0.7285245
4962,ZNF32,0.8787632
4963,SEC16A,0.8408463
4964,ZDHHC16,0.71463346
4965,HIF1AN,0.8426241
4966,SOX13,0.82543117
4967,COPS3,0.8791762
4968,DGCR8,0.8679898
4969,NIBAN1,0.8484351
4970,ATG101,0.87939936
4971,EVI2A,0.7063508
4972,GTF3C3,0.84890705
4973,MR1,0.74422604
4974,PAIP1,0.82173896
4975,ASNSD1,0.7801637
4976,PPP2R2D,0.89295954
4977,KIF13A,0.8459552
4978,BOP1,0.8023584
4979,SEMA5B,0.82500577
4980,BCAT2,0.8828532
4981,IFT80,0.7572134
4982,AVL9,0.8357844
4983,BTBD6,0.91455626
4984,MCCC2,0.89028287
4985,ACMSD,0.8189594
4986,VAMP7,0.84763724
4987,SMNDC1,0.78594047
4988,ZMAT3,0.65924096
4989,GLIPR2,0.85911375
4990,SETD2,0.818005
4991,GMPPA,0.64669925
4992,FBP1,0.40075564
4993,USB1,0.7660072
4994,LIMCH1,0.771415
4995,SGCE,0.68458754
4996,GOLGA5,0.78861254
4997,FBXO22,0.8168928
4998,CD70,0.79021907
4999,BHMT,0.6171602
5000,EMC6,0.6263889
5001,ATF6B,0.68597627
5002,TOR1A,0.8151627
5003,AZI2,0.7334292
5004,DMWD,0.77864796
5005,SIPA1L1,0.7982168
5006,MTA2,0.674802
5007,TCTA,0.7820893
5008,NOB1,0.8172056
5009,AHNAK2,0.61250085
5010,WDR34,0.8344045
5011,GPR137,0.8437882
5012,CCDC88B,0.6724453
5013,FMC1,0.8661511
5014,MANBA,0.71401113
5015,UBN1,0.87460876
5016,VPS53,0.72950107
5017,CTNNBIP1,0.6816602
5018,PCNX2,0.6080819
5019,AP5Z1,0.8299162
5020,PAGR1,0.8999562
5021,ANKFY1,0.79849887
5022,PFKM,0.9062347
5023,HAAO,0.85027176
5024,DGAT1,0.73684263
5025,SLC39A11,0.6792032
5026,HERC1,0.7009719
5027,CCNT2,0.77617335
5028,RAB22A,0.7716599
5029,VBP1,0.81377083
5030,NUP42,0.75462335
5031,UCHL5,0.76498
5032,PPP1R21,0.7013876
5033,RBM10,0.75298333
5034,MED8,0.77497107
5035,PTPRK,0.7558744
5036,SEC23IP,0.7666686
5037,COA5,0.807045
5038,LAMB3,0.63761955
5039,BBS2,0.8565318
5040,APMAP,0.482482
5041,PPME1,0.72769576
5042,NEFL,0.46747696
5043,FKBP15,0.7807443
5044,DRG2,0.8072271
5045,ABCE1,0.7006653
5046,PPTC7,0.71995384
5047,SEPHS1,0.80035645
5048,COMMD1,0.87927
5049,WRNIP1,0.9064019
5050,SMIM14,0.764949
5051,HINT2,0.8602074
5052,CDK9,0.845963
5053,ZNF609,0.7712143
5054,EIF2AK3,0.7078474
5055,WDR90,0.8769029
5056,FNIP1,0.7266304
5057,HEATR1,0.74842525
5058,BTG3,0.7030677
5059,TSEN34,0.91019756
5060,RRM1,0.8739919
5061,SEPTIN1,0.692475
5062,LXN,0.5706008
5063,TRIM13,0.8301057
5064,CDC5L,0.7331756
5065,ZNF512,0.874191
5066,THAP11,0.78965217
5067,SPNS2,0.84945995
5068,RCC1L,0.8632302
5069,WASHC2C,0.7242721
5070,KIF13B,0.75946885
5071,RERG,0.7248764
5072,MYH10,0.83183545
5073,AUTS2,0.73102784
5074,UBE2V2,0.714457
5075,FOXK1,0.67368555
5076,PLPBP,0.85723776
5077,FAM192A,0.6516819
5078,PAF1,0.8633177
5079,CLN8,0.6347159
5080,BID,0.7497857
5081,WDR46,0.75102097
5082,TRIM41,0.85249424
5083,MSANTD3,0.53986853
5084,NNT,0.6212464
5085,DCAF16,0.7422257
5086,TCIM,0.7095365
5087,NR1H4,0.72704023
5088,FBXO28,0.8130734
5089,OSBPL2,0.8482297
5090,CBR4,0.8059592
5091,MCCC1,0.7788329
5092,KIAA1109,0.805984
5093,KLHL12,0.915514
5094,ZDHHC2,0.8004062
5095,MAP1LC3A,0.8473492
5096,FAM193A,0.7643481
5097,PTRHD1,0.7488818
5098,HMGA1,0.6473531
5099,CCDC84,0.8214516
5100,C12orf49,0.80419415
5101,BFAR,0.7872432
5102,NAT14,0.70414114
5103,KIAA0355,0.9026126
5104,DOK4,0.9001724
5105,FADS2,0.6071782
5106,ERLIN2,0.8579225
5107,DMPK,0.6655465
5108,NUDCD2,0.67987174
5109,PTPN9,0.6979453
5110,THUMPD1,0.6921039
5111,OXLD1,0.79937583
5112,NCBP3,0.7518974
5113,ZBTB10,0.7247476
5114,TMC8,0.6947344
5115,ZCCHC17,0.7212606
5116,HPS1,0.77126884
5117,ADAMTS10,0.7266112
5118,TOMM40,0.74538
5119,DIP2A,0.6189927
5120,TRIB1,0.5135389
5121,NAAA,0.6680062
5122,MOAP1,0.7918766
5123,PIK3R3,0.8409807
5124,ZNF592,0.8703353
5125,PIAS1,0.67734426
5126,AFAP1,0.8388879
5127,TMC6,0.67189604
5128,RGL1,0.6252851
5129,CLMN,0.8677904
5130,GTF2F2,0.7908411
5131,CUL5,0.85049635
5132,ATG7,0.74770135
5133,P3H4,0.6760829
5134,SYS1,0.65351695
5135,FBXO3,0.8576355
5136,MFAP4,0.63391805
5137,STK38L,0.78091043
5138,GCLC,0.6581505
5139,GTF2H5,0.81248766
5140,PCIF1,0.82216835
5141,JOSD2,0.7595703
5142,CLUH,0.8402148
5143,MYO9A,0.73219496
5144,SMIM29,0.77336806
5145,KIAA1143,0.8508833
5146,MZF1,0.89226556
5147,CASP8,0.70311403
5148,QDPR,0.85125595
5149,IDO1,0.44348893
5150,MRTO4,0.7309293
5151,FBRSL1,0.7914279
5152,KRI1,0.82359886
5153,COMMD10,0.7068626
5154,SRGAP1,0.8462031
5155,FAM120B,0.8138129
5156,NR2C1,0.7515583
5157,KCNJ8,0.7126284
5158,NT5DC1,0.81258774
5159,RASA3,0.62388533
5160,ACTB,0.8735664
5161,XYLT2,0.84195566
5162,TCEA1,0.44093397
5163,BTN2A1,0.6834245
5164,CES4A,0.72744566
5165,KHNYN,0.74918467
5166,CCDC59,0.71203303
5167,GTF3C5,0.85808975
5168,TRAF4,0.8442498
5169,ICAM3,0.7642583
5170,CPPED1,0.8989701
5171,PTK2B,0.8251942
5172,CHMP7,0.60464054
5173,NOL10,0.8214128
5174,MAP2K4,0.8011101
5175,FCGR2B,0.70352334
5176,TASOR,0.77715325
5177,SIK2,0.73287314
5178,ALG2,0.8713074
5179,SP110,0.6902682
5180,DERL3,0.8879269
5181,SFRP2,0.6103429
5182,TUT4,0.6546579
5183,EZH1,0.8336725
5184,NLK,0.77852947
5185,ATXN1L,0.8475477
5186,DCUN1D3,0.8004462
5187,CYGB,0.69410115
5188,BBOX1,0.7859537
5189,TLE3,0.7229549
5190,MAPKAPK3,0.77775687
5191,PGGT1B,0.8184531
5192,RANBP9,0.8014172
5193,STARD10,0.8583819
5194,DCP2,0.6516464
5195,FAM20B,0.6958883
5196,MFNG,0.71379733
5197,ABCF1,0.75786144
5198,VAC14,0.7829954
5199,GUCY1B1,0.75396585
5200,XPO7,0.82656616
5201,PAN2,0.833808
5202,UBQLN4,0.8182389
5203,RAPGEF5,0.8671918
5204,UBE4B,0.8974173
5205,LDLRAD4,0.78691196
5206,SYBU,0.67928886
5207,SVIP,0.84196424
5208,C19orf12,0.8505499
5209,TTC19,0.72773194
5210,CEBPG,0.8303919
5211,SULT1A1,0.8069599
5212,ZMYM4,0.8838422
5213,ENTR1,0.7864175
5214,PSKH1,0.8017238
5215,PGP,0.70728403
5216,PEX11B,0.8689015
5217,CRIPT,0.85483366
5218,SFXN4,0.75247484
5219,TRIM4,0.73485136
5220,CAPN15,0.7936373
5221,DNAJB4,0.504751
5222,RUFY2,0.66750926
5223,ADAMTS9,0.78630227
5224,ACO1,0.8557289
5225,ST3GAL1,0.76995325
5226,RGS19,0.650677
5227,BRAT1,0.82176095
5228,MPHOSPH10,0.808225
5229,SLC35E2B,0.7094739
5230,NRSN2,0.8617537
5231,DPF2,0.81072235
5232,SLC22A17,0.8246941
5233,RPRD2,0.8231899
5234,IMMP2L,0.8055263
5235,MTMR4,0.7898347
5236,ACAD9,0.7906242
5237,UBLCP1,0.8182912
5238,ZNF195,0.69642776
5239,ITGA7,0.8022948
5240,UBAC1,0.8501784
5241,WDR74,0.6626238
5242,RASAL2,0.8873355
5243,UNC5B,0.82114357
5244,FRMD4B,0.8140604
5245,GSE1,0.8001608
5246,IER5,0.6893819
5247,DCK,0.5078216
5248,HEXIM1,0.7733945
5249,CDK7,0.83844495
5250,DESI2,0.79876924
5251,SRC,0.7821672
5252,PPP3CC,0.67896247
5253,ANKRD52,0.82813764
5254,DDX19B,0.79880184
5255,CLDN1,0.7252744
5256,LMO2,0.82847565
5257,MAP2K7,0.8967159
5258,HIST1H4H,0.5708625
5259,POLR3C,0.7852461
5260,B2M,0.691236
5261,AOC1,0.5513612
5262,TAF1C,0.7262523
5263,IL18BP,0.76880985
5264,COG1,0.81965274
5265,RFXANK,0.7381324
5266,GTPBP4,0.8651409
5267,IRF2,0.66841024
5268,PLXNB1,0.8540835
5269,MITF,0.74640995
5270,GFM1,0.82411164
5271,PRKCI,0.66638416
5272,RBMX2,0.79697555
5273,THAP7,0.7673959
5274,VIRMA,0.7592345
5275,MAP3K7,0.8102165
5276,PLEK,0.73063725
5277,YES1,0.78259754
5278,HELZ,0.7534786
5279,SLC4A1AP,0.69926363
5280,FZR1,0.8342295
5281,PCNX4,0.8179681
5282,MEF2C,0.84260553
5283,ANKRD44,0.7081714
5284,FTSJ3,0.9022448
5285,WIPI1,0.7314586
5286,RANGAP1,0.72620755
5287,APOBEC3G,0.54682
5288,LRBA,0.7463395
5289,RGS12,0.8403516
5290,PYGO2,0.8533979
5291,BBIP1,0.8336033
5292,CHKA,0.63552386
5293,RSF1,0.8101671
5294,NR2F6,0.7786544
5295,PTS,0.80283666
5296,ZNF800,0.50340354
5297,CLDN12,0.8057315
5298,DNAJC2,0.7426832
5299,MITD1,0.79535794
5300,CHMP6,0.90322804
5301,DMAC2,0.81302935
5302,MVK,0.87429595
5303,TBC1D4,0.8320437
5304,FHOD1,0.8705602
5305,MTFR1,0.84829664
5306,CLASP2,0.82449895
5307,TRPM4,0.80986935
5308,ATRN,0.88063115
5309,TRIM52,0.74310035
5310,LRMDA,0.7391732
5311,NBAS,0.7758918
5312,G6PD,0.8049588
5313,SYNCRIP,0.48199698
5314,JAG2,0.75721145
5315,TRIM14,0.60903746
5316,ZNF740,0.69550127
5317,DTD1,0.81251144
5318,HNF1B,0.8879096
5319,E4F1,0.8090995
5320,CYP3A5,0.78135246
5321,MVB12A,0.85212475
5322,COASY,0.70790344
5323,MYCBP2,0.7711277
5324,SNRPE,0.33947778
5325,SMC3,0.8572083
5326,HIP1,0.89368814
5327,BBS1,0.86729544
5328,PMS2,0.84005827
5329,CHD6,0.6562921
5330,POLR3D,0.76723766
5331,ASCC1,0.81393313
5332,LBR,0.6061825
5333,FAM174A,0.7244289
5334,RC3H1,0.8352592
5335,KCTD9,0.58997744
5336,ZFP90,0.80626875
5337,CORO7,0.73274714
5338,SAV1,0.81200224
5339,NAE1,0.85465026
5340,VPS13B,0.5589834
5341,C11orf24,0.8087797
5342,KDM5B,0.82907563
5343,G0S2,0.42340764
5344,TCOF1,0.76585525
5345,RNF123,0.7447168
5346,PIGR,0.37044922
5347,VPS11,0.8645491
5348,RRP36,0.8769288
5349,EIF2S2,0.45820144
5350,SBDS,0.6308333
5351,CITED4,0.85386854
5352,ZNF622,0.7880828
5353,GGH,0.6746485
5354,RUSC1,0.73339224
5355,TXNDC9,0.83895165
5356,CRLF3,0.6991797
5357,PPAN,0.7802643
5358,IRAK3,0.6314592
5359,SCAF1,0.8318139
5360,ARHGAP25,0.6827297
5361,LOXL1,0.75988454
5362,CLTRN,0.687866
5363,YBX1,0.34337214
5364,ULK3,0.8092358
5365,HDGFL2,0.9072408
5366,KIFC2,0.8543263
5367,SRRM1,0.6862026
5368,RNF34,0.8206041
5369,CHST12,0.8478194
5370,IDH3A,0.84683913
5371,CDK14,0.65927184
5372,MSL2,0.5271544
5373,SNX7,0.8410819
5374,HMGCL,0.7916105
5375,WWC2,0.903776
5376,GCA,0.7217439
5377,FH,0.8688515
5378,KAT8,0.77182347
5379,KDM4C,0.71629685
5380,SBF2,0.9156165
5381,SP140L,0.60782164
5382,MRVI1,0.80525
5383,PISD,0.8683341
5384,CEP95,0.9189002
5385,CCDC69,0.70601684
5386,NEURL1B,0.68095034
5387,OFD1,0.59372395
5388,AP3M1,0.77195185
5389,CDH13,0.7411227
5390,RARS2,0.76123214
5391,TAF1D,0.4511318
5392,ZC3H7B,0.88461375
5393,IFT43,0.9590282
5394,HIST1H4C,0.46914506
5395,ARFGEF1,0.75485677
5396,DEF6,0.784796
5397,RNASEH1,0.8158247
5398,ABCB6,0.71503705
5399,TMEM126A,0.8592544
5400,MRGBP,0.85264426
5401,GMIP,0.7460818
5402,VAV2,0.7973125
5403,FAM98B,0.8656154
5404,LMAN2L,0.81925577
5405,PIGF,0.78549486
5406,RB1CC1,0.7296961
5407,UFSP2,0.8557329
5408,FBXO25,0.7465803
5409,URGCP,0.83133715
5410,AOPEP,0.8501404
5411,TRAPPC6B,0.81345654
5412,COQ5,0.9124275
5413,THBS3,0.79789996
5414,EHHADH,0.7365205
5415,B4GALT2,0.7091659
5416,LSM14B,0.8699582
5417,UTP3,0.90876126
5418,SYDE1,0.8360495
5419,ADCY7,0.69848084
5420,RELCH,0.72780496
5421,PIGK,0.81962365
5422,MAST3,0.85649824
5423,BAIAP2,0.8614916
5424,ZFYVE16,0.6734564
5425,OTULIN,0.814045
5426,SAE1,0.8704037
5427,NAXD,0.8855707
5428,UBR4,0.5590944
5429,NFIL3,0.49740455
5430,ZNF888,0.7103105
5431,TRIM33,0.7568876
5432,MOB2,0.8807892
5433,CEP250,0.613815
5434,ARMH3,0.8191743
5435,C1orf52,0.83382916
5436,NQO1,0.8379535
5437,LMBR1,0.7972997
5438,COPS7B,0.7789901
5439,SEPTIN4,0.7813923
5440,TMEM115,0.8621138
5441,NUP54,0.73693806
5442,ZHX3,0.654557
5443,PEMT,0.8829017
5444,POFUT1,0.7547106
5445,PVR,0.7600393
5446,HSDL2,0.85391474
5447,CDC40,0.71092373
5448,PBX1,0.8243126
5449,PTGFRN,0.6171967
5450,GTF2A1,0.8168476
5451,SMARCD1,0.82162285
5452,RNASE6,0.7637167
5453,SLC17A3,0.49668118
5454,COPZ2,0.80142075
5455,ERICH1,0.53712386
5456,COMMD5,0.63786244
5457,SGSH,0.8555637
5458,SESN3,0.66981345
5459,KRR1,0.7421224
5460,DDX60,0.743993
5461,TMEM168,0.83633405
5462,NAT10,0.6552405
5463,UBL7,0.8120789
5464,COQ10B,0.7012834
5465,GALC,0.6500616
5466,TRAF3IP2,0.5787514
5467,ITCH,0.6603305
5468,SPECC1L,0.88647515
5469,ZNF787,0.8565295
5470,TRAF3,0.6672273
5471,SLC35A5,0.81796724
5472,CAMTA2,0.76365376
5473,IPO8,0.79423493
5474,TFDP2,0.7974909
5475,EP400,0.8192475
5476,SNRNP40,0.8173606
5477,SMAP1,0.68266994
5478,TMEM135,0.8793962
5479,FAM149A,0.86968845
5480,PPIL3,0.75992996
5481,PELI1,0.7202475
5482,ACADS,0.73233646
5483,FLCN,0.76505655
5484,AGBL5,0.84696096
5485,BOK,0.6642929
5486,KLHDC4,0.7051478
5487,USP5,0.6553229
5488,TP53BP2,0.69959444
5489,INTS6,0.72813016
5490,TMEM19,0.6738247
5491,LRRC75B,0.889858
5492,DOCK5,0.67616695
5493,UGT2A3,0.7547056
5494,SIK3,0.67617035
5495,RRAGD,0.61573935
5496,POLM,0.84598595
5497,MADD,0.70215994
5498,INTS4,0.5927325
5499,C1orf21,0.62197083
5500,MED17,0.7496943
5501,FIP1L1,0.83553165
5502,HINT3,0.6751365
5503,LRRC58,0.86378676
5504,TRAPPC9,0.89003974
5505,HSD17B14,0.7279117
5506,ATP8B2,0.761
5507,DMXL2,0.6785671
5508,TAF1,0.81358725
5509,CDCP1,0.68289757
5510,POLR3E,0.8675735
5511,BCKDHA,0.7191475
5512,ZNF362,0.8948891
5513,SUPT20H,0.7595947
5514,PELP1,0.7946365
5515,MLLT10,0.9020613
5516,NPL,0.6682031
5517,B4GALT3,0.7705769
5518,DOC2A,0.69821674
5519,MSRB3,0.8832106
5520,ZNF692,0.69011813
5521,NTN4,0.82185763
5522,PSD4,0.5546566
5523,MAP3K5,0.5838295
5524,USP32,0.6023676
5525,TEN1,0.7729931
5526,MTMR12,0.8251095
5527,SCMH1,0.81851846
5528,SERGEF,0.6300877
5529,PITPNM1,0.82458395
5530,RAB29,0.57376856
5531,EXOSC7,0.80509835
5532,TLE1,0.7670862
5533,PLAGL1,0.6992592
5534,SETDB1,0.88051635
5535,PLPP5,0.65509826
5536,RAB40C,0.71551824
5537,TMEM63B,0.7887921
5538,ZNF580,0.6834922
5539,ATG2B,0.8626642
5540,SKAP1,0.37640464
5541,CEP57,0.69157284
5542,DBN1,0.8216844
5543,TAF11,0.763071
5544,PTPN23,0.84868526
5545,R3HCC1,0.7286287
5546,WDR54,0.85984594
5547,MAL2,0.46545509
5548,PDPR,0.6576229
5549,MIEF1,0.87447023
5550,GIGYF1,0.82964945
5551,SLC39A8,0.4859728
5552,ALOX5AP,0.6689126
5553,SEZ6L2,0.77280694
5554,PLPPR2,0.8835911
5555,ZNF76,0.80621475
5556,RHOT1,0.6850703
5557,ESF1,0.6553245
5558,ZCCHC14,0.89139885
5559,MAPK9,0.6790835
5560,NUP43,0.7663634
5561,GRK3,0.6781909
5562,FASTKD2,0.8513736
5563,LY96,0.6509632
5564,UNC119B,0.92347366
5565,PPWD1,0.73699874
5566,NCKIPSD,0.85478777
5567,MMRN2,0.7593589
5568,ING1,0.83816314
5569,INO80D,0.7523794
5570,FBXW7,0.7578352
5571,SLC8B1,0.8272362
5572,TMEM38B,0.80986863
5573,VPS8,0.72376794
5574,ABHD17A,0.4394561
5575,VPS72,0.77359563
5576,TSPAN6,0.8647277
5577,STS,0.723044
5578,PPARD,0.6022093
5579,CRCP,0.7285347
5580,TBC1D15,0.7850261
5581,RNF41,0.87017137
5582,SLAMF8,0.71847606
5583,GRPEL2,0.8117872
5584,DPP8,0.820865
5585,SYNJ2BP,0.8755136
5586,DSG2,0.68710566
5587,CPNE8,0.74657875
5588,ENC1,0.6543457
5589,HMG20A,0.83159333
5590,CCDC167,0.58362216
5591,NT5DC3,0.68528897
5592,COMMD2,0.8768626
5593,ALDOC,0.6536655
5594,CERT1,0.52242655
5595,MRTFB,0.76628137
5596,LDB1,0.73175526
5597,C2CD5,0.888293
5598,LACTB,0.71723264
5599,QPRT,0.7640496
5600,PUM3,0.8076227
5601,AAK1,0.65715927
5602,CUEDC1,0.7286499
5603,MTRR,0.87285733
5604,SLC10A3,0.84072226
5605,GART,0.8295338
5606,ELP1,0.8986246
5607,RMC1,0.76882005
5608,SNAP47,0.73123056
5609,ASPSCR1,0.7771523
5610,TLR4,0.8815809
5611,NFS1,0.86539054
5612,FES,0.8335708
5613,CBX4,0.71151036
5614,ITM2A,0.6857574
5615,UCK1,0.8077822
5616,VPS52,0.88389254
5617,BAZ2B,0.81795955
5618,MATN2,0.7279882
5619,RHOU,0.6492676
5620,SNX8,0.68748945
5621,CRACR2B,0.64779997
5622,RMDN3,0.8456544
5623,PRKD3,0.8022356
5624,DENND1A,0.6903251
5625,COQ8A,0.84670275
5626,NACC1,0.7950433
5627,CXXC5,0.7788651
5628,STON2,0.7914386
5629,FBXL15,0.82222843
5630,CWC25,0.8610437
5631,WDR36,0.7526066
5632,ATP10D,0.8513258
5633,C11orf49,0.89553714
5634,SFRP4,0.4719496
5635,COA6,0.80552334
5636,PLSCR4,0.7249234
5637,TMEM11,0.7739794
5638,TBC1D10A,0.797945
5639,PIK3C3,0.64772964
5640,CAMKK2,0.84109753
5641,MTX1,0.7134719
5642,STEAP3,0.7123392
5643,CAMSAP2,0.8037148
5644,FAM219A,0.76061064
5645,OGFOD3,0.8500319
5646,CMTR1,0.8828738
5647,TBC1D10B,0.7940645
5648,SPATA13,0.7279089
5649,PANK2,0.63099474
5650,SNAPIN,0.74464226
5651,OXSR1,0.7509093
5652,PIM1,0.740304
5653,SAMD1,0.6733113
5654,CRYZL1,0.85715693
5655,SEMA4C,0.86297274
5656,MORN2,0.88338536
5657,ZNF496,0.85094756
5658,TIMM44,0.86537284
5659,LARP1B,0.7813067
5660,NEDD4L,0.8449922
5661,ATG5,0.71811867
5662,GYG1,0.6676962
5663,HACD2,0.69967073
5664,EFNA5,0.72393197
5665,TBK1,0.6288145
5666,ATL2,0.83483243
5667,PHLDA3,0.5818158
5668,RNF20,0.8891638
5669,CERK,0.73984957
5670,ZNF562,0.6969723
5671,FBXO32,0.78401417
5672,DYM,0.7585876
5673,DHTKD1,0.80677
5674,SMUG1,0.81940675
5675,GAS8,0.8949766
5676,POP5,0.8243589
5677,CERS6,0.82457215
5678,LNPK,0.7834497
5679,URM1,0.7849415
5680,SLC22A2,0.63779503
5681,POLL,0.8281997
5682,ECSCR,0.7394547
5683,ATP9A,0.74026823
5684,XAB2,0.66638875
5685,TKFC,0.89024395
5686,TAF12,0.7330025
5687,SLC30A6,0.8262202
5688,BCAT1,0.6973579
5689,FUNDC2,0.53994066
5690,SETD4,0.8299694
5691,LSM10,0.83286357
5692,ERC1,0.88617826
5693,UTP23,0.7049215
5694,MOCS1,0.716563
5695,PRXL2B,0.82920307
5696,CCDC14,0.8313268
5697,CTTNBP2,0.7307293
5698,TAF8,0.7761927
5699,CDK5RAP2,0.7794849
5700,SNRNP35,0.7873238
5701,NIPAL2,0.61799
5702,HS2ST1,0.6879507
5703,ST3GAL2,0.91377753
5704,PTPN13,0.8148605
5705,CEP63,0.80190736
5706,MAP3K8,0.5003439
5707,HEATR5B,0.6886719
5708,MVD,0.87880087
5709,IER5L,0.69703263
5710,NFATC2IP,0.68807775
5711,ANKRD36C,0.3117435
5712,MAP3K3,0.7739539
5713,RMND1,0.70871925
5714,FAM53C,0.6978051
5715,QSER1,0.83724207
5716,PRKCD,0.71534985
5717,ESS2,0.8362033
5718,GPR34,0.72461724
5719,ZNF326,0.8940389
5720,TRAFD1,0.7512196
5721,ARHGEF11,0.7763186
5722,ASXL2,0.62895256
5723,HECTD3,0.82875484
5724,FRMD8,0.741406
5725,ZER1,0.91972107
5726,CHD1,0.6185199
5727,FAM160A2,0.83803725
5728,RRP1,0.83003783
5729,NOL8,0.81782085
5730,STBD1,0.7587056
5731,TTC7A,0.69397426
5732,LY86,0.82356834
5733,VTI1A,0.52450264
5734,TATDN1,0.7992478
5735,MYEF2,0.71096534
5736,ACER3,0.668052
5737,UNK,0.8518374
5738,DPY19L4,0.7220156
5739,FHL3,0.847708
5740,CCDC28A,0.8058111
5741,ZNF33B,0.8783281
5742,ZNF680,0.571516
5743,PYROXD1,0.7309351
5744,MSRA,0.8422398
5745,LETM1,0.8823387
5746,PDCD10,0.6639125
5747,TFEB,0.7375686
5748,BTN2A2,0.681169
5749,OSBPL11,0.7464071
5750,SNTB1,0.753573
5751,COG3,0.793201
5752,ABCF2,0.8152403
5753,LPXN,0.6984672
5754,MMGT1,0.75254226
5755,ARHGEF28,0.8442142
5756,PHF21A,0.7061071
5757,DAGLB,0.82498366
5758,AQR,0.87320375
5759,CD27,0.74770993
5760,TMA16,0.7368395
5761,PIAS3,0.8375322
5762,TMEM170A,0.71013236
5763,CYB561,0.80770046
5764,EEF1E1,0.82323617
5765,FN3KRP,0.77377605
5766,DNTTIP2,0.7223689
5767,MAPK13,0.5422018
5768,NAPG,0.6609541
5769,CRBN,0.7719579
5770,CSNK1G3,0.7087243
5771,POGK,0.9132245
5772,RASGRP2,0.6673693
5773,FOXK2,0.7780545
5774,ACBD5,0.6967521
5775,CPSF3,0.82824296
5776,PRKAG1,0.73660564
5777,RABEP2,0.7878135
5778,WDR73,0.86456656
5779,KLC4,0.7602659
5780,AIF1L,0.6651844
5781,PHF19,0.77019995
5782,PAX2,0.7396274
5783,PPP3CA,0.76352066
5784,RAP2C,0.70383763
5785,IGSF6,0.77547115
5786,APBB1,0.763609
5787,CNOT6,0.7090006
5788,MOB3B,0.8005524
5789,CWC27,0.5866176
5790,RABGEF1,0.62911946
5791,PNPLA8,0.7582574
5792,NSMAF,0.73564035
5793,SAMD4A,0.77326137
5794,DOCK10,0.749532
5795,JAZF1,0.75814646
5796,MTHFD1L,0.7427986
5797,TENT5A,0.83220476
5798,OAS3,0.6197087
5799,TCEAL1,0.77764463
5800,BACH1,0.6863191
5801,PLAU,0.55714864
5802,HOPX,0.6261324
5803,VPS33A,0.8046866
5804,MUC20,0.66227096
5805,IFRD2,0.76743096
5806,CDC26,0.80239683
5807,ULK2,0.6456731
5808,TMEM132A,0.6477596
5809,FARSB,0.79099756
5810,CNOT9,0.8809113
5811,AFAP1L1,0.81470084
5812,NT5E,0.6561033
5813,DLL4,0.73680186
5814,USP38,0.8266831
5815,BCL3,0.63436365
5816,AHCTF1,0.71599126
5817,ANKRD28,0.6845653
5818,FOSB,0.6971717
5819,CDH1,0.77838427
5820,ARMC1,0.8127273
5821,ADAP2,0.67252415
5822,STK16,0.8231476
5823,RABL3,0.74543476
5824,POLK,0.725756
5825,CERS4,0.8325377
5826,ATXN3,0.88602567
5827,CNNM3,0.7869878
5828,TMEM185A,0.91407275
5829,SPATS2,0.6984644
5830,MICALL2,0.8330612
5831,WDR59,0.82594275
5832,FAN1,0.8826186
5833,SLC41A2,0.78841716
5834,LONRF1,0.6101899
5835,GZMA,0.50923437
5836,BCAS3,0.8260546
5837,DENND4A,0.7404538
5838,FAIM,0.7359454
5839,BACE1,0.89658505
5840,THYN1,0.86246914
5841,GPRIN3,0.66182935
5842,HLA-DQB1,0.62855834
5843,SELENBP1,0.63922787
5844,EOGT,0.8350723
5845,GALT,0.75530005
5846,CUL9,0.8869607
5847,PLA1A,0.7292318
5848,CCDC93,0.86104053
5849,ZNF688,0.8597014
5850,APOLD1,0.430493
5851,SLC46A3,0.47760502
5852,FAM172A,0.6641944
5853,ZYG11B,0.7824332
5854,SDE2,0.7421754
5855,PTGIS,0.8305133
5856,SPCS2,0.59619135
5857,MCM6,0.7429027
5858,UFL1,0.77097994
5859,IQSEC2,0.6986516
5860,SMG9,0.8605198
5861,KLHL6,0.7978792
5862,MST1,0.6830284
5863,ADGRG6,0.7113299
5864,TFIP11,0.7933206
5865,HSCB,0.8199069
5866,GIMAP8,0.77396685
5867,INPP4A,0.70979947
5868,RASSF7,0.69109935
5869,PHF12,0.73559093
5870,HAT1,0.7193711
5871,ARMCX2,0.72288513
5872,CHRAC1,0.7582646
5873,FER,0.801528
5874,NADK2,0.73067147
5875,MARCH8,0.7783212
5876,CDC42EP5,0.68865067
5877,PRRX1,0.731373
5878,RAB2B,0.76924187
5879,TPMT,0.7475455
5880,CLIP4,0.40805903
5881,SDHD,0.6097837
5882,OGG1,0.77959245
5883,SOCS5,0.8507027
5884,PAK1,0.5647331
5885,SCARF1,0.84848595
5886,SEMA3B,0.710715
5887,ATXN7,0.7645755
5888,ISY1,0.864639
5889,TPCN2,0.75271016
5890,BRD1,0.7194245
5891,SLC25A30,0.90123373
5892,AC118549.1,0.7353303
5893,EBP,0.80139416
5894,CCHCR1,0.794107
5895,PCNT,0.903749
5896,SPOPL,0.73845834
5897,EPHB4,0.8368075
5898,C3AR1,0.6883622
5899,EEF1AKMT2,0.849493
5900,RAB11FIP2,0.7283508
5901,PHF14,0.73540074
5902,PPP1R13L,0.74602073
5903,RBM28,0.7886612
5904,SLC7A2,0.5551614
5905,TMEM234,0.8587616
5906,IMPA1,0.8029847
5907,PLAT,0.57708424
5908,GALK2,0.78484505
5909,ACSF3,0.7754261
5910,PICK1,0.8385616
5911,SPEN,0.8165129
5912,TRMT11,0.7079509
5913,CREBRF,0.70838624
5914,FAM104A,0.7460703
5915,SERTAD1,0.51505065
5916,MED14,0.7567427
5917,KAT2B,0.5985747
5918,ARID2,0.710416
5919,GJA4,0.75329256
5920,SMURF2,0.73110723
5921,MYO1G,0.58947295
5922,SYK,0.7760901
5923,RHNO1,0.72888976
5924,EPN2,0.9204595
5925,ABCB7,0.8745741
5926,TRIM25,0.7522743
5927,ZC3H3,0.64792305
5928,NAT9,0.7792812
5929,ANKRA2,0.759144
5930,MAOB,0.8494585
5931,BRI3BP,0.7774642
5932,TECPR1,0.75418955
5933,CPNE2,0.7882598
5934,RNF138,0.73256284
5935,CHIC2,0.5429979
5936,BNC2,0.75994873
5937,SLC7A1,0.54989666
5938,SEC14L2,0.7561056
5939,PDCD11,0.8739944
5940,AMY2B,0.71167994
5941,ZNF12,0.8229057
5942,IFIH1,0.7286028
5943,SARM1,0.77656525
5944,C2orf74,0.7348671
5945,DPM2,0.5830999
5946,RAE1,0.80394864
5947,PRR14L,0.69164914
5948,LIMK1,0.6803749
5949,ZNF224,0.67514485
5950,UNG,0.8196643
5951,LRRC14,0.76299876
5952,RBM27,0.7514562
5953,LDB2,0.656109
5954,RHBDD1,0.518081
5955,APTX,0.84524935
5956,ERCC3,0.84859616
5957,KCNS3,0.7825809
5958,TTC28,0.79941255
5959,EVI2B,0.6267626
5960,RNF111,0.8472235
5961,TUBG2,0.7785353
5962,DPAGT1,0.80223876
5963,TMEM255B,0.838448
5964,CINP,0.8207832
5965,NAV1,0.8308545
5966,ZNF512B,0.8718497
5967,NSUN5,0.75423783
5968,MOB1B,0.8568871
5969,ARHGAP42,0.7349381
5970,ELOA,0.7694091
5971,TSSC4,0.7765334
5972,COX19,0.7784756
5973,LYSMD2,0.73643047
5974,PIM2,0.80461055
5975,DNAJC22,0.902051
5976,CHST14,0.8395419
5977,RUVBL1,0.895003
5978,TSPAN17,0.8425014
5979,ELN,0.70593697
5980,HAX1,0.7129007
5981,BAP1,0.69507647
5982,ARHGAP31,0.8724263
5983,ENKD1,0.85977465
5984,ERG28,0.8096946
5985,ZNF317,0.85776466
5986,SEH1L,0.810219
5987,TET2,0.82237434
5988,TLN2,0.6630729
5989,EPC2,0.7078593
5990,SGPP1,0.8201342
5991,DOCK11,0.6341298
5992,RAD17,0.85735726
5993,KLHL9,0.82844585
5994,MYO1D,0.66119784
5995,SGMS2,0.69254017
5996,SIN3A,0.68577814
5997,DIP2B,0.842005
5998,MAD2L2,0.69154525
5999,MTMR6,0.6824134
6000,RNPC3,0.8820134
6001,ZADH2,0.82596415
6002,ME3,0.86790985
6003,MIOS,0.793474
6004,ZNRD1,0.7544679
6005,TEX2,0.76243466
6006,DHX37,0.85022146
6007,GALNT18,0.85553
6008,FUT8,0.6571473
6009,ARHGAP12,0.8447926
6010,CNEP1R1,0.72353554
6011,CRY2,0.76515245
6012,MAML1,0.7528989
6013,PLEKHA4,0.8411391
6014,CBY1,0.82651997
6015,STK17A,0.70243645
6016,PRKG1,0.7580958
6017,MAP3K14,0.79819185
6018,SNX30,0.7559924
6019,MID1IP1,0.7808624
6020,TLNRD1,0.6403323
6021,CYTH4,0.8363414
6022,SKIV2L,0.6625451
6023,TRIAP1,0.8211625
6024,NCAPD2,0.75470024
6025,SPOCK1,0.5767613
6026,ADARB1,0.8344304
6027,FUOM,0.75370073
6028,PLEKHF2,0.61250204
6029,TMEM68,0.8058378
6030,HOOK2,0.86812514
6031,GHDC,0.59800154
6032,ELMOD2,0.65968573
6033,MBD4,0.773148
6034,MIB1,0.8356673
6035,IFT52,0.84990233
6036,ADA,0.59755784
6037,ZNF652,0.77930313
6038,PPP2R1B,0.8821015
6039,SNRPA1,0.7326014
6040,AVEN,0.7629919
6041,DDX55,0.7810199
6042,CPT1B,0.65739375
6043,UAP1,0.67835164
6044,PHTF2,0.62420267
6045,MAGEH1,0.79045135
6046,PPP1R1A,0.5631427
6047,GPC4,0.75405437
6048,CEP89,0.8509722
6049,CRAT,0.8615687
6050,TXNRD2,0.82350135
6051,NOL9,0.8865826
6052,ERAL1,0.700263
6053,RRP1B,0.79223514
6054,PRDM4,0.7825386
6055,GNL3L,0.8593614
6056,XRCC1,0.79035145
6057,ANKRD37,0.7730543
6058,CREB5,0.7811661
6059,ZC3H18,0.72297925
6060,TP53BP1,0.78478736
6061,CCDC3,0.80729955
6062,PPID,0.7921936
6063,CAMK1,0.75652367
6064,AARSD1,0.6168435
6065,ALG9,0.8261478
6066,TBC1D7,0.739621
6067,NEXN,0.8810404
6068,RRN3,0.8444471
6069,RDH13,0.72534996
6070,CSF2RA,0.6880977
6071,FADD,0.83597374
6072,IFT27,0.8864782
6073,EXOSC8,0.83039695
6074,METAP1,0.7346212
6075,ELMO1,0.6260584
6076,PCCA,0.9206314
6077,FAM160B1,0.67125934
6078,SLC23A2,0.6855287
6079,PLCB2,0.765979
6080,TRIB3,0.7723977
6081,PARVB,0.6102713
6082,LRP5,0.8819395
6083,ZNF266,0.68096685
6084,LIMK2,0.76076
6085,DEPTOR,0.656414
6086,CCDC127,0.85837585
6087,LMNB2,0.665348
6088,APPL2,0.74573964
6089,VRK2,0.66917545
6090,RAPGEF2,0.84084445
6091,ZBTB17,0.8861082
6092,TBL2,0.7228449
6093,BZW2,0.66297746
6094,NUP210,0.7901101
6095,CAPN10,0.75952905
6096,ERLIN1,0.76877993
6097,DCAF12,0.88802475
6098,ZNF84,0.7484434
6099,RNF31,0.8389023
6100,ZNF639,0.729502
6101,TNIK,0.77900976
6102,EVA1A,0.81799453
6103,TMEM60,0.64082664
6104,ZNF121,0.6441913
6105,HARS2,0.8347456
6106,C1GALT1C1,0.67458147
6107,NSUN4,0.7156841
6108,AXIN1,0.8375903
6109,CASD1,0.60990447
6110,ARL14EP,0.5713186
6111,CCNH,0.6338719
6112,DDX50,0.82750064
6113,SLC25A44,0.8004241
6114,LYST,0.5379394
6115,TSKU,0.64530957
6116,ZCCHC24,0.7559199
6117,BAZ1A,0.6504307
6118,FAM118A,0.5567759
6119,CTTNBP2NL,0.80410665
6120,ALAD,0.84066707
6121,TMEM199,0.7776173
6122,TSPAN15,0.8351255
6123,PRPF39,0.7835718
6124,LPIN1,0.5110733
6125,SRD5A1,0.7328625
6126,FAM189B,0.87762445
6127,CYP27A1,0.6403262
6128,PATL1,0.8231611
6129,UBL4A,0.73158765
6130,NKAPD1,0.6069561
6131,EHMT2,0.72664493
6132,WAS,0.7583277
6133,F3,0.6492781
6134,NSMCE4A,0.9069791
6135,ZHX1,0.75428385
6136,KLHL21,0.7512148
6137,FADS1,0.5924651
6138,PIAS2,0.7690684
6139,TTL,0.80650073
6140,SURF6,0.79006463
6141,B3GALT6,0.79920894
6142,SMURF1,0.819766
6143,TNFAIP6,0.6998966
6144,EPM2AIP1,0.8012304
6145,LUZP1,0.85302806
6146,CMC2,0.6966273
6147,ZXDC,0.7774634
6148,SMIM24,0.77097154
6149,ZNF608,0.79944605
6150,TSFM,0.85111785
6151,NR2C2,0.7889529
6152,MGAT2,0.63444227
6153,RFLNB,0.73235613
6154,PLA2G15,0.7425458
6155,NUP153,0.5872104
6156,PPP2R5D,0.7970938
6157,WDR75,0.8114169
6158,CHERP,0.8337757
6159,MLLT3,0.8012534
6160,RINT1,0.68460196
6161,CCZ1,0.6054116
6162,DUSP11,0.82014793
6163,SLC35A3,0.7080023
6164,UTP18,0.6469747
6165,KPNA3,0.76769835
6166,CST7,0.5714684
6167,RASSF2,0.71190864
6168,DLAT,0.8148683
6169,TNFRSF25,0.6576524
6170,MYBBP1A,0.70053834
6171,PLAA,0.8146095
6172,MPV17,0.495986
6173,DCAF10,0.68531555
6174,ZBTB47,0.8916104
6175,SC5D,0.59897715
6176,TJAP1,0.789141
6177,TMTC3,0.7924016
6178,DDHD2,0.7825391
6179,LYRM4,0.77988166
6180,CAPN7,0.7068727
6181,EPHX2,0.75624704
6182,NELFA,0.77293414
6183,SULT1C2,0.6060592
6184,NUP93,0.84373087
6185,NF1,0.61225194
6186,RNF26,0.84278154
6187,ANAPC1,0.88682604
6188,THOP1,0.6442677
6189,NR2F1,0.6851001
6190,INPP5B,0.7593422
6191,C1QTNF6,0.8319457
6192,TTC7B,0.8263302
6193,SENP3,0.7174564
6194,NFATC3,0.7239587
6195,ZC3HC1,0.8971562
6196,YIPF1,0.7430276
6197,SEMA5A,0.8516581
6198,C1orf174,0.77164555
6199,ANK2,0.39489472
6200,TOP3B,0.7768459
6201,PCDH1,0.7813614
6202,EIF4ENIF1,0.8126786
6203,DDI2,0.7515759
6204,PXMP2,0.84996396
6205,ALG1,0.82960624
6206,AGAP9,0.62005883
6207,ATG14,0.84796125
6208,TRPV2,0.8498488
6209,SRD5A3,0.7754023
6210,SAMD8,0.86568546
6211,H2AFX,0.73574847
6212,NFKBIE,0.7217056
6213,CYB5D2,0.8583128
6214,CNOT4,0.68435794
6215,PIP5K1A,0.87456864
6216,ZDHHC18,0.7224381
6217,HPF1,0.7332928
6218,KIAA0513,0.789957
6219,PEAR1,0.7839423
6220,KAT5,0.72343
6221,TRIM37,0.7746375
6222,FGD5,0.7513271
6223,ZNF544,0.56129354
6224,PREP,0.8634376
6225,MAPK8,0.8577087
6226,MED21,0.77011925
6227,PLXNA3,0.7956436
6228,IGFLR1,0.6985729
6229,UBR7,0.7990112
6230,CYB561D2,0.617817
6231,AKIP1,0.8420865
6232,C5orf51,0.7451506
6233,HDHD3,0.85870427
6234,RALGAPA1,0.74953604
6235,PHAX,0.885746
6236,EMB,0.72659826
6237,PIKFYVE,0.7895205
6238,UPF3A,0.76400155
6239,KIF22,0.67422366
6240,RAP1GDS1,0.787154
6241,CENPC,0.75691944
6242,ATE1,0.8643922
6243,FAM49A,0.65995103
6244,INPP5K,0.8540289
6245,C1GALT1,0.81148237
6246,PRR12,0.73649526
6247,PLRG1,0.83018893
6248,PLXNC1,0.6722584
6249,NSL1,0.6848142
6250,FERMT3,0.58294094
6251,DIPK2A,0.6093615
6252,GPALPP1,0.89714104
6253,UBE2Q2,0.72420406
6254,FAM76B,0.7672363
6255,VPS16,0.8505395
6256,IRAK4,0.7649494
6257,ACY1,0.8006266
6258,ACTG2,0.6470611
6259,PRPS2,0.7648234
6260,CASP6,0.75222343
6261,DDX52,0.77717537
6262,RAB20,0.7575062
6263,FASN,0.80277973
6264,TMEM44,0.6500191
6265,ELMSAN1,0.79627746
6266,RBP7,0.60643846
6267,MED23,0.68164366
6268,NOL4L,0.8397231
6269,EIPR1,0.876082
6270,USP39,0.7506744
6271,DDX58,0.77428764
6272,DYNC2LI1,0.72178864
6273,JMJD4,0.74564165
6274,FGD6,0.7783311
6275,MSH2,0.74300814
6276,COG7,0.7835874
6277,TACC2,0.670825
6278,PHF23,0.78160167
6279,DIS3,0.7415994
6280,VPS13D,0.84169537
6281,KRIT1,0.6287091
6282,NEPRO,0.83227855
6283,IRS2,0.74219275
6284,CCL19,0.6190657
6285,TADA2B,0.8615231
6286,N4BP2L1,0.57409275
6287,SLC27A1,0.770807
6288,PIK3CA,0.77392197
6289,BRF1,0.813051
6290,GIMAP1,0.5143895
6291,DTX3,0.8762379
6292,SECISBP2L,0.7647488
6293,IP6K1,0.9031703
6294,SMU1,0.64665425
6295,ABL2,0.77678484
6296,DIPK2B,0.6891897
6297,STX17,0.7689994
6298,SUCO,0.78413373
6299,ARRB1,0.77623016
6300,POP7,0.8194682
6301,RNF19B,0.7555272
6302,APPBP2,0.8401808
6303,VPS37A,0.64816755
6304,TMEM106A,0.70680827
6305,BIN2,0.7502885
6306,TRUB2,0.72829646
6307,PRKAR1B,0.6815538
6308,ZNF24,0.84574133
6309,CWF19L1,0.8609366
6310,RASGRP3,0.68380755
6311,GPR160,0.8256397
6312,CD300A,0.7104314
6313,CPOX,0.6660551
6314,RHOF,0.63854164
6315,CXorf38,0.7210277
6316,SPIDR,0.77409387
6317,LATS2,0.7653311
6318,CYP7B1,0.6120471
6319,WDR5,0.7939505
6320,JAML,0.6649906
6321,ARHGAP10,0.80771214
6322,PSMG4,0.68374103
6323,SYT13,0.60355693
6324,DCAF15,0.6358895
6325,DKC1,0.79166317
6326,ACACA,0.69164556
6327,NUP205,0.74728656
6328,UBA6,0.6073848
6329,TNXB,0.62493366
6330,DPYS,0.77116936
6331,MSMO1,0.7094171
6332,PITPNM2,0.8288718
6333,DOT1L,0.8801155
6334,B3GALNT1,0.89089626
6335,HECTD4,0.720241
6336,ADPRHL2,0.81171846
6337,INSIG1,0.5909961
6338,PEX13,0.7030115
6339,KHDRBS3,0.6081503
6340,KIRREL1,0.7772419
6341,OTULINL,0.6417294
6342,SCO1,0.879078
6343,FBXO31,0.7410093
6344,TBL3,0.7249103
6345,ACACB,0.59895897
6346,HOXC10,0.7037587
6347,TDRP,0.67496186
6348,SUFU,0.8747542
6349,WDSUB1,0.8529827
6350,KIF1BP,0.65921885
6351,MTOR,0.8724451
6352,RGS14,0.5683336
6353,TMEM150A,0.7520981
6354,MED11,0.86853033
6355,CC2D1B,0.8395454
6356,CEP290,0.67350274
6357,TMEM51,0.69762874
6358,WLS,0.7968498
6359,TMEM161A,0.82119304
6360,RNF38,0.88209087
6361,SMOC2,0.786581
6362,ECD,0.78017807
6363,AP5M1,0.8466382
6364,C8orf76,0.707645
6365,RFC2,0.76990455
6366,ZBTB11,0.5205638
6367,TBC1D10C,0.7276926
6368,GABBR1,0.80681413
6369,SCRN1,0.61925906
6370,ARHGEF40,0.88474065
6371,ITGB3BP,0.50568455
6372,SLFN13,0.84637195
6373,PER3,0.70502704
6374,PCTP,0.7620606
6375,PYM1,0.7679501
6376,SMARCA1,0.7340169
6377,GLYAT,0.6834025
6378,NUBP1,0.8136434
6379,TRIM2,0.76103956
6380,TRIP11,0.813745
6381,PRKACB,0.5249807
6382,FBXL4,0.71358705
6383,ZNF302,0.72290784
6384,ITGA2,0.8513608
6385,B4GALT4,0.7108814
6386,GATC,0.91441005
6387,TMEM65,0.7803474
6388,L3MBTL2,0.8926585
6389,IMPACT,0.79211855
6390,SLF2,0.7180323
6391,UCHL1,0.4523572
6392,CAPRIN2,0.66829896
6393,ARRDC4,0.7963379
6394,TMEM69,0.68450123
6395,IL16,0.73495024
6396,TMEM192,0.84951496
6397,PTDSS2,0.8326816
6398,REEP4,0.768785
6399,TMEM41A,0.77949494
6400,GFER,0.7488019
6401,PHF2,0.8478485
6402,CAMK1D,0.6712642
6403,ERCC6L2,0.6787445
6404,FAM8A1,0.79708916
6405,DNMT3A,0.8698774
6406,RND3,0.79477215
6407,KLHL2,0.75187904
6408,TMEM87A,0.5741836
6409,GOLGA1,0.8259739
6410,TINF2,0.7565847
6411,SMG6,0.79711837
6412,PDK2,0.8397097
6413,RNF168,0.7403516
6414,RHPN1,0.6974426
6415,PRPSAP2,0.8767221
6416,C1orf115,0.82186174
6417,SECTM1,0.70370084
6418,MPP5,0.8809486
6419,RAB3D,0.75230724
6420,TANC1,0.8676307
6421,RBMS3,0.7626489
6422,NHLRC3,0.6071684
6423,PRRG4,0.7909116
6424,IL18,0.72326237
6425,POLI,0.75386316
6426,GNA12,0.8006437
6427,RCAN2,0.7227526
6428,OPN3,0.73433185
6429,SHB,0.64274424
6430,ALDH1A3,0.7271251
6431,TMUB1,0.682355
6432,NPR3,0.6978886
6433,MORC3,0.7217417
6434,SELPLG,0.78569937
6435,OARD1,0.88798386
6436,EEF1AKNMT,0.8162615
6437,INMT,0.6625784
6438,IPO7,0.59546417
6439,EME2,0.7228584
6440,RAI1,0.7509492
6441,CD86,0.5337147
6442,SOX18,0.70207113
6443,NGRN,0.5283144
6444,ABI3,0.7165846
6445,GIMAP6,0.67207724
6446,PCGF1,0.84683317
6447,FGD3,0.7335468
6448,AMN,0.66410065
6449,GPATCH2,0.6644388
6450,RAB17,0.80083317
6451,ABCA3,0.6936083
6452,HSPB6,0.57042474
6453,MLH3,0.73639655
6454,RIC1,0.6611561
6455,EDNRA,0.84994906
6456,ZNF7,0.74362
6457,STK35,0.65415937
6458,TPGS1,0.72812194
6459,CCNYL1,0.550326
6460,MTMR14,0.709621
6461,CUL2,0.7834086
6462,RNF152,0.72002095
6463,TRPM2,0.77353615
6464,EIF2B2,0.87178487
6465,U2AF1L4,0.57417655
6466,C16orf74,0.70286995
6467,MEX3D,0.8021271
6468,STK19,0.72260123
6469,PWWP2A,0.8275352
6470,CARD10,0.7723716
6471,ZNF768,0.8816181
6472,NIPSNAP3A,0.76556516
6473,PPM1M,0.71614355
6474,FAM210A,0.61320347
6475,CLCN5,0.7360553
6476,ZRANB1,0.78337175
6477,EPB41L4A,0.69942683
6478,PROSER1,0.7815557
6479,POLR3GL,0.7091748
6480,ZNF394,0.7572358
6481,EFNB1,0.8984251
6482,CASP2,0.84256333
6483,SNTA1,0.68782073
6484,TMCC3,0.7463932
6485,ACSM5,0.81407785
6486,PAK4,0.86808187
6487,UVRAG,0.8635414
6488,UCHL3,0.81645536
6489,ELL,0.7546328
6490,PDS5B,0.8758874
6491,CD200,0.6646566
6492,GLT8D1,0.6892379
6493,TUSC2,0.7209124
6494,DYRK2,0.8450625
6495,ZNHIT6,0.756463
6496,AP1AR,0.80393
6497,KDM6A,0.47665557
6498,SLC16A9,0.67085266
6499,RBM19,0.7980476
6500,GAB1,0.6592771
6501,CCDC106,0.87682277
6502,MCRIP2,0.6914378
6503,ADSSL1,0.5617414
6504,POGLUT1,0.758539
6505,NCOA5,0.76366544
6506,PDCD2,0.72896916
6507,GLI4,0.773277
6508,USP1,0.709264
6509,KCTD13,0.7653926
6510,FAM241A,0.8026066
6511,ST3GAL4,0.7372467
6512,RBBP9,0.77390814
6513,DHRSX,0.8110456
6514,FAM222B,0.7887804
6515,TRAPPC2,0.8353708
6516,KLHL42,0.822853
6517,ZNF514,0.7140658
6518,YLPM1,0.87881666
6519,CDK19,0.67674464
6520,FZD6,0.7663984
6521,SSH3,0.8351791
6522,GPRC5B,0.8777922
6523,EFHC1,0.8371901
6524,PAPOLG,0.6685452
6525,NBEAL1,0.60176796
6526,IL27RA,0.68741447
6527,TNFRSF11B,0.5630074
6528,CCDC97,0.67515475
6529,MBTD1,0.7498908
6530,ADGRA3,0.7592426
6531,TPPP3,0.7857534
6532,SRRD,0.8344603
6533,NSMCE2,0.6932469
6534,B3GNT2,0.6248538
6535,BTBD10,0.81803864
6536,LEO1,0.8212285
6537,TCTN2,0.87649965
6538,KANSL2,0.7875183
6539,ZNF131,0.81864554
6540,MIF4GD,0.7003767
6541,STIMATE,0.702976
6542,C19orf25,0.8302404
6543,HOOK1,0.69690925
6544,TMEM183A,0.7657485
6545,FBXO38,0.7117111
6546,TULP4,0.8870678
6547,GRWD1,0.7806718
6548,FAM104B,0.89781475
6549,NOL12,0.8672014
6550,LANCL1,0.7308461
6551,BLZF1,0.84181625
6552,IL15RA,0.6545937
6553,CTNNAL1,0.81576365
6554,PTPRU,0.6132989
6555,PLCB4,0.7115118
6556,ABCB8,0.71792006
6557,DNAJC11,0.7677502
6558,PIK3CD,0.74897414
6559,TNFSF13B,0.8193836
6560,AHI1,0.70224994
6561,ARMCX6,0.8104546
6562,NOP2,0.7962702
6563,MED6,0.7589607
6564,WDR70,0.7388571
6565,KYAT3,0.856164
6566,DYRK1B,0.7719791
6567,PIAS4,0.8688888
6568,AOX1,0.58657795
6569,RBM7,0.77250344
6570,CYYR1,0.77181906
6571,BRD3,0.82665056
6572,RCAN3,0.45977342
6573,RSAD1,0.84437484
6574,IL20RB,0.61706144
6575,ANO10,0.8995869
6576,RIF1,0.77497697
6577,SSPN,0.71254754
6578,DVL2,0.80078715
6579,RIPK1,0.82727665
6580,ACOT8,0.7940414
6581,GLA,0.73436254
6582,HUS1,0.6323362
6583,TTLL12,0.64194006
6584,WASHC2A,0.5994044
6585,CPSF2,0.76486295
6586,SLC25A43,0.77047056
6587,NFRKB,0.73731726
6588,DIMT1,0.7655404
6589,ITGBL1,0.7733099
6590,RHBDF1,0.84591174
6591,KDM5D,0.47776648
6592,NUSAP1,0.75378424
6593,KIAA0040,0.78866094
6594,WWOX,0.781226
6595,ADAM19,0.6970547
6596,PTPMT1,0.68813354
6597,ZMAT1,0.85389686
6598,LRRC40,0.80387133
6599,ATP13A2,0.62845594
6600,ELF3,0.575666
6601,KLF11,0.6844515
6602,CD2,0.5472924
6603,TLE2,0.7925175
6604,PLEKHA7,0.7912226
6605,CDYL2,0.7832224
6606,MSH6,0.72387266
6607,IDE,0.77856916
6608,SLC1A4,0.8279721
6609,ELP6,0.8748018
6610,RPP30,0.77381253
6611,CAPN3,0.7027758
6612,NFATC2,0.6158846
6613,KLF15,0.68020564
6614,CSTF1,0.77748376
6615,UNC13B,0.742755
6616,YDJC,0.72776276
6617,VTA1,0.7125775
6618,DHRS12,0.8610859
6619,TATDN3,0.6923272
6620,ETV5,0.7408216
6621,STIM2,0.813061
6622,PRUNE1,0.7484257
6623,LCAT,0.8304806
6624,PER2,0.54901546
6625,CIAO3,0.82343394
6626,LRP6,0.7398997
6627,NCBP1,0.7835459
6628,SMYD5,0.8431506
6629,PNMA1,0.7682848
6630,TNPO3,0.6448665
6631,RPIA,0.75947195
6632,PIGX,0.76177007
6633,WFS1,0.7799532
6634,TCF20,0.80862004
6635,RASSF3,0.7708846
6636,ASB8,0.75178057
6637,IPO13,0.731139
6638,SLC7A5,0.58456355
6639,ARL15,0.75494045
6640,DNAAF5,0.7554844
6641,CCDC186,0.7641073
6642,HOXB3,0.7432704
6643,IL17RC,0.87600416
6644,MTMR3,0.8489735
6645,C1orf35,0.838588
6646,TMEM209,0.7835999
6647,CFAP20,0.68536353
6648,CPXM2,0.7748324
6649,INPP5A,0.86687464
6650,AGO3,0.72869754
6651,SIKE1,0.7109496
6652,LILRB2,0.7421241
6653,DHX58,0.8009184
6654,JCAD,0.77808666
6655,AAMDC,0.7214821
6656,SETBP1,0.76232505
6657,PLK3,0.56901294
6658,ENPP4,0.6945143
6659,KDM2B,0.6893218
6660,ZDHHC17,0.7846691
6661,EVI5,0.6802936
6662,EXOSC4,0.55359125
6663,CTIF,0.79992795
6664,ZNF561,0.84965205
6665,TM6SF1,0.7809069
6666,NLRP1,0.78805846
6667,ITGB6,0.6796667
6668,RABGGTA,0.7669566
6669,CASP8AP2,0.61658794
6670,GDF15,0.59761584
6671,RDH14,0.83523583
6672,EPDR1,0.70860773
6673,SPAG16,0.80882174
6674,CTC1,0.66580456
6675,GK,0.53496504
6676,KAT6B,0.76289386
6677,TARBP1,0.7732084
6678,PBX3,0.7374862
6679,RRM2,0.61562425
6680,NUP107,0.6474911
6681,PDHX,0.8123644
6682,SLC36A1,0.5515
6683,RAB43,0.80164725
6684,EFHD1,0.7452734
6685,KIF21A,0.88763326
6686,BRD3OS,0.75533223
6687,BRIX1,0.6468133
6688,PCNX3,0.8543024
6689,SIDT2,0.82320243
6690,STARD8,0.8329467
6691,PLXNA2,0.75709087
6692,CD72,0.65106684
6693,ZBTB48,0.7915891
6694,PATZ1,0.9134824
6695,FAM98A,0.8275904
6696,SNRPB2,0.6751857
6697,EMC8,0.8111488
6698,CTCF,0.78145415
6699,NOC3L,0.7355909
6700,ARHGAP30,0.39267448
6701,GMPPB,0.6897231
6702,BCL10,0.64578944
6703,MMP11,0.7491967
6704,DCLK1,0.84662414
6705,ZDHHC12,0.7339229
6706,EMP2,0.68698627
6707,NUP155,0.6595793
6708,ECM2,0.8592716
6709,EED,0.7955206
6710,ZNF254,0.6935177
6711,PSMD12,0.4816489
6712,MTAP,0.7394743
6713,HIVEP2,0.78412503
6714,RECQL5,0.81408685
6715,ERO1B,0.61872166
6716,NPAS2,0.6772091
6717,NHLRC2,0.83047456
6718,TMEM62,0.64775103
6719,RCBTB1,0.835141
6720,CASKIN2,0.85705495
6721,LRRK1,0.6591947
6722,EVA1C,0.6918586
6723,DUSP12,0.7125631
6724,PRORP,0.8666751
6725,TOR1AIP2,0.63165766
6726,ROBO1,0.67328364
6727,ALPK2,0.7651837
6728,ZFAND2A,0.7206395
6729,LRRC8D,0.7722538
6730,TRAPPC6A,0.63048327
6731,STYXL1,0.73626924
6732,THG1L,0.64065397
6733,CTR9,0.821837
6734,STK36,0.84879094
6735,CLN5,0.738244
6736,RFX1,0.6063505
6737,PCBP4,0.7344887
6738,RSBN1L,0.73381156
6739,FYCO1,0.89465636
6740,MSTO1,0.7618981
6741,GLYCTK,0.78865904
6742,PTK7,0.76059127
6743,MRRF,0.8894871
6744,NUP88,0.8703983
6745,OGFOD1,0.83347684
6746,LPCAT2,0.7682187
6747,MANEA,0.5571036
6748,GTF2E2,0.69382715
6749,DPH7,0.79290396
6750,CCDC32,0.8621261
6751,ACAD10,0.76059467
6752,ADGRE2,0.66142404
6753,KLHL7,0.7317923
6754,MYLIP,0.6986676
6755,SIGLEC1,0.73747057
6756,NOP14,0.77831227
6757,SLC37A1,0.82065946
6758,TBC1D23,0.71839374
6759,MTPAP,0.85494703
6760,STK38,0.6146853
6761,DDHD1,0.58118945
6762,TIE1,0.75229686
6763,APOD,0.4632771
6764,GNB5,0.9003381
6765,OTUD7B,0.74547744
6766,CAPN12,0.51345474
6767,LYRM2,0.7211929
6768,QPCT,0.74341184
6769,CHST3,0.75839525
6770,MPHOSPH9,0.71114516
6771,ELP3,0.6374208
6772,RBM38,0.5646957
6773,RNF103,0.7387192
6774,CAD,0.7394557
6775,ALDH16A1,0.64867336
6776,ISG20L2,0.76055044
6777,SCAP,0.88978654
6778,ST3GAL6,0.69763976
6779,NRARP,0.70284724
6780,STAP2,0.7550666
6781,ACVR1,0.7238286
6782,HIST1H2AE,0.40250352
6783,GUCY1A2,0.82547927
6784,CLRN3,0.6797621
6785,RGL3,0.6976266
6786,ARPIN,0.821508
6787,VARS2,0.7387652
6788,ZNF226,0.7704077
6789,SREK1IP1,0.51143885
6790,PDRG1,0.8195431
6791,TUBGCP3,0.76378393
6792,NOP16,0.6147387
6793,CCDC58,0.7499647
6794,ZNF507,0.82591987
6795,GAPVD1,0.5781766
6796,CCDC159,0.84635526
6797,MFSD5,0.76003575
6798,STRN,0.7726826
6799,IFITM10,0.3711371
6800,LLGL2,0.7756915
6801,MKKS,0.7951329
6802,PRMT7,0.7050405
6803,EBF1,0.814852
6804,FOLR1,0.7415502
6805,MTIF2,0.7796338
6806,ITFG2,0.81021935
6807,PDCD7,0.6842046
6808,NUDCD1,0.73334837
6809,YTHDC2,0.6577273
6810,IPO11,0.75615174
6811,RESF1,0.4042412
6812,FXYD1,0.4854857
6813,PGM2,0.81264305
6814,ATP11C,0.77688295
6815,APC,0.77808833
6816,COMTD1,0.7542711
6817,RPTOR,0.82422656
6818,LDOC1,0.7019995
6819,SNUPN,0.75496763
6820,ZFYVE21,0.8725152
6821,C7orf26,0.7941613
6822,TOMM34,0.63197774
6823,TPST1,0.726172
6824,RIPOR2,0.48759285
6825,AAR2,0.8126598
6826,SH3BP4,0.83682203
6827,SOCS1,0.5714268
6828,MBP,0.65636724
6829,FCGR1A,0.6206417
6830,PARP3,0.80208874
6831,TSR1,0.63206625
6832,TCAF1,0.71897036
6833,DUSP16,0.65091896
6834,NIFK,0.6618746
6835,AHDC1,0.8080354
6836,SMARCAD1,0.81804675
6837,GTF2IRD1,0.72508734
6838,CLPB,0.80718756
6839,LRIG1,0.8526103
6840,ELMO2,0.8255895
6841,RASAL3,0.68667203
6842,LCLAT1,0.76602644
6843,VPS9D1,0.7802341
6844,TGFBRAP1,0.77353424
6845,TSEN15,0.74972314
6846,UTP11,0.82186514
6847,SCAF8,0.8104816
6848,ITGA11,0.7552941
6849,FEM1A,0.80114436
6850,NAT8,0.5115904
6851,CBL,0.75910336
6852,BCLAF3,0.89159185
6853,RILP,0.56233805
6854,PIK3R2,0.74873036
6855,MAD1L1,0.89583635
6856,TOP1MT,0.76085144
6857,SNX21,0.84274864
6858,NOTCH1,0.7299788
6859,PIDD1,0.5726856
6860,ARMC10,0.6332068
6861,BIN3,0.74582845
6862,NUDT9,0.8654457
6863,SOGA1,0.7811311
6864,TTC21B,0.87013006
6865,ASPA,0.8264704
6866,FOXP4,0.6550507
6867,RHOJ,0.80650705
6868,RICTOR,0.63067514
6869,CHMP2B,0.71657544
6870,ZNF3,0.84151787
6871,PPOX,0.77323014
6872,TMED8,0.84999436
6873,KRBOX4,0.7865924
6874,SIRT1,0.6758683
6875,BRPF3,0.7325444
6876,MTF2,0.6653566
6877,WDR37,0.8343207
6878,BICDL1,0.5826118
6879,TEPSIN,0.7878143
6880,AGA,0.66691893
6881,ANG,0.58248585
6882,GEMIN7,0.70682144
6883,SIPA1L3,0.6160146
6884,ARHGAP23,0.8128182
6885,KRAS,0.83749443
6886,PIGO,0.78473425
6887,CDKN2C,0.6710842
6888,HIST1H1E,0.53725415
6889,ABHD6,0.77597314
6890,ZNF518A,0.75591785
6891,OLR1,0.5453146
6892,KANSL1L,0.79336745
6893,LMF1,0.86733866
6894,ZMYM6,0.73882395
6895,FLVCR2,0.7149584
6896,MORC2,0.7472457
6897,DHX8,0.87475866
6898,SLC6A13,0.6820283
6899,AP4B1,0.74810904
6900,TEAD4,0.7176898
6901,ZNF219,0.74950486
6902,TSHZ2,0.5764316
6903,ZNF26,0.7497197
6904,UGGT2,0.84808606
6905,SATB1,0.68642014
6906,HSBP1L1,0.7984669
6907,C22orf39,0.64959866
6908,ABCA7,0.56601447
6909,SLC48A1,0.6895132
6910,XPNPEP3,0.70766467
6911,PTGER3,0.2648419
6912,FAAH,0.87875074
6913,TYSND1,0.8136137
6914,RAPH1,0.8009922
6915,CDK17,0.8067897
6916,NAA15,0.6868531
6917,SSBP2,0.7132893
6918,KLHL22,0.8637221
6919,GPN2,0.88463235
6920,RBP1,0.6836491
6921,SLC9A8,0.7558237
6922,NUP188,0.8364003
6923,TRIM21,0.7119665
6924,FAM83H,0.6232717
6925,PLEKHH3,0.81064457
6926,TENT4B,0.7457133
6927,GUF1,0.7610083
6928,MAP4K1,0.7116472
6929,WHAMM,0.7546839
6930,ORC2,0.7498884
6931,INAFM2,0.5135358
6932,GPR183,0.720751
6933,FMN1,0.42447996
6934,SH3RF1,0.8205107
6935,DSP,0.49054873
6936,TAF2,0.68846744
6937,PIGL,0.61201715
6938,CD96,0.7005548
6939,IFT46,0.8746082
6940,TMEM203,0.72048354
6941,KIF3A,0.746027
6942,APLNR,0.6758091
6943,POLG2,0.72489357
6944,SLC7A6OS,0.77466035
6945,SLC35E3,0.6174284
6946,CLEC16A,0.82778686
6947,ZNF444,0.8701296
6948,WRAP73,0.8360488
6949,CLEC11A,0.8313028
6950,MARCH1,0.64623624
6951,WDR77,0.86404127
6952,NID2,0.829055
6953,MIIP,0.7371175
6954,ANKRD13C,0.754675
6955,PCK2,0.7937219
6956,COG8,0.8071618
6957,MBD5,0.8697923
6958,EXOSC2,0.8008608
6959,HS6ST1,0.80006236
6960,C5orf46,0.5474051
6961,TTLL5,0.681938
6962,LAT,0.5647587
6963,GPR4,0.7467273
6964,CIDEB,0.6542452
6965,ZSWIM7,0.7754453
6966,CACTIN,0.8233575
6967,CPTP,0.7881248
6968,CRNKL1,0.72733116
6969,CSRP2,0.4334023
6970,RNMT,0.60754126
6971,ZNF337,0.7509928
6972,SLC7A6,0.5909086
6973,RSL24D1,0.45162615
6974,OTUD1,0.7738803
6975,MTMR11,0.7166602
6976,ALDH1L1,0.7290434
6977,XPO4,0.7686567
6978,INTS14,0.822908
6979,DPH3,0.70541924
6980,RPF1,0.7220016
6981,DYNC1LI1,0.8455627
6982,TIMM22,0.87564975
6983,WDFY2,0.83642036
6984,ACSS3,0.7704199
6985,MEGF9,0.68150496
6986,AGO4,0.7749262
6987,RUBCN,0.68126535
6988,MAPK12,0.714405
6989,CRTC2,0.73485774
6990,DCHS1,0.77305716
6991,UNKL,0.7516231
6992,MAP3K1,0.7697721
6993,FAM149B1,0.80529684
6994,FAM20A,0.608687
6995,TRIM65,0.66400284
6996,TGFB3,0.7589071
6997,CNOT10,0.7890431
6998,C18orf25,0.7255551
6999,TBCK,0.79466724
7000,FUNDC1,0.8547599
7001,UBTD2,0.81339484
7002,COQ7,0.8065622
7003,CNTRL,0.67688155
7004,URB1,0.7928291
7005,DNAJC30,0.80899113
7006,DTNBP1,0.6949435
7007,AMBRA1,0.8488098
7008,NOP9,0.7159426
7009,ST6GALNAC4,0.5117953
7010,TMEM175,0.7891678
7011,RHBDD3,0.7449685
7012,SAP25,0.6903682
7013,RAB11FIP1,0.55119836
7014,DENND4C,0.59549034
7015,FLT3LG,0.7261071
7016,DDX60L,0.6424721
7017,UBALD1,0.73807555
7018,SCN1B,0.7292262
7019,ICE1,0.77787477
7020,MNAT1,0.84630346
7021,MAP7D3,0.70180815
7022,MRM2,0.80980515
7023,ZNF25,0.8318119
7024,ZNF511,0.70309615
7025,FAM133B,0.74889636
7026,EPHA2,0.77837706
7027,TRAPPC11,0.7191544
7028,SCAF4,0.7340648
7029,GORASP1,0.81627417
7030,ZNF593,0.7707394
7031,SERINC5,0.72644645
7032,NRM,0.7683155
7033,MEX3C,0.6946404
7034,PTBP2,0.91389424
7035,ZNRF2,0.7567542
7036,SLC25A12,0.83574253
7037,IKZF3,0.674339
7038,CBFA2T2,0.7663922
7039,NRCAM,0.5753314
7040,CLIP2,0.75605434
7041,ZBTB18,0.8152723
7042,TSC1,0.8179762
7043,ADAM28,0.5351096
7044,GAL3ST4,0.7544005
7045,SLC39A3,0.6901167
7046,SEMA6B,0.71237606
7047,MSC,0.56460994
7048,GMNN,0.6055314
7049,NEO1,0.720639
7050,LIG1,0.83785105
7051,GCHFR,0.74777573
7052,ZNF586,0.6758225
7053,NAA25,0.8122211
7054,CNTROB,0.86443686
7055,EPG5,0.749383
7056,CTDP1,0.77820426
7057,SH3D21,0.75835174
7058,RBM18,0.8305679
7059,CES3,0.62709135
7060,ATP8B1,0.77833897
7061,EMC9,0.6986242
7062,COMMD8,0.6473757
7063,PAAF1,0.66372365
7064,CEPT1,0.6939337
7065,CHST2,0.7262841
7066,EPS15L1,0.8046491
7067,GXYLT2,0.62394124
7068,ACTL6A,0.6274818
7069,TMEM184C,0.71998596
7070,TMEM106C,0.7266856
7071,RNF169,0.6759768
7072,HIST1H2BN,0.39120588
7073,SEPSECS,0.82571894
7074,MIS18BP1,0.6649905
7075,C12orf45,0.76500684
7076,MRE11,0.49193528
7077,ZCCHC3,0.6972427
7078,ZNF43,0.8314958
7079,UAP1L1,0.71369314
7080,ZNF581,0.5392229
7081,B3GNT5,0.56543475
7082,NOM1,0.53641933
7083,FDX2,0.81608444
7084,HOXB2,0.635977
7085,REPS1,0.7791004
7086,BRAP,0.82913333
7087,DHX32,0.6089478
7088,MED22,0.8643585
7089,PPP1R8,0.6726406
7090,IFT172,0.74710923
7091,TUBB2A,0.61056846
7092,TMEM250,0.6453232
7093,TSHZ1,0.68485683
7094,KDM1B,0.6245816
7095,GGT7,0.7094925
7096,ZNF264,0.86330575
7097,ERMARD,0.8124647
7098,C2CD2,0.7354247
7099,LMOD1,0.7237215
7100,MAP3K12,0.8551876
7101,YBEY,0.6803145
7102,ARHGAP24,0.75708514
7103,ABCC6,0.69469255
7104,MED12,0.8956547
7105,LSS,0.7367177
7106,CNST,0.7262342
7107,APH1B,0.6794533
7108,MTHFD2,0.45838752
7109,BOC,0.52061445
7110,LATS1,0.6537469
7111,MUSTN1,0.695978
7112,STK3,0.70698494
7113,PDGFD,0.4901434
7114,QSOX2,0.737304
7115,TRIM11,0.7652084
7116,CEP120,0.6201899
7117,RIPK2,0.6189875
7118,CEP104,0.7434821
7119,BBS4,0.83515924
7120,PNPLA4,0.8709925
7121,MPND,0.84796244
7122,APOBEC3F,0.65347713
7123,DDX3Y,0.3136249
7124,TMCO4,0.6394859
7125,FHOD3,0.6865987
7126,VPS37C,0.87588596
7127,ORAI1,0.6540986
7128,APBA3,0.8500704
7129,PLGRKT,0.6393897
7130,GNG2,0.6436681
7131,POMT1,0.80060697
7132,CCDC43,0.7173598
7133,ZNF117,0.58566046
7134,PPIH,0.83254457
7135,WDR27,0.72890097
7136,FECH,0.7255556
7137,NFATC1,0.66337734
7138,SELENOI,0.7172211
7139,UBXN7,0.8161498
7140,C1D,0.6972986
7141,ALDH1B1,0.7524338
7142,PUS1,0.7424564
7143,NKAP,0.7574071
7144,TUSC1,0.80756325
7145,GXYLT1,0.6760618
7146,ARMT1,0.79758126
7147,PLAC9,0.7065339
7148,CASP7,0.7671563
7149,ZNF331,0.4105521
7150,HMCES,0.7548228
7151,TRPM7,0.75814366
7152,MARCH9,0.69479364
7153,TAB1,0.861147
7154,GTF2B,0.72825843
7155,ERG,0.9093
7156,NOSTRIN,0.78802586
7157,OGFOD2,0.82244784
7158,MAGI1,0.76658875
7159,NDUFA4,0.48225522
7160,MRS2,0.67435354
7161,ARHGAP15,0.7577869
7162,SDAD1,0.8033622
7163,HELLS,0.66751677
7164,MTSS2,0.75769144
7165,KCTD5,0.66737014
7166,NEK4,0.72597843
7167,RBFA,0.73299533
7168,CARMIL1,0.67309594
7169,IKZF5,0.81087416
7170,DUSP7,0.810787
7171,ING3,0.7471688
7172,SVBP,0.7425713
7173,ENDOV,0.7882581
7174,PEX6,0.7931765
7175,MCOLN1,0.77635485
7176,INAVA,0.75076467
7177,CSGALNACT1,0.760313
7178,MPDZ,0.828751
7179,DUS3L,0.7606532
7180,FAM76A,0.7401235
7181,HOXD9,0.7323978
7182,MGME1,0.65503997
7183,GRK5,0.9029832
7184,USF1,0.55319023
7185,FCF1,0.8030463
7186,TRMT1L,0.8319249
7187,EXOSC9,0.69983524
7188,ASH2L,0.76589555
7189,ZNF621,0.75921273
7190,ARAP3,0.8484157
7191,SPRED2,0.80316037
7192,ADNP2,0.71596235
7193,MCTP2,0.6087938
7194,FCHSD1,0.71510345
7195,STXBP4,0.74391246
7196,ARMCX1,0.7292283
7197,NOX4,0.5999295
7198,SLC35E2A,0.7623761
7199,CC2D1A,0.84465057
7200,ABCC9,0.7854419
7201,ZNF462,0.72331834
7202,DTWD1,0.71401864
7203,GNAI1,0.85452795
7204,HECW2,0.8181526
7205,KLRK1,0.5828075
7206,SPON1,0.6346864
7207,PTHLH,0.7316196
7208,KDELR3,0.6796014
7209,SCLT1,0.73173493
7210,FRS2,0.7991803
7211,RNF217,0.67442983
7212,CENPS,0.71723133
7213,SLC12A6,0.7255071
7214,ACTR3C,0.7611576
7215,C20orf194,0.87653965
7216,KBTBD11,0.68128914
7217,ACSS2,0.61111856
7218,CMTM4,0.7638755
7219,DENND11,0.8532841
7220,SMAGP,0.792788
7221,MUL1,0.69069386
7222,DCP1A,0.7777032
7223,STN1,0.72380584
7224,PNO1,0.73406917
7225,SHC2,0.84833604
7226,SYNM,0.63950795
7227,MEN1,0.87709856
7228,CDKN1C,0.5235833
7229,SNX15,0.744354
7230,DNAJC14,0.7962902
7231,USP19,0.8607872
7232,WBP4,0.7329924
7233,GLB1L,0.6693027
7234,DGKH,0.6755205
7235,TOPBP1,0.685527
7236,MIS12,0.6424618
7237,SIRT5,0.7603519
7238,ZBTB1,0.5957729
7239,COG2,0.69742674
7240,RPA2,0.54902995
7241,GSDME,0.59965795
7242,FAM98C,0.84690017
7243,SNX11,0.7191687
7244,NCF4,0.75874346
7245,REST,0.64905494
7246,TRIM23,0.6124939
7247,PPARG,0.6210843
7248,RTEL1,0.79753286
7249,CWF19L2,0.7943809
7250,GSKIP,0.56517935
7251,NAA30,0.77008337
7252,SESTD1,0.6389361
7253,HSD17B12,0.5748006
7254,ZNF700,0.66358304
7255,SLC7A7,0.40338692
7256,RRNAD1,0.80127627
7257,ST7,0.72210884
7258,CSKMT,0.518318
7259,RAPGEF3,0.75406724
7260,RAB28,0.75869733
7261,DIS3L2,0.8207447
7262,DENND6B,0.82687306
7263,SAMSN1,0.7622362
7264,MAP1S,0.6436278
7265,CLOCK,0.77469295
7266,TK1,0.58795005
7267,GAS2L3,0.7733533
7268,MCAT,0.8411906
7269,PSMG1,0.58719933
7270,SH3BP5L,0.6979468
7271,SLC35A2,0.79921055
7272,PEX16,0.78782344
7273,RNFT1,0.69199353
7274,RCL1,0.66060513
7275,HIST1H4E,0.36189738
7276,ABHD14A,0.786007
7277,TFCP2L1,0.68810576
7278,SMC6,0.70786095
7279,SPRY2,0.6862759
7280,TNFAIP8L1,0.8067662
7281,KLHDC8B,0.81257653
7282,ABHD4,0.7593625
7283,PDLIM4,0.70167774
7284,PLEKHG3,0.80002016
7285,NTMT1,0.7779941
7286,SLC41A1,0.77728575
7287,METRN,0.6440221
7288,TPX2,0.47175992
7289,ETV3,0.7306683
7290,ALDH4A1,0.5806821
7291,RASSF5,0.74576306
7292,LRATD2,0.75678796
7293,CEP68,0.76135105
7294,SLC26A2,0.56038886
7295,PLA2G4C,0.68298763
7296,RNF2,0.68514943
7297,CC2D2A,0.655917
7298,CALML4,0.49643025
7299,SPTLC3,0.84167916
7300,ZNF426,0.6570437
7301,HPS5,0.68923634
7302,MPP6,0.7660262
7303,ANKRD50,0.86823916
7304,ASMTL,0.6489798
7305,SPOUT1,0.86335593
7306,ZCCHC10,0.7606781
7307,MGA,0.7905012
7308,EIF1AD,0.7249375
7309,PBDC1,0.74642634
7310,TRAPPC13,0.69962955
7311,MTERF3,0.698921
7312,SYNGAP1,0.68070203
7313,AUH,0.8863259
7314,MCU,0.7116408
7315,ACP6,0.7110524
7316,ATPSCKMT,0.70333576
7317,RWDD2B,0.71261233
7318,ADCK2,0.57032394
7319,ACOX3,0.8021621
7320,STRADA,0.75318116
7321,IQCK,0.7459008
7322,PPM1K,0.74366766
7323,GALE,0.6979266
7324,CPT1A,0.672537
7325,CNOT11,0.7713948
7326,PM20D2,0.6915203
7327,MTURN,0.78510326
7328,ZNF528,0.7291193
7329,LGI4,0.51538783
7330,LGALSL,0.83397675
7331,IRF2BPL,0.7427103
7332,ZNF623,0.7492297
7333,RMND5B,0.72078127
7334,RELB,0.61056376
7335,L3HYPDH,0.7258615
7336,IGIP,0.77232295
7337,MDP1,0.697301
7338,ATF1,0.8105605
7339,ITGA9,0.86453885
7340,PGAP3,0.8411312
7341,RPAP2,0.67435366
7342,NCF2,0.7104376
7343,RANBP10,0.77884245
7344,WDR44,0.7383704
7345,TARS2,0.7476318
7346,C16orf70,0.7600994
7347,LY75,0.37119412
7348,CHD8,0.6608309
7349,PRAF2,0.6953936
7350,RNF24,0.6683008
7351,CYB5R4,0.6369819
7352,DDR2,0.7406971
7353,TULP3,0.7908202
7354,ZNF641,0.90097755
7355,NCF1,0.5351747
7356,RUNX3,0.58812624
7357,NCKAP5L,0.7614892
7358,ZNF335,0.7904826
7359,TOP3A,0.6099283
7360,ARFIP1,0.7801521
7361,ZNF37A,0.6051379
7362,CIAPIN1,0.7187522
7363,DHRS7B,0.7992994
7364,MEGF8,0.8453815
7365,NMB,0.44630107
7366,FARS2,0.70455116
7367,NDN,0.7177103
7368,ARHGEF9,0.7737613
7369,TERF2,0.8018823
7370,GGPS1,0.8522193
7371,RBBP8,0.83374494
7372,HAUS6,0.61379844
7373,CDA,0.61605805
7374,SLC37A3,0.77169675
7375,CUTC,0.70357203
7376,JRK,0.7979772
7377,IQCB1,0.6837788
7378,NXN,0.65849936
7379,REV1,0.789499
7380,MECR,0.80515295
7381,ZNF160,0.6502592
7382,INO80C,0.76862526
7383,TMEM139,0.7202745
7384,MINPP1,0.5859334
7385,RGP1,0.72815603
7386,EIF2B4,0.69694066
7387,AMT,0.7228999
7388,DSC2,0.6768543
7389,DLST,0.73812366
7390,SASH3,0.6745785
7391,SNX24,0.7389002
7392,PLD2,0.7131199
7393,CHM,0.83273154
7394,DCBLD1,0.5950098
7395,EFCAB2,0.8896856
7396,TRAPPC8,0.64481753
7397,C2orf69,0.6628261
7398,AP1S3,0.7127471
7399,HIST1H3H,0.38016438
7400,IL15,0.80265445
7401,PTN,0.666294
7402,CEP192,0.56982064
7403,ATR,0.69237065
7404,MX2,0.6469715
7405,ZMYM3,0.78567296
7406,KIF2A,0.61744493
7407,SLC45A4,0.6563086
7408,TYW3,0.78595304
7409,HIST1H2BG,0.52474016
7410,FLAD1,0.7160337
7411,TRAF3IP3,0.6428907
7412,PHF6,0.77706915
7413,PRIMPOL,0.6943999
7414,TTC39A,0.82755345
7415,KCNK3,0.600607
7416,MCM4,0.65857077
7417,CCDC86,0.7118915
7418,TMLHE,0.8231337
7419,LAT2,0.6311427
7420,PODN,0.81841666
7421,TEP1,0.77716476
7422,TRAF3IP1,0.611599
7423,ADK,0.86462075
7424,ABHD17B,0.80989105
7425,ANKRD39,0.62174547
7426,PDZD2,0.47907075
7427,UBXN2A,0.5943979
7428,DENND5B,0.64913255
7429,TARBP2,0.83632255
7430,CEP170B,0.7962349
7431,RUSC2,0.8223631
7432,FCMR,0.70177203
7433,TSNARE1,0.64177984
7434,MFAP1,0.757678
7435,NUDT14,0.75222045
7436,TGFBR3,0.77146244
7437,FANCL,0.6856671
7438,SAP130,0.67939466
7439,PEX1,0.8294199
7440,USP42,0.7266042
7441,MTRF1L,0.7588758
7442,R3HDM1,0.7961819
7443,EXD3,0.8332827
7444,ADAM12,0.7545824
7445,NCS1,0.7015235
7446,CASTOR1,0.79192644
7447,MLYCD,0.75912386
7448,ZNF267,0.6570901
7449,SLC9A9,0.5706203
7450,PSMC1,0.5925724
7451,ZFYVE28,0.6979794
7452,CCNT1,0.712941
7453,PI4K2A,0.5870887
7454,ZKSCAN8,0.7894147
7455,UBN2,0.7751898
7456,DDX31,0.76725477
7457,COPS4,0.69032997
7458,SH3PXD2B,0.74736285
7459,TTC13,0.7254974
7460,DHDDS,0.61026984
7461,PHTF1,0.597629
7462,NIPAL3,0.65159786
7463,ACCS,0.8007278
7464,SF3B4,0.72080374
7465,TFPT,0.72151136
7466,MINDY3,0.76901126
7467,NAB2,0.5747567
7468,LRP11,0.58135074
7469,HIC1,0.86292267
7470,TOM1L2,0.8250728
7471,WDR48,0.8251938
7472,CWC22,0.73558044
7473,KCTD2,0.8053606
7474,TRAF2,0.65884984
7475,RCC1,0.6989232
7476,ACYP1,0.7981374
7477,GPATCH4,0.8084316
7478,ATP10A,0.82403725
7479,ASRGL1,0.6479259
7480,PCOLCE2,0.4364517
7481,CPED1,0.74785274
7482,CHRNB1,0.76702887
7483,GAB2,0.77279705
7484,TENT5C,0.7200621
7485,MACROD1,0.5831873
7486,RIPK4,0.8211556
7487,SERPINA3,0.3694886
7488,INO80,0.7350133
7489,CACNA2D1,0.5382297
7490,CCDC88C,0.66542983
7491,HOXA10,0.62845945
7492,DDX51,0.8563518
7493,SRPX2,0.68843955
7494,NFASC,0.7029217
7495,GJB2,0.42081627
7496,SMYD3,0.6208622
7497,NMT2,0.6883169
7498,PPP1R16B,0.73733354
7499,HERC3,0.712756
7500,EML2,0.692636
7501,TMEM39A,0.7026239
7502,BMERB1,0.63749176
7503,ELMO3,0.53792167
7504,BTNL9,0.52006835
7505,ITPKB,0.6676201
7506,MIER2,0.86459583
7507,MAPK10,0.8021848
7508,ZMAT5,0.68025976
7509,MTCL1,0.6900044
7510,OSBPL1A,0.78768116
7511,UQCRFS1,0.30079874
7512,ANKMY2,0.6331235
7513,TRAM2,0.8280632
7514,TUBE1,0.70378137
7515,PPRC1,0.7161135
7516,ANKRD22,0.70899487
7517,ORC3,0.7482353
7518,CYTH3,0.8499255
7519,LRSAM1,0.72818494
7520,ODF2,0.71396565
7521,PSMD5,0.6558935
7522,DZIP3,0.8943562
7523,FBXL20,0.83919615
7524,TSPAN18,0.72154236
7525,ERMP1,0.8206007
7526,MMP19,0.5797605
7527,DGKZ,0.5883799
7528,HCCS,0.7412844
7529,TBC1D13,0.7365017
7530,PAQR7,0.6862893
7531,ASB1,0.7406731
7532,C17orf75,0.8528919
7533,CDC23,0.72907954
7534,ZNF766,0.652488
7535,SLC38A7,0.5558552
7536,ZFP64,0.79007244
7537,ZNF316,0.70631677
7538,ALKBH2,0.84015775
7539,TANGO2,0.69188195
7540,PLCB1,0.571693
7541,GSTM3,0.73335147
7542,LURAP1L,0.7853217
7543,ARL6IP6,0.8145056
7544,CCN3,0.6926941
7545,CEP44,0.6859787
7546,RDX,0.49153706
7547,APIP,0.7333496
7548,ZCCHC8,0.79174685
7549,ANGEL2,0.75807524
7550,NSMCE3,0.5414191
7551,SERTAD3,0.7609258
7552,UMPS,0.697666
7553,FGFR4,0.8378516
7554,TTC39C,0.48527464
7555,DMD,0.8393884
7556,ZFYVE19,0.76968485
7557,ZNF385A,0.87810564
7558,B9D1,0.87377805
7559,NPNT,0.5950276
7560,RIOK1,0.6536142
7561,TDG,0.67956305
7562,TRPS1,0.57886666
7563,MAGOHB,0.75083405
7564,HMBOX1,0.813832
7565,HDHD5,0.6931223
7566,FTSJ1,0.74405056
7567,C17orf58,0.692791
7568,ITGB3,0.58775514
7569,YJU2,0.89706725
7570,CSRNP1,0.4707897
7571,DNAJC9,0.6982086
7572,TMEM138,0.81976837
7573,FUZ,0.7613856
7574,DNAL4,0.7383256
7575,MRAS,0.4920586
7576,RARRES1,0.470614
7577,PIK3R4,0.75105125
7578,DNAJA4,0.7738654
7579,EXOC1,0.4795483
7580,NGDN,0.8994181
7581,MMUT,0.8385403
7582,ARHGEF16,0.85695046
7583,ACSF2,0.5760698
7584,SHROOM1,0.6149246
7585,HINFP,0.7639458
7586,NGLY1,0.69289756
7587,ECHDC3,0.72258925
7588,S100A2,0.71919155
7589,FOXC2,0.8190802
7590,SLC2A8,0.6809754
7591,MTMR1,0.79340583
7592,ACBD4,0.6875823
7593,MNT,0.72081333
7594,ELMOD3,0.8456245
7595,THOC6,0.6955337
7596,C2orf49,0.77515954
7597,SNAPC5,0.6191649
7598,PRIMA1,0.6472825
7599,SEC14L6,0.8715084
7600,SETD1B,0.58594996
7601,KITLG,0.68427134
7602,CMSS1,0.8118066
7603,DTYMK,0.7126498
7604,ABHD11,0.8933268
7605,RCE1,0.6393072
7606,SLCO4C1,0.6602244
7607,GRK6,0.6943392
7608,LRATD1,0.5433517
7609,THADA,0.70191383
7610,NUS1,0.454246
7611,BMPR1A,0.80406505
7612,BCKDHB,0.7293808
7613,MFSD4B,0.80826783
7614,HDDC3,0.84664387
7615,EXOC6B,0.8748893
7616,CDK5RAP1,0.7838357
7617,POLA2,0.6628983
7618,MCUB,0.6186318
7619,METTL22,0.83298445
7620,GLE1,0.7395177
7621,XPA,0.80290437
7622,ING5,0.8580467
7623,ACD,0.7178819
7624,PIGH,0.76572657
7625,RRAGB,0.6760736
7626,KYNU,0.49581906
7627,AEN,0.4786146
7628,GTF2A2,0.501791
7629,IFIT5,0.6142612
7630,RAPGEF6,0.68508536
7631,RABIF,0.68859386
7632,DCAKD,0.6862209
7633,MAMDC4,0.71684
7634,TRIM69,0.5517766
7635,STARD4,0.7321995
7636,C9orf64,0.8523426
7637,ZNF268,0.77881694
7638,ALKBH3,0.8704334
7639,PIP4K2C,0.75059015
7640,TBC1D25,0.82862264
7641,PRKAB2,0.7015104
7642,DHX29,0.8117799
7643,ITGAL,0.5419008
7644,BPNT1,0.7710843
7645,SPRYD4,0.8005826
7646,CEP164,0.9108315
7647,TMEM223,0.7132507
7648,KCNMB1,0.78742766
7649,RASGRP1,0.634487
7650,HLX,0.75082475
7651,CLYBL,0.80469424
7652,SMIM27,0.6850607
7653,SLC17A5,0.66585016
7654,FXR2,0.80849165
7655,HIST1H3D,0.63713175
7656,APOC2,0.48967004
7657,GSDMB,0.67876893
7658,EXOSC1,0.755923
7659,ZC3H12C,0.6918127
7660,CLUAP1,0.745326
7661,EPHA7,0.58262223
7662,VAV1,0.59521824
7663,ZNF141,0.65972614
7664,POLR1A,0.6500514
7665,DENND1B,0.5701006
7666,AREL1,0.772682
7667,PLCB3,0.68884903
7668,PPIL1,0.71741027
7669,AHCYL2,0.68187404
7670,BICRA,0.68560714
7671,LMBRD2,0.64484406
7672,CSTA,0.6128729
7673,FIBIN,0.69127613
7674,MSL3,0.67055947
7675,RBM48,0.6083257
7676,COL5A3,0.68525964
7677,NUMBL,0.7958686
7678,SOCS6,0.7529822
7679,ZNF101,0.59331304
7680,STRIP1,0.8295091
7681,RDH5,0.6968026
7682,SLC35D1,0.62471133
7683,RANGRF,0.8269021
7684,SH2D3C,0.7964284
7685,STAMBPL1,0.61739796
7686,CEP70,0.7737334
7687,WDR3,0.7051309
7688,SLC35C1,0.56733894
7689,ATAD2B,0.6217533
7690,TMEM218,0.7550085
7691,PPARA,0.6667215
7692,JAK2,0.7664142
7693,MINDY1,0.86476725
7694,PFKFB4,0.6327462
7695,COG6,0.75585955
7696,SLC12A2,0.6632201
7697,INTS7,0.583322
7698,LIG3,0.7642422
7699,MIGA2,0.7855497
7700,GABRE,0.6732919
7701,SLAMF6,0.73293
7702,RNF214,0.6567803
7703,NUDT19,0.7968939
7704,SCML1,0.7147425
7705,UVSSA,0.54631585
7706,RFC5,0.8371904
7707,POLR3A,0.75937337
7708,LY6G5B,0.86192983
7709,FBXL19,0.82094383
7710,TIMM21,0.7751916
7711,AP5B1,0.72366005
7712,EXOC2,0.6434874
7713,FAM43A,0.7728544
7714,PTRH2,0.7227931
7715,ABHD18,0.810437
7716,LRIG2,0.81192
7717,CCR1,0.65284437
7718,LYPLA2,0.53592104
7719,APOM,0.6451653
7720,HOXD8,0.7940059
7721,ZNF587B,0.6580871
7722,SCIN,0.5025088
7723,LCK,0.6309926
7724,SLC25A26,0.8393109
7725,GTPBP10,0.74268603
7726,PTGR2,0.7313799
7727,PRKCZ,0.68742365
7728,PECR,0.79124
7729,SLC25A40,0.55812794
7730,NOC4L,0.66291624
7731,EDC3,0.81158715
7732,MFSD6,0.60267943
7733,MAP7,0.7981364
7734,THUMPD3,0.71581405
7735,ZBTB41,0.68015695
7736,HIRIP3,0.6902397
7737,ETNK2,0.77707976
7738,AIMP2,0.6199719
7739,WDR19,0.78616065
7740,ZNF436,0.6735278
7741,SIRT6,0.73651123
7742,TLCD3A,0.70168924
7743,DMGDH,0.6692936
7744,SLC2A9,0.668374
7745,TRIM66,0.65937847
7746,HMGXB4,0.69694704
7747,PCSK5,0.7088139
7748,LILRB4,0.65744054
7749,DTX2,0.74791723
7750,CASP10,0.7496722
7751,MLH1,0.73518497
7752,DHX34,0.7402639
7753,TMEM14B,0.4866897
7754,PKDCC,0.68215734
7755,BANP,0.53310496
7756,RXYLT1,0.73450756
7757,BPGM,0.78599614
7758,MID1,0.51028305
7759,BAHD1,0.69834477
7760,CCDC117,0.6019392
7761,CAAP1,0.8119579
7762,AGER,0.7560105
7763,RLF,0.61271185
7764,PPP1R13B,0.836245
7765,PGAP2,0.8538079
7766,ERCC6,0.6564135
7767,C20orf27,0.6108616
7768,RAD51C,0.7297547
7769,TRAF1,0.5771366
7770,DAAM1,0.7138671
7771,CLDN2,0.53314036
7772,PCDH12,0.8114464
7773,PLEKHM1,0.793547
7774,ZNRF1,0.7581303
7775,ZNF827,0.82139945
7776,DHCR7,0.6863303
7777,DARS2,0.5665947
7778,HCK,0.5240395
7779,FMO1,0.73436946
7780,HKDC1,0.7463836
7781,ENTPD7,0.63686085
7782,NUP133,0.8014993
7783,ABCC10,0.7847211
7784,PSPH,0.6490876
7785,GMDS,0.77909654
7786,OPLAH,0.76511663
7787,TTC33,0.7504337
7788,GTF2H4,0.7302115
7789,ANAPC2,0.7699247
7790,PILRA,0.6067348
7791,PCLAF,0.6853938
7792,CYP51A1,0.6819291
7793,DLG3,0.800014
7794,CCL20,0.37750056
7795,SPTY2D1,0.7505455
7796,GPN3,0.7348241
7797,FNTB,0.7708846
7798,IFT88,0.7281297
7799,RSPH3,0.7031786
7800,CADPS2,0.8302393
7801,C11orf71,0.73752636
7802,DNAJC24,0.80963016
7803,ASPN,0.578288
7804,LYRM7,0.79541224
7805,NEDD4,0.5766703
7806,KCTD17,0.7268614
7807,USP31,0.7787904
7808,FAM114A2,0.621133
7809,RBKS,0.79809904
7810,ZNF263,0.80385
7811,HLTF,0.78763324
7812,PANK4,0.7954986
7813,SKA2,0.6264362
7814,ARHGAP22,0.61825037
7815,ATPAF2,0.91603917
7816,SSB,0.49549818
7817,SH3BGRL2,0.73215324
7818,TMEM200A,0.7771609
7819,VWA8,0.69574875
7820,COG5,0.65469426
7821,ZNF140,0.8098295
7822,CLCN6,0.8620553
7823,PKNOX1,0.7358287
7824,SUGP1,0.7413166
7825,CALHM2,0.7646744
7826,CIT,0.5499121
7827,USP21,0.7880268
7828,MOK,0.77685255
7829,DNAJC16,0.8109954
7830,RFT1,0.78775406
7831,TMEM47,0.67066145
7832,LPCAT4,0.7889748
7833,NPR1,0.58608204
7834,BICRAL,0.6702377
7835,ASB3,0.7172353
7836,KPNA6,0.71050066
7837,SLC19A2,0.39294592
7838,NCBP2AS2,0.6818833
7839,INPP1,0.7572806
7840,UNC119,0.5638351
7841,FBXO34,0.6453288
7842,FAM126A,0.6515537
7843,HEPH,0.79897547
7844,ZNF281,0.4866213
7845,SFT2D1,0.57212263
7846,NRBF2,0.5710565
7847,ALPK1,0.7545939
7848,FBXL12,0.7723127
7849,FCGBP,0.24969648
7850,ANKRD42,0.78841335
7851,ARHGEF3,0.8385594
7852,PARG,0.77498597
7853,GABPB2,0.774699
7854,ADO,0.5865674
7855,MMD,0.55150926
7856,CHRD,0.51267296
7857,SLC35B4,0.8099051
7858,GAS7,0.5999534
7859,CARD11,0.62966114
7860,HAUS2,0.57876915
7861,PLA2G4B,0.68927044
7862,ECT2,0.50545293
7863,NEK1,0.7405932
7864,SIAH1,0.82804817
7865,RSBN1,0.7227607
7866,ELP4,0.7338445
7867,TIMM23,0.678986
7868,NACC2,0.66514975
7869,GNPNAT1,0.71229887
7870,ATG2A,0.7299562
7871,ANKRD27,0.6649952
7872,MBOAT2,0.6716514
7873,CTNS,0.66554004
7874,GABPA,0.6901769
7875,C11orf80,0.71064156
7876,RPP38,0.7917368
7877,IMMP1L,0.6955388
7878,CAPS,0.64902645
7879,CDR2L,0.72739387
7880,ALKBH6,0.8088228
7881,TPD52L1,0.5132291
7882,ORC5,0.6835129
7883,FAM229B,0.69437844
7884,ZNF862,0.77487856
7885,ABRAXAS1,0.8275568
7886,EXOSC5,0.5726412
7887,TSPAN7,0.6666507
7888,DCDC2,0.62729096
7889,ANKS3,0.62119037
7890,FKBP14,0.64880085
7891,GPR89B,0.740753
7892,CTPS1,0.6243314
7893,PPFIBP2,0.80220217
7894,FRK,0.7659273
7895,DAAM2,0.7985647
7896,RFC4,0.8052599
7897,RPUSD4,0.6823502
7898,DIS3L,0.68857527
7899,RNF6,0.6423914
7900,C12orf76,0.76695114
7901,LTV1,0.812958
7902,GFOD1,0.7190977
7903,BCL6B,0.7861745
7904,TACO1,0.7567465
7905,DPH5,0.8080898
7906,TTC23,0.7943124
7907,ZNF397,0.5922865
7908,TCP11L1,0.6955784
7909,RASSF6,0.6335974
7910,PLEKHA8,0.64188117
7911,TIMM29,0.73294777
7912,TSEN54,0.6086351
7913,LZTS1,0.7060518
7914,SCN9A,0.5585012
7915,PLEKHG1,0.76624084
7916,PCYT2,0.58538824
7917,NPRL2,0.7379622
7918,DSN1,0.6954542
7919,RRAGC,0.50651515
7920,NLGN1,0.58651274
7921,HECTD2,0.77210593
7922,TANC2,0.62547946
7923,SESN2,0.7781542
7924,HOXC6,0.77943176
7925,ARL17A,0.38906506
7926,PRKAA2,0.78529686
7927,CGREF1,0.6468537
7928,DOCK7,0.7793432
7929,GIMAP7,0.47198722
7930,GPR155,0.5582828
7931,FRY,0.7697261
7932,DOP1B,0.54947704
7933,GPANK1,0.7386589
7934,UBAP2,0.7390798
7935,NDUFAF7,0.8428691
7936,LPAR2,0.6651149
7937,PLCD3,0.551653
7938,SPRYD7,0.7721918
7939,HIST1H2AG,0.5091185
7940,KLF16,0.61128455
7941,NAA35,0.75361866
7942,NFYB,0.6028804
7943,NFATC4,0.798984
7944,KRT7,0.3240207
7945,PPL,0.7707918
7946,GNE,0.61054397
7947,XPO5,0.7071287
7948,TCHP,0.75550836
7949,GLCCI1,0.73728037
7950,CRY1,0.6315874
7951,PTPN3,0.84844226
7952,ZDHHC1,0.795338
7953,HSPBP1,0.77697533
7954,HACD4,0.6471645
7955,TEAD2,0.8512628
7956,MBTPS2,0.71301
7957,FGB,0.4022325
7958,KCNK1,0.66104233
7959,UMAD1,0.7023533
7960,GLIS3,0.8813758
7961,SCNN1A,0.42100906
7962,ABCA5,0.6957064
7963,MEIS2,0.7297688
7964,ZNF524,0.57844776
7965,CDYL,0.721862
7966,BLOC1S4,0.65733725
7967,SDSL,0.7006757
7968,KANK3,0.7109243
7969,DUSP2,0.5499927
7970,PTPN4,0.7875723
7971,HAVCR1,0.47932386
7972,TRANK1,0.783884
7973,CSNK1G1,0.8600847
7974,RCOR1,0.7898914
7975,PDSS2,0.7537411
7976,DHX35,0.684387
7977,MIOX,0.44294563
7978,PSTPIP2,0.6027836
7979,PGAM5,0.7824133
7980,ZNF432,0.6192991
7981,SLC25A10,0.8001388
7982,PXK,0.6930432
7983,CD7,0.52309793
7984,PRKCA,0.57088256
7985,USP2,0.70904416
7986,ZNF548,0.7440081
7987,IQCE,0.72844625
7988,AASS,0.7403756
7989,NPAT,0.68927187
7990,UPRT,0.7332017
7991,ZNF274,0.65263957
7992,TMEM242,0.8338769
7993,IGF1,0.46153304
7994,LSG1,0.75315094
7995,TC2N,0.615439
7996,FOXRED1,0.8313196
7997,PDE3A,0.728038
7998,ALPL,0.6069618
7999,ANKRD54,0.8152495
8000,HSPA13,0.39035773
8001,MOSPD3,0.69167876
8002,ADHFE1,0.7820514
8003,MAFG,0.7027833
8004,SIRT3,0.6518971
8005,ZBTB43,0.8480795
8006,PDE2A,0.78418636
8007,TMEM254,0.7187834
8008,EPOR,0.82804364
8009,GFOD2,0.7437818
8010,MTHFSD,0.7927576
8011,SEC16B,0.6921881
8012,GLRX2,0.6658617
8013,DCUN1D2,0.7417226
8014,ZNF736,0.76198214
8015,ABCC2,0.6550935
8016,AACS,0.71919966
8017,METTL7B,0.7327347
8018,JPH2,0.4420483
8019,ZMYM5,0.42649913
8020,DPH2,0.7976024
8021,PPP2R3B,0.70791596
8022,POLR1B,0.6117134
8023,TICAM1,0.66939616
8024,SOX9,0.6944809
8025,DNAJC17,0.7412343
8026,SETD1A,0.8584816
8027,SLC17A9,0.3238093
8028,CASP3,0.6751187
8029,AGFG2,0.62931067
8030,C3orf38,0.63850725
8031,ZNF354A,0.70165867
8032,FGG,0.588703
8033,DGKQ,0.7079108
8034,GPR65,0.64280915
8035,AMMECR1L,0.712631
8036,WDFY4,0.75563765
8037,LINS1,0.509985
8038,PLEKHA6,0.7707446
8039,KCTD7,0.6485628
8040,RNF113A,0.6645933
8041,CDC37L1,0.81186205
8042,KATNAL1,0.6791529
8043,METTL16,0.6667123
8044,TTI1,0.6961302
8045,SLC44A3,0.74051887
8046,EMX2,0.7573033
8047,SPATA18,0.68894315
8048,SURF2,0.7906447
8049,KCTD15,0.86731863
8050,DOK1,0.64228517
8051,SOX12,0.6642674
8052,GPR176,0.76255655
8053,TACSTD2,0.47514513
8054,ABHD15,0.69869846
8055,SLC9A6,0.80239135
8056,WDR12,0.83387786
8057,AP3M2,0.7432053
8058,SLC38A6,0.6621326
8059,TCF21,0.5686883
8060,MYRF,0.7079332
8061,TMEM80,0.68287534
8062,SS18L1,0.83201694
8063,PLEKHG5,0.68832046
8064,HLCS,0.78139573
8065,POU2AF1,0.76960534
8066,HRH2,0.60355383
8067,FAM217B,0.5771213
8068,C9orf85,0.8370822
8069,SNN,0.64036804
8070,AGL,0.8098314
8071,CBLL1,0.8057628
8072,SLC26A6,0.74442273
8073,LHPP,0.75286037
8074,OBI1,0.71633023
8075,TBCC,0.4775134
8076,RAB36,0.72852373
8077,SNX18,0.54097646
8078,FABP7,0.5594508
8079,UPF3B,0.5728049
8080,FBXO33,0.63695854
8081,CISH,0.6442022
8082,ICA1,0.70064825
8083,TRMT2B,0.6057034
8084,ADAMTSL2,0.734135
8085,ERI2,0.7610014
8086,YEATS4,0.7767227
8087,GTPBP3,0.65963763
8088,CPT2,0.7199512
8089,PRICKLE2,0.6984109
8090,RPAP1,0.78047246
8091,RIC8B,0.77393574
8092,RCHY1,0.6791263
8093,CLEC4A,0.43243444
8094,TCF19,0.5555328
8095,R3HCC1L,0.7437411
8096,USP6NL,0.7567087
8097,TSPAN2,0.5604119
8098,HLA-G,0.5179482
8099,WDR7,0.7990437
8100,NCDN,0.7913868
8101,ADCY4,0.8199127
8102,AAGAB,0.6997985
8103,CRADD,0.73748463
8104,KIAA0753,0.86142737
8105,CXorf56,0.74425745
8106,SLC26A11,0.52420205
8107,ETAA1,0.70678115
8108,ITGB7,0.5965429
8109,TMEM220,0.75618124
8110,STAM,0.64909285
8111,TACC3,0.54798967
8112,SUSD2,0.42756543
8113,CTSW,0.42661527
8114,ARL10,0.6939134
8115,AIFM2,0.6987007
8116,POU2F1,0.73889583
8117,PIGN,0.6828055
8118,MKRN2,0.77871317
8119,USP20,0.7954548
8120,NFKBIL1,0.7728699
8121,FAM102B,0.6757121
8122,SPATA33,0.75147647
8123,PDE4B,0.6201446
8124,TMEM50B,0.5335718
8125,HOGA1,0.74473006
8126,FBXO8,0.45905164
8127,CCDC9,0.70477414
8128,TAF4,0.6834987
8129,NAV2,0.80901474
8130,LRRC42,0.6718338
8131,EDRF1,0.77822
8132,RBBP5,0.6991543
8133,HDAC8,0.6805424
8134,LYSMD3,0.5609312
8135,DBP,0.5559847
8136,CLIC2,0.55484337
8137,CCDC174,0.6942703
8138,DMKN,0.61783856
8139,MSANTD4,0.74617696
8140,CXCL2,0.31309843
8141,STYX,0.73975664
8142,AGK,0.74083704
8143,NIPA1,0.7849547
8144,RBMXL1,0.8387084
8145,MFAP3L,0.7674989
8146,CMTR2,0.69521576
8147,PEX10,0.7693653
8148,NFXL1,0.69061524
8149,ARSE,0.72344714
8150,BTBD9,0.7264543
8151,HSD17B8,0.75861025
8152,IKBKE,0.6970647
8153,KIAA2026,0.7030642
8154,DONSON,0.6774251
8155,CD3G,0.5814282
8156,FN3K,0.6890244
8157,DUSP14,0.6193996
8158,SWI5,0.7055767
8159,PAQR5,0.61219686
8160,SRPK1,0.7057473
8161,C15orf39,0.632981
8162,GFM2,0.74449015
8163,EARS2,0.71554345
8164,HIST1H4D,0.39350954
8165,PIK3R5,0.5748725
8166,SNAPC1,0.71862906
8167,PFAS,0.7993596
8168,MAD2L1BP,0.8698435
8169,CAMK2G,0.7597373
8170,CRAMP1,0.8276133
8171,SLC25A17,0.7222068
8172,DNM1,0.6045725
8173,CFAP410,0.71788573
8174,ZNF585A,0.5837882
8175,PHACTR1,0.61482936
8176,PLA2G6,0.81752133
8177,CETN3,0.74175787
8178,ANKRD36,0.47977754
8179,ZNF75A,0.6944072
8180,MACC1,0.6142093
8181,RRP15,0.5731246
8182,RELT,0.66083175
8183,FAM122A,0.88510364
8184,HELZ2,0.5950551
8185,HIST1H2BH,0.43509826
8186,GCSH,0.44244966
8187,CMKLR1,0.7167918
8188,AGTPBP1,0.6595392
8189,ZBTB25,0.63949555
8190,C6orf120,0.6429548
8191,MCEE,0.5924058
8192,MTO1,0.711747
8193,GK5,0.7654488
8194,TMEM120B,0.8739896
8195,EIF2B3,0.7704336
8196,ZNF493,0.74935746
8197,IL1RAP,0.7090311
8198,ZNF672,0.68173116
8199,CNPY4,0.78951406
8200,LENG1,0.81928486
8201,ABHD10,0.6476691
8202,TRIP4,0.81842446
8203,PDE9A,0.8064017
8204,NEBL,0.6553946
8205,FGF11,0.5091886
8206,KAZN,0.64809555
8207,ACAD8,0.84972936
8208,SSC5D,0.6977331
8209,RRP8,0.73622996
8210,VAMP4,0.68924695
8211,IGHMBP2,0.5928839
8212,PKP2,0.5833612
8213,LDLRAP1,0.66699415
8214,UBE2D4,0.7132223
8215,TUBGCP5,0.73532706
8216,INHBB,0.61141473
8217,NCAPD3,0.7757488
8218,NRN1,0.6523953
8219,OGDHL,0.32200223
8220,PIP4P2,0.63423276
8221,LIN37,0.745511
8222,DDA1,0.6353939
8223,LRRC25,0.3848741
8224,ARHGEF18,0.6512976
8225,KLF12,0.6916918
8226,TARSL2,0.70994776
8227,TMEM238,0.5541913
8228,SHROOM4,0.6924717
8229,IFT74,0.7278897
8230,AJUBA,0.76920575
8231,AOC3,0.69903135
8232,LFNG,0.57839763
8233,ZFYVE1,0.8344762
8234,THAP3,0.75450104
8235,PXYLP1,0.701616
8236,SMC2,0.65420806
8237,CEP131,0.8144505
8238,SNX20,0.5763108
8239,STX11,0.72198766
8240,FIG4,0.75249356
8241,SEMA4A,0.71031594
8242,EAF1,0.69796675
8243,CREB3L1,0.7375076
8244,POLD1,0.70609564
8245,MTERF2,0.7441321
8246,PPM1D,0.83695656
8247,CCL18,0.39944813
8248,LSM3,0.55497557
8249,ANGEL1,0.7043875
8250,C21orf91,0.7540045
8251,GIMAP2,0.57545614
8252,LAYN,0.7310195
8253,USF3,0.6515801
8254,IGKV4-1,0.62393737
8255,OMA1,0.5301514
8256,SMCR8,0.65882915
8257,KMT5A,0.5834721
8258,ZBTB40,0.729315
8259,NVL,0.6437872
8260,RASGEF1B,0.7136906
8261,SLC49A3,0.36070386
8262,SVEP1,0.55098933
8263,ZNF431,0.75424504
8264,C18orf21,0.7093253
8265,NFYA,0.6312664
8266,GSTA4,0.7683566
8267,MED7,0.6476416
8268,SLC41A3,0.64961535
8269,CTDSPL2,0.54222476
8270,AP4M1,0.71346784
8271,HLA-DRB1,0.4481388
8272,DOP1A,0.82711744
8273,CHCHD6,0.3498776
8274,GZF1,0.42009124
8275,C12orf65,0.83443743
8276,ZBED4,0.68250895
8277,BRAF,0.7217841
8278,ADAMTS5,0.5686185
8279,DPP3,0.7162388
8280,ST7L,0.782532
8281,TBC1D8B,0.7285111
8282,TEF,0.74922866
8283,PPP2R5B,0.7900827
8284,PTH1R,0.50693333
8285,VAMP1,0.59345317
8286,GPER1,0.68848664
8287,LYAR,0.53295475
8288,PRKD1,0.6468071
8289,VCPKMT,0.7491253
8290,NUDT16L1,0.5211336
8291,RITA1,0.72290015
8292,NCALD,0.6727355
8293,EFCAB13,0.64470214
8294,GPX7,0.7226922
8295,ALDH6A1,0.56468993
8296,RNGTT,0.66482025
8297,PDP1,0.71668833
8298,IFT140,0.8704097
8299,CCN4,0.6067908
8300,ABCD1,0.5053959
8301,PRPF18,0.77889776
8302,HIRA,0.7500593
8303,RHPN2,0.8250913
8304,PRRG1,0.70333594
8305,EZH2,0.7003076
8306,CDK2,0.65935475
8307,TMEM164,0.5665726
8308,ROGDI,0.74514794
8309,ZNF687,0.6782217
8310,CSRNP2,0.63590354
8311,HSD11B2,0.4888781
8312,ABT1,0.80291295
8313,ZAP70,0.6516302
8314,RUNDC1,0.66774994
8315,TTBK2,0.73274136
8316,IFFO2,0.6725185
8317,SLC5A12,0.49342433
8318,MOSMO,0.6819686
8319,ZNF143,0.70030254
8320,NFKBID,0.6255832
8321,DALRD3,0.8179826
8322,FGGY,0.73363113
8323,MYNN,0.7089581
8324,DTX4,0.61803144
8325,TRAPPC10,0.5584629
8326,SLC18B1,0.47359347
8327,EXTL3,0.72626275
8328,FIGN,0.57322973
8329,ELF4,0.6758003
8330,HEATR3,0.57243526
8331,PTTG1,0.55856377
8332,PSTPIP1,0.54076606
8333,APAF1,0.6939454
8334,SLC35A1,0.7641125
8335,ALDH5A1,0.6740048
8336,KCNK6,0.5385904
8337,PDE1A,0.5643381
8338,NPM3,0.6623425
8339,NRF1,0.73217154
8340,FBXL8,0.74991816
8341,ELOVL7,0.6808807
8342,TMEM107,0.77377677
8343,KLF8,0.7489266
8344,RNF215,0.7045491
8345,TRIM55,0.53769094
8346,RPGRIP1L,0.7421604
8347,TRIM24,0.75251156
8348,NOA1,0.6833183
8349,TAF1B,0.65922064
8350,TP53RK,0.7727787
8351,RNF8,0.8681202
8352,CHMP4C,0.7651189
8353,APCDD1,0.6617349
8354,SLC5A6,0.7631926
8355,PRKCB,0.8358055
8356,BPHL,0.70057315
8357,RTL8B,0.6985059
8358,ALMS1,0.67951846
8359,CLDN3,0.61198235
8360,ZNF618,0.84842414
8361,HYAL1,0.6553879
8362,UBTD1,0.8261171
8363,KLHL20,0.8040661
8364,MAP7D2,0.54517865
8365,TNFRSF4,0.50066835
8366,ZNF747,0.782186
8367,DHFR,0.73800963
8368,NFE2L3,0.67990595
8369,STEAP4,0.49785233
8370,APOOL,0.68989825
8371,INTS12,0.7344373
8372,USPL1,0.6690819
8373,POLR1E,0.66957253
8374,PAK1IP1,0.6975097
8375,PIK3C2B,0.6978372
8376,SP2,0.7295291
8377,KCTD18,0.76812893
8378,ADCY9,0.7933662
8379,TRMT61A,0.79081386
8380,METTL2A,0.6394035
8381,FANCA,0.57782054
8382,TMEM8B,0.7743859
8383,NOD1,0.66890144
8384,MSH5,0.70932585
8385,FILIP1,0.7336342
8386,NTHL1,0.8308768
8387,DGCR6L,0.5623696
8388,TAMM41,0.7487178
8389,AGXT2,0.65570885
8390,TTYH2,0.81168526
8391,GPD1,0.61564344
8392,ATP8A1,0.5698757
8393,VIPAS39,0.7848056
8394,HSPA14-1,0.70836204
8395,ALG11,0.48113498
8396,IGFBP1,0.43971097
8397,KCNE4,0.68593574
8398,FAM135A,0.62195873
8399,ANKRD46,0.64273554
8400,SLC20A2,0.7570834
8401,JMY,0.71398306
8402,SLC2A11,0.61741227
8403,CLEC3B,0.72205544
8404,PFKFB2,0.67274755
8405,EXOC3L4,0.49050403
8406,ZNF134,0.75054264
8407,LAGE3,0.49664113
8408,SPHK2,0.80631906
8409,PDE6B,0.7042267
8410,COX18,0.9075938
8411,MCPH1,0.8153228
8412,PRPF4,0.72063655
8413,PEX14,0.7529802
8414,NXT1,0.5653627
8415,FASTKD3,0.7649514
8416,SLC2A13,0.7336221
8417,CRYBG3,0.7775903
8418,TBC1D12,0.6495539
8419,CCDC137,0.5554183
8420,STOML1,0.6111972
8421,MYL5,0.73323876
8422,JARID2,0.6682773
8423,UCK2,0.7376482
8424,FRMD6,0.52196145
8425,TRIT1,0.5995049
8426,NDE1,0.70512825
8427,RPUSD1,0.61674505
8428,NOL6,0.84131736
8429,LYL1,0.6611011
8430,UBIAD1,0.7643959
8431,POLE,0.70324033
8432,RAB42,0.6514719
8433,DNAH11,0.6855311
8434,GDAP2,0.5366385
8435,NAGPA,0.7241309
8436,PDE4A,0.63197786
8437,BBS7,0.84147525
8438,USP54,0.7070649
8439,TGS1,0.5711877
8440,PPP1R14C,0.59131473
8441,CYP2J2,0.5672202
8442,ZNF445,0.83567095
8443,ADAMTS7,0.81201595
8444,HEMK1,0.74341303
8445,PRC1,0.59431005
8446,NSDHL,0.6328923
8447,CEP57L1,0.71333236
8448,HACL1,0.8267285
8449,DENND1C,0.41782823
8450,PDE12,0.6384183
8451,ZNF710,0.58416855
8452,ANKRD49,0.7114635
8453,TMEM273,0.6708128
8454,TIGAR,0.69155765
8455,C11orf74,0.6923015
8456,CCDC146,0.36182606
8457,CHML,0.71007824
8458,MBNL3,0.6298304
8459,ANO9,0.6525631
8460,LRRC8C,0.6378124
8461,ZCCHC2,0.627474
8462,CEP128,0.5943435
8463,SOCS2,0.7190504
8464,FARP2,0.754886
8465,MXD3,0.6935027
8466,DDX59,0.6066378
8467,IGLV3-1,0.59291273
8468,N4BP2,0.6071817
8469,SLC1A1,0.7462321
8470,DUSP4,0.4011357
8471,SNAPC2,0.64427227
8472,XXYLT1,0.5551524
8473,GFPT2,0.54705065
8474,C11orf95,0.86726683
8475,ZBTB37,0.8717244
8476,INTS13,0.51610154
8477,TMEM42,0.7362573
8478,SLC49A4,0.61384887
8479,MDN1,0.6356164
8480,HPS6,0.6365134
8481,MAPRE3,0.7011698
8482,HIST2H2AB,0.46722952
8483,CNTLN,0.8286248
8484,SH3BP1,0.6874086
8485,SPINK1,0.5437356
8486,LMTK2,0.6057895
8487,CAMKK1,0.69680256
8488,C5orf22,0.7352695
8489,DDX11,0.61926997
8490,ZMYND19,0.7738603
8491,LRRC57,0.6945881
8492,ACADSB,0.6145025
8493,UPB1,0.6451103
8494,FAT4,0.7194386
8495,C12orf43,0.7112432
8496,ZNF282,0.68822646
8497,GULP1,0.514865
8498,ACSM3,0.709949
8499,PAFAH2,0.72367495
8500,DISC1,0.581693
8501,NUDT2,0.74152714
8502,NXPE3,0.42001793
8503,ESCO1,0.67267126
8504,ALKAL2,0.3740991
8505,SQLE,0.5157336
8506,OTUD6B,0.75486565
8507,MED30,0.679188
8508,MTHFR,0.46274006
8509,HERC6,0.635847
8510,HNF4G,0.5354015
8511,KNTC1,0.44781223
8512,FOXJ2,0.6463806
8513,MFHAS1,0.8165474
8514,NUAK1,0.6263656
8515,KREMEN1,0.6948021
8516,C9orf72,0.36288062
8517,STXBP5,0.66090226
8518,JMJD7,0.5971861
8519,PDE6D,0.85680866
8520,ZC3H12A,0.43769863
8521,SLC36A4,0.6386569
8522,TTC12,0.7452962
8523,AREG,0.43736026
8524,ATG4D,0.7663875
8525,ZDHHC13,0.79612964
8526,DXO,0.70507747
8527,RAD9A,0.74880356
8528,ZFYVE26,0.7743915
8529,ZNF558,0.77770895
8530,SLC25A25,0.7434862
8531,ISCA2,0.57054776
8532,ERAP2,0.38476458
8533,LRRC61,0.65062743
8534,LRRC23,0.7068439
8535,TMOD2,0.7531121
8536,CAP2,0.8202062
8537,NINL,0.6751414
8538,CLDN15,0.75922793
8539,PI4K2B,0.5794655
8540,COQ2,0.6863237
8541,ARMC6,0.6591483
8542,ZNF322,0.7249262
8543,DCP1B,0.8754022
8544,PUS7L,0.63287073
8545,RTL6,0.7879536
8546,VANGL1,0.8470504
8547,NOL11,0.5128854
8548,ARHGAP32,0.7328561
8549,TFB2M,0.68418914
8550,GDPD5,0.6531819
8551,NDUFAF5,0.67924386
8552,PARP16,0.62165254
8553,RPA3,0.36224636
8554,LZTFL1,0.8423724
8555,ADCY5,0.6355427
8556,POLD3,0.7300841
8557,HIST1H1B,0.54737455
8558,NEDD1,0.64813894
8559,LYG1,0.5861998
8560,ANKRD6,0.8280008
8561,TBCE-1,0.57710975
8562,WARS2,0.71988434
8563,EGFLAM,0.58088857
8564,RTP4,0.55278325
8565,SMARCAL1,0.69223255
8566,FAM78A,0.67354923
8567,GEMIN6,0.6648551
8568,TEAD3,0.6937515
8569,TBC1D2,0.47400913
8570,IRF5,0.7066584
8571,C16orf91,0.8059787
8572,FCN3,0.49363402
8573,GREM1,0.517
8574,IFI27L1,0.69176847
8575,FCGR1B,0.5664718
8576,SYNGR1,0.6810913
8577,ACADL,0.619773
8578,NDUFAF1,0.6734659
8579,MED31,0.60182625
8580,ARAP2,0.38166252
8581,PAFAH1B3,0.68420285
8582,DSTYK,0.8217385
8583,MORC4,0.61585575
8584,SLC10A7,0.7035461
8585,LLPH,0.54408616
8586,MARS,0.26077953
8587,GCDH,0.7728627
8588,APEX2,0.65107393
8589,SHPRH,0.62365174
8590,FAXDC2,0.5986098
8591,GTDC1,0.6896431
8592,CNNM2,0.73893595
8593,F2RL1,0.4881204
8594,ALG6,0.7369506
8595,NUDT1,0.6092039
8596,P3H3,0.7782243
8597,PDCL,0.7549029
8598,TTC27,0.6395979
8599,PTGER4,0.6508753
8600,GPR180,0.6711507
8601,LRRC45,0.73119074
8602,PROM1,0.5186097
8603,ANKRD33B,0.67562443
8604,NAPB,0.66703314
8605,BAIAP2L2,0.7531245
8606,RIOK2,0.6577348
8607,TOPORS,0.66573006
8608,SCAMP5,0.6889682
8609,ZNF467,0.60308504
8610,INPP5E,0.7232267
8611,RPH3AL,0.64714473
8612,ZC2HC1A,0.61364454
8613,TBC1D8,0.38726744
8614,HSDL1,0.6611431
8615,HIST1H4B,0.6092158
8616,ZNF704,0.5228516
8617,CKAP2,0.53411484
8618,MOXD1,0.7337648
8619,DBT,0.74756163
8620,ST3GAL5,0.5317368
8621,DBR1,0.8064056
8622,MAPK11,0.7798054
8623,CCDC30,0.6667116
8624,NHSL1,0.75019664
8625,SLAMF7,0.69952464
8626,MTX3,0.8329361
8627,TRPC1,0.76429397
8628,C1orf50,0.60653335
8629,MGAM,0.73750883
8630,ZNF770,0.54332393
8631,RAD54L2,0.70195466
8632,PRR5L,0.50670373
8633,DTD2,0.6434252
8634,ZC3H6,0.692138
8635,TRMT61B,0.6815613
8636,DNAL1,0.8103788
8637,LMNB1,0.59096676
8638,CCDC125,0.78519815
8639,PPARGC1A,0.56634927
8640,EPHA3,0.66618806
8641,NME7,0.77209973
8642,ATXN7L1,0.40758464
8643,SPHK1,0.54259557
8644,ZW10,0.77179605
8645,HGH1,0.7103769
8646,OLFM1,0.53157675
8647,FRMD4A,0.5666948
8648,CCDC22,0.800965
8649,TRMT13,0.6772596
8650,SERPINI1,0.6076831
8651,ADCK5,0.863252
8652,RPAP3,0.5900066
8653,PIP4P1,0.71594864
8654,UEVLD,0.60835683
8655,POLB,0.70538086
8656,UNC13D,0.5149172
8657,PRXL2C,0.67351407
8658,TMEM99,0.5957274
8659,SNIP1,0.7141223
8660,ZWINT,0.6248527
8661,SLC66A1,0.6680549
8662,SEC31B,0.55582625
8663,TMEM268,0.56403667
8664,ARMC7,0.65397424
8665,AGMAT,0.5668979
8666,ARV1,0.7749338
8667,AMOT,0.7115834
8668,GPSM1,0.7252688
8669,GPD1L,0.7350623
8670,TUT1,0.7609442
8671,FAM228B,0.722064
8672,TMEM251,0.6297931
8673,ING2,0.5858069
8674,VPS18,0.5596069
8675,MAIP1,0.66290766
8676,HGF,0.32795772
8677,INPP4B,0.6654074
8678,EBF4,0.78389734
8679,PHF8,0.62246424
8680,TRPV4,0.46885923
8681,IL1R2,0.6689613
8682,IL2RB,0.5262961
8683,FOXM1,0.43770167
8684,MAPK15,0.75669694
8685,MAP11,0.6671877
8686,NLRX1,0.7817276
8687,HDAC11,0.6741872
8688,LTC4S,0.607838
8689,SMIM13,0.7035218
8690,PALD1,0.69073415
8691,BTRC,0.73206896
8692,SYNJ1,0.71259165
8693,KIAA0556,0.8126853
8694,ZSCAN30,0.64686984
8695,ZBTB14,0.67707396
8696,FBXO4,0.7144881
8697,GTF2H3,0.6543169
8698,SEC22A,0.62841755
8699,UTP25,0.7632072
8700,MYO5B,0.5955673
8701,NEMP1,0.74696755
8702,BCAS4,0.6308586
8703,RBM12B,0.69967157
8704,PPCDC,0.839356
8705,COL4A4,0.5591127
8706,NRXN2,0.5820027
8707,PCDH17,0.7020913
8708,PTPN7,0.5166416
8709,LTB4R,0.56840175
8710,ACTR6,0.6252145
8711,VEGFC,0.45785654
8712,NFKBIB,0.5111117
8713,TPBG,0.7180969
8714,NKRF,0.5679149
8715,PRKCE,0.73936296
8716,RP9,0.69861585
8717,NAPEPLD,0.7537821
8718,WDYHV1,0.69110364
8719,AP1M2,0.6535751
8720,TET3,0.7009661
8721,PRAME,0.5738853
8722,MXD1,0.3520006
8723,ZNF346,0.548233
8724,SPEF2,0.7360664
8725,ATOH8,0.62681097
8726,CCL28,0.5486265
8727,FKTN,0.6966076
8728,UNC5CL,0.6524955
8729,ZNF333,0.69615346
8730,RFWD3,0.6539869
8731,PIGB,0.6268297
8732,OSBPL5,0.66601473
8733,RAP1GAP,0.5485766
8734,ZFP62,0.6672921
8735,SAA2,0.5649814
8736,RCCD1,0.6898474
8737,PHLDA2,0.6146099
8738,METTL14,0.6306194
8739,METTL21A,0.70351124
8740,PANX1,0.5865391
8741,TBC1D22B,0.77748704
8742,LTF,0.22688888
8743,SLC46A1,0.64763683
8744,PHF13,0.6849394
8745,C17orf80,0.6576141
8746,MARK4,0.6775768
8747,PNPLA7,0.7293419
8748,SUSD1,0.74838
8749,ABCB1,0.7058623
8750,RWDD3,0.7694221
8751,KDM7A,0.6193815
8752,SLC38A5,0.47492516
8753,SLC9A1,0.6948567
8754,CYP2R1,0.7042892
8755,MICALL1,0.55916864
8756,TDRD7,0.7017079
8757,EXOC6,0.5820922
8758,C12orf4,0.7437382
8759,NECTIN3,0.70845294
8760,BAIAP2L1,0.50574094
8761,LIN7A,0.5618432
8762,LTO1,0.76853055
8763,TRIM35,0.8334043
8764,RPP25L,0.6645822
8765,MOSPD2,0.6342916
8766,STMP1,0.407177
8767,SCLY,0.65538377
8768,TEX30,0.7822543
8769,ZNF318,0.6987124
8770,ERAP1,0.49530542
8771,POLRMT,0.5932293
8772,DCLRE1C,0.68567723
8773,VPS50,0.8001599
8774,VSTM4,0.67884827
8775,MBIP,0.62731594
8776,CMPK2,0.6041888
8777,C15orf61,0.69040465
8778,BAMBI,0.71705556
8779,UBE2O,0.63261294
8780,ZFPM1,0.672805
8781,CLEC4E,0.5781675
8782,BTD,0.7598715
8783,ACY3,0.69863945
8784,RECK,0.704711
8785,NLGN2,0.8339534
8786,MCTP1,0.6372648
8787,ST3GAL3,0.5877468
8788,HIST1H1D,0.4051354
8789,ITGAM,0.6044367
8790,MIPEP,0.81325084
8791,FGF7,0.51206297
8792,EEF1AKMT3,0.53180957
8793,ETFDH,0.6910549
8794,TCAIM,0.7042776
8795,CHTF18,0.49004552
8796,REL,0.5035577
8797,ZNF260,0.8026008
8798,KALRN,0.64456147
8799,GABPB1,0.69469637
8800,RNF220,0.550874
8801,MOB3C,0.6432783
8802,EMSY,0.78535825
8803,GATA6,0.60416836
8804,LPAR1,0.64861894
8805,ERI1,0.56279474
8806,TST,0.5764111
8807,GPKOW,0.6727264
8808,SUGCT,0.7879655
8809,LAMA3,0.5616781
8810,B3GNT9,0.75420195
8811,QRSL1,0.74178475
8812,IL4I1,0.59706753
8813,CYB561D1,0.76268
8814,NFAM1,0.5665429
8815,CEP135,0.55816954
8816,CCSAP,0.6665055
8817,DCAF13,0.5801526
8818,SYTL1,0.74418753
8819,CPLANE1,0.6595038
8820,MSH3,0.6491515
8821,CNTNAP1,0.7721538
8822,SMAD9,0.74170375
8823,SULT1C4,0.5979576
8824,INPP5F,0.75542194
8825,PALM,0.59754497
8826,LRRC27,0.78424263
8827,ARNTL,0.289
8828,NLN,0.47638544
8829,CEBPA,0.4888642
8830,RARG,0.5728778
8831,C12orf73,0.70479184
8832,MOSPD1,0.42259148
8833,C11orf52,0.7079521
8834,GLCE,0.6090723
8835,LCORL,0.6663839
8836,SHROOM3,0.63762033
8837,HOXB6,0.7218893
8838,PKHD1,0.6697881
8839,SENP7,0.5942085
8840,ZNF780A,0.7898526
8841,FAM167B,0.5982956
8842,KLHL8,0.6358126
8843,FRMD3,0.7444151
8844,POLR1C,0.7478781
8845,PTAFR,0.5542951
8846,TMEM39B,0.62536407
8847,GANC,0.64507186
8848,DENND2A,0.6492492
8849,RASL12,0.6159647
8850,NR1D1,0.724714
8851,NUP35,0.79169697
8852,FPGT,0.56895053
8853,TNFRSF9,0.61898834
8854,PDE5A,0.75025636
8855,ZXDB,0.6611831
8856,DCAF1,0.7139304
8857,CHAMP1,0.66554064
8858,TOR4A,0.7104772
8859,SNRNP48,0.67125946
8860,WTIP,0.82341605
8861,NUDT15,0.6976547
8862,B3GALNT2,0.69559836
8863,SPACA6,0.75355697
8864,TEX9,0.6412614
8865,SMPD2,0.62353396
8866,TMEM128,0.61886615
8867,METTL8,0.6028588
8868,COLEC12,0.5269601
8869,KISS1R,0.5312912
8870,SAMD9,0.5868567
8871,AARS2,0.64796346
8872,SIX5,0.6388746
8873,TLCD5,0.69471127
8874,ZNF516,0.6536905
8875,SGF29,0.6033815
8876,JRKL,0.52395445
8877,NPTX2,0.46976063
8878,LACC1,0.49770668
8879,HBEGF,0.42067352
8880,TRMT44,0.6554987
8881,SUPV3L1,0.58452684
8882,ERCC2,0.7377858
8883,MYEOV,0.45693898
8884,SRPX,0.6448446
8885,KIZ,0.51570827
8886,COX4I2,0.49493727
8887,ASB6,0.6360775
8888,EVC,0.6574585
8889,C2CD3,0.76340073
8890,RIOX2,0.6229196
8891,C15orf48,0.48344505
8892,CHDH,0.7660654
8893,BAG2,0.642146
8894,SHISA4,0.6650192
8895,YARS2,0.72972435
8896,HMCN1,0.65114015
8897,REC8,0.7342191
8898,PLCE1,0.61755353
8899,NEK3,0.77487236
8900,FANCF,0.83797956
8901,CD6,0.47473267
8902,INVS,0.6243045
8903,OCRL,0.7354168
8904,MYO5C,0.45316485
8905,RASSF8,0.7020547
8906,NECAB3,0.53879756
8907,TRIM9,0.64633703
8908,CD247,0.52591777
8909,FBXW8,0.69996905
8910,SLIT2,0.6862677
8911,NPY1R,0.5264738
8912,ASF1A,0.6297471
8913,KLC2,0.66125596
8914,CHD7,0.5842094
8915,METTL1,0.66290015
8916,MYCBP,0.58938426
8917,FAM107A,0.82783324
8918,REG1A,0.3946738
8919,SLC39A5,0.6942453
8920,ZNF44,0.7218755
8921,CHEK2,0.59751946
8922,ASB7,0.5468427
8923,EYA3,0.62248254
8924,C6orf226,0.56241184
8925,SLC25A22,0.6964664
8926,CCDC102B,0.6974587
8927,MAST2,0.7663205
8928,TMEM131L,0.6162452
8929,HVCN1,0.5269181
8930,GAREM1,0.73715264
8931,MATR3,0.54282373
8932,TANGO6,0.7190544
8933,DCAF17,0.8075571
8934,AFAP1L2,0.8196171
8935,VGLL3,0.65636075
8936,ZNF75D,0.80213875
8937,RABEPK,0.66133195
8938,MTFMT,0.7371009
8939,PIK3CG,0.74555165
8940,LEMD3,0.6353814
8941,ABTB2,0.6997884
8942,DNMBP,0.74977654
8943,EPB41L5,0.62510985
8944,PTRH1,0.665433
8945,FAM110A,0.6995601
8946,MEIS1,0.6156957
8947,C6orf136,0.75714666
8948,ZNF875,0.72051877
8949,EXOSC3,0.758872
8950,OPA3,0.56707644
8951,POT1,0.69086194
8952,CSPP1,0.69128686
8953,CACNA2D4,0.63959175
8954,MAP3K4,0.82329017
8955,ZNF629,0.7698863
8956,ARL13B,0.52817744
8957,BEND7,0.8201242
8958,SARS2,0.762487
8959,TAPT1,0.6535215
8960,SMO,0.6096726
8961,HAUS3,0.38404724
8962,F2RL3,0.5784156
8963,CGRRF1,0.8499057
8964,WDR20,0.6713979
8965,FNDC1,0.52377313
8966,MIEF2,0.76262313
8967,LIF,0.53595215
8968,LRRC28,0.71575445
8969,ADORA3,0.4739816
8970,SHE,0.7855322
8971,CELSR2,0.7631846
8972,SLC22A23,0.46091786
8973,TRIM39,0.7433159
8974,ARL5B,0.69575953
8975,PEX11A,0.7270786
8976,METTL25,0.6929894
8977,MKS1,0.7187889
8978,ARHGEF37,0.6962936
8979,PRAP1,0.64258784
8980,SHANK2,0.6798418
8981,FAM120C,0.75804573
8982,ZFYVE9,0.73038787
8983,DOK2,0.43296742
8984,KMO,0.5680042
8985,TMEM104,0.6474408
8986,C1orf109,0.7608095
8987,KIAA1958,0.7863486
8988,CNRIP1,0.7313316
8989,ICK,0.7152812
8990,TTF2,0.6332218
8991,PLCL2,0.6457307
8992,TRIM54,0.5813889
8993,AQP9,0.3619506
8994,TWISTNB,0.81062263
8995,REV3L,0.56213516
8996,HIST1H4I,0.4338508
8997,BBS10,0.5236051
8998,SMYD4,0.50607204
8999,WDR35,0.84743285
9000,FGA,0.6103288
9001,CHCHD4,0.60530645
9002,MTRES1,0.77303666
9003,PIGM,0.8503577
9004,COL7A1,0.5365028
9005,HSPA14,0.78059983
9006,USP28,0.69132304
9007,HAGHL,0.5211552
9008,RASGRF2,0.60940015
9009,SFT2D3,0.6937344
9010,INTS6L,0.73673505
9011,MED19,0.77053714
9012,RORC,0.5728963
9013,DCPS,0.7208305
9014,PACRGL,0.8310805
9015,FBXO46,0.6661733
9016,C6orf47,0.66088635
9017,MYSM1,0.49070486
9018,ZNF513,0.71793365
9019,ZSCAN25,0.62948143
9020,TDP1,0.6783833
9021,LMLN,0.6339178
9022,SMAD1,0.75022537
9023,THEM6,0.60803455
9024,TEFM,0.63910675
9025,MPHOSPH6,0.4438019
9026,ZNF185,0.72160673
9027,ERMAP,0.75529
9028,CCDC66,0.62804055
9029,KCNIP3,0.67090726
9030,ZNF579,0.62199956
9031,FAM13B,0.55193716
9032,F8A1,0.43624297
9033,FMO3,0.67983574
9034,RAB33B,0.5727972
9035,TINAG,0.75057745
9036,RNASEL,0.6284693
9037,WASF1,0.49460563
9038,ZNF776,0.5162047
9039,STXBP1,0.3868886
9040,ZNF606,0.5981535
9041,TSPYL4,0.6929893
9042,C12orf29,0.68414044
9043,BBC3,0.63438344
9044,UHRF1BP1L,0.49636987
9045,RPUSD3,0.7326607
9046,CDK11B,0.69024056
9047,C19orf54,0.7692332
9048,CACNA1H,0.72442126
9049,HIST1H4A,0.46689758
9050,FAM214B,0.6296019
9051,KRTCAP3,0.5507421
9052,TMTC2,0.5693192
9053,ACAT2,0.6120576
9054,CDK3,0.51639456
9055,PCED1B,0.5740781
9056,DHX33,0.8515286
9057,OTUD3,0.70530033
9058,KIF16B,0.58045214
9059,SDHAF4,0.77819777
9060,NCAPG2,0.6023193
9061,NOS3,0.6713803
9062,MDC1,0.76136535
9063,CSF2RB,0.67069227
9064,LAMA2,0.5874737
9065,VEPH1,0.6902542
9066,SH2D2A,0.71094316
9067,PEX3,0.6872983
9068,DEPDC5,0.7938928
9069,SYT11,0.6875445
9070,NHS,0.72348756
9071,RGS16,0.50372773
9072,EOMES,0.41798806
9073,PAQR8,0.64516765
9074,MORN1,0.67018986
9075,AMMECR1,0.6595409
9076,E2F3,0.55244
9077,ZKSCAN5,0.80848294
9078,C15orf40,0.6400639
9079,MFSD8,0.7655696
9080,UHRF1BP1,0.67960435
9081,CTPS2,0.65182745
9082,ARHGEF5,0.7119796
9083,THUMPD2,0.69749945
9084,PTPRD,0.5756255
9085,FGF2,0.65005964
9086,ABHD5,0.55605966
9087,CROCC,0.66422606
9088,RBSN,0.70442265
9089,BTBD19,0.73688465
9090,MAPKBP1,0.6110893
9091,FDXR,0.60998684
9092,ZBTB21,0.54383165
9093,RBAK,0.66044074
9094,SUPT3H,0.71087223
9095,ATAD2,0.58924395
9096,ANKRD26,0.6784344
9097,ALS2CL,0.6480314
9098,EXD2,0.8109334
9099,DSEL,0.613213
9100,CIPC,0.55789
9101,USP13,0.67292947
9102,KATNBL1,0.56451106
9103,CCDC191,0.7888748
9104,RAB23,0.666055
9105,CHIC1,0.73115975
9106,NXPH4,0.4837401
9107,MIER3,0.82516676
9108,DNAH1,0.70360374
9109,ZBTB45,0.74651265
9110,CD69,0.7225073
9111,ARHGEF15,0.74195176
9112,SCRN3,0.65079033
9113,RHOH,0.664034
9114,CCL4L2,0.44571352
9115,PPP1R9A,0.82032657
9116,SLC25A29,0.5292987
9117,TRMT10C,0.6242612
9118,AZGP1,0.5782671
9119,ISOC1,0.7476098
9120,RNF144A,0.76135415
9121,AP5S1,0.66068995
9122,EML1,0.8272101
9123,BX255925.3,0.7606263
9124,HIGD1B,0.67789984
9125,ZNF133,0.72064257
9126,DTNB,0.61714125
9127,SAPCD1,0.6722253
9128,ZNF865,0.67140436
9129,TDRD3,0.4617599
9130,NDUFAF6,0.5694084
9131,MASP1,0.64595073
9132,KIN,0.6950972
9133,C7orf25,0.7002108
9134,CDKAL1,0.57886726
9135,EHD3,0.74220043
9136,BOLA1,0.66542304
9137,FITM2,0.66529447
9138,ARG2,0.4154501
9139,ZNF830,0.62507373
9140,EEFSEC,0.6485321
9141,ACTR8,0.5208532
9142,SUOX,0.6904449
9143,ADPRH,0.7487971
9144,ZNF880,0.66132814
9145,PAQR4,0.52188975
9146,NATD1,0.52408534
9147,KCNC3,0.45985174
9148,ATP6V0E2,0.612475
9149,KLF5,0.6985307
9150,TM7SF2,0.60781425
9151,BAG4,0.48971593
9152,NUP37,0.7308464
9153,ANKRD9,0.5920455
9154,CCDC40,0.6165779
9155,KIAA0586,0.63945735
9156,NAA16,0.7235098
9157,AGPAT4,0.61823905
9158,IGSF3,0.7896463
9159,FOCAD,0.71192473
9160,RAMAC,0.54999334
9161,GADD45G,0.6255339
9162,NUDT8,0.6735168
9163,ZNF585B,0.6140862
9164,ZNF414,0.7177601
9165,RHOD,0.6360443
9166,NDUFAF4,0.5017565
9167,GTF3C4,0.77554685
9168,PIBF1,0.77745485
9169,TGIF2,0.75469476
9170,CCDC102A,0.7927868
9171,ZC3H8,0.83104295
9172,PIGU,0.5879294
9173,SLC35F2,0.7490693
9174,FASTKD1,0.565675
9175,MYOM3,0.71496266
9176,ZDHHC21,0.7204042
9177,FCSK,0.49555543
9178,PHGDH,0.66202146
9179,ZSWIM9,0.8808765
9180,TERF1,0.5615308
9181,CHAF1A,0.5342193
9182,TEX10,0.7841553
9183,F8,0.40969777
9184,ADRA1B,0.6696424
9185,ANKS6,0.8527658
9186,ARVCF,0.67346907
9187,DTWD2,0.67960197
9188,LIN52,0.7554522
9189,SPINDOC,0.55090714
9190,ZNF761,0.6282277
9191,MAPK7,0.5893802
9192,CCDC61,0.71032304
9193,RBPMS2,0.52607876
9194,DTNA,0.54880124
9195,RNF165,0.6305961
9196,ALS2,0.6475634
9197,ADAT1,0.6164277
9198,OSBPL7,0.75174505
9199,CDCA7L,0.6515745
9200,POGLUT2,0.762067
9201,ATG4C,0.5205758
9202,MOCOS,0.68659973
9203,GALNT4,0.76622087
9204,UBE2D1,0.47041854
9205,SCAPER,0.6681394
9206,TMEM200B,0.5842767
9207,FAM171A1,0.76021224
9208,P2RX7,0.5058643
9209,LIPG,0.482879
9210,ZNF785,0.7477999
9211,ZDHHC14,0.68427825
9212,CABLES1,0.6163135
9213,HHLA2,0.553455
9214,SIRPG,0.4909719
9215,NPHP4,0.7812937
9216,MFAP3,0.6411956
9217,RARB,0.8061218
9218,DYNC2H1,0.78938764
9219,DDX10,0.6887784
9220,SPN,0.3026098
9221,TADA2A,0.55940944
9222,C1QTNF3,0.5278994
9223,FEZ1,0.6181472
9224,HMBS,0.6105955
9225,FZD2,0.7138091
9226,PIGBOS1,0.5306457
9227,ALG14,0.79546815
9228,SMOX,0.7742446
9229,RTN1,0.50625414
9230,RNF25,0.75287175
9231,ACTR5,0.59875506
9232,MTRNR2L8,0.55746025
9233,RNF207,0.7562053
9234,ABHD3,0.5774349
9235,DNAJC25,0.5895736
9236,SYTL3,0.49268937
9237,TOGARAM1,0.5261329
9238,GFRA1,0.5288232
9239,FASTKD5,0.6763279
9240,PRR3,0.7528127
9241,FBF1,0.76824284
9242,PTPN22,0.5294365
9243,MMP15,0.5179206
9244,TMEM237,0.68281484
9245,PAQR3,0.63987386
9246,OXCT1,0.5463806
9247,TTPAL,0.61730415
9248,SLC25A42,0.5956312
9249,C16orf87,0.761497
9250,BRWD3,0.66459864
9251,THOC1,0.5620801
9252,ZNF383,0.67766595
9253,HIST1H2AD,0.4846208
9254,FBXL7,0.53161985
9255,ITGAE,0.54507226
9256,CAMSAP3,0.683667
9257,SPAST,0.76971835
9258,SAYSD1,0.77694464
9259,IL11RA,0.8647203
9260,ALKBH4,0.7145846
9261,MAN1C1,0.70492834
9262,TMEM86A,0.5796531
9263,CROT,0.80277437
9264,ZBTB2,0.59688175
9265,NTRK2,0.5654347
9266,PPT2,0.76622146
9267,SFR1,0.63122296
9268,C4orf33,0.5463247
9269,PARP15,0.62231416
9270,ALG10B,0.58988994
9271,CHST1,0.5529948
9272,ZCCHC9,0.615282
9273,PROSER3,0.65264785
9274,TIMELESS,0.63303316
9275,GSTZ1,0.72273993
9276,PALMD,0.7395889
9277,IPO4,0.60645944
9278,TAGAP,0.71531963
9279,CLIP3,0.53059363
9280,ZNF212,0.67696786
9281,GBGT1,0.69355446
9282,TRUB1,0.6573779
9283,KDM4A,0.5761125
9284,PHLPP2,0.68171626
9285,LYRM9,0.60927343
9286,HOXC9,0.77948904
9287,ADAMTSL4,0.47057042
9288,MVB12B,0.564928
9289,COQ6,0.7290785
9290,PRMT3,0.6193765
9291,BLOC1S3,0.56348485
9292,ZBTB33,0.4599795
9293,REXO4,0.57297575
9294,NDC1,0.61502093
9295,FBXL6,0.38035026
9296,PLS1,0.63733137
9297,ZNF460,0.46778968
9298,CYP20A1,0.70653677
9299,PTCD1,0.6074093
9300,LRWD1,0.7533312
9301,CDPF1,0.6423522
9302,IL33,0.6656389
9303,RASAL1,0.68274665
9304,DLG4,0.6256879
9305,ARHGAP11A,0.6814928
9306,FAM131A,0.7411887
9307,SLC22A11,0.68684596
9308,THAP1,0.53888726
9309,KATNA1,0.77556676
9310,RANBP6,0.63155323
9311,TNFRSF10D,0.56639344
9312,ZNF182,0.6543156
9313,CAMKMT,0.8176553
9314,TEK,0.6834576
9315,TIGD5,0.47732338
9316,LEPR,0.48569486
9317,MAP2K5,0.6200507
9318,RENBP,0.60518104
9319,ITK,0.67783254
9320,PLPP2,0.5914545
9321,COIL,0.77084166
9322,PSEN2,0.53460705
9323,PTGIR,0.571128
9324,NME5,0.66752476
9325,TMOD1,0.6603512
9326,BMP2,0.42813385
9327,SKP2,0.8471701
9328,CACNB3,0.7368942
9329,SOX6,0.7133953
9330,POLA1,0.5933364
9331,LRP3,0.5431413
9332,MT3,0.6126016
9333,CPXM1,0.499802
9334,YAE1,0.7711072
9335,PMS1,0.5670262
9336,PLA2R1,0.59941584
9337,SLC38A9,0.6577163
9338,ZNF503,0.6700702
9339,TRIM59,0.537249
9340,KNOP1,0.5524691
9341,CEP85L,0.6270945
9342,BANK1,0.5385575
9343,RBM43,0.6958544
9344,ZSCAN26,0.6737352
9345,TBCEL,0.57506996
9346,C4orf19,0.6126429
9347,TNRC6C,0.6317179
9348,ATG4A,0.7167886
9349,PWWP2B,0.63155466
9350,GNPDA2,0.7284766
9351,FAM216A,0.6285724
9352,RFX3,0.6425919
9353,HFE,0.591754
9354,PLEKHH2,0.66861564
9355,GPHN,0.80153555
9356,PRPF40B,0.7202616
9357,VSIG10,0.69317085
9358,LANCL2,0.68496114
9359,PLD1,0.5321653
9360,LDAH,0.72952294
9361,ZC3H12D,0.5799298
9362,MUTYH,0.8210637
9363,CDKN2AIP,0.6899223
9364,C2CD2L,0.6904815
9365,HSPA2,0.642546
9366,PLCXD1,0.4497443
9367,CCDC24,0.72989255
9368,HNF1A,0.6293135
9369,CHUK,0.53168315
9370,OCLN,0.79128957
9371,GALNT7,0.444852
9372,EID2,0.7435747
9373,ACVR2A,0.7018685
9374,KPNA5,0.52441376
9375,CHN1,0.6567482
9376,RAD51D,0.75074226
9377,MYBL2,0.6196267
9378,TENM1,0.5765231
9379,PIR,0.50118023
9380,TGDS,0.6488227
9381,ENDOG,0.6139098
9382,UBASH3B,0.42198277
9383,FANCC,0.61225164
9384,SFMBT1,0.6125131
9385,RFK,0.37912914
9386,PJA1,0.75745296
9387,CENPP,0.429348
9388,CA11,0.5987111
9389,KL,0.5976375
9390,ZNF654,0.46349856
9391,UBOX5,0.7562792
9392,TRAF6,0.7905054
9393,GNG7,0.7011432
9394,ZBED3,0.5656503
9395,APOBR,0.5852024
9396,SENP1,0.7194286
9397,FHL5,0.6045025
9398,DOK3,0.58277696
9399,SRBD1,0.58228153
9400,NME6,0.6164861
9401,AGAP2,0.5195763
9402,SLC25A19,0.41734073
9403,GGT2,0.6046628
9404,FLYWCH2,0.6134979
9405,ZNF708,0.52145225
9406,ANKRD29,0.550124
9407,POMT2,0.77118474
9408,NOVA1,0.5283987
9409,TCTEX1D2,0.63749343
9410,ASAP3,0.68728703
9411,KIAA1211L,0.8294402
9412,MAP3K21,0.6002634
9413,SCD5,0.50255895
9414,SUSD3,0.5896599
9415,TASP1,0.5184313
9416,RAD52,0.77905107
9417,NKD2,0.44856608
9418,SLF1,0.59991163
9419,DMAC2L,0.8079472
9420,EFL1,0.63523304
9421,KAT14,0.70003057
9422,NARS2,0.72350407
9423,NIF3L1,0.5744906
9424,BMF,0.48475257
9425,NLE1,0.6288073
9426,DNHD1,0.5805587
9427,ROBO3,0.618385
9428,TMCO6,0.5631718
9429,FOXO4,0.71349686
9430,PIGA,0.5070531
9431,SCFD2,0.77780336
9432,GATB,0.68491703
9433,SLC6A12,0.61257017
9434,ZNF564,0.69047165
9435,CENPN,0.45473233
9436,NEIL2,0.6305662
9437,LIAS,0.57463807
9438,CCDC9B,0.6169448
9439,MTG2,0.7661457
9440,TMTC4,0.6561156
9441,INTU,0.64258426
9442,UIMC1,0.52477574
9443,FUT4,0.6476184
9444,VILL,0.67419624
9445,IPPK,0.6706507
9446,CEP78,0.67300195
9447,HSPA4L,0.6051102
9448,BORCS5,0.69953823
9449,SNED1,0.77669114
9450,GSTCD,0.8151526
9451,CD209,0.4092361
9452,TBC1D24,0.7294403
9453,MFSD3,0.6307076
9454,NCKAP5,0.45994285
9455,PARP2,0.7685454
9456,SNX25,0.58906996
9457,CXorf40A,0.612386
9458,IGF2BP2,0.4084607
9459,GPT2,0.49581066
9460,FLNC,0.7052153
9461,IDNK,0.61853755
9462,ZBTB5,0.6831748
9463,RNF125,0.4511399
9464,RRP12,0.57337034
9465,FMO2,0.5348229
9466,ARHGEF25,0.7627941
9467,RAVER2,0.5906938
9468,FKBP7,0.6941785
9469,RAD54B,0.66185266
9470,TAB3,0.5261263
9471,BCL7A,0.57219094
9472,P2RY1,0.56994164
9473,PLD4,0.49773756
9474,ARID3A,0.5257175
9475,EVI5L,0.59230715
9476,BCAR3,0.7029841
9477,WHRN,0.4784443
9478,ACOT2,0.5343177
9479,GDA,0.7776113
9480,ZNF616,0.7001367
9481,PKIB,0.37612188
9482,ETV7,0.5035444
9483,PHLDB3,0.6186615
9484,MRM3,0.71371585
9485,CAMSAP1,0.60655284
9486,ACE2,0.5390126
9487,ZNF671,0.47637972
9488,ERV3-1,0.4348655
9489,MEAK7,0.7819994
9490,SPSB2,0.6202951
9491,GIPC2,0.4270271
9492,SLC5A9,0.5733984
9493,TMEM67,0.7494363
9494,LRRC6,0.67659336
9495,DPEP2,0.5561081
9496,GON7,0.6004022
9497,NSUN3,0.7758102
9498,MYPOP,0.7917053
9499,LRFN4,0.5276963
9500,TMEM186,0.7627818
9501,INTS9,0.6488418
9502,MDM1,0.636373
9503,NOXA1,0.64760154
9504,IQGAP2,0.26870692
9505,GLYATL1,0.6161328
9506,FBXO6,0.4822259
9507,TOMM40L,0.5963376
9508,MYBL1,0.5975736
9509,ZNF236,0.7877998
9510,C11orf98,0.42262626
9511,ENOX2,0.5289012
9512,ZNF568,0.5935841
9513,B3GALT4,0.76189846
9514,INCENP,0.6457569
9515,ZBTB46,0.5159727
9516,GAPT,0.61116815
9517,VDR,0.61766464
9518,STRBP,0.7542518
9519,HCFC2,0.4670802
9520,PHYHD1,0.50271785
9521,ZFP1,0.73229486
9522,SOCS4,0.6177636
9523,SHPK,0.6301368
9524,ABRAXAS2,0.7859047
9525,TMEM88,0.723044
9526,TNFRSF19,0.74175787
9527,ANLN,0.39855418
9528,TSTD3,0.65865374
9529,PPP1R3E,0.72900677
9530,SDHAF3,0.79815745
9531,TSPOAP1,0.76497555
9532,SEMA6C,0.5160597
9533,ZNF92,0.63408566
9534,TOR1B,0.59909695
9535,TADA1,0.75072485
9536,ZNF839,0.6963628
9537,AC093323.1,0.59754544
9538,GLT8D2,0.761586
9539,GAS1,0.51750016
9540,NEIL1,0.67953676
9541,SETDB2,0.45820722
9542,PGM2L1,0.72938186
9543,TLE4,0.7441934
9544,CD48,0.5935566
9545,CACFD1,0.58591944
9546,CACNA1C,0.771987
9547,FAM117B,0.60867685
9548,PAXIP1,0.7177419
9549,MMP24,0.72560143
9550,KIF20B,0.63774383
9551,C9orf116,0.7854193
9552,TRMT10B,0.5943483
9553,CCL15,0.67964023
9554,TMEM116,0.61742055
9555,SYNE3,0.53612274
9556,ZNF550,0.73186445
9557,SPAG5,0.59189755
9558,CEP152,0.67008114
9559,TPRN,0.68419045
9560,FOXC1,0.7636594
9561,CLCF1,0.479673
9562,GABRD,0.5690535
9563,MTM1,0.5190428
9564,MEF2B,0.7510875
9565,SAAL1,0.61758983
9566,HOXC4,0.7075142
9567,POC1B,0.53484416
9568,ADAMTS12,0.70329595
9569,CDAN1,0.7237866
9570,THSD4,0.6776802
9571,FANCI,0.6758687
9572,PLA2G7,0.58637744
9573,MED1,0.58402604
9574,CAPN5,0.57060194
9575,PLK1,0.65488356
9576,TAF6L,0.52041787
9577,FAM110B,0.54964685
9578,TTC5,0.7579605
9579,NR2C2AP,0.532588
9580,GAB3,0.5935416
9581,TMEM260,0.79723907
9582,LDLRAD3,0.68798494
9583,CXADR,0.7399476
9584,POLR3F,0.6561414
9585,NUDT12,0.74129033
9586,TRMT5,0.6580565
9587,DPH1,0.4695084
9588,ARHGAP6,0.6930396
9589,ZNF275,0.43714526
9590,UBXN8,0.48948407
9591,ZNF398,0.80922216
9592,FAM117A,0.7935949
9593,PRR5,0.41644898
9594,GEN1,0.68529314
9595,GPR153,0.4413382
9596,CENPK,0.6592476
9597,TMEM267,0.6730475
9598,DLL1,0.7265365
9599,TTC8,0.80433464
9600,BYSL,0.60193354
9601,HOXA9,0.5965697
9602,B3GLCT,0.7603765
9603,AGMO,0.5165924
9604,DHRS1,0.7897384
9605,COX10,0.6721762
9606,RPGR,0.76653093
9607,AZIN2,0.58627546
9608,CASP9,0.7229453
9609,NEURL4,0.70496684
9610,IGHD,0.28844416
9611,EIF5A2,0.6627265
9612,RALGPS2,0.512085
9613,PFDN4,0.4714686
9614,TSTD2,0.8337764
9615,XRRA1,0.6059106
9616,ZNF407,0.627959
9617,AGAP4,0.57471526
9618,FZD5,0.6943796
9619,INTS2,0.6522866
9620,TMTC1,0.41326925
9621,DHRS13,0.49936625
9622,TCF7L1,0.771391
9623,ZSWIM4,0.55053425
9624,TMEM97,0.52834094
9625,L3MBTL3,0.68288326
9626,KCNN3,0.53910446
9627,ANO8,0.6131614
9628,IL21R,0.6978374
9629,ME1,0.58008945
9630,ANKMY1,0.5866147
9631,FAM118B,0.65730613
9632,FGFR2,0.60546315
9633,LRRCC1,0.67408615
9634,DHODH,0.7532229
9635,ZNF142,0.62118757
9636,HELQ,0.8349611
9637,QTRT2,0.65504116
9638,WDR72,0.6303969
9639,SLC34A2,0.34492037
9640,IRGQ,0.62249607
9641,UTP14A,0.5104702
9642,HIF3A,0.54200757
9643,DUSP10,0.46788433
9644,INTS5,0.608192
9645,FBXO30,0.7354379
9646,ZSCAN29,0.6856006
9647,TIAM1,0.5860842
9648,ZFAT,0.48342893
9649,CCDC112,0.57851046
9650,VWA5A,0.59073824
9651,TMEM216,0.70802736
9652,SLC16A2,0.67464465
9653,SATB2,0.5903793
9654,GPC3,0.5185144
9655,PATL2,0.4489427
9656,AC073111.4,0.5724326
9657,GRAMD1B,0.7104563
9658,ZNF703,0.5593694
9659,EPPK1,0.55007535
9660,TIMD4,0.56668043
9661,WRN,0.5483752
9662,SGK2,0.72343826
9663,GCC1,0.7808559
9664,VNN1,0.4437864
9665,SMAD6,0.6788345
9666,RBM41,0.5252397
9667,CDC20,0.4140177
9668,PCCB,0.65790737
9669,LBP,0.35251498
9670,LIG4,0.7100342
9671,SYTL4,0.74705404
9672,SMIM8,0.4950575
9673,ARL6,0.6319805
9674,ASTN2,0.8111799
9675,DIPK1A,0.59351355
9676,VHL,0.6415206
9677,LILRB3,0.5996569
9678,TUBGCP4,0.60774535
9679,ZNF808,0.7155315
9680,KCNC4,0.7641719
9681,POU6F1,0.61948055
9682,HOXA3,0.59007096
9683,SLC19A1,0.6524736
9684,KIF9,0.55810004
9685,ZFP30,0.7306161
9686,GRAMD2B,0.45800486
9687,TRMT6,0.64782023
9688,BLNK,0.5700942
9689,BATF,0.3837525
9690,RNLS,0.63772106
9691,SFXN2,0.65554446
9692,FAM174B,0.54943067
9693,HOXD10,0.67331487
9694,KCNQ1,0.57324034
9695,HS3ST1,0.55069715
9696,BMT2,0.68203574
9697,E2F5,0.59642404
9698,CRACR2A,0.6194967
9699,MCM2,0.5519761
9700,PDE1B,0.6695654
9701,MAP2,0.7237882
9702,WDR83,0.70928144
9703,SERPINB8,0.60188967
9704,CDRT4,0.7505922
9705,MCM8,0.7841347
9706,C1orf131,0.68801004
9707,BGLAP,0.44089648
9708,LAMC3,0.47023132
9709,AIM2,0.6256146
9710,ATAT1,0.5751882
9711,ANKRD16,0.69486
9712,UTP20,0.54149306
9713,TYW5,0.6762965
9714,PCDHB16,0.6432379
9715,RADX,0.6166704
9716,HIVEP1,0.62848496
9717,RAI2,0.5573829
9718,NHEJ1,0.54169226
9719,HMGCR,0.7313959
9720,ZNF600,0.45764983
9721,FLVCR1,0.6461325
9722,FAM89A,0.59872526
9723,WDR47,0.63787615
9724,OXNAD1,0.55708355
9725,CDKL5,0.5927058
9726,DCUN1D5,0.38363132
9727,FJX1,0.6113801
9728,RAB30,0.7985819
9729,MELK,0.4669324
9730,MFSD2A,0.55830383
9731,ALDH8A1,0.5643085
9732,CNNM4,0.6448964
9733,FKRP,0.6632243
9734,CEP295,0.47136632
9735,MANSC1,0.6589966
9736,MECOM,0.6869757
9737,TMEM130,0.45043752
9738,BAK1,0.4466337
9739,CCDC189,0.5359343
9740,HEATR6,0.6944971
9741,TYW1,0.6133082
9742,SARDH,0.7075345
9743,CDHR1,0.2697569
9744,PADI2,0.4174149
9745,GPATCH11,0.7175366
9746,MAP9,0.6550017
9747,C1orf159,0.48535463
9748,HDAC4,0.7118501
9749,ABHD8,0.69656134
9750,YJEFN3,0.6548754
9751,DOHH,0.57709235
9752,ZNF200,0.7007756
9753,PRIM2,0.6127295
9754,LRP5L,0.6341293
9755,SPAG1,0.36278984
9756,MTMR9,0.59675306
9757,RGMB,0.7550235
9758,LARS2,0.8160205
9759,HAPLN1,0.21541263
9760,BRF2,0.61552703
9761,MAML3,0.69228816
9762,STK32B,0.6980782
9763,ZNF821,0.5605458
9764,ZSWIM6,0.56124467
9765,POLR3K,0.66800636
9766,TPK1,0.72524834
9767,AKR7A3,0.71007746
9768,TFB1M,0.5480155
9769,BCOR,0.60445285
9770,EXTL2,0.69566256
9771,AKAP6,0.60054857
9772,TUBD1,0.60521275
9773,POP1,0.36117634
9774,ZNF707,0.51406413
9775,CENPM,0.6434213
9776,TXNL4B,0.52331
9777,ARMC9,0.5754782
9778,WDR24,0.61276954
9779,SLC5A10,0.35945097
9780,PGM5,0.35974905
9781,GLMN,0.6137149
9782,MYO7A,0.6626069
9783,MASTL,0.59876925
9784,RBL1,0.7849932
9785,SRFBP1,0.53278506
9786,PHETA1,0.5885668
9787,EXOG,0.5730007
9788,HOXA7,0.6436044
9789,MICU3,0.6449292
9790,MMP28,0.56116205
9791,SNX16,0.7050374
9792,C8orf58,0.78245133
9793,ZNF646,0.7723332
9794,TRERF1,0.42710745
9795,CA5B,0.71564674
9796,GEMIN5,0.42253566
9797,IL17RB,0.61501354
9798,CXCL8,0.41731408
9799,TAF3,0.77933806
9800,GMEB1,0.622607
9801,COL4A3,0.62422466
9802,PCYOX1L,0.7823491
9803,JAM2,0.7232287
9804,SPC24,0.4200413
9805,SP140,0.5875993
9806,HERC5,0.55981076
9807,PARP11,0.36999384
9808,G2E3,0.6592988
9809,GPATCH1,0.7015683
9810,WSCD1,0.57540005
9811,ZNF184,0.67870015
9812,PIGV,0.5502705
9813,ATP7A,0.8027625
9814,DPEP1,0.38971004
9815,CEP112,0.5538991
9816,CARF,0.7049827
9817,DUS2,0.7035963
9818,PC,0.5399055
9819,L3MBTL4,0.7330809
9820,ZNF286A,0.69158125
9821,CHI3L1,0.33376586
9822,SAMD3,0.4439514
9823,FOXP2,0.44217607
9824,AKR1C1,0.7578991
9825,ZNF124,0.5337582
9826,TROAP,0.5465171
9827,NEK11,0.559787
9828,WNT5A,0.561654
9829,GALNT12,0.74897724
9830,CTU2,0.6216075
9831,BARX2,0.46562326
9832,IQCG,0.6913414
9833,ERCC8,0.6298785
9834,ZNF251,0.7610233
9835,ZNF350,0.6918538
9836,MCC,0.6392084
9837,HOXB7,0.51285875
9838,TOR2A,0.69379234
9839,PSD3,0.6535177
9840,HSPBAP1,0.57969135
9841,MFSD9,0.7037099
9842,SPRTN,0.68693703
9843,LIN54,0.5495754
9844,MTF1,0.47026893
9845,TBPL1,0.671808
9846,EEPD1,0.5832867
9847,SPIN3,0.78074354
9848,BCL2A1,0.56532687
9849,HIST1H3G,0.47105443
9850,XRCC4,0.44754717
9851,CCNA2,0.41129056
9852,HELB,0.6589968
9853,MTHFD2L,0.6456462
9854,PMAIP1,0.40302667
9855,ZNF589,0.5849219
9856,KCTD11,0.7162021
9857,PRKCQ,0.5957665
9858,NRDE2,0.58693
9859,USP37,0.6353754
9860,TMEM74B,0.6844108
9861,CXCL11,0.44527146
9862,AR,0.695365
9863,ZNF211,0.740917
9864,LRIG3,0.487462
9865,ZFP41,0.64346117
9866,NUDT18,0.47191665
9867,WDR4,0.49560562
9868,FAM229A,0.7959829
9869,KCTD1,0.5997758
9870,STEAP2,0.5014695
9871,PUS7,0.6974349
9872,BCL2L12,0.6266108
9873,CREB3L4,0.6998286
9874,ZNF614,0.6208823
9875,POU2F2,0.5900604
9876,FSD1L,0.66021556
9877,SINHCAF,0.3420359
9878,P2RY13,0.55527896
9879,WDR78,0.5869337
9880,SDK1,0.54146713
9881,FOXRED2,0.6502688
9882,UHRF1,0.38506714
9883,BUD13,0.7096068
9884,BTK,0.7095675
9885,EPHB2,0.5118029
9886,HABP2,0.42112693
9887,DACT3,0.62951803
9888,ZBED6CL,0.48945692
9889,SPATA2,0.5992766
9890,CARNMT1,0.6800403
9891,NXT2,0.57042956
9892,CMTM8,0.845766
9893,GRB7,0.64234143
9894,ETV1,0.50114506
9895,TCP11L2,0.3565654
9896,GORAB,0.7345479
9897,PRICKLE3,0.6869876
9898,EEF1AKMT1,0.53298575
9899,MMAA,0.7124686
9900,PUSL1,0.5298522
9901,BIRC5,0.35957333
9902,GGACT,0.3858976
9903,BEX2,0.5495764
9904,ZNF23,0.7425056
9905,ZC4H2,0.7184944
9906,MED26,0.61660016
9907,P2RY11,0.5200158
9908,MAPK6,0.35739818
9909,DHX57,0.60466146
9910,PRAG1,0.7411365
9911,TMEM53,0.67955846
9912,RMDN2,0.6243625
9913,ZNF518B,0.580163
9914,RPP14,0.57042974
9915,SPICE1,0.8074813
9916,DISP1,0.704755
9917,PCDH18,0.80649763
9918,GTF2E1,0.61354566
9919,CPNE5,0.70460564
9920,STARD5,0.6768923
9921,C20orf96,0.624517
9922,ACHE,0.3291208
9923,DDC,0.54283303
9924,CASTOR2,0.6201107
9925,CEP126,0.6779814
9926,ITIH4,0.45838118
9927,MFAP2,0.6150567
9928,GZMH,0.33160898
9929,MXRA5,0.3015308
9930,SLX4IP,0.5363141
9931,ZNF605,0.75114113
9932,DBF4,0.55185527
9933,DZIP1L,0.6554764
9934,SHROOM2,0.7169884
9935,NR4A3,0.51472354
9936,BRPF1,0.66423887
9937,PLLP,0.7079106
9938,KANTR,0.71594614
9939,EGFL8,0.7467289
9940,CBLN3,0.6999869
9941,SOX5,0.73604536
9942,ANKS1B,0.62665385
9943,TRO,0.6128683
9944,LNX2,0.5957647
9945,PYROXD2,0.705798
9946,SLC2A2,0.5543062
9947,ZNF574,0.689352
9948,RNF180,0.7281551
9949,TRDMT1,0.6007764
9950,GPT,0.56287044
9951,HPGD,0.61258984
9952,IRS1,0.54139966
9953,DNAH14,0.6347228
9954,NECTIN1,0.67072797
9955,LTN1,0.579546
9956,ZNF136,0.5942359
9957,TECPR2,0.6559255
9958,PELI3,0.52573067
9959,PINX1,0.73128486
9960,BAHCC1,0.52283317
9961,YRDC,0.7904002
9962,SOCS7,0.65781415
9963,ZNF227,0.550895
9964,TBXA2R,0.6196396
9965,PXMP4,0.4924294
9966,POPDC2,0.5053635
9967,ZNF746,0.5568451
9968,RHOBTB2,0.620848
9969,LYSMD1,0.71473724
9970,ENTPD2,0.52436095
9971,MAK16,0.52861255
9972,USP18,0.64112383
9973,TBC1D3B,0.5030072
9974,KIF11,0.48853335
9975,LRRC17,0.66784567
9976,EXOC8,0.6700731
9977,RAB37,0.57062405
9978,SCARA3,0.6125253
9979,PLEKHM3,0.5057065
9980,USP30,0.49831152
9981,NEGR1,0.54525846
9982,ACVR2B,0.6794522
9983,CRB3,0.5633301
9984,CYS1,0.4891334
9985,PRDM15,0.6966304
9986,HEY2,0.81551915
9987,CCP110,0.65845644
9988,BDKRB2,0.7317776
9989,GPRC5A,0.49142364
9990,ZBTB22,0.61224085
9991,OASL,0.60876137
9992,SPATC1L,0.69167066
9993,MAP3K10,0.7210416
9994,TMEM184A,0.59940636
9995,MED27,0.7029736
9996,SCIMP,0.5950319
9997,GLB1L2,0.51114774
9998,TICAM2,0.6972113
9999,OLFML1,0.59816206
