tissue,slide,patient,source,technology,spots,programs,teacher_fold,teacher_checkpoint_sha256,reference_sha256,teacher_patient_held_out,teacher_inr_accepted,teacher_rna_sha256,teacher_composition_sha256,index_sha256,cache_sha256,feature_sha256
bladder_cancer,HEST:NCBI603,Patient 1,HEST,Visium,767,48,0,247fa6cf65a70498fea673e764dc620496cbcc378bbb84201d9905af9a9c5144,0dd2941fdf54f27aac716bac51dc6f80c7c96f25e51bfca700cd1c9f85e12b62,True,True,5441434253c8f5ec52ccb56ec73252294416fc3ac042b46136845469b0d2ddff,7591824bcc5445a4502260beb4ebcc5ec95da1baa4e66482a5ad7369bba23fda,c610d3e63bb2f3bf8554fe6349561395e117761b40b0f6fcb42ccbe703e01878,1894610c0548f7a48a3e4b5106c370348986fe75c1fbf674465d068fd99e3e8b,bc4333c7ef6ceec09e8c4c5d39f0e4da1162b8dc72b4dea9450822778936d250
bladder_cancer,HEST:NCBI854,Patient 1,HEST,Visium,697,48,0,247fa6cf65a70498fea673e764dc620496cbcc378bbb84201d9905af9a9c5144,0dd2941fdf54f27aac716bac51dc6f80c7c96f25e51bfca700cd1c9f85e12b62,True,True,5441434253c8f5ec52ccb56ec73252294416fc3ac042b46136845469b0d2ddff,7591824bcc5445a4502260beb4ebcc5ec95da1baa4e66482a5ad7369bba23fda,c610d3e63bb2f3bf8554fe6349561395e117761b40b0f6fcb42ccbe703e01878,06f1285b96519cee386dda0354ac8fb8c9e8199a58d43455324e1643f226beb7,2cbb5ae4191fa78ae70d91fa42bb0b3779d54f950e4f5a8f7936d2225d71ae37
bladder_cancer,HEST:NCBI855,Patient 10,HEST,Visium,1430,48,1,cd1be7ea606d304bed5a93ab73dd3457215faa6ff78dc949cc4a51466e4e00b0,0dd2941fdf54f27aac716bac51dc6f80c7c96f25e51bfca700cd1c9f85e12b62,True,False,4106e19c1263db8f554c33c0728bb333157d8ea1877f0b095c0ae179fa33c16b,a6aa16a380e6f159e7d2ee1b2422885f9a4cdfa9daf84f62931f753797df17fc,fc8eb7a6860749dbdb8546b7b81ff083c9bbb08d129cb85b60ca598593bf528b,63ce3b42d4d00b65311be523280eec69a03751e0964aeac10ae2d169073fcd6b,3290497a9ecad75ec1bac81cd1f3489f17abf70a3b8b1d78035327460c307206
bladder_cancer,HEST:NCBI602,Patient 2,HEST,Visium,976,48,2,0be5cfb544fdd287b84bb02b36a4b87d3780ad42242d25e9386d348a738cda46,0dd2941fdf54f27aac716bac51dc6f80c7c96f25e51bfca700cd1c9f85e12b62,True,False,7eeeca01011169944befad4fc9c17fbf1e5d4c1d6393ea02f997a5254ed5263c,11caa0b6bbb09d9bdea2ee8744cc0d401ed19365dc2644c0370552ebf0734b77,2648201be882c004c4b768652f0d50aae253cc133273b168ba43861c62a32d32,b3533746c401e8f20e0866ad43ad551a46403a74d170435d0e5376c2f22c6411,f56b0cbb5087c4db9dededcc2013b01d60686bbce2198536ac2d492506da8a16
bladder_cancer,HEST:NCBI601,Patient 3,HEST,Visium,1464,48,3,b486703b4cc1e837279ef7882353a1b5cfd29806cc341aa1dab7649385ff130e,0dd2941fdf54f27aac716bac51dc6f80c7c96f25e51bfca700cd1c9f85e12b62,True,False,df0484c0b56aff929c74f18c6884cc6ac36c49e9954d9d511e18090b70220a8c,cd5a616b76d60efae98b61226537b8c0d23c6ab5189d38869b91ff308aa994f6,2b60900196cfa9d0195e3422bb618eadfb23251297d297c81f3ac1b4f4d867e2,3397dbd69ed8203519201439818a8ceb11ca4f22472c18fc1a8e46d28dc47e23,e83dfb0650887777ef2d518f6dc5a8007a644c8e1556c6bf63803c8e3ce21c77
bladder_cancer,HEST:NCBI600,Patient 4,HEST,Visium,798,48,4,41f68b7827f974daacf2fa91cdcfba1fdf5a040d95d9bfd9dea4c22301a0520d,0dd2941fdf54f27aac716bac51dc6f80c7c96f25e51bfca700cd1c9f85e12b62,True,True,dcb9230b6e9414dec4b7568fbfeaaa48b09a8517e5d3372f2b16efe4ac3cf6e0,e8fb40a847c1b786f750e25764ad3e7cde328cf4e863ab1fdf787b0e2b843822,febca1194d808176a4bc3364fc09552d0f927bab6a6ce4e93afb3dd20a83f651,605bd2d0b3467d78f62c2af7c91c65492c901ce9c669522576099db87cff311f,6e9e957fbb67fa714d4dec138122f2389873a3dec9189c88173f3eb59c165933
breast_cancer,GSE210616:GSM6433585_092A,GSE210616:092,GSE210616,Visium,1289,44,0,4ba8f85e91afcbdf78bcfe21f756e1e6023a441764a6df57f9ca2809111aab85,1e8e3e879eb836571fe8a05c3db493511e53db1db31b64a51e2983b638c8eebd,True,True,aa9d720debf7d5f0568ecb4ef497befe2093083e8b0114d22a6bb4f2a5e555b6,0e904d6caa0b2e1fd5bb1c534b1d79077d7621c021c3cb736006ce96edecb88a,5642e969ce2e2b339c71e2fe52341f796e2a2a3a9eb81ad5ba12e88cf393acc2,7164dd7e092b6e9b8ce25b2d58f3d3c497491dfd5c61912f18453659203d6fd1,68cc733470172f396ab57d458093acbb3a3278a6124d08633b2102e0ac1310ac
breast_cancer,GSE210616:GSM6433586_092B,GSE210616:092,GSE210616,Visium,1376,44,0,4ba8f85e91afcbdf78bcfe21f756e1e6023a441764a6df57f9ca2809111aab85,1e8e3e879eb836571fe8a05c3db493511e53db1db31b64a51e2983b638c8eebd,True,True,aa9d720debf7d5f0568ecb4ef497befe2093083e8b0114d22a6bb4f2a5e555b6,0e904d6caa0b2e1fd5bb1c534b1d79077d7621c021c3cb736006ce96edecb88a,5642e969ce2e2b339c71e2fe52341f796e2a2a3a9eb81ad5ba12e88cf393acc2,9e18f313ea30ea5594e6c4618f74801a358e8bc814b33fda7be32dbe12c0bbb1,788e2893e02a04e8301932e1abf7b6d06234847f6f12ea139bbf6b389fa440db
breast_cancer,GSE210616:GSM6433587_093A,GSE210616:093,GSE210616,Visium,1654,44,1,053a3ca4d8d56257cd642086547770ff879f7682b86ff26f4bbdc7ab84369551,1e8e3e879eb836571fe8a05c3db493511e53db1db31b64a51e2983b638c8eebd,True,False,b3f4608ac1f964347df0e534ca87aff44514ef1467be3cd16993babec13ba595,298b341171ad87a1674f11793191403358ddc97b8d70b8c41dde97d051bfc700,421c4f1d438dcffd5ea5c0063a6a3a1f8b9700ab0fedc81fc9c913c546cfc768,23f5b4cf1a0e20c181a7276c9e2edc44cb7b1965900615defb04d36a0501c5ef,6161cd41a9bfe86896bdf943004276a2af41f130cdba7de05d2d939f5323b2eb
breast_cancer,GSE210616:GSM6433588_093B,GSE210616:093,GSE210616,Visium,1178,44,1,053a3ca4d8d56257cd642086547770ff879f7682b86ff26f4bbdc7ab84369551,1e8e3e879eb836571fe8a05c3db493511e53db1db31b64a51e2983b638c8eebd,True,False,b3f4608ac1f964347df0e534ca87aff44514ef1467be3cd16993babec13ba595,298b341171ad87a1674f11793191403358ddc97b8d70b8c41dde97d051bfc700,421c4f1d438dcffd5ea5c0063a6a3a1f8b9700ab0fedc81fc9c913c546cfc768,0c93c1993df8f24e9ed53d65bdadff2f01c99cfd4834f5d935886db0ae4c057f,1f0e80e918f05554c375264d98e191b5e0e38efd95d1698112b06a7a532ccc19
breast_cancer,GSE210616:GSM6433589_093C,GSE210616:093,GSE210616,Visium,2117,44,1,053a3ca4d8d56257cd642086547770ff879f7682b86ff26f4bbdc7ab84369551,1e8e3e879eb836571fe8a05c3db493511e53db1db31b64a51e2983b638c8eebd,True,False,b3f4608ac1f964347df0e534ca87aff44514ef1467be3cd16993babec13ba595,298b341171ad87a1674f11793191403358ddc97b8d70b8c41dde97d051bfc700,421c4f1d438dcffd5ea5c0063a6a3a1f8b9700ab0fedc81fc9c913c546cfc768,a007a51672c1896c42803523f81c5559c3842d3de0e8d1aad56137d3a902ff64,f980cf6549bafbaa00599d5897c1078f2be8b0c7232fcfc95d409e72f3ff6b79
breast_cancer,GSE210616:GSM6433590_093D,GSE210616:093,GSE210616,Visium,1532,44,1,053a3ca4d8d56257cd642086547770ff879f7682b86ff26f4bbdc7ab84369551,1e8e3e879eb836571fe8a05c3db493511e53db1db31b64a51e2983b638c8eebd,True,False,b3f4608ac1f964347df0e534ca87aff44514ef1467be3cd16993babec13ba595,298b341171ad87a1674f11793191403358ddc97b8d70b8c41dde97d051bfc700,421c4f1d438dcffd5ea5c0063a6a3a1f8b9700ab0fedc81fc9c913c546cfc768,83459d38f75b10d4b03785efcace7d52bb4b703663e761123d1da35db6181df4,487f3bcaa6a24f51e9edc9ebd48469480570dc23b8e542447d2c79a40a7f6aa3
breast_cancer,GSE210616:GSM6433591_094A,GSE210616:094,GSE210616,Visium,772,44,2,e1582c3e863b5a6f4afce2fa47c418eb2d2b49b11f3deeb7b52426ad3f4bf9db,1e8e3e879eb836571fe8a05c3db493511e53db1db31b64a51e2983b638c8eebd,True,True,4ec319b168429cf4b961a222b6a0d47e4c8f7e6f663549f3f3560a91d8645440,52ce7bbc37355c854afdc12b5b65c4632a128e72ff8803d1555272b865e5df57,1535ec2cea6550494b06b3b7f7192e57e8e0639bdd6f23558599aaf4e35131f7,a35bcca62ac1472b76e4b3ad9ee1e2298bdf8191254db18b9cb03f4b0a22bf9c,6c8fe1059b7000addacc49ee088b7bf04ddb6abee58b6076167e350d89fe73a8
breast_cancer,GSE210616:GSM6433592_094B,GSE210616:094,GSE210616,Visium,1325,44,2,e1582c3e863b5a6f4afce2fa47c418eb2d2b49b11f3deeb7b52426ad3f4bf9db,1e8e3e879eb836571fe8a05c3db493511e53db1db31b64a51e2983b638c8eebd,True,True,4ec319b168429cf4b961a222b6a0d47e4c8f7e6f663549f3f3560a91d8645440,52ce7bbc37355c854afdc12b5b65c4632a128e72ff8803d1555272b865e5df57,1535ec2cea6550494b06b3b7f7192e57e8e0639bdd6f23558599aaf4e35131f7,20e7cc60939873191f249cab93d03ce1ca1de489911fe48118e6f95eddce158e,3de2cb48924d1feed15d0f9e27c37b52828af9ed7bd4548882915e45015a5b9a
breast_cancer,GSE210616:GSM6433593_094C,GSE210616:094,GSE210616,Visium,1542,44,2,e1582c3e863b5a6f4afce2fa47c418eb2d2b49b11f3deeb7b52426ad3f4bf9db,1e8e3e879eb836571fe8a05c3db493511e53db1db31b64a51e2983b638c8eebd,True,True,4ec319b168429cf4b961a222b6a0d47e4c8f7e6f663549f3f3560a91d8645440,52ce7bbc37355c854afdc12b5b65c4632a128e72ff8803d1555272b865e5df57,1535ec2cea6550494b06b3b7f7192e57e8e0639bdd6f23558599aaf4e35131f7,fc4aed4f2e7798f003b5bfc76c15e8b838afe1d46c548836d253cfa480b70e1b,eaf45c991551905b93f7a11443512e2078ad1a9f8d6d579d6c316b73bd03ef68
breast_cancer,GSE210616:GSM6433594_094D,GSE210616:094,GSE210616,Visium,1391,44,2,e1582c3e863b5a6f4afce2fa47c418eb2d2b49b11f3deeb7b52426ad3f4bf9db,1e8e3e879eb836571fe8a05c3db493511e53db1db31b64a51e2983b638c8eebd,True,True,4ec319b168429cf4b961a222b6a0d47e4c8f7e6f663549f3f3560a91d8645440,52ce7bbc37355c854afdc12b5b65c4632a128e72ff8803d1555272b865e5df57,1535ec2cea6550494b06b3b7f7192e57e8e0639bdd6f23558599aaf4e35131f7,25a2996da0caffc0dc7390b248263e9bbd047da396940565b9c39fa8e05c4ecc,5abbebbce25b2e800cb109116e0fb96680b5df57c03963414287e7a92b01bd50
breast_cancer,GSE210616:GSM6433595_095A,GSE210616:095,GSE210616,Visium,1264,44,3,008cb05549d73dd060b717cd32e2d6b229eee2ce20b92d97b34bb011d4debc8d,1e8e3e879eb836571fe8a05c3db493511e53db1db31b64a51e2983b638c8eebd,True,True,242b61c582631f26f42c789009dbaf6b9825bcdb6c882138f88427b9ffa42526,fe9fe4fae7d79a38b7b621a9335b4661caaf9d60e1cbcd019b6bccc758bb4e5e,e3a007c5b777b0be414c0336398e0dbc21a6a36aac013c877060b9837cdf7d4b,9e607d389504a91be20c904cbe002ee74d7bd97565dee8ef3057426dfb787769,a46c3aafb66c253066b93607ac628d733125b30410bc0c0a2c1b4f3fc7cb1c65
breast_cancer,GSE210616:GSM6433596_095B,GSE210616:095,GSE210616,Visium,1167,44,3,008cb05549d73dd060b717cd32e2d6b229eee2ce20b92d97b34bb011d4debc8d,1e8e3e879eb836571fe8a05c3db493511e53db1db31b64a51e2983b638c8eebd,True,True,242b61c582631f26f42c789009dbaf6b9825bcdb6c882138f88427b9ffa42526,fe9fe4fae7d79a38b7b621a9335b4661caaf9d60e1cbcd019b6bccc758bb4e5e,e3a007c5b777b0be414c0336398e0dbc21a6a36aac013c877060b9837cdf7d4b,337d91c7f71c85238feb8c1654feb39bc12ac45f0a5104b6950939f401c053e2,ef4197817918e742fb235e7582240109f6832997e5f2e35d00514f1de3258054
breast_cancer,GSE210616:GSM6433597_117B,GSE210616:117,GSE210616,Visium,1109,44,4,7f81bb0f29b81b8fb9d5fae8bd5cf8507c5b7bb965cc1997331bbd159ff4db69,1e8e3e879eb836571fe8a05c3db493511e53db1db31b64a51e2983b638c8eebd,True,False,f456b66596efd43026fdbba7b8e8befdc45f6eb1ec5c42275bb2bf5d54624598,6b1b48c8875f02304d7af56fa55ca7e95128204bd72810bdd5870c5be1b756c0,f588a4ab1efbea102ae94f50e9a855f9f7a2b3242403808c57d7eb09dee42f9f,6dd6e4279ece59b9ae610ecbb198bb15f3faee708025c58014790d72c86cbc6e,7621f7636c27f6d5a7e0c08304c14604059ec943575fb95f0e54a4531df1f4ae
breast_cancer,GSE210616:GSM6433598_117C,GSE210616:117,GSE210616,Visium,1058,44,4,7f81bb0f29b81b8fb9d5fae8bd5cf8507c5b7bb965cc1997331bbd159ff4db69,1e8e3e879eb836571fe8a05c3db493511e53db1db31b64a51e2983b638c8eebd,True,False,f456b66596efd43026fdbba7b8e8befdc45f6eb1ec5c42275bb2bf5d54624598,6b1b48c8875f02304d7af56fa55ca7e95128204bd72810bdd5870c5be1b756c0,f588a4ab1efbea102ae94f50e9a855f9f7a2b3242403808c57d7eb09dee42f9f,f495c39731fef13fa2c0dd1bec4cc9218130d2077b8bbb73c8189b378fd17cce,69cbc5a1f0de74f5aba5ba69dbdf7b6c364696ad1b6f69fe1f416ffca7742809
breast_cancer,GSE210616:GSM6433599_117D,GSE210616:117,GSE210616,Visium,1949,44,4,7f81bb0f29b81b8fb9d5fae8bd5cf8507c5b7bb965cc1997331bbd159ff4db69,1e8e3e879eb836571fe8a05c3db493511e53db1db31b64a51e2983b638c8eebd,True,False,f456b66596efd43026fdbba7b8e8befdc45f6eb1ec5c42275bb2bf5d54624598,6b1b48c8875f02304d7af56fa55ca7e95128204bd72810bdd5870c5be1b756c0,f588a4ab1efbea102ae94f50e9a855f9f7a2b3242403808c57d7eb09dee42f9f,723c0d6900e91a0cc27825c8ec4cb04c20da332f1d32449cfe9795c1018322aa,ee26fc834981bf3313af9db3c1e2e07a6f4bbb0297dfd50f535b7188b1378174
breast_cancer,GSE210616:GSM6433600_117E,GSE210616:117,GSE210616,Visium,754,44,4,7f81bb0f29b81b8fb9d5fae8bd5cf8507c5b7bb965cc1997331bbd159ff4db69,1e8e3e879eb836571fe8a05c3db493511e53db1db31b64a51e2983b638c8eebd,True,False,f456b66596efd43026fdbba7b8e8befdc45f6eb1ec5c42275bb2bf5d54624598,6b1b48c8875f02304d7af56fa55ca7e95128204bd72810bdd5870c5be1b756c0,f588a4ab1efbea102ae94f50e9a855f9f7a2b3242403808c57d7eb09dee42f9f,264b3f419eeca1a304d87bbb79dc9681cbe51525138e80de21f543a0f96672a9,ee0db67b1ced3f4ddb808efdd418fae51aed6dbafb964616901bfc30ee6cc2e5
breast_cancer,GSE210616:GSM6433601_118B,GSE210616:118,GSE210616,Visium,1593,44,5,ea95f95d13f7f0cc3b517313bae90d77ec6f4a6ef4456b93182b25e3fa21c943,1e8e3e879eb836571fe8a05c3db493511e53db1db31b64a51e2983b638c8eebd,True,False,fff636f48755d6ee3b973f7907128e04959be899c3e061fbbcbc6604900662c1,74d402368569f16199d4d1cab76ef083a86d0175d20db3a8080c1fb8113c1188,0eac0e6ece68e761e038370aa4b3454fab7fbb4a2ee7e9fece2db6cd700fc7eb,af3ee68978b424cbaa9dd6eccaff7e0feeee8d67b4c6afd635d587a5db138b1f,adc0b0187883afd134453961989e31c58c79a990ed67bc245e801d30572f6722
breast_cancer,GSE210616:GSM6433602_118C,GSE210616:118,GSE210616,Visium,1554,44,5,ea95f95d13f7f0cc3b517313bae90d77ec6f4a6ef4456b93182b25e3fa21c943,1e8e3e879eb836571fe8a05c3db493511e53db1db31b64a51e2983b638c8eebd,True,False,fff636f48755d6ee3b973f7907128e04959be899c3e061fbbcbc6604900662c1,74d402368569f16199d4d1cab76ef083a86d0175d20db3a8080c1fb8113c1188,0eac0e6ece68e761e038370aa4b3454fab7fbb4a2ee7e9fece2db6cd700fc7eb,8d31592b89111acbd8046dab75087698e3da4f273a8d0f6e86fefbe79fef9172,fab2393cc1e14bf337a53a75c5bcf1f67be6a92797ae6525130abba5ce9e60b0
breast_cancer,GSE210616:GSM6433603_118D,GSE210616:118,GSE210616,Visium,1127,44,5,ea95f95d13f7f0cc3b517313bae90d77ec6f4a6ef4456b93182b25e3fa21c943,1e8e3e879eb836571fe8a05c3db493511e53db1db31b64a51e2983b638c8eebd,True,False,fff636f48755d6ee3b973f7907128e04959be899c3e061fbbcbc6604900662c1,74d402368569f16199d4d1cab76ef083a86d0175d20db3a8080c1fb8113c1188,0eac0e6ece68e761e038370aa4b3454fab7fbb4a2ee7e9fece2db6cd700fc7eb,22d6204c9c3ff0330b348ee3708d8c8b7ed6db1f401bb4d5853942951279d47b,3d589aeef25d9133acee09481506258283f9e8ffecc5f3ddb59ae23049bf1575
breast_cancer,GSE210616:GSM6433604_118E,GSE210616:118,GSE210616,Visium,1111,44,5,ea95f95d13f7f0cc3b517313bae90d77ec6f4a6ef4456b93182b25e3fa21c943,1e8e3e879eb836571fe8a05c3db493511e53db1db31b64a51e2983b638c8eebd,True,False,fff636f48755d6ee3b973f7907128e04959be899c3e061fbbcbc6604900662c1,74d402368569f16199d4d1cab76ef083a86d0175d20db3a8080c1fb8113c1188,0eac0e6ece68e761e038370aa4b3454fab7fbb4a2ee7e9fece2db6cd700fc7eb,ebd0d29b62605f11aff9032259c3cccbcb9a842af00db1934f1442dcfbc27671,6c54b7081d846e59e2b19c4aa3ae461aadaddf0145a64a32537595d0743e6a14
breast_cancer,GSE210616:GSM6433605_119B,GSE210616:119,GSE210616,Visium,558,44,6,534c8e56dceeeaffc2e56cd00c64562df6ef4ab21784dee2ecee44ca625e83d5,1e8e3e879eb836571fe8a05c3db493511e53db1db31b64a51e2983b638c8eebd,True,True,5d5e3c57d74974db2e0c46bc827267e7cdb6f971e7e48f197f154a3e08219056,64771dcb49bd57d8d064d41abbc8ed57587a1040621fedc63840672f404008a7,d9c8628df87db8048dae3c6479aedd415030071948d22d1d27d2c211a379a027,37c246e6959c799007f1a66e31710acc2ae42788fe248b52881c0594dc8e6fab,096125b830cb6c9e5d81be740a41b4c75d705c442a23781c8d40988276bdd8f7
breast_cancer,GSE210616:GSM6433606_119C,GSE210616:119,GSE210616,Visium,850,44,6,534c8e56dceeeaffc2e56cd00c64562df6ef4ab21784dee2ecee44ca625e83d5,1e8e3e879eb836571fe8a05c3db493511e53db1db31b64a51e2983b638c8eebd,True,True,5d5e3c57d74974db2e0c46bc827267e7cdb6f971e7e48f197f154a3e08219056,64771dcb49bd57d8d064d41abbc8ed57587a1040621fedc63840672f404008a7,d9c8628df87db8048dae3c6479aedd415030071948d22d1d27d2c211a379a027,59438a6717afbb6697695bf3a094d5a732b817b1f9cdb3b6ddeffcda9a4d4df6,b64fd8a6b1dde085322efac8ce43ff493ab559bcd65cd800f524b2b2a168e99f
breast_cancer,GSE210616:GSM6433607_119D,GSE210616:119,GSE210616,Visium,2088,44,6,534c8e56dceeeaffc2e56cd00c64562df6ef4ab21784dee2ecee44ca625e83d5,1e8e3e879eb836571fe8a05c3db493511e53db1db31b64a51e2983b638c8eebd,True,True,5d5e3c57d74974db2e0c46bc827267e7cdb6f971e7e48f197f154a3e08219056,64771dcb49bd57d8d064d41abbc8ed57587a1040621fedc63840672f404008a7,d9c8628df87db8048dae3c6479aedd415030071948d22d1d27d2c211a379a027,1590bee1500a795b6d03a3bc1edf01f3c9446c6a3c91efe86377c9f727386a19,a8fe15e529b6d9eb0ee910f64e189ec8191d7ac7a26bb46ac4878abca408a73e
breast_cancer,GSE210616:GSM6433608_119E,GSE210616:119,GSE210616,Visium,3116,44,6,534c8e56dceeeaffc2e56cd00c64562df6ef4ab21784dee2ecee44ca625e83d5,1e8e3e879eb836571fe8a05c3db493511e53db1db31b64a51e2983b638c8eebd,True,True,5d5e3c57d74974db2e0c46bc827267e7cdb6f971e7e48f197f154a3e08219056,64771dcb49bd57d8d064d41abbc8ed57587a1040621fedc63840672f404008a7,d9c8628df87db8048dae3c6479aedd415030071948d22d1d27d2c211a379a027,9abd3ee7942853ef2a379dff061b0dc54c65872195d8759aba782d4abd9d6dfe,ba0626616e76c04ebfe84a6132e68b237d9e7c1a24e85f2562b4d3e50d1a95eb
breast_cancer,GSE210616:GSM6433609_120B,GSE210616:120,GSE210616,Visium,1518,44,7,95d635d197caed06f1a995801eb7876a35fc4e17e2eb1abfb20b6d4e7b7587d5,1e8e3e879eb836571fe8a05c3db493511e53db1db31b64a51e2983b638c8eebd,True,True,1a909fc4f01eef382a59fd267f4c9d907988bb707930e88529ef1bed516055c5,2ce4f30f9874795af3763d9dacbdb1acff087a54aba8b148e461fa2028452b4f,16416cc25fa54d4b8577f50d4cdc3067b3db02695725c682b9d6b1e52281b970,04442b47009e5b0ebbcb0d9241e0ae2729ad027ed456866721e7cb3a5b3f51f8,531a3701f6c52cedc1ba36b40e6c4e2f90cf15f598740243a334fc0180a61519
breast_cancer,GSE210616:GSM6433610_120C,GSE210616:120,GSE210616,Visium,1511,44,7,95d635d197caed06f1a995801eb7876a35fc4e17e2eb1abfb20b6d4e7b7587d5,1e8e3e879eb836571fe8a05c3db493511e53db1db31b64a51e2983b638c8eebd,True,True,1a909fc4f01eef382a59fd267f4c9d907988bb707930e88529ef1bed516055c5,2ce4f30f9874795af3763d9dacbdb1acff087a54aba8b148e461fa2028452b4f,16416cc25fa54d4b8577f50d4cdc3067b3db02695725c682b9d6b1e52281b970,940379a631d828dc210cac02dd2046ac85856f69984069058ed2eb4056118e4c,34cf01533b2fe96d920671572799d2c048635e685fc26a1e620796e116250a43
breast_cancer,GSE210616:GSM6433611_120D,GSE210616:120,GSE210616,Visium,1359,44,7,95d635d197caed06f1a995801eb7876a35fc4e17e2eb1abfb20b6d4e7b7587d5,1e8e3e879eb836571fe8a05c3db493511e53db1db31b64a51e2983b638c8eebd,True,True,1a909fc4f01eef382a59fd267f4c9d907988bb707930e88529ef1bed516055c5,2ce4f30f9874795af3763d9dacbdb1acff087a54aba8b148e461fa2028452b4f,16416cc25fa54d4b8577f50d4cdc3067b3db02695725c682b9d6b1e52281b970,82d7cad6fae90693282c13eb94a7e46bcc17fc7e63ec1325a9f60ecee30a5a0b,6ee3389c8bf7c42ace0d933dfba4974d1c7e5198ab913d013a991a24b3e5c9ec
breast_cancer,GSE210616:GSM6433612_120E,GSE210616:120,GSE210616,Visium,844,44,7,95d635d197caed06f1a995801eb7876a35fc4e17e2eb1abfb20b6d4e7b7587d5,1e8e3e879eb836571fe8a05c3db493511e53db1db31b64a51e2983b638c8eebd,True,True,1a909fc4f01eef382a59fd267f4c9d907988bb707930e88529ef1bed516055c5,2ce4f30f9874795af3763d9dacbdb1acff087a54aba8b148e461fa2028452b4f,16416cc25fa54d4b8577f50d4cdc3067b3db02695725c682b9d6b1e52281b970,dd518230a799ebb7efa6e7c86276fb097e3618378cad4a79feb3c3ba3deabdca,16cacacc5b6990caf322eaf5741061e06c52add32fd4a8c7d790b8db76c8fda8
breast_cancer,GSE210616:GSM6433613_395A,GSE210616:395,GSE210616,Visium,1868,44,8,567c7311474aa1816a5d40b45c9025dd20bf4c49c2584e04fe8fa9635c6b3d95,1e8e3e879eb836571fe8a05c3db493511e53db1db31b64a51e2983b638c8eebd,True,False,17fc1cce975bcf8acca73460a0b6bcc829c14e8a157d0ef89644ffd6b2322af3,fba69aab9de5ed8bb4932666ee50df91368c6d736c417a1a31794b13e877d818,b51777d2334366f0771622e3a56b78842099848582dd8ec82c99bca3828449a4,78a9113e01e6392a0c6374893d8afd4ad6ebc5c898ba6dad1a2476d92f97ae87,78ee9c2966160e0e666bc41d041e1465c87e09cbd984a840cfc27cd41255638d
breast_cancer,GSE210616:GSM6433614_395B,GSE210616:395,GSE210616,Visium,1199,44,8,567c7311474aa1816a5d40b45c9025dd20bf4c49c2584e04fe8fa9635c6b3d95,1e8e3e879eb836571fe8a05c3db493511e53db1db31b64a51e2983b638c8eebd,True,False,17fc1cce975bcf8acca73460a0b6bcc829c14e8a157d0ef89644ffd6b2322af3,fba69aab9de5ed8bb4932666ee50df91368c6d736c417a1a31794b13e877d818,b51777d2334366f0771622e3a56b78842099848582dd8ec82c99bca3828449a4,8cfed844692513b7deef57290bef30dc15b538505ab69f1c3f5fbffca1f65cf2,edcc3c01a32a065d091ef14bb69bf5127a299f85069f6c4b2bafc54788fd3446
breast_cancer,GSE210616:GSM6433615_395C,GSE210616:395,GSE210616,Visium,1048,44,8,567c7311474aa1816a5d40b45c9025dd20bf4c49c2584e04fe8fa9635c6b3d95,1e8e3e879eb836571fe8a05c3db493511e53db1db31b64a51e2983b638c8eebd,True,False,17fc1cce975bcf8acca73460a0b6bcc829c14e8a157d0ef89644ffd6b2322af3,fba69aab9de5ed8bb4932666ee50df91368c6d736c417a1a31794b13e877d818,b51777d2334366f0771622e3a56b78842099848582dd8ec82c99bca3828449a4,436ff46e759f7e94c3ffacdb248aad0f1d992dd128479a086d0244aced22a174,1676aa2e6f568d48155755469ff967327ad2c98e9ac34711c3f143805a45b9a9
breast_cancer,GSE210616:GSM6433616_395D,GSE210616:395,GSE210616,Visium,921,44,8,567c7311474aa1816a5d40b45c9025dd20bf4c49c2584e04fe8fa9635c6b3d95,1e8e3e879eb836571fe8a05c3db493511e53db1db31b64a51e2983b638c8eebd,True,False,17fc1cce975bcf8acca73460a0b6bcc829c14e8a157d0ef89644ffd6b2322af3,fba69aab9de5ed8bb4932666ee50df91368c6d736c417a1a31794b13e877d818,b51777d2334366f0771622e3a56b78842099848582dd8ec82c99bca3828449a4,bc777979fe2641d84780c5265632f5f7c3bb95e12be631b0b13cacbdad8ac841,8e34cb5a92c3fad0fe8c0c112178b4b88a3a12b9847d7bbef182ae2097059bdf
breast_cancer,GSE210616:GSM6433617_396A,GSE210616:396,GSE210616,Visium,554,44,9,635248bd0347af98349cbffcfa7d285d47c5eb1c43ad0f81bc1a7cdb9d5d5453,1e8e3e879eb836571fe8a05c3db493511e53db1db31b64a51e2983b638c8eebd,True,False,6e122fe4928649c2a1f2c8968381d6f6ece2231000d78b228b2b6e97b63a25fc,cfefb86c1fcd5d67c19a410f6d1dc054c30fc16f635f7ed9ce76e10fb7385de4,2c33de369600d68da1492c595020071efea89cf4d763f0fc11084009807869fa,5c00b253309b7cf0e2e49f5d4631b87e7034bbbd36680ffb1b4242ffb739a3ce,54f4e5ea1fb2da5fd30cdf11e21baee804b463c6d1c588dddc3e277898eb30e1
breast_cancer,GSE210616:GSM6433618_396C,GSE210616:396,GSE210616,Visium,2207,44,9,635248bd0347af98349cbffcfa7d285d47c5eb1c43ad0f81bc1a7cdb9d5d5453,1e8e3e879eb836571fe8a05c3db493511e53db1db31b64a51e2983b638c8eebd,True,False,6e122fe4928649c2a1f2c8968381d6f6ece2231000d78b228b2b6e97b63a25fc,cfefb86c1fcd5d67c19a410f6d1dc054c30fc16f635f7ed9ce76e10fb7385de4,2c33de369600d68da1492c595020071efea89cf4d763f0fc11084009807869fa,5845c0b74a7c2d5df0d487e4c6a7f7b1b37df985e9f0371033dba229473b05d0,416d372a9d64bda5edc41f11bdf8074bc0bba160213277b4761d88f9cb7b981d
breast_cancer,GSE210616:GSM6433619_396D,GSE210616:396,GSE210616,Visium,2196,44,9,635248bd0347af98349cbffcfa7d285d47c5eb1c43ad0f81bc1a7cdb9d5d5453,1e8e3e879eb836571fe8a05c3db493511e53db1db31b64a51e2983b638c8eebd,True,False,6e122fe4928649c2a1f2c8968381d6f6ece2231000d78b228b2b6e97b63a25fc,cfefb86c1fcd5d67c19a410f6d1dc054c30fc16f635f7ed9ce76e10fb7385de4,2c33de369600d68da1492c595020071efea89cf4d763f0fc11084009807869fa,7302d19a85dfa0309c26ba2b10744dd2f1aa369c974b5c0a99800357fd3b8c60,6e7a72a5bf8e0cd447d6b1e02e958812ba395ce168f9d007ecda4e6e75968b65
breast_cancer,GSE210616:GSM6433620_397A,GSE210616:397,GSE210616,Visium,926,44,10,455a697425e814289c16114d9defafc26d7a0a16a8accda0758ad8e8c37b54a8,1e8e3e879eb836571fe8a05c3db493511e53db1db31b64a51e2983b638c8eebd,True,True,ffcbe08f512d6b643b1b4da7cfc7e17d7cf3c4bbd69a52fcd58d28ac0c4a501f,46967f814f7c814e866078f23b47106e5697e6425fdc1535eddb1bccd4c8044a,102fdf2ca5fa761970e09ab87bf6554505f272709d35cc5819ea84cf030ad8bb,b34b5c6fdf110b3e9a8e6e4da969e35c0c34d93447b4d1a77d7e40f78f9b90bb,a992aa893020637fdb151de1ce9ae53c9bd0656c04696d9050a6ea6ec4aef49c
breast_cancer,GSE210616:GSM6433621_397B,GSE210616:397,GSE210616,Visium,821,44,10,455a697425e814289c16114d9defafc26d7a0a16a8accda0758ad8e8c37b54a8,1e8e3e879eb836571fe8a05c3db493511e53db1db31b64a51e2983b638c8eebd,True,True,ffcbe08f512d6b643b1b4da7cfc7e17d7cf3c4bbd69a52fcd58d28ac0c4a501f,46967f814f7c814e866078f23b47106e5697e6425fdc1535eddb1bccd4c8044a,102fdf2ca5fa761970e09ab87bf6554505f272709d35cc5819ea84cf030ad8bb,ea542cf9bf8acb03366c7c68340ec4e0dc05525e3a48397f108382d8eee0bc23,761a9d27b33f3ac68d003140e8336c9881e57290a6ffc5fcd24651a1fd7f2021
breast_cancer,GSE210616:GSM6433622_397C,GSE210616:397,GSE210616,Visium,1298,44,10,455a697425e814289c16114d9defafc26d7a0a16a8accda0758ad8e8c37b54a8,1e8e3e879eb836571fe8a05c3db493511e53db1db31b64a51e2983b638c8eebd,True,True,ffcbe08f512d6b643b1b4da7cfc7e17d7cf3c4bbd69a52fcd58d28ac0c4a501f,46967f814f7c814e866078f23b47106e5697e6425fdc1535eddb1bccd4c8044a,102fdf2ca5fa761970e09ab87bf6554505f272709d35cc5819ea84cf030ad8bb,466fd200a04a3d534a48ae735977db60d2db857c08f0aa6e3b195760d32b8c17,42501d2f6cf181ba029e3434aba34d71b439fd791f9c54370a302e415726d7a4
breast_cancer,GSE210616:GSM6433623_397D,GSE210616:397,GSE210616,Visium,901,44,10,455a697425e814289c16114d9defafc26d7a0a16a8accda0758ad8e8c37b54a8,1e8e3e879eb836571fe8a05c3db493511e53db1db31b64a51e2983b638c8eebd,True,True,ffcbe08f512d6b643b1b4da7cfc7e17d7cf3c4bbd69a52fcd58d28ac0c4a501f,46967f814f7c814e866078f23b47106e5697e6425fdc1535eddb1bccd4c8044a,102fdf2ca5fa761970e09ab87bf6554505f272709d35cc5819ea84cf030ad8bb,724ae0fce11d56cf36226c553d50a7a1e1e7cba5f53f61038891915904fdf8bf,0708b5793249cd942df958616abfe49aeb1e62c2f99d12ec46a2874ffc06f426
breast_cancer,GSE210616:GSM6433624_398A,GSE210616:398,GSE210616,Visium,1266,44,11,a25781a5bc6a3ebd2b9f130725f74f6a1acef94916699f494085fdb4cf6be10e,1e8e3e879eb836571fe8a05c3db493511e53db1db31b64a51e2983b638c8eebd,True,True,efdc06a714a4032a2a988c4d8b68e0512612e04c5819b438ffe114ee49474527,c39868b58cfe51b13056f37b0f401e62531994db59ffe8e179ea6c95c16da52e,7f9faee4b89a96395cd12b7bf71d3bcdae1dc9f6e49d0c39912a3ea1b8458c57,cc90adcb0d303144faea85e34564607abcf61bf2eace264c96733110b2b14290,dd3fbe436a7e7e47c36a135f45bfe732396f35bd78602cf961e64c0473cce3a8
breast_cancer,GSE210616:GSM6433625_398B,GSE210616:398,GSE210616,Visium,635,44,11,a25781a5bc6a3ebd2b9f130725f74f6a1acef94916699f494085fdb4cf6be10e,1e8e3e879eb836571fe8a05c3db493511e53db1db31b64a51e2983b638c8eebd,True,True,efdc06a714a4032a2a988c4d8b68e0512612e04c5819b438ffe114ee49474527,c39868b58cfe51b13056f37b0f401e62531994db59ffe8e179ea6c95c16da52e,7f9faee4b89a96395cd12b7bf71d3bcdae1dc9f6e49d0c39912a3ea1b8458c57,3f3717d137be5e68d7d5e83f46ac41659c566da6581fc5be812a4c8d6453c4df,a726acc3a117602d3901d82e237b23eaa92d3d7252581ca66ffddd3c99b3f645
breast_cancer,GSE210616:GSM6433626_398C,GSE210616:398,GSE210616,Visium,897,44,11,a25781a5bc6a3ebd2b9f130725f74f6a1acef94916699f494085fdb4cf6be10e,1e8e3e879eb836571fe8a05c3db493511e53db1db31b64a51e2983b638c8eebd,True,True,efdc06a714a4032a2a988c4d8b68e0512612e04c5819b438ffe114ee49474527,c39868b58cfe51b13056f37b0f401e62531994db59ffe8e179ea6c95c16da52e,7f9faee4b89a96395cd12b7bf71d3bcdae1dc9f6e49d0c39912a3ea1b8458c57,3d9b4f4b17b172dd5b0acece43db37cd318c91a3c0aa4b4e1a432637a35e977d,979944d085966db25e0102c7e31589b4d09228a06f17342be3bbca286026e817
breast_cancer,GSE210616:GSM6433627_398D,GSE210616:398,GSE210616,Visium,1124,44,11,a25781a5bc6a3ebd2b9f130725f74f6a1acef94916699f494085fdb4cf6be10e,1e8e3e879eb836571fe8a05c3db493511e53db1db31b64a51e2983b638c8eebd,True,True,efdc06a714a4032a2a988c4d8b68e0512612e04c5819b438ffe114ee49474527,c39868b58cfe51b13056f37b0f401e62531994db59ffe8e179ea6c95c16da52e,7f9faee4b89a96395cd12b7bf71d3bcdae1dc9f6e49d0c39912a3ea1b8458c57,7b2355d23c22bb2ef20c1afecabacbd00841426fe1122b75550c101e32f40f41,454d768416f5930322fedf699559ab1bfe8e56408626273b00183cf7d06ed34a
breast_cancer,GSE213688:GSM6592052_M5,GSE213688:V10A20-084,GSE213688,Visium,2098,44,12,6c52d0c33107b6c776576d29ae665e388ee9aad4588c8cdf571232b3d1f523f6,1e8e3e879eb836571fe8a05c3db493511e53db1db31b64a51e2983b638c8eebd,True,True,8e39f31c30f75dad660f095b1ddf1413fe3cbc66663dfd44bcac31d2ea8c87c4,7cb335761d56f5bff27d8de1d03357f881f590da7761e3ee223127f9a073e502,8667aebe1fc650a8e73685618d249d66798aac0c9279611d8cf4ceb7b5c17dc2,c7c84799814a9d910ec894cf30a262a39fb852288f0abd6a044a8d33dbcbea78,d4caeaf1fb8bdb57f10f60dc9496e6eacd87aadbe0bf16c8598fc618878310ed
breast_cancer,GSE213688:GSM6592053_M6,GSE213688:V10A20-084,GSE213688,Visium,1731,44,12,6c52d0c33107b6c776576d29ae665e388ee9aad4588c8cdf571232b3d1f523f6,1e8e3e879eb836571fe8a05c3db493511e53db1db31b64a51e2983b638c8eebd,True,True,8e39f31c30f75dad660f095b1ddf1413fe3cbc66663dfd44bcac31d2ea8c87c4,7cb335761d56f5bff27d8de1d03357f881f590da7761e3ee223127f9a073e502,8667aebe1fc650a8e73685618d249d66798aac0c9279611d8cf4ceb7b5c17dc2,9aebd016928d701187841f700934aa2e97f2fa339f681f9d9720402bcf6955ad,e27e13473269aef1a4b9acc6ae00f9e0c45634fb9330a9110346f4414f046c27
breast_cancer,GSE213688:GSM6592054_M7,GSE213688:V10A20-084,GSE213688,Visium,1594,44,12,6c52d0c33107b6c776576d29ae665e388ee9aad4588c8cdf571232b3d1f523f6,1e8e3e879eb836571fe8a05c3db493511e53db1db31b64a51e2983b638c8eebd,True,True,8e39f31c30f75dad660f095b1ddf1413fe3cbc66663dfd44bcac31d2ea8c87c4,7cb335761d56f5bff27d8de1d03357f881f590da7761e3ee223127f9a073e502,8667aebe1fc650a8e73685618d249d66798aac0c9279611d8cf4ceb7b5c17dc2,c313d192a71b9bbecf5c3c87c356de5f7e3d325377947f56c07545dbbb1b9d27,c73d59da82f8f162c58ff7a7e771e54effc9906c1fd62821b4cf900de2dda3a6
breast_cancer,GSE213688:GSM6592055_M8,GSE213688:V10A20-084,GSE213688,Visium,1055,44,12,6c52d0c33107b6c776576d29ae665e388ee9aad4588c8cdf571232b3d1f523f6,1e8e3e879eb836571fe8a05c3db493511e53db1db31b64a51e2983b638c8eebd,True,True,8e39f31c30f75dad660f095b1ddf1413fe3cbc66663dfd44bcac31d2ea8c87c4,7cb335761d56f5bff27d8de1d03357f881f590da7761e3ee223127f9a073e502,8667aebe1fc650a8e73685618d249d66798aac0c9279611d8cf4ceb7b5c17dc2,ce35ecff092b8aac9786b6423d113b8a74150d11da969e92ef6c3ce5784946d4,23f023a87ba94ade532f82fda153920337feaa60267d28cedbd4999df27669e6
breast_cancer,GSE213688:GSM6592056_M9,GSE213688:V10A20-085,GSE213688,Visium,1245,44,13,20627d23d6a5b11cfdde6f6d6a55e507dacb7d29b53caddd8ec09d4439c730b9,1e8e3e879eb836571fe8a05c3db493511e53db1db31b64a51e2983b638c8eebd,True,False,6d0c0c9b28eb73172da2d89233fc71df8d94a8340e4367baf4cd00f833c73870,dab788cd9773b5f51c12930dd0fb9acc437e91b041d84546f08b7156c2065529,2c9a1e827903e6a40a281631e2a6707371a8dc35f94e66bdd8cd87b8335c943f,162f1f47717347f8f0f5022fa162131ce6ec26cb64341c0537879342f5f50bfe,a19d8e77e6435b29cabb4dd77e55b834cb2070409ee0424ef4ab9acfeefc4413
breast_cancer,GSE213688:GSM6592057_M10,GSE213688:V10A20-085,GSE213688,Visium,368,44,13,20627d23d6a5b11cfdde6f6d6a55e507dacb7d29b53caddd8ec09d4439c730b9,1e8e3e879eb836571fe8a05c3db493511e53db1db31b64a51e2983b638c8eebd,True,False,6d0c0c9b28eb73172da2d89233fc71df8d94a8340e4367baf4cd00f833c73870,dab788cd9773b5f51c12930dd0fb9acc437e91b041d84546f08b7156c2065529,2c9a1e827903e6a40a281631e2a6707371a8dc35f94e66bdd8cd87b8335c943f,d950b89c61880ee7606c42fcfc823cc5d7c13259c5b35a0c2958b074b8a6d05e,fde323d354dfaaf104c09b98ffc20cda97c87b39478602f5c9ce360fa6e7fe64
breast_cancer,GSE213688:GSM6592048_M1,GSE213688:V10A20-113,GSE213688,Visium,1687,44,14,e1bfac9d306186f237ad849a95edd58dc851990afa1cb512f51e6e6ad57089a7,1e8e3e879eb836571fe8a05c3db493511e53db1db31b64a51e2983b638c8eebd,True,False,8031e52417925151a1919225b1bdc21589ead87773dc13d6acdb39c9f646de63,06fad47b5db00f1328179a32a75e7ed346973e2df3770775b2a720a402aeeaa8,b2e34d16795e1cdfff233acf8227c9c0f02c012543f36e21db8dcf47f54c9bca,bb25a6be1259c3eca00152c765baecbb9315ce1992ba76ec5e93f0964897ca5d,e7dcc929ff0245dd76ca4de9e24183edbe158c6725006e7fb0d384bbc12cfe42
breast_cancer,GSE213688:GSM6592049_M2,GSE213688:V10A20-113,GSE213688,Visium,1847,44,14,e1bfac9d306186f237ad849a95edd58dc851990afa1cb512f51e6e6ad57089a7,1e8e3e879eb836571fe8a05c3db493511e53db1db31b64a51e2983b638c8eebd,True,False,8031e52417925151a1919225b1bdc21589ead87773dc13d6acdb39c9f646de63,06fad47b5db00f1328179a32a75e7ed346973e2df3770775b2a720a402aeeaa8,b2e34d16795e1cdfff233acf8227c9c0f02c012543f36e21db8dcf47f54c9bca,95478e4b825a0b99da06c91cb3f78e433f5769e1f9de2fc93be5396b1ee76272,5aa705c8059828e7ab6344b61a3ebf88e1cb9c5b055e4b35380e13563bd02889
breast_cancer,GSE213688:GSM6592050_M3,GSE213688:V10A20-113,GSE213688,Visium,2417,44,14,e1bfac9d306186f237ad849a95edd58dc851990afa1cb512f51e6e6ad57089a7,1e8e3e879eb836571fe8a05c3db493511e53db1db31b64a51e2983b638c8eebd,True,False,8031e52417925151a1919225b1bdc21589ead87773dc13d6acdb39c9f646de63,06fad47b5db00f1328179a32a75e7ed346973e2df3770775b2a720a402aeeaa8,b2e34d16795e1cdfff233acf8227c9c0f02c012543f36e21db8dcf47f54c9bca,0ab1cfbe88a39566337e9125364ce08352d3621b2ec5b80630db3b0ffb14b5ee,57973480230c874ab5ef209a06a5ef3e8c1c7b3e8e4ca4890cd140a67e3a5f97
breast_cancer,GSE213688:GSM6592051_M4,GSE213688:V10A20-113,GSE213688,Visium,1564,44,14,e1bfac9d306186f237ad849a95edd58dc851990afa1cb512f51e6e6ad57089a7,1e8e3e879eb836571fe8a05c3db493511e53db1db31b64a51e2983b638c8eebd,True,False,8031e52417925151a1919225b1bdc21589ead87773dc13d6acdb39c9f646de63,06fad47b5db00f1328179a32a75e7ed346973e2df3770775b2a720a402aeeaa8,b2e34d16795e1cdfff233acf8227c9c0f02c012543f36e21db8dcf47f54c9bca,1971924b9bfba1cb96243d6dd6fa78e793ab9cb9a68fa2b2113338f478d4663d,4f391e1263ab580f8421618a177075260586b1cf79b87ea504961a3d1174c501
breast_cancer,GSE213688:GSM6592059_M13,GSE213688:V11-J13-037,GSE213688,Visium,2646,44,15,7f9a3ad42f269872d1d4a305aeb5f1baf65ae4ea2a833febc24e9e988ab878b1,1e8e3e879eb836571fe8a05c3db493511e53db1db31b64a51e2983b638c8eebd,True,True,a27b4250911e9116814955f3ce837bedf9c28176fd100e355108d2ae9f336072,0c6ab4b7c6c6f25ae8540a822293fddbc4268fd0558af5cae4d5c2ddd97f0e0d,0329aa442de40367bbc991692fcc8d362ac2b223f0457e3a3ac9fb0265a9f13b,f1f69f1df47581f947ce880a80856d8be07faa91f3388bfa68252f14c7d026bb,65fdba69649d280a6c3e931a281cabba7dd4a5b4ea07e9c51dc595825ba9ee24
breast_cancer,GSE213688:GSM6592060_M14,GSE213688:V11-J13-037,GSE213688,Visium,1295,44,15,7f9a3ad42f269872d1d4a305aeb5f1baf65ae4ea2a833febc24e9e988ab878b1,1e8e3e879eb836571fe8a05c3db493511e53db1db31b64a51e2983b638c8eebd,True,True,a27b4250911e9116814955f3ce837bedf9c28176fd100e355108d2ae9f336072,0c6ab4b7c6c6f25ae8540a822293fddbc4268fd0558af5cae4d5c2ddd97f0e0d,0329aa442de40367bbc991692fcc8d362ac2b223f0457e3a3ac9fb0265a9f13b,0a01843554b4e8e4c226c4de5db1f18a5e4ba6d0034c894f446fe9b131fa082d,bd0cadd212b4d385239d2a3f482fd37ec2171ef9bcf0b4326e437bdd9f839699
breast_cancer,GSE213688:GSM6592061_M15,GSE213688:V11-J13-037,GSE213688,Visium,3037,44,15,7f9a3ad42f269872d1d4a305aeb5f1baf65ae4ea2a833febc24e9e988ab878b1,1e8e3e879eb836571fe8a05c3db493511e53db1db31b64a51e2983b638c8eebd,True,True,a27b4250911e9116814955f3ce837bedf9c28176fd100e355108d2ae9f336072,0c6ab4b7c6c6f25ae8540a822293fddbc4268fd0558af5cae4d5c2ddd97f0e0d,0329aa442de40367bbc991692fcc8d362ac2b223f0457e3a3ac9fb0265a9f13b,d6ceb62b87f714b3723d5074133cbd3555c2969dfa81fc7700c66b3e0921b07d,40d41a8b77ba141acbc493ba50d2a3b9c0772a3c81fddeb4316d8e02fb5ccdc2
breast_cancer,GSE213688:GSM6592062_M16,GSE213688:V11-J13-037,GSE213688,Visium,2700,44,15,7f9a3ad42f269872d1d4a305aeb5f1baf65ae4ea2a833febc24e9e988ab878b1,1e8e3e879eb836571fe8a05c3db493511e53db1db31b64a51e2983b638c8eebd,True,True,a27b4250911e9116814955f3ce837bedf9c28176fd100e355108d2ae9f336072,0c6ab4b7c6c6f25ae8540a822293fddbc4268fd0558af5cae4d5c2ddd97f0e0d,0329aa442de40367bbc991692fcc8d362ac2b223f0457e3a3ac9fb0265a9f13b,7256de064fbcf4e8ddbd3b09e17a2b7f059923318277716e46b8645f748d0d87,ed210794cef8a3b10586bb285770d47f1e43839973d7edf0ae117a0f2bb9619f
breast_cancer,HEST:TENX162,HEST:0BE3D6734FD4:UNKNOWN,HEST,Visium HD,1898,44,16,435619c58339bc7bd2f1cf30be670a94fb19debe452a0ffc31a551acd7717080,1e8e3e879eb836571fe8a05c3db493511e53db1db31b64a51e2983b638c8eebd,True,True,d3b767e26d0bfeddf2d8dcfd38c9d9599eb58983a67c5c985c46d9d316d6607f,d5a4704a154ad715efbde7b98676aa54a282300118753b0925bf6a27be838c52,bc7fa33484ac5f3c5e8eaad2118cea64976628ede8ae8d677562e7964cb784d3,fa6f63f7d64cc00680b49028148d16bde374dd20f03ea31ab0a943d440a6db2e,a511b11b7176b98ead6324ae68c4cc4a69ba3f9a82635cbcb6a61e0769959692
breast_cancer,HEST:NCBI776,HEST:10E1AE2B5361:UNKNOWN,HEST,Visium,4973,44,17,70f61f93e40757682de2868f816329d5624cac86adafe24ec0da1ace300ba0e0,1e8e3e879eb836571fe8a05c3db493511e53db1db31b64a51e2983b638c8eebd,True,True,c5e49e4517cd82dc12920b832195af29cea2a6250f154ad964c99c43b593c16c,d0c3520ee141df6e94d9e200301928fd97e607de0041d56c1c81aacea05d6270,e9bdbb51c3764621ad22be6707e5608a062ea2c87dd986252b9943933a5b371f,66effd789fb338ebc5f0c273e4eb423e53395d739903bb4b70bf10d34e263ddc,79508d61c4af8b93bbed9cc8b60bb5d51ba5640d5ef4b03021c87f17ce44bfc6
breast_cancer,HEST:TENX23,HEST:1E3BF21A1107:UNKNOWN,HEST,Visium,4321,44,18,092e5f725bbcd8e133fe040b03b7c839a37f47795543fea6fce55901e4f401ca,1e8e3e879eb836571fe8a05c3db493511e53db1db31b64a51e2983b638c8eebd,True,True,e613f5d4f66b7867283eeef5b21ce65085ffb2bc68c018efbb336a710c6df840,7fa6a20af85e237e3556ae08b08d7f418e8fea0301327e10e2c7034cc4c0abd8,efd79153b1b1f310e0e12335b066a5156c5046e72331eb75599c6dfab5148170,11d328ae20fef88db89522df9b1dec634d3d39a35b1d9c3619527d1afb7841db,c2721bc24269e4ff41abf7ef56e55c0da0310e3e79bb3d047b1139bae0ee1c86
breast_cancer,HEST:SPA60,HEST:2136B2E3823F:BC23209,HEST,Spatial Transcriptomics,331,44,19,3e3d3b798c97cd81728b75c8f7801c5cf9beff44aa5e74955e5692a657324afc,1e8e3e879eb836571fe8a05c3db493511e53db1db31b64a51e2983b638c8eebd,True,False,5df8eb40283282d351ac90e290afcdf3dd782fea9ce2656f08745f846c7eb9a1,331df6ee111b56296814c6cc0970d5e4608348148de5b55c4861427970dfa21d,c2b174637b194934119643b449c247c679516d896267fc06d703d08cad6df7f1,e3b494fbbfa3b90e7aa7292a5b0343caad18ae8cc3eb8fae25c462da8977c49d,ff00f3fa1768726eda198e76bab9895c75224923309d01a8e48c00cf4cc08d74
breast_cancer,HEST:SPA61,HEST:2136B2E3823F:BC23209,HEST,Spatial Transcriptomics,318,44,19,3e3d3b798c97cd81728b75c8f7801c5cf9beff44aa5e74955e5692a657324afc,1e8e3e879eb836571fe8a05c3db493511e53db1db31b64a51e2983b638c8eebd,True,False,5df8eb40283282d351ac90e290afcdf3dd782fea9ce2656f08745f846c7eb9a1,331df6ee111b56296814c6cc0970d5e4608348148de5b55c4861427970dfa21d,c2b174637b194934119643b449c247c679516d896267fc06d703d08cad6df7f1,f2ef3d4ced7b38638dbbcd9652b27c13c6776cfdfbe327f396e6a5bed439f8be,20901b1d4cd98c3a6f4d7704100106157167874dbbfcc5f11ec628fae0de6974
breast_cancer,HEST:SPA62,HEST:2136B2E3823F:BC23209,HEST,Spatial Transcriptomics,293,44,19,3e3d3b798c97cd81728b75c8f7801c5cf9beff44aa5e74955e5692a657324afc,1e8e3e879eb836571fe8a05c3db493511e53db1db31b64a51e2983b638c8eebd,True,False,5df8eb40283282d351ac90e290afcdf3dd782fea9ce2656f08745f846c7eb9a1,331df6ee111b56296814c6cc0970d5e4608348148de5b55c4861427970dfa21d,c2b174637b194934119643b449c247c679516d896267fc06d703d08cad6df7f1,9e7f03db289d1aaeb3621d662b603978d4a701d427940130cc9c1ef9a5922490,d47ebe1dbb0c62d27ddf99e95bdbbfc45aec71136d4f382524f6cc5631396dd3
breast_cancer,HEST:SPA87,HEST:2136B2E3823F:BC23268,HEST,Spatial Transcriptomics,489,44,20,1708e87352f5c4317649339625ce658af4fce9b26d60e2356f5a6eebf8a60760,1e8e3e879eb836571fe8a05c3db493511e53db1db31b64a51e2983b638c8eebd,True,True,27542666b30c91b4752d6c77fde4bebb74db4b3445b3fcc6f38cc86d2ebc0bcb,3703b9a5e524dcd08df23b11f32e81b454a2fb83a6665054a113ea9621061472,89558ab4b852919849f09c8b2c4ada9ee1824cd3d4d50bdeef02be09eba26cca,e2d574d7dc1e2f282a22c2ba86976d7561ae064a112c3e45384e643878f9c34f,de1dd9711cb53564157cc59e23a1f04e4a3eab66e22d8445a2602859b6254f2c
breast_cancer,HEST:SPA88,HEST:2136B2E3823F:BC23268,HEST,Spatial Transcriptomics,498,44,20,1708e87352f5c4317649339625ce658af4fce9b26d60e2356f5a6eebf8a60760,1e8e3e879eb836571fe8a05c3db493511e53db1db31b64a51e2983b638c8eebd,True,True,27542666b30c91b4752d6c77fde4bebb74db4b3445b3fcc6f38cc86d2ebc0bcb,3703b9a5e524dcd08df23b11f32e81b454a2fb83a6665054a113ea9621061472,89558ab4b852919849f09c8b2c4ada9ee1824cd3d4d50bdeef02be09eba26cca,d91c63f9f0ae4e2cab22902ceb2e1a791f413be119af5cbc8b602721f669b70e,b1a853dbe08af50eb7546046424fb7f8dfa0e1001dc88f060634f39a0bd0a571
breast_cancer,HEST:SPA89,HEST:2136B2E3823F:BC23268,HEST,Spatial Transcriptomics,435,44,20,1708e87352f5c4317649339625ce658af4fce9b26d60e2356f5a6eebf8a60760,1e8e3e879eb836571fe8a05c3db493511e53db1db31b64a51e2983b638c8eebd,True,True,27542666b30c91b4752d6c77fde4bebb74db4b3445b3fcc6f38cc86d2ebc0bcb,3703b9a5e524dcd08df23b11f32e81b454a2fb83a6665054a113ea9621061472,89558ab4b852919849f09c8b2c4ada9ee1824cd3d4d50bdeef02be09eba26cca,1e2e925c084f3c6d098fa542e05fe38858c6916f25655e1701abdff54726b173,4fed0789a881bcaea7ff3ffda43ee65341ef9790afadbc09bd7aa2ca6b47b15d
breast_cancer,HEST:SPA84,HEST:2136B2E3823F:BC23269,HEST,Spatial Transcriptomics,431,44,21,3ea9758d36697485d2f969a9f64d1c5d6c5a38245c655613a841d140923779e0,1e8e3e879eb836571fe8a05c3db493511e53db1db31b64a51e2983b638c8eebd,True,True,933cdef3b5e7fe526ad35e65cb2f2138317331686314b2dcdfa30fd3587283e8,99ff1014196670f0b400533de6fdab0098236a903f45c2991e0a278157657f97,3b1bdd4afed4883a2d91705b2b12036b9b32eb53e5728917c03b4e2831bc3464,3cf5df6686a770d8e0277fcad1a3d1eb7bd8de7f0eb1249c41c0212bfbbb04cb,4a1d727c502bd47c58425b50babf2ddefb92f1f377945849bd0eed84a0b0be96
breast_cancer,HEST:SPA85,HEST:2136B2E3823F:BC23269,HEST,Spatial Transcriptomics,435,44,21,3ea9758d36697485d2f969a9f64d1c5d6c5a38245c655613a841d140923779e0,1e8e3e879eb836571fe8a05c3db493511e53db1db31b64a51e2983b638c8eebd,True,True,933cdef3b5e7fe526ad35e65cb2f2138317331686314b2dcdfa30fd3587283e8,99ff1014196670f0b400533de6fdab0098236a903f45c2991e0a278157657f97,3b1bdd4afed4883a2d91705b2b12036b9b32eb53e5728917c03b4e2831bc3464,d7961e9ba9ee96db7c61d5401b69aa9a18ec16b20207cc279f1f2494381d0371,5a908aa86671102be185d79d709f49d92781cabecbd191fad13718fb4373f669
breast_cancer,HEST:SPA86,HEST:2136B2E3823F:BC23269,HEST,Spatial Transcriptomics,433,44,21,3ea9758d36697485d2f969a9f64d1c5d6c5a38245c655613a841d140923779e0,1e8e3e879eb836571fe8a05c3db493511e53db1db31b64a51e2983b638c8eebd,True,True,933cdef3b5e7fe526ad35e65cb2f2138317331686314b2dcdfa30fd3587283e8,99ff1014196670f0b400533de6fdab0098236a903f45c2991e0a278157657f97,3b1bdd4afed4883a2d91705b2b12036b9b32eb53e5728917c03b4e2831bc3464,cf523b49004730f10c6fecb813c84bed73e86c4362302d29c5bbdb47e876f314,8c82b7d19661d3ff53f42568c626703cf14292d83b6cc4133c011aa725a83842
breast_cancer,HEST:SPA75,HEST:2136B2E3823F:BC23270,HEST,Spatial Transcriptomics,284,44,22,db337637abacb3b1a18253e5036f20a0001197ca9088f1b38b4107c69f85686c,1e8e3e879eb836571fe8a05c3db493511e53db1db31b64a51e2983b638c8eebd,True,False,97861ec0b37f4c5f2c884052405a7f9e2f94655d34323c476a1354c5bafc343b,a658a7b39049dfd01237116f2545689607919341a5697006dee4070939eb63b3,c7a9be07c04f9b615158b5043e1b8da1eef136ec9b90114f59028ad1358e59ec,818c42f65b57461e856560653dbc6581b3c2852293d31958c48d477fe8ce07df,fefa42015ddba0c1c56fbcc4a9c8b770b0b3d7b95ef1c9cdcf23b4b5d8f128a3
breast_cancer,HEST:SPA76,HEST:2136B2E3823F:BC23270,HEST,Spatial Transcriptomics,283,44,22,db337637abacb3b1a18253e5036f20a0001197ca9088f1b38b4107c69f85686c,1e8e3e879eb836571fe8a05c3db493511e53db1db31b64a51e2983b638c8eebd,True,False,97861ec0b37f4c5f2c884052405a7f9e2f94655d34323c476a1354c5bafc343b,a658a7b39049dfd01237116f2545689607919341a5697006dee4070939eb63b3,c7a9be07c04f9b615158b5043e1b8da1eef136ec9b90114f59028ad1358e59ec,9cc63de1231fe786ff84e154c092a15760c65070e2da7c2f5d4a5de56fe1a51f,438468dcdaa620af3c5d3dc1490ee29766db35934468dff7a3b663128c06410e
breast_cancer,HEST:SPA77,HEST:2136B2E3823F:BC23270,HEST,Spatial Transcriptomics,284,44,22,db337637abacb3b1a18253e5036f20a0001197ca9088f1b38b4107c69f85686c,1e8e3e879eb836571fe8a05c3db493511e53db1db31b64a51e2983b638c8eebd,True,False,97861ec0b37f4c5f2c884052405a7f9e2f94655d34323c476a1354c5bafc343b,a658a7b39049dfd01237116f2545689607919341a5697006dee4070939eb63b3,c7a9be07c04f9b615158b5043e1b8da1eef136ec9b90114f59028ad1358e59ec,09a7496256014566d76375b3fde90c42041414573dc5d3c2e6fac5469f77363e,a6337627d322cb269b2f5567d356f8ba2941c239451777cb418e411c7e108fa9
breast_cancer,HEST:SPA81,HEST:2136B2E3823F:BC23272,HEST,Spatial Transcriptomics,548,44,23,031a8844a722052b3e0cdbf81024f35029babcad093548944135d9360fc0dcdb,1e8e3e879eb836571fe8a05c3db493511e53db1db31b64a51e2983b638c8eebd,True,True,92d476471a502db9a8227ca2e5ebabec3d2fa19ffa07a17cd21803e74740beec,dca1776d2af7753f7d03012c6a2eb40c6f1e83f2e642385d49a397be4d80124a,1341ba6e3a208f2e79354ae5445ca2fb7142c63529df21efe34e22222a72c040,40f2f5cd15130fc37eec81800668dc840d78677057f65a9284d2bd4a4c8d06e1,186f2b72e5d4b735655e7ffe495508228aa1478a63201f6e5cf7d5cee7232901
breast_cancer,HEST:SPA82,HEST:2136B2E3823F:BC23272,HEST,Spatial Transcriptomics,577,44,23,031a8844a722052b3e0cdbf81024f35029babcad093548944135d9360fc0dcdb,1e8e3e879eb836571fe8a05c3db493511e53db1db31b64a51e2983b638c8eebd,True,True,92d476471a502db9a8227ca2e5ebabec3d2fa19ffa07a17cd21803e74740beec,dca1776d2af7753f7d03012c6a2eb40c6f1e83f2e642385d49a397be4d80124a,1341ba6e3a208f2e79354ae5445ca2fb7142c63529df21efe34e22222a72c040,f5e2812b453bab681d116b828352704da6a8d253c560a998daaf80b6408b0e9f,09a9be900b1245be06094ffb5ff299774080a94fd7b73bebec7eff1415151645
breast_cancer,HEST:SPA83,HEST:2136B2E3823F:BC23272,HEST,Spatial Transcriptomics,564,44,23,031a8844a722052b3e0cdbf81024f35029babcad093548944135d9360fc0dcdb,1e8e3e879eb836571fe8a05c3db493511e53db1db31b64a51e2983b638c8eebd,True,True,92d476471a502db9a8227ca2e5ebabec3d2fa19ffa07a17cd21803e74740beec,dca1776d2af7753f7d03012c6a2eb40c6f1e83f2e642385d49a397be4d80124a,1341ba6e3a208f2e79354ae5445ca2fb7142c63529df21efe34e22222a72c040,2e01699715fd402bb0c5d643d497dbf8dbee69722daba6241cb02673f4580d95,8608af69c160fc2ecbd71a7a70da52ed3717b3404184e3720d17913ded5c44e2
breast_cancer,HEST:SPA72,HEST:2136B2E3823F:BC23277,HEST,Spatial Transcriptomics,566,44,24,a03fbc248ef3c9922fc70c7f123ce36b3e66ceec7fdbc976c598a44b82f53793,1e8e3e879eb836571fe8a05c3db493511e53db1db31b64a51e2983b638c8eebd,True,True,fe6fe6a7459210888dd234744bf1c2ffa13beb13523e7c9f657951e99086556e,850d2b65b60fdec1c0083de2476ce68334b2623898dbef3471db632c665630fb,7cea192b3e54a5b5033cc3f1ae48cb3b96500d6167b0d786edbf3359ab24b531,077a6a2d2dbf311f719815f4ca4bf1d0e6350b7c5e94bda9cd0c9b48a158ba6b,1e71165949c2e23ca7280e9d377d9240fb744013d6a65b0c59c2142fe5f41a0c
breast_cancer,HEST:SPA73,HEST:2136B2E3823F:BC23277,HEST,Spatial Transcriptomics,513,44,24,a03fbc248ef3c9922fc70c7f123ce36b3e66ceec7fdbc976c598a44b82f53793,1e8e3e879eb836571fe8a05c3db493511e53db1db31b64a51e2983b638c8eebd,True,True,fe6fe6a7459210888dd234744bf1c2ffa13beb13523e7c9f657951e99086556e,850d2b65b60fdec1c0083de2476ce68334b2623898dbef3471db632c665630fb,7cea192b3e54a5b5033cc3f1ae48cb3b96500d6167b0d786edbf3359ab24b531,7fa1edd43a770f71b1d247095624cade84fc80643a4e16d8c01fe9e6ddf1e2fa,3b374bdea30929bd88805bc03ad20399e86e65aa9cb079518c262a84b3bed8de
breast_cancer,HEST:SPA74,HEST:2136B2E3823F:BC23277,HEST,Spatial Transcriptomics,506,44,24,a03fbc248ef3c9922fc70c7f123ce36b3e66ceec7fdbc976c598a44b82f53793,1e8e3e879eb836571fe8a05c3db493511e53db1db31b64a51e2983b638c8eebd,True,True,fe6fe6a7459210888dd234744bf1c2ffa13beb13523e7c9f657951e99086556e,850d2b65b60fdec1c0083de2476ce68334b2623898dbef3471db632c665630fb,7cea192b3e54a5b5033cc3f1ae48cb3b96500d6167b0d786edbf3359ab24b531,14d2583a53d8f636b3c3af420445865fefac05c188dd2f243700e366a31ccfb4,525642ba2a071c4965ba128dbd1eb958bc81aaee1a5d55bfdce62b5071c9101b
breast_cancer,HEST:SPA116,HEST:2136B2E3823F:BC23287,HEST,Spatial Transcriptomics,355,44,25,06433342955893fe9c02cba1410818cfcf069057400583f0b0ecf5a7c039a00e,1e8e3e879eb836571fe8a05c3db493511e53db1db31b64a51e2983b638c8eebd,True,False,f19565ebe7b520b8044d5eb6282d0b5622cb6dc870b183267999ad3cca4354c0,edcd5cafcadac55d6ecd73500cf42f7db83e4648c6c5d0a2b5f53de1a17cf7e2,a144d34e8c497a2d5a18354b0930fc347c3f67d206f96cb07e29a449cdd03ec6,fde19409d09a883c6dda58631b1c56d470452d9803876237acd1335de6109dcc,46ec14d3c5cf4e24b4c3073250572f8090f4188e099f17fa96ddcef8601247d8
breast_cancer,HEST:SPA117,HEST:2136B2E3823F:BC23287,HEST,Spatial Transcriptomics,331,44,25,06433342955893fe9c02cba1410818cfcf069057400583f0b0ecf5a7c039a00e,1e8e3e879eb836571fe8a05c3db493511e53db1db31b64a51e2983b638c8eebd,True,False,f19565ebe7b520b8044d5eb6282d0b5622cb6dc870b183267999ad3cca4354c0,edcd5cafcadac55d6ecd73500cf42f7db83e4648c6c5d0a2b5f53de1a17cf7e2,a144d34e8c497a2d5a18354b0930fc347c3f67d206f96cb07e29a449cdd03ec6,ae4f8d3e5e70d1f9ad7193b2c7821b15ae9cc237912aea140ac5c7e60803b398,50fb4f02f9961710e4f83755fdc2b4a84be3895349c5f4f4b8d0b5b5681a1a3e
breast_cancer,HEST:SPA118,HEST:2136B2E3823F:BC23287,HEST,Spatial Transcriptomics,256,44,25,06433342955893fe9c02cba1410818cfcf069057400583f0b0ecf5a7c039a00e,1e8e3e879eb836571fe8a05c3db493511e53db1db31b64a51e2983b638c8eebd,True,False,f19565ebe7b520b8044d5eb6282d0b5622cb6dc870b183267999ad3cca4354c0,edcd5cafcadac55d6ecd73500cf42f7db83e4648c6c5d0a2b5f53de1a17cf7e2,a144d34e8c497a2d5a18354b0930fc347c3f67d206f96cb07e29a449cdd03ec6,d3fc65143d9f8d6c5e3b8d1519d4a19be1270668ecd14bd1cb98279d318bbbe6,7ea11082683c8b02b012eda3b5343f34227139a2632cbd6d944d59aa6b1ffb39
breast_cancer,HEST:SPA57,HEST:2136B2E3823F:BC23288,HEST,Spatial Transcriptomics,475,44,26,2ac6e693b8c2befad00ef06d9e813903522f83b582a4be734019f943daca9986,1e8e3e879eb836571fe8a05c3db493511e53db1db31b64a51e2983b638c8eebd,True,False,710dcae28e08bf221ab1d2a18695b657c3922e7c7ced8cc3f66152675517eec5,77507b494e450c282b5dfead39622635f9b87f8d7e4e41f4221f6d5a3ee7f778,dbc428b94feabc927f2fa43f9ff6ab39fd0a52831f183dd7c7a961afcd653e11,a0eb5f124ee9a98446853039b679910c35239200714c4f155bf2f21a8ad985df,1377199b263a29c2cbe19a20289798b824347c951bf7eeb9d3e027fb9ac5ac5c
breast_cancer,HEST:SPA58,HEST:2136B2E3823F:BC23288,HEST,Spatial Transcriptomics,476,44,26,2ac6e693b8c2befad00ef06d9e813903522f83b582a4be734019f943daca9986,1e8e3e879eb836571fe8a05c3db493511e53db1db31b64a51e2983b638c8eebd,True,False,710dcae28e08bf221ab1d2a18695b657c3922e7c7ced8cc3f66152675517eec5,77507b494e450c282b5dfead39622635f9b87f8d7e4e41f4221f6d5a3ee7f778,dbc428b94feabc927f2fa43f9ff6ab39fd0a52831f183dd7c7a961afcd653e11,f884b65b111a1b7ab7fd71de99d3685ff5868ef63df3cf284f6f4b6c386a6cf2,3579fa4c93a53224fc05237c95981e5fc6b22c00fd0bab291b92fe93ea3cfabb
breast_cancer,HEST:SPA59,HEST:2136B2E3823F:BC23288,HEST,Spatial Transcriptomics,463,44,26,2ac6e693b8c2befad00ef06d9e813903522f83b582a4be734019f943daca9986,1e8e3e879eb836571fe8a05c3db493511e53db1db31b64a51e2983b638c8eebd,True,False,710dcae28e08bf221ab1d2a18695b657c3922e7c7ced8cc3f66152675517eec5,77507b494e450c282b5dfead39622635f9b87f8d7e4e41f4221f6d5a3ee7f778,dbc428b94feabc927f2fa43f9ff6ab39fd0a52831f183dd7c7a961afcd653e11,a5ea3d885fecaa3b743c37f0b7fd2016bb6d00c0066b99d04045c857fc5e2d1a,e919556c208cd22b8bca94efb0d7e2f88b4b7a3283f50b08613cc0dff053d8c8
breast_cancer,HEST:SPA54,HEST:2136B2E3823F:BC23377,HEST,Spatial Transcriptomics,599,44,27,5389ba7c85ad0c4461c303d56d54433f80a234c985c046be7c4423241d374ca0,1e8e3e879eb836571fe8a05c3db493511e53db1db31b64a51e2983b638c8eebd,True,False,ed99c5cc43ab43d07191a9ba6b53295dc3914d2287f869bd08b569d95f4e478d,8969fc031b771097c1b83cfb8ebfbd5797b886463dd2a3f21e51c29a09b395ce,82e50928b69018481bf907f63384a26167e7ae49f92008ea2d77bc40b93f5e95,41bc9c06c54c906491f2c1d4f760c0bb50e8856a75f35ce0a2c2645f2837f2b7,dc7330abb8fad93b8a5bc96de0911c623d354f59d99707daeadded54c09730d0
breast_cancer,HEST:SPA55,HEST:2136B2E3823F:BC23377,HEST,Spatial Transcriptomics,687,44,27,5389ba7c85ad0c4461c303d56d54433f80a234c985c046be7c4423241d374ca0,1e8e3e879eb836571fe8a05c3db493511e53db1db31b64a51e2983b638c8eebd,True,False,ed99c5cc43ab43d07191a9ba6b53295dc3914d2287f869bd08b569d95f4e478d,8969fc031b771097c1b83cfb8ebfbd5797b886463dd2a3f21e51c29a09b395ce,82e50928b69018481bf907f63384a26167e7ae49f92008ea2d77bc40b93f5e95,8bc0ecccee6f764201496d3a905c81bde1861851952b9b8d84af436b96f74e9c,cacefe5754c8082d63496c794fdf8870dab279dca951ec0fa17f47c7714ac731
breast_cancer,HEST:SPA56,HEST:2136B2E3823F:BC23377,HEST,Spatial Transcriptomics,597,44,27,5389ba7c85ad0c4461c303d56d54433f80a234c985c046be7c4423241d374ca0,1e8e3e879eb836571fe8a05c3db493511e53db1db31b64a51e2983b638c8eebd,True,False,ed99c5cc43ab43d07191a9ba6b53295dc3914d2287f869bd08b569d95f4e478d,8969fc031b771097c1b83cfb8ebfbd5797b886463dd2a3f21e51c29a09b395ce,82e50928b69018481bf907f63384a26167e7ae49f92008ea2d77bc40b93f5e95,1a03c7d553da68913ce9fd20a6a222c0fb75fd22b1777a43f4e9c08352de26c8,d6ebb73c119b97e20523c5b152c7db4f8f9225d4f699898611295a80a20013f7
breast_cancer,HEST:SPA113,HEST:2136B2E3823F:BC23450,HEST,Spatial Transcriptomics,318,44,28,7db1feb966f7acd6577f9760575aa9bee316265f77aad09edd4938d89933af81,1e8e3e879eb836571fe8a05c3db493511e53db1db31b64a51e2983b638c8eebd,True,True,e2658cf8b340821049fd4b1d681e7d490eb3348117b69efd235ba0a6b6557a5e,fe9d240f896b82de11ae95cc704f82b2714edac86db6013c2c38bfd113fc9937,54427f3c108a5dace60f7bd05ebbbc024aeb6400cbbd307a87cc80b4994efc1e,faeb93118221b23d3e22043e81a8d0cebc3e4a34122d2e2556af266cdc68cbf0,f0c7e0121b170857b339f3be9c37a156a5be90142eab8ffb80fc69390c757858
breast_cancer,HEST:SPA114,HEST:2136B2E3823F:BC23450,HEST,Spatial Transcriptomics,301,44,28,7db1feb966f7acd6577f9760575aa9bee316265f77aad09edd4938d89933af81,1e8e3e879eb836571fe8a05c3db493511e53db1db31b64a51e2983b638c8eebd,True,True,e2658cf8b340821049fd4b1d681e7d490eb3348117b69efd235ba0a6b6557a5e,fe9d240f896b82de11ae95cc704f82b2714edac86db6013c2c38bfd113fc9937,54427f3c108a5dace60f7bd05ebbbc024aeb6400cbbd307a87cc80b4994efc1e,6743369049ca49eeaef1f6b7b0544b9773ebef86a741f3d1294e33986e4bcff4,49d30e1ef0b728d24ba8b18485969d022f6c81305a7ebcb1922af770cc1a14c1
breast_cancer,HEST:SPA115,HEST:2136B2E3823F:BC23450,HEST,Spatial Transcriptomics,316,44,28,7db1feb966f7acd6577f9760575aa9bee316265f77aad09edd4938d89933af81,1e8e3e879eb836571fe8a05c3db493511e53db1db31b64a51e2983b638c8eebd,True,True,e2658cf8b340821049fd4b1d681e7d490eb3348117b69efd235ba0a6b6557a5e,fe9d240f896b82de11ae95cc704f82b2714edac86db6013c2c38bfd113fc9937,54427f3c108a5dace60f7bd05ebbbc024aeb6400cbbd307a87cc80b4994efc1e,6d0e924540349f577530ae3aa2e9299c59b2b6c80680020a80d412f96740faf4,9beadf2b8dbe848d72f822ed08dbfe4e0e3ff42db3d07ab420ae86fdc46c289c
breast_cancer,HEST:SPA69,HEST:2136B2E3823F:BC23506,HEST,Spatial Transcriptomics,482,44,29,a404b3bce0bfa243f20fbe36d94adb05cf59c7590ba5e89e9138a96a2a78e96a,1e8e3e879eb836571fe8a05c3db493511e53db1db31b64a51e2983b638c8eebd,True,True,022176bd68f022f20c29520cb71cc53333c4eea0176d19fb5859b78649da5f7e,85bc8113ad0a88d502448e86c68733007730b13d66314cac643b51dde6c81a5e,cdff38d0e70d1d15b9e051c3ed43136f889434d29b2d4bd57640c74e65485d74,3ae0572bf8ab78109e3ed3932561f3fa30e6b2891e1441c5514c772a572ada66,c68c7049d5c2041a408790b31488fcec42b04c8fec12d7f4cfcd3500fdc69c0e
breast_cancer,HEST:SPA70,HEST:2136B2E3823F:BC23506,HEST,Spatial Transcriptomics,502,44,29,a404b3bce0bfa243f20fbe36d94adb05cf59c7590ba5e89e9138a96a2a78e96a,1e8e3e879eb836571fe8a05c3db493511e53db1db31b64a51e2983b638c8eebd,True,True,022176bd68f022f20c29520cb71cc53333c4eea0176d19fb5859b78649da5f7e,85bc8113ad0a88d502448e86c68733007730b13d66314cac643b51dde6c81a5e,cdff38d0e70d1d15b9e051c3ed43136f889434d29b2d4bd57640c74e65485d74,3af80170d01725d4ac808ea8f0cb927e7821d1af9edd3f80bbfa40d9e4d6a11f,497018b96adbfa14b306268bc1da21213d7e0f599495b287e98f5012dff290b0
breast_cancer,HEST:SPA71,HEST:2136B2E3823F:BC23506,HEST,Spatial Transcriptomics,488,44,29,a404b3bce0bfa243f20fbe36d94adb05cf59c7590ba5e89e9138a96a2a78e96a,1e8e3e879eb836571fe8a05c3db493511e53db1db31b64a51e2983b638c8eebd,True,True,022176bd68f022f20c29520cb71cc53333c4eea0176d19fb5859b78649da5f7e,85bc8113ad0a88d502448e86c68733007730b13d66314cac643b51dde6c81a5e,cdff38d0e70d1d15b9e051c3ed43136f889434d29b2d4bd57640c74e65485d74,7ba67247758585ee22d1617d52328d6774305b9686c30b75b9e22ca12c35ab03,01c6b895f287979162f6a0804e53d5f2854686870fbe0ea9c37823ebf1eabece
breast_cancer,HEST:SPA66,HEST:2136B2E3823F:BC23508,HEST,Spatial Transcriptomics,503,44,30,c0393c254aef26eb703a9a0ca817c03b9f0c1d1388e687c320c352feaa1c82f1,1e8e3e879eb836571fe8a05c3db493511e53db1db31b64a51e2983b638c8eebd,True,False,43154698a0095d559cad0aaba10289fe2563a4a661a2e3baa2baae295d9deb5b,9709f2ec88035e28d5e9c21f68e7ddc9acbea9f4165977de77339476e74f1440,8df19926bc6b5f39da688d5a07cfb7b8e679f9e9a333c17f8d17ff7ed922e3db,466af0613fcd418e9b74dde62e0f6c03627b0c3b7f5c748f18e2830c89e7a4db,92247abff27bdc6cb3cbbe22e713239dc79629a45324da1c65fefd6f27f46d85
breast_cancer,HEST:SPA67,HEST:2136B2E3823F:BC23508,HEST,Spatial Transcriptomics,472,44,30,c0393c254aef26eb703a9a0ca817c03b9f0c1d1388e687c320c352feaa1c82f1,1e8e3e879eb836571fe8a05c3db493511e53db1db31b64a51e2983b638c8eebd,True,False,43154698a0095d559cad0aaba10289fe2563a4a661a2e3baa2baae295d9deb5b,9709f2ec88035e28d5e9c21f68e7ddc9acbea9f4165977de77339476e74f1440,8df19926bc6b5f39da688d5a07cfb7b8e679f9e9a333c17f8d17ff7ed922e3db,92140b6245dc0e753bc10177c5130571e9cbce8d3191097ff232344e657cb4d6,20903c0a46dad03a5b46533f94e7cbad98855236a6f49debe90f94e2d9196488
breast_cancer,HEST:SPA68,HEST:2136B2E3823F:BC23508,HEST,Spatial Transcriptomics,478,44,30,c0393c254aef26eb703a9a0ca817c03b9f0c1d1388e687c320c352feaa1c82f1,1e8e3e879eb836571fe8a05c3db493511e53db1db31b64a51e2983b638c8eebd,True,False,43154698a0095d559cad0aaba10289fe2563a4a661a2e3baa2baae295d9deb5b,9709f2ec88035e28d5e9c21f68e7ddc9acbea9f4165977de77339476e74f1440,8df19926bc6b5f39da688d5a07cfb7b8e679f9e9a333c17f8d17ff7ed922e3db,b9a7beea63194a3142a34b69cd75e782628e4bc0c5cbbb90de9be58587eb8605,981fdf0b32381263afd5bac9414eda0ba0cc3ec8434f42b72d836e48f3bfa295
breast_cancer,HEST:SPA102,HEST:2136B2E3823F:BC23567,HEST,Spatial Transcriptomics,570,44,31,a4f5c671d19c1164ae89e3322798b68c28657d671135727291d9c0369712d878,1e8e3e879eb836571fe8a05c3db493511e53db1db31b64a51e2983b638c8eebd,True,True,3879ba9dd7dba940aaa1ea3713da1bd04e989401104c2032fdabe26432706f77,400e67cd03d0fd592905e96ed63e80b6cdc851c3a563a880bf6eb080b32be62b,c70d42a9fdd6b22968e535ac524f57f547b90e01bf56b74f0dfa463de6ad50ee,d70866642414167cdeb8f1dba31cd6bea64bc14a04386e3aff0e1d2430372033,21afa6feac78d55e5d9f9b4527762c71ab113b1bdc8cb288a961e9f9726f9cfa
breast_cancer,HEST:SPA103,HEST:2136B2E3823F:BC23567,HEST,Spatial Transcriptomics,572,44,31,a4f5c671d19c1164ae89e3322798b68c28657d671135727291d9c0369712d878,1e8e3e879eb836571fe8a05c3db493511e53db1db31b64a51e2983b638c8eebd,True,True,3879ba9dd7dba940aaa1ea3713da1bd04e989401104c2032fdabe26432706f77,400e67cd03d0fd592905e96ed63e80b6cdc851c3a563a880bf6eb080b32be62b,c70d42a9fdd6b22968e535ac524f57f547b90e01bf56b74f0dfa463de6ad50ee,3fc44ec2d003bec36ea8e0a1dabc53506361085bbcf0a21773aa7570655038ef,a812daab8af04ec92521c07604ebc9e2e6c0f29c2f2a2b6f29e7d118f6fe7fa0
breast_cancer,HEST:SPA104,HEST:2136B2E3823F:BC23567,HEST,Spatial Transcriptomics,587,44,31,a4f5c671d19c1164ae89e3322798b68c28657d671135727291d9c0369712d878,1e8e3e879eb836571fe8a05c3db493511e53db1db31b64a51e2983b638c8eebd,True,True,3879ba9dd7dba940aaa1ea3713da1bd04e989401104c2032fdabe26432706f77,400e67cd03d0fd592905e96ed63e80b6cdc851c3a563a880bf6eb080b32be62b,c70d42a9fdd6b22968e535ac524f57f547b90e01bf56b74f0dfa463de6ad50ee,cdc5ccaa0b674140b80625f7bfa5922e20a52950ea9073841e78d2e4b3567ead,839573d9a9f46d7e167b3e2bb7900bb047ba5a3fa8b1c3ae12e51acb301253c2
breast_cancer,HEST:SPA51,HEST:2136B2E3823F:BC23803,HEST,Spatial Transcriptomics,421,44,32,b2963ed842700623d0a370a70132da12ee8ff48fa1a4e85dc49d7908130e1ed0,1e8e3e879eb836571fe8a05c3db493511e53db1db31b64a51e2983b638c8eebd,True,True,6ba960994b525fb8d1a93a9623c43cc3d2e836c29c48b99d66fc28c9d68d0325,fe2515b1db9bbf8d9644cfbedb424e93c68efd327379af18e6b8e87d648961d7,fe1718659b178aefbb8ba3e34dd0a0bd689220510aaf7fa34a9d2c98b6edde04,5c7c9bc4907004b612b9a6ee0e4aaacc62ef148b86980d0f07a63144bc0e3c9f,c7e402b7c2d98be392bb58fc6511309684241142a77c6135f865720d0b19f114
breast_cancer,HEST:SPA52,HEST:2136B2E3823F:BC23803,HEST,Spatial Transcriptomics,339,44,32,b2963ed842700623d0a370a70132da12ee8ff48fa1a4e85dc49d7908130e1ed0,1e8e3e879eb836571fe8a05c3db493511e53db1db31b64a51e2983b638c8eebd,True,True,6ba960994b525fb8d1a93a9623c43cc3d2e836c29c48b99d66fc28c9d68d0325,fe2515b1db9bbf8d9644cfbedb424e93c68efd327379af18e6b8e87d648961d7,fe1718659b178aefbb8ba3e34dd0a0bd689220510aaf7fa34a9d2c98b6edde04,1d69898f33c3507048ca99a66fc420c8a101d9c67b8f30a0552e647ff9467f34,9e56e43c3c08867556cae4e5e10626cbf0f91c21af945c36ed5a0aba908db27c
breast_cancer,HEST:SPA53,HEST:2136B2E3823F:BC23803,HEST,Spatial Transcriptomics,402,44,32,b2963ed842700623d0a370a70132da12ee8ff48fa1a4e85dc49d7908130e1ed0,1e8e3e879eb836571fe8a05c3db493511e53db1db31b64a51e2983b638c8eebd,True,True,6ba960994b525fb8d1a93a9623c43cc3d2e836c29c48b99d66fc28c9d68d0325,fe2515b1db9bbf8d9644cfbedb424e93c68efd327379af18e6b8e87d648961d7,fe1718659b178aefbb8ba3e34dd0a0bd689220510aaf7fa34a9d2c98b6edde04,70fcad0f01ea7f446708cb4f32f88191e0bd5fe5affde37c6cc73f2f5b7731f4,6d8fd5ea34334ddef40c98537bb00a003c71fd0e866bcea7a3b2980448b77616
breast_cancer,HEST:SPA100,HEST:2136B2E3823F:BC23810,HEST,Spatial Transcriptomics,695,44,33,c35364dbbac7674f6c9ea933d0352bd28e9357916410fe9c1a60af37cea6e83a,1e8e3e879eb836571fe8a05c3db493511e53db1db31b64a51e2983b638c8eebd,True,True,e1a876154a70379e11404809a24c3ec2adf2146e41c1ebf6f81207fe5a97cc06,990b3a1451f2522cfb800a0c507d8013e8115fd88f6739539b829b7326874505,7f5aa440eb350519ed9718b62d032fc2a70b744e414805e39f9720d65480f93d,cb66fa96cf46749e4e22ebff45bf59a1c24a56e1ccbb77f390e77f0ef4cd5eaf,4adcdd3c0365b50fc9d81b43fdab66b2c03af331ffce5190b5662086f57ed3a6
breast_cancer,HEST:SPA101,HEST:2136B2E3823F:BC23810,HEST,Spatial Transcriptomics,691,44,33,c35364dbbac7674f6c9ea933d0352bd28e9357916410fe9c1a60af37cea6e83a,1e8e3e879eb836571fe8a05c3db493511e53db1db31b64a51e2983b638c8eebd,True,True,e1a876154a70379e11404809a24c3ec2adf2146e41c1ebf6f81207fe5a97cc06,990b3a1451f2522cfb800a0c507d8013e8115fd88f6739539b829b7326874505,7f5aa440eb350519ed9718b62d032fc2a70b744e414805e39f9720d65480f93d,f9fe4b0ab3183c2b4ac7fdecfe3050cc800883123df86cf893e210144f9fccd1,9882607fd00fe9574df1d342efd25f1391bc87a9d064014d60b9d11c294f7628
breast_cancer,HEST:SPA99,HEST:2136B2E3823F:BC23810,HEST,Spatial Transcriptomics,713,44,33,c35364dbbac7674f6c9ea933d0352bd28e9357916410fe9c1a60af37cea6e83a,1e8e3e879eb836571fe8a05c3db493511e53db1db31b64a51e2983b638c8eebd,True,True,e1a876154a70379e11404809a24c3ec2adf2146e41c1ebf6f81207fe5a97cc06,990b3a1451f2522cfb800a0c507d8013e8115fd88f6739539b829b7326874505,7f5aa440eb350519ed9718b62d032fc2a70b744e414805e39f9720d65480f93d,c8bc14094ad60f441a3979ddf98694db0699e592ee46349919b931c46328770e,c5e2cc6110aa9a6f8af2e2766c225695ed8550eb1594633a8a489763a10bdc5c
breast_cancer,HEST:SPA63,HEST:2136B2E3823F:BC23895,HEST,Spatial Transcriptomics,517,44,34,3d9a8d2144d23c7b98eeade011bafe7350a7caef819c040ac72e9fb171b2ae37,1e8e3e879eb836571fe8a05c3db493511e53db1db31b64a51e2983b638c8eebd,True,True,e026e1d74f16d0bb7181495f9b3f5f79fa4a38e747073225ab565d6a80951c83,3b91a53e4eefe92d5b9d03f9a06d54087d3e1bee0a0c5dff68b5409221c7d2bd,506fb391b32446aec4f5acd21926d85b82cad6a38577ee2fd54b590d575dcb6d,51bc0158893e72fd263cb4fa45deda037d063c82765ab44ea1fb3dfea38ebac5,eb36b99f37c551d9f57c0e3ba2fdb454a221ac3fe3900f8f75858f27df425ccd
breast_cancer,HEST:SPA64,HEST:2136B2E3823F:BC23895,HEST,Spatial Transcriptomics,454,44,34,3d9a8d2144d23c7b98eeade011bafe7350a7caef819c040ac72e9fb171b2ae37,1e8e3e879eb836571fe8a05c3db493511e53db1db31b64a51e2983b638c8eebd,True,True,e026e1d74f16d0bb7181495f9b3f5f79fa4a38e747073225ab565d6a80951c83,3b91a53e4eefe92d5b9d03f9a06d54087d3e1bee0a0c5dff68b5409221c7d2bd,506fb391b32446aec4f5acd21926d85b82cad6a38577ee2fd54b590d575dcb6d,f06b54d88db156e75c3e589e6ded5a6653da367976cf2310e440648d46b487da,ef1733fdbdb01d15f8ae91286c646677e86a2b73b2e5e15536f189a7c58344b0
breast_cancer,HEST:SPA65,HEST:2136B2E3823F:BC23895,HEST,Spatial Transcriptomics,496,44,34,3d9a8d2144d23c7b98eeade011bafe7350a7caef819c040ac72e9fb171b2ae37,1e8e3e879eb836571fe8a05c3db493511e53db1db31b64a51e2983b638c8eebd,True,True,e026e1d74f16d0bb7181495f9b3f5f79fa4a38e747073225ab565d6a80951c83,3b91a53e4eefe92d5b9d03f9a06d54087d3e1bee0a0c5dff68b5409221c7d2bd,506fb391b32446aec4f5acd21926d85b82cad6a38577ee2fd54b590d575dcb6d,8cb86eaa7d1074c18befbc11aa14959ed9c8dc25df847806b0638ffc8c566607,e8ab4ebd21d4aea82d0d15271b5a9b059818079bd33f900f17c51e71dffe7b0b
breast_cancer,HEST:SPA111,HEST:2136B2E3823F:BC23901,HEST,Spatial Transcriptomics,297,44,35,b816b98a43e7e06a4486b4616f5b61c3f80472b576b7dcc23700012d12f09169,1e8e3e879eb836571fe8a05c3db493511e53db1db31b64a51e2983b638c8eebd,True,True,727177a7458baeeec31309e79b8b358165d80a64b28f196620e24d84a6cef16a,b3367c087a40ee4253df8a3ba17978ee7f5538bcb29c6040c1695c9c8de6b68b,97faeda3aa50d339b01178026702f847b9ab9befc7f7e02e06ba9e68d1cc110c,5f16c0bc2a4402279404bb7e724d6796911ddae1a501bfd1244246ffad719bc7,4be73cc90e9d53c337831a14886b0268cb61242b121d73ef0cee1ac55b1f5239
breast_cancer,HEST:SPA112,HEST:2136B2E3823F:BC23901,HEST,Spatial Transcriptomics,292,44,35,b816b98a43e7e06a4486b4616f5b61c3f80472b576b7dcc23700012d12f09169,1e8e3e879eb836571fe8a05c3db493511e53db1db31b64a51e2983b638c8eebd,True,True,727177a7458baeeec31309e79b8b358165d80a64b28f196620e24d84a6cef16a,b3367c087a40ee4253df8a3ba17978ee7f5538bcb29c6040c1695c9c8de6b68b,97faeda3aa50d339b01178026702f847b9ab9befc7f7e02e06ba9e68d1cc110c,61d5a25fe1042d135d38fdc1eb12c6427bdc314bf580c3ac723c76f4da3792df,89827ecf7ba1308121d74424c8e7e779b4b6ea08831652b9738df08583572ee0
breast_cancer,HEST:SPA96,HEST:2136B2E3823F:BC23903,HEST,Spatial Transcriptomics,464,44,36,84e19b1a7447b9bdfc41fab409b669ca72e6f031627461dfdb504f80619e5b53,1e8e3e879eb836571fe8a05c3db493511e53db1db31b64a51e2983b638c8eebd,True,True,7afdee3e7ef54745e6a70155789e4a5d67a1239e678b26d2ac28221a82412864,a640aae02e2636b0f636a848ec8b6ac9f57652ed37ae200475b8bb08de9782df,9dca5a168b12b7d6a8b0ae3f840f6e0f2ba72cb079014cf2f4560228eded36c6,06c3bc032b9b5f1efeb853426f16acc48aff259daeed1a0fe3edafb41892e050,4278efc8c0a653b068fcfc5eca8eeb15abc9ec9f36e1356ace42a3816760f807
breast_cancer,HEST:SPA97,HEST:2136B2E3823F:BC23903,HEST,Spatial Transcriptomics,463,44,36,84e19b1a7447b9bdfc41fab409b669ca72e6f031627461dfdb504f80619e5b53,1e8e3e879eb836571fe8a05c3db493511e53db1db31b64a51e2983b638c8eebd,True,True,7afdee3e7ef54745e6a70155789e4a5d67a1239e678b26d2ac28221a82412864,a640aae02e2636b0f636a848ec8b6ac9f57652ed37ae200475b8bb08de9782df,9dca5a168b12b7d6a8b0ae3f840f6e0f2ba72cb079014cf2f4560228eded36c6,19f0086fe8b1373f579c05eac0791a57ee4223124bad4d2ac209a5bc8958b0b6,80d797d37a551d4bb9d73becf12229e1167af13a73638f48df871959a3467878
breast_cancer,HEST:SPA98,HEST:2136B2E3823F:BC23903,HEST,Spatial Transcriptomics,439,44,36,84e19b1a7447b9bdfc41fab409b669ca72e6f031627461dfdb504f80619e5b53,1e8e3e879eb836571fe8a05c3db493511e53db1db31b64a51e2983b638c8eebd,True,True,7afdee3e7ef54745e6a70155789e4a5d67a1239e678b26d2ac28221a82412864,a640aae02e2636b0f636a848ec8b6ac9f57652ed37ae200475b8bb08de9782df,9dca5a168b12b7d6a8b0ae3f840f6e0f2ba72cb079014cf2f4560228eded36c6,69f89f282aa8f204c5823d5d437a72cba016143da2fb1ca3377ded54e9b1feed,33d7704912c13891e9c12c8241b442c6f4a891938c3da50ab6a7d8c69bb8b0f2
breast_cancer,HEST:SPA108,HEST:2136B2E3823F:BC23944,HEST,Spatial Transcriptomics,399,44,37,f6a3734e638f03d931772878ac49caaf0f1ae10ec5290f1aae662ba535b82f60,1e8e3e879eb836571fe8a05c3db493511e53db1db31b64a51e2983b638c8eebd,True,False,8d7090a1d723333c394f6b5ffdf7c389af3104b5eb013f9210d12365ae45a888,5ca1b85061a780653ec1f3a758ae7316e436ba478db18c27ec39cf4fc735b2b0,81101dfe91f3dc20d9d1e1a7712165f7d02ae402d052172499dd6c0248c228c5,e6276a75d08bf550f017e7c219941e66162c675309be946d1b8a9e673c542f50,f7d419eb1a4610c48ccaaad1114883c4ef3671cd5717e7874ce8122653744c4f
breast_cancer,HEST:SPA109,HEST:2136B2E3823F:BC23944,HEST,Spatial Transcriptomics,423,44,37,f6a3734e638f03d931772878ac49caaf0f1ae10ec5290f1aae662ba535b82f60,1e8e3e879eb836571fe8a05c3db493511e53db1db31b64a51e2983b638c8eebd,True,False,8d7090a1d723333c394f6b5ffdf7c389af3104b5eb013f9210d12365ae45a888,5ca1b85061a780653ec1f3a758ae7316e436ba478db18c27ec39cf4fc735b2b0,81101dfe91f3dc20d9d1e1a7712165f7d02ae402d052172499dd6c0248c228c5,e769a07a7481f0b4843bd955436025d7e0ad6213fda7fc1e4ad6e59f5ae657a8,176155f59ed93a68f85bfd50a93c76878c440e8263801aba2a735a9c6e85bc2f
breast_cancer,HEST:SPA110,HEST:2136B2E3823F:BC23944,HEST,Spatial Transcriptomics,412,44,37,f6a3734e638f03d931772878ac49caaf0f1ae10ec5290f1aae662ba535b82f60,1e8e3e879eb836571fe8a05c3db493511e53db1db31b64a51e2983b638c8eebd,True,False,8d7090a1d723333c394f6b5ffdf7c389af3104b5eb013f9210d12365ae45a888,5ca1b85061a780653ec1f3a758ae7316e436ba478db18c27ec39cf4fc735b2b0,81101dfe91f3dc20d9d1e1a7712165f7d02ae402d052172499dd6c0248c228c5,9464d3d796c764151b8f111f41c433e2b0b6f09c225487103dc4d86e270da6f0,2ac5529d0cbcf1e888dc5aca00e9cbc43501b15997f1e4c0066520e63e7c7b7d
breast_cancer,HEST:SPA93,HEST:2136B2E3823F:BC24044,HEST,Spatial Transcriptomics,510,44,38,be5303261f61f86b2cfe38bffc1673a81041c36e2c413d245e09064473d859aa,1e8e3e879eb836571fe8a05c3db493511e53db1db31b64a51e2983b638c8eebd,True,False,f539c27abb09c86f883ca1381c219176987e47486aa875db4eb2b0d0de03a7b2,cb22a700bce3a4dbb9d3600852089058449d67a564e06316a305090c727f4c96,31fe2cb798d9dcb202cc5fd5c80bdb690dca66f3903f5d3195231af21da4dd16,f35111a9676b19e619e2ae117756c1bd2e665025744914f74fead44f5e2fc241,011af1976456694f964f330ac35495f9c4305e0b105ebdf17e7eab6a28cc7e4d
breast_cancer,HEST:SPA94,HEST:2136B2E3823F:BC24044,HEST,Spatial Transcriptomics,602,44,38,be5303261f61f86b2cfe38bffc1673a81041c36e2c413d245e09064473d859aa,1e8e3e879eb836571fe8a05c3db493511e53db1db31b64a51e2983b638c8eebd,True,False,f539c27abb09c86f883ca1381c219176987e47486aa875db4eb2b0d0de03a7b2,cb22a700bce3a4dbb9d3600852089058449d67a564e06316a305090c727f4c96,31fe2cb798d9dcb202cc5fd5c80bdb690dca66f3903f5d3195231af21da4dd16,2744880ad7939cf5e0c677382093946b4277b937a758e7ac5891811cd6b94865,257bd6f85f174b62d32cdff542ef3a139e0dfe494e8441133df172d99e155c18
breast_cancer,HEST:SPA95,HEST:2136B2E3823F:BC24044,HEST,Spatial Transcriptomics,614,44,38,be5303261f61f86b2cfe38bffc1673a81041c36e2c413d245e09064473d859aa,1e8e3e879eb836571fe8a05c3db493511e53db1db31b64a51e2983b638c8eebd,True,False,f539c27abb09c86f883ca1381c219176987e47486aa875db4eb2b0d0de03a7b2,cb22a700bce3a4dbb9d3600852089058449d67a564e06316a305090c727f4c96,31fe2cb798d9dcb202cc5fd5c80bdb690dca66f3903f5d3195231af21da4dd16,b029c78c9c150bb554803720cdbf801d02013e8a335dc9be432e979eae69bae6,7ec71a3cd2bdb8a264b20791450ca297ed8a5124e510b21db15bc291212b8626
breast_cancer,HEST:SPA90,HEST:2136B2E3823F:BC24105,HEST,Spatial Transcriptomics,338,44,39,04eb7559e294f828e81a60b707e554facfe0a9c2400b8e675d75a11132912b65,1e8e3e879eb836571fe8a05c3db493511e53db1db31b64a51e2983b638c8eebd,True,False,eff5826ab349bac8c7a4120ef3e283cae2dfd3a60a1e75fcab0ad03cb7d7d53a,dfb11fcbb078472265f3502bf9e400382eeb91592c64a4ef40df85b224b15579,7e73862cd8eb618151f93220f6adc695f995d41580b89cde5042f5a536412aeb,e308d19b52679cba9bbbdee6784c011df13b584416205ef284f432e6475924fd,36e1888c5faee9273f6b588925df36e1fb71eb9fe91a6086afb11defd8cab529
breast_cancer,HEST:SPA91,HEST:2136B2E3823F:BC24105,HEST,Spatial Transcriptomics,296,44,39,04eb7559e294f828e81a60b707e554facfe0a9c2400b8e675d75a11132912b65,1e8e3e879eb836571fe8a05c3db493511e53db1db31b64a51e2983b638c8eebd,True,False,eff5826ab349bac8c7a4120ef3e283cae2dfd3a60a1e75fcab0ad03cb7d7d53a,dfb11fcbb078472265f3502bf9e400382eeb91592c64a4ef40df85b224b15579,7e73862cd8eb618151f93220f6adc695f995d41580b89cde5042f5a536412aeb,2f36dbcc4ac3692caca9b4f3921adf3864ce8af4b0a635464503c4fcc03bc18c,be1af6d315d460687e886e21a11ec3201c3e281ce6dea0ef07a26e30ce3b0701
breast_cancer,HEST:SPA92,HEST:2136B2E3823F:BC24105,HEST,Spatial Transcriptomics,325,44,39,04eb7559e294f828e81a60b707e554facfe0a9c2400b8e675d75a11132912b65,1e8e3e879eb836571fe8a05c3db493511e53db1db31b64a51e2983b638c8eebd,True,False,eff5826ab349bac8c7a4120ef3e283cae2dfd3a60a1e75fcab0ad03cb7d7d53a,dfb11fcbb078472265f3502bf9e400382eeb91592c64a4ef40df85b224b15579,7e73862cd8eb618151f93220f6adc695f995d41580b89cde5042f5a536412aeb,3f076c17051cd884fe288435712dcd4aa7efa03f17d1ec8b662810be8dacf074,fcae2ffb133a76b63c35651294a208d0532e02db93ab0fa5307b92db765f8e1c
breast_cancer,HEST:SPA105,HEST:2136B2E3823F:BC24220,HEST,Spatial Transcriptomics,437,44,40,85430cc0af72e785986ed1d6b7897bd0af581fa2168196f7c131fdd2ef476aa7,1e8e3e879eb836571fe8a05c3db493511e53db1db31b64a51e2983b638c8eebd,True,False,39e36eacdb21c7c905e809150a815939be92228b76b219522276e5afe5eb6ebc,01d1ca4951f79d2ed62709db049945f0b16c3d8f2a3142dfa4f07f15474dfff6,4c8753d6553da468fad0821c1951551e5fb4117a2e598c9088d79635caf13065,7b972ce9f899673aebf8a74c5fa8f42f97104d645c02cc3fa8877b6e3761ebf6,884b7853128cc90e358b6b5307445d2e9ba4f255692c6757368c064565060681
breast_cancer,HEST:SPA106,HEST:2136B2E3823F:BC24220,HEST,Spatial Transcriptomics,428,44,40,85430cc0af72e785986ed1d6b7897bd0af581fa2168196f7c131fdd2ef476aa7,1e8e3e879eb836571fe8a05c3db493511e53db1db31b64a51e2983b638c8eebd,True,False,39e36eacdb21c7c905e809150a815939be92228b76b219522276e5afe5eb6ebc,01d1ca4951f79d2ed62709db049945f0b16c3d8f2a3142dfa4f07f15474dfff6,4c8753d6553da468fad0821c1951551e5fb4117a2e598c9088d79635caf13065,b884ab2183759455fe71441b64f7e98b966a3b6d320c901e0385f219b8d48fb4,29c5837fd35ac619496dc68e7af65545e9f9a56e888eec2a1107b1a5d95df4a0
breast_cancer,HEST:SPA107,HEST:2136B2E3823F:BC24220,HEST,Spatial Transcriptomics,431,44,40,85430cc0af72e785986ed1d6b7897bd0af581fa2168196f7c131fdd2ef476aa7,1e8e3e879eb836571fe8a05c3db493511e53db1db31b64a51e2983b638c8eebd,True,False,39e36eacdb21c7c905e809150a815939be92228b76b219522276e5afe5eb6ebc,01d1ca4951f79d2ed62709db049945f0b16c3d8f2a3142dfa4f07f15474dfff6,4c8753d6553da468fad0821c1951551e5fb4117a2e598c9088d79635caf13065,b44c87ccd52c01f0733b7f629509b568623b1ba578b8babb20cc271fb1a00d15,394af89fdd3d2c2acf2a507f262c44deeb66b324bf6aace0d66e346602d0d0ee
breast_cancer,HEST:SPA78,HEST:2136B2E3823F:BC24223,HEST,Spatial Transcriptomics,363,44,41,6f81247005e902a246f64ae54d0875394696c8e19891ddee1663a7151bc42f7b,1e8e3e879eb836571fe8a05c3db493511e53db1db31b64a51e2983b638c8eebd,True,True,e96bfdbd67b0a5cc0ffc9de0de3cb480d6407f2751cb953cfe7c8ee4b49a2aba,186b530fa88cad60c314d59ddec2a7b77a4406d1f8aa6e1cfc4d14dd5bbd502b,9d58e142f8acc35f72334cf02c671c2ff5c36a28eca3116bc17d01f7b23d5bbd,5c9292b6d8bbabc3a28897f724f2da784bcfc0d62a70b80c44ee758f3f2ed8a5,7ff15837df52fb53ebf64bc0db72e9d1204269571bb18856b00d7218c9dd22c8
breast_cancer,HEST:SPA79,HEST:2136B2E3823F:BC24223,HEST,Spatial Transcriptomics,356,44,41,6f81247005e902a246f64ae54d0875394696c8e19891ddee1663a7151bc42f7b,1e8e3e879eb836571fe8a05c3db493511e53db1db31b64a51e2983b638c8eebd,True,True,e96bfdbd67b0a5cc0ffc9de0de3cb480d6407f2751cb953cfe7c8ee4b49a2aba,186b530fa88cad60c314d59ddec2a7b77a4406d1f8aa6e1cfc4d14dd5bbd502b,9d58e142f8acc35f72334cf02c671c2ff5c36a28eca3116bc17d01f7b23d5bbd,495c00c6abc4a044255ef8b09545d9cec7eee0b47a768201fe2fdf13a25cfad7,b401dc7df5010f4ef5343d3dff8ca2f3fa429a82ac7d394c2ec88801a9cbe36f
breast_cancer,HEST:SPA80,HEST:2136B2E3823F:BC24223,HEST,Spatial Transcriptomics,367,44,41,6f81247005e902a246f64ae54d0875394696c8e19891ddee1663a7151bc42f7b,1e8e3e879eb836571fe8a05c3db493511e53db1db31b64a51e2983b638c8eebd,True,True,e96bfdbd67b0a5cc0ffc9de0de3cb480d6407f2751cb953cfe7c8ee4b49a2aba,186b530fa88cad60c314d59ddec2a7b77a4406d1f8aa6e1cfc4d14dd5bbd502b,9d58e142f8acc35f72334cf02c671c2ff5c36a28eca3116bc17d01f7b23d5bbd,3c0610d55cfd60bddbd75b9df821ad81ab2650f614d17e95a1e7fc2da09c215f,a05ed8a2ac9cba3967254b12da567e7c90c1b36e59d9e53553519ee244e5a718
breast_cancer,HEST:TENX13,HEST:251E35BD8C43:UNKNOWN,HEST,Visium,3809,44,42,ace9fd9cd17ad8ca79c902bdf97b32e47dabd962df5218c48739977b401d190f,1e8e3e879eb836571fe8a05c3db493511e53db1db31b64a51e2983b638c8eebd,True,True,2ce171d0e038f135bc85a9871fd287ae0bfb0e3e9768737f86b3ad65612222aa,0add3c639e85f93c10ab75f467a5c9355195c0de56275fe6cf10c8a942d1af71,3055fe6719ecd927884c46e9fc852f90d4c3d0726679cc1379a24e8c3219882c,1b5930bd594f8249313c2f7b9dcbf881291916a6e1a5ea316bbb36abed7cf9ae,df975f8408eb6e5f5e8cd652d2ad79c073dcaec9c3d422dca9de3c79e2518bac
breast_cancer,HEST:TENX180,HEST:27FD7DAFED0C:UNKNOWN,HEST,Visium HD,2348,44,43,c8535124d42417722b7bd387d077206f833bee0ef4c8995bb87fd315bde5558e,1e8e3e879eb836571fe8a05c3db493511e53db1db31b64a51e2983b638c8eebd,True,True,ff2f760708d46cc26e2ec37a8e2f0d47f0903d9969c54c11494ae7f97ce35eaa,1dd7c47f92512981d30e19eb25353ff3436ac94234c799d50623ac252a39549b,241e4a2a6d56f55444246e50b43d4e6eb6799ca7aeadb78e8b37a2e38b35a634,d46cdf58564603c2bf4c1161a0ee43b7a454b6869f230b35cd79c64899d55945,dee1c7aaaa05892956ce28ea77c89c5fbfc296af346c1ff43b77f0cbf905395e
breast_cancer,HEST:TENX53,HEST:4566995B9842:UNKNOWN,HEST,Visium,4834,44,44,2d70a2123c226db0f5c42658187bdca6af5c02ec7d9aba9c87240fee8af52e81,1e8e3e879eb836571fe8a05c3db493511e53db1db31b64a51e2983b638c8eebd,True,True,ac9dffa80bb67698a593a9e0ad38a697695f94854649dac2c326322a4cc4c41a,728f6d52be6d71dcb45b925a67ab8a989cd0f2ba1c9a8d92c26b0079dbdee2c0,84a067050e4bd1cf1fbdb6741bb56d99782a968e0b6189c4c31a505f4deeee61,1b7d1e091052daf2e11f98503d30b65a6cba0c6111642a4e0decb895ff11cb01,4e7728b7f10160583fd93cdc28237017e8869496c1a706e4a58b7a689dcc1f0b
breast_cancer,HEST:SPA149,HEST:4802AB092F7E:Patient-A,HEST,Spatial Transcriptomics,360,44,45,3c113ed344609f2264f8a8521b7eb3a34d4e244b2e8f9c6808cdec71f5d945c5,1e8e3e879eb836571fe8a05c3db493511e53db1db31b64a51e2983b638c8eebd,True,False,aa5b1ae0dacf63dfb1eaf8418af793ba6cf9c20ab514ccb26b457d4f2dc68e0b,933a8f9b47b00994e274ca75c19d1acc6190966531533c5e45bfceeecb84d744,2f531a4ad3903992cc08823256c58bcf858b6e25d6ae1a308f383bb6a4901fa0,33600f0db003840a0fee6d051e03676fb9c83586b33f49694b89a1cc1bc79b50,5174dc5a0e623552e2d148f97be2bd750988c3d90dc0655e7b401c95a91bbec4
breast_cancer,HEST:SPA150,HEST:4802AB092F7E:Patient-A,HEST,Spatial Transcriptomics,332,44,45,3c113ed344609f2264f8a8521b7eb3a34d4e244b2e8f9c6808cdec71f5d945c5,1e8e3e879eb836571fe8a05c3db493511e53db1db31b64a51e2983b638c8eebd,True,False,aa5b1ae0dacf63dfb1eaf8418af793ba6cf9c20ab514ccb26b457d4f2dc68e0b,933a8f9b47b00994e274ca75c19d1acc6190966531533c5e45bfceeecb84d744,2f531a4ad3903992cc08823256c58bcf858b6e25d6ae1a308f383bb6a4901fa0,96a01eb9942ad31f317e7fa4c591833618e6639078c837074e7c38ff5963a1a8,ed8c98994989b4c541b48977014144047c9d35fdd2d7f8bc420b4b5209eed19e
breast_cancer,HEST:SPA151,HEST:4802AB092F7E:Patient-A,HEST,Spatial Transcriptomics,343,44,45,3c113ed344609f2264f8a8521b7eb3a34d4e244b2e8f9c6808cdec71f5d945c5,1e8e3e879eb836571fe8a05c3db493511e53db1db31b64a51e2983b638c8eebd,True,False,aa5b1ae0dacf63dfb1eaf8418af793ba6cf9c20ab514ccb26b457d4f2dc68e0b,933a8f9b47b00994e274ca75c19d1acc6190966531533c5e45bfceeecb84d744,2f531a4ad3903992cc08823256c58bcf858b6e25d6ae1a308f383bb6a4901fa0,589a7576015c90a1c9f906fec71b390d88353973d36b37cd9030c9742e2fc66c,643d024140faa2a4de95c90b3e36d8dd045e430df74938c1586aaf91355e2c85
breast_cancer,HEST:SPA152,HEST:4802AB092F7E:Patient-A,HEST,Spatial Transcriptomics,359,44,45,3c113ed344609f2264f8a8521b7eb3a34d4e244b2e8f9c6808cdec71f5d945c5,1e8e3e879eb836571fe8a05c3db493511e53db1db31b64a51e2983b638c8eebd,True,False,aa5b1ae0dacf63dfb1eaf8418af793ba6cf9c20ab514ccb26b457d4f2dc68e0b,933a8f9b47b00994e274ca75c19d1acc6190966531533c5e45bfceeecb84d744,2f531a4ad3903992cc08823256c58bcf858b6e25d6ae1a308f383bb6a4901fa0,f7db2c7d395892c4611386d5d4dfadb347af95ef7876c9609d228a349f0661f3,1fd64499c36f88a1641ae07fd34031fd55b948aef5fff92021ae22175bcf0cba
breast_cancer,HEST:SPA153,HEST:4802AB092F7E:Patient-A,HEST,Spatial Transcriptomics,325,44,45,3c113ed344609f2264f8a8521b7eb3a34d4e244b2e8f9c6808cdec71f5d945c5,1e8e3e879eb836571fe8a05c3db493511e53db1db31b64a51e2983b638c8eebd,True,False,aa5b1ae0dacf63dfb1eaf8418af793ba6cf9c20ab514ccb26b457d4f2dc68e0b,933a8f9b47b00994e274ca75c19d1acc6190966531533c5e45bfceeecb84d744,2f531a4ad3903992cc08823256c58bcf858b6e25d6ae1a308f383bb6a4901fa0,6e6f5e5128343afe57cfca73fb76f0d0f7c717bef80c9dd0ae4fb0fb2c02cf7b,f636b9c7e2c1bbdb77b577ebbb434bc9c4f7fd3b29e26bf94f3a0d1885c2b6f0
breast_cancer,HEST:SPA154,HEST:4802AB092F7E:Patient-A,HEST,Spatial Transcriptomics,346,44,45,3c113ed344609f2264f8a8521b7eb3a34d4e244b2e8f9c6808cdec71f5d945c5,1e8e3e879eb836571fe8a05c3db493511e53db1db31b64a51e2983b638c8eebd,True,False,aa5b1ae0dacf63dfb1eaf8418af793ba6cf9c20ab514ccb26b457d4f2dc68e0b,933a8f9b47b00994e274ca75c19d1acc6190966531533c5e45bfceeecb84d744,2f531a4ad3903992cc08823256c58bcf858b6e25d6ae1a308f383bb6a4901fa0,94adda0938043d0630ccaba0c8dbc0f5b398ba01bab2ffa773c60bae36649c26,1f9ca921cfea4de75c401c84df15595194a41df2c4de0bc8b3105a335126885f
breast_cancer,HEST:SPA143,HEST:4802AB092F7E:Patient-B,HEST,Spatial Transcriptomics,277,44,46,a2f406e2f3ea49c8b8c981edc332d1efdd862b7157e0d58ad5f48b387b3f90d2,1e8e3e879eb836571fe8a05c3db493511e53db1db31b64a51e2983b638c8eebd,True,False,77f4fc4434af4b85cd5b4229376b1ece1d635b2be7faa0bccfbb57f10ac7f6ea,5a5cee672a1fc56b3303e1fb46db4ad4d63836fa251358eb358186b7a52807f6,ffe440150fa5769d8c0ea9205f6f1db5815ecaba2be4b0115e4779b8d0633827,2aeb3243dc2138bfa762c04c6cc109a2d27d87c78251059c0d44c226de065253,41788091fc9df51698d57baf2c4f2ca157fccb707c69d8cb9790cb96e527344d
breast_cancer,HEST:SPA144,HEST:4802AB092F7E:Patient-B,HEST,Spatial Transcriptomics,289,44,46,a2f406e2f3ea49c8b8c981edc332d1efdd862b7157e0d58ad5f48b387b3f90d2,1e8e3e879eb836571fe8a05c3db493511e53db1db31b64a51e2983b638c8eebd,True,False,77f4fc4434af4b85cd5b4229376b1ece1d635b2be7faa0bccfbb57f10ac7f6ea,5a5cee672a1fc56b3303e1fb46db4ad4d63836fa251358eb358186b7a52807f6,ffe440150fa5769d8c0ea9205f6f1db5815ecaba2be4b0115e4779b8d0633827,8fe1269d6cd6da43f991b6793a4e7213fd1f909037375adaef8d2d47f1714388,eda422915584f9a7bfb8d50660c3ebf71e6a21259457d266dfd19cdff7f27970
breast_cancer,HEST:SPA145,HEST:4802AB092F7E:Patient-B,HEST,Spatial Transcriptomics,283,44,46,a2f406e2f3ea49c8b8c981edc332d1efdd862b7157e0d58ad5f48b387b3f90d2,1e8e3e879eb836571fe8a05c3db493511e53db1db31b64a51e2983b638c8eebd,True,False,77f4fc4434af4b85cd5b4229376b1ece1d635b2be7faa0bccfbb57f10ac7f6ea,5a5cee672a1fc56b3303e1fb46db4ad4d63836fa251358eb358186b7a52807f6,ffe440150fa5769d8c0ea9205f6f1db5815ecaba2be4b0115e4779b8d0633827,0ca6879ac863518f22903074fff45d27cfd42ed8fcde8892e89c5e867ce7b262,c965cd4fd2d2841c317bc4e61a06c77a6edefc85a5f157b43294b19aec503728
breast_cancer,HEST:SPA146,HEST:4802AB092F7E:Patient-B,HEST,Spatial Transcriptomics,298,44,46,a2f406e2f3ea49c8b8c981edc332d1efdd862b7157e0d58ad5f48b387b3f90d2,1e8e3e879eb836571fe8a05c3db493511e53db1db31b64a51e2983b638c8eebd,True,False,77f4fc4434af4b85cd5b4229376b1ece1d635b2be7faa0bccfbb57f10ac7f6ea,5a5cee672a1fc56b3303e1fb46db4ad4d63836fa251358eb358186b7a52807f6,ffe440150fa5769d8c0ea9205f6f1db5815ecaba2be4b0115e4779b8d0633827,590d470abecc2c1d2260827b1628f8d7395469d4511ad625bec1f3aab624c183,843615ee3ae7ec393f606922e3b663ac896e404c10c14538be105abc89cadf04
breast_cancer,HEST:SPA147,HEST:4802AB092F7E:Patient-B,HEST,Spatial Transcriptomics,269,44,46,a2f406e2f3ea49c8b8c981edc332d1efdd862b7157e0d58ad5f48b387b3f90d2,1e8e3e879eb836571fe8a05c3db493511e53db1db31b64a51e2983b638c8eebd,True,False,77f4fc4434af4b85cd5b4229376b1ece1d635b2be7faa0bccfbb57f10ac7f6ea,5a5cee672a1fc56b3303e1fb46db4ad4d63836fa251358eb358186b7a52807f6,ffe440150fa5769d8c0ea9205f6f1db5815ecaba2be4b0115e4779b8d0633827,b1b534039766fda91ba48ed9f3d6b400fe42d45525b91f775a928bace31819d3,b70347cbe418de2a4d7cef77ea55e7e426a52a07ff0cbf2775ac7af1efca4806
breast_cancer,HEST:SPA148,HEST:4802AB092F7E:Patient-B,HEST,Spatial Transcriptomics,295,44,46,a2f406e2f3ea49c8b8c981edc332d1efdd862b7157e0d58ad5f48b387b3f90d2,1e8e3e879eb836571fe8a05c3db493511e53db1db31b64a51e2983b638c8eebd,True,False,77f4fc4434af4b85cd5b4229376b1ece1d635b2be7faa0bccfbb57f10ac7f6ea,5a5cee672a1fc56b3303e1fb46db4ad4d63836fa251358eb358186b7a52807f6,ffe440150fa5769d8c0ea9205f6f1db5815ecaba2be4b0115e4779b8d0633827,18494b41361be642223a2685c12a5645fe4e73b51f6b2f0d201e26ae359b9553,c0febb3c036c622d520678d2fbc1f25661658e499b318eb34d4697895b1e57ba
breast_cancer,HEST:SPA137,HEST:4802AB092F7E:Patient-C,HEST,Spatial Transcriptomics,178,44,47,ccb20e1968e3514ba2d5d7197d52b7fe53064b946f51ab782aa8c04de308017f,1e8e3e879eb836571fe8a05c3db493511e53db1db31b64a51e2983b638c8eebd,True,True,067b4cd75810b622527cb4540872f355b65960473db056bc6094a81a686d183b,208e3c02a6b7bd79b6886ca36821532b05485a98197c945b50b061bc13f00bd0,3a4194908e5760614cf549658ff16e75049979f6a42dffc26dcb9d0c10303cca,a2ac4a1c4d0bc53ac46e6e2a5ab54d6f76b4332bef38231fa0c6f37ad99b55b5,26f2abbd982dfe882e22323b3c33e56ab488ff4b35bdc9ec4d690c09d32cfc2b
breast_cancer,HEST:SPA138,HEST:4802AB092F7E:Patient-C,HEST,Spatial Transcriptomics,181,44,47,ccb20e1968e3514ba2d5d7197d52b7fe53064b946f51ab782aa8c04de308017f,1e8e3e879eb836571fe8a05c3db493511e53db1db31b64a51e2983b638c8eebd,True,True,067b4cd75810b622527cb4540872f355b65960473db056bc6094a81a686d183b,208e3c02a6b7bd79b6886ca36821532b05485a98197c945b50b061bc13f00bd0,3a4194908e5760614cf549658ff16e75049979f6a42dffc26dcb9d0c10303cca,7311b69c3d23dbf94e333e42daed4b92b0ac7eb59883656d12db653e76bd9843,f56d5ed2a7a3b169550c52d05db876e73821abf66e50e7d28a862ce485765522
breast_cancer,HEST:SPA139,HEST:4802AB092F7E:Patient-C,HEST,Spatial Transcriptomics,184,44,47,ccb20e1968e3514ba2d5d7197d52b7fe53064b946f51ab782aa8c04de308017f,1e8e3e879eb836571fe8a05c3db493511e53db1db31b64a51e2983b638c8eebd,True,True,067b4cd75810b622527cb4540872f355b65960473db056bc6094a81a686d183b,208e3c02a6b7bd79b6886ca36821532b05485a98197c945b50b061bc13f00bd0,3a4194908e5760614cf549658ff16e75049979f6a42dffc26dcb9d0c10303cca,6178716acf8ddc8dd103cf73b001e6c971d10a79aef6e73ef52a5cfba77aace6,46a455148b84574957a995993169839af44c6cc65f51684d3ae839a547596cb0
breast_cancer,HEST:SPA140,HEST:4802AB092F7E:Patient-C,HEST,Spatial Transcriptomics,180,44,47,ccb20e1968e3514ba2d5d7197d52b7fe53064b946f51ab782aa8c04de308017f,1e8e3e879eb836571fe8a05c3db493511e53db1db31b64a51e2983b638c8eebd,True,True,067b4cd75810b622527cb4540872f355b65960473db056bc6094a81a686d183b,208e3c02a6b7bd79b6886ca36821532b05485a98197c945b50b061bc13f00bd0,3a4194908e5760614cf549658ff16e75049979f6a42dffc26dcb9d0c10303cca,cac04f509f65e43c94b4fec8db4db8f08b0b288f49289f24b03baa5b9fad950d,af86db11e4c75458bc72251f968ebf375745e866a4f43170a81701d3bce911d0
breast_cancer,HEST:SPA141,HEST:4802AB092F7E:Patient-C,HEST,Spatial Transcriptomics,187,44,47,ccb20e1968e3514ba2d5d7197d52b7fe53064b946f51ab782aa8c04de308017f,1e8e3e879eb836571fe8a05c3db493511e53db1db31b64a51e2983b638c8eebd,True,True,067b4cd75810b622527cb4540872f355b65960473db056bc6094a81a686d183b,208e3c02a6b7bd79b6886ca36821532b05485a98197c945b50b061bc13f00bd0,3a4194908e5760614cf549658ff16e75049979f6a42dffc26dcb9d0c10303cca,c2be166b2503811317553a87a067f3ce6fd6c564a05db90f435de7dfaa2bc862,08c512c1e8ece4f10eee95e3e7a6cad20ee50026baad85e5d55b09587510dafb
breast_cancer,HEST:SPA142,HEST:4802AB092F7E:Patient-C,HEST,Spatial Transcriptomics,176,44,47,ccb20e1968e3514ba2d5d7197d52b7fe53064b946f51ab782aa8c04de308017f,1e8e3e879eb836571fe8a05c3db493511e53db1db31b64a51e2983b638c8eebd,True,True,067b4cd75810b622527cb4540872f355b65960473db056bc6094a81a686d183b,208e3c02a6b7bd79b6886ca36821532b05485a98197c945b50b061bc13f00bd0,3a4194908e5760614cf549658ff16e75049979f6a42dffc26dcb9d0c10303cca,c03b2d8a7d287e7637282ae258bcdcfda244a03612c4f5278602f21f8ed4f11d,ab4ee68272c1641f7fefa9902be4a1c09d47c50ec72e6cba7ea408b22fc2f19a
breast_cancer,HEST:SPA131,HEST:4802AB092F7E:Patient-D,HEST,Spatial Transcriptomics,315,44,48,6be2f4abd537f7023566ced9078ace45a3674e834c9f6b114f73439830ba8e64,1e8e3e879eb836571fe8a05c3db493511e53db1db31b64a51e2983b638c8eebd,True,True,ed48ee45443787153a990e94431bd67df10883928911869dc1af5e73f7e73119,abebf1ccd2a31146a17e9c255e8a97c71340f24f54146ac49adc4edb541e1e74,f68965b3d94f53a47a9c36cbf68d4e34cf636c850fe7b0b38dc662725b65f3de,f545623c69780319b2644506cc2b2734a3203ee1ddc8354bb82d60be6b5814c4,09fa9c11dd63f292823eefa365396432eb4d5a2fbd033aaa1a922d827f41226a
breast_cancer,HEST:SPA132,HEST:4802AB092F7E:Patient-D,HEST,Spatial Transcriptomics,305,44,48,6be2f4abd537f7023566ced9078ace45a3674e834c9f6b114f73439830ba8e64,1e8e3e879eb836571fe8a05c3db493511e53db1db31b64a51e2983b638c8eebd,True,True,ed48ee45443787153a990e94431bd67df10883928911869dc1af5e73f7e73119,abebf1ccd2a31146a17e9c255e8a97c71340f24f54146ac49adc4edb541e1e74,f68965b3d94f53a47a9c36cbf68d4e34cf636c850fe7b0b38dc662725b65f3de,f42b844e5889d1a104ec724605be36572463b00b09fb2170db759942c62b612b,5edadf2c12edf5b8a93bc13ccce6f5c385a29d6033b12a8d18e94a101647c257
breast_cancer,HEST:SPA133,HEST:4802AB092F7E:Patient-D,HEST,Spatial Transcriptomics,302,44,48,6be2f4abd537f7023566ced9078ace45a3674e834c9f6b114f73439830ba8e64,1e8e3e879eb836571fe8a05c3db493511e53db1db31b64a51e2983b638c8eebd,True,True,ed48ee45443787153a990e94431bd67df10883928911869dc1af5e73f7e73119,abebf1ccd2a31146a17e9c255e8a97c71340f24f54146ac49adc4edb541e1e74,f68965b3d94f53a47a9c36cbf68d4e34cf636c850fe7b0b38dc662725b65f3de,f242cfe86dfe92f949ed76fd3ffa7f9fa48d33864543744e13645a0a58a4f849,e37f7da9439533fcaba73ea486a552e0fc38448a00b37141c783823e07ac5582
breast_cancer,HEST:SPA134,HEST:4802AB092F7E:Patient-D,HEST,Spatial Transcriptomics,301,44,48,6be2f4abd537f7023566ced9078ace45a3674e834c9f6b114f73439830ba8e64,1e8e3e879eb836571fe8a05c3db493511e53db1db31b64a51e2983b638c8eebd,True,True,ed48ee45443787153a990e94431bd67df10883928911869dc1af5e73f7e73119,abebf1ccd2a31146a17e9c255e8a97c71340f24f54146ac49adc4edb541e1e74,f68965b3d94f53a47a9c36cbf68d4e34cf636c850fe7b0b38dc662725b65f3de,10d96cba7ba1aeaec511b96f3b6153d98ab2837ed53d37fd15306d97cc8eaa48,bd018a36a2af3ea458a65c23604a35f33b33768ac8f7d620ae495eb0158378c1
breast_cancer,HEST:SPA135,HEST:4802AB092F7E:Patient-D,HEST,Spatial Transcriptomics,303,44,48,6be2f4abd537f7023566ced9078ace45a3674e834c9f6b114f73439830ba8e64,1e8e3e879eb836571fe8a05c3db493511e53db1db31b64a51e2983b638c8eebd,True,True,ed48ee45443787153a990e94431bd67df10883928911869dc1af5e73f7e73119,abebf1ccd2a31146a17e9c255e8a97c71340f24f54146ac49adc4edb541e1e74,f68965b3d94f53a47a9c36cbf68d4e34cf636c850fe7b0b38dc662725b65f3de,097cca0caf69fdb702ff6cca00bcc4fc56512224a9ffebacfbdc0233e40c62e7,395ac5e30e0d01802f90f990494ecf87403e58b50f39f9a60aef416a8cc94f6b
breast_cancer,HEST:SPA136,HEST:4802AB092F7E:Patient-D,HEST,Spatial Transcriptomics,306,44,48,6be2f4abd537f7023566ced9078ace45a3674e834c9f6b114f73439830ba8e64,1e8e3e879eb836571fe8a05c3db493511e53db1db31b64a51e2983b638c8eebd,True,True,ed48ee45443787153a990e94431bd67df10883928911869dc1af5e73f7e73119,abebf1ccd2a31146a17e9c255e8a97c71340f24f54146ac49adc4edb541e1e74,f68965b3d94f53a47a9c36cbf68d4e34cf636c850fe7b0b38dc662725b65f3de,08e7e445984223930b45ac86bc05eace6d247a9fa290927a5c11cace2c8e0a64,29a2d5ba16883302636d2891a6c38bff4f36f5c107aff4c61f6640b9f576588e
breast_cancer,HEST:SPA128,HEST:4802AB092F7E:Patient-E,HEST,Spatial Transcriptomics,570,44,49,42afdbb058e4b883ea0baa9629a2459a3bc6a534dfd5ba552e415014039ad3e3,1e8e3e879eb836571fe8a05c3db493511e53db1db31b64a51e2983b638c8eebd,True,False,cbfeca12f5659d021787cf8ff9b9f730b9be104bf516e14b167571870dc5e39b,fb1a2789f555f5d7dacd8ad8962d8bb771c9b7759edc6af84bd88e0ab5bf2445,78b0dd63240a047bbb5f58b7842eef62e9cae511d3cef64861293bae7131947f,6a04251e888080f32776290bee2977e566711ea64a1017204d3af8c74a1ac600,b51a0a4efa12872a51f926cca4bbc4fcf2007b5aa279898b0579bbd4490c6c69
breast_cancer,HEST:SPA129,HEST:4802AB092F7E:Patient-E,HEST,Spatial Transcriptomics,572,44,49,42afdbb058e4b883ea0baa9629a2459a3bc6a534dfd5ba552e415014039ad3e3,1e8e3e879eb836571fe8a05c3db493511e53db1db31b64a51e2983b638c8eebd,True,False,cbfeca12f5659d021787cf8ff9b9f730b9be104bf516e14b167571870dc5e39b,fb1a2789f555f5d7dacd8ad8962d8bb771c9b7759edc6af84bd88e0ab5bf2445,78b0dd63240a047bbb5f58b7842eef62e9cae511d3cef64861293bae7131947f,0fa60efd43d299bfac719956ba04010cd65bb0398b6ce84f4c3ee217c843189e,9f3af1d6955bfe92070e04ac938164d6da198f2026a637d957371429a04bcacf
breast_cancer,HEST:SPA130,HEST:4802AB092F7E:Patient-E,HEST,Spatial Transcriptomics,587,44,49,42afdbb058e4b883ea0baa9629a2459a3bc6a534dfd5ba552e415014039ad3e3,1e8e3e879eb836571fe8a05c3db493511e53db1db31b64a51e2983b638c8eebd,True,False,cbfeca12f5659d021787cf8ff9b9f730b9be104bf516e14b167571870dc5e39b,fb1a2789f555f5d7dacd8ad8962d8bb771c9b7759edc6af84bd88e0ab5bf2445,78b0dd63240a047bbb5f58b7842eef62e9cae511d3cef64861293bae7131947f,d5f02ee791e3f7c03d1fa310ec349b5d4ec0ae78e55cf69f7da21c671588ceac,f562d69729523f48488b2aeb5548c7ea66397de8e1b523aff16e8d1fa78ac99b
breast_cancer,HEST:SPA125,HEST:4802AB092F7E:Patient-F,HEST,Spatial Transcriptomics,712,44,50,eedbb08a62505e86940a88665bc8963b79035cabb66005cb31d913dc3640fdfe,1e8e3e879eb836571fe8a05c3db493511e53db1db31b64a51e2983b638c8eebd,True,True,0d66ed5b16092028f84c7011435e27ae40aa517c23455fb998c0a713321adc51,34827bc29b8efd97a4daeea52884c0e16176d4962fc938afd979b6d72b42f1ce,eab1261d85025ab1e420bc997667ab8f9a1e0ffd9aad564613cee343bbe5c92f,3ccc9cc587c6fe709cf4213f6888f1bbcef072fc366244f2bf8ae3ba23aeda3d,9813875c6c7fa45b5688a361bbafa77dc1f4ea92799904f6639da0fc90bfa5c0
breast_cancer,HEST:SPA126,HEST:4802AB092F7E:Patient-F,HEST,Spatial Transcriptomics,695,44,50,eedbb08a62505e86940a88665bc8963b79035cabb66005cb31d913dc3640fdfe,1e8e3e879eb836571fe8a05c3db493511e53db1db31b64a51e2983b638c8eebd,True,True,0d66ed5b16092028f84c7011435e27ae40aa517c23455fb998c0a713321adc51,34827bc29b8efd97a4daeea52884c0e16176d4962fc938afd979b6d72b42f1ce,eab1261d85025ab1e420bc997667ab8f9a1e0ffd9aad564613cee343bbe5c92f,70931a7e8a703af1df9fc35bfcc3f1f62a2f25b207ae092ef0b943c04dada2c6,da7a8f37e5650cd5f0c2db712f82c3fd4f91eafb93d0f1301165775943930093
breast_cancer,HEST:SPA127,HEST:4802AB092F7E:Patient-F,HEST,Spatial Transcriptomics,691,44,50,eedbb08a62505e86940a88665bc8963b79035cabb66005cb31d913dc3640fdfe,1e8e3e879eb836571fe8a05c3db493511e53db1db31b64a51e2983b638c8eebd,True,True,0d66ed5b16092028f84c7011435e27ae40aa517c23455fb998c0a713321adc51,34827bc29b8efd97a4daeea52884c0e16176d4962fc938afd979b6d72b42f1ce,eab1261d85025ab1e420bc997667ab8f9a1e0ffd9aad564613cee343bbe5c92f,4d93486b6d15b6cb3d0bb0f7968828eca4881ae93773c5fa960e121aaea4538b,01da50c35e9ab530467dcc0d15485dae69212a1efdbdba891e639156000f7d58
breast_cancer,HEST:SPA122,HEST:4802AB092F7E:Patient-G,HEST,Spatial Transcriptomics,463,44,51,03b1c3356b60398dbab2f5435f8d0702f4de4662404716dce9d22f3a802e5798,1e8e3e879eb836571fe8a05c3db493511e53db1db31b64a51e2983b638c8eebd,True,True,d335ce7e1f98ebfd62a7fec2a28b7632bd8506a33571cd89aaa3c0bd04753354,33c7fd75df09dd6fdee11408cca9bfef267d0d4b05edbc6fb36e8975610b4ff7,e82865b06719c439cb74142fba999d1e474f4d25ace02727bcf581e646bdb836,05153745a31f726f6179db168f18b8d6ec2c8566f2217c4b617d355dc2d75a7d,d74abd405f58989c1c88aca0beb662e49da95946fbfef34f1d0bad395a11a657
breast_cancer,HEST:SPA123,HEST:4802AB092F7E:Patient-G,HEST,Spatial Transcriptomics,462,44,51,03b1c3356b60398dbab2f5435f8d0702f4de4662404716dce9d22f3a802e5798,1e8e3e879eb836571fe8a05c3db493511e53db1db31b64a51e2983b638c8eebd,True,True,d335ce7e1f98ebfd62a7fec2a28b7632bd8506a33571cd89aaa3c0bd04753354,33c7fd75df09dd6fdee11408cca9bfef267d0d4b05edbc6fb36e8975610b4ff7,e82865b06719c439cb74142fba999d1e474f4d25ace02727bcf581e646bdb836,4c8ad8c1410fb17adea9bfbe79931172cc981052e5868b89f284fd74257ff6a4,7e9ff1a588596122a33e24891fb5f9392c662ab0fb2c5082d7b911908e9fb65e
breast_cancer,HEST:SPA124,HEST:4802AB092F7E:Patient-G,HEST,Spatial Transcriptomics,440,44,51,03b1c3356b60398dbab2f5435f8d0702f4de4662404716dce9d22f3a802e5798,1e8e3e879eb836571fe8a05c3db493511e53db1db31b64a51e2983b638c8eebd,True,True,d335ce7e1f98ebfd62a7fec2a28b7632bd8506a33571cd89aaa3c0bd04753354,33c7fd75df09dd6fdee11408cca9bfef267d0d4b05edbc6fb36e8975610b4ff7,e82865b06719c439cb74142fba999d1e474f4d25ace02727bcf581e646bdb836,bc58e67bdb1a3ee69bcdd1671aa6a0467e9f47447505d7ee0d868dea2307a9ed,04e06908e5c6981c48e47abeb926097f0d63bc29131dde2b437bffe7eb41e0a1
breast_cancer,HEST:SPA119,HEST:4802AB092F7E:Patient-H,HEST,Spatial Transcriptomics,510,44,52,932d6f3668a7d64c1d4f0038c60c1039efee55db6143379ed8de94e262e9299d,1e8e3e879eb836571fe8a05c3db493511e53db1db31b64a51e2983b638c8eebd,True,True,216810878d24dd34dcd7932167ce8f337a6215ebd00cdbfed36f27c96393e956,c9d3da80a332de019f71b07dfcafdcfa22726cd38685ced1049a33a4eb5d60e4,5e30762c2fe44a5c375c1da795a435602448fa026f3011f57d36c24e87941b44,68291da073fcf7b5129d536bdd8dac1556d709c99cf0aa0378cb15a1bbee1ae1,2a5bc6bb99c32dddfe86cc1c510699cd7ad099f86751dfc5bb121d3d042b1b74
breast_cancer,HEST:SPA120,HEST:4802AB092F7E:Patient-H,HEST,Spatial Transcriptomics,602,44,52,932d6f3668a7d64c1d4f0038c60c1039efee55db6143379ed8de94e262e9299d,1e8e3e879eb836571fe8a05c3db493511e53db1db31b64a51e2983b638c8eebd,True,True,216810878d24dd34dcd7932167ce8f337a6215ebd00cdbfed36f27c96393e956,c9d3da80a332de019f71b07dfcafdcfa22726cd38685ced1049a33a4eb5d60e4,5e30762c2fe44a5c375c1da795a435602448fa026f3011f57d36c24e87941b44,d6de637c3ee86aeea596e4d481ac2cff382563882cdfb6a2c858bd84f354f8b7,bf60a89ff15f841bf0ed91a43d88403cad6064219775bb1f520f655860b1be17
breast_cancer,HEST:SPA121,HEST:4802AB092F7E:Patient-H,HEST,Spatial Transcriptomics,613,44,52,932d6f3668a7d64c1d4f0038c60c1039efee55db6143379ed8de94e262e9299d,1e8e3e879eb836571fe8a05c3db493511e53db1db31b64a51e2983b638c8eebd,True,True,216810878d24dd34dcd7932167ce8f337a6215ebd00cdbfed36f27c96393e956,c9d3da80a332de019f71b07dfcafdcfa22726cd38685ced1049a33a4eb5d60e4,5e30762c2fe44a5c375c1da795a435602448fa026f3011f57d36c24e87941b44,e8f06a47484e765d4531f2f29b63e47ad8fa9f86a6971a6912a1082aca2a164e,59b2ea0ab7be3eb2bb0826083100251cbf734f79e7c2578d9eb12b802a2dcc8a
breast_cancer,HEST:SPA0,HEST:7068EE7808CE:UNKNOWN,HEST,Spatial Transcriptomics,262,44,53,3eb18fb709d212a7ad4ccc2b355ef696e056fa3834084418ce7e4da017edf334,1e8e3e879eb836571fe8a05c3db493511e53db1db31b64a51e2983b638c8eebd,True,True,3a4d36f335de0295145c2bae9b5994c6218599b4eebbca34cce268c9b43dc93f,e4e938e648ad2a1ecffa3d7c2bedf09fe2338d13a9cb32ab613584f64fc7d69e,2854824f5a2565a02028b53f5c94adb1b2d9f5b6c20cf251355b713bfa2e60fe,f64930e10c60c672f46266019b6ac88d0f092aa93ca24733f5dd8fe51f8b579e,612a4a9dd4d9690d7bc01e64bf348765e393e35b22a4f834a8017daa8ce8ce0a
breast_cancer,HEST:SPA1,HEST:7068EE7808CE:UNKNOWN,HEST,Spatial Transcriptomics,264,44,53,3eb18fb709d212a7ad4ccc2b355ef696e056fa3834084418ce7e4da017edf334,1e8e3e879eb836571fe8a05c3db493511e53db1db31b64a51e2983b638c8eebd,True,True,3a4d36f335de0295145c2bae9b5994c6218599b4eebbca34cce268c9b43dc93f,e4e938e648ad2a1ecffa3d7c2bedf09fe2338d13a9cb32ab613584f64fc7d69e,2854824f5a2565a02028b53f5c94adb1b2d9f5b6c20cf251355b713bfa2e60fe,4cf2c5f07a19c6ef1bc240cdd6440e4dfd67c36e911e458fcd861ebf4ed91a17,b9b8473c2168df705b7b1fd73c53d1c0c1cbd9ce5a014d33e77f30229454f51f
breast_cancer,HEST:SPA2,HEST:7068EE7808CE:UNKNOWN,HEST,Spatial Transcriptomics,251,44,53,3eb18fb709d212a7ad4ccc2b355ef696e056fa3834084418ce7e4da017edf334,1e8e3e879eb836571fe8a05c3db493511e53db1db31b64a51e2983b638c8eebd,True,True,3a4d36f335de0295145c2bae9b5994c6218599b4eebbca34cce268c9b43dc93f,e4e938e648ad2a1ecffa3d7c2bedf09fe2338d13a9cb32ab613584f64fc7d69e,2854824f5a2565a02028b53f5c94adb1b2d9f5b6c20cf251355b713bfa2e60fe,3753843a76ec74b2160abede1d0c0164fa6290cc4a3530bf6d0a49b529a5b270,f61508ceef74b4bc2eee8b9b68a5d16716f87b3ce75eb90e709c564625e2682e
breast_cancer,HEST:SPA3,HEST:7068EE7808CE:UNKNOWN,HEST,Spatial Transcriptomics,254,44,53,3eb18fb709d212a7ad4ccc2b355ef696e056fa3834084418ce7e4da017edf334,1e8e3e879eb836571fe8a05c3db493511e53db1db31b64a51e2983b638c8eebd,True,True,3a4d36f335de0295145c2bae9b5994c6218599b4eebbca34cce268c9b43dc93f,e4e938e648ad2a1ecffa3d7c2bedf09fe2338d13a9cb32ab613584f64fc7d69e,2854824f5a2565a02028b53f5c94adb1b2d9f5b6c20cf251355b713bfa2e60fe,66bec5627ff966cb6b08986433f430f1c4e91e9d1740936b0c544cab2f665cc1,4b29c56bc62d209168fac2ed938b4aa694599ae0332bfcec326d1bc8b19de585
breast_cancer,HEST:TENX14,HEST:97808E0CCBB7:UNKNOWN,HEST,Visium,4015,44,54,3fac950e1a8e2390d5293b3c4e37df542524a3fb2db75dc4ce7cbecc3de193d8,1e8e3e879eb836571fe8a05c3db493511e53db1db31b64a51e2983b638c8eebd,True,False,42df786207d347971f154bf0c7c214f9b36361b195ee10aa8b6b9c6b03832ab4,01adeb182188c8e5343a56c2ed474f28b8dd2afeded07cbadde88ad85c3bfe86,f198e341489be842a0effeac027b23f0bf7e01093a54b780088bd157dd6b742f,c0326be5ce3a7cbec89ce2206a4f09706486a92058eb2c1b1618274bab39c84d,a9db5cdefa4ae34f2ea55ed4e850652ac0bf909599493f78a98296f550110c53
breast_cancer,HEST:TENX24,HEST:9ACFB7E02B35:UNKNOWN,HEST,Visium,4323,44,55,6e332bac5882cc775acdb8c93d93f452350dc57c4a749f08be7fcc47cba401f7,1e8e3e879eb836571fe8a05c3db493511e53db1db31b64a51e2983b638c8eebd,True,False,175f41da3535f282f35d69faf13ef51cfad98cd16c6d13f136f11c70a414c693,6583ad2774fabbfac2bb03d2d13d054a639496fc7cc87557d04bd81d683d4d4c,13252269944e00090977d42ab72538d0eb1256c593c650e19a92b55c5c8bbe66,2beff6fe88b9ccfca8ba2db10386d541ad44f2d80cd48095c4a3b259a72a7ef9,5172f1e9fb64c98b6ec3e6095c3ed556764887135c90107fbadac81269430f03
breast_cancer,HEST:TENX39,HEST:B89DC6B97095:UNKNOWN,HEST,Visium,2513,44,56,0d1b6c99a521c90f12765a5c9b6e1059e690a17e563100adc35225f507c683e0,1e8e3e879eb836571fe8a05c3db493511e53db1db31b64a51e2983b638c8eebd,True,True,afce5d1488192b1cf109882d1e8fcd4932e7b5be6399d2df93d0eca254e68387,02f970d1ef22082a7878f56b813584d0f84f96e7352f0ec5e1c69ab1f093365c,b70967a23e101125e4efbb84aafd2021620d00577f8673ce03f9b7f456822515,9513bf85c08737fa5fc3444a8adc5d853c1a7434d42d29bcc15099962a74cd5d,1b34ee21f7baabf82e0707fa0cbf10f7b89428beb431ea4432aa86f7a37a40c9
breast_cancer,HEST:TENX161,HEST:CB37C0D65D1C:UNKNOWN,HEST,Visium HD,2809,44,57,8509e5c9eb0dd91b59baa27ee5850d8ae2e17fdba973ce1c8a72d51e119e4a3a,1e8e3e879eb836571fe8a05c3db493511e53db1db31b64a51e2983b638c8eebd,True,True,07270c009b06cf7782f9a0084ff0e4fe667d849c702ca37f3441491c06a26cd8,daa2dceb37c0852be23cc2bcf3582c61af430b7d2422c30a5075a5171b722b30,b3224ecfdca2d5c7f03d4afa6a1f7f473a1b61d68eb85d52bc2fe3d3aac32d75,b18852cc12da670303eab54022af76ee1f8f8b536733d16fe0bf6f14f81ab6ba,b0582792e3f4aca846d9a175ae32e0a8261f538d922c2768cb6919858237706e
breast_cancer,HEST:TENX68,HEST:FBBE614FE189:UNKNOWN,HEST,Visium,1624,44,58,d85368be23461d93ac22dd8c3e9855871c82c285ba4e316146756f4e476fbba2,1e8e3e879eb836571fe8a05c3db493511e53db1db31b64a51e2983b638c8eebd,True,True,01298f902226ee039f444ca43e4e12e42f39d4e3c187655be4e47f9e1113e02e,553d0ed786dd8ed9e0c0ee8adbbaed61f1df7eb360f4a7ee3ffe9531e3398790,7f46923d0731b61300f7bb8dce6959e2a23361620279f490a86dadf757e9949f,186830090a5ca076e1f87efcfacb84677962c67f9355b3eb1ed524dceab5b41c,4d862b70d227cbdfc080091290e2977c30df5e41032c1efd87749319a36572d8
colorectal_cancer,HEST:TENX156,Patient 1,HEST,Visium HD,2035,44,0,32309e6a774f81b22b9060bb3f002025e826902d3d199eb8b39997e389076793,6137f1d28167bbb08f663a46f1a7c8613db7d06c0c6652e069affbaa7120ecf2,True,False,251b7bb4eb287198fd36c77254673389b036469d4d3b9ce83e97b0590ef6f49b,b161a81e079237d4b652f2561e7d24dc9d6b481d5fbf0f924822b6aa031a2ea6,5f97cb4481f004ab9712b35731a5412b6991293b2316d36551da36c80d6990eb,0913a6c7e52d0c9cb3f69c77c1f26de1ba775f90a5de6ee675adb0ee609d90c8,16c9464731e382224d97a9e54ae5be901bcb38852414ae2b32e922dd3bde872a
colorectal_cancer,HEST:TENX152,Patient 2,HEST,Visium,4096,44,1,db2e6307aec991269f39091823b1f1d3c29a69024292cfb59503ba754997c5d8,6137f1d28167bbb08f663a46f1a7c8613db7d06c0c6652e069affbaa7120ecf2,True,True,672ce380dee832777be3fcc74796b5824dfe693010537ed8e9bb9bcebe30a084,fdd10637a97100b7a90c680bf2a096284908bfed79225410443ae6d64ad8f569,001c525e6b74a5e70447facf939b71a4c56759b6ce38549476ab244dc4da6bda,7bc6a36ba791f46eeb99da6ae5509c679ee02bca1900a397a5d1dc83c0d6fa21,89bd5b3f4697f807ba82e4e04d245de55633a740340770eee839444bf789b523
colorectal_cancer,HEST:TENX155,Patient 2,HEST,Visium HD,2117,44,1,db2e6307aec991269f39091823b1f1d3c29a69024292cfb59503ba754997c5d8,6137f1d28167bbb08f663a46f1a7c8613db7d06c0c6652e069affbaa7120ecf2,True,True,672ce380dee832777be3fcc74796b5824dfe693010537ed8e9bb9bcebe30a084,fdd10637a97100b7a90c680bf2a096284908bfed79225410443ae6d64ad8f569,001c525e6b74a5e70447facf939b71a4c56759b6ce38549476ab244dc4da6bda,32634881ea68b371fca881323131ffb9ecde6879103f88749b0e722847f17900,00181df0ee9d4be803911dc21d18d6a63ed1821ff88eba917fecbbe09cf70ebf
colorectal_cancer,HEST:ZEN46,Patient 2,HEST,Visium,1803,44,1,db2e6307aec991269f39091823b1f1d3c29a69024292cfb59503ba754997c5d8,6137f1d28167bbb08f663a46f1a7c8613db7d06c0c6652e069affbaa7120ecf2,True,True,672ce380dee832777be3fcc74796b5824dfe693010537ed8e9bb9bcebe30a084,fdd10637a97100b7a90c680bf2a096284908bfed79225410443ae6d64ad8f569,001c525e6b74a5e70447facf939b71a4c56759b6ce38549476ab244dc4da6bda,9a954c4ea54efea1cf313c28601cbe3eccc78c81ce8e7611bd86e1f3168a10cd,cd64b7c1091c6b67f7b756afd56816b019ef738d9c9d32ba3fd5e5fe2ed85902
colorectal_cancer,HEST:ZEN47,Patient 2,HEST,Visium,2317,44,1,db2e6307aec991269f39091823b1f1d3c29a69024292cfb59503ba754997c5d8,6137f1d28167bbb08f663a46f1a7c8613db7d06c0c6652e069affbaa7120ecf2,True,True,672ce380dee832777be3fcc74796b5824dfe693010537ed8e9bb9bcebe30a084,fdd10637a97100b7a90c680bf2a096284908bfed79225410443ae6d64ad8f569,001c525e6b74a5e70447facf939b71a4c56759b6ce38549476ab244dc4da6bda,1ba10da2aae5f45db304ebc64f4c3110a5f7a1dbb695d763d6b01743c0801578,cde821d1ce2a7c5eb3065623a08577eddbd146464d6c97bb929d4ec4bbc90289
colorectal_cancer,HEST:ZEN44,Patient 3,HEST,Visium,1048,44,2,18ccd0518a1bcfefc0727e317737cf4f0d500aabce675cef9f043fe8f163b548,6137f1d28167bbb08f663a46f1a7c8613db7d06c0c6652e069affbaa7120ecf2,True,False,63aa52b5b220e9a4aa22d995ba0567764085203534d41bf4626c993afc889926,f52a912cd1cbb8a6a232e31097bc013d171490f50f905760780ef3098e47b8bd,2a8dfc2aaa2fab304eba5a2051521d1eb95a841aa5dcc8df5966919cc681c274,a4f27fc0afb781f7dfc0d3b42b94e3e390addc71014d9f5f61b09e2556dbe800,d9a2e621932a51d7ed18c776074907321efea5fd8a017ea05329b76fd4dfa8c9
colorectal_cancer,HEST:ZEN45,Patient 3,HEST,Visium,328,44,2,18ccd0518a1bcfefc0727e317737cf4f0d500aabce675cef9f043fe8f163b548,6137f1d28167bbb08f663a46f1a7c8613db7d06c0c6652e069affbaa7120ecf2,True,False,63aa52b5b220e9a4aa22d995ba0567764085203534d41bf4626c993afc889926,f52a912cd1cbb8a6a232e31097bc013d171490f50f905760780ef3098e47b8bd,2a8dfc2aaa2fab304eba5a2051521d1eb95a841aa5dcc8df5966919cc681c274,f9438ffd447a376d66c396f4b09fce03e7d80e8681339836f7ee26b24e3f0080,dda1cfce60572b43da0a4eca8deb2eaa5f7292877f0189abe97b161e07f37a4f
colorectal_cancer,HEST:ZEN39,Patient 4,HEST,Visium,1219,44,3,93bf06f10acd622f74983fff73b0d533ddb95c1a5351e17e3c53f052c5d119f5,6137f1d28167bbb08f663a46f1a7c8613db7d06c0c6652e069affbaa7120ecf2,True,False,1da76797c28b6280de42c54636bd833e1b6171a8da30b8c10ccfa6c88c618370,ab83254fedbb5a1a5b6b29304c52964b83c126daac6764e91bcf13909fd13914,820ce105f4ee4180e5fe6f61a547335eb61360fe8c5634e0e091afc3e1385736,7b475a52ba76863a20d7a27f19e4c92791c2d298af72391cf95190b14e6a1ad7,0ea0f638f7533a12bae1cba37f327f6e7b88c9643b77e62894d347d54a967ff5
colorectal_cancer,HEST:ZEN43,Patient 4,HEST,Visium,691,44,3,93bf06f10acd622f74983fff73b0d533ddb95c1a5351e17e3c53f052c5d119f5,6137f1d28167bbb08f663a46f1a7c8613db7d06c0c6652e069affbaa7120ecf2,True,False,1da76797c28b6280de42c54636bd833e1b6171a8da30b8c10ccfa6c88c618370,ab83254fedbb5a1a5b6b29304c52964b83c126daac6764e91bcf13909fd13914,820ce105f4ee4180e5fe6f61a547335eb61360fe8c5634e0e091afc3e1385736,d5cdbb225c26fe107526ce32af5f0184272ae6ca33ff04f1290ab5bfa40a6e4a,92a935ffe84af1d886f002b55c768a970a7faa81b430efc15ac5146b977cc6cb
colorectal_cancer,HEST:TENX154,Patient 5,HEST,Visium HD,2123,44,4,2c33d624489b5b9653afe2b4d81952052fece3e6faf38fc11ad826b8ce34b38c,6137f1d28167bbb08f663a46f1a7c8613db7d06c0c6652e069affbaa7120ecf2,True,False,59250ece6a0d74f5b86da922a8882831420c1c60b1da6f5448b53bd66a39f007,95ad56c290e486e1b97d9a39730be601e21133736558639111291fe802b03b13,198f82b7474699cc390bfebb1986a7ed1ccc499353babb8f627a4541577637cb,ee90eacd0ca356c521fa834305f844d9d5a594b9bbe2d70a9e77cbcd3694f28e,e1b6e1b3f039fba045e8ee05936171c348bd2986c9dae69a06cdf5d62b3ff491
colorectal_cancer,HEST:ZEN38,Patient 5,HEST,Visium,387,44,4,2c33d624489b5b9653afe2b4d81952052fece3e6faf38fc11ad826b8ce34b38c,6137f1d28167bbb08f663a46f1a7c8613db7d06c0c6652e069affbaa7120ecf2,True,False,59250ece6a0d74f5b86da922a8882831420c1c60b1da6f5448b53bd66a39f007,95ad56c290e486e1b97d9a39730be601e21133736558639111291fe802b03b13,198f82b7474699cc390bfebb1986a7ed1ccc499353babb8f627a4541577637cb,351a41303f783328d151945a45d5f7c32d50fad6fd97aca516d66282f8a5aa8a,b1d6c15350ad5f7e8da6fa4dac6f171f70f074955e024183eea950f718fa2a75
colorectal_cancer,HEST:ZEN42,Patient 5,HEST,Visium,1192,44,4,2c33d624489b5b9653afe2b4d81952052fece3e6faf38fc11ad826b8ce34b38c,6137f1d28167bbb08f663a46f1a7c8613db7d06c0c6652e069affbaa7120ecf2,True,False,59250ece6a0d74f5b86da922a8882831420c1c60b1da6f5448b53bd66a39f007,95ad56c290e486e1b97d9a39730be601e21133736558639111291fe802b03b13,198f82b7474699cc390bfebb1986a7ed1ccc499353babb8f627a4541577637cb,de00728262ef9a024dfac5c98c87ec408e16070712c7088f3ee97fc48ccf3cef,8019230d9483fd52d3a4a07a4721990afa3a421b46557d5012a914a0dba0020c
colorectal_cancer,HEST:MISC33,sample:MISC33,HEST,Visium,3385,44,5,1b7e472d44752a684ee201daf66c9d46038a981ddcb44f56d881aa3d6bc4909b,6137f1d28167bbb08f663a46f1a7c8613db7d06c0c6652e069affbaa7120ecf2,True,True,bf46d79ac19f7b3803417aadabffd832c105d26d3865c88d84a322d9b176fb1c,18a417a2b24ae08bb89cfabe85a07a492d180e111303f96a07a7797be3a88379,a3d3053a70118423d73bdaa4924b402d9199ae3cfedea12641d1e6053de786a3,343f7d62d7d8a0e4b42756334027bc0460ec752330a1caf6cc3956293c0c9f10,91c556f40ace2ba4b094862bdc2f3eb35b76de8197895216d966f903e1a500a3
colorectal_cancer,HEST:MISC34,sample:MISC34,HEST,Visium,3705,44,6,201d1f86704597f0c0fb8502363f202f34f432068913cb76ef1df9eea0901ec7,6137f1d28167bbb08f663a46f1a7c8613db7d06c0c6652e069affbaa7120ecf2,True,True,d31c2a610c3b2d0b83cbea66f16d6fa974a0f4f3ba442a703254b57cf959e440,5de9624556491e424948c826a4eaba44ef091ded45506a66064098fb5f91632a,6fa517705914117ae7372f3df479a15f6d133bebe4383e4e0e56faeec3478696,f0e72dc7f842142c4a5a3584e695cd1880a1325441911b9d03329b0e5b82f8b1,92f1da697978be496754ae84fb4913691646760025a3866db07524838600e37b
colorectal_cancer,HEST:MISC35,sample:MISC35,HEST,Visium,3525,44,7,4f4c683a490dc04a29e6cb03514d181921373eabb357023b42df5d6c1754b697,6137f1d28167bbb08f663a46f1a7c8613db7d06c0c6652e069affbaa7120ecf2,True,False,4646a6a6de88a9533d13dea2b27adb56cafb8af4b65e0cf2117b038a7be32911,49bb94a7372a8ad3ceb3525d4bf6879f062b00941503b33bb59ca9eb51bd4ebf,ba7044acf9235ab758d0a66cf3778019b8e0a5e8173e17d75ebb2227908a0b93,89686c9fd679f8849bba9bddb588ba553a1d1869e55bd8841d92b72cf130e327,85265a0135e0f82451a211af60341bceff5fbd5223e20ab3083a585aa3fef9eb
colorectal_cancer,HEST:MISC36,sample:MISC36,HEST,Visium,3476,44,8,d343756211ed9361d039dae8f257b99aee250fe612207e2b82363488a3090006,6137f1d28167bbb08f663a46f1a7c8613db7d06c0c6652e069affbaa7120ecf2,True,True,fdb9b5e30e6922626c4d9c45b4b8ad0c6371dbaed71174ca9474a03f59796ce4,dd42ea150c8427613f90b02f9e0e7ea3cfbf7c08219b393cdfb574a33b5a0028,6f3745a138d4932d88bb0a695736e0bcacd94a8d70594beb22aa24ebeb73a3a4,c298f6d0f5b134faa255163b6bcea0bf5d9c5d0e94ed92a0a24988f9fc70a49f,d782576e031c71857b8008333bb3b246f0ff6f93ff4a3dbf117f769e4152fb78
colorectal_cancer,HEST:MISC37,sample:MISC37,HEST,Visium,3550,44,9,f4698db8e0fd7ae0a7ec80965aebc76a46bd9cd621dc63f8c19e3201d33dbd86,6137f1d28167bbb08f663a46f1a7c8613db7d06c0c6652e069affbaa7120ecf2,True,True,6446f528265e8a40a5d5f72e4c23c1a470aa9cb6ef16dab3321ac8d342118bf4,8908230838e2f6fc44961ebdf5abea5834174ae8730d9941e58a876ca62c3436,cdc0c178e16476aa4c00858159aaeb9678038f0cb3ec90d01f9315ad421daeb3,2b56b0d83446ddbd47638784ab502eec0a5aa26c801672dd0e62b3acf2fa50b6,8bf2d65d051acd9c56d3343d4a910937cfd3495d3c766b8126bfb57659c89deb
colorectal_cancer,HEST:MISC38,sample:MISC38,HEST,Visium,1709,44,10,ca034275fb92e78874b0fca51ae5cf665337dc24265ae31602d9b45b7c082bcf,6137f1d28167bbb08f663a46f1a7c8613db7d06c0c6652e069affbaa7120ecf2,True,False,a62e91b1eec18c8389e1398efb4159337ab8d8da4e2d27dce548ecffbf1c31c2,b383a7726786b10da86fe0286e50f00b87b50c731348d7334755828dc3cabe80,84f4a119f1f456b789eb4d3895b2bd0907b130a56f8b5bc7f1034bca3695a1ed,f81416ed9f2fcb0004ce3425824ca94316caa3e6b6efb93936054f9549dd9030,b9fbdb48f2326b70b4f989b174f8f11c138f77336ae38faafcae37882850c43b
colorectal_cancer,HEST:MISC39,sample:MISC39,HEST,Visium,4064,44,11,a370d701614f84976da33c28a3022e52b824dad93161c19a7c4afdf97d8d7ea6,6137f1d28167bbb08f663a46f1a7c8613db7d06c0c6652e069affbaa7120ecf2,True,False,79de54b24bc6ec2f40dd6bc3d1cb277ba4d71fcb69f4800f57db60cd6312b7ef,20000c9b6767f0ff812549a8787c632abafedda0c5f4e6b0a214aa3a683555d4,4fe2f3bf0cf3a4e9a0748ea5afad7a89bdb4fb60c3f20cd5818c9006eb2c4c09,2e64c07a92ac2f1d6d5c9c0c007e0e544d8573b987da7960b7b257128fa70bec,b66b1e4e73248a4f573dda45ed3b922a2cb8f26eaf79195121faa7266c13d7a3
colorectal_cancer,HEST:MISC40,sample:MISC40,HEST,Visium,4102,44,12,ae80b2ae9dca307395d36ae24a8c9f5865f03abad8926101943d1c93e5c98804,6137f1d28167bbb08f663a46f1a7c8613db7d06c0c6652e069affbaa7120ecf2,True,False,9caa64b1f9e6f6e00d432245a0fa6077bab9ec41562a4fa49b9ae0fa5b4c2f2f,9654ef31a6e5293c4b223383d379e6ed084990f44c6349a19d35b7c308fb97df,14c8bd79eddfe6ba802189e98331ee52ac086886561e28869d00c69c4bfe1830,3ead00e87731f4f9a7e78645417cd89fb85374f26dd33b6fa5387dcb935e3022,92ca846f0d34eab984882c5ff816ca9af0830a368c9371604a10ca62a532a91f
colorectal_cancer,HEST:MISC41,sample:MISC41,HEST,Visium,3638,44,13,1e060e8eb62171ca5cc1b88fbdee803c17dcc1978274201fa642ac1a4be52852,6137f1d28167bbb08f663a46f1a7c8613db7d06c0c6652e069affbaa7120ecf2,True,False,ca6322e143d01e2fe2dab77c1d61c6dc70e635203e1831abd47523461cce3c76,c93060723df402738ff8e83872bbb03a5202ca292927256c8bc238d5739cdf13,af94c5802c27581d9f36ab6227e63598fd8c6a6c2d1bac7f0f47006f51bd0c2d,e495b1cbf0eb495a3cca8d4213cb18d6e1966f727424d75d5951578f29cec4fc,f4e27a0b80606174782e94a8c8106bece8a0f9b0a57f07ddd334d8e2004b07e9
colorectal_cancer,HEST:MISC42,sample:MISC42,HEST,Visium,643,44,14,d878cca496227f14078e40157a3fef2549b3343576f7fed872c8bf1fdb802652,6137f1d28167bbb08f663a46f1a7c8613db7d06c0c6652e069affbaa7120ecf2,True,True,84de9760d8646bff6faa54c938fac6529e74607f0dfb3f7fbd99b80379eb2930,af245e4f33ea2384ce8335f180816d7e809e420300ae3140a765f6a1de621872,768a2aa1dd0305791537ce3cd56a59a25ee55e466de9a7dfca125e966328afc4,f6d83b1ecb0a8c3d6628bd9bc91719c6b7aaf2d44f244954bb3275ca182c8dd6,482876321884489f7ef3f10dd376eb59f07849fd610633ea56d6e7e789cf9447
colorectal_cancer,HEST:MISC43,sample:MISC43,HEST,Visium,1181,44,15,ba63543f65f392257230c26e2b785ae84399186731fc35abf390ac15f47f1af8,6137f1d28167bbb08f663a46f1a7c8613db7d06c0c6652e069affbaa7120ecf2,True,True,0731157a9a764ef37369478593436f7e55696cc3ee3fd753d6bb0b9454caae17,60b40dfd27eca12c5a7743cd54ac2c46032d0eec7c4d52b22d5fbe1970bb81d4,76b529044f0ce215494e436b2c524f4c8ccdc4da6abd4bf92db32bbe25ac75d9,420b13d909acc395e835f924536cf80ef072e02c6675dbc5381e7311e2c875f6,bededf3d415b24649cea140a39da52732172eadf566674a3489965b04b175687
colorectal_cancer,HEST:MISC44,sample:MISC44,HEST,Visium,897,44,16,cd8b4d544110778c16aefa2ab9bb287b1ef445fd2c2254335df35c997a3f4cba,6137f1d28167bbb08f663a46f1a7c8613db7d06c0c6652e069affbaa7120ecf2,True,True,3277a7d63af69ca440c8e997891e9c117b6f6c50d23b3b49208706ba0b9f7648,2f03f6fe2cf90aa9ed1539a670075f35e11d4a7dde77d1fad9e191eca4fb18e4,9eb3c9518ff4f290b6fe6f2e24be5c502be3b3878215e075890e294f650d9cac,926e4b5e39bfa1bb6ab5ad9e5fbb643825b583cb1b35fab7f2f7b35209559631,115cb2ce20b2c85234b0fdab2447b2cb6727edb89a0bb9d6d7552865a79e6b6e
colorectal_cancer,HEST:MISC45,sample:MISC45,HEST,Visium,4108,44,17,8d3f7804de2454f63a4c7b0e7ceee723f1b00309e46eaacd37912371316e5347,6137f1d28167bbb08f663a46f1a7c8613db7d06c0c6652e069affbaa7120ecf2,True,True,95242393033763604ef627be81e77839dceebe6b29706335cc535cb052aa7408,58dc33b11045b15b1af46ba4bf51398ae99ec64287e44fef98e4f7cebce0eee6,4349e7895fa555eabb5302748419f1dcebfd69671643a5a73c8d3771e68ee8c5,de8486129b8ef2a7d73e9e46071068799fdf344e141f9dbd9f7c17588cad6bfe,8a92bf16b2d07f3f834efc5b8c3a59370f4f39563cf965d523707035ad1c97fa
colorectal_cancer,HEST:MISC46,sample:MISC46,HEST,Visium,4508,44,18,779c3148ad99188d725df3458c3dda949004a74a444002e905d9308e79d9a185,6137f1d28167bbb08f663a46f1a7c8613db7d06c0c6652e069affbaa7120ecf2,True,True,1eaab7fabe35e3b4dc36a9def0a701a9af3655eb7bec04e1eca245380fe036e9,b51f3f2efaff428493c07482588c58fbb128b4188980f456c0ca9153a2601b12,6783a8bff6e0e37cc8946148ba382dce997597af9d639f9fa03c776ce28b2ffa,3c5ca13e5bb33c51b07c757f6a2d3ab0f54160a1b5449baa56c5f27a25992a81,e24caf3ba34a2ebcf6f54503fed5e1d853ec537047b9f1d25d0e956f731cc4bc
colorectal_cancer,HEST:MISC47,sample:MISC47,HEST,Visium,4804,44,19,ebbaa94cad914419acb80533bc718d0267cb04c16f7a93055fea270ed52f0415,6137f1d28167bbb08f663a46f1a7c8613db7d06c0c6652e069affbaa7120ecf2,True,True,1fbf12f10c20202525ee414ca1041d17ed4de7a69a0ccf14c9dd772edf2f5750,1a6488841ee110f58062a80758494e0caefb17446bb66afbc9e2b1ae917c0d55,63273f1b0c4312acd28256aedfa265e68901e43df829a30eced012411155d8a0,61519d800cddffbfd1e1033ed6546a39149535f9e948f7b2d7be0f176811544e,d8612a96e8f1c7ae0e5d542db98ab31f331e764b5c20409ff724a328150283f8
colorectal_cancer,HEST:MISC48,sample:MISC48,HEST,Visium,3567,44,20,44fdbdfe308a21a29a6b5893725a122ab1d0f084f94e6f7c50b63e65de038eef,6137f1d28167bbb08f663a46f1a7c8613db7d06c0c6652e069affbaa7120ecf2,True,True,96addc076025c4ee8e58c17929c76e8be4f1c6fc330c3c501285670d4f4fefea,f45422a628dc58e6725fbf454cb4a96ca5e39b5ecfb199c0147017d23856fa67,53869fbff20bbc4d9d2135eb0b0ce904f504a05d00597cfbb0e2cd6e046ddf52,b3d810d6f914f9eb12ba349fb8a3c4d3dbad4631a5c5b7e964402de96f6b4838,df3769a7146dafe93f549b15ad61341f3f798c04cc566b3b7818b7c033d576ef
colorectal_cancer,HEST:MISC49,sample:MISC49,HEST,Visium,4579,44,21,8faf90080b16380a8ae7587012c6b7997892da93fd73e2a981acba91f104bcc8,6137f1d28167bbb08f663a46f1a7c8613db7d06c0c6652e069affbaa7120ecf2,True,True,6438237a8c0b7091a0af726ff0fb05b1183a04776245e9c0216dee8fc04d267e,7b92a7f7a54f8421f3063988b5189af9bc78f49574a2c60313fdfa5ad53c4d66,5abadb3ef65a5ae8f438376d006b987610421ba501077cae821926b7c8137625,28feab6d17cf3027859416ccc833b38fdade0cc5245177f405ee67279218f30f,e4804176642fe564f0346dcc43453ec66ca496921ef3748808313642cccb03cd
colorectal_cancer,HEST:MISC50,sample:MISC50,HEST,Visium,4244,44,22,c82b6c7cee40412ba76b79078895512ab012a39526b1bbd2faef5cfe00935c8b,6137f1d28167bbb08f663a46f1a7c8613db7d06c0c6652e069affbaa7120ecf2,True,True,2ecc96885719b07f198014cc1194fbcc3a6b23beed99274a73f287d6da81586e,090832c44f92a2d64e433836fb6dae479bc2caded9544608ebdb405dd73a314b,6a389da2498dd79595dd63a44426102db8ef39fd29176a46521682a3fa6a2dd0,fc1166989aa58d6a31886691f14c3b8f56a0038795a296792283147122e1feb4,36cce41cc88d1bc55acedb8fe736982c1d2b9cb4c581d96f210cc02de8b70bf2
colorectal_cancer,HEST:MISC51,sample:MISC51,HEST,Visium,3049,44,23,2f31ed8e2aded4ffb020fe5b53308a2e4586617ea076cc1b196e0aa7ecf66fc3,6137f1d28167bbb08f663a46f1a7c8613db7d06c0c6652e069affbaa7120ecf2,True,True,cd59f0c87dd6e0463d549f489fc0148b383898de8e76d2bd6ef8218b18466aec,c89fb6eab158656558cc6035c0bed1d7d0219b3a2bb3142862d77591aff3ad13,9870a9f595bde63ef31a28b54a8f0fd51c11372682131746ff4e2e6d8d544215,f37e7e0ba5a179eec34a8b40b548cb085af2fd16833b4b80abb681104dddaaa0,d022317517b1b606bb47c7a458d44e9cf35d2cfcf0047cfbee639b754c1dbd6e
colorectal_cancer,HEST:MISC56,sample:MISC56,HEST,Visium,3386,44,24,0f622329818d163b9441f1e2b5305b202cde39d5e7ea7a99c4a345183531477f,6137f1d28167bbb08f663a46f1a7c8613db7d06c0c6652e069affbaa7120ecf2,True,True,22692b3e0e3d1395c09df79d96c20c980fe922b641a243b8691775970cdeef66,1d8b9ad7268bb6f38e564fb688df3d632d4200c21344d947c501ea64f8679ca0,9e7da1951c827d65a9979a63bff96fd7cbbf2a2c80d74f8dcb236b0b615967cd,a5f4cf6d59d07901a5258040230fa4e56afe6bf10c53c7e43b10ea1f89525730,d49964d66a1158b3c89e17ae83458d970955817d4280d09b1c5ee19fd06621b4
colorectal_cancer,HEST:MISC57,sample:MISC57,HEST,Visium,975,44,25,0c7d16e94560f2487cf66fcba0154cf469f491c8d98fb1e12128c742dc534be8,6137f1d28167bbb08f663a46f1a7c8613db7d06c0c6652e069affbaa7120ecf2,True,True,16e041df1589d8e1e2313483b6a0ee0ff39185d37db1611a28ac8cb73ec3a991,08094ef83c5287164595891646dbdb804af1a535df13b4f3ee5b76b07039bd17,76985b6ac2913495993500325ed01e8fad0b95a67304f4a904a552ab4b34482f,7bb69c50b3948e78bdd7fdd913e62770bcafe75af230ed172e7c01e1e19912f6,1e999c715ac9ab28df514af446b6db9fcf6b56c0c67ed43e9fe023e4000b75f9
colorectal_cancer,HEST:MISC58,sample:MISC58,HEST,Visium,1154,44,26,22d4de3c1a856ae745d2f5d387f5c1922720e9dd73f80e721545b414f107082b,6137f1d28167bbb08f663a46f1a7c8613db7d06c0c6652e069affbaa7120ecf2,True,False,3e0380466da37448e5efcef5cf7ff29d10ef69f85623a2afb09a2232a164f8a0,ecc4cea492f0b2d1987a58bbf8c6406ecbc173203f1b8d1690070d4fbe3ac27b,1838ca1e93b578ece2f511b2d5f0b5523fce2adba18b1c83511c8650692230fb,52ca4527c81783330e14e4327b32e7344a5a01218119ed66f8e6c4f980709347,d4d8e74645cbe113e0166c8e79305d08ab1dca8c3297ea95e0f8a03418446689
colorectal_cancer,HEST:MISC62,sample:MISC62,HEST,Visium,4129,44,27,d1fd125d852901fbb7861f3010b87762081b4208a743089a4f3ca21b6b95320f,6137f1d28167bbb08f663a46f1a7c8613db7d06c0c6652e069affbaa7120ecf2,True,True,13f60d2b8752d10a8d3e03dd9dfb79c7b7bfd77f4da8d85adc0607439aa5b658,555284324b4e05f60d12b73e13fe142e5a7251b36fba8141cec85de318abe763,eb34515d1be7581a95560d38dbe6b169f5b01c67c02b2352320373beabd6f7bf,d22c5dbf290211ff2c48d8b9994660abadd04deaa590fd7dd1b3766eeed0a353,283817939712a2aa6808c031499e4a6f9315a716e389ace722d87e391cc65917
colorectal_cancer,HEST:MISC63,sample:MISC63,HEST,Visium,3463,44,28,ad5cc658a7d7e2cc7138d26edcc4e4ad7ef9198ad83f54e97cecb139e3c7b35b,6137f1d28167bbb08f663a46f1a7c8613db7d06c0c6652e069affbaa7120ecf2,True,False,158744ca9b848ad182410fdaf456693e47d2b93e81f27aa679f490b6fa062d60,a4afd1c760a004275f1b9beb25bf4e068fdd4d64c20ff736db86cfa72c81908a,b12627a1322a542b809ed9f9a4053bbc0e7acf0f3480c9d9114511a748c73b0d,ee15f28e8127df9122039c86d59754c016d7b6a2c271de5dbebc0f0e70fb6154,dea549b16902901518797e3e80705d86636f2d13926e2cff888581f229c7b311
colorectal_cancer,HEST:MISC64,sample:MISC64,HEST,Visium,2531,44,29,1665ad9dceec7987144347f079058d595ff17d6fe63d0d5990e5bfeda09bb173,6137f1d28167bbb08f663a46f1a7c8613db7d06c0c6652e069affbaa7120ecf2,True,True,1b74dc55c39ed0bd2f1f889f98a7f399fe90f4b0f1c68f0f5678f89bfc586bbc,7e687763b8715f12ecdc0ba905b47629a3c9b78d9d406e89f32ae9174f3aa941,d12c759d126c4cd6654fa2c8d3b04497418e638cd1544fd2ae2984276aaadaa3,58149d84cfa1a41b14117d0b8d7016eb9d2dffb9b7707c7d493af14813de0185,a0c4c498e0a33d8781e12454435aab207c3db2fa044fe1d29ee6f8f7a26c208c
colorectal_cancer,HEST:MISC65,sample:MISC65,HEST,Visium,3261,44,30,d70097e7f93ea3a20505f5a24263d34f69a2dbf75c53d0ce496c3be3f47089f6,6137f1d28167bbb08f663a46f1a7c8613db7d06c0c6652e069affbaa7120ecf2,True,True,6d5c9c9daaf218575eab9f1fe9276cadf532f35bd12552d81bb8730f9a81cca5,cca96dcbb5da09cfd07f8f0ac400a81341cbd51edba5ce9019e9d56cb9fa0eae,dafb8ce3e1f357256d54f3568c64f24f00c23fa85c16abf92e63666e7e89aa3d,0005babe51f8e2dd0173f8dcef62c3c58edd89879d5e2954dd8f5dfd781afc6e,658b10f3f66110bac07ffd3fa5f1b50cae5104a9f6d8c55db5330fe0d400185e
colorectal_cancer,HEST:MISC66,sample:MISC66,HEST,Visium,3946,44,31,e3cc158037057dca2ef98806f8dc7b261c6c6aff2424c1a052f4bb6df0f46cbe,6137f1d28167bbb08f663a46f1a7c8613db7d06c0c6652e069affbaa7120ecf2,True,False,fcb9c754f2e2bf2e0b58dfeb3dfeae254b77ed475650a0ee2273d86c819df036,8c71458de829a87b51712588e6cecfc869b4087ed9f30a9503991fab14e4459d,c82c0c08a4d6dc2b30c2f605461878afcf0fa4f0c2b54929c1ff1d05b55164c5,b69c190225843984bc513e1eead53850cbd737d7275d1b037b44a25cde88b236,22ae8531cf2ba4233474b81d42c32bc85ce4383b3fb7d18dfd3b1198db0acbcc
colorectal_cancer,HEST:MISC67,sample:MISC67,HEST,Visium,2523,44,32,69e25f58c2a2ce79cc77e261177fd0b2bb5d203217986b8004233315fa25e6d8,6137f1d28167bbb08f663a46f1a7c8613db7d06c0c6652e069affbaa7120ecf2,True,True,79ce0e06297e383eaea77594a9066adbfdc9b318eb512b951451aa9fc5e5d3b4,89b8c2784769188f2a076bd8cbd919d6768345635fe3018fb4b33e029a51028a,067eaabc02d5b7da583f4fb7dfb51cb196f15e9ebbac3aac4e973e8ed705c7d1,44763fb611d0082126bd22d450cda5bb37de18f623cfba69df308919b8314817,7ddd006be505995d1d718f0e1ae6597f995cc9820543b3f3d140b44915345012
colorectal_cancer,HEST:MISC68,sample:MISC68,HEST,Visium,2708,44,33,7e3931af50955ef09ea2088dfc79c0325d2573708f829499833d4afcb518d7b9,6137f1d28167bbb08f663a46f1a7c8613db7d06c0c6652e069affbaa7120ecf2,True,True,6fd7d16e4e893b99c8438ae5b1f65267dcc8ebb94c7c45e76b528987d59cc7b1,8ff672baf9aab1cb4d23f3e0c99c42fe1de60b37503299ce6e67d288c1cb7043,ade27b9bd5a2add623938366d4371baa316694927f2f0a32dfa8fb78d35e787c,8be89a21b8aa0e4618ddee82523db90109fec58499d83c59190c7db9a8c5ab20,e196a05b1fcefa6f4a72b33cec626af6d6f13b4ce0d1c2c43cd22770fe6e133a
colorectal_cancer,HEST:MISC69,sample:MISC69,HEST,Visium,3605,44,34,efa39f7b1e248ba2f6289ee39b8879be0bdf405cf936f7356a7e411e88728057,6137f1d28167bbb08f663a46f1a7c8613db7d06c0c6652e069affbaa7120ecf2,True,True,b72eb2c4ce12f3f14bb1cc78bf48aea873347ac811cf548c94af7079a0ad25e1,aacb064a2a37c96a355260d9ad87fd32fef2de6676b7e410bc4526038331f452,a53462e9dcfe7db282245ccbabd210654c39463d8791dcf3e9ac753b43fc4e0b,6d44f4038b007cde3c63e7eca2601a40d567417030fa6a2c1cb7ade02f847473,41eb687cf6f2c0f512ea83f0e0b846c555814b9180f304435aaaa71b3cd924b7
colorectal_cancer,HEST:MISC70,sample:MISC70,HEST,Visium,3901,44,35,5b8ee6b9aa1787d6ddbaa194ff764fc5ada9bdebc266727332abe0433cc75e58,6137f1d28167bbb08f663a46f1a7c8613db7d06c0c6652e069affbaa7120ecf2,True,True,9d81a62ec787783b9663cc7dc846c747bd8e940a76264afa3160e171906712bd,0fed009ded2d838b38fa72a2004dd6780a957a926c2c69a657099464ce814c08,bb90c79087bd4aa9fa6a7f9e0f07095a24d1c558cbf7c81936ffcfe4e6380a42,202731669fc70d2382a45d4a7393b1687d959adec7714ab8d81c24df62a76084,85a3f4af5e67e35b91d425ac51c2ef2be53b88f0d49078b249bee6f949652395
colorectal_cancer,HEST:MISC71,sample:MISC71,HEST,Visium,2984,44,36,00e525ca6e6d0d26879c3124e1c395dfdd7278c9fc4a27abc6d66a4964198837,6137f1d28167bbb08f663a46f1a7c8613db7d06c0c6652e069affbaa7120ecf2,True,False,873d3ceec9d7ff85eefa53bab0dc0404f07001e9296e1f89ba7dd721aaa006e2,680cd119893f6ab995e1a3f4283c1c223921159b9e504de8bd1f72032b9e0236,f4bce968c8bb5db3d061b4ba88af0d95c2ad31915c2d96af2274e34e9fb4535a,37271995709bd1d873a4386c046d7f0334dd9288c023af1e3e615011b2dcf618,7bef6f92809eef7811de370c33fb2051f38cdc920b2fcff9a8a46a46461e94fd
colorectal_cancer,HEST:MISC72,sample:MISC72,HEST,Visium,4368,44,37,a803c528d9b4d30d08714f145661b0901cc202fc2143d7616caef251fe094d1c,6137f1d28167bbb08f663a46f1a7c8613db7d06c0c6652e069affbaa7120ecf2,True,True,a050b31f8d596bc39688f957071481f6abdf8453e832949bbf1a0a347e0d761c,745bbbe81c4736795882e6fbbbc154d96c99be300fea2979be6b817460c8fe28,6088d29d3b31a97433d7f7fc892c7314077df4663d5608b4f1af319ff9d295b0,a14ae43f758fb7cd55612ba1e7bbf53b52c42e3ecefcc5e2c8d4dc03783dcbd1,fd8690766c4755b6ce16259a25d56b32b389f227b70f347288b7b69cbdbcf65f
colorectal_cancer,HEST:MISC73,sample:MISC73,HEST,Visium,3885,44,38,a4c9412607d10c3f354ab55dbbf9c56da1f6c0546fcbb481846424937d0c9fe5,6137f1d28167bbb08f663a46f1a7c8613db7d06c0c6652e069affbaa7120ecf2,True,False,b2eaf782ee7fa55f2c171e1811df9492523a54a2bb1839c56c545e41bc855f9d,6738811570f1f78a9ed5306c0371855e35cd1c544f8c527b4b8bcb405bed7360,55e8fb7b8f700a3a62d04c2fa9414bb962b24ff8d9724ccf471834208f2ce608,018379c0d78c3f3734ae3c5c5163170a69f1e7ab24b1c358c99da9e8725e06db,37b8df938620b6cd84d38b13fb32fbf7b75aea09a59d3af0eb4308bc2b0e9328
colorectal_cancer,HEST:TENX128,sample:TENX128,HEST,Visium HD,2121,44,39,d640c6e3c553914747e3ca40a7c2c7ad027cc05382035844e5f16a6e2262d275,6137f1d28167bbb08f663a46f1a7c8613db7d06c0c6652e069affbaa7120ecf2,True,True,5d38455e91e01b89bc09e9d0bfe01d607c6fdb1331f4cac0fcfc866d188f90a9,f61384a7119ffdc75f65a59e82d0137fba0a11549f9f252db269d4c476737433,598cb40e684e66b92c4030abef8bc0036de7151c2112622a08df3fff2da56fca,57e8df3fe4b95b7cddd6d2d2cf379d36cb9c86a4f770240a04e655ec42d447ce,bc0501ccb9b937cb9d1e17ea859fcb2ca9d925e929ee2312754468e6ecfd6d91
colorectal_cancer,HEST:TENX29,sample:TENX29,HEST,Visium,3134,44,40,5a0e69dfd6effceff0aad20b05aded05c6b7dd59849013028a7a63cdaf63d3fb,6137f1d28167bbb08f663a46f1a7c8613db7d06c0c6652e069affbaa7120ecf2,True,False,20aa70ab60be24a6b249797559f9161512c5d4d43f4d22b435c610b44021a48a,35341ace50d56804d496b215b3db6c09035bd79b8f7b420ab6906c86da30c5b7,cab3b6aa2dfdb676b9d28869b6d37744c1f7628c192caf569c1964fa2a67b685,c3123d1023a48d7028adc2c5ba29d252c9710a53a61a191c062d1e2662d17c36,aadc88c0c05f6f41e1d7e19d08d745a2db95e69aaad7abcc6ebc87621ff303a7
colorectal_cancer,HEST:TENX49,sample:TENX49,HEST,Visium,2657,44,41,427b8c588b739bbbe0a6cc20e464a5f7711567f2f52869c0bd1a67614fb44a23,6137f1d28167bbb08f663a46f1a7c8613db7d06c0c6652e069affbaa7120ecf2,True,False,afea9626d5326d7730bc37fbcf5fcaa59d101a35e08614cc380f40bef2f084d1,9e65d64f93b0ad1d2e495201c3376553767ae4179520aec3704ffb94225fcd60,d121d18f76b3ee057d418499f6f0f445d9522fb9c83674afad7fa3532bde8051,e885b3b810b675a77586cfeb4d8d7a5e230ef8002cfe4e1c6dba9fc80fbe6bcf,12c1d52125c8c754dc0fe6345a9fafa77ba28ab05927090c15268ad97b6955cd
colorectal_cancer,HEST:TENX89,sample:TENX89,HEST,Visium,5938,44,42,0d96b1040e7a9eb6a856ad2f6afb88d2966970b0033be358fbd82ae111f4d0cd,6137f1d28167bbb08f663a46f1a7c8613db7d06c0c6652e069affbaa7120ecf2,True,True,8a7e8f7edad6c2c8dcedf9eb48de39ffcdff2bff1f4a252a7e426315bf1e2e94,0683d67baa4d86ad201b88c5da0133a63045b9641863725a6550f4ec204c5b30,a341ae82f6422c00735f844f880d66ef2b1a69e4891219ab60c83ec58783be3b,ef5277f6a6d3d831202e8bdaffc2f20679d82f729bb0c3700ce03ade1abd235d,e6664d0237414d3b92421d1e11274055e25b19438fa2883f92e49eca368f353e
colorectal_cancer,HEST:TENX90,sample:TENX90,HEST,Visium,6042,44,43,1c2868b23c2b63892629aae58c5087b769c42594fd6940d3f5cef57824f63b05,6137f1d28167bbb08f663a46f1a7c8613db7d06c0c6652e069affbaa7120ecf2,True,True,64db36616c7c0e123a7ae908d5930ecc47809a75222657685d7aa179c808d656,f29ff6dd1029397d3430c5c4bb8afd8260d1178ca3a03eaad9d65e29fc76b9fe,753a1fb241d6939135430fcae79c0d48ecba8f1be40b233b8b6a715aa2ac9b66,9f0436a1fc9067c4d30225b9406d048a725290e081707b399f20f74ab92567ae,4e5fcb4f8e8792b119e74ab7c6f7d9d18eec62825095c65c21b49aa3b0b97bc8
colorectal_cancer,HEST:TENX91,sample:TENX91,HEST,Visium,5943,44,44,1162278436cac35a6dc49059d7e849dc50f3f4a259e72d31b8cf312b7c65d52e,6137f1d28167bbb08f663a46f1a7c8613db7d06c0c6652e069affbaa7120ecf2,True,True,c04f6e8bf25a85eb840d3cb0c828238eacc187239e4ca11b606c294a2ca88468,11b4e1202617500cc3b0a05daf94ab6ddea8793dce3eca1debd8d7f6a6d418ff,b881c19af52a78e7bda3239cef724d8be1dff296ef33e61778e985a25acfdbd4,3471ac2175e31ca4add82c8e3937a24084da8040bfa50d98faf833cffe514e67,801656afa887e4d33bac3710c3b93e163783c1790b89b46dba69013238a599b1
colorectal_cancer,HEST:TENX92,sample:TENX92,HEST,Visium,5968,44,45,5e1518ba210c672f7f8aa3c8197952db36e664ddb7f60c392257d91e67644621,6137f1d28167bbb08f663a46f1a7c8613db7d06c0c6652e069affbaa7120ecf2,True,True,a16698d9fa65c4958775f3471aabe003d386425806873190bc843f20be287ac7,1c6321b9ebbdd1540bf9333144c574e6a17938d9934e542f132d03c5ea807c28,01785945365d329156dbd36a38b462c9ef4f71f5139ced17b13378b84cb15bf1,a42f252c76be4f5b629a71c60862c0c89ecfeafb02ac1b298eb905ba0afbc6c1,3e73cc9f2cf51f5ad17dee9413b1e181e358907249b8eb9847037bd8ea4aa6f4
cutaneous_squamous_cell_carcinoma,HEST:NCBI759,Patient 10,HEST,Spatial Transcriptomics,449,36,0,7f1dfb5b2e1b84a205778c7566e1040d42561348e2a4bd2fe834301028ef4667,c63bfd2b5e972de6f9bbaabb8f0ae09afd95f21d656b67a099bf21eec1bf5956,True,False,84fad9bd81be32c2e8874bae8b56574ccce7c9a65a28e75c4dc5b064b2a01aa9,dd8f9f1a6f6dc3d1f4dcb36dad0b0ab19a8e4f45c2bcf1dbbe75dd9c356cceac,90d075812c75d2be9c4d0ef0ff39b7ec0d0919ca7c51ab6018ed1c0188d9a294,1ce090aa0286a2da75ebe525bb799de827a54f0ad7c9ad4486e2ddbae562024e,a3ce49323a0d6ff9f04ea386e13dae1cebafc46213f9d5a969e42a2f7e6eaef6
cutaneous_squamous_cell_carcinoma,HEST:NCBI760,Patient 10,HEST,Spatial Transcriptomics,614,36,0,7f1dfb5b2e1b84a205778c7566e1040d42561348e2a4bd2fe834301028ef4667,c63bfd2b5e972de6f9bbaabb8f0ae09afd95f21d656b67a099bf21eec1bf5956,True,False,84fad9bd81be32c2e8874bae8b56574ccce7c9a65a28e75c4dc5b064b2a01aa9,dd8f9f1a6f6dc3d1f4dcb36dad0b0ab19a8e4f45c2bcf1dbbe75dd9c356cceac,90d075812c75d2be9c4d0ef0ff39b7ec0d0919ca7c51ab6018ed1c0188d9a294,2e6e761aeacd098660eab2077c29da0000f36c66ae1235b7166e78ab2101d3ea,1a212f126a9f2cf75796c714bf0f32600f52f7ca44ebe0ab7a9af405ec7244c5
cutaneous_squamous_cell_carcinoma,HEST:NCBI761,Patient 10,HEST,Spatial Transcriptomics,598,36,0,7f1dfb5b2e1b84a205778c7566e1040d42561348e2a4bd2fe834301028ef4667,c63bfd2b5e972de6f9bbaabb8f0ae09afd95f21d656b67a099bf21eec1bf5956,True,False,84fad9bd81be32c2e8874bae8b56574ccce7c9a65a28e75c4dc5b064b2a01aa9,dd8f9f1a6f6dc3d1f4dcb36dad0b0ab19a8e4f45c2bcf1dbbe75dd9c356cceac,90d075812c75d2be9c4d0ef0ff39b7ec0d0919ca7c51ab6018ed1c0188d9a294,bb60f1e513125eea0efb9961b5ad0cb0a06c84a67b9cf3708ed936a4c1643f4f,748f1bdc5f93b5ac2c8145048483f3d3473c6bccab0893da0d264c080d5ca9d7
cutaneous_squamous_cell_carcinoma,HEST:NCBI768,Patient 2,HEST,Spatial Transcriptomics,635,36,1,a9338fbe6d4b65fe51c350dc159074cfeed29b1dce5ff0294091778e2ce1d636,c63bfd2b5e972de6f9bbaabb8f0ae09afd95f21d656b67a099bf21eec1bf5956,True,False,623de625d84856e074e0984df6621639a881926ddbb38a278a789de3ca2de6ea,6534d5dc0fdec33356ca030d63614443e80270116b9a7ffa041cd32b35d8c554,5c1af74d38547de0750bff9e76d255784ce9b12144d4601372435985b32936a3,f79106bc599d711359bfdb1f7da57b38e0a76e377279c797ed91519c1d2fe103,3409ded0abbda7ff9c732b7978181a0c829823a89a089acf0741d87311e5074c
cutaneous_squamous_cell_carcinoma,HEST:NCBI769,Patient 2,HEST,Spatial Transcriptomics,645,36,1,a9338fbe6d4b65fe51c350dc159074cfeed29b1dce5ff0294091778e2ce1d636,c63bfd2b5e972de6f9bbaabb8f0ae09afd95f21d656b67a099bf21eec1bf5956,True,False,623de625d84856e074e0984df6621639a881926ddbb38a278a789de3ca2de6ea,6534d5dc0fdec33356ca030d63614443e80270116b9a7ffa041cd32b35d8c554,5c1af74d38547de0750bff9e76d255784ce9b12144d4601372435985b32936a3,bc80ef66d8c4fc3584028294826fb34a4365a5d8a8b1504ac9f51f263f8e2ff8,6b9964f21afe7e095b45904f40ab3cf23f60a8c6c15edb6632545701b1a61a55
cutaneous_squamous_cell_carcinoma,HEST:NCBI770,Patient 2,HEST,Spatial Transcriptomics,664,36,1,a9338fbe6d4b65fe51c350dc159074cfeed29b1dce5ff0294091778e2ce1d636,c63bfd2b5e972de6f9bbaabb8f0ae09afd95f21d656b67a099bf21eec1bf5956,True,False,623de625d84856e074e0984df6621639a881926ddbb38a278a789de3ca2de6ea,6534d5dc0fdec33356ca030d63614443e80270116b9a7ffa041cd32b35d8c554,5c1af74d38547de0750bff9e76d255784ce9b12144d4601372435985b32936a3,c363d71c571d7fda9de16cf272e58b875e39d0a61e50f1afb1ca96cfa62118ac,e0cb8676c998ba86c6ace4e6cd9755fb273965779ffe78d34a4519bbaf4d6fec
cutaneous_squamous_cell_carcinoma,HEST:NCBI765,Patient 5,HEST,Spatial Transcriptomics,515,36,2,841344d5c21e5627a5b5a7e0c77c7ae6f49ee1c42f51f64a5f20b665f50e0a31,c63bfd2b5e972de6f9bbaabb8f0ae09afd95f21d656b67a099bf21eec1bf5956,True,False,1945f0834d131cc5b4e9409f6a1a9f6305669e3a718cd8b9d885ae298499a9b7,8b3443201a63b3f10396e42995382155e621fc1c05ac22ec680b8a3ee34c9f53,ae3b144b4fd71c4cfed055386430a7a32651c53da58192262beec1c69d17ecbc,b9e5a97e4528e76bd50b2b909b31356206f8fcdf5a665c50dd80fc5ac32ac59b,da7fc0da67808530d8357a41667dc4a019dabbacddd72f5d4e3fbe13b1f5411e
cutaneous_squamous_cell_carcinoma,HEST:NCBI766,Patient 5,HEST,Spatial Transcriptomics,520,36,2,841344d5c21e5627a5b5a7e0c77c7ae6f49ee1c42f51f64a5f20b665f50e0a31,c63bfd2b5e972de6f9bbaabb8f0ae09afd95f21d656b67a099bf21eec1bf5956,True,False,1945f0834d131cc5b4e9409f6a1a9f6305669e3a718cd8b9d885ae298499a9b7,8b3443201a63b3f10396e42995382155e621fc1c05ac22ec680b8a3ee34c9f53,ae3b144b4fd71c4cfed055386430a7a32651c53da58192262beec1c69d17ecbc,7586473a90d56c391a0e478c33e308bfab09c8ba4b3a260796856fbf14eafcc4,b574bcef8fc027d60900afeb8b7897c1e4d8514c53b0e55d444962b38746bf27
cutaneous_squamous_cell_carcinoma,HEST:NCBI767,Patient 5,HEST,Spatial Transcriptomics,590,36,2,841344d5c21e5627a5b5a7e0c77c7ae6f49ee1c42f51f64a5f20b665f50e0a31,c63bfd2b5e972de6f9bbaabb8f0ae09afd95f21d656b67a099bf21eec1bf5956,True,False,1945f0834d131cc5b4e9409f6a1a9f6305669e3a718cd8b9d885ae298499a9b7,8b3443201a63b3f10396e42995382155e621fc1c05ac22ec680b8a3ee34c9f53,ae3b144b4fd71c4cfed055386430a7a32651c53da58192262beec1c69d17ecbc,3117543eb90150201f7e75cc09748cbd5d90dc5d7855fde7bdeb348d13c80b9d,cefb75ac28f8f81c727609744f77a8773aedfcc550dfcdb0a97e275cf01f3b5c
cutaneous_squamous_cell_carcinoma,HEST:NCBI762,Patient 9,HEST,Spatial Transcriptomics,1090,36,3,c0aa9e837cfe52f14c934a778eb4e3ce27ee534c057ff466ee3ed37e2d8f0205,c63bfd2b5e972de6f9bbaabb8f0ae09afd95f21d656b67a099bf21eec1bf5956,True,False,cd1b1d17962e7e399c92e5429a5ed8b0105a75aff803f71a02a0cbc940e2c6c6,a831ba71cba0494f94b61d6b60eb6085d8a6913aca68e3295f9929c11bcb6d77,de9393a7fc0efd865c0ad3c3f5229cdecdfdd690808b23c60ed5336a6c926171,3536ec8df95ba9c12f762f1624b9d0288cf61948f92e9c75ecfcd960fa968844,a6649db8d598fc05780fde63c93f85f2aebe15722d202572a0fd83692103c4f8
cutaneous_squamous_cell_carcinoma,HEST:NCBI763,Patient 9,HEST,Spatial Transcriptomics,981,36,3,c0aa9e837cfe52f14c934a778eb4e3ce27ee534c057ff466ee3ed37e2d8f0205,c63bfd2b5e972de6f9bbaabb8f0ae09afd95f21d656b67a099bf21eec1bf5956,True,False,cd1b1d17962e7e399c92e5429a5ed8b0105a75aff803f71a02a0cbc940e2c6c6,a831ba71cba0494f94b61d6b60eb6085d8a6913aca68e3295f9929c11bcb6d77,de9393a7fc0efd865c0ad3c3f5229cdecdfdd690808b23c60ed5336a6c926171,6daafe11f5ccc207348c32b1914b3e5d1e2125e75fb39dd9e5e92a6d35c71f9e,f3410f262e4bc5bf65561f4a43af3701ef4a559a882df5c61583607d6fcea037
cutaneous_squamous_cell_carcinoma,HEST:NCBI764,Patient 9,HEST,Spatial Transcriptomics,964,36,3,c0aa9e837cfe52f14c934a778eb4e3ce27ee534c057ff466ee3ed37e2d8f0205,c63bfd2b5e972de6f9bbaabb8f0ae09afd95f21d656b67a099bf21eec1bf5956,True,False,cd1b1d17962e7e399c92e5429a5ed8b0105a75aff803f71a02a0cbc940e2c6c6,a831ba71cba0494f94b61d6b60eb6085d8a6913aca68e3295f9929c11bcb6d77,de9393a7fc0efd865c0ad3c3f5229cdecdfdd690808b23c60ed5336a6c926171,f382b9a982f606c45cbb95f152cf90ce83670de93ba5bac8bf5f5b02feba2de2,633b2b33a23f35614347254b0d36646930b0b9cc6aca0654be8e4a66f952562b
ependymoma,HEST:NCBI633,Patient 1101,HEST,Visium,2983,32,0,d9bf9a41f490e40d45275c9a9937544c59370fbbd3f0c8bb2245643e873d6654,9fe32bcc7cf5b129934546f5a8ca86a2b42c2dd3e232e213586cec4927ed140a,True,False,9992557939b254d8d04b891dcf16171753fcf5f61e7eb7004a742dc4e551acac,6e07d1ec67d159e067c5727e1ff5708c1c9ed457e097fcb17f4fe9cb063ff9e5,996036a4df429544d5be4d01d86092270973136c53edfacbeff5133ba3f4c9c4,076184e93231bdaf13608e15afe52e167c59c3fe93132dcfeaad0b3f7ea0fd00,264a7f8676555fb3691406157515a4edb95be2824877fafe755bf556f6abbb26
ependymoma,HEST:NCBI630,Patient 1239,HEST,Visium,2957,32,1,1b373441adc75b7b22f0c45807a2eada6599e733a095528c7a00fb1715f1047b,9fe32bcc7cf5b129934546f5a8ca86a2b42c2dd3e232e213586cec4927ed140a,True,True,899d2e71f25d6c8cf356c8a2e7e0edce4a16f404fe4de31992ce476f15ecd8d1,31bfd1f8a7fafbc469325e006e9cc7f9b62601ecd38cfcab61378fcb13c0372d,72394beab288eb720d31a36b3b2300b1bfee7a8a9c38b00f99ac6a234ad6f723,1f168d9e9515847bba55e8592576b69af4b67aa7ee44d7a9e2bf0c63069caa10,5ca4c2b5ec48186b266ae309f9157b48e034e1050e55e7e69d3366bb7ea881e2
ependymoma,HEST:NCBI632,Patient 1269,HEST,Visium,2737,32,2,0221cfa78a6ee056b37d285d6c537da3f0309f518706685da4540aab9eeaf3b5,9fe32bcc7cf5b129934546f5a8ca86a2b42c2dd3e232e213586cec4927ed140a,True,True,ba4273a4e63c7481645ff0809908aacee33c8e05f7004bebf8fd87bbd04c8999,d48ca567d2b06542e5eae5baaf7eb55871f4feae13dedc0a7e6806db8699fe96,4375065fbd2f899aaf5e43218df4cdb70db0b7104127f724e7a6fe2a4c51168d,dec85e3e9eb204262a70907b173d3c705fa248ce9cc3d915ca968af21e6c62d4,2406e0c2f3a2dca34ec3aa5effdae3ab7146134a4a7f9526957b3dbfb24f8be3
ependymoma,HEST:NCBI629,Patient 1513,HEST,Visium,3619,32,3,5fc5cb5f804e94c806bc58ad643528a455ba6d6615218be2375fa43a49dccd4e,9fe32bcc7cf5b129934546f5a8ca86a2b42c2dd3e232e213586cec4927ed140a,True,True,ea600b3004679f922c221007db6dd274743b28a961cc2feb6a75f92d28ec737c,bfdda952de7628dc959c334d0606368205c6ae68ef05c06b8cb356b157de7783,e256e87a1dcc3204e8196e6cdd174820427e49c7d1bce4a0383956917546610e,75f4100e47cf3007fa8a03b39d145354f0cb6a703be5a08bc336b3d6157fdcf8,f7e422143c1765d47cca6d9172d239e5748662dff7a45040e46dceb4e1884b48
ependymoma,HEST:NCBI637,Patient 459,HEST,Visium,2702,32,4,8fed56e63c27a9d067464044ead495ca9d749de41d356199058f06382c2558de,9fe32bcc7cf5b129934546f5a8ca86a2b42c2dd3e232e213586cec4927ed140a,True,False,07b0693715f32d4ea1af4151aff9a7a5311ee053cb9f92a5bbf0d2dfd17b79b1,25f839d1101514e8d754472b37efc55d94850a1acfd945369bee021c6bb9bc1b,a375a5542101e78928f868dfcf98c1832ba17d39407cce01b754ae755d8235d4,de34b9596e60d99a78c5b48ec34bc57b88c1ead20d253badebde4a3b42faa7a7,047b42a3efc366962afa094f539e97535d3a9a69d89fdff544f75e7af866319d
ependymoma,HEST:NCBI641,Patient 459,HEST,Visium,2233,32,4,8fed56e63c27a9d067464044ead495ca9d749de41d356199058f06382c2558de,9fe32bcc7cf5b129934546f5a8ca86a2b42c2dd3e232e213586cec4927ed140a,True,False,07b0693715f32d4ea1af4151aff9a7a5311ee053cb9f92a5bbf0d2dfd17b79b1,25f839d1101514e8d754472b37efc55d94850a1acfd945369bee021c6bb9bc1b,a375a5542101e78928f868dfcf98c1832ba17d39407cce01b754ae755d8235d4,d2384ea9c6fbc448c4cbd07e1961af42ddb09612654a36ed071d1d155a723e80,0995379434fd0e0c04e7a4d78f378143510d740bffc626e7a2c93595a78c9e21
ependymoma,HEST:NCBI636,Patient 723,HEST,Visium,1607,32,5,87885236a3e995c797e42b3134dec6c292d3e77fb8832f1f2630b6b04f4b4969,9fe32bcc7cf5b129934546f5a8ca86a2b42c2dd3e232e213586cec4927ed140a,True,False,aed97730d2c8b34199b54949fbf1ea329337a60bdbd6a469000b23772dd3d692,93eb6bfd4a9973a58f6482a3e72312919f74fd5f216765a19fe1b81cc1bb009c,79cd0e46730b28bc55eb82058cf15e087d15710759e62be50292162a86f7536f,30a640e96ecda956ace322ba095977fafee1fa5e50b69ebae8c7f062d92fb647,cccad5e946d37d59b56a8c4643f9c7fa959df858f4f0790c1df6343f82f5fb14
ependymoma,HEST:NCBI640,Patient 723,HEST,Visium,1953,32,5,87885236a3e995c797e42b3134dec6c292d3e77fb8832f1f2630b6b04f4b4969,9fe32bcc7cf5b129934546f5a8ca86a2b42c2dd3e232e213586cec4927ed140a,True,False,aed97730d2c8b34199b54949fbf1ea329337a60bdbd6a469000b23772dd3d692,93eb6bfd4a9973a58f6482a3e72312919f74fd5f216765a19fe1b81cc1bb009c,79cd0e46730b28bc55eb82058cf15e087d15710759e62be50292162a86f7536f,57ff5bd2e2d83f78a6b7dd39b9635e5683a5cd11b7acd3f98a87cc8619c3d8d2,afdb660b0e34632aca2acfd2966ed35b9d9283e5cd2c2c2742988a58e8ae6cb0
ependymoma,HEST:NCBI639,Patient 727,HEST,Visium,936,32,6,96ce4d11e68f1b54eea034ad5bf7813350af8eecb42ec68a21f20144b5924afe,9fe32bcc7cf5b129934546f5a8ca86a2b42c2dd3e232e213586cec4927ed140a,True,True,f4bdea32c0b1023d3f0e21d02e725c65b4113ccd236b9f2a57c8f6dce89ca621,c696da3f0d4a2510eafa93d3f3e8e9d9ea9463b2a16d2b3a759c30e42ddc2aac,47ab75803df75499b28f951af90f49b9f5ffc17616c8f6065242c0225850621b,2dd2636f3849e5914386421a5edbe7fea522cf95c9f108e5141c81cf8ca983ff,2cdac93f64b2605262a5e17914843da661bc4568326292fdd7c54e491ed3400b
ependymoma,HEST:NCBI638,Patient 812,HEST,Visium,3059,32,7,a43136cd20baac679ef4c1243ad31f893f1fd76d69c246790eb4fa853cfc1d04,9fe32bcc7cf5b129934546f5a8ca86a2b42c2dd3e232e213586cec4927ed140a,True,False,31c0dba937f88ed4ae426b4061aa0cd3932017b4bbf73318a9369a260cff8ca2,67c25217ebf400dffe6b6fa7d1b188da79033fb45c527a800810b99079fc102a,9b8be96e00e42935b9ba7520faf7f74416f869626443271a052787d2b8ee6af0,c550b496cddeaf7fad174b8fdce5c34629a7c91670d5a14d60c5005444f33784,7cdbc623c8fd5e42d852a50717222b17e6dfa162ee78d084517e3f200342b2e2
ependymoma,HEST:NCBI635,Patient 821,HEST,Visium,2987,32,8,1254b084111d74d14f424826cec5372af0c227c5706f96cb4c2a9a84d34be53d,9fe32bcc7cf5b129934546f5a8ca86a2b42c2dd3e232e213586cec4927ed140a,True,False,6b7f7491789cd0db19bdb32edfeaba11f5b40bca76e4c8f53f5ddf48ccce2b39,60848d63b93f9d9badd928c9f3b44eb7c591b377407e686fa454888ef48b70d5,60d93b8386893346ff00e66f409ce9f620e380a2027d97914d8c93baf52e0e01,79f7efcd6e9ebec24ea63258e9f4f34d9f0221c1eaf535817b4e69e6f9d1424c,a752042361eb7ec85b932fe2a453b92aeed9c82d9a01bf7e526851b206850e3e
ependymoma,HEST:NCBI634,Patient 848,HEST,Visium,1832,32,9,54796d61e484f3249229cdea8003d0ee2bf83bc89de2817ce724f5a55289cc52,9fe32bcc7cf5b129934546f5a8ca86a2b42c2dd3e232e213586cec4927ed140a,True,False,a9c1b24b96d97a3172c1d32a4169e1a79e3df78a01ff16843aa33937c6687a54,af64dfde0e7a68fc8dcbbd974ccbe4fac391329e33d4cd3c2fb6fa1ebdd3693e,5d277d5a67e1d23e2caf08c23e713a1f3b08f5ddb502c4edea3bcb27620b6705,3c1b382957d6294edaa5bf182f8753ac2c3ad66cb8bfc5ae5f7bcc39691caa00,2b8526fca642eda03e4195fe10f3efa73ec873fe68ef055f7a8889d6844e34ed
ependymoma,HEST:NCBI628,Patient 928,HEST,Visium,1249,32,10,f19242f2fac0f192be72a21da3f00c4d127151f6b6ca18c003b5f69db24f17c5,9fe32bcc7cf5b129934546f5a8ca86a2b42c2dd3e232e213586cec4927ed140a,True,False,95637114eb9e8b0c45fb7dc0ff13a0914d94b0d030a83d4cd447a42c790774df,1951778d028efc32e71a3094e416e2a0158e6454227e12e32e5c37560dc49173,35e826f883862ca196a86fe331fef184fe0dd024b81411e5cde172832d4a6aea,6f2dffdf8f93266027f1073b997b4cf01c1c88f13f58e7aad4388e27f0422fb4,0a89a68043ceb76cabe8a23711da25e5810fd0454e8d188bc2f25982af5341cc
ependymoma,HEST:NCBI631,Patient 928,HEST,Visium,2034,32,10,f19242f2fac0f192be72a21da3f00c4d127151f6b6ca18c003b5f69db24f17c5,9fe32bcc7cf5b129934546f5a8ca86a2b42c2dd3e232e213586cec4927ed140a,True,False,95637114eb9e8b0c45fb7dc0ff13a0914d94b0d030a83d4cd447a42c790774df,1951778d028efc32e71a3094e416e2a0158e6454227e12e32e5c37560dc49173,35e826f883862ca196a86fe331fef184fe0dd024b81411e5cde172832d4a6aea,2596f4254f665cd61c4bd0b4fb6abac473b4329cc86de3883e2077ee64e51a84,272ba3f6835917da683555fc8cfb4cd3cfb49e78d6a254caf94b4d1792011c94
kidney_clear_cell_carcinoma,HEST:INT24,Patient 1,HEST,Visium,4483,48,0,9bc08ab63dd66b3adf38fd50824dbffdfca4737058dd73248bae54994301e90e,d67101828d4a39047ee7d1532d62ad69231b81cccd527eb2426d53ff41350d57,True,False,7dbd2834f622e4a18ceffec4403bf1725f7587f3d3056c3f687086ddb47d12b9,779ca801898c0a8bd083095c68045908606af68a4d7dbda71cdc4b05cc191df0,f52de2902587e39f0e17831d8281c49ed01332741bda86d13e5c6967e9c276db,222560611fba397e5e1af9e846247559618f32e8d694c8241c8914d2d09e97ee,6ee392a40d10bc0793959ca3d23c3147cd3d57e524a609c7ff1b812b196aabe3
kidney_clear_cell_carcinoma,HEST:INT15,Patient 10,HEST,Visium,4940,48,1,c6d78d147d26c6a91a8625dc773741f386027569ceea0c9c832d8aacb5c0d4b9,d67101828d4a39047ee7d1532d62ad69231b81cccd527eb2426d53ff41350d57,True,True,22edf0dc45bb46f80ce1e70dd16e6ee95b13db8326f0ac569a2a57bdcfd69dd8,542f6f0865c70d7c837e9ed42ba6c6569f4a4777eeee0230641ec6c25a6b6d97,d8acf9e85f8e1d9dc346286fc32d770700001e990239021c7a4fd95da8fd0a47,3089316ec7e853a3e3ec628612889c07b6018dfb144a1ff1a8c306cb5570bf95,662ab07bf9b257343507ea8727bd644f99fdd28b6ead373594d00b6a685cd023
kidney_clear_cell_carcinoma,HEST:INT14,Patient 11,HEST,Visium,4559,48,2,45c0f48bfdd1163fac215d862025a40f88eece118ddd37a9eb8b0b541f61045a,d67101828d4a39047ee7d1532d62ad69231b81cccd527eb2426d53ff41350d57,True,False,efb884cc8b81db19ede0f914633efcacbbaac3bcbd2e55d4682f8f2d25a8eac3,256a0487780dde5b5f81c80076faaa61bc491d11d46f91f7fd5fda3faf3568c9,cf877906fddb46138fc5fbf17da4364cb45a03d8dfbf2112b7676ca96317c17f,7f22edb5eb25607821c0ff5246f49c7abb0c0980be2778fea068c578fb61220a,4c347b9f01512f13b7b1467339f4e2220ccd7029695b294c1f66bb3232834b66
kidney_clear_cell_carcinoma,HEST:INT13,Patient 12,HEST,Visium,4359,48,3,653567d73c708ce23ad87ddef6ed8a5818effcab94cd3ba5210689798938c8c0,d67101828d4a39047ee7d1532d62ad69231b81cccd527eb2426d53ff41350d57,True,False,d636bdcb8a43933fdc9d497f8552435e28152d9af09df9eb15b336d80b0676fa,728c094001f55ecd6ed24df056851dc616f0deb609d266951342b6063817cca5,8586a929a9e454908abdb29e160036ccd4ad7ec0a553a9a599c46cc3f71c818c,d6c30258b91578746fdc7f41c098a35c5b426bd426efb204866aad997f5b22b9,8c72770cf5b60d3979cfe8f42494cdf57a87da9f747d188565e36c40471aa187
kidney_clear_cell_carcinoma,HEST:INT12,Patient 13,HEST,Visium,1450,48,4,453e0b207810fb3c6e9a595fe2e79c40c65e5114891aabf4e9d64fae3611c97e,d67101828d4a39047ee7d1532d62ad69231b81cccd527eb2426d53ff41350d57,True,True,ceb3c968a0ba464ff4279b29827ca6343583ea23a0b7042440bb302bc2feb1ef,8c0f604c9fe0ba0691f6ff3a1db1e216b725ac72fe7385740ec0b570cb0c1397,3a8cc5a450683a6ffc60d39e2c40b444776496174a338fb0e5c164c69059ea50,0c24d92a5cf2cbfcf7404e806e8cd9d76e0e60e46532cb738a0cdcf127ebabcf,9ad8bbafad799f2f5e7e6f8d167024fc9b6f71d4d9aebfe879bc200523bbc782
kidney_clear_cell_carcinoma,HEST:INT11,Patient 14,HEST,Visium,1400,48,5,14cc63aa3d962fe0563ac1519631d0ec9b98cf28463a1ad29e869dd1aa188121,d67101828d4a39047ee7d1532d62ad69231b81cccd527eb2426d53ff41350d57,True,False,590d223eece2bf0bf08fe9221ff971a22e287ab2cbe1f8b9e10d53cbd2db009f,56da8c69fc92793c61e1f5124728f033908ff5b04067f8c465144eb7d6ddd121,e65621d2a9444f26fda58015e38cda517db68a6573f9bb7c681180c7832a59b1,28a6cbbdf6b4b3bf9ccad07458d2667d86d696f7b1a3e90adc0b341633d96f43,1b8395d90946d299df12130fc8b1230ed5e366109505abe2e1419929dd9600fb
kidney_clear_cell_carcinoma,HEST:INT10,Patient 15,HEST,Visium,1971,48,6,fe07ed7a0ef80dce693731f57939772cf9e66b48bd95ba81591ae5a203e9b527,d67101828d4a39047ee7d1532d62ad69231b81cccd527eb2426d53ff41350d57,True,True,ddc677b5c595d63b771aa5b90e4ef392ca290dc5308db49e7a99b0f599f15e17,92f389d936b7d6c63278ce82eaec3798bb1d57a9834886772cd6a79753e3c772,58db7bf706176908f518421778b3f81b9c714a327a8e300cf53c37d2ae822f69,33f7bee4113c14b0d18bffb30820bf088f61363eec2102f3d02d64df3d745608,77633bccfad57d35b2c50e3ee373146b8cb817acd1a02cdb68eacca77364f61e
kidney_clear_cell_carcinoma,HEST:INT9,Patient 16,HEST,Visium,1691,48,7,f8c4083dba65007a3c5254dfbebad16c50975582e3032c0a635c781d32e5964f,d67101828d4a39047ee7d1532d62ad69231b81cccd527eb2426d53ff41350d57,True,False,79a89b156528c953cc2136d57f2c438955d6b10dcfa2cddae0cccc48af8df159,548824a52ab739010d07745b95fa2e1b529f060e0dd68e8f310430470b7363d3,cc956d1faaae179c81d2263a8bc22b160c938ef5df1fa9cfa23cc229852e77e6,1384a18f2ceaf652dbb29703f8c1f8e7412a5ba7d91c09fc236dedb66e5fe824,16572e64b5dd9c29eda11b94c48d3aa99b24ee45a413923bea67a395751ed26f
kidney_clear_cell_carcinoma,HEST:INT8,Patient 17,HEST,Visium,1924,48,8,ea7975f5a69ad7f9935ce08a55c9bca381ec8fd29e5759e20e12f3a4eae983ed,d67101828d4a39047ee7d1532d62ad69231b81cccd527eb2426d53ff41350d57,True,False,7c70211f8e2fe84c8cfb8b591268e02835274287a487e48f1a6bb11e91cb9468,5bbb783b23677eab8eee9ed421408508351d71b05e45658ad572f4a7c9881e5d,746295005df97e2742b07f88015e1621b6e1f2111ad822180b8664abf136ea85,d1105d171207ff088d7c88f4468d83922f260131c40ac2fdcc09dc2dbff533ab,d5d4125bddff9cb64dc6e95318124ddc4a9c40f9e8fa05839b895ba26fbce65a
kidney_clear_cell_carcinoma,HEST:INT7,Patient 18,HEST,Visium,2361,48,9,f24838b194c6035ebae95494acdacfabc3fff5e320302a991ccfc5d45a675d7c,d67101828d4a39047ee7d1532d62ad69231b81cccd527eb2426d53ff41350d57,True,False,620567c5127f3889c151ed77c2e58adc63126e640f1e9a59b351cb37404dd902,25611f0f97927d9d6ca3809625486ef0a5c7b95635aefb895273d629baf6f69b,40c1e843c95ca33fcc85fb51b0986e98d7d4f5d282414ed5e2c849fc4eac7ec7,133fed8ee9a13753ba78d21a3a9df09c1e5dee6bca590733b43e1057ddf84ef4,93e8c937c5ad0eaee1164b1f1d5dfb818fca8a4ad541d156dc1492f00a133ba3
kidney_clear_cell_carcinoma,HEST:INT6,Patient 19,HEST,Visium,1667,48,10,2b248115f8066146a49f6660609bb867ce8821fe0a51a0210bcaaeb13a854a28,d67101828d4a39047ee7d1532d62ad69231b81cccd527eb2426d53ff41350d57,True,True,2ee7093718b9b54b3b98df5b7244a53d2386f929824389f002609ee2f15349af,c60de4403b5158dc42c8d6cce8f8a9bc1e1b7aab4f0b3eed9479f389b5a23095,7a754324e286283116eec7994f9a09cb0ba3a1feac7cc30ccb4b8032efda86d1,08556b078119159fab0a0fba5560584dacbd3fb468963603a105e625788ac9fb,02171d7da9252057925a49409476b1ee43c5821c09490854f550d4ba00205817
kidney_clear_cell_carcinoma,HEST:INT23,Patient 2,HEST,Visium,4755,48,11,9db04f7d1d0a9243d16758c7376b29de8887b81435a8aa6ade4af100cd55eae4,d67101828d4a39047ee7d1532d62ad69231b81cccd527eb2426d53ff41350d57,True,True,91d813742250a68f6084345aaba2590dc711f4450791e0a5288573db08d65e87,4c53c234fa3fc7ae973c917d55d088c208d330d541c5c76011d4661af8175dc9,e6168d02e69573d06b3d67283eb10dbbc015db828b4587951381b0bd582f588d,06fdf563424f51a44602beb4b16f0039fcca2bfc5617189ca0546723c3b40477,baf8434f57b68437e765bcaf42f55965259bb16dc99fb6991db740295fb0a1ad
kidney_clear_cell_carcinoma,HEST:INT5,Patient 20,HEST,Visium,1158,48,12,f6c9ee5f54993ec7a82c1d767493ae2a2589f84ab97c090234d98a419ed609b0,d67101828d4a39047ee7d1532d62ad69231b81cccd527eb2426d53ff41350d57,True,True,a2039a3dfa78be173b7bf47f9695205bc0462aca9623266c0f0d218d6e7931e3,5dbb3e6a0b0acd7d83543e731e7b767401d81b9dad21fcb4725626860bd7be5a,6e90c8964d1355fa95a6230eb287caa2e3a3a8a75ddd838973bbe0f2fdbb2eee,0dee93c1eec49162bed27a56a4dd8674da7741d11ad72f1d0a0a9d8d69b91f3e,d9ae2b660fecebaf1f210e018fc980a84edf4909336ec45ce578c1c866b994ca
kidney_clear_cell_carcinoma,HEST:INT4,Patient 21,HEST,Visium,1255,48,13,90818b26d97ab4f4ea5b9f6d18a3a313db30801b71062fda43dd1ed58e67de5d,d67101828d4a39047ee7d1532d62ad69231b81cccd527eb2426d53ff41350d57,True,True,175d50360e414dac3f7fc2bed7c71b283b1cdc724fcfc8b70b74e3554092d610,ff5d49be6a3b9f628677cd72abf0abc7d99b3542c2eae9119a2197823c06d177,80cac3666d3939dce39b64ff94c332924eeafba02b3bf4f3d441a0b4a013d709,ad1477add793b56b3fd27c33c74f715302f2944a8cdf8c1af23e5924be4a9cb4,3a58019ba308148160e4d3819e8e63df37773d726aa7fabb21fdb00750876cb0
kidney_clear_cell_carcinoma,HEST:INT3,Patient 22,HEST,Visium,1973,48,14,d52bcba4ee25aa00dbc43093bd863e71042436c114b3349411b45bd8d1547f6e,d67101828d4a39047ee7d1532d62ad69231b81cccd527eb2426d53ff41350d57,True,True,c59d3750c3ab1a19615ab8e6f41ad9070470df0ae7043bfdced46c14eacbf483,edf9b2745a862fbd8cbd483dab1e070d83a9e59551a79a9eb20a65dd78c0580c,11b822088ee3e46f2dbc676816984ec5c32bbbc0fbb9d77e1074b3bb8a1432fa,891cd068f607a7a7e8fc0590b485aa722d665787d2cf48d68e2696703f020e13,3e0516e4940fdf6b21a6d84faea27bf49261ebb7e1599e7bde180587c0a65112
kidney_clear_cell_carcinoma,HEST:INT2,Patient 23,HEST,Visium,2541,48,15,7f5bce5b0e9ec501ef39a786dde439a08c12b1ae04b2e93e4acd942033a128a7,d67101828d4a39047ee7d1532d62ad69231b81cccd527eb2426d53ff41350d57,True,True,0257d598cc58262ed904b7b3fa92f2fb4c4b207da8df7a0e494aaf4b46847172,7be7d016d0c90f21e716e362ff7e8ed409b64b99f8677a64dcae86105c678cd8,eae44ff9fd982bb18622bb0005086e0c559dcd768381fde3de814c4914059453,90122d64de8881c8f1ff11922359085f1afc4c2bc4f80d3382d4056bc00a34dc,267d70795579eefa729207863a9a645784ff3ee02a775535a0e98b4effa12a5c
kidney_clear_cell_carcinoma,HEST:INT1,Patient 24,HEST,Visium,1032,48,16,c4005d560ec688c9900e57fa1248a2e8a7fa4a73353164e19230af0652882fa0,d67101828d4a39047ee7d1532d62ad69231b81cccd527eb2426d53ff41350d57,True,True,06ecb2764c8d4295b525c1d5de65cb1a8aafe81948467cf2681b760693a18713,956c12bd19dd4f0306d48191002b8d09bfd45228021ed0f11e1bf379ab91484e,cffe7d28c933f5bc197e4b804fb306861831047f777bffc8b97d58fba19081e2,f9f111bc9d24a96e8f2d1034d97b2a485da9d1bed2b7f654de9de07354a5a616,eb3e0724423a9ab1044de9ac211ef079a3dafc10621918c896315262df51efa9
kidney_clear_cell_carcinoma,HEST:INT22,Patient 3,HEST,Visium,3826,48,17,59562651ff614b30641f52127582f2fee946973cba871c1d1a826e8f6137e62b,d67101828d4a39047ee7d1532d62ad69231b81cccd527eb2426d53ff41350d57,True,True,2525aee06d0085ab11f12b227759ec4f7765960746e790a7afcc49c7d6d582ec,787218b2ef3b3acf16100ff40716628d355d9a307881f24ed9b0bddfbefd2c2e,35ab0e3cf49ef3faa7e5e238b2f34819358460ff28b3db768bf27efc44a30351,e5da4fd085e93660639a7e6d167859e3f7bd8a23aa49c9da9665c73c0617e326,573f717e86c12ad650943fbc245e1ec4812d10bf30d33da36bc5c4d6fcbee18f
kidney_clear_cell_carcinoma,HEST:INT21,Patient 4,HEST,Visium,4960,48,18,f573b55bc34c6b4213f9ad72d58fb240f9a11f6fb5626d879445b26d542dec47,d67101828d4a39047ee7d1532d62ad69231b81cccd527eb2426d53ff41350d57,True,False,6c5587c526e2b905d2e1ca9c1ffb62b986ae58919f25fa21560d9b013297c91a,9585b9256adc68d93605a82141028fe683a95d75e321cb78af6cb301e5e38c0e,03f7f29c0bb172f3dd46b46fa1cbc9db47126bb96241ff9743643cf0990cf169,d5370febfc883f7c1f1701db9cfff6b2fb8b68065d5cd658739d7daf029a61e9,f5901ee34f1f971deb6f4c45df038760aaa10285e0b60143ff8fe7f701211801
kidney_clear_cell_carcinoma,HEST:INT20,Patient 5,HEST,Visium,4860,48,19,49a25a9c0abbe85310c54c92a71c7d904cc6408232e6e8cff1480acccc3a62e0,d67101828d4a39047ee7d1532d62ad69231b81cccd527eb2426d53ff41350d57,True,False,cac75416678c068daa1cca2f8925d841a77103093cd67c7b3a506878c6be1146,b325e9fe732ceffea5c3431739d21311075ed790f821b8176403d2f9921ab264,52997e2219a5e8caf39f43b7e73456f3fda55b099086035a527c52366b4d4e4d,ffbe8ddb6a07317cee140d9a38fe1125172961687b0843432b82d7c860c782ac,64eab5530d216a3f40ce91712131268f3681795828d449a096226a370f30f9b8
kidney_clear_cell_carcinoma,HEST:INT19,Patient 6,HEST,Visium,4948,48,20,9b377352e98730f87515a21d349ade7b175d756fe959ab7f68566e263f0e2f01,d67101828d4a39047ee7d1532d62ad69231b81cccd527eb2426d53ff41350d57,True,False,8a3505fef6fee8ad767ce02f4d0e9576e41a6e020572b7b795cba719c893452f,f6e6f87d239bddf0e2807c4afaf4aa2555df3802529ce2d10650a6d350a8f574,5e567240f48e551b3611df8df1a9a8a6f5893f9913185d8d49b4f2a848f9d7cc,36fe6eb0201578f7839d74c2de4ed9d4f17aaa74f9e27fc966b8985965cb6342,1cc55cdb09921111ce4ef5e9fb2a3ed807f6a3a1a23759fdae589f09c61ecf00
kidney_clear_cell_carcinoma,HEST:INT18,Patient 7,HEST,Visium,4914,48,21,85276e8e6fd5053f8b1cb41f01dc265aa70831904518c8600e1670bd5c2d6323,d67101828d4a39047ee7d1532d62ad69231b81cccd527eb2426d53ff41350d57,True,False,c1232f6f46b9bf5f8e61ca974368b55bff7b45c6c82ab0198f1c5e20addc9fd8,823440df372ac35546113ad8ab11d5a78808bfc163c148262eeec0afcfad4850,6b01a6db9353d1256b4e435aa25913c95b0c46b86678b09afa70c7a35a6cff04,5f6f176c7cb0e4c7428eae12a25b38c523c558e58f808713c1d71905b53b9481,dcfa71c9ae59938a5d406b8e9afc4511d5721c42566f1ef4d705384c526bd0d6
kidney_clear_cell_carcinoma,HEST:INT17,Patient 8,HEST,Visium,3584,48,22,54206ea5a0ecd70b395792fb20655acb38e385b76a7043f86de611bea4d9eb21,d67101828d4a39047ee7d1532d62ad69231b81cccd527eb2426d53ff41350d57,True,False,3dbeba92b976a010105e2a772c77b9c4f6205299bd787ff1b073fc607a82a311,c2fc2e8eac139b99c062e858faad36f5c415c570d7ae9f095ee2d48873f1b5fb,daa19864073bbbb7df5e754d953b3c4950d95781c30798ec7578d9ab6232c6e8,e46745a3e232776ceba9e1e0cfc7bb909d9b4f19dd7c9e35ce49d2878b7e403d,0ece829b708819d05dc06d3cd66b827416b1534f23c2e9312ac40f9782380505
kidney_clear_cell_carcinoma,HEST:INT16,Patient 9,HEST,Visium,3202,48,23,a0a4fe2cde8a79a9c53860fba7b12a78960b96613c64903b44e5a05ada1b23c3,d67101828d4a39047ee7d1532d62ad69231b81cccd527eb2426d53ff41350d57,True,False,2f4eed7ea3297a5b98419139ca9c4bd0db20a5c6fcaeee8fb242141639354982,cc6bd62542e8c03b3f912633bca1a7b980bead8683e0a51231afee39be6e5422,43f68f07a3ed882aa51559a349c5d3f21c8dbce3c8ab6b2471ef37ead4758914,5e041ff62b662458d2535fb25edf75914302dca3e98f290c05fbee2a2f7cca0b,cdcd946e702715cdbd85b37b4b43b09c11e382f3364f8675026e0397ed1048b8
lung_adenocarcinoma,HEST:TENX163,sample:TENX163,HEST,Visium HD,2431,48,0,a5685b5e23d838e91592bc02c05f785d86cb09da3d3f749144f57c82a19cff02,7c5719b74bdd4d0c25f262d05aa151a5283ca0f05d25cf6abeb02a17991d799a,True,False,ca6982aa952014a3b2c68f4f13b2b872bb14b0e00d7ae02f7dba863b9721b330,1b1713199046ae0d60e1dff29ad404b77e69f987cb782cda026102a4df365221,3c417c11074971cfe1e938a7a82d7ad0891d1dbd2ea23d7a2c842eba6b48d23f,b02288d166c172e352382956d437d1d719dfe8e2d86fa0519c53e9fad0c9a388,3e78125cfe513a5bebf78e80e515d48e763b6747dfe258c082f438987a98e8cb
lung_adenocarcinoma,HEST:TENX168,sample:TENX168,HEST,Visium HD,1825,48,1,39f255ae93da263a6e66dc659a09aed1fc907a36c279faf95c44fbbd3a1a33bc,7c5719b74bdd4d0c25f262d05aa151a5283ca0f05d25cf6abeb02a17991d799a,True,False,e140386c3ddcea10c1be1c85e5c7bde0108adea0f5f54e80d80877af6224e25d,19b02b60da253413516caf2b298bc7ce0451e6137f24325b23b859af7cf7c0dc,d9fb4557f21f2baef1b6662c47de67a8026a76d8a7b88bad31e45b36f51252e3,706710ef05523e56ea7509a8a05eee6b945be48adc4498215fb3223d97cdd001,17eafb5dca5450e7c784773ea2dc9c07ce6565ac29470a2a95a5f0b9ac890853
lung_adenocarcinoma,HEST:TENX169,sample:TENX169,HEST,Visium HD,1805,48,2,ef183f29c7eb677cec8f72758e023d769b07d5709b442d6a2b2908556497bbcd,7c5719b74bdd4d0c25f262d05aa151a5283ca0f05d25cf6abeb02a17991d799a,True,False,86ca475c33e874450128314a59f191ff339446236bf64cf56d47d52a9bbc9dc2,92854403e2b11fa58853c75045c512b0133f9bcb778079cc78c66f8687d5de70,d7c8b63fe1c330a0dd3618cc42eab9ea1068dc0d7fd4fbafcf1afb81bb4e51de,411382d88fe7bfd385275dbecb520762f5387fd9dc506d173917b02f0f27ad4e,0bb05a78129416d4570d0ac88a18f2e82894e80915d5fe7281a098b32627aed7
lung_adenocarcinoma,HEST:TENX170,sample:TENX170,HEST,Visium HD,1689,48,3,e7e7ced7030554f0ceb56a57a5386f45cd7f6ac17ac93a5d91c5fd1c3acf792e,7c5719b74bdd4d0c25f262d05aa151a5283ca0f05d25cf6abeb02a17991d799a,True,False,ebaae2936744f27814e693c1735cfc4db7e0b69a25f225531e62bc85f635c4e9,069c2a02e63c928d58217a6a279ef6ec056b7d52356c2814954e4d52031143c3,075ca42f44f363d425e16f906cc5e45c4e4dba47ca7b946d49def5a32866c0f9,4ed3bd8cae1a93ce77ec2b2ca05fc7d50d53e80c38e07e8d3619783f18ddc284,2f7a40a73ad74e55ef5610848ce15be6de1059361da3fe45235fc49f4fd0446f
lung_adenocarcinoma,HEST:TENX171,sample:TENX171,HEST,Visium HD,1675,48,4,f7978df7e67e12721c8888f6005e49d34ef6231d4525bb4dfcd124ebb159336f,7c5719b74bdd4d0c25f262d05aa151a5283ca0f05d25cf6abeb02a17991d799a,True,False,590629c0faf3cafd34155aa220a76ca1858c53762de1fc83faf7e2ed868d6469,11043385632f9cdc5e79eb4e2ea7c31a06580ff45b2c508353b9a6db9aacd6e6,7360eb0c7acdcbc6da768840ae742f8de03dc397a3863f197a6bc6a82de22846,e9c015b65af8827f8509db1a1fbdc31751cd56c7a42916d03281fd18371b1979,0cd045e1f5cba4945751756398926f22ac301adf0b9e3a196abf2c40f019084b
pancreatic_adenocarcinoma,HEST:NCBI569,sample:NCBI569,HEST,Visium,3493,48,0,d7f6ad849204f9e8f1861062c92151df0d7bed2e9ebc61a2cc05c289c95ef250,f1aedd615805cca83efbc4d728a101bfc2cf0418b09655b846b9989cdd344ab6,True,False,d094483aa6e47c54f6f7a16694184ec77606cda2635663c2f52f03cdde8ab6a0,7cff1019dfb13ec196fca1023e2e8b46ec795532cbb8659b697587d6abb8da1c,be1a5ecf2018007d43ad4820d7c06868fd2fb53d868f2446b486a7d0b3f9438d,c0af1e1431637663137825445b1f3e3cfd8cd63cba71f1d88a557972d889809c,d33cd15e1bdfb481d807db0a00ebdcda7f726328beb282110405a1a19f12c897
pancreatic_adenocarcinoma,HEST:NCBI570,sample:NCBI570,HEST,Visium,3213,48,1,e1aafcc757d3139777e0cb73abffb439cd4b0b147502d4028f3d0a6184d1c784,f1aedd615805cca83efbc4d728a101bfc2cf0418b09655b846b9989cdd344ab6,True,False,9e7c3c6a5b4f62499986b09be50bca3f65c36a3f3b8615b31b42219797eaf363,ee3a43c5868af96414a71a703b4f589674f09dc8864ef021040babb2911cf443,90cc846b8a7dc2a8c6310a97781d64e3e6983ce84df34acc4c0d7aeeabff5548,d01e94d9e4935e7c74797fd8916272eea0415631d194f6bb794dda41096f07f6,5fa8aadf5ca59edd663daf2d7b94dd807e1ac92c7b64f997ae2178b2223895bf
pancreatic_adenocarcinoma,HEST:NCBI571,sample:NCBI571,HEST,Visium,2495,48,2,6020a49726debfcec9cbca3703272c766674ae1ba5a59e819285cd78f91bd67e,f1aedd615805cca83efbc4d728a101bfc2cf0418b09655b846b9989cdd344ab6,True,False,2cbb8821c1aa33c614e060f69a55e1f666ade73620e8dd2e1e1845ce35d2731b,1fc7765fc162130493836ca8e0f71c9a7675230f2ef63392d083b93fd5e6443e,e7aeec8c0d5250523826f22ef57fd0bc2f5ba4c78748f9c858d97dd2425b7c6f,32f4e63b2e51ec5b828d7e2464646037ed190f4d3887e11167b8d157724c9c27,74daa9cd431f57a45f49a1eec5face2ad59c26ea2a3f257defdf1eb69da88892
pancreatic_adenocarcinoma,HEST:NCBI572,sample:NCBI572,HEST,Visium,3789,48,3,30ec19e3cdf687f34043f208a0d597737b5128d7ed261b46ff097467687d2bf5,f1aedd615805cca83efbc4d728a101bfc2cf0418b09655b846b9989cdd344ab6,True,False,15d1d8c9b66e2108af61d51e8c6c35dd04dc4f859d4748af38dfe7f89f0c2236,e83616ef3766de458ba04ad58745d5d45445d51a9d4d65094026b7f6fdd4a43d,4c81c6ba1732ffb8c9fda65484703e0013d232517b66d1aaac970693af7f9d9c,69e38b096331e86ec1dbc7356cc7f2ec230296cbb86ecae54c7964b9b83cb9f6,bbde1db5d91867e425e4a6c9a638894ab0a57175a9cb61cb4c192321391dcd0d
prostate_adenocarcinoma,HEST:INT25,sample:INT25,HEST,Visium,3687,48,0,03f0b03f11a4eb60b191a7f9a793fb261d3fa2cac02359e3df3d624ced3c62cb,9e1e2f2d74fde75167e65c1d0f31c66ce720e51d9cd24b43574c077ec5b6e59d,True,True,ab93659481ccd98a60d8035d51f8e73e74bea163ce75caeb29d2406be366c129,0c628761004cf92f3f76b2ad8cc7771745674b8826ea30d16a42913ce6073455,c84e62f46647f628deb15b4b7fb22764a4c65b0d7574a1ca02c9353b125d2815,e5dc34faeecd95b405d74b5588ba90725f24b5b117cbc8b7e77d35b28ce0085d,c65cb1b937d70582fbf7e74fdeca861840837600c780e13be272952ab031bf66
prostate_adenocarcinoma,HEST:INT26,sample:INT26,HEST,Visium,3885,48,1,5a9141ed9d9d5e190a82ae3e27aaa0f5825e825e84b59bf2c621ca94be3eea87,9e1e2f2d74fde75167e65c1d0f31c66ce720e51d9cd24b43574c077ec5b6e59d,True,False,89039f98c904c28bcadfb0900a6021ba5e801a78baef43352b2b708545511d6f,40f95469f201473b290c987faef18db72cd7134e2d3c50b10777aa395628d1c4,964d56c0ab6db0485695141bab774d4029afe4450003bd9cc20ea39b4183638e,3ba7442e73cb9c7f6f4c50165f09b2ee2e5fee43bc6a36685ae9b31c41aa8b03,400606170ba226b532e626bf790dc2a3612cb5cb4be07a8187d2522c706c9bfb
prostate_adenocarcinoma,HEST:INT27,sample:INT27,HEST,Visium,4164,48,2,c340629ce7175db866bf14761f411035935ef65364d3f4a97e9f451b0fed4fe5,9e1e2f2d74fde75167e65c1d0f31c66ce720e51d9cd24b43574c077ec5b6e59d,True,False,3b69f065f34e4c5211fb521d8ecf9b37047704137404bdd7ca07100792162e65,15b9ce3bc54299ab2bd2dac6d0dc8ee0699d8afdaced7c5d8ef31d3946726013,f2b118a4cd7314ba188071cb3081e259d62971596e46da29c15bba66416fdfdf,8b4bc2527cb55af54297ae61db4fe82ca0ab14d3e508f198ed6af23298224214,cc0378e20734094709fe235eac5641c067340cb06c3e302090dfc10fec5641fe
prostate_adenocarcinoma,HEST:INT28,sample:INT28,HEST,Visium,3988,48,3,cc35763152f879c62375463ca4b621152a7e8ea7992625a0d8e9aac9a2c5d1a3,9e1e2f2d74fde75167e65c1d0f31c66ce720e51d9cd24b43574c077ec5b6e59d,True,True,be63bcc810867c4d8f7738bbb715a301e1693d251671d0519dd89a5506d6324b,03f275d127ef7c7a5e62893f77dd4f2c64ee649131c86536692b033dee14280a,560d560bfa31c71df31a24b2b24a24240bb6cea45329063613222d419031c4e2,b597e1768cbca91cdb73632fd639c9c5da5efd6d9ca93cffb35d1c80347cb661,c1d8c6578b5cc0c470266e283e214233c5d9f2ab0bb8653a838d7f598c23e282
prostate_adenocarcinoma,HEST:INT35,sample:INT35,HEST,Visium,3889,48,4,e0e0421fe52ed67c96f3c521fb225c1582410f5589f235e4b4521d32f0d23f03,9e1e2f2d74fde75167e65c1d0f31c66ce720e51d9cd24b43574c077ec5b6e59d,True,True,d6f02ef1dc9a71cf62f1419ff0c204d82693cb261355e909a1d3bcafc585c440,6368fc2726fc236d57dcf0bd41d44b7df25bd6e55ee8c8bf5ff2923999d54f56,095b1942d854c78bd85e19ff468cc60c1632211779164c4639ad906d17e3a609,a506297ea0a30a8ed68ccea3ee4c9049198b91fd94f6e37669dc658d1957d4c9,0cb6b892d1017c70f6f2dc2ad1d6aae82f288fba7eb4cc00f848eb901705f851
prostate_adenocarcinoma,HEST:TENX174,sample:TENX174,HEST,Visium HD,2249,48,5,f43ec90d89617abd55982fefabb8865cafbd04ba27b2351addeeb51fdfeb2472,9e1e2f2d74fde75167e65c1d0f31c66ce720e51d9cd24b43574c077ec5b6e59d,True,False,c09f26474f3207efcaf0a01c44f469bc1ec4e9759e45f940250e915cd46585e1,89860dbb504f797ffe8e4b74e8a3f495590a1f52cee5f3b211c6c70142c3c8f6,780c4fd39a5ff276ce1253caa54999bf1b1cd92f5f207e8a40a0be0f44cba5c4,62a4b0e045deb3acb4bc58cfa0f303a5aad7ae4904e767b3ebc66cde7eee1409,8fac10fe4f339ce9506f34f93a82c59a1c5fb70b406483d7f9cb589156a22186
prostate_adenocarcinoma,HEST:TENX40,sample:TENX40,HEST,Visium,4371,48,6,027de14b8a7883beac6c7576e69837852b4c558d2a18897eb0cc4d4328658b3f,9e1e2f2d74fde75167e65c1d0f31c66ce720e51d9cd24b43574c077ec5b6e59d,True,True,3b765c3259c386d0c6c95c37f4a610ed38c81305205f98cd4dd4481af28d42ba,5184d5311e9a6d74d1f51c226a5d25d5b15ed402e2dc33fcc5ef1ef104a654d7,8242b592047df9fc28e4e60327a1a02925bfbb4d69c78cc38e9cb6f4f0680adc,ec049c30ab4a4fc3d1527bb8bde4c3a2d155aad750056cb27486f242b0652e79,86adc41a22ef0f80c9ac0e263bb20e669d04770665cbb5a202e75f6cdb085108
prostate_adenocarcinoma,HEST:TENX46,sample:TENX46,HEST,Visium,3042,48,7,cfda83ea2824cff975be47458ce8f21c3e0559175ea9020737a9cf3ee6859933,9e1e2f2d74fde75167e65c1d0f31c66ce720e51d9cd24b43574c077ec5b6e59d,True,True,1be14faa869a142cd85757abd068aef5debd5ab7a99c2deecd053fa5b9bf87ae,1e807d4c5856be0d52f603d77f3bdc2b776ce6be5475402866d4c413bb3fed40,56c10d4dcd5a49378dba73802f5e634c04da84c775592c09ff018b583e4ec45a,5965f6dbf968e9900a6af3ae8309fcf1774d673f105668b40f96805e9ba0eeee,6b37d48f4a4fce67af283bda4efa4748cf4c8a873f80cafc6d0f6d1aca520e97
