gene_index,gene,oracle_pcc
0,EPCAM,0.9724365
1,KRT8,0.9973447
2,KRT18,0.9989216
3,KRT19,0.9420232
4,UPK1A,0.83537817
5,UPK2,0.99067163
6,UPK3A,0.98495215
7,GATA3,0.91574717
8,FOXA1,0.98897266
9,PPARG,0.9816684
10,KRT20,0.97965765
11,FGFR3,0.99675584
12,KRT5,0.96693987
13,KRT14,0.9779965
14,TP63,0.9834704
15,CD44,0.99574536
16,ACTA2,0.99941534
17,MYH11,0.96154404
18,PTPRC,0.9050307
19,COL1A1,0.9991315
20,UPK1B,0.99629575
21,ERBB2,0.96117973
22,KRT17,0.7594276
23,KRT6A,0.99230856
24,EGFR,0.99206114
25,SFN,0.9848974
26,CLDN4,0.9997144
27,KRT13,0.99754614
28,ITGA6,0.9804812
29,CHGA,0.9175486
30,SYP,0.98431677
31,INSM1,0.9826123
32,ASCL1,0.84019583
33,NCAM1,0.88461846
34,VIM,0.9989508
35,SOX2,0.9410372
36,SOX9,0.9959721
37,LAMC2,0.98257685
38,TGFBI,0.9555135
39,FN1,0.9990298
40,TAGLN,0.9991335
41,CNN1,0.999029
42,DES,0.99654293
43,MYL9,0.9992172
44,CXCL12,0.9948302
45,IL6,0.9657183
46,CFD,0.9934311
47,C7,0.9911801
48,PDGFRA,0.9770697
49,DCN,0.9986642
50,CD37,0.99186045
51,CORO1A,0.9993417
52,LAPTM5,0.9990757
53,CD3D,0.97433853
54,CD3E,0.9802416
55,TRAC,0.99321
56,TRBC1,0.9859269
57,LTB,0.99468285
58,IL7R,0.9973014
59,MAL,0.98974776
60,CCR7,0.99117464
61,TCF7,0.9982286
62,LEF1,0.91909987
63,CD8A,0.9753697
64,CD8B,0.9829817
65,CCL5,0.9888459
66,NKG7,0.95897573
67,PRF1,0.8382209
68,GZMK,0.98290634
69,GZMB,0.98515004
70,FOXP3,0.99196464
71,IL2RA,0.9745736
72,CTLA4,0.9760844
73,TIGIT,0.96661377
74,IKZF2,0.9865341
75,CCR8,0.9714419
76,PDCD1,0.95582074
77,LAG3,0.9729112
78,HAVCR2,0.99689245
79,TOX,0.9896442
80,CXCL13,0.93787456
81,ENTPD1,0.9759648
82,GNLY,0.99758625
83,KLRD1,0.9925885
84,FCGR3A,0.96025395
85,TYROBP,0.99808675
86,MS4A1,0.9817584
87,CD79A,0.98323506
88,CD74,0.9995927
89,HLA-DRA,0.9992886
90,CD22,0.95654804
91,CD83,0.99093467
92,JCHAIN,0.96597123
93,MZB1,0.9601701
94,SDC1,0.997593
95,IGHG1,0.9996881
96,IGKC,0.99809486
97,XBP1,0.9904812
98,LST1,0.985792
99,FCER1G,0.997962
100,CTSS,0.9987769
101,LILRB1,0.9386905
102,LYZ,0.9984723
103,S100A8,0.96528006
104,S100A9,0.9963682
105,FCN1,0.988667
106,CCR2,0.96927196
107,VCAN,0.99959606
108,MS4A7,0.89326173
109,IFITM3,0.99717855
110,TYMP,0.99057525
111,C1QA,0.99922866
112,C1QB,0.99809414
113,C1QC,0.82172173
114,APOE,0.9989173
115,CD68,0.9958976
116,MSR1,0.9585647
117,MRC1,0.9971821
118,CTSD,0.9610413
119,FOLR2,0.97864795
120,LYVE1,0.97005653
121,CD163,0.95325845
122,SPP1,0.998929
123,APOC1,0.9977763
124,TREM2,0.8883052
125,GPNMB,0.969892
126,LGALS3,0.99881697
127,CTSB,0.9991715
128,IL1B,0.9894611
129,SELL,0.9442989
130,FCGR3B,0.9827466
131,CSF3R,0.9984679
132,CXCR2,0.99060756
133,FPR1,0.99147797
134,MNDA,0.90506816
135,CLEC9A,0.9525986
136,XCR1,0.96533126
137,BATF3,0.93344086
138,CADM1,0.99170923
139,IRF8,0.98593587
140,CD1C,0.96853846
141,CLEC10A,0.99480027
142,FCER1A,0.8995969
143,CST3,0.99739915
144,TCF4,0.99654156
145,IL3RA,0.957998
146,CLEC4C,0.94862795
147,IRF7,0.9960554
148,TPSAB1,0.9844242
149,TPSB2,0.9732261
150,KIT,0.9869638
151,MS4A2,0.99548054
152,HDC,0.9893343
153,CPA3,0.9697551
154,CLC,0.98544055
155,PRG2,0.99104005
156,SIGLEC8,0.9930265
157,RNASE2,0.98284465
158,EPX,0.9682742
159,COL1A2,0.9989898
160,COL3A1,0.9987065
161,LUM,0.99929494
162,COL6A1,0.9994025
163,TPM2,0.9998019
164,CXCL14,0.9779868
165,COL11A1,0.99928087
166,FAP,0.99857926
167,THY1,0.9994986
168,PDPN,0.9952484
169,INHBA,0.9996154
170,MMP2,0.99965477
171,COL10A1,0.97135156
172,HLA-DPA1,0.99947745
173,HLA-DPB1,0.9940567
174,CIITA,0.9945944
175,PECAM1,0.9941304
176,VWF,0.9994853
177,CLDN5,0.99574596
178,KDR,0.9675228
179,EMCN,0.9872381
180,ENG,0.99937195
181,RAMP2,0.8750406
182,ESM1,0.99671584
183,ANGPT2,0.9242227
184,PLVAP,0.96479803
185,APLN,0.9944876
186,PGF,0.99801844
187,RGCC,0.99872416
188,EFNB2,0.99940497
189,SOX17,0.9781494
190,GJA5,0.9707513
191,FBLN5,0.96903867
192,HEY1,0.99618196
193,ACKR1,0.9644565
194,SELP,0.9960389
195,SELE,0.9767203
196,NR2F2,0.9600341
197,FLT4,0.97903115
198,CCL21,0.80215925
199,PROX1,0.97847724
200,CCL14,0.94638485
201,RGS5,0.96602035
202,PDGFRB,0.9994821
203,CSPG4,0.99974257
204,MCAM,0.99748135
205,NOTCH3,0.9996492
206,ADIPOQ,0.9753054
207,PLIN1,0.9879268
208,FABP4,0.9975036
209,LEP,0.99520445
210,LPL,0.9917205
211,CIDEC,0.96170825
212,S100B,0.94525534
213,SOX10,0.99343675
214,PLP1,0.970465
215,MPZ,0.9952958
216,S100A1,0.98830223
217,NGFR,0.9377963
218,MKI67,0.9952512
219,TOP2A,0.9745262
220,UBE2C,0.9940379
221,CENPF,0.99786067
222,CCNB1,0.9961653
223,CDK1,0.9953638
224,TUBB,0.99741584
225,CA9,0.98623294
226,VEGFA,0.99870586
227,BNIP3,0.9992206
228,PGK1,0.9992337
229,LDHA,0.9966536
230,SLC2A1,0.9996028
231,ENO1,0.9991613
232,ISG15,0.9989683
233,IFIT1,0.99463654
234,IFIT2,0.99077064
235,IFIT3,0.9975626
236,MX1,0.9992211
237,OAS1,0.9978145
238,STAT1,0.9985582
239,CXCL10,0.86009544
240,SNAI2,0.999175
241,ZEB1,0.9891742
242,ITGA5,0.9991382
243,SERPINE1,0.9992519
244,HBB,0.9928215
245,HBA1,0.98777723
246,HBA2,0.9947183
247,ALAS2,0.95915866
248,GYPA,0.98238665
249,AHSP,0.9153419
250,PPBP,0.93786806
251,PF4,0.95266867
252,GP9,0.98076487
253,RGS18,0.99602556
254,NRGN,0.99839044
255,FOS,0.9966779
256,JUN,0.9971492
257,JUNB,0.9968545
258,DDIT3,0.9715433
259,HSPA1A,0.99994534
260,HSPA1B,0.9843879
261,ATF3,0.99734396
262,MT-CO1,0.99366695
263,MT-CO2,0.99079055
264,MT-ND1,0.99784416
265,MT-ND2,0.9983864
266,MT-CYB,0.99870104
267,POLR2L,0.9989352
268,NUPR1,0.9986245
269,UQCRB,0.99941254
270,COX7C,0.9995509
271,BGN,0.99930984
272,APP,0.99701184
273,COL5A1,0.99930984
274,COX5B,0.997062
275,COX6B1,0.9996446
276,HSPA5,0.999816
277,YWHAQ,0.99977094
278,LENG8,0.99946356
279,LGALS3BP,0.9980321
280,GLUL,0.99944824
281,WARS,0.9996788
282,PPIB,0.99628925
283,NDUFS6,0.9994286
284,RAC1,0.99978256
285,ARF1,0.999723
286,CLIC1,0.9995678
287,PCBP1,0.9997484
288,NCL,0.99880356
289,SEM1,0.9995795
290,TMEM259,0.9993276
291,RTN4,0.99212676
292,PTGES3,0.9952933
293,HSP90AA1,0.99911684
294,APLP2,0.99432606
295,MCL1,0.9908151
296,EIF4G1,0.9996273
297,CIRBP,0.9995642
298,ROMO1,0.9987499
299,CAPZB,0.9984767
300,CNBP,0.99940366
301,GNB1,0.99719065
302,CHPF,0.9999139
303,SQSTM1,0.9994784
304,SAT1,0.99965006
305,SNRNP70,0.99967724
306,TIMP3,0.9993283
307,HDLBP,0.9991601
308,SRSF3,0.9956525
309,EDF1,0.9992834
310,RPN2,0.9984878
311,ARPC2,0.99952555
312,CD99,0.9973931
313,PEA15,0.99755913
314,HNRNPDL,0.999351
315,HSPG2,0.9996731
316,WDR1,0.99797124
317,HSPA8,0.99449235
318,TOMM7,0.9997425
319,EIF4A1,0.9987485
320,ARL6IP4,0.9971258
321,YPEL3,0.99950665
322,ARPC3,0.9999085
323,ATP5F1E,0.99805146
324,TMED2,0.99784803
325,DDX3X,0.97175425
326,CHCHD2,0.99954337
327,NDUFV1,0.99910265
328,HNRNPA3,0.9962888
329,COX6C,0.99980515
330,HP1BP3,0.999482
331,CCNL2,0.99946064
332,EIF4G2,0.9996581
333,IFITM2,0.9889439
334,PPDPF,0.99887675
335,RALY,0.9987678
336,PFDN5,0.99906665
337,LAMP1,0.99746275
338,LAMTOR4,0.9995864
339,GPX4,0.9946131
340,SERBP1,0.9989626
341,COL18A1,0.9993643
342,CTNNB1,0.9995572
343,TIMP2,0.9993992
344,EEF1B2,0.9965785
345,ATF4,0.9993868
346,RHOA,0.9989033
347,PSMB1,0.99879336
348,UQCRQ,0.99901724
349,FLOT1,0.99205464
350,DDX17,0.9995819
351,UBL5,0.99931175
352,SLC25A3,0.99786043
353,ACADVL,0.9983158
354,OS9,0.9985595
355,PEBP1,0.9936984
356,LUC7L3,0.99971765
357,SRSF5,0.9887802
358,PCBP2,0.9983428
359,ATP5MG,0.9974938
360,FUS,0.98582286
361,PSMB4,0.9800921
362,SRSF11,0.9996071
363,RNH1,0.99752766
364,FCGRT,0.9996931
365,ATN1,0.9990415
366,ZFAND5,0.987547
367,MGAT1,0.9996114
368,HDGF,0.9989154
369,GRK2,0.9987941
370,PDIA6,0.99905324
371,PPP1R12C,0.9993138
372,MTCH1,0.9982055
373,CNN3,0.9976184
374,ATP2A2,0.97548896
375,GSN,0.99984604
376,PLXNB2,0.99787307
377,GNAI2,0.99930197
378,LITAF,0.9993782
379,TMEM59,0.99952835
380,RBM39,0.99484324
381,CAPN1,0.99042994
382,ANXA11,0.99980754
383,ITM2B,0.9997427
384,HSP90AB1,0.9991874
385,SHISA5,0.9993222
386,PDLIM7,0.9987695
387,EPN1,0.9994547
388,AURKAIP1,0.99786013
389,HSPD1,0.99818707
390,COTL1,0.99928325
391,EIF4A2,0.9994116
392,TRMT112,0.99922425
393,RBM3,0.99555033
394,ERGIC3,0.9983709
395,COX4I1,0.9993842
396,NUCB1,0.99961406
397,MLF2,0.9948797
398,COL6A3,0.99948144
399,AP2M1,0.99962217
400,CYBA,0.9986551
401,STAT2,0.9993126
402,MFGE8,0.9995368
403,COPE,0.99915105
404,TCF25,0.9974737
405,ATP5MC2,0.9996059
406,GUK1,0.88854617
407,WSB1,0.99984664
408,ANXA5,0.99910897
409,PRDX6,0.9998147
410,CAPN2,0.99823993
411,LMNA,0.9834637
412,ARPC5,0.99688596
413,LRPAP1,0.9986864
414,S100A13,0.9996073
415,EIF4H,0.9987352
416,MCRIP1,0.9993901
417,CLIC4,0.9967286
418,THBS2,0.99934244
419,AP2S1,0.99085635
420,NUMA1,0.99966216
421,NONO,0.99698335
422,RNF213,0.99941903
423,EHBP1L1,0.99939305
424,ATP5F1A,0.99775666
425,PHPT1,0.999432
426,PARK7,0.9973192
427,TAPBP,0.9992962
428,TMBIM6,0.99916935
429,NDUFB7,0.99982333
430,TRIR,0.99966925
431,ZFP36,0.9997241
432,NAPA,0.99862814
433,SRRM2,0.97665167
434,CANX,0.99862844
435,CAVIN1,0.99962336
436,SDF4,0.9981453
437,ZFP36L2,0.9996936
438,MARCKS,0.9981516
439,RABAC1,0.99815655
440,TXN,0.9996554
441,MORF4L1,0.9980971
442,STOM,0.9807334
443,NPC2,0.99744433
444,C12orf57,0.99955124
445,TKT,0.9998037
446,IRAK1,0.9996081
447,SF3B1,0.9990222
448,DYNLL1,0.9998022
449,BANF1,0.9924156
450,DSTN,0.99840575
451,NDUFS5,0.99950165
452,C1S,0.9997485
453,DDX5,0.9975411
454,SOD1,0.9982648
455,RNF187,0.9979084
456,ATP5F1B,0.99822015
457,MACF1,0.9961813
458,PTTG1IP,0.9968528
459,CALU,0.99985886
460,COPS9,0.9995787
461,HNRNPC,0.99970627
462,BRI3,0.9920674
463,GAS6,0.99965626
464,JTB,0.99101067
465,PGAM1,0.9995397
466,ARHGDIA,0.9991693
467,SH3GLB2,0.9993697
468,PSMD2,0.9990781
469,PLD3,0.9993598
470,PLP2,0.9973652
471,C1R,0.9993406
472,PSMA4,0.9986189
473,YWHAG,0.99928975
474,CYB5R3,0.9997303
475,SELENOW,0.9992368
476,VCP,0.99973917
477,CD81,0.99844545
478,CALM3,0.9969687
479,RARRES2,0.9993546
480,SET,0.9980276
481,ARPC1B,0.9990241
482,FLNB,0.986152
483,ATP5IF1,0.99951744
484,ERP29,0.9983403
485,ZYX,0.9996357
486,PRRC2A,0.9995615
487,MORF4L2,0.99508125
488,ARGLU1,0.9992423
489,HNRNPU,0.9955037
490,TRIM28,0.9987335
491,TUFM,0.99458855
492,SRSF2,0.99967176
493,ECE1,0.998235
494,XRCC5,0.9914162
495,NBL1,0.99912924
496,FSTL1,0.99925524
497,SARS,0.99747473
498,CRIP2,0.99913627
499,ITGB1,0.99922156
500,WDR6,0.99955565
501,HSBP1,0.9970012
502,BST2,0.99837226
503,HIF1A,0.9982386
504,NME3,0.9990694
505,VPS28,0.9995145
506,BTG2,0.99470395
507,CD151,0.9991103
508,ACTN4,0.9996274
509,ACTN1,0.9987173
510,ILF3,0.99900144
511,LRP10,0.99888206
512,CNN2,0.9985725
513,SUN2,0.9994259
514,PSMB2,0.9994838
515,TLN1,0.9990006
516,HNRNPD,0.99959564
517,EIF1,0.99974704
518,HMGA1,0.9994004
519,HMGB1,0.999258
520,SPARC,0.9990556
521,TMED9,0.99862146
522,NDUFS8,0.99836165
523,SERP1,0.9998382
524,PSME1,0.9941349
525,SEC61A1,0.9984824
526,ACTR3,0.9985926
527,EEF1D,0.9991552
528,REEP5,0.99928457
529,COL4A2,0.9997895
530,CCDC85B,0.9988375
531,MYH9,0.99728566
532,H2AFV,0.99838
533,PSMD8,0.9977505
534,ANAPC16,0.99963444
535,CSDE1,0.9953833
536,SLC3A2,0.99939543
537,INTS11,0.99834365
538,PLEC,0.9998267
539,NUCKS1,0.9954152
540,SZRD1,0.9956954
541,APRT,0.9989534
542,RPN1,0.99799967
543,ATP5ME,0.99809575
544,ATP6V0D1,0.99960834
545,CTDSP1,0.99683714
546,RIC8A,0.9994974
547,MAP7D1,0.99727696
548,GRN,0.99777275
549,TAP1,0.99382144
550,QSOX1,0.9931035
551,SULF1,0.99904877
552,IGFBP4,0.99953955
553,MAP2K2,0.99574757
554,MAZ,0.9995987
555,FBXW5,0.9993348
556,PRRC2B,0.9998295
557,SYNGR2,0.9985655
558,TAF10,0.9997981
559,GLG1,0.99869984
560,SSR3,0.999114
561,MYL12B,0.9988399
562,GTF2I,0.99963856
563,CLPTM1L,0.9959367
564,CTSZ,0.99889964
565,RABL6,0.99907297
566,HINT1,0.99640995
567,GDI2,0.99890167
568,NUDC,0.99934316
569,DPP7,0.99844617
570,HNRNPA0,0.99752265
571,CALD1,0.9995783
572,DEK,0.99517566
573,SSR4,0.9991148
574,COX7A2,0.9990539
575,EMC10,0.9961669
576,DRAP1,0.99952745
577,SLC38A10,0.9989514
578,UBR4,0.99933505
579,RELA,0.9972248
580,NDUFB11,0.9991928
581,TMEM165,0.999749
582,BEX3,0.9989521
583,RBM17,0.99895734
584,BRK1,0.99813825
585,COL4A1,0.99901646
586,FKBP8,0.9997837
587,IL32,0.99947983
588,UBB,0.9897198
589,FLOT2,0.9994685
590,NAP1L4,0.99959356
591,PSMC3,0.99707603
592,MMP14,0.99952555
593,FIS1,0.9995807
594,ZMIZ2,0.99958974
595,LAMTOR1,0.99148196
596,H1FX,0.998164
597,LGALS1,0.9993398
598,BAG6,0.9988763
599,RAD23A,0.99875265
600,SIVA1,0.99916387
601,NCOR2,0.9989204
602,TRA2B,0.99890715
603,PTMS,0.99592656
604,RHOT2,0.99950784
605,XRCC6,0.99662066
606,MAPKAPK2,0.990424
607,PSAP,0.99837565
608,WASF2,0.9988613
609,TXNIP,0.9996049
610,SEC11A,0.9835519
611,PSMC5,0.9995728
612,USF2,0.9998989
613,PNPLA2,0.9996247
614,SH3BGRL3,0.9913225
615,PSME2,0.995022
616,SSU72,0.9980355
617,GABARAPL2,0.9995931
618,COLGALT1,0.9984763
619,GDI1,0.99949646
620,PSMA7,0.9992852
621,NAMPT,0.9680121
622,GADD45GIP1,0.9994753
623,AEBP1,0.9994121
624,HNRNPH1,0.9996714
625,GANAB,0.994798
626,TPP1,0.99881536
627,GRINA,0.9947958
628,HNRNPA2B1,0.9917819
629,SURF4,0.9977172
630,GOLPH3,0.98781943
631,VDAC1,0.9978657
632,CCT3,0.9923385
633,PPM1G,0.9996245
634,RSRP1,0.9995931
635,AP3D1,0.9996352
636,VWA1,0.9990298
637,PRDX5,0.997907
638,REXO2,0.99823785
639,EZR,0.99969846
640,CTNND1,0.9981641
641,SNRPG,0.9994285
642,SAP18,0.9856917
643,PHB2,0.99733335
644,TPM1,0.9983732
645,MLEC,0.9985817
646,NDUFB10,0.99935603
647,SFPQ,0.9968734
648,PSMB7,0.9991706
649,PPP1CA,0.99602
650,TNIP1,0.99888355
651,OTUB1,0.9945543
652,FAM50A,0.99729186
653,C4orf3,0.9991493
654,IQGAP1,0.9972623
655,HNRNPAB,0.9988906
656,COL5A2,0.99932617
657,LRP1,0.980922
658,SF3B2,0.99843615
659,CDV3,0.9982028
660,CLTA,0.9991233
661,RACK1,0.9973615
662,PDIA4,0.99852943
663,IER3,0.97366995
664,IFI16,0.9988237
665,NFE2L1,0.9979244
666,ERH,0.99593544
667,EFHD2,0.99767804
668,CTDSP2,0.992307
669,IRF3,0.99942464
670,CTBP1,0.9982577
671,BCAP31,0.99927896
672,DYNC1H1,0.99932903
673,FBXO32,0.86459285
674,PA2G4,0.9938803
675,SLC2A4RG,0.99945736
676,CAPNS1,0.99239635
677,SNX3,0.99661165
678,EVL,0.99881005
679,UBXN6,0.99974304
680,RAB7A,0.99971485
681,TPD52L2,0.9963196
682,CD63,0.9983302
683,TMEM123,0.99928427
684,HADHA,0.9996465
685,OST4,0.9990022
686,RBM5,0.9997261
687,ARPP19,0.99151516
688,POSTN,0.9994655
689,KHDRBS1,0.9985051
690,MARCH6,0.9996641
691,LTBR,0.99360627
692,MBNL1,0.99908686
693,HNRNPF,0.9994759
694,EIF3A,0.99812317
695,NPTN,0.9971482
696,SON,0.9959431
697,ANP32B,0.9954572
698,PDLIM5,0.9895961
699,CEBPD,0.9980598
700,SBNO2,0.99875927
701,DST,0.9996691
702,TXNL4A,0.9992179
703,SLC44A2,0.9955638
704,PRRC2C,0.9997604
705,VCL,0.9993941
706,LY6E,0.9976675
707,ANKRD11,0.9993171
708,VOPP1,0.99980587
709,RNASE1,0.9986682
710,UQCRC1,0.9993232
711,ESYT2,0.9882403
712,PABPC1,0.99613756
713,CCNL1,0.9984808
714,DAZAP1,0.9996934
715,CYC1,0.98993677
716,EIF2S3,0.9987386
717,RAB5IF,0.999257
718,HGS,0.9961551
719,GIPC1,0.9997406
720,IFNGR2,0.9991279
721,CUTA,0.99941206
722,H2AFY,0.97804445
723,COL6A2,0.9994227
724,NCKAP1,0.9977458
725,ATP6V1F,0.9996989
726,STK25,0.9991682
727,MAT2A,0.9983575
728,SCAND1,0.99948597
729,RER1,0.9997091
730,CHMP2A,0.9987387
731,EIF3K,0.9989142
732,KDELR1,0.99861985
733,PSMD13,0.99378777
734,SRSF7,0.9941452
735,USP22,0.99949026
736,SND1,0.99920607
737,HSF1,0.9995068
738,AKT1,0.99964386
739,HM13,0.9980256
740,CLSTN1,0.9984297
741,CCT5,0.9985239
742,RAB1A,0.99884456
743,STUB1,0.99915665
744,EMILIN1,0.9995825
745,RUNX1,0.99747485
746,H2AFJ,0.98861665
747,BAG1,0.9959921
748,EIF3H,0.99841595
749,CCT7,0.99886113
750,KLF6,0.9994443
751,SNRPC,0.9997639
752,DYNLL2,0.999446
753,EIF3L,0.99950105
754,CCNI,0.9929421
755,ADAR,0.9990881
756,HNRNPK,0.9986067
757,GNAS,0.997921
758,IGHA1,0.99909234
759,NDUFA2,0.99500376
760,YWHAH,0.9990587
761,ZFP36L1,0.997155
762,MTDH,0.9989392
763,TM9SF3,0.9924434
764,DLGAP4,0.9982929
765,SPCS3,0.99432486
766,DNM2,0.99945694
767,CTNNA1,0.9995541
768,ATP5F1D,0.99988574
769,POR,0.9990398
770,CMPK1,0.97212046
771,SNRPB,0.99476594
772,SRRT,0.99779695
773,YWHAB,0.9941749
774,APH1A,0.99702615
775,RNF11,0.99993163
776,DAPK3,0.9973535
777,C7orf50,0.9989896
778,SRGN,0.9993846
779,LTBP3,0.99954504
780,KPNB1,0.99084026
781,HLA-E,0.9890051
782,OGA,0.9995715
783,SNRNP200,0.98756105
784,EIF3B,0.9986016
785,CDKN1A,0.9982832
786,ILK,0.9988659
787,CYCS,0.99951774
788,SLC25A39,0.9980677
789,CAP1,0.9981661
790,POLD2,0.9977694
791,UBE2I,0.99925834
792,HNRNPR,0.9981065
793,STRN4,0.9995889
794,CTSA,0.88235885
795,IDS,0.99895304
796,C19orf53,0.98995715
797,CD164,0.98693997
798,NENF,0.99923486
799,ZRANB2,0.9997557
800,VAMP8,0.963836
801,CENPX,0.99927825
802,SDC4,0.9993408
803,INF2,0.9993904
804,EHD2,0.99983746
805,PSMB3,0.9994996
806,PSMD4,0.9950905
807,MAF1,0.99977344
808,TUBB6,0.98926884
809,H3F3B,0.99972385
810,MOB1A,0.9928327
811,PIGT,0.9994114
812,SF1,0.99957484
813,JPT1,0.9964879
814,LBH,0.9985923
815,LMF2,0.998971
816,POLR2G,0.997045
817,SELENOK,0.99978185
818,MT2A,0.9979362
819,TIMM13,0.999155
820,PLSCR1,0.9980128
821,TBL1XR1,0.997761
822,RAB5B,0.9986586
823,LASP1,0.9979749
824,SLC39A7,0.9980816
825,HNRNPH3,0.9859564
826,TMEM219,0.99958104
827,CHMP4B,0.99745196
828,NRDC,0.99942774
829,ASAH1,0.99921966
830,MSN,0.99569005
831,PDXK,0.9914897
832,PAXX,0.99516004
833,PRNP,0.9991886
834,PKD1,0.9994903
835,METTL26,0.9987022
836,SPON2,0.999499
837,MED15,0.99605924
838,TSPO,0.99986905
839,BCL7C,0.999424
840,SOX4,0.9992834
841,SELENOM,0.9993312
842,TRIOBP,0.99974936
843,BCL2L1,0.9998986
844,ETS2,0.9973646
845,ECH1,0.99894387
846,P4HB,0.9987959
847,SMCHD1,0.99920803
848,SSR2,0.9892402
849,COPZ1,0.99638885
850,SAR1A,0.994248
851,CALR,0.99808306
852,EID1,0.99944955
853,COL16A1,0.99928313
854,S100A10,0.9998505
855,STAT6,0.998123
856,MBOAT7,0.9994481
857,ATP5PF,0.99898726
858,FASN,0.99708366
859,RBM8A,0.9987088
860,HNRNPUL1,0.9930997
861,FOXP1,0.9989589
862,PTPRF,0.99782676
863,CORO1C,0.99642247
864,CAST,0.9993167
865,OGT,0.9996381
866,PRMT2,0.9977989
867,IL4R,0.9991274
868,EIF3G,0.99854344
869,FASTK,0.99859786
870,SIK3,0.9957712
871,SLC38A2,0.99863386
872,MYL12A,0.99174565
873,EGR1,0.98937535
874,BRD2,0.9994094
875,SELENOP,0.99579877
876,PYGB,0.9930777
877,VAT1,0.9999113
878,ATP1A1,0.9992431
879,DNAJB6,0.99959046
880,NDUFB9,0.995876
881,AARS,0.9984471
882,PTPRA,0.99960303
883,PNN,0.9986263
884,DDIT4,0.99967474
885,BRD4,0.9989452
886,TNFRSF12A,0.99862796
887,EIF3M,0.9960835
888,ADH5,0.998128
889,ANKRD10,0.9996729
890,DBNL,0.99883777
891,LMAN2,0.9989678
892,OPTN,0.99911994
893,CKB,0.780658
894,DBI,0.99932045
895,AHNAK,0.98693854
896,SCPEP1,0.9996059
897,SEC61G,0.9998172
898,CFLAR,0.9971226
899,TNFAIP2,0.98959213
900,TSR3,0.9992121
901,RCN2,0.9995139
902,REX1BD,0.9993654
903,YPEL5,0.9962656
904,GPAA1,0.998782
905,CENPB,0.99820924
906,TTC3,0.9994959
907,HCFC1R1,0.9971133
908,POLR1D,0.99200076
909,VDAC2,0.99995905
910,PRDX4,0.9987116
911,ARFGAP1,0.9993453
912,ZNF358,0.9983651
913,FBLIM1,0.9989033
914,MVP,0.9973569
915,LSM14A,0.99979275
916,ZNF207,0.9960986
917,FSCN1,0.9863886
918,CSTB,0.9999125
919,SERPINB6,0.9998298
920,TMEM258,0.99962586
921,DDR1,0.99978036
922,RING1,0.9993663
923,PNRC2,0.9987259
924,SUMO3,0.99775
925,RAB11A,0.99986666
926,CYBC1,0.99794275
927,HLA-F,0.9974959
928,CSNK1D,0.9994869
929,PIM1,0.99983144
930,NNMT,0.9995396
931,PIN1,0.9993103
932,GSTO1,0.9981218
933,TIMP1,0.9995261
934,YIPF3,0.99883515
935,AFDN,0.9996278
936,COMMD6,0.99801373
937,ABHD12,0.9951732
938,SSR1,0.99837685
939,ATP6V0E1,0.9992774
940,FBLN1,0.92242354
941,MIB2,0.9990923
942,CLPTM1,0.99906474
943,PALLD,0.99343866
944,SLC1A5,0.99752307
945,TGOLN2,0.99942595
946,TNFRSF1A,0.9985321
947,DAZAP2,0.99730986
948,ARF4,0.9965065
949,PLS3,0.9988899
950,FNDC3B,0.9996915
951,IER2,0.99757975
952,EIF3I,0.9984692
953,NDUFB2,0.9988065
954,BHLHE40,0.9978481
955,DNAJB1,0.9999013
956,DDX24,0.9994357
957,ANAPC11,0.9939477
958,SUPT5H,0.99843407
959,PLTP,0.99958485
960,NDFIP1,0.9990403
961,SAMD4B,0.99948794
962,POLR2F,0.9981267
963,BSG,0.99933267
964,MPRIP,0.99902534
965,MCM7,0.99792796
966,MFSD10,0.99925894
967,TALDO1,0.9993091
968,PPP1CC,0.9988888
969,GAK,0.99783105
970,DUSP1,0.9994533
971,ANKLE2,0.9989945
972,CPNE1,0.9996848
973,CLTC,0.9966542
974,MAPK1IP1L,0.9988435
975,PML,0.9988966
976,VEGFB,0.9995819
977,PFN1,0.99924403
978,MAP4,0.9985103
979,CYTH2,0.9988677
980,RBM6,0.99970824
981,SPTAN1,0.99854445
982,PTPA,0.9997408
983,AKAP13,0.97591466
984,DNAJA1,0.996875
985,RBX1,0.99978155
986,RAB1B,0.9993191
987,INPPL1,0.9998744
988,RGL2,0.9994696
989,RNPS1,0.99945956
990,PLXND1,0.99968785
991,QARS,0.99986273
992,NFKBIA,0.9988949
993,TBCD,0.99859935
994,NR4A1,0.995657
995,RHOB,0.9995994
996,SF3B5,0.9987948
997,IGFBP5,0.99822325
998,TMEM214,0.9987262
999,PATJ,0.9995735
1000,IFI27,0.99961424
1001,MYDGF,0.99286985
1002,ATP6AP1,0.9930449
1003,CTSH,0.9991033
1004,ITGAV,0.9998296
1005,G3BP2,0.9991445
1006,CAPG,0.99928904
1007,RAB5A,0.9987378
1008,TRAM1,0.99470973
1009,WNK1,0.99971104
1010,RAPGEF1,0.99965686
1011,ICAM1,0.99925166
1012,PTP4A3,0.99890226
1013,FAM120A,0.99910146
1014,AGAP3,0.99950105
1015,UBA1,0.9990604
1016,FAAP100,0.9996763
1017,ST5,0.99913424
1018,PNISR,0.9997375
1019,PPP4C,0.99560785
1020,CHTOP,0.9985349
1021,SMARCC1,0.9995187
1022,R3HDM4,0.9984374
1023,ERO1A,0.99990195
1024,AKR1A1,0.98350215
1025,PABPC4,0.9981446
1026,ANKRD13D,0.9994487
1027,MXRA7,0.99808437
1028,TMEM50A,0.9960494
1029,NELFE,0.999412
1030,GADD45A,0.9996063
1031,A2M,0.99776894
1032,WAC,0.99978423
1033,TXLNA,0.99760646
1034,ATP5PD,0.99902934
1035,NHP2,0.9966788
1036,PDCD5,0.99193114
1037,ATOX1,0.9942878
1038,MDH2,0.9973882
1039,CYHR1,0.9994755
1040,UBE2G2,0.9993232
1041,APOL1,0.9980188
1042,TMED10,0.999773
1043,ATP6V0B,0.9982737
1044,SMTN,0.99926025
1045,SLC39A1,0.99498504
1046,CAPZA2,0.9837227
1047,LAP3,0.99934953
1048,LSM7,0.9997084
1049,SRM,0.9999029
1050,LSM4,0.9982322
1051,ARAP1,0.99963397
1052,SPSB3,0.9982095
1053,CSNK1G2,0.99981135
1054,TGFB1,0.99561363
1055,ATL3,0.99928045
1056,SH3PXD2A,0.99908066
1057,LGMN,0.9989248
1058,CLTB,0.98781484
1059,LSR,0.99967855
1060,MXRA8,0.9993291
1061,ARRDC3,0.99937063
1062,SULF2,0.998384
1063,PRSS23,0.9992966
1064,GSTK1,0.9975581
1065,B4GALT1,0.99903375
1066,MDK,0.99129343
1067,UBTF,0.9993649
1068,C1orf122,0.9997907
1069,NDUFV2,0.99726075
1070,COPG1,0.99919266
1071,RBFOX2,0.99923015
1072,COPS6,0.9982865
1073,RERE,0.9995813
1074,FKBP9,0.99854904
1075,ASPH,0.9855983
1076,COPA,0.9730589
1077,RAB13,0.9995413
1078,ADAM15,0.9932068
1079,SNRPD1,0.99641114
1080,CDC25B,0.9986255
1081,SCARB2,0.9979475
1082,NOP53,0.9746115
1083,HMG20B,0.99927706
1084,PLEKHO1,0.99402887
1085,AKT2,0.9984999
1086,S100A4,0.9993176
1087,RBCK1,0.9995709
1088,ARPC5L,0.99982625
1089,TNK2,0.9995983
1090,AGRN,0.99829036
1091,FAM89B,0.9982564
1092,RBM42,0.998447
1093,ATP6AP2,0.998748
1094,LUC7L,0.9973566
1095,CKAP4,0.9946105
1096,PSMB5,0.97977954
1097,SRSF6,0.99916124
1098,MBNL2,0.99931854
1099,LAMB2,0.9984686
1100,PRR13,0.99803525
1101,PRPF6,0.9987178
1102,TRABD,0.99940634
1103,UBA2,0.9991023
1104,PCOLCE,0.99988365
1105,TNFRSF14,0.99950975
1106,PAM,0.9992574
1107,RAB18,0.99984974
1108,SF3B6,0.99960214
1109,SLC16A3,0.9995117
1110,PRPF8,0.998806
1111,DPP9,0.9991829
1112,SKIL,0.9782632
1113,CHCHD1,0.9919322
1114,SVIL,0.99968594
1115,TFRC,0.9792592
1116,PCED1A,0.9994219
1117,CPSF6,0.9994733
1118,LAPTM4A,0.9999466
1119,GTF3C1,0.9782524
1120,VAMP5,0.99787873
1121,MYO9B,0.99898463
1122,TXNDC5,0.99984145
1123,PIEZO1,0.9997031
1124,PPP2R5C,0.9994728
1125,CDK4,0.9962139
1126,CCDC80,0.9987628
1127,UBE2B,0.9984147
1128,SMG1,0.99967414
1129,TFG,0.99768037
1130,VPS29,0.96661514
1131,STK11,0.9991854
1132,GM2A,0.9994728
1133,ADD1,0.9993162
1134,DDAH2,0.998125
1135,ATP5PB,0.9991174
1136,TSC22D1,0.99257654
1137,SGK1,0.99945
1138,HTRA1,0.9978523
1139,KIAA0930,0.9995498
1140,SCRIB,0.9978061
1141,TAX1BP1,0.934357
1142,RTRAF,0.9990167
1143,BTF3,0.99896294
1144,RTL8C,0.99932337
1145,MFSD12,0.99954987
1146,PUF60,0.99621135
1147,INTS1,0.9993579
1148,PFKL,0.99894744
1149,LAMA5,0.97668505
1150,TGM2,0.99789447
1151,TGIF1,0.99966335
1152,PSMB8,0.9905699
1153,ISCU,0.9986555
1154,SUN1,0.98714036
1155,EIF5,0.9993587
1156,ELL2,0.9576049
1157,TRA2A,0.9821191
1158,NISCH,0.99852043
1159,C19orf48,0.99916476
1160,ILF2,0.99843436
1161,ATG4B,0.9990258
1162,EML3,0.9985287
1163,VPS4A,0.99981815
1164,FDPS,0.99764043
1165,FAM193B,0.9998253
1166,PPP1R9B,0.9996841
1167,NFKB2,0.9960019
1168,CUX1,0.9987481
1169,SAP30BP,0.9989764
1170,OCIAD1,0.99776053
1171,NUBP2,0.9987635
1172,RAP1A,0.9970844
1173,GALNT2,0.999077
1174,TCEAL4,0.9932422
1175,HRAS,0.99940103
1176,FXYD5,0.99800223
1177,PSMC4,0.99750406
1178,ADAM9,0.99836135
1179,RHBDD2,0.9994678
1180,IGFBP7,0.9991448
1181,IGFBP3,0.9966937
1182,ST13,0.9910908
1183,MTPN,0.9988637
1184,CBX6,0.9989333
1185,EMP3,0.99938345
1186,PGRMC2,0.99919575
1187,DAD1,0.99687403
1188,B4GALT2,0.9994073
1189,ANXA2,0.9995785
1190,SLTM,0.99976707
1191,GABARAP,0.993412
1192,ZNF609,0.9993145
1193,CNDP2,0.9995838
1194,AUP1,0.9938517
1195,KTN1,0.9995766
1196,VASP,0.9959094
1197,LRRC59,0.9975856
1198,KCTD12,0.9991591
1199,MKNK2,0.9996314
1200,KIF5B,0.99942493
1201,PGGHG,0.99950475
1202,CHMP1A,0.9987429
1203,VDAC3,0.99920034
1204,RHOG,0.999769
1205,SDHA,0.9956278
1206,NDUFA1,0.999691
1207,MED25,0.9995777
1208,C11orf58,0.9960745
1209,TCP1,0.99695945
1210,CHMP5,0.99814385
1211,DUS1L,0.9988565
1212,H1F0,0.999553
1213,CCDC124,0.99937564
1214,PPP1R18,0.99926347
1215,DUT,0.99563485
1216,TSTA3,0.99923444
1217,CLCN7,0.99968505
1218,KARS,0.9990909
1219,EIF2B5,0.99936897
1220,CLK1,0.9997861
1221,IDH3G,0.999046
1222,SERF2,0.99807435
1223,IDH2,0.99083847
1224,FAM20C,0.9979933
1225,MFSD1,0.9919135
1226,UBE2H,0.99808455
1227,IKBKB,0.99980706
1228,DCTN2,0.93405133
1229,BAD,0.9986255
1230,DDX56,0.9991174
1231,MIEN1,0.99923897
1232,PSMF1,0.9905736
1233,PNRC1,0.99753064
1234,PRKCSH,0.99918604
1235,PPP6R1,0.99866265
1236,CDC42SE1,0.9995125
1237,EMD,0.9968594
1238,MICAL2,0.99838907
1239,CSE1L,0.99819857
1240,DPYSL3,0.99162835
1241,USP7,0.9986736
1242,SIGIRR,0.99965256
1243,WBP2,0.99764466
1244,CSK,0.9991806
1245,DMPK,0.99956924
1246,FAM102A,0.96856815
1247,IRF1,0.9996765
1248,CAVIN3,0.99585533
1249,CD14,0.9982628
1250,PAFAH1B1,0.9992421
1251,NDUFS2,0.999443
1252,FAM3C,0.9968777
1253,MAPK8IP3,0.9994881
1254,SCAF11,0.9996681
1255,COPB2,0.99936366
1256,KLC1,0.99923944
1257,DYNC1LI2,0.99940014
1258,CELF1,0.9987635
1259,PICALM,0.9991951
1260,ANXA1,0.99969035
1261,UBA52,0.99653745
1262,TSPAN3,0.97301054
1263,ARAF,0.9998818
1264,SPCS1,0.9952659
1265,DDB1,0.99941397
1266,ANXA6,0.9992145
1267,ERGIC1,0.9967306
1268,SUPT6H,0.9990549
1269,YWHAE,0.9961252
1270,YY1,0.98974305
1271,PTK2,0.9990452
1272,SDF2L1,0.9977293
1273,MMADHC,0.99954534
1274,DVL3,0.9970942
1275,SSBP3,0.998383
1276,GOLGA3,0.99916345
1277,FURIN,0.9996986
1278,CCDC12,0.99226743
1279,TGFB1I1,0.9995074
1280,FARP1,0.99919516
1281,COMMD4,0.998378
1282,COX7B,0.99957633
1283,EMC4,0.96478635
1284,CENPT,0.9998042
1285,GNA11,0.9990123
1286,CTSK,0.99626416
1287,MYLK,0.9987728
1288,GBP2,0.99920505
1289,ACAP3,0.99929243
1290,DDT,0.9986293
1291,ABHD2,0.997364
1292,RCC2,0.99946517
1293,THRAP3,0.9990458
1294,MLLT6,0.9982674
1295,PARP14,0.9984014
1296,GPS1,0.99590826
1297,UBE2L6,0.99958247
1298,ITGB5,0.9940693
1299,YIF1A,0.9995589
1300,COX5A,0.99981093
1301,NARS,0.9992911
1302,ACTR1A,0.9992431
1303,TAF15,0.9996224
1304,TSPAN4,0.9994015
1305,POLR2A,0.99935555
1306,KHSRP,0.9996602
1307,PKIG,0.99886346
1308,LIMS2,0.9997485
1309,TYK2,0.9972717
1310,DEPP1,0.9988648
1311,RSL1D1,0.99970025
1312,TMBIM1,0.9973369
1313,TMEM147,0.9947796
1314,CHID1,0.9992272
1315,SLC39A13,0.99898094
1316,CNPY3,0.9981126
1317,CUL4A,0.9993677
1318,RCN3,0.9991903
1319,DAG1,0.99577284
1320,WDR26,0.9966955
1321,NFIC,0.99754876
1322,FUBP1,0.9992729
1323,FAM3A,0.99894214
1324,MFSD14B,0.99715525
1325,HUWE1,0.99815655
1326,BUB3,0.9997141
1327,RELL1,0.99778396
1328,URI1,0.9995835
1329,USP36,0.99656075
1330,CTTN,0.9992927
1331,GREM1,0.9991226
1332,PDS5A,0.99908155
1333,ADNP,0.9996422
1334,PACS2,0.9986019
1335,SH3GLB1,0.99926645
1336,PRELID3B,0.9957443
1337,NDUFAF3,0.99952775
1338,ATP2B4,0.9980852
1339,THBS1,0.99941796
1340,RAB10,0.99981064
1341,DDX23,0.9991925
1342,METRNL,0.9998645
1343,GCN1,0.9996268
1344,SNU13,0.9997602
1345,TSC22D3,0.99939793
1346,IVNS1ABP,0.99891156
1347,SLC4A2,0.99898076
1348,CASC3,0.9995459
1349,FNBP1,0.9997166
1350,PXN,0.9913354
1351,RNF149,0.99725217
1352,SPTBN1,0.9983389
1353,ESYT1,0.99943614
1354,TM9SF2,0.9993194
1355,SCYL1,0.99814034
1356,USP34,0.9996113
1357,MGAT4B,0.9934408
1358,TRAP1,0.9993963
1359,FOSL2,0.9957137
1360,PAPOLA,0.99850005
1361,DHX15,0.99555826
1362,NELFB,0.99892014
1363,TMEM109,0.9959108
1364,COQ4,0.999276
1365,ACLY,0.99612707
1366,LPP,0.9986835
1367,HES4,0.999096
1368,RAB11B,0.99827266
1369,HSPA9,0.9968174
1370,NDRG1,0.99899846
1371,PARP10,0.9992805
1372,PI4KA,0.99958515
1373,MT1E,0.998271
1374,NFE2L2,0.9992461
1375,ENO2,0.99914247
1376,SERPINF1,0.99887013
1377,ACOT7,0.9991664
1378,SERPING1,0.99720293
1379,WDR13,0.9994338
1380,SDCBP,0.99751073
1381,HEXB,0.99881697
1382,MLXIP,0.9994052
1383,HK1,0.9927346
1384,TBCB,0.992125
1385,CHCHD10,0.9793399
1386,ASXL1,0.9982744
1387,UBALD2,0.99947566
1388,ENAH,0.99874717
1389,CYB5R1,0.99931926
1390,CCT2,0.9902181
1391,SHKBP1,0.9979675
1392,AAMP,0.9966242
1393,DNMT1,0.99959785
1394,SH3BGRL,0.99665815
1395,BTBD2,0.99809843
1396,SSNA1,0.9994618
1397,EPAS1,0.9996586
1398,SRP9,0.9913251
1399,U2AF2,0.9998737
1400,LAMA4,0.9987769
1401,BRMS1,0.99953514
1402,MRC2,0.9996042
1403,DENR,0.9990103
1404,DHRS3,0.9991102
1405,TNKS1BP1,0.99884444
1406,IGHG3,0.99034023
1407,GLYR1,0.9983316
1408,MAP3K11,0.9995052
1409,SSBP1,0.99894756
1410,YTHDC1,0.99930173
1411,SEC31A,0.99965245
1412,TMEM184B,0.99896765
1413,NUTF2,0.9989435
1414,UBE2Z,0.9994424
1415,AMOTL1,0.99618894
1416,PGD,0.9920153
1417,PRKD2,0.9983525
1418,EIF3D,0.9962559
1419,TRIP12,0.99934524
1420,UBE2R2,0.9912656
1421,ANAPC5,0.99960756
1422,CCT8,0.9958105
1423,GSK3A,0.99879414
1424,DNAJB2,0.98864406
1425,GSTP1,0.99957067
1426,PBXIP1,0.9962535
1427,KIFC2,0.9996063
1428,RANBP2,0.99964094
1429,ANO6,0.99923325
1430,SNX17,0.9987314
1431,PSMB9,0.9977657
1432,MBTPS1,0.9997802
1433,KXD1,0.9973379
1434,SOCS3,0.99904674
1435,C6orf62,0.99382514
1436,DPYSL2,0.99773365
1437,CTSC,0.9991779
1438,COL12A1,0.9995859
1439,EI24,0.999283
1440,NOP10,0.9996602
1441,TRIP6,0.9983471
1442,POLR2H,0.9982212
1443,EHD1,0.99982196
1444,ECI1,0.9992795
1445,KIF1C,0.9917912
1446,FXYD3,0.9989211
1447,SEC22B,0.99874634
1448,NAA38,0.9954291
1449,DIDO1,0.9990322
1450,BECN1,0.99974704
1451,IFI6,0.9972771
1452,LUC7L2,0.9986089
1453,HDAC7,0.9990069
1454,LAMC1,0.9985983
1455,SLMAP,0.9992509
1456,SORBS3,0.99966913
1457,MOV10,0.9993492
1458,CDC34,0.9993963
1459,ANXA7,0.9951985
1460,RASSF1,0.999603
1461,MARK3,0.99910754
1462,TRAPPC2L,0.9984297
1463,SORBS1,0.996784
1464,CAV1,0.9990008
1465,RAB21,0.999646
1466,PIM3,0.9977363
1467,ARHGDIB,0.9982931
1468,PUM1,0.99682206
1469,SAFB,0.99840313
1470,PDLIM3,0.98251724
1471,ITGB2,0.9988539
1472,SNX6,0.99358845
1473,CTHRC1,0.99904543
1474,ABI1,0.96178883
1475,UNC93B1,0.999769
1476,NAB1,0.9998567
1477,COL7A1,0.99881834
1478,TAX1BP3,0.9571018
1479,ADI1,0.9985176
1480,WDR45B,0.9969881
1481,RNF167,0.9981273
1482,PTPN12,0.9990069
1483,AHSA1,0.99633557
1484,TERF2IP,0.9992688
1485,TES,0.994045
1486,SMPD4,0.9996555
1487,FXR1,0.99951094
1488,DCAF8,0.9999511
1489,RNF10,0.98770076
1490,FLII,0.9973771
1491,AMBRA1,0.9941113
1492,ULK1,0.9987345
1493,ATRAID,0.9904775
1494,NDUFA10,0.99961907
1495,STRAP,0.98968583
1496,BCAR1,0.9994224
1497,SELENOF,0.996231
1498,CIB1,0.9970537
1499,SELENOO,0.99939036
1500,SUMF2,0.9992959
1501,CMTM6,0.96785045
1502,SLIRP,0.9985569
1503,UFC1,0.9990685
1504,PTOV1,0.9986952
1505,TMEM208,0.9992733
1506,S100A16,0.9670647
1507,CHMP3,0.9907648
1508,VMP1,0.99843484
1509,POLR2B,0.9980876
1510,NSMF,0.99987406
1511,ADARB1,0.99701756
1512,ZNF428,0.9999187
1513,DDX6,0.999729
1514,NT5DC2,0.9996852
1515,AZIN1,0.99978524
1516,ANTXR1,0.99728936
1517,STAB1,0.9995536
1518,TIMM8B,0.9971123
1519,GNAI3,0.99687976
1520,IMPAD1,0.9954224
1521,MVD,0.9990399
1522,ATP6V0A1,0.99887973
1523,OXA1L,0.9991102
1524,TIMMDC1,0.9988325
1525,CD276,0.99987894
1526,TNS1,0.9991761
1527,ECM1,0.998584
1528,ENTPD6,0.99943155
1529,LPCAT1,0.9991446
1530,C6orf89,0.99808663
1531,ZMAT2,0.9996864
1532,CLU,0.9937803
1533,GOLGB1,0.9989886
1534,POLR2I,0.97561884
1535,PGRMC1,0.9966521
1536,C1orf43,0.99569076
1537,MSL1,0.9978528
1538,UQCC3,0.99910647
1539,PPP2CB,0.9970016
1540,TM2D1,0.99814147
1541,MANBAL,0.9994478
1542,KDM2A,0.9989379
1543,PCSK7,0.99914867
1544,GRSF1,0.9995403
1545,MOGS,0.9999538
1546,CMIP,0.9969706
1547,POMP,0.9979391
1548,EIF4E2,0.99634624
1549,AFF1,0.9992327
1550,LEMD2,0.9981046
1551,UBE2E3,0.996737
1552,FPGS,0.9997178
1553,DAP,0.9991617
1554,CREB3,0.9978382
1555,DDX39A,0.98984814
1556,DHX30,0.9994187
1557,GPAT4,0.9993119
1558,MDM2,0.99106616
1559,ATP6V1E1,0.99903697
1560,TIMM17B,0.999759
1561,ARIH2,0.99947757
1562,ALYREF,0.9981802
1563,ATP5MPL,0.9980039
1564,LAMP2,0.98888224
1565,MAN1B1,0.9988206
1566,XPO6,0.99916214
1567,EMP1,0.9994398
1568,MPG,0.9994626
1569,RNF40,0.9984145
1570,SFRP2,0.99824506
1571,TBC1D9B,0.99968344
1572,HEBP2,0.99081874
1573,OTUD5,0.9980314
1574,TMEM230,0.9966747
1575,DDRGK1,0.9989257
1576,GTF3C5,0.9991026
1577,TUBA4A,0.9957433
1578,AP2A2,0.99834245
1579,PQBP1,0.9996852
1580,NOP58,0.99904776
1581,SMG5,0.9992339
1582,ITPR3,0.99623746
1583,ARL4C,0.99923426
1584,PTBP3,0.9980891
1585,FBXL5,0.9996008
1586,UQCRC2,0.982238
1587,CUEDC2,0.997298
1588,CD47,0.99916583
1589,MBD2,0.95719403
1590,DNAJC5,0.99895495
1591,SGTA,0.9980734
1592,CLIP1,0.99708813
1593,LSM5,0.998272
1594,ARL6IP5,0.99828595
1595,CYB5B,0.9997924
1596,GATAD2A,0.9995801
1597,CDC123,0.9991943
1598,NECTIN2,0.9986084
1599,CDC16,0.9988256
1600,UBXN1,0.9984293
1601,SRSF4,0.99856925
1602,RAB2A,0.9952569
1603,RCN1,0.9995132
1604,GIT1,0.99900395
1605,ARMC9,0.99189454
1606,HTT,0.99887866
1607,KPNA4,0.9048598
1608,XPO1,0.9968543
1609,DVL1,0.9995935
1610,GID8,0.9993809
1611,PFKFB3,0.99794984
1612,KMT2B,0.9997223
1613,CBFB,0.9972988
1614,SLC38A1,0.99152154
1615,STAT3,0.99797577
1616,SLC35C2,0.99943304
1617,HDAC1,0.99782294
1618,PRKACA,0.99890226
1619,NDUFA3,0.98599005
1620,PGLS,0.9967418
1621,TOP2B,0.99954134
1622,NCOA7,0.9987137
1623,PPP1R15A,0.9899082
1624,PLAUR,0.99930876
1625,TIAL1,0.9990105
1626,SCP2,0.9940982
1627,PITPNA,0.9983459
1628,RNF145,0.9830027
1629,CREBZF,0.9998245
1630,EDEM1,0.99882776
1631,KPNA2,0.99008065
1632,MYO1C,0.9996955
1633,NME4,0.9997783
1634,WIPI2,0.9976496
1635,POLDIP2,0.99840593
1636,STT3B,0.9982886
1637,WSB2,0.9977057
1638,NSA2,0.99860805
1639,NET1,0.9991123
1640,TNFSF10,0.9993983
1641,PTEN,0.9988199
1642,SIPA1,0.9992273
1643,HLA-C,0.99338776
1644,UBQLN1,0.9993596
1645,SMARCD2,0.99956626
1646,IP6K2,0.9980853
1647,SUCLG1,0.9985865
1648,PTK7,0.99879855
1649,HIPK3,0.9965245
1650,YY1AP1,0.9988304
1651,SNX1,0.99939466
1652,CNOT1,0.9961117
1653,MCM3,0.99895304
1654,YME1L1,0.9984317
1655,TAOK1,0.9995559
1656,SUPT16H,0.9947979
1657,PHC2,0.9994116
1658,GPR107,0.9983552
1659,ADIRF,0.4953337
1660,GRB2,0.99903435
1661,PMEPA1,0.97172546
1662,ZMPSTE24,0.9994232
1663,TRIO,0.9990864
1664,STXBP2,0.9999616
1665,PCNA,0.99882865
1666,INO80E,0.9991239
1667,GRIPAP1,0.99881893
1668,MAMDC2,0.9900129
1669,MARCKSL1,0.9992171
1670,MAN2C1,0.9991431
1671,ICMT,0.9954207
1672,DDX41,0.99915916
1673,MIDN,0.99351376
1674,MLLT1,0.999217
1675,GBP1,0.9963849
1676,TRIM8,0.99966687
1677,RAB14,0.9967517
1678,SLC44A1,0.99639606
1679,CANT1,0.9977288
1680,RBM38,0.99926585
1681,IPO5,0.99934435
1682,NDUFS7,0.99781924
1683,FEM1B,0.9858119
1684,NPLOC4,0.9934237
1685,TRAF7,0.99740076
1686,BLCAP,0.9995027
1687,PSMB6,0.99864596
1688,MAPRE1,0.9951493
1689,KANK2,0.99898815
1690,TMX1,0.9992576
1691,DR1,0.98622674
1692,UBE2D2,0.99671346
1693,OAZ2,0.9949611
1694,LRRFIP1,0.99111104
1695,UROD,0.99962693
1696,ATP2C1,0.9997154
1697,AQP1,0.95200187
1698,ARFRP1,0.99979323
1699,BCLAF1,0.99752706
1700,PACSIN2,0.99971294
1701,SYMPK,0.99961877
1702,ZBTB7A,0.9983601
1703,RNF19B,0.9997675
1704,PACS1,0.99927455
1705,IFNAR1,0.99931574
1706,TMUB2,0.9996247
1707,ACO2,0.99580604
1708,ACACA,0.99975556
1709,CD55,0.99760073
1710,NT5C,0.9974111
1711,FARSA,0.99894863
1712,AMDHD2,0.9988987
1713,INO80D,0.99812895
1714,ADIPOR1,0.99789715
1715,FAAP20,0.9997568
1716,SCAF1,0.9997013
1717,CGGBP1,0.99986726
1718,BCL3,0.99865484
1719,NRP2,0.99852186
1720,TAGLN2,0.9888038
1721,ECHS1,0.9981815
1722,PJA2,0.99892855
1723,CCS,0.99944216
1724,TMPO,0.9949603
1725,FKBP3,0.99939746
1726,VGLL4,0.99452806
1727,ATXN10,0.9994779
1728,GAA,0.9927303
1729,SAMHD1,0.99937177
1730,ELOF1,0.99947387
1731,TNC,0.99561673
1732,OGDH,0.99831706
1733,CD46,0.9995503
1734,NDUFB6,0.9976492
1735,MROH1,0.9994297
1736,PSMD7,0.9973707
1737,ARFGAP2,0.99951977
1738,GLS,0.99956125
1739,ITFG1,0.9992245
1740,ACSL3,0.99846333
1741,MDM4,0.9998954
1742,ATP5MC3,0.99900514
1743,METAP2,0.9973461
1744,PTPN23,0.9956321
1745,SAE1,0.9919843
1746,SRSF10,0.99867344
1747,CDK10,0.9998682
1748,SEC13,0.9971531
1749,KCMF1,0.9989786
1750,SEC11C,0.992992
1751,PURB,0.9992483
1752,PPFIBP1,0.96899056
1753,SREBF2,0.9985471
1754,CORO1B,0.9990298
1755,NR2F6,0.988533
1756,DDX42,0.99953765
1757,RBPJ,0.99967545
1758,MMP11,0.99960726
1759,YIF1B,0.99798584
1760,KRT10,0.99975413
1761,STT3A,0.99924684
1762,CAPRIN1,0.99324244
1763,INAFM1,0.99857587
1764,STAU1,0.9982798
1765,SYPL1,0.99735117
1766,MEAF6,0.9987549
1767,NINJ1,0.9973009
1768,ODC1,0.99833417
1769,PSMG2,0.9986691
1770,NMRAL1,0.9993288
1771,MED16,0.99851584
1772,GHITM,0.9987671
1773,AGO2,0.9997144
1774,RABGAP1L,0.9994982
1775,IKBKG,0.9990573
1776,PTGES2,0.999677
1777,HSPH1,0.99754924
1778,SHMT2,0.99293834
1779,IFI44,0.99910885
1780,CD2BP2,0.99901897
1781,CAMK2N1,0.998153
1782,TSPYL1,0.9997905
1783,UBE2Q1,0.99799997
1784,PLEKHA7,0.99797726
1785,OSER1,0.99887896
1786,PHLDB1,0.9996419
1787,MAGED1,0.9922684
1788,ACTR1B,0.9992003
1789,ETFB,0.92457896
1790,TUBGCP6,0.99967974
1791,CD9,0.9927428
1792,SRP68,0.98330903
1793,ATP6V1B2,0.9974894
1794,TINAGL1,0.98352575
1795,RBBP6,0.9996154
1796,CDIPT,0.9997666
1797,TMEM248,0.99827963
1798,WDR82,0.99834675
1799,PXDN,0.99824184
1800,PLEKHM2,0.99660236
1801,MED24,0.99769783
1802,MDH1,0.9990456
1803,GGA1,0.9995251
1804,ODF3B,0.99922115
1805,NKTR,0.9992531
1806,C11orf96,0.99937487
1807,FOXN3,0.9991893
1808,CARHSP1,0.9997514
1809,UPF1,0.99932766
1810,METTL9,0.9973871
1811,BNIP2,0.9762817
1812,SCD,0.977711
1813,TMEM9,0.99917823
1814,PPP6R2,0.99783164
1815,KIF1B,0.9983894
1816,ACTG2,0.9984918
1817,TRPC4AP,0.99921495
1818,ECHDC2,0.99964046
1819,RAB31,0.99909765
1820,PCID2,0.9998474
1821,TM4SF1,0.99300736
1822,ANP32E,0.9982722
1823,QKI,0.9992147
1824,RBM15B,0.9985101
1825,TMEM173,0.9946001
1826,BMP1,0.99931264
1827,LRRC47,0.99977976
1828,GBF1,0.9983507
1829,NFYC,0.9967187
1830,TMOD3,0.9985356
1831,CPSF7,0.9997099
1832,TBRG4,0.9996031
1833,GSPT1,0.9986561
1834,TXN2,0.99903345
1835,UGDH,0.99742883
1836,MINK1,0.99627274
1837,CBX3,0.9987812
1838,FLNA,0.9991968
1839,IL6ST,0.9966123
1840,RALBP1,0.979086
1841,DYNC1I2,0.999453
1842,SSRP1,0.9883297
1843,ST14,0.99745244
1844,ARID1A,0.9989055
1845,TRAK1,0.9988082
1846,MANF,0.9959491
1847,SMAP2,0.9990499
1848,RNF126,0.9937833
1849,ID2,0.99793035
1850,CRTAP,0.9986519
1851,TSPAN14,0.96195287
1852,TRIM26,0.9998705
1853,ACIN1,0.99955946
1854,DNAJC8,0.9874788
1855,PSMD11,0.98269796
1856,NADSYN1,0.9996309
1857,PDCD6IP,0.99393123
1858,NLRC5,0.9986298
1859,N4BP2L2,0.99956995
1860,SLC29A1,0.9992697
1861,PDCD4,0.999423
1862,PTPN1,0.99894243
1863,B4GALT5,0.98717755
1864,SPARCL1,0.99156016
1865,CBX5,0.99938726
1866,NAGK,0.9991951
1867,MAP1B,0.98830175
1868,MEA1,0.9958575
1869,MED13L,0.9978118
1870,RRAS,0.99957615
1871,STX10,0.99931747
1872,HAGH,0.9986182
1873,MAX,0.99891824
1874,SEC63,0.99685425
1875,COA3,0.9913869
1876,ARHGEF1,0.9983854
1877,PIP5K1C,0.9985722
1878,FTH1,0.9996131
1879,UBAP2L,0.9993579
1880,ARIH1,0.99975395
1881,DDX54,0.9990375
1882,ORMDL3,0.9983458
1883,SKI,0.99824125
1884,GRHPR,0.9795216
1885,PRPF4B,0.9963913
1886,RFNG,0.99960136
1887,CERCAM,0.9981206
1888,RALA,0.9928965
1889,CTSL,0.99916345
1890,UBQLN4,0.9984223
1891,ADAM19,0.9988837
1892,SLC25A28,0.99950355
1893,MFN2,0.9984332
1894,PITPNB,0.9760079
1895,TESK1,0.99876887
1896,YIPF4,0.9983544
1897,YARS,0.9945798
1898,PUM2,0.99961644
1899,COMT,0.9772288
1900,SREBF1,0.94042945
1901,CCND3,0.9991953
1902,S100A6,0.998272
1903,ATP13A3,0.9981246
1904,CCM2,0.99902177
1905,ELAVL1,0.9958764
1906,FAM32A,0.99882466
1907,COA4,0.9994478
1908,PITPNM1,0.99940515
1909,NBR1,0.99454665
1910,GRAMD1A,0.99928904
1911,ATXN2L,0.9962044
1912,MEF2A,0.9989167
1913,AHCYL1,0.99022126
1914,NCLN,0.9986181
1915,SEL1L,0.99890924
1916,MAVS,0.9994564
1917,FDFT1,0.99678946
1918,PSMD3,0.992848
1919,RSRC2,0.9883879
1920,SEC16A,0.9993246
1921,FSTL3,0.99900484
1922,NARF,0.99940675
1923,TPRA1,0.99653405
1924,ZMIZ1,0.9983132
1925,MAF,0.9925811
1926,CARS2,0.9991502
1927,CASK,0.99978
1928,POLD4,0.9950993
1929,HCFC1,0.99879026
1930,ARHGEF2,0.99526715
1931,GLRX5,0.9955656
1932,MGST1,0.9930405
1933,HERPUD1,0.99753124
1934,ANKRD13A,0.99893045
1935,LARP4B,0.99883705
1936,BUD23,0.9998486
1937,HARS,0.99937445
1938,EIF4B,0.9960611
1939,DCAF7,0.9998415
1940,MAP2K3,0.9991307
1941,PLXDC2,0.99926895
1942,CDC42EP1,0.99853414
1943,NXN,0.9739465
1944,TACC1,0.99943495
1945,HDAC5,0.9914179
1946,PNKD,0.9989447
1947,DDOST,0.9942246
1948,SLC20A1,0.99969316
1949,BICD2,0.99531317
1950,GJA1,0.9065408
1951,TPR,0.99876165
1952,THOC2,0.99934906
1953,NR1H2,0.98980564
1954,SRP19,0.99676985
1955,UBP1,0.9983134
1956,SIL1,0.99848336
1957,MBD3,0.99967366
1958,SRF,0.99664384
1959,XAF1,0.9997632
1960,PRKDC,0.9987442
1961,PSMD1,0.9988854
1962,NUDT4,0.9900217
1963,SMDT1,0.9643984
1964,WDR34,0.99881816
1965,FBRS,0.99835587
1966,UHRF2,0.99908
1967,EFTUD2,0.99922675
1968,TAF6,0.9991708
1969,VARS,0.99844426
1970,NDUFS3,0.9985502
1971,TPGS2,0.9996355
1972,SNF8,0.99738693
1973,DEF8,0.9997738
1974,NOTCH2,0.9913698
1975,NAA60,0.9986957
1976,DYNLT1,0.99746984
1977,MYOF,0.9199121
1978,MCRS1,0.99943733
1979,PARD3,0.9944069
1980,TARS,0.9895199
1981,WIPF1,0.9988863
1982,PRPF31,0.9981887
1983,BCAM,0.9994356
1984,SEC62,0.9983189
1985,TCEAL9,0.99781966
1986,UBAC2,0.99865675
1987,CDK16,0.99457026
1988,SRA1,0.99943894
1989,NT5C2,0.9948867
1990,TELO2,0.9997549
1991,BCL6,0.9990523
1992,VPS25,0.9990489
1993,PPP1R10,0.9985241
1994,PPFIA1,0.99922657
1995,RNPEP,0.9998105
1996,UBR5,0.99901444
1997,S100A11,0.9993882
1998,ELF3,0.9992536
1999,TMEM245,0.9878822
2000,SCAMP2,0.9804545
2001,PFDN2,0.99369353
2002,ABR,0.99901724
2003,UGP2,0.94931024
2004,HYI,0.9988091
2005,USP11,0.9972059
2006,TFDP1,0.9910981
2007,VPS13C,0.9988887
2008,REEP3,0.9956074
2009,MTCH2,0.9873514
2010,GTPBP1,0.99814147
2011,DIAPH1,0.9989843
2012,PPP6R3,0.9994158
2013,KCTD10,0.99934
2014,EIF4EBP2,0.9987991
2015,GBA,0.99982995
2016,IER5,0.99941844
2017,ZNF598,0.9948911
2018,MCFD2,0.97812873
2019,HSD17B10,0.9986109
2020,ATIC,0.9995535
2021,C3,0.948881
2022,STOML2,0.99112934
2023,DCTN3,0.9986741
2024,SOD3,0.99794203
2025,JAK3,0.9994288
2026,IMPDH2,0.9995818
2027,HADHB,0.99976116
2028,RBBP7,0.9953211
2029,IGFBP6,0.9987178
2030,CNOT3,0.9987413
2031,DOT1L,0.99951965
2032,LONP1,0.99723595
2033,TNPO1,0.9996466
2034,SPIN1,0.99971503
2035,PLEKHG2,0.99971104
2036,PTGS1,0.6193226
2037,MIIP,0.9982311
2038,ISLR,0.99882984
2039,CAND1,0.9998336
2040,PITRM1,0.9936541
2041,SMC1A,0.999571
2042,TBC1D10B,0.9997328
2043,FBN1,0.99782354
2044,MXD4,0.9990828
2045,RAD21,0.9970134
2046,TCIM,0.99514174
2047,CDC42BPB,0.9993369
2048,ADRM1,0.99567366
2049,PHLDB2,0.994143
2050,UPP1,0.99824476
2051,SLBP,0.99906397
2052,CABIN1,0.999579
2053,HOPX,0.99862677
2054,CRELD2,0.98182297
2055,GNL1,0.99971324
2056,RTCB,0.9988238
2057,CRIM1,0.99485064
2058,YKT6,0.9980996
2059,ITPKC,0.99553204
2060,YIPF2,0.9988248
2061,NECAP2,0.99292713
2062,ASAP2,0.99248594
2063,ETS1,0.9985296
2064,CREG1,0.99688005
2065,STK40,0.9996411
2066,CYTH1,0.9993952
2067,PRKRIP1,0.99972326
2068,GPX3,0.99746007
2069,DAPK1,0.99820906
2070,SPHK1,0.9986072
2071,SPPL2B,0.9998047
2072,OSBPL9,0.9996848
2073,NCBP2,0.98497486
2074,RASSF4,0.9996431
2075,LTBP4,0.98909265
2076,SYVN1,0.9975924
2077,PPP1R12B,0.9855384
2078,ILKAP,0.99948543
2079,MID1IP1,0.99844366
2080,TWF1,0.996293
2081,MARK2,0.99887085
2082,PNPLA6,0.9989765
2083,GNG5,0.99926907
2084,DCXR,0.9993213
2085,SORT1,0.98861504
2086,SYNE2,0.99811554
2087,ALCAM,0.9998183
2088,GPCPD1,0.9992443
2089,WFS1,0.9983527
2090,EHMT1,0.9978978
2091,RUVBL2,0.9984903
2092,FIBP,0.99968535
2093,INSR,0.9978371
2094,GTF3C6,0.99714214
2095,AXL,0.99624777
2096,MCM5,0.997381
2097,ZNF532,0.99753356
2098,CCNY,0.991808
2099,PCMT1,0.99876595
2100,SRSF9,0.9994257
2101,MAP1LC3A,0.9992666
2102,RNPEPL1,0.9998444
2103,ARHGAP21,0.9987107
2104,DEDD2,0.99901694
2105,CRISPLD2,0.9977649
2106,SRPRA,0.99877673
2107,PLPP1,0.9986827
2108,PMVK,0.999222
2109,WFDC2,0.98954517
2110,PDIA3,0.99966484
2111,NDUFAF8,0.99275416
2112,RANGAP1,0.999578
2113,PPIE,0.998683
2114,APEX1,0.99916744
2115,EEF2,0.9974025
2116,ADAM10,0.997035
2117,ALKBH5,0.9988405
2118,RNF114,0.9986701
2119,GNL3,0.99916965
2120,ADGRE5,0.98091006
2121,TMEM160,0.99849707
2122,D2HGDH,0.99978846
2123,LZTS2,0.99954957
2124,SMS,0.9994585
2125,MAP4K4,0.9986344
2126,ACAA1,0.9985497
2127,GADD45B,0.99881005
2128,SF3A1,0.99833566
2129,BAX,0.95280045
2130,PLOD1,0.99649936
2131,AP2A1,0.99775857
2132,TXNL1,0.9885139
2133,CCDC50,0.9988919
2134,SMARCA5,0.99960065
2135,C16orf72,0.99769384
2136,CCDC130,0.9984522
2137,C16orf58,0.9986988
2138,CNP,0.9467302
2139,CLK2,0.9988906
2140,RCC1,0.99783
2141,ATXN7L3,0.99877715
2142,POLR2K,0.99612695
2143,GDE1,0.97499746
2144,ERCC1,0.99755293
2145,ALDH1B1,0.99889827
2146,EGFL7,0.99961615
2147,KCNMA1,0.99893016
2148,TOLLIP,0.9997893
2149,CISD3,0.9987789
2150,DEGS1,0.99502677
2151,NOSIP,0.993001
2152,COL15A1,0.9958794
2153,TM9SF4,0.99673253
2154,ATP1B1,0.99979967
2155,NCSTN,0.99923515
2156,TNRC18,0.99961203
2157,RGS3,0.9970723
2158,ARHGEF7,0.99889946
2159,TMSB4X,0.99954104
2160,BPTF,0.99887055
2161,HYOU1,0.9981018
2162,RANBP3,0.9996481
2163,KDM1A,0.99698526
2164,NID1,0.99982506
2165,DBN1,0.9990814
2166,ALG3,0.9997031
2167,LRCH4,0.99892163
2168,TAZ,0.99883795
2169,TRIM27,0.9997725
2170,RXRA,0.9541939
2171,COX17,0.9993493
2172,COX7A2L,0.9970493
2173,CCDC57,0.99934083
2174,FAM160B2,0.99922585
2175,SURF1,0.99907017
2176,ZSCAN18,0.9987237
2177,NSD2,0.9977515
2178,SHARPIN,0.9978693
2179,PRPF19,0.9993859
2180,PPP1R15B,0.99951726
2181,ASH1L,0.9994188
2182,BCR,0.99970204
2183,E2F4,0.99847406
2184,CDC42SE2,0.9983615
2185,FKBP10,0.99818295
2186,M6PR,0.9979606
2187,SYNM,0.9977171
2188,WDR33,0.99960154
2189,ABL1,0.9980077
2190,ITGA3,0.9223004
2191,MICAL1,0.99839264
2192,PPP1R11,0.99896556
2193,NEK7,0.9988888
2194,PIH1D1,0.998626
2195,AIP,0.9988361
2196,CYB5A,0.9984036
2197,GNPTG,0.99978906
2198,ARID1B,0.9978104
2199,UBE2A,0.95580584
2200,AKT3,0.9976085
2201,MOB2,0.9871828
2202,ZFAND3,0.9987886
2203,CPSF1,0.99502563
2204,PHF1,0.9985295
2205,ABTB1,0.99911594
2206,VAC14,0.99880475
2207,VPS37B,0.9923572
2208,JAK1,0.9977751
2209,PDHB,0.99916226
2210,HSPA4,0.9765102
2211,CIZ1,0.9894567
2212,NFIA,0.99824643
2213,OGFR,0.9970746
2214,EXOC4,0.99970627
2215,VSIR,0.9884352
2216,TMEM127,0.9892165
2217,GNAQ,0.9993674
2218,CRYAB,0.9007533
2219,EXOSC6,0.9997451
2220,BOP1,0.9991288
2221,GNG12,0.99855167
2222,PTPRS,0.9994836
2223,NDUFA8,0.99346066
2224,PDLIM4,0.944161
2225,UBE3C,0.9974188
2226,FHL2,0.9939709
2227,GPBP1L1,0.9888963
2228,ATG13,0.99964
2229,SLC20A2,0.9955194
2230,PI4KB,0.99825305
2231,DTX3L,0.9834263
2232,UBXN4,0.998972
2233,WEE1,0.9931441
2234,CKAP5,0.99849755
2235,ELOVL1,0.998699
2236,SETX,0.9993384
2237,BTG3,0.9944535
2238,FZR1,0.99916506
2239,PRPSAP1,0.99731785
2240,SLC35A4,0.99969316
2241,PSIP1,0.9966317
2242,GOLM1,0.99858767
2243,AGPAT2,0.99511164
2244,CLASRP,0.9981858
2245,RBM25,0.9994583
2246,GGA2,0.99830157
2247,TOMM40,0.9994239
2248,ZFAND2B,0.9997631
2249,PSMA5,0.99789554
2250,NDUFA12,0.9995761
2251,TXNDC17,0.9991564
2252,CDH11,0.9993768
2253,PHLDA1,0.9979064
2254,DHX9,0.99173933
2255,RBPMS,0.99763185
2256,PMPCB,0.9991451
2257,TMED4,0.9787562
2258,ACAP2,0.9993429
2259,ZCCHC14,0.86381894
2260,LMAN1,0.98372597
2261,PBX1,0.98899484
2262,TGFBR1,0.99940586
2263,CSTF3,0.99951786
2264,IGF1R,0.9994958
2265,RARS,0.997443
2266,SLCO2B1,0.9974578
2267,EIF4EBP1,0.9997873
2268,SEC24C,0.9981287
2269,FNBP4,0.99895
2270,BMPR2,0.9991223
2271,PCM1,0.99961704
2272,NUMB,0.9985178
2273,HGSNAT,0.99912244
2274,TP53I11,0.99694914
2275,DMAP1,0.9996991
2276,NXF1,0.9960556
2277,ZNF706,0.9995508
2278,LMCD1,0.9988355
2279,ZFAND6,0.9947911
2280,CAMTA1,0.99450636
2281,ANAPC7,0.9997482
2282,C1orf198,0.9984339
2283,FBH1,0.99890167
2284,TRIM56,0.9993548
2285,TMEM30A,0.99834937
2286,SLC16A1,0.99798584
2287,SQOR,0.9540777
2288,TXNDC12,0.99386996
2289,VPS26B,0.999134
2290,NDUFA6,0.9961548
2291,TUBA1B,0.99690527
2292,TGFBR2,0.99591327
2293,SIGMAR1,0.9994054
2294,GSDMD,0.9988454
2295,SMAD4,0.99857545
2296,SPATS2L,0.999316
2297,CLUH,0.99957365
2298,SYAP1,0.99233955
2299,STX5,0.9978345
2300,SMIM12,0.9953031
2301,ZNF217,0.9836624
2302,API5,0.9969501
2303,ATP2A3,0.996129
2304,TOM1,0.99534863
2305,SSBP4,0.99838066
2306,HLA-DMB,0.999321
2307,COPS8,0.9995728
2308,SIRT7,0.9978833
2309,NUP85,0.99645966
2310,PSMA3,0.992029
2311,RB1,0.9988534
2312,SMARCA2,0.9993453
2313,PRELID1,0.9959464
2314,RABGGTB,0.9986196
2315,TADA3,0.99894
2316,NAPRT,0.9237179
2317,SUMO1,0.9978292
2318,NAGLU,0.9984595
2319,ABCF1,0.9979987
2320,IMP4,0.9996207
2321,IST1,0.996537
2322,MAP3K20,0.9955613
2323,TMEM134,0.99745846
2324,TUBGCP2,0.99974364
2325,TTC17,0.99977595
2326,NDUFAB1,0.9989689
2327,USP9X,0.99938184
2328,DPM3,0.99903077
2329,C5orf15,0.9974629
2330,FAM83D,0.99918365
2331,POLDIP3,0.99919254
2332,LSM1,0.9668937
2333,NUFIP2,0.99845165
2334,ZDHHC3,0.9969799
2335,NDUFC1,0.9981234
2336,PPP4R1,0.998432
2337,TRIM47,0.9981521
2338,AFF4,0.99756426
2339,TCIRG1,0.99883467
2340,PLXNB1,0.9988055
2341,MEPCE,0.99962956
2342,PES1,0.99963075
2343,TBC1D1,0.99875283
2344,UGCG,0.99989265
2345,BSDC1,0.99605924
2346,ERRFI1,0.9898436
2347,PAWR,0.99909353
2348,FOXP4,0.997619
2349,DENND4B,0.9992154
2350,KLHDC3,0.9986364
2351,BNIP3L,0.99887943
2352,SRC,0.99968845
2353,CD82,0.9702795
2354,LMNB2,0.99869984
2355,TRMT2A,0.9994428
2356,ARRDC1,0.9978824
2357,THBD,0.9992443
2358,CNIH1,0.99949354
2359,GTPBP2,0.9993455
2360,GABARAPL1,0.99893945
2361,PARP6,0.9999046
2362,MT1X,0.99910426
2363,IFRD2,0.9995136
2364,C8orf33,0.9986326
2365,GIGYF1,0.9993362
2366,TACC2,0.9994461
2367,CHD2,0.99915814
2368,ZFC3H1,0.998647
2369,EFCAB14,0.99863666
2370,DDX46,0.99956584
2371,AKAP17A,0.99902433
2372,CCDC88B,0.99962384
2373,TOMM22,0.9991722
2374,MGRN1,0.99943215
2375,EML4,0.99546665
2376,VAMP3,0.9992127
2377,RAP1B,0.99833256
2378,CCL2,0.9993008
2379,NUB1,0.9987216
2380,IFRD1,0.9997546
2381,ZDHHC7,0.9993079
2382,SIRT2,0.99920934
2383,LSM2,0.9950979
2384,DUSP22,0.98017055
2385,TSEN34,0.99850774
2386,EIF4A3,0.99768686
2387,NECTIN1,0.9992986
2388,ATP13A1,0.9991681
2389,SDHB,0.9996636
2390,MAL2,0.99922353
2391,EXOC3,0.9997502
2392,H2AFX,0.99877447
2393,C14orf119,0.97784805
2394,GTF3A,0.99680215
2395,TRADD,0.99664116
2396,BCKDK,0.999293
2397,CCND1,0.99681044
2398,SPAG9,0.99959016
2399,SPG21,0.9931617
2400,ANP32A,0.992449
2401,TLE2,0.9986442
2402,CCDC6,0.99778676
2403,LZTR1,0.9996583
2404,ZBTB38,0.99945956
2405,IL10RB,0.99882525
2406,JMJD8,0.9997306
2407,CAMLG,0.99832225
2408,LSP1,0.9985726
2409,CARM1,0.9994638
2410,RGS2,0.9992058
2411,GTF2F1,0.99775314
2412,NDUFV3,0.9986129
2413,TRIB1,0.9837601
2414,PLOD3,0.99594945
2415,MRTO4,0.99954987
2416,TRIM22,0.9996376
2417,FAM114A1,0.9987836
2418,IL13RA1,0.9992623
2419,DUSP23,0.96722096
2420,TMEM8A,0.999556
2421,TRAF4,0.99920034
2422,AKIRIN1,0.99955267
2423,GATD1,0.9992345
2424,A4GALT,0.7644666
2425,TMX4,0.9899926
2426,APEH,0.99966145
2427,CAV2,0.995272
2428,PLIN3,0.998961
2429,TCERG1,0.99990964
2430,NDRG2,0.99256057
2431,QTRT1,0.9985821
2432,DNAJC7,0.99331594
2433,GALNT1,0.98559433
2434,NUDCD3,0.99930114
2435,PARP12,0.9992153
2436,SMARCA4,0.99958843
2437,HDAC2,0.9946402
2438,POLG,0.99717045
2439,BAZ1B,0.998347
2440,TOR3A,0.999065
2441,UHMK1,0.997561
2442,LAMB1,0.9976816
2443,STAT5B,0.9970727
2444,COPS7A,0.997932
2445,DNPEP,0.99907154
2446,TNKS2,0.99942774
2447,MKNK1,0.9986221
2448,DNAJC10,0.99932814
2449,UBE2J2,0.99880123
2450,VAPA,0.9815667
2451,LAPTM4B,0.9974181
2452,WDTC1,0.99950045
2453,CCT4,0.98808956
2454,MESD,0.9978102
2455,TPX2,0.998276
2456,MOB4,0.99845
2457,CD2AP,0.99815726
2458,MTA2,0.9996056
2459,UBAP1,0.9812231
2460,F3,0.9988558
2461,BRWD1,0.9979227
2462,FBXW2,0.9915586
2463,GSK3B,0.998254
2464,GGA3,0.99931556
2465,EBNA1BP2,0.99884266
2466,ATP6V1A,0.9988206
2467,LTBP1,0.9959373
2468,TMEM222,0.9994304
2469,ASCC3,0.99963325
2470,GARS,0.99441785
2471,CHPF2,0.9974329
2472,RRP1,0.9986336
2473,AUTS2,0.9995802
2474,VAV2,0.99880594
2475,ERP44,0.995163
2476,PARVA,0.99848586
2477,FCGR2A,0.99907255
2478,KMT2E,0.9979353
2479,NFX1,0.99912983
2480,LSM8,0.9601633
2481,PRPS1,0.99428123
2482,SERPINB1,0.9995548
2483,CCDC71L,0.9975509
2484,ITGB4,0.9131271
2485,NOC2L,0.9994504
2486,GPC1,0.9927303
2487,THOC7,0.99957734
2488,MAP2K7,0.9995508
2489,KIAA1522,0.9987774
2490,PSEN1,0.998775
2491,NPEPL1,0.99670553
2492,SNX5,0.9994754
2493,BOK,0.9984643
2494,LOXL1,0.9980863
2495,NDST1,0.99632293
2496,CALCOCO2,0.9992911
2497,MAT2B,0.99770945
2498,SMAD2,0.99164456
2499,ATP9A,0.99937433
2500,SPRYD3,0.9985211
2501,BCOR,0.99979544
2502,BAIAP2L1,0.9987483
2503,BET1L,0.9975303
2504,MAPK3,0.99637383
2505,NRBP2,0.9991191
2506,SLC25A24,0.9998438
2507,ARL2BP,0.9910755
2508,BRD9,0.9989469
2509,IFT122,0.99902314
2510,HDAC10,0.9966574
2511,SLK,0.9980653
2512,KDM6B,0.99904233
2513,PPP3CB,0.9993513
2514,PLXNA1,0.9986395
2515,ARHGEF17,0.9945447
2516,CARD19,0.9975145
2517,GGNBP2,0.99949926
2518,STX4,0.9996497
2519,CXXC1,0.99977905
2520,LMO7,0.9991799
2521,KLHL5,0.99872226
2522,UBE2K,0.997663
2523,VPS36,0.999105
2524,PPP1R16A,0.99937606
2525,CCDC107,0.9963868
2526,NCOR1,0.99894637
2527,NIPBL,0.9948778
2528,NCK2,0.9994383
2529,RBM23,0.9992533
2530,QRICH1,0.9985778
2531,ENC1,0.994543
2532,MPC2,0.9982569
2533,SPNS1,0.9981428
2534,ZSWIM8,0.9979527
2535,NUDT5,0.9989247
2536,GMPS,0.99604636
2537,DHFR,0.99845904
2538,CTNNBIP1,0.99034756
2539,IFT20,0.9981862
2540,ELOVL5,0.99747163
2541,RNF4,0.9680912
2542,IFI35,0.9986942
2543,DCAF16,0.9994976
2544,SF3B3,0.9722741
2545,MCMBP,0.99659663
2546,KIFC3,0.99914116
2547,PKP4,0.9995599
2548,TMC6,0.99938935
2549,KLHDC4,0.9995385
2550,RNF216,0.9994821
2551,GLO1,0.9974205
2552,ARCN1,0.99945474
2553,CALCOCO1,0.9990032
2554,ADGRG1,0.9957359
2555,TMED3,0.9619827
2556,CDH1,0.99984044
2557,AGTRAP,0.99841815
2558,DENND5A,0.9946871
2559,FAM207A,0.998316
2560,MYBBP1A,0.99852115
2561,CAB39,0.99902683
2562,NCAPH2,0.9993882
2563,P3H1,0.99947333
2564,JUP,0.99945235
2565,FBRSL1,0.9958424
2566,SH2B1,0.99918413
2567,PRCC,0.99979854
2568,FAM219B,0.999005
2569,RRP7A,0.9995809
2570,ARHGEF10L,0.99546766
2571,LRRFIP2,0.9989262
2572,ARSA,0.9989652
2573,ACBD3,0.9861722
2574,CWC15,0.99714476
2575,MAPK14,0.9997358
2576,VPS4B,0.9997974
2577,MKRN1,0.99782306
2578,TSC22D2,0.9984346
2579,PDHA1,0.9938627
2580,ARHGAP17,0.9987073
2581,ZDHHC5,0.9954017
2582,BIRC2,0.999038
2583,EIF2AK1,0.99893427
2584,TIMM50,0.9972747
2585,PCGF2,0.9978738
2586,SNX19,0.99960965
2587,ARHGAP23,0.97568864
2588,NELFCD,0.9986767
2589,UBE2E1,0.99917865
2590,TOX4,0.9928913
2591,ACOX1,0.999388
2592,ATP6V1G1,0.9995385
2593,ANKH,0.99798566
2594,ETFA,0.9938591
2595,BCAT2,0.9985108
2596,CNOT8,0.9995627
2597,ID1,0.99800664
2598,NBEAL2,0.998023
2599,ARL1,0.99956065
2600,TENT4A,0.9997247
2601,RAI14,0.9980995
2602,MAPKAP1,0.999274
2603,ECPAS,0.9869235
2604,SLC25A1,0.9996478
2605,GOLGA4,0.99663454
2606,PTDSS1,0.9995618
2607,MGLL,0.9980295
2608,PIP4K2B,0.99772924
2609,ZNF787,0.9992741
2610,UBA7,0.999573
2611,REXO1,0.9994106
2612,DDX21,0.9993005
2613,ENY2,0.9977526
2614,KLHL42,0.99950856
2615,PCMTD1,0.9990422
2616,ZDHHC20,0.99882674
2617,NOP56,0.9982786
2618,DAP3,0.9993682
2619,CS,0.99676675
2620,SPTLC1,0.9986058
2621,FAR1,0.9992633
2622,LFNG,0.9994855
2623,PRR14,0.99900836
2624,OAS3,0.99504876
2625,MIB1,0.99950117
2626,SCAMP3,0.99904174
2627,RANBP9,0.998012
2628,TMEM45A,0.9987717
2629,ID3,0.9983508
2630,CPD,0.9994944
2631,RETREG2,0.9983284
2632,NFIB,0.98086804
2633,FUBP3,0.9932194
2634,MSI2,0.9963927
2635,PPP5C,0.99950486
2636,TMCO1,0.9948027
2637,MTSS1,0.9638112
2638,RGS16,0.99248105
2639,RBM26,0.99749964
2640,NPEPPS,0.9996674
2641,PIGQ,0.9991159
2642,MYC,0.91988486
2643,HMGN3,0.98195297
2644,ZFPL1,0.99827677
2645,NSFL1C,0.9843983
2646,LARS,0.9994264
2647,BAIAP2,0.99901676
2648,ATP13A2,0.9998164
2649,GGT5,0.99974227
2650,UQCC2,0.9984836
2651,YAP1,0.98057747
2652,RNF5,0.9940792
2653,ZXDC,0.9997018
2654,ABCC5,0.999455
2655,MINDY2,0.9960732
2656,GLTP,0.9993701
2657,WDFY1,0.99863297
2658,PCNT,0.9998128
2659,ATG101,0.99883986
2660,PLCG1,0.99954313
2661,KLF4,0.9911836
2662,ANXA4,0.99978024
2663,PPP1R14A,0.95155364
2664,CSF1R,0.99864984
2665,IWS1,0.9992826
2666,AKAP9,0.9987959
2667,YTHDF2,0.99247783
2668,WDR18,0.99893457
2669,BEX4,0.99925154
2670,GSS,0.99676293
2671,ETHE1,0.9835432
2672,TFE3,0.99885744
2673,ANKZF1,0.99920493
2674,AGPAT1,0.9970124
2675,PITX1,0.9036598
2676,SEMA4B,0.99780065
2677,SNRNP25,0.99777967
2678,ZNF219,0.99962384
2679,SLC25A4,0.9993816
2680,GNS,0.99921435
2681,EIF3F,0.9891171
2682,ZNF783,0.9985915
2683,PTGIS,0.9969163
2684,PPIL2,0.99578
2685,RIN3,0.9984234
2686,AP5Z1,0.9984047
2687,EIF2AK2,0.99813384
2688,CDS2,0.9987316
2689,ARHGEF12,0.9991508
2690,SDR39U1,0.9987405
2691,CRK,0.9982845
2692,ACP5,0.99791056
2693,NCOA3,0.9854621
2694,NAA20,0.99849814
2695,HTATSF1,0.99807
2696,ABRACL,0.9950228
2697,PHKG2,0.9839335
2698,FADS3,0.99697524
2699,NFAT5,0.9979109
2700,TMEM54,0.9981084
2701,HSPB11,0.9986555
2702,RAB11FIP3,0.99640673
2703,ZFR,0.9985423
2704,LTBP2,0.999698
2705,EVA1B,0.99955004
2706,VPS35,0.9961818
2707,TRPM4,0.98220605
2708,MARCH7,0.99987966
2709,ITGA1,0.998588
2710,KMT2C,0.999274
2711,SMG9,0.9995839
2712,RAMP1,0.98756105
2713,F11R,0.9974842
2714,DOCK9,0.9914446
2715,OAS2,0.9979124
2716,UBE2J1,0.998061
2717,SYNPO2,0.95305914
2718,ZER1,0.9994636
2719,RMND5A,0.9813667
2720,DTX2,0.9514149
2721,TRIM44,0.99633265
2722,DUSP3,0.9984967
2723,PPM1A,0.99965936
2724,MYBL2,0.99879855
2725,HERC4,0.9993399
2726,CCAR1,0.99928635
2727,KDM4C,0.9972834
2728,CDR2,0.9990177
2729,IGF2R,0.999424
2730,MRFAP1L1,0.9933788
2731,SPINT1,0.9993567
2732,PRPF38A,0.9988303
2733,LETMD1,0.99902576
2734,PAIP2,0.99766654
2735,MAGT1,0.99880856
2736,RALGDS,0.99896765
2737,IGFBP2,0.995838
2738,RXRB,0.99941
2739,DGCR8,0.9990573
2740,U2SURP,0.9771676
2741,GBP4,0.99538183
2742,SLC12A4,0.9936382
2743,PPP1R35,0.9993414
2744,LSS,0.99974674
2745,SEC24D,0.99885815
2746,NCS1,0.9881179
2747,ITGB1BP1,0.99079627
2748,PPP1R7,0.99860114
2749,FBXW4,0.9991193
2750,ERI3,0.9998748
2751,MAEA,0.99881667
2752,CD93,0.99645144
2753,MAGED2,0.99926096
2754,PHF10,0.99643564
2755,AKAP1,0.998465
2756,SF3A3,0.99939036
2757,UTRN,0.99927574
2758,FOXO3,0.972182
2759,TNPO2,0.9994014
2760,DNAJA4,0.9971707
2761,NDEL1,0.9985197
2762,ARFGAP3,0.9995959
2763,CAMKK2,0.99809104
2764,DHCR24,0.99795437
2765,SH3BP2,0.99956566
2766,ROCK1,0.9988766
2767,DDX1,0.9994872
2768,SLC25A36,0.9993024
2769,PHLDA3,0.9881875
2770,N4BP1,0.9990902
2771,RTCA,0.99846864
2772,EIF1B,0.9877322
2773,HSP90B1,0.998785
2774,TMED5,0.99807763
2775,CXCR4,0.99757224
2776,SLC15A3,0.99923366
2777,FOSB,0.89403087
2778,KDM5B,0.9975416
2779,ACP1,0.9963243
2780,CERS2,0.9923415
2781,TMEM176B,0.9169023
2782,PITHD1,0.9874261
2783,PHB,0.9995175
2784,RBM10,0.9968069
2785,TSC2,0.99951714
2786,LARP1,0.99896306
2787,HLA-DQA1,0.8690682
2788,STMN1,0.988785
2789,PTGFRN,0.9954379
2790,LAS1L,0.9996112
2791,SLC2A3,0.99921674
2792,SMAD3,0.9614687
2793,DPM1,0.9994021
2794,UNC45A,0.99787813
2795,ACBD6,0.99757236
2796,THOP1,0.9989913
2797,ERLEC1,0.9983938
2798,TMEM159,0.99138576
2799,MAP3K6,0.9958331
2800,ITPA,0.9926161
2801,PCBD1,0.998544
2802,KLF13,0.9990552
2803,TLK1,0.9985554
2804,OTUD4,0.9994705
2805,EHMT2,0.9995039
2806,NSD3,0.99929166
2807,CCNDBP1,0.99839634
2808,FTL,0.9993284
2809,COPS2,0.9991541
2810,CHP1,0.9955756
2811,FAM210B,0.9994876
2812,CDCP1,0.999547
2813,SERINC3,0.99935275
2814,KEAP1,0.99573135
2815,NANS,0.99817777
2816,KLF10,0.997983
2817,MGST3,0.9954698
2818,ABCC1,0.9394234
2819,GRWD1,0.9985039
2820,FBXO7,0.9997656
2821,SUCLG2,0.99863154
2822,CYSTM1,0.99730253
2823,DNPH1,0.8737982
2824,ALKBH7,0.99841356
2825,METTL3,0.99988765
2826,MPST,0.9979181
2827,TMEM167B,0.98755336
2828,CLDND1,0.99884397
2829,TBC1D22A,0.99857783
2830,MYD88,0.9987251
2831,ANKRD17,0.99921197
2832,HNRNPLL,0.99751693
2833,PYURF,0.9980369
2834,FNDC3A,0.9995103
2835,TAF1C,0.999155
2836,SNX9,0.99932045
2837,WRNIP1,0.9904585
2838,APOL6,0.9990384
2839,DHPS,0.99800843
2840,LMO4,0.9988162
2841,TPRG1L,0.9996187
2842,TAF7,0.99398357
2843,RCAN1,0.8948879
2844,ITM2C,0.9998495
2845,MTA1,0.9964581
2846,TBC1D17,0.99967057
2847,BX255925.3,0.9997178
2848,MAST2,0.992021
2849,DNM1L,0.9995301
2850,STK38L,0.9986766
2851,WLS,0.9958835
2852,MUS81,0.9994004
2853,RAB27A,0.9964952
2854,TTC1,0.9982109
2855,MFF,0.9981964
2856,SP3,0.99834234
2857,SPEG,0.9974883
2858,CYREN,0.99793077
2859,CNOT2,0.9992265
2860,NBEAL1,0.9994452
2861,CLIP4,0.9901328
2862,CDKN1B,0.9990459
2863,STAU2,0.99791354
2864,RNF115,0.9990842
2865,DELE1,0.9993374
2866,BLVRB,0.8602483
2867,RETREG3,0.9991428
2868,GOLGA7,0.997216
2869,TIMM17A,0.9993208
2870,CITED4,0.9945844
2871,PAFAH1B2,0.9991722
2872,CHTF8,0.9992618
2873,RUSC1,0.9948573
2874,TMEM179B,0.99882835
2875,HTATIP2,0.97360796
2876,RASGEF1B,0.9986561
2877,SCAP,0.99899167
2878,GOT2,0.9994994
2879,JPT2,0.9942274
2880,GLUD1,0.9983204
2881,SMC4,0.9987038
2882,PGP,0.99928814
2883,THAP7,0.999149
2884,GATAD2B,0.99867946
2885,PHRF1,0.99902725
2886,LRRC41,0.992812
2887,PLAU,0.9832206
2888,DDX49,0.99880046
2889,SAFB2,0.9981075
2890,ADAMTS1,0.9455707
2891,TMEM129,0.9984762
2892,HLA-DRB1,0.9996603
2893,RPRD1B,0.9998226
2894,SRI,0.99821466
2895,FOXJ3,0.9991881
2896,SLC9A3R2,0.99960256
2897,FAM162A,0.9920893
2898,PRPF40A,0.9981389
2899,KIAA0100,0.9970651
2900,XPOT,0.9993653
2901,IGBP1,0.99812937
2902,CYLD,0.9994604
2903,PHF20,0.99777955
2904,SPPL2A,0.9998675
2905,PLEKHJ1,0.9982901
2906,SNX2,0.9990787
2907,MARVELD1,0.99784327
2908,TNS3,0.9960378
2909,CASP4,0.9971957
2910,FOXK1,0.9991679
2911,MED13,0.99777037
2912,PLEKHA1,0.9987571
2913,SREK1,0.99943656
2914,MYO19,0.99962616
2915,G6PD,0.99907297
2916,POLR2C,0.99845415
2917,PHF19,0.99921584
2918,MMS19,0.99891585
2919,MAPKAPK5,0.99970454
2920,SPI1,0.99270135
2921,KIF13A,0.98679024
2922,ZMYM2,0.9992206
2923,STARD7,0.9952381
2924,DERL1,0.9993565
2925,NDUFS1,0.9987805
2926,SUSD6,0.9938808
2927,SNRPA,0.999456
2928,TCF12,0.9988819
2929,TRIM38,0.9978536
2930,CMTM3,0.9956656
2931,KANSL3,0.99946564
2932,CCND2,0.99751663
2933,KLHL21,0.9933252
2934,RBL2,0.99950117
2935,MZT1,0.9992192
2936,ARID5A,0.99505645
2937,SEMA3C,0.99653417
2938,WWTR1,0.97164124
2939,ATP11B,0.9989848
2940,SNRPF,0.99955845
2941,UBC,0.99895304
2942,SYNPO,0.9973368
2943,CRELD1,0.99952054
2944,AATF,0.9976845
2945,BAZ2A,0.99964166
2946,PTPN6,0.99923354
2947,PINK1,0.98252684
2948,POMGNT1,0.9990411
2949,GTPBP6,0.9989379
2950,IK,0.9993255
2951,TXNDC15,0.98707515
2952,COA1,0.9988423
2953,RAF1,0.9933743
2954,APOO,0.9976299
2955,PKN2,0.9993429
2956,PNKP,0.99842644
2957,FGFR1,0.8490212
2958,PI4K2A,0.9953843
2959,MYCBP2,0.9998719
2960,SOGA1,0.9899432
2961,CACUL1,0.99830645
2962,PKD2,0.9944086
2963,DGUOK,0.99819565
2964,UBAC1,0.99979657
2965,PARP9,0.99699765
2966,ATG12,0.9984057
2967,CEP170B,0.99970704
2968,MAP2K1,0.99789935
2969,PLCB3,0.9960092
2970,CLK3,0.99875975
2971,PPP4R2,0.9990637
2972,ETNK1,0.99985075
2973,ANGPTL2,0.99183434
2974,OSBPL2,0.998277
2975,ZDHHC12,0.99804956
2976,SLCO3A1,0.9996118
2977,PMP22,0.9971445
2978,COPB1,0.99946856
2979,MARCH2,0.9991934
2980,TRAPPC3,0.99514455
2981,CLPP,0.9977208
2982,LRPPRC,0.9968298
2983,RWDD1,0.9952826
2984,HDGFL3,0.99882245
2985,ILVBL,0.99859643
2986,PRDM2,0.9989125
2987,CDK6,0.99916154
2988,VPS39,0.9990584
2989,SRP72,0.998882
2990,DNM1,0.9998209
2991,ATF6,0.9996572
2992,PAK2,0.9984522
2993,ZNF266,0.99935913
2994,RAB35,0.9897352
2995,PSME3,0.9994056
2996,MICALL1,0.9913356
2997,FERMT2,0.9857078
2998,TJP1,0.9967745
2999,RAB3GAP1,0.9988201
3000,ATP8B1,0.84399074
3001,FADS2,0.99884176
3002,SLC9A3R1,0.9905284
3003,UACA,0.9998203
3004,TSPAN15,0.9989276
3005,DPY30,0.9986288
3006,MAN2B2,0.9980474
3007,FMR1,0.9990962
3008,ELP2,0.9936159
3009,SART1,0.9990284
3010,ARHGAP45,0.99914294
3011,GOLIM4,0.9995466
3012,PDE4D,0.999229
3013,POP4,0.9959511
3014,CYFIP1,0.9938888
3015,ZBED5,0.990815
3016,CSNK1E,0.99637693
3017,MYH14,0.9956713
3018,SGPL1,0.99960405
3019,EPN2,0.996761
3020,NES,0.9998174
3021,CFDP1,0.9615679
3022,E4F1,0.99698776
3023,UBE4B,0.99825305
3024,HBP1,0.99859524
3025,ZBTB17,0.99955463
3026,DAXX,0.9992037
3027,EIF1AX,0.9981653
3028,MBOAT2,0.99984235
3029,SPTLC2,0.99612075
3030,DNAJC21,0.99951583
3031,MCM3AP,0.9985402
3032,SAR1B,0.99905413
3033,TXNDC11,0.9909099
3034,MACROD1,0.99888355
3035,HECTD1,0.9674408
3036,NACC1,0.9973318
3037,DICER1,0.9985767
3038,HSPB1,0.9979339
3039,PPP1R12A,0.9997039
3040,PTPRK,0.99749476
3041,ELK3,0.9983444
3042,BTBD6,0.9988213
3043,CAPS,0.9864135
3044,EXT1,0.99882644
3045,SLC7A5,0.99889374
3046,NFATC2IP,0.99967957
3047,ESD,0.9985366
3048,TBC1D20,0.9987922
3049,PTPN18,0.9995329
3050,RRP36,0.9987852
3051,ARMCX3,0.9588456
3052,VKORC1L1,0.9995806
3053,BAG3,0.99406856
3054,PPP4R3A,0.993062
3055,PRPS2,0.9970091
3056,SPAG7,0.9984506
3057,PPCS,0.9899196
3058,EFEMP2,0.99919814
3059,FAM91A1,0.9995465
3060,TTYH3,0.9866247
3061,MAFK,0.99809784
3062,PIAS4,0.9984409
3063,PRRX1,0.9977419
3064,ACP2,0.99907583
3065,GYPC,0.9929114
3066,CARS,0.9986973
3067,MYL6B,0.9990969
3068,MZF1,0.9989144
3069,WDR46,0.99959594
3070,MAN1A1,0.9907174
3071,DGKA,0.9900004
3072,TPP2,0.9956384
3073,LPGAT1,0.99633247
3074,SFXN3,0.999031
3075,SLC12A7,0.99891853
3076,IDH3B,0.99811476
3077,TSG101,0.9922709
3078,DONSON,0.99905986
3079,VPS37C,0.9993763
3080,PFDN6,0.9992942
3081,EIF2S2,0.989944
3082,NUP160,0.99889094
3083,STARD3,0.998493
3084,MICALL2,0.99916583
3085,FRMD6,0.9990125
3086,CHD9,0.9983196
3087,TMEM41B,0.9764519
3088,SCAMP4,0.99528843
3089,CTNNBL1,0.99988294
3090,NASP,0.9969103
3091,BAG5,0.9997378
3092,ARMC8,0.99903554
3093,NKIRAS2,0.99563885
3094,MADD,0.9987152
3095,FLNC,0.9990973
3096,JAM3,0.9926095
3097,WASHC4,0.9983905
3098,PPP2R2A,0.9997964
3099,SPATA20,0.99931926
3100,USP5,0.99957675
3101,HPS1,0.99926394
3102,PRUNE2,0.9292097
3103,BACE2,0.99828094
3104,WWP2,0.9998224
3105,HABP4,0.9908671
3106,PHC3,0.99905515
3107,BTAF1,0.9984445
3108,TOB1,0.987734
3109,ODF2L,0.9993661
3110,GALNT10,0.99903274
3111,MYO1E,0.9961092
3112,SENP2,0.9961257
3113,PLBD2,0.9986985
3114,ZNF592,0.9985547
3115,FRMD8,0.9988451
3116,NUDT3,0.9921155
3117,RNF168,0.99958706
3118,HLA-A,0.9982543
3119,SLAIN2,0.9981732
3120,ATF7IP,0.9988987
3121,NOL7,0.99986345
3122,SERINC2,0.9799201
3123,IMMT,0.9993561
3124,TIMM44,0.99627334
3125,KAT5,0.9996963
3126,PIDD1,0.9998209
3127,CFH,0.9996707
3128,PPP6C,0.9992933
3129,PIP5K1A,0.99957275
3130,AP1M1,0.99240094
3131,DNAJC3,0.9982664
3132,EP300,0.99961036
3133,CSNK2A2,0.99876016
3134,SH3PXD2B,0.99761134
3135,PHF20L1,0.9971512
3136,ABCF3,0.9981459
3137,AP1G2,0.9998808
3138,TRBC2,0.8995994
3139,FBLN2,0.99542755
3140,CRTC3,0.99858373
3141,KHNYN,0.99574375
3142,KDSR,0.9978494
3143,PRPF38B,0.9991627
3144,EIF4E,0.9956608
3145,RAI1,0.9993984
3146,PCYT2,0.99950886
3147,MAGI1,0.9993078
3148,ZNF33A,0.9870606
3149,ADAMTS4,0.9769025
3150,NLRP1,0.99890375
3151,SEC23A,0.9661112
3152,ZKSCAN1,0.998691
3153,PISD,0.9982786
3154,MBD6,0.9926792
3155,ORMDL1,0.9988492
3156,DAB2IP,0.9940236
3157,RAB8A,0.9974308
3158,AKAP8L,0.9988616
3159,ANKRD52,0.9987716
3160,OCIAD2,0.9972462
3161,SUPT7L,0.9995842
3162,ZNF652,0.99494004
3163,EIF4G3,0.9997205
3164,PLXNA3,0.99975306
3165,FAM192A,0.99888724
3166,YEATS2,0.99865144
3167,ATP11A,0.99695563
3168,CCDC84,0.99981856
3169,SERINC1,0.9984186
3170,SMIM4,0.9987523
3171,MAD2L2,0.9946707
3172,SFRP4,0.99706024
3173,EIF2B1,0.99974984
3174,ARHGAP35,0.9971277
3175,DEDD,0.9982988
3176,ATPAF1,0.9993058
3177,ASCC2,0.9992792
3178,ZNFX1,0.99571276
3179,CDC20,0.99904054
3180,AMD1,0.99984264
3181,EHD4,0.9993837
3182,MIGA2,0.99961996
3183,TMUB1,0.99378306
3184,PSPC1,0.9984458
3185,ACAD9,0.9946416
3186,RGS1,0.99773914
3187,ARFIP2,0.9975955
3188,NUP214,0.9994064
3189,DCTPP1,0.99822694
3190,TOP1,0.92899555
3191,APBB2,0.9898959
3192,OPA1,0.99922496
3193,SLC25A11,0.9979678
3194,PABPC1L,0.9970382
3195,SS18,0.9995392
3196,LETM1,0.9992849
3197,HOOK2,0.9994125
3198,LHFPL2,0.9978989
3199,SETD5,0.99841577
3200,LINGO1,0.999018
3201,ISOC2,0.99864435
3202,NUDT21,0.96078753
3203,SRGAP2,0.9992983
3204,NUP98,0.99741364
3205,GPBP1,0.9987474
3206,RABGAP1,0.9995162
3207,ADIPOR2,0.99789447
3208,RC3H2,0.9944714
3209,NRP1,0.9950114
3210,DNAJC4,0.9990535
3211,SLC39A14,0.9994932
3212,ZC3H4,0.99894524
3213,SDC3,0.99686915
3214,MON2,0.9997654
3215,ZBTB4,0.99684095
3216,SPPL3,0.99386233
3217,STX7,0.9880378
3218,MAP4K5,0.9996634
3219,PSMG3,0.9902354
3220,JOSD1,0.9989357
3221,MYO10,0.9997618
3222,ERC1,0.9974242
3223,STAG2,0.99781036
3224,MOB3A,0.9980726
3225,PPIF,0.98707443
3226,UBA3,0.9993045
3227,USP39,0.9978037
3228,NUP188,0.958592
3229,SZT2,0.99536324
3230,UCP2,0.9944013
3231,BCS1L,0.9992226
3232,EMC7,0.99917513
3233,LIMS1,0.99824697
3234,GPATCH2L,0.9994891
3235,P3H3,0.99947053
3236,BIRC6,0.9986412
3237,HECA,0.9985134
3238,MAU2,0.9993868
3239,FKBP5,0.9945665
3240,DLG1,0.9994108
3241,XPC,0.9960796
3242,DROSHA,0.99927324
3243,PCNX2,0.99786884
3244,ADM,0.99977046
3245,BMI1,0.9889478
3246,ANAPC13,0.9994466
3247,LIMK2,0.99566317
3248,PIAS3,0.996793
3249,POMT1,0.99884987
3250,EPS8L2,0.98695946
3251,SENP6,0.99859613
3252,MTFR1L,0.9990745
3253,WWOX,0.99856335
3254,UBE3B,0.9997739
3255,DDX27,0.9974238
3256,LCMT1,0.99965644
3257,USP33,0.9992258
3258,DGCR2,0.9882548
3259,KAT6A,0.997917
3260,AK1,0.9671882
3261,C1orf52,0.99956053
3262,CHI3L1,0.9992259
3263,PEX6,0.9996498
3264,MED10,0.9975906
3265,POLE3,0.99787617
3266,TMEM14C,0.99780494
3267,PCIF1,0.99958754
3268,GMPPA,0.99814385
3269,GRK6,0.9995372
3270,ATXN7L3B,0.9996508
3271,TMEM87B,0.998288
3272,NAXD,0.9977017
3273,NBDY,0.998492
3274,DNAJC9,0.99567723
3275,PLN,0.9811384
3276,GOLT1B,0.99931073
3277,TRNAU1AP,0.9994211
3278,CCDC88A,0.9985655
3279,WDR5,0.9998818
3280,DKK3,0.9967682
3281,RFX5,0.9914267
3282,RRAD,0.96409506
3283,PLK3,0.9968169
3284,EPHX1,0.999219
3285,PAPSS1,0.99973565
3286,STIM1,0.99296904
3287,HPCAL1,0.9978981
3288,MYADM,0.9879369
3289,RAB12,0.99716383
3290,PAN3,0.9980941
3291,CRABP2,0.91421795
3292,LMOD1,0.9399638
3293,DHX38,0.99719745
3294,DCAF5,0.9996163
3295,DNAJC13,0.9993879
3296,WASL,0.9985942
3297,IDI1,0.9883092
3298,S100A2,0.9936225
3299,CCDC167,0.9986353
3300,HDGFL2,0.9884216
3301,CPSF4,0.99986076
3302,EPSTI1,0.9978736
3303,TSPYL2,0.99843264
3304,GTF2A2,0.9994661
3305,KHDC4,0.99933624
3306,UBA6,0.99759144
3307,RSU1,0.9960801
3308,NADK,0.99752396
3309,CBR1,0.9990456
3310,CDC42BPA,0.9955795
3311,NIT1,0.99896574
3312,LCP1,0.99114066
3313,COG4,0.99793047
3314,ETV6,0.9986317
3315,KRI1,0.9996717
3316,OXLD1,0.99899626
3317,GLB1,0.99632883
3318,DHRS7,0.99771315
3319,THOC5,0.9992977
3320,RGS12,0.99970835
3321,PPP2R5A,0.998295
3322,CCNB1IP1,0.9957659
3323,B4GALT3,0.99578506
3324,SELENOS,0.9943381
3325,LAMTOR2,0.9546854
3326,VASH1,0.98700094
3327,ZPR1,0.99929976
3328,PCBP4,0.9937621
3329,SEMA4C,0.99666595
3330,XRN2,0.99905556
3331,UBXN11,0.99933237
3332,ATG16L2,0.9994867
3333,SPEN,0.99953574
3334,CBX4,0.9975113
3335,MSRB2,0.9966111
3336,FGL2,0.9763089
3337,USP47,0.9979985
3338,WBP1L,0.99951094
3339,NPC1,0.9880418
3340,ELF2,0.9996615
3341,DCTN6,0.99636817
3342,POLE4,0.94019175
3343,DCTD,0.9988745
3344,SUPT4H1,0.99248177
3345,USP4,0.9994995
3346,ABCA7,0.9994085
3347,RIOK3,0.9957974
3348,RABEP2,0.99988073
3349,NIPSNAP2,0.9987462
3350,WDR55,0.9996123
3351,SIAH2,0.9980698
3352,NIN,0.9994102
3353,JMJD1C,0.9954579
3354,ZNF451,0.9948128
3355,DLD,0.9993346
3356,PPM1F,0.9983123
3357,SLC35B2,0.9957118
3358,TECPR1,0.9990256
3359,DPM2,0.9997997
3360,ARHGAP5,0.9997062
3361,SUZ12,0.9986818
3362,TPST1,0.9916146
3363,KLHL24,0.9946043
3364,REEP4,0.9986801
3365,PLEKHG3,0.9994362
3366,PHIP,0.99882454
3367,CNOT7,0.9993256
3368,HERC2,0.9992778
3369,GNA13,0.99881345
3370,CLASP2,0.99076647
3371,HSPBP1,0.9990334
3372,MED22,0.9992802
3373,DMAC2,0.99926853
3374,ZNF146,0.9974292
3375,CCNC,0.9988707
3376,TP53,0.9977774
3377,ZNF496,0.9985156
3378,TPCN1,0.9992423
3379,IPO13,0.99761087
3380,PRKAA1,0.9975252
3381,STK19,0.99967545
3382,ASAP1,0.99901843
3383,LAMB3,0.9849271
3384,MX2,0.9996362
3385,LLGL2,0.95624655
3386,ACSL1,0.9979055
3387,CD99L2,0.9935835
3388,NFKBIZ,0.9968317
3389,CUEDC1,0.998775
3390,DCUN1D1,0.99878764
3391,SERTAD1,0.9856407
3392,USP15,0.9991334
3393,NSUN5,0.99876237
3394,JAG1,0.9947104
3395,UNC13D,0.9987691
3396,VPS13A,0.9996955
3397,TRIM29,0.9672176
3398,TCEAL8,0.99621063
3399,ARID4B,0.99820584
3400,NIPA2,0.9996101
3401,TRAPPC9,0.99811846
3402,AIF1,0.9875482
3403,TAB2,0.996334
3404,AFAP1,0.9936941
3405,RRP1B,0.9995251
3406,ITPKB,0.9977996
3407,MBD1,0.9985669
3408,RYK,0.99969417
3409,IL1R1,0.99573565
3410,AFG3L2,0.9994462
3411,SPCS2,0.99785763
3412,PPA2,0.99889344
3413,PLOD2,0.9990348
3414,SLC30A9,0.9968632
3415,MED8,0.99765414
3416,FMOD,0.9867349
3417,ANTXR2,0.99219126
3418,SGSM3,0.99760216
3419,TUSC2,0.99971724
3420,IFNGR1,0.9990403
3421,PCP4,0.934051
3422,VPS26A,0.9985452
3423,LIMA1,0.99634886
3424,BCAS3,0.9971116
3425,CFB,0.99861723
3426,SNAP47,0.9964025
3427,PPT1,0.9798794
3428,MTHFD2,0.9982733
3429,SRP54,0.9976747
3430,WBP11,0.9886649
3431,NAXE,0.9995299
3432,EIF2S1,0.99839514
3433,NUDT16,0.9969332
3434,B2M,0.9997174
3435,NEU1,0.9950046
3436,KIAA1217,0.99893457
3437,IPO9,0.9996619
3438,MICAL3,0.9972558
3439,UBE2G1,0.99867314
3440,COASY,0.99870706
3441,BTN3A2,0.99535626
3442,FAM136A,0.97685957
3443,VAPB,0.99758536
3444,SMC5,0.99957234
3445,SAMD9L,0.9963689
3446,CREB3L2,0.9985743
3447,TBC1D2B,0.99943835
3448,CUL9,0.9998136
3449,ZNF593,0.9976595
3450,DPYD,0.9995758
3451,FAF1,0.9998953
3452,NDFIP2,0.98968977
3453,TMEM131,0.99961203
3454,DDAH1,0.9912598
3455,PYCARD,0.98756677
3456,FBXO11,0.99597186
3457,ITPK1,0.9961362
3458,PRKAR2A,0.9975864
3459,CPNE3,0.9986184
3460,INSIG1,0.9926534
3461,NTMT1,0.99497765
3462,ARL16,0.9978393
3463,TTC14,0.99942666
3464,TTC31,0.9985288
3465,PPP2R2D,0.9957369
3466,CUL3,0.9984378
3467,FAM120AOS,0.9936223
3468,ABHD17A,0.9991512
3469,CLINT1,0.91356987
3470,LARP4,0.99866647
3471,WDR74,0.99900407
3472,SLC10A3,0.99857026
3473,DGAT1,0.9996407
3474,DNAJC1,0.9892211
3475,DYRK1A,0.99718755
3476,MIER1,0.99804616
3477,COMTD1,0.99740607
3478,DENND6A,0.9857833
3479,NAIP,0.9982531
3480,TMEM250,0.9984152
3481,AGPAT3,0.99937034
3482,OAF,0.99507713
3483,TUT7,0.9975857
3484,COL4A5,0.99827987
3485,USP3,0.9998682
3486,ZNF326,0.99800396
3487,CHFR,0.9988818
3488,SHTN1,0.9992482
3489,STMN3,0.99954635
3490,TNXB,0.86037415
3491,RALB,0.97083753
3492,ZCCHC24,0.996968
3493,TP53BP2,0.99962145
3494,RTL8A,0.99805146
3495,PRPF3,0.99848825
3496,FAF2,0.99618477
3497,UCKL1,0.9976425
3498,MELK,0.99961597
3499,EXOC5,0.9980781
3500,TRMU,0.99951583
3501,EMILIN2,0.9989291
3502,NCF1,0.9993942
3503,LYN,0.9976061
3504,NHSL2,0.9997217
3505,DSP,0.9989938
3506,NAV1,0.9987293
3507,BID,0.99561614
3508,PLEKHB2,0.9977379
3509,TRAPPC12,0.99876255
3510,LBR,0.9918851
3511,NUDT22,0.99642915
3512,NAA50,0.9964115
3513,GTPBP4,0.9965357
3514,IGHG4,0.6995478
3515,YBX1,0.9961694
3516,GORASP2,0.9974211
3517,PTAR1,0.99693185
3518,ACTR10,0.9957099
3519,MED4,0.99968916
3520,BOC,0.83251065
3521,BIN1,0.9880969
3522,UBR3,0.9983241
3523,CXCL16,0.99699134
3524,EIF5B,0.9991315
3525,RAB34,0.99904084
3526,TAOK2,0.99463767
3527,GMFG,0.9730572
3528,FCHSD2,0.99969554
3529,BRAT1,0.9986555
3530,FBXW11,0.9996271
3531,PLEKHA6,0.9955935
3532,VPS45,0.99645925
3533,MAN2A1,0.994826
3534,PLD2,0.9995715
3535,DOCK1,0.9984967
3536,SMPD1,0.99805117
3537,MALL,0.9929285
3538,HELLS,0.9998886
3539,OXSR1,0.99877834
3540,ENGASE,0.99918824
3541,ANKRD9,0.99942994
3542,GNPTAB,0.9993381
3543,PON2,0.99953324
3544,SUDS3,0.9989241
3545,GBP5,0.98722434
3546,KLF7,0.99608725
3547,SIPA1L1,0.99960166
3548,TMEM132A,0.9995997
3549,RHBDF2,0.994555
3550,MTA3,0.99628305
3551,ZCCHC7,0.99855417
3552,EFR3A,0.9995635
3553,BAP1,0.99882096
3554,PPHLN1,0.9992067
3555,ERN1,0.9956589
3556,SASH1,0.99705154
3557,RNF130,0.99914306
3558,SEPHS2,0.99521655
3559,PCMTD2,0.9985943
3560,SEMA3F,0.93506783
3561,MED28,0.9993999
3562,MKLN1,0.9995324
3563,SNRNP40,0.9945949
3564,TMEM94,0.9980266
3565,TRAPPC4,0.9990817
3566,TBX2,0.9713618
3567,WDR90,0.99881405
3568,ATP9B,0.99362785
3569,XPO5,0.9974449
3570,PRDX3,0.99933714
3571,DEAF1,0.99936223
3572,SFI1,0.9992822
3573,IBTK,0.995042
3574,CAMTA2,0.9987541
3575,PSKH1,0.99692374
3576,RRM1,0.9994077
3577,CAD,0.9984083
3578,MFAP4,0.8598415
3579,ZEB2,0.994914
3580,TMEM263,0.99945074
3581,PBX3,0.9995985
3582,SDF2,0.9996314
3583,GLRX3,0.9993946
3584,MAPK13,0.9996709
3585,LSM10,0.9985005
3586,NOMO1,0.99452096
3587,FBXO9,0.9992477
3588,CCDC92,0.9941838
3589,RHOD,0.86820513
3590,PGS1,0.99947166
3591,C19orf33,0.86470366
3592,OLFML2A,0.99526113
3593,POFUT2,0.99167204
3594,F2R,0.9966182
3595,BRI3BP,0.9993722
3596,CARD8,0.998359
3597,JAGN1,0.9973833
3598,KAT2A,0.9992047
3599,TYMS,0.997469
3600,ZNF335,0.99842167
3601,RNF26,0.99980474
3602,PBRM1,0.99253136
3603,DRG2,0.9990501
3604,RNF123,0.97672135
3605,KDM3B,0.9984196
3606,MTHFD1,0.9990451
3607,WDR43,0.99945194
3608,C9orf78,0.9917565
3609,ISG20,0.99871796
3610,NRM,0.9999067
3611,PHYKPL,0.99811727
3612,NABP2,0.9995323
3613,PRRC1,0.9982858
3614,PREB,0.99668056
3615,PDHX,0.99964094
3616,SENP5,0.9992315
3617,PPP2R3B,0.99881077
3618,FAM204A,0.9987569
3619,MFAP2,0.99918175
3620,UBL3,0.9941279
3621,SH3D19,0.9986501
3622,PLIN2,0.9801573
3623,UROS,0.99860734
3624,TLE3,0.99935484
3625,SLC25A13,0.998514
3626,IFI44L,0.9981163
3627,NSF,0.9991544
3628,ZMYM4,0.99946624
3629,HACD2,0.9990179
3630,RAE1,0.9994979
3631,KPNA1,0.9973759
3632,PILRB,0.99824256
3633,INTS3,0.99358803
3634,ATG3,0.9983542
3635,EXT2,0.99910307
3636,CHTF18,0.99801177
3637,USP20,0.9995096
3638,PILRA,0.9989622
3639,SIN3B,0.99838287
3640,CNOT9,0.9991285
3641,RNF121,0.997662
3642,PTMA,0.9982292
3643,MED29,0.9995548
3644,CYB561,0.99635416
3645,RIN2,0.9979443
3646,ARF5,0.9995529
3647,ACAA2,0.9982783
3648,CDC42EP4,0.9836896
3649,LCAT,0.99886924
3650,ARMCX6,0.9986841
3651,IQSEC1,0.9989688
3652,ENTPD4,0.9908683
3653,CHSY1,0.9879109
3654,BCL7B,0.9974215
3655,NEMF,0.9946019
3656,UBR2,0.9969236
3657,STX3,0.9984419
3658,TXNRD1,0.9972146
3659,ZZEF1,0.9948608
3660,ADAMTS2,0.9928188
3661,PCDH7,0.99718314
3662,CEBPG,0.99781007
3663,MFN1,0.9989945
3664,FAM172A,0.99719954
3665,NQO1,0.9949508
3666,LRIG1,0.99345446
3667,UBE2L3,0.98585814
3668,SAMD1,0.99767065
3669,SYTL1,0.9995912
3670,CDK11B,0.9994561
3671,C11orf68,0.99745345
3672,AQP3,0.899839
3673,IP6K1,0.9983421
3674,AGPS,0.99827474
3675,NSD1,0.9993463
3676,HSPB6,0.9632845
3677,NFATC4,0.9997409
3678,C11orf24,0.9983396
3679,PHGDH,0.99696046
3680,SLC7A1,0.99956614
3681,TPD52L1,0.98673004
3682,GYS1,0.99791545
3683,GLMP,0.9985021
3684,CPTP,0.999671
3685,UBE2N,0.99357176
3686,USO1,0.99961454
3687,EIF1AD,0.9986727
3688,SMARCB1,0.9992818
3689,MYO6,0.9950082
3690,VPS9D1,0.9994398
3691,KCNMB1,0.8891261
3692,RAB4A,0.9996299
3693,LIMK1,0.9989465
3694,USP10,0.9995341
3695,IPO7,0.9830887
3696,EPS15,0.9974938
3697,FBXL15,0.9976332
3698,CCPG1,0.9991154
3699,CYBRD1,0.9790016
3700,AVEN,0.99647903
3701,DNASE2,0.9996772
3702,GNPAT,0.9995671
3703,TTC7A,0.99414176
3704,NABP1,0.9697263
3705,PODN,0.98782176
3706,POGZ,0.9885097
3707,VPS54,0.99649096
3708,PEPD,0.99940103
3709,FILIP1L,0.9401029
3710,RHOQ,0.9991768
3711,SLC1A4,0.993414
3712,POLA2,0.998964
3713,TMCO3,0.99714094
3714,PPM1B,0.9981839
3715,AP1S1,0.9977506
3716,POM121,0.99801135
3717,ZNF512,0.99975115
3718,WDR11,0.9988015
3719,SNX33,0.9847186
3720,NCOA6,0.99871397
3721,NDUFS4,0.9982546
3722,MAML1,0.99869585
3723,PTGES,0.7129789
3724,EPC1,0.9198827
3725,ACOT9,0.99876875
3726,MXI1,0.9748943
3727,AGO1,0.99554443
3728,PANK3,0.9997719
3729,THEMIS2,0.9985536
3730,NUP50,0.9514789
3731,NMT1,0.9951268
3732,BRF1,0.99744844
3733,PLEKHA2,0.99821806
3734,NEK9,0.99675196
3735,ABCG1,0.97101766
3736,UGGT1,0.99883586
3737,PTPRG,0.9959647
3738,TMEM120A,0.9985451
3739,PCNX1,0.9973399
3740,PEX16,0.9982465
3741,ABCA1,0.99925345
3742,CC2D1A,0.9981063
3743,SYF2,0.9987232
3744,NFKB1,0.9970606
3745,ZDHHC18,0.9991891
3746,MECOM,0.9971803
3747,PSME4,0.9990792
3748,FGF7,0.9886403
3749,NRAS,0.9960869
3750,PERP,0.99980456
3751,MMP9,0.99922496
3752,SLC11A2,0.9926066
3753,PPARD,0.9922714
3754,VPS53,0.99901915
3755,SFT2D2,0.9985423
3756,AHNAK2,0.85748154
3757,FAM120B,0.9988925
3758,AKAP8,0.99945307
3759,HIP1R,0.996918
3760,RASA2,0.9990621
3761,PTDSS2,0.99943274
3762,CBLB,0.9948279
3763,KIF22,0.99688053
3764,SEMA4D,0.9943184
3765,CHST11,0.99476427
3766,RBMS1,0.99871224
3767,CHMP6,0.9958392
3768,LONP2,0.99867696
3769,OBSL1,0.99942726
3770,TSSC4,0.99831027
3771,RARG,0.7476015
3772,EIF2A,0.99695283
3773,COQ8B,0.9990093
3774,LYPLA2,0.98142385
3775,JMJD4,0.9995609
3776,CDC27,0.9937885
3777,RAB11FIP1,0.99982816
3778,EPB41L1,0.99711186
3779,CCDC69,0.96188164
3780,TAF1,0.99909145
3781,KLHDC2,0.9991396
3782,SMIM29,0.99744797
3783,GON4L,0.99921757
3784,RIPOR1,0.99862194
3785,MAPK1,0.9937527
3786,TRAF2,0.99984974
3787,CPEB4,0.9970307
3788,NMD3,0.9951026
3789,SEH1L,0.99571306
3790,PSD,0.98150235
3791,UNK,0.99876213
3792,TOPBP1,0.99833506
3793,PGM3,0.9955077
3794,BLMH,0.99981254
3795,DNTTIP1,0.99447775
3796,TMEM167A,0.9962921
3797,NCOA4,0.989013
3798,TRAK2,0.9983571
3799,FAM104A,0.99815565
3800,CROCC,0.9981323
3801,LRRC14,0.9993046
3802,C19orf25,0.998816
3803,AP1G1,0.99507827
3804,DMTF1,0.99965674
3805,ATF5,0.9983476
3806,R3HCC1,0.9979386
3807,PPP1R13L,0.9977909
3808,NEDD9,0.9818757
3809,SNX8,0.9989183
3810,CHCHD5,0.99644977
3811,STAT5A,0.99858385
3812,SPIDR,0.9994516
3813,NCOA1,0.997971
3814,XRN1,0.99875784
3815,NAT9,0.9982562
3816,PTS,0.9954682
3817,PER3,0.99939233
3818,BROX,0.9931243
3819,JADE2,0.9988713
3820,TWSG1,0.993697
3821,PSMD14,0.9978575
3822,C15orf48,0.97929287
3823,ATP2B1,0.99764806
3824,CCDC9B,0.99642664
3825,CDK13,0.99919385
3826,DCTN4,0.9990361
3827,ZCRB1,0.9988363
3828,TIPRL,0.99486035
3829,PSMD6,0.99973184
3830,SWAP70,0.99773103
3831,TIMM10,0.9982248
3832,NRSN2,0.99627846
3833,IMP3,0.9995195
3834,DNAJC15,0.9971769
3835,P2RX1,0.885901
3836,UQCC1,0.99869126
3837,EFEMP1,0.99760836
3838,EP400,0.99714965
3839,PRKCI,0.97230166
3840,ZNF316,0.99914545
3841,PIK3CB,0.9988544
3842,DCUN1D4,0.9994502
3843,NR1H3,0.9977644
3844,BCAP29,0.9989045
3845,SVIP,0.9641289
3846,PLAT,0.99152976
3847,ECSIT,0.99705416
3848,SSH2,0.9971071
3849,UBE2E2,0.9952678
3850,OSBPL10,0.9929769
3851,ISCA1,0.9974148
3852,CCNK,0.9979491
3853,GTF3C2,0.9988964
3854,ZNF638,0.9992195
3855,KRAS,0.99836034
3856,BTF3L4,0.998638
3857,LIG1,0.99924016
3858,USP14,0.99652606
3859,TCF19,0.9986436
3860,NCOA2,0.9989144
3861,P4HTM,0.9977045
3862,SCNM1,0.9994256
3863,OSBPL8,0.9989292
3864,RSRC1,0.98719645
3865,SERTAD2,0.9969016
3866,MPLKIP,0.9963158
3867,SYK,0.99895597
3868,AAAS,0.99890774
3869,NSMCE4A,0.98708814
3870,CD24,0.9990895
3871,UXT,0.9992871
3872,PPRC1,0.99972576
3873,TPBG,0.9994769
3874,ELAC2,0.9989276
3875,LCP2,0.998151
3876,MGAT5,0.9957087
3877,KCTD20,0.99037886
3878,RASAL2,0.9991846
3879,ASPSCR1,0.9983959
3880,KPNA6,0.99862593
3881,LGALS8,0.99910694
3882,G6PC3,0.9970472
3883,SLC27A3,0.9969012
3884,APTX,0.99838495
3885,AGAP1,0.9993716
3886,STAG1,0.9993093
3887,GPRC5A,0.9939606
3888,SLC37A1,0.9983004
3889,MLST8,0.9994548
3890,LIX1L,0.99786973
3891,HBS1L,0.97319144
3892,CCDC14,0.9980149
3893,RNF13,0.9977463
3894,CD320,0.99179244
3895,RHOBTB3,0.9537854
3896,SLC25A32,0.9949203
3897,RHOF,0.975167
3898,JOSD2,0.9982441
3899,CUL1,0.89056605
3900,MCF2L,0.995984
3901,TMEM106B,0.9984045
3902,PLEKHH3,0.9991374
3903,CREM,0.9934687
3904,ADPGK,0.9988654
3905,PAXBP1,0.9926289
3906,CTDSPL,0.99803764
3907,TNFRSF21,0.9809211
3908,PEX2,0.9970241
3909,CIAO1,0.9995248
3910,CREBL2,0.9970471
3911,BTBD3,0.9992695
3912,ACKR3,0.99031824
3913,KAT8,0.99895257
3914,DHX37,0.9974818
3915,SFXN1,0.9990743
3916,C12orf10,0.9992106
3917,ID4,0.9351508
3918,NSUN2,0.99347377
3919,GUCD1,0.9990794
3920,ATXN1,0.9993518
3921,CMTR1,0.9973254
3922,ALG5,0.9986226
3923,TCF7L2,0.99935836
3924,EBP,0.9931011
3925,PELP1,0.9984176
3926,DLG5,0.99641603
3927,CTDP1,0.9981
3928,SMG7,0.99008375
3929,HIST1H2BD,0.9978575
3930,UBE3A,0.99935454
3931,MAFB,0.9987437
3932,FLAD1,0.99891615
3933,ZNF148,0.99777275
3934,TBL3,0.99834245
3935,SLC35F5,0.9975168
3936,KANSL1,0.99923116
3937,CCDC91,0.9989481
3938,ADAM17,0.9988184
3939,LNPEP,0.99337214
3940,SAMD4A,0.9900865
3941,PNP,0.99185723
3942,RELT,0.9996319
3943,AMFR,0.9972833
3944,CDKN1C,0.9971573
3945,EMC1,0.9976583
3946,PDE4DIP,0.99071425
3947,ATRX,0.99900913
3948,XPNPEP1,0.98592633
3949,SEMA3B,0.98317504
3950,FOXK2,0.99868983
3951,GPATCH8,0.99889404
3952,PCYOX1,0.99969226
3953,ZNF330,0.99591464
3954,RMND5B,0.99942493
3955,STARD3NL,0.997287
3956,SDK1,0.9969552
3957,AP1S2,0.97838503
3958,UPF2,0.99910283
3959,TAOK3,0.9975473
3960,ACTC1,0.96798396
3961,PPP3CA,0.99884266
3962,ROCK2,0.999218
3963,MAD1L1,0.99963075
3964,HIPK1,0.9996726
3965,MAN2A2,0.9962361
3966,RPRD1A,0.9995088
3967,HECTD3,0.9995915
3968,TNFAIP3,0.9972925
3969,STX12,0.9981038
3970,SAT2,0.99834055
3971,ABLIM1,0.97759724
3972,DFFA,0.9975352
3973,RABEP1,0.99885005
3974,ELL,0.9996286
3975,C5orf24,0.99928564
3976,STK38,0.9952316
3977,YIPF6,0.9982753
3978,POLE,0.9966154
3979,ANO1,0.9893717
3980,ERG28,0.99888307
3981,FAM49B,0.999482
3982,CDYL,0.99246746
3983,BRD3,0.9989774
3984,NUP58,0.9968388
3985,ITPR2,0.99965
3986,MTX2,0.99798506
3987,PPIL4,0.99138
3988,AOC3,0.9594116
3989,TM2D2,0.9987097
3990,PSMD12,0.9990315
3991,TBRG1,0.99921364
3992,COPS7B,0.9982435
3993,HEG1,0.9903653
3994,SHC2,0.99960566
3995,GNA12,0.9988849
3996,OSMR,0.9734478
3997,CLASP1,0.9991412
3998,RCC1L,0.9991588
3999,EHBP1,0.99865407
4000,BMS1,0.99965316
4001,FAM53C,0.9981096
4002,RDH10,0.99697524
4003,MLLT10,0.99801296
4004,LHFPL6,0.94262886
4005,ABCB8,0.9981828
4006,ASB1,0.9990668
4007,ZNF106,0.9983824
4008,FABP5,0.99894756
4009,EIF3J,0.99380946
4010,NCBP1,0.9993337
4011,GLIPR2,0.9580161
4012,SLC31A1,0.96188754
4013,STK35,0.999489
4014,SP100,0.9845345
4015,CLEC11A,0.99905276
4016,KDM2B,0.9995463
4017,ELK4,0.99942
4018,KMT2A,0.99719495
4019,FGFR1OP2,0.9982672
4020,BCL9L,0.99906224
4021,RABGGTA,0.98927706
4022,CAPN10,0.9998009
4023,PHF2,0.99941367
4024,SLC25A37,0.9992566
4025,RASA1,0.9982837
4026,FAM168B,0.9989471
4027,RAB40C,0.99787027
4028,MCM6,0.99826986
4029,MXD1,0.99949265
4030,NDUFB5,0.99639136
4031,NAT14,0.99837714
4032,PAF1,0.99913234
4033,ATG7,0.9962981
4034,LZIC,0.9824361
4035,PLPPR2,0.9857037
4036,MYO1B,0.9983442
4037,EXD3,0.9991777
4038,MAGEF1,0.98637223
4039,CAMSAP2,0.9984276
4040,ZNF692,0.9990365
4041,RBM33,0.99939275
4042,FYN,0.9882691
4043,EMC3,0.99871
4044,ZNF331,0.99078816
4045,DUSP6,0.99803877
4046,IGHM,0.90285987
4047,GRASP,0.9980143
4048,CCAR2,0.9993411
4049,LOXL2,0.9980388
4050,ALG13,0.999459
4051,ABCA2,0.9977908
4052,DNAJA3,0.99735945
4053,ARRB2,0.9978009
4054,MAP3K3,0.9095722
4055,ZNF444,0.9987915
4056,RBMS2,0.9987423
4057,USP25,0.99813765
4058,NCAPD2,0.99913114
4059,PDPK1,0.9990826
4060,WAPL,0.9991091
4061,DYNLT3,0.9985755
4062,MARS,0.99147004
4063,SSH1,0.99830717
4064,PKP3,0.9964575
4065,FAM122B,0.9979693
4066,VPS41,0.99947
4067,LCOR,0.99759024
4068,UBQLN2,0.9992347
4069,SFSWAP,0.99989384
4070,ZCCHC17,0.9997306
4071,CMTM7,0.99934417
4072,ESS2,0.9957475
4073,GORASP1,0.98235816
4074,ALOX5,0.99241877
4075,TRAF3IP2,0.996191
4076,PAICS,0.9983646
4077,SLC2A8,0.9968979
4078,CRY2,0.99789095
4079,IAH1,0.99753314
4080,KIDINS220,0.99971604
4081,HYAL2,0.9976614
4082,GTF2F2,0.9993396
4083,MECP2,0.9997413
4084,SNCG,0.9855091
4085,ATXN2,0.99991345
4086,PEX26,0.99764794
4087,ECT2,0.9844915
4088,POLR3E,0.99816436
4089,FCHSD1,0.9996719
4090,ARID5B,0.99415374
4091,CREB1,0.99839646
4092,DRAM2,0.999366
4093,JMJD6,0.99592274
4094,H6PD,0.9997627
4095,ERAL1,0.9984209
4096,HIST1H2AC,0.994443
4097,PARN,0.99654245
4098,KCNK6,0.9958814
4099,CREBBP,0.9990508
4100,FAT1,0.99648243
4101,NUP93,0.99905294
4102,CREB3L1,0.9945507
4103,CD248,0.94391996
4104,ZNF385A,0.8812143
4105,ELP6,0.9974093
4106,GNB4,0.9994747
4107,BZW2,0.99915487
4108,MIER2,0.99960774
4109,GFOD1,0.99876624
4110,CEP89,0.99792814
4111,BZW1,0.97283864
4112,NOTCH1,0.9833185
4113,ZNF644,0.9996583
4114,HBEGF,0.9742386
4115,LOX,0.9997323
4116,ZC3H3,0.99914914
4117,TANK,0.99774
4118,ZDHHC4,0.9985492
4119,SORL1,0.9980295
4120,RTF1,0.9931269
4121,GINM1,0.9988523
4122,ZMYND19,0.99960583
4123,DGKD,0.99173313
4124,LRP3,0.9900549
4125,EGLN3,0.9982986
4126,CTNNAL1,0.9972646
4127,PDRG1,0.9994636
4128,CYB561A3,0.99602795
4129,PLEKHM1,0.9914301
4130,KLF9,0.952521
4131,ZNHIT3,0.99784595
4132,CENPW,0.9994352
4133,TNFAIP1,0.9978571
4134,STK4,0.9952094
4135,MARCH5,0.9919649
4136,CAMK2D,0.998878
4137,SSH3,0.99799913
4138,PXDC1,0.9853465
4139,TPGS1,0.98369217
4140,EXOSC10,0.9993529
4141,RALGAPB,0.9986503
4142,PFDN1,0.9990999
4143,LEPROTL1,0.9974584
4144,OSGEP,0.9981422
4145,CLDN1,0.98837227
4146,C1orf21,0.9662862
4147,FNIP2,0.9900926
4148,AAR2,0.99910957
4149,ARHGEF11,0.998693
4150,TNKS,0.9969668
4151,IFFO1,0.97944164
4152,ZFHX3,0.99904513
4153,UBAP2,0.9978402
4154,PUM3,0.9994022
4155,GTF2IRD1,0.9994853
4156,PPIH,0.99297124
4157,TTC37,0.99237734
4158,GGH,0.99929637
4159,PHF11,0.997986
4160,PDCD11,0.9997773
4161,SUGP2,0.9982815
4162,KRTCAP2,0.99197394
4163,HELZ2,0.99798083
4164,PLA2G2A,0.986461
4165,POLR3D,0.9956539
4166,OSTM1,0.99449307
4167,PMM1,0.9950883
4168,HMOX2,0.98645467
4169,ZMYND8,0.999176
4170,RELB,0.9960351
4171,MPDU1,0.9991804
4172,HCLS1,0.9922841
4173,PER1,0.9977374
4174,NF2,0.9951585
4175,FAM199X,0.9978202
4176,MTMR14,0.9981949
4177,RASSF7,0.99930954
4178,SAP30L,0.9985172
4179,GGCX,0.9996349
4180,AIMP1,0.99840283
4181,CTIF,0.9979083
4182,CTSF,0.9976786
4183,STK17B,0.99831367
4184,SH3BP4,0.9990391
4185,ZC3H12A,0.9993345
4186,ZDHHC6,0.9988496
4187,PPP2R3C,0.99837416
4188,RAB9A,0.9730446
4189,PPP4R3B,0.9945914
4190,GYG1,0.99734455
4191,PEMT,0.9992332
4192,HLA-DQB1,0.9961644
4193,VARS2,0.9991431
4194,MAN1A2,0.9996314
4195,HAX1,0.99861306
4196,LRRC8A,0.99261665
4197,ASS1,0.736207
4198,NFKBIE,0.9991638
4199,IVD,0.99113804
4200,SLC43A2,0.9933667
4201,TMEM33,0.9994347
4202,SPSB1,0.9761115
4203,DTX3,0.99789554
4204,STK10,0.9995312
4205,SLC7A6,0.99836284
4206,SLC39A6,0.99767643
4207,OSBPL3,0.9993685
4208,SLC26A6,0.99556303
4209,MTHFD1L,0.9991629
4210,ACYP2,0.9956716
4211,NOL3,0.9983575
4212,UCK1,0.9971595
4213,MICA,0.9935586
4214,RPA1,0.9991929
4215,KDM4B,0.99885684
4216,BRD8,0.9996994
4217,RNF44,0.99671537
4218,CSAD,0.9994829
4219,USB1,0.9919436
4220,HTRA2,0.99963164
4221,ZC3H15,0.99954766
4222,UBE4A,0.99966645
4223,TNS2,0.9995261
4224,GIT2,0.9982848
4225,HSD17B11,0.9830186
4226,DPF2,0.99862975
4227,SEL1L3,0.9978288
4228,RBP1,0.9989414
4229,SLC39A11,0.9989989
4230,PANK2,0.9998122
4231,DESI2,0.994682
4232,UFD1,0.99840593
4233,RILPL1,0.99829787
4234,COX7A1,0.9864246
4235,TBC1D16,0.9961198
4236,SETD3,0.9966039
4237,PCGF5,0.99727184
4238,GMPR2,0.9987364
4239,KDM5A,0.9978855
4240,RARRES1,0.98522884
4241,FAM219A,0.999053
4242,TPST2,0.99974513
4243,CCHCR1,0.9925844
4244,ADA,0.99827737
4245,VPS35L,0.99872833
4246,TAPBPL,0.99570245
4247,LRCH3,0.9992539
4248,TSN,0.99661565
4249,DHX34,0.9996498
4250,RHBDD3,0.9979628
4251,PLCD3,0.988044
4252,SNRPA1,0.9990907
4253,FOXO1,0.99729484
4254,SCARB1,0.9976573
4255,TSPAN17,0.9997037
4256,TOR1A,0.99656725
4257,MCCC1,0.99834996
4258,THRA,0.9985468
4259,CDK5RAP2,0.99924207
4260,HERC1,0.999515
4261,EDEM3,0.9970568
4262,CEP250,0.99949425
4263,ITSN2,0.99902636
4264,RNF41,0.99644095
4265,P4HA2,0.9963823
4266,MET,0.99949783
4267,GALNS,0.9974623
4268,OTUD7B,0.99863887
4269,TOMM70,0.9981871
4270,ANKIB1,0.99915856
4271,PDZD11,0.9990234
4272,CEMIP2,0.995333
4273,PCF11,0.9996221
4274,ZNF131,0.99864036
4275,ATP6V1C1,0.99854666
4276,CAPN15,0.9994099
4277,INPP5A,0.9974583
4278,SH3YL1,0.9983528
4279,DCAF15,0.9982129
4280,ST6GALNAC4,0.9993308
4281,LMBR1L,0.999363
4282,ATAD1,0.99601907
4283,SUGT1,0.98468477
4284,MPPE1,0.9982875
4285,TRIM11,0.98384476
4286,DPH7,0.9987111
4287,PREPL,0.9987704
4288,UBALD1,0.9992829
4289,HMCES,0.99720925
4290,SLC30A7,0.9989574
4291,CWC25,0.99881905
4292,HACD3,0.9980288
4293,TULP4,0.99863166
4294,KMT5B,0.99499816
4295,RYBP,0.9983163
4296,POGK,0.9987235
4297,PHC1,0.99798816
4298,MICU1,0.9945328
4299,UBFD1,0.9782567
4300,ULK3,0.9989601
4301,SLC4A7,0.9982169
4302,DNAJC11,0.99971485
4303,NFATC3,0.99957234
4304,UBL7,0.99929285
4305,URM1,0.9988709
4306,ACAT1,0.9889746
4307,NECAB3,0.9992835
4308,PPP2R5E,0.9993279
4309,TDP2,0.99591404
4310,NTHL1,0.9966576
4311,MGP,0.99864626
4312,NCKIPSD,0.99859935
4313,GMPPB,0.9991143
4314,VTI1A,0.9974095
4315,TMEM115,0.9801369
4316,ESRP1,0.99853534
4317,ZBTB7B,0.97689867
4318,APPL1,0.9973888
4319,SERINC5,0.9973722
4320,ADGRA2,0.98874235
4321,HADH,0.99666333
4322,GLIS2,0.9965546
4323,EPHB4,0.98499346
4324,ALG2,0.9984663
4325,UTP4,0.99646306
4326,THAP4,0.9992463
4327,FES,0.99973375
4328,AMPD2,0.999598
4329,VRK3,0.999146
4330,C12orf75,0.98903686
4331,SCCPDH,0.9952221
4332,TRIP10,0.9914684
4333,STX8,0.9914658
4334,NCEH1,0.99602365
4335,SLC5A6,0.9967781
4336,SECISBP2,0.9973976
4337,PYGO2,0.99815345
4338,PLEKHG5,0.984296
4339,CXCL8,0.99541616
4340,ARRDC2,0.99946815
4341,HSPB8,0.91853005
4342,TNFRSF25,0.9994169
4343,ARFGEF2,0.99832034
4344,SH3TC1,0.9958157
4345,TYSND1,0.9991162
4346,CERS5,0.9993821
4347,VLDLR,0.9989254
4348,RNF141,0.7967238
4349,ITPRIP,0.9921401
4350,IPO8,0.99901104
4351,SH3BP5,0.9903765
4352,MAP3K5,0.99907374
4353,MSRB1,0.997989
4354,PRC1,0.99698925
4355,FBXL3,0.99935037
4356,DAAM1,0.94079846
4357,ZMYND11,0.9874437
4358,AIDA,0.9913711
4359,TRRAP,0.9944412
4360,PIGG,0.9976909
4361,LIMD1,0.99727607
4362,MED21,0.99745435
4363,ALDH3A2,0.99948597
4364,DGKQ,0.99958736
4365,SUMF1,0.9993453
4366,SPG11,0.99915385
4367,FBXL19,0.99963444
4368,SCMH1,0.9968145
4369,FTSJ1,0.9988367
4370,LAMA3,0.989574
4371,WRAP73,0.9992435
4372,UFM1,0.99026346
4373,MARF1,0.99936396
4374,GLOD4,0.9990743
4375,GNG11,0.826236
4376,PCYT1A,0.9149377
4377,BTN2A1,0.99881506
4378,CCSER2,0.9992954
4379,PSMD10,0.99651694
4380,USP48,0.99954176
4381,SERPINE2,0.9866378
4382,MPC1,0.9833545
4383,BTN3A1,0.9992173
4384,CFL2,0.9953775
4385,HUS1,0.99870086
4386,PRKCD,0.9988227
4387,ROBO1,0.9950488
4388,SCAF4,0.99846816
4389,ANKRD12,0.99895054
4390,HSF4,0.9902355
4391,CFAP97,0.99063134
4392,BOD1,0.99775475
4393,FANCA,0.9973665
4394,EPB41,0.99580723
4395,UBR1,0.9980318
4396,SKIV2L,0.9995205
4397,ARID2,0.9991351
4398,AMZ2,0.99869704
4399,FBXO44,0.9987328
4400,BLVRA,0.99700093
4401,DDB2,0.97779256
4402,ALDH18A1,0.9979496
4403,TRAF5,0.9933464
4404,SNX29,0.99802446
4405,CSF1,0.9583156
4406,COQ8A,0.8923779
4407,FMNL2,0.9949007
4408,BRIX1,0.9996107
4409,PDGFA,0.99638134
4410,PTPRE,0.99739903
4411,ACAP1,0.9963743
4412,MRGPRF,0.97332805
4413,C1QTNF6,0.99966496
4414,TEX264,0.9926729
4415,BTN3A3,0.9935077
4416,DGKZ,0.99928564
4417,JAG2,0.9985881
4418,WASHC5,0.99899584
4419,PPP2R5D,0.9961264
4420,CUL7,0.99675065
4421,ANKS1A,0.99919504
4422,POP7,0.8963453
4423,IGSF8,0.99311656
4424,RPF1,0.99927235
4425,ZDHHC24,0.995804
4426,GEM,0.98785573
4427,MSH2,0.9994452
4428,TMEM238,0.9975392
4429,SLC25A29,0.99935985
4430,SEMA5A,0.94801027
4431,IMPA2,0.9968354
4432,SNRK,0.9800003
4433,RUVBL1,0.9988254
4434,ABCD3,0.99762726
4435,ST6GAL1,0.9987039
4436,MTX1,0.99928856
4437,ENTR1,0.99734265
4438,ATP8B2,0.9985297
4439,WIPF2,0.99842453
4440,KIAA0319L,0.9996033
4441,TCEA1,0.9973367
4442,GMDS,0.99822026
4443,KMT5A,0.9903719
4444,STRN3,0.99907804
4445,MYO1D,0.9721181
4446,BCL2L13,0.99900746
4447,STAMBP,0.9996741
4448,HDHD3,0.9988926
4449,TMEM158,0.99171466
4450,TMEM101,0.99895287
4451,GNL2,0.9994011
4452,VEZT,0.9989843
4453,RRNAD1,0.9967499
4454,RNF185,0.99859476
4455,HDAC3,0.9961938
4456,SIGLEC1,0.9971984
4457,CPSF2,0.9986334
4458,LRSAM1,0.9974675
4459,LPCAT3,0.99904746
4460,FTSJ3,0.9972606
4461,MICU2,0.99510145
4462,HDAC4,0.998425
4463,CDH5,0.9812324
4464,DHX36,0.9996337
4465,RAP2A,0.9847765
4466,ELK1,0.997544
4467,MPDZ,0.99137133
4468,PIK3C2A,0.9993976
4469,LRRC32,0.9744999
4470,FBXO28,0.9997044
4471,MCM4,0.9984277
4472,INTS10,0.99876213
4473,ABCC3,0.99870205
4474,FRYL,0.99870557
4475,TCHP,0.99966747
4476,ATM,0.9960843
4477,SMU1,0.99617845
4478,KRIT1,0.9998786
4479,S100PBP,0.9989374
4480,PRPF39,0.9988193
4481,RAMP3,0.94848895
4482,ZNF524,0.99931914
4483,ALS2CL,0.99942094
4484,SLC11A1,0.99871105
4485,FOXM1,0.9983916
4486,ZFAND1,0.99892884
4487,CMAS,0.9957759
4488,SLC39A9,0.9994456
4489,ACSF3,0.9986678
4490,INPP4A,0.99820656
4491,TFEB,0.99637675
4492,CSGALNACT2,0.99027246
4493,VPS13B,0.9992471
4494,KANK1,0.9990115
4495,GPSM1,0.9852659
4496,ITGA2,0.93039256
4497,SART3,0.99913305
4498,ZFYVE27,0.99768806
4499,SMYD5,0.9971194
4500,IGHMBP2,0.99718165
4501,HDAC6,0.9993992
4502,OSBP,0.99829525
4503,PODXL,0.9952279
4504,SLC47A1,0.9993643
4505,AXIN1,0.99986625
4506,ARL8A,0.99578744
4507,ATP6V1H,0.99968034
4508,ZC3HAV1,0.9977737
4509,ORAI2,0.99542546
4510,PRKRA,0.9972151
4511,RHBDF1,0.99842924
4512,GPR137,0.9991262
4513,DENND1A,0.99930364
4514,AIG1,0.9980733
4515,YJU2,0.998528
4516,QSOX2,0.9996863
4517,TJAP1,0.9960277
4518,USP40,0.9963797
4519,IFIH1,0.9987268
4520,CISD2,0.94319457
4521,SPOUT1,0.9992044
4522,DPH2,0.99880147
4523,TCEA2,0.9988117
4524,RTKN2,0.9568551
4525,KLF16,0.99838847
4526,TRAFD1,0.98776764
4527,ZDHHC8,0.9962051
4528,SNTA1,0.9909716
4529,PICK1,0.9991915
4530,METAP1,0.9951482
4531,BAZ2B,0.999481
4532,NT5E,0.97938365
4533,MVB12A,0.99864143
4534,LDLR,0.9949743
4535,KBTBD2,0.999417
4536,GLIPR1,0.90725636
4537,AHCTF1,0.9991281
4538,YAF2,0.99632436
4539,NFIL3,0.98915356
4540,CD53,0.9945752
4541,FAM111A,0.99689287
4542,SURF6,0.9989689
4543,KCNK1,0.9995818
4544,MAP1S,0.8873345
4545,YIPF1,0.9987778
4546,PAIP1,0.9991165
4547,ST3GAL2,0.99349016
4548,NAE1,0.99834967
4549,DECR1,0.96779376
4550,POLL,0.9988241
4551,FAM118A,0.9993088
4552,DIS3,0.9991891
4553,MGMT,0.9996867
4554,APMAP,0.995485
4555,UPF3A,0.9933681
4556,SDCCAG8,0.99832696
4557,LIPA,0.9986625
4558,ACOX3,0.9847091
4559,ZDHHC9,0.9985862
4560,AKNA,0.89939237
4561,KRT7,0.6572946
4562,UBL4A,0.99939114
4563,VPS52,0.9995397
4564,FYCO1,0.9983969
4565,TNRC6A,0.9998331
4566,BABAM2,0.9992096
4567,ZBTB44,0.9992526
4568,WIPI1,0.9930226
4569,PLPP5,0.9956531
4570,CD109,0.9731248
4571,MPV17,0.9986842
4572,MACO1,0.9972219
4573,KLHDC8B,0.992137
4574,NAV2,0.99780345
4575,NF1,0.9991048
4576,VRK2,0.9824095
4577,PTPRU,0.9990096
4578,COBLL1,0.9977533
4579,ZNF276,0.99936724
4580,ZNF384,0.9976866
4581,DRAM1,0.9973784
4582,COQ9,0.99966127
4583,C2orf68,0.9985175
4584,ZNHIT6,0.99742883
4585,ERVK3-1,0.99632853
4586,HMGXB3,0.9978488
4587,CCNG1,0.99861956
4588,LSM12,0.9983356
4589,PFKM,0.99687093
4590,SNAP23,0.9979227
4591,APBB1,0.8827184
4592,CENPN,0.99698085
4593,PHF23,0.99966717
4594,WDR61,0.9994583
4595,SLC12A9,0.99795026
4596,TSKU,0.9976471
4597,KLC2,0.9953611
4598,NFIX,0.99479955
4599,ENOPH1,0.9974785
4600,ING1,0.996605
4601,DHX8,0.99979854
4602,COMMD9,0.9988168
4603,SIPA1L3,0.99804544
4604,UTP6,0.999213
4605,UGGT2,0.9987518
4606,MAP3K7,0.99957055
4607,BBX,0.9567647
4608,SACM1L,0.9972467
4609,FBXO42,0.9991748
4610,SORBS2,0.9085455
4611,GART,0.9984326
4612,TRIM25,0.99942636
4613,ING4,0.9994903
4614,DARS,0.9953265
4615,UBN1,0.99769044
4616,PRMT7,0.99795717
4617,PCDH1,0.9876717
4618,EME2,0.99970573
4619,ODF2,0.99969435
4620,HIF1AN,0.9981141
4621,EMC6,0.99278075
4622,ATP6V1D,0.99210757
4623,MAST4,0.9977741
4624,SEC23IP,0.99870235
4625,ZNF317,0.9992092
4626,PLPP2,0.9918845
4627,NOL8,0.99952555
4628,MST1R,0.99957323
4629,EZH1,0.9956749
4630,PARP4,0.99846363
4631,TSC22D4,0.97754437
4632,JPH2,0.97544956
4633,HINT2,0.9965759
4634,SLC8B1,0.99794835
4635,TTLL12,0.9970855
4636,TSR2,0.99863166
4637,RECQL5,0.9995988
4638,TRIM33,0.9978146
4639,HECTD4,0.9996187
4640,TENT5A,0.99799806
4641,RNF139,0.9795966
4642,MPHOSPH8,0.99586725
4643,C19orf12,0.98591584
4644,TCOF1,0.9994927
4645,EGLN1,0.99914235
4646,PHTF2,0.99932426
4647,HIC1,0.9940955
4648,ESAM,0.9978742
4649,TFPT,0.88793844
4650,ACVRL1,0.99358034
4651,DNAJB12,0.9952116
4652,MSL2,0.999052
4653,CITED2,0.9047714
4654,USP1,0.9987362
4655,DIP2A,0.99631137
4656,RND3,0.96859217
4657,TUBGCP3,0.9950729
4658,ASF1B,0.99958634
4659,PITPNC1,0.9733805
4660,DDHD1,0.9985977
4661,ITGB8,0.99777776
4662,RUBCN,0.9987836
4663,PLEKHA5,0.99887973
4664,ZC3H14,0.99902064
4665,NT5C3B,0.9960925
4666,KLF5,0.99906176
4667,VPS11,0.9973565
4668,SLC25A44,0.9984543
4669,PWP1,0.99940175
4670,TTC39B,0.9988373
4671,POLR3H,0.998697
4672,APOL3,0.9972014
4673,C4orf48,0.8799667
4674,DIAPH2,0.994026
4675,SLC30A1,0.9683063
4676,DUSP7,0.99609303
4677,LRRC58,0.99883205
4678,VASN,0.99844867
4679,ITGA7,0.95279866
4680,NAPG,0.99971724
4681,ZNF688,0.9995915
4682,PDIA5,0.99933696
4683,SCARA3,0.9910526
4684,ABHD11,0.98702544
4685,SCRN2,0.99943143
4686,ADK,0.9996833
4687,BIRC5,0.9951093
4688,UTP11,0.99917793
4689,KLHDC7B,0.9444942
4690,GSE1,0.9277592
4691,CDT1,0.9972059
4692,IARS,0.99780035
4693,FHL3,0.9911108
4694,AKAP11,0.986468
4695,RRAGA,0.9972678
4696,ACOT8,0.99939084
4697,CLIP2,0.9943578
4698,ALDH3B1,0.9982628
4699,CLEC2B,0.994674
4700,ATE1,0.9987784
4701,UQCR11,0.96177197
4702,C12orf49,0.99874735
4703,FAM83H,0.9976473
4704,ATF6B,0.9909132
4705,HSD17B4,0.9996614
4706,TBC1D14,0.9994418
4707,CXCL9,0.77093166
4708,NSMCE1,0.99949926
4709,ALDH2,0.96816605
4710,PHF13,0.9986091
4711,MXD3,0.9983199
4712,KIAA0232,0.99848175
4713,FDX1,0.99863213
4714,CCL18,0.98419625
4715,DYRK2,0.9976359
4716,TP53INP1,0.9981826
4717,NUP205,0.999306
4718,VPS8,0.99895567
4719,MALSU1,0.9959671
4720,DHX35,0.9991463
4721,B3GALT6,0.99901515
4722,PPME1,0.99933904
4723,ELMO2,0.9945573
4724,FARSB,0.99868083
4725,C20orf27,0.9987739
4726,MAML2,0.986811
4727,RAC2,0.99679214
4728,HS6ST1,0.9760216
4729,DGLUCY,0.994869
4730,MMP12,0.9979748
4731,ZBTB48,0.9977332
4732,FADS1,0.9992368
4733,NEGR1,0.96496326
4734,SLC50A1,0.9933979
4735,RHPN1,0.99947006
4736,ASMTL,0.99844766
4737,VEZF1,0.9954327
4738,XPR1,0.9984493
4739,MRNIP,0.99208784
4740,TMEM175,0.9995277
4741,MTOR,0.9984402
4742,MID1,0.9998271
4743,CRLS1,0.99828434
4744,FN3KRP,0.9715352
4745,DCBLD2,0.9967172
4746,CHD8,0.9985396
4747,CBLC,0.9758981
4748,STK39,0.99730444
4749,MAP3K13,0.99886674
4750,ECHDC1,0.99745226
4751,TMEM185A,0.99865246
4752,SNN,0.9955395
4753,GTF2A1,0.99896574
4754,BACH1,0.99939424
4755,UXS1,0.99820566
4756,SLPI,0.9998351
4757,MLPH,0.99900556
4758,COG1,0.9899191
4759,NOC4L,0.9995671
4760,KCTD13,0.99901
4761,IER5L,0.9963793
4762,NR2C1,0.99960595
4763,TMCO4,0.9954304
4764,ADCK5,0.99944335
4765,POM121C,0.9987586
4766,LRRC45,0.9975236
4767,SMC3,0.998627
4768,DIP2C,0.99856776
4769,CETN2,0.9958768
4770,WDR77,0.99897784
4771,RRAS2,0.9990821
4772,SOS1,0.99834275
4773,ACTL6A,0.99040526
4774,ZBTB20,0.994808
4775,VTI1B,0.998743
4776,ZNF195,0.9995899
4777,ITGA11,0.99933815
4778,MYO15B,0.99915034
4779,ME3,0.98847574
4780,EXOSC2,0.99979955
4781,TEAD3,0.99296576
4782,TP53I3,0.99609596
4783,TOMM34,0.9960995
4784,EIF3E,0.9904554
4785,TDG,0.99667287
4786,PRKAB1,0.99612826
4787,EZH2,0.9989646
4788,TBC1D5,0.99673057
4789,GTF2H1,0.99979585
4790,CES2,0.92437667
4791,DIP2B,0.89041525
4792,PIP4K2A,0.96894616
4793,RFC4,0.99308175
4794,DOCK6,0.9982092
4795,RFXANK,0.99970436
4796,MFSD11,0.9957029
4797,EEF2K,0.9990898
4798,INPP5B,0.99783677
4799,NOL10,0.9984419
4800,ARFGEF1,0.9974844
4801,GRPEL1,0.9988899
4802,MAPK8,0.9998059
4803,TTL,0.999718
4804,MTCL1,0.9943671
4805,PITPNM2,0.9977606
4806,PPIP5K2,0.9960447
4807,TMX3,0.99838716
4808,CISD1,0.9987309
4809,RCOR3,0.9982557
4810,XPO7,0.9992574
4811,CRKL,0.99813646
4812,NUSAP1,0.9732706
4813,COPZ2,0.9747904
4814,RAB25,0.98736423
4815,TOP3B,0.99652976
4816,GABBR1,0.9989278
4817,NOL9,0.9992431
4818,POP5,0.99985504
4819,PCED1B,0.99725217
4820,LIN7C,0.9730153
4821,SYNE1,0.98526317
4822,ZNF586,0.9984221
4823,PRKCZ,0.9991121
4824,RBM47,0.9838655
4825,ZNF76,0.94758016
4826,CNKSR3,0.9956095
4827,PRCP,0.997385
4828,ISG20L2,0.9993555
4829,IDH3A,0.99760836
4830,DDX51,0.99849296
4831,ZNF282,0.9988408
4832,TNFRSF1B,0.9972331
4833,NTAN1,0.99819994
4834,NEURL1B,0.9991322
4835,CPSF3,0.99750394
4836,RORA,0.9975117
4837,RAD9A,0.99962616
4838,CFAP20,0.9978737
4839,FAM168A,0.9922659
4840,MAPKAPK3,0.98858786
4841,VPS72,0.9316049
4842,DCAF6,0.9996412
4843,CBFA2T2,0.99894077
4844,LRRC42,0.9991307
4845,RNF20,0.9981556
4846,SLIT3,0.9725259
4847,LTA4H,0.99895716
4848,EPRS,0.9969935
4849,TMEM106C,0.9992728
4850,TRIB2,0.9828536
4851,UBE2V2,0.9993327
4852,DEXI,0.9803686
4853,LYPLAL1,0.9933931
4854,UAP1,0.9994113
4855,SPRY1,0.9603111
4856,RFC1,0.99957514
4857,SETD2,0.99727386
4858,TRAPPC6B,0.99419814
4859,EXTL3,0.99882835
4860,GTF3C3,0.99983567
4861,RREB1,0.9988062
4862,IGHG2,0.91509193
4863,CLCN3,0.9997298
4864,SH3BP5L,0.98949915
4865,TACC3,0.99519897
4866,PRKG1,0.97713995
4867,LSM6,0.99650335
4868,SLC40A1,0.893709
4869,FRA10AC1,0.996613
4870,CCDC82,0.9992779
4871,WDR41,0.9968342
4872,SNX21,0.9941489
4873,VPS13D,0.9959162
4874,GNB5,0.9978599
4875,GSDMB,0.99528736
4876,EIF2D,0.9996031
4877,LPIN1,0.99924326
4878,WDR59,0.9991586
4879,APBB3,0.9993122
4880,UBLCP1,0.9986906
4881,PYGL,0.9991819
4882,EIF4ENIF1,0.9982855
4883,B4GALT7,0.9996075
4884,NCAPD3,0.9985409
4885,HSD17B12,0.99975103
4886,SMNDC1,0.9986648
4887,DCUN1D2,0.998547
4888,MS4A6A,0.99389696
4889,RNF19A,0.9970773
4890,TMEM181,0.9918182
4891,KCTD3,0.99730915
4892,PKDCC,0.9955875
4893,KCTD17,0.99579686
4894,EMP2,0.99555415
4895,SWI5,0.9830968
4896,DHX40,0.9979145
4897,SRPRB,0.9994113
4898,COA5,0.9982664
4899,AKIRIN2,0.9995976
4900,DERL3,0.999176
4901,IL10RA,0.98703235
4902,RNF34,0.9995678
4903,NEK6,0.99851394
4904,RAB24,0.99397177
4905,LRFN4,0.99959546
4906,STXBP3,0.9996415
4907,LPIN2,0.97553617
4908,WDR81,0.9977539
4909,IREB2,0.9986174
4910,B4GALT4,0.9994071
4911,ADCY3,0.9983363
4912,SPATS2,0.9986598
4913,SEC23B,0.99833566
4914,MTMR12,0.99643254
4915,RNF166,0.9781382
4916,TARBP1,0.99858
4917,VBP1,0.99755335
4918,GMIP,0.9659528
4919,DNAJA2,0.9960708
4920,CCDC85C,0.9965837
4921,SECTM1,0.99964696
4922,KIAA0355,0.9992502
4923,SIK2,0.9986388
4924,SMAP1,0.99891645
4925,MMAB,0.9987958
4926,PDCD10,0.96244437
4927,YTHDF3,0.9992526
4928,SEC24B,0.9993492
4929,RUFY2,0.9959474
4930,MPZL2,0.99778986
4931,ZNF292,0.99754167
4932,CUL4B,0.9993717
4933,PGM2,0.989613
4934,MTERF4,0.99857354
4935,ZNRF1,0.9995828
4936,NPRL3,0.9979594
4937,KLHL36,0.9956066
4938,ACSL4,0.9934339
4939,GJC1,0.9919009
4940,USP16,0.99877
4941,COMMD5,0.9963215
4942,SESN3,0.99928427
4943,WDFY2,0.9987307
4944,OOEP,0.9970982
4945,ATG4D,0.999471
4946,CAMK1D,0.99877477
4947,EPS8,0.961874
4948,USP6NL,0.9951794
4949,TTC9C,0.9782031
4950,AEBP2,0.998606
4951,CD58,0.9993618
4952,ZNF703,0.9922597
4953,SLC48A1,0.99935246
4954,ENOSF1,0.99927646
4955,KYAT3,0.9990681
4956,TMEM70,0.99392724
4957,SOX13,0.9981677
4958,EBF4,0.9948353
4959,RTKN,0.9994057
4960,CHMP7,0.99869674
4961,UQCRFS1,0.99873084
4962,ORAI1,0.99726486
4963,AMIGO2,0.99655914
4964,FAM76B,0.99973506
4965,SLC35B1,0.991179
4966,XRCC1,0.99661636
4967,CNPPD1,0.99719405
4968,EPHA2,0.90608424
4969,USP12,0.9985609
4970,ALG12,0.99461955
4971,AKAP6,0.98997694
4972,C11orf49,0.973638
4973,DTYMK,0.9973294
4974,FAM107B,0.9987065
4975,TFDP2,0.99920326
4976,ATMIN,0.99928683
4977,ZC3H13,0.9965458
4978,LAD1,0.968283
4979,FGFRL1,0.99796337
4980,CEP104,0.9988539
4981,TINF2,0.99726504
4982,ZNF362,0.9956309
4983,EIF2B4,0.9979062
4984,EMC9,0.99665755
4985,TNRC6B,0.997626
4986,THBS3,0.99785215
4987,PRR12,0.99877596
4988,RPAIN,0.99939305
4989,GLI4,0.9973264
4990,AHI1,0.9954037
4991,DCHS1,0.9455938
4992,ORMDL2,0.98053265
4993,ARHGAP26,0.99796057
4994,MSH6,0.98057413
4995,LYRM4,0.99411255
4996,NUMBL,0.9985507
4997,PNPO,0.998934
4998,CYTH4,0.99911547
4999,PRKAR1B,0.9986477
5000,MEIS2,0.999523
5001,POLR1A,0.99730676
5002,AVPI1,0.9962428
5003,DDA1,0.997001
5004,TUFT1,0.9967974
5005,PPOX,0.9913192
5006,CDH3,0.93454343
5007,ETV3,0.99286604
5008,CERK,0.9982299
5009,IFI27L2,0.9942768
5010,TANC1,0.9978924
5011,SLC25A25,0.9959188
5012,MEGF6,0.9990851
5013,SPG7,0.99840754
5014,BCL2L11,0.9986213
5015,P2RX4,0.99504
5016,FUCA2,0.99663496
5017,ATF2,0.98213226
5018,PSD4,0.99845576
5019,TPCN2,0.99691445
5020,TUBB2A,0.99754477
5021,YES1,0.99849766
5022,YIPF5,0.9974765
5023,TCF21,0.94293076
5024,GCLC,0.9676554
5025,RFX2,0.9741184
5026,BICD1,0.99735314
5027,CDK12,0.99767065
5028,PDPR,0.9995757
5029,UNC50,0.9994319
5030,SPOCK1,0.9944779
5031,PREP,0.9990406
5032,RFWD3,0.995763
5033,URB1,0.99895436
5034,RECQL4,0.99880725
5035,P3H4,0.9961672
5036,HDDC2,0.99902636
5037,NREP,0.9992168
5038,MATN2,0.99860436
5039,ABLIM3,0.9801729
5040,UNC13B,0.99987715
5041,MTIF3,0.9987348
5042,CPXM2,0.9771077
5043,TMEM176A,0.94866854
5044,TMEM9B,0.9861717
5045,PAQR7,0.98076516
5046,EIF2AK4,0.99705964
5047,SNAPC3,0.9949598
5048,TFCP2,0.99934435
5049,EPM2AIP1,0.993684
5050,DESI1,0.9979923
5051,NCAPG2,0.99144953
5052,PHF12,0.99786764
5053,TRIM65,0.9989926
5054,UAP1L1,0.99932534
5055,ARHGAP18,0.9961609
5056,DENND2D,0.9987228
5057,FAN1,0.9987128
5058,LHPP,0.99627036
5059,GOLPH3L,0.99820143
5060,SMAD5,0.9988177
5061,AMOTL2,0.9803798
5062,DDX18,0.99818987
5063,CHAF1A,0.9987636
5064,CRYBG1,0.99909085
5065,HPS4,0.9980721
5066,STAP2,0.99945754
5067,MAP3K8,0.99769026
5068,TEDC1,0.9994025
5069,HCST,0.9758275
5070,PPIC,0.98809546
5071,RFC2,0.99650747
5072,SRRM1,0.9873068
5073,MELTF,0.99874324
5074,TAF12,0.98704505
5075,EXOC6B,0.9367148
5076,CEP170,0.9978936
5077,MEIS1,0.99507254
5078,TUSC3,0.99914145
5079,NUP153,0.9996839
5080,EBPL,0.99291164
5081,IQGAP3,0.99796885
5082,SNAPC2,0.99782306
5083,PPP3CC,0.95739585
5084,ABCD4,0.99489135
5085,ARNT,0.9981976
5086,CHST15,0.99892586
5087,TBC1D25,0.9981217
5088,RNF146,0.96412414
5089,DVL2,0.9993441
5090,TBCC,0.9965741
5091,MSTO1,0.99588084
5092,JMY,0.9973962
5093,SNX14,0.99545866
5094,NIT2,0.99059653
5095,RPIA,0.9993059
5096,CCDC86,0.9990117
5097,INPP5D,0.9993944
5098,GK5,0.99949807
5099,EPB41L3,0.8686247
5100,FAM160A2,0.99775153
5101,GFPT1,0.999485
5102,IL17RC,0.9985213
5103,LGR4,0.9865758
5104,SNRPE,0.98748827
5105,VSIG4,0.9658811
5106,GFER,0.9981234
5107,NEK4,0.99751586
5108,MPEG1,0.9702454
5109,GGACT,0.99741465
5110,TRAF3,0.9914716
5111,CCDC9,0.9985404
5112,CELF2,0.9948371
5113,MED14,0.99870247
5114,KRR1,0.9974888
5115,MALT1,0.9971571
5116,FAM189B,0.99143976
5117,CRLF3,0.99928284
5118,IKBKE,0.9991374
5119,POPDC2,0.9829469
5120,LRBA,0.9986922
5121,NT5DC3,0.98935896
5122,DDX19A,0.9989012
5123,EIF4E3,0.9965496
5124,AACS,0.9589489
5125,MUL1,0.9976118
5126,DDX55,0.9977661
5127,TRIM69,0.9985406
5128,NEBL,0.9994572
5129,DHCR7,0.9994847
5130,TRUB2,0.9906051
5131,LAMTOR3,0.99646115
5132,RARA,0.9920485
5133,SCAMP1,0.9986684
5134,CDK9,0.99630314
5135,CCZ1,0.988867
5136,OAT,0.99703664
5137,YDJC,0.9985468
5138,SERTAD3,0.9990062
5139,ITGAX,0.99965173
5140,PROSER1,0.9986561
5141,ZC3H18,0.99828404
5142,CERS6,0.9986512
5143,GSR,0.9999116
5144,TRIM41,0.9987814
5145,MPHOSPH10,0.9994871
5146,SIX5,0.99591637
5147,DLG3,0.9972438
5148,TIMM9,0.9948075
5149,ORC4,0.9989063
5150,MRGBP,0.99977773
5151,RCE1,0.9983718
5152,TM7SF3,0.99947906
5153,DCAF12,0.997916
5154,CACNB3,0.999417
5155,NAGA,0.9984288
5156,PLK1,0.998774
5157,SAMM50,0.99793166
5158,RMC1,0.9877314
5159,SGCE,0.98380214
5160,XIAP,0.99941224
5161,ATG2A,0.99819595
5162,KIFAP3,0.99778795
5163,CDC42EP5,0.9989314
5164,BCL2,0.97390956
5165,KCTD5,0.9997039
5166,HIP1,0.9986875
5167,ERMP1,0.98557687
5168,FAM193A,0.993613
5169,PM20D2,0.9972766
5170,SQLE,0.9969864
5171,PDS5B,0.998929
5172,FZD6,0.99794525
5173,TAF11,0.99718404
5174,MAP3K14,0.99326444
5175,NACC2,0.99721265
5176,UCHL3,0.9991854
5177,SSC5D,0.9824111
5178,SETD7,0.9801075
5179,EOGT,0.98914367
5180,CBY1,0.9983
5181,DYSF,0.9965892
5182,FER,0.9684124
5183,LMBRD1,0.99925584
5184,ANAPC1,0.9996901
5185,ZWINT,0.98650676
5186,TMEM140,0.967087
5187,SPHK2,0.99733096
5188,ARMH3,0.9996462
5189,ULK2,0.83963853
5190,CEP164,0.9933152
5191,OGFOD3,0.9986966
5192,CDC26,0.99212676
5193,NUP54,0.99834365
5194,ATRN,0.99799603
5195,HERPUD2,0.9931565
5196,SERPINB9,0.99525785
5197,WDR36,0.9986047
5198,TMEM14A,0.99641055
5199,ADCY6,0.9982644
5200,AP3M1,0.99883795
5201,EXOSC4,0.99815893
5202,TSPAN2,0.84461194
5203,ELMSAN1,0.9991172
5204,CCNYL1,0.99478287
5205,KREMEN1,0.9991593
5206,DNAJB14,0.9979644
5207,SEC22C,0.9806964
5208,SDE2,0.9995937
5209,ZNF346,0.9973839
5210,MEX3D,0.99845797
5211,PDZD8,0.99598616
5212,LMBR1,0.99947023
5213,SMYD2,0.99821115
5214,UVSSA,0.99815804
5215,CEBPZOS,0.99924034
5216,ADPRHL2,0.9991242
5217,BPGM,0.9973407
5218,MAPKBP1,0.99892575
5219,IRF2BPL,0.99864435
5220,ACTB,0.9997261
5221,COG2,0.9976645
5222,BLOC1S2,0.9276457
5223,CDK14,0.9891464
5224,RAP1GDS1,0.99839944
5225,SRPX2,0.9740486
5226,TRIM37,0.9978613
5227,BFAR,0.9993415
5228,PHACTR4,0.9981758
5229,RAB3GAP2,0.99785423
5230,SAPCD2,0.9994878
5231,MCRIP2,0.99813366
5232,ADA2,0.99244386
5233,ING5,0.9992881
5234,GLE1,0.9990594
5235,CHD6,0.9994375
5236,LARP7,0.99434143
5237,DMXL1,0.99880356
5238,NOP2,0.9987369
5239,STRN,0.99792296
5240,SMARCD1,0.9996066
5241,TMCC1,0.9953475
5242,STX2,0.99744105
5243,USP19,0.9978209
5244,FMNL1,0.9973812
5245,LDLRAP1,0.9981565
5246,TRAPPC5,0.97776145
5247,NCBP3,0.9996502
5248,SDC2,0.9904609
5249,TAF6L,0.9946354
5250,MBD5,0.9974939
5251,ZNF3,0.99716073
5252,CLEC2D,0.90949935
5253,FAM8A1,0.99781346
5254,SF3B4,0.9983919
5255,STIM2,0.9985955
5256,FBXW7,0.9953987
5257,ANAPC4,0.9901319
5258,COL14A1,0.98548776
5259,PIK3CD,0.99926955
5260,SLC7A6OS,0.99505883
5261,TCN2,0.9987288
5262,AVL9,0.99955386
5263,TNFRSF10B,0.9984507
5264,TEN1,0.9876893
5265,SLC35B3,0.99883384
5266,ACADM,0.9976081
5267,BOD1L1,0.99833065
5268,CEBPZ,0.997546
5269,USP31,0.9996989
5270,SNX4,0.9917992
5271,PIP4K2C,0.9554058
5272,RHOU,0.9884588
5273,SOD2,0.9408348
5274,PARVG,0.99509317
5275,CD40,0.9983597
5276,CD52,0.9927084
5277,CACNA1H,0.9717491
5278,ZNF24,0.99958706
5279,NUP88,0.9989318
5280,TP53BP1,0.999338
5281,ERGIC2,0.9866813
5282,FBXL17,0.9938731
5283,IFT43,0.9978008
5284,MCCC2,0.998539
5285,PLXNA2,0.9991371
5286,SIRPA,0.99977726
5287,ITCH,0.9973011
5288,RMDN1,0.9993801
5289,CTPS1,0.9971461
5290,SOS2,0.99586606
5291,NDUFAF2,0.9976302
5292,NDUFA4,0.99735373
5293,HAT1,0.9981377
5294,POLM,0.9974218
5295,RAB3D,0.99969536
5296,DDX11,0.9903576
5297,TMEM199,0.99950963
5298,RNF169,0.9991904
5299,STRBP,0.9963016
5300,RPUSD1,0.9991679
5301,CX3CL1,0.9879934
5302,GPC4,0.97894883
5303,PSMG4,0.99838716
5304,MED12,0.9950953
5305,RASSF5,0.9923566
5306,ELOA,0.9994765
5307,TBC1D15,0.99847966
5308,AP3B1,0.999726
5309,PGM5,0.94993764
5310,TMEM126B,0.99956226
5311,ANLN,0.9989939
5312,SGPP1,0.9761207
5313,RBMX2,0.99917793
5314,EXOSC8,0.99959016
5315,POLR3A,0.99645907
5316,CEP57,0.9984321
5317,CHCHD7,0.9979947
5318,SLC26A3,0.99899143
5319,SCFD1,0.99675494
5320,ANO9,0.99820036
5321,RSL24D1,0.99933
5322,BTBD7,0.9966769
5323,BRD1,0.9995105
5324,ZSWIM4,0.9872044
5325,NOD1,0.9971399
5326,CEP131,0.9885747
5327,BMP2K,0.99753714
5328,TP53INP2,0.9980785
5329,DNTTIP2,0.99835986
5330,EML2,0.9409228
5331,PPP1R13B,0.99770516
5332,CACNA1C,0.987464
5333,KDM7A,0.99678963
5334,ADNP2,0.9940644
5335,CASKIN2,0.9977736
5336,ADGRL2,0.9942105
5337,MLLT3,0.99930555
5338,AGFG1,0.99817795
5339,C1orf35,0.9985025
5340,DLST,0.9977309
5341,ZNF264,0.9956991
5342,IARS2,0.997886
5343,SLC8A1,0.99511194
5344,ARHGEF40,0.9896295
5345,ARMC10,0.998451
5346,GAPVD1,0.9989259
5347,PIAS1,0.9994957
5348,CNOT6,0.9996006
5349,LIG3,0.9966271
5350,DNMT3A,0.9959192
5351,FAM214A,0.9979059
5352,KITLG,0.9989464
5353,CASZ1,0.9993901
5354,CNTN1,0.99588555
5355,SNX13,0.9988472
5356,PAN2,0.99733466
5357,KAT7,0.99813145
5358,ZFP90,0.99933547
5359,SRGAP1,0.9899232
5360,TOMM20,0.9978892
5361,COPS3,0.9985204
5362,NR3C1,0.9993171
5363,MCM2,0.98536795
5364,GNA15,0.97570246
5365,PYCR1,0.99848634
5366,QSER1,0.999166
5367,MCUR1,0.99877185
5368,ZNF90,0.9918616
5369,PEX14,0.9990491
5370,SAP25,0.99732256
5371,RUSC2,0.9610415
5372,KIAA1143,0.98752564
5373,RUFY3,0.9956545
5374,NFRKB,0.99429464
5375,RCOR1,0.9998037
5376,TRMT61A,0.99923426
5377,DGKH,0.99905854
5378,FUT11,0.9967167
5379,CAPRIN2,0.9928381
5380,KCNAB2,0.99345255
5381,PCNX4,0.99482495
5382,PACSIN3,0.83726263
5383,BIN3,0.9987912
5384,IFT57,0.8110087
5385,PLXDC1,0.99878603
5386,SMIM14,0.99957585
5387,DMD,0.9942371
5388,FUNDC2,0.97929734
5389,SH2B3,0.97378606
5390,HLA-DOA,0.94461554
5391,TK1,0.99650955
5392,RHBDD1,0.9992805
5393,REV1,0.999149
5394,CDC5L,0.99732924
5395,PIK3IP1,0.9989062
5396,SGCA,0.99676085
5397,SRSF8,0.9954533
5398,ZBTB11,0.9961799
5399,TSPAN1,0.99642235
5400,SMUG1,0.99972934
5401,COMMD10,0.9991923
5402,DMXL2,0.99832225
5403,PRKX,0.8953473
5404,MAGOHB,0.9991507
5405,AQR,0.996723
5406,NUP155,0.99916345
5407,TSPAN13,0.9597512
5408,PHKB,0.9993634
5409,GAB2,0.97516114
5410,PTBP2,0.9994559
5411,HDHD2,0.9957192
5412,THAP11,0.99470824
5413,NTPCR,0.9905772
5414,CNOT6L,0.9993306
5415,VSIG10,0.99956876
5416,BRPF3,0.9969733
5417,MGST2,0.99770576
5418,PEX13,0.996888
5419,ADAM33,0.9968813
5420,KLC4,0.9990025
5421,SURF2,0.9968081
5422,SNAP29,0.9964414
5423,ELP1,0.9993205
5424,PAFAH1B3,0.99820065
5425,LAMA2,0.9774236
5426,CDKAL1,0.9976842
5427,PPIG,0.99974185
5428,MTURN,0.93686056
5429,GOSR1,0.99533564
5430,PSMC1,0.9919808
5431,ZNF394,0.9992239
5432,NOP14,0.99803525
5433,RNF138,0.9987743
5434,ZKSCAN8,0.97610265
5435,NAB2,0.97528917
5436,MAP3K4,0.9992594
5437,BOLA3,0.99717236
5438,COL27A1,0.9967761
5439,PCK2,0.99613136
5440,ATAD2,0.9976042
5441,NAT10,0.99659634
5442,CDIP1,0.9924839
5443,ANKRD28,0.9823355
5444,SELENOI,0.9989087
5445,APIP,0.9984533
5446,KMT2D,0.9942701
5447,CAMK2G,0.99952406
5448,OGFRL1,0.99485105
5449,JDP2,0.8806555
5450,SMG6,0.9981821
5451,TRAPPC2,0.9988189
5452,DCAF10,0.99747634
5453,SESN2,0.99771005
5454,WDR73,0.97991616
5455,TOB2,0.9965963
5456,MTMR2,0.9953545
5457,LRP5,0.9997411
5458,HEATR5B,0.9992666
5459,GPSM3,0.99173427
5460,S1PR3,0.9878729
5461,RMDN3,0.9993779
5462,GFM1,0.99142975
5463,STK17A,0.99845654
5464,SLC39A4,0.9952817
5465,MTMR3,0.99748087
5466,ALG8,0.9986453
5467,CACTIN,0.9967939
5468,NR4A3,0.9763854
5469,NUCB2,0.99807984
5470,CAT,0.9985766
5471,RICTOR,0.99887586
5472,PIK3C2B,0.99555534
5473,PSMG1,0.9995146
5474,HPRT1,0.9983804
5475,BAG2,0.99026626
5476,DOCK8,0.9898622
5477,TBC1D2,0.9991586
5478,ANKRD50,0.99708337
5479,RETSAT,0.9986458
5480,ABT1,0.993453
5481,AC118549.1,0.99980766
5482,PWWP2B,0.9979642
5483,SP1,0.9973547
5484,ZNRD1,0.99868006
5485,WWP1,0.9953336
5486,OTULIN,0.99909115
5487,PPL,0.995886
5488,IRF2,0.9895248
5489,APBA3,0.9746105
5490,MYH10,0.99716234
5491,AGBL5,0.9902547
5492,HEMK1,0.9988983
5493,VAMP7,0.98592377
5494,ZC3H7A,0.9994152
5495,ANXA3,0.9566048
5496,ZNF263,0.99945515
5497,ABHD4,0.9584202
5498,IL17RA,0.9969705
5499,CTC1,0.9886122
5500,RIC1,0.99833983
5501,GATC,0.998758
5502,EPPK1,0.77132106
5503,AKIP1,0.998643
5504,TBL1X,0.9980723
5505,PNMA1,0.99276215
5506,MIF4GD,0.98321027
5507,GALNT12,0.99599504
5508,RNF135,0.9958286
5509,CDK17,0.9984321
5510,UCHL5,0.9987467
5511,MYO5A,0.99350685
5512,TEPSIN,0.99950427
5513,ZNF800,0.99895287
5514,RAB32,0.95653397
5515,ERI1,0.9993997
5516,PYM1,0.99674433
5517,OFD1,0.99835944
5518,PUS1,0.9978769
5519,BICRAL,0.9987609
5520,ENDOD1,0.3932495
5521,C5AR1,0.9982805
5522,PRDM1,0.99730366
5523,ANKS6,0.99467105
5524,PIP4P1,0.9987839
5525,AGO3,0.9996101
5526,TRIM4,0.98097247
5527,TMEM41A,0.95645255
5528,PRELP,0.99204606
5529,PLK2,0.99849755
5530,SLC38A5,0.99842054
5531,SMAD7,0.9880066
5532,AP3M2,0.99783283
5533,GPC6,0.9936488
5534,FCHO2,0.9924607
5535,LDLRAD4,0.98486215
5536,SLC25A46,0.9969487
5537,P4HA1,0.99724966
5538,MMP23B,0.9967906
5539,TMF1,0.95232296
5540,SLC30A5,0.99938244
5541,RABIF,0.9946006
5542,RC3H1,0.99879855
5543,CLIC3,0.9919613
5544,JARID2,0.9992876
5545,PTGS2,0.9743058
5546,DEF6,0.99899715
5547,USP24,0.9978698
5548,SINHCAF,0.99880296
5549,LDB1,0.98884034
5550,ABHD5,0.99866277
5551,EPC2,0.9953591
5552,MGAT4A,0.970697
5553,ATG2B,0.8984096
5554,CCDC97,0.99683887
5555,HMOX1,0.99426156
5556,MITD1,0.9962137
5557,COL5A3,0.9987777
5558,RPTOR,0.996454
5559,ZNF768,0.99874955
5560,UBXN2A,0.9991407
5561,CNIH4,0.99329144
5562,TXNRD2,0.99779636
5563,GSKIP,0.99872494
5564,CCNB2,0.9983813
5565,HPF1,0.9913611
5566,TMEM204,0.99548703
5567,TTLL3,0.88307405
5568,SLC37A3,0.9986143
5569,MAP2K4,0.9952379
5570,ATL2,0.9768881
5571,ARHGAP32,0.99705553
5572,CD209,0.9729951
5573,PPP2R5B,0.99974066
5574,CEP192,0.99926096
5575,COX19,0.9997573
5576,MTR,0.9818657
5577,TPRN,0.99916905
5578,AUH,0.9970107
5579,C1RL,0.958662
5580,SYNJ2,0.9962582
5581,SYNRG,0.99567264
5582,TMEM63B,0.9994888
5583,ZNF707,0.9992743
5584,SMIM10L1,0.99897915
5585,DKC1,0.99871945
5586,SLC30A6,0.99939615
5587,PTTG1,0.9880126
5588,FBXO46,0.99897933
5589,LSM14B,0.9991343
5590,TBC1D4,0.9993798
5591,INTS6,0.9968777
5592,DUSP16,0.9997099
5593,TTC7B,0.9939871
5594,TIMM23,0.9989695
5595,OCEL1,0.9774478
5596,KIAA1671,0.997812
5597,ELF1,0.98668224
5598,MAOA,0.99313384
5599,DYNC1LI1,0.99764496
5600,CNOT4,0.9964127
5601,SAC3D1,0.999563
5602,FBP1,0.9914295
5603,UBTD1,0.9915552
5604,GPN1,0.9957625
5605,COX15,0.9975136
5606,FOXRED2,0.99661046
5607,IL15RA,0.9833589
5608,IFI27L1,0.99652195
5609,PKNOX1,0.9969843
5610,ZNF740,0.98873854
5611,TONSL,0.9998018
5612,ST3GAL1,0.9953113
5613,SERPINA1,0.9990731
5614,GABPB1,0.9967628
5615,SUPT20H,0.99952453
5616,HS1BP3,0.9986124
5617,RAB2B,0.99970216
5618,OLFML2B,0.98731536
5619,TMEM18,0.9893613
5620,THYN1,0.9922889
5621,VGLL3,0.98252565
5622,LXN,0.99239796
5623,SEPHS1,0.9873076
5624,FXR2,0.9985358
5625,RECQL,0.9995363
5626,MFSD6,0.9985111
5627,IRAK4,0.9976831
5628,PPP1R21,0.9989624
5629,SLFN5,0.99320096
5630,NADK2,0.99582505
5631,ZNF518A,0.9818966
5632,SGCB,0.9958127
5633,EFNA1,0.99496216
5634,CYGB,0.9991724
5635,UCHL1,0.8338973
5636,ICE2,0.9975392
5637,PLBD1,0.98942906
5638,ARHGAP31,0.9862211
5639,PEAK1,0.9969316
5640,CAPN7,0.99673957
5641,ZDHHC16,0.99725014
5642,PLEKHA4,0.99271506
5643,FRG1,0.990259
5644,RFTN1,0.97304755
5645,CPE,0.9106016
5646,GNPDA1,0.9977839
5647,GXYLT2,0.9640131
5648,TMEM60,0.99496645
5649,POLA1,0.9995859
5650,UNC5B,0.7576291
5651,GTF2B,0.9996845
5652,EIF2AK3,0.9988738
5653,NLK,0.9975671
5654,EVI5L,0.9976241
5655,UCK2,0.983157
5656,RNF144B,0.97720283
5657,LSG1,0.99919605
5658,CASP8AP2,0.99736565
5659,CDCA5,0.9987685
5660,FARS2,0.99680656
5661,ITGB3BP,0.998147
5662,NOC3L,0.9988161
5663,DOCK5,0.99879664
5664,METTL17,0.9896646
5665,KCTD15,0.9951665
5666,OLFML3,0.99560523
5667,TMEM69,0.997855
5668,CSRNP1,0.996278
5669,SGMS1,0.9440789
5670,PFKP,0.9885711
5671,DYM,0.9973354
5672,INTS4,0.9961586
5673,TSEN54,0.996291
5674,NXT1,0.9932839
5675,CDR2L,0.9772014
5676,CLDN3,0.9920664
5677,REPS1,0.9987095
5678,BCAT1,0.96486473
5679,TRIM2,0.995706
5680,ABCC10,0.9470597
5681,SLC25A10,0.99867225
5682,ZNF516,0.99322766
5683,HEBP1,0.9970078
5684,NLGN2,0.9938634
5685,CWC27,0.9972047
5686,THEM6,0.9990082
5687,ZFPM1,0.9995379
5688,NELFA,0.9996136
5689,ZFYVE16,0.99755526
5690,ZRANB1,0.99950665
5691,TOM1L2,0.99868876
5692,LSM3,0.983618
5693,CCNH,0.9990881
5694,LARGE1,0.98877734
5695,CHKA,0.9877644
5696,STRIP1,0.9992711
5697,TOR1AIP1,0.9977136
5698,CNOT10,0.99534076
5699,HSDL2,0.9940491
5700,SRD5A1,0.9993329
5701,FRMD4B,0.99924916
5702,DPH3,0.99682957
5703,CCNG2,0.9979288
5704,GAS8,0.99867725
5705,SBSPON,0.9536795
5706,FANCI,0.9965422
5707,PTPRM,0.96063215
5708,CA12,0.9976911
5709,YLPM1,0.9981701
5710,CEP95,0.99743384
5711,HERC6,0.992325
5712,NBAS,0.99926835
5713,RIT1,0.9620305
5714,C15orf39,0.99936444
5715,PTK2B,0.99814576
5716,GPN2,0.999564
5717,CHD1,0.99940825
5718,EPHB2,0.99699926
5719,MPP1,0.9960509
5720,INPP4B,0.9949188
5721,USE1,0.99795383
5722,SKAP2,0.9976266
5723,SLU7,0.9959056
5724,RSPRY1,0.9896002
5725,RABL3,0.9939399
5726,TAF1D,0.9970841
5727,OASL,0.9947458
5728,CASP2,0.9985365
5729,CLPB,0.98886704
5730,MIEF1,0.98798317
5731,TFIP11,0.99843985
5732,TRAF1,0.989971
5733,POLRMT,0.99827546
5734,GJB2,0.9981904
5735,KLHDC10,0.999623
5736,COG3,0.9872373
5737,RASSF3,0.9929363
5738,DDX60,0.99941236
5739,LAIR1,0.9965785
5740,ZBTB43,0.99532586
5741,FMNL3,0.99754876
5742,ATXN3,0.99898815
5743,SESTD1,0.9987944
5744,CLEC16A,0.9986364
5745,CLSTN3,0.99933475
5746,TAF8,0.8930414
5747,MLKL,0.99767715
5748,AREL1,0.998717
5749,TM7SF2,0.9969778
5750,ANKRD27,0.9994085
5751,SMC2,0.9997677
5752,MFSD14A,0.93393874
5753,RBM28,0.9974368
5754,RSF1,0.9972227
5755,RBPMS2,0.9786492
5756,DNAAF5,0.9993914
5757,STXBP5,0.9903841
5758,IQCB1,0.9974382
5759,PHYH,0.9623653
5760,CCDC88C,0.9901834
5761,SMCO4,0.9989831
5762,KCTD2,0.9987579
5763,LARP1B,0.9982403
5764,NUP107,0.9967812
5765,PHF21A,0.9962961
5766,STAM2,0.9923467
5767,LACTB,0.99816686
5768,POLD3,0.99894017
5769,ARL6IP6,0.99913836
5770,KIF3B,0.99542946
5771,TSHZ2,0.99751157
5772,TMED1,0.996722
5773,PATL1,0.9992845
5774,TPPP3,0.9968795
5775,DSG2,0.9972628
5776,GRPEL2,0.9984386
5777,TLNRD1,0.97743654
5778,PGM1,0.99713874
5779,BCAR3,0.99056435
5780,G0S2,0.9316985
5781,JAZF1,0.90599173
5782,CPXM1,0.9796837
5783,AURKB,0.99793977
5784,CCDC106,0.9811781
5785,CCNT2,0.99977875
5786,IL11RA,0.9808778
5787,ZNF672,0.9981213
5788,ERO1B,0.9830838
5789,CDCA4,0.9966674
5790,FEM1C,0.99716264
5791,BAHD1,0.99934214
5792,PDZRN3,0.98039895
5793,NDE1,0.99764377
5794,MARK4,0.9991787
5795,KIAA1109,0.9977062
5796,CDK2,0.9917633
5797,RNF38,0.99798864
5798,ANKFY1,0.99073905
5799,EDC3,0.9985158
5800,RNMT,0.9985346
5801,SBF2,0.99859285
5802,RPRD2,0.997665
5803,AP4M1,0.99914217
5804,SBDS,0.9928754
5805,LPAR2,0.99872607
5806,ELN,0.86855036
5807,GRK5,0.9968378
5808,UVRAG,0.99838275
5809,METRN,0.99950576
5810,SMYD3,0.99668664
5811,PIGC,0.9893041
5812,ITPR1,0.98849463
5813,ICE1,0.9959786
5814,BET1,0.99547267
5815,COQ10B,0.9982767
5816,DGCR6L,0.9987709
5817,MBP,0.98485255
5818,SMURF1,0.9979501
5819,DNASE1L1,0.9977181
5820,ZDHHC2,0.88786334
5821,SCAMP5,0.9033472
5822,MNT,0.9983964
5823,TPRKB,0.99561054
5824,ASXL2,0.99932057
5825,EPS8L1,0.99883455
5826,PEX11B,0.97566384
5827,MECR,0.9986169
5828,BTBD10,0.9558688
5829,MED6,0.9985235
5830,PRKAG1,0.99623615
5831,MFHAS1,0.99896973
5832,CRACR2B,0.9984927
5833,EDEM2,0.9745312
5834,DLC1,0.9702792
5835,SLC12A6,0.998127
5836,CXXC5,0.93814737
5837,SMOC2,0.98223406
5838,TIMELESS,0.9995937
5839,ZNF513,0.99864745
5840,GOLGA5,0.9986333
5841,ICAM2,0.8223912
5842,FKBP15,0.9989419
5843,BACE1,0.99927735
5844,SGSH,0.9801676
5845,ZNF274,0.9985397
5846,S100P,0.99813026
5847,TMEM203,0.9983075
5848,TMEM168,0.99783784
5849,SAMD9,0.9843027
5850,SPRED1,0.99827033
5851,SOAT1,0.9993303
5852,PARM1,0.9695117
5853,FBXO3,0.9996801
5854,GTPBP3,0.99639994
5855,TTF2,0.99879265
5856,TM2D3,0.98868966
5857,DIS3L2,0.99846405
5858,FBXO21,0.99466324
5859,CERS4,0.9886234
5860,DDHD2,0.93964654
5861,MORC3,0.99758273
5862,MDFIC,0.9976161
5863,ANKRD40,0.9891851
5864,ATP10D,0.99541587
5865,KDM1B,0.9987302
5866,KDM6A,0.9964773
5867,AP1AR,0.9987026
5868,SLC37A4,0.9990811
5869,CCDC93,0.99692804
5870,WASHC2C,0.9952374
5871,FAM110A,0.9842742
5872,NOB1,0.99895495
5873,COG8,0.9975316
5874,FGD3,0.9754737
5875,CC2D1B,0.9960816
5876,ARHGAP10,0.9964733
5877,TCTA,0.99759316
5878,TCF20,0.9990867
5879,CEACAM19,0.9898115
5880,PIM2,0.8624483
5881,MAP3K10,0.99466974
5882,PPP2R1B,0.99936867
5883,COLEC12,0.9966518
5884,RDH13,0.9954762
5885,MMP24OS,0.98213536
5886,NR2C2,0.99808383
5887,NOM1,0.99839705
5888,DDX60L,0.99582195
5889,ORAI3,0.9826018
5890,EMC8,0.9982016
5891,ATPAF2,0.9975784
5892,BAZ1A,0.9993391
5893,ACSS2,0.9989144
5894,PTPN9,0.99941534
5895,GMNN,0.99883723
5896,ST3GAL4,0.998512
5897,SELENBP1,0.91654164
5898,MMP28,0.95531493
5899,UNG,0.9983325
5900,FAM200B,0.9865408
5901,SIRT6,0.9992237
5902,LAGE3,0.9833391
5903,FBXO33,0.9971657
5904,PGGT1B,0.9990309
5905,PHKA2,0.9972388
5906,NUBP1,0.9970086
5907,COMMD1,0.9734598
5908,MRRF,0.99806184
5909,STRA6,0.9996271
5910,MFAP3,0.9981658
5911,ABCC4,0.99807423
5912,ARNTL2,0.99935406
5913,MYO1F,0.99810153
5914,POLB,0.9837
5915,DUSP12,0.9928879
5916,STC1,0.9056907
5917,USP21,0.99784994
5918,SETDB1,0.9564972
5919,SLC35C1,0.99516267
5920,FYB1,0.99777716
5921,TRIAP1,0.99939233
5922,SKP2,0.9941239
5923,FEM1A,0.9993312
5924,DNHD1,0.99823815
5925,RB1CC1,0.99937534
5926,FUT8,0.9959669
5927,C2CD2,0.9980541
5928,USP53,0.997268
5929,AZI2,0.9973629
5930,NCOA5,0.99579257
5931,NDRG3,0.99765307
5932,INPP5K,0.9700999
5933,CRAT,0.99753785
5934,ACSS1,0.99591166
5935,IMMP1L,0.9951546
5936,HIBADH,0.9954801
5937,STEAP2,0.9956685
5938,ZADH2,0.9981513
5939,CELSR1,0.983867
5940,TMOD1,0.9849159
5941,PRR14L,0.9992493
5942,RAB23,0.9977944
5943,DXO,0.9985358
5944,HIVEP2,0.99545735
5945,CUTC,0.9960858
5946,SNRNP35,0.9989523
5947,SYNGAP1,0.9988056
5948,MIF,0.9616441
5949,GOLGA1,0.9985928
5950,MTPAP,0.9827328
5951,NFKBIB,0.9985354
5952,MORC2,0.9979655
5953,EID2,0.99737215
5954,ROGDI,0.99743956
5955,SLC35A2,0.99872667
5956,TTC38,0.9733228
5957,GCLM,0.99855846
5958,B3GNT5,0.99874896
5959,TRMT11,0.9854655
5960,S100A14,0.9860964
5961,ADD3,0.9475951
5962,HEXIM1,0.9938703
5963,CIR1,0.99818206
5964,DACT3,0.96344835
5965,CPNE2,0.9997782
5966,WDR4,0.9990513
5967,FBXO22,0.89681214
5968,YEATS4,0.9989547
5969,CACNA2D1,0.9927277
5970,RFC5,0.9982489
5971,ZBTB18,0.98514146
5972,CENPP,0.9965555
5973,PPWD1,0.99793607
5974,ANKRD44,0.9944641
5975,ABI2,0.99878055
5976,RHOT1,0.9997383
5977,KRBA1,0.99797565
5978,RNF8,0.999403
5979,RTN2,0.99789625
5980,SRRD,0.9977574
5981,FAM20B,0.998529
5982,FARP2,0.91775656
5983,ENKD1,0.9518687
5984,TUT4,0.99201626
5985,SHROOM3,0.99172467
5986,NOL6,0.9883633
5987,GCDH,0.9951876
5988,TMEM234,0.99895257
5989,ARL3,0.99805564
5990,RBM18,0.9942927
5991,SAMD8,0.99613094
5992,AAGAB,0.9990259
5993,RAB22A,0.99860865
5994,HIRIP3,0.9971172
5995,LPCAT4,0.99647737
5996,YTHDF1,0.9826214
5997,ZNF254,0.9739049
5998,MROH6,0.99848795
5999,NSMAF,0.9974367
6000,RLF,0.9753786
6001,DTNB,0.99562407
6002,IGSF9,0.9977557
6003,ACOT13,0.9982593
6004,ZNF22,0.9912572
6005,CMSS1,0.9946826
6006,SMURF2,0.99124116
6007,GCHFR,0.99048907
6008,SMPD2,0.9761646
6009,FAM20A,0.99730974
6010,MSC,0.99897605
6011,DHTKD1,0.99607253
6012,ANKRD35,0.99769515
6013,NOP16,0.99887174
6014,SPOPL,0.9975107
6015,RPAP2,0.99728674
6016,AFTPH,0.9936058
6017,SETD4,0.9980263
6018,PARG,0.9899419
6019,NUP43,0.99578744
6020,DOCK4,0.9970672
6021,GPR137B,0.93611234
6022,FBXL4,0.95145303
6023,LYST,0.9989753
6024,SMIM20,0.9980445
6025,ZNF432,0.9982307
6026,SFRP1,0.9253033
6027,ZBTB1,0.99900335
6028,CNKSR1,0.9974629
6029,SYNC,0.99670154
6030,UBXN7,0.942373
6031,HINFP,0.9987548
6032,CPQ,0.9645302
6033,QDPR,0.9055254
6034,RANBP10,0.99559516
6035,AEN,0.9975624
6036,FKBP14,0.99740267
6037,PRKAB2,0.9965299
6038,LMAN2L,0.9969999
6039,XYLT2,0.97905856
6040,UBR7,0.99862653
6041,EPHB6,0.9861247
6042,RBM19,0.91543245
6043,SLC9A8,0.998105
6044,TMEM11,0.9889377
6045,AGO4,0.9982583
6046,CRIPT,0.9924434
6047,APPBP2,0.9948738
6048,EXOC2,0.99296635
6049,MAP4K2,0.99767345
6050,MLH1,0.99896216
6051,IPPK,0.9960001
6052,ARHGAP12,0.9926335
6053,MAP3K2,0.9988184
6054,SVBP,0.92253286
6055,FEZ2,0.9943998
6056,USP54,0.9963673
6057,SBNO1,0.9936326
6058,DNAJC19,0.99882513
6059,HIVEP3,0.99903506
6060,FAM126B,0.9920686
6061,CBL,0.9995702
6062,PDP1,0.9989889
6063,MAPRE2,0.9964895
6064,MUTYH,0.9992544
6065,GALNT11,0.9912787
6066,ACADS,0.9977092
6067,UTP18,0.99755573
6068,ANO10,0.9946181
6069,EMC2,0.99926215
6070,PAK4,0.99113584
6071,SMIM13,0.99345326
6072,SIKE1,0.9985008
6073,DZIP1,0.9950058
6074,OSTF1,0.9973317
6075,MAPK12,0.9988444
6076,SLC25A16,0.99920607
6077,RFC3,0.997747
6078,AP5B1,0.98302704
6079,GLT8D1,0.9820497
6080,HIPK2,0.9922409
6081,ARHGEF25,0.99094826
6082,OGFOD1,0.9982559
6083,TSPAN9,0.9954841
6084,RPF2,0.99818355
6085,SPC24,0.9990072
6086,ABHD16A,0.9943714
6087,MEGF8,0.99921864
6088,PLRG1,0.9990723
6089,NAA35,0.9977836
6090,HSD3B7,0.99776477
6091,PARP8,0.98673767
6092,PCGF1,0.9995124
6093,MTUS1,0.99015445
6094,DCP1A,0.99686694
6095,DDX50,0.9966038
6096,NR4A2,0.9990944
6097,RGS14,0.9991134
6098,CCDC61,0.9954314
6099,NUP210,0.9986906
6100,TMEM138,0.9981942
6101,RIPK1,0.99935466
6102,HSPB7,0.9899952
6103,GDPD5,0.9982669
6104,MMGT1,0.9989713
6105,PTN,0.9830033
6106,F13A1,0.9801063
6107,CPVL,0.90986794
6108,RPA3,0.9959126
6109,TMEM254,0.98429084
6110,DCP2,0.99032336
6111,GAS7,0.9748195
6112,SRPK1,0.9962561
6113,TUBG2,0.99964124
6114,APEX2,0.9504283
6115,NEURL1,0.9925994
6116,TMEM65,0.99772835
6117,KLHL12,0.99761647
6118,AGPAT5,0.99809486
6119,EEA1,0.9967885
6120,CWF19L1,0.9958026
6121,ANGPTL4,0.9786212
6122,FAM98A,0.9982133
6123,ROR2,0.9970455
6124,PANK4,0.9911577
6125,PGAP3,0.9945577
6126,ERICH1,0.9949128
6127,CD34,0.96343917
6128,SLC41A1,0.9758981
6129,MMD,0.99798197
6130,RAP2C,0.9986858
6131,CRYBG3,0.99887055
6132,BIK,0.9777191
6133,SLC23A2,0.9981057
6134,UTP3,0.99452454
6135,MTHFSD,0.99954367
6136,SLC22A23,0.9958909
6137,NEDD4L,0.9977134
6138,TGFB2,0.9709821
6139,WDR75,0.99932814
6140,SCRN1,0.99785656
6141,CLPX,0.99951714
6142,ABCE1,0.99958855
6143,SNX11,0.9979756
6144,ZMAT3,0.9891766
6145,POGLUT1,0.998339
6146,PAQR4,0.99962616
6147,ALDH9A1,0.97983915
6148,BTBD9,0.99465686
6149,ERCC3,0.9994263
6150,HEATR1,0.99672776
6151,DCBLD1,0.9984191
6152,ITGB6,0.9454992
6153,MCUB,0.998112
6154,INPP5E,0.9990509
6155,PPP1R3B,0.9938352
6156,INTS7,0.99826676
6157,PHF3,0.98212785
6158,PREX1,0.98568183
6159,FBXO38,0.9982667
6160,MPHOSPH6,0.99949145
6161,PGM2L1,0.97595376
6162,DNAJB9,0.9909474
6163,ME2,0.9976516
6164,GZF1,0.9835958
6165,WNT7B,0.997884
6166,TNFAIP8,0.9977866
6167,SNX18,0.99296886
6168,LPCAT2,0.9877939
6169,VTA1,0.9965152
6170,WHAMM,0.99871826
6171,UPF3B,0.9984724
6172,ZNF621,0.98786116
6173,TENT2,0.9965628
6174,C16orf74,0.9507138
6175,ARL4A,0.9981081
6176,KLF11,0.99380237
6177,CTXN1,0.98733467
6178,TROAP,0.9921834
6179,SIN3A,0.99833226
6180,AKAP10,0.99710363
6181,FHOD1,0.9994795
6182,STXBP1,0.9983724
6183,C5orf51,0.9980419
6184,AP3S2,0.99322754
6185,PDE4B,0.9901878
6186,NMRK1,0.9985679
6187,PAQR3,0.9993531
6188,CDK5RAP1,0.9989114
6189,TICAM1,0.9989162
6190,TTC12,0.99885267
6191,SLC39A10,0.977061
6192,PLEKHF1,0.9955166
6193,SHANK3,0.98487824
6194,WDR27,0.9978976
6195,ERCC2,0.99493474
6196,CLMP,0.9969702
6197,FBXO34,0.9988267
6198,FOXRED1,0.9985795
6199,MTREX,0.9983678
6200,L3MBTL2,0.99828845
6201,CEP350,0.99868244
6202,CTBS,0.9983875
6203,DPP8,0.99867445
6204,SYDE1,0.9965317
6205,SH3KBP1,0.92388725
6206,PPFIBP2,0.82171303
6207,SLC25A23,0.9920535
6208,WDR48,0.9951289
6209,TRANK1,0.98679066
6210,FANCL,0.9995149
6211,AAK1,0.9953814
6212,RNF217,0.9963632
6213,ABI3BP,0.98761123
6214,TMEM62,0.99664325
6215,PNPLA8,0.9989929
6216,ADAMTSL4,0.99430203
6217,FPR3,0.9924681
6218,PNO1,0.9942271
6219,FZD7,0.9734077
6220,NCKAP1L,0.97570807
6221,NSMCE2,0.99908036
6222,RIOK1,0.99255055
6223,CHRDL2,0.9383705
6224,RGMB,0.9951741
6225,PDE7A,0.9992301
6226,CYFIP2,0.93422335
6227,ESRP2,0.9870786
6228,SAV1,0.9974738
6229,KNTC1,0.9985409
6230,SNX27,0.9952099
6231,TLE1,0.9928195
6232,PPP1R8,0.9991105
6233,ASNSD1,0.99668807
6234,PLA2G15,0.99943763
6235,NFATC1,0.99634296
6236,TMEM126A,0.9801364
6237,STARD13,0.88217753
6238,SLC39A8,0.99397737
6239,CAVIN2,0.927408
6240,RAB28,0.99893206
6241,C6orf132,0.9984307
6242,SPOP,0.98692614
6243,SLC9A1,0.99757695
6244,TCEAL1,0.98327494
6245,TMEM51,0.99566346
6246,TBC1D9,0.97458607
6247,MIA3,0.998676
6248,NFKBIL1,0.99070305
6249,DTNA,0.99743587
6250,NBN,0.99825984
6251,MFSD2A,0.99693614
6252,DCAKD,0.997444
6253,EIF5AL1,0.9994743
6254,RDX,0.9982753
6255,ZNF134,0.88803434
6256,SPIRE1,0.9840453
6257,GPR153,0.9772505
6258,ZC3H7B,0.99642843
6259,APOD,0.9803393
6260,MARCH9,0.9991271
6261,GPALPP1,0.9946316
6262,ZNF579,0.99891585
6263,BAK1,0.9990091
6264,DTWD1,0.99236876
6265,TUSC1,0.99297523
6266,ST6GALNAC5,0.97522116
6267,SUCO,0.9969623
6268,AP4B1,0.99819493
6269,GPX2,0.97842836
6270,MPND,0.9986914
6271,NOL4L,0.9995472
6272,NDUFA4L2,0.9975374
6273,RNASE4,0.93512934
6274,NFASC,0.9980847
6275,CORO6,0.9978432
6276,ZFYVE26,0.9995578
6277,KDM3A,0.9971152
6278,BCAS4,0.9989359
6279,SLC6A9,0.9965124
6280,DPY19L1,0.9979453
6281,TBC1D13,0.99570626
6282,CPT1A,0.9973936
6283,MRS2,0.99712604
6284,DDX31,0.99833804
6285,SP140L,0.9970749
6286,FST,0.99738187
6287,CAMSAP1,0.9881491
6288,ATG14,0.9694374
6289,OXR1,0.995882
6290,PLPBP,0.9977963
6291,STMP1,0.9984741
6292,ZFYVE19,0.998929
6293,SLC15A4,0.9907696
6294,OSBPL5,0.99942046
6295,PROM2,0.8724566
6296,SCML1,0.9965392
6297,PDE6D,0.98583865
6298,ZNF44,0.9873511
6299,TGFB3,0.9939112
6300,TCEA3,0.9918301
6301,TMEM97,0.99171585
6302,VPS18,0.9978997
6303,SC5D,0.9696586
6304,NSUN4,0.991525
6305,CMC2,0.98780966
6306,NFKBID,0.99887395
6307,PTPN13,0.99762064
6308,ABL2,0.9990248
6309,EXOSC5,0.99906033
6310,CLIP3,0.99776125
6311,CENPC,0.9984624
6312,PCCA,0.99720097
6313,VCPIP1,0.9936654
6314,RDH14,0.99858356
6315,C1QTNF1,0.9265476
6316,ASB13,0.99317116
6317,MOK,0.99520093
6318,TMTC3,0.93064934
6319,LYRM1,0.9976795
6320,BDP1,0.88687044
6321,SS18L1,0.99952644
6322,RAB20,0.9730348
6323,ANKRD54,0.9982026
6324,IL4I1,0.99514204
6325,ERBIN,0.9979486
6326,ACYP1,0.9923911
6327,PDCD2,0.9982781
6328,GGT7,0.97339886
6329,MAN1C1,0.9636714
6330,RRP12,0.99811697
6331,DHX58,0.9981449
6332,FAM126A,0.9978762
6333,EIF2B3,0.9997646
6334,HECTD2,0.9868415
6335,RFX1,0.99657965
6336,CCDC32,0.9807143
6337,SCNN1A,0.9809429
6338,METTL22,0.99848384
6339,VPS37A,0.99794436
6340,POFUT1,0.9992702
6341,ALAD,0.9984819
6342,HPGD,0.9904728
6343,TEX10,0.9990306
6344,GATA6,0.9922094
6345,ANKS3,0.99927545
6346,CNTROB,0.98613733
6347,AIFM2,0.98995
6348,KCTD9,0.99786836
6349,MIA2,0.99236727
6350,EEFSEC,0.99823457
6351,RASIP1,0.9903942
6352,CIAPIN1,0.99484855
6353,C3orf38,0.9968603
6354,ARHGAP9,0.9924832
6355,TBK1,0.99180466
6356,STEAP1,0.98474807
6357,ABHD17C,0.99912596
6358,SEMA6C,0.99465424
6359,GTF2H5,0.98981565
6360,PHAX,0.9904991
6361,TMEM98,0.9847289
6362,RANGRF,0.99743944
6363,MOCS2,0.99510574
6364,C8orf76,0.99686027
6365,AGL,0.9990072
6366,MAST3,0.98641425
6367,MYLIP,0.99939823
6368,LMNB1,0.9951044
6369,PHTF1,0.9963236
6370,NTN4,0.9736755
6371,TMEM39A,0.99916524
6372,GPATCH4,0.99654394
6373,HPSE2,0.9665213
6374,SOCS1,0.7374857
6375,TOR1AIP2,0.99747354
6376,MGAT2,0.9720239
6377,MPI,0.998427
6378,RPUSD3,0.9990155
6379,SEZ6L2,0.99178857
6380,DPY19L4,0.9982555
6381,FRS2,0.998188
6382,SPON1,0.99374956
6383,SKAP1,0.9785655
6384,GPRC5B,0.9608259
6385,DDI2,0.9983348
6386,NNT,0.9973595
6387,STK3,0.9954575
6388,SOX12,0.9983337
6389,DERA,0.9886646
6390,ELP5,0.9961848
6391,PLAGL1,0.994267
6392,CYP27A1,0.9841001
6393,NLRX1,0.98975515
6394,KIF13B,0.96455115
6395,C7orf26,0.9951167
6396,IGF2BP2,0.9744703
6397,THUMPD1,0.9947913
6398,LRRC8D,0.9970031
6399,HINT3,0.9974305
6400,USP18,0.99898595
6401,ANKRD13C,0.99905175
6402,BNC2,0.99247724
6403,TMA16,0.99755317
6404,TCTN3,0.9862523
6405,ZHX2,0.99352235
6406,GPATCH2,0.9985359
6407,PTGR1,0.97801155
6408,C18orf25,0.9875507
6409,ADAMTS14,0.99819463
6410,AREG,0.9897565
6411,THSD4,0.99005145
6412,CCDC115,0.99546003
6413,DDX52,0.9986415
6414,SETD1A,0.9983216
6415,AIFM1,0.9992399
6416,FOXN2,0.99101967
6417,BANP,0.9983361
6418,RALGAPA1,0.9973032
6419,TEX2,0.9917303
6420,SLC27A1,0.9977996
6421,THOC6,0.9995678
6422,GTF2E2,0.9977878
6423,PIKFYVE,0.99693006
6424,ISCA2,0.9994156
6425,ZCCHC3,0.980314
6426,GUF1,0.99869967
6427,ARMC1,0.99876857
6428,CTDSPL2,0.9968424
6429,EAPP,0.97426444
6430,DOCK2,0.9851108
6431,FBXL12,0.99883825
6432,FGD2,0.9514828
6433,TRIM24,0.99912477
6434,ZMYM3,0.9939968
6435,SRPX,0.98920375
6436,PIGU,0.99912065
6437,HLTF,0.99960524
6438,IFT52,0.9886284
6439,TIMM22,0.99713224
6440,CCDC137,0.99898237
6441,TMEM19,0.99856377
6442,HELZ,0.9985743
6443,C1orf159,0.99971884
6444,SP110,0.99563044
6445,TMEM185B,0.99749184
6446,PFKFB2,0.9992339
6447,LATS2,0.9959202
6448,FADD,0.9986749
6449,SLC4A1AP,0.9978587
6450,MTMR4,0.9926555
6451,MAPK10,0.99883336
6452,STK36,0.9935443
6453,TACSTD2,0.96180934
6454,TBCK,0.98480624
6455,FOSL1,0.8682919
6456,EFNB1,0.99067587
6457,FAS,0.95447224
6458,PRAF2,0.9817799
6459,SPR,0.99282974
6460,TEAD1,0.99800444
6461,MEN1,0.9972002
6462,OXCT1,0.9988921
6463,PRDM4,0.99526757
6464,CDC73,0.99884814
6465,DHRSX,0.9995143
6466,OTUD1,0.99003357
6467,TRPM2,0.994359
6468,MXRA5,0.99915504
6469,RAB8B,0.9969404
6470,ENDOV,0.99136543
6471,FHOD3,0.98855925
6472,INTS8,0.9991184
6473,COA6,0.9991414
6474,TBL2,0.9963212
6475,E2F1,0.9965065
6476,SAP130,0.9979575
6477,PHF14,0.99924797
6478,RAB11FIP2,0.99693364
6479,DNAJC2,0.99899817
6480,MAPK9,0.99584645
6481,CCDC22,0.99714285
6482,FGFR1OP,0.9543462
6483,EFS,0.9932353
6484,DHX32,0.98990995
6485,TET2,0.9982579
6486,FRY,0.9844151
6487,MVK,0.99532586
6488,NRBF2,0.9973104
6489,TRPS1,0.9930708
6490,GAS1,0.98333734
6491,RARS2,0.9873728
6492,ZNF862,0.99736255
6493,CCDC3,0.9837038
6494,MPP5,0.99894124
6495,LAYN,0.9854662
6496,CSGALNACT1,0.9698058
6497,SOCS5,0.9979658
6498,SARS2,0.99946886
6499,MCU,0.99915916
6500,TEP1,0.9915061
6501,EXOG,0.995145
6502,ALKBH6,0.998749
6503,STK16,0.9987989
6504,ADAM12,0.9949579
6505,TADA2B,0.9937611
6506,APPL2,0.99886113
6507,TBC1D7,0.9985545
6508,WDR54,0.9951039
6509,CNST,0.99873585
6510,RCL1,0.9973149
6511,ZNF12,0.9981857
6512,RRP8,0.9910686
6513,WDR60,0.99704057
6514,HAGHL,0.99817544
6515,CNNM2,0.99786824
6516,IL18BP,0.99056417
6517,C1orf174,0.9982516
6518,OBSCN,0.99817276
6519,CDKN2C,0.9980064
6520,SERGEF,0.97301364
6521,SNX10,0.9992881
6522,SOCS6,0.99408364
6523,TFPI,0.9206209
6524,DMWD,0.97001165
6525,CCNF,0.9996767
6526,B4GAT1,0.9959977
6527,ACO1,0.9888706
6528,SLC25A26,0.981903
6529,SDCBP2,0.99486476
6530,ARVCF,0.99716073
6531,EVI5,0.9962058
6532,RSAD1,0.9907322
6533,DYRK1B,0.99720186
6534,MED27,0.9992521
6535,TENT4B,0.9990459
6536,MIGA1,0.9960017
6537,PPM1M,0.9972377
6538,SNX7,0.9940071
6539,TBC1D22B,0.999667
6540,DUSP8,0.99640036
6541,LRCH1,0.9871006
6542,TMEM161A,0.99681216
6543,CLDN12,0.99814105
6544,CACNB2,0.99325544
6545,PSMD5,0.9995006
6546,SGK3,0.99573845
6547,DTX4,0.91215736
6548,PARP3,0.99389917
6549,FAHD1,0.99949366
6550,TMEM8B,0.89114195
6551,RRN3,0.9933985
6552,ELMOD3,0.9977264
6553,SLC49A3,0.99760956
6554,SPINDOC,0.9969112
6555,SGMS2,0.9962042
6556,FIG4,0.95683956
6557,ANKRA2,0.99798393
6558,SSB,0.9882243
6559,MEX3C,0.99554116
6560,DUSP14,0.9977927
6561,LMO2,0.9975473
6562,KLHL7,0.9989169
6563,COL8A2,0.9737342
6564,NRXN3,0.99850893
6565,LAT,0.9990866
6566,ATG5,0.9950156
6567,MBTD1,0.9943517
6568,PRPF4,0.98712224
6569,THAP3,0.99768335
6570,MKRN2,0.99163836
6571,CCNA2,0.99868417
6572,FAM43A,0.99191433
6573,ZFYVE21,0.99553543
6574,SLC35E2A,0.9899268
6575,BCKDHB,0.968373
6576,DDX58,0.99904543
6577,MDC1,0.9995384
6578,NUDCD1,0.99793005
6579,MTMR1,0.9997341
6580,LMO3,0.98319227
6581,RASA3,0.99825615
6582,CMTM4,0.999166
6583,ACVR1,0.9929802
6584,ZW10,0.99903965
6585,ZNF224,0.9930611
6586,RFFL,0.98472744
6587,C5orf22,0.995835
6588,ORC5,0.9965455
6589,ABCB7,0.9982114
6590,ARHGAP30,0.99724454
6591,MYO1G,0.9629111
6592,NPRL2,0.9945981
6593,GPR89B,0.89695674
6594,ARHGAP11A,0.99752563
6595,KAT2B,0.9991143
6596,SLFN13,0.98318654
6597,GHDC,0.9944919
6598,RAPGEF3,0.9761278
6599,TMEM209,0.9992847
6600,GABPB2,0.96915036
6601,MTF2,0.9975545
6602,GBE1,0.9978452
6603,RNF111,0.9992464
6604,SSBP2,0.9893565
6605,ZNF710,0.9962886
6606,AHDC1,0.99788874
6607,SFXN4,0.9985564
6608,SCLT1,0.99247175
6609,CCL4,0.99001664
6610,POU6F1,0.98637635
6611,SETBP1,0.9944771
6612,NPHP4,0.9974709
6613,ENDOG,0.9988459
6614,NQO2,0.9832849
6615,PDCD6,0.99653363
6616,LRRC40,0.9992402
6617,MARCH8,0.78725797
6618,CEP63,0.99862355
6619,SPART,0.9946575
6620,TIMM29,0.9915104
6621,HIST1H4H,0.9769009
6622,GADD45G,0.98627377
6623,IMMP2L,0.9983135
6624,LRMDA,0.9965007
6625,ABCD1,0.9992616
6626,NIPAL2,0.9971846
6627,DCK,0.9962686
6628,BRAF,0.9980714
6629,ZNF827,0.9382839
6630,ZNF121,0.9969995
6631,FLI1,0.7403458
6632,SMARCA1,0.9942701
6633,ELF4,0.99649763
6634,SORCS2,0.99933916
6635,TXNDC9,0.995944
6636,AMMECR1,0.99870604
6637,CHIC2,0.99948317
6638,MANBA,0.9962254
6639,ATG16L1,0.9989144
6640,BIRC3,0.9145622
6641,CRNKL1,0.99913615
6642,COL8A1,0.99795794
6643,DCAF1,0.99305385
6644,UBIAD1,0.9976182
6645,OGFOD2,0.9991348
6646,HMGCL,0.9957762
6647,IRS1,0.9910714
6648,ACVR1B,0.99891263
6649,SFMBT2,0.994957
6650,RPP30,0.9995551
6651,RPP21,0.996759
6652,GOT1,0.99632525
6653,FOPNL,0.99791235
6654,RGS4,0.9953789
6655,AGPAT4,0.99802476
6656,ORC3,0.9920028
6657,PIGK,0.9945068
6658,RGP1,0.9941433
6659,HSPA2,0.95964116
6660,PHF8,0.9994812
6661,TMEM104,0.9931156
6662,KIAA1755,0.9958398
6663,SPIN4,0.99844414
6664,RNF25,0.9996433
6665,AFMID,0.99958706
6666,SCN1B,0.9552358
6667,ZNF248,0.97446203
6668,NCF2,0.9958808
6669,C16orf70,0.99546885
6670,MAP7,0.99897623
6671,KMT5C,0.9969662
6672,RPA2,0.9969926
6673,LIN7B,0.99794513
6674,JKAMP,0.993792
6675,CARD16,0.9949868
6676,EIPR1,0.9994492
6677,TRPT1,0.94950837
6678,MEGF9,0.9957326
6679,GPANK1,0.9980163
6680,RAB29,0.983438
6681,DTNBP1,0.9974656
6682,PIGX,0.9979971
6683,UBTD2,0.99781466
6684,KCNN4,0.9991633
6685,CNTLN,0.997456
6686,UBD,0.9935313
6687,ZNF32,0.9512852
6688,HDAC11,0.9907389
6689,SPAG16,0.99743694
6690,SLC12A2,0.99798673
6691,UHRF1,0.9827636
6692,ETFRF1,0.9972508
6693,TSPAN6,0.98804957
6694,ALAS1,0.99692994
6695,ZCCHC10,0.99287176
6696,ALDH1A3,0.9512525
6697,IRF6,0.992774
6698,MBD4,0.99975085
6699,PLCB2,0.9856606
6700,LYPD3,0.9967303
6701,ACSF2,0.98924667
6702,DLAT,0.9934334
6703,PGAM5,0.997729
6704,INO80,0.99736995
6705,SLC17A9,0.99672157
6706,CHST12,0.9965091
6707,FAM98B,0.99801546
6708,MOB3B,0.9915717
6709,USP32,0.9941265
6710,MTG2,0.9972136
6711,SMIM19,0.9962104
6712,THNSL2,0.9616003
6713,ST7L,0.9985161
6714,RAD17,0.9886071
6715,ATP11C,0.97753763
6716,PSCA,0.9919087
6717,AFAP1L2,0.99490047
6718,RHOJ,0.9819379
6719,CLEC14A,0.9849253
6720,WDR70,0.9909582
6721,EED,0.9988043
6722,CHD7,0.9971123
6723,SMOX,0.98435616
6724,TEAD4,0.9901516
6725,SLC41A3,0.99791926
6726,AP5M1,0.99782807
6727,CDA,0.67903763
6728,HPS3,0.99701923
6729,ANAPC2,0.9860115
6730,TMEM30B,0.99598813
6731,CCDC59,0.99881774
6732,MDFI,0.9598408
6733,ZNF589,0.9983569
6734,WTIP,0.9739194
6735,GLT8D2,0.9965872
6736,WDR91,0.9989714
6737,ZNF641,0.9967653
6738,BPNT1,0.99535435
6739,PRKCE,0.9812934
6740,SECISBP2L,0.9984719
6741,UTP23,0.9930654
6742,RNF220,0.9971431
6743,PCCB,0.99527794
6744,TOP3A,0.9993
6745,MTG1,0.9905382
6746,RHOBTB2,0.8704857
6747,DIXDC1,0.9144532
6748,TMEM44,0.9989254
6749,NDC1,0.99859595
6750,MR1,0.99658257
6751,YRDC,0.9980087
6752,APOLD1,0.996949
6753,KRCC1,0.99967724
6754,DHDDS,0.99875593
6755,TMC4,0.99968886
6756,CSTF1,0.99455315
6757,SYT8,0.98039323
6758,DIMT1,0.99622107
6759,CTCF,0.98971564
6760,CINP,0.99844676
6761,NETO2,0.9987301
6762,CRCP,0.9974689
6763,SYNGR1,0.99715614
6764,MTMR6,0.9457672
6765,PLSCR4,0.99203634
6766,UBA5,0.9970146
6767,SNAPC4,0.99895525
6768,RILPL2,0.98562735
6769,RASL12,0.9556263
6770,JCAD,0.9637217
6771,TMEM223,0.99742454
6772,PAK1,0.99700195
6773,PLCG2,0.9894188
6774,ARID4A,0.9900977
6775,CENPM,0.9975272
6776,MRAS,0.99291354
6777,WDR24,0.9994378
6778,MGA,0.9993802
6779,YTHDC2,0.99484324
6780,KALRN,0.9937897
6781,STARD5,0.9994169
6782,RBM22,0.99905926
6783,PFAS,0.9782695
6784,HAUS2,0.9654576
6785,MED23,0.9959533
6786,DOHH,0.99802107
6787,PKMYT1,0.9989647
6788,FEZ1,0.92119163
6789,RCAN3,0.9991884
6790,SHOC2,0.99911493
6791,PRKAG2,0.9936703
6792,ARL15,0.9991749
6793,PIGL,0.9981738
6794,KIF26B,0.9931965
6795,CENPK,0.9993058
6796,IRS2,0.9418276
6797,CMC1,0.99760395
6798,PIK3R3,0.9939931
6799,BICDL1,0.9857399
6800,CHST2,0.96159106
6801,CSNK1G3,0.9986885
6802,ADGRA3,0.999235
6803,IKBIP,0.9983425
6804,ACOT11,0.9917555
6805,C1D,0.99672717
6806,ARMCX2,0.9946766
6807,BDH1,0.7613798
6808,ZNF622,0.99512905
6809,RINT1,0.99884695
6810,GINS1,0.9980313
6811,RALGPS1,0.995796
6812,NCDN,0.99838567
6813,ELP4,0.9982528
6814,GRK3,0.9971821
6815,PIGO,0.9967603
6816,KRT16,0.98984003
6817,ERCC6L2,0.9919636
6818,CDC40,0.9919788
6819,MCTP1,0.99404126
6820,ZSWIM6,0.99875873
6821,BCL2L12,0.987853
6822,KLHL2,0.9972599
6823,DAGLB,0.99934024
6824,COQ7,0.9976576
6825,NEXN,0.9660751
6826,ZNF426,0.9862344
6827,KCNH2,0.9978981
6828,VCPKMT,0.9981716
6829,SOBP,0.9710641
6830,CDKN2D,0.9941397
6831,ELMO3,0.9980147
6832,SMIM22,0.9978067
6833,LRRK1,0.9962296
6834,VPS26C,0.9977754
6835,ZBTB40,0.99924517
6836,HMG20A,0.992647
6837,POLG2,0.8913515
6838,CHMP2B,0.99724555
6839,FAM76A,0.99502057
6840,GRB7,0.989022
6841,TMED8,0.97174424
6842,SETD1B,0.9831259
6843,MAMDC4,0.9991982
6844,VANGL1,0.99856704
6845,ZDHHC13,0.9553058
6846,ACD,0.9972847
6847,RSAD2,0.99084204
6848,PLCB1,0.983321
6849,MYEOV,0.9203631
6850,TAF2,0.9979519
6851,PAK1IP1,0.9948489
6852,TRIM14,0.9995467
6853,CDK3,0.9969151
6854,PASK,0.99796885
6855,ZNF26,0.9969067
6856,TGFBRAP1,0.99896574
6857,ST3GAL5,0.98777753
6858,SPOCK2,0.8979545
6859,IL1RN,0.99461794
6860,TRPM7,0.997605
6861,LPIN3,0.99957687
6862,VCAM1,0.9833279
6863,HGH1,0.99735767
6864,HSDL1,0.9977364
6865,HAUS8,0.998663
6866,PLAA,0.99190474
6867,UNKL,0.9995633
6868,PLEKHA8,0.9830515
6869,WDFY3,0.99582624
6870,FGD4,0.9927804
6871,RRAGB,0.9970787
6872,PLA2G12A,0.99268717
6873,DUSP11,0.9933975
6874,ARHGEF9,0.9973263
6875,ARL14EP,0.97189426
6876,OPA3,0.9901929
6877,COQ5,0.998394
6878,PROS1,0.95322305
6879,HEYL,0.9819878
6880,TMEM50B,0.997946
6881,ZNF84,0.9808295
6882,CST6,0.99720645
6883,ERMAP,0.9905959
6884,CUL5,0.992356
6885,BRCA1,0.9985726
6886,EVPL,0.993671
6887,ACER3,0.9967494
6888,PDCL,0.99919015
6889,TRAPPC8,0.99960834
6890,ITIH5,0.9764495
6891,PLPP3,0.9745517
6892,GALNT3,0.98512346
6893,ATF1,0.9962601
6894,FMN1,0.9900035
6895,BMP2,0.79781634
6896,PIGH,0.9973109
6897,BCCIP,0.9970522
6898,SMC6,0.9991463
6899,MTFR1,0.97968584
6900,SLFN11,0.99791604
6901,RFLNB,0.91003734
6902,FKRP,0.9943308
6903,PEX1,0.9881153
6904,SLC22A17,0.9501443
6905,REL,0.9955128
6906,GALE,0.8718872
6907,IDUA,0.99333376
6908,CNTRL,0.9982888
6909,SDAD1,0.96502763
6910,C6orf47,0.99892396
6911,SLC38A7,0.99827653
6912,ALG1,0.9988422
6913,CSKMT,0.99733144
6914,SLA,0.95733327
6915,PURA,0.9971652
6916,PHLDA2,0.990562
6917,SYTL2,0.9970441
6918,ADCY9,0.9976372
6919,WDR62,0.99789983
6920,TSR1,0.99905723
6921,REC8,0.99650675
6922,LIMCH1,0.98818225
6923,KIF2A,0.9984529
6924,HMBS,0.9979475
6925,MMP19,0.98897505
6926,SMARCC2,0.9961346
6927,ATAD2B,0.9917496
6928,C6orf226,0.9920902
6929,ACAD8,0.9965629
6930,NEMP1,0.999712
6931,DOCK11,0.99782294
6932,OGG1,0.9736751
6933,CEP128,0.99606544
6934,GRB10,0.94124705
6935,THADA,0.99202985
6936,PTPN3,0.9988138
6937,DCAF13,0.99765706
6938,SPIRE2,0.99765444
6939,LRFN3,0.9863782
6940,SAP30,0.9858994
6941,PIBF1,0.999487
6942,ADAMTS9,0.9428112
6943,NMI,0.99938625
6944,PRKD1,0.9979145
6945,ANKRD65,0.9897869
6946,YJEFN3,0.9927526
6947,KPNA3,0.99716216
6948,BAHCC1,0.9769683
6949,ESF1,0.97951126
6950,MIS18BP1,0.99088264
6951,ZNF117,0.99506944
6952,ZBTB21,0.9994901
6953,H3F3A,0.9940791
6954,FANCC,0.99627876
6955,SUGP1,0.9990397
6956,MTMR10,0.99798816
6957,ADAMTS10,0.97514486
6958,FAM13A,0.87718374
6959,TST,0.9892578
6960,KYNU,0.98651487
6961,NUDT16L1,0.99878424
6962,DPAGT1,0.9975851
6963,NUP133,0.99773866
6964,ZNF7,0.9993608
6965,HAUS4,0.9993718
6966,FCGR2B,0.9994171
6967,BTBD1,0.99415714
6968,TNS4,0.98493415
6969,LURAP1L,0.99818164
6970,PIK3C3,0.9984181
6971,NDC80,0.9743293
6972,TARSL2,0.9993189
6973,TRAPPC10,0.9867541
6974,ATR,0.9985082
6975,ZNF302,0.9883692
6976,SH3RF1,0.9813548
6977,STYXL1,0.99823505
6978,NDOR1,0.9985849
6979,TSC1,0.99819255
6980,NUDT1,0.9866741
6981,TAMM41,0.9933415
6982,INSIG2,0.9975664
6983,PTRH2,0.99596876
6984,TAF4,0.998678
6985,DSN1,0.99937326
6986,ANK3,0.99896026
6987,TMEM68,0.9989853
6988,ICAM3,0.9694762
6989,SNX30,0.9785392
6990,RCCD1,0.9924528
6991,ARHGEF4,0.98925084
6992,AC093323.1,0.9982006
6993,NVL,0.9979968
6994,SLC43A1,0.9968605
6995,ZNF507,0.99407274
6996,ZNF75A,0.99847794
6997,LGALSL,0.9991252
6998,ERLIN2,0.9904978
6999,AKAP12,0.9382778
7000,ELMO1,0.9928053
7001,ZNF561,0.99894875
7002,MRI1,0.9879549
7003,ZNF687,0.9856958
7004,FAM174B,0.9947242
7005,FOXF1,0.9575898
7006,GFPT2,0.9713169
7007,CLOCK,0.9900484
7008,PTRH1,0.9541299
7009,TEAD2,0.96999025
7010,PAPSS2,0.98259544
7011,POU2AF1,0.9232523
7012,TMEM63A,0.9946787
7013,DENND3,0.99621004
7014,NEPRO,0.99102765
7015,ITM2A,0.9928058
7016,CA5B,0.99939656
7017,PTPN14,0.993545
7018,SLC35E2B,0.9647686
7019,TARBP2,0.9980708
7020,TCTN1,0.99581164
7021,MOAP1,0.9926931
7022,RASGRP2,0.98964566
7023,CELSR2,0.99752903
7024,SPNS2,0.96410465
7025,ZNF337,0.99523586
7026,OCRL,0.99737483
7027,CASTOR3,0.9942653
7028,AGER,0.99798995
7029,EDNRA,0.99021333
7030,SGF29,0.99963975
7031,TSFM,0.9968012
7032,DENND4A,0.99622923
7033,ZNF562,0.99788004
7034,GSAP,0.98483855
7035,SIRT5,0.99069744
7036,FERMT1,0.83085775
7037,TSPAN31,0.9160693
7038,IGF1,0.9690259
7039,CFAP36,0.9980467
7040,DYNC1I1,0.97827744
7041,MRE11,0.9972806
7042,MED17,0.9827158
7043,ZNF281,0.966634
7044,SUFU,0.99377346
7045,SPATA33,0.99857277
7046,ASPN,0.99093646
7047,TRAPPC13,0.99591047
7048,MFSD5,0.9985569
7049,GCA,0.9933427
7050,NAA25,0.9914603
7051,MYCBP,0.9984041
7052,C2orf69,0.99665284
7053,CDC42EP2,0.9846973
7054,SLC2A4,0.97526455
7055,NRF1,0.9972375
7056,B3GALT4,0.9982236
7057,GLCCI1,0.9662447
7058,PHLDB3,0.9853875
7059,PTPRJ,0.9928088
7060,LENG1,0.99580497
7061,VWA8,0.99882436
7062,PLEK,0.99688655
7063,SARM1,0.97054785
7064,FAM83A,0.9133861
7065,MLF1,0.99680537
7066,ALMS1,0.9904828
7067,RNF24,0.99841315
7068,COG5,0.9982274
7069,MYO9A,0.9968915
7070,CHST3,0.99686575
7071,CACFD1,0.9968813
7072,NAA15,0.9975915
7073,C9orf85,0.988169
7074,INPP1,0.9891117
7075,NEK10,0.9988594
7076,FGD6,0.99845415
7077,CTR9,0.99849063
7078,FAM135A,0.9902851
7079,PPID,0.9977176
7080,REV3L,0.9975372
7081,LPAR6,0.9957034
7082,TNIK,0.94570494
7083,CRIP1,0.9849372
7084,TRIT1,0.93961376
7085,LANCL1,0.99511313
7086,KANSL2,0.99698573
7087,KLF12,0.99825025
7088,AAMDC,0.9751001
7089,FANCG,0.99957246
7090,UHRF1BP1L,0.9281885
7091,MTRF1L,0.99634695
7092,ZNF185,0.99716264
7093,CD4,0.992327
7094,ADAM8,0.9969813
7095,PIGN,0.95775396
7096,KLHL9,0.8931616
7097,R3HDM1,0.9979536
7098,TMEM242,0.9947776
7099,PATZ1,0.99312925
7100,RBBP9,0.997809
7101,SLC24A3,0.99138254
7102,ZNF212,0.99859697
7103,SASH3,0.97974914
7104,ARRB1,0.9388678
7105,EGR3,0.9885526
7106,CDAN1,0.98399615
7107,OSGIN2,0.9982924
7108,LIFR,0.95203537
7109,KIF2C,0.9899659
7110,COL17A1,0.9913721
7111,HAUS5,0.9989129
7112,APBB1IP,0.99504775
7113,MTFP1,0.9975175
7114,ASB6,0.9977668
7115,UHRF1BP1,0.9634786
7116,TRPV2,0.95570284
7117,ZNF574,0.9979344
7118,MFSD3,0.9924645
7119,PIK3R4,0.9981823
7120,ZNF445,0.997689
7121,ABTB2,0.99570036
7122,EFHC1,0.9949562
7123,BMF,0.98026294
7124,ZNF226,0.9896653
7125,JADE1,0.9856682
7126,NDUFA13,0.97535795
7127,SLC25A19,0.98879546
7128,KIAA0040,0.99490756
7129,WDR37,0.99428624
7130,KIAA2026,0.99937695
7131,HAND2,0.97392815
7132,COMMD2,0.9979833
7133,ZFAND2A,0.99865055
7134,LRP6,0.9981268
7135,PDE8A,0.7482872
7136,ORC2,0.99581736
7137,PDSS2,0.9894905
7138,CMPK2,0.99092317
7139,CHM,0.99185663
7140,ZNF189,0.9849668
7141,BRAP,0.9982782
7142,UBE2D4,0.98822385
7143,PIK3CA,0.9993673
7144,SLC36A4,0.9960603
7145,CSDC2,0.9961419
7146,LY6K,0.9965833
7147,TRIM13,0.9904804
7148,NLN,0.9909664
7149,COG6,0.99787325
7150,RUFY1,0.9973779
7151,MSL3,0.9959298
7152,FGFR2,0.9974161
7153,MYEF2,0.91185397
7154,ZNF33B,0.99863213
7155,ZNF318,0.9974591
7156,SMIM15,0.9991103
7157,SH2D3A,0.99795675
7158,FAM98C,0.9977708
7159,MCC,0.99805194
7160,PUSL1,0.99805266
7161,IFT22,0.98493236
7162,KCNS3,0.99050945
7163,MORC4,0.9935244
7164,TMC8,0.99132365
7165,SLC25A12,0.99755883
7166,CEP78,0.9971171
7167,B4GALNT3,0.9975555
7168,C2CD3,0.9985418
7169,PDK2,0.9921709
7170,MSRB3,0.9352445
7171,PELI1,0.94106793
7172,GDPD3,0.9949141
7173,CEMIP,0.9959814
7174,GTF3C4,0.9991273
7175,ZFP64,0.9946529
7176,GAB1,0.99375194
7177,TANGO2,0.99934816
7178,GLRX2,0.9989541
7179,KIAA0556,0.9978753
7180,ZNF761,0.9959428
7181,SNIP1,0.9979661
7182,ZFYVE9,0.99578077
7183,RAB30,0.955489
7184,ITFG2,0.99770117
7185,OSBPL7,0.9993019
7186,EEPD1,0.9979822
7187,DALRD3,0.9936051
7188,BRD3OS,0.9969831
7189,PLA2G4C,0.9894063
7190,RBL1,0.9993034
7191,SFT2D1,0.99677426
7192,NUDCD2,0.9936201
7193,TATDN1,0.9990085
7194,BTN2A2,0.99217623
7195,ZNF668,0.99815255
7196,NDN,0.98914576
7197,NFATC2,0.981802
7198,TOP1MT,0.9936929
7199,TSPAN33,0.9925103
7200,MCM8,0.9991906
7201,NUAK2,0.99903464
7202,IKZF1,0.9243501
7203,ST7,0.99725395
7204,PLA2G6,0.99900675
7205,CCSAP,0.9912195
7206,VIRMA,0.9984188
7207,CARMIL1,0.9988634
7208,RNF170,0.9685876
7209,TNFAIP8L1,0.9546221
7210,ARFIP1,0.99910635
7211,N4BP2L1,0.9917023
7212,CSNK1G1,0.99838895
7213,TKFC,0.9994614
7214,SESN1,0.99766856
7215,GEN1,0.99705
7216,PLGRKT,0.99613506
7217,FCF1,0.99949217
7218,UBN2,0.9934442
7219,BLZF1,0.99299955
7220,ZC3H12C,0.9983092
7221,AASDHPPT,0.99563104
7222,EVA1C,0.9742176
7223,PGAP2,0.9975054
7224,RNF113A,0.997636
7225,NAA30,0.99896187
7226,MOSPD1,0.9984877
7227,FOXJ2,0.9980964
7228,ZNF512B,0.998364
7229,TDRD7,0.99286336
7230,KIZ,0.9761221
7231,ARSB,0.8838299
7232,CDCA8,0.9994278
7233,FAM120C,0.9859643
7234,COL4A6,0.9210108
7235,TARS2,0.9705722
7236,IDE,0.99850965
7237,PTCD1,0.99778724
7238,PER2,0.9906681
7239,EXOSC9,0.9981313
7240,TBX3,0.9938995
7241,RRAGC,0.99510854
7242,FBXW9,0.999126
7243,SLC35D1,0.9981602
7244,PMAIP1,0.9875528
7245,FNBP1L,0.9921999
7246,NR1D1,0.9972029
7247,ZNF431,0.99919176
7248,FAM49A,0.9931397
7249,TSEN15,0.9986272
7250,LMF1,0.9843866
7251,HLCS,0.98945427
7252,CDC37L1,0.99052763
7253,USP42,0.98860866
7254,ASTN2,0.9984496
7255,RIF1,0.9991966
7256,COG7,0.9983762
7257,TGFA,0.99610686
7258,XRCC3,0.9967683
7259,CTTNBP2NL,0.99750584
7260,TNFRSF11B,0.96656173
7261,FAM83G,0.98327494
7262,CDK7,0.9920802
7263,SLC38A6,0.9964444
7264,TATDN3,0.9964896
7265,ASH2L,0.99426126
7266,XPA,0.9905037
7267,RGS19,0.9953911
7268,FOXP2,0.98054105
7269,POLR3C,0.9876968
7270,PIGF,0.98348576
7271,CRTC2,0.99611706
7272,FASTKD2,0.9975948
7273,EPG5,0.99831843
7274,BYSL,0.9985676
7275,BAMBI,0.9972772
7276,PTGER4,0.980793
7277,RAD54L,0.99636954
7278,ETV7,0.99466354
7279,ANKRD49,0.9948764
7280,TACO1,0.9835306
7281,DLGAP5,0.9953528
7282,NPAT,0.9934148
7283,MINDY3,0.99499875
7284,C20orf194,0.98564434
7285,IQCE,0.99558353
7286,KLHL17,0.99761313
7287,CDK19,0.9974107
7288,C2CD5,0.9989024
7289,WNT5B,0.9970486
7290,CNPY4,0.99719214
7291,CASD1,0.9764268
7292,RRAGD,0.97570205
7293,ZNF408,0.998625
7294,CCDC186,0.99200654
7295,SLC25A22,0.9942441
7296,SNAPC5,0.99719524
7297,SP2,0.99715775
7298,KIF18B,0.9966647
7299,RBSN,0.9975236
7300,PDE5A,0.98946446
7301,CD36,0.98898745
7302,MOB1B,0.98491126
7303,DNMBP,0.9983649
7304,WNT5A,0.99982804
7305,PTRHD1,0.9857704
7306,APLNR,0.97376996
7307,SKA2,0.98925304
7308,ZNF398,0.99912214
7309,ARHGEF3,0.9926982
7310,NSDHL,0.9988611
7311,MYO5C,0.9951294
7312,ECD,0.9941025
7313,MCPH1,0.9913337
7314,IL20RB,0.9798715
7315,UBE2T,0.9982242
7316,TSPAN5,0.99866074
7317,HIF3A,0.97074395
7318,MCAT,0.9980972
7319,REXO4,0.99933606
7320,ETV5,0.98438025
7321,NME6,0.9971402
7322,ASAP3,0.99562573
7323,TOR4A,0.9936865
7324,EPB41L2,0.99344176
7325,CSTA,0.8502288
7326,CCDC120,0.9991982
7327,LNPK,0.9991054
7328,ABHD3,0.99942803
7329,TTC13,0.9902609
7330,ADGRD1,0.96967894
7331,TMEM255B,0.9834502
7332,PAPOLG,0.9975991
7333,MFAP1,0.9975162
7334,LEO1,0.99276537
7335,PLEKHG1,0.99459666
7336,PRICKLE2,0.99908763
7337,BBIP1,0.9987683
7338,ARMC6,0.9867354
7339,LRRC61,0.9728348
7340,MLLT11,0.9979066
7341,POLR1E,0.98723656
7342,RIC8B,0.9904806
7343,PI4K2B,0.99706084
7344,GAMT,0.9970891
7345,SLC31A2,0.986002
7346,TBC1D23,0.9915946
7347,HERC3,0.99641925
7348,IFT140,0.9979815
7349,TRIM3,0.9740067
7350,HLX,0.9649894
7351,CAMSAP3,0.9953243
7352,ITGBL1,0.99016476
7353,GJB3,0.9542969
7354,SLC19A2,0.92805815
7355,SCO1,0.9959187
7356,PIGP,0.97618264
7357,ARL5B,0.99433655
7358,INAFM2,0.99512213
7359,MATR3,0.9845305
7360,HES6,0.99572515
7361,NPM3,0.9915145
7362,LRIG2,0.9992979
7363,SHROOM1,0.9954806
7364,POLR1C,0.97873574
7365,CKAP2,0.9853997
7366,NDUFAF6,0.99657696
7367,RRP9,0.96915394
7368,THG1L,0.99541944
7369,GDF15,0.99698424
7370,LIF,0.98717827
7371,ZDHHC17,0.992399
7372,LILRB2,0.82048005
7373,PGPEP1,0.99231887
7374,CASP10,0.99801654
7375,CYTH3,0.9947172
7376,CSF2RB,0.9949548
7377,FAM131A,0.9922225
7378,NXPH3,0.99502516
7379,CPM,0.99641746
7380,IFT27,0.98087674
7381,SEC31B,0.9958007
7382,SLC9A6,0.9980295
7383,RIOX2,0.8870055
7384,PPTC7,0.9984208
7385,RALGPS2,0.99532795
7386,CD200,0.9557152
7387,BLOC1S4,0.9794133
7388,FAH,0.90529513
7389,HIRA,0.9928935
7390,ACACB,0.9908457
7391,RNASEH2B,0.994366
7392,PRKACB,0.99466234
7393,PPM1K,0.9729278
7394,NXPE3,0.9912224
7395,POLR3K,0.99849415
7396,CRY1,0.99468946
7397,NHSL1,0.99809885
7398,TRAPPC6A,0.9987168
7399,IL1RAP,0.9896293
7400,SLC45A4,0.9923429
7401,XPO4,0.95764524
7402,ARHGEF10,0.9904077
7403,ZBED4,0.97781205
7404,WDR19,0.9750424
7405,DENND6B,0.9934616
7406,CPT1B,0.9832756
7407,CCDC66,0.99661756
7408,GPX7,0.9913986
7409,INTS14,0.99844456
7410,SOX18,0.995202
7411,SCD5,0.9971946
7412,TSNARE1,0.9950722
7413,ASCC1,0.9687276
7414,H2AFY2,0.9974592
7415,SLC26A11,0.9865982
7416,FH,0.9952194
7417,ENOX2,0.980182
7418,TEX30,0.9986415
7419,MAP3K12,0.99505955
7420,ADAMTS7,0.99115485
7421,CDH24,0.9985495
7422,TAB1,0.99153715
7423,PSD3,0.99555945
7424,CEP44,0.98793364
7425,ANPEP,0.99704486
7426,AMMECR1L,0.99624807
7427,CEP68,0.97742444
7428,ADAP1,0.9975858
7429,FAM222B,0.9986469
7430,FAM177B,0.9930441
7431,KIF3A,0.99885035
7432,DSC2,0.9617875
7433,TUBGCP5,0.98812467
7434,RNF14,0.9859112
7435,RSBN1L,0.9964847
7436,KIFC1,0.99047637
7437,TRMT44,0.9969628
7438,ZNF267,0.99685144
7439,KLHL18,0.9967451
7440,MPHOSPH9,0.9926006
7441,ERG,0.9925305
7442,ZNF43,0.970028
7443,PPIL1,0.9974459
7444,ACSL5,0.9907343
7445,YBEY,0.995816
7446,MAPK11,0.9968584
7447,ELMOD2,0.9974777
7448,PIF1,0.9945033
7449,CDK18,0.9986518
7450,TGFBR3,0.86824465
7451,TSPOAP1,0.981044
7452,ZYG11B,0.99629587
7453,FERMT3,0.9995746
7454,STARD9,0.9866732
7455,MYNN,0.99749225
7456,HIST1H2BJ,0.99904776
7457,MT1G,0.99782443
7458,PDGFB,0.9662023
7459,KCNJ8,0.93946546
7460,RSBN1,0.9823721
7461,CRBN,0.9792592
7462,UBE2O,0.9985738
7463,TRERF1,0.9954333
7464,NUDT19,0.9981335
7465,FAAH,0.993573
7466,NGDN,0.9983508
7467,BCL9,0.9478057
7468,RITA1,0.99403733
7469,HILPDA,0.9818466
7470,CHEK1,0.9985079
7471,RHOV,0.9900302
7472,GALK2,0.993001
7473,ZNF141,0.990829
7474,NIPA1,0.9987056
7475,VDR,0.9938316
7476,SNAPIN,0.9975322
7477,MAPRE3,0.9970908
7478,TOM1L1,0.9981582
7479,GNAI1,0.9980545
7480,MAPK6,0.99882126
7481,FBXO25,0.99895614
7482,RPAP1,0.94998366
7483,FOCAD,0.9930854
7484,ZDHHC1,0.99712914
7485,TMEM120B,0.9918542
7486,NDUFAF7,0.9962988
7487,TET3,0.99725753
7488,MNAT1,0.9489968
7489,ZFYVE1,0.99373966
7490,ZNF124,0.98778075
7491,TRIP11,0.99867964
7492,MIS12,0.9978643
7493,ERI2,0.94872236
7494,SLC25A17,0.99767566
7495,DCPS,0.97949094
7496,PWWP2A,0.99000674
7497,HOXA7,0.9983854
7498,NAAA,0.9884779
7499,RAD51C,0.9982972
7500,GPT2,0.99738854
7501,ARHGAP25,0.98761755
7502,CDC6,0.9962526
7503,GNG2,0.9947193
7504,PIK3R1,0.98430896
7505,NHLRC2,0.99752694
7506,KIF11,0.99880266
7507,C11orf95,0.99579376
7508,TRAPPC1,0.96978694
7509,HK2,0.9962654
7510,EGR2,0.99362683
7511,CEBPA,0.99186534
7512,SPRED2,0.9958027
7513,PLXNC1,0.9902738
7514,PPCDC,0.99170417
7515,ADO,0.988488
7516,MASTL,0.99460316
7517,IQSEC2,0.9981856
7518,SCFD2,0.9888281
7519,STS,0.96015185
7520,CASP8,0.99575734
7521,PALM,0.9712352
7522,SNRPB2,0.99820036
7523,ANKMY1,0.99836093
7524,C1orf116,0.9931212
7525,TPMT,0.99820566
7526,PBDC1,0.9795594
7527,RNF6,0.9976055
7528,FUOM,0.9902547
7529,NDUFAF5,0.9964616
7530,RAB40B,0.9972021
7531,AIMP2,0.9882814
7532,LTB4R,0.9971035
7533,PRSS8,0.9787964
7534,MORN1,0.99855065
7535,MTHFS,0.99704903
7536,ZBTB10,0.9776613
7537,GCH1,0.99754745
7538,SPACA6,0.99700326
7539,TTC28,0.98150593
7540,ITGAE,0.9696381
7541,DPH5,0.9979183
7542,UFL1,0.99592096
7543,SLC1A3,0.99841195
7544,NUDT2,0.998307
7545,CAB39L,0.9887418
7546,RCAN2,0.9850664
7547,LYRM2,0.98552316
7548,PEX10,0.99221295
7549,NIPSNAP3A,0.9938548
7550,PAG1,0.97184277
7551,ANKRD37,0.95280975
7552,OARD1,0.9992644
7553,MOXD1,0.92185575
7554,MMP7,0.9658313
7555,KIF23,0.99625844
7556,BCLAF3,0.98944753
7557,CASP6,0.9982608
7558,KRT23,0.9989557
7559,DENND1B,0.9988027
7560,SMIM3,0.9961798
7561,RPP25,0.9985817
7562,ALPK1,0.9908836
7563,CLEC7A,0.9897254
7564,CHCHD6,0.99566275
7565,KANSL1L,0.99936885
7566,ROBO4,0.996115
7567,ADCY5,0.990393
7568,TMEM107,0.9982252
7569,BMPR1A,0.9864032
7570,MYPOP,0.99855167
7571,ITSN1,0.98562384
7572,HSCB,0.995152
7573,DUSP10,0.99145275
7574,TIAM1,0.99095345
7575,KLHL6,0.98726314
7576,TANC2,0.9981186
7577,ZNF142,0.9982343
7578,LIN52,0.9957015
7579,TLE4,0.99929756
7580,KRBOX4,0.9951907
7581,TMEM243,0.9930589
7582,NGLY1,0.9966817
7583,OTUD3,0.9638143
7584,CCNT1,0.9987569
7585,MOSMO,0.99423933
7586,PRKD3,0.988911
7587,CCL19,0.9602638
7588,CBR4,0.9832756
7589,TLR2,0.997016
7590,HOXB2,0.9906666
7591,COL9A2,0.97768545
7592,MAGEH1,0.9820387
7593,TTC39C,0.99778837
7594,PDCL3,0.99478936
7595,PDE12,0.98550385
7596,SEMA6B,0.9599746
7597,IRF5,0.9409706
7598,TMEM47,0.9885709
7599,LRRC20,0.99811095
7600,C1orf162,0.98897386
7601,EXOSC1,0.9976503
7602,PAAF1,0.99475425
7603,RIPK4,0.9978395
7604,ARNTL,0.99800825
7605,EPB41L4B,0.9985566
7606,PTHLH,0.9958293
7607,TRIM21,0.9768545
7608,LATS1,0.9800396
7609,RNF2,0.99646306
7610,LARGE2,0.99825495
7611,NR2F1,0.9848214
7612,GPKOW,0.9956975
7613,NCKAP5L,0.96325606
7614,ANK2,0.99372655
7615,DENND4C,0.9720499
7616,SEMA3A,0.9960105
7617,PFKFB4,0.99405295
7618,TECPR2,0.94130343
7619,PRDM15,0.99872845
7620,RNFT1,0.99065906
7621,BBS7,0.96894234
7622,NPL,0.9982545
7623,HID1,0.9651945
7624,EPS15L1,0.9974572
7625,NPNT,0.9955797
7626,MEF2C,0.9865115
7627,RILP,0.9915168
7628,CHEK2,0.99859095
7629,ESCO1,0.9959031
7630,JRK,0.9893815
7631,KATNBL1,0.9993625
7632,PXK,0.99459606
7633,GABPA,0.99788713
7634,WDR7,0.9954093
7635,CPEB2,0.9967682
7636,SLC36A1,0.99448913
7637,CENPJ,0.99780244
7638,PROSER2,0.9849486
7639,HCCS,0.9938254
7640,ECI2,0.99508697
7641,ITGB7,0.9605987
7642,VILL,0.9977322
7643,RNF208,0.9912872
7644,RNF214,0.9978664
7645,CACNB1,0.9987719
7646,SLC25A40,0.9979956
7647,GLA,0.99717
7648,STEAP3,0.9964276
7649,KIF1BP,0.99767286
7650,TNFRSF4,0.989098
7651,ABHD8,0.99692845
7652,HMGCR,0.99715686
7653,ALOX5AP,0.9922969
7654,PDE3B,0.9355487
7655,CIT,0.9965496
7656,TENT5C,0.9505884
7657,DNAJC30,0.9990851
7658,E2F3,0.98578095
7659,RAPGEF5,0.99851465
7660,KPTN,0.9992512
7661,ADCY7,0.9977147
7662,SEMA4A,0.99305767
7663,MGME1,0.9987145
7664,DDR2,0.98993224
7665,TNPO3,0.9991701
7666,R3HCC1L,0.99808836
7667,GPR176,0.93955964
7668,FLYWCH2,0.99760866
7669,CPOX,0.9982032
7670,SFMBT1,0.9969452
7671,IDO1,0.90962464
7672,CCDC159,0.98519784
7673,BICC1,0.9967688
7674,RPUSD4,0.9968114
7675,RAD51AP1,0.999578
7676,ANO8,0.98472434
7677,TFAP2A,0.9827445
7678,AP1M2,0.9992154
7679,KIAA0513,0.98293716
7680,HEPH,0.9831586
7681,VRK1,0.9950196
7682,ETAA1,0.99742794
7683,MRM2,0.998257
7684,ZBTB45,0.99849725
7685,TRAPPC11,0.9843858
7686,CTSO,0.87722945
7687,AGFG2,0.9961403
7688,ERCC6,0.99734664
7689,ZNF623,0.9948403
7690,DOK1,0.9242051
7691,CCNE1,0.99854285
7692,TULP3,0.9975028
7693,RAB11FIP4,0.9909188
7694,CNOT11,0.99181587
7695,ZNF251,0.974605
7696,ADAP2,0.97944546
7697,ANKDD1A,0.97698975
7698,ZCCHC8,0.99824566
7699,ANKRD36C,0.96000665
7700,CD7,0.9606168
7701,COPS4,0.99726415
7702,HSPA6,0.99222857
7703,MPP7,0.9615658
7704,MUC4,0.9565418
7705,NEDD1,0.9974461
7706,ZNF446,0.99701786
7707,ACP6,0.9981439
7708,RPAP3,0.99791306
7709,DOCK7,0.9980085
7710,GIGYF2,0.9658503
7711,ALDH5A1,0.95923066
7712,POMT2,0.9980878
7713,CTNS,0.9976079
7714,C3orf62,0.9957547
7715,SHF,0.99445534
7716,ARMC5,0.99886984
7717,EARS2,0.9985482
7718,UBOX5,0.94386363
7719,C16orf91,0.99892616
7720,TADA2A,0.9980111
7721,TRAF3IP1,0.9985023
7722,ZNF766,0.95340425
7723,SLC44A3,0.99841213
7724,WFDC1,0.9528785
7725,PCNX3,0.99377614
7726,LMBRD2,0.99021846
7727,RAPGEF2,0.92230463
7728,BHLHE41,0.8875925
7729,RIN1,0.9536717
7730,RCSD1,0.9899222
7731,ZNF704,0.99863046
7732,RNF144A,0.996016
7733,TMEM200B,0.9856493
7734,GRHL1,0.99339104
7735,ZNF639,0.9986364
7736,IRAK2,0.99563426
7737,INPP5F,0.99279326
7738,NUDT9,0.9836146
7739,STK26,0.99656945
7740,CXorf56,0.9972499
7741,FBXL20,0.96928245
7742,GALNT18,0.9954426
7743,SLC9A9,0.9959263
7744,CDC23,0.9972534
7745,MERTK,0.9966549
7746,ASPM,0.9891879
7747,ARAP3,0.9965062
7748,RASD1,0.5494943
7749,C21orf58,0.996594
7750,MMP15,0.9991009
7751,FAM104B,0.9981158
7752,CDKN2B,0.99925154
7753,EBAG9,0.99023837
7754,STX1A,0.9951768
7755,EMSY,0.9978176
7756,SEC61A2,0.96144104
7757,PRPF40B,0.99705887
7758,AGAP9,0.82500726
7759,XYLT1,0.9940521
7760,WHRN,0.9953286
7761,YARS2,0.99607635
7762,UMPS,0.9985152
7763,CORO2A,0.9887905
7764,COX6A1,0.9514883
7765,BORCS5,0.9982316
7766,CDCA7,0.99876696
7767,SLAMF8,0.9693888
7768,AOAH,0.97456217
7769,NUP37,0.99915314
7770,GRHL2,0.9981391
7771,NCAPH,0.97817945
7772,HDHD5,0.9971104
7773,ZNF236,0.9948186
7774,KRT80,0.8389883
7775,GPR183,0.99046916
7776,HOXB3,0.99688905
7777,LYSMD2,0.998216
7778,TMEM268,0.99453735
7779,FUNDC1,0.9915607
7780,MYBL1,0.9968195
7781,MARC2,0.98741084
7782,ABI3,0.9787891
7783,NMB,0.99435407
7784,ACCS,0.9948242
7785,TMEM237,0.9978325
7786,ZNF280D,0.9906278
7787,USP38,0.99754053
7788,SNX24,0.99712783
7789,BOLA1,0.9983039
7790,EDRF1,0.9961613
7791,CPED1,0.93398786
7792,RBBP8,0.99599886
7793,UEVLD,0.9969309
7794,HDDC3,0.93440133
7795,CENPA,0.9960212
7796,SLC16A2,0.9153352
7797,DHRS7B,0.9945864
7798,CWC22,0.99268275
7799,EIF5A2,0.9657609
7800,C2CD2L,0.99900514
7801,IKZF5,0.97071075
7802,MIOS,0.99481124
7803,NAPB,0.9982819
7804,TTI1,0.9977398
7805,SMIM27,0.98350865
7806,BORCS6,0.9799442
7807,EAF1,0.99695444
7808,TUBE1,0.9938476
7809,MAP4K3,0.9996149
7810,SLF2,0.99073404
7811,GFOD2,0.9993455
7812,HS3ST1,0.944943
7813,ABHD17B,0.9986346
7814,PARP2,0.9921577
7815,ZNF770,0.95256025
7816,PSMA1,0.99009866
7817,TBXAS1,0.976785
7818,ARID3A,0.9880879
7819,ABHD18,0.96580887
7820,NUAK1,0.9530713
7821,SIRT1,0.99109834
7822,SCX,0.98676676
7823,RELL2,0.99959993
7824,DARS2,0.991769
7825,XXYLT1,0.9979642
7826,NUDT15,0.9928002
7827,TCEAL3,0.9928463
7828,CCL11,0.9702192
7829,PIAS2,0.9964738
7830,SEC24A,0.9980685
7831,BBS2,0.9964374
7832,NAF1,0.99654394
7833,PLCXD1,0.9932123
7834,ACAT2,0.9985268
7835,IL33,0.89167994
7836,RUNDC1,0.99869186
7837,NUF2,0.9320302
7838,UMAD1,0.99766254
7839,TNFAIP8L3,0.99236673
7840,OLR1,0.9881404
7841,UNC119B,0.99591184
7842,SYT11,0.9915037
7843,DHRS1,0.99826455
7844,C18orf32,0.9974337
7845,POU2F1,0.99434775
7846,INCENP,0.99527454
7847,TOR2A,0.99837
7848,OCLN,0.9930973
7849,ICA1,0.98471856
7850,CBLL1,0.9887087
7851,GPR68,0.9927812
7852,SIAH1,0.9983762
7853,GLI3,0.9784992
7854,SHPRH,0.9902494
7855,GNPNAT1,0.9690094
7856,PODNL1,0.9978585
7857,SELPLG,0.9971459
7858,RASSF8,0.9909962
7859,ENPP2,0.9981597
7860,IGSF3,0.9981764
7861,KAZN,0.9519407
7862,PIK3AP1,0.99730617
7863,HIST1H1E,0.9925323
7864,ABLIM2,0.994191
7865,YOD1,0.9978798
7866,INTS12,0.99758536
7867,CCDC189,0.993669
7868,KHDRBS3,0.99320483
7869,ANGEL1,0.9871049
7870,TIMM21,0.99048376
7871,DUSP4,0.92230344
7872,ADCY4,0.99344903
7873,CNNM3,0.9933839
7874,NID2,0.98437697
7875,DTD1,0.9548874
7876,CSRNP2,0.9974904
7877,LPXN,0.9779032
7878,ZNF865,0.97504497
7879,HDAC8,0.9977136
7880,EFCAB2,0.99556893
7881,C17orf58,0.9764007
7882,ZNF75D,0.97610044
7883,KIAA1958,0.9938418
7884,MKKS,0.9862855
7885,ERLIN1,0.9984431
7886,SCARF1,0.98922896
7887,ZNF205,0.99919957
7888,PELI3,0.9833775
7889,NKRF,0.980494
7890,HDAC9,0.9916876
7891,PLEK2,0.99224263
7892,ARHGAP22,0.9893196
7893,PJA1,0.9608793
7894,ADAMTS12,0.9945099
7895,IMPACT,0.99810725
7896,TRIQK,0.9968657
7897,HERC5,0.9689891
7898,XAB2,0.9982498
7899,SERPINB5,0.9804578
7900,ZBTB33,0.9958763
7901,NCF4,0.9761433
7902,CUL2,0.96180964
7903,MDN1,0.9970738
7904,METTL2A,0.9950431
7905,COQ2,0.9905332
7906,FZD1,0.9949407
7907,NIFK,0.994072
7908,NCALD,0.9991905
7909,GPR180,0.98999566
7910,GDAP2,0.9919739
7911,CASP7,0.99694675
7912,DOCK10,0.99235994
7913,TNFRSF18,0.99208647
7914,RTL8B,0.99331826
7915,CCDC174,0.99343014
7916,ARID3B,0.9991226
7917,TASP1,0.9766008
7918,RFX3,0.96741694
7919,TMEM87A,0.9928033
7920,EHF,0.96884346
7921,MEIS3,0.9517773
7922,MFNG,0.9844592
7923,MSMO1,0.9766366
7924,ARHGAP33,0.9840329
7925,TNFAIP6,0.9955854
7926,DENND5B,0.9629965
7927,ZNF143,0.9890685
7928,ZKSCAN5,0.9934776
7929,HACL1,0.9925061
7930,WDR20,0.9945326
7931,GMEB1,0.99163264
7932,CEP120,0.96707964
7933,TAF1B,0.9838295
7934,PHETA2,0.9897806
7935,ZSCAN9,0.99186134
7936,UTP14A,0.9934792
7937,EIF2B2,0.99506456
7938,TCP11L1,0.9981734
7939,BAG4,0.9988834
7940,SMPDL3A,0.99183923
7941,ZNF718,0.99135655
7942,RCBTB2,0.99900204
7943,MAP2,0.9938348
7944,CCDC102A,0.95699406
7945,ATP10A,0.98760295
7946,NEO1,0.99895334
7947,PKIA,0.94125795
7948,PRUNE1,0.9886094
7949,TCF7L1,0.99783355
7950,CAAP1,0.99850464
7951,RAPGEFL1,0.96057636
7952,PTAFR,0.9971342
7953,CREBRF,0.97876984
7954,ZNF160,0.9901276
7955,PROSER3,0.986582
7956,PDGFC,0.99525136
7957,LRWD1,0.986782
7958,ZNF333,0.984875
7959,CROT,0.9958965
7960,ADGRF5,0.9560773
7961,SLC30A10,0.9991503
7962,GLYCTK,0.981692
7963,EFCAB13,0.9872915
7964,ZNF133,0.99224997
7965,CPT1C,0.99681205
7966,ANGEL2,0.9925127
7967,C11orf71,0.9938976
7968,SPRTN,0.99702406
7969,UBASH3B,0.98756284
7970,SLC35A5,0.93334264
7971,PLCB4,0.96889925
7972,NBEA,0.92783386
7973,DBP,0.99312574
7974,IQANK1,0.99064046
7975,EYA3,0.9991274
7976,DACT1,0.94621867
7977,ZWILCH,0.99750257
7978,FILIP1,0.9833358
7979,EPB41L5,0.99834585
7980,SLC35E3,0.9964893
7981,DBF4,0.9971809
7982,CLK4,0.99508023
7983,TTC23,0.99613523
7984,RABGEF1,0.9975292
7985,TMEM79,0.98274237
7986,TENM4,0.99794674
7987,CD6,0.9988554
7988,SLC26A2,0.9925418
7989,SLC17A5,0.9997217
7990,MANEA,0.99594706
7991,C9orf72,0.95854473
7992,PCSK5,0.9987619
7993,GPD1L,0.97345924
7994,PHLPP2,0.9305112
7995,BCL10,0.99827975
7996,TRIP4,0.9989605
7997,EDN1,0.95009804
7998,TERF2,0.9940207
7999,WDR25,0.99102473
8000,RIPK2,0.9989452
8001,BUD13,0.9830559
8002,HIVEP1,0.9941668
8003,CDCA3,0.9915659
8004,MITF,0.99242145
8005,TTLL5,0.95743626
8006,ZNF462,0.99685067
8007,TOMM40L,0.98194796
8008,PVR,0.9800079
8009,NKAPD1,0.99679834
8010,OSR1,0.972536
8011,FAAH2,0.99583626
8012,CMTR2,0.99821264
8013,ABCA3,0.9504377
8014,HAS3,0.9847369
8015,MTERF3,0.9934082
8016,CAMKK1,0.97639585
8017,NPAS2,0.9573912
8018,PHACTR2,0.86101913
8019,RPP25L,0.99912196
8020,HNMT,0.99397725
8021,ZDHHC14,0.93017197
8022,SPRYD4,0.9970866
8023,ARHGEF5,0.99384594
8024,MTRR,0.99804157
8025,CD84,0.9939335
8026,TOPORS,0.9972825
8027,FAM210A,0.9902458
8028,VEGFC,0.68001145
8029,TBC1D10C,0.9819755
8030,BSPRY,0.98194766
8031,GSTZ1,0.9976771
8032,SCRG1,0.9631198
8033,BRWD3,0.99820155
8034,TANGO6,0.99757725
8035,TRIP13,0.99729365
8036,UFSP2,0.99835426
8037,CEP85,0.9986227
8038,VAV1,0.9798496
8039,CYB5R4,0.98905414
8040,BTRC,0.9983158
8041,GABRE,0.9709115
8042,CEP70,0.9960808
8043,ATP6V0E2,0.9300311
8044,PPP2R3A,0.98879385
8045,C1orf54,0.991457
8046,FBXL14,0.9962025
8047,TRIM66,0.9987278
8048,ALKBH4,0.99054843
8049,MDM1,0.9937075
8050,GPHN,0.99667305
8051,MSRA,0.98973614
8052,KANTR,0.9959118
8053,HAAO,0.9661174
8054,KCND3,0.99585843
8055,TENT5B,0.9810087
8056,MAP3K1,0.9916532
8057,SEMA7A,0.9933004
8058,CARD10,0.9973883
8059,TMCC3,0.9395097
8060,C19orf54,0.991848
8061,CAMK1,0.98422295
8062,PTK6,0.9783878
8063,CDKN3,0.8029812
8064,MORN2,0.99551624
8065,ZNF277,0.953491
8066,RMI2,0.99726707
8067,XPNPEP3,0.99741626
8068,NFYB,0.9917194
8069,WDR44,0.9940172
8070,TMEM184A,0.9947014
8071,ARTN,0.973172
8072,CYB561D1,0.9988176
8073,TSTD2,0.8750746
8074,PTPN4,0.98794335
8075,C19orf47,0.93001693
8076,CELSR3,0.9627505
8077,DAPK2,0.987295
8078,TRIB3,0.9890327
8079,TSPAN18,0.99019486
8080,IPO4,0.99529594
8081,SPATA2L,0.99670094
8082,NME2,0.98192644
8083,TRIM45,0.9859082
8084,EEF1G,0.9573238
8085,CPNE5,0.98682636
8086,KIF21A,0.9794967
8087,GPSM2,0.9923856
8088,TMTC2,0.8471627
8089,BBC3,0.94902533
8090,APAF1,0.999235
8091,ARAP2,0.99547535
8092,GSTM3,0.9417548
8093,MMRN2,0.97001123
8094,GCC2,0.9982867
8095,NARS2,0.9572613
8096,NT5DC1,0.9977631
8097,RNGTT,0.99829155
8098,TRIM52,0.9367711
8099,SVEP1,0.96212935
8100,MINDY1,0.9939022
8101,FBXO41,0.99508315
8102,ARL4D,0.8047491
8103,C1orf56,0.990285
8104,RNF152,0.9933641
8105,SHQ1,0.9112999
8106,AKTIP,0.96635324
8107,ACOT2,0.92886615
8108,NHLRC3,0.99806476
8109,PACRGL,0.9956177
8110,FAM214B,0.9929678
8111,THUMPD3,0.9877799
8112,FAM167B,0.9932038
8113,STRADB,0.99274015
8114,ZNF213,0.995717
8115,KANK3,0.9925774
8116,RIMS3,0.9954169
8117,WDR12,0.9976217
8118,CTPS2,0.9895032
8119,HLA-DRB5,0.83680266
8120,CHST14,0.9975186
8121,TMEM86B,0.99933845
8122,TCAIM,0.9820535
8123,SLC35F2,0.99726003
8124,PLCD1,0.9918116
8125,TMEM38B,0.9911554
8126,COMMD8,0.9976108
8127,ARL17A,0.957185
8128,LDOC1,0.94697493
8129,CNFN,0.99531513
8130,C6orf136,0.99823266
8131,KATNA1,0.97069305
8132,KAT6B,0.9985016
8133,JAK2,0.98684454
8134,HOOK3,0.95469207
8135,ZNF140,0.79182714
8136,PEAR1,0.96843815
8137,RCBTB1,0.98127216
8138,HSD17B14,0.8604248
8139,PKP1,0.9875064
8140,KIF3C,0.9874912
8141,SLC35B4,0.9935511
8142,GATA2,0.9363665
8143,MED11,0.9984112
8144,MTO1,0.98329526
8145,CPLX1,0.8306621
8146,PNPLA7,0.9959279
8147,ZNF606,0.99395746
8148,ZNF528,0.9923541
8149,PCSK6,0.98187405
8150,NDUFAF4,0.99486494
8151,NRCAM,0.96797466
8152,TMEM64,0.9876562
8153,ARMT1,0.99740154
8154,PLEKHF2,0.9913971
8155,PDK1,0.99780655
8156,PPM1L,0.99159306
8157,LRRC57,0.9991862
8158,HMGXB4,0.99628407
8159,TTBK2,0.988993
8160,MYSM1,0.9989848
8161,PXMP4,0.9928282
8162,CALHM6,0.88192844
8163,IL16,0.9773202
8164,USP35,0.9863732
8165,RWDD2B,0.9689341
8166,TPD52,0.9807349
8167,ZNF736,0.97078437
8168,ICK,0.98332787
8169,LLPH,0.9984136
8170,PHACTR1,0.99340224
8171,LILRB4,0.97935724
8172,SMARCAD1,0.99094963
8173,TMEM183A,0.99797994
8174,SNX25,0.99080783
8175,TRMT2B,0.97821254
8176,HMBOX1,0.99516505
8177,STON2,0.83202606
8178,PTPRB,0.991474
8179,ZNF268,0.9963067
8180,SERPINB8,0.8499456
8181,HSD17B8,0.995265
8182,POLQ,0.9989099
8183,SPOCD1,0.94481164
8184,GAL3ST4,0.99355286
8185,IQCK,0.98634845
8186,RGL1,0.9597998
8187,TEF,0.9952627
8188,ALG6,0.9988527
8189,ME1,0.9895535
8190,TBPL1,0.9709599
8191,LILRB5,0.99750656
8192,UIMC1,0.99923044
8193,NR2C2AP,0.9883609
8194,FKTN,0.99656564
8195,THBS4,0.9727258
8196,HSF2,0.986681
8197,GPR87,0.9651351
8198,PCDH18,0.944882
8199,HACD1,0.98766893
8200,TLN2,0.99795276
8201,SPTY2D1,0.9986002
8202,CHRAC1,0.9976415
8203,NUDT18,0.98402685
8204,TDP1,0.9984086
8205,CCNQ,0.98970634
8206,HAUS6,0.9602751
8207,FAM217B,0.99687415
8208,LYAR,0.9908939
8209,HIST1H2BH,0.9990308
8210,TTYH2,0.993814
8211,FAM241A,0.98239595
8212,PODXL2,0.72758526
8213,ALKBH2,0.9917674
8214,ARHGEF28,0.99933034
8215,MED30,0.99844974
8216,DCLRE1C,0.97979635
8217,ASB3,0.99418646
8218,LCLAT1,0.99850374
8219,ZBTB22,0.9628114
8220,FUZ,0.99551004
8221,C1GALT1,0.99850196
8222,PRAG1,0.9907308
8223,CGNL1,0.96370345
8224,ABCA5,0.99673635
8225,PRPSAP2,0.97378874
8226,DNAJB5,0.9941397
8227,FANCD2,0.96131516
8228,AHCYL2,0.99665326
8229,TP53RK,0.9866088
8230,OLFM1,0.98854786
8231,HIST1H2AG,0.9914426
8232,SLC29A3,0.8804651
8233,OPLAH,0.9985297
8234,RBM48,0.9861056
8235,NFXL1,0.9707348
8236,CCDC28A,0.9767754
8237,PRDM8,0.98276335
8238,SPSB2,0.9985137
8239,SYNJ1,0.99669296
8240,DSTYK,0.9961938
8241,MSANTD4,0.99469566
8242,AFAP1L1,0.99729466
8243,C3orf70,0.99571896
8244,LRRC37B,0.9926865
8245,IFITM10,0.9765129
8246,CCDC117,0.99683666
8247,WWC1,0.99887156
8248,VAMP1,0.9217165
8249,GIMAP4,0.9970045
8250,STAM,0.9937129
8251,FBXL7,0.9886659
8252,OPN3,0.9976559
8253,C12orf76,0.95731956
8254,MAPK8IP1,0.83998084
8255,XKR6,0.9719389
8256,CYTIP,0.9629104
8257,MESP1,0.98877686
8258,UTP25,0.9990861
8259,TTC21B,0.9940526
8260,CEPT1,0.99896175
8261,CPPED1,0.9708914
8262,ZNF880,0.9914393
8263,POLR3GL,0.99483347
8264,ARHGEF37,0.99689263
8265,THTPA,0.98335737
8266,METTL14,0.9913865
8267,FAM174A,0.9796152
8268,POLR1B,0.9848873
8269,DMTN,0.9952677
8270,SHISA4,0.97027045
8271,HRH1,0.98468333
8272,ZAP70,0.9396491
8273,CAPN5,0.99495023
8274,SAMSN1,0.99481577
8275,ZMAT5,0.98043746
8276,PROCR,0.98401815
8277,NAA16,0.9737355
8278,C3orf14,0.95581913
8279,ALKBH3,0.9962011
8280,CLDN15,0.99576116
8281,TMEM40,0.9895342
8282,CPNE8,0.9970905
8283,C17orf80,0.99558586
8284,GPRC5C,0.9962408
8285,TMEM135,0.9837635
8286,STAMBPL1,0.9605492
8287,AGTPBP1,0.99278194
8288,CRYZ,0.9616139
8289,AZIN2,0.9692273
8290,FAM160B1,0.9821152
8291,GLCE,0.9952628
8292,SLCO2A1,0.8781676
8293,RBM12B,0.9958715
8294,MT1F,0.9981372
8295,CXADR,0.98262876
8296,FIBIN,0.9845299
8297,SLC22A18,0.99782085
8298,FNTB,0.85504985
8299,PYROXD1,0.9343574
8300,NSL1,0.91374564
8301,MARK1,0.99899846
8302,STX17,0.9959154
8303,MED31,0.99634665
8304,LSM11,0.9822397
8305,PPP2R2B,0.98736614
8306,STK11IP,0.9969611
8307,MAP2K5,0.9951667
8308,SPAST,0.9945757
8309,LIG4,0.99842215
8310,NKAP,0.99011755
8311,EXO5,0.9611287
8312,CYP2S1,0.9825514
8313,ST8SIA4,0.9719801
8314,RRM2B,0.99879366
8315,INTS5,0.99033946
8316,ARMC7,0.9931691
8317,ZNF414,0.97281903
8318,C11orf1,0.9958475
8319,CRYBG2,0.97072697
8320,ST3GAL3,0.85115665
8321,SLC7A8,0.80737615
8322,PSPH,0.97598976
8323,TMEM25,0.9850764
8324,MAP4K1,0.9955428
8325,GMEB2,0.9944684
8326,LCORL,0.9926898
8327,FGR,0.98995453
8328,DCUN1D5,0.99925137
8329,STX11,0.99354285
8330,NOXA1,0.98872596
8331,PRIM2,0.9990575
8332,HIST1H2BN,0.99286914
8333,CENPE,0.9953053
8334,INVS,0.997503
8335,WDYHV1,0.99379843
8336,C1orf109,0.9939089
8337,NUDT8,0.9934471
8338,GSTCD,0.9926278
8339,DHX29,0.9969073
8340,MANSC1,0.98633975
8341,ZBTB25,0.9939658
8342,STOML1,0.99838024
8343,C12orf43,0.99866194
8344,TTC19,0.96625656
8345,STK32C,0.98478395
8346,TBX1,0.9915903
8347,ASB2,0.98586327
8348,PLAGL2,0.9784441
8349,CALHM2,0.9933179
8350,DPT,0.9750707
8351,METTL16,0.99208474
8352,PARVB,0.98103744
8353,NCAPG,0.99680763
8354,ZNF691,0.99043345
8355,AP5S1,0.9949139
8356,HVCN1,0.99338365
8357,GFM2,0.99681264
8358,PHF6,0.9964916
8359,FAM229A,0.9973283
8360,SUPT3H,0.993797
8361,RASAL3,0.97223943
8362,WASHC2A,0.998003
8363,LACTB2,0.978507
8364,DYNC2LI1,0.99832696
8365,NUS1,0.9873032
8366,ARHGAP42,0.97318125
8367,C12orf65,0.9940851
8368,SLC25A14,0.9971406
8369,HSD17B6,0.9867472
8370,FNDC10,0.9988858
8371,NIPAL3,0.99839926
8372,ACBD5,0.98127943
8373,PRSS22,0.9847477
8374,SPINT2,0.9624679
8375,CNEP1R1,0.9863286
8376,WDSUB1,0.9855919
8377,LARS2,0.9978784
8378,ZC2HC1A,0.9970849
8379,TRAM2,0.984363
8380,ZNF680,0.99727494
8381,MTIF2,0.9827933
8382,EXOC6,0.9981053
8383,SNUPN,0.99423116
8384,CHAMP1,0.97163343
8385,FAM133B,0.99488235
8386,TMEM218,0.9966598
8387,CD274,0.9947795
8388,P2RY1,0.9195512
8389,PARD6B,0.9982216
8390,LYL1,0.9881079
8391,RASEF,0.9992342
8392,HAS2,0.98794407
8393,TRMT12,0.9844509
8394,TRIM7,0.94954234
8395,KIF9,0.9894293
8396,MYL5,0.9992927
8397,PRIMPOL,0.9936679
8398,KCTD11,0.8576047
8399,LCK,0.94413733
8400,ELP3,0.99527746
8401,NAPEPLD,0.998991
8402,PHF5A,0.9990797
8403,ARMCX1,0.9916251
8404,DIS3L,0.9868533
8405,SLC2A9,0.99259806
8406,PAFAH2,0.9976532
8407,P2RY11,0.99195355
8408,NMT2,0.9944709
8409,BRIP1,0.98269004
8410,OTUD6B,0.997559
8411,FAIM,0.9125838
8412,LZTS3,0.98840404
8413,TSPYL4,0.78856945
8414,ETV1,0.96552783
8415,C15orf61,0.99746037
8416,C1GALT1C1,0.9851783
8417,SLC22A3,0.98443216
8418,PIR,0.9967122
8419,PANX1,0.9853689
8420,ROBO3,0.9907579
8421,HOMER1,0.99558663
8422,ERMARD,0.9627759
8423,PLD1,0.8570593
8424,PPIL3,0.9942885
8425,WWC2,0.9921287
8426,RBMS3,0.9931319
8427,TMEM260,0.99739385
8428,C17orf49,0.989526
8429,ATG9B,0.99344176
8430,ZNF518B,0.9975157
8431,VMO1,0.98278636
8432,ARHGEF6,0.96974295
8433,EFNA5,0.9969533
8434,PTPN7,0.9770914
8435,TMEM154,0.9524277
8436,MAP7D3,0.9894349
8437,CNRIP1,0.9523236
8438,ADGRG6,0.98201394
8439,PIP4P2,0.93313485
8440,HCK,0.94957775
8441,GNE,0.99470204
8442,MINPP1,0.9744568
8443,ARHGAP15,0.99293613
8444,CDYL2,0.99678725
8445,SOWAHC,0.8443544
8446,FRMD4A,0.9984245
8447,GTSE1,0.91638726
8448,R3HDM2,0.9610396
8449,LRP5L,0.9943233
8450,CALCRL,0.99251777
8451,MOSPD3,0.9968259
8452,ERCC5,0.9424588
8453,ARRDC4,0.9920461
8454,LRP11,0.97093177
8455,RANBP6,0.95288545
8456,PIGA,0.9968502
8457,PKP2,0.9882396
8458,RTTN,0.998955
8459,HIST1H2AE,0.97808677
8460,RSPH3,0.9944401
8461,ERAP1,0.99727696
8462,DCP1B,0.95938426
8463,SPAG1,0.9743714
8464,MAN2B1,0.9629259
8465,TSHZ1,0.99516034
8466,PLSCR3,0.91152287
8467,APOBEC3F,0.9603698
8468,POLR3F,0.9963464
8469,PDZD4,0.98596174
8470,ATXN7L1,0.9970414
8471,RASSF2,0.8730499
8472,GCAT,0.9938366
8473,KCNC4,0.9969397
8474,MLH3,0.9594199
8475,DBR1,0.99660873
8476,TGS1,0.9957107
8477,MYCL,0.88040036
8478,TMEM39B,0.99682456
8479,ZFYVE28,0.9946794
8480,LY96,0.9922034
8481,GXYLT1,0.9834149
8482,SMARCAL1,0.99330616
8483,CYB5D2,0.9925883
8484,RUNX3,0.98917913
8485,METTL21A,0.97443515
8486,TMEM184C,0.9853597
8487,ZBTB34,0.9957772
8488,SRRM3,0.996023
8489,ELOVL6,0.9946058
8490,NRIP1,0.8453767
8491,SREK1IP1,0.9882841
8492,KIN,0.9959324
8493,MYOM1,0.9783706
8494,USPL1,0.99829656
8495,FAM102B,0.9943251
8496,BLK,0.98159605
8497,SUGCT,0.9937574
8498,APBA2,0.9821703
8499,GEMIN4,0.99895364
8500,NTM,0.9878063
8501,DOLK,0.9992442
8502,ATRIP,0.9972146
8503,TRMT13,0.99050325
8504,RBBP5,0.98994344
8505,FIZ1,0.9977865
8506,CD302,0.89339733
8507,LANCL2,0.8893013
8508,LAT2,0.9885171
8509,KIAA0586,0.98881936
8510,VAMP4,0.99074584
8511,ZNF397,0.9938559
8512,NATD1,0.9868179
8513,PRR5L,0.999293
8514,NECTIN4,0.9815133
8515,RGL3,0.99381894
8516,HIST1H2BG,0.9737003
8517,SENP1,0.99731976
8518,MFSD8,0.99691063
8519,ASB8,0.99705106
8520,HEATR3,0.98134035
8521,SLC2A6,0.9983371
8522,MOCS1,0.97967005
8523,SNRNP48,0.9962797
8524,BRICD5,0.9978192
8525,GNG7,0.99447006
8526,ZNF830,0.99785227
8527,CD3EAP,0.98914814
8528,MMP1,0.9925132
8529,POLK,0.9880443
8530,GPN3,0.9969656
8531,ZNF550,0.9938043
8532,HMCN2,0.92320895
8533,ZNF25,0.9903775
8534,HSPBAP1,0.99544066
8535,CMBL,0.9736164
8536,SIDT2,0.9975076
8537,GALM,0.9872748
8538,RALGAPA2,0.99850386
8539,CREB3L4,0.9876266
8540,SLC7A11,0.94273084
8541,CCDC28B,0.98971134
8542,HIST1H3H,0.99202776
8543,CXorf38,0.99899626
8544,DOK2,0.98256963
8545,ZSCAN25,0.9363709
8546,TWISTNB,0.9893797
8547,FAM110B,0.99127454
8548,HIST1H4C,0.97164565
8549,SLC25A30,0.93542194
8550,C11orf80,0.9982462
8551,WDR3,0.99113655
8552,UPRT,0.99038714
8553,SEC22A,0.9981803
8554,GSTA4,0.9955018
8555,AXIN2,0.9901843
8556,PTPRD,0.96686894
8557,ZNF483,0.99106175
8558,FGD5,0.97857493
8559,OTULINL,0.983071
8560,LRRK2,0.9916385
8561,CHCHD4,0.96057385
8562,SLC10A7,0.98935336
8563,FSD1L,0.99563557
8564,STRADA,0.9744837
8565,LRRC28,0.99608105
8566,MAPK7,0.99947214
8567,P4HA3,0.9891527
8568,VIPAS39,0.9954627
8569,ZBTB2,0.985576
8570,PALM2-AKAP2,0.9448014
8571,DNAJC16,0.99850434
8572,CCDC24,0.997072
8573,ORC6,0.99478966
8574,TTLL4,0.9953678
8575,TMEM201,0.9991223
8576,APH1B,0.8895478
8577,MAD2L1,0.99873775
8578,ATF7IP2,0.98868173
8579,KDM5D,0.9714486
8580,G2E3,0.99517983
8581,RTL6,0.9969867
8582,EXTL2,0.9874334
8583,ZNF260,0.9910024
8584,FGD1,0.99382466
8585,BPHL,0.98782414
8586,GNAO1,0.9770792
8587,FAHD2B,0.89613605
8588,RABEPK,0.9911964
8589,GUCY1A1,0.9775443
8590,COIL,0.99798876
8591,TRMT61B,0.99844724
8592,SLIT2,0.99367404
8593,NHS,0.99713016
8594,PDE2A,0.9687
8595,PI16,0.9406367
8596,FAM114A2,0.99431777
8597,CDC42BPG,0.99324805
8598,GPRIN3,0.9918518
8599,TCAF1,0.9902933
8600,TTC8,0.9769218
8601,PUS7L,0.9959173
8602,ZBTB6,0.9901817
8603,KCTD1,0.973316
8604,POC1B,0.9991992
8605,GPR157,0.99087477
8606,PMS1,0.9994931
8607,ACVR2A,0.99250627
8608,SLC38A9,0.9942527
8609,IL27RA,0.99012166
8610,FRZB,0.96618193
8611,IRAK3,0.99819255
8612,PSRC1,0.9577058
8613,WDR83,0.9959266
8614,TMOD2,0.9907977
8615,CHAF1B,0.9984031
8616,QPCT,0.94430417
8617,C12orf4,0.9986465
8618,MYO18A,0.9931602
8619,CCDC58,0.99898195
8620,TTPAL,0.9983597
8621,SMO,0.99389267
8622,CAMKMT,0.994749
8623,CPT2,0.99360055
8624,TNNT2,0.9982407
8625,ZNF629,0.97022057
8626,GAN,0.99486893
8627,PUS7,0.99925274
8628,DDX59,0.991862
8629,AP2B1,0.9233892
8630,N4BP2,0.9939924
8631,ZNF438,0.99339503
8632,MACC1,0.9974441
8633,WDR76,0.9870777
8634,NINL,0.99026734
8635,TRAF3IP3,0.8888631
8636,TNRC6C,0.9970799
8637,TIGAR,0.9991564
8638,LPAR1,0.996818
8639,CSPP1,0.99380565
8640,STARD4,0.9930439
8641,TTI2,0.9965194
8642,WAS,0.84169453
8643,TAB3,0.99849504
8644,FRAT2,0.9970114
8645,GALNT6,0.9972971
8646,PARD6G,0.9950695
8647,CDC7,0.98834133
8648,LRP8,0.9988614
8649,FAM117A,0.9915121
8650,TRMT10B,0.9512407
8651,MPZL3,0.99592084
8652,RASGRP3,0.9871456
8653,KIAA1841,0.9992652
8654,ACTR6,0.9870108
8655,EXOC1,0.999238
8656,ZNF407,0.9836332
8657,EPHB3,0.979863
8658,SLC27A6,0.993351
8659,GINS2,0.97459793
8660,PSTPIP1,0.9895188
8661,LAMC3,0.9917917
8662,DPCD,0.98748523
8663,AURKA,0.9877057
8664,TCFL5,0.99893403
8665,MTF1,0.9784201
8666,GSTT2B,0.9900839
8667,SH3RF3,0.9813042
8668,GORAB,0.99658126
8669,MBIP,0.9988732
8670,CEP135,0.98446053
8671,SPRYD7,0.99760365
8672,NUDT14,0.99845815
8673,SLC46A3,0.97782403
8674,ARMCX4,0.98482865
8675,BRMS1L,0.99886894
8676,CD86,0.98764944
8677,PET100,0.91856843
8678,ARHGAP39,0.99069023
8679,HSBP1L1,0.98952776
8680,PPARA,0.99038607
8681,CHRNB1,0.9957481
8682,SCAPER,0.993506
8683,NBPF1,0.99114275
8684,DUS2,0.99975616
8685,ZNF436,0.9830303
8686,RAPGEF4,0.99738914
8687,TOR1B,0.9969244
8688,KNOP1,0.99890155
8689,BCL7A,0.9988106
8690,PALMD,0.9956446
8691,LZTFL1,0.9871347
8692,RMND1,0.98608637
8693,MOSPD2,0.9952484
8694,CARD11,0.97993636
8695,B3GNT2,0.9964848
8696,LOXL4,0.83373195
8697,FAM229B,0.97339934
8698,IL6R,0.8941894
8699,DGKE,0.99316436
8700,C1orf115,0.9433312
8701,GNB1L,0.99378246
8702,HPS5,0.9953501
8703,TMTC4,0.9967289
8704,GK,0.99232334
8705,KATNAL1,0.9962055
8706,GALC,0.99418265
8707,SACS,0.95150036
8708,RHPN2,0.99598426
8709,NAALADL1,0.9463441
8710,C17orf75,0.9959008
8711,USF3,0.98474884
8712,PPP1CB,0.993457
8713,ZBP1,0.9679039
8714,LYSMD4,0.9987828
8715,ZNHIT2,0.9928854
8716,LRRC75B,0.99552345
8717,EBF1,0.9679809
8718,SAAL1,0.9944687
8719,AMY2B,0.99540585
8720,ABHD15,0.9852616
8721,C1orf131,0.99914056
8722,ESPL1,0.9956186
8723,COX8A,0.9753465
8724,FOXC1,0.97869706
8725,PSAT1,0.9931771
8726,CGAS,0.9959932
8727,CXCL11,0.9677417
8728,GJA4,0.94421744
8729,GLMN,0.99694157
8730,MAD2L1BP,0.987875
8731,ZMYM5,0.9808994
8732,CPLANE1,0.9960926
8733,TNFSF13B,0.97658205
8734,FLRT2,0.9940119
8735,CADPS2,0.9861481
8736,SOX5,0.9824564
8737,FLVCR1,0.99549335
8738,B3GALNT1,0.9937091
8739,UBE2Q2,0.99879575
8740,PC,0.99730843
8741,REEP1,0.9630075
8742,ASF1A,0.98410493
8743,GPR160,0.9890236
8744,TINCR,0.99764895
8745,DLG4,0.98673064
8746,CD27,0.98857814
8747,DENND2A,0.9933247
8748,PPM1D,0.93576235
8749,ZNF552,0.9648273
8750,ZFP62,0.9867859
8751,LCN2,0.96946913
8752,PRKCA,0.995966
8753,TRIM23,0.99542123
8754,PRSS3,0.9620375
8755,ODR4,0.99508595
8756,TMEM186,0.99835014
8757,JSRP1,0.95850855
8758,METTL6,0.98900074
8759,EPHX2,0.99762344
8760,PKN3,0.9970539
8761,ALG9,0.9055281
8762,CCDC43,0.92956877
8763,PSTPIP2,0.9970512
8764,KLHL20,0.9945523
8765,PDCD7,0.9906226
8766,HOOK1,0.9977579
8767,FGF2,0.65802234
8768,CGRRF1,0.987627
8769,ZBTB41,0.98725224
8770,BRPF1,0.98426074
8771,CWF19L2,0.9980445
8772,BCL6B,0.9481087
8773,WASF3,0.9958015
8774,C1orf216,0.9964095
8775,RIPOR2,0.97612387
8776,PRADC1,0.99585813
8777,RUBCNL,0.95996714
8778,RTF2,0.96329635
8779,CD72,0.93313617
8780,GTDC1,0.88816386
8781,USP28,0.99853295
8782,HIST1H3G,0.9772482
8783,RHOBTB1,0.99515575
8784,RPP38,0.9044197
8785,IFIT5,0.9810085
8786,PLA2R1,0.9831211
8787,WBP4,0.9977746
8788,LY86,0.99043435
8789,GCC1,0.9956822
8790,GPATCH3,0.99821717
8791,ZNF784,0.9738634
8792,AGK,0.99810773
8793,PLA2G7,0.9144519
8794,BMP4,0.98302054
8795,XRRA1,0.99893683
8796,SPIN3,0.9954346
8797,TTC33,0.9930301
8798,PHETA1,0.99003196
8799,SMCR8,0.9813089
8800,C12orf73,0.99234515
8801,ZCCHC2,0.9694136
8802,ARHGEF26,0.9851582
8803,IPO11,0.9904143
8804,CHN1,0.98964167
8805,WDFY4,0.9290822
8806,GSDME,0.99842477
8807,APOBR,0.97923285
8808,PRRG4,0.9570343
8809,TMEM216,0.970938
8810,PHLPP1,0.99671763
8811,FBXL18,0.9989977
8812,PRELID3A,0.988585
8813,PPFIA3,0.9993004
8814,FBXW8,0.9720976
8815,FANCE,0.9977689
8816,CCSER1,0.9760685
8817,C12orf29,0.9964731
8818,DENND1C,0.9841833
8819,CSRP2,0.99503285
8820,ALDH1A1,0.9946751
8821,FZD2,0.9887088
8822,PDE4A,0.97116965
8823,ZBTB47,0.9930667
8824,WDR47,0.99330586
8825,PXYLP1,0.97193354
8826,MIPEP,0.99577975
8827,TWIST2,0.98610264
8828,NEU3,0.9296153
8829,GRB14,0.9974796
8830,OSBPL1A,0.9950567
8831,EYA1,0.73753947
8832,IFT46,0.9902134
8833,HENMT1,0.99842596
8834,FAM13B,0.9881461
8835,RNASE6,0.98881745
8836,FHIT,0.98383635
8837,AL162231.1,0.94909835
8838,ANKRD46,0.9937351
8839,COL21A1,0.993596
8840,WNT9A,0.940404
8841,ZNF600,0.99852896
8842,ZNF618,0.9992356
8843,MRM1,0.99548143
8844,ARHGAP24,0.9341894
8845,FNDC1,0.98086214
8846,MYOCD,0.9365069
8847,IFT74,0.9991729
8848,LDB2,0.98707825
8849,EML1,0.9769349
8850,L2HGDH,0.9864448
8851,TBP,0.9865809
8852,CEP55,0.99882954
8853,SLC25A27,0.9946019
8854,KIAA1324L,0.95039606
8855,EPHA3,0.9682515
8856,CLYBL,0.98321056
8857,STXBP4,0.9966519
8858,XDH,0.9956827
8859,ITGA9,0.9808591
8860,IGFLR1,0.996438
8861,RNF207,0.9920885
8862,KNSTRN,0.9850784
8863,SETD6,0.99720836
8864,DAAM2,0.9945059
8865,TMEM150A,0.9917827
8866,ATL1,0.9841326
8867,NRXN1,0.99698114
8868,CRLF1,0.9952391
8869,MTHFD2L,0.99910593
8870,THUMPD2,0.99718505
8871,SLAMF7,0.9709801
8872,EPHA1,0.97321695
8873,SDHAF1,0.99799657
8874,TMEM164,0.9989493
8875,GPR161,0.96580887
8876,IL15,0.9930854
8877,MCEE,0.9924388
8878,FAXC,0.9896328
8879,COX4I2,0.9325525
8880,SMARCE1,0.9771014
8881,GTF2H3,0.9968136
8882,RNF215,0.99490374
8883,PNCK,0.94591093
8884,SLC35F1,0.9976611
8885,PRKAR2B,0.9792306
8886,C6orf120,0.99536914
8887,TSPYL5,0.9897105
8888,CCR1,0.97854584
8889,CFAP44,0.9959771
8890,DISC1,0.9160426
8891,ATAT1,0.9069678
8892,MAML3,0.8897163
8893,REEP2,0.9943945
8894,ZNF720,0.99017066
8895,CYP4V2,0.976713
8896,MFAP5,0.99575406
8897,SYT7,0.9973956
8898,KLHL23,0.9916234
8899,SCUBE2,0.88502717
8900,ZBTB14,0.98791474
8901,DBT,0.9986016
8902,ZNF765,0.99248457
8903,B3GNT3,0.99421453
8904,MAP1A,0.958807
8905,CEP76,0.9969518
8906,POU2F2,0.95875436
8907,ZNF250,0.9817514
8908,APOOL,0.9940761
8909,SLC35A1,0.99131376
8910,MTERF2,0.96457964
8911,TRIM32,0.99363786
8912,DUSP28,0.9938936
8913,FDXR,0.98137254
8914,CTU2,0.9950123
8915,DUOXA1,0.9842734
8916,IL18,0.99316835
8917,ANKRD6,0.97382706
8918,FAXDC2,0.9845128
8919,GOLGA6L9,0.9964681
8920,CD79B,0.9914553
8921,RAPH1,0.9979523
8922,ZNF738,0.991299
8923,SOCS4,0.9979312
8924,FECH,0.9953506
8925,FBXO30,0.91418296
8926,TAF3,0.99775624
8927,NCCRP1,0.99685115
8928,ZC3H8,0.99600387
8929,TMEM131L,0.98289424
8930,NFYA,0.9731998
8931,CEP295,0.996954
8932,ZNF275,0.99302655
8933,CASP9,0.9962643
8934,RAP1GAP2,0.9965423
8935,GPI,0.8166712
8936,SLC25A43,0.9976708
8937,DIO2,0.98686075
8938,SRD5A3,0.99277717
8939,METTL8,0.9943126
8940,ANKRD22,0.9868212
8941,IFT172,0.96855754
8942,RXYLT1,0.98101443
8943,LAMP3,0.9587805
8944,TRMT10C,0.9854358
8945,HSPA13,0.9959903
8946,ZNF777,0.99667907
8947,C6orf141,0.9974761
8948,CYP1B1,0.95155305
8949,ZNF577,0.99621433
8950,DAPP1,0.99385744
8951,FBXO8,0.98749965
8952,JAML,0.99429727
8953,ADGRL1,0.98840266
8954,NYNRIN,0.9934152
8955,RECK,0.97359484
8956,FBXL22,0.97083503
8957,INTS9,0.95312935
8958,ABCC9,0.99507713
8959,SYTL4,0.9922662
8960,ZSWIM9,0.9986198
8961,TMEM119,0.9882764
8962,DNASE1,0.99830455
8963,SH2D2A,0.983279
8964,DUSP2,0.979376
8965,LRP12,0.99856967
8966,MON1B,0.94259906
8967,RFK,0.95456076
8968,NKD2,0.9947732
8969,ZSCAN29,0.9368883
8970,CDK8,0.9922374
8971,CASP3,0.99834013
8972,FAM171A1,0.98657006
8973,FBXO4,0.99696285
8974,ZNF746,0.9938728
8975,CCL8,0.9791114
8976,HCFC2,0.9961407
8977,ZC3H6,0.9713836
8978,STIL,0.99877596
8979,CCDC127,0.9946246
8980,TRMT6,0.97677666
8981,GCFC2,0.98659945
8982,ZNF785,0.95254636
8983,SIRT3,0.99464196
8984,RAD52,0.9865815
8985,MTFMT,0.9633148
8986,P3H2,0.9619611
8987,HPS6,0.9803931
8988,SH2D3C,0.98832583
8989,HIST3H2A,0.99627274
8990,PFN2,0.9730527
8991,AGAP4,0.99683756
8992,PSEN2,0.99516565
8993,SCIN,0.90537304
8994,C12orf45,0.9960508
8995,WASF1,0.99135107
8996,TRNP1,0.9994038
8997,DNAH1,0.97174615
8998,MRVI1,0.92419297
8999,ZBTB37,0.9712145
9000,ZHX3,0.98410934
9001,SUSD1,0.99185246
9002,KATNB1,0.9909618
9003,PPP1R16B,0.9889695
9004,FBXO45,0.9889126
9005,TBX4,0.97670656
9006,TIE1,0.9744207
9007,C14orf93,0.9873028
9008,CDH23,0.99390525
9009,AP4E1,0.9649561
9010,CABLES1,0.9942789
9011,C2orf49,0.9978815
9012,EPHA4,0.98734117
9013,EXD2,0.9864902
9014,ZNF473,0.9879462
9015,SUV39H1,0.99733955
9016,PDE1A,0.9948311
9017,SUPV3L1,0.9923722
9018,STN1,0.99720097
9019,PAPLN,0.99838465
9020,WDR92,0.9957121
9021,USF1,0.95719284
9022,FXYD1,0.9549939
9023,LTN1,0.99710745
9024,MBNL3,0.99364406
9025,ATG4A,0.995933
9026,PRSS27,0.99449176
9027,C17orf67,0.98512745
9028,BATF,0.97160536
9029,ZNF81,0.99592584
9030,LRRC8B,0.9896993
9031,ZNF789,0.9983881
9032,ABHD10,0.9952633
9033,CHRM2,0.9776938
9034,HLA-DMA,0.978627
9035,SPRY4,0.97044104
9036,CLIC2,0.9909373
9037,RAD50,0.9929201
9038,VWA5A,0.9414503
9039,TTC27,0.94897145
9040,RAB3IL1,0.9743131
9041,PPIP5K1,0.9977607
9042,FBXL6,0.9787573
9043,PDZD2,0.9976976
9044,SLC18B1,0.95832235
9045,SNAPC1,0.9791963
9046,ADAT1,0.99144095
9047,RHBDL2,0.9911287
9048,ZNF646,0.96106076
9049,COX16,0.98974186
9050,LNX2,0.99677753
9051,DOLPP1,0.96965533
9052,CSMD1,0.98493624
9053,CCDC30,0.98341155
9054,APOBEC3G,0.9979613
9055,MB21D2,0.9931546
9056,GNPDA2,0.97233224
9057,PLAC9,0.987909
9058,SYNE4,0.9988075
9059,CD300A,0.9922511
9060,PCDH17,0.9914555
9061,EIF4EBP3,0.9518442
9062,BEX2,0.9778785
9063,GRK4,0.9922499
9064,GLIS3,0.99645513
9065,GPX8,0.9475371
9066,KIAA0753,0.99095124
9067,FCHO1,0.98299974
9068,C18orf21,0.9960459
9069,ZNF202,0.9901562
9070,KCNE3,0.98937774
9071,MED1,0.99389505
9072,NR3C2,0.9941039
9073,EYA2,0.9987851
9074,FAM118B,0.91639704
9075,RNF128,0.99154216
9076,UBE2D1,0.99930215
9077,ZNF101,0.99678236
9078,TERF1,0.9761774
9079,EDIL3,0.99537635
9080,PGAP1,0.9991586
9081,ZNF584,0.992819
9082,KSR1,0.9937274
9083,ZSCAN30,0.99041015
9084,ABCB9,0.9963212
9085,MON1A,0.9985203
9086,C15orf40,0.99869204
9087,BUB1,0.9919471
9088,STYX,0.9899032
9089,SPATA5L1,0.99910814
9090,ROBO2,0.82455117
9091,DZIP1L,0.9951995
9092,ZNF771,0.9911842
9093,ZNF776,0.99596184
9094,MDGA1,0.99633735
9095,ACADSB,0.9556013
9096,APCDD1,0.9948106
9097,NLE1,0.9967907
9098,MAP3K7CL,0.9879473
9099,PDE3A,0.94481486
9100,WNT10A,0.99640256
9101,KIF20B,0.999327
9102,STARD10,0.97695494
9103,B3GALNT2,0.98905164
9104,CCDC146,0.9988697
9105,ZC3H12D,0.9874756
9106,OSBPL11,0.99665576
9107,SDSL,0.99102706
9108,THOC1,0.9593718
9109,TYW1,0.9990301
9110,PRICKLE1,0.911423
9111,KAT14,0.9900408
9112,USP13,0.9211948
9113,CENPO,0.9980938
9114,TYW3,0.9793472
9115,CNNM4,0.99692625
9116,CEP152,0.9991689
9117,ABCA9,0.9615292
9118,YPEL2,0.99882936
9119,QRSL1,0.99721557
9120,FAM149B1,0.9956117
9121,FKBP7,0.9949754
9122,CHUK,0.99642104
9123,ZBTB5,0.9624245
9124,ENPP4,0.9940013
9125,SENP7,0.99343234
9126,ETV4,0.9789574
9127,SFT2D3,0.9908163
9128,AGA,0.9965281
9129,FSIP1,0.98117685
9130,TTC9,0.8458724
9131,TSPAN7,0.9906834
9132,ZBTB26,0.9967038
9133,RFXAP,0.9835612
9134,PTER,0.9946372
9135,LEMD3,0.9964824
9136,ZNF155,0.9910288
9137,DCLK2,0.98992854
9138,HJURP,0.99737316
9139,ARV1,0.9892618
9140,ITGAL,0.98458797
9141,TDRP,0.9838033
9142,CRADD,0.99584883
9143,DDX20,0.9951344
9144,THEM4,0.99394244
9145,MRM3,0.9971836
9146,DDX3Y,0.91236013
9147,SPATA2,0.9865577
9148,ZDHHC21,0.99725896
9149,CDCA7L,0.98075485
9150,EDNRB,0.9906575
9151,CDH2,0.98620814
9152,SIAE,0.99445075
9153,STC2,0.9907878
9154,CDS1,0.95742756
9155,PRTFDC1,0.9934719
9156,PDCD1LG2,0.9928036
9157,DMKN,0.99607635
9158,TIGD5,0.9907618
9159,MOCOS,0.99678755
9160,CD96,0.99337786
9161,PHF7,0.9893691
9162,PITX2,0.960612
9163,RIPOR3,0.97710973
9164,LTC4S,0.9905431
9165,ZCCHC9,0.9883253
9166,DOK3,0.97287846
9167,PCTP,0.9598915
9168,WRAP53,0.993855
9169,ZNF469,0.9332843
9170,IBA57,0.98843354
9171,CLCN5,0.9371503
9172,BICDL2,0.8572898
9173,PORCN,0.9921225
9174,ZNF347,0.9729731
9175,PLEKHN1,0.9926772
9176,CREB5,0.9799251
9177,SLC7A7,0.94322586
9178,TENM3,0.9921434
9179,ALG11,0.9842851
9180,DLG2,0.99708796
9181,CENPU,0.9986612
9182,SH2D4A,0.92909783
9183,ST8SIA1,0.948757
9184,ACBD4,0.9705799
9185,MARVELD2,0.99842316
9186,C16orf87,0.9862096
9187,TOE1,0.9979678
9188,SEPSECS,0.9987702
9189,NRTN,0.9785528
9190,PELI2,0.99178356
9191,SSPN,0.9445936
9192,SLITRK6,0.99226075
9193,CHPT1,0.99510735
9194,SETDB2,0.9921689
9195,EPOR,0.98770493
9196,MTX3,0.9734474
9197,FNDC4,0.9805619
9198,ZNF180,0.98745036
9199,ZFP1,0.9976322
9200,VHL,0.9751828
9201,SLX4,0.99824166
9202,RGS7,0.9907704
9203,CST7,0.9678137
9204,DOK4,0.9865234
9205,PYCR3,0.9976887
9206,C3AR1,0.9985271
9207,EIF2S3B,0.89021826
9208,TMCC2,0.9990068
9209,PRKCH,0.99421453
9210,PIK3R5,0.90654564
9211,CADM4,0.9983484
9212,MS4A4A,0.96790934
9213,AK4,0.99827886
9214,TRAIP,0.99184227
9215,SH3BGR,0.985745
9216,LIPG,0.9733576
9217,TIAM2,0.9453152
9218,PRMT3,0.9949262
9219,NEK3,0.9871941
9220,PRRG2,0.9945143
9221,ST3GAL6,0.8933994
9222,MED19,0.98028845
9223,NPR2,0.99593574
9224,USP37,0.9955123
9225,STRIP2,0.99877006
9226,RNF122,0.9727679
9227,CCP110,0.9981663
9228,NEK1,0.9920247
9229,RIMS2,0.99729174
9230,IGIP,0.9984345
9231,TMEM273,0.9922097
9232,NEDD4,0.9924292
9233,KLHL28,0.9970501
9234,PNPLA4,0.98419064
9235,RIOK2,0.98529154
9236,C9orf64,0.9794466
9237,OGN,0.9874839
9238,NME7,0.9583316
9239,SETMAR,0.994093
9240,PRKCB,0.992974
9241,GRAMD2B,0.9972399
9242,PRICKLE3,0.9785885
9243,MTMR9,0.97067714
9244,ING3,0.9925237
9245,KRT15,0.9936537
9246,IL11,0.99048495
9247,ITGAM,0.9919717
9248,SCNN1D,0.99097604
9249,BTD,0.9633426
9250,ZNF839,0.9280233
9251,THRB,0.9958617
9252,AKR1C3,0.9593816
9253,TRPC1,0.9798274
9254,KRTCAP3,0.99800617
9255,CIP2A,0.99711037
9256,IQCG,0.99720496
9257,ZNF107,0.9793863
9258,RYR2,0.9958814
9259,DCAF17,0.9951444
9260,GAREM1,0.9982222
9261,TMEM187,0.9793541
9262,GPRASP1,0.99493504
9263,P2RY14,0.987093
9264,DZIP3,0.99477357
9265,PARP15,0.81322914
9266,KDF1,0.99680406
9267,ZNF684,0.96813196
9268,SERAC1,0.98324555
9269,OSR2,0.94790906
9270,NEIL2,0.9146126
9271,RTP4,0.99469906
9272,RPGR,0.9938603
9273,ATXN7,0.9810235
9274,TIFA,0.9952581
9275,RAD18,0.9980693
9276,POC1A,0.9798786
9277,TMCO6,0.98626035
9278,C4orf46,0.9862108
9279,PEX7,0.97627664
9280,UBE3D,0.98820645
9281,WNT2B,0.9879052
9282,CSF2RA,0.99354285
9283,MTHFR,0.99860305
9284,HCN3,0.97248834
9285,RTL5,0.97402817
9286,ARHGEF19,0.99904823
9287,COQ6,0.986388
9288,ULK4,0.99058586
9289,PTGER3,0.95440054
9290,ALKBH1,0.997128
9291,PLIN4,0.97723204
9292,COA7,0.9978196
9293,KIF16B,0.9919571
9294,NELL2,0.99426013
9295,PCDH12,0.9946733
9296,BIN2,0.9882861
9297,NOA1,0.99673533
9298,SMIM8,0.990438
9299,TMEM117,0.99478126
9300,CDKN2AIP,0.99669534
9301,ADGRE2,0.97224975
9302,SGIP1,0.96032447
9303,OSBP2,0.9310756
9304,HELB,0.9596214
9305,EEF2KMT,0.9911421
9306,PLEKHG4,0.99935937
9307,MTMR11,0.97099656
9308,ZKSCAN3,0.9857561
9309,CA2,0.94060475
9310,LRRC27,0.98980206
9311,ANKRD16,0.977351
9312,NDUFAF1,0.99319005
9313,CARMIL2,0.8367787
9314,PDE9A,0.9893225
9315,ANKMY2,0.9352048
9316,GON7,0.9912736
9317,MUC16,0.91915846
9318,CCDC149,0.9892864
9319,ZNF675,0.9831148
9320,REST,0.99613875
9321,LYRM7,0.99476355
9322,VPS50,0.99692726
9323,CYP7B1,0.9837553
9324,IGSF6,0.9943492
9325,ANKRD29,0.9868138
9326,RPP14,0.9907741
9327,ASRGL1,0.90955514
9328,ZSCAN32,0.98351973
9329,DIAPH3,0.9489419
9330,ALG14,0.9916871
9331,TEFM,0.9953289
9332,NAGPA,0.9941619
9333,EMB,0.9682455
9334,ADSS,0.9718873
9335,CBX8,0.99330264
9336,FOXO4,0.9714964
9337,PEX3,0.9750326
9338,MST1,0.9810241
9339,SPC25,0.9835379
9340,TIPIN,0.9755605
9341,RPGRIP1L,0.99090743
9342,FASTKD1,0.99485165
9343,TMPRSS4,0.98567456
9344,JAM2,0.97349024
9345,TSEN2,0.9727633
9346,JRKL,0.9954881
9347,BBS4,0.9669356
9348,PBK,0.97641295
9349,SNTB1,0.996489
9350,FAT4,0.9694452
9351,FCMR,0.9642016
9352,SYDE2,0.99257517
9353,CHST1,0.94864243
9354,AP1S3,0.99156743
9355,ARHGEF15,0.7810435
9356,ANKRD42,0.98851633
9357,ADAMTSL1,0.90664
9358,ZBTB7C,0.60640985
9359,AIM2,0.9982887
9360,LONRF1,0.92235833
9361,USP45,0.99557453
9362,GALNT7,0.9898758
9363,RAVER2,0.99681234
9364,DUOX1,0.99687606
9365,SLC9B2,0.9580551
9366,CDK5R1,0.99758273
9367,STX6,0.97405124
9368,RASGRF2,0.91524297
9369,INTU,0.99884194
9370,IPP,0.9947025
9371,VANGL2,0.99901175
9372,TMLHE,0.9657913
9373,USP46,0.9961226
9374,ACTR8,0.992513
9375,CLTCL1,0.99403167
9376,CABLES2,0.99163365
9377,ANKRD26,0.9900163
9378,ABRAXAS2,0.9816268
9379,WNK2,0.9696896
9380,CHRM3,0.99085236
9381,TUBGCP4,0.98070043
9382,CLUAP1,0.9974001
9383,MKS1,0.97901934
9384,MYH3,0.9700227
9385,GLRX,0.8656209
9386,SLF1,0.9973057
9387,NEDD8,0.96754503
9388,DLL4,0.8451329
9389,TBC1D8,0.96596855
9390,MVB12B,0.95355207
9391,EPOP,0.9956289
9392,PFDN4,0.99041414
9393,FBXO6,0.9862353
9394,RASGRP1,0.78235555
9395,POMGNT2,0.9894845
9396,ZNF423,0.98976374
9397,ALS2,0.9965093
9398,CENPH,0.9984102
9399,ASB7,0.9859088
9400,NFE2L3,0.9873042
9401,TEDC2,0.9940881
9402,PRR3,0.9927575
9403,ERCC8,0.9819924
9404,BDNF,0.99663925
9405,HIST1H4E,0.98411494
9406,KCNQ1,0.994342
9407,RASD2,0.96037006
9408,VAV3,0.99642795
9409,ARL10,0.7938445
9410,P2RY6,0.9968069
9411,AMH,0.9842779
9412,B4GALNT4,0.99726385
9413,ARHGAP29,0.9969197
9414,ISOC1,0.9843202
9415,C3orf52,0.9934209
9416,GDF11,0.95289236
9417,COL13A1,0.989248
9418,TMEM106A,0.9721513
9419,TTLL7,0.956408
9420,TPK1,0.9971153
9421,SLC2A12,0.98099536
9422,TRMT1L,0.9946777
9423,SLC26A10,0.9927134
9424,PAXIP1,0.9983733
9425,BBS9,0.95546865
9426,L3HYPDH,0.9775085
9427,CYP2R1,0.9633723
9428,GKAP1,0.9847614
9429,ZFPM2,0.99056953
9430,TMEM192,0.98809093
9431,EPM2A,0.98486036
9432,TAGAP,0.9905135
9433,INTS6L,0.99318486
9434,GATM,0.92634624
9435,KCP,0.968093
9436,SLX4IP,0.97909755
9437,CCL4L2,0.98231125
9438,LINS1,0.9964533
9439,ZGRF1,0.99079496
9440,NRDE2,0.99380666
9441,BRSK1,0.9941327
9442,ITGA4,0.9526265
9443,C8orf58,0.99511385
9444,TBKBP1,0.9976241
9445,ACVR2B,0.9830334
9446,RAPGEF6,0.9855835
9447,RGS11,0.98530644
9448,NIF3L1,0.9936774
9449,MAPK8IP2,0.9971461
9450,ZNF304,0.9928944
9451,CEP85L,0.984005
9452,CC2D2A,0.9808576
9453,WDHD1,0.99801475
9454,BCKDHA,0.97113734
9455,CARNMT1,0.9970476
9456,MMS22L,0.9949092
9457,RAB33B,0.9902301
9458,PRRX2,0.9948473
9459,GATA5,0.99277663
9460,PHKG1,0.9970047
9461,SPECC1,0.9788151
9462,SOCS7,0.9086404
9463,ABRAXAS1,0.9973078
9464,TREM1,0.9891307
9465,S1PR4,0.9851667
9466,ANKRD36,0.8993315
9467,ATP8B4,0.9762182
9468,LSAMP,0.99458694
9469,ZNF780A,0.9636874
9470,E2F2,0.9991408
9471,SEMA4F,0.99529505
9472,SLC19A1,0.99773926
9473,RNF150,0.9984612
9474,ZC3HC1,0.9897278
9475,RBKS,0.9855289
9476,MSLN,0.89391106
9477,ELOVL7,0.9918876
9478,SNX15,0.9928222
9479,NOS3,0.9969447
9480,TICRR,0.9935042
9481,TTC22,0.9871498
9482,LILRB3,0.9297876
9483,GIPC2,0.99698454
9484,MTERF1,0.99457747
9485,TTK,0.953268
9486,KPNA5,0.960598
9487,TC2N,0.981482
9488,HSH2D,0.9886525
9489,NOL11,0.9964256
9490,NEIL1,0.9774198
9491,SPRR3,0.99418855
9492,KYAT1,0.99436945
9493,TMEM45B,0.9883132
9494,TNFRSF19,0.99406075
9495,RASSF6,0.92088884
9496,C3orf18,0.9793184
9497,POF1B,0.9981687
9498,DHRS13,0.9987809
9499,CLSPN,0.99036866
9500,EIF6,0.96935654
9501,MARC1,0.9851716
9502,COX18,0.9593089
9503,TCAF2,0.9990673
9504,SPICE1,0.997186
9505,KIRREL1,0.9847688
9506,CAP2,0.98015785
9507,SRSF1,0.9941966
9508,IRF2BP1,0.97626764
9509,LMTK2,0.97023755
9510,VSTM4,0.9681983
9511,TOX2,0.94576746
9512,TFEC,0.98780507
9513,TMEM267,0.9874732
9514,SPRY2,0.99501055
9515,PTPN21,0.9911964
9516,RBM45,0.9993451
9517,LDAH,0.9079053
9518,LYSMD1,0.9944884
9519,CYB5R2,0.9786375
9520,ZNF568,0.9700818
9521,WDPCP,0.98871213
9522,MREG,0.97705704
9523,P2RY2,0.9990368
9524,BCL11A,0.9915914
9525,HEATR6,0.99183553
9526,DNAAF2,0.9480217
9527,MCM9,0.9569671
9528,EVI2B,0.99869704
9529,ZNF821,0.9936165
9530,MIER3,0.99306244
9531,MAIP1,0.9947951
9532,MBTPS2,0.99294543
9533,QTRT2,0.9971926
9534,TMEM128,0.9904234
9535,ZNF345,0.97838014
9536,SLC2A13,0.95751643
9537,AARS2,0.9889095
9538,ZFP28,0.9745009
9539,GNAL,0.9849903
9540,DRD4,0.99695593
9541,IGHD,0.90329903
9542,AVIL,0.9931474
9543,KLHDC9,0.9966073
9544,C14orf28,0.96379685
9545,ACTR3B,0.99465483
9546,POLE2,0.99490595
9547,ZNF211,0.9868333
9548,CCDC18,0.9728809
9549,AJM1,0.9613526
9550,SPATA6,0.9897694
9551,PI3,0.8511791
9552,TFAP2C,0.9864473
9553,BVES,0.9847258
9554,MID2,0.9899035
9555,JPH1,0.992883
9556,ZNF526,0.86064476
9557,IMPA1,0.9927135
9558,ZNF354A,0.97569275
9559,LYSMD3,0.973877
9560,RAD51B,0.99515074
9561,DHRS11,0.9944792
9562,ADAMTS6,0.98242617
9563,CEP83,0.9920661
9564,RAB15,0.9702039
9565,DPH6,0.9990373
9566,SYCE1L,0.98503584
9567,ZNF367,0.9820207
9568,ZNF846,0.99707633
9569,MORN4,0.9879875
9570,SLC12A8,0.99550575
9571,HELQ,0.99266386
9572,PDK4,0.94955236
9573,PSMC3IP,0.9960809
9574,KCNJ15,0.994127
9575,SMIM5,0.97387123
9576,PAM16,0.9901777
9577,SH3BGRL2,0.98709613
9578,TRIM68,0.9780121
9579,CYP24A1,0.983455
9580,RRP15,0.9892644
9581,ZNF654,0.9512532
9582,TCTN2,0.99775475
9583,CETN3,0.9860185
9584,GOPC,0.9192214
9585,CCDC136,0.87934333
9586,FIGNL1,0.9959969
9587,STBD1,0.9600888
9588,PHYHIP,0.97329456
9589,NR1D2,0.9923288
9590,DHX57,0.99551344
9591,TFB1M,0.99585104
9592,MMP3,0.9957923
9593,SPIN2B,0.961119
9594,SLC4A11,0.97649217
9595,TTC21A,0.9912145
9596,ZFP30,0.98878974
9597,GPR155,0.94192976
9598,ZNF708,0.9593249
9599,FANCM,0.9932289
9600,DTL,0.9976422
9601,SNCA,0.9898851
9602,PGBD1,0.98171043
9603,ARHGAP8,0.9871564
9604,TAPT1,0.9936531
9605,AQP9,0.9923649
9606,CNTNAP1,0.9703756
9607,GID4,0.99772924
9608,TXNL4B,0.998403
9609,ZFHX4,0.8861227
9610,FN3K,0.98391455
9611,RNASEH2A,0.99451834
9612,MAK16,0.993141
9613,HIST1H4I,0.9861892
9614,FGGY,0.98939544
9615,HMGN4,0.9545851
9616,DEPDC1,0.9925001
9617,SHROOM2,0.99571985
9618,KLHL3,0.8426625
9619,PDCD2L,0.95958185
9620,HIST1H4D,0.96620697
9621,WRN,0.9943366
9622,GDAP1,0.9950428
9623,DFFB,0.99624634
9624,CLP1,0.96778107
9625,SRFBP1,0.9954904
9626,PINLYP,0.99115294
9627,KDELR3,0.9659591
9628,SDS,0.98349094
9629,FCGR1A,0.9501502
9630,TRNT1,0.9919891
9631,MARCH1,0.9880534
9632,ZNF383,0.98882216
9633,FUT3,0.98623943
9634,HOXA9,0.9954956
9635,C11orf74,0.97330123
9636,REEP6,0.9955577
9637,KCTD6,0.98638135
9638,C2,0.9966149
9639,DNAH14,0.96996325
9640,CEP57L1,0.9264162
9641,AIF1L,0.98321646
9642,ZNF558,0.9869151
9643,ZNF521,0.98514074
9644,EFL1,0.97109014
9645,SULT2B1,0.9986927
9646,IGLV3-1,0.9837556
9647,SMAGP,0.98995614
9648,ADAM28,0.9902373
9649,PLCE1,0.8445237
9650,PEG10,0.9421911
9651,TBC1D19,0.9939104
9652,CCDC71,0.9932398
9653,PIGV,0.99375254
9654,DHODH,0.9918453
9655,ZNF197,0.9787137
9656,GPRIN1,0.9878025
9657,CDC45,0.9987564
9658,IKZF3,0.98091716
9659,ARHGEF39,0.96802014
9660,ZNF793,0.98130673
9661,MED9,0.995676
9662,ATG10,0.9855404
9663,CHD4,0.976182
9664,FAM89A,0.99590653
9665,CRYL1,0.9838622
9666,COX6B2,0.99474305
9667,GTF2E1,0.9957145
9668,TBC1D32,0.9904848
9669,ATP8A1,0.9962718
9670,PLCH2,0.9940396
9671,CEP97,0.88803786
9672,IL21R,0.9869206
9673,GRIN2D,0.974477
9674,CRMP1,0.9843368
9675,TMEM86A,0.9708168
9676,FAM221A,0.98993254
9677,NR6A1,0.9943561
9678,FAM117B,0.9893362
9679,CDH13,0.9785194
9680,TRPV4,0.9660024
9681,POT1,0.99735576
9682,COX10,0.99272186
9683,FAM122C,0.94599575
9684,E2F6,0.9989569
9685,UTP15,0.9868961
9686,ZNF92,0.9931635
9687,INHBB,0.98831755
9688,PDE7B,0.9875684
9689,SOCS2,0.98149896
9690,KIAA0825,0.91822004
9691,SMYD4,0.97012645
9692,EDARADD,0.9860435
9693,FANCF,0.9919603
9694,KLHL29,0.99178237
9695,FRMD3,0.58072096
9696,ARG2,0.98448056
9697,ZNF549,0.9721659
9698,GGT1,0.9938863
9699,LURAP1,0.9956562
9700,CHMP4C,0.9977296
9701,SULT1A1,0.99590176
9702,LZTS1,0.9881893
9703,ZSWIM7,0.9512334
9704,RNASEK,0.9712913
9705,B3GNT9,0.9896469
9706,BMP8B,0.97535205
9707,RENBP,0.9224593
9708,CLMN,0.99016804
9709,IL2RB,0.94782275
9710,WDR83OS,0.9931536
9711,CLIC5,0.9891525
9712,TIPARP,0.9968346
9713,TTC5,0.94996166
9714,TMEM143,0.9960664
9715,SH3RF2,0.96779794
9716,GNA14,0.9381919
9717,ZBTB16,0.9715597
9718,PMS2,0.97198147
9719,CEP112,0.99275595
9720,CISH,0.9812584
9721,FAM200A,0.9955537
9722,FAM78A,0.9821057
9723,ZNF852,0.9867832
9724,TMEM241,0.99405074
9725,METTL25,0.9935889
9726,VSNL1,0.97907996
9727,ZXDB,0.99826735
9728,HYAL1,0.99463385
9729,DNAL1,0.9965918
9730,LRIF1,0.9978103
9731,BTK,0.98844606
9732,MISP,0.99162406
9733,EFCC1,0.9962427
9734,MARCH3,0.6075844
9735,LRR1,0.9949761
9736,SIGLEC10,0.92138547
9737,ALDH1L2,0.98759586
9738,HK3,0.94035435
9739,ACAD11,0.9815626
9740,SPATA5,0.9796012
9741,SUOX,0.9530584
9742,GPC2,0.9878761
9743,FUT1,0.9880708
9744,DOC2B,0.9989917
9745,TMEM53,0.8228536
9746,CIB2,0.9893961
9747,CDON,0.97956705
9748,UCN2,0.99113435
9749,IDNK,0.9747322
9750,ASB5,0.9625316
9751,LGI4,0.95837736
9752,HOMEZ,0.9981834
9753,ZBTB42,0.994865
9754,RPH3AL,0.95253474
9755,CCDC47,0.97322226
9756,TMEM99,0.9450445
9757,HIST2H2BE,0.99847096
9758,SHE,0.9860368
9759,ZFAT,0.9550214
9760,ZNF689,0.99205494
9761,SMIM26,0.96265435
9762,B9D1,0.9976764
9763,XRCC4,0.9956131
9764,LUZP1,0.9773455
9765,ZNF71,0.973448
9766,THAP8,0.9940701
9767,MFSD9,0.99043864
9768,TOGARAM1,0.998385
9769,AGAP2,0.98739696
9770,IRX3,0.99883574
9771,CBX2,0.9954973
9772,PRDM6,0.8925
9773,SHISAL1,0.92393476
9774,SIMC1,0.99702173
9775,TNFSF9,0.99471635
9776,ZNF628,0.98664665
9777,BRF2,0.98539704
9778,DNAJC12,0.9886256
9779,SCRN3,0.9974149
9780,GEMIN6,0.981312
9781,MAGI2,0.98909354
9782,SLC30A4,0.99041265
9783,DDX10,0.9821827
9784,POLI,0.99309444
9785,PDIK1L,0.993181
9786,RAB3IP,0.98131084
9787,WDR53,0.99742895
9788,IL18R1,0.9915449
9789,RIDA,0.9972339
9790,ZNF329,0.9988032
9791,TESK2,0.99764556
9792,KLHDC1,0.99495983
9793,SRR,0.9240637
9794,INTS13,0.9810938
9795,MUC1,0.9566223
9796,GPR108,0.90943193
9797,ABHD6,0.9879356
9798,MME,0.9715545
9799,WARS2,0.9953206
9800,MAP3K9,0.9967785
9801,EVC,0.9930251
9802,C20orf96,0.8726743
9803,SLC35E4,0.99209875
9804,PRMT6,0.9954136
9805,SLC16A10,0.98271745
9806,RERG,0.9877661
9807,INAVA,0.5830497
9808,SNED1,0.98570734
9809,TADA1,0.97832054
9810,C16orf95,0.92057276
9811,SNX20,0.98096657
9812,NDUFA11,0.95841503
9813,IVL,0.99124765
9814,NXT2,0.97827435
9815,STK33,0.99040824
9816,BORA,0.98652864
9817,BARD1,0.9884178
9818,TRMT5,0.97203404
9819,WDR86,0.97972727
9820,GARNL3,0.9904291
9821,ZNF235,0.9749076
9822,GRAMD1B,0.99542856
9823,ZUP1,0.9972237
9824,TGDS,0.9461643
9825,TTF1,0.9958105
9826,CHURC1,0.9246643
9827,TMEM246,0.97712135
9828,PLA2G5,0.9069481
9829,ORC1,0.9960265
9830,FOXD1,0.9926989
9831,KLHL22,0.9871716
9832,ZDHHC23,0.96562576
9833,ARHGEF16,0.83415776
9834,LRRC75A,0.9772776
9835,PRDM5,0.9809041
9836,PBLD,0.98468894
9837,EPB41L4A,0.98570997
9838,KCNE4,0.9931791
9839,ALPK3,0.9461697
9840,SLC22A15,0.9875431
9841,TIRAP,0.9884226
9842,PATL2,0.9894827
9843,ZSWIM1,0.94358426
9844,GINS4,0.9955371
9845,NAV3,0.99348015
9846,THAP1,0.99179095
9847,ABHD13,0.99380416
9848,PREX2,0.9831104
9849,ZNF682,0.98790854
9850,GRTP1,0.99364513
9851,CD2,0.9959841
9852,HIST1H1D,0.9797023
9853,POLD1,0.95425683
9854,GJB4,0.9915219
9855,LRRC37A3,0.94056386
9856,CCDC125,0.9932998
9857,C2orf74,0.9886964
9858,ACTR5,0.99743104
9859,ASPRV1,0.9908864
9860,PRKAA2,0.9951176
9861,CALML5,0.9958782
9862,EEF1AKMT1,0.96911955
9863,HACE1,0.94854647
9864,HECW2,0.980397
9865,SPAG4,0.9856679
9866,RMI1,0.9855895
9867,PDSS1,0.7301059
9868,PRKN,0.98977405
9869,SFXN2,0.98530835
9870,CA11,0.999012
9871,SP140,0.9528866
9872,MTM1,0.95007557
9873,NPTXR,0.9879777
9874,TDRD3,0.99416167
9875,HIST1H1B,0.9522819
9876,WDR35,0.9983299
9877,BTBD19,0.99469453
9878,IL17RD,0.993093
9879,REXO5,0.98982745
9880,RAB7B,0.9979844
9881,MED20,0.9907179
9882,SPATC1L,0.9313355
9883,MICB,0.9975826
9884,KIF14,0.98993343
9885,KIAA1549,0.98015946
9886,PPP1R9A,0.9960225
9887,CXCL2,0.9764254
9888,ADGRL4,0.9519109
9889,NRG1,0.9976632
9890,IFT88,0.9874935
9891,PARD3B,0.981864
9892,TUBD1,0.9958472
9893,NTNG2,0.9705424
9894,SHLD1,0.9861917
9895,TBC1D31,0.99869967
9896,ZNF200,0.99542785
9897,PPARGC1B,0.92639494
9898,FHAD1,0.99167734
9899,MN1,0.94839925
9900,NSUN6,0.9911232
9901,ADAM23,0.9764542
9902,DCTN1,0.94786745
9903,FOXO6,0.98611873
9904,DBF4B,0.9878268
9905,MIEF2,0.96578145
9906,SPTBN5,0.9932442
9907,LY6D,0.6809856
9908,KCTD21,0.99541754
9909,PCOLCE2,0.98450583
9910,NANP,0.9854922
9911,PROCA1,0.99251145
9912,TNFRSF10A,0.9935067
9913,OXNAD1,0.9767278
9914,PARP11,0.93727857
9915,LDLRAD3,0.99144346
9916,GRHL3,0.9987381
9917,CHAC1,0.9072769
9918,CMKLR1,0.9675491
9919,ADCK1,0.81900644
9920,PRR7,0.99366546
9921,ATG4C,0.98406476
9922,GATB,0.98384684
9923,MIS18A,0.9983577
9924,ZSCAN16,0.9367593
9925,DHRS2,0.998004
9926,CD247,0.9643106
9927,CYSRT1,0.9896913
9928,MCTP2,0.99834985
9929,FAM161A,0.9953043
9930,TRUB1,0.96610385
9931,LRRC25,0.99454576
9932,CYYR1,0.98870236
9933,MAGI3,0.98915505
9934,BLM,0.9943183
9935,TFAP4,0.9712152
9936,SLC27A5,0.9861694
9937,LARP6,0.99757624
9938,IQGAP2,0.9945211
9939,GEMIN5,0.96165556
9940,TMEM37,0.93321604
9941,E2F5,0.94209933
9942,SRBD1,0.8503761
9943,CCNJ,0.9853464
9944,URB2,0.9060723
9945,THAP6,0.9943476
9946,ABCB6,0.9944672
9947,GULP1,0.99433136
9948,AKR1C2,0.92501926
9949,HOXB7,0.99533087
9950,EPHA7,0.9866306
9951,LPAR5,0.98828644
9952,SCYL3,0.9888528
9953,EXOC8,0.967889
9954,SLC37A2,0.9920378
9955,TRIM46,0.99004793
9956,CRACR2A,0.9854574
9957,ZNF844,0.98230624
9958,MFSD13A,0.97381645
9959,AASS,0.98348993
9960,CCDC40,0.97958636
9961,RCHY1,0.97974366
9962,SPIB,0.9779307
9963,ITGA8,0.9674414
9964,TTC32,0.99784607
9965,FBXL2,0.98791784
9966,CGN,0.9954626
9967,CCDC77,0.96904206
9968,METAP1D,0.9944685
9969,OSGIN1,0.99727076
9970,ABCA8,0.9828432
9971,CDKL5,0.9787833
9972,ESR1,0.96170044
9973,METTL4,0.9728705
9974,PHKA1,0.9918005
9975,C14orf132,0.98971605
9976,ENPEP,0.9641034
9977,CEP41,0.93561906
9978,ZNF232,0.9954373
9979,SLC2A5,0.9967561
9980,APC,0.98357654
9981,ZNF554,0.8374452
9982,SNTB2,0.98121303
9983,RAB26,0.9993877
9984,TMEM88,0.9236982
9985,KCTD18,0.89378816
9986,SLC41A2,0.96701604
9987,CCDC34,0.9909212
9988,NPIPB15,0.9738989
9989,SLC35G2,0.99581933
9990,SHROOM4,0.9465682
9991,COQ10A,0.9945577
9992,ZNF175,0.9725058
9993,CYP20A1,0.9979479
9994,PID1,0.98586226
9995,RNASEL,0.9821596
9996,CDC25A,0.9978709
9997,ECM2,0.99496406
9998,PAPPA,0.9045327
9999,KHK,0.9729387
