gene_index,gene,oracle_pcc
0,EPCAM,0.99766445
1,KRT8,0.9959936
2,KRT18,0.9988343
3,KRT19,0.9973556
4,UPK1A,0.989756
5,UPK2,0.9954357
6,UPK3A,0.99819195
7,GATA3,0.9821507
8,FOXA1,0.99822104
9,PPARG,0.99602544
10,KRT20,0.99831885
11,FGFR3,0.99894446
12,KRT5,0.9985484
13,KRT14,0.9965531
14,TP63,0.99887383
15,CD44,0.99930555
16,ACTA2,0.9994324
17,MYH11,0.98941696
18,PTPRC,0.99803704
19,COL1A1,0.9985441
20,UPK1B,0.9986445
21,ERBB2,0.9983261
22,KRT17,0.9977339
23,KRT6A,0.9962924
24,EGFR,0.9982384
25,SFN,0.9948037
26,CLDN4,0.99907315
27,KRT13,0.9994634
28,ITGA6,0.9990784
29,CHGA,0.9961066
30,SYP,0.99654657
31,INSM1,0.9955527
32,ASCL1,0.98745984
33,NCAM1,0.98896044
34,VIM,0.99944365
35,SOX2,0.9969018
36,SOX9,0.9980197
37,LAMC2,0.9975338
38,TGFBI,0.99956
39,FN1,0.99955237
40,TAGLN,0.99927294
41,CNN1,0.9996274
42,DES,0.9984031
43,MYL9,0.9990322
44,CXCL12,0.99924815
45,IL6,0.99306154
46,CFD,0.99969923
47,C7,0.99801075
48,PDGFRA,0.9963185
49,DCN,0.9994072
50,CD37,0.9985496
51,CORO1A,0.9993421
52,LAPTM5,0.9987003
53,CD3D,0.9936942
54,CD3E,0.9979254
55,TRAC,0.99931353
56,TRBC1,0.99761325
57,LTB,0.9978851
58,IL7R,0.9977422
59,MAL,0.9986636
60,CCR7,0.99462414
61,TCF7,0.9986234
62,LEF1,0.9860048
63,CD8A,0.99923295
64,CD8B,0.99897164
65,CCL5,0.9983872
66,NKG7,0.9989392
67,PRF1,0.9952141
68,GZMK,0.99484175
69,GZMB,0.99827087
70,FOXP3,0.9987198
71,IL2RA,0.9983722
72,CTLA4,0.99302197
73,TIGIT,0.9961115
74,IKZF2,0.99745417
75,CCR8,0.99423474
76,PDCD1,0.99672186
77,LAG3,0.9940635
78,HAVCR2,0.9992691
79,TOX,0.99814874
80,CXCL13,0.99554384
81,ENTPD1,0.99029505
82,GNLY,0.9975252
83,KLRD1,0.9960329
84,FCGR3A,0.9994525
85,TYROBP,0.9994256
86,MS4A1,0.995866
87,CD79A,0.9971272
88,CD74,0.99946773
89,HLA-DRA,0.99915475
90,CD22,0.9938777
91,CD83,0.99701244
92,JCHAIN,0.9994095
93,MZB1,0.98839617
94,SDC1,0.99827844
95,IGHG1,0.9983839
96,IGKC,0.9984229
97,XBP1,0.99607456
98,LST1,0.9948419
99,FCER1G,0.99729955
100,CTSS,0.99892694
101,LILRB1,0.98179686
102,LYZ,0.9991913
103,S100A8,0.99254274
104,S100A9,0.99963415
105,FCN1,0.9958353
106,CCR2,0.9910259
107,VCAN,0.99964666
108,MS4A7,0.9946936
109,IFITM3,0.9991497
110,TYMP,0.99307936
111,C1QA,0.99913025
112,C1QB,0.9990592
113,C1QC,0.99543047
114,APOE,0.99936515
115,CD68,0.9972197
116,MSR1,0.99694186
117,MRC1,0.99914825
118,CTSD,0.99451274
119,FOLR2,0.9987882
120,LYVE1,0.9956295
121,CD163,0.9969236
122,SPP1,0.99808025
123,APOC1,0.9986976
124,TREM2,0.9854318
125,GPNMB,0.9994488
126,LGALS3,0.99965125
127,CTSB,0.99965584
128,IL1B,0.9959032
129,SELL,0.99104106
130,FCGR3B,0.99782515
131,CSF3R,0.9992054
132,CXCR2,0.99465734
133,FPR1,0.99790573
134,MNDA,0.98464537
135,CLEC9A,0.9898405
136,XCR1,0.9903205
137,BATF3,0.98345774
138,CADM1,0.9977212
139,IRF8,0.99869096
140,CD1C,0.9955858
141,CLEC10A,0.9988743
142,FCER1A,0.98579943
143,CST3,0.9985048
144,TCF4,0.99894047
145,IL3RA,0.99793494
146,CLEC4C,0.9716892
147,IRF7,0.9968874
148,TPSAB1,0.9978167
149,TPSB2,0.9974629
150,KIT,0.9973711
151,MS4A2,0.9955338
152,HDC,0.9980755
153,CPA3,0.9961481
154,CLC,0.99386626
155,PRG2,0.99661857
156,SIGLEC8,0.99414843
157,RNASE2,0.9954683
158,EPX,0.99257517
159,COL1A2,0.99860966
160,COL3A1,0.9971574
161,LUM,0.9991516
162,COL6A1,0.9994217
163,TPM2,0.9953815
164,CXCL14,0.9982503
165,COL11A1,0.9976986
166,FAP,0.9978514
167,THY1,0.999756
168,PDPN,0.99936706
169,INHBA,0.9992263
170,MMP2,0.9993075
171,COL10A1,0.99802554
172,HLA-DPA1,0.99918205
173,HLA-DPB1,0.9990474
174,CIITA,0.9994041
175,PECAM1,0.99928683
176,VWF,0.9995011
177,CLDN5,0.99971694
178,KDR,0.99695385
179,EMCN,0.9988471
180,ENG,0.9995136
181,RAMP2,0.9981111
182,ESM1,0.9936735
183,ANGPT2,0.99343646
184,PLVAP,0.9983221
185,APLN,0.9929241
186,PGF,0.9969608
187,RGCC,0.9994744
188,EFNB2,0.999203
189,SOX17,0.9953923
190,GJA5,0.99414223
191,FBLN5,0.9974327
192,HEY1,0.9981189
193,ACKR1,0.9968177
194,SELP,0.99922305
195,SELE,0.99767685
196,NR2F2,0.9971668
197,FLT4,0.9923437
198,CCL21,0.9958104
199,PROX1,0.99637854
200,CCL14,0.99252284
201,RGS5,0.9990431
202,PDGFRB,0.99906635
203,CSPG4,0.99976575
204,MCAM,0.99804
205,NOTCH3,0.99974966
206,ADIPOQ,0.9956563
207,PLIN1,0.9938021
208,FABP4,0.9988698
209,LEP,0.99745
210,LPL,0.993405
211,CIDEC,0.9900972
212,S100B,0.99445754
213,SOX10,0.99664533
214,PLP1,0.99288684
215,MPZ,0.99501485
216,S100A1,0.9954082
217,NGFR,0.9879056
218,MKI67,0.99917775
219,TOP2A,0.9988311
220,UBE2C,0.99936545
221,CENPF,0.999337
222,CCNB1,0.99874675
223,CDK1,0.99761784
224,TUBB,0.99520314
225,CA9,0.9954382
226,VEGFA,0.99885654
227,BNIP3,0.99751824
228,PGK1,0.99975884
229,LDHA,0.99706906
230,SLC2A1,0.9997941
231,ENO1,0.9994842
232,ISG15,0.9940691
233,IFIT1,0.9989131
234,IFIT2,0.99817723
235,IFIT3,0.9984026
236,MX1,0.99964094
237,OAS1,0.999611
238,STAT1,0.9992811
239,CXCL10,0.99707043
240,SNAI2,0.997945
241,ZEB1,0.9986948
242,ITGA5,0.999704
243,SERPINE1,0.99959934
244,HBB,0.9949601
245,HBA1,0.98981255
246,HBA2,0.99661285
247,ALAS2,0.9809445
248,GYPA,0.9981101
249,AHSP,0.9959138
250,PPBP,0.9901454
251,PF4,0.99171656
252,GP9,0.99773395
253,RGS18,0.9971512
254,NRGN,0.997987
255,FOS,0.98891467
256,JUN,0.99801445
257,JUNB,0.9957715
258,DDIT3,0.99937475
259,HSPA1A,0.999848
260,HSPA1B,0.99762934
261,ATF3,0.99732697
262,MT-CO1,0.9967349
263,MT-CO2,0.9960545
264,MT-ND1,0.9973857
265,MT-ND2,0.9975792
266,MT-CYB,0.9967521
267,POLR2L,0.9993146
268,NUPR1,0.99828243
269,UQCRB,0.99938667
270,COX7C,0.9990388
271,BGN,0.9989029
272,APP,0.99917525
273,COL5A1,0.999714
274,COX5B,0.99715316
275,COX6B1,0.999829
276,HSPA5,0.99891603
277,YWHAQ,0.9990476
278,LENG8,0.99935675
279,LGALS3BP,0.99956304
280,GLUL,0.9981902
281,WARS,0.99939954
282,PPIB,0.9986008
283,NDUFS6,0.99588186
284,RAC1,0.9997636
285,ARF1,0.9994601
286,CLIC1,0.9998307
287,PCBP1,0.99854296
288,NCL,0.99908143
289,SEM1,0.9992504
290,TMEM259,0.99929684
291,RTN4,0.9992339
292,PTGES3,0.9969263
293,HSP90AA1,0.99957895
294,APLP2,0.9981043
295,MCL1,0.99847984
296,EIF4G1,0.99916184
297,CIRBP,0.9994327
298,ROMO1,0.9997076
299,CAPZB,0.99909127
300,CNBP,0.9987736
301,GNB1,0.99511206
302,CHPF,0.999708
303,SQSTM1,0.9986423
304,SAT1,0.99970263
305,SNRNP70,0.9993456
306,TIMP3,0.99915063
307,HDLBP,0.99853265
308,SRSF3,0.998446
309,EDF1,0.99781454
310,RPN2,0.99969614
311,ARPC2,0.99977285
312,CD99,0.99899566
313,PEA15,0.99943954
314,HNRNPDL,0.99913895
315,HSPG2,0.99947625
316,WDR1,0.99902475
317,HSPA8,0.9990509
318,TOMM7,0.99958676
319,EIF4A1,0.9994394
320,ARL6IP4,0.9996988
321,YPEL3,0.99841297
322,ARPC3,0.9995901
323,ATP5F1E,0.99926156
324,TMED2,0.9967011
325,DDX3X,0.99516284
326,CHCHD2,0.9985641
327,NDUFV1,0.9996864
328,HNRNPA3,0.9990904
329,COX6C,0.99979144
330,HP1BP3,0.99976605
331,CCNL2,0.9998275
332,EIF4G2,0.99877787
333,IFITM2,0.99869424
334,PPDPF,0.9994823
335,RALY,0.99907196
336,PFDN5,0.9996298
337,LAMP1,0.99902374
338,LAMTOR4,0.9997457
339,GPX4,0.99911815
340,SERBP1,0.9996289
341,COL18A1,0.9990479
342,CTNNB1,0.99943084
343,TIMP2,0.99977034
344,EEF1B2,0.998916
345,ATF4,0.9987173
346,RHOA,0.99760276
347,PSMB1,0.9996085
348,UQCRQ,0.9986971
349,FLOT1,0.9968136
350,DDX17,0.99913013
351,UBL5,0.9991919
352,SLC25A3,0.99921113
353,ACADVL,0.99491245
354,OS9,0.99921083
355,PEBP1,0.9980718
356,LUC7L3,0.99940836
357,SRSF5,0.9944935
358,PCBP2,0.9985937
359,ATP5MG,0.9989603
360,FUS,0.9977802
361,PSMB4,0.9987299
362,SRSF11,0.99973506
363,RNH1,0.99835664
364,FCGRT,0.99818516
365,ATN1,0.999545
366,ZFAND5,0.9989311
367,MGAT1,0.99921596
368,HDGF,0.99952537
369,GRK2,0.99966705
370,PDIA6,0.9995483
371,PPP1R12C,0.9996608
372,MTCH1,0.99944687
373,CNN3,0.99779797
374,ATP2A2,0.9986494
375,GSN,0.99976254
376,PLXNB2,0.9983076
377,GNAI2,0.9994877
378,LITAF,0.99720013
379,TMEM59,0.9992445
380,RBM39,0.9984015
381,CAPN1,0.99891216
382,ANXA11,0.99905264
383,ITM2B,0.9989842
384,HSP90AB1,0.99777377
385,SHISA5,0.999236
386,PDLIM7,0.99958676
387,EPN1,0.99967635
388,AURKAIP1,0.99839723
389,HSPD1,0.9996246
390,COTL1,0.9996859
391,EIF4A2,0.9990387
392,TRMT112,0.9993641
393,RBM3,0.9988532
394,ERGIC3,0.9993825
395,COX4I1,0.99971837
396,NUCB1,0.99899846
397,MLF2,0.99910736
398,COL6A3,0.999123
399,AP2M1,0.99977016
400,CYBA,0.9991064
401,STAT2,0.9996419
402,MFGE8,0.99936944
403,COPE,0.99823916
404,TCF25,0.9942955
405,ATP5MC2,0.9995696
406,GUK1,0.99495506
407,WSB1,0.99901056
408,ANXA5,0.99578273
409,PRDX6,0.99972403
410,CAPN2,0.9996683
411,LMNA,0.9985671
412,ARPC5,0.9991411
413,LRPAP1,0.9986044
414,S100A13,0.99953306
415,EIF4H,0.9982128
416,MCRIP1,0.9989058
417,CLIC4,0.9990803
418,THBS2,0.9990431
419,AP2S1,0.9992596
420,NUMA1,0.998339
421,NONO,0.9992517
422,RNF213,0.9981758
423,EHBP1L1,0.9997633
424,ATP5F1A,0.9994671
425,PHPT1,0.9993698
426,PARK7,0.9991516
427,TAPBP,0.9993228
428,TMBIM6,0.9992871
429,NDUFB7,0.9996358
430,TRIR,0.99974155
431,ZFP36,0.99840087
432,NAPA,0.99862635
433,SRRM2,0.9988125
434,CANX,0.9990533
435,CAVIN1,0.99611676
436,SDF4,0.99949664
437,ZFP36L2,0.99516803
438,MARCKS,0.9995321
439,RABAC1,0.9965615
440,TXN,0.9992024
441,MORF4L1,0.9995637
442,STOM,0.99737424
443,NPC2,0.9989519
444,C12orf57,0.9990689
445,TKT,0.999324
446,IRAK1,0.9996783
447,SF3B1,0.9991123
448,DYNLL1,0.99899006
449,BANF1,0.9990875
450,DSTN,0.9992836
451,NDUFS5,0.99907637
452,C1S,0.9993436
453,DDX5,0.9990212
454,SOD1,0.9995888
455,RNF187,0.999613
456,ATP5F1B,0.99880105
457,MACF1,0.9990422
458,PTTG1IP,0.99920976
459,CALU,0.9997226
460,COPS9,0.9995635
461,HNRNPC,0.9996913
462,BRI3,0.99864423
463,GAS6,0.9989394
464,JTB,0.99803317
465,PGAM1,0.99644595
466,ARHGDIA,0.9941943
467,SH3GLB2,0.9995354
468,PSMD2,0.9992572
469,PLD3,0.9996333
470,PLP2,0.9993881
471,C1R,0.9993517
472,PSMA4,0.9996994
473,YWHAG,0.99838895
474,CYB5R3,0.999383
475,SELENOW,0.99954826
476,VCP,0.9995735
477,CD81,0.9995354
478,CALM3,0.9989936
479,RARRES2,0.9995535
480,SET,0.9991795
481,ARPC1B,0.99959815
482,FLNB,0.9971138
483,ATP5IF1,0.9993485
484,ERP29,0.99919635
485,ZYX,0.9986721
486,PRRC2A,0.9989401
487,MORF4L2,0.9987265
488,ARGLU1,0.9975864
489,HNRNPU,0.997152
490,TRIM28,0.99927396
491,TUFM,0.9983026
492,SRSF2,0.999574
493,ECE1,0.9972973
494,XRCC5,0.9977207
495,NBL1,0.9996004
496,FSTL1,0.9982852
497,SARS,0.99852943
498,CRIP2,0.9996649
499,ITGB1,0.99830884
500,WDR6,0.9998024
501,HSBP1,0.998364
502,BST2,0.9994402
503,HIF1A,0.99919623
504,NME3,0.99961805
505,VPS28,0.9997591
506,BTG2,0.9959731
507,CD151,0.9992421
508,ACTN4,0.99960583
509,ACTN1,0.99877644
510,ILF3,0.99874526
511,LRP10,0.9950681
512,CNN2,0.9991371
513,SUN2,0.99940425
514,PSMB2,0.99979717
515,TLN1,0.9991153
516,HNRNPD,0.9995592
517,EIF1,0.99866295
518,HMGA1,0.9995003
519,HMGB1,0.98983544
520,SPARC,0.9991771
521,TMED9,0.999164
522,NDUFS8,0.99845886
523,SERP1,0.9994507
524,PSME1,0.9973699
525,SEC61A1,0.997639
526,ACTR3,0.999214
527,EEF1D,0.9992398
528,REEP5,0.99911374
529,COL4A2,0.9990969
530,CCDC85B,0.9989189
531,MYH9,0.99889296
532,H2AFV,0.99966174
533,PSMD8,0.9995642
534,ANAPC16,0.99943066
535,CSDE1,0.9991325
536,SLC3A2,0.99594355
537,INTS11,0.99900323
538,PLEC,0.9991787
539,NUCKS1,0.9974248
540,SZRD1,0.99143773
541,APRT,0.9995473
542,RPN1,0.99938166
543,ATP5ME,0.9985212
544,ATP6V0D1,0.99880517
545,CTDSP1,0.99790084
546,RIC8A,0.9996359
547,MAP7D1,0.9994074
548,GRN,0.99929255
549,TAP1,0.99921876
550,QSOX1,0.9985976
551,SULF1,0.98184824
552,IGFBP4,0.99941933
553,MAP2K2,0.9983141
554,MAZ,0.99800336
555,FBXW5,0.9995983
556,PRRC2B,0.99934006
557,SYNGR2,0.99789464
558,TAF10,0.9988495
559,GLG1,0.99833643
560,SSR3,0.9987736
561,MYL12B,0.99951744
562,GTF2I,0.99917763
563,CLPTM1L,0.99900705
564,CTSZ,0.9995964
565,RABL6,0.9994243
566,HINT1,0.9991759
567,GDI2,0.999736
568,NUDC,0.9988022
569,DPP7,0.9992317
570,HNRNPA0,0.9985269
571,CALD1,0.9990575
572,DEK,0.9988006
573,SSR4,0.9994954
574,COX7A2,0.9990783
575,EMC10,0.9990756
576,DRAP1,0.9998576
577,SLC38A10,0.9989645
578,UBR4,0.9985584
579,RELA,0.99917144
580,NDUFB11,0.9993213
581,TMEM165,0.99910676
582,BEX3,0.99962205
583,RBM17,0.99943465
584,BRK1,0.99951136
585,COL4A1,0.9990414
586,FKBP8,0.9997835
587,IL32,0.9974243
588,UBB,0.998886
589,FLOT2,0.99968606
590,NAP1L4,0.9978212
591,PSMC3,0.9979013
592,MMP14,0.99933994
593,FIS1,0.9993267
594,ZMIZ2,0.9998328
595,LAMTOR1,0.99925137
596,H1FX,0.9979704
597,LGALS1,0.9991125
598,BAG6,0.9979364
599,RAD23A,0.9989847
600,SIVA1,0.9993292
601,NCOR2,0.9992291
602,TRA2B,0.99962425
603,PTMS,0.9984614
604,RHOT2,0.99973565
605,XRCC6,0.9987893
606,MAPKAPK2,0.9986227
607,PSAP,0.9995616
608,WASF2,0.99935836
609,TXNIP,0.99909145
610,SEC11A,0.99800366
611,PSMC5,0.9989635
612,USF2,0.99356735
613,PNPLA2,0.9981059
614,SH3BGRL3,0.99391156
615,PSME2,0.99939317
616,SSU72,0.99821585
617,GABARAPL2,0.99921894
618,COLGALT1,0.99759066
619,GDI1,0.9991797
620,PSMA7,0.99872625
621,NAMPT,0.9913699
622,GADD45GIP1,0.9997732
623,AEBP1,0.9992426
624,HNRNPH1,0.999543
625,GANAB,0.9993827
626,TPP1,0.9993065
627,GRINA,0.99871194
628,HNRNPA2B1,0.9989294
629,SURF4,0.99871224
630,GOLPH3,0.9984711
631,VDAC1,0.99855345
632,CCT3,0.99892604
633,PPM1G,0.9996747
634,RSRP1,0.99969625
635,AP3D1,0.9995826
636,VWA1,0.99939585
637,PRDX5,0.9988602
638,REXO2,0.99793804
639,EZR,0.9997606
640,CTNND1,0.9992858
641,SNRPG,0.99953383
642,SAP18,0.9973095
643,PHB2,0.99843836
644,TPM1,0.9992653
645,MLEC,0.9996381
646,NDUFB10,0.9993126
647,SFPQ,0.9978563
648,PSMB7,0.9995061
649,PPP1CA,0.99867296
650,TNIP1,0.9994219
651,OTUB1,0.9986102
652,FAM50A,0.9990443
653,C4orf3,0.9971358
654,IQGAP1,0.99346274
655,HNRNPAB,0.99886954
656,COL5A2,0.9994477
657,LRP1,0.999819
658,SF3B2,0.9965431
659,CDV3,0.99860096
660,CLTA,0.9995246
661,RACK1,0.9988963
662,PDIA4,0.9992938
663,IER3,0.999508
664,IFI16,0.9995629
665,NFE2L1,0.99709195
666,ERH,0.99911374
667,EFHD2,0.9993471
668,CTDSP2,0.9991175
669,IRF3,0.99964106
670,CTBP1,0.99584454
671,BCAP31,0.99964887
672,DYNC1H1,0.9990181
673,FBXO32,0.99741125
674,PA2G4,0.99828184
675,SLC2A4RG,0.9994968
676,CAPNS1,0.9981311
677,SNX3,0.9968208
678,EVL,0.9980755
679,UBXN6,0.9995686
680,RAB7A,0.9975058
681,TPD52L2,0.9994807
682,CD63,0.9994526
683,TMEM123,0.9992445
684,HADHA,0.99911153
685,OST4,0.99903506
686,RBM5,0.9996845
687,ARPP19,0.9990946
688,POSTN,0.9988198
689,KHDRBS1,0.9972822
690,MARCH6,0.9995284
691,LTBR,0.99872434
692,MBNL1,0.99938047
693,HNRNPF,0.9996775
694,EIF3A,0.99891055
695,NPTN,0.9992835
696,SON,0.99880373
697,ANP32B,0.9987407
698,PDLIM5,0.9961718
699,CEBPD,0.99921477
700,SBNO2,0.9989139
701,DST,0.99933875
702,TXNL4A,0.99938834
703,SLC44A2,0.99842995
704,PRRC2C,0.9996127
705,VCL,0.99842155
706,LY6E,0.999732
707,ANKRD11,0.9995853
708,VOPP1,0.9995985
709,RNASE1,0.99853814
710,UQCRC1,0.99961364
711,ESYT2,0.99630296
712,PABPC1,0.9992899
713,CCNL1,0.99848014
714,DAZAP1,0.99967206
715,CYC1,0.99842775
716,EIF2S3,0.99942845
717,RAB5IF,0.9996482
718,HGS,0.99852955
719,GIPC1,0.9987583
720,IFNGR2,0.9997724
721,CUTA,0.99912417
722,H2AFY,0.99915284
723,COL6A2,0.9996604
724,NCKAP1,0.99862415
725,ATP6V1F,0.9997198
726,STK25,0.9994877
727,MAT2A,0.99940187
728,SCAND1,0.99904907
729,RER1,0.99913865
730,CHMP2A,0.99935454
731,EIF3K,0.99896526
732,KDELR1,0.9997719
733,PSMD13,0.9954705
734,SRSF7,0.9980434
735,USP22,0.99920875
736,SND1,0.9977924
737,HSF1,0.9994694
738,AKT1,0.99919254
739,HM13,0.99850255
740,CLSTN1,0.99931717
741,CCT5,0.99891627
742,RAB1A,0.99607056
743,STUB1,0.9993843
744,EMILIN1,0.99978656
745,RUNX1,0.9979168
746,H2AFJ,0.9994273
747,BAG1,0.9986533
748,EIF3H,0.99811745
749,CCT7,0.9982747
750,KLF6,0.99896973
751,SNRPC,0.9992553
752,DYNLL2,0.9991255
753,EIF3L,0.9992436
754,CCNI,0.9959377
755,ADAR,0.99978894
756,HNRNPK,0.9988775
757,GNAS,0.9969576
758,IGHA1,0.9989549
759,NDUFA2,0.9982791
760,YWHAH,0.9991622
761,ZFP36L1,0.9988588
762,MTDH,0.99851924
763,TM9SF3,0.9977294
764,DLGAP4,0.99934494
765,SPCS3,0.99240696
766,DNM2,0.99777716
767,CTNNA1,0.9996799
768,ATP5F1D,0.99880373
769,POR,0.9988629
770,CMPK1,0.99840033
771,SNRPB,0.99664104
772,SRRT,0.9997012
773,YWHAB,0.9992975
774,APH1A,0.999269
775,RNF11,0.99794084
776,DAPK3,0.9986949
777,C7orf50,0.99976254
778,SRGN,0.9985865
779,LTBP3,0.9996684
780,KPNB1,0.99907285
781,HLA-E,0.9983772
782,OGA,0.9992483
783,SNRNP200,0.99527377
784,EIF3B,0.9990678
785,CDKN1A,0.9994221
786,ILK,0.9996108
787,CYCS,0.9997842
788,SLC25A39,0.9988453
789,CAP1,0.9986659
790,POLD2,0.9996678
791,UBE2I,0.999354
792,HNRNPR,0.9978754
793,STRN4,0.9992157
794,CTSA,0.997369
795,IDS,0.9987508
796,C19orf53,0.99772215
797,CD164,0.9974753
798,NENF,0.9991312
799,ZRANB2,0.9997357
800,VAMP8,0.9925439
801,CENPX,0.9995675
802,SDC4,0.9996909
803,INF2,0.99770844
804,EHD2,0.99957484
805,PSMB3,0.99430436
806,PSMD4,0.99874055
807,MAF1,0.9989096
808,TUBB6,0.99828434
809,H3F3B,0.99758625
810,MOB1A,0.999447
811,PIGT,0.9993531
812,SF1,0.9997279
813,JPT1,0.99930704
814,LBH,0.99901617
815,LMF2,0.9994892
816,POLR2G,0.99965876
817,SELENOK,0.99841136
818,MT2A,0.9992603
819,TIMM13,0.998917
820,PLSCR1,0.9976856
821,TBL1XR1,0.999073
822,RAB5B,0.9986941
823,LASP1,0.99932593
824,SLC39A7,0.99932015
825,HNRNPH3,0.9974068
826,TMEM219,0.9980111
827,CHMP4B,0.9989605
828,NRDC,0.9985172
829,ASAH1,0.99828607
830,MSN,0.9993021
831,PDXK,0.99926805
832,PAXX,0.9982961
833,PRNP,0.99892265
834,PKD1,0.9986979
835,METTL26,0.9990838
836,SPON2,0.9977724
837,MED15,0.9987699
838,TSPO,0.9995371
839,BCL7C,0.9992625
840,SOX4,0.99969804
841,SELENOM,0.999537
842,TRIOBP,0.9986849
843,BCL2L1,0.9997997
844,ETS2,0.9973186
845,ECH1,0.99788153
846,P4HB,0.9991859
847,SMCHD1,0.99966735
848,SSR2,0.99891627
849,COPZ1,0.9981421
850,SAR1A,0.9977414
851,CALR,0.99911964
852,EID1,0.99940264
853,COL16A1,0.99964064
854,S100A10,0.99957657
855,STAT6,0.99867
856,MBOAT7,0.99916047
857,ATP5PF,0.9996567
858,FASN,0.9995534
859,RBM8A,0.9996563
860,HNRNPUL1,0.99291134
861,FOXP1,0.9996497
862,PTPRF,0.99937135
863,CORO1C,0.9932991
864,CAST,0.9994337
865,OGT,0.99941444
866,PRMT2,0.99747694
867,IL4R,0.99946725
868,EIF3G,0.9977266
869,FASTK,0.999685
870,SIK3,0.9994977
871,SLC38A2,0.9989845
872,MYL12A,0.998772
873,EGR1,0.99688464
874,BRD2,0.9989201
875,SELENOP,0.997355
876,PYGB,0.99942076
877,VAT1,0.99925554
878,ATP1A1,0.9997285
879,DNAJB6,0.99965096
880,NDUFB9,0.997793
881,AARS,0.99797904
882,PTPRA,0.99963
883,PNN,0.99947673
884,DDIT4,0.99981767
885,BRD4,0.99930924
886,TNFRSF12A,0.9994159
887,EIF3M,0.99957955
888,ADH5,0.9986309
889,ANKRD10,0.99901295
890,DBNL,0.9993843
891,LMAN2,0.99826604
892,OPTN,0.9995591
893,CKB,0.99718887
894,DBI,0.9998182
895,AHNAK,0.9992582
896,SCPEP1,0.999683
897,SEC61G,0.9996891
898,CFLAR,0.9979534
899,TNFAIP2,0.9997309
900,TSR3,0.9984317
901,RCN2,0.9998848
902,REX1BD,0.99675024
903,YPEL5,0.9983137
904,GPAA1,0.99877596
905,CENPB,0.9995197
906,TTC3,0.99857587
907,HCFC1R1,0.9958173
908,POLR1D,0.9965435
909,VDAC2,0.99979705
910,PRDX4,0.9991517
911,ARFGAP1,0.99964845
912,ZNF358,0.99953127
913,FBLIM1,0.99926263
914,MVP,0.99948376
915,LSM14A,0.99936754
916,ZNF207,0.9983214
917,FSCN1,0.9985877
918,CSTB,0.9996201
919,SERPINB6,0.9982792
920,TMEM258,0.9986889
921,DDR1,0.99970543
922,RING1,0.9977106
923,PNRC2,0.99982244
924,SUMO3,0.99949586
925,RAB11A,0.9996586
926,CYBC1,0.9984946
927,HLA-F,0.99832994
928,CSNK1D,0.999211
929,PIM1,0.9992181
930,NNMT,0.99963367
931,PIN1,0.9995121
932,GSTO1,0.9992987
933,TIMP1,0.99928457
934,YIPF3,0.99978656
935,AFDN,0.99953794
936,COMMD6,0.99932826
937,ABHD12,0.9986498
938,SSR1,0.9989265
939,ATP6V0E1,0.9991786
940,FBLN1,0.9985539
941,MIB2,0.9997802
942,CLPTM1,0.9994894
943,PALLD,0.99880856
944,SLC1A5,0.9969921
945,TGOLN2,0.9994216
946,TNFRSF1A,0.9986736
947,DAZAP2,0.99632084
948,ARF4,0.9991306
949,PLS3,0.9992715
950,FNDC3B,0.99945724
951,IER2,0.9973897
952,EIF3I,0.9994248
953,NDUFB2,0.99921626
954,BHLHE40,0.99896896
955,DNAJB1,0.9995589
956,DDX24,0.99839085
957,ANAPC11,0.999352
958,SUPT5H,0.99928063
959,PLTP,0.9933834
960,NDFIP1,0.9983134
961,SAMD4B,0.99908143
962,POLR2F,0.9992552
963,BSG,0.9994813
964,MPRIP,0.99883205
965,MCM7,0.9994892
966,MFSD10,0.99977016
967,TALDO1,0.99288654
968,PPP1CC,0.99965525
969,GAK,0.9978013
970,DUSP1,0.9984976
971,ANKLE2,0.99972993
972,CPNE1,0.9998018
973,CLTC,0.99887383
974,MAPK1IP1L,0.99878633
975,PML,0.9896971
976,VEGFB,0.99968463
977,PFN1,0.99908715
978,MAP4,0.995721
979,CYTH2,0.99866945
980,RBM6,0.9985796
981,SPTAN1,0.9994036
982,PTPA,0.9992388
983,AKAP13,0.99656516
984,DNAJA1,0.99952585
985,RBX1,0.99975425
986,RAB1B,0.99936426
987,INPPL1,0.9990924
988,RGL2,0.9996945
989,RNPS1,0.9994448
990,PLXND1,0.99959123
991,QARS,0.99718654
992,NFKBIA,0.9982662
993,TBCD,0.9991711
994,NR4A1,0.9891513
995,RHOB,0.99946535
996,SF3B5,0.9994585
997,IGFBP5,0.9967257
998,TMEM214,0.999773
999,PATJ,0.9998514
1000,IFI27,0.99971616
1001,MYDGF,0.9990053
1002,ATP6AP1,0.99686545
1003,CTSH,0.99943465
1004,ITGAV,0.99981767
1005,G3BP2,0.99585736
1006,CAPG,0.99966544
1007,RAB5A,0.99911386
1008,TRAM1,0.9991574
1009,WNK1,0.9990853
1010,RAPGEF1,0.99948204
1011,ICAM1,0.9996044
1012,PTP4A3,0.99954283
1013,FAM120A,0.9989637
1014,AGAP3,0.99912393
1015,UBA1,0.9986801
1016,FAAP100,0.9997503
1017,ST5,0.9995516
1018,PNISR,0.99973106
1019,PPP4C,0.9991639
1020,CHTOP,0.99680156
1021,SMARCC1,0.9995661
1022,R3HDM4,0.99890345
1023,ERO1A,0.9997876
1024,AKR1A1,0.99775964
1025,PABPC4,0.9976441
1026,ANKRD13D,0.9997765
1027,MXRA7,0.998131
1028,TMEM50A,0.9986973
1029,NELFE,0.99941397
1030,GADD45A,0.9993188
1031,A2M,0.999424
1032,WAC,0.99568665
1033,TXLNA,0.99694026
1034,ATP5PD,0.9996015
1035,NHP2,0.9989456
1036,PDCD5,0.99926347
1037,ATOX1,0.9979023
1038,MDH2,0.99924695
1039,CYHR1,0.9987942
1040,UBE2G2,0.99930143
1041,APOL1,0.99973375
1042,TMED10,0.99841607
1043,ATP6V0B,0.9991015
1044,SMTN,0.99962044
1045,SLC39A1,0.998196
1046,CAPZA2,0.9988357
1047,LAP3,0.9996931
1048,LSM7,0.9995245
1049,SRM,0.99696237
1050,LSM4,0.99961025
1051,ARAP1,0.99940526
1052,SPSB3,0.99902076
1053,CSNK1G2,0.9993576
1054,TGFB1,0.9989542
1055,ATL3,0.998462
1056,SH3PXD2A,0.9901881
1057,LGMN,0.99753064
1058,CLTB,0.9997366
1059,LSR,0.99958575
1060,MXRA8,0.9997171
1061,ARRDC3,0.99933624
1062,SULF2,0.9996151
1063,PRSS23,0.9994664
1064,GSTK1,0.9989325
1065,B4GALT1,0.99935836
1066,MDK,0.99930346
1067,UBTF,0.999428
1068,C1orf122,0.9982438
1069,NDUFV2,0.9983036
1070,COPG1,0.9997319
1071,RBFOX2,0.9997796
1072,COPS6,0.9987416
1073,RERE,0.9988588
1074,FKBP9,0.9994334
1075,ASPH,0.99819964
1076,COPA,0.98726714
1077,RAB13,0.9980715
1078,ADAM15,0.99855024
1079,SNRPD1,0.9994507
1080,CDC25B,0.99913996
1081,SCARB2,0.9967244
1082,NOP53,0.9940773
1083,HMG20B,0.9968788
1084,PLEKHO1,0.99948883
1085,AKT2,0.9986246
1086,S100A4,0.9994157
1087,RBCK1,0.99902135
1088,ARPC5L,0.99985445
1089,TNK2,0.9997921
1090,AGRN,0.9995098
1091,FAM89B,0.9985922
1092,RBM42,0.99940425
1093,ATP6AP2,0.99918187
1094,LUC7L,0.99943054
1095,CKAP4,0.9984189
1096,PSMB5,0.9978069
1097,SRSF6,0.9995464
1098,MBNL2,0.99876463
1099,LAMB2,0.9955041
1100,PRR13,0.9941839
1101,PRPF6,0.99929047
1102,TRABD,0.9997223
1103,UBA2,0.9993583
1104,PCOLCE,0.9986857
1105,TNFRSF14,0.9995391
1106,PAM,0.9991449
1107,RAB18,0.9995449
1108,SF3B6,0.9996769
1109,SLC16A3,0.9994508
1110,PRPF8,0.9984538
1111,DPP9,0.9993194
1112,SKIL,0.9990212
1113,CHCHD1,0.998189
1114,SVIL,0.99775773
1115,TFRC,0.9993874
1116,PCED1A,0.9993185
1117,CPSF6,0.9989835
1118,LAPTM4A,0.9998142
1119,GTF3C1,0.9992614
1120,VAMP5,0.9988551
1121,MYO9B,0.9992016
1122,TXNDC5,0.99948823
1123,PIEZO1,0.9996015
1124,PPP2R5C,0.9990016
1125,CDK4,0.99854726
1126,CCDC80,0.998995
1127,UBE2B,0.99916995
1128,SMG1,0.9990137
1129,TFG,0.99928284
1130,VPS29,0.9979461
1131,STK11,0.9993458
1132,GM2A,0.9995597
1133,ADD1,0.9990365
1134,DDAH2,0.9994891
1135,ATP5PB,0.999399
1136,TSC22D1,0.9966997
1137,SGK1,0.99869967
1138,HTRA1,0.999553
1139,KIAA0930,0.9991644
1140,SCRIB,0.99944293
1141,TAX1BP1,0.98029584
1142,RTRAF,0.9991945
1143,BTF3,0.9975587
1144,RTL8C,0.99941635
1145,MFSD12,0.9996646
1146,PUF60,0.99813575
1147,INTS1,0.9993165
1148,PFKL,0.99943054
1149,LAMA5,0.9977046
1150,TGM2,0.99949676
1151,TGIF1,0.9995359
1152,PSMB8,0.998536
1153,ISCU,0.9991771
1154,SUN1,0.9879092
1155,EIF5,0.9979681
1156,ELL2,0.9995106
1157,TRA2A,0.9967247
1158,NISCH,0.9994609
1159,C19orf48,0.9994753
1160,ILF2,0.9985138
1161,ATG4B,0.9995192
1162,EML3,0.9991519
1163,VPS4A,0.9995204
1164,FDPS,0.99953586
1165,FAM193B,0.99981356
1166,PPP1R9B,0.9987892
1167,NFKB2,0.99811745
1168,CUX1,0.99740124
1169,SAP30BP,0.9989422
1170,OCIAD1,0.9994095
1171,NUBP2,0.9994491
1172,RAP1A,0.99807084
1173,GALNT2,0.9990002
1174,TCEAL4,0.9978712
1175,HRAS,0.99972975
1176,FXYD5,0.9988991
1177,PSMC4,0.99845743
1178,ADAM9,0.99862397
1179,RHBDD2,0.9994215
1180,IGFBP7,0.99684316
1181,IGFBP3,0.99932444
1182,ST13,0.9977083
1183,MTPN,0.9991418
1184,CBX6,0.9994609
1185,EMP3,0.99888754
1186,PGRMC2,0.9990598
1187,DAD1,0.99871844
1188,B4GALT2,0.9993067
1189,ANXA2,0.99817735
1190,SLTM,0.9998118
1191,GABARAP,0.9981836
1192,ZNF609,0.9986528
1193,CNDP2,0.9994882
1194,AUP1,0.9976527
1195,KTN1,0.999627
1196,VASP,0.9987812
1197,LRRC59,0.9993574
1198,KCTD12,0.99919194
1199,MKNK2,0.99956626
1200,KIF5B,0.99877816
1201,PGGHG,0.9997856
1202,CHMP1A,0.9963417
1203,VDAC3,0.99939984
1204,RHOG,0.9996673
1205,SDHA,0.99719316
1206,NDUFA1,0.9992344
1207,MED25,0.99958086
1208,C11orf58,0.9979476
1209,TCP1,0.9990988
1210,CHMP5,0.9989246
1211,DUS1L,0.999329
1212,H1F0,0.9998387
1213,CCDC124,0.9991869
1214,PPP1R18,0.99842846
1215,DUT,0.9987669
1216,TSTA3,0.9995612
1217,CLCN7,0.99911344
1218,KARS,0.9995062
1219,EIF2B5,0.99825317
1220,CLK1,0.9997447
1221,IDH3G,0.9977299
1222,SERF2,0.9979213
1223,IDH2,0.99896544
1224,FAM20C,0.99956113
1225,MFSD1,0.99455774
1226,UBE2H,0.9989768
1227,IKBKB,0.9994875
1228,DCTN2,0.99753654
1229,BAD,0.99939936
1230,DDX56,0.99834096
1231,MIEN1,0.99952424
1232,PSMF1,0.99895084
1233,PNRC1,0.9991867
1234,PRKCSH,0.9985803
1235,PPP6R1,0.9989337
1236,CDC42SE1,0.9994072
1237,EMD,0.9960059
1238,MICAL2,0.99795306
1239,CSE1L,0.9990633
1240,DPYSL3,0.999341
1241,USP7,0.9989192
1242,SIGIRR,0.9993895
1243,WBP2,0.998495
1244,CSK,0.9991622
1245,DMPK,0.9996217
1246,FAM102A,0.9984318
1247,IRF1,0.9996945
1248,CAVIN3,0.99933386
1249,CD14,0.99889976
1250,PAFAH1B1,0.997825
1251,NDUFS2,0.998312
1252,FAM3C,0.9988306
1253,MAPK8IP3,0.9995843
1254,SCAF11,0.99939644
1255,COPB2,0.9995386
1256,KLC1,0.99914277
1257,DYNC1LI2,0.9989886
1258,CELF1,0.9990225
1259,PICALM,0.9992584
1260,ANXA1,0.9994749
1261,UBA52,0.9981996
1262,TSPAN3,0.99629915
1263,ARAF,0.9996446
1264,SPCS1,0.9964365
1265,DDB1,0.9979251
1266,ANXA6,0.99975634
1267,ERGIC1,0.9989236
1268,SUPT6H,0.99915045
1269,YWHAE,0.9985798
1270,YY1,0.99912775
1271,PTK2,0.9992512
1272,SDF2L1,0.99887884
1273,MMADHC,0.9993207
1274,DVL3,0.9980013
1275,SSBP3,0.99820054
1276,GOLGA3,0.9992636
1277,FURIN,0.99979705
1278,CCDC12,0.9973507
1279,TGFB1I1,0.9998368
1280,FARP1,0.9996606
1281,COMMD4,0.9973836
1282,COX7B,0.9976718
1283,EMC4,0.9968157
1284,CENPT,0.9996753
1285,GNA11,0.99960154
1286,CTSK,0.9981421
1287,MYLK,0.9989583
1288,GBP2,0.9969014
1289,ACAP3,0.9986757
1290,DDT,0.9946378
1291,ABHD2,0.9994362
1292,RCC2,0.9996749
1293,THRAP3,0.9993763
1294,MLLT6,0.9991751
1295,PARP14,0.99961597
1296,GPS1,0.99887216
1297,UBE2L6,0.99962914
1298,ITGB5,0.9983786
1299,YIF1A,0.9995117
1300,COX5A,0.99505985
1301,NARS,0.9990961
1302,ACTR1A,0.9996659
1303,TAF15,0.9987013
1304,TSPAN4,0.99985504
1305,POLR2A,0.9993141
1306,KHSRP,0.9993963
1307,PKIG,0.9985255
1308,LIMS2,0.999304
1309,TYK2,0.99933004
1310,DEPP1,0.99963903
1311,RSL1D1,0.9986842
1312,TMBIM1,0.99911755
1313,TMEM147,0.9931251
1314,CHID1,0.9956128
1315,SLC39A13,0.9984683
1316,CNPY3,0.99936265
1317,CUL4A,0.99948466
1318,RCN3,0.99954814
1319,DAG1,0.9988311
1320,WDR26,0.9985405
1321,NFIC,0.9997755
1322,FUBP1,0.99934494
1323,FAM3A,0.99880105
1324,MFSD14B,0.99908704
1325,HUWE1,0.99910325
1326,BUB3,0.9993626
1327,RELL1,0.9991959
1328,URI1,0.9998228
1329,USP36,0.99865854
1330,CTTN,0.9990152
1331,GREM1,0.9995632
1332,PDS5A,0.998987
1333,ADNP,0.99956334
1334,PACS2,0.99979556
1335,SH3GLB1,0.9996521
1336,PRELID3B,0.9987111
1337,NDUFAF3,0.9988276
1338,ATP2B4,0.99873954
1339,THBS1,0.99798584
1340,RAB10,0.99968827
1341,DDX23,0.9993124
1342,METRNL,0.99984485
1343,GCN1,0.99964267
1344,SNU13,0.99926317
1345,TSC22D3,0.99972296
1346,IVNS1ABP,0.9995901
1347,SLC4A2,0.99908066
1348,CASC3,0.9995559
1349,FNBP1,0.9992627
1350,PXN,0.99890196
1351,RNF149,0.9992193
1352,SPTBN1,0.9984993
1353,ESYT1,0.9956355
1354,TM9SF2,0.99929523
1355,SCYL1,0.9989727
1356,USP34,0.99920464
1357,MGAT4B,0.9990007
1358,TRAP1,0.9991121
1359,FOSL2,0.99760675
1360,PAPOLA,0.9978407
1361,DHX15,0.99811614
1362,NELFB,0.9994156
1363,TMEM109,0.9962937
1364,COQ4,0.9995097
1365,ACLY,0.9987795
1366,LPP,0.999627
1367,HES4,0.9996646
1368,RAB11B,0.9991363
1369,HSPA9,0.99865866
1370,NDRG1,0.9997219
1371,PARP10,0.99972516
1372,PI4KA,0.9992733
1373,MT1E,0.9991478
1374,NFE2L2,0.9991435
1375,ENO2,0.9995511
1376,SERPINF1,0.9989864
1377,ACOT7,0.9995518
1378,SERPING1,0.9995529
1379,WDR13,0.99905396
1380,SDCBP,0.99885386
1381,HEXB,0.9995335
1382,MLXIP,0.9992353
1383,HK1,0.99737704
1384,TBCB,0.9962923
1385,CHCHD10,0.99940777
1386,ASXL1,0.9994186
1387,UBALD2,0.9990681
1388,ENAH,0.9960715
1389,CYB5R1,0.99974936
1390,CCT2,0.99917257
1391,SHKBP1,0.99948424
1392,AAMP,0.99845326
1393,DNMT1,0.9997263
1394,SH3BGRL,0.99870366
1395,BTBD2,0.99889773
1396,SSNA1,0.9983238
1397,EPAS1,0.9989319
1398,SRP9,0.9965706
1399,U2AF2,0.9995726
1400,LAMA4,0.9991142
1401,BRMS1,0.99919605
1402,MRC2,0.99954766
1403,DENR,0.9995877
1404,DHRS3,0.99898225
1405,TNKS1BP1,0.99921167
1406,IGHG3,0.9991466
1407,GLYR1,0.9989506
1408,MAP3K11,0.9997327
1409,SSBP1,0.9995596
1410,YTHDC1,0.9996931
1411,SEC31A,0.99952966
1412,TMEM184B,0.99957883
1413,NUTF2,0.99882877
1414,UBE2Z,0.99963856
1415,AMOTL1,0.9982793
1416,PGD,0.9989955
1417,PRKD2,0.9996349
1418,EIF3D,0.9992229
1419,TRIP12,0.9990759
1420,UBE2R2,0.9980432
1421,ANAPC5,0.9995443
1422,CCT8,0.9989672
1423,GSK3A,0.99925995
1424,DNAJB2,0.9980463
1425,GSTP1,0.99927694
1426,PBXIP1,0.99945086
1427,KIFC2,0.99965495
1428,RANBP2,0.9996355
1429,ANO6,0.9996613
1430,SNX17,0.99711406
1431,PSMB9,0.9993073
1432,MBTPS1,0.9998107
1433,KXD1,0.9983613
1434,SOCS3,0.9985665
1435,C6orf62,0.9994639
1436,DPYSL2,0.9990363
1437,CTSC,0.99853915
1438,COL12A1,0.999187
1439,EI24,0.9995686
1440,NOP10,0.99961185
1441,TRIP6,0.99835205
1442,POLR2H,0.999036
1443,EHD1,0.99965894
1444,ECI1,0.9985887
1445,KIF1C,0.99341595
1446,FXYD3,0.9994006
1447,SEC22B,0.999135
1448,NAA38,0.99870527
1449,DIDO1,0.9997379
1450,BECN1,0.9982966
1451,IFI6,0.99949896
1452,LUC7L2,0.9995667
1453,HDAC7,0.99951494
1454,LAMC1,0.99656534
1455,SLMAP,0.9991206
1456,SORBS3,0.9989964
1457,MOV10,0.99969405
1458,CDC34,0.99953926
1459,ANXA7,0.99710906
1460,RASSF1,0.99938554
1461,MARK3,0.99904984
1462,TRAPPC2L,0.9987483
1463,SORBS1,0.9993985
1464,CAV1,0.99933416
1465,RAB21,0.9991555
1466,PIM3,0.999379
1467,ARHGDIB,0.9995419
1468,PUM1,0.99951255
1469,SAFB,0.9993229
1470,PDLIM3,0.9990637
1471,ITGB2,0.9996381
1472,SNX6,0.9991555
1473,CTHRC1,0.99961185
1474,ABI1,0.9896719
1475,UNC93B1,0.9993601
1476,NAB1,0.99874955
1477,COL7A1,0.9996497
1478,TAX1BP3,0.9971531
1479,ADI1,0.99898565
1480,WDR45B,0.99842453
1481,RNF167,0.9989378
1482,PTPN12,0.9994731
1483,AHSA1,0.9991245
1484,TERF2IP,0.99969447
1485,TES,0.9946297
1486,SMPD4,0.999426
1487,FXR1,0.9994832
1488,DCAF8,0.999362
1489,RNF10,0.9987928
1490,FLII,0.99879026
1491,AMBRA1,0.99953663
1492,ULK1,0.99928606
1493,ATRAID,0.9968778
1494,NDUFA10,0.99930334
1495,STRAP,0.99731874
1496,BCAR1,0.9986194
1497,SELENOF,0.9982951
1498,CIB1,0.99828017
1499,SELENOO,0.9983551
1500,SUMF2,0.99924934
1501,CMTM6,0.9973138
1502,SLIRP,0.9997387
1503,UFC1,0.99829257
1504,PTOV1,0.9989336
1505,TMEM208,0.99952066
1506,S100A16,0.99611247
1507,CHMP3,0.99609965
1508,VMP1,0.99932706
1509,POLR2B,0.9988664
1510,NSMF,0.9989093
1511,ADARB1,0.9983528
1512,ZNF428,0.9984846
1513,DDX6,0.9997144
1514,NT5DC2,0.99928534
1515,AZIN1,0.9994073
1516,ANTXR1,0.9994262
1517,STAB1,0.99926835
1518,TIMM8B,0.9989189
1519,GNAI3,0.9995219
1520,IMPAD1,0.9992193
1521,MVD,0.9993312
1522,ATP6V0A1,0.9997217
1523,OXA1L,0.9991891
1524,TIMMDC1,0.99934375
1525,CD276,0.99875146
1526,TNS1,0.9994559
1527,ECM1,0.9990589
1528,ENTPD6,0.9996713
1529,LPCAT1,0.9996374
1530,C6orf89,0.9973033
1531,ZMAT2,0.9991418
1532,CLU,0.9984679
1533,GOLGB1,0.99941206
1534,POLR2I,0.9966488
1535,PGRMC1,0.9993025
1536,C1orf43,0.9968003
1537,MSL1,0.99922085
1538,UQCC3,0.9995861
1539,PPP2CB,0.99657965
1540,TM2D1,0.9995227
1541,MANBAL,0.99861497
1542,KDM2A,0.9995266
1543,PCSK7,0.9989549
1544,GRSF1,0.999261
1545,MOGS,0.9985689
1546,CMIP,0.9995329
1547,POMP,0.99584025
1548,EIF4E2,0.99962634
1549,AFF1,0.9994386
1550,LEMD2,0.99955434
1551,UBE2E3,0.99910945
1552,FPGS,0.9998496
1553,DAP,0.9993248
1554,CREB3,0.99787414
1555,DDX39A,0.9984579
1556,DHX30,0.9990679
1557,GPAT4,0.9995381
1558,MDM2,0.99627924
1559,ATP6V1E1,0.9988521
1560,TIMM17B,0.99827003
1561,ARIH2,0.9994248
1562,ALYREF,0.9985552
1563,ATP5MPL,0.9972693
1564,LAMP2,0.99838054
1565,MAN1B1,0.9981438
1566,XPO6,0.9994882
1567,EMP1,0.9993723
1568,MPG,0.99945116
1569,RNF40,0.9996403
1570,SFRP2,0.99787915
1571,TBC1D9B,0.9990651
1572,HEBP2,0.9985342
1573,OTUD5,0.9995618
1574,TMEM230,0.99902475
1575,DDRGK1,0.99957097
1576,GTF3C5,0.99962646
1577,TUBA4A,0.99946994
1578,AP2A2,0.99933636
1579,PQBP1,0.9991395
1580,NOP58,0.9982914
1581,SMG5,0.9994071
1582,ITPR3,0.99764633
1583,ARL4C,0.99938774
1584,PTBP3,0.9995507
1585,FBXL5,0.9990929
1586,UQCRC2,0.99789524
1587,CUEDC2,0.99751395
1588,CD47,0.9996568
1589,MBD2,0.99679565
1590,DNAJC5,0.9993545
1591,SGTA,0.99950093
1592,CLIP1,0.98357266
1593,LSM5,0.99951285
1594,ARL6IP5,0.9945939
1595,CYB5B,0.9997983
1596,GATAD2A,0.99927825
1597,CDC123,0.999675
1598,NECTIN2,0.99915886
1599,CDC16,0.9988182
1600,UBXN1,0.9980437
1601,SRSF4,0.99885416
1602,RAB2A,0.9975848
1603,RCN1,0.9993528
1604,GIT1,0.99943525
1605,ARMC9,0.99924135
1606,HTT,0.99880964
1607,KPNA4,0.99833
1608,XPO1,0.998888
1609,DVL1,0.9994601
1610,GID8,0.99966776
1611,PFKFB3,0.99871886
1612,KMT2B,0.9996742
1613,CBFB,0.9996141
1614,SLC38A1,0.99859893
1615,STAT3,0.9963991
1616,SLC35C2,0.999534
1617,HDAC1,0.99965477
1618,PRKACA,0.9987464
1619,NDUFA3,0.9968225
1620,PGLS,0.9986822
1621,TOP2B,0.99850476
1622,NCOA7,0.9991082
1623,PPP1R15A,0.9986162
1624,PLAUR,0.9994439
1625,TIAL1,0.9993199
1626,SCP2,0.9968511
1627,PITPNA,0.99943924
1628,RNF145,0.9977211
1629,CREBZF,0.9996389
1630,EDEM1,0.99955857
1631,KPNA2,0.9988476
1632,MYO1C,0.99914104
1633,NME4,0.9997878
1634,WIPI2,0.99888754
1635,POLDIP2,0.99967337
1636,STT3B,0.99970376
1637,WSB2,0.9993993
1638,NSA2,0.9990304
1639,NET1,0.9993118
1640,TNFSF10,0.9995853
1641,PTEN,0.99912107
1642,SIPA1,0.99967515
1643,HLA-C,0.997038
1644,UBQLN1,0.9995624
1645,SMARCD2,0.99948275
1646,IP6K2,0.9996187
1647,SUCLG1,0.99919623
1648,PTK7,0.99957436
1649,HIPK3,0.99932796
1650,YY1AP1,0.9995414
1651,SNX1,0.9992453
1652,CNOT1,0.99788696
1653,MCM3,0.99973965
1654,YME1L1,0.9993521
1655,TAOK1,0.9993051
1656,SUPT16H,0.99923337
1657,PHC2,0.9992053
1658,GPR107,0.99963427
1659,ADIRF,0.9975877
1660,GRB2,0.99883145
1661,PMEPA1,0.99769056
1662,ZMPSTE24,0.9995039
1663,TRIO,0.9993774
1664,STXBP2,0.99978447
1665,PCNA,0.99970245
1666,INO80E,0.99937373
1667,GRIPAP1,0.9997488
1668,MAMDC2,0.9994944
1669,MARCKSL1,0.9993042
1670,MAN2C1,0.9995527
1671,ICMT,0.9983233
1672,DDX41,0.9997646
1673,MIDN,0.998411
1674,MLLT1,0.9995632
1675,GBP1,0.99949086
1676,TRIM8,0.9990309
1677,RAB14,0.9982155
1678,SLC44A1,0.9978472
1679,CANT1,0.9994977
1680,RBM38,0.99932826
1681,IPO5,0.9992008
1682,NDUFS7,0.9995289
1683,FEM1B,0.99938935
1684,NPLOC4,0.9961524
1685,TRAF7,0.9986288
1686,BLCAP,0.99924594
1687,PSMB6,0.99954844
1688,MAPRE1,0.9995743
1689,KANK2,0.99860513
1690,TMX1,0.9996579
1691,DR1,0.9986641
1692,UBE2D2,0.9982389
1693,OAZ2,0.99703187
1694,LRRFIP1,0.99904764
1695,UROD,0.9992439
1696,ATP2C1,0.99958783
1697,AQP1,0.9967553
1698,ARFRP1,0.99981165
1699,BCLAF1,0.99829084
1700,PACSIN2,0.9997746
1701,SYMPK,0.9991293
1702,ZBTB7A,0.99931765
1703,RNF19B,0.9991649
1704,PACS1,0.99775267
1705,IFNAR1,0.99957114
1706,TMUB2,0.99952155
1707,ACO2,0.99916
1708,ACACA,0.9997581
1709,CD55,0.99940646
1710,NT5C,0.99915063
1711,FARSA,0.9995719
1712,AMDHD2,0.9992536
1713,INO80D,0.9995675
1714,ADIPOR1,0.99914014
1715,FAAP20,0.9994377
1716,SCAF1,0.9996235
1717,CGGBP1,0.9993447
1718,BCL3,0.9993208
1719,NRP2,0.9997126
1720,TAGLN2,0.9971916
1721,ECHS1,0.99692583
1722,PJA2,0.99965
1723,CCS,0.99955195
1724,TMPO,0.9993501
1725,FKBP3,0.9991708
1726,VGLL4,0.9983762
1727,ATXN10,0.9990503
1728,GAA,0.9957615
1729,SAMHD1,0.9990528
1730,ELOF1,0.9988958
1731,TNC,0.9969672
1732,OGDH,0.9988306
1733,CD46,0.9992362
1734,NDUFB6,0.9979666
1735,MROH1,0.99970704
1736,PSMD7,0.9974701
1737,ARFGAP2,0.9993674
1738,GLS,0.9995796
1739,ITFG1,0.99851066
1740,ACSL3,0.9989605
1741,MDM4,0.9993048
1742,ATP5MC3,0.9995157
1743,METAP2,0.9988426
1744,PTPN23,0.99934894
1745,SAE1,0.99891436
1746,SRSF10,0.9992878
1747,CDK10,0.999129
1748,SEC13,0.9992007
1749,KCMF1,0.99957097
1750,SEC11C,0.9986847
1751,PURB,0.9996306
1752,PPFIBP1,0.9992608
1753,SREBF2,0.9995035
1754,CORO1B,0.99763983
1755,NR2F6,0.99871475
1756,DDX42,0.9998354
1757,RBPJ,0.9984824
1758,MMP11,0.9988346
1759,YIF1B,0.9989096
1760,KRT10,0.99980134
1761,STT3A,0.9997141
1762,CAPRIN1,0.998546
1763,INAFM1,0.9994259
1764,STAU1,0.9980315
1765,SYPL1,0.998808
1766,MEAF6,0.99920213
1767,NINJ1,0.99879444
1768,ODC1,0.998104
1769,PSMG2,0.99929297
1770,NMRAL1,0.9987667
1771,MED16,0.99854946
1772,GHITM,0.9986246
1773,AGO2,0.99950826
1774,RABGAP1L,0.99871606
1775,IKBKG,0.9994979
1776,PTGES2,0.99912643
1777,HSPH1,0.99932754
1778,SHMT2,0.9988128
1779,IFI44,0.99963534
1780,CD2BP2,0.9989249
1781,CAMK2N1,0.9936166
1782,TSPYL1,0.99923307
1783,UBE2Q1,0.9991083
1784,PLEKHA7,0.99627894
1785,OSER1,0.99963367
1786,PHLDB1,0.99893486
1787,MAGED1,0.99506587
1788,ACTR1B,0.9988699
1789,ETFB,0.9968136
1790,TUBGCP6,0.9996436
1791,CD9,0.99908334
1792,SRP68,0.9983667
1793,ATP6V1B2,0.99953556
1794,TINAGL1,0.9992312
1795,RBBP6,0.9994012
1796,CDIPT,0.99899304
1797,TMEM248,0.99868155
1798,WDR82,0.9970094
1799,PXDN,0.99947405
1800,PLEKHM2,0.99657166
1801,MED24,0.99913675
1802,MDH1,0.99880826
1803,GGA1,0.99961364
1804,ODF3B,0.9994485
1805,NKTR,0.9996306
1806,C11orf96,0.9989974
1807,FOXN3,0.99891365
1808,CARHSP1,0.9992469
1809,UPF1,0.99882287
1810,METTL9,0.9991379
1811,BNIP2,0.9985256
1812,SCD,0.9994887
1813,TMEM9,0.9990028
1814,PPP6R2,0.9993552
1815,KIF1B,0.9989306
1816,ACTG2,0.9989478
1817,TRPC4AP,0.9988855
1818,ECHDC2,0.999523
1819,RAB31,0.9988921
1820,PCID2,0.9987415
1821,TM4SF1,0.999767
1822,ANP32E,0.9985448
1823,QKI,0.9995473
1824,RBM15B,0.99978006
1825,TMEM173,0.99884367
1826,BMP1,0.9994402
1827,LRRC47,0.9989656
1828,GBF1,0.99826515
1829,NFYC,0.9970609
1830,TMOD3,0.99863607
1831,CPSF7,0.999313
1832,TBRG4,0.99816686
1833,GSPT1,0.99957407
1834,TXN2,0.99961776
1835,UGDH,0.99924403
1836,MINK1,0.9987236
1837,CBX3,0.9995209
1838,FLNA,0.99859667
1839,IL6ST,0.9991245
1840,RALBP1,0.998792
1841,DYNC1I2,0.9995805
1842,SSRP1,0.99702156
1843,ST14,0.99941957
1844,ARID1A,0.99926025
1845,TRAK1,0.99913085
1846,MANF,0.9992019
1847,SMAP2,0.9995006
1848,RNF126,0.9995456
1849,ID2,0.9994022
1850,CRTAP,0.9988836
1851,TSPAN14,0.99626255
1852,TRIM26,0.9997269
1853,ACIN1,0.99971926
1854,DNAJC8,0.9954921
1855,PSMD11,0.9990708
1856,NADSYN1,0.9994942
1857,PDCD6IP,0.9987253
1858,NLRC5,0.9987871
1859,N4BP2L2,0.9989716
1860,SLC29A1,0.99944973
1861,PDCD4,0.99967843
1862,PTPN1,0.9988576
1863,B4GALT5,0.99528825
1864,SPARCL1,0.99830246
1865,CBX5,0.99928963
1866,NAGK,0.9996805
1867,MAP1B,0.99613696
1868,MEA1,0.99923116
1869,MED13L,0.9992968
1870,RRAS,0.9995524
1871,STX10,0.9995891
1872,HAGH,0.9985984
1873,MAX,0.9994157
1874,SEC63,0.9981578
1875,COA3,0.9989687
1876,ARHGEF1,0.99940145
1877,PIP5K1C,0.9994461
1878,FTH1,0.9993337
1879,UBAP2L,0.9992391
1880,ARIH1,0.9995085
1881,DDX54,0.9995224
1882,ORMDL3,0.99912274
1883,SKI,0.9990673
1884,GRHPR,0.9969274
1885,PRPF4B,0.99901736
1886,RFNG,0.99910927
1887,CERCAM,0.9991189
1888,RALA,0.9978813
1889,CTSL,0.9993898
1890,UBQLN4,0.999699
1891,ADAM19,0.9995524
1892,SLC25A28,0.9978229
1893,MFN2,0.9996837
1894,PITPNB,0.9939706
1895,TESK1,0.9986954
1896,YIPF4,0.9991044
1897,YARS,0.9991641
1898,PUM2,0.9995969
1899,COMT,0.99946845
1900,SREBF1,0.997069
1901,CCND3,0.9991722
1902,S100A6,0.99852926
1903,ATP13A3,0.99928963
1904,CCM2,0.99883205
1905,ELAVL1,0.99950475
1906,FAM32A,0.9996902
1907,COA4,0.9992631
1908,PITPNM1,0.99986804
1909,NBR1,0.9981578
1910,GRAMD1A,0.9990188
1911,ATXN2L,0.99686146
1912,MEF2A,0.99884987
1913,AHCYL1,0.99904126
1914,NCLN,0.99930876
1915,SEL1L,0.9984978
1916,MAVS,0.998985
1917,FDFT1,0.99936754
1918,PSMD3,0.9986547
1919,RSRC2,0.9931022
1920,SEC16A,0.9990325
1921,FSTL3,0.9996397
1922,NARF,0.9990816
1923,TPRA1,0.9993254
1924,ZMIZ1,0.9995613
1925,MAF,0.9969794
1926,CARS2,0.99841964
1927,CASK,0.9995195
1928,POLD4,0.9965595
1929,HCFC1,0.99976367
1930,ARHGEF2,0.9991293
1931,GLRX5,0.99867404
1932,MGST1,0.99932516
1933,HERPUD1,0.9994739
1934,ANKRD13A,0.99762326
1935,LARP4B,0.99951726
1936,BUD23,0.99970114
1937,HARS,0.999603
1938,EIF4B,0.99853486
1939,DCAF7,0.99953926
1940,MAP2K3,0.99939936
1941,PLXDC2,0.9993585
1942,CDC42EP1,0.9992231
1943,NXN,0.9963638
1944,TACC1,0.9993721
1945,HDAC5,0.99516135
1946,PNKD,0.9988133
1947,DDOST,0.99954116
1948,SLC20A1,0.9992646
1949,BICD2,0.9996435
1950,GJA1,0.99793303
1951,TPR,0.9994653
1952,THOC2,0.9995459
1953,NR1H2,0.9991461
1954,SRP19,0.999123
1955,UBP1,0.99932367
1956,SIL1,0.9997586
1957,MBD3,0.9996761
1958,SRF,0.99944466
1959,XAF1,0.9976743
1960,PRKDC,0.9996783
1961,PSMD1,0.9992919
1962,NUDT4,0.9930321
1963,SMDT1,0.9979736
1964,WDR34,0.9997674
1965,FBRS,0.99706924
1966,UHRF2,0.9994564
1967,EFTUD2,0.9994364
1968,TAF6,0.9995066
1969,VARS,0.9987901
1970,NDUFS3,0.9994836
1971,TPGS2,0.99929035
1972,SNF8,0.9991037
1973,DEF8,0.9969829
1974,NOTCH2,0.99030674
1975,NAA60,0.9989209
1976,DYNLT1,0.99920446
1977,MYOF,0.9954543
1978,MCRS1,0.99964654
1979,PARD3,0.99895895
1980,TARS,0.9995197
1981,WIPF1,0.9993762
1982,PRPF31,0.9926485
1983,BCAM,0.99923563
1984,SEC62,0.9987434
1985,TCEAL9,0.99945223
1986,UBAC2,0.9994621
1987,CDK16,0.99770534
1988,SRA1,0.9990446
1989,NT5C2,0.99477565
1990,TELO2,0.9993893
1991,BCL6,0.9992865
1992,VPS25,0.9993588
1993,PPP1R10,0.9988136
1994,PPFIA1,0.998387
1995,RNPEP,0.9995924
1996,UBR5,0.9996481
1997,S100A11,0.9986269
1998,ELF3,0.99952316
1999,TMEM245,0.9952589
2000,SCAMP2,0.99460125
2001,PFDN2,0.9991223
2002,ABR,0.999499
2003,UGP2,0.9965946
2004,HYI,0.9984999
2005,USP11,0.9979509
2006,TFDP1,0.9995557
2007,VPS13C,0.9991701
2008,REEP3,0.9987938
2009,MTCH2,0.9982928
2010,GTPBP1,0.99964106
2011,DIAPH1,0.9994938
2012,PPP6R3,0.99905455
2013,KCTD10,0.9992261
2014,EIF4EBP2,0.9991444
2015,GBA,0.99929124
2016,IER5,0.9995309
2017,ZNF598,0.9986596
2018,MCFD2,0.99429417
2019,HSD17B10,0.99965316
2020,ATIC,0.9995719
2021,C3,0.99454993
2022,STOML2,0.999345
2023,DCTN3,0.9987666
2024,SOD3,0.9991579
2025,JAK3,0.99980736
2026,IMPDH2,0.9996176
2027,HADHB,0.9993224
2028,RBBP7,0.9982952
2029,IGFBP6,0.9992646
2030,CNOT3,0.9992054
2031,DOT1L,0.9996666
2032,LONP1,0.9988853
2033,TNPO1,0.99976
2034,SPIN1,0.9990481
2035,PLEKHG2,0.9997776
2036,PTGS1,0.99243414
2037,MIIP,0.9995068
2038,ISLR,0.9995325
2039,CAND1,0.99949723
2040,PITRM1,0.99932563
2041,SMC1A,0.9993
2042,TBC1D10B,0.9996387
2043,FBN1,0.99860704
2044,MXD4,0.99949056
2045,RAD21,0.99896514
2046,TCIM,0.99746275
2047,CDC42BPB,0.9994284
2048,ADRM1,0.99636585
2049,PHLDB2,0.9994949
2050,UPP1,0.99936056
2051,SLBP,0.9979979
2052,CABIN1,0.99945945
2053,HOPX,0.99954164
2054,CRELD2,0.9954325
2055,GNL1,0.99920243
2056,RTCB,0.9986869
2057,CRIM1,0.9986361
2058,YKT6,0.99948406
2059,ITPKC,0.9975683
2060,YIPF2,0.99846315
2061,NECAP2,0.99818575
2062,ASAP2,0.99834776
2063,ETS1,0.9994812
2064,CREG1,0.99840796
2065,STK40,0.99935323
2066,CYTH1,0.9985274
2067,PRKRIP1,0.99916345
2068,GPX3,0.9980416
2069,DAPK1,0.999132
2070,SPHK1,0.999471
2071,SPPL2B,0.99911326
2072,OSBPL9,0.99884367
2073,NCBP2,0.99937296
2074,RASSF4,0.99970466
2075,LTBP4,0.996459
2076,SYVN1,0.9982804
2077,PPP1R12B,0.99808013
2078,ILKAP,0.9995707
2079,MID1IP1,0.99817884
2080,TWF1,0.99870026
2081,MARK2,0.9988639
2082,PNPLA6,0.9985468
2083,GNG5,0.99905646
2084,DCXR,0.99951285
2085,SORT1,0.9987427
2086,SYNE2,0.99820966
2087,ALCAM,0.99888384
2088,GPCPD1,0.9988783
2089,WFS1,0.9977749
2090,EHMT1,0.9991673
2091,RUVBL2,0.99948424
2092,FIBP,0.9997349
2093,INSR,0.9993766
2094,GTF3C6,0.9996611
2095,AXL,0.99892825
2096,MCM5,0.99866736
2097,ZNF532,0.9975115
2098,CCNY,0.99854195
2099,PCMT1,0.9991034
2100,SRSF9,0.9988922
2101,MAP1LC3A,0.99924505
2102,RNPEPL1,0.9988453
2103,ARHGAP21,0.99949455
2104,DEDD2,0.99848306
2105,CRISPLD2,0.9993137
2106,SRPRA,0.99930775
2107,PLPP1,0.9994954
2108,PMVK,0.9993123
2109,WFDC2,0.9988804
2110,PDIA3,0.99780715
2111,NDUFAF8,0.99759835
2112,RANGAP1,0.99890864
2113,PPIE,0.9988228
2114,APEX1,0.9991244
2115,EEF2,0.9987691
2116,ADAM10,0.9987075
2117,ALKBH5,0.99903107
2118,RNF114,0.9990126
2119,GNL3,0.99934673
2120,ADGRE5,0.99941075
2121,TMEM160,0.9992424
2122,D2HGDH,0.99970454
2123,LZTS2,0.99955624
2124,SMS,0.99938965
2125,MAP4K4,0.9991242
2126,ACAA1,0.99965894
2127,GADD45B,0.99958545
2128,SF3A1,0.9987751
2129,BAX,0.99631864
2130,PLOD1,0.9984025
2131,AP2A1,0.9993175
2132,TXNL1,0.9982271
2133,CCDC50,0.99918187
2134,SMARCA5,0.999598
2135,C16orf72,0.9971687
2136,CCDC130,0.9992827
2137,C16orf58,0.99892426
2138,CNP,0.99626714
2139,CLK2,0.999469
2140,RCC1,0.99959505
2141,ATXN7L3,0.9996508
2142,POLR2K,0.9985467
2143,GDE1,0.9903754
2144,ERCC1,0.99934644
2145,ALDH1B1,0.9995653
2146,EGFL7,0.99954903
2147,KCNMA1,0.9995073
2148,TOLLIP,0.9996004
2149,CISD3,0.9995133
2150,DEGS1,0.99920434
2151,NOSIP,0.99822366
2152,COL15A1,0.9988737
2153,TM9SF4,0.9987774
2154,ATP1B1,0.9995886
2155,NCSTN,0.9993865
2156,TNRC18,0.99895763
2157,RGS3,0.9980111
2158,ARHGEF7,0.99958783
2159,TMSB4X,0.9991439
2160,BPTF,0.99943334
2161,HYOU1,0.99917305
2162,RANBP3,0.999324
2163,KDM1A,0.9994256
2164,NID1,0.99908465
2165,DBN1,0.9991743
2166,ALG3,0.9991765
2167,LRCH4,0.9988828
2168,TAZ,0.9995905
2169,TRIM27,0.99935114
2170,RXRA,0.9977905
2171,COX17,0.9995903
2172,COX7A2L,0.999471
2173,CCDC57,0.9992536
2174,FAM160B2,0.9996942
2175,SURF1,0.9995349
2176,ZSCAN18,0.9997244
2177,NSD2,0.9994869
2178,SHARPIN,0.9978115
2179,PRPF19,0.9985732
2180,PPP1R15B,0.99933606
2181,ASH1L,0.9994712
2182,BCR,0.99955547
2183,E2F4,0.999056
2184,CDC42SE2,0.99956685
2185,FKBP10,0.99937886
2186,M6PR,0.9988206
2187,SYNM,0.99939394
2188,WDR33,0.9993488
2189,ABL1,0.9986703
2190,ITGA3,0.9966475
2191,MICAL1,0.99936616
2192,PPP1R11,0.9993599
2193,NEK7,0.99930745
2194,PIH1D1,0.999358
2195,AIP,0.99943304
2196,CYB5A,0.99745214
2197,GNPTG,0.99945676
2198,ARID1B,0.99944144
2199,UBE2A,0.98597354
2200,AKT3,0.999658
2201,MOB2,0.99530774
2202,ZFAND3,0.99954355
2203,CPSF1,0.99841654
2204,PHF1,0.99894255
2205,ABTB1,0.9996217
2206,VAC14,0.99955064
2207,VPS37B,0.9986113
2208,JAK1,0.9994817
2209,PDHB,0.9987134
2210,HSPA4,0.99555016
2211,CIZ1,0.99877423
2212,NFIA,0.9995535
2213,OGFR,0.9995575
2214,EXOC4,0.9991269
2215,VSIR,0.99928504
2216,TMEM127,0.9966423
2217,GNAQ,0.9969103
2218,CRYAB,0.99855584
2219,EXOSC6,0.99946433
2220,BOP1,0.99966574
2221,GNG12,0.9992077
2222,PTPRS,0.9997447
2223,NDUFA8,0.9980527
2224,PDLIM4,0.9983962
2225,UBE3C,0.99657696
2226,FHL2,0.9988476
2227,GPBP1L1,0.9973866
2228,ATG13,0.99796736
2229,SLC20A2,0.9977272
2230,PI4KB,0.99949944
2231,DTX3L,0.999001
2232,UBXN4,0.99941605
2233,WEE1,0.99930936
2234,CKAP5,0.9993454
2235,ELOVL1,0.99854314
2236,SETX,0.99870175
2237,BTG3,0.9972886
2238,FZR1,0.99941427
2239,PRPSAP1,0.9993078
2240,SLC35A4,0.9994438
2241,PSIP1,0.9993008
2242,GOLM1,0.99921435
2243,AGPAT2,0.99915445
2244,CLASRP,0.9993285
2245,RBM25,0.99951446
2246,GGA2,0.99905205
2247,TOMM40,0.99873656
2248,ZFAND2B,0.9995138
2249,PSMA5,0.99909925
2250,NDUFA12,0.99957466
2251,TXNDC17,0.9996656
2252,CDH11,0.99959517
2253,PHLDA1,0.9988144
2254,DHX9,0.9985118
2255,RBPMS,0.9989705
2256,PMPCB,0.9996516
2257,TMED4,0.9856459
2258,ACAP2,0.99939954
2259,ZCCHC14,0.9936968
2260,LMAN1,0.99823034
2261,PBX1,0.99605495
2262,TGFBR1,0.99964654
2263,CSTF3,0.9990307
2264,IGF1R,0.99915236
2265,RARS,0.99866104
2266,SLCO2B1,0.9993107
2267,EIF4EBP1,0.99954545
2268,SEC24C,0.99864626
2269,FNBP4,0.99949586
2270,BMPR2,0.9990155
2271,PCM1,0.9997878
2272,NUMB,0.999358
2273,HGSNAT,0.9994842
2274,TP53I11,0.9991547
2275,DMAP1,0.9987341
2276,NXF1,0.999304
2277,ZNF706,0.9962429
2278,LMCD1,0.9998107
2279,ZFAND6,0.9990665
2280,CAMTA1,0.99704427
2281,ANAPC7,0.9996991
2282,C1orf198,0.9964712
2283,FBH1,0.999184
2284,TRIM56,0.9992033
2285,TMEM30A,0.998668
2286,SLC16A1,0.9986769
2287,SQOR,0.9968748
2288,TXNDC12,0.9994375
2289,VPS26B,0.99910706
2290,NDUFA6,0.99639195
2291,TUBA1B,0.995242
2292,TGFBR2,0.9992666
2293,SIGMAR1,0.9996067
2294,GSDMD,0.99912107
2295,SMAD4,0.9997368
2296,SPATS2L,0.9995222
2297,CLUH,0.9991056
2298,SYAP1,0.9966695
2299,STX5,0.99920666
2300,SMIM12,0.9988307
2301,ZNF217,0.99886036
2302,API5,0.9986234
2303,ATP2A3,0.996586
2304,TOM1,0.9993679
2305,SSBP4,0.99880826
2306,HLA-DMB,0.9994534
2307,COPS8,0.9981799
2308,SIRT7,0.9993335
2309,NUP85,0.9991642
2310,PSMA3,0.9982647
2311,RB1,0.99857867
2312,SMARCA2,0.99966085
2313,PRELID1,0.9959874
2314,RABGGTB,0.99948037
2315,TADA3,0.9996284
2316,NAPRT,0.9978441
2317,SUMO1,0.99926746
2318,NAGLU,0.99950254
2319,ABCF1,0.99940425
2320,IMP4,0.9977803
2321,IST1,0.9978593
2322,MAP3K20,0.99937356
2323,TMEM134,0.9997061
2324,TUBGCP2,0.9988392
2325,TTC17,0.99929535
2326,NDUFAB1,0.99951726
2327,USP9X,0.9991394
2328,DPM3,0.9993125
2329,C5orf15,0.99952316
2330,FAM83D,0.9964646
2331,POLDIP3,0.99790084
2332,LSM1,0.99139416
2333,NUFIP2,0.99731934
2334,ZDHHC3,0.9980747
2335,NDUFC1,0.99771136
2336,PPP4R1,0.9992701
2337,TRIM47,0.99909747
2338,AFF4,0.9994386
2339,TCIRG1,0.9988512
2340,PLXNB1,0.9995365
2341,MEPCE,0.9987198
2342,PES1,0.99932444
2343,TBC1D1,0.99912775
2344,UGCG,0.9980775
2345,BSDC1,0.99175894
2346,ERRFI1,0.9973566
2347,PAWR,0.9993111
2348,FOXP4,0.9992944
2349,DENND4B,0.9997856
2350,KLHDC3,0.9992863
2351,BNIP3L,0.9991878
2352,SRC,0.9998166
2353,CD82,0.99381477
2354,LMNB2,0.99875623
2355,TRMT2A,0.99957484
2356,ARRDC1,0.99858457
2357,THBD,0.9993761
2358,CNIH1,0.9994049
2359,GTPBP2,0.99944174
2360,GABARAPL1,0.99809873
2361,PARP6,0.99887866
2362,MT1X,0.99951476
2363,IFRD2,0.9992343
2364,C8orf33,0.99954665
2365,GIGYF1,0.9995719
2366,TACC2,0.99915695
2367,CHD2,0.9992477
2368,ZFC3H1,0.99965584
2369,EFCAB14,0.9990527
2370,DDX46,0.99833345
2371,AKAP17A,0.9993423
2372,CCDC88B,0.9991304
2373,TOMM22,0.99892724
2374,MGRN1,0.9996029
2375,EML4,0.9993718
2376,VAMP3,0.99824524
2377,RAP1B,0.9979534
2378,CCL2,0.9991225
2379,NUB1,0.99838656
2380,IFRD1,0.9995163
2381,ZDHHC7,0.9996325
2382,SIRT2,0.99924403
2383,LSM2,0.99891824
2384,DUSP22,0.99946964
2385,TSEN34,0.9962881
2386,EIF4A3,0.9992725
2387,NECTIN1,0.99974424
2388,ATP13A1,0.9988407
2389,SDHB,0.99935895
2390,MAL2,0.9996973
2391,EXOC3,0.9993783
2392,H2AFX,0.99929535
2393,C14orf119,0.9976288
2394,GTF3A,0.9986107
2395,TRADD,0.99864066
2396,BCKDK,0.99967897
2397,CCND1,0.999329
2398,SPAG9,0.9994227
2399,SPG21,0.99699163
2400,ANP32A,0.9945992
2401,TLE2,0.99935085
2402,CCDC6,0.9992732
2403,LZTR1,0.9993458
2404,ZBTB38,0.9964675
2405,IL10RB,0.99981916
2406,JMJD8,0.99913293
2407,CAMLG,0.9988926
2408,LSP1,0.99929345
2409,CARM1,0.9996921
2410,RGS2,0.99826366
2411,GTF2F1,0.99895155
2412,NDUFV3,0.9988149
2413,TRIB1,0.99858654
2414,PLOD3,0.99893886
2415,MRTO4,0.9993914
2416,TRIM22,0.9996953
2417,FAM114A1,0.99787915
2418,IL13RA1,0.9993979
2419,DUSP23,0.9985894
2420,TMEM8A,0.9996456
2421,TRAF4,0.9995653
2422,AKIRIN1,0.9994526
2423,GATD1,0.9996179
2424,A4GALT,0.99016684
2425,TMX4,0.999142
2426,APEH,0.9991005
2427,CAV2,0.9983198
2428,PLIN3,0.99925077
2429,TCERG1,0.99947625
2430,NDRG2,0.99783593
2431,QTRT1,0.9993515
2432,DNAJC7,0.9984616
2433,GALNT1,0.99936867
2434,NUDCD3,0.9992601
2435,PARP12,0.99951535
2436,SMARCA4,0.99963844
2437,HDAC2,0.9984953
2438,POLG,0.9990204
2439,BAZ1B,0.99944484
2440,TOR3A,0.9981642
2441,UHMK1,0.99918854
2442,LAMB1,0.9988955
2443,STAT5B,0.99937373
2444,COPS7A,0.99950635
2445,DNPEP,0.99924976
2446,TNKS2,0.9977229
2447,MKNK1,0.9995761
2448,DNAJC10,0.99955016
2449,UBE2J2,0.99855816
2450,VAPA,0.9924914
2451,LAPTM4B,0.9995345
2452,WDTC1,0.99763453
2453,CCT4,0.99781215
2454,MESD,0.99969447
2455,TPX2,0.9993324
2456,MOB4,0.99660426
2457,CD2AP,0.9991204
2458,MTA2,0.99956083
2459,UBAP1,0.9958025
2460,F3,0.9967834
2461,BRWD1,0.9993807
2462,FBXW2,0.99905026
2463,GSK3B,0.9994508
2464,GGA3,0.9996026
2465,EBNA1BP2,0.9992998
2466,ATP6V1A,0.99948084
2467,LTBP1,0.9977368
2468,TMEM222,0.9993871
2469,ASCC3,0.9986993
2470,GARS,0.998051
2471,CHPF2,0.99857616
2472,RRP1,0.999575
2473,AUTS2,0.99963033
2474,VAV2,0.99934435
2475,ERP44,0.9989686
2476,PARVA,0.9993329
2477,FCGR2A,0.9995179
2478,KMT2E,0.99904907
2479,NFX1,0.9979904
2480,LSM8,0.9964315
2481,PRPS1,0.9995079
2482,SERPINB1,0.9994451
2483,CCDC71L,0.99918777
2484,ITGB4,0.9960761
2485,NOC2L,0.9985496
2486,GPC1,0.9995413
2487,THOC7,0.99933463
2488,MAP2K7,0.9991442
2489,KIAA1522,0.9996088
2490,PSEN1,0.9989122
2491,NPEPL1,0.99874365
2492,SNX5,0.9993473
2493,BOK,0.99978083
2494,LOXL1,0.9984884
2495,NDST1,0.99927795
2496,CALCOCO2,0.99620944
2497,MAT2B,0.99973184
2498,SMAD2,0.99955857
2499,ATP9A,0.9993966
2500,SPRYD3,0.99899215
2501,BCOR,0.99961203
2502,BAIAP2L1,0.99956334
2503,BET1L,0.9986612
2504,MAPK3,0.9985913
2505,NRBP2,0.9996103
2506,SLC25A24,0.9997675
2507,ARL2BP,0.99832076
2508,BRD9,0.9993321
2509,IFT122,0.99876994
2510,HDAC10,0.99963796
2511,SLK,0.997423
2512,KDM6B,0.99959356
2513,PPP3CB,0.99869996
2514,PLXNA1,0.9994462
2515,ARHGEF17,0.9981781
2516,CARD19,0.9990622
2517,GGNBP2,0.9992531
2518,STX4,0.9972199
2519,CXXC1,0.9987974
2520,LMO7,0.9995347
2521,KLHL5,0.9990714
2522,UBE2K,0.99847317
2523,VPS36,0.99871904
2524,PPP1R16A,0.9997269
2525,CCDC107,0.9996702
2526,NCOR1,0.99956447
2527,NIPBL,0.9995529
2528,NCK2,0.9995788
2529,RBM23,0.99880475
2530,QRICH1,0.99827063
2531,ENC1,0.99910897
2532,MPC2,0.9994047
2533,SPNS1,0.9993495
2534,ZSWIM8,0.99849427
2535,NUDT5,0.99956053
2536,GMPS,0.99850434
2537,DHFR,0.9989091
2538,CTNNBIP1,0.99924386
2539,IFT20,0.9993575
2540,ELOVL5,0.9990419
2541,RNF4,0.9987362
2542,IFI35,0.99859554
2543,DCAF16,0.999094
2544,SF3B3,0.9989934
2545,MCMBP,0.9993259
2546,KIFC3,0.9990301
2547,PKP4,0.9997276
2548,TMC6,0.9991682
2549,KLHDC4,0.99858177
2550,RNF216,0.9994292
2551,GLO1,0.9991027
2552,ARCN1,0.99779284
2553,CALCOCO1,0.9992312
2554,ADGRG1,0.999077
2555,TMED3,0.99716884
2556,CDH1,0.99932784
2557,AGTRAP,0.99824256
2558,DENND5A,0.9990452
2559,FAM207A,0.99931586
2560,MYBBP1A,0.9990653
2561,CAB39,0.99897873
2562,NCAPH2,0.9989969
2563,P3H1,0.9995025
2564,JUP,0.99950886
2565,FBRSL1,0.9965933
2566,SH2B1,0.99904525
2567,PRCC,0.99951726
2568,FAM219B,0.99976313
2569,RRP7A,0.99922067
2570,ARHGEF10L,0.9990695
2571,LRRFIP2,0.9994341
2572,ARSA,0.99957705
2573,ACBD3,0.9888856
2574,CWC15,0.9990996
2575,MAPK14,0.9990282
2576,VPS4B,0.9996433
2577,MKRN1,0.9978283
2578,TSC22D2,0.9994384
2579,PDHA1,0.9973308
2580,ARHGAP17,0.9992615
2581,ZDHHC5,0.9989935
2582,BIRC2,0.99951553
2583,EIF2AK1,0.9991957
2584,TIMM50,0.9993061
2585,PCGF2,0.9993723
2586,SNX19,0.9991474
2587,ARHGAP23,0.99875325
2588,NELFCD,0.9995287
2589,UBE2E1,0.9990505
2590,TOX4,0.9990778
2591,ACOX1,0.9996582
2592,ATP6V1G1,0.999298
2593,ANKH,0.99919176
2594,ETFA,0.99857074
2595,BCAT2,0.99943143
2596,CNOT8,0.9989907
2597,ID1,0.99937665
2598,NBEAL2,0.9986291
2599,ARL1,0.9967228
2600,TENT4A,0.99953926
2601,RAI14,0.99921304
2602,MAPKAP1,0.9955703
2603,ECPAS,0.9912604
2604,SLC25A1,0.9993428
2605,GOLGA4,0.9969551
2606,PTDSS1,0.99931496
2607,MGLL,0.99906385
2608,PIP4K2B,0.99953175
2609,ZNF787,0.9993067
2610,UBA7,0.99965584
2611,REXO1,0.9996232
2612,DDX21,0.999545
2613,ENY2,0.9990984
2614,KLHL42,0.9991024
2615,PCMTD1,0.9984347
2616,ZDHHC20,0.9996465
2617,NOP56,0.9978949
2618,DAP3,0.99904025
2619,CS,0.9993345
2620,SPTLC1,0.99922955
2621,FAR1,0.99849474
2622,LFNG,0.99948233
2623,PRR14,0.99946517
2624,OAS3,0.99825275
2625,MIB1,0.99967164
2626,SCAMP3,0.99927604
2627,RANBP9,0.99896795
2628,TMEM45A,0.999396
2629,ID3,0.99823666
2630,CPD,0.9977881
2631,RETREG2,0.999005
2632,NFIB,0.9974785
2633,FUBP3,0.9931706
2634,MSI2,0.99939555
2635,PPP5C,0.9985348
2636,TMCO1,0.9988267
2637,MTSS1,0.9938243
2638,RGS16,0.99816245
2639,RBM26,0.99902755
2640,NPEPPS,0.99833983
2641,PIGQ,0.9991542
2642,MYC,0.9959629
2643,HMGN3,0.9982616
2644,ZFPL1,0.99825895
2645,NSFL1C,0.99719906
2646,LARS,0.99960595
2647,BAIAP2,0.9994243
2648,ATP13A2,0.99944913
2649,GGT5,0.99943715
2650,UQCC2,0.9992856
2651,YAP1,0.99608004
2652,RNF5,0.9983511
2653,ZXDC,0.99950874
2654,ABCC5,0.9994222
2655,MINDY2,0.9993674
2656,GLTP,0.9996742
2657,WDFY1,0.99937725
2658,PCNT,0.99942696
2659,ATG101,0.9989201
2660,PLCG1,0.99917996
2661,KLF4,0.9991307
2662,ANXA4,0.9993889
2663,PPP1R14A,0.9960044
2664,CSF1R,0.9981788
2665,IWS1,0.9990454
2666,AKAP9,0.9994631
2667,YTHDF2,0.998958
2668,WDR18,0.9994852
2669,BEX4,0.9997264
2670,GSS,0.9989947
2671,ETHE1,0.9991177
2672,TFE3,0.9989815
2673,ANKZF1,0.99808085
2674,AGPAT1,0.9987419
2675,PITX1,0.99767274
2676,SEMA4B,0.99823177
2677,SNRNP25,0.9992324
2678,ZNF219,0.9996583
2679,SLC25A4,0.9995883
2680,GNS,0.99858713
2681,EIF3F,0.99905556
2682,ZNF783,0.9985223
2683,PTGIS,0.9993249
2684,PPIL2,0.9987977
2685,RIN3,0.99901044
2686,AP5Z1,0.99941665
2687,EIF2AK2,0.9997753
2688,CDS2,0.9989703
2689,ARHGEF12,0.99900925
2690,SDR39U1,0.99926215
2691,CRK,0.9980422
2692,ACP5,0.9993351
2693,NCOA3,0.99786776
2694,NAA20,0.99969244
2695,HTATSF1,0.99941576
2696,ABRACL,0.9990114
2697,PHKG2,0.9937638
2698,FADS3,0.99950266
2699,NFAT5,0.99897087
2700,TMEM54,0.9994919
2701,HSPB11,0.99905384
2702,RAB11FIP3,0.999492
2703,ZFR,0.99903345
2704,LTBP2,0.99911726
2705,EVA1B,0.9990239
2706,VPS35,0.9974289
2707,TRPM4,0.99923265
2708,MARCH7,0.9997145
2709,ITGA1,0.99948627
2710,KMT2C,0.99860746
2711,SMG9,0.99965894
2712,RAMP1,0.9992012
2713,F11R,0.99957484
2714,DOCK9,0.9991268
2715,OAS2,0.99894273
2716,UBE2J1,0.998748
2717,SYNPO2,0.99844104
2718,ZER1,0.9992336
2719,RMND5A,0.9968878
2720,DTX2,0.99587554
2721,TRIM44,0.99866134
2722,DUSP3,0.9976977
2723,PPM1A,0.9990109
2724,MYBL2,0.99919856
2725,HERC4,0.9996915
2726,CCAR1,0.99954164
2727,KDM4C,0.9988327
2728,CDR2,0.99961394
2729,IGF2R,0.9990484
2730,MRFAP1L1,0.9991331
2731,SPINT1,0.99950105
2732,PRPF38A,0.99917567
2733,LETMD1,0.99974
2734,PAIP2,0.99862814
2735,MAGT1,0.99859273
2736,RALGDS,0.99952495
2737,IGFBP2,0.99867404
2738,RXRB,0.9941963
2739,DGCR8,0.9950992
2740,U2SURP,0.99899817
2741,GBP4,0.99751824
2742,SLC12A4,0.9971242
2743,PPP1R35,0.99912626
2744,LSS,0.9996848
2745,SEC24D,0.9989325
2746,NCS1,0.99816436
2747,ITGB1BP1,0.99952614
2748,PPP1R7,0.99929446
2749,FBXW4,0.9980564
2750,ERI3,0.99896985
2751,MAEA,0.9987664
2752,CD93,0.99958193
2753,MAGED2,0.9991454
2754,PHF10,0.9989157
2755,AKAP1,0.99963343
2756,SF3A3,0.99978685
2757,UTRN,0.9982958
2758,FOXO3,0.99883586
2759,TNPO2,0.9997009
2760,DNAJA4,0.99880457
2761,NDEL1,0.9990427
2762,ARFGAP3,0.9969491
2763,CAMKK2,0.999533
2764,DHCR24,0.9997918
2765,SH3BP2,0.9996443
2766,ROCK1,0.99801695
2767,DDX1,0.9991733
2768,SLC25A36,0.9995486
2769,PHLDA3,0.9981411
2770,N4BP1,0.99942625
2771,RTCA,0.9995391
2772,EIF1B,0.9974557
2773,HSP90B1,0.9985167
2774,TMED5,0.9994233
2775,CXCR4,0.9986477
2776,SLC15A3,0.9996033
2777,FOSB,0.99387646
2778,KDM5B,0.9989403
2779,ACP1,0.99873066
2780,CERS2,0.99860114
2781,TMEM176B,0.98984444
2782,PITHD1,0.99847
2783,PHB,0.99956924
2784,RBM10,0.9978882
2785,TSC2,0.9989768
2786,LARP1,0.99915934
2787,HLA-DQA1,0.995321
2788,STMN1,0.9989336
2789,PTGFRN,0.9989227
2790,LAS1L,0.9995917
2791,SLC2A3,0.99911624
2792,SMAD3,0.9853414
2793,DPM1,0.999739
2794,UNC45A,0.99919206
2795,ACBD6,0.9988988
2796,THOP1,0.99908555
2797,ERLEC1,0.9989955
2798,TMEM159,0.99877656
2799,MAP3K6,0.9988354
2800,ITPA,0.99623644
2801,PCBD1,0.9991533
2802,KLF13,0.99901927
2803,TLK1,0.9992803
2804,OTUD4,0.9997759
2805,EHMT2,0.999184
2806,NSD3,0.9990508
2807,CCNDBP1,0.99856746
2808,FTL,0.99894017
2809,COPS2,0.99958104
2810,CHP1,0.99871504
2811,FAM210B,0.9995634
2812,CDCP1,0.99939567
2813,SERINC3,0.9959844
2814,KEAP1,0.99788064
2815,NANS,0.99918175
2816,KLF10,0.99862564
2817,MGST3,0.9989977
2818,ABCC1,0.9981451
2819,GRWD1,0.99920976
2820,FBXO7,0.999688
2821,SUCLG2,0.9983193
2822,CYSTM1,0.9994065
2823,DNPH1,0.9786291
2824,ALKBH7,0.9987795
2825,METTL3,0.9991695
2826,MPST,0.99886596
2827,TMEM167B,0.9984809
2828,CLDND1,0.9988375
2829,TBC1D22A,0.99895036
2830,MYD88,0.99952734
2831,ANKRD17,0.9996573
2832,HNRNPLL,0.99846566
2833,PYURF,0.99818164
2834,FNDC3A,0.99771345
2835,TAF1C,0.9994792
2836,SNX9,0.99872875
2837,WRNIP1,0.9989532
2838,APOL6,0.9977301
2839,DHPS,0.9991492
2840,LMO4,0.9992506
2841,TPRG1L,0.99860716
2842,TAF7,0.9986246
2843,RCAN1,0.99706316
2844,ITM2C,0.9995786
2845,MTA1,0.99966353
2846,TBC1D17,0.99922955
2847,BX255925.3,0.99966127
2848,MAST2,0.9983689
2849,DNM1L,0.999644
2850,STK38L,0.99960536
2851,WLS,0.99787056
2852,MUS81,0.99898374
2853,RAB27A,0.9987745
2854,TTC1,0.99891156
2855,MFF,0.99924487
2856,SP3,0.99875927
2857,SPEG,0.99941075
2858,CYREN,0.9987524
2859,CNOT2,0.9991752
2860,NBEAL1,0.99788207
2861,CLIP4,0.9989208
2862,CDKN1B,0.9991952
2863,STAU2,0.9996894
2864,RNF115,0.99924266
2865,DELE1,0.99895126
2866,BLVRB,0.99855155
2867,RETREG3,0.99905396
2868,GOLGA7,0.99922955
2869,TIMM17A,0.999599
2870,CITED4,0.9984046
2871,PAFAH1B2,0.999646
2872,CHTF8,0.9993966
2873,RUSC1,0.9991108
2874,TMEM179B,0.999094
2875,HTATIP2,0.9969894
2876,RASGEF1B,0.99842644
2877,SCAP,0.9995459
2878,GOT2,0.9984849
2879,JPT2,0.99840564
2880,GLUD1,0.9990075
2881,SMC4,0.99956495
2882,PGP,0.99945223
2883,THAP7,0.9991847
2884,GATAD2B,0.9994496
2885,PHRF1,0.9980582
2886,LRRC41,0.9974119
2887,PLAU,0.9989809
2888,DDX49,0.9992596
2889,SAFB2,0.9993803
2890,ADAMTS1,0.9978449
2891,TMEM129,0.99887246
2892,HLA-DRB1,0.9957886
2893,RPRD1B,0.9994804
2894,SRI,0.99938107
2895,FOXJ3,0.9992229
2896,SLC9A3R2,0.9993717
2897,FAM162A,0.9997791
2898,PRPF40A,0.99873173
2899,KIAA0100,0.99936503
2900,XPOT,0.9989688
2901,IGBP1,0.99857503
2902,CYLD,0.9994156
2903,PHF20,0.99956053
2904,SPPL2A,0.9993659
2905,PLEKHJ1,0.99945056
2906,SNX2,0.9983138
2907,MARVELD1,0.99863976
2908,TNS3,0.9986231
2909,CASP4,0.99893296
2910,FOXK1,0.9981489
2911,MED13,0.9994124
2912,PLEKHA1,0.99939346
2913,SREK1,0.9993435
2914,MYO19,0.99898547
2915,G6PD,0.99941504
2916,POLR2C,0.99904174
2917,PHF19,0.9992611
2918,MMS19,0.99918157
2919,MAPKAPK5,0.99964696
2920,SPI1,0.99896115
2921,KIF13A,0.9967934
2922,ZMYM2,0.9996389
2923,STARD7,0.9984125
2924,DERL1,0.99826276
2925,NDUFS1,0.9987256
2926,SUSD6,0.9936245
2927,SNRPA,0.9987682
2928,TCF12,0.9995983
2929,TRIM38,0.999383
2930,CMTM3,0.9990183
2931,KANSL3,0.99848384
2932,CCND2,0.9989212
2933,KLHL21,0.9984683
2934,RBL2,0.99933463
2935,MZT1,0.99914086
2936,ARID5A,0.99890006
2937,SEMA3C,0.9989842
2938,WWTR1,0.995582
2939,ATP11B,0.99937904
2940,SNRPF,0.9995138
2941,UBC,0.9946736
2942,SYNPO,0.99914503
2943,CRELD1,0.999436
2944,AATF,0.9994275
2945,BAZ2A,0.99915826
2946,PTPN6,0.9995624
2947,PINK1,0.99509984
2948,POMGNT1,0.9933499
2949,GTPBP6,0.9986256
2950,IK,0.9979493
2951,TXNDC15,0.9985264
2952,COA1,0.9994327
2953,RAF1,0.99847144
2954,APOO,0.99849814
2955,PKN2,0.99978095
2956,PNKP,0.9994365
2957,FGFR1,0.9912666
2958,PI4K2A,0.9990984
2959,MYCBP2,0.9987728
2960,SOGA1,0.99879104
2961,CACUL1,0.9987792
2962,PKD2,0.999148
2963,DGUOK,0.9990829
2964,UBAC1,0.9996074
2965,PARP9,0.9977559
2966,ATG12,0.9993698
2967,CEP170B,0.9994891
2968,MAP2K1,0.99933255
2969,PLCB3,0.9992592
2970,CLK3,0.99912846
2971,PPP4R2,0.99802077
2972,ETNK1,0.998888
2973,ANGPTL2,0.9983759
2974,OSBPL2,0.99893796
2975,ZDHHC12,0.9973394
2976,SLCO3A1,0.9995696
2977,PMP22,0.9990134
2978,COPB1,0.9993619
2979,MARCH2,0.9992522
2980,TRAPPC3,0.99716794
2981,CLPP,0.9992406
2982,LRPPRC,0.9992666
2983,RWDD1,0.99878454
2984,HDGFL3,0.99941045
2985,ILVBL,0.99947345
2986,PRDM2,0.99867505
2987,CDK6,0.9994389
2988,VPS39,0.99927986
2989,SRP72,0.9994876
2990,DNM1,0.9997444
2991,ATF6,0.99956864
2992,PAK2,0.99947107
2993,ZNF266,0.9974638
2994,RAB35,0.99863446
2995,PSME3,0.99961025
2996,MICALL1,0.99923915
2997,FERMT2,0.99838084
2998,TJP1,0.99864167
2999,RAB3GAP1,0.9995742
3000,ATP8B1,0.99044657
3001,FADS2,0.9988581
3002,SLC9A3R1,0.9991587
3003,UACA,0.9994122
3004,TSPAN15,0.99589556
3005,DPY30,0.9992622
3006,MAN2B2,0.9994923
3007,FMR1,0.9992899
3008,ELP2,0.9978298
3009,SART1,0.9988454
3010,ARHGAP45,0.99950075
3011,GOLIM4,0.9992813
3012,PDE4D,0.9993046
3013,POP4,0.9993995
3014,CYFIP1,0.99571055
3015,ZBED5,0.9977808
3016,CSNK1E,0.9984347
3017,MYH14,0.99960864
3018,SGPL1,0.9995987
3019,EPN2,0.9988235
3020,NES,0.9998485
3021,CFDP1,0.99575675
3022,E4F1,0.99891436
3023,UBE4B,0.9993618
3024,HBP1,0.99901354
3025,ZBTB17,0.9982684
3026,DAXX,0.9993695
3027,EIF1AX,0.9988713
3028,MBOAT2,0.99963987
3029,SPTLC2,0.99968493
3030,DNAJC21,0.99944174
3031,MCM3AP,0.9991542
3032,SAR1B,0.9982637
3033,TXNDC11,0.9977749
3034,MACROD1,0.99962556
3035,HECTD1,0.9966006
3036,NACC1,0.99958026
3037,DICER1,0.9990012
3038,HSPB1,0.9973915
3039,PPP1R12A,0.99877816
3040,PTPRK,0.9996707
3041,ELK3,0.99926865
3042,BTBD6,0.99889356
3043,CAPS,0.9991293
3044,EXT1,0.9995311
3045,SLC7A5,0.9993911
3046,NFATC2IP,0.9987968
3047,ESD,0.99889886
3048,TBC1D20,0.99891365
3049,PTPN18,0.9993809
3050,RRP36,0.9991414
3051,ARMCX3,0.9965774
3052,VKORC1L1,0.9994283
3053,BAG3,0.99768496
3054,PPP4R3A,0.99812955
3055,PRPS2,0.99880874
3056,SPAG7,0.99682873
3057,PPCS,0.99908173
3058,EFEMP2,0.9988817
3059,FAM91A1,0.99960124
3060,TTYH3,0.998559
3061,MAFK,0.99870384
3062,PIAS4,0.9991212
3063,PRRX1,0.999036
3064,ACP2,0.999092
3065,GYPC,0.9989085
3066,CARS,0.9989627
3067,MYL6B,0.99880344
3068,MZF1,0.9981882
3069,WDR46,0.9993912
3070,MAN1A1,0.998953
3071,DGKA,0.998987
3072,TPP2,0.99946487
3073,LPGAT1,0.9993199
3074,SFXN3,0.99970436
3075,SLC12A7,0.9995081
3076,IDH3B,0.9993364
3077,TSG101,0.997733
3078,DONSON,0.9991034
3079,VPS37C,0.9995149
3080,PFDN6,0.9996153
3081,EIF2S2,0.9990498
3082,NUP160,0.9994696
3083,STARD3,0.9991711
3084,MICALL2,0.99822223
3085,FRMD6,0.9993607
3086,CHD9,0.9993181
3087,TMEM41B,0.9981329
3088,SCAMP4,0.99850404
3089,CTNNBL1,0.9994677
3090,NASP,0.9991317
3091,BAG5,0.9994028
3092,ARMC8,0.9993372
3093,NKIRAS2,0.9988923
3094,MADD,0.99926203
3095,FLNC,0.9995629
3096,JAM3,0.99868214
3097,WASHC4,0.99910057
3098,PPP2R2A,0.9985736
3099,SPATA20,0.99941283
3100,USP5,0.9991379
3101,HPS1,0.99818885
3102,PRUNE2,0.99850005
3103,BACE2,0.99906445
3104,WWP2,0.9993429
3105,HABP4,0.9957455
3106,PHC3,0.9996419
3107,BTAF1,0.99912626
3108,TOB1,0.9991249
3109,ODF2L,0.99924344
3110,GALNT10,0.9991633
3111,MYO1E,0.9974324
3112,SENP2,0.9995862
3113,PLBD2,0.99868524
3114,ZNF592,0.9995122
3115,FRMD8,0.9974254
3116,NUDT3,0.99900687
3117,RNF168,0.99927866
3118,HLA-A,0.99756986
3119,SLAIN2,0.99904025
3120,ATF7IP,0.999119
3121,NOL7,0.9989538
3122,SERINC2,0.9986391
3123,IMMT,0.99966204
3124,TIMM44,0.9990808
3125,KAT5,0.99954623
3126,PIDD1,0.99966276
3127,CFH,0.9996468
3128,PPP6C,0.99814165
3129,PIP5K1A,0.99954396
3130,AP1M1,0.9988407
3131,DNAJC3,0.9996103
3132,EP300,0.9995637
3133,CSNK2A2,0.9996049
3134,SH3PXD2B,0.9991377
3135,PHF20L1,0.99937534
3136,ABCF3,0.999333
3137,AP1G2,0.99963796
3138,TRBC2,0.9703665
3139,FBLN2,0.99883366
3140,CRTC3,0.9990241
3141,KHNYN,0.9989092
3142,KDSR,0.99947226
3143,PRPF38B,0.99868506
3144,EIF4E,0.99845517
3145,RAI1,0.99967176
3146,PCYT2,0.9996778
3147,MAGI1,0.9990365
3148,ZNF33A,0.9973459
3149,ADAMTS4,0.9981791
3150,NLRP1,0.9996239
3151,SEC23A,0.99610007
3152,ZKSCAN1,0.99898833
3153,PISD,0.99962676
3154,MBD6,0.99797505
3155,ORMDL1,0.9995416
3156,DAB2IP,0.9976243
3157,RAB8A,0.9957019
3158,AKAP8L,0.9989435
3159,ANKRD52,0.9995885
3160,OCIAD2,0.9996625
3161,SUPT7L,0.9996481
3162,ZNF652,0.9988478
3163,EIF4G3,0.9996977
3164,PLXNA3,0.9995607
3165,FAM192A,0.9986757
3166,YEATS2,0.99879396
3167,ATP11A,0.9995972
3168,CCDC84,0.9991907
3169,SERINC1,0.99845123
3170,SMIM4,0.99855644
3171,MAD2L2,0.9978501
3172,SFRP4,0.9993974
3173,EIF2B1,0.99954927
3174,ARHGAP35,0.99919236
3175,DEDD,0.9993416
3176,ATPAF1,0.998985
3177,ASCC2,0.9993742
3178,ZNFX1,0.9991535
3179,CDC20,0.9986051
3180,AMD1,0.9985094
3181,EHD4,0.9988492
3182,MIGA2,0.99947107
3183,TMUB1,0.9989424
3184,PSPC1,0.99817085
3185,ACAD9,0.9953295
3186,RGS1,0.9982486
3187,ARFIP2,0.9981206
3188,NUP214,0.9992794
3189,DCTPP1,0.9996044
3190,TOP1,0.99864006
3191,APBB2,0.99851054
3192,OPA1,0.9991452
3193,SLC25A11,0.9988018
3194,PABPC1L,0.99931794
3195,SS18,0.9995238
3196,LETM1,0.9992048
3197,HOOK2,0.9993436
3198,LHFPL2,0.9995991
3199,SETD5,0.99965954
3200,LINGO1,0.9985467
3201,ISOC2,0.9990322
3202,NUDT21,0.99454004
3203,SRGAP2,0.9994111
3204,NUP98,0.9967904
3205,GPBP1,0.99904215
3206,RABGAP1,0.9994847
3207,ADIPOR2,0.9983641
3208,RC3H2,0.99885046
3209,NRP1,0.9984433
3210,DNAJC4,0.9994408
3211,SLC39A14,0.9994915
3212,ZC3H4,0.9991825
3213,SDC3,0.9991506
3214,MON2,0.99918735
3215,ZBTB4,0.9990511
3216,SPPL3,0.9978016
3217,STX7,0.9978401
3218,MAP4K5,0.9998604
3219,PSMG3,0.9980453
3220,JOSD1,0.9987652
3221,MYO10,0.9996954
3222,ERC1,0.9988014
3223,STAG2,0.9994445
3224,MOB3A,0.99928963
3225,PPIF,0.99860656
3226,UBA3,0.9995583
3227,USP39,0.998628
3228,NUP188,0.996747
3229,SZT2,0.9992491
3230,UCP2,0.99870014
3231,BCS1L,0.99935466
3232,EMC7,0.99889755
3233,LIMS1,0.9992468
3234,GPATCH2L,0.9995596
3235,P3H3,0.9995347
3236,BIRC6,0.9985696
3237,HECA,0.9991638
3238,MAU2,0.9995259
3239,FKBP5,0.99852735
3240,DLG1,0.99923384
3241,XPC,0.9992242
3242,DROSHA,0.9994661
3243,PCNX2,0.9992959
3244,ADM,0.9993842
3245,BMI1,0.9990999
3246,ANAPC13,0.99914616
3247,LIMK2,0.99795926
3248,PIAS3,0.9978932
3249,POMT1,0.9977873
3250,EPS8L2,0.99517345
3251,SENP6,0.99969214
3252,MTFR1L,0.9992348
3253,WWOX,0.9980551
3254,UBE3B,0.999792
3255,DDX27,0.9968441
3256,LCMT1,0.99916327
3257,USP33,0.9994186
3258,DGCR2,0.99838126
3259,KAT6A,0.99936026
3260,AK1,0.99803865
3261,C1orf52,0.99986154
3262,CHI3L1,0.9993973
3263,PEX6,0.99963605
3264,MED10,0.999469
3265,POLE3,0.9989583
3266,TMEM14C,0.99922925
3267,PCIF1,0.9995244
3268,GMPPA,0.9993488
3269,GRK6,0.9994565
3270,ATXN7L3B,0.998741
3271,TMEM87B,0.9976565
3272,NAXD,0.9993433
3273,NBDY,0.9996687
3274,DNAJC9,0.9990985
3275,PLN,0.9983336
3276,GOLT1B,0.9990591
3277,TRNAU1AP,0.99794835
3278,CCDC88A,0.99956524
3279,WDR5,0.9994749
3280,DKK3,0.99895495
3281,RFX5,0.9988762
3282,RRAD,0.99551094
3283,PLK3,0.9992458
3284,EPHX1,0.999409
3285,PAPSS1,0.9993545
3286,STIM1,0.99785864
3287,HPCAL1,0.9990263
3288,MYADM,0.9986251
3289,RAB12,0.9992301
3290,PAN3,0.99888784
3291,CRABP2,0.9989176
3292,LMOD1,0.99914014
3293,DHX38,0.9991989
3294,DCAF5,0.9994912
3295,DNAJC13,0.9990333
3296,WASL,0.99921274
3297,IDI1,0.9976206
3298,S100A2,0.99842995
3299,CCDC167,0.9981514
3300,HDGFL2,0.9961969
3301,CPSF4,0.9995842
3302,EPSTI1,0.9991773
3303,TSPYL2,0.99913883
3304,GTF2A2,0.99972594
3305,KHDC4,0.99929076
3306,UBA6,0.99857056
3307,RSU1,0.9923576
3308,NADK,0.9992053
3309,CBR1,0.9990233
3310,CDC42BPA,0.9989994
3311,NIT1,0.99949074
3312,LCP1,0.9988241
3313,COG4,0.9987405
3314,ETV6,0.9988511
3315,KRI1,0.99911726
3316,OXLD1,0.9995302
3317,GLB1,0.99920386
3318,DHRS7,0.9981964
3319,THOC5,0.9990037
3320,RGS12,0.9995769
3321,PPP2R5A,0.99853575
3322,CCNB1IP1,0.99872667
3323,B4GALT3,0.99848765
3324,SELENOS,0.9986779
3325,LAMTOR2,0.99570674
3326,VASH1,0.99786645
3327,ZPR1,0.999441
3328,PCBP4,0.99886626
3329,SEMA4C,0.99892443
3330,XRN2,0.9992752
3331,UBXN11,0.99936306
3332,ATG16L2,0.9993884
3333,SPEN,0.9988902
3334,CBX4,0.998922
3335,MSRB2,0.98864967
3336,FGL2,0.9942072
3337,USP47,0.99910325
3338,WBP1L,0.99947625
3339,NPC1,0.99759835
3340,ELF2,0.99948376
3341,DCTN6,0.9980677
3342,POLE4,0.9949889
3343,DCTD,0.9993609
3344,SUPT4H1,0.99895066
3345,USP4,0.99832696
3346,ABCA7,0.9998015
3347,RIOK3,0.996712
3348,RABEP2,0.99923694
3349,NIPSNAP2,0.9984573
3350,WDR55,0.9996521
3351,SIAH2,0.99850243
3352,NIN,0.99895364
3353,JMJD1C,0.998816
3354,ZNF451,0.99859506
3355,DLD,0.999242
3356,PPM1F,0.99897766
3357,SLC35B2,0.99908894
3358,TECPR1,0.9996977
3359,DPM2,0.99925166
3360,ARHGAP5,0.9993483
3361,SUZ12,0.9988785
3362,TPST1,0.9994849
3363,KLHL24,0.99842656
3364,REEP4,0.9989813
3365,PLEKHG3,0.998236
3366,PHIP,0.9994134
3367,CNOT7,0.9986291
3368,HERC2,0.99875355
3369,GNA13,0.9991946
3370,CLASP2,0.99900496
3371,HSPBP1,0.9996357
3372,MED22,0.99967116
3373,DMAC2,0.99949235
3374,ZNF146,0.9992464
3375,CCNC,0.999462
3376,TP53,0.99966544
3377,ZNF496,0.99878424
3378,TPCN1,0.99967414
3379,IPO13,0.9983341
3380,PRKAA1,0.9982282
3381,STK19,0.99911225
3382,ASAP1,0.99935484
3383,LAMB3,0.99926215
3384,MX2,0.9994935
3385,LLGL2,0.99590635
3386,ACSL1,0.9994106
3387,CD99L2,0.99902755
3388,NFKBIZ,0.9994523
3389,CUEDC1,0.9994098
3390,DCUN1D1,0.99940073
3391,SERTAD1,0.99898016
3392,USP15,0.99923563
3393,NSUN5,0.99937564
3394,JAG1,0.9989077
3395,UNC13D,0.9990977
3396,VPS13A,0.999622
3397,TRIM29,0.99954116
3398,TCEAL8,0.9957531
3399,ARID4B,0.99910086
3400,NIPA2,0.9995602
3401,TRAPPC9,0.9988414
3402,AIF1,0.99872816
3403,TAB2,0.9981491
3404,AFAP1,0.9994863
3405,RRP1B,0.99968815
3406,ITPKB,0.99843025
3407,MBD1,0.99869555
3408,RYK,0.9991454
3409,IL1R1,0.99930286
3410,AFG3L2,0.99831057
3411,SPCS2,0.99902725
3412,PPA2,0.9994236
3413,PLOD2,0.99839896
3414,SLC30A9,0.9991854
3415,MED8,0.99916375
3416,FMOD,0.9990848
3417,ANTXR2,0.9995133
3418,SGSM3,0.99904764
3419,TUSC2,0.9990598
3420,IFNGR1,0.99872017
3421,PCP4,0.989185
3422,VPS26A,0.99659383
3423,LIMA1,0.9980734
3424,BCAS3,0.9972744
3425,CFB,0.99881315
3426,SNAP47,0.999111
3427,PPT1,0.9946618
3428,MTHFD2,0.99776536
3429,SRP54,0.9980427
3430,WBP11,0.9983325
3431,NAXE,0.9947109
3432,EIF2S1,0.99948865
3433,NUDT16,0.9992112
3434,B2M,0.99822056
3435,NEU1,0.99828655
3436,KIAA1217,0.9995478
3437,IPO9,0.9992212
3438,MICAL3,0.99896
3439,UBE2G1,0.998947
3440,COASY,0.9992388
3441,BTN3A2,0.9992584
3442,FAM136A,0.99869645
3443,VAPB,0.99877894
3444,SMC5,0.9996316
3445,SAMD9L,0.99931544
3446,CREB3L2,0.99804294
3447,TBC1D2B,0.9996451
3448,CUL9,0.9996065
3449,ZNF593,0.9989625
3450,DPYD,0.9992405
3451,FAF1,0.9994997
3452,NDFIP2,0.99829245
3453,TMEM131,0.9985278
3454,DDAH1,0.99893224
3455,PYCARD,0.9993391
3456,FBXO11,0.998462
3457,ITPK1,0.999329
3458,PRKAR2A,0.9993075
3459,CPNE3,0.99897844
3460,INSIG1,0.9995335
3461,NTMT1,0.99952376
3462,ARL16,0.99885213
3463,TTC14,0.99951506
3464,TTC31,0.9991274
3465,PPP2R2D,0.99829865
3466,CUL3,0.99852353
3467,FAM120AOS,0.99897116
3468,ABHD17A,0.99692786
3469,CLINT1,0.9855223
3470,LARP4,0.9993718
3471,WDR74,0.9989228
3472,SLC10A3,0.9995168
3473,DGAT1,0.9995736
3474,DNAJC1,0.9977851
3475,DYRK1A,0.9991614
3476,MIER1,0.9976827
3477,COMTD1,0.9985272
3478,DENND6A,0.9960474
3479,NAIP,0.99907625
3480,TMEM250,0.999482
3481,AGPAT3,0.9992506
3482,OAF,0.9984422
3483,TUT7,0.9989824
3484,COL4A5,0.9987014
3485,USP3,0.9990986
3486,ZNF326,0.99918383
3487,CHFR,0.99895346
3488,SHTN1,0.99960804
3489,STMN3,0.99846476
3490,TNXB,0.987305
3491,RALB,0.9981305
3492,ZCCHC24,0.9995491
3493,TP53BP2,0.9994567
3494,RTL8A,0.9983322
3495,PRPF3,0.99778235
3496,FAF2,0.9970927
3497,UCKL1,0.99919283
3498,MELK,0.9987146
3499,EXOC5,0.99814636
3500,TRMU,0.99907476
3501,EMILIN2,0.99892914
3502,NCF1,0.9987866
3503,LYN,0.9989564
3504,NHSL2,0.9998226
3505,DSP,0.9995745
3506,NAV1,0.99916303
3507,BID,0.998248
3508,PLEKHB2,0.99917233
3509,TRAPPC12,0.99914426
3510,LBR,0.9990517
3511,NUDT22,0.99786603
3512,NAA50,0.9992579
3513,GTPBP4,0.99954826
3514,IGHG4,0.98865855
3515,YBX1,0.993248
3516,GORASP2,0.99816525
3517,PTAR1,0.99939823
3518,ACTR10,0.99878156
3519,MED4,0.99965155
3520,BOC,0.9812207
3521,BIN1,0.99889123
3522,UBR3,0.9971946
3523,CXCL16,0.9984199
3524,EIF5B,0.9979391
3525,RAB34,0.99867743
3526,TAOK2,0.9970091
3527,GMFG,0.9961197
3528,FCHSD2,0.9993607
3529,BRAT1,0.9992383
3530,FBXW11,0.999249
3531,PLEKHA6,0.99828404
3532,VPS45,0.9983581
3533,MAN2A1,0.9977299
3534,PLD2,0.9994587
3535,DOCK1,0.9998108
3536,SMPD1,0.9987639
3537,MALL,0.99891603
3538,HELLS,0.999688
3539,OXSR1,0.9994663
3540,ENGASE,0.9989713
3541,ANKRD9,0.9981035
3542,GNPTAB,0.9992668
3543,PON2,0.9993043
3544,SUDS3,0.9989333
3545,GBP5,0.99438775
3546,KLF7,0.9990691
3547,SIPA1L1,0.9991924
3548,TMEM132A,0.9996568
3549,RHBDF2,0.9977018
3550,MTA3,0.99839675
3551,ZCCHC7,0.99929774
3552,EFR3A,0.99933875
3553,BAP1,0.9974747
3554,PPHLN1,0.9981632
3555,ERN1,0.99927634
3556,SASH1,0.9987095
3557,RNF130,0.99960697
3558,SEPHS2,0.9974769
3559,PCMTD2,0.99788725
3560,SEMA3F,0.99721956
3561,MED28,0.99887735
3562,MKLN1,0.9989008
3563,SNRNP40,0.99888885
3564,TMEM94,0.99931765
3565,TRAPPC4,0.99933606
3566,TBX2,0.9979051
3567,WDR90,0.9995616
3568,ATP9B,0.9982015
3569,XPO5,0.9973324
3570,PRDX3,0.99943066
3571,DEAF1,0.9994463
3572,SFI1,0.99943763
3573,IBTK,0.9977535
3574,CAMTA2,0.9991047
3575,PSKH1,0.999557
3576,RRM1,0.9983058
3577,CAD,0.99725246
3578,MFAP4,0.9885769
3579,ZEB2,0.9989028
3580,TMEM263,0.999292
3581,PBX3,0.99541855
3582,SDF2,0.9994942
3583,GLRX3,0.99956214
3584,MAPK13,0.9994283
3585,LSM10,0.9969657
3586,NOMO1,0.9987246
3587,FBXO9,0.9992405
3588,CCDC92,0.998789
3589,RHOD,0.9971552
3590,PGS1,0.9995648
3591,C19orf33,0.99849045
3592,OLFML2A,0.9994054
3593,POFUT2,0.9986373
3594,F2R,0.99936086
3595,BRI3BP,0.9994648
3596,CARD8,0.99930143
3597,JAGN1,0.99909365
3598,KAT2A,0.9995373
3599,TYMS,0.99887055
3600,ZNF335,0.9990635
3601,RNF26,0.99969846
3602,PBRM1,0.9978278
3603,DRG2,0.999143
3604,RNF123,0.9969379
3605,KDM3B,0.9984953
3606,MTHFD1,0.99831754
3607,WDR43,0.99908984
3608,C9orf78,0.99819815
3609,ISG20,0.9988844
3610,NRM,0.9993019
3611,PHYKPL,0.9993951
3612,NABP2,0.99900806
3613,PRRC1,0.9992691
3614,PREB,0.9988729
3615,PDHX,0.9996592
3616,SENP5,0.9989395
3617,PPP2R3B,0.99899423
3618,FAM204A,0.9987093
3619,MFAP2,0.99661237
3620,UBL3,0.9983131
3621,SH3D19,0.9981575
3622,PLIN2,0.9942423
3623,UROS,0.99940825
3624,TLE3,0.9993656
3625,SLC25A13,0.99908686
3626,IFI44L,0.9989799
3627,NSF,0.99977666
3628,ZMYM4,0.99708843
3629,HACD2,0.9995084
3630,RAE1,0.99913347
3631,KPNA1,0.9991751
3632,PILRB,0.9980132
3633,INTS3,0.99802494
3634,ATG3,0.99930894
3635,EXT2,0.9993377
3636,CHTF18,0.9991058
3637,USP20,0.9983653
3638,PILRA,0.99971974
3639,SIN3B,0.9990776
3640,CNOT9,0.99941605
3641,RNF121,0.99936104
3642,PTMA,0.9995273
3643,MED29,0.9991096
3644,CYB561,0.9975649
3645,RIN2,0.998728
3646,ARF5,0.9979061
3647,ACAA2,0.998594
3648,CDC42EP4,0.99894416
3649,LCAT,0.9992625
3650,ARMCX6,0.9988947
3651,IQSEC1,0.99911916
3652,ENTPD4,0.9992547
3653,CHSY1,0.9980774
3654,BCL7B,0.99728125
3655,NEMF,0.9957415
3656,UBR2,0.9988249
3657,STX3,0.9993397
3658,TXNRD1,0.99917775
3659,ZZEF1,0.9970905
3660,ADAMTS2,0.99495745
3661,PCDH7,0.99903023
3662,CEBPG,0.99931335
3663,MFN1,0.9991735
3664,FAM172A,0.99862355
3665,NQO1,0.99912417
3666,LRIG1,0.9985325
3667,UBE2L3,0.99756205
3668,SAMD1,0.99869126
3669,SYTL1,0.9996666
3670,CDK11B,0.99973667
3671,C11orf68,0.99901086
3672,AQP3,0.9978491
3673,IP6K1,0.9993372
3674,AGPS,0.99907905
3675,NSD1,0.99961865
3676,HSPB6,0.996021
3677,NFATC4,0.9988847
3678,C11orf24,0.99922335
3679,PHGDH,0.9983692
3680,SLC7A1,0.9975389
3681,TPD52L1,0.9991763
3682,GYS1,0.99886465
3683,GLMP,0.9975935
3684,CPTP,0.99968064
3685,UBE2N,0.9975662
3686,USO1,0.9994739
3687,EIF1AD,0.99889696
3688,SMARCB1,0.9988532
3689,MYO6,0.9992717
3690,VPS9D1,0.99952155
3691,KCNMB1,0.99853504
3692,RAB4A,0.9991347
3693,LIMK1,0.9993035
3694,USP10,0.99799794
3695,IPO7,0.9970439
3696,EPS15,0.99914867
3697,FBXL15,0.9986912
3698,CCPG1,0.9991685
3699,CYBRD1,0.9948807
3700,AVEN,0.9991282
3701,DNASE2,0.99925214
3702,GNPAT,0.9987866
3703,TTC7A,0.99949855
3704,NABP1,0.9989935
3705,PODN,0.99854004
3706,POGZ,0.99941885
3707,VPS54,0.9990221
3708,PEPD,0.9980833
3709,FILIP1L,0.99557716
3710,RHOQ,0.99916136
3711,SLC1A4,0.99818337
3712,POLA2,0.9996662
3713,TMCO3,0.9993502
3714,PPM1B,0.99923545
3715,AP1S1,0.9995074
3716,POM121,0.9983417
3717,ZNF512,0.9995076
3718,WDR11,0.9993941
3719,SNX33,0.99832726
3720,NCOA6,0.9994937
3721,NDUFS4,0.99868095
3722,MAML1,0.99865925
3723,PTGES,0.99609077
3724,EPC1,0.99592227
3725,ACOT9,0.9985307
3726,MXI1,0.9976346
3727,AGO1,0.9963149
3728,PANK3,0.99857175
3729,THEMIS2,0.9994749
3730,NUP50,0.9954343
3731,NMT1,0.9987048
3732,BRF1,0.99923545
3733,PLEKHA2,0.9989697
3734,NEK9,0.9979788
3735,ABCG1,0.99666834
3736,UGGT1,0.9992671
3737,PTPRG,0.9972717
3738,TMEM120A,0.99928105
3739,PCNX1,0.999454
3740,PEX16,0.99946165
3741,ABCA1,0.99808466
3742,CC2D1A,0.99843884
3743,SYF2,0.99858826
3744,NFKB1,0.99901694
3745,ZDHHC18,0.9989379
3746,MECOM,0.9949052
3747,PSME4,0.9992768
3748,FGF7,0.9984125
3749,NRAS,0.99789584
3750,PERP,0.999339
3751,MMP9,0.99873865
3752,SLC11A2,0.99766237
3753,PPARD,0.99932307
3754,VPS53,0.9993205
3755,SFT2D2,0.99901354
3756,AHNAK2,0.9965469
3757,FAM120B,0.9994095
3758,AKAP8,0.99933493
3759,HIP1R,0.99869335
3760,RASA2,0.99952567
3761,PTDSS2,0.9989041
3762,CBLB,0.9991695
3763,KIF22,0.9991419
3764,SEMA4D,0.9987315
3765,CHST11,0.9990331
3766,RBMS1,0.9992647
3767,CHMP6,0.99631596
3768,LONP2,0.9986676
3769,OBSL1,0.9989352
3770,TSSC4,0.9992939
3771,RARG,0.9990447
3772,EIF2A,0.9990593
3773,COQ8B,0.99916303
3774,LYPLA2,0.99834216
3775,JMJD4,0.99910086
3776,CDC27,0.9956444
3777,RAB11FIP1,0.9995488
3778,EPB41L1,0.99945277
3779,CCDC69,0.99212915
3780,TAF1,0.99868286
3781,KLHDC2,0.99762106
3782,SMIM29,0.9994283
3783,GON4L,0.99909717
3784,RIPOR1,0.9995281
3785,MAPK1,0.99862003
3786,TRAF2,0.9995702
3787,CPEB4,0.99734527
3788,NMD3,0.9988983
3789,SEH1L,0.9992911
3790,PSD,0.9972161
3791,UNK,0.9990488
3792,TOPBP1,0.9991754
3793,PGM3,0.9983595
3794,BLMH,0.9992488
3795,DNTTIP1,0.999078
3796,TMEM167A,0.9993024
3797,NCOA4,0.9975276
3798,TRAK2,0.99899596
3799,FAM104A,0.9990921
3800,CROCC,0.99724865
3801,LRRC14,0.99700546
3802,C19orf25,0.9993167
3803,AP1G1,0.9979782
3804,DMTF1,0.99970216
3805,ATF5,0.9990796
3806,R3HCC1,0.9993351
3807,PPP1R13L,0.9995214
3808,NEDD9,0.9924475
3809,SNX8,0.9992954
3810,CHCHD5,0.997697
3811,STAT5A,0.999359
3812,SPIDR,0.999308
3813,NCOA1,0.9994286
3814,XRN1,0.9987785
3815,NAT9,0.9991361
3816,PTS,0.99883384
3817,PER3,0.9985765
3818,BROX,0.99872607
3819,JADE2,0.999825
3820,TWSG1,0.9970024
3821,PSMD14,0.9991686
3822,C15orf48,0.9943634
3823,ATP2B1,0.99930555
3824,CCDC9B,0.9992379
3825,CDK13,0.9990557
3826,DCTN4,0.99906385
3827,ZCRB1,0.9990184
3828,TIPRL,0.9988688
3829,PSMD6,0.9988381
3830,SWAP70,0.9980299
3831,TIMM10,0.99949074
3832,NRSN2,0.9992937
3833,IMP3,0.9994608
3834,DNAJC15,0.9991646
3835,P2RX1,0.9893317
3836,UQCC1,0.998858
3837,EFEMP1,0.9981508
3838,EP400,0.9990827
3839,PRKCI,0.9973114
3840,ZNF316,0.99933404
3841,PIK3CB,0.9995543
3842,DCUN1D4,0.9995667
3843,NR1H3,0.9993992
3844,BCAP29,0.99907875
3845,SVIP,0.99588835
3846,PLAT,0.9967448
3847,ECSIT,0.99754316
3848,SSH2,0.9991609
3849,UBE2E2,0.99834263
3850,OSBPL10,0.9985536
3851,ISCA1,0.9989115
3852,CCNK,0.9986399
3853,GTF3C2,0.9991827
3854,ZNF638,0.9990071
3855,KRAS,0.999601
3856,BTF3L4,0.9991949
3857,LIG1,0.9978118
3858,USP14,0.9978789
3859,TCF19,0.9993887
3860,NCOA2,0.99901426
3861,P4HTM,0.99923867
3862,SCNM1,0.9993974
3863,OSBPL8,0.99954593
3864,RSRC1,0.9989561
3865,SERTAD2,0.9992096
3866,MPLKIP,0.99914646
3867,SYK,0.9993557
3868,AAAS,0.9987465
3869,NSMCE4A,0.99702775
3870,CD24,0.99926203
3871,UXT,0.9995092
3872,PPRC1,0.99891174
3873,TPBG,0.999385
3874,ELAC2,0.9991859
3875,LCP2,0.99965155
3876,MGAT5,0.996953
3877,KCTD20,0.99858695
3878,RASAL2,0.99883777
3879,ASPSCR1,0.9992398
3880,KPNA6,0.9990951
3881,LGALS8,0.99827176
3882,G6PC3,0.99828416
3883,SLC27A3,0.99902123
3884,APTX,0.9992778
3885,AGAP1,0.9993042
3886,STAG1,0.99909055
3887,GPRC5A,0.9994956
3888,SLC37A1,0.9992714
3889,MLST8,0.9985358
3890,LIX1L,0.9992468
3891,HBS1L,0.9978698
3892,CCDC14,0.99860716
3893,RNF13,0.9989914
3894,CD320,0.9983779
3895,RHOBTB3,0.9688562
3896,SLC25A32,0.9992629
3897,RHOF,0.99784863
3898,JOSD2,0.9983121
3899,CUL1,0.9963538
3900,MCF2L,0.99882394
3901,TMEM106B,0.99832547
3902,PLEKHH3,0.99936515
3903,CREM,0.9990721
3904,ADPGK,0.9990926
3905,PAXBP1,0.9985549
3906,CTDSPL,0.99847806
3907,TNFRSF21,0.9908391
3908,PEX2,0.9996273
3909,CIAO1,0.99892694
3910,CREBL2,0.998803
3911,BTBD3,0.999131
3912,ACKR3,0.99887097
3913,KAT8,0.9989618
3914,DHX37,0.9967469
3915,SFXN1,0.9991223
3916,C12orf10,0.99904
3917,ID4,0.98461354
3918,NSUN2,0.99887216
3919,GUCD1,0.9985528
3920,ATXN1,0.9983448
3921,CMTR1,0.99870527
3922,ALG5,0.9984909
3923,TCF7L2,0.99861586
3924,EBP,0.9985527
3925,PELP1,0.99879056
3926,DLG5,0.99870634
3927,CTDP1,0.99861944
3928,SMG7,0.9985145
3929,HIST1H2BD,0.99572706
3930,UBE3A,0.9991126
3931,MAFB,0.9992302
3932,FLAD1,0.9980093
3933,ZNF148,0.9987756
3934,TBL3,0.99902534
3935,SLC35F5,0.9983883
3936,KANSL1,0.999329
3937,CCDC91,0.999081
3938,ADAM17,0.9986677
3939,LNPEP,0.9965445
3940,SAMD4A,0.99876106
3941,PNP,0.9986451
3942,RELT,0.99969685
3943,AMFR,0.99809134
3944,CDKN1C,0.99876964
3945,EMC1,0.9988879
3946,PDE4DIP,0.999252
3947,ATRX,0.99931985
3948,XPNPEP1,0.9959795
3949,SEMA3B,0.9988357
3950,FOXK2,0.99845475
3951,GPATCH8,0.9993763
3952,PCYOX1,0.99945146
3953,ZNF330,0.99959743
3954,RMND5B,0.9991291
3955,STARD3NL,0.9986579
3956,SDK1,0.999534
3957,AP1S2,0.9948333
3958,UPF2,0.99778014
3959,TAOK3,0.99905264
3960,ACTC1,0.99795324
3961,PPP3CA,0.9993804
3962,ROCK2,0.99918854
3963,MAD1L1,0.9982742
3964,HIPK1,0.9990425
3965,MAN2A2,0.99924934
3966,RPRD1A,0.99933195
3967,HECTD3,0.99934757
3968,TNFAIP3,0.9986781
3969,STX12,0.9995781
3970,SAT2,0.9982883
3971,ABLIM1,0.9992863
3972,DFFA,0.9982584
3973,RABEP1,0.9991897
3974,ELL,0.99913836
3975,C5orf24,0.99946725
3976,STK38,0.9993536
3977,YIPF6,0.9984667
3978,POLE,0.99931777
3979,ANO1,0.9941391
3980,ERG28,0.9994873
3981,FAM49B,0.99900377
3982,CDYL,0.9983196
3983,BRD3,0.9997242
3984,NUP58,0.9990403
3985,ITPR2,0.9995283
3986,MTX2,0.9983653
3987,PPIL4,0.9969543
3988,AOC3,0.9979707
3989,TM2D2,0.9995531
3990,PSMD12,0.9995557
3991,TBRG1,0.9990176
3992,COPS7B,0.9982999
3993,HEG1,0.99929905
3994,SHC2,0.9995187
3995,GNA12,0.9974543
3996,OSMR,0.9988178
3997,CLASP1,0.99955255
3998,RCC1L,0.998711
3999,EHBP1,0.998359
4000,BMS1,0.9991887
4001,FAM53C,0.9985649
4002,RDH10,0.9989483
4003,MLLT10,0.9990783
4004,LHFPL6,0.98612154
4005,ABCB8,0.99876976
4006,ASB1,0.99930364
4007,ZNF106,0.99947417
4008,FABP5,0.9983133
4009,EIF3J,0.9975362
4010,NCBP1,0.9990996
4011,GLIPR2,0.9974588
4012,SLC31A1,0.9947335
4013,STK35,0.99943465
4014,SP100,0.99649894
4015,CLEC11A,0.9991287
4016,KDM2B,0.99843657
4017,ELK4,0.9993988
4018,KMT2A,0.99915236
4019,FGFR1OP2,0.99837875
4020,BCL9L,0.99947566
4021,RABGGTA,0.99849665
4022,CAPN10,0.9992269
4023,PHF2,0.99912053
4024,SLC25A37,0.99927884
4025,RASA1,0.99822223
4026,FAM168B,0.9984423
4027,RAB40C,0.9990225
4028,MCM6,0.9996006
4029,MXD1,0.99956733
4030,NDUFB5,0.9988328
4031,NAT14,0.99919957
4032,PAF1,0.99940956
4033,ATG7,0.99859107
4034,LZIC,0.99876386
4035,PLPPR2,0.99877244
4036,MYO1B,0.99926645
4037,EXD3,0.9995796
4038,MAGEF1,0.9988061
4039,CAMSAP2,0.99875784
4040,ZNF692,0.9989501
4041,RBM33,0.99898356
4042,FYN,0.9995138
4043,EMC3,0.99905443
4044,ZNF331,0.9992421
4045,DUSP6,0.99908626
4046,IGHM,0.995786
4047,GRASP,0.99797124
4048,CCAR2,0.99762404
4049,LOXL2,0.99963605
4050,ALG13,0.9997616
4051,ABCA2,0.9975928
4052,DNAJA3,0.9981987
4053,ARRB2,0.9991478
4054,MAP3K3,0.9894632
4055,ZNF444,0.999565
4056,RBMS2,0.99864864
4057,USP25,0.9991579
4058,NCAPD2,0.9984552
4059,PDPK1,0.99694365
4060,WAPL,0.9995123
4061,DYNLT3,0.9995779
4062,MARS,0.9980389
4063,SSH1,0.9994952
4064,PKP3,0.9995804
4065,FAM122B,0.9990715
4066,VPS41,0.998971
4067,LCOR,0.99925816
4068,UBQLN2,0.9995178
4069,SFSWAP,0.999488
4070,ZCCHC17,0.99930894
4071,CMTM7,0.99970734
4072,ESS2,0.99952334
4073,GORASP1,0.9984611
4074,ALOX5,0.99881095
4075,TRAF3IP2,0.99898446
4076,PAICS,0.9969948
4077,SLC2A8,0.9982482
4078,CRY2,0.9992698
4079,IAH1,0.9983695
4080,KIDINS220,0.99964666
4081,HYAL2,0.9992194
4082,GTF2F2,0.99932605
4083,MECP2,0.99943906
4084,SNCG,0.9992525
4085,ATXN2,0.9989669
4086,PEX26,0.9988694
4087,ECT2,0.9964193
4088,POLR3E,0.99855155
4089,FCHSD1,0.9995526
4090,ARID5B,0.9990037
4091,CREB1,0.9986361
4092,DRAM2,0.9995575
4093,JMJD6,0.99850786
4094,H6PD,0.9992552
4095,ERAL1,0.9991686
4096,HIST1H2AC,0.99859744
4097,PARN,0.9985134
4098,KCNK6,0.99946606
4099,CREBBP,0.99699867
4100,FAT1,0.9989524
4101,NUP93,0.99921834
4102,CREB3L1,0.9983557
4103,CD248,0.997444
4104,ZNF385A,0.994109
4105,ELP6,0.9988085
4106,GNB4,0.99912024
4107,BZW2,0.99940616
4108,MIER2,0.99861443
4109,GFOD1,0.99889535
4110,CEP89,0.999325
4111,BZW1,0.9976425
4112,NOTCH1,0.9991003
4113,ZNF644,0.9986661
4114,HBEGF,0.99654514
4115,LOX,0.9991625
4116,ZC3H3,0.9987699
4117,TANK,0.99944544
4118,ZDHHC4,0.99879247
4119,SORL1,0.99892396
4120,RTF1,0.9993385
4121,GINM1,0.99963486
4122,ZMYND19,0.99912804
4123,DGKD,0.999143
4124,LRP3,0.9970032
4125,EGLN3,0.9994691
4126,CTNNAL1,0.9988157
4127,PDRG1,0.9990074
4128,CYB561A3,0.99936104
4129,PLEKHM1,0.997752
4130,KLF9,0.9962341
4131,ZNHIT3,0.9987615
4132,CENPW,0.9996292
4133,TNFAIP1,0.9989046
4134,STK4,0.9929226
4135,MARCH5,0.99757135
4136,CAMK2D,0.9988092
4137,SSH3,0.99950427
4138,PXDC1,0.9988309
4139,TPGS1,0.9935714
4140,EXOSC10,0.99894917
4141,RALGAPB,0.99891776
4142,PFDN1,0.99905765
4143,LEPROTL1,0.99942034
4144,OSGEP,0.99889314
4145,CLDN1,0.999084
4146,C1orf21,0.99843884
4147,FNIP2,0.99860984
4148,AAR2,0.99951535
4149,ARHGEF11,0.99870825
4150,TNKS,0.99709284
4151,IFFO1,0.9963171
4152,ZFHX3,0.9991821
4153,UBAP2,0.9993288
4154,PUM3,0.9996537
4155,GTF2IRD1,0.99977064
4156,PPIH,0.99902713
4157,TTC37,0.99860364
4158,GGH,0.99981624
4159,PHF11,0.9986334
4160,PDCD11,0.9995247
4161,SUGP2,0.99916726
4162,KRTCAP2,0.9926632
4163,HELZ2,0.99840575
4164,PLA2G2A,0.9969627
4165,POLR3D,0.99833727
4166,OSTM1,0.99847317
4167,PMM1,0.9982069
4168,HMOX2,0.99879426
4169,ZMYND8,0.99933976
4170,RELB,0.99860954
4171,MPDU1,0.99936056
4172,HCLS1,0.9986378
4173,PER1,0.99948347
4174,NF2,0.9985026
4175,FAM199X,0.99853504
4176,MTMR14,0.9990896
4177,RASSF7,0.9993375
4178,SAP30L,0.99869525
4179,GGCX,0.99879867
4180,AIMP1,0.9991293
4181,CTIF,0.9973505
4182,CTSF,0.9991487
4183,STK17B,0.99878424
4184,SH3BP4,0.9990943
4185,ZC3H12A,0.9983023
4186,ZDHHC6,0.99933547
4187,PPP2R3C,0.99943864
4188,RAB9A,0.9961909
4189,PPP4R3B,0.99825364
4190,GYG1,0.99856603
4191,PEMT,0.9989624
4192,HLA-DQB1,0.997677
4193,VARS2,0.9993267
4194,MAN1A2,0.99874985
4195,HAX1,0.9990834
4196,LRRC8A,0.999364
4197,ASS1,0.99880236
4198,NFKBIE,0.99902153
4199,IVD,0.99914247
4200,SLC43A2,0.9984256
4201,TMEM33,0.99769574
4202,SPSB1,0.9988557
4203,DTX3,0.99850285
4204,STK10,0.99942684
4205,SLC7A6,0.9994292
4206,SLC39A6,0.9994527
4207,OSBPL3,0.9994689
4208,SLC26A6,0.9978627
4209,MTHFD1L,0.9994674
4210,ACYP2,0.99873304
4211,NOL3,0.99940187
4212,UCK1,0.9980031
4213,MICA,0.9946168
4214,RPA1,0.997372
4215,KDM4B,0.99886924
4216,BRD8,0.999261
4217,RNF44,0.9988414
4218,CSAD,0.99938786
4219,USB1,0.9984976
4220,HTRA2,0.9989892
4221,ZC3H15,0.999008
4222,UBE4A,0.9992992
4223,TNS2,0.9995324
4224,GIT2,0.99938333
4225,HSD17B11,0.99615586
4226,DPF2,0.9991644
4227,SEL1L3,0.999166
4228,RBP1,0.99927473
4229,SLC39A11,0.9993203
4230,PANK2,0.9994866
4231,DESI2,0.9968664
4232,UFD1,0.9993782
4233,RILPL1,0.99914044
4234,COX7A1,0.9993456
4235,TBC1D16,0.9995702
4236,SETD3,0.9975896
4237,PCGF5,0.9984616
4238,GMPR2,0.99970675
4239,KDM5A,0.9992504
4240,RARRES1,0.9952979
4241,FAM219A,0.9982853
4242,TPST2,0.9994378
4243,CCHCR1,0.9980709
4244,ADA,0.99971426
4245,VPS35L,0.99902314
4246,TAPBPL,0.9987189
4247,LRCH3,0.99949723
4248,TSN,0.9985771
4249,DHX34,0.9995208
4250,RHBDD3,0.99894464
4251,PLCD3,0.9986642
4252,SNRPA1,0.9989306
4253,FOXO1,0.99856126
4254,SCARB1,0.9995801
4255,TSPAN17,0.9995023
4256,TOR1A,0.998621
4257,MCCC1,0.99943525
4258,THRA,0.994998
4259,CDK5RAP2,0.99914247
4260,HERC1,0.99939173
4261,EDEM3,0.99914724
4262,CEP250,0.9996667
4263,ITSN2,0.9989406
4264,RNF41,0.99155676
4265,P4HA2,0.99914896
4266,MET,0.9996108
4267,GALNS,0.9983417
4268,OTUD7B,0.9987232
4269,TOMM70,0.99919814
4270,ANKIB1,0.9989222
4271,PDZD11,0.9980162
4272,CEMIP2,0.99951017
4273,PCF11,0.9994577
4274,ZNF131,0.9992363
4275,ATP6V1C1,0.99929696
4276,CAPN15,0.9978115
4277,INPP5A,0.99918336
4278,SH3YL1,0.9990524
4279,DCAF15,0.99911577
4280,ST6GALNAC4,0.9992878
4281,LMBR1L,0.9995119
4282,ATAD1,0.9991747
4283,SUGT1,0.99323785
4284,MPPE1,0.99902284
4285,TRIM11,0.99908745
4286,DPH7,0.9995201
4287,PREPL,0.9986447
4288,UBALD1,0.9992469
4289,HMCES,0.9996522
4290,SLC30A7,0.9996421
4291,CWC25,0.9990265
4292,HACD3,0.9987874
4293,TULP4,0.9992471
4294,KMT5B,0.99874705
4295,RYBP,0.99892247
4296,POGK,0.99923074
4297,PHC1,0.996088
4298,MICU1,0.99798423
4299,UBFD1,0.9982894
4300,ULK3,0.9976323
4301,SLC4A7,0.9985956
4302,DNAJC11,0.9989978
4303,NFATC3,0.9989953
4304,UBL7,0.99778765
4305,URM1,0.99901515
4306,ACAT1,0.99435294
4307,NECAB3,0.9991624
4308,PPP2R5E,0.9995114
4309,TDP2,0.99853355
4310,NTHL1,0.9976689
4311,MGP,0.99895656
4312,NCKIPSD,0.99930984
4313,GMPPB,0.9991244
4314,VTI1A,0.99954146
4315,TMEM115,0.9927689
4316,ESRP1,0.9989166
4317,ZBTB7B,0.99773633
4318,APPL1,0.99842566
4319,SERINC5,0.99938315
4320,ADGRA2,0.99871075
4321,HADH,0.9988524
4322,GLIS2,0.9992733
4323,EPHB4,0.9985943
4324,ALG2,0.99894416
4325,UTP4,0.9989691
4326,THAP4,0.9983574
4327,FES,0.9994136
4328,AMPD2,0.99946994
4329,VRK3,0.99923384
4330,C12orf75,0.99862635
4331,SCCPDH,0.9950493
4332,TRIP10,0.99836254
4333,STX8,0.99797213
4334,NCEH1,0.9980302
4335,SLC5A6,0.9992566
4336,SECISBP2,0.9988842
4337,PYGO2,0.999122
4338,PLEKHG5,0.99795485
4339,CXCL8,0.9985156
4340,ARRDC2,0.99901897
4341,HSPB8,0.9983144
4342,TNFRSF25,0.99960244
4343,ARFGEF2,0.999482
4344,SH3TC1,0.9987688
4345,TYSND1,0.999483
4346,CERS5,0.9995143
4347,VLDLR,0.9996044
4348,RNF141,0.98116267
4349,ITPRIP,0.9963207
4350,IPO8,0.99892503
4351,SH3BP5,0.99437153
4352,MAP3K5,0.9990484
4353,MSRB1,0.999073
4354,PRC1,0.9979948
4355,FBXL3,0.9987668
4356,DAAM1,0.99801445
4357,ZMYND11,0.99876916
4358,AIDA,0.99633473
4359,TRRAP,0.997876
4360,PIGG,0.99892604
4361,LIMD1,0.9994844
4362,MED21,0.99927866
4363,ALDH3A2,0.9990794
4364,DGKQ,0.9993483
4365,SUMF1,0.9991802
4366,SPG11,0.9992589
4367,FBXL19,0.9995624
4368,SCMH1,0.99829084
4369,FTSJ1,0.9991971
4370,LAMA3,0.998816
4371,WRAP73,0.9983592
4372,UFM1,0.998448
4373,MARF1,0.99953824
4374,GLOD4,0.9985439
4375,GNG11,0.9947108
4376,PCYT1A,0.9968783
4377,BTN2A1,0.9991585
4378,CCSER2,0.99814004
4379,PSMD10,0.9977191
4380,USP48,0.99680805
4381,SERPINE2,0.9947653
4382,MPC1,0.99608374
4383,BTN3A1,0.99457896
4384,CFL2,0.9992901
4385,HUS1,0.99677676
4386,PRKCD,0.9989656
4387,ROBO1,0.9991108
4388,SCAF4,0.99917936
4389,ANKRD12,0.9993701
4390,HSF4,0.99788314
4391,CFAP97,0.9991962
4392,BOD1,0.99925554
4393,FANCA,0.9992963
4394,EPB41,0.9994019
4395,UBR1,0.9990444
4396,SKIV2L,0.99777067
4397,ARID2,0.99887466
4398,AMZ2,0.9991587
4399,FBXO44,0.9986933
4400,BLVRA,0.99929035
4401,DDB2,0.9992361
4402,ALDH18A1,0.9987432
4403,TRAF5,0.99855345
4404,SNX29,0.9981324
4405,CSF1,0.97045135
4406,COQ8A,0.99686444
4407,FMNL2,0.99893093
4408,BRIX1,0.99971044
4409,PDGFA,0.9983122
4410,PTPRE,0.99868995
4411,ACAP1,0.9960362
4412,MRGPRF,0.99856645
4413,C1QTNF6,0.99967015
4414,TEX264,0.9985998
4415,BTN3A3,0.9986927
4416,DGKZ,0.9988017
4417,JAG2,0.9989031
4418,WASHC5,0.9990047
4419,PPP2R5D,0.9989975
4420,CUL7,0.99870664
4421,ANKS1A,0.99943316
4422,POP7,0.9938129
4423,IGSF8,0.9985563
4424,RPF1,0.9975325
4425,ZDHHC24,0.9990612
4426,GEM,0.9991643
4427,MSH2,0.99837524
4428,TMEM238,0.9994097
4429,SLC25A29,0.9985194
4430,SEMA5A,0.99905264
4431,IMPA2,0.9974966
4432,SNRK,0.996693
4433,RUVBL1,0.9989311
4434,ABCD3,0.9991907
4435,ST6GAL1,0.9992143
4436,MTX1,0.9988642
4437,ENTR1,0.9985753
4438,ATP8B2,0.99945414
4439,WIPF2,0.99914896
4440,KIAA0319L,0.9987978
4441,TCEA1,0.998824
4442,GMDS,0.99961156
4443,KMT5A,0.9987203
4444,STRN3,0.9988779
4445,MYO1D,0.9979385
4446,BCL2L13,0.9990301
4447,STAMBP,0.9994828
4448,HDHD3,0.99861413
4449,TMEM158,0.9977498
4450,TMEM101,0.99804604
4451,GNL2,0.99926233
4452,VEZT,0.9982459
4453,RRNAD1,0.9983698
4454,RNF185,0.998628
4455,HDAC3,0.9994596
4456,SIGLEC1,0.99947536
4457,CPSF2,0.9983988
4458,LRSAM1,0.9956306
4459,LPCAT3,0.9996025
4460,FTSJ3,0.9985393
4461,MICU2,0.9971818
4462,HDAC4,0.99902236
4463,CDH5,0.99583495
4464,DHX36,0.99967515
4465,RAP2A,0.9965355
4466,ELK1,0.9994885
4467,MPDZ,0.9994189
4468,PIK3C2A,0.99930876
4469,LRRC32,0.99427843
4470,FBXO28,0.9995104
4471,MCM4,0.998495
4472,INTS10,0.99886733
4473,ABCC3,0.9994974
4474,FRYL,0.9994043
4475,TCHP,0.999646
4476,ATM,0.99953306
4477,SMU1,0.99834424
4478,KRIT1,0.9993579
4479,S100PBP,0.9994302
4480,PRPF39,0.9992574
4481,RAMP3,0.9973613
4482,ZNF524,0.9994257
4483,ALS2CL,0.9996255
4484,SLC11A1,0.99939203
4485,FOXM1,0.99962586
4486,ZFAND1,0.9992525
4487,CMAS,0.9989336
4488,SLC39A9,0.9993738
4489,ACSF3,0.99945384
4490,INPP4A,0.99916106
4491,TFEB,0.9993842
4492,CSGALNACT2,0.99753934
4493,VPS13B,0.99838656
4494,KANK1,0.99888
4495,GPSM1,0.9959265
4496,ITGA2,0.99315804
4497,SART3,0.99911135
4498,ZFYVE27,0.9983093
4499,SMYD5,0.9988092
4500,IGHMBP2,0.99759185
4501,HDAC6,0.99823123
4502,OSBP,0.99893934
4503,PODXL,0.9977667
4504,SLC47A1,0.9982231
4505,AXIN1,0.99846476
4506,ARL8A,0.9990188
4507,ATP6V1H,0.9992491
4508,ZC3HAV1,0.99925625
4509,ORAI2,0.9965822
4510,PRKRA,0.9992498
4511,RHBDF1,0.9980651
4512,GPR137,0.9985527
4513,DENND1A,0.9990524
4514,AIG1,0.99831784
4515,YJU2,0.99895155
4516,QSOX2,0.9993267
4517,TJAP1,0.99823904
4518,USP40,0.99809664
4519,IFIH1,0.9989661
4520,CISD2,0.991224
4521,SPOUT1,0.99947083
4522,DPH2,0.99921286
4523,TCEA2,0.9994949
4524,RTKN2,0.99780065
4525,KLF16,0.9994152
4526,TRAFD1,0.99717253
4527,ZDHHC8,0.99880344
4528,SNTA1,0.9992167
4529,PICK1,0.9993206
4530,METAP1,0.9993246
4531,BAZ2B,0.9996751
4532,NT5E,0.9966785
4533,MVB12A,0.9994162
4534,LDLR,0.9992666
4535,KBTBD2,0.9995898
4536,GLIPR1,0.99861014
4537,AHCTF1,0.99922913
4538,YAF2,0.9986614
4539,NFIL3,0.9974437
4540,CD53,0.9966434
4541,FAM111A,0.99908984
4542,SURF6,0.99951684
4543,KCNK1,0.99940634
4544,MAP1S,0.9981736
4545,YIPF1,0.99895
4546,PAIP1,0.99948156
4547,ST3GAL2,0.99755824
4548,NAE1,0.9976859
4549,DECR1,0.99491036
4550,POLL,0.9992033
4551,FAM118A,0.9996613
4552,DIS3,0.9993391
4553,MGMT,0.99905795
4554,APMAP,0.9928905
4555,UPF3A,0.99840575
4556,SDCCAG8,0.9984153
4557,LIPA,0.99857634
4558,ACOX3,0.9947115
4559,ZDHHC9,0.99849004
4560,AKNA,0.99401075
4561,KRT7,0.9879615
4562,UBL4A,0.99895746
4563,VPS52,0.9993175
4564,FYCO1,0.9991897
4565,TNRC6A,0.99953234
4566,BABAM2,0.99881566
4567,ZBTB44,0.9991163
4568,WIPI1,0.9978649
4569,PLPP5,0.99903136
4570,CD109,0.9989831
4571,MPV17,0.9988249
4572,MACO1,0.99881285
4573,KLHDC8B,0.99872845
4574,NAV2,0.99685943
4575,NF1,0.9991585
4576,VRK2,0.998876
4577,PTPRU,0.9991541
4578,COBLL1,0.99823743
4579,ZNF276,0.99874294
4580,ZNF384,0.99846363
4581,DRAM1,0.998769
4582,COQ9,0.9989524
4583,C2orf68,0.9983676
4584,ZNHIT6,0.99893844
4585,ERVK3-1,0.9984943
4586,HMGXB3,0.99884415
4587,CCNG1,0.9988039
4588,LSM12,0.99926406
4589,PFKM,0.99840623
4590,SNAP23,0.9988588
4591,APBB1,0.9938142
4592,CENPN,0.9990951
4593,PHF23,0.99926406
4594,WDR61,0.9988055
4595,SLC12A9,0.9992258
4596,TSKU,0.9990322
4597,KLC2,0.9978336
4598,NFIX,0.99823034
4599,ENOPH1,0.99919426
4600,ING1,0.9971932
4601,DHX8,0.99954176
4602,COMMD9,0.9987936
4603,SIPA1L3,0.9996313
4604,UTP6,0.99772966
4605,UGGT2,0.99915993
4606,MAP3K7,0.99882424
4607,BBX,0.9949136
4608,SACM1L,0.998147
4609,FBXO42,0.9991711
4610,SORBS2,0.9983047
4611,GART,0.9994448
4612,TRIM25,0.9992572
4613,ING4,0.9992999
4614,DARS,0.9975174
4615,UBN1,0.9987664
4616,PRMT7,0.99901307
4617,PCDH1,0.9994774
4618,EME2,0.99945414
4619,ODF2,0.9993
4620,HIF1AN,0.99885255
4621,EMC6,0.9989052
4622,ATP6V1D,0.99842227
4623,MAST4,0.9990719
4624,SEC23IP,0.9989182
4625,ZNF317,0.99939096
4626,PLPP2,0.9968851
4627,NOL8,0.99940217
4628,MST1R,0.99785024
4629,EZH1,0.9992808
4630,PARP4,0.9987211
4631,TSC22D4,0.9934777
4632,JPH2,0.9971197
4633,HINT2,0.99941826
4634,SLC8B1,0.9996187
4635,TTLL12,0.9995125
4636,TSR2,0.99904126
4637,RECQL5,0.9993726
4638,TRIM33,0.9993452
4639,HECTD4,0.9995042
4640,TENT5A,0.9993142
4641,RNF139,0.99437255
4642,MPHOSPH8,0.9985779
4643,C19orf12,0.99908096
4644,TCOF1,0.99963206
4645,EGLN1,0.99837494
4646,PHTF2,0.99934787
4647,HIC1,0.99773437
4648,ESAM,0.9992863
4649,TFPT,0.9914244
4650,ACVRL1,0.99773055
4651,DNAJB12,0.9991762
4652,MSL2,0.9994432
4653,CITED2,0.9857823
4654,USP1,0.999481
4655,DIP2A,0.99949634
4656,RND3,0.9930153
4657,TUBGCP3,0.9991046
4658,ASF1B,0.9997608
4659,PITPNC1,0.9955946
4660,DDHD1,0.99925554
4661,ITGB8,0.99770576
4662,RUBCN,0.9990986
4663,PLEKHA5,0.9991253
4664,ZC3H14,0.99798393
4665,NT5C3B,0.9988049
4666,KLF5,0.9992959
4667,VPS11,0.99945784
4668,SLC25A44,0.99851036
4669,PWP1,0.99893606
4670,TTC39B,0.9990462
4671,POLR3H,0.99913996
4672,APOL3,0.99850285
4673,C4orf48,0.9955455
4674,DIAPH2,0.9989481
4675,SLC30A1,0.9968147
4676,DUSP7,0.9948532
4677,LRRC58,0.9989749
4678,VASN,0.99889165
4679,ITGA7,0.99891984
4680,NAPG,0.9996023
4681,ZNF688,0.9927462
4682,PDIA5,0.99958193
4683,SCARA3,0.99868107
4684,ABHD11,0.99845564
4685,SCRN2,0.9988782
4686,ADK,0.9994632
4687,BIRC5,0.9987868
4688,UTP11,0.99939525
4689,KLHDC7B,0.996315
4690,GSE1,0.9964488
4691,CDT1,0.9995245
4692,IARS,0.99961424
4693,FHL3,0.9974041
4694,AKAP11,0.9969449
4695,RRAGA,0.9992548
4696,ACOT8,0.9992279
4697,CLIP2,0.9970516
4698,ALDH3B1,0.9988497
4699,CLEC2B,0.9983509
4700,ATE1,0.9992547
4701,UQCR11,0.9951811
4702,C12orf49,0.9991314
4703,FAM83H,0.99816734
4704,ATF6B,0.9981569
4705,HSD17B4,0.99899685
4706,TBC1D14,0.9995449
4707,CXCL9,0.98580086
4708,NSMCE1,0.9994292
4709,ALDH2,0.9984938
4710,PHF13,0.99898785
4711,MXD3,0.9948675
4712,KIAA0232,0.9992527
4713,FDX1,0.99717987
4714,CCL18,0.9974696
4715,DYRK2,0.9982728
4716,TP53INP1,0.9984638
4717,NUP205,0.99880743
4718,VPS8,0.9989961
4719,MALSU1,0.9942279
4720,DHX35,0.99931335
4721,B3GALT6,0.9989732
4722,PPME1,0.9996583
4723,ELMO2,0.9986707
4724,FARSB,0.99838704
4725,C20orf27,0.9975001
4726,MAML2,0.99924153
4727,RAC2,0.99884874
4728,HS6ST1,0.9983969
4729,DGLUCY,0.9981434
4730,MMP12,0.99874866
4731,ZBTB48,0.9991689
4732,FADS1,0.9985523
4733,NEGR1,0.99537814
4734,SLC50A1,0.9985964
4735,RHPN1,0.99917287
4736,ASMTL,0.99940205
4737,VEZF1,0.99723786
4738,XPR1,0.99938023
4739,MRNIP,0.9980463
4740,TMEM175,0.9992918
4741,MTOR,0.99933225
4742,MID1,0.9993221
4743,CRLS1,0.9992298
4744,FN3KRP,0.9872662
4745,DCBLD2,0.99933594
4746,CHD8,0.99917203
4747,CBLC,0.99952346
4748,STK39,0.9990243
4749,MAP3K13,0.9991455
4750,ECHDC1,0.99815416
4751,TMEM185A,0.99888295
4752,SNN,0.998078
4753,GTF2A1,0.9991773
4754,BACH1,0.9984541
4755,UXS1,0.99918973
4756,SLPI,0.9984835
4757,MLPH,0.9994466
4758,COG1,0.99859744
4759,NOC4L,0.99925727
4760,KCTD13,0.99967396
4761,IER5L,0.99796283
4762,NR2C1,0.99927795
4763,TMCO4,0.99796426
4764,ADCK5,0.9996483
4765,POM121C,0.9989022
4766,LRRC45,0.9992916
4767,SMC3,0.9983576
4768,DIP2C,0.99962884
4769,CETN2,0.9986709
4770,WDR77,0.9992027
4771,RRAS2,0.9991442
4772,SOS1,0.99933034
4773,ACTL6A,0.9982201
4774,ZBTB20,0.9996192
4775,VTI1B,0.9993326
4776,ZNF195,0.99955004
4777,ITGA11,0.9993596
4778,MYO15B,0.9989645
4779,ME3,0.9986683
4780,EXOSC2,0.99934304
4781,TEAD3,0.99767435
4782,TP53I3,0.9986701
4783,TOMM34,0.9993
4784,EIF3E,0.9954364
4785,TDG,0.9994377
4786,PRKAB1,0.9992119
4787,EZH2,0.99867964
4788,TBC1D5,0.9990775
4789,GTF2H1,0.9994629
4790,CES2,0.99864596
4791,DIP2B,0.99616843
4792,PIP4K2A,0.9978258
4793,RFC4,0.998534
4794,DOCK6,0.9989557
4795,RFXANK,0.9993571
4796,MFSD11,0.9985305
4797,EEF2K,0.99883235
4798,INPP5B,0.9995774
4799,NOL10,0.9976988
4800,ARFGEF1,0.9988071
4801,GRPEL1,0.99912417
4802,MAPK8,0.99932563
4803,TTL,0.998903
4804,MTCL1,0.9984962
4805,PITPNM2,0.99931085
4806,PPIP5K2,0.9994257
4807,TMX3,0.9985998
4808,CISD1,0.99875623
4809,RCOR3,0.9982475
4810,XPO7,0.9988469
4811,CRKL,0.9993864
4812,NUSAP1,0.99911845
4813,COPZ2,0.9968251
4814,RAB25,0.9978464
4815,TOP3B,0.9991153
4816,GABBR1,0.99935687
4817,NOL9,0.9986272
4818,POP5,0.99928826
4819,PCED1B,0.9986882
4820,LIN7C,0.9972059
4821,SYNE1,0.99712867
4822,ZNF586,0.9988531
4823,PRKCZ,0.99900186
4824,RBM47,0.99836063
4825,ZNF76,0.99589175
4826,CNKSR3,0.99805975
4827,PRCP,0.99952567
4828,ISG20L2,0.99793565
4829,IDH3A,0.99890107
4830,DDX51,0.99939996
4831,ZNF282,0.9989449
4832,TNFRSF1B,0.9988926
4833,NTAN1,0.9996111
4834,NEURL1B,0.99968433
4835,CPSF3,0.9984814
4836,RORA,0.9994065
4837,RAD9A,0.999261
4838,CFAP20,0.9989443
4839,FAM168A,0.9982619
4840,MAPKAPK3,0.9980277
4841,VPS72,0.98326504
4842,DCAF6,0.9994035
4843,CBFA2T2,0.99904853
4844,LRRC42,0.99917877
4845,RNF20,0.9965563
4846,SLIT3,0.99395466
4847,LTA4H,0.9994019
4848,EPRS,0.99855435
4849,TMEM106C,0.9966238
4850,TRIB2,0.99749696
4851,UBE2V2,0.99924505
4852,DEXI,0.9981292
4853,LYPLAL1,0.9977444
4854,UAP1,0.99960935
4855,SPRY1,0.99535865
4856,RFC1,0.9994963
4857,SETD2,0.998446
4858,TRAPPC6B,0.9988699
4859,EXTL3,0.9994925
4860,GTF3C3,0.9994464
4861,RREB1,0.99825394
4862,IGHG2,0.9819337
4863,CLCN3,0.99910164
4864,SH3BP5L,0.99802864
4865,TACC3,0.99949133
4866,PRKG1,0.99533576
4867,LSM6,0.99928427
4868,SLC40A1,0.9885313
4869,FRA10AC1,0.998164
4870,CCDC82,0.99937105
4871,WDR41,0.9982006
4872,SNX21,0.99823296
4873,VPS13D,0.9981244
4874,GNB5,0.9991168
4875,GSDMB,0.9991163
4876,EIF2D,0.99857205
4877,LPIN1,0.99861306
4878,WDR59,0.99963295
4879,APBB3,0.99788845
4880,UBLCP1,0.9994009
4881,PYGL,0.9995184
4882,EIF4ENIF1,0.9991349
4883,B4GALT7,0.99940664
4884,NCAPD3,0.99912673
4885,HSD17B12,0.9994173
4886,SMNDC1,0.99881727
4887,DCUN1D2,0.998469
4888,MS4A6A,0.99860847
4889,RNF19A,0.9995407
4890,TMEM181,0.9989765
4891,KCTD3,0.9983002
4892,PKDCC,0.99749166
4893,KCTD17,0.99880457
4894,EMP2,0.99899495
4895,SWI5,0.9990338
4896,DHX40,0.9993765
4897,SRPRB,0.99927616
4898,COA5,0.998278
4899,AKIRIN2,0.9993502
4900,DERL3,0.99843585
4901,IL10RA,0.99748933
4902,RNF34,0.99956053
4903,NEK6,0.99910194
4904,RAB24,0.9987984
4905,LRFN4,0.99931127
4906,STXBP3,0.9988182
4907,LPIN2,0.99625933
4908,WDR81,0.9988574
4909,IREB2,0.99935865
4910,B4GALT4,0.9996096
4911,ADCY3,0.9990525
4912,SPATS2,0.9988122
4913,SEC23B,0.99919826
4914,MTMR12,0.9987794
4915,RNF166,0.99938047
4916,TARBP1,0.99936706
4917,VBP1,0.999177
4918,GMIP,0.99622726
4919,DNAJA2,0.99862367
4920,CCDC85C,0.9976042
4921,SECTM1,0.9986211
4922,KIAA0355,0.9993926
4923,SIK2,0.9975921
4924,SMAP1,0.9987339
4925,MMAB,0.99936616
4926,PDCD10,0.9939071
4927,YTHDF3,0.9990306
4928,SEC24B,0.9996287
4929,RUFY2,0.9985582
4930,MPZL2,0.9988921
4931,ZNF292,0.9986714
4932,CUL4B,0.99935836
4933,PGM2,0.9990303
4934,MTERF4,0.99921477
4935,ZNRF1,0.9990007
4936,NPRL3,0.9978463
4937,KLHL36,0.99808216
4938,ACSL4,0.99834883
4939,GJC1,0.99656695
4940,USP16,0.9982995
4941,COMMD5,0.9978961
4942,SESN3,0.99920386
4943,WDFY2,0.99935234
4944,OOEP,0.99890596
4945,ATG4D,0.9962999
4946,CAMK1D,0.9988445
4947,EPS8,0.9978572
4948,USP6NL,0.9983714
4949,TTC9C,0.9981785
4950,AEBP2,0.9975956
4951,CD58,0.99939555
4952,ZNF703,0.99928886
4953,SLC48A1,0.9995319
4954,ENOSF1,0.9992998
4955,KYAT3,0.9993378
4956,TMEM70,0.9987012
4957,SOX13,0.99911594
4958,EBF4,0.9989355
4959,RTKN,0.9988254
4960,CHMP7,0.9990446
4961,UQCRFS1,0.9982648
4962,ORAI1,0.9990072
4963,AMIGO2,0.99947727
4964,FAM76B,0.9995124
4965,SLC35B1,0.99853915
4966,XRCC1,0.9979738
4967,CNPPD1,0.9987667
4968,EPHA2,0.99770176
4969,USP12,0.99884546
4970,ALG12,0.9992691
4971,AKAP6,0.9973838
4972,C11orf49,0.99686897
4973,DTYMK,0.9987583
4974,FAM107B,0.99950314
4975,TFDP2,0.99913704
4976,ATMIN,0.9994235
4977,ZC3H13,0.99844897
4978,LAD1,0.999228
4979,FGFRL1,0.9995163
4980,CEP104,0.9991833
4981,TINF2,0.9994113
4982,ZNF362,0.99923784
4983,EIF2B4,0.9984953
4984,EMC9,0.9985604
4985,TNRC6B,0.9982756
4986,THBS3,0.99926484
4987,PRR12,0.99899185
4988,RPAIN,0.9992504
4989,GLI4,0.99805385
4990,AHI1,0.9983182
4991,DCHS1,0.9931656
4992,ORMDL2,0.99726677
4993,ARHGAP26,0.9993707
4994,MSH6,0.9986035
4995,LYRM4,0.99879855
4996,NUMBL,0.9983921
4997,PNPO,0.9989746
4998,CYTH4,0.99942017
4999,PRKAR1B,0.9990767
5000,MEIS2,0.9996762
5001,POLR1A,0.9987887
5002,AVPI1,0.9950651
5003,DDA1,0.99920386
5004,TUFT1,0.99770415
5005,PPOX,0.9990689
5006,CDH3,0.99732274
5007,ETV3,0.99934185
5008,CERK,0.99819183
5009,IFI27L2,0.9987898
5010,TANC1,0.9995618
5011,SLC25A25,0.9971405
5012,MEGF6,0.9992838
5013,SPG7,0.9981211
5014,BCL2L11,0.9992839
5015,P2RX4,0.99868315
5016,FUCA2,0.9991366
5017,ATF2,0.99776316
5018,PSD4,0.9954877
5019,TPCN2,0.9988209
5020,TUBB2A,0.99910355
5021,YES1,0.99917346
5022,YIPF5,0.99760264
5023,TCF21,0.9953434
5024,GCLC,0.99867314
5025,RFX2,0.9961007
5026,BICD1,0.99665177
5027,CDK12,0.99872035
5028,PDPR,0.99873054
5029,UNC50,0.99893314
5030,SPOCK1,0.99808854
5031,PREP,0.99727523
5032,RFWD3,0.9989557
5033,URB1,0.9997047
5034,RECQL4,0.99948704
5035,P3H4,0.9995939
5036,HDDC2,0.99901307
5037,NREP,0.9996479
5038,MATN2,0.99856126
5039,ABLIM3,0.9989203
5040,UNC13B,0.99899256
5041,MTIF3,0.9988569
5042,CPXM2,0.9966877
5043,TMEM176A,0.99689615
5044,TMEM9B,0.9987341
5045,PAQR7,0.9963194
5046,EIF2AK4,0.996216
5047,SNAPC3,0.99856234
5048,TFCP2,0.999307
5049,EPM2AIP1,0.99781686
5050,DESI1,0.9988885
5051,NCAPG2,0.99895066
5052,PHF12,0.9985439
5053,TRIM65,0.9985851
5054,UAP1L1,0.99916494
5055,ARHGAP18,0.99888766
5056,DENND2D,0.9990532
5057,FAN1,0.99918234
5058,LHPP,0.99824494
5059,GOLPH3L,0.9969611
5060,SMAD5,0.99914885
5061,AMOTL2,0.99486876
5062,DDX18,0.99863464
5063,CHAF1A,0.9991385
5064,CRYBG1,0.99938333
5065,HPS4,0.9996206
5066,STAP2,0.99916553
5067,MAP3K8,0.9980717
5068,TEDC1,0.99915504
5069,HCST,0.9987653
5070,PPIC,0.99678373
5071,RFC2,0.9979804
5072,SRRM1,0.99600446
5073,MELTF,0.99864656
5074,TAF12,0.9984304
5075,EXOC6B,0.99700755
5076,CEP170,0.99867785
5077,MEIS1,0.9990904
5078,TUSC3,0.9975427
5079,NUP153,0.9996616
5080,EBPL,0.99853915
5081,IQGAP3,0.99900264
5082,SNAPC2,0.9985422
5083,PPP3CC,0.9985008
5084,ABCD4,0.9991106
5085,ARNT,0.9992517
5086,CHST15,0.99957865
5087,TBC1D25,0.9985922
5088,RNF146,0.9972045
5089,DVL2,0.9970296
5090,TBCC,0.9995529
5091,MSTO1,0.9991318
5092,JMY,0.99911773
5093,SNX14,0.99719936
5094,NIT2,0.9987682
5095,RPIA,0.9990007
5096,CCDC86,0.99836445
5097,INPP5D,0.9991147
5098,GK5,0.99845874
5099,EPB41L3,0.99694586
5100,FAM160A2,0.9976493
5101,GFPT1,0.99947965
5102,IL17RC,0.99760264
5103,LGR4,0.99817765
5104,SNRPE,0.9964679
5105,VSIG4,0.99552727
5106,GFER,0.99915856
5107,NEK4,0.9986432
5108,MPEG1,0.99674225
5109,GGACT,0.9991331
5110,TRAF3,0.9976719
5111,CCDC9,0.9988297
5112,CELF2,0.999032
5113,MED14,0.9989939
5114,KRR1,0.99905336
5115,MALT1,0.999277
5116,FAM189B,0.9975073
5117,CRLF3,0.99863434
5118,IKBKE,0.9981011
5119,POPDC2,0.99623835
5120,LRBA,0.9991373
5121,NT5DC3,0.99808073
5122,DDX19A,0.99589765
5123,EIF4E3,0.99877894
5124,AACS,0.9978365
5125,MUL1,0.9980427
5126,DDX55,0.999379
5127,TRIM69,0.9992324
5128,NEBL,0.9992056
5129,DHCR7,0.9972394
5130,TRUB2,0.9986206
5131,LAMTOR3,0.99900615
5132,RARA,0.99705714
5133,SCAMP1,0.9989437
5134,CDK9,0.9991978
5135,CCZ1,0.99745256
5136,OAT,0.99813414
5137,YDJC,0.99932945
5138,SERTAD3,0.9987613
5139,ITGAX,0.9990301
5140,PROSER1,0.99913627
5141,ZC3H18,0.99899113
5142,CERS6,0.99890554
5143,GSR,0.9997281
5144,TRIM41,0.9990347
5145,MPHOSPH10,0.99802715
5146,SIX5,0.99916553
5147,DLG3,0.99904996
5148,TIMM9,0.9967376
5149,ORC4,0.99891424
5150,MRGBP,0.99905694
5151,RCE1,0.99878675
5152,TM7SF3,0.99872607
5153,DCAF12,0.9989046
5154,CACNB3,0.9994179
5155,NAGA,0.9984872
5156,PLK1,0.99905837
5157,SAMM50,0.99876326
5158,RMC1,0.9955729
5159,SGCE,0.99333715
5160,XIAP,0.9995022
5161,ATG2A,0.9959835
5162,KIFAP3,0.9990865
5163,CDC42EP5,0.9995268
5164,BCL2,0.99788636
5165,KCTD5,0.9986118
5166,HIP1,0.999642
5167,ERMP1,0.9986389
5168,FAM193A,0.99817055
5169,PM20D2,0.9990448
5170,SQLE,0.9994259
5171,PDS5B,0.99888295
5172,FZD6,0.99883497
5173,TAF11,0.99858475
5174,MAP3K14,0.9973229
5175,NACC2,0.99909383
5176,UCHL3,0.9989012
5177,SSC5D,0.9970409
5178,SETD7,0.9967454
5179,EOGT,0.9954649
5180,CBY1,0.9965742
5181,DYSF,0.9994348
5182,FER,0.99561054
5183,LMBRD1,0.999156
5184,ANAPC1,0.9989271
5185,ZWINT,0.9952553
5186,TMEM140,0.9930565
5187,SPHK2,0.9981289
5188,ARMH3,0.99931467
5189,ULK2,0.9886737
5190,CEP164,0.99847394
5191,OGFOD3,0.99921054
5192,CDC26,0.9980264
5193,NUP54,0.99822026
5194,ATRN,0.9984194
5195,HERPUD2,0.9980731
5196,SERPINB9,0.99553716
5197,WDR36,0.99928933
5198,TMEM14A,0.99842817
5199,ADCY6,0.9989728
5200,AP3M1,0.999272
5201,EXOSC4,0.99897337
5202,TSPAN2,0.9939985
5203,ELMSAN1,0.99912417
5204,CCNYL1,0.99886644
5205,KREMEN1,0.9996203
5206,DNAJB14,0.9988023
5207,SEC22C,0.9967472
5208,SDE2,0.99908686
5209,ZNF346,0.9990503
5210,MEX3D,0.9994353
5211,PDZD8,0.9990219
5212,LMBR1,0.9983857
5213,SMYD2,0.99835044
5214,UVSSA,0.9988882
5215,CEBPZOS,0.9993063
5216,ADPRHL2,0.9986068
5217,BPGM,0.99904263
5218,MAPKBP1,0.9995445
5219,IRF2BPL,0.99945104
5220,ACTB,0.9978694
5221,COG2,0.998633
5222,BLOC1S2,0.9968268
5223,CDK14,0.9979779
5224,RAP1GDS1,0.9988677
5225,SRPX2,0.9993782
5226,TRIM37,0.99937963
5227,BFAR,0.9993518
5228,PHACTR4,0.9987836
5229,RAB3GAP2,0.998032
5230,SAPCD2,0.9986706
5231,MCRIP2,0.99870634
5232,ADA2,0.9966773
5233,ING5,0.99931526
5234,GLE1,0.9997443
5235,CHD6,0.99956274
5236,LARP7,0.9977252
5237,DMXL1,0.9984199
5238,NOP2,0.99922115
5239,STRN,0.9986156
5240,SMARCD1,0.9991056
5241,TMCC1,0.99808675
5242,STX2,0.99844265
5243,USP19,0.9990879
5244,FMNL1,0.9967105
5245,LDLRAP1,0.99920434
5246,TRAPPC5,0.9945305
5247,NCBP3,0.99693763
5248,SDC2,0.99884206
5249,TAF6L,0.99910414
5250,MBD5,0.9992542
5251,ZNF3,0.99867165
5252,CLEC2D,0.99135554
5253,FAM8A1,0.9990039
5254,SF3B4,0.999338
5255,STIM2,0.99890697
5256,FBXW7,0.9954139
5257,ANAPC4,0.9992461
5258,COL14A1,0.99773514
5259,PIK3CD,0.99936163
5260,SLC7A6OS,0.9984638
5261,TCN2,0.9981531
5262,AVL9,0.99954355
5263,TNFRSF10B,0.9990716
5264,TEN1,0.9992716
5265,SLC35B3,0.9992136
5266,ACADM,0.99908954
5267,BOD1L1,0.9993452
5268,CEBPZ,0.9983158
5269,USP31,0.9993928
5270,SNX4,0.9962247
5271,PIP4K2C,0.99678165
5272,RHOU,0.9953313
5273,SOD2,0.99907905
5274,PARVG,0.9989468
5275,CD40,0.99897784
5276,CD52,0.9990428
5277,CACNA1H,0.99770164
5278,ZNF24,0.999166
5279,NUP88,0.99871665
5280,TP53BP1,0.9991352
5281,ERGIC2,0.99555653
5282,FBXL17,0.99761456
5283,IFT43,0.997962
5284,MCCC2,0.9997034
5285,PLXNA2,0.9991124
5286,SIRPA,0.9990894
5287,ITCH,0.998229
5288,RMDN1,0.99867314
5289,CTPS1,0.9969303
5290,SOS2,0.99680966
5291,NDUFAF2,0.9976689
5292,NDUFA4,0.99843085
5293,HAT1,0.9966667
5294,POLM,0.9989341
5295,RAB3D,0.9996378
5296,DDX11,0.99942225
5297,TMEM199,0.9991102
5298,RNF169,0.9993569
5299,STRBP,0.9982263
5300,RPUSD1,0.99941385
5301,CX3CL1,0.99883807
5302,GPC4,0.9944464
5303,PSMG4,0.9974262
5304,MED12,0.9989998
5305,RASSF5,0.99873525
5306,ELOA,0.9990202
5307,TBC1D15,0.99930465
5308,AP3B1,0.9996549
5309,PGM5,0.99822867
5310,TMEM126B,0.9970465
5311,ANLN,0.9992504
5312,SGPP1,0.99638397
5313,RBMX2,0.9955341
5314,EXOSC8,0.9990198
5315,POLR3A,0.9985336
5316,CEP57,0.9993246
5317,CHCHD7,0.99892634
5318,SLC26A3,0.998139
5319,SCFD1,0.9985099
5320,ANO9,0.9954438
5321,RSL24D1,0.9989421
5322,BTBD7,0.9956325
5323,BRD1,0.99946946
5324,ZSWIM4,0.9987358
5325,NOD1,0.99906576
5326,CEP131,0.9985234
5327,BMP2K,0.9987057
5328,TP53INP2,0.9987518
5329,DNTTIP2,0.9995426
5330,EML2,0.9982003
5331,PPP1R13B,0.9994365
5332,CACNA1C,0.99501264
5333,KDM7A,0.9995181
5334,ADNP2,0.99787825
5335,CASKIN2,0.99952585
5336,ADGRL2,0.99882823
5337,MLLT3,0.9994319
5338,AGFG1,0.9989359
5339,C1orf35,0.99804765
5340,DLST,0.99868
5341,ZNF264,0.99774706
5342,IARS2,0.9990967
5343,SLC8A1,0.99848
5344,ARHGEF40,0.99765027
5345,ARMC10,0.998655
5346,GAPVD1,0.9995068
5347,PIAS1,0.999622
5348,CNOT6,0.9996883
5349,LIG3,0.9981724
5350,DNMT3A,0.99868184
5351,FAM214A,0.9995736
5352,KITLG,0.99884415
5353,CASZ1,0.9984659
5354,CNTN1,0.9981855
5355,SNX13,0.9984126
5356,PAN2,0.99951696
5357,KAT7,0.998922
5358,ZFP90,0.99932593
5359,SRGAP1,0.9982184
5360,TOMM20,0.99729836
5361,COPS3,0.9991602
5362,NR3C1,0.9996306
5363,MCM2,0.99883157
5364,GNA15,0.9914303
5365,PYCR1,0.99908555
5366,QSER1,0.9992796
5367,MCUR1,0.9991738
5368,ZNF90,0.9962986
5369,PEX14,0.9992918
5370,SAP25,0.99951875
5371,RUSC2,0.9985493
5372,KIAA1143,0.9969157
5373,RUFY3,0.9985399
5374,NFRKB,0.99902165
5375,RCOR1,0.999403
5376,TRMT61A,0.9994933
5377,DGKH,0.9979351
5378,FUT11,0.9987528
5379,CAPRIN2,0.99715996
5380,KCNAB2,0.9982282
5381,PCNX4,0.99770087
5382,PACSIN3,0.9870869
5383,BIN3,0.9991482
5384,IFT57,0.9921549
5385,PLXDC1,0.9989239
5386,SMIM14,0.9975196
5387,DMD,0.99910766
5388,FUNDC2,0.9986205
5389,SH2B3,0.992307
5390,HLA-DOA,0.99424964
5391,TK1,0.99868107
5392,RHBDD1,0.9989824
5393,REV1,0.9978031
5394,CDC5L,0.9985348
5395,PIK3IP1,0.9984102
5396,SGCA,0.9988427
5397,SRSF8,0.9985096
5398,ZBTB11,0.9982499
5399,TSPAN1,0.99922657
5400,SMUG1,0.99839497
5401,COMMD10,0.9985806
5402,DMXL2,0.9988142
5403,PRKX,0.9974536
5404,MAGOHB,0.99711686
5405,AQR,0.99858457
5406,NUP155,0.9994171
5407,TSPAN13,0.997842
5408,PHKB,0.99898005
5409,GAB2,0.9989213
5410,PTBP2,0.9988235
5411,HDHD2,0.999345
5412,THAP11,0.99834025
5413,NTPCR,0.99865377
5414,CNOT6L,0.9991584
5415,VSIG10,0.9993016
5416,BRPF3,0.9987453
5417,MGST2,0.99731654
5418,PEX13,0.99786836
5419,ADAM33,0.9995351
5420,KLC4,0.9992267
5421,SURF2,0.998909
5422,SNAP29,0.9988322
5423,ELP1,0.99928886
5424,PAFAH1B3,0.99899083
5425,LAMA2,0.9984387
5426,CDKAL1,0.99534863
5427,PPIG,0.9995097
5428,MTURN,0.99913967
5429,GOSR1,0.99895775
5430,PSMC1,0.9965997
5431,ZNF394,0.99882203
5432,NOP14,0.99901307
5433,RNF138,0.99914837
5434,ZKSCAN8,0.99788874
5435,NAB2,0.9988569
5436,MAP3K4,0.9987753
5437,BOLA3,0.99848765
5438,COL27A1,0.9986771
5439,PCK2,0.9992997
5440,ATAD2,0.99939364
5441,NAT10,0.9984606
5442,CDIP1,0.997223
5443,ANKRD28,0.9988368
5444,SELENOI,0.99978435
5445,APIP,0.99868
5446,KMT2D,0.99450696
5447,CAMK2G,0.9992279
5448,OGFRL1,0.9985092
5449,JDP2,0.9859521
5450,SMG6,0.99927187
5451,TRAPPC2,0.9991781
5452,DCAF10,0.99846
5453,SESN2,0.99912137
5454,WDR73,0.9930248
5455,TOB2,0.9989397
5456,MTMR2,0.9982281
5457,LRP5,0.9992646
5458,HEATR5B,0.99951375
5459,GPSM3,0.9967438
5460,S1PR3,0.9978956
5461,RMDN3,0.99926394
5462,GFM1,0.99520844
5463,STK17A,0.9993955
5464,SLC39A4,0.99911976
5465,MTMR3,0.99930227
5466,ALG8,0.99859226
5467,CACTIN,0.99938124
5468,NR4A3,0.9958471
5469,NUCB2,0.99830353
5470,CAT,0.99911535
5471,RICTOR,0.9974963
5472,PIK3C2B,0.99911535
5473,PSMG1,0.99923867
5474,HPRT1,0.9993518
5475,BAG2,0.99896747
5476,DOCK8,0.9975287
5477,TBC1D2,0.99941075
5478,ANKRD50,0.9988122
5479,RETSAT,0.9995095
5480,ABT1,0.9977748
5481,AC118549.1,0.9984406
5482,PWWP2B,0.9992983
5483,SP1,0.9990816
5484,ZNRD1,0.99867904
5485,WWP1,0.99854994
5486,OTULIN,0.9986211
5487,PPL,0.9992277
5488,IRF2,0.9983138
5489,APBA3,0.99921334
5490,MYH10,0.99861157
5491,AGBL5,0.998182
5492,HEMK1,0.99880284
5493,VAMP7,0.997441
5494,ZC3H7A,0.9993545
5495,ANXA3,0.9979392
5496,ZNF263,0.9994987
5497,ABHD4,0.99673176
5498,IL17RA,0.9992523
5499,CTC1,0.9976756
5500,RIC1,0.9990641
5501,GATC,0.99895537
5502,EPPK1,0.9949452
5503,AKIP1,0.99850845
5504,TBL1X,0.99951774
5505,PNMA1,0.9963813
5506,MIF4GD,0.9950339
5507,GALNT12,0.9983338
5508,RNF135,0.99950874
5509,CDK17,0.9991478
5510,UCHL5,0.9918722
5511,MYO5A,0.9988615
5512,TEPSIN,0.9984131
5513,ZNF800,0.99945927
5514,RAB32,0.97350806
5515,ERI1,0.99947107
5516,PYM1,0.99870235
5517,OFD1,0.99950695
5518,PUS1,0.99939334
5519,BICRAL,0.9986111
5520,ENDOD1,0.99341184
5521,C5AR1,0.99952126
5522,PRDM1,0.9979828
5523,ANKS6,0.9990686
5524,PIP4P1,0.9990878
5525,AGO3,0.9987806
5526,TRIM4,0.9959753
5527,TMEM41A,0.99862814
5528,PRELP,0.9980404
5529,PLK2,0.9988867
5530,SLC38A5,0.9991832
5531,SMAD7,0.9970522
5532,AP3M2,0.99896395
5533,GPC6,0.9980165
5534,FCHO2,0.9980308
5535,LDLRAD4,0.9980707
5536,SLC25A46,0.99871886
5537,P4HA1,0.99941045
5538,MMP23B,0.9989216
5539,TMF1,0.99608105
5540,SLC30A5,0.9989699
5541,RABIF,0.99685544
5542,RC3H1,0.99848825
5543,CLIC3,0.99913216
5544,JARID2,0.9982767
5545,PTGS2,0.9986097
5546,DEF6,0.9991886
5547,USP24,0.99740344
5548,SINHCAF,0.99832594
5549,LDB1,0.9987196
5550,ABHD5,0.9994443
5551,EPC2,0.9987401
5552,MGAT4A,0.9983953
5553,ATG2B,0.9971919
5554,CCDC97,0.99871385
5555,HMOX1,0.9984797
5556,MITD1,0.99896336
5557,COL5A3,0.99804384
5558,RPTOR,0.99895036
5559,ZNF768,0.9992315
5560,UBXN2A,0.9987761
5561,CNIH4,0.99542063
5562,TXNRD2,0.99896395
5563,GSKIP,0.99885213
5564,CCNB2,0.9994275
5565,HPF1,0.9983608
5566,TMEM204,0.9944329
5567,TTLL3,0.99553317
5568,SLC37A3,0.99896705
5569,MAP2K4,0.9947108
5570,ATL2,0.9982344
5571,ARHGAP32,0.99960107
5572,CD209,0.9986706
5573,PPP2R5B,0.9991933
5574,CEP192,0.99923265
5575,COX19,0.9989292
5576,MTR,0.99937266
5577,TPRN,0.9991654
5578,AUH,0.9968668
5579,C1RL,0.9970228
5580,SYNJ2,0.9996824
5581,SYNRG,0.9980513
5582,TMEM63B,0.9984592
5583,ZNF707,0.99946404
5584,SMIM10L1,0.99921113
5585,DKC1,0.9990802
5586,SLC30A6,0.9990076
5587,PTTG1,0.9986185
5588,FBXO46,0.9988736
5589,LSM14B,0.99956197
5590,TBC1D4,0.9989203
5591,INTS6,0.99914443
5592,DUSP16,0.9988826
5593,TTC7B,0.99787724
5594,TIMM23,0.99868715
5595,OCEL1,0.9967224
5596,KIAA1671,0.99759674
5597,ELF1,0.9988127
5598,MAOA,0.9992684
5599,DYNC1LI1,0.99878377
5600,CNOT4,0.9990122
5601,SAC3D1,0.9990616
5602,FBP1,0.9971444
5603,UBTD1,0.9973589
5604,GPN1,0.9987408
5605,COX15,0.998788
5606,FOXRED2,0.99938834
5607,IL15RA,0.9990465
5608,IFI27L1,0.99893486
5609,PKNOX1,0.9991894
5610,ZNF740,0.99834764
5611,TONSL,0.99911994
5612,ST3GAL1,0.9980539
5613,SERPINA1,0.99794626
5614,GABPB1,0.99886644
5615,SUPT20H,0.9993073
5616,HS1BP3,0.998922
5617,RAB2B,0.9994569
5618,OLFML2B,0.9982139
5619,TMEM18,0.9974682
5620,THYN1,0.9994203
5621,VGLL3,0.9959399
5622,LXN,0.99844915
5623,SEPHS1,0.9980464
5624,FXR2,0.9979946
5625,RECQL,0.9989794
5626,MFSD6,0.9992136
5627,IRAK4,0.99903786
5628,PPP1R21,0.9993849
5629,SLFN5,0.99766904
5630,NADK2,0.99930066
5631,ZNF518A,0.9968917
5632,SGCB,0.9995178
5633,EFNA1,0.9991851
5634,CYGB,0.99869335
5635,UCHL1,0.99644005
5636,ICE2,0.99891436
5637,PLBD1,0.981989
5638,ARHGAP31,0.99938405
5639,PEAK1,0.99902093
5640,CAPN7,0.9986801
5641,ZDHHC16,0.99750406
5642,PLEKHA4,0.9990727
5643,FRG1,0.99882525
5644,RFTN1,0.9985641
5645,CPE,0.99655074
5646,GNPDA1,0.99824125
5647,GXYLT2,0.99721336
5648,TMEM60,0.99948823
5649,POLA1,0.99924165
5650,UNC5B,0.98953646
5651,GTF2B,0.99801445
5652,EIF2AK3,0.9988924
5653,NLK,0.9987909
5654,EVI5L,0.99931556
5655,UCK2,0.9983617
5656,RNF144B,0.98937464
5657,LSG1,0.9989335
5658,CASP8AP2,0.9973649
5659,CDCA5,0.9989629
5660,FARS2,0.99936134
5661,ITGB3BP,0.9987415
5662,NOC3L,0.9985034
5663,DOCK5,0.99923
5664,METTL17,0.998833
5665,KCTD15,0.9993229
5666,OLFML3,0.9962859
5667,TMEM69,0.9984749
5668,CSRNP1,0.9989438
5669,SGMS1,0.9976494
5670,PFKP,0.99887383
5671,DYM,0.9986542
5672,INTS4,0.99909294
5673,TSEN54,0.99906504
5674,NXT1,0.9978304
5675,CDR2L,0.9945346
5676,CLDN3,0.9955505
5677,REPS1,0.9986771
5678,BCAT1,0.99793446
5679,TRIM2,0.9986787
5680,ABCC10,0.99150693
5681,SLC25A10,0.99749804
5682,ZNF516,0.9993765
5683,HEBP1,0.9986351
5684,NLGN2,0.99666035
5685,CWC27,0.9987329
5686,THEM6,0.9989206
5687,ZFPM1,0.99949753
5688,NELFA,0.9994364
5689,ZFYVE16,0.99807775
5690,ZRANB1,0.9992652
5691,TOM1L2,0.9995063
5692,LSM3,0.9988505
5693,CCNH,0.99964315
5694,LARGE1,0.996628
5695,CHKA,0.9980356
5696,STRIP1,0.99923706
5697,TOR1AIP1,0.9994054
5698,CNOT10,0.9988249
5699,HSDL2,0.99891776
5700,SRD5A1,0.99838704
5701,FRMD4B,0.9992716
5702,DPH3,0.99905664
5703,CCNG2,0.999201
5704,GAS8,0.9988802
5705,SBSPON,0.9984477
5706,FANCI,0.9991024
5707,PTPRM,0.99789494
5708,CA12,0.9984187
5709,YLPM1,0.9990549
5710,CEP95,0.99899894
5711,HERC6,0.9983004
5712,NBAS,0.99929285
5713,RIT1,0.9942173
5714,C15orf39,0.99887884
5715,PTK2B,0.9988292
5716,GPN2,0.9985401
5717,CHD1,0.99818724
5718,EPHB2,0.9992898
5719,MPP1,0.99922764
5720,INPP4B,0.9991396
5721,USE1,0.9991695
5722,SKAP2,0.9988073
5723,SLU7,0.9990263
5724,RSPRY1,0.9962851
5725,RABL3,0.9973385
5726,TAF1D,0.9987343
5727,OASL,0.9993396
5728,CASP2,0.99843705
5729,CLPB,0.9993054
5730,MIEF1,0.9937992
5731,TFIP11,0.9990994
5732,TRAF1,0.99676925
5733,POLRMT,0.999416
5734,GJB2,0.9992682
5735,KLHDC10,0.9983282
5736,COG3,0.99886036
5737,RASSF3,0.99683964
5738,DDX60,0.99899065
5739,LAIR1,0.9991671
5740,ZBTB43,0.9981825
5741,FMNL3,0.9990304
5742,ATXN3,0.9990969
5743,SESTD1,0.99938667
5744,CLEC16A,0.9991478
5745,CLSTN3,0.999458
5746,TAF8,0.9916704
5747,MLKL,0.999097
5748,AREL1,0.9992359
5749,TM7SF2,0.9973343
5750,ANKRD27,0.9995958
5751,SMC2,0.9985088
5752,MFSD14A,0.99573934
5753,RBM28,0.99725354
5754,RSF1,0.9991461
5755,RBPMS2,0.99407786
5756,DNAAF5,0.9989103
5757,STXBP5,0.9986313
5758,IQCB1,0.9985517
5759,PHYH,0.99850976
5760,CCDC88C,0.99776745
5761,SMCO4,0.99796563
5762,KCTD2,0.9983753
5763,LARP1B,0.99681103
5764,NUP107,0.99899924
5765,PHF21A,0.99874413
5766,STAM2,0.9987339
5767,LACTB,0.99914074
5768,POLD3,0.99936736
5769,ARL6IP6,0.99893874
5770,KIF3B,0.9988508
5771,TSHZ2,0.9991766
5772,TMED1,0.9990593
5773,PATL1,0.9991785
5774,TPPP3,0.9992563
5775,DSG2,0.9983181
5776,GRPEL2,0.9995654
5777,TLNRD1,0.99716043
5778,PGM1,0.9983314
5779,BCAR3,0.9985008
5780,G0S2,0.9972178
5781,JAZF1,0.99426156
5782,CPXM1,0.99781334
5783,AURKB,0.99902916
5784,CCDC106,0.99762803
5785,CCNT2,0.99952984
5786,IL11RA,0.99644077
5787,ZNF672,0.99889326
5788,ERO1B,0.99431455
5789,CDCA4,0.9974133
5790,FEM1C,0.9992126
5791,BAHD1,0.99899644
5792,PDZRN3,0.99760455
5793,NDE1,0.99936914
5794,MARK4,0.9989705
5795,KIAA1109,0.9993046
5796,CDK2,0.9954518
5797,RNF38,0.9989456
5798,ANKFY1,0.99663866
5799,EDC3,0.9992658
5800,RNMT,0.9995276
5801,SBF2,0.99924994
5802,RPRD2,0.9989127
5803,AP4M1,0.99910146
5804,SBDS,0.99608004
5805,LPAR2,0.99928635
5806,ELN,0.9703291
5807,GRK5,0.9989506
5808,UVRAG,0.99862254
5809,METRN,0.99900115
5810,SMYD3,0.99931794
5811,PIGC,0.9971817
5812,ITPR1,0.99843705
5813,ICE1,0.99866045
5814,BET1,0.9991061
5815,COQ10B,0.9989516
5816,DGCR6L,0.99947387
5817,MBP,0.9926572
5818,SMURF1,0.99887383
5819,DNASE1L1,0.99936545
5820,ZDHHC2,0.9941168
5821,SCAMP5,0.9844359
5822,MNT,0.9993005
5823,TPRKB,0.99897563
5824,ASXL2,0.99894047
5825,EPS8L1,0.999195
5826,PEX11B,0.99403274
5827,MECR,0.9993925
5828,BTBD10,0.9976147
5829,MED6,0.9988896
5830,PRKAG1,0.99857473
5831,MFHAS1,0.99880326
5832,CRACR2B,0.99896544
5833,EDEM2,0.9975811
5834,DLC1,0.9924679
5835,SLC12A6,0.99920654
5836,CXXC5,0.99539375
5837,SMOC2,0.99920607
5838,TIMELESS,0.99803054
5839,ZNF513,0.9989545
5840,GOLGA5,0.99894094
5841,ICAM2,0.9975147
5842,FKBP15,0.9992878
5843,BACE1,0.99870795
5844,SGSH,0.99900997
5845,ZNF274,0.9978142
5846,S100P,0.99967414
5847,TMEM203,0.9988324
5848,TMEM168,0.9991973
5849,SAMD9,0.9980442
5850,SPRED1,0.99908924
5851,SOAT1,0.9988527
5852,PARM1,0.9891779
5853,FBXO3,0.999148
5854,GTPBP3,0.99889755
5855,TTF2,0.9994298
5856,TM2D3,0.9970826
5857,DIS3L2,0.998762
5858,FBXO21,0.99828875
5859,CERS4,0.9994108
5860,DDHD2,0.99846363
5861,MORC3,0.9993045
5862,MDFIC,0.99956113
5863,ANKRD40,0.99886763
5864,ATP10D,0.99805146
5865,KDM1B,0.99852026
5866,KDM6A,0.9978569
5867,AP1AR,0.9988468
5868,SLC37A4,0.9985293
5869,CCDC93,0.99949247
5870,WASHC2C,0.9964303
5871,FAM110A,0.9991946
5872,NOB1,0.9983304
5873,COG8,0.9991906
5874,FGD3,0.9983342
5875,CC2D1B,0.99877226
5876,ARHGAP10,0.99779797
5877,TCTA,0.99881256
5878,TCF20,0.99887
5879,CEACAM19,0.9968273
5880,PIM2,0.9964255
5881,MAP3K10,0.9990919
5882,PPP2R1B,0.9994236
5883,COLEC12,0.99729615
5884,RDH13,0.99914724
5885,MMP24OS,0.99859524
5886,NR2C2,0.9987195
5887,NOM1,0.9986448
5888,DDX60L,0.9975174
5889,ORAI3,0.99698794
5890,EMC8,0.99918956
5891,ATPAF2,0.99878156
5892,BAZ1A,0.9986633
5893,ACSS2,0.99771947
5894,PTPN9,0.9992204
5895,GMNN,0.9989165
5896,ST3GAL4,0.9981476
5897,SELENBP1,0.99598444
5898,MMP28,0.9987553
5899,UNG,0.9988119
5900,FAM200B,0.9971975
5901,SIRT6,0.999122
5902,LAGE3,0.9958253
5903,FBXO33,0.99873334
5904,PGGT1B,0.9986453
5905,PHKA2,0.9989664
5906,NUBP1,0.9990581
5907,COMMD1,0.9935234
5908,MRRF,0.99853027
5909,STRA6,0.9993313
5910,MFAP3,0.99851835
5911,ABCC4,0.999125
5912,ARNTL2,0.9994036
5913,MYO1F,0.9989115
5914,POLB,0.99714917
5915,DUSP12,0.99816877
5916,STC1,0.99186766
5917,USP21,0.9986192
5918,SETDB1,0.994037
5919,SLC35C1,0.999025
5920,FYB1,0.9990473
5921,TRIAP1,0.99806213
5922,SKP2,0.99732953
5923,FEM1A,0.9984938
5924,DNHD1,0.99885654
5925,RB1CC1,0.9983781
5926,FUT8,0.9970528
5927,C2CD2,0.99917734
5928,USP53,0.9989759
5929,AZI2,0.9985865
5930,NCOA5,0.9974507
5931,NDRG3,0.9979579
5932,INPP5K,0.9893969
5933,CRAT,0.9977991
5934,ACSS1,0.99722373
5935,IMMP1L,0.99866897
5936,HIBADH,0.99725884
5937,STEAP2,0.9984361
5938,ZADH2,0.99904174
5939,CELSR1,0.9976983
5940,TMOD1,0.99930304
5941,PRR14L,0.99932134
5942,RAB23,0.99903595
5943,DXO,0.997983
5944,HIVEP2,0.99808943
5945,CUTC,0.99886405
5946,SNRNP35,0.9992981
5947,SYNGAP1,0.9970576
5948,MIF,0.9943026
5949,GOLGA1,0.9985245
5950,MTPAP,0.99922574
5951,NFKBIB,0.9990279
5952,MORC2,0.9984347
5953,EID2,0.9992563
5954,ROGDI,0.99800557
5955,SLC35A2,0.998861
5956,TTC38,0.9910326
5957,GCLM,0.9995087
5958,B3GNT5,0.9990883
5959,TRMT11,0.9952574
5960,S100A14,0.9975976
5961,ADD3,0.9968551
5962,HEXIM1,0.9975454
5963,CIR1,0.9978978
5964,DACT3,0.99110544
5965,CPNE2,0.9989937
5966,WDR4,0.99887484
5967,FBXO22,0.98620147
5968,YEATS4,0.99880904
5969,CACNA2D1,0.99693525
5970,RFC5,0.99888194
5971,ZBTB18,0.99673235
5972,CENPP,0.9974564
5973,PPWD1,0.99328727
5974,ANKRD44,0.9995397
5975,ABI2,0.99913436
5976,RHOT1,0.99901086
5977,KRBA1,0.99855566
5978,RNF8,0.99956906
5979,RTN2,0.99782974
5980,SRRD,0.9982381
5981,FAM20B,0.99928844
5982,FARP2,0.99310684
5983,ENKD1,0.9887284
5984,TUT4,0.99820244
5985,SHROOM3,0.998778
5986,NOL6,0.9986607
5987,GCDH,0.9953686
5988,TMEM234,0.9979927
5989,ARL3,0.9989502
5990,RBM18,0.9992317
5991,SAMD8,0.9984067
5992,AAGAB,0.9994847
5993,RAB22A,0.9973421
5994,HIRIP3,0.99848497
5995,LPCAT4,0.9990792
5996,YTHDF1,0.99641895
5997,ZNF254,0.99802506
5998,MROH6,0.9995066
5999,NSMAF,0.9988225
6000,RLF,0.9912573
6001,DTNB,0.9993061
6002,IGSF9,0.99917424
6003,ACOT13,0.99884737
6004,ZNF22,0.99708784
6005,CMSS1,0.99851453
6006,SMURF2,0.9968259
6007,GCHFR,0.9979312
6008,SMPD2,0.99658716
6009,FAM20A,0.9982023
6010,MSC,0.99926126
6011,DHTKD1,0.999159
6012,ANKRD35,0.9977892
6013,NOP16,0.99929017
6014,SPOPL,0.9961299
6015,RPAP2,0.99907285
6016,AFTPH,0.9991061
6017,SETD4,0.99867314
6018,PARG,0.99716586
6019,NUP43,0.99942607
6020,DOCK4,0.9985595
6021,GPR137B,0.9921163
6022,FBXL4,0.99534434
6023,LYST,0.9969797
6024,SMIM20,0.9981159
6025,ZNF432,0.9990841
6026,SFRP1,0.9957259
6027,ZBTB1,0.99640524
6028,CNKSR1,0.998961
6029,SYNC,0.9980281
6030,UBXN7,0.99130666
6031,HINFP,0.9986688
6032,CPQ,0.99406874
6033,QDPR,0.98507845
6034,RANBP10,0.99937314
6035,AEN,0.99797535
6036,FKBP14,0.9985701
6037,PRKAB2,0.9980544
6038,LMAN2L,0.99911845
6039,XYLT2,0.9983066
6040,UBR7,0.99905527
6041,EPHB6,0.999159
6042,RBM19,0.9729279
6043,SLC9A8,0.9987507
6044,TMEM11,0.998242
6045,AGO4,0.9995429
6046,CRIPT,0.9953594
6047,APPBP2,0.9979955
6048,EXOC2,0.99914515
6049,MAP4K2,0.9988718
6050,MLH1,0.9978787
6051,IPPK,0.9988799
6052,ARHGAP12,0.99871635
6053,MAP3K2,0.9984913
6054,SVBP,0.9953171
6055,FEZ2,0.99897003
6056,USP54,0.9985682
6057,SBNO1,0.99815667
6058,DNAJC19,0.9980221
6059,HIVEP3,0.999259
6060,FAM126B,0.99646187
6061,CBL,0.9959919
6062,PDP1,0.99909914
6063,MAPRE2,0.99778384
6064,MUTYH,0.9996508
6065,GALNT11,0.99859846
6066,ACADS,0.9989133
6067,UTP18,0.99812
6068,ANO10,0.9993404
6069,EMC2,0.99927884
6070,PAK4,0.9975818
6071,SMIM13,0.99921167
6072,SIKE1,0.998909
6073,DZIP1,0.99744195
6074,OSTF1,0.99733365
6075,MAPK12,0.99843156
6076,SLC25A16,0.9993898
6077,RFC3,0.99868506
6078,AP5B1,0.9985455
6079,GLT8D1,0.99500954
6080,HIPK2,0.9978816
6081,ARHGEF25,0.996163
6082,OGFOD1,0.9991007
6083,TSPAN9,0.9975215
6084,RPF2,0.99763
6085,SPC24,0.9987952
6086,ABHD16A,0.9984803
6087,MEGF8,0.99901503
6088,PLRG1,0.9988779
6089,NAA35,0.9989338
6090,HSD3B7,0.998727
6091,PARP8,0.99851036
6092,PCGF1,0.9992081
6093,MTUS1,0.99802494
6094,DCP1A,0.99953663
6095,DDX50,0.99900436
6096,NR4A2,0.9980837
6097,RGS14,0.9987184
6098,CCDC61,0.99911106
6099,NUP210,0.99572545
6100,TMEM138,0.9987669
6101,RIPK1,0.99931574
6102,HSPB7,0.9990522
6103,GDPD5,0.9994462
6104,MMGT1,0.99861175
6105,PTN,0.9967063
6106,F13A1,0.99640447
6107,CPVL,0.99331236
6108,RPA3,0.9966825
6109,TMEM254,0.99826515
6110,DCP2,0.9970602
6111,GAS7,0.99713755
6112,SRPK1,0.9983419
6113,TUBG2,0.9996171
6114,APEX2,0.9969293
6115,NEURL1,0.99881524
6116,TMEM65,0.9990598
6117,KLHL12,0.9991112
6118,AGPAT5,0.99882776
6119,EEA1,0.9989666
6120,CWF19L1,0.9985159
6121,ANGPTL4,0.9975281
6122,FAM98A,0.99861354
6123,ROR2,0.999148
6124,PANK4,0.9982227
6125,PGAP3,0.9980992
6126,ERICH1,0.99815464
6127,CD34,0.99882966
6128,SLC41A1,0.9966775
6129,MMD,0.9975103
6130,RAP2C,0.9975276
6131,CRYBG3,0.99817514
6132,BIK,0.99787104
6133,SLC23A2,0.9992269
6134,UTP3,0.9978813
6135,MTHFSD,0.9993305
6136,SLC22A23,0.99842155
6137,NEDD4L,0.9986745
6138,TGFB2,0.9987707
6139,WDR75,0.9992348
6140,SCRN1,0.9989308
6141,CLPX,0.99924153
6142,ABCE1,0.9989084
6143,SNX11,0.99830914
6144,ZMAT3,0.9974168
6145,POGLUT1,0.9992027
6146,PAQR4,0.99823743
6147,ALDH9A1,0.992293
6148,BTBD9,0.9955465
6149,ERCC3,0.9977604
6150,HEATR1,0.99869937
6151,DCBLD1,0.998294
6152,ITGB6,0.9989077
6153,MCUB,0.9971782
6154,INPP5E,0.99958503
6155,PPP1R3B,0.9978468
6156,INTS7,0.9987283
6157,PHF3,0.99666387
6158,PREX1,0.9978136
6159,FBXO38,0.9990609
6160,MPHOSPH6,0.99945545
6161,PGM2L1,0.99702835
6162,DNAJB9,0.9974383
6163,ME2,0.99920845
6164,GZF1,0.99215823
6165,WNT7B,0.99961936
6166,TNFAIP8,0.99846154
6167,SNX18,0.99748516
6168,LPCAT2,0.9972823
6169,VTA1,0.99913657
6170,WHAMM,0.99840164
6171,UPF3B,0.9984323
6172,ZNF621,0.994096
6173,TENT2,0.99844044
6174,C16orf74,0.997049
6175,ARL4A,0.9992941
6176,KLF11,0.9989335
6177,CTXN1,0.9965227
6178,TROAP,0.99535674
6179,SIN3A,0.9991714
6180,AKAP10,0.999115
6181,FHOD1,0.999164
6182,STXBP1,0.9991174
6183,C5orf51,0.99907017
6184,AP3S2,0.9983384
6185,PDE4B,0.99853647
6186,NMRK1,0.9991781
6187,PAQR3,0.99893314
6188,CDK5RAP1,0.99908227
6189,TICAM1,0.99942505
6190,TTC12,0.9990245
6191,SLC39A10,0.9987339
6192,PLEKHF1,0.9973156
6193,SHANK3,0.9978687
6194,WDR27,0.9987623
6195,ERCC2,0.9992868
6196,CLMP,0.9990443
6197,FBXO34,0.99854565
6198,FOXRED1,0.9984442
6199,MTREX,0.998267
6200,L3MBTL2,0.9990212
6201,CEP350,0.9991115
6202,CTBS,0.99709654
6203,DPP8,0.99898213
6204,SYDE1,0.99693286
6205,SH3KBP1,0.9923793
6206,PPFIBP2,0.9966731
6207,SLC25A23,0.99921036
6208,WDR48,0.9972054
6209,TRANK1,0.9984825
6210,FANCL,0.99937105
6211,AAK1,0.99877053
6212,RNF217,0.99583834
6213,ABI3BP,0.99914706
6214,TMEM62,0.9985261
6215,PNPLA8,0.99902743
6216,ADAMTSL4,0.99772036
6217,FPR3,0.99868584
6218,PNO1,0.9963709
6219,FZD7,0.9927498
6220,NCKAP1L,0.99796665
6221,NSMCE2,0.997968
6222,RIOK1,0.9989783
6223,CHRDL2,0.9954239
6224,RGMB,0.9984646
6225,PDE7A,0.9992738
6226,CYFIP2,0.9989914
6227,ESRP2,0.99467057
6228,SAV1,0.9988812
6229,KNTC1,0.9985857
6230,SNX27,0.9972636
6231,TLE1,0.99742186
6232,PPP1R8,0.99836576
6233,ASNSD1,0.9986552
6234,PLA2G15,0.9987116
6235,NFATC1,0.99840194
6236,TMEM126A,0.9971293
6237,STARD13,0.9951709
6238,SLC39A8,0.9985601
6239,CAVIN2,0.9883191
6240,RAB28,0.99888384
6241,C6orf132,0.9976653
6242,SPOP,0.99730223
6243,SLC9A1,0.9991247
6244,TCEAL1,0.9980459
6245,TMEM51,0.99814165
6246,TBC1D9,0.99687034
6247,MIA3,0.99868125
6248,NFKBIL1,0.99380904
6249,DTNA,0.9989008
6250,NBN,0.9990036
6251,MFSD2A,0.99820566
6252,DCAKD,0.9994642
6253,EIF5AL1,0.9994098
6254,RDX,0.99872905
6255,ZNF134,0.99468744
6256,SPIRE1,0.99812585
6257,GPR153,0.99666774
6258,ZC3H7B,0.9972782
6259,APOD,0.997153
6260,MARCH9,0.9991541
6261,GPALPP1,0.99857634
6262,ZNF579,0.9994416
6263,BAK1,0.99850816
6264,DTWD1,0.9964304
6265,TUSC1,0.99655914
6266,ST6GALNAC5,0.99803734
6267,SUCO,0.99803
6268,AP4B1,0.99741876
6269,GPX2,0.99914867
6270,MPND,0.99749804
6271,NOL4L,0.99898416
6272,NDUFA4L2,0.99959165
6273,RNASE4,0.9943835
6274,NFASC,0.998871
6275,CORO6,0.99898845
6276,ZFYVE26,0.99854326
6277,KDM3A,0.99818546
6278,BCAS4,0.99919856
6279,SLC6A9,0.99942684
6280,DPY19L1,0.99882346
6281,TBC1D13,0.99866116
6282,CPT1A,0.99952763
6283,MRS2,0.9991433
6284,DDX31,0.9985441
6285,SP140L,0.99832267
6286,FST,0.99685985
6287,CAMSAP1,0.9976057
6288,ATG14,0.9978325
6289,OXR1,0.99929255
6290,PLPBP,0.9989027
6291,STMP1,0.9990798
6292,ZFYVE19,0.99827385
6293,SLC15A4,0.9986893
6294,OSBPL5,0.9996767
6295,PROM2,0.99793684
6296,SCML1,0.99898803
6297,PDE6D,0.997725
6298,ZNF44,0.99894536
6299,TGFB3,0.99770355
6300,TCEA3,0.99840754
6301,TMEM97,0.99779284
6302,VPS18,0.99645317
6303,SC5D,0.9985736
6304,NSUN4,0.99418974
6305,CMC2,0.9982519
6306,NFKBID,0.9987233
6307,PTPN13,0.99884844
6308,ABL2,0.9986474
6309,EXOSC5,0.9988058
6310,CLIP3,0.9991199
6311,CENPC,0.9983336
6312,PCCA,0.9985617
6313,VCPIP1,0.9975153
6314,RDH14,0.9988252
6315,C1QTNF1,0.99589646
6316,ASB13,0.99907684
6317,MOK,0.9989549
6318,TMTC3,0.9965374
6319,LYRM1,0.9968834
6320,BDP1,0.9452673
6321,SS18L1,0.9984686
6322,RAB20,0.99518096
6323,ANKRD54,0.99931896
6324,IL4I1,0.9983163
6325,ERBIN,0.9985884
6326,ACYP1,0.9970338
6327,PDCD2,0.9993535
6328,GGT7,0.99570596
6329,MAN1C1,0.99521846
6330,RRP12,0.998882
6331,DHX58,0.99896586
6332,FAM126A,0.9968074
6333,EIF2B3,0.99883926
6334,HECTD2,0.9979151
6335,RFX1,0.9991353
6336,CCDC32,0.9927205
6337,SCNN1A,0.9990872
6338,METTL22,0.9988117
6339,VPS37A,0.9978918
6340,POFUT1,0.99885255
6341,ALAD,0.99816483
6342,HPGD,0.99784434
6343,TEX10,0.9979059
6344,GATA6,0.99901915
6345,ANKS3,0.9996092
6346,CNTROB,0.99751365
6347,AIFM2,0.99838114
6348,KCTD9,0.99867964
6349,MIA2,0.99566394
6350,EEFSEC,0.9976347
6351,RASIP1,0.9936446
6352,CIAPIN1,0.99782884
6353,C3orf38,0.9978992
6354,ARHGAP9,0.99713993
6355,TBK1,0.9972224
6356,STEAP1,0.99882543
6357,ABHD17C,0.99864435
6358,SEMA6C,0.9973219
6359,GTF2H5,0.99880964
6360,PHAX,0.99807596
6361,TMEM98,0.9990258
6362,RANGRF,0.9985833
6363,MOCS2,0.99924535
6364,C8orf76,0.99683934
6365,AGL,0.9993032
6366,MAST3,0.99546397
6367,MYLIP,0.9992601
6368,LMNB1,0.9981204
6369,PHTF1,0.99872017
6370,NTN4,0.9980111
6371,TMEM39A,0.99910164
6372,GPATCH4,0.9988384
6373,HPSE2,0.99742234
6374,SOCS1,0.9907304
6375,TOR1AIP2,0.997825
6376,MGAT2,0.99783087
6377,MPI,0.9983427
6378,RPUSD3,0.9982916
6379,SEZ6L2,0.9991867
6380,DPY19L4,0.9992056
6381,FRS2,0.9990042
6382,SPON1,0.99857867
6383,SKAP1,0.9992814
6384,GPRC5B,0.99679786
6385,DDI2,0.9982394
6386,NNT,0.9988667
6387,STK3,0.99953014
6388,SOX12,0.998826
6389,DERA,0.99868965
6390,ELP5,0.99910897
6391,PLAGL1,0.9962694
6392,CYP27A1,0.99760187
6393,NLRX1,0.99804485
6394,KIF13B,0.9980734
6395,C7orf26,0.99683076
6396,IGF2BP2,0.997249
6397,THUMPD1,0.999122
6398,LRRC8D,0.99929285
6399,HINT3,0.9991454
6400,USP18,0.9987357
6401,ANKRD13C,0.99877787
6402,BNC2,0.9988807
6403,TMA16,0.9988635
6404,TCTN3,0.99647
6405,ZHX2,0.99798936
6406,GPATCH2,0.9988325
6407,PTGR1,0.9972331
6408,C18orf25,0.99817115
6409,ADAMTS14,0.99793863
6410,AREG,0.99607116
6411,THSD4,0.99755514
6412,CCDC115,0.9970333
6413,DDX52,0.9987709
6414,SETD1A,0.99385405
6415,AIFM1,0.9989748
6416,FOXN2,0.9988402
6417,BANP,0.9991652
6418,RALGAPA1,0.99886954
6419,TEX2,0.99629897
6420,SLC27A1,0.99697286
6421,THOC6,0.9982277
6422,GTF2E2,0.9990465
6423,PIKFYVE,0.99783134
6424,ISCA2,0.99659765
6425,ZCCHC3,0.99699223
6426,GUF1,0.9988691
6427,ARMC1,0.99944144
6428,CTDSPL2,0.99898183
6429,EAPP,0.99674386
6430,DOCK2,0.9993261
6431,FBXL12,0.9995295
6432,FGD2,0.9918367
6433,TRIM24,0.9985865
6434,ZMYM3,0.9975712
6435,SRPX,0.99801743
6436,PIGU,0.9989681
6437,HLTF,0.99892247
6438,IFT52,0.99584377
6439,TIMM22,0.99566495
6440,CCDC137,0.99943036
6441,TMEM19,0.99895746
6442,HELZ,0.99830437
6443,C1orf159,0.998896
6444,SP110,0.99793565
6445,TMEM185B,0.99848634
6446,PFKFB2,0.99911183
6447,LATS2,0.9983209
6448,FADD,0.99947816
6449,SLC4A1AP,0.9980671
6450,MTMR4,0.9956287
6451,MAPK10,0.9991991
6452,STK36,0.999125
6453,TACSTD2,0.99832296
6454,TBCK,0.99810183
6455,FOSL1,0.9941015
6456,EFNB1,0.9980382
6457,FAS,0.9910771
6458,PRAF2,0.9967803
6459,SPR,0.9981287
6460,TEAD1,0.9987437
6461,MEN1,0.9990919
6462,OXCT1,0.9987712
6463,PRDM4,0.99821997
6464,CDC73,0.9994072
6465,DHRSX,0.9990879
6466,OTUD1,0.9956921
6467,TRPM2,0.9973637
6468,MXRA5,0.99898785
6469,RAB8B,0.9986704
6470,ENDOV,0.9989211
6471,FHOD3,0.9991292
6472,INTS8,0.9975489
6473,COA6,0.999591
6474,TBL2,0.99820864
6475,E2F1,0.99920523
6476,SAP130,0.9982831
6477,PHF14,0.9994108
6478,RAB11FIP2,0.99855775
6479,DNAJC2,0.99878997
6480,MAPK9,0.9982828
6481,CCDC22,0.99828756
6482,FGFR1OP,0.99864405
6483,EFS,0.99828637
6484,DHX32,0.997941
6485,TET2,0.9992585
6486,FRY,0.99852055
6487,MVK,0.99789745
6488,NRBF2,0.99752885
6489,TRPS1,0.9986068
6490,GAS1,0.9947912
6491,RARS2,0.9975529
6492,ZNF862,0.9990223
6493,CCDC3,0.9976843
6494,MPP5,0.9980429
6495,LAYN,0.9985703
6496,CSGALNACT1,0.993357
6497,SOCS5,0.9917723
6498,SARS2,0.999059
6499,MCU,0.99893034
6500,TEP1,0.99763507
6501,EXOG,0.99753094
6502,ALKBH6,0.9987427
6503,STK16,0.998689
6504,ADAM12,0.99843997
6505,TADA2B,0.996655
6506,APPL2,0.9985229
6507,TBC1D7,0.9949667
6508,WDR54,0.9980585
6509,CNST,0.9989635
6510,RCL1,0.99904776
6511,ZNF12,0.9995214
6512,RRP8,0.997163
6513,WDR60,0.99790573
6514,HAGHL,0.9987876
6515,CNNM2,0.99893415
6516,IL18BP,0.99905634
6517,C1orf174,0.9988592
6518,OBSCN,0.99912536
6519,CDKN2C,0.9967659
6520,SERGEF,0.99392414
6521,SNX10,0.99880344
6522,SOCS6,0.99850607
6523,TFPI,0.98619956
6524,DMWD,0.9942396
6525,CCNF,0.9985956
6526,B4GAT1,0.9992274
6527,ACO1,0.9971584
6528,SLC25A26,0.9984339
6529,SDCBP2,0.9987153
6530,ARVCF,0.9990018
6531,EVI5,0.99777
6532,RSAD1,0.9988106
6533,DYRK1B,0.999061
6534,MED27,0.9978836
6535,TENT4B,0.9993082
6536,MIGA1,0.99854934
6537,PPM1M,0.9992154
6538,SNX7,0.998964
6539,TBC1D22B,0.99941456
6540,DUSP8,0.99815255
6541,LRCH1,0.9991646
6542,TMEM161A,0.9993437
6543,CLDN12,0.99864787
6544,CACNB2,0.99888456
6545,PSMD5,0.9992259
6546,SGK3,0.9967805
6547,DTX4,0.98949003
6548,PARP3,0.9982214
6549,FAHD1,0.9987947
6550,TMEM8B,0.99461824
6551,RRN3,0.99756736
6552,ELMOD3,0.99780023
6553,SLC49A3,0.999523
6554,SPINDOC,0.9985169
6555,SGMS2,0.9985468
6556,FIG4,0.99882615
6557,ANKRA2,0.99764854
6558,SSB,0.99924946
6559,MEX3C,0.99945366
6560,DUSP14,0.99837685
6561,LMO2,0.9995073
6562,KLHL7,0.9989104
6563,COL8A2,0.9964368
6564,NRXN3,0.99753445
6565,LAT,0.9977568
6566,ATG5,0.9978787
6567,MBTD1,0.99915296
6568,PRPF4,0.99920976
6569,THAP3,0.9987112
6570,MKRN2,0.99790126
6571,CCNA2,0.9993889
6572,FAM43A,0.9991604
6573,ZFYVE21,0.998473
6574,SLC35E2A,0.9954297
6575,BCKDHB,0.9945208
6576,DDX58,0.99918187
6577,MDC1,0.9985096
6578,NUDCD1,0.9977087
6579,MTMR1,0.9988979
6580,LMO3,0.9969826
6581,RASA3,0.99534905
6582,CMTM4,0.9982864
6583,ACVR1,0.99481136
6584,ZW10,0.9992935
6585,ZNF224,0.99608696
6586,RFFL,0.99431705
6587,C5orf22,0.9991562
6588,ORC5,0.9986013
6589,ABCB7,0.9994453
6590,ARHGAP30,0.99831265
6591,MYO1G,0.99366796
6592,NPRL2,0.99784154
6593,GPR89B,0.9929253
6594,ARHGAP11A,0.9978007
6595,KAT2B,0.9981087
6596,SLFN13,0.9965927
6597,GHDC,0.9976532
6598,RAPGEF3,0.9972353
6599,TMEM209,0.9990603
6600,GABPB2,0.996297
6601,MTF2,0.999603
6602,GBE1,0.9986855
6603,RNF111,0.9956252
6604,SSBP2,0.99586296
6605,ZNF710,0.99773645
6606,AHDC1,0.99854136
6607,SFXN4,0.9994596
6608,SCLT1,0.9971816
6609,CCL4,0.99866104
6610,POU6F1,0.99946344
6611,SETBP1,0.99859077
6612,NPHP4,0.99679583
6613,ENDOG,0.99903095
6614,NQO2,0.9989845
6615,PDCD6,0.9985328
6616,LRRC40,0.9985961
6617,MARCH8,0.9975721
6618,CEP63,0.99899834
6619,SPART,0.99824077
6620,TIMM29,0.9985608
6621,HIST1H4H,0.99514294
6622,GADD45G,0.9975093
6623,IMMP2L,0.9986845
6624,LRMDA,0.9980361
6625,ABCD1,0.9986987
6626,NIPAL2,0.9986394
6627,DCK,0.9957544
6628,BRAF,0.9990629
6629,ZNF827,0.9961742
6630,ZNF121,0.99691945
6631,FLI1,0.9971782
6632,SMARCA1,0.99760675
6633,ELF4,0.99815494
6634,SORCS2,0.998514
6635,TXNDC9,0.99729824
6636,AMMECR1,0.9987763
6637,CHIC2,0.9993057
6638,MANBA,0.99870044
6639,ATG16L1,0.9974473
6640,BIRC3,0.9991906
6641,CRNKL1,0.9990548
6642,COL8A1,0.9994542
6643,DCAF1,0.998052
6644,UBIAD1,0.9977697
6645,OGFOD2,0.9988567
6646,HMGCL,0.9967613
6647,IRS1,0.9981133
6648,ACVR1B,0.9986633
6649,SFMBT2,0.9986758
6650,RPP30,0.9985277
6651,RPP21,0.99916697
6652,GOT1,0.99908984
6653,FOPNL,0.9971722
6654,RGS4,0.9983765
6655,AGPAT4,0.99863786
6656,ORC3,0.9983144
6657,PIGK,0.99864304
6658,RGP1,0.999059
6659,HSPA2,0.99588376
6660,PHF8,0.999211
6661,TMEM104,0.9990681
6662,KIAA1755,0.9983969
6663,SPIN4,0.99917793
6664,RNF25,0.99960744
6665,AFMID,0.9974114
6666,SCN1B,0.9977908
6667,ZNF248,0.99884665
6668,NCF2,0.99842834
6669,C16orf70,0.9985226
6670,MAP7,0.9993048
6671,KMT5C,0.99875134
6672,RPA2,0.9987033
6673,LIN7B,0.9995443
6674,JKAMP,0.9967532
6675,CARD16,0.9981429
6676,EIPR1,0.9992999
6677,TRPT1,0.99216735
6678,MEGF9,0.99867296
6679,GPANK1,0.99692076
6680,RAB29,0.99737626
6681,DTNBP1,0.9978855
6682,PIGX,0.9987901
6683,UBTD2,0.9990512
6684,KCNN4,0.99888295
6685,CNTLN,0.99877274
6686,UBD,0.99877965
6687,ZNF32,0.9915555
6688,HDAC11,0.9982699
6689,SPAG16,0.999423
6690,SLC12A2,0.9991873
6691,UHRF1,0.99772775
6692,ETFRF1,0.9990403
6693,TSPAN6,0.9948699
6694,ALAS1,0.99957514
6695,ZCCHC10,0.99654305
6696,ALDH1A3,0.99453056
6697,IRF6,0.99929047
6698,MBD4,0.99901897
6699,PLCB2,0.99827576
6700,LYPD3,0.9986908
6701,ACSF2,0.9990034
6702,DLAT,0.99810773
6703,PGAM5,0.9991063
6704,INO80,0.99726266
6705,SLC17A9,0.99883
6706,CHST12,0.9985918
6707,FAM98B,0.9980467
6708,MOB3B,0.99892366
6709,USP32,0.9970395
6710,MTG2,0.99795103
6711,SMIM19,0.99888504
6712,THNSL2,0.99838793
6713,ST7L,0.9985946
6714,RAD17,0.99717224
6715,ATP11C,0.9945695
6716,PSCA,0.9972765
6717,AFAP1L2,0.99837124
6718,RHOJ,0.99754494
6719,CLEC14A,0.9959655
6720,WDR70,0.99653226
6721,EED,0.9987956
6722,CHD7,0.9983395
6723,SMOX,0.99905574
6724,TEAD4,0.99246943
6725,SLC41A3,0.9989214
6726,AP5M1,0.99690855
6727,CDA,0.99578893
6728,HPS3,0.9983266
6729,ANAPC2,0.997664
6730,TMEM30B,0.99901664
6731,CCDC59,0.9991099
6732,MDFI,0.99826777
6733,ZNF589,0.99859095
6734,WTIP,0.99898607
6735,GLT8D2,0.9989665
6736,WDR91,0.99923027
6737,ZNF641,0.9968022
6738,BPNT1,0.9988483
6739,PRKCE,0.9979944
6740,SECISBP2L,0.9992439
6741,UTP23,0.99419147
6742,RNF220,0.9983028
6743,PCCB,0.9968287
6744,TOP3A,0.9986933
6745,MTG1,0.9965094
6746,RHOBTB2,0.98963946
6747,DIXDC1,0.9985719
6748,TMEM44,0.99888927
6749,NDC1,0.9984541
6750,MR1,0.99782294
6751,YRDC,0.9981829
6752,APOLD1,0.99867976
6753,KRCC1,0.99912673
6754,DHDDS,0.9996049
6755,TMC4,0.99878395
6756,CSTF1,0.9985468
6757,SYT8,0.9984031
6758,DIMT1,0.9966661
6759,CTCF,0.9976753
6760,CINP,0.9987938
6761,NETO2,0.9978216
6762,CRCP,0.9989815
6763,SYNGR1,0.9985784
6764,MTMR6,0.9950205
6765,PLSCR4,0.99822503
6766,UBA5,0.9984671
6767,SNAPC4,0.99704
6768,RILPL2,0.99844444
6769,RASL12,0.998768
6770,JCAD,0.9913806
6771,TMEM223,0.99907243
6772,PAK1,0.9991695
6773,PLCG2,0.9976975
6774,ARID4A,0.99850225
6775,CENPM,0.9975122
6776,MRAS,0.99790716
6777,WDR24,0.99471414
6778,MGA,0.9993561
6779,YTHDC2,0.9989494
6780,KALRN,0.9981796
6781,STARD5,0.99872124
6782,RBM22,0.997934
6783,PFAS,0.9975847
6784,HAUS2,0.99594593
6785,MED23,0.9975904
6786,DOHH,0.99872005
6787,PKMYT1,0.9986142
6788,FEZ1,0.9968526
6789,RCAN3,0.9988554
6790,SHOC2,0.99941766
6791,PRKAG2,0.99572706
6792,ARL15,0.99864256
6793,PIGL,0.99831694
6794,KIF26B,0.998129
6795,CENPK,0.9986049
6796,IRS2,0.9981965
6797,CMC1,0.998814
6798,PIK3R3,0.9994753
6799,BICDL1,0.9951619
6800,CHST2,0.9938737
6801,CSNK1G3,0.9983796
6802,ADGRA3,0.9977028
6803,IKBIP,0.9973753
6804,ACOT11,0.9984318
6805,C1D,0.99864453
6806,ARMCX2,0.9982556
6807,BDH1,0.9967904
6808,ZNF622,0.9971217
6809,RINT1,0.99766445
6810,GINS1,0.9971306
6811,RALGPS1,0.9987683
6812,NCDN,0.9981624
6813,ELP4,0.99914247
6814,GRK3,0.99813825
6815,PIGO,0.9968745
6816,KRT16,0.99734056
6817,ERCC6L2,0.99824125
6818,CDC40,0.99546397
6819,MCTP1,0.997213
6820,ZSWIM6,0.99720156
6821,BCL2L12,0.9952003
6822,KLHL2,0.99896204
6823,DAGLB,0.99905527
6824,COQ7,0.99846905
6825,NEXN,0.99667454
6826,ZNF426,0.9971635
6827,KCNH2,0.99840057
6828,VCPKMT,0.99884605
6829,SOBP,0.9977304
6830,CDKN2D,0.9987979
6831,ELMO3,0.99867374
6832,SMIM22,0.9984277
6833,LRRK1,0.9989258
6834,VPS26C,0.9990327
6835,ZBTB40,0.99953
6836,HMG20A,0.9970462
6837,POLG2,0.9953054
6838,CHMP2B,0.9989462
6839,FAM76A,0.99841344
6840,GRB7,0.9959712
6841,TMED8,0.99609804
6842,SETD1B,0.9978765
6843,MAMDC4,0.99244803
6844,VANGL1,0.9987052
6845,ZDHHC13,0.99670315
6846,ACD,0.99838
6847,RSAD2,0.99750316
6848,PLCB1,0.99919975
6849,MYEOV,0.9979501
6850,TAF2,0.9977676
6851,PAK1IP1,0.99906623
6852,TRIM14,0.9993043
6853,CDK3,0.99805355
6854,PASK,0.9986496
6855,ZNF26,0.99887925
6856,TGFBRAP1,0.9965863
6857,ST3GAL5,0.9972364
6858,SPOCK2,0.9929334
6859,IL1RN,0.99948823
6860,TRPM7,0.9983753
6861,LPIN3,0.99854916
6862,VCAM1,0.99853534
6863,HGH1,0.9971288
6864,HSDL1,0.9988203
6865,HAUS8,0.9978693
6866,PLAA,0.99672127
6867,UNKL,0.99830407
6868,PLEKHA8,0.99839944
6869,WDFY3,0.9979127
6870,FGD4,0.99800014
6871,RRAGB,0.99506223
6872,PLA2G12A,0.9987904
6873,DUSP11,0.9970314
6874,ARHGEF9,0.99927866
6875,ARL14EP,0.9970361
6876,OPA3,0.9983591
6877,COQ5,0.998861
6878,PROS1,0.99590576
6879,HEYL,0.99593294
6880,TMEM50B,0.99872094
6881,ZNF84,0.99784625
6882,CST6,0.9988434
6883,ERMAP,0.9966277
6884,CUL5,0.998047
6885,BRCA1,0.99910927
6886,EVPL,0.9988637
6887,ACER3,0.99897444
6888,PDCL,0.9990741
6889,TRAPPC8,0.998888
6890,ITIH5,0.997584
6891,PLPP3,0.9973254
6892,GALNT3,0.9971569
6893,ATF1,0.9957692
6894,FMN1,0.9983923
6895,BMP2,0.9920481
6896,PIGH,0.9964412
6897,BCCIP,0.99939996
6898,SMC6,0.9993618
6899,MTFR1,0.99688053
6900,SLFN11,0.99903333
6901,RFLNB,0.99366206
6902,FKRP,0.9988716
6903,PEX1,0.9980427
6904,SLC22A17,0.9958116
6905,REL,0.99929124
6906,GALE,0.99151355
6907,IDUA,0.99842155
6908,CNTRL,0.99833214
6909,SDAD1,0.9967061
6910,C6orf47,0.9976584
6911,SLC38A7,0.99882126
6912,ALG1,0.998936
6913,CSKMT,0.9985541
6914,SLA,0.9958674
6915,PURA,0.99882305
6916,PHLDA2,0.9990389
6917,SYTL2,0.9981555
6918,ADCY9,0.9988848
6919,WDR62,0.9987502
6920,TSR1,0.9992855
6921,REC8,0.9974437
6922,LIMCH1,0.99559677
6923,KIF2A,0.9980318
6924,HMBS,0.99886024
6925,MMP19,0.997764
6926,SMARCC2,0.9971756
6927,ATAD2B,0.99845684
6928,C6orf226,0.99876946
6929,ACAD8,0.99788296
6930,NEMP1,0.9978231
6931,DOCK11,0.9988657
6932,OGG1,0.9986388
6933,CEP128,0.9988669
6934,GRB10,0.99853975
6935,THADA,0.9963743
6936,PTPN3,0.99952567
6937,DCAF13,0.9991482
6938,SPIRE2,0.9988963
6939,LRFN3,0.99873984
6940,SAP30,0.9974197
6941,PIBF1,0.9985827
6942,ADAMTS9,0.9971056
6943,NMI,0.9985529
6944,PRKD1,0.9989484
6945,ANKRD65,0.99857914
6946,YJEFN3,0.99848187
6947,KPNA3,0.9978836
6948,BAHCC1,0.9953659
6949,ESF1,0.99749535
6950,MIS18BP1,0.99493676
6951,ZNF117,0.9988249
6952,ZBTB21,0.9990715
6953,H3F3A,0.9980357
6954,FANCC,0.9980458
6955,SUGP1,0.998233
6956,MTMR10,0.9987445
6957,ADAMTS10,0.99607265
6958,FAM13A,0.99488324
6959,TST,0.99842006
6960,KYNU,0.9977809
6961,NUDT16L1,0.9990328
6962,DPAGT1,0.9962131
6963,NUP133,0.99913466
6964,ZNF7,0.99860656
6965,HAUS4,0.99825317
6966,FCGR2B,0.99847734
6967,BTBD1,0.9969517
6968,TNS4,0.99770087
6969,LURAP1L,0.9993022
6970,PIK3C3,0.9967906
6971,NDC80,0.99849015
6972,TARSL2,0.99956304
6973,TRAPPC10,0.99806774
6974,ATR,0.9994295
6975,ZNF302,0.99732333
6976,SH3RF1,0.9967871
6977,STYXL1,0.99771625
6978,NDOR1,0.9974321
6979,TSC1,0.99934787
6980,NUDT1,0.995159
6981,TAMM41,0.9984773
6982,INSIG2,0.9972242
6983,PTRH2,0.9980405
6984,TAF4,0.9973682
6985,DSN1,0.9984333
6986,ANK3,0.9989502
6987,TMEM68,0.99887735
6988,ICAM3,0.99821454
6989,SNX30,0.99114114
6990,RCCD1,0.9971851
6991,ARHGEF4,0.9981295
6992,AC093323.1,0.9993626
6993,NVL,0.9994526
6994,SLC43A1,0.9985014
6995,ZNF507,0.99583447
6996,ZNF75A,0.9983872
6997,LGALSL,0.9990751
6998,ERLIN2,0.9968735
6999,AKAP12,0.98262405
7000,ELMO1,0.9982835
7001,ZNF561,0.99660885
7002,MRI1,0.9987424
7003,ZNF687,0.9903363
7004,FAM174B,0.99846303
7005,FOXF1,0.9764449
7006,GFPT2,0.9941282
7007,CLOCK,0.9993065
7008,PTRH1,0.9924229
7009,TEAD2,0.99664533
7010,PAPSS2,0.99796474
7011,POU2AF1,0.9838934
7012,TMEM63A,0.9979807
7013,DENND3,0.99849284
7014,NEPRO,0.9972717
7015,ITM2A,0.99929017
7016,CA5B,0.9992728
7017,PTPN14,0.9981097
7018,SLC35E2B,0.99105656
7019,TARBP2,0.9991089
7020,TCTN1,0.9984671
7021,MOAP1,0.991083
7022,RASGRP2,0.999341
7023,CELSR2,0.9979847
7024,SPNS2,0.99903566
7025,ZNF337,0.9977835
7026,OCRL,0.99787855
7027,CASTOR3,0.99873
7028,AGER,0.99877423
7029,EDNRA,0.99789226
7030,SGF29,0.99917984
7031,TSFM,0.99855936
7032,DENND4A,0.99939764
7033,ZNF562,0.9989869
7034,GSAP,0.99621946
7035,SIRT5,0.99852693
7036,FERMT1,0.99741334
7037,TSPAN31,0.99282634
7038,IGF1,0.9936676
7039,CFAP36,0.99921167
7040,DYNC1I1,0.9972909
7041,MRE11,0.99879664
7042,MED17,0.99286544
7043,ZNF281,0.99555904
7044,SUFU,0.9980575
7045,SPATA33,0.9991501
7046,ASPN,0.9994122
7047,TRAPPC13,0.9987097
7048,MFSD5,0.99911547
7049,GCA,0.9982475
7050,NAA25,0.99925995
7051,MYCBP,0.9989583
7052,C2orf69,0.99777585
7053,CDC42EP2,0.99832904
7054,SLC2A4,0.99753284
7055,NRF1,0.99873954
7056,B3GALT4,0.9993642
7057,GLCCI1,0.9977411
7058,PHLDB3,0.99901855
7059,PTPRJ,0.99851024
7060,LENG1,0.9973739
7061,VWA8,0.99931014
7062,PLEK,0.9981432
7063,SARM1,0.9933174
7064,FAM83A,0.99625444
7065,MLF1,0.9985797
7066,ALMS1,0.9985874
7067,RNF24,0.99863756
7068,COG5,0.9992213
7069,MYO9A,0.98997945
7070,CHST3,0.99921525
7071,CACFD1,0.99894077
7072,NAA15,0.99800444
7073,C9orf85,0.99793386
7074,INPP1,0.9993397
7075,NEK10,0.9976079
7076,FGD6,0.9992054
7077,CTR9,0.99885625
7078,FAM135A,0.99851674
7079,PPID,0.9979359
7080,REV3L,0.9979204
7081,LPAR6,0.99817914
7082,TNIK,0.9937043
7083,CRIP1,0.9947302
7084,TRIT1,0.986698
7085,LANCL1,0.99692696
7086,KANSL2,0.9974905
7087,KLF12,0.99830246
7088,AAMDC,0.9977843
7089,FANCG,0.9992305
7090,UHRF1BP1L,0.99570143
7091,MTRF1L,0.9978
7092,ZNF185,0.9990083
7093,CD4,0.99745035
7094,ADAM8,0.9987528
7095,PIGN,0.9949772
7096,KLHL9,0.9916872
7097,R3HDM1,0.9983221
7098,TMEM242,0.9958372
7099,PATZ1,0.9980222
7100,RBBP9,0.99723923
7101,SLC24A3,0.99803287
7102,ZNF212,0.99921626
7103,SASH3,0.9973917
7104,ARRB1,0.9955856
7105,EGR3,0.99698716
7106,CDAN1,0.9901021
7107,OSGIN2,0.9978712
7108,LIFR,0.99640715
7109,KIF2C,0.9991663
7110,COL17A1,0.99914026
7111,HAUS5,0.9987968
7112,APBB1IP,0.9957143
7113,MTFP1,0.99759704
7114,ASB6,0.9985134
7115,UHRF1BP1,0.9935519
7116,TRPV2,0.9976901
7117,ZNF574,0.9982542
7118,MFSD3,0.9987345
7119,PIK3R4,0.9987258
7120,ZNF445,0.9981977
7121,ABTB2,0.9983288
7122,EFHC1,0.9978081
7123,BMF,0.9952127
7124,ZNF226,0.9982616
7125,JADE1,0.99753904
7126,NDUFA13,0.9973794
7127,SLC25A19,0.9957959
7128,KIAA0040,0.9967171
7129,WDR37,0.998405
7130,KIAA2026,0.9989543
7131,HAND2,0.9961454
7132,COMMD2,0.9988351
7133,ZFAND2A,0.9989468
7134,LRP6,0.9990258
7135,PDE8A,0.9956627
7136,ORC2,0.9959987
7137,PDSS2,0.9986165
7138,CMPK2,0.9985841
7139,CHM,0.99821866
7140,ZNF189,0.99762744
7141,BRAP,0.9987668
7142,UBE2D4,0.99654186
7143,PIK3CA,0.9994934
7144,SLC36A4,0.99835426
7145,CSDC2,0.9993641
7146,LY6K,0.9973167
7147,TRIM13,0.9958204
7148,NLN,0.99761426
7149,COG6,0.99789745
7150,RUFY1,0.9965041
7151,MSL3,0.99876106
7152,FGFR2,0.9986517
7153,MYEF2,0.998203
7154,ZNF33B,0.99791545
7155,ZNF318,0.998212
7156,SMIM15,0.9986626
7157,SH2D3A,0.99935883
7158,FAM98C,0.9986348
7159,MCC,0.9990533
7160,PUSL1,0.9985735
7161,IFT22,0.9948555
7162,KCNS3,0.9977954
7163,MORC4,0.99884015
7164,TMC8,0.9989122
7165,SLC25A12,0.99939454
7166,CEP78,0.9990385
7167,B4GALNT3,0.9926387
7168,C2CD3,0.99843943
7169,PDK2,0.9992213
7170,MSRB3,0.99239606
7171,PELI1,0.99770033
7172,GDPD3,0.9990088
7173,CEMIP,0.99837196
7174,GTF3C4,0.99897397
7175,ZFP64,0.99661076
7176,GAB1,0.99707013
7177,TANGO2,0.9994157
7178,GLRX2,0.998899
7179,KIAA0556,0.9983429
7180,ZNF761,0.99764025
7181,SNIP1,0.99873555
7182,ZFYVE9,0.9990765
7183,RAB30,0.99717057
7184,ITFG2,0.997602
7185,OSBPL7,0.9982058
7186,EEPD1,0.99812996
7187,DALRD3,0.99791634
7188,BRD3OS,0.998489
7189,PLA2G4C,0.997968
7190,RBL1,0.9989743
7191,SFT2D1,0.9989772
7192,NUDCD2,0.99778473
7193,TATDN1,0.9987181
7194,BTN2A2,0.9986852
7195,ZNF668,0.9979744
7196,NDN,0.99840766
7197,NFATC2,0.99779826
7198,TOP1MT,0.99663675
7199,TSPAN33,0.99744827
7200,MCM8,0.9980699
7201,NUAK2,0.9991884
7202,IKZF1,0.99352425
7203,ST7,0.9962023
7204,PLA2G6,0.99864817
7205,CCSAP,0.99841034
7206,VIRMA,0.9983295
7207,CARMIL1,0.99961793
7208,RNF170,0.99585056
7209,TNFAIP8L1,0.99646485
7210,ARFIP1,0.998494
7211,N4BP2L1,0.99813735
7212,CSNK1G1,0.99937564
7213,TKFC,0.9962586
7214,SESN1,0.9979932
7215,GEN1,0.99917424
7216,PLGRKT,0.9988717
7217,FCF1,0.998051
7218,UBN2,0.99761474
7219,BLZF1,0.9974653
7220,ZC3H12C,0.9971514
7221,AASDHPPT,0.9982414
7222,EVA1C,0.99610424
7223,PGAP2,0.9974726
7224,RNF113A,0.9984703
7225,NAA30,0.9988042
7226,MOSPD1,0.9990543
7227,FOXJ2,0.9970425
7228,ZNF512B,0.9994744
7229,TDRD7,0.99721783
7230,KIZ,0.99799424
7231,ARSB,0.98641235
7232,CDCA8,0.9992733
7233,FAM120C,0.9932667
7234,COL4A6,0.9972761
7235,TARS2,0.98715323
7236,IDE,0.99855804
7237,PTCD1,0.9973408
7238,PER2,0.99745023
7239,EXOSC9,0.9985876
7240,TBX3,0.99744195
7241,RRAGC,0.9988761
7242,FBXW9,0.9993719
7243,SLC35D1,0.9976877
7244,PMAIP1,0.9943328
7245,FNBP1L,0.9986299
7246,NR1D1,0.9987628
7247,ZNF431,0.9989017
7248,FAM49A,0.99636567
7249,TSEN15,0.9976417
7250,LMF1,0.994938
7251,HLCS,0.9957287
7252,CDC37L1,0.9910585
7253,USP42,0.9929961
7254,ASTN2,0.9973858
7255,RIF1,0.9994955
7256,COG7,0.99729997
7257,TGFA,0.99707043
7258,XRCC3,0.99670297
7259,CTTNBP2NL,0.99762887
7260,TNFRSF11B,0.99208176
7261,FAM83G,0.9954761
7262,CDK7,0.9965908
7263,SLC38A6,0.9987148
7264,TATDN3,0.9974801
7265,ASH2L,0.99828166
7266,XPA,0.99864656
7267,RGS19,0.99516356
7268,FOXP2,0.9961566
7269,POLR3C,0.9984392
7270,PIGF,0.99818695
7271,CRTC2,0.9976535
7272,FASTKD2,0.99912804
7273,EPG5,0.99850905
7274,BYSL,0.999222
7275,BAMBI,0.9983827
7276,PTGER4,0.99259263
7277,RAD54L,0.9980668
7278,ETV7,0.9970762
7279,ANKRD49,0.9978773
7280,TACO1,0.9984954
7281,DLGAP5,0.99804723
7282,NPAT,0.99660236
7283,MINDY3,0.9955095
7284,C20orf194,0.9982144
7285,IQCE,0.9980324
7286,KLHL17,0.99860126
7287,CDK19,0.99860394
7288,C2CD5,0.99860287
7289,WNT5B,0.99851006
7290,CNPY4,0.9963067
7291,CASD1,0.99378794
7292,RRAGD,0.99714756
7293,ZNF408,0.99763095
7294,CCDC186,0.99508697
7295,SLC25A22,0.99609315
7296,SNAPC5,0.99862635
7297,SP2,0.9976085
7298,KIF18B,0.99838334
7299,RBSN,0.9992501
7300,PDE5A,0.9959749
7301,CD36,0.99827754
7302,MOB1B,0.99861795
7303,DNMBP,0.99832803
7304,WNT5A,0.99901754
7305,PTRHD1,0.99887896
7306,APLNR,0.9954804
7307,SKA2,0.99321353
7308,ZNF398,0.9985633
7309,ARHGEF3,0.9965164
7310,NSDHL,0.99930084
7311,MYO5C,0.99764776
7312,ECD,0.9968799
7313,MCPH1,0.99809057
7314,IL20RB,0.9971836
7315,UBE2T,0.9993256
7316,TSPAN5,0.99800766
7317,HIF3A,0.9986359
7318,MCAT,0.9986547
7319,REXO4,0.9988701
7320,ETV5,0.9925855
7321,NME6,0.9970342
7322,ASAP3,0.99357903
7323,TOR4A,0.99793625
7324,EPB41L2,0.9988664
7325,CSTA,0.99628526
7326,CCDC120,0.9989187
7327,LNPK,0.99926835
7328,ABHD3,0.99639577
7329,TTC13,0.9965626
7330,ADGRD1,0.99662
7331,TMEM255B,0.9971199
7332,PAPOLG,0.9981593
7333,MFAP1,0.9984449
7334,LEO1,0.9961386
7335,PLEKHG1,0.99615365
7336,PRICKLE2,0.998104
7337,BBIP1,0.99895555
7338,ARMC6,0.99730337
7339,LRRC61,0.99705154
7340,MLLT11,0.9992069
7341,POLR1E,0.997248
7342,RIC8B,0.99610966
7343,PI4K2B,0.99836856
7344,GAMT,0.9984422
7345,SLC31A2,0.99625397
7346,TBC1D23,0.99853003
7347,HERC3,0.9970144
7348,IFT140,0.99743986
7349,TRIM3,0.99719036
7350,HLX,0.9946092
7351,CAMSAP3,0.9982508
7352,ITGBL1,0.9955988
7353,GJB3,0.99523056
7354,SLC19A2,0.9949064
7355,SCO1,0.9983877
7356,PIGP,0.9983126
7357,ARL5B,0.999164
7358,INAFM2,0.9980358
7359,MATR3,0.9986269
7360,HES6,0.99832344
7361,NPM3,0.99576473
7362,LRIG2,0.99856853
7363,SHROOM1,0.9976188
7364,POLR1C,0.9961065
7365,CKAP2,0.9977172
7366,NDUFAF6,0.99739134
7367,RRP9,0.9983047
7368,THG1L,0.99888384
7369,GDF15,0.9984738
7370,LIF,0.99911326
7371,ZDHHC17,0.99746007
7372,LILRB2,0.99649
7373,PGPEP1,0.99867374
7374,CASP10,0.9955765
7375,CYTH3,0.99763584
7376,CSF2RB,0.99731195
7377,FAM131A,0.9986987
7378,NXPH3,0.9963605
7379,CPM,0.9976732
7380,IFT27,0.9974822
7381,SEC31B,0.9980529
7382,SLC9A6,0.99884003
7383,RIOX2,0.99120873
7384,PPTC7,0.9975197
7385,RALGPS2,0.9957901
7386,CD200,0.9960772
7387,BLOC1S4,0.9949787
7388,FAH,0.99124515
7389,HIRA,0.99791795
7390,ACACB,0.9979088
7391,RNASEH2B,0.9987825
7392,PRKACB,0.9994299
7393,PPM1K,0.9965364
7394,NXPE3,0.9978579
7395,POLR3K,0.9983183
7396,CRY1,0.99838096
7397,NHSL1,0.9993831
7398,TRAPPC6A,0.99764377
7399,IL1RAP,0.9986946
7400,SLC45A4,0.9986455
7401,XPO4,0.99353683
7402,ARHGEF10,0.9957838
7403,ZBED4,0.99763185
7404,WDR19,0.9973378
7405,DENND6B,0.99831855
7406,CPT1B,0.9973527
7407,CCDC66,0.9980543
7408,GPX7,0.99674606
7409,INTS14,0.99798536
7410,SOX18,0.9963795
7411,SCD5,0.9981534
7412,TSNARE1,0.9991749
7413,ASCC1,0.99432814
7414,H2AFY2,0.99698913
7415,SLC26A11,0.9930995
7416,FH,0.99732715
7417,ENOX2,0.996826
7418,TEX30,0.99934196
7419,MAP3K12,0.995255
7420,ADAMTS7,0.99324876
7421,CDH24,0.9986769
7422,TAB1,0.9935834
7423,PSD3,0.9977058
7424,CEP44,0.9967078
7425,ANPEP,0.99810565
7426,AMMECR1L,0.99769276
7427,CEP68,0.99898064
7428,ADAP1,0.9981192
7429,FAM222B,0.9981046
7430,FAM177B,0.99742305
7431,KIF3A,0.99819535
7432,DSC2,0.99680966
7433,TUBGCP5,0.99742097
7434,RNF14,0.9986533
7435,RSBN1L,0.9990942
7436,KIFC1,0.9984277
7437,TRMT44,0.99864644
7438,ZNF267,0.9979555
7439,KLHL18,0.99818784
7440,MPHOSPH9,0.99138147
7441,ERG,0.9987175
7442,ZNF43,0.99805415
7443,PPIL1,0.9984649
7444,ACSL5,0.9990414
7445,YBEY,0.9964019
7446,MAPK11,0.99862087
7447,ELMOD2,0.9979746
7448,PIF1,0.99799585
7449,CDK18,0.99878055
7450,TGFBR3,0.9870232
7451,TSPOAP1,0.996157
7452,ZYG11B,0.99724275
7453,FERMT3,0.99825656
7454,STARD9,0.99692976
7455,MYNN,0.9982001
7456,HIST1H2BJ,0.99882144
7457,MT1G,0.99758804
7458,PDGFB,0.99431455
7459,KCNJ8,0.9909956
7460,RSBN1,0.9961931
7461,CRBN,0.9985708
7462,UBE2O,0.9978095
7463,TRERF1,0.9988698
7464,NUDT19,0.9990448
7465,FAAH,0.9984638
7466,NGDN,0.9987232
7467,BCL9,0.9943495
7468,RITA1,0.99765605
7469,HILPDA,0.9987232
7470,CHEK1,0.99736613
7471,RHOV,0.9995127
7472,GALK2,0.9931719
7473,ZNF141,0.99486876
7474,NIPA1,0.9977361
7475,VDR,0.9979013
7476,SNAPIN,0.9989257
7477,MAPRE3,0.99930465
7478,TOM1L1,0.99875927
7479,GNAI1,0.99903524
7480,MAPK6,0.99844694
7481,FBXO25,0.99863213
7482,RPAP1,0.9985217
7483,FOCAD,0.9987957
7484,ZDHHC1,0.99578065
7485,TMEM120B,0.9972056
7486,NDUFAF7,0.99853706
7487,TET3,0.999469
7488,MNAT1,0.97810185
7489,ZFYVE1,0.9978298
7490,ZNF124,0.9986917
7491,TRIP11,0.9988772
7492,MIS12,0.9990236
7493,ERI2,0.99122524
7494,SLC25A17,0.9989958
7495,DCPS,0.99531746
7496,PWWP2A,0.9980297
7497,HOXA7,0.998915
7498,NAAA,0.9966548
7499,RAD51C,0.9973071
7500,GPT2,0.9977419
7501,ARHGAP25,0.9984827
7502,CDC6,0.9982297
7503,GNG2,0.9974905
7504,PIK3R1,0.9980281
7505,NHLRC2,0.9992775
7506,KIF11,0.9967804
7507,C11orf95,0.9974977
7508,TRAPPC1,0.99235475
7509,HK2,0.99886656
7510,EGR2,0.9944949
7511,CEBPA,0.9968804
7512,SPRED2,0.99788636
7513,PLXNC1,0.99767315
7514,PPCDC,0.99544036
7515,ADO,0.9957932
7516,MASTL,0.99803686
7517,IQSEC2,0.99826974
7518,SCFD2,0.99877185
7519,STS,0.9878043
7520,CASP8,0.99744195
7521,PALM,0.99484646
7522,SNRPB2,0.9981042
7523,ANKMY1,0.9986556
7524,C1orf116,0.99857837
7525,TPMT,0.9994677
7526,PBDC1,0.9976904
7527,RNF6,0.9989004
7528,FUOM,0.9972045
7529,NDUFAF5,0.99875087
7530,RAB40B,0.99770033
7531,AIMP2,0.99549675
7532,LTB4R,0.99745786
7533,PRSS8,0.9965812
7534,MORN1,0.9980642
7535,MTHFS,0.9972583
7536,ZBTB10,0.9905356
7537,GCH1,0.9987968
7538,SPACA6,0.99722064
7539,TTC28,0.9937202
7540,ITGAE,0.9981095
7541,DPH5,0.9979264
7542,UFL1,0.9983169
7543,SLC1A3,0.99909484
7544,NUDT2,0.99721795
7545,CAB39L,0.99852335
7546,RCAN2,0.9981821
7547,LYRM2,0.99711037
7548,PEX10,0.99729854
7549,NIPSNAP3A,0.99835175
7550,PAG1,0.996712
7551,ANKRD37,0.9937273
7552,OARD1,0.99827814
7553,MOXD1,0.9953629
7554,MMP7,0.99913293
7555,KIF23,0.9985717
7556,BCLAF3,0.99708116
7557,CASP6,0.9974543
7558,KRT23,0.9990729
7559,DENND1B,0.9980717
7560,SMIM3,0.9979889
7561,RPP25,0.9990972
7562,ALPK1,0.9984347
7563,CLEC7A,0.99431837
7564,CHCHD6,0.9982525
7565,KANSL1L,0.9986018
7566,ROBO4,0.99639654
7567,ADCY5,0.99849796
7568,TMEM107,0.9987739
7569,BMPR1A,0.995546
7570,MYPOP,0.99753034
7571,ITSN1,0.9982014
7572,HSCB,0.9952609
7573,DUSP10,0.9966837
7574,TIAM1,0.9978541
7575,KLHL6,0.99721986
7576,TANC2,0.99866354
7577,ZNF142,0.99867535
7578,LIN52,0.99715245
7579,TLE4,0.9992657
7580,KRBOX4,0.99733
7581,TMEM243,0.99930704
7582,NGLY1,0.99765
7583,OTUD3,0.9887884
7584,CCNT1,0.9988202
7585,MOSMO,0.99823684
7586,PRKD3,0.9979124
7587,CCL19,0.99006736
7588,CBR4,0.9947775
7589,TLR2,0.99849385
7590,HOXB2,0.9969446
7591,COL9A2,0.9995424
7592,MAGEH1,0.98530495
7593,TTC39C,0.9980488
7594,PDCL3,0.9962181
7595,PDE12,0.99618256
7596,SEMA6B,0.9923822
7597,IRF5,0.9940464
7598,TMEM47,0.9964584
7599,LRRC20,0.99775285
7600,C1orf162,0.9990694
7601,EXOSC1,0.9976333
7602,PAAF1,0.9993782
7603,RIPK4,0.99935454
7604,ARNTL,0.99889386
7605,EPB41L4B,0.9977975
7606,PTHLH,0.99823743
7607,TRIM21,0.9957364
7608,LATS1,0.9976692
7609,RNF2,0.99840224
7610,LARGE2,0.9985609
7611,NR2F1,0.9985563
7612,GPKOW,0.9977852
7613,NCKAP5L,0.9939519
7614,ANK2,0.99778193
7615,DENND4C,0.9959779
7616,SEMA3A,0.9983924
7617,PFKFB4,0.99872625
7618,TECPR2,0.99458265
7619,PRDM15,0.9989203
7620,RNFT1,0.9979971
7621,BBS7,0.99317586
7622,NPL,0.9949651
7623,HID1,0.9965025
7624,EPS15L1,0.99768484
7625,NPNT,0.99888784
7626,MEF2C,0.9995143
7627,RILP,0.99879456
7628,CHEK2,0.9985781
7629,ESCO1,0.9982789
7630,JRK,0.99666965
7631,KATNBL1,0.99896985
7632,PXK,0.99832773
7633,GABPA,0.998165
7634,WDR7,0.99636537
7635,CPEB2,0.99759054
7636,SLC36A1,0.99838436
7637,CENPJ,0.99895495
7638,PROSER2,0.99590796
7639,HCCS,0.99851465
7640,ECI2,0.9992161
7641,ITGB7,0.9874638
7642,VILL,0.99915314
7643,RNF208,0.9980642
7644,RNF214,0.9980446
7645,CACNB1,0.99907875
7646,SLC25A40,0.9991627
7647,GLA,0.9977085
7648,STEAP3,0.9990238
7649,KIF1BP,0.9980814
7650,TNFRSF4,0.9987133
7651,ABHD8,0.99815637
7652,HMGCR,0.9956999
7653,ALOX5AP,0.99808586
7654,PDE3B,0.9951658
7655,CIT,0.9985706
7656,TENT5C,0.99074286
7657,DNAJC30,0.9987566
7658,E2F3,0.99863875
7659,RAPGEF5,0.99865884
7660,KPTN,0.99895495
7661,ADCY7,0.998072
7662,SEMA4A,0.9966694
7663,MGME1,0.9978528
7664,DDR2,0.99774647
7665,TNPO3,0.998532
7666,R3HCC1L,0.99921
7667,GPR176,0.9974119
7668,FLYWCH2,0.9980141
7669,CPOX,0.99928695
7670,SFMBT1,0.9989791
7671,IDO1,0.98107016
7672,CCDC159,0.9969605
7673,BICC1,0.9993137
7674,RPUSD4,0.99820167
7675,RAD51AP1,0.99814546
7676,ANO8,0.99733937
7677,TFAP2A,0.9949276
7678,AP1M2,0.9983059
7679,KIAA0513,0.9972326
7680,HEPH,0.996949
7681,VRK1,0.99793655
7682,ETAA1,0.99810284
7683,MRM2,0.9990177
7684,ZBTB45,0.99790955
7685,TRAPPC11,0.99403656
7686,CTSO,0.98246324
7687,AGFG2,0.9977868
7688,ERCC6,0.99847233
7689,ZNF623,0.99759305
7690,DOK1,0.99784243
7691,CCNE1,0.9989354
7692,TULP3,0.99874896
7693,RAB11FIP4,0.9989969
7694,CNOT11,0.998596
7695,ZNF251,0.9970781
7696,ADAP2,0.99032056
7697,ANKDD1A,0.9964426
7698,ZCCHC8,0.9992709
7699,ANKRD36C,0.9932283
7700,CD7,0.9978684
7701,COPS4,0.9965209
7702,HSPA6,0.9981147
7703,MPP7,0.99661857
7704,MUC4,0.9984886
7705,NEDD1,0.99898994
7706,ZNF446,0.99896765
7707,ACP6,0.9959663
7708,RPAP3,0.9984306
7709,DOCK7,0.9991603
7710,GIGYF2,0.9872344
7711,ALDH5A1,0.9957884
7712,POMT2,0.999685
7713,CTNS,0.9992296
7714,C3orf62,0.9975351
7715,SHF,0.9979267
7716,ARMC5,0.9990736
7717,EARS2,0.99895847
7718,UBOX5,0.9918176
7719,C16orf91,0.99797523
7720,TADA2A,0.9981915
7721,TRAF3IP1,0.9970929
7722,ZNF766,0.99759275
7723,SLC44A3,0.9963888
7724,WFDC1,0.9942352
7725,PCNX3,0.99397373
7726,LMBRD2,0.99822825
7727,RAPGEF2,0.99024093
7728,BHLHE41,0.987817
7729,RIN1,0.99491245
7730,RCSD1,0.9971398
7731,ZNF704,0.9988365
7732,RNF144A,0.9967046
7733,TMEM200B,0.9985857
7734,GRHL1,0.99751556
7735,ZNF639,0.99912405
7736,IRAK2,0.9903188
7737,INPP5F,0.99640495
7738,NUDT9,0.99689853
7739,STK26,0.99668205
7740,CXorf56,0.9966038
7741,FBXL20,0.996607
7742,GALNT18,0.9984806
7743,SLC9A9,0.9991248
7744,CDC23,0.997035
7745,MERTK,0.9980652
7746,ASPM,0.99888784
7747,ARAP3,0.99896145
7748,RASD1,0.98786086
7749,C21orf58,0.9983593
7750,MMP15,0.9988433
7751,FAM104B,0.9988782
7752,CDKN2B,0.99948204
7753,EBAG9,0.9967459
7754,STX1A,0.9985982
7755,EMSY,0.9972458
7756,SEC61A2,0.9953353
7757,PRPF40B,0.99677926
7758,AGAP9,0.9968748
7759,XYLT1,0.9985651
7760,WHRN,0.9977986
7761,YARS2,0.99916583
7762,UMPS,0.9981672
7763,CORO2A,0.9986886
7764,COX6A1,0.99411094
7765,BORCS5,0.9969966
7766,CDCA7,0.9984493
7767,SLAMF8,0.98761207
7768,AOAH,0.997231
7769,NUP37,0.9989201
7770,GRHL2,0.99832964
7771,NCAPH,0.99755144
7772,HDHD5,0.9983398
7773,ZNF236,0.99644595
7774,KRT80,0.99273366
7775,GPR183,0.99741066
7776,HOXB3,0.9979353
7777,LYSMD2,0.9975359
7778,TMEM268,0.9972458
7779,FUNDC1,0.99761283
7780,MYBL1,0.99763477
7781,MARC2,0.99581575
7782,ABI3,0.99737006
7783,NMB,0.9992491
7784,ACCS,0.9986347
7785,TMEM237,0.99820983
7786,ZNF280D,0.9990164
7787,USP38,0.99841595
7788,SNX24,0.99895966
7789,BOLA1,0.99860746
7790,EDRF1,0.9974497
7791,CPED1,0.9984404
7792,RBBP8,0.9988617
7793,UEVLD,0.9985547
7794,HDDC3,0.9912423
7795,CENPA,0.9983608
7796,SLC16A2,0.9977282
7797,DHRS7B,0.99902916
7798,CWC22,0.9984029
7799,EIF5A2,0.98846036
7800,C2CD2L,0.99901706
7801,IKZF5,0.9971773
7802,MIOS,0.9965151
7803,NAPB,0.99807453
7804,TTI1,0.9991395
7805,SMIM27,0.99724674
7806,BORCS6,0.99400187
7807,EAF1,0.998911
7808,TUBE1,0.9975063
7809,MAP4K3,0.99771035
7810,SLF2,0.99186456
7811,GFOD2,0.9982931
7812,HS3ST1,0.99776185
7813,ABHD17B,0.99918336
7814,PARP2,0.99855775
7815,ZNF770,0.994397
7816,PSMA1,0.998757
7817,TBXAS1,0.99830663
7818,ARID3A,0.9912237
7819,ABHD18,0.9943234
7820,NUAK1,0.9966651
7821,SIRT1,0.9985417
7822,SCX,0.99685174
7823,RELL2,0.9983381
7824,DARS2,0.9987637
7825,XXYLT1,0.9976468
7826,NUDT15,0.995776
7827,TCEAL3,0.99749774
7828,CCL11,0.993904
7829,PIAS2,0.99913466
7830,SEC24A,0.99894315
7831,BBS2,0.9979455
7832,NAF1,0.99843043
7833,PLCXD1,0.9968999
7834,ACAT2,0.9986671
7835,IL33,0.9868873
7836,RUNDC1,0.9989891
7837,NUF2,0.99470043
7838,UMAD1,0.99845314
7839,TNFAIP8L3,0.9971489
7840,OLR1,0.9985849
7841,UNC119B,0.99798137
7842,SYT11,0.99779177
7843,DHRS1,0.9981384
7844,C18orf32,0.9984441
7845,POU2F1,0.9990513
7846,INCENP,0.9989414
7847,TOR2A,0.99867284
7848,OCLN,0.9978728
7849,ICA1,0.9943722
7850,CBLL1,0.9986056
7851,GPR68,0.99859065
7852,SIAH1,0.998826
7853,GLI3,0.9975883
7854,SHPRH,0.9878248
7855,GNPNAT1,0.9955141
7856,PODNL1,0.9984554
7857,SELPLG,0.9985436
7858,RASSF8,0.99826443
7859,ENPP2,0.9988841
7860,IGSF3,0.9979876
7861,KAZN,0.9981046
7862,PIK3AP1,0.9966699
7863,HIST1H1E,0.993941
7864,ABLIM2,0.99744874
7865,YOD1,0.9975726
7866,INTS12,0.99901974
7867,CCDC189,0.998629
7868,KHDRBS3,0.99882966
7869,ANGEL1,0.99405354
7870,TIMM21,0.9967086
7871,DUSP4,0.99260247
7872,ADCY4,0.99786043
7873,CNNM3,0.9977452
7874,NID2,0.9969176
7875,DTD1,0.9982945
7876,CSRNP2,0.9987561
7877,LPXN,0.98247564
7878,ZNF865,0.9945032
7879,HDAC8,0.9989748
7880,EFCAB2,0.9987817
7881,C17orf58,0.99295634
7882,ZNF75D,0.9949954
7883,KIAA1958,0.9981333
7884,MKKS,0.9965137
7885,ERLIN1,0.99813
7886,SCARF1,0.9982408
7887,ZNF205,0.9985689
7888,PELI3,0.9950501
7889,NKRF,0.99592954
7890,HDAC9,0.99724066
7891,PLEK2,0.998567
7892,ARHGAP22,0.99801666
7893,PJA1,0.9968343
7894,ADAMTS12,0.9977609
7895,IMPACT,0.99833614
7896,TRIQK,0.9983261
7897,HERC5,0.98994285
7898,XAB2,0.99786437
7899,SERPINB5,0.99915725
7900,ZBTB33,0.9988626
7901,NCF4,0.9801133
7902,CUL2,0.9955784
7903,MDN1,0.9979305
7904,METTL2A,0.99703723
7905,COQ2,0.9977018
7906,FZD1,0.9976077
7907,NIFK,0.9988966
7908,NCALD,0.99879855
7909,GPR180,0.9964298
7910,GDAP2,0.9975548
7911,CASP7,0.99868965
7912,DOCK10,0.9966055
7913,TNFRSF18,0.9981661
7914,RTL8B,0.9953572
7915,CCDC174,0.99833375
7916,ARID3B,0.99842614
7917,TASP1,0.9986901
7918,RFX3,0.9975794
7919,TMEM87A,0.99869645
7920,EHF,0.9917878
7921,MEIS3,0.9945342
7922,MFNG,0.99198705
7923,MSMO1,0.9849027
7924,ARHGAP33,0.9937273
7925,TNFAIP6,0.9978573
7926,DENND5B,0.99814874
7927,ZNF143,0.9984602
7928,ZKSCAN5,0.9969317
7929,HACL1,0.9980979
7930,WDR20,0.99780977
7931,GMEB1,0.9980275
7932,CEP120,0.99286765
7933,TAF1B,0.9914328
7934,PHETA2,0.99806297
7935,ZSCAN9,0.997301
7936,UTP14A,0.99881804
7937,EIF2B2,0.9980613
7938,TCP11L1,0.9984311
7939,BAG4,0.9951862
7940,SMPDL3A,0.99862516
7941,ZNF718,0.9976614
7942,RCBTB2,0.99873334
7943,MAP2,0.9967804
7944,CCDC102A,0.9979971
7945,ATP10A,0.9941534
7946,NEO1,0.9985922
7947,PKIA,0.98928565
7948,PRUNE1,0.9947777
7949,TCF7L1,0.9985151
7950,CAAP1,0.99852324
7951,RAPGEFL1,0.99738777
7952,PTAFR,0.9980893
7953,CREBRF,0.9985005
7954,ZNF160,0.99761057
7955,PROSER3,0.9976493
7956,PDGFC,0.99811745
7957,LRWD1,0.9978832
7958,ZNF333,0.99284756
7959,CROT,0.9977714
7960,ADGRF5,0.99703485
7961,SLC30A10,0.998476
7962,GLYCTK,0.99640894
7963,EFCAB13,0.9934193
7964,ZNF133,0.9971628
7965,CPT1C,0.99674714
7966,ANGEL2,0.9958993
7967,C11orf71,0.9980127
7968,SPRTN,0.9979189
7969,UBASH3B,0.9988348
7970,SLC35A5,0.9966791
7971,PLCB4,0.9991034
7972,NBEA,0.9902352
7973,DBP,0.99713886
7974,IQANK1,0.9990007
7975,EYA3,0.99914855
7976,DACT1,0.99596655
7977,ZWILCH,0.9974328
7978,FILIP1,0.9984686
7979,EPB41L5,0.9977671
7980,SLC35E3,0.99846756
7981,DBF4,0.99820364
7982,CLK4,0.9979513
7983,TTC23,0.99753034
7984,RABGEF1,0.99902165
7985,TMEM79,0.99924374
7986,TENM4,0.99813586
7987,CD6,0.99900454
7988,SLC26A2,0.99506676
7989,SLC17A5,0.9991919
7990,MANEA,0.9967214
7991,C9orf72,0.99357164
7992,PCSK5,0.99845237
7993,GPD1L,0.9960451
7994,PHLPP2,0.9965092
7995,BCL10,0.9988246
7996,TRIP4,0.9987415
7997,EDN1,0.99462664
7998,TERF2,0.998013
7999,WDR25,0.9919613
8000,RIPK2,0.99912465
8001,BUD13,0.99388885
8002,HIVEP1,0.997636
8003,CDCA3,0.9971665
8004,MITF,0.99651796
8005,TTLL5,0.9873991
8006,ZNF462,0.9982489
8007,TOMM40L,0.991377
8008,PVR,0.9913953
8009,NKAPD1,0.99899065
8010,OSR1,0.99546015
8011,FAAH2,0.9956662
8012,CMTR2,0.99895847
8013,ABCA3,0.9984493
8014,HAS3,0.99932593
8015,MTERF3,0.9958269
8016,CAMKK1,0.9966463
8017,NPAS2,0.99847347
8018,PHACTR2,0.9943148
8019,RPP25L,0.9982953
8020,HNMT,0.9991911
8021,ZDHHC14,0.9936426
8022,SPRYD4,0.9964069
8023,ARHGEF5,0.999211
8024,MTRR,0.9983646
8025,CD84,0.99747485
8026,TOPORS,0.99783534
8027,FAM210A,0.9978917
8028,VEGFC,0.9848809
8029,TBC1D10C,0.9985652
8030,BSPRY,0.99782103
8031,GSTZ1,0.99707377
8032,SCRG1,0.9966917
8033,BRWD3,0.9985609
8034,TANGO6,0.9981713
8035,TRIP13,0.996611
8036,UFSP2,0.9988996
8037,CEP85,0.99656504
8038,VAV1,0.99658644
8039,CYB5R4,0.9983794
8040,BTRC,0.99868476
8041,GABRE,0.99438477
8042,CEP70,0.99846697
8043,ATP6V0E2,0.99737865
8044,PPP2R3A,0.99754316
8045,C1orf54,0.99619997
8046,FBXL14,0.99692166
8047,TRIM66,0.99828815
8048,ALKBH4,0.9975157
8049,MDM1,0.9958069
8050,GPHN,0.9983694
8051,MSRA,0.9975122
8052,KANTR,0.9984139
8053,HAAO,0.9981538
8054,KCND3,0.9979986
8055,TENT5B,0.9983429
8056,MAP3K1,0.99922085
8057,SEMA7A,0.9984027
8058,CARD10,0.99676436
8059,TMCC3,0.9961176
8060,C19orf54,0.9970695
8061,CAMK1,0.99727076
8062,PTK6,0.99794704
8063,CDKN3,0.9951908
8064,MORN2,0.9989726
8065,ZNF277,0.99658793
8066,RMI2,0.99868643
8067,XPNPEP3,0.9886959
8068,NFYB,0.99800587
8069,WDR44,0.99800605
8070,TMEM184A,0.9981917
8071,ARTN,0.99775684
8072,CYB561D1,0.99889815
8073,TSTD2,0.9922554
8074,PTPN4,0.99622774
8075,C19orf47,0.98833627
8076,CELSR3,0.9952178
8077,DAPK2,0.9980043
8078,TRIB3,0.9920994
8079,TSPAN18,0.9986002
8080,IPO4,0.9960763
8081,SPATA2L,0.99738187
8082,NME2,0.9966696
8083,TRIM45,0.9912402
8084,EEF1G,0.97892064
8085,CPNE5,0.99406165
8086,KIF21A,0.99440706
8087,GPSM2,0.9974014
8088,TMTC2,0.99319804
8089,BBC3,0.9969991
8090,APAF1,0.99927694
8091,ARAP2,0.9981287
8092,GSTM3,0.9972106
8093,MMRN2,0.9909531
8094,GCC2,0.99841946
8095,NARS2,0.9948751
8096,NT5DC1,0.994784
8097,RNGTT,0.99894285
8098,TRIM52,0.99041766
8099,SVEP1,0.9958905
8100,MINDY1,0.9967679
8101,FBXO41,0.9973518
8102,ARL4D,0.9936906
8103,C1orf56,0.9986248
8104,RNF152,0.9980669
8105,SHQ1,0.9916042
8106,AKTIP,0.99490774
8107,ACOT2,0.9894101
8108,NHLRC3,0.9974109
8109,PACRGL,0.99736387
8110,FAM214B,0.9957344
8111,THUMPD3,0.9982079
8112,FAM167B,0.99785644
8113,STRADB,0.99805355
8114,ZNF213,0.9967843
8115,KANK3,0.999423
8116,RIMS3,0.98567945
8117,WDR12,0.99909323
8118,CTPS2,0.9971552
8119,HLA-DRB5,0.9756557
8120,CHST14,0.99841964
8121,TMEM86B,0.99825287
8122,TCAIM,0.9989451
8123,SLC35F2,0.9945383
8124,PLCD1,0.9989384
8125,TMEM38B,0.9952258
8126,COMMD8,0.9984363
8127,ARL17A,0.9955737
8128,LDOC1,0.9976343
8129,CNFN,0.99839735
8130,C6orf136,0.9964247
8131,KATNA1,0.99739325
8132,KAT6B,0.9985067
8133,JAK2,0.9917979
8134,HOOK3,0.99540484
8135,ZNF140,0.99480104
8136,PEAR1,0.99754536
8137,RCBTB1,0.99208033
8138,HSD17B14,0.9915184
8139,PKP1,0.9981715
8140,KIF3C,0.9972552
8141,SLC35B4,0.99843293
8142,GATA2,0.9963598
8143,MED11,0.99400777
8144,MTO1,0.9960952
8145,CPLX1,0.99057674
8146,PNPLA7,0.9982961
8147,ZNF606,0.99753046
8148,ZNF528,0.9949714
8149,PCSK6,0.9980418
8150,NDUFAF4,0.99872446
8151,NRCAM,0.99657696
8152,TMEM64,0.99839747
8153,ARMT1,0.999162
8154,PLEKHF2,0.9969614
8155,PDK1,0.99617654
8156,PPM1L,0.9972189
8157,LRRC57,0.99877393
8158,HMGXB4,0.9983236
8159,TTBK2,0.99770117
8160,MYSM1,0.99939644
8161,PXMP4,0.99563885
8162,CALHM6,0.9975587
8163,IL16,0.99782884
8164,USP35,0.99831533
8165,RWDD2B,0.98709726
8166,TPD52,0.9911804
8167,ZNF736,0.9928648
8168,ICK,0.9949951
8169,LLPH,0.99859333
8170,PHACTR1,0.9981531
8171,LILRB4,0.99526024
8172,SMARCAD1,0.9988017
8173,TMEM183A,0.9961332
8174,SNX25,0.9986042
8175,TRMT2B,0.9956072
8176,HMBOX1,0.99549675
8177,STON2,0.9948432
8178,PTPRB,0.9981176
8179,ZNF268,0.9983651
8180,SERPINB8,0.9863472
8181,HSD17B8,0.997307
8182,POLQ,0.9990746
8183,SPOCD1,0.9981513
8184,GAL3ST4,0.9986372
8185,IQCK,0.9953437
8186,RGL1,0.99716806
8187,TEF,0.99530727
8188,ALG6,0.998367
8189,ME1,0.9968996
8190,TBPL1,0.99779665
8191,LILRB5,0.9975977
8192,UIMC1,0.99838257
8193,NR2C2AP,0.9945849
8194,FKTN,0.99857914
8195,THBS4,0.9905426
8196,HSF2,0.9980852
8197,GPR87,0.99900186
8198,PCDH18,0.99256057
8199,HACD1,0.99362576
8200,TLN2,0.99809426
8201,SPTY2D1,0.9991034
8202,CHRAC1,0.9981977
8203,NUDT18,0.9958838
8204,TDP1,0.99549884
8205,CCNQ,0.998936
8206,HAUS6,0.99586785
8207,FAM217B,0.9983324
8208,LYAR,0.9978798
8209,HIST1H2BH,0.9983327
8210,TTYH2,0.9954098
8211,FAM241A,0.99321586
8212,PODXL2,0.9844564
8213,ALKBH2,0.9964431
8214,ARHGEF28,0.9983665
8215,MED30,0.99919593
8216,DCLRE1C,0.9953865
8217,ASB3,0.9976158
8218,LCLAT1,0.9991043
8219,ZBTB22,0.9942435
8220,FUZ,0.995495
8221,C1GALT1,0.9982952
8222,PRAG1,0.9964982
8223,CGNL1,0.99717206
8224,ABCA5,0.99772453
8225,PRPSAP2,0.9957101
8226,DNAJB5,0.99758196
8227,FANCD2,0.9964574
8228,AHCYL2,0.9981531
8229,TP53RK,0.99575347
8230,OLFM1,0.9983889
8231,HIST1H2AG,0.99680674
8232,SLC29A3,0.973508
8233,OPLAH,0.9994404
8234,RBM48,0.99835855
8235,NFXL1,0.9859106
8236,CCDC28A,0.99632394
8237,PRDM8,0.99534976
8238,SPSB2,0.9993289
8239,SYNJ1,0.9981449
8240,DSTYK,0.99829626
8241,MSANTD4,0.9966291
8242,AFAP1L1,0.99803257
8243,C3orf70,0.9990635
8244,LRRC37B,0.99803174
8245,IFITM10,0.98852605
8246,CCDC117,0.9958461
8247,WWC1,0.99696696
8248,VAMP1,0.99394304
8249,GIMAP4,0.9986542
8250,STAM,0.99881905
8251,FBXL7,0.99804527
8252,OPN3,0.9983736
8253,C12orf76,0.99373025
8254,MAPK8IP1,0.989422
8255,XKR6,0.9956416
8256,CYTIP,0.99606544
8257,MESP1,0.9982978
8258,UTP25,0.998932
8259,TTC21B,0.99842465
8260,CEPT1,0.9993806
8261,CPPED1,0.9945774
8262,ZNF880,0.995409
8263,POLR3GL,0.99516696
8264,ARHGEF37,0.9990629
8265,THTPA,0.9975694
8266,METTL14,0.9984045
8267,FAM174A,0.9980195
8268,POLR1B,0.9962757
8269,DMTN,0.99858415
8270,SHISA4,0.9970068
8271,HRH1,0.9955882
8272,ZAP70,0.99192476
8273,CAPN5,0.9973196
8274,SAMSN1,0.998051
8275,ZMAT5,0.9960805
8276,PROCR,0.9946539
8277,NAA16,0.9959957
8278,C3orf14,0.9850006
8279,ALKBH3,0.9982234
8280,CLDN15,0.9985393
8281,TMEM40,0.9984872
8282,CPNE8,0.9989932
8283,C17orf80,0.99739665
8284,GPRC5C,0.9984069
8285,TMEM135,0.9974371
8286,STAMBPL1,0.99797267
8287,AGTPBP1,0.99816245
8288,CRYZ,0.9946312
8289,AZIN2,0.9946144
8290,FAM160B1,0.99667597
8291,GLCE,0.996102
8292,SLCO2A1,0.9923259
8293,RBM12B,0.9974653
8294,MT1F,0.99737585
8295,CXADR,0.9981626
8296,FIBIN,0.9978177
8297,SLC22A18,0.9987844
8298,FNTB,0.9885333
8299,PYROXD1,0.9945693
8300,NSL1,0.99697036
8301,MARK1,0.99912393
8302,STX17,0.99737775
8303,MED31,0.99880105
8304,LSM11,0.99249506
8305,PPP2R2B,0.9952841
8306,STK11IP,0.9988247
8307,MAP2K5,0.99909097
8308,SPAST,0.99832743
8309,LIG4,0.9985553
8310,NKAP,0.9916307
8311,EXO5,0.9975624
8312,CYP2S1,0.99892503
8313,ST8SIA4,0.99802744
8314,RRM2B,0.9953291
8315,INTS5,0.9962622
8316,ARMC7,0.99375564
8317,ZNF414,0.9969732
8318,C11orf1,0.9988745
8319,CRYBG2,0.995783
8320,ST3GAL3,0.99495184
8321,SLC7A8,0.9974478
8322,PSPH,0.99508226
8323,TMEM25,0.99870473
8324,MAP4K1,0.9976405
8325,GMEB2,0.99696255
8326,LCORL,0.9952825
8327,FGR,0.9976303
8328,DCUN1D5,0.99917805
8329,STX11,0.9962959
8330,NOXA1,0.9981863
8331,PRIM2,0.9984317
8332,HIST1H2BN,0.9971794
8333,CENPE,0.9980663
8334,INVS,0.9969261
8335,WDYHV1,0.99474204
8336,C1orf109,0.9978584
8337,NUDT8,0.99767435
8338,GSTCD,0.99801904
8339,DHX29,0.994963
8340,MANSC1,0.9981022
8341,ZBTB25,0.99461794
8342,STOML1,0.99778235
8343,C12orf43,0.99838096
8344,TTC19,0.9939656
8345,STK32C,0.9929636
8346,TBX1,0.99827355
8347,ASB2,0.99712336
8348,PLAGL2,0.9966574
8349,CALHM2,0.997012
8350,DPT,0.9957069
8351,METTL16,0.9988123
8352,PARVB,0.9986634
8353,NCAPG,0.9984301
8354,ZNF691,0.99747324
8355,AP5S1,0.99719477
8356,HVCN1,0.9961394
8357,GFM2,0.9978121
8358,PHF6,0.9993738
8359,FAM229A,0.9981529
8360,SUPT3H,0.99818575
8361,RASAL3,0.9975997
8362,WASHC2A,0.99762344
8363,LACTB2,0.99624777
8364,DYNC2LI1,0.99899614
8365,NUS1,0.99930346
8366,ARHGAP42,0.9945656
8367,C12orf65,0.99748695
8368,SLC25A14,0.9984819
8369,HSD17B6,0.9900074
8370,FNDC10,0.99909055
8371,NIPAL3,0.98460406
8372,ACBD5,0.9965909
8373,PRSS22,0.9981325
8374,SPINT2,0.98041916
8375,CNEP1R1,0.99759734
8376,WDSUB1,0.99666584
8377,LARS2,0.99805146
8378,ZC2HC1A,0.9986807
8379,TRAM2,0.9894026
8380,ZNF680,0.9964328
8381,MTIF2,0.99529505
8382,EXOC6,0.9983848
8383,SNUPN,0.99841225
8384,CHAMP1,0.99486464
8385,FAM133B,0.99793065
8386,TMEM218,0.9987956
8387,CD274,0.99882317
8388,P2RY1,0.9982675
8389,PARD6B,0.9976653
8390,LYL1,0.9973054
8391,RASEF,0.9985843
8392,HAS2,0.99815977
8393,TRMT12,0.99417865
8394,TRIM7,0.99621123
8395,KIF9,0.99870616
8396,MYL5,0.99878407
8397,PRIMPOL,0.9969388
8398,KCTD11,0.98911345
8399,LCK,0.99243087
8400,ELP3,0.9972944
8401,NAPEPLD,0.998808
8402,PHF5A,0.9994585
8403,ARMCX1,0.99780273
8404,DIS3L,0.99797726
8405,SLC2A9,0.9968244
8406,PAFAH2,0.9982877
8407,P2RY11,0.9937271
8408,NMT2,0.9989462
8409,BRIP1,0.9951269
8410,OTUD6B,0.9986536
8411,FAIM,0.9583818
8412,LZTS3,0.99624264
8413,TSPYL4,0.984368
8414,ETV1,0.9975282
8415,C15orf61,0.9991363
8416,C1GALT1C1,0.9942058
8417,SLC22A3,0.9968737
8418,PIR,0.99797565
8419,PANX1,0.9961771
8420,ROBO3,0.9964137
8421,HOMER1,0.99807656
8422,ERMARD,0.9928006
8423,PLD1,0.9987117
8424,PPIL3,0.99555457
8425,WWC2,0.9949139
8426,RBMS3,0.9977021
8427,TMEM260,0.9983454
8428,C17orf49,0.99809724
8429,ATG9B,0.9975468
8430,ZNF518B,0.9979476
8431,VMO1,0.99847686
8432,ARHGEF6,0.99531
8433,EFNA5,0.999033
8434,PTPN7,0.99490976
8435,TMEM154,0.9951215
8436,MAP7D3,0.99560565
8437,CNRIP1,0.98797953
8438,ADGRG6,0.992514
8439,PIP4P2,0.9977029
8440,HCK,0.99496377
8441,GNE,0.9960662
8442,MINPP1,0.99518377
8443,ARHGAP15,0.9952326
8444,CDYL2,0.9985674
8445,SOWAHC,0.9962719
8446,FRMD4A,0.99755555
8447,GTSE1,0.97457534
8448,R3HDM2,0.9972986
8449,LRP5L,0.9964999
8450,CALCRL,0.99731654
8451,MOSPD3,0.99888325
8452,ERCC5,0.9966607
8453,ARRDC4,0.9965369
8454,LRP11,0.9984234
8455,RANBP6,0.97484696
8456,PIGA,0.99763995
8457,PKP2,0.9972356
8458,RTTN,0.9981226
8459,HIST1H2AE,0.9977423
8460,RSPH3,0.99816144
8461,ERAP1,0.9974554
8462,DCP1B,0.9965806
8463,SPAG1,0.99831307
8464,MAN2B1,0.99621975
8465,TSHZ1,0.9964002
8466,PLSCR3,0.9963506
8467,APOBEC3F,0.99445856
8468,POLR3F,0.99808943
8469,PDZD4,0.99642146
8470,ATXN7L1,0.9979186
8471,RASSF2,0.9902215
8472,GCAT,0.99677265
8473,KCNC4,0.99733305
8474,MLH3,0.9932976
8475,DBR1,0.99845934
8476,TGS1,0.9977145
8477,MYCL,0.98940736
8478,TMEM39B,0.9978902
8479,ZFYVE28,0.99785453
8480,LY96,0.9980528
8481,GXYLT1,0.9939734
8482,SMARCAL1,0.9812306
8483,CYB5D2,0.9951501
8484,RUNX3,0.99245965
8485,METTL21A,0.9901379
8486,TMEM184C,0.99794304
8487,ZBTB34,0.99858856
8488,SRRM3,0.99836
8489,ELOVL6,0.99820775
8490,NRIP1,0.994761
8491,SREK1IP1,0.9967178
8492,KIN,0.99759036
8493,MYOM1,0.99872017
8494,USPL1,0.99792415
8495,FAM102B,0.9981319
8496,BLK,0.9942328
8497,SUGCT,0.9970745
8498,APBA2,0.9933451
8499,GEMIN4,0.9989815
8500,NTM,0.9989052
8501,DOLK,0.9989837
8502,ATRIP,0.99750215
8503,TRMT13,0.9984929
8504,RBBP5,0.9981152
8505,FIZ1,0.99800587
8506,CD302,0.99707097
8507,LANCL2,0.9885114
8508,LAT2,0.99691856
8509,KIAA0586,0.9980494
8510,VAMP4,0.9982395
8511,ZNF397,0.9977201
8512,NATD1,0.9940829
8513,PRR5L,0.99776185
8514,NECTIN4,0.99789
8515,RGL3,0.9991045
8516,HIST1H2BG,0.9919344
8517,SENP1,0.9984587
8518,MFSD8,0.9991129
8519,ASB8,0.9991763
8520,HEATR3,0.99793446
8521,SLC2A6,0.99937093
8522,MOCS1,0.9986943
8523,SNRNP48,0.99844944
8524,BRICD5,0.99824965
8525,GNG7,0.9959035
8526,ZNF830,0.9980108
8527,CD3EAP,0.99751425
8528,MMP1,0.9984871
8529,POLK,0.99643993
8530,GPN3,0.9987232
8531,ZNF550,0.9983028
8532,HMCN2,0.9936279
8533,ZNF25,0.9977911
8534,HSPBAP1,0.99782926
8535,CMBL,0.9920065
8536,SIDT2,0.9984411
8537,GALM,0.9990323
8538,RALGAPA2,0.9929045
8539,CREB3L4,0.9986779
8540,SLC7A11,0.99084836
8541,CCDC28B,0.99706423
8542,HIST1H3H,0.99762136
8543,CXorf38,0.999051
8544,DOK2,0.9966103
8545,ZSCAN25,0.99282867
8546,TWISTNB,0.9969567
8547,FAM110B,0.9959322
8548,HIST1H4C,0.99276745
8549,SLC25A30,0.9955064
8550,C11orf80,0.9978198
8551,WDR3,0.99887866
8552,UPRT,0.99719924
8553,SEC22A,0.992118
8554,GSTA4,0.998765
8555,AXIN2,0.9959334
8556,PTPRD,0.9929042
8557,ZNF483,0.998525
8558,FGD5,0.9969571
8559,OTULINL,0.9968749
8560,LRRK2,0.9962206
8561,CHCHD4,0.9942824
8562,SLC10A7,0.9964324
8563,FSD1L,0.99647105
8564,STRADA,0.99391234
8565,LRRC28,0.9981664
8566,MAPK7,0.9992005
8567,P4HA3,0.99823236
8568,VIPAS39,0.995093
8569,ZBTB2,0.99746865
8570,PALM2-AKAP2,0.99344647
8571,DNAJC16,0.99830514
8572,CCDC24,0.9993599
8573,ORC6,0.9979209
8574,TTLL4,0.9977787
8575,TMEM201,0.9992591
8576,APH1B,0.9876814
8577,MAD2L1,0.99846745
8578,ATF7IP2,0.99628323
8579,KDM5D,0.9944744
8580,G2E3,0.9961852
8581,RTL6,0.99835235
8582,EXTL2,0.9967868
8583,ZNF260,0.99608773
8584,FGD1,0.9975516
8585,BPHL,0.9951113
8586,GNAO1,0.9910978
8587,FAHD2B,0.97324926
8588,RABEPK,0.99559146
8589,GUCY1A1,0.9893821
8590,COIL,0.99868524
8591,TRMT61B,0.99875224
8592,SLIT2,0.9956544
8593,NHS,0.9985197
8594,PDE2A,0.9919158
8595,PI16,0.99388266
8596,FAM114A2,0.9986402
8597,CDC42BPG,0.9956586
8598,GPRIN3,0.9968915
8599,TCAF1,0.9984555
8600,TTC8,0.9921055
8601,PUS7L,0.99534976
8602,ZBTB6,0.98870754
8603,KCTD1,0.9969057
8604,POC1B,0.999189
8605,GPR157,0.99893224
8606,PMS1,0.9990052
8607,ACVR2A,0.9966575
8608,SLC38A9,0.997512
8609,IL27RA,0.99666774
8610,FRZB,0.99572295
8611,IRAK3,0.99692965
8612,PSRC1,0.99405605
8613,WDR83,0.9983469
8614,TMOD2,0.9984552
8615,CHAF1B,0.9977763
8616,QPCT,0.994384
8617,C12orf4,0.9984287
8618,MYO18A,0.9968034
8619,CCDC58,0.99743
8620,TTPAL,0.99780667
8621,SMO,0.99554765
8622,CAMKMT,0.9980699
8623,CPT2,0.9959261
8624,TNNT2,0.99804974
8625,ZNF629,0.9920174
8626,GAN,0.9973111
8627,PUS7,0.9974656
8628,DDX59,0.9984471
8629,AP2B1,0.9949082
8630,N4BP2,0.99632704
8631,ZNF438,0.99460506
8632,MACC1,0.9989891
8633,WDR76,0.993501
8634,NINL,0.99741346
8635,TRAF3IP3,0.9937213
8636,TNRC6C,0.9989883
8637,TIGAR,0.99795854
8638,LPAR1,0.99773484
8639,CSPP1,0.99936944
8640,STARD4,0.998474
8641,TTI2,0.99774915
8642,WAS,0.9849184
8643,TAB3,0.99943274
8644,FRAT2,0.9970419
8645,GALNT6,0.99906856
8646,PARD6G,0.9974367
8647,CDC7,0.9970598
8648,LRP8,0.9983603
8649,FAM117A,0.9992938
8650,TRMT10B,0.9718777
8651,MPZL3,0.9979476
8652,RASGRP3,0.99776715
8653,KIAA1841,0.99794304
8654,ACTR6,0.99605274
8655,EXOC1,0.9986359
8656,ZNF407,0.9969673
8657,EPHB3,0.99694383
8658,SLC27A6,0.9981392
8659,GINS2,0.99752885
8660,PSTPIP1,0.9960678
8661,LAMC3,0.99810886
8662,DPCD,0.99810237
8663,AURKA,0.99914455
8664,TCFL5,0.99688375
8665,MTF1,0.9957364
8666,GSTT2B,0.99681014
8667,SH3RF3,0.99838126
8668,GORAB,0.99649686
8669,MBIP,0.9973114
8670,CEP135,0.9940523
8671,SPRYD7,0.99860716
8672,NUDT14,0.9982275
8673,SLC46A3,0.9975888
8674,ARMCX4,0.9984832
8675,BRMS1L,0.9993294
8676,CD86,0.9989742
8677,PET100,0.9825834
8678,ARHGAP39,0.98373234
8679,HSBP1L1,0.9984387
8680,PPARA,0.9949001
8681,CHRNB1,0.99828005
8682,SCAPER,0.99705714
8683,NBPF1,0.99566376
8684,DUS2,0.99903774
8685,ZNF436,0.9972804
8686,RAPGEF4,0.9987582
8687,TOR1B,0.9987048
8688,KNOP1,0.9971118
8689,BCL7A,0.99816453
8690,PALMD,0.9990182
8691,LZTFL1,0.9967607
8692,RMND1,0.9964677
8693,MOSPD2,0.9976686
8694,CARD11,0.9959534
8695,B3GNT2,0.9981743
8696,LOXL4,0.9878743
8697,FAM229B,0.9916237
8698,IL6R,0.99568665
8699,DGKE,0.99714375
8700,C1orf115,0.9972557
8701,GNB1L,0.99709547
8702,HPS5,0.99669856
8703,TMTC4,0.998322
8704,GK,0.9978547
8705,KATNAL1,0.99816006
8706,GALC,0.99704254
8707,SACS,0.9973776
8708,RHPN2,0.99787825
8709,NAALADL1,0.9935565
8710,C17orf75,0.9951404
8711,USF3,0.9961937
8712,PPP1CB,0.9980714
8713,ZBP1,0.9891655
8714,LYSMD4,0.9992472
8715,ZNHIT2,0.99713695
8716,LRRC75B,0.9987341
8717,EBF1,0.99491966
8718,SAAL1,0.99792016
8719,AMY2B,0.9978425
8720,ABHD15,0.99593896
8721,C1orf131,0.9990424
8722,ESPL1,0.99763745
8723,COX8A,0.99317694
8724,FOXC1,0.9970645
8725,PSAT1,0.99834406
8726,CGAS,0.9974788
8727,CXCL11,0.99746674
8728,GJA4,0.9961108
8729,GLMN,0.9977528
8730,MAD2L1BP,0.9975826
8731,ZMYM5,0.98727435
8732,CPLANE1,0.99894714
8733,TNFSF13B,0.9983665
8734,FLRT2,0.9986706
8735,CADPS2,0.9945246
8736,SOX5,0.9961513
8737,FLVCR1,0.9992212
8738,B3GALNT1,0.9986045
8739,UBE2Q2,0.99517184
8740,PC,0.99844563
8741,REEP1,0.98954046
8742,ASF1A,0.99871236
8743,GPR160,0.9966375
8744,TINCR,0.99826497
8745,DLG4,0.9979145
8746,CD27,0.9973804
8747,DENND2A,0.9976343
8748,PPM1D,0.98892367
8749,ZNF552,0.9947764
8750,ZFP62,0.9976075
8751,LCN2,0.9981084
8752,PRKCA,0.9975174
8753,TRIM23,0.99915105
8754,PRSS3,0.9965607
8755,ODR4,0.9987415
8756,TMEM186,0.9975832
8757,JSRP1,0.98914033
8758,METTL6,0.99787885
8759,EPHX2,0.9972879
8760,PKN3,0.99854076
8761,ALG9,0.9838521
8762,CCDC43,0.9860338
8763,PSTPIP2,0.99849975
8764,KLHL20,0.997609
8765,PDCD7,0.994213
8766,HOOK1,0.9982088
8767,FGF2,0.9909252
8768,CGRRF1,0.9989173
8769,ZBTB41,0.99823445
8770,BRPF1,0.99855834
8771,CWF19L2,0.9981402
8772,BCL6B,0.9966733
8773,WASF3,0.99780864
8774,C1orf216,0.99730444
8775,RIPOR2,0.994795
8776,PRADC1,0.9976715
8777,RUBCNL,0.9900776
8778,RTF2,0.99627936
8779,CD72,0.9948004
8780,GTDC1,0.9958739
8781,USP28,0.9971058
8782,HIST1H3G,0.996822
8783,RHOBTB1,0.9982856
8784,RPP38,0.9884273
8785,IFIT5,0.99689865
8786,PLA2R1,0.9965417
8787,WBP4,0.9983883
8788,LY86,0.9974721
8789,GCC1,0.99782103
8790,GPATCH3,0.9976789
8791,ZNF784,0.9886614
8792,AGK,0.997862
8793,PLA2G7,0.9970023
8794,BMP4,0.9963578
8795,XRRA1,0.9983652
8796,SPIN3,0.9955169
8797,TTC33,0.9974171
8798,PHETA1,0.97427064
8799,SMCR8,0.9860259
8800,C12orf73,0.99744225
8801,ZCCHC2,0.99515533
8802,ARHGEF26,0.99899733
8803,IPO11,0.99858904
8804,CHN1,0.99731433
8805,WDFY4,0.9964016
8806,GSDME,0.997461
8807,APOBR,0.9930347
8808,PRRG4,0.9906055
8809,TMEM216,0.9965433
8810,PHLPP1,0.9984066
8811,FBXL18,0.998592
8812,PRELID3A,0.99425447
8813,PPFIA3,0.9993461
8814,FBXW8,0.99607885
8815,FANCE,0.99920624
8816,CCSER1,0.99894965
8817,C12orf29,0.99649477
8818,DENND1C,0.99347
8819,CSRP2,0.99812907
8820,ALDH1A1,0.9988977
8821,FZD2,0.99794847
8822,PDE4A,0.99026555
8823,ZBTB47,0.9979819
8824,WDR47,0.9976845
8825,PXYLP1,0.99192953
8826,MIPEP,0.9983125
8827,TWIST2,0.9992115
8828,NEU3,0.9954885
8829,GRB14,0.9989816
8830,OSBPL1A,0.9988102
8831,EYA1,0.9956379
8832,IFT46,0.99910104
8833,HENMT1,0.9989022
8834,FAM13B,0.99906266
8835,RNASE6,0.9976982
8836,FHIT,0.9976371
8837,AL162231.1,0.9920062
8838,ANKRD46,0.9985501
8839,COL21A1,0.998024
8840,WNT9A,0.9894989
8841,ZNF600,0.998137
8842,ZNF618,0.9957825
8843,MRM1,0.9973319
8844,ARHGAP24,0.98865473
8845,FNDC1,0.99516994
8846,MYOCD,0.99650985
8847,IFT74,0.997217
8848,LDB2,0.9967367
8849,EML1,0.9951261
8850,L2HGDH,0.9981884
8851,TBP,0.9971037
8852,CEP55,0.9988743
8853,SLC25A27,0.99594706
8854,KIAA1324L,0.9865128
8855,EPHA3,0.9968794
8856,CLYBL,0.99647826
8857,STXBP4,0.9988073
8858,XDH,0.9989651
8859,ITGA9,0.9982274
8860,IGFLR1,0.99809283
8861,RNF207,0.99802065
8862,KNSTRN,0.9948761
8863,SETD6,0.99711525
8864,DAAM2,0.9988963
8865,TMEM150A,0.9969431
8866,ATL1,0.9951849
8867,NRXN1,0.99839795
8868,CRLF1,0.9986289
8869,MTHFD2L,0.9991557
8870,THUMPD2,0.9972702
8871,SLAMF7,0.99069625
8872,EPHA1,0.99710405
8873,SDHAF1,0.9984802
8874,TMEM164,0.99899256
8875,GPR161,0.99762696
8876,IL15,0.9981674
8877,MCEE,0.9981508
8878,FAXC,0.99687135
8879,COX4I2,0.99508345
8880,SMARCE1,0.991442
8881,GTF2H3,0.9970148
8882,RNF215,0.99730855
8883,PNCK,0.9946312
8884,SLC35F1,0.9956748
8885,PRKAR2B,0.9975664
8886,C6orf120,0.99616635
8887,TSPYL5,0.99685466
8888,CCR1,0.9939327
8889,CFAP44,0.99749386
8890,DISC1,0.99071205
8891,ATAT1,0.9839095
8892,MAML3,0.9952885
8893,REEP2,0.9983656
8894,ZNF720,0.9986127
8895,CYP4V2,0.9911005
8896,MFAP5,0.9971382
8897,SYT7,0.9972035
8898,KLHL23,0.9986601
8899,SCUBE2,0.97703105
8900,ZBTB14,0.994816
8901,DBT,0.9972912
8902,ZNF765,0.9974578
8903,B3GNT3,0.99762726
8904,MAP1A,0.998257
8905,CEP76,0.9984911
8906,POU2F2,0.9977975
8907,ZNF250,0.99482286
8908,APOOL,0.99677926
8909,SLC35A1,0.9936081
8910,MTERF2,0.99033296
8911,TRIM32,0.9931768
8912,DUSP28,0.9969331
8913,FDXR,0.9972102
8914,CTU2,0.9958354
8915,DUOXA1,0.99666595
8916,IL18,0.99739885
8917,ANKRD6,0.99417174
8918,FAXDC2,0.9979348
8919,GOLGA6L9,0.9978135
8920,CD79B,0.99869746
8921,RAPH1,0.9972378
8922,ZNF738,0.99815685
8923,SOCS4,0.9955285
8924,FECH,0.99741375
8925,FBXO30,0.9966338
8926,TAF3,0.9984886
8927,NCCRP1,0.9966146
8928,ZC3H8,0.9938034
8929,TMEM131L,0.99680346
8930,NFYA,0.99393904
8931,CEP295,0.9982966
8932,ZNF275,0.9969568
8933,CASP9,0.9975872
8934,RAP1GAP2,0.99825275
8935,GPI,0.9889434
8936,SLC25A43,0.99834883
8937,DIO2,0.99863017
8938,SRD5A3,0.99886817
8939,METTL8,0.9975869
8940,ANKRD22,0.9989874
8941,IFT172,0.99291545
8942,RXYLT1,0.99227583
8943,LAMP3,0.9952303
8944,TRMT10C,0.99516374
8945,HSPA13,0.9990136
8946,ZNF777,0.9989459
8947,C6orf141,0.9976853
8948,CYP1B1,0.9901141
8949,ZNF577,0.9934241
8950,DAPP1,0.9989314
8951,FBXO8,0.998161
8952,JAML,0.99773467
8953,ADGRL1,0.9963974
8954,NYNRIN,0.99709046
8955,RECK,0.9964693
8956,FBXL22,0.994244
8957,INTS9,0.99046516
8958,ABCC9,0.998189
8959,SYTL4,0.9919764
8960,ZSWIM9,0.9975785
8961,TMEM119,0.99864924
8962,DNASE1,0.9990287
8963,SH2D2A,0.9918348
8964,DUSP2,0.9973009
8965,LRP12,0.997653
8966,MON1B,0.9972559
8967,RFK,0.9896223
8968,NKD2,0.9967394
8969,ZSCAN29,0.97520125
8970,CDK8,0.99851525
8971,CASP3,0.9977105
8972,FAM171A1,0.99814224
8973,FBXO4,0.998086
8974,ZNF746,0.9916049
8975,CCL8,0.994236
8976,HCFC2,0.99807596
8977,ZC3H6,0.9960526
8978,STIL,0.99893284
8979,CCDC127,0.99744546
8980,TRMT6,0.9946186
8981,GCFC2,0.9985795
8982,ZNF785,0.9816777
8983,SIRT3,0.9983662
8984,RAD52,0.9964083
8985,MTFMT,0.9962045
8986,P3H2,0.9987422
8987,HPS6,0.9962683
8988,SH2D3C,0.9893421
8989,HIST3H2A,0.99793136
8990,PFN2,0.9936935
8991,AGAP4,0.9979933
8992,PSEN2,0.9984724
8993,SCIN,0.99761266
8994,C12orf45,0.99854505
8995,WASF1,0.99730253
8996,TRNP1,0.99700487
8997,DNAH1,0.9978045
8998,MRVI1,0.996019
8999,ZBTB37,0.9906432
9000,ZHX3,0.9965485
9001,SUSD1,0.9975012
9002,KATNB1,0.99450237
9003,PPP1R16B,0.99780333
9004,FBXO45,0.9962578
9005,TBX4,0.9962104
9006,TIE1,0.9970897
9007,C14orf93,0.99731475
9008,CDH23,0.99859
9009,AP4E1,0.9826644
9010,CABLES1,0.998014
9011,C2orf49,0.99593335
9012,EPHA4,0.99855006
9013,EXD2,0.9945175
9014,ZNF473,0.99806726
9015,SUV39H1,0.9988241
9016,PDE1A,0.9958271
9017,SUPV3L1,0.99628866
9018,STN1,0.9986371
9019,PAPLN,0.9987894
9020,WDR92,0.9977907
9021,USF1,0.9777624
9022,FXYD1,0.98667085
9023,LTN1,0.99752665
9024,MBNL3,0.9985781
9025,ATG4A,0.99721897
9026,PRSS27,0.9984854
9027,C17orf67,0.9961216
9028,BATF,0.99727994
9029,ZNF81,0.9988001
9030,LRRC8B,0.9961629
9031,ZNF789,0.9973385
9032,ABHD10,0.9989182
9033,CHRM2,0.998614
9034,HLA-DMA,0.99628526
9035,SPRY4,0.9899103
9036,CLIC2,0.9981618
9037,RAD50,0.9978059
9038,VWA5A,0.989668
9039,TTC27,0.9846344
9040,RAB3IL1,0.9948147
9041,PPIP5K1,0.9951309
9042,FBXL6,0.9975443
9043,PDZD2,0.9990201
9044,SLC18B1,0.9847747
9045,SNAPC1,0.9946736
9046,ADAT1,0.9976021
9047,RHBDL2,0.9988488
9048,ZNF646,0.9972334
9049,COX16,0.99527055
9050,LNX2,0.9971487
9051,DOLPP1,0.99849284
9052,CSMD1,0.9979504
9053,CCDC30,0.98885554
9054,APOBEC3G,0.9953272
9055,MB21D2,0.9980162
9056,GNPDA2,0.9969063
9057,PLAC9,0.9967967
9058,SYNE4,0.9967043
9059,CD300A,0.99874336
9060,PCDH17,0.9964013
9061,EIF4EBP3,0.99658775
9062,BEX2,0.99223673
9063,GRK4,0.9974802
9064,GLIS3,0.99909735
9065,GPX8,0.99306697
9066,KIAA0753,0.9974634
9067,FCHO1,0.9991393
9068,C18orf21,0.99770784
9069,ZNF202,0.99542063
9070,KCNE3,0.996926
9071,MED1,0.99681437
9072,NR3C2,0.9973148
9073,EYA2,0.99904233
9074,FAM118B,0.9883855
9075,RNF128,0.99871445
9076,UBE2D1,0.99843776
9077,ZNF101,0.99456275
9078,TERF1,0.9993979
9079,EDIL3,0.99791926
9080,PGAP1,0.9982337
9081,ZNF584,0.9964196
9082,KSR1,0.99511623
9083,ZSCAN30,0.9969044
9084,ABCB9,0.9980895
9085,MON1A,0.9990948
9086,C15orf40,0.99771297
9087,BUB1,0.99751985
9088,STYX,0.99879867
9089,SPATA5L1,0.9984821
9090,ROBO2,0.9947214
9091,DZIP1L,0.9995735
9092,ZNF771,0.99544924
9093,ZNF776,0.99739134
9094,MDGA1,0.99701566
9095,ACADSB,0.99523526
9096,APCDD1,0.9985031
9097,NLE1,0.9980675
9098,MAP3K7CL,0.99845994
9099,PDE3A,0.99327767
9100,WNT10A,0.9967491
9101,KIF20B,0.9962179
9102,STARD10,0.99549496
9103,B3GALNT2,0.9923846
9104,CCDC146,0.9977191
9105,ZC3H12D,0.9989702
9106,OSBPL11,0.99768937
9107,SDSL,0.99826705
9108,THOC1,0.9953579
9109,TYW1,0.99807835
9110,PRICKLE1,0.9952923
9111,KAT14,0.99832773
9112,USP13,0.993574
9113,CENPO,0.99895257
9114,TYW3,0.99743205
9115,CNNM4,0.9979969
9116,CEP152,0.9982907
9117,ABCA9,0.9938693
9118,YPEL2,0.9985011
9119,QRSL1,0.9973663
9120,FAM149B1,0.9980024
9121,FKBP7,0.99684036
9122,CHUK,0.9984101
9123,ZBTB5,0.99233496
9124,ENPP4,0.99886215
9125,SENP7,0.99799174
9126,ETV4,0.9981905
9127,SFT2D3,0.9965792
9128,AGA,0.9987451
9129,FSIP1,0.99868286
9130,TTC9,0.9843305
9131,TSPAN7,0.9990412
9132,ZBTB26,0.99693954
9133,RFXAP,0.9980272
9134,PTER,0.9966695
9135,LEMD3,0.99818575
9136,ZNF155,0.99634665
9137,DCLK2,0.99701893
9138,HJURP,0.99783087
9139,ARV1,0.9980048
9140,ITGAL,0.9983324
9141,TDRP,0.99718416
9142,CRADD,0.9972111
9143,DDX20,0.9980019
9144,THEM4,0.99440163
9145,MRM3,0.99800426
9146,DDX3Y,0.99032974
9147,SPATA2,0.99727553
9148,ZDHHC21,0.9987801
9149,CDCA7L,0.9946451
9150,EDNRB,0.9984247
9151,CDH2,0.9969144
9152,SIAE,0.9983452
9153,STC2,0.9963527
9154,CDS1,0.99669325
9155,PRTFDC1,0.9984474
9156,PDCD1LG2,0.99729
9157,DMKN,0.9988863
9158,TIGD5,0.9971134
9159,MOCOS,0.9992188
9160,CD96,0.99779063
9161,PHF7,0.9972025
9162,PITX2,0.99759835
9163,RIPOR3,0.99759424
9164,LTC4S,0.99645567
9165,ZCCHC9,0.99802196
9166,DOK3,0.9918516
9167,PCTP,0.9962829
9168,WRAP53,0.9983262
9169,ZNF469,0.9966979
9170,IBA57,0.9964117
9171,CLCN5,0.97918475
9172,BICDL2,0.9968753
9173,PORCN,0.99783355
9174,ZNF347,0.9884057
9175,PLEKHN1,0.9978778
9176,CREB5,0.9983204
9177,SLC7A7,0.9977269
9178,TENM3,0.99848044
9179,ALG11,0.9924979
9180,DLG2,0.998773
9181,CENPU,0.9986166
9182,SH2D4A,0.9969374
9183,ST8SIA1,0.9776581
9184,ACBD4,0.9967685
9185,MARVELD2,0.9992517
9186,C16orf87,0.9967513
9187,TOE1,0.99663
9188,SEPSECS,0.99718696
9189,NRTN,0.99707574
9190,PELI2,0.998274
9191,SSPN,0.98739827
9192,SLITRK6,0.99638003
9193,CHPT1,0.99880916
9194,SETDB2,0.9982206
9195,EPOR,0.9973358
9196,MTX3,0.9911226
9197,FNDC4,0.99821645
9198,ZNF180,0.9962282
9199,ZFP1,0.99671686
9200,VHL,0.99247617
9201,SLX4,0.99891603
9202,RGS7,0.99501735
9203,CST7,0.9953057
9204,DOK4,0.9968688
9205,PYCR3,0.9984153
9206,C3AR1,0.99863195
9207,EIF2S3B,0.99382055
9208,TMCC2,0.9988493
9209,PRKCH,0.9971813
9210,PIK3R5,0.98085326
9211,CADM4,0.99839604
9212,MS4A4A,0.99807435
9213,AK4,0.9982796
9214,TRAIP,0.9946955
9215,SH3BGR,0.997505
9216,LIPG,0.99652374
9217,TIAM2,0.9973923
9218,PRMT3,0.9959334
9219,NEK3,0.9978674
9220,PRRG2,0.99848115
9221,ST3GAL6,0.9921439
9222,MED19,0.99785364
9223,NPR2,0.9987503
9224,USP37,0.997962
9225,STRIP2,0.9964029
9226,RNF122,0.99638635
9227,CCP110,0.99681014
9228,NEK1,0.9980577
9229,RIMS2,0.9985385
9230,IGIP,0.9977473
9231,TMEM273,0.9987383
9232,NEDD4,0.9975942
9233,KLHL28,0.9981025
9234,PNPLA4,0.99477357
9235,RIOK2,0.99581206
9236,C9orf64,0.99736005
9237,OGN,0.99706733
9238,NME7,0.9974657
9239,SETMAR,0.99873924
9240,PRKCB,0.9988972
9241,GRAMD2B,0.9984689
9242,PRICKLE3,0.9961356
9243,MTMR9,0.9977895
9244,ING3,0.99791384
9245,KRT15,0.9980585
9246,IL11,0.9962648
9247,ITGAM,0.99483526
9248,SCNN1D,0.99818957
9249,BTD,0.9954065
9250,ZNF839,0.9952793
9251,THRB,0.99807835
9252,AKR1C3,0.9969279
9253,TRPC1,0.99813604
9254,KRTCAP3,0.99910086
9255,CIP2A,0.99578744
9256,IQCG,0.9972628
9257,ZNF107,0.99774694
9258,RYR2,0.9953214
9259,DCAF17,0.9977641
9260,GAREM1,0.9989909
9261,TMEM187,0.99857634
9262,GPRASP1,0.99879676
9263,P2RY14,0.99644387
9264,DZIP3,0.99794877
9265,PARP15,0.99524564
9266,KDF1,0.9966315
9267,ZNF684,0.9914894
9268,SERAC1,0.98775196
9269,OSR2,0.99288195
9270,NEIL2,0.9893193
9271,RTP4,0.9897315
9272,RPGR,0.9972137
9273,ATXN7,0.99271744
9274,TIFA,0.9957181
9275,RAD18,0.9989273
9276,POC1A,0.9939253
9277,TMCO6,0.9937396
9278,C4orf46,0.9953516
9279,PEX7,0.9976487
9280,UBE3D,0.9982866
9281,WNT2B,0.99652326
9282,CSF2RA,0.9981723
9283,MTHFR,0.9985654
9284,HCN3,0.99662656
9285,RTL5,0.99847186
9286,ARHGEF19,0.9977832
9287,COQ6,0.99769723
9288,ULK4,0.9939125
9289,PTGER3,0.99717486
9290,ALKBH1,0.997897
9291,PLIN4,0.9968727
9292,COA7,0.9985026
9293,KIF16B,0.9962195
9294,NELL2,0.9969387
9295,PCDH12,0.99896276
9296,BIN2,0.9978469
9297,NOA1,0.9947654
9298,SMIM8,0.9978916
9299,TMEM117,0.9986392
9300,CDKN2AIP,0.9983328
9301,ADGRE2,0.98926145
9302,SGIP1,0.9982681
9303,OSBP2,0.9938118
9304,HELB,0.9914467
9305,EEF2KMT,0.9956969
9306,PLEKHG4,0.998392
9307,MTMR11,0.99604356
9308,ZKSCAN3,0.9915348
9309,CA2,0.9977843
9310,LRRC27,0.9952564
9311,ANKRD16,0.9979285
9312,NDUFAF1,0.99752617
9313,CARMIL2,0.99336636
9314,PDE9A,0.9951237
9315,ANKMY2,0.992696
9316,GON7,0.9953637
9317,MUC16,0.9905041
9318,CCDC149,0.9980997
9319,ZNF675,0.99826956
9320,REST,0.99825
9321,LYRM7,0.9967407
9322,VPS50,0.99886334
9323,CYP7B1,0.99564236
9324,IGSF6,0.99874985
9325,ANKRD29,0.9988332
9326,RPP14,0.99486667
9327,ASRGL1,0.99389666
9328,ZSCAN32,0.9967662
9329,DIAPH3,0.99841183
9330,ALG14,0.9952959
9331,TEFM,0.99860764
9332,NAGPA,0.9988195
9333,EMB,0.99591035
9334,ADSS,0.9888794
9335,CBX8,0.99485266
9336,FOXO4,0.99651587
9337,PEX3,0.9894989
9338,MST1,0.99845296
9339,SPC25,0.99189043
9340,TIPIN,0.99689895
9341,RPGRIP1L,0.99903834
9342,FASTKD1,0.9981431
9343,TMPRSS4,0.99488306
9344,JAM2,0.9961773
9345,TSEN2,0.99524605
9346,JRKL,0.99527967
9347,BBS4,0.99666965
9348,PBK,0.99747026
9349,SNTB1,0.9986703
9350,FAT4,0.9910532
9351,FCMR,0.993921
9352,SYDE2,0.9979169
9353,CHST1,0.97389203
9354,AP1S3,0.99814665
9355,ARHGEF15,0.9871847
9356,ANKRD42,0.996743
9357,ADAMTSL1,0.99476993
9358,ZBTB7C,0.9941417
9359,AIM2,0.99931127
9360,LONRF1,0.9918933
9361,USP45,0.99746543
9362,GALNT7,0.9973854
9363,RAVER2,0.998587
9364,DUOX1,0.9986178
9365,SLC9B2,0.99735296
9366,CDK5R1,0.99821264
9367,STX6,0.99622095
9368,RASGRF2,0.9948306
9369,INTU,0.99788857
9370,IPP,0.99675846
9371,VANGL2,0.9982441
9372,TMLHE,0.9856537
9373,USP46,0.9991813
9374,ACTR8,0.9954096
9375,CLTCL1,0.99715674
9376,CABLES2,0.9982322
9377,ANKRD26,0.998556
9378,ABRAXAS2,0.9971787
9379,WNK2,0.9961895
9380,CHRM3,0.99549425
9381,TUBGCP4,0.99884
9382,CLUAP1,0.99840945
9383,MKS1,0.9966575
9384,MYH3,0.99672985
9385,GLRX,0.98507625
9386,SLF1,0.997653
9387,NEDD8,0.99501306
9388,DLL4,0.9682849
9389,TBC1D8,0.993065
9390,MVB12B,0.998054
9391,EPOP,0.99865854
9392,PFDN4,0.9991001
9393,FBXO6,0.99752027
9394,RASGRP1,0.98482054
9395,POMGNT2,0.99846935
9396,ZNF423,0.997369
9397,ALS2,0.99854153
9398,CENPH,0.99847794
9399,ASB7,0.99350244
9400,NFE2L3,0.99649554
9401,TEDC2,0.99863625
9402,PRR3,0.99770766
9403,ERCC8,0.99895036
9404,BDNF,0.99733937
9405,HIST1H4E,0.9986235
9406,KCNQ1,0.99906427
9407,RASD2,0.9854925
9408,VAV3,0.99766046
9409,ARL10,0.98859894
9410,P2RY6,0.9965908
9411,AMH,0.99780226
9412,B4GALNT4,0.99723214
9413,ARHGAP29,0.9992361
9414,ISOC1,0.9918416
9415,C3orf52,0.99859035
9416,GDF11,0.98918355
9417,COL13A1,0.9991776
9418,TMEM106A,0.9864454
9419,TTLL7,0.9977366
9420,TPK1,0.99842864
9421,SLC2A12,0.99561155
9422,TRMT1L,0.9958738
9423,SLC26A10,0.99117166
9424,PAXIP1,0.99667567
9425,BBS9,0.9944798
9426,L3HYPDH,0.9941884
9427,CYP2R1,0.9968427
9428,GKAP1,0.9983617
9429,ZFPM2,0.9944685
9430,TMEM192,0.99774903
9431,EPM2A,0.9982785
9432,TAGAP,0.9991854
9433,INTS6L,0.9983575
9434,GATM,0.9938606
9435,KCP,0.99438536
9436,SLX4IP,0.99334925
9437,CCL4L2,0.99722594
9438,LINS1,0.99839497
9439,ZGRF1,0.9976732
9440,NRDE2,0.9973812
9441,BRSK1,0.9973736
9442,ITGA4,0.9982029
9443,C8orf58,0.99767035
9444,TBKBP1,0.9981014
9445,ACVR2B,0.99353075
9446,RAPGEF6,0.9952874
9447,RGS11,0.9973696
9448,NIF3L1,0.9975052
9449,MAPK8IP2,0.9911766
9450,ZNF304,0.9956254
9451,CEP85L,0.9958059
9452,CC2D2A,0.9943449
9453,WDHD1,0.9985754
9454,BCKDHA,0.99201137
9455,CARNMT1,0.9991625
9456,MMS22L,0.9978935
9457,RAB33B,0.99803466
9458,PRRX2,0.9989106
9459,GATA5,0.99867284
9460,PHKG1,0.9978264
9461,SPECC1,0.9948031
9462,SOCS7,0.98836774
9463,ABRAXAS1,0.9993111
9464,TREM1,0.9938981
9465,S1PR4,0.99421024
9466,ANKRD36,0.991768
9467,ATP8B4,0.99753857
9468,LSAMP,0.99823743
9469,ZNF780A,0.98698235
9470,E2F2,0.99890137
9471,SEMA4F,0.9967343
9472,SLC19A1,0.99858046
9473,RNF150,0.9981095
9474,ZC3HC1,0.99657553
9475,RBKS,0.99643266
9476,MSLN,0.9950143
9477,ELOVL7,0.99678385
9478,SNX15,0.99662954
9479,NOS3,0.99840146
9480,TICRR,0.99720716
9481,TTC22,0.9978951
9482,LILRB3,0.9895339
9483,GIPC2,0.9988078
9484,MTERF1,0.9984444
9485,TTK,0.99453413
9486,KPNA5,0.9866136
9487,TC2N,0.99225795
9488,HSH2D,0.9981101
9489,NOL11,0.99901474
9490,NEIL1,0.9959936
9491,SPRR3,0.9961136
9492,KYAT1,0.9967335
9493,TMEM45B,0.9981445
9494,TNFRSF19,0.998098
9495,RASSF6,0.99465454
9496,C3orf18,0.99538386
9497,POF1B,0.99928856
9498,DHRS13,0.99799997
9499,CLSPN,0.9968246
9500,EIF6,0.9967081
9501,MARC1,0.99366105
9502,COX18,0.9967869
9503,TCAF2,0.99862564
9504,SPICE1,0.99871314
9505,KIRREL1,0.9980272
9506,CAP2,0.9923464
9507,SRSF1,0.99354887
9508,IRF2BP1,0.99801177
9509,LMTK2,0.9860754
9510,VSTM4,0.9961767
9511,TOX2,0.9931752
9512,TFEC,0.9961748
9513,TMEM267,0.9979669
9514,SPRY2,0.9974577
9515,PTPN21,0.99788177
9516,RBM45,0.9988537
9517,LDAH,0.99305946
9518,LYSMD1,0.9960604
9519,CYB5R2,0.9968519
9520,ZNF568,0.99567616
9521,WDPCP,0.99666566
9522,MREG,0.9909558
9523,P2RY2,0.99870366
9524,BCL11A,0.9975597
9525,HEATR6,0.9977743
9526,DNAAF2,0.9863633
9527,MCM9,0.9934285
9528,EVI2B,0.9981767
9529,ZNF821,0.9967512
9530,MIER3,0.9984156
9531,MAIP1,0.99692214
9532,MBTPS2,0.99793756
9533,QTRT2,0.99778235
9534,TMEM128,0.99596196
9535,ZNF345,0.995957
9536,SLC2A13,0.99513423
9537,AARS2,0.99736655
9538,ZFP28,0.99668187
9539,GNAL,0.9978558
9540,DRD4,0.9957067
9541,IGHD,0.99666834
9542,AVIL,0.9969708
9543,KLHDC9,0.9969679
9544,C14orf28,0.9963152
9545,ACTR3B,0.9976597
9546,POLE2,0.9967729
9547,ZNF211,0.99631846
9548,CCDC18,0.9984112
9549,AJM1,0.9963643
9550,SPATA6,0.9975724
9551,PI3,0.99714744
9552,TFAP2C,0.99695
9553,BVES,0.99058354
9554,MID2,0.9961122
9555,JPH1,0.99668896
9556,ZNF526,0.9835035
9557,IMPA1,0.99767125
9558,ZNF354A,0.9958828
9559,LYSMD3,0.9971924
9560,RAD51B,0.9932968
9561,DHRS11,0.9927513
9562,ADAMTS6,0.99305165
9563,CEP83,0.99542314
9564,RAB15,0.98586464
9565,DPH6,0.9983533
9566,SYCE1L,0.99794304
9567,ZNF367,0.994318
9568,ZNF846,0.9992965
9569,MORN4,0.9970633
9570,SLC12A8,0.9990034
9571,HELQ,0.99724734
9572,PDK4,0.9975076
9573,PSMC3IP,0.9980987
9574,KCNJ15,0.99772704
9575,SMIM5,0.9948246
9576,PAM16,0.9966343
9577,SH3BGRL2,0.99784195
9578,TRIM68,0.9927865
9579,CYP24A1,0.99803525
9580,RRP15,0.99765474
9581,ZNF654,0.97578174
9582,TCTN2,0.99855644
9583,CETN3,0.99353045
9584,GOPC,0.9933527
9585,CCDC136,0.9828328
9586,FIGNL1,0.99799234
9587,STBD1,0.9966019
9588,PHYHIP,0.9950697
9589,NR1D2,0.99893314
9590,DHX57,0.9970644
9591,TFB1M,0.9982975
9592,MMP3,0.99924314
9593,SPIN2B,0.99145806
9594,SLC4A11,0.99591714
9595,TTC21A,0.997235
9596,ZFP30,0.99764127
9597,GPR155,0.99274147
9598,ZNF708,0.9915228
9599,FANCM,0.99055815
9600,DTL,0.9984423
9601,SNCA,0.99819154
9602,PGBD1,0.99552774
9603,ARHGAP8,0.9946721
9604,TAPT1,0.99760133
9605,AQP9,0.99705
9606,CNTNAP1,0.98668844
9607,GID4,0.9973526
9608,TXNL4B,0.99831915
9609,ZFHX4,0.99616355
9610,FN3K,0.9971526
9611,RNASEH2A,0.9980707
9612,MAK16,0.99639654
9613,HIST1H4I,0.9960206
9614,FGGY,0.9950668
9615,HMGN4,0.99762905
9616,DEPDC1,0.99803865
9617,SHROOM2,0.99513435
9618,KLHL3,0.99498606
9619,PDCD2L,0.98976374
9620,HIST1H4D,0.994822
9621,WRN,0.9976082
9622,GDAP1,0.9824526
9623,DFFB,0.9938854
9624,CLP1,0.9934599
9625,SRFBP1,0.99559927
9626,PINLYP,0.9958296
9627,KDELR3,0.9940117
9628,SDS,0.9971455
9629,FCGR1A,0.992009
9630,TRNT1,0.99880934
9631,MARCH1,0.99257773
9632,ZNF383,0.9982031
9633,FUT3,0.99807197
9634,HOXA9,0.996995
9635,C11orf74,0.992591
9636,REEP6,0.998072
9637,KCTD6,0.990077
9638,C2,0.99723977
9639,DNAH14,0.9956702
9640,CEP57L1,0.98306084
9641,AIF1L,0.99830276
9642,ZNF558,0.9978863
9643,ZNF521,0.9965547
9644,EFL1,0.9974979
9645,SULT2B1,0.9993655
9646,IGLV3-1,0.9939872
9647,SMAGP,0.9977511
9648,ADAM28,0.99578273
9649,PLCE1,0.98443747
9650,PEG10,0.9970609
9651,TBC1D19,0.99862194
9652,CCDC71,0.99733496
9653,PIGV,0.9951642
9654,DHODH,0.99690753
9655,ZNF197,0.98643714
9656,GPRIN1,0.9979062
9657,CDC45,0.998915
9658,IKZF3,0.97938806
9659,ARHGEF39,0.9946739
9660,ZNF793,0.99485683
9661,MED9,0.9976179
9662,ATG10,0.99386704
9663,CHD4,0.9966531
9664,FAM89A,0.9982271
9665,CRYL1,0.9954975
9666,COX6B2,0.99906045
9667,GTF2E1,0.9985979
9668,TBC1D32,0.99504054
9669,ATP8A1,0.99396724
9670,PLCH2,0.9981248
9671,CEP97,0.9904043
9672,IL21R,0.9970747
9673,GRIN2D,0.99744225
9674,CRMP1,0.99599826
9675,TMEM86A,0.9915886
9676,FAM221A,0.9953604
9677,NR6A1,0.99736583
9678,FAM117B,0.9954914
9679,CDH13,0.9958889
9680,TRPV4,0.9987019
9681,POT1,0.99875176
9682,COX10,0.9982802
9683,FAM122C,0.9952936
9684,E2F6,0.9974473
9685,UTP15,0.99693644
9686,ZNF92,0.9983179
9687,INHBB,0.99726236
9688,PDE7B,0.9979059
9689,SOCS2,0.9938917
9690,KIAA0825,0.9946637
9691,SMYD4,0.99520874
9692,EDARADD,0.99555075
9693,FANCF,0.99901664
9694,KLHL29,0.9983861
9695,FRMD3,0.9866894
9696,ARG2,0.99666584
9697,ZNF549,0.9925374
9698,GGT1,0.9974805
9699,LURAP1,0.9969572
9700,CHMP4C,0.9992118
9701,SULT1A1,0.99806815
9702,LZTS1,0.99779624
9703,ZSWIM7,0.99035805
9704,RNASEK,0.98954594
9705,B3GNT9,0.9957925
9706,BMP8B,0.9973923
9707,RENBP,0.99817765
9708,CLMN,0.997217
9709,IL2RB,0.98819673
9710,WDR83OS,0.9982335
9711,CLIC5,0.99445075
9712,TIPARP,0.99614507
9713,TTC5,0.99488294
9714,TMEM143,0.9981891
9715,SH3RF2,0.99713343
9716,GNA14,0.989853
9717,ZBTB16,0.996945
9718,PMS2,0.9868662
9719,CEP112,0.9988079
9720,CISH,0.9967232
9721,FAM200A,0.99533623
9722,FAM78A,0.9983986
9723,ZNF852,0.99468315
9724,TMEM241,0.99686736
9725,METTL25,0.99883354
9726,VSNL1,0.9934853
9727,ZXDB,0.998748
9728,HYAL1,0.9982228
9729,DNAL1,0.99412835
9730,LRIF1,0.99819005
9731,BTK,0.9942511
9732,MISP,0.9967416
9733,EFCC1,0.9969757
9734,MARCH3,0.99491376
9735,LRR1,0.99716985
9736,SIGLEC10,0.9905507
9737,ALDH1L2,0.9947832
9738,HK3,0.9961365
9739,ACAD11,0.9954859
9740,SPATA5,0.9978415
9741,SUOX,0.9953564
9742,GPC2,0.9969746
9743,FUT1,0.9985198
9744,DOC2B,0.9985787
9745,TMEM53,0.9802998
9746,CIB2,0.9987995
9747,CDON,0.99472857
9748,UCN2,0.99739945
9749,IDNK,0.99597204
9750,ASB5,0.99706143
9751,LGI4,0.9955977
9752,HOMEZ,0.9990772
9753,ZBTB42,0.99334115
9754,RPH3AL,0.9955829
9755,CCDC47,0.99256974
9756,TMEM99,0.99353564
9757,HIST2H2BE,0.99870044
9758,SHE,0.99811995
9759,ZFAT,0.99143714
9760,ZNF689,0.99759007
9761,SMIM26,0.99805576
9762,B9D1,0.9969298
9763,XRCC4,0.99772435
9764,LUZP1,0.9948989
9765,ZNF71,0.99496126
9766,THAP8,0.9981934
9767,MFSD9,0.9949319
9768,TOGARAM1,0.99713403
9769,AGAP2,0.9979681
9770,IRX3,0.99958354
9771,CBX2,0.9966701
9772,PRDM6,0.99728394
9773,SHISAL1,0.99164784
9774,SIMC1,0.99584705
9775,TNFSF9,0.9984913
9776,ZNF628,0.997534
9777,BRF2,0.99527484
9778,DNAJC12,0.99794024
9779,SCRN3,0.99785507
9780,GEMIN6,0.9950469
9781,MAGI2,0.98851264
9782,SLC30A4,0.99368733
9783,DDX10,0.9929739
9784,POLI,0.9966234
9785,PDIK1L,0.9964817
9786,RAB3IP,0.994476
9787,WDR53,0.9982778
9788,IL18R1,0.99780095
9789,RIDA,0.99730873
9790,ZNF329,0.9972046
9791,TESK2,0.9961298
9792,KLHDC1,0.9984971
9793,SRR,0.98415554
9794,INTS13,0.9968852
9795,MUC1,0.9896611
9796,GPR108,0.993766
9797,ABHD6,0.99605644
9798,MME,0.99007165
9799,WARS2,0.9963452
9800,MAP3K9,0.9962605
9801,EVC,0.9958413
9802,C20orf96,0.9765415
9803,SLC35E4,0.99402064
9804,PRMT6,0.99808264
9805,SLC16A10,0.99213
9806,RERG,0.9935452
9807,INAVA,0.99507874
9808,SNED1,0.99454916
9809,TADA1,0.9966424
9810,C16orf95,0.99483955
9811,SNX20,0.997427
9812,NDUFA11,0.98495084
9813,IVL,0.99842674
9814,NXT2,0.9902868
9815,STK33,0.9971167
9816,BORA,0.9977552
9817,BARD1,0.9936843
9818,TRMT5,0.9953982
9819,WDR86,0.9950527
9820,GARNL3,0.9978531
9821,ZNF235,0.99685276
9822,GRAMD1B,0.99748105
9823,ZUP1,0.9980732
9824,TGDS,0.9924838
9825,TTF1,0.998988
9826,CHURC1,0.9935441
9827,TMEM246,0.99602807
9828,PLA2G5,0.9926201
9829,ORC1,0.99679506
9830,FOXD1,0.9960604
9831,KLHL22,0.9967302
9832,ZDHHC23,0.99599886
9833,ARHGEF16,0.9951062
9834,LRRC75A,0.99755317
9835,PRDM5,0.9952693
9836,PBLD,0.992685
9837,EPB41L4A,0.99752176
9838,KCNE4,0.99757165
9839,ALPK3,0.9962063
9840,SLC22A15,0.99585134
9841,TIRAP,0.9965826
9842,PATL2,0.9959961
9843,ZSWIM1,0.99627095
9844,GINS4,0.9923874
9845,NAV3,0.9980752
9846,THAP1,0.9971603
9847,ABHD13,0.9986221
9848,PREX2,0.9984714
9849,ZNF682,0.99801624
9850,GRTP1,0.9949309
9851,CD2,0.99918187
9852,HIST1H1D,0.9939917
9853,POLD1,0.99441177
9854,GJB4,0.9978903
9855,LRRC37A3,0.99675274
9856,CCDC125,0.9973755
9857,C2orf74,0.99750936
9858,ACTR5,0.99862164
9859,ASPRV1,0.9975915
9860,PRKAA2,0.99752045
9861,CALML5,0.9990848
9862,EEF1AKMT1,0.9980653
9863,HACE1,0.9945601
9864,HECW2,0.99751884
9865,SPAG4,0.9985902
9866,RMI1,0.9967135
9867,PDSS1,0.96432906
9868,PRKN,0.99646837
9869,SFXN2,0.991659
9870,CA11,0.998139
9871,SP140,0.9976597
9872,MTM1,0.99251616
9873,NPTXR,0.997968
9874,TDRD3,0.9949444
9875,HIST1H1B,0.9958719
9876,WDR35,0.99430925
9877,BTBD19,0.9983734
9878,IL17RD,0.9945713
9879,REXO5,0.9950434
9880,RAB7B,0.9983293
9881,MED20,0.9979024
9882,SPATC1L,0.9967105
9883,MICB,0.99677145
9884,KIF14,0.99544
9885,KIAA1549,0.9923285
9886,PPP1R9A,0.990415
9887,CXCL2,0.9979369
9888,ADGRL4,0.9960815
9889,NRG1,0.9983522
9890,IFT88,0.9974631
9891,PARD3B,0.9983374
9892,TUBD1,0.9976252
9893,NTNG2,0.9949726
9894,SHLD1,0.99690694
9895,TBC1D31,0.9979154
9896,ZNF200,0.99743575
9897,PPARGC1B,0.99459475
9898,FHAD1,0.99664384
9899,MN1,0.99511147
9900,NSUN6,0.9937212
9901,ADAM23,0.9969381
9902,DCTN1,0.9945421
9903,FOXO6,0.9955621
9904,DBF4B,0.99874747
9905,MIEF2,0.9937952
9906,SPTBN5,0.997735
9907,LY6D,0.99452734
9908,KCTD21,0.9980256
9909,PCOLCE2,0.9964277
9910,NANP,0.99675274
9911,PROCA1,0.9950886
9912,TNFRSF10A,0.99866617
9913,OXNAD1,0.9955435
9914,PARP11,0.99231803
9915,LDLRAD3,0.99489176
9916,GRHL3,0.99772215
9917,CHAC1,0.99235696
9918,CMKLR1,0.9985455
9919,ADCK1,0.9892637
9920,PRR7,0.9976241
9921,ATG4C,0.99345464
9922,GATB,0.9948758
9923,MIS18A,0.99797213
9924,ZSCAN16,0.9843117
9925,DHRS2,0.9978425
9926,CD247,0.99656236
9927,CYSRT1,0.9987709
9928,MCTP2,0.9959403
9929,FAM161A,0.99681884
9930,TRUB1,0.99710655
9931,LRRC25,0.99789286
9932,CYYR1,0.9933399
9933,MAGI3,0.99743146
9934,BLM,0.9974718
9935,TFAP4,0.994496
9936,SLC27A5,0.9983369
9937,LARP6,0.9958259
9938,IQGAP2,0.99897957
9939,GEMIN5,0.99715626
9940,TMEM37,0.9920536
9941,E2F5,0.9964498
9942,SRBD1,0.989058
9943,CCNJ,0.99530256
9944,URB2,0.974115
9945,THAP6,0.99697626
9946,ABCB6,0.99644125
9947,GULP1,0.9991503
9948,AKR1C2,0.9986867
9949,HOXB7,0.99814624
9950,EPHA7,0.99429446
9951,LPAR5,0.99887
9952,SCYL3,0.9981494
9953,EXOC8,0.99393356
9954,SLC37A2,0.99012214
9955,TRIM46,0.9946399
9956,CRACR2A,0.9966588
9957,ZNF844,0.9849993
9958,MFSD13A,0.998215
9959,AASS,0.99492997
9960,CCDC40,0.99212044
9961,RCHY1,0.9935481
9962,SPIB,0.99738586
9963,ITGA8,0.96114445
9964,TTC32,0.9964868
9965,FBXL2,0.99307
9966,CGN,0.9990532
9967,CCDC77,0.9976753
9968,METAP1D,0.9974672
9969,OSGIN1,0.99864405
9970,ABCA8,0.9957507
9971,CDKL5,0.99711925
9972,ESR1,0.9902288
9973,METTL4,0.997266
9974,PHKA1,0.9964145
9975,C14orf132,0.99677646
9976,ENPEP,0.99713755
9977,CEP41,0.99780446
9978,ZNF232,0.998062
9979,SLC2A5,0.99809647
9980,APC,0.99765474
9981,ZNF554,0.9946027
9982,SNTB2,0.9955371
9983,RAB26,0.9984123
9984,TMEM88,0.9903242
9985,KCTD18,0.97683716
9986,SLC41A2,0.99025476
9987,CCDC34,0.99860954
9988,NPIPB15,0.99792737
9989,SLC35G2,0.9976516
9990,SHROOM4,0.99051094
9991,COQ10A,0.99828976
9992,ZNF175,0.99632245
9993,CYP20A1,0.998409
9994,PID1,0.99144995
9995,RNASEL,0.99691486
9996,CDC25A,0.99848354
9997,ECM2,0.99747306
9998,PAPPA,0.9908657
9999,KHK,0.99468213
