gene_index,gene,oracle_pcc
0,EPCAM,0.94407916
1,KRT8,0.9995904
2,KRT18,0.9982199
3,AR,0.9910109
4,KLK3,0.99969476
5,KLK2,0.99956286
6,ACPP,0.875805
7,NKX3-1,0.9312973
8,FOLH1,0.8314933
9,AMACR,0.9215705
10,ERG,0.8337265
11,KRT5,0.9950633
12,KRT14,0.94823
13,TP63,0.97599745
14,SCGB1A1,0.9659616
15,PIGR,0.67354316
16,CHGA,0.5334963
17,ACTA2,0.9999071
18,PTPRC,0.99173564
19,COL1A1,0.99974257
20,TMPRSS2,0.9985924
21,PSCA,0.82983804
22,STEAP1,0.99795747
23,FKBP5,0.99688506
24,KRT15,0.989705
25,KRT17,0.63146114
26,ITGA6,0.99920094
27,KRT19,0.8569264
28,KRT13,0.78813004
29,KRT4,0.5777856
30,SCGB3A1,0.74471253
31,LTF,0.74363863
32,TACSTD2,0.9900575
33,CHGB,0.4986747
34,SYP,0.873834
35,INSM1,0.8140268
36,ASCL1,0.8202098
37,NCAM1,0.96337116
38,MYH11,0.47058856
39,TAGLN,0.99975204
40,CNN1,0.99969083
41,DES,0.99946964
42,MYL9,0.9989966
43,CD37,0.8983144
44,CORO1A,0.9960811
45,LAPTM5,0.9998143
46,CD3D,0.92091286
47,CD3E,0.96647143
48,TRAC,0.9946701
49,TRBC1,0.9938065
50,LTB,0.95159906
51,IL7R,0.8884631
52,MAL,0.73897606
53,CCR7,0.8645716
54,TCF7,0.83645993
55,LEF1,0.5679593
56,CD8A,0.76013654
57,CD8B,0.7191042
58,CCL5,0.7690406
59,NKG7,0.428621
60,PRF1,0.94863796
61,GZMK,0.81099874
62,GZMB,0.74606204
63,FOXP3,0.61371374
64,IL2RA,0.71914756
65,CTLA4,0.8901502
66,TIGIT,0.9086576
67,IKZF2,0.9640229
68,CCR8,0.8049442
69,PDCD1,0.82499754
70,LAG3,0.7005012
71,HAVCR2,0.8816472
72,TOX,0.87372804
73,CXCL13,0.74628615
74,ENTPD1,0.7728259
75,GNLY,0.7314815
76,KLRD1,0.7947476
77,FCGR3A,0.80797553
78,TYROBP,0.9985482
79,MS4A1,0.74573845
80,CD79A,0.9527345
81,CD74,0.9981227
82,HLA-DRA,0.99847525
83,CD22,0.94644845
84,CD83,0.72386515
85,JCHAIN,0.992054
86,MZB1,0.95210344
87,SDC1,0.9985586
88,IGHG1,0.99056286
89,IGKC,0.99653566
90,XBP1,0.9763603
91,LST1,0.8822081
92,FCER1G,0.98211336
93,CTSS,0.9939678
94,LILRB1,0.9570226
95,LYZ,0.99858963
96,S100A8,0.6153172
97,S100A9,0.9004046
98,FCN1,0.6083903
99,CCR2,0.54404587
100,VCAN,0.85866714
101,MS4A7,0.99324554
102,IFITM3,0.99981356
103,TYMP,0.9348546
104,C1QA,0.9789599
105,C1QB,0.9993921
106,C1QC,0.9987003
107,APOE,0.87876606
108,CD68,0.99858135
109,MSR1,0.683751
110,MRC1,0.90114117
111,CTSD,0.99883306
112,FOLR2,0.9434327
113,LYVE1,0.9717505
114,CD163,0.9968457
115,SPP1,0.8044728
116,APOC1,0.8694857
117,TREM2,0.7517597
118,GPNMB,0.88549685
119,LGALS3,0.99498814
120,CTSB,0.999892
121,IL1B,0.91315675
122,SELL,0.74749124
123,FCGR3B,0.7099651
124,CSF3R,0.6369366
125,CXCR2,0.93092626
126,FPR1,0.859679
127,MNDA,0.92084146
128,CLEC9A,0.69853497
129,XCR1,0.84176576
130,BATF3,0.6959539
131,CADM1,0.92571944
132,IRF8,0.6582988
133,CD1C,0.5258316
134,CLEC10A,0.98128235
135,FCER1A,0.74949956
136,CST3,0.9909159
137,TCF4,0.98874235
138,IL3RA,0.95866126
139,CLEC4C,0.86212254
140,IRF7,0.964629
141,TPSB2,0.9649518
142,KIT,0.778355
143,MS4A2,0.63887125
144,HDC,0.2847712
145,CPA3,0.66457486
146,CLC,0.85230625
147,PRG2,0.8972235
148,SIGLEC8,0.96213305
149,RNASE2,0.7382924
150,EPX,0.39366361
151,COL1A2,0.9998116
152,COL3A1,0.9996475
153,DCN,0.999847
154,LUM,0.9996791
155,COL6A1,0.9204721
156,PDGFRA,0.90121984
157,TPM2,0.99990267
158,CXCL12,0.99478614
159,IL6,0.6152708
160,CFD,0.99937654
161,C7,0.9904757
162,CXCL14,0.9898125
163,COL11A1,0.75296265
164,FAP,0.69835764
165,THY1,0.862194
166,PDPN,0.97389984
167,INHBA,0.835519
168,MMP2,0.9997776
169,COL10A1,0.8203817
170,HLA-DPA1,0.9985418
171,HLA-DPB1,0.9991093
172,CIITA,0.76527935
173,PECAM1,0.9977507
174,VWF,0.9927023
175,CLDN5,0.7119246
176,KDR,0.9627334
177,EMCN,0.43446362
178,ENG,0.9991614
179,RAMP2,0.9683029
180,ESM1,0.7838048
181,ANGPT2,0.6013725
182,PLVAP,0.9280693
183,APLN,0.7218247
184,PGF,0.79588133
185,RGCC,0.97438157
186,EFNB2,0.9790694
187,SOX17,0.97037315
188,GJA5,0.8508246
189,FBLN5,0.8538813
190,HEY1,0.9678098
191,ACKR1,0.66728055
192,SELP,0.77835727
193,SELE,0.4686635
194,NR2F2,0.9992905
195,FLT4,0.9873903
196,CCL21,0.7538858
197,PROX1,0.85602444
198,CCL14,0.9374454
199,RGS5,0.9938781
200,PDGFRB,0.99980646
201,CSPG4,0.9089948
202,MCAM,0.9947359
203,NOTCH3,0.99729574
204,ADIPOQ,0.9484283
205,PLIN1,0.86848265
206,FABP4,0.762685
207,LEP,0.95180154
208,LPL,0.56516093
209,CIDEC,0.9615979
210,S100B,0.9792629
211,SOX10,0.99058956
212,PLP1,0.9398399
213,MPZ,0.77449286
214,S100A1,0.6672169
215,NGFR,0.9903837
216,MKI67,0.93572974
217,TOP2A,0.84549457
218,UBE2C,0.8547888
219,CENPF,0.903091
220,CCNB1,0.89548504
221,CDK1,0.94035554
222,TUBB,0.8742254
223,CA9,0.7354705
224,VEGFA,0.84738296
225,BNIP3,0.6644794
226,PGK1,0.98919696
227,SLC2A1,0.7980148
228,ENO1,0.98206174
229,ISG15,0.98643374
230,IFIT1,0.86500233
231,IFIT2,0.82731086
232,IFIT3,0.98245746
233,MX1,0.9904382
234,OAS1,0.9434635
235,STAT1,0.9961676
236,CXCL10,0.898615
237,VIM,0.9998978
238,FN1,0.99970657
239,TGFBI,0.999786
240,SNAI2,0.98893744
241,ZEB1,0.93803895
242,ITGA5,0.8007173
243,LAMC2,0.93739593
244,SERPINE1,0.86073774
245,HBB,0.6468524
246,HBA1,0.95576626
247,HBA2,0.434168
248,ALAS2,0.9319725
249,GYPA,0.655013
250,AHSP,0.6922482
251,PPBP,0.8648838
252,PF4,0.7050458
253,GP9,0.5894758
254,RGS18,0.85643697
255,NRGN,0.8464876
256,FOS,0.99978834
257,JUN,0.99960184
258,JUNB,0.99915636
259,DDIT3,0.9894546
260,HSPA1A,0.874839
261,HSPA1B,0.9934061
262,ATF3,0.9972934
263,MT-CO1,0.41508895
264,MT-CO2,0.20027533
265,MT-ND1,0.83784443
266,MT-ND2,0.03656277
267,MT-CYB,0.63400733
268,PTGDS,0.9996438
269,NPY,0.9954769
270,SPON2,0.9926634
271,FLNA,0.99980396
272,S100A6,0.9998454
273,OR51E2,0.9965591
274,IGFBP5,0.95969397
275,ACTG2,0.99972284
276,CLU,0.9989179
277,F3,0.9984109
278,CEBPD,0.99986595
279,ABCC4,0.9474056
280,GSN,0.9998498
281,SPARC,0.99949616
282,LTBP4,0.99985015
283,C1R,0.99986434
284,PRAC1,0.9989544
285,PPP3CA,0.8047315
286,FASN,0.9952156
287,STEAP2,0.998601
288,SLC30A4,0.81427777
289,GSTP1,0.9998435
290,ACSL3,0.998282
291,NDRG1,0.9936502
292,SPOCK1,0.9991759
293,NEDD4L,0.9991052
294,DHCR24,0.9970134
295,SLC44A4,0.99911445
296,RHOB,0.9997828
297,ADIRF,0.95535535
298,TUT7,0.9990388
299,CAVIN1,0.9998355
300,CKB,0.97576165
301,SERP1,0.983685
302,TSPAN1,0.9993526
303,UBE2E3,0.999446
304,HPN,0.9995641
305,IGFBP7,0.999591
306,CDC42EP5,0.78394556
307,SPDEF,0.98820674
308,MPC2,0.9987741
309,PLPP1,0.99342996
310,HSPB1,0.99989915
311,AZGP1,0.9983002
312,MBOAT2,0.99879366
313,CANT1,0.9993416
314,TPD52,0.9913865
315,ZFP36L2,0.9993447
316,ACACA,0.99161994
317,HOMER2,0.9858293
318,FAAH,0.9993596
319,BGN,0.9986652
320,DHRS7,0.9952314
321,FBLN1,0.99913013
322,MYC,0.74967563
323,DUSP1,0.94851077
324,RDH11,0.9988059
325,KIAA1522,0.8289462
326,FXYD3,0.99036413
327,SMTN,0.9991483
328,ZFP36L1,0.99973917
329,ANKH,0.9903704
330,MSMB,0.99635684
331,DDT,0.9992838
332,DDR1,0.99617326
333,CREB3L1,0.99776196
334,GOLM1,0.9970809
335,CCN2,0.99993706
336,ERGIC1,0.99805623
337,MT2A,0.9967382
338,KLK4,0.9955784
339,C1orf116,0.9989489
340,PRSS23,0.9787412
341,UGDH,0.9989539
342,SH3RF1,0.9988793
343,LGALS3BP,0.99969447
344,SMDT1,0.9988512
345,TCEA3,0.96260756
346,SMS,0.8625816
347,TIMP1,0.99992293
348,SYNGR2,0.9994595
349,SLC39A6,0.9992934
350,NBL1,0.9995362
351,UTRN,0.9990255
352,CALD1,0.9990897
353,HOXB13,0.99912477
354,EHF,0.9896246
355,DCXR,0.9992569
356,ANXA11,0.900255
357,SOD2,0.99675083
358,IGFBP2,0.98130417
359,ACTN1,0.99940485
360,APOD,0.99931294
361,MYLK,0.99944234
362,NDUFB10,0.99776065
363,ATP2C1,0.99833304
364,PEA15,0.9832011
365,ARFGAP3,0.998212
366,SEC11C,0.9922927
367,TOB1,0.9970068
368,NR4A1,0.99196136
369,RAB3B,0.9967448
370,HSPG2,0.76960945
371,MARCKSL1,0.9647006
372,HMG20B,0.91278154
373,FCGRT,0.9992584
374,BMPR1B,0.9992749
375,HEBP2,0.9984591
376,LRIG1,0.9958992
377,ID1,0.99930197
378,SERPINB6,0.99854136
379,TMEM134,0.99771136
380,ELOVL5,0.99877226
381,ELK4,0.9981859
382,CLDN3,0.76375717
383,TSPAN13,0.81086004
384,MAGED1,0.99888897
385,CLDN4,0.97327423
386,PMEPA1,0.96808964
387,SOD3,0.9956553
388,TSPAN8,0.9925569
389,PDE9A,0.78878886
390,PRUNE2,0.9753687
391,RSRP1,0.9383519
392,PTPRF,0.8828811
393,HYOU1,0.8130736
394,MEAF6,0.9988591
395,RAB18,0.9366846
396,CREB3L4,0.99500364
397,S100A10,0.9952207
398,AMD1,0.99165916
399,NPC2,0.9938472
400,SLC2A4RG,0.99781036
401,PATJ,0.9960421
402,S100A11,0.998267
403,GUCY1A1,0.9970457
404,ECE1,0.86705583
405,NME2,0.93552023
406,TAPBP,0.6615384
407,MXRA7,0.99960405
408,CPNE4,0.9994271
409,CDH1,0.9977769
410,TMEM63A,0.9922633
411,NCAPD3,0.99856037
412,EIF3L,0.94214225
413,PDIA5,0.9431451
414,AFDN,0.95124763
415,DHRS3,0.98845434
416,SCP2,0.99865675
417,FLNB,0.99938166
418,ECHDC2,0.7897708
419,ELL2,0.98407584
420,LUC7L3,0.9872031
421,LRRC26,0.8596565
422,CSGALNACT1,0.91397715
423,ATF4,0.99324435
424,MLPH,0.9991272
425,SLC45A3,0.8291999
426,SH3GLB2,0.99176383
427,ARFIP2,0.9992714
428,ADI1,0.96943736
429,KIF5C,0.9974828
430,ODC1,0.9992351
431,WSB1,0.9116823
432,AMOTL1,0.8863763
433,CDC42SE1,0.99942327
434,ALDH1A3,0.82634467
435,PRSS8,0.9796849
436,ATP6AP1,0.982198
437,ECH1,0.8172259
438,C1orf43,0.99861693
439,SMARCC1,0.99825114
440,MARCKS,0.9923533
441,LAMTOR1,0.99887073
442,MYO6,0.9950437
443,NME3,0.9988001
444,MLEC,0.96222746
445,SLC39A7,0.9614249
446,AZIN1,0.9992019
447,ZMPSTE24,0.99941397
448,NME4,0.8176347
449,ATP5PD,0.99751955
450,NPDC1,0.73650795
451,BTG2,0.7703948
452,CENPX,0.98719627
453,TLK1,0.9991623
454,TJP1,0.9978082
455,STT3A,0.9985103
456,CNPY2,0.9995746
457,GRK2,0.9945811
458,HES4,0.883029
459,CLDN7,0.9952348
460,NDUFA2,0.9994813
461,CENPN,0.99888504
462,PYURF,0.9972961
463,ATP5MC2,0.9903732
464,DMXL1,0.9412681
465,SSR2,0.97437805
466,PHB2,0.9140966
467,GTF3C6,0.99714035
468,LTBP3,0.99927866
469,STK39,0.99650455
470,CLSTN1,0.9971474
471,SCD,0.99750954
472,IKBKB,0.9979197
473,DYNLL2,0.99717027
474,CYTH2,0.78389657
475,RNF187,0.9951588
476,TCF21,0.9996145
477,TSC22D1,0.99280965
478,COX16,0.7207947
479,ATP11B,0.99835837
480,RGL2,0.9843181
481,SEC22C,0.9996784
482,MLF2,0.95342183
483,TAF10,0.96235806
484,MRFAP1L1,0.7019681
485,TIMP3,0.9998737
486,NUTF2,0.9931093
487,CYB5A,0.99412227
488,SAT1,0.89325136
489,ABHD2,0.9948007
490,LENG8,0.5896282
491,LITAF,0.9811862
492,CUTA,0.9487908
493,NDFIP1,0.99410963
494,PILRB,0.9892065
495,POLR1D,0.96029055
496,ACSL1,0.8031981
497,TRAPPC5,0.952362
498,CRISPLD2,0.99798596
499,NHP2,0.98825574
500,BRD2,0.9992967
501,P4HB,0.99885213
502,TMED9,0.99904454
503,FLOT2,0.99777514
504,TRPM4,0.9246023
505,SERINC5,0.97325706
506,MT1X,0.9987837
507,NISCH,0.9992275
508,AFF1,0.9967369
509,DEGS1,0.99795365
510,NEFH,0.9954574
511,FARP1,0.99523246
512,POLD2,0.9984188
513,SELENON,0.974659
514,EMC10,0.711349
515,ASAH1,0.9971176
516,GLO1,0.9983729
517,CDC42SE2,0.99410653
518,CD46,0.99625593
519,MKNK2,0.99847454
520,GUK1,0.9764741
521,PNRC2,0.97955304
522,APP,0.99930245
523,BCL2L2,0.9944852
524,BCAM,0.8387446
525,IGF1R,0.98994285
526,SSBP3,0.89370745
527,DSTN,0.7809447
528,CDK4,0.9966387
529,NDUFC1,0.94653606
530,TSC22D3,0.998182
531,MLLT6,0.9936071
532,NDUFB11,0.94300044
533,RBM5,0.9952144
534,AKT1,0.9815076
535,EVL,0.9981066
536,CASZ1,0.9984691
537,COX8A,0.9989416
538,ROMO1,0.97911775
539,ARHGEF38,0.99837375
540,ATXN7L3B,0.9982168
541,HSPE1,0.9674516
542,IFNGR2,0.9673811
543,AURKAIP1,0.9982729
544,SLC4A4,0.9963485
545,DDAH2,0.9522388
546,OR51C1P,0.9903963
547,TXNL4A,0.9378282
548,JPT2,0.99918586
549,ECHS1,0.76156354
550,SRPRA,0.7516102
551,RPN2,0.99559736
552,UQCR11,0.9980667
553,OS9,0.977335
554,SELENOH,0.8231622
555,GLUL,0.9972809
556,KCNN2,0.9989361
557,SLC35F5,0.99891317
558,PTPA,0.9980066
559,AHSA1,0.997263
560,NDUFB9,0.9948319
561,ZNF532,0.9971497
562,PTOV1,0.96847284
563,REEP5,0.69051343
564,PLPP5,0.9984415
565,VWA1,0.9988633
566,VMP1,0.9994072
567,BANF1,0.96020275
568,AHNAK,0.9994472
569,ANKRD10,0.99106
570,MAOA,0.9915896
571,APEX1,0.9978168
572,LUC7L2,0.9993585
573,RHPN2,0.9881255
574,CTDSP1,0.98832947
575,MDK,0.9959207
576,RBM47,0.99626184
577,RAB13,0.7835141
578,MAP7,0.89015687
579,BAG6,0.9956753
580,NDUFS6,0.99907976
581,TGM2,0.9931008
582,LRPAP1,0.9981427
583,TXNDC5,0.97222817
584,MDM4,0.88989604
585,OBSL1,0.99159575
586,HDAC1,0.9567034
587,RABEP1,0.9992076
588,SRSF2,0.9043155
589,ZMYM2,0.99584883
590,SEC61A1,0.9993537
591,BAG1,0.9977273
592,MAP2K2,0.99845344
593,GRINA,0.8378506
594,ATP5MF,0.9566941
595,GABARAPL1,0.99858725
596,C4orf3,0.9988469
597,TPM1,0.99982446
598,SUMO3,0.9945414
599,ANAPC16,0.79243827
600,PBX1,0.99933195
601,HSPD1,0.997617
602,LUC7L,0.8979546
603,IMPDH2,0.97690564
604,RAB5B,0.99591625
605,LMAN1,0.92780465
606,UBXN6,0.9900479
607,CPE,0.9554727
608,NDUFA1,0.9906279
609,C12orf57,0.71428716
610,SPINT2,0.8016671
611,DRAP1,0.9749924
612,CGNL1,0.9333306
613,BET1L,0.99509615
614,PYGB,0.6177834
615,SELENOM,0.99990857
616,FAM120A,0.9600934
617,ATP6V0B,0.7780065
618,RBM6,0.997161
619,ALDH3A2,0.8310493
620,TRIM27,0.99791956
621,HERPUD1,0.99831754
622,PDCD4,0.99583286
623,ATP5F1D,0.9819357
624,CNDP2,0.9990786
625,IP6K2,0.84452355
626,SPIN1,0.96179616
627,COA4,0.9901056
628,COX7A2,0.98625904
629,RAD23A,0.9974086
630,SLC25A37,0.9794768
631,KIF5B,0.99567604
632,COPB2,0.7931723
633,NDUFAF3,0.99932516
634,MCL1,0.99951595
635,CD44,0.9996492
636,NCOR2,0.9975511
637,MAT2A,0.9692947
638,NFIB,0.7610754
639,GNL3,0.9985916
640,PA2G4,0.9955786
641,GADD45GIP1,0.99707913
642,TBX3,0.96822214
643,JTB,0.99959195
644,CAPRIN1,0.76949143
645,LAMB2,0.7951373
646,PDCD6,0.9908346
647,TRIB1,0.9951537
648,WDR83OS,0.9962504
649,YIPF3,0.9996612
650,DDRGK1,0.9952066
651,CCDC47,0.7806338
652,PHPT1,0.9934854
653,SNU13,0.99555695
654,VPS28,0.9763461
655,NSF,0.9952893
656,LRP10,0.99001855
657,WDR45B,0.93005514
658,PSMD13,0.9981347
659,DDIT4,0.99933785
660,PLEC,0.919297
661,SAFB2,0.997191
662,CD9,0.99867773
663,SIVA1,0.98745203
664,TRA2A,0.9821984
665,PSMB1,0.7651489
666,PPP1R12B,0.83372676
667,OGA,0.9917352
668,SCARB2,0.99782646
669,MYDGF,0.9991105
670,USP34,0.99421936
671,WNK1,0.95288485
672,AP3D1,0.99273014
673,COMT,0.9932045
674,TOP1,0.9986867
675,NRP1,0.9632473
676,RAC1,0.9941957
677,EIF5,0.9951317
678,LMNA,0.9982063
679,PNN,0.968665
680,PSMC5,0.9939225
681,RBM39,0.9972154
682,THRAP3,0.9955603
683,EIF3A,0.9844684
684,CTNND1,0.9986026
685,RTRAF,0.97458965
686,PRDX6,0.99656296
687,TRIR,0.99477047
688,TBC1D9B,0.99410176
689,POLR2L,0.5283729
690,ZNF358,0.9977236
691,TMEM50A,0.8940912
692,CD276,0.9950242
693,LMAN2,0.97833216
694,PSME1,0.9939107
695,CASC3,0.860037
696,ATN1,0.85962206
697,CD151,0.977095
698,USF2,0.986951
699,GRHL2,0.7998409
700,STAT3,0.9862395
701,CALU,0.5189142
702,ZKSCAN1,0.99868345
703,SEC11A,0.75421524
704,TADA3,0.99922675
705,SEM1,0.96959317
706,NDUFB7,0.99897313
707,GALNT7,0.9977778
708,PHF10,0.9673165
709,COPE,0.99503857
710,SYNE2,0.9967639
711,OGT,0.88700116
712,PDIA6,0.9854712
713,ACLY,0.98800135
714,POLR2F,0.99838185
715,CHMP3,0.9385752
716,LGALS1,0.9999091
717,TSPO,0.7909338
718,EIF3D,0.8439568
719,RAB2A,0.9994025
720,NMRAL1,0.9992901
721,ERH,0.9977982
722,NET1,0.8593262
723,LSR,0.9977731
724,REXO2,0.9958376
725,ARHGDIA,0.9959093
726,CAST,0.9900207
727,FOXO3,0.93993086
728,CAPZA2,0.76252115
729,CSNK1D,0.9883229
730,TRAM1,0.87984264
731,COMMD6,0.9847626
732,SAP18,0.9823762
733,SNX1,0.9121669
734,PSMA7,0.9982784
735,DNAJC10,0.99901897
736,EGR1,0.99594307
737,KIF1C,0.86981034
738,FLII,0.9973557
739,HSBP1,0.9995088
740,MAZ,0.8404387
741,CHMP4B,0.9296672
742,NPTN,0.99696475
743,ECPAS,0.99851274
744,COL6A2,0.99984425
745,HSF4,0.9814757
746,ZBTB7B,0.999251
747,ZRANB2,0.9844998
748,EIF2AK1,0.99836576
749,NCKAP1,0.8821533
750,TM9SF3,0.9916698
751,CTDSP2,0.9963585
752,TRIM8,0.9965877
753,QKI,0.9973222
754,PNRC1,0.98712057
755,CCDC6,0.9975004
756,AKR1A1,0.8965986
757,TGOLN2,0.9943358
758,GPAA1,0.94869065
759,TMED10,0.9985137
760,AEBP1,0.99979293
761,SAFB,0.9891853
762,HNRNPH3,0.92925113
763,PTGR1,0.9990601
764,NFIX,0.8148539
765,RNPS1,0.99849725
766,COPG1,0.9992151
767,NFE2L1,0.9045799
768,PRKD1,0.9992665
769,COX17,0.99704194
770,SLC37A1,0.99834347
771,TCEAL4,0.94362646
772,CRELD2,0.997902
773,PITPNA,0.9871257
774,C11orf58,0.47437736
775,A2M,0.99960095
776,C1orf21,0.9944599
777,PAK4,0.90329814
778,SURF4,0.9962108
779,STRAP,0.9003512
780,NDRG2,0.9997672
781,EIF3B,0.9943514
782,MANF,0.7626523
783,RCN2,0.9986622
784,EIF3G,0.97368634
785,SYVN1,0.99198526
786,TKT,0.99509525
787,PNPLA7,0.99749094
788,PLEKHH1,0.99856985
789,SPATA20,0.9500334
790,ACTR3,0.93441266
791,OCIAD1,0.9431753
792,SUMF2,0.74416506
793,RPN1,0.9934577
794,TCF25,0.99921703
795,NAPA,0.9990813
796,FNBP1,0.9944695
797,EIF3K,0.9442
798,PPP6R2,0.8654909
799,CHMP2A,0.984909
800,SNHG32,0.99792635
801,AKT3,0.9447296
802,STUB1,0.9983254
803,LSM7,0.99731034
804,PET100,0.99956036
805,TNFSF10,0.9948599
806,NBR1,0.99472994
807,TRAF4,0.9967556
808,SSR4,0.9989099
809,GTF3C1,0.99789166
810,HNRNPD,0.99690205
811,NFKBIA,0.9144271
812,RAB3D,0.92127264
813,ACSS1,0.9209569
814,ADD1,0.9949415
815,CNN3,0.98622346
816,DDX24,0.9983659
817,WSB2,0.99852604
818,SLC44A2,0.755968
819,CALM3,0.86872464
820,DUT,0.9977759
821,HDGF,0.99037284
822,GDI1,0.9258116
823,FBXL5,0.9901134
824,MFGE8,0.9996872
825,ARL6IP5,0.9789785
826,CCNL2,0.934534
827,RAB14,0.9875799
828,CREBZF,0.99058026
829,NDRG3,0.9993892
830,ARPC2,0.9995866
831,SHISA5,0.9954904
832,CCNL1,0.99318856
833,RNF11,0.9914311
834,ARCN1,0.9666315
835,INTS11,0.98488206
836,TOP2B,0.98481035
837,ATP5ME,0.9988328
838,FAT1,0.9938865
839,ATP2A2,0.9969199
840,MACF1,0.75670445
841,SSU72,0.9121457
842,TCEAL8,0.7523301
843,NAP1L4,0.9709086
844,ATP5MG,0.80376506
845,FLOT1,0.9419178
846,EIF3M,0.83137566
847,FIS1,0.9372153
848,HADHA,0.9962427
849,EIF3H,0.99632823
850,TMEM238,0.96034896
851,UBXN4,0.9958107
852,UBL5,0.98482776
853,NANS,0.89819276
854,CSDE1,0.99532676
855,CAPN2,0.97596043
856,RBM17,0.98020726
857,PGD,0.99378717
858,PCBD1,0.9970262
859,RAB7A,0.9970203
860,GAA,0.9611844
861,IFITM2,0.9994331
862,ANAPC5,0.99911326
863,NDUFA3,0.9987784
864,ETFB,0.99880606
865,GABARAPL2,0.99754536
866,PAGE4,0.9995628
867,NDUFA13,0.9960967
868,N4BP2L2,0.9909599
869,SERINC2,0.9914974
870,ZBTB7A,0.9818297
871,RHOU,0.99832153
872,MTDH,0.913903
873,DCAF7,0.973945
874,GPI,0.99880064
875,DDB1,0.90962446
876,PCMTD1,0.9953828
877,RER1,0.99668217
878,KDELR2,0.9990682
879,TUFM,0.9541707
880,CNBP,0.9772892
881,LAMTOR4,0.99774927
882,TNS1,0.9998711
883,ICA1,0.98868376
884,LAMP1,0.83691
885,NAA60,0.99822235
886,ARPP19,0.8912494
887,ESYT2,0.9030551
888,CRYBG1,0.96465623
889,TMEM141,0.99948096
890,CYB5R3,0.99730474
891,PRPF6,0.96371484
892,ITGB1,0.9839076
893,DSP,0.9929706
894,PGLS,0.9536948
895,HSPB6,0.99982285
896,UBTF,0.99660444
897,MCCC2,0.9504701
898,UFC1,0.9742793
899,PTTG1IP,0.89301515
900,TSPYL1,0.9897639
901,ZMIZ2,0.9759024
902,PPP2R5C,0.79339844
903,HNRNPA0,0.84731466
904,KMT2C,0.9970005
905,BCAP31,0.833597
906,LAMP2,0.94716394
907,ARPC3,0.9960844
908,CORO1B,0.93365145
909,IVD,0.99347186
910,HNRNPAB,0.99692863
911,PNISR,0.99000967
912,COL16A1,0.9998614
913,RBX1,0.99846685
914,SLC25A39,0.97812223
915,PLD3,0.9951651
916,PNPLA2,0.99626356
917,PLA2G12A,0.6915901
918,PDIA4,0.9967218
919,CKAP4,0.9878501
920,TIMM13,0.91945666
921,ERGIC3,0.9955849
922,COPZ1,0.99883735
923,ERP29,0.9922946
924,SSR3,0.9260285
925,TLN1,0.99943274
926,TC2N,0.9928646
927,RNF10,0.97660005
928,APH1A,0.61285067
929,HNRNPUL2,0.99254227
930,ANKHD1,0.99590063
931,BRI3,0.97714084
932,RAB11A,0.9992496
933,NDUFV1,0.9572495
934,STAU2,0.8508855
935,SPINT1,0.9831593
936,TAX1BP1,0.98332137
937,SHC2,0.9498374
938,TMEM259,0.8746329
939,SEL1L,0.91561323
940,UBE2I,0.99191165
941,PFN2,0.99894243
942,LONP2,0.99860597
943,WDR82,0.87903476
944,HSD17B4,0.49678466
945,G3BP2,0.9987236
946,SYNM,0.99947715
947,SDF4,0.9969531
948,ARHGAP6,0.9843445
949,ZNF664,0.99760264
950,CLIC1,0.6283741
951,PDLIM5,0.68867475
952,DPP7,0.9990657
953,TAF15,0.98938614
954,CAB39L,0.9991048
955,THOC7,0.9534143
956,TXNIP,0.7722942
957,SPG21,0.87216157
958,IL6ST,0.99824935
959,FBP1,0.998864
960,PXDN,0.9420833
961,CTSZ,0.99234706
962,SENP6,0.9958371
963,ATP1A1,0.777516
964,PGM3,0.9782901
965,ATP5PF,0.9904524
966,TAF7,0.9948635
967,FOXP1,0.99749213
968,SUPT5H,0.8742954
969,CCDC50,0.9892298
970,DBI,0.9902528
971,ELAVL1,0.9985428
972,ESRP1,0.9990879
973,TBC1D8,0.9966824
974,ARFGEF3,0.9978425
975,SUN2,0.9814593
976,POLR2I,0.9950609
977,GNB1,0.9995793
978,BCL2L1,0.92340434
979,STAT6,0.99149686
980,TRMT112,0.8415648
981,SRRT,0.99581695
982,SELENOW,0.99745923
983,SLC1A5,0.9734018
984,SORL1,0.996884
985,ILF3,0.93738925
986,SNRNP40,0.9940162
987,MTERF4,0.9862861
988,PHLDB2,0.8482469
989,WDR6,0.9966114
990,MTA1,0.93435663
991,C6orf62,0.9974713
992,TMED4,0.9934482
993,ARL6IP4,0.9757466
994,ZBTB10,0.99614495
995,PSMB4,0.9777003
996,RALBP1,0.97586626
997,ALG13,0.9950612
998,WASF2,0.9779436
999,VPS26B,0.95107716
1000,KTN1,0.7950063
1001,SEC61G,0.9979393
1002,CLIP1,0.9960002
1003,GPX4,0.9991223
1004,DAP,0.9149131
1005,SC5D,0.997548
1006,SYT7,0.85336095
1007,NDUFA11,0.9952838
1008,ACADVL,0.8597249
1009,MTHFS,0.9978789
1010,EMILIN1,0.99983996
1011,CCT3,0.9815356
1012,FOXA1,0.99929523
1013,BRD4,0.9825181
1014,HID1,0.99907035
1015,KIAA1217,0.9963064
1016,TRA2B,0.99535537
1017,LAMC1,0.8271578
1018,CSNK1G2,0.9952639
1019,SLC38A10,0.7232348
1020,HECTD1,0.99746966
1021,CELF1,0.99791336
1022,EPHX1,0.7713091
1023,TRIOBP,0.91919816
1024,RELA,0.99681795
1025,SLC12A2,0.9923024
1026,CSTB,0.8213658
1027,CMPK1,0.9848493
1028,URI1,0.82856405
1029,YPEL5,0.9656382
1030,SRSF7,0.96515083
1031,PEBP1,0.93951654
1032,ZNF649,0.9987277
1033,GNAI2,0.99419624
1034,SLC25A3,0.8273622
1035,ERBB2,0.99187803
1036,PLXNB2,0.97983044
1037,SND1,0.99833596
1038,SMCO4,0.9916873
1039,UBE2V1,0.9879461
1040,TGIF1,0.9925781
1041,CSAD,0.98490334
1042,VPS36,0.98029286
1043,PGRMC2,0.65407753
1044,SLC35E1,0.9990858
1045,TM9SF2,0.9503797
1046,SOX4,0.996663
1047,ARPC4,0.99877244
1048,KMT2E,0.9181582
1049,ANKRD11,0.9994415
1050,TMEM123,0.98690826
1051,NDUFB2,0.98427224
1052,EFNA1,0.97651106
1053,DNAJC3,0.99364257
1054,CDYL2,0.9904015
1055,TMEM87B,0.8855789
1056,IDH2,0.734334
1057,NT5C2,0.87013614
1058,IL1R1,0.9221095
1059,NENF,0.9899155
1060,ZFAND5,0.9971347
1061,VAMP2,0.9351909
1062,RNF5,0.98980963
1063,NUMA1,0.9988456
1064,ADAR,0.98334104
1065,BCL2L13,0.9906974
1066,PIN1,0.99679327
1067,KLK11,0.9457497
1068,CLK1,0.9924463
1069,ANK3,0.90841377
1070,ALKBH7,0.9987478
1071,ALKBH5,0.9132488
1072,DIDO1,0.99518496
1073,SMARCA5,0.96392345
1074,HP1BP3,0.81760883
1075,SEC62,0.55789953
1076,PSMF1,0.959154
1077,RAB5IF,0.9641946
1078,NUCB1,0.971585
1079,DHX15,0.8725245
1080,ANTXR2,0.96769106
1081,VPS4A,0.99188286
1082,ATP5F1A,0.88574314
1083,GNAQ,0.9424829
1084,IFNAR1,0.9907815
1085,CLPTM1L,0.9925512
1086,ZNF428,0.9938973
1087,UQCRC1,0.996331
1088,PPP1CB,0.9955522
1089,ARF3,0.9892901
1090,SET,0.9939607
1091,MOGS,0.983266
1092,TMEFF2,0.8705201
1093,RABL6,0.9792545
1094,MATN2,0.9998879
1095,AKT2,0.9143084
1096,PJA2,0.9879758
1097,POLDIP3,0.91742474
1098,COPA,0.99683994
1099,PTK2,0.9977745
1100,PRELID3B,0.9990441
1101,SNX17,0.89889455
1102,RNF130,0.9817424
1103,REEP3,0.90859944
1104,RAB5C,0.73848516
1105,EHBP1L1,0.99787
1106,FGFRL1,0.9993629
1107,ALCAM,0.99411017
1108,MAX,0.9845162
1109,ARF4,0.9978939
1110,RWDD1,0.9814483
1111,TMEM59,0.99110705
1112,PRDX5,0.99694556
1113,CBFA2T2,0.99909264
1114,CHTOP,0.99883235
1115,SLC39A9,0.9322698
1116,SDC4,0.99286467
1117,ATXN10,0.99819136
1118,CCT8,0.97683895
1119,BAZ1B,0.62016547
1120,ARIH1,0.8481982
1121,EMD,0.99569094
1122,YWHAQ,0.99480194
1123,NIBAN2,0.93728083
1124,SLC3A2,0.99201185
1125,DLG5,0.9764754
1126,OAZ2,0.5782566
1127,RERE,0.99880695
1128,MCF2L,0.91914773
1129,GRSF1,0.85350966
1130,MICOS10,0.9427991
1131,CAPZB,0.99635017
1132,NUPR1,0.99837947
1133,SEC13,0.7865875
1134,HNRNPU,0.9838798
1135,SMARCE1,0.99269205
1136,CHPF,0.9140232
1137,SEC22B,0.9889452
1138,XRCC6,0.98598033
1139,COX4I1,0.9923386
1140,SLIRP,0.9985612
1141,NCOR1,0.9930051
1142,YWHAG,0.99496645
1143,PCM1,0.94177234
1144,GOLGB1,0.99254715
1145,PSMB5,0.97078574
1146,EID1,0.89474833
1147,FKBP8,0.99841034
1148,PPP2CB,0.99743307
1149,ZNF350,0.9891702
1150,TBL1XR1,0.98358536
1151,KHSRP,0.99645776
1152,CCN1,0.99698997
1153,TAGLN2,0.99975646
1154,CHMP1B,0.97871673
1155,FBN1,0.99987864
1156,GRHPR,0.8041774
1157,ZDHHC20,0.9467837
1158,SEC31A,0.7930647
1159,SAT2,0.93823516
1160,EPN1,0.88789004
1161,CHCHD1,0.9906762
1162,PPP1R1B,0.98416835
1163,KHDRBS1,0.92711985
1164,CTNNA1,0.99210125
1165,NUCKS1,0.9977945
1166,C1S,0.9998549
1167,ACIN1,0.9888455
1168,PARK7,0.82501227
1169,SEPTIN9,0.9981923
1170,LRP1,0.9899641
1171,PCGF2,0.9978416
1172,C19orf53,0.9791266
1173,PRRC2A,0.9963668
1174,PDLIM3,0.9997456
1175,CAPN1,0.9323361
1176,CD2AP,0.82932585
1177,ENC1,0.7715761
1178,NUDT9,0.80111223
1179,PRRC2C,0.99723274
1180,ATP5IF1,0.99932504
1181,KLC1,0.59058404
1182,SETD3,0.98038894
1183,BACE2,0.99278164
1184,SNRNP200,0.88496226
1185,RAB1B,0.9885008
1186,KMT5B,0.99753207
1187,MIF,0.9964131
1188,GPS1,0.94370717
1189,GPBP1L1,0.9983261
1190,SLTM,0.9155569
1191,ZNF680,0.99552345
1192,POMGNT1,0.9799874
1193,PDGFA,0.9765263
1194,ANP32E,0.999666
1195,CCNG1,0.9931928
1196,PPP4R2,0.99296546
1197,SPCS3,0.99510765
1198,PLA2G2A,0.81379914
1199,TUSC3,0.88669384
1200,SGSM3,0.97512084
1201,SF3B2,0.996276
1202,DCTD,0.9579629
1203,USP7,0.97807133
1204,DCTN4,0.9802214
1205,TRAP1,0.92446655
1206,NME1,0.8413344
1207,TAOK3,0.809593
1208,BSDC1,0.9298134
1209,CYC1,0.99305606
1210,MXD4,0.9949019
1211,PSMA4,0.9909886
1212,PIM3,0.99729
1213,SON,0.99693304
1214,APRT,0.98894334
1215,TMEM168,0.854579
1216,TMC5,0.9169359
1217,MAP4,0.9587614
1218,MTCH1,0.789627
1219,CLTA,0.9953386
1220,SF3B5,0.97021055
1221,PFDN5,0.98972386
1222,PGRMC1,0.99908423
1223,RNASET2,0.99642974
1224,IER2,0.9953922
1225,ATRAID,0.9417992
1226,ANAPC13,0.98248225
1227,NFIC,0.9976897
1228,UQCC3,0.9993944
1229,MCRIP1,0.99371195
1230,SRSF1,0.9889778
1231,HNRNPR,0.9977875
1232,AKAP9,0.9964611
1233,PTK7,0.9788275
1234,SYAP1,0.9916032
1235,LCP1,0.7875144
1236,MORF4L1,0.8655823
1237,ARID5B,0.997227
1238,NRDC,0.9898827
1239,GTF2I,0.9988337
1240,WDR26,0.9885181
1241,VASP,0.98667103
1242,CAMLG,0.94829905
1243,RABEP2,0.99478054
1244,BTBD2,0.90528274
1245,POLR2G,0.99860376
1246,ST13,0.98994124
1247,TALDO1,0.9936339
1248,GOLGA3,0.88530934
1249,BEX4,0.80131596
1250,DDX3X,0.9945754
1251,SVIL,0.9981621
1252,PRXL2A,0.9973464
1253,TMEM9,0.7290145
1254,TOMM7,0.9816224
1255,KCTD3,0.9972849
1256,HK1,0.9658579
1257,APLP2,0.85189027
1258,ACTR1B,0.89994884
1259,EMC4,0.9964103
1260,NCBP2,0.8917796
1261,RAB4A,0.9954447
1262,RNASEK,0.9913835
1263,HNRNPF,0.8690737
1264,SAR1B,0.99971807
1265,PRRC2B,0.99857587
1266,KPNB1,0.98375225
1267,BZW1,0.9976784
1268,NKTR,0.9415193
1269,MAL2,0.99916303
1270,UQCRQ,0.9992574
1271,UBE2E2,0.8888477
1272,PAPOLA,0.9976468
1273,RAB5A,0.9364383
1274,AP2S1,0.95775646
1275,TP53I11,0.9570532
1276,RBM12,0.9923195
1277,SF1,0.9978396
1278,LIMS2,0.99988896
1279,THOC2,0.8204731
1280,ATP8B1,0.9153874
1281,RAB3IP,0.9992535
1282,LGMN,0.9970797
1283,CERS2,0.77878964
1284,SZRD1,0.5737832
1285,SUCLG1,0.99693215
1286,AAMP,0.9513639
1287,TMEM98,0.98337096
1288,TRIP12,0.8661149
1289,TMEM263,0.9882579
1290,VAMP8,0.82503563
1291,NRBP2,0.7946433
1292,SELENOP,0.99950045
1293,ASPH,0.8526969
1294,COX6C,0.9978855
1295,ARF1,0.9981027
1296,ANXA5,0.9951616
1297,PRKACA,0.9300848
1298,KDM5D,0.8861164
1299,ARL1,0.91397345
1300,NDUFV3,0.99257314
1301,VPS13B,0.9918147
1302,SETD7,0.99640065
1303,KDM1A,0.9687374
1304,VDAC2,0.9870631
1305,TMEM230,0.96248174
1306,CTSH,0.97599304
1307,NDUFA10,0.9908299
1308,NXF1,0.99275845
1309,PPP1R10,0.8102619
1310,RTN4,0.98599744
1311,ZG16B,0.9981713
1312,ZDHHC9,0.99840504
1313,GPR160,0.99860305
1314,EIF4G1,0.994736
1315,SCAF11,0.9946666
1316,ADNP,0.9967754
1317,STARD10,0.9797753
1318,ENAH,0.9897533
1319,CTNNBIP1,0.99325943
1320,SSR1,0.99655044
1321,FOXP4,0.9228929
1322,PICK1,0.8808339
1323,CAMKK2,0.9615482
1324,CDC16,0.90786916
1325,KLHL5,0.99843293
1326,PSMB2,0.9940908
1327,NDUFS4,0.9761188
1328,NSMF,0.9408656
1329,TMEM165,0.5864439
1330,MDH2,0.95653546
1331,CSTF3,0.99411196
1332,ENTPD6,0.9939593
1333,TIA1,0.98273265
1334,MKRN1,0.9920688
1335,RAB10,0.93761164
1336,OST4,0.9137473
1337,PRDX4,0.7246682
1338,QTRT1,0.9808877
1339,KXD1,0.9713967
1340,COPS6,0.8963213
1341,TAOK1,0.9411212
1342,PRDM2,0.9801269
1343,GATA2,0.9755885
1344,DCAF8,0.911637
1345,CD99,0.99951696
1346,STEAP4,0.99709177
1347,DEK,0.96179634
1348,FUBP1,0.9879298
1349,CAPNS1,0.9932121
1350,CHCHD10,0.99287385
1351,CHID1,0.9978597
1352,MFF,0.9884673
1353,SMARCA2,0.92234755
1354,PMPCB,0.9948549
1355,TACC2,0.94564533
1356,TCIM,0.9951811
1357,PRMT2,0.99123305
1358,COX14,0.8505808
1359,ARRDC3,0.99674433
1360,RAP1A,0.97611
1361,SERGEF,0.9915562
1362,RMND5A,0.99230427
1363,ANXA3,0.9626129
1364,MAF1,0.80687875
1365,SERBP1,0.9148013
1366,EIF1,0.9979305
1367,FBXW4,0.9920357
1368,TOM1L1,0.9970941
1369,OSBPL9,0.9927986
1370,PLEKHB2,0.9922308
1371,CDC42BPB,0.9968278
1372,MFSD10,0.94809103
1373,COX6B1,0.96581703
1374,DHPS,0.99819475
1375,ANXA1,0.96905035
1376,COL6A3,0.99973226
1377,ACAA1,0.9946276
1378,KIF1B,0.9959257
1379,BCLAF1,0.9938246
1380,NFE2L2,0.99835366
1381,KDM4B,0.9958062
1382,UBAP2L,0.98719376
1383,MTX2,0.99486953
1384,STX5,0.99778664
1385,HGS,0.9960232
1386,NDUFS8,0.85562104
1387,CPSF6,0.9746565
1388,USP47,0.9957052
1389,ATP5MC3,0.9962354
1390,COPB1,0.9950105
1391,PPP1R15B,0.9802453
1392,DLGAP4,0.9912468
1393,STX16,0.9851991
1394,ASTN2,0.99826014
1395,COL9A2,0.90686923
1396,EEF1B2,0.9892471
1397,JUP,0.91888374
1398,ZNF217,0.99718904
1399,YME1L1,0.98812366
1400,ZFP91,0.9849409
1401,TRIM2,0.989463
1402,ADAM9,0.7640457
1403,MAPRE1,0.98692393
1404,SYNPO2,0.9975115
1405,NRIP1,0.9983005
1406,TP53INP1,0.96220756
1407,PAFAH1B1,0.99787325
1408,STARD3NL,0.99396145
1409,ST14,0.8155998
1410,BPTF,0.93265307
1411,ARG2,0.9941392
1412,ATPAF1,0.99656034
1413,SF3B6,0.9904519
1414,PPP6R3,0.91725177
1415,MCFD2,0.8848511
1416,NSA2,0.9809335
1417,UBE2R2,0.9863453
1418,JAG1,0.8150183
1419,RBM3,0.9979489
1420,RING1,0.7728393
1421,HNRNPC,0.99896514
1422,MAP1B,0.9996198
1423,TOB2,0.9721604
1424,CANX,0.99940026
1425,PSMD8,0.997578
1426,NDUFS5,0.9904351
1427,DNAJB2,0.8844125
1428,COX7A2L,0.9972754
1429,LDB1,0.99780434
1430,MAPK10,0.67550534
1431,PI4KA,0.9945649
1432,SRSF11,0.991068
1433,INSIG1,0.9971714
1434,EIF4A1,0.95868134
1435,ZCRB1,0.97659796
1436,DDX39B,0.95766926
1437,STK25,0.9973584
1438,PPIB,0.997453
1439,UBE2Q1,0.99390453
1440,IK,0.9928507
1441,GLG1,0.9945893
1442,FUS,0.9911692
1443,PBXIP1,0.99925625
1444,UBA2,0.9943777
1445,SNRPD1,0.99425435
1446,LSM4,0.9813399
1447,TFDP1,0.9976334
1448,PPP1CA,0.9883325
1449,CRACR2B,0.97810847
1450,GOLPH3,0.9988539
1451,HIPK2,0.9942033
1452,SOX9,0.90064704
1453,MACROD1,0.98717886
1454,ELP2,0.99854743
1455,UBE2B,0.9859235
1456,COL4A1,0.99975955
1457,PRKAA1,0.99754554
1458,CLTB,0.9879077
1459,COA3,0.9457684
1460,PYCR1,0.9786778
1461,PITPNB,0.9975716
1462,PUM1,0.9425946
1463,KDELR1,0.99551547
1464,ATP5F1E,0.8988583
1465,METTL9,0.97771317
1466,DAG1,0.99777836
1467,DNAJB1,0.84833145
1468,PDHA1,0.92326653
1469,TRPM8,0.99697304
1470,GLRX5,0.99804676
1471,TNK2,0.99790114
1472,ATOX1,0.9869426
1473,ADH5,0.9958345
1474,SCAND1,0.98184776
1475,COX5B,0.56682265
1476,RABAC1,0.7676477
1477,CLIC4,0.9940452
1478,ANP32A,0.99845916
1479,PSMC4,0.97121865
1480,P4HTM,0.9985252
1481,SDHA,0.97923315
1482,UBE2G2,0.94278586
1483,ADCY6,0.97797394
1484,ZNF33A,0.9807782
1485,HSPA9,0.93713486
1486,CERS4,0.9197301
1487,NCSTN,0.9793082
1488,CPNE1,0.9506144
1489,ATP6V0D1,0.99213696
1490,SNX3,0.9938107
1491,ZYX,0.99956113
1492,POLR2H,0.93043935
1493,OTUB1,0.9955669
1494,CNPY3,0.6311846
1495,RNF141,0.9055124
1496,TIMP2,0.9996947
1497,VDAC3,0.93626446
1498,ZNF146,0.99644554
1499,SORBS2,0.9865987
1500,GSTK1,0.99282235
1501,PYCR2,0.9960171
1502,RNF213,0.9991232
1503,TOX4,0.9801153
1504,STAG2,0.98912126
1505,USP22,0.9945934
1506,GREB1,0.9573196
1507,CMTM4,0.9921427
1508,COQ4,0.9185321
1509,ARPC1B,0.99955845
1510,POLR2K,0.9984039
1511,PSMD4,0.9078291
1512,ATF2,0.92971796
1513,SFPQ,0.9973144
1514,SPCS1,0.6594244
1515,PDCD5,0.9955139
1516,DCTN2,0.9900135
1517,PPP1R12C,0.99835765
1518,VDAC1,0.8618583
1519,ANXA7,0.9794818
1520,SPSB3,0.98712546
1521,EIF6,0.9784399
1522,SYTL1,0.9885643
1523,LARP4B,0.90451854
1524,WBP2,0.92978543
1525,PAWR,0.9958399
1526,ATG4B,0.99716383
1527,DNM2,0.9752172
1528,PDCD6IP,0.6451742
1529,SPTAN1,0.9877714
1530,TMEM179B,0.99835503
1531,BCL7C,0.99464834
1532,UBE2H,0.97170144
1533,HNRNPLL,0.9968349
1534,ZFAND1,0.99442565
1535,LSS,0.99291986
1536,RBM25,0.6591685
1537,CFLAR,0.99853504
1538,MGAT4B,0.992077
1539,SNAP23,0.9956564
1540,UACA,0.9964609
1541,NCOA4,0.9487779
1542,RAP1GAP,0.9983662
1543,BSG,0.9954344
1544,AHCYL1,0.8937415
1545,ARGLU1,0.9538249
1546,ZBTB16,0.98515534
1547,PPM1A,0.926638
1548,SEC63,0.9517976
1549,HSPA5,0.9972947
1550,SORBS3,0.9986242
1551,ARHGDIB,0.8843832
1552,ATF6B,0.9930897
1553,ITGB5,0.9951552
1554,RSL1D1,0.9916978
1555,SDCBP,0.8178656
1556,IFI6,0.9960099
1557,CYB561,0.9496658
1558,CMTM6,0.9911426
1559,FDFT1,0.9553954
1560,DMPK,0.92382824
1561,UBE2D2,0.9952186
1562,C1orf122,0.9921673
1563,VPS13A,0.99671745
1564,FAM3C,0.842741
1565,SSBP1,0.9914794
1566,GOT2,0.7759977
1567,NDUFB6,0.92253405
1568,TSPAN3,0.93714434
1569,CHD2,0.9580004
1570,FAM174B,0.9991127
1571,RBL2,0.7936503
1572,CALCOCO2,0.96017814
1573,TXN2,0.90671533
1574,MSI2,0.88828456
1575,RTF2,0.9845997
1576,AIDA,0.9955336
1577,ITGAV,0.8730307
1578,CLASRP,0.9909685
1579,MED13L,0.9981914
1580,BEX3,0.9983229
1581,LZIC,0.9863654
1582,FAM193B,0.97783625
1583,MCM7,0.99500716
1584,PICALM,0.9894087
1585,ATP11A,0.7973982
1586,TNKS2,0.88727605
1587,TCP1,0.9859839
1588,DCAF5,0.94436765
1589,KLF9,0.9916412
1590,MAP2K1,0.9978928
1591,PTPN12,0.9646365
1592,INF2,0.9899515
1593,TDP2,0.98419356
1594,CBX5,0.994927
1595,SELENOK,0.90440375
1596,GDI2,0.8317949
1597,ASH1L,0.9978286
1598,WDR1,0.9987854
1599,PUF60,0.991341
1600,CRIM1,0.9987739
1601,SORBS1,0.9998478
1602,GRAMD1A,0.9494991
1603,SEC24C,0.91780066
1604,HINT1,0.9995872
1605,PCBP2,0.89075035
1606,FOXN3,0.99837196
1607,MESD,0.9718013
1608,RNH1,0.9415102
1609,LIFR,0.9502347
1610,TSPYL2,0.85208833
1611,NOP53,0.9966383
1612,RAB21,0.9859677
1613,VPS54,0.9988835
1614,FBXW2,0.9976249
1615,INSR,0.99095255
1616,TXNDC11,0.9903497
1617,CRLS1,0.9840357
1618,PSMA2,0.9239942
1619,RHOT2,0.9887975
1620,HNRNPUL1,0.99823827
1621,ALG5,0.9030653
1622,RRAS,0.99964446
1623,FAM120AOS,0.55616516
1624,RAB1A,0.9883256
1625,SNX19,0.8036189
1626,DYNC1LI2,0.9229769
1627,MAGT1,0.93809456
1628,DCTN1,0.69781655
1629,COLEC12,0.9992385
1630,VCP,0.92230684
1631,CLPTM1,0.99675214
1632,PAIP2,0.99079496
1633,ANP32B,0.98870456
1634,SREBF2,0.9972619
1635,CRCP,0.99136287
1636,YPEL3,0.99955803
1637,HBS1L,0.95119935
1638,ATP9B,0.993532
1639,ERCC1,0.90164065
1640,PRPF3,0.97977895
1641,SRSF4,0.9917887
1642,ORMDL3,0.98985404
1643,HCFC1R1,0.98871535
1644,PRPF19,0.99290633
1645,GASK1B,0.78342116
1646,ZMIZ1,0.89823645
1647,TRIM28,0.9969421
1648,SGMS1,0.99895394
1649,DNAJC7,0.94685817
1650,LARP4,0.98857343
1651,MMADHC,0.99635005
1652,FAM210B,0.9891545
1653,YIPF4,0.97479767
1654,IGFBP3,0.99893695
1655,DDX42,0.97844344
1656,ZC3H14,0.9922038
1657,TMX2,0.9779327
1658,CHKB,0.9312337
1659,SYMPK,0.9445394
1660,RALY,0.99108225
1661,GPATCH2L,0.8607662
1662,HIPK3,0.9554432
1663,ITFG1,0.99027586
1664,SLAIN2,0.95554894
1665,EGLN2,0.9703473
1666,PDCL3,0.84284306
1667,DDX23,0.96559983
1668,SCCPDH,0.9991415
1669,SOD1,0.9900625
1670,LRP11,0.9851885
1671,SRC,0.9480678
1672,NCOA1,0.9984705
1673,TNPO1,0.99589473
1674,SYNJ2BP,0.978441
1675,PACSIN2,0.99225825
1676,CDKN1B,0.9981365
1677,LRCH4,0.9815099
1678,TTC3,0.93299955
1679,PRRX1,0.99986494
1680,FNIP2,0.9986837
1681,AGR2,0.94802076
1682,SLC25A4,0.99692744
1683,SEC14L2,0.93780184
1684,ID2,0.9935984
1685,PDS5A,0.99383175
1686,UBA1,0.99750435
1687,EIF1B,0.9856795
1688,FNBP4,0.9974731
1689,PLPPR2,0.7386488
1690,FAM89B,0.9671453
1691,LSM14A,0.9860726
1692,SQOR,0.997561
1693,DDOST,0.998277
1694,MORF4L2,0.9943461
1695,SF3B1,0.9145072
1696,SEPTIN2,0.98875296
1697,SETD5,0.9946326
1698,NAA38,0.8868747
1699,CSNK2B,0.99418384
1700,SNRPC,0.99236083
1701,PRNP,0.9981243
1702,CUL4A,0.9864008
1703,CRELD1,0.9660281
1704,UQCRB,0.9963537
1705,PARVA,0.9696013
1706,DNPEP,0.97689164
1707,CAMK2N1,0.97784984
1708,SPARCL1,0.9980509
1709,TMEM214,0.875517
1710,PRPF8,0.894381
1711,FSTL1,0.8905239
1712,PPP3CB,0.86718243
1713,NDUFA7,0.9946504
1714,TM4SF1,0.9684095
1715,WWC1,0.9066033
1716,MTPN,0.942332
1717,CCT5,0.8709145
1718,FKBP3,0.9933997
1719,PALLD,0.9998679
1720,NIPSNAP2,0.7980229
1721,GNPTG,0.9954399
1722,MPST,0.99794555
1723,FNDC3B,0.7854443
1724,YY1,0.99108875
1725,TIMMDC1,0.8645126
1726,NFIA,0.9347236
1727,DVL3,0.9669258
1728,ATP8A1,0.9987478
1729,MAPK1IP1L,0.9669324
1730,DDX21,0.9821378
1731,SF3A1,0.7942558
1732,NCL,0.98785484
1733,PAN3,0.96113396
1734,ERP44,0.9788705
1735,FMC1,0.9791284
1736,COPS9,0.752053
1737,ZNF638,0.9930417
1738,IQGAP1,0.9989594
1739,DBNL,0.9900419
1740,INO80B,0.98395634
1741,CHURC1,0.9919924
1742,ST6GAL1,0.7545685
1743,TXNL1,0.8429816
1744,C8orf33,0.8449674
1745,CLCN3,0.9296612
1746,CTDNEP1,0.99544054
1747,TPD52L2,0.94562936
1748,TNKS1BP1,0.99627304
1749,YY1AP1,0.998129
1750,KMT2D,0.9726382
1751,SMARCD2,0.9907458
1752,GANAB,0.99435735
1753,SLC26A2,0.98593354
1754,UBP1,0.9679072
1755,NELFCD,0.9961785
1756,PHF1,0.9949444
1757,YTHDC1,0.9404832
1758,GATD1,0.99599886
1759,SMCHD1,0.989779
1760,CLCC1,0.98853403
1761,POM121,0.9956541
1762,TMED2,0.9991002
1763,PITRM1,0.89063317
1764,TMED3,0.996735
1765,PSMB7,0.99503475
1766,CBX3,0.99829376
1767,DDX6,0.9954112
1768,BECN1,0.92657864
1769,ZNF587B,0.99459624
1770,CALR,0.9087619
1771,FBXO7,0.95829916
1772,CALCOCO1,0.98466885
1773,POLR2B,0.9500929
1774,BAD,0.9178741
1775,PPP4R3A,0.97056085
1776,AP2M1,0.7663231
1777,OSBP,0.917284
1778,ENOPH1,0.94683194
1779,SLC39A1,0.9227231
1780,ABCC1,0.9792803
1781,BNIP3L,0.7359141
1782,DDX46,0.9691348
1783,EIF2B5,0.9854462
1784,HDLBP,0.9988883
1785,SP3,0.98737144
1786,ANKRD17,0.97084683
1787,SH3YL1,0.87573177
1788,RHOBTB3,0.9651485
1789,ATP9A,0.9801646
1790,CUX1,0.95124966
1791,PPM1G,0.99178606
1792,SRM,0.99813074
1793,MTG1,0.95103973
1794,PSMD11,0.9874697
1795,GMPR,0.9947292
1796,MGAT1,0.97319627
1797,PM20D2,0.9865928
1798,UBQLN1,0.99561757
1799,ZNF552,0.9882002
1800,MARK3,0.774899
1801,CCDC12,0.99614364
1802,PHC3,0.9205509
1803,LTBR,0.56199646
1804,SLC30A9,0.84088147
1805,PHF12,0.80853707
1806,CTTN,0.9689602
1807,TMEM106B,0.99533826
1808,PURB,0.9878912
1809,CHSY1,0.99006337
1810,LBH,0.96736825
1811,FAM50A,0.7321507
1812,FKBP9,0.8387782
1813,NFAT5,0.82975394
1814,ARID1B,0.90200615
1815,NUDT3,0.9743419
1816,PDE3B,0.98475647
1817,NOP58,0.99748033
1818,SLC35C2,0.8723498
1819,DNAJA4,0.9956185
1820,SPTBN1,0.9976624
1821,PRPF4B,0.98027873
1822,CBX6,0.97688013
1823,PSD4,0.945076
1824,BIN1,0.9928505
1825,KLHL24,0.79712
1826,MYEF2,0.99044025
1827,UBR5,0.69754976
1828,ADAM10,0.993051
1829,ROCK1,0.8275871
1830,WIPI2,0.97034746
1831,ORMDL1,0.9930138
1832,DDX1,0.99636257
1833,MYO1C,0.94668514
1834,ZNF331,0.9760357
1835,POLDIP2,0.8254776
1836,CBFB,0.87248737
1837,MYH9,0.99848473
1838,SUPT6H,0.9518621
1839,SHTN1,0.9875545
1840,BLCAP,0.9881721
1841,RALB,0.99194723
1842,HEXB,0.9993637
1843,EI24,0.68205434
1844,CAMK1,0.9979863
1845,FAM162A,0.998654
1846,SMARCB1,0.9923443
1847,MACO1,0.99884725
1848,PRRC1,0.9967349
1849,PTRHD1,0.9991206
1850,INTS10,0.94419
1851,DR1,0.9905446
1852,MSL1,0.66608787
1853,EIF4H,0.9945236
1854,HOXA10,0.8670817
1855,WFDC2,0.99802923
1856,PHYKPL,0.96188813
1857,RNF41,0.9545992
1858,COX6A1,0.9990389
1859,SGK1,0.9986284
1860,PIEZO1,0.9526826
1861,SEC23B,0.9954478
1862,ATP5F1B,0.9971328
1863,GTPBP6,0.9970181
1864,MRTFA,0.9638599
1865,MBTPS1,0.93904567
1866,BSCL2,0.9433868
1867,COX7B,0.992084
1868,FAM32A,0.991522
1869,MINK1,0.9241803
1870,BTBD7,0.95617723
1871,CWC15,0.92766017
1872,GIGYF2,0.9991723
1873,DNPH1,0.8234272
1874,CCDC125,0.96370685
1875,C7orf50,0.96944547
1876,SAR1A,0.9751808
1877,COX7C,0.99257475
1878,ARHGAP35,0.98789835
1879,YAP1,0.9943769
1880,THUMPD1,0.95670515
1881,TAB2,0.9763593
1882,TBC1D16,0.98376554
1883,SERPINF1,0.9998043
1884,EIF4A2,0.99446464
1885,CCT2,0.9951513
1886,TCEAL9,0.6816667
1887,EIF3I,0.9983312
1888,MIEN1,0.9963547
1889,MEA1,0.9795443
1890,SELENOF,0.86742604
1891,CLTC,0.998424
1892,SHROOM1,0.979872
1893,FASTK,0.98258674
1894,MALT1,0.99446476
1895,DPY30,0.98962426
1896,PRKCSH,0.9856198
1897,BUD23,0.98543495
1898,SMAD2,0.9953077
1899,REPS2,0.9976749
1900,SFRP1,0.99974203
1901,PCOLCE,0.99976045
1902,ERBB3,0.9976252
1903,IPO5,0.8904003
1904,TIAL1,0.9951285
1905,ZNF22,0.9757967
1906,PDLIM7,0.9995876
1907,MEX3D,0.95050067
1908,GNAI3,0.8942226
1909,ZNF613,0.9969742
1910,B2M,0.9995281
1911,AFF4,0.98503506
1912,RABGGTB,0.8992263
1913,ILK,0.99234426
1914,EBPL,0.9897597
1915,HUWE1,0.95190966
1916,LCOR,0.9417838
1917,PCBP1,0.992651
1918,TMEM205,0.9876066
1919,NEDD9,0.99811894
1920,VPS29,0.9770671
1921,CD81,0.99963045
1922,R3HDM2,0.7865432
1923,ILRUN,0.9413072
1924,TMEM258,0.9980843
1925,RAF1,0.9930394
1926,PDHB,0.9669806
1927,HDAC2,0.9183241
1928,BBX,0.99876463
1929,ACO2,0.996197
1930,AP2A2,0.99208206
1931,SCAMP4,0.99382305
1932,GID8,0.97135556
1933,ING1,0.8812071
1934,CYB5B,0.94798636
1935,TMX4,0.6660401
1936,SLC31A1,0.8337773
1937,DCAF11,0.8649391
1938,EFCAB14,0.9835335
1939,METAP2,0.87355936
1940,DPYSL3,0.9998935
1941,DNAJC21,0.9914777
1942,KCTD12,0.9168183
1943,RAB25,0.93679225
1944,TBRG1,0.75572085
1945,HIF1A,0.97918814
1946,MAP7D1,0.9989464
1947,KDM6B,0.8536418
1948,GRK3,0.9938157
1949,PPP1R11,0.99554616
1950,BST2,0.999899
1951,THYN1,0.9090614
1952,FNDC3A,0.9635953
1953,UBL3,0.9553335
1954,GNA11,0.97931206
1955,MSRB2,0.96511626
1956,DST,0.99987423
1957,POLR2A,0.97950006
1958,PRPF40A,0.9943201
1959,GMNN,0.96486354
1960,RBM15B,0.9806976
1961,ESD,0.92709327
1962,KIAA0319L,0.9987985
1963,QRICH1,0.9850836
1964,UBB,0.9905363
1965,EBNA1BP2,0.9896632
1966,SMAD4,0.96629703
1967,MICAL2,0.99582285
1968,HSD17B10,0.9509135
1969,ECI1,0.9970957
1970,SRF,0.98361003
1971,CCPG1,0.9052645
1972,SGSH,0.89424956
1973,TXLNA,0.995682
1974,RAMP1,0.979488
1975,FUBP3,0.8869805
1976,PEX2,0.989791
1977,IFT20,0.9040611
1978,SLC2A12,0.97833234
1979,CREB3L2,0.8930006
1980,LETMD1,0.99768484
1981,TMEM129,0.8777039
1982,FBXO25,0.99612045
1983,PLXNB1,0.99670225
1984,POLD4,0.98587084
1985,PRKDC,0.995695
1986,GALNT3,0.9980589
1987,KHDRBS3,0.9962212
1988,NUDT21,0.9369205
1989,ARPC1A,0.987663
1990,XRN2,0.9638443
1991,DAZAP1,0.9969852
1992,IL32,0.99962294
1993,PABPC4,0.9301074
1994,BRD3,0.9935429
1995,LGR4,0.9989263
1996,SRSF3,0.9975389
1997,LRRC75B,0.77438354
1998,TACC1,0.9980089
1999,PUM2,0.99159616
2000,PPP1R13B,0.9970406
2001,ZNF432,0.99878967
2002,SRSF5,0.98543954
2003,VEGFB,0.99367434
2004,ZFAND3,0.89948946
2005,ZMAT2,0.7820724
2006,ADSL,0.9792416
2007,EPHB4,0.998146
2008,CCDC159,0.81873566
2009,RNF114,0.99067795
2010,CDK19,0.9913815
2011,THBS1,0.99860144
2012,SMIM15,0.99144197
2013,PIK3C2A,0.9847009
2014,SIGIRR,0.918634
2015,ACAT1,0.9617284
2016,HIBADH,0.9625875
2017,ARIH2,0.97861046
2018,AGO2,0.79536515
2019,MOV10,0.85965824
2020,TOLLIP,0.9610176
2021,AKAP8L,0.99717826
2022,EFR3A,0.98937726
2023,RCC2,0.99430966
2024,DCTN3,0.9977784
2025,VIPR1,0.9991696
2026,EPS8L2,0.9375498
2027,ZNF410,0.9961461
2028,OGDH,0.9253192
2029,SMIM26,0.9949219
2030,CPNE3,0.9011996
2031,KDM5B,0.990539
2032,EP300,0.89245635
2033,IGHA1,0.98963976
2034,MAP3K20,0.99847263
2035,MIA3,0.8981709
2036,MOB4,0.9769398
2037,SECISBP2,0.9942221
2038,PCP4,0.99605
2039,PSMC3,0.9794499
2040,IGBP1,0.9982205
2041,USP14,0.96523476
2042,CPD,0.9863578
2043,TBC1D20,0.9916105
2044,API5,0.9075469
2045,PAPSS1,0.520171
2046,SAMD4B,0.83479524
2047,ELF3,0.9892273
2048,ZSCAN18,0.99813694
2049,CPSF7,0.988089
2050,BAIAP2,0.99192417
2051,TUBGCP6,0.9900779
2052,GAS6,0.9994119
2053,WBP11,0.99848974
2054,PLAAT4,0.9991948
2055,ARHGEF1,0.9424594
2056,RXRA,0.99624854
2057,EXOC3,0.8922081
2058,PSMA5,0.9288496
2059,TCERG1,0.9799244
2060,MLLT1,0.98887324
2061,USP54,0.98708427
2062,IBTK,0.95003134
2063,NAB1,0.9637747
2064,ID3,0.99984735
2065,RFFL,0.99016213
2066,TMEM109,0.99664795
2067,WASF3,0.9991957
2068,MAPKAPK5,0.98221725
2069,NAA20,0.99157256
2070,USP3,0.9832946
2071,HERC4,0.97911763
2072,ULK1,0.9955036
2073,MMP24OS,0.9579972
2074,ZC3H4,0.9959741
2075,GTF2F1,0.99296093
2076,ZNF32,0.9895482
2077,IAH1,0.99725145
2078,DUSP3,0.83524156
2079,ILF2,0.98374903
2080,CENPT,0.9880977
2081,ERN1,0.9724907
2082,CIB1,0.8591161
2083,SDR39U1,0.9977649
2084,EIF4G2,0.98973405
2085,IDI1,0.9825806
2086,C5orf15,0.8499681
2087,PRKCD,0.9436699
2088,RCAN3,0.81202114
2089,CFAP97,0.9904289
2090,C1orf115,0.9962546
2091,PPP1R7,0.8772658
2092,RASEF,0.9586274
2093,EPC2,0.99035364
2094,SH3GLB1,0.9981575
2095,ARAF,0.9874833
2096,ERLEC1,0.9893759
2097,CYB561A3,0.8444172
2098,GCN1,0.98234886
2099,TXNDC15,0.99581474
2100,KLHDC3,0.9868461
2101,RNF167,0.7167239
2102,NUCB2,0.8119298
2103,NOTCH2,0.7582115
2104,DDAH1,0.8002978
2105,ADIPOR1,0.9956247
2106,ENDOD1,0.98718166
2107,DYNC1H1,0.9566336
2108,RAB11B,0.9369212
2109,ARFGAP1,0.96876925
2110,ZCCHC24,0.9995344
2111,UBE2J1,0.96292967
2112,EIF4G3,0.9656336
2113,NAMPT,0.9593275
2114,HEXA,0.9875327
2115,CYBRD1,0.98963755
2116,USP4,0.99151474
2117,ABHD12,0.8223467
2118,LAMA5,0.9907333
2119,HSP90B1,0.994542
2120,RUVBL2,0.94110644
2121,POR,0.9430946
2122,ARID1A,0.97769475
2123,STAM2,0.9818232
2124,MTFR1L,0.9708366
2125,MGP,0.9847798
2126,SH3BGRL,0.99968344
2127,THSD4,0.99841744
2128,CISD3,0.972372
2129,SH3BGRL3,0.9934155
2130,NDUFV2,0.8866857
2131,NSD1,0.9388696
2132,SLC25A16,0.99217606
2133,PLA2G7,0.9954506
2134,PSMA1,0.9940724
2135,IDS,0.99790496
2136,LMOD1,0.99960816
2137,PTP4A3,0.9833854
2138,SHC1,0.9337648
2139,GK5,0.9876588
2140,ISCU,0.9950032
2141,FBXW5,0.9973509
2142,FAM91A1,0.99821764
2143,DGCR2,0.9705626
2144,FAM118A,0.9870595
2145,PON2,0.7704667
2146,MAGED2,0.9534643
2147,STT3B,0.91803086
2148,ANAPC11,0.88471293
2149,DNAJC5,0.81063783
2150,GSK3B,0.9834566
2151,IRAK1,0.9963498
2152,AGO1,0.85669667
2153,PCYOX1,0.99783826
2154,CHCHD2,0.9270079
2155,PXN,0.84692985
2156,XRCC5,0.99709576
2157,VPS13C,0.985171
2158,STRN4,0.9981823
2159,PGAM1,0.79504913
2160,BABAM1,0.7988102
2161,ZNF827,0.9977257
2162,HAGH,0.95681757
2163,MBD6,0.96127206
2164,OXA1L,0.9444332
2165,ACYP2,0.85284287
2166,TSPAN14,0.9523456
2167,RIC8A,0.97410834
2168,ANKLE2,0.9263707
2169,GMPPB,0.97221565
2170,IGF1,0.7977221
2171,SLC22A23,0.82596874
2172,FXR1,0.96356773
2173,HMGXB3,0.9964182
2174,MFAP4,0.99993646
2175,GIPC1,0.97842073
2176,SLC11A2,0.99704057
2177,GUCD1,0.9491677
2178,NSMCE4A,0.94826657
2179,SOGA1,0.9979707
2180,CDV3,0.798028
2181,RYBP,0.71387583
2182,PSMG2,0.9841294
2183,LIMCH1,0.993751
2184,AGRN,0.9931176
2185,CAMSAP3,0.99941266
2186,RNF13,0.89675796
2187,PAFAH1B2,0.98943716
2188,NOP10,0.99895746
2189,SPAG7,0.971628
2190,GOLGA5,0.98917645
2191,UBR4,0.8609962
2192,U2AF2,0.91392833
2193,KPNA4,0.8053742
2194,SLC35A4,0.9941937
2195,HSF1,0.9888025
2196,RSRC2,0.9485339
2197,AKIRIN1,0.9903755
2198,USO1,0.99552226
2199,PRPF39,0.99623257
2200,MAP3K5,0.9970477
2201,ZNF783,0.9893811
2202,MXI1,0.98526484
2203,TMBIM1,0.7944214
2204,CCAR1,0.99221855
2205,GPD1L,0.98461753
2206,ETFA,0.7414788
2207,CARS2,0.88733983
2208,CCNC,0.7820506
2209,ZBED5,0.98167676
2210,VAT1,0.99812585
2211,PODXL2,0.9990773
2212,SUZ12,0.9900984
2213,ZFR,0.9712488
2214,PPP1CC,0.9932652
2215,PARM1,0.9974778
2216,UBE2Z,0.97071135
2217,PTBP3,0.95627654
2218,TLE5,0.9931252
2219,EPHX2,0.9982301
2220,DDX56,0.9899575
2221,DHX30,0.99056613
2222,SKI,0.9990549
2223,SCYL1,0.9964125
2224,RBFOX2,0.97985417
2225,ZNF614,0.97749794
2226,TBCB,0.9929748
2227,TBC1D14,0.997358
2228,ANAPC7,0.98549646
2229,RBBP6,0.9928794
2230,NEK9,0.98104346
2231,MKLN1,0.6706925
2232,RNF126,0.98893523
2233,LPP,0.9649992
2234,BMI1,0.9939879
2235,IDUA,0.9974517
2236,SMG1,0.94175446
2237,NUP58,0.994951
2238,NUMB,0.9935254
2239,DNAJA1,0.9864755
2240,MBNL1,0.9947826
2241,SMARCC2,0.9856014
2242,PKD2,0.994243
2243,SUDS3,0.97506565
2244,SMARCA1,0.9925179
2245,ZNF544,0.9990855
2246,NPEPL1,0.865426
2247,GPC1,0.98641443
2248,CCNY,0.9863365
2249,TNRC6B,0.95176756
2250,PCDH1,0.9975426
2251,ANKRA2,0.8768604
2252,VCL,0.9956249
2253,NT5DC1,0.9790429
2254,SMARCA4,0.87356514
2255,GLYR1,0.97690785
2256,FAM3A,0.9935203
2257,RTCB,0.9917419
2258,COBLL1,0.99161386
2259,MGST3,0.8726883
2260,ATL3,0.99766546
2261,NDST1,0.8970735
2262,CD320,0.91701996
2263,SEMA4B,0.82574093
2264,GALNT2,0.9988062
2265,BRWD1,0.99598503
2266,ARL2BP,0.9480934
2267,NPEPPS,0.97321725
2268,TMSB15A,0.85523534
2269,CYTH1,0.8432618
2270,COPS7A,0.9880896
2271,NDUFS2,0.9121456
2272,NDUFS1,0.9965702
2273,NEDD8,0.9434956
2274,DDI2,0.99590385
2275,GTPBP1,0.9952852
2276,ARMCX3,0.5810748
2277,ARRDC1,0.9400901
2278,LEMD2,0.8982537
2279,PCID2,0.9601006
2280,MAP2K3,0.8975262
2281,DCAF6,0.99643344
2282,LSM8,0.7256924
2283,SMAD3,0.9977767
2284,APCDD1,0.99914896
2285,SH3BP4,0.99917257
2286,PHF2,0.9970947
2287,ZNF692,0.97425735
2288,TM9SF1,0.98860455
2289,SURF1,0.9663453
2290,DENR,0.99812776
2291,ENOSF1,0.9916155
2292,CTNNB1,0.991495
2293,GSPT1,0.98480266
2294,TPP1,0.9924254
2295,TMEM248,0.7664918
2296,SOBP,0.9644294
2297,GABARAP,0.9992211
2298,PHRF1,0.9819696
2299,ABL1,0.9883857
2300,KLHDC2,0.8348347
2301,HNRNPA2B1,0.99468315
2302,ACBD6,0.9965756
2303,DCAF16,0.95494133
2304,STAU1,0.9779463
2305,SEC16A,0.91130674
2306,LNPEP,0.9855819
2307,DPP4,0.995659
2308,DLD,0.9814352
2309,APPL2,0.997655
2310,GPBP1,0.78040844
2311,TES,0.862717
2312,SUPT16H,0.9880978
2313,SCPEP1,0.9822599
2314,RNF145,0.9955937
2315,PCMTD2,0.9937215
2316,ZNF740,0.9086004
2317,RBM33,0.962292
2318,DSC2,0.9983487
2319,BRD1,0.8535499
2320,PPP1R9B,0.9793561
2321,ZNF577,0.99788934
2322,CDK16,0.9837183
2323,RNF144B,0.9402005
2324,ZFP36,0.9892031
2325,HDGFL3,0.99760634
2326,RBM14,0.8964201
2327,KCTD20,0.7622515
2328,GPR107,0.9615319
2329,IDH3G,0.8548717
2330,HGD,0.8740919
2331,TOMM6,0.922446
2332,PACS1,0.9488538
2333,EIF4E2,0.99474436
2334,FBXO9,0.99418354
2335,ZBTB4,0.9688921
2336,DNAJA2,0.9810987
2337,PAM,0.93160695
2338,MBD2,0.9850602
2339,LPGAT1,0.79772246
2340,CNOT7,0.67101365
2341,DOCK1,0.9989944
2342,CCDC124,0.9968163
2343,EPN2,0.9453615
2344,CDC123,0.99941534
2345,MAN2B1,0.7836058
2346,PFKM,0.9305766
2347,DNAJC8,0.9015718
2348,HSP90AB1,0.9981099
2349,ESRP2,0.99892265
2350,DELE1,0.77557003
2351,SGPL1,0.8840241
2352,MGST1,0.90801686
2353,SS18,0.9869385
2354,LRRC47,0.9484142
2355,ARPC5,0.99877936
2356,CREBL2,0.7173295
2357,SLC38A1,0.9805866
2358,TLE2,0.9967901
2359,ANKRD29,0.9959807
2360,SPRYD3,0.9581397
2361,TRAPPC4,0.84905505
2362,MGST2,0.9708956
2363,ACBD3,0.76288056
2364,TFCP2,0.99674225
2365,TRIM26,0.99867666
2366,CDC34,0.9982617
2367,COTL1,0.9990042
2368,FAM174C,0.9090025
2369,TNKS,0.985952
2370,APEH,0.99881935
2371,AGAP3,0.9969758
2372,UQCC1,0.94149864
2373,ATP6AP2,0.9545717
2374,FAM111A,0.9956458
2375,PES1,0.7353482
2376,SATB1,0.9828325
2377,SHROOM3,0.997557
2378,ENPP4,0.9990208
2379,ACADM,0.9922199
2380,MAVS,0.88773185
2381,SRP54,0.9886245
2382,TIMM17B,0.9976321
2383,ARF5,0.9424951
2384,COL4A5,0.9991506
2385,CHD4,0.99536544
2386,FMOD,0.9932913
2387,NFKBIZ,0.92553353
2388,GADD45G,0.96160775
2389,TRGC1,0.99792176
2390,QDPR,0.99082625
2391,TWF1,0.9736366
2392,STK11,0.94063014
2393,PYGO2,0.9974829
2394,AKAP11,0.84446657
2395,POFUT2,0.9468717
2396,AUH,0.99815154
2397,CHP1,0.7937361
2398,CNP,0.8490273
2399,HM13,0.7972648
2400,COPS2,0.99634016
2401,RACK1,0.974548
2402,EIF4A3,0.99511206
2403,LMO4,0.99838877
2404,WDR33,0.9664538
2405,ENY2,0.99344915
2406,PCED1A,0.8873287
2407,ALDH9A1,0.98354644
2408,PPM1B,0.92060405
2409,GSR,0.96096146
2410,PPFIBP1,0.896104
2411,BEND4,0.9983945
2412,SMIM14,0.99698466
2413,MTA3,0.9970868
2414,RBM42,0.9859065
2415,STAT2,0.98451644
2416,RNF4,0.90320873
2417,CD164,0.8594238
2418,BOK,0.9973284
2419,WDTC1,0.9886488
2420,EXOC4,0.9913849
2421,BCL9L,0.99255174
2422,BTF3L4,0.99700886
2423,SHARPIN,0.8664859
2424,ITPR1,0.97768366
2425,AKAP17A,0.9930482
2426,HMGN4,0.97917074
2427,CRYM,0.9860775
2428,AKT1S1,0.95642114
2429,GPCPD1,0.81756777
2430,GLTP,0.99379605
2431,ANTXR1,0.9855168
2432,CZIB,0.92828643
2433,HNRNPA3,0.80604213
2434,TIMM8B,0.9948129
2435,DYNC1I2,0.89545417
2436,PSMD3,0.98342323
2437,GATAD2A,0.99596226
2438,NDUFA8,0.78310925
2439,KIF13A,0.99758327
2440,PPM1H,0.9600074
2441,HSPA8,0.99881375
2442,VPS45,0.91127753
2443,RNF185,0.73857343
2444,TMSB4X,0.9980747
2445,ZBTB20,0.99073815
2446,CRAT,0.9869185
2447,SAV1,0.98722196
2448,PRPF38A,0.7853682
2449,BTAF1,0.98555166
2450,SRP19,0.9953801
2451,TDRP,0.86051095
2452,CAT,0.9947026
2453,MAML1,0.9009467
2454,ZNF462,0.99711233
2455,RABGAP1,0.8362137
2456,ZMYND11,0.8780558
2457,TRAPPC6B,0.87822986
2458,GDF15,0.98837405
2459,THRA,0.9062895
2460,MPG,0.99581623
2461,CCDC91,0.99372005
2462,ACOX3,0.9874878
2463,TANC1,0.998494
2464,BAG5,0.9327242
2465,SDF2L1,0.9987103
2466,WAC,0.81594574
2467,M6PR,0.8661132
2468,C11orf54,0.99738395
2469,SMAP2,0.9569147
2470,HSP90AA1,0.975153
2471,ZNF444,0.883847
2472,ADPGK,0.9972782
2473,GSK3A,0.9988624
2474,VPS72,0.9950768
2475,UPF1,0.926524
2476,SDC3,0.99843425
2477,BUB3,0.8983563
2478,SLC35B2,0.9920874
2479,IVNS1ABP,0.90571856
2480,DEAF1,0.9181674
2481,B4GALT1,0.9994976
2482,YIPF2,0.9110397
2483,EHMT1,0.44156975
2484,RNF40,0.98394
2485,SREBF1,0.9941912
2486,TNFRSF21,0.95924383
2487,TMEM219,0.8615591
2488,SLMAP,0.996953
2489,EAPP,0.996321
2490,USP33,0.98841745
2491,VPS53,0.9757974
2492,EXOSC7,0.8494433
2493,PKD1,0.9844626
2494,RUFY2,0.87475604
2495,UBE2E1,0.92287093
2496,LASP1,0.998147
2497,TRAF7,0.82099587
2498,TRIM44,0.99049044
2499,KDM3B,0.9977502
2500,CHD6,0.996751
2501,GHITM,0.9765654
2502,ALDH6A1,0.7902636
2503,TP53,0.9928392
2504,COPS5,0.94786847
2505,PPA2,0.98187375
2506,RB1,0.9900562
2507,PER1,0.9602231
2508,PFDN2,0.7803645
2509,OSBPL8,0.7563546
2510,KIAA0232,0.96156114
2511,RPAIN,0.917555
2512,ZC3H13,0.9933303
2513,SERINC1,0.9779077
2514,TSTD1,0.99744666
2515,SQSTM1,0.9973464
2516,XPO1,0.988501
2517,PMF1,0.9345385
2518,APPL1,0.9655304
2519,BCR,0.9780979
2520,DLG1,0.7746662
2521,SRRM2,0.9770871
2522,PHLDB1,0.99952835
2523,PSMB6,0.88326365
2524,CSNK1E,0.9978898
2525,LDLRAP1,0.98711735
2526,CIAO2A,0.85393274
2527,FURIN,0.8011302
2528,FKBP10,0.9850392
2529,ANKZF1,0.9633739
2530,IFT57,0.9910919
2531,HADHB,0.96825165
2532,CYFIP1,0.74178547
2533,POLB,0.9473476
2534,TMX1,0.9324717
2535,KDM2A,0.9932938
2536,SCAMP2,0.9444427
2537,DHX36,0.9840353
2538,CNOT3,0.97296196
2539,WDR13,0.97710836
2540,PBX3,0.9872476
2541,DHCR7,0.9982613
2542,RHOA,0.99036795
2543,SULF1,0.9983265
2544,SYNE4,0.8709264
2545,AGPAT3,0.99448216
2546,ATF7,0.93513143
2547,PI4KB,0.88688904
2548,PDSS2,0.85235757
2549,IWS1,0.88108945
2550,SELENOO,0.8980247
2551,PACS2,0.9269313
2552,ATP6V1B2,0.9930202
2553,SFRP4,0.9823444
2554,AKAP1,0.74572605
2555,MIER1,0.94375527
2556,EIF2A,0.97865486
2557,EIF5B,0.8867464
2558,CD47,0.9036107
2559,LDLR,0.9987192
2560,TNRC18,0.98968446
2561,OAZ1,0.9969866
2562,SLC35F2,0.97929126
2563,ATF6,0.8632766
2564,IFRD1,0.9032483
2565,C2orf68,0.9963217
2566,MAPK8IP3,0.9867124
2567,ARL2,0.99688447
2568,GALNT11,0.9959401
2569,CFAP298,0.97013015
2570,GDE1,0.9577253
2571,ZNF609,0.9913251
2572,EXOC5,0.9725599
2573,EIF2D,0.9817977
2574,D2HGDH,0.97779465
2575,PRKCI,0.9689633
2576,NDUFAF2,0.99107224
2577,UBE3C,0.88576
2578,TMEM41B,0.9836749
2579,WASL,0.9314904
2580,TUBGCP2,0.959957
2581,TSC22D4,0.9696898
2582,CDS2,0.9855207
2583,PTPN18,0.933644
2584,SNX13,0.9951377
2585,YIPF6,0.9958376
2586,EIF2AK4,0.93909496
2587,CUL4B,0.7703821
2588,LZTS2,0.9697381
2589,ACTB,0.9962103
2590,PFDN6,0.99052286
2591,XPOT,0.87237406
2592,NUFIP2,0.9177768
2593,RCOR3,0.9239048
2594,TRABD,0.9732504
2595,CRK,0.99279124
2596,PKIG,0.9991176
2597,IRF3,0.96733147
2598,PPIG,0.99483186
2599,GRN,0.92365557
2600,BOD1,0.99123585
2601,PARL,0.81566095
2602,PPP1R12A,0.99379486
2603,ZNF586,0.9824836
2604,KDSR,0.87958425
2605,GOSR1,0.9886844
2606,FBXO42,0.99337053
2607,ZNF451,0.996048
2608,TMEM54,0.9757816
2609,NONO,0.9983983
2610,ITM2C,0.99966997
2611,BRK1,0.8902633
2612,ACTN4,0.997038
2613,UQCRC2,0.8435325
2614,PGM1,0.98277134
2615,CD63,0.9843882
2616,MRNIP,0.9356823
2617,PSMD10,0.98309016
2618,TMEM167B,0.9904375
2619,EDF1,0.999094
2620,CRYAB,0.86298496
2621,ATXN7,0.8473716
2622,BLOC1S6,0.98755527
2623,CHMP4A,0.7409553
2624,MMAB,0.9957442
2625,HDAC7,0.8409394
2626,HSD17B11,0.9910866
2627,FAM13A,0.9082859
2628,FAM120B,0.9852295
2629,RILPL1,0.9222629
2630,CLASP2,0.8187765
2631,ARPC5L,0.9494779
2632,COG3,0.9976828
2633,GFPT1,0.9704032
2634,TRIM33,0.95105195
2635,PPP2R2A,0.99460614
2636,UBE4B,0.7700968
2637,GMPS,0.9951667
2638,RNF149,0.98386884
2639,DUS1L,0.96695495
2640,CTSF,0.486525
2641,POLR3E,0.9473294
2642,MFSD11,0.6329344
2643,LRRC41,0.9966791
2644,SLC38A2,0.9055315
2645,ATP6V1G1,0.99609447
2646,ZZEF1,0.9933349
2647,CRIP2,0.9991981
2648,CREB3,0.99844277
2649,CFDP1,0.9950056
2650,LRRC59,0.97155213
2651,TNC,0.99967504
2652,PPP4C,0.9890876
2653,TIMM10B,0.98858345
2654,ZNF207,0.99453884
2655,ERCC6L2,0.93599904
2656,BAIAP2L1,0.97020906
2657,NIT2,0.9904438
2658,CAND1,0.9673158
2659,CITED2,0.8948356
2660,RAB27A,0.9748219
2661,PCMT1,0.9177498
2662,MAGEH1,0.9948721
2663,MTIF3,0.98881143
2664,PSMD1,0.983396
2665,RHBDD2,0.98634887
2666,SNRNP25,0.8401288
2667,USP40,0.9765602
2668,DIP2A,0.96157485
2669,PTGES2,0.968964
2670,YWHAB,0.9070441
2671,RGMB,0.99783957
2672,FAF2,0.99721456
2673,ETHE1,0.8327392
2674,CPLX3,0.9975563
2675,VOPP1,0.96707106
2676,ATP6V1A,0.9637153
2677,RUSC1,0.9964067
2678,TMCO1,0.9912195
2679,NUDCD3,0.91139853
2680,LONP1,0.9778374
2681,SEC23A,0.99760544
2682,MYO15B,0.99893427
2683,KANK2,0.99919176
2684,PLCG1,0.9596916
2685,HCFC1,0.9968784
2686,INTS3,0.88826144
2687,UXT,0.9917071
2688,CKAP5,0.9829773
2689,TRIB2,0.99867886
2690,SELENBP1,0.9874814
2691,METTL3,0.97340447
2692,DHX9,0.990368
2693,SRP68,0.9321063
2694,SPECC1L,0.9920229
2695,NAAA,0.99574465
2696,TTC39A,0.9974564
2697,EDEM3,0.9769936
2698,ALG2,0.99715835
2699,KAT6A,0.98500836
2700,FOSB,0.9673958
2701,CLPP,0.9964705
2702,AGTRAP,0.8641528
2703,EIF2AK3,0.9931395
2704,INTS8,0.99690115
2705,C1orf198,0.99933344
2706,OSBPL2,0.97382987
2707,CCNI,0.9884947
2708,FNBP1L,0.97285163
2709,STRN3,0.9962918
2710,VGLL4,0.9708245
2711,CPSF1,0.9769119
2712,MARK2,0.93489987
2713,TELO2,0.99125814
2714,ZC3H15,0.9845456
2715,IGFBP4,0.99955297
2716,NFKB2,0.86034214
2717,NUP42,0.99482125
2718,WWOX,0.98940444
2719,TNIP1,0.9962032
2720,MYADM,0.99814755
2721,RNF146,0.8641983
2722,UBE3A,0.9905306
2723,ECSIT,0.9596982
2724,ATF5,0.98505723
2725,MFSD1,0.98729026
2726,INTS1,0.8902066
2727,CSK,0.8930689
2728,DYNLT1,0.97932535
2729,EMC7,0.981215
2730,TRAPPC1,0.9919454
2731,KCNMA1,0.92954713
2732,HMGN3,0.8511943
2733,ZNF254,0.99637175
2734,SLC44A1,0.9811971
2735,C14orf119,0.9355167
2736,USP36,0.99619055
2737,RELCH,0.96794784
2738,RYK,0.91995454
2739,PRKAG2,0.88028824
2740,CAB39,0.9838152
2741,MIB2,0.99352616
2742,ZNF248,0.94249994
2743,SKIL,0.9867626
2744,ARAP1,0.99935913
2745,LRBA,0.9054546
2746,PITHD1,0.9870644
2747,MINDY2,0.97564346
2748,LRRFIP2,0.9905637
2749,GRIPAP1,0.9937094
2750,PBRM1,0.97231734
2751,EIF2S3,0.98930424
2752,LTBP1,0.92254573
2753,COQ7,0.9566186
2754,KANSL3,0.9467803
2755,FTH1,0.9725021
2756,EIF2AK2,0.99468577
2757,RASA2,0.9966541
2758,CCNDBP1,0.9731736
2759,PEX10,0.9910615
2760,LMAN1L,0.9966507
2761,PSENEN,0.9722824
2762,NUP62,0.99730915
2763,MAP3K11,0.92549413
2764,HSPA4,0.92557096
2765,TTC14,0.98063797
2766,ATG12,0.95033234
2767,UBA3,0.8584822
2768,TCEAL1,0.9924271
2769,UHRF2,0.8109679
2770,FAM204A,0.995165
2771,CNIH1,0.9896426
2772,SELENOS,0.8979529
2773,CBR4,0.990453
2774,ATXN1,0.9959499
2775,BTBD1,0.86726743
2776,TMBIM6,0.9408535
2777,BTBD6,0.7996447
2778,SYF2,0.92169523
2779,TXNDC16,0.99625593
2780,FBXL8,0.88727957
2781,ARFGEF2,0.7615947
2782,NDEL1,0.98645717
2783,NIPA2,0.994468
2784,ABHD14B,0.96675557
2785,TNFRSF1A,0.9984524
2786,GTF3A,0.9827518
2787,CBLC,0.93883353
2788,TRPT1,0.9956236
2789,KHDC4,0.984323
2790,CREG1,0.988162
2791,SEMA4C,0.99132544
2792,TRIQK,0.88745975
2793,SOCS2,0.9468328
2794,HECTD4,0.98613936
2795,PHF20L1,0.9278303
2796,NECTIN2,0.9119948
2797,ABI1,0.955002
2798,CUL3,0.99424875
2799,EXT2,0.8964927
2800,PTPN1,0.95819783
2801,CNOT1,0.9872924
2802,SEMA3C,0.987566
2803,ITCH,0.77270466
2804,EIF4B,0.9983444
2805,TNS2,0.9854642
2806,ZFHX3,0.92954844
2807,SPG11,0.9686157
2808,SNRPA,0.9953692
2809,ALYREF,0.90969723
2810,TXNRD2,0.79794735
2811,ALDH1A1,0.97254854
2812,FBXW11,0.9886431
2813,CGGBP1,0.9766625
2814,DAXX,0.9548286
2815,TRIM22,0.99962074
2816,ABCA2,0.92668825
2817,CLCN7,0.9598378
2818,TTC1,0.89927727
2819,ATF7IP,0.9866661
2820,ELOF1,0.8447819
2821,MED13,0.95174104
2822,AVEN,0.9246049
2823,EIF2B1,0.93503076
2824,MAPK1,0.899879
2825,RCN1,0.9635742
2826,MBNL2,0.9976334
2827,SETX,0.9802582
2828,SART3,0.771714
2829,TCF7L2,0.99527127
2830,CAPS,0.9929705
2831,IFRD2,0.9971486
2832,CUEDC2,0.9752027
2833,OR51E1,0.9782723
2834,C6orf89,0.88858104
2835,PPP1R35,0.93174773
2836,PROM2,0.99573
2837,NSD3,0.98795074
2838,ITPR2,0.897695
2839,ZFPL1,0.9784073
2840,GCAT,0.9923738
2841,C15orf48,0.9936079
2842,DIAPH2,0.7845318
2843,CAPN7,0.9856612
2844,NUP54,0.9973887
2845,SPOPL,0.9971194
2846,COLGALT1,0.99091834
2847,POGZ,0.9959189
2848,USP32,0.8420375
2849,ATP6V1F,0.75874937
2850,SNX9,0.8075171
2851,RANBP3,0.99414736
2852,EFHD2,0.99781495
2853,BAZ2A,0.99144286
2854,PAGR1,0.99200964
2855,AP2B1,0.808357
2856,DPM3,0.86498916
2857,GCC2,0.99805504
2858,TTC19,0.9273776
2859,PNKD,0.97870076
2860,TSR2,0.90968555
2861,SOS2,0.98606133
2862,MESP1,0.9950251
2863,GGNBP2,0.99589276
2864,IGFBP6,0.9829865
2865,WDR43,0.961357
2866,VPS25,0.9605684
2867,PAK1IP1,0.99741256
2868,PPP2R2D,0.95974255
2869,PSMD7,0.7970656
2870,NECAB3,0.7645753
2871,MOB1A,0.9971099
2872,AFTPH,0.9949255
2873,ARHGAP18,0.85929227
2874,NR2F1,0.9998874
2875,DVL1,0.9789679
2876,SNAPC3,0.992366
2877,PFN1,0.99914986
2878,IGF2R,0.98405665
2879,UBE2A,0.99475193
2880,ADRB2,0.9984851
2881,SNX2,0.9663831
2882,NAXD,0.97916496
2883,OCIAD2,0.90402365
2884,KRT10,0.81759053
2885,GJA1,0.99499714
2886,TMEM245,0.9956581
2887,GNS,0.6567782
2888,EIF4EBP3,0.9944343
2889,PHF20,0.98898125
2890,RNF115,0.9358995
2891,CDIPT,0.9890511
2892,GABBR1,0.8929266
2893,MAN1C1,0.9787209
2894,MED24,0.9819522
2895,RBPMS,0.98453045
2896,SBNO1,0.995063
2897,NOL7,0.76844674
2898,AIP,0.99328995
2899,MYO5C,0.8034293
2900,PTAR1,0.99575317
2901,GAMT,0.95434785
2902,NXN,0.99762523
2903,SLC23A2,0.9859345
2904,POLE3,0.9817586
2905,LYPLAL1,0.8490814
2906,BDP1,0.9839245
2907,SLC25A1,0.98852754
2908,DACH1,0.9872032
2909,POLR2C,0.8668354
2910,ERGIC2,0.99442804
2911,MAPKAPK2,0.8356719
2912,KPNA1,0.9639223
2913,SLC1A4,0.8036151
2914,PURA,0.9973391
2915,SENP3,0.98711157
2916,TSPOAP1,0.91049296
2917,TMEM268,0.99787354
2918,LPCAT3,0.9278599
2919,CTSL,0.97117823
2920,IGSF8,0.99566877
2921,MED15,0.971851
2922,UBE2G1,0.9969482
2923,RALGAPB,0.99486065
2924,ARHGAP17,0.9965931
2925,SLC12A7,0.92189217
2926,ATP6V1E1,0.93255013
2927,FPGS,0.79363686
2928,RASSF3,0.91763896
2929,BCAP29,0.9107945
2930,MAEA,0.8592142
2931,ZCCHC7,0.99595535
2932,COMMD7,0.97372067
2933,CDC42BPA,0.7757447
2934,TMEM147,0.99324983
2935,STK40,0.9898827
2936,MCTP2,0.9973428
2937,ELF2,0.98117197
2938,CAPN5,0.8093098
2939,WNK2,0.9979079
2940,LTA4H,0.99521965
2941,GPR108,0.8367523
2942,PDXK,0.9221381
2943,ESYT1,0.9664338
2944,KMT2B,0.9926034
2945,ALG11,0.9956976
2946,ME3,0.744779
2947,BCAT2,0.8558782
2948,SRSF6,0.58693665
2949,PSMD6,0.9765173
2950,MTLN,0.93471324
2951,RANBP9,0.9874227
2952,PRPSAP1,0.9926339
2953,NR1H2,0.9798892
2954,SEPTIN10,0.9726413
2955,TMUB2,0.99447536
2956,STXBP2,0.8039373
2957,ATP5PB,0.85668933
2958,SEL1L3,0.9456872
2959,STAMBP,0.9847999
2960,PIKFYVE,0.91031116
2961,MAP2K4,0.926547
2962,CTDSPL,0.9714708
2963,PRCC,0.95545214
2964,KCMF1,0.71113986
2965,HBP1,0.9293064
2966,STXBP5,0.92794603
2967,RBBP7,0.8031701
2968,MRTFB,0.9943788
2969,TMEM33,0.98971176
2970,ZNF106,0.9873792
2971,DMAP1,0.92194504
2972,GM2A,0.9833501
2973,SNX4,0.976529
2974,LARP1,0.99551934
2975,SPOP,0.7723045
2976,PRKAR2A,0.9848296
2977,TMEM30A,0.53716177
2978,CYBC1,0.9931857
2979,MED28,0.99082834
2980,ZMYND8,0.8627385
2981,ACOX1,0.9743766
2982,VPS13D,0.9727572
2983,STOM,0.9994993
2984,CYREN,0.99674535
2985,UGGT1,0.95463604
2986,DYRK1A,0.9929637
2987,VMAC,0.96808726
2988,MPHOSPH10,0.99285805
2989,HNRNPDL,0.971789
2990,GBF1,0.9931853
2991,PEX19,0.9918135
2992,PACSIN3,0.9915285
2993,N4BP1,0.93358564
2994,HACD3,0.9875386
2995,CCDC85B,0.9941817
2996,INTS6,0.9149417
2997,ZNF655,0.95280534
2998,DDX3Y,0.99061346
2999,EIF2S1,0.9723091
3000,NEK7,0.904633
3001,COL5A1,0.9993783
3002,PARP8,0.99693084
3003,SPTLC2,0.85533416
3004,PSKH1,0.97825146
3005,LSM1,0.99916726
3006,AMFR,0.9556198
3007,ADGRA3,0.9860841
3008,FAM219B,0.6876796
3009,RETREG3,0.9900072
3010,NUDC,0.9946393
3011,ACP1,0.99545586
3012,NDUFS3,0.8629689
3013,NCK2,0.9627822
3014,KLF6,0.99757254
3015,VEZT,0.757704
3016,GATAD2B,0.98604923
3017,TMEM30B,0.9931276
3018,DCUN1D1,0.97508776
3019,LIN7C,0.9953704
3020,UNC13B,0.99560523
3021,DMWD,0.9840447
3022,ARHGAP12,0.94510275
3023,LMO7,0.9948274
3024,DDX41,0.9976605
3025,ANKRD37,0.9911509
3026,DROSHA,0.9910544
3027,SNRNP70,0.9909666
3028,TRIM4,0.9570745
3029,MAPK13,0.9269529
3030,XPO6,0.82385063
3031,SPTSSA,0.9982409
3032,PLSCR1,0.9990749
3033,DPF2,0.9715585
3034,CTNNAL1,0.9955076
3035,PHGDH,0.99415034
3036,VTI1A,0.9955276
3037,NPHP3,0.9903137
3038,DYNLL1,0.98577964
3039,UHMK1,0.94599396
3040,SNF8,0.9979508
3041,RNPEP,0.9833747
3042,ARHGEF12,0.9920967
3043,PDE4D,0.9393411
3044,DENND4C,0.98311734
3045,ZNF800,0.98707503
3046,IRF9,0.9960953
3047,S100A4,0.99973816
3048,SLC33A1,0.97958475
3049,SERPING1,0.99888974
3050,SMIM20,0.9952605
3051,C12orf75,0.9124345
3052,AGPAT1,0.99209917
3053,PMVK,0.99042135
3054,MAPKAP1,0.98656154
3055,CRY2,0.98750556
3056,DECR1,0.86754423
3057,ASRGL1,0.97404784
3058,MTCH2,0.97649175
3059,CCDC186,0.9875691
3060,VPS26A,0.969324
3061,SBNO2,0.99453026
3062,XPC,0.99855983
3063,NARF,0.9236318
3064,MGRN1,0.8741143
3065,CYCS,0.99770737
3066,LAMTOR3,0.8758031
3067,NDUFAF8,0.94361794
3068,FASTKD2,0.81265265
3069,HRAS,0.96116436
3070,EIF3J,0.9867054
3071,INPPL1,0.97683173
3072,TRAPPC12,0.74311006
3073,ELMO2,0.9316892
3074,CRTAP,0.76074284
3075,WFS1,0.99931324
3076,NELFE,0.98314345
3077,SF3B3,0.96625644
3078,SNRK,0.88476616
3079,ZNF562,0.9797859
3080,ARMC8,0.9836072
3081,CCNG2,0.99304014
3082,VPS37C,0.9923942
3083,ADGRG1,0.95859325
3084,DAAM1,0.8225984
3085,NSD2,0.9801065
3086,PSPC1,0.96387696
3087,ATXN2,0.8778387
3088,PPP1R15A,0.9982679
3089,BMPR2,0.81565
3090,PSME2,0.97115946
3091,IMP3,0.9748895
3092,FAM117B,0.9980957
3093,MTUS1,0.9637888
3094,BOC,0.99979
3095,EZR,0.6929012
3096,PIP4K2B,0.5614933
3097,CLDND1,0.98934156
3098,PANK3,0.99779576
3099,CNOT8,0.9944308
3100,BNIP2,0.9947241
3101,UROD,0.76260936
3102,ARPIN,0.93652046
3103,MON1B,0.87362546
3104,MCRS1,0.7782436
3105,NCOA2,0.9916193
3106,AGAP1,0.97296596
3107,CDC73,0.9890474
3108,C9orf78,0.858556
3109,MT1G,0.9948872
3110,DAPK3,0.9984662
3111,CHKA,0.9902559
3112,SLC22A3,0.9993906
3113,POLR3H,0.97335863
3114,LSM6,0.99641305
3115,LEPROT,0.6394308
3116,NUDT19,0.99434906
3117,CNPPD1,0.90541273
3118,TXNDC12,0.64348984
3119,HDHD2,0.97809774
3120,HTT,0.99278164
3121,R3HDM4,0.96781015
3122,VPS4B,0.9950278
3123,NOP56,0.98712325
3124,CDC42EP1,0.9950328
3125,DFFA,0.90701985
3126,SSRP1,0.9897256
3127,LSM12,0.9846339
3128,PTS,0.9804459
3129,TMEM11,0.9748668
3130,CEBPZ,0.7907534
3131,CYB5R1,0.932701
3132,FEM1B,0.99599826
3133,PPIE,0.95728815
3134,PIP5K1C,0.9862058
3135,PPIL2,0.9974363
3136,SMPD1,0.9490452
3137,EIF4E,0.815333
3138,TAF1,0.9897373
3139,PQBP1,0.99030876
3140,SGTA,0.9950583
3141,FN3K,0.94473606
3142,LSM2,0.9217356
3143,RANBP3L,0.86755496
3144,RAB11FIP3,0.93535906
3145,EDEM1,0.96471727
3146,YIF1A,0.9492263
3147,AKAP13,0.9606612
3148,LDOC1,0.74560815
3149,STK17B,0.9858534
3150,USP16,0.8609317
3151,MBOAT7,0.9820802
3152,PABPC1L,0.9835807
3153,NDUFA12,0.9903278
3154,ATRX,0.9694049
3155,MYH10,0.99843454
3156,PLBD2,0.9750513
3157,SLC25A11,0.8801046
3158,ABHD16A,0.98611534
3159,TBCD,0.9929577
3160,NSUN2,0.92428434
3161,PSMD2,0.9751086
3162,ADAMTS1,0.9913194
3163,EPC1,0.96453226
3164,SUGP2,0.9880919
3165,FBXO44,0.8764183
3166,DNAJC4,0.9945501
3167,SAP30BP,0.98803747
3168,SBF2,0.99680626
3169,MMP14,0.9997067
3170,SLC25A28,0.9967554
3171,WASHC4,0.92577505
3172,ADAM15,0.80430156
3173,TRIM36,0.999164
3174,SOX13,0.9825299
3175,SLC27A1,0.7834102
3176,TFG,0.96567935
3177,ST6GALNAC6,0.6613676
3178,SESN3,0.9953977
3179,IMP4,0.9888822
3180,HSPH1,0.82712364
3181,ERI3,0.97404796
3182,MANBAL,0.96601593
3183,FBLIM1,0.9994297
3184,DCTN6,0.7262343
3185,MICU2,0.99053216
3186,DOP1B,0.9978831
3187,CXCR4,0.9990827
3188,CNOT2,0.973749
3189,MYL12A,0.82691836
3190,CAP1,0.9959722
3191,TEN1,0.9972936
3192,FDX1,0.9567483
3193,DICER1,0.8807768
3194,AXIN2,0.9992746
3195,FAM135A,0.75354797
3196,MLXIP,0.98731464
3197,CIRBP,0.99508613
3198,RAB9A,0.98488337
3199,ARID4B,0.9867747
3200,AQP3,0.9885975
3201,GNPTAB,0.98161775
3202,TMC4,0.97785735
3203,SH3PXD2A,0.9995242
3204,NUBP2,0.9994803
3205,DDX17,0.9974645
3206,NDUFAB1,0.9252097
3207,SPTLC1,0.9818758
3208,ETS2,0.99513966
3209,SRSF8,0.99324167
3210,CACUL1,0.9874651
3211,SACM1L,0.96899855
3212,FGFR1,0.9977795
3213,OGN,0.99978065
3214,MFN1,0.9798525
3215,LGALS8,0.9899431
3216,CBY1,0.99786544
3217,SRP9,0.91632915
3218,STAP2,0.99057496
3219,ERG28,0.9541807
3220,PREPL,0.97899795
3221,STX17,0.99671876
3222,RNF14,0.99462223
3223,FBXL17,0.98295504
3224,WLS,0.9989676
3225,EEF2K,0.9953327
3226,UTP23,0.9882804
3227,NPLOC4,0.9286839
3228,PMM1,0.9801708
3229,EPM2AIP1,0.91116655
3230,FAM174A,0.9830004
3231,JPT1,0.9919448
3232,USP11,0.94868016
3233,CIZ1,0.99662876
3234,TMEM135,0.9985174
3235,TTLL12,0.99286723
3236,CBX4,0.99787265
3237,ULK2,0.91572505
3238,USP25,0.99299014
3239,PTMS,0.8275713
3240,PTN,0.7245993
3241,DKK3,0.9992043
3242,VAMP3,0.7344557
3243,HERC2,0.98576146
3244,SORT1,0.78828716
3245,ZBTB44,0.8993485
3246,MIGA1,0.9886768
3247,SEPHS2,0.96612
3248,ARHGAP8,0.998815
3249,INO80E,0.9760069
3250,NUDT5,0.96666324
3251,ATG101,0.99388784
3252,SLC25A23,0.8679658
3253,BMS1,0.96930313
3254,CRACR2A,0.9893311
3255,CLK3,0.9907789
3256,SDHB,0.83894336
3257,UFD1,0.9786701
3258,RGS2,0.566131
3259,ZNF644,0.9940759
3260,CREM,0.98826087
3261,RSPRY1,0.9758937
3262,TRIM56,0.95711654
3263,TRIM38,0.99474925
3264,ARVCF,0.9848583
3265,UBR3,0.90609705
3266,HYI,0.890139
3267,PWP1,0.94975185
3268,PTPRA,0.8272807
3269,ARFGAP2,0.8952095
3270,KEAP1,0.9929958
3271,DPM1,0.92689013
3272,PPDPF,0.999151
3273,BAX,0.94800997
3274,WDFY1,0.94930786
3275,NUB1,0.8937783
3276,LPCAT1,0.9485112
3277,PLPP3,0.9968265
3278,NIPBL,0.94947684
3279,MTURN,0.99828374
3280,PTPRS,0.7626696
3281,ATP13A3,0.9655471
3282,OSGEP,0.8890095
3283,SMAD5,0.98739296
3284,SMC1A,0.66098976
3285,MDM2,0.9604746
3286,LSM5,0.76315755
3287,FAM98B,0.99385655
3288,CLASP1,0.95467
3289,SPATS2L,0.8420225
3290,UTP6,0.9641174
3291,BCKDK,0.9257786
3292,MTMR3,0.93707514
3293,LAMA4,0.9989786
3294,ZDHHC6,0.9078647
3295,ANXA6,0.99819094
3296,NCOA3,0.7297981
3297,CCAR2,0.9199277
3298,STIM1,0.99550027
3299,SSNA1,0.95937836
3300,DPP9,0.9624339
3301,DAZAP2,0.6986579
3302,DENND6A,0.9191002
3303,TMEM8B,0.92037356
3304,ING4,0.99811965
3305,CSE1L,0.9850068
3306,RARRES2,0.99930775
3307,SCAMP1,0.99783045
3308,ATAD1,0.82517654
3309,PIGP,0.99620646
3310,DNAJB11,0.9902157
3311,PHKB,0.9005988
3312,SCFD1,0.9913444
3313,SLC40A1,0.99611455
3314,C6orf132,0.9047742
3315,SNX6,0.7588605
3316,TADA2B,0.99140245
3317,ASAP3,0.86959887
3318,ARHGAP32,0.9982768
3319,WRNIP1,0.8496237
3320,PCBP4,0.69327915
3321,DAD1,0.9533026
3322,C11orf80,0.97578716
3323,RILPL2,0.99771965
3324,GMDS,0.9904647
3325,TMF1,0.8021294
3326,PLEKHO1,0.99946755
3327,FXYD6,0.99973756
3328,FAN1,0.9503755
3329,ZCCHC17,0.9422572
3330,MED4,0.7576961
3331,TRAPPC3,0.97743
3332,VPS35,0.900572
3333,TMEM184C,0.9952772
3334,DDX54,0.98342675
3335,DDX5,0.9957092
3336,CSNK2A2,0.90783995
3337,ATP1B1,0.9997177
3338,RASD1,0.9396369
3339,NCLN,0.9145667
3340,ISCA1,0.9775076
3341,KCTD10,0.998006
3342,ASCC3,0.9973166
3343,CERCAM,0.99801373
3344,MON2,0.9926704
3345,ABI2,0.9934731
3346,UBAC2,0.9780573
3347,SLC22A17,0.9976235
3348,SERPINA3,0.8880092
3349,WASHC5,0.85683817
3350,TCF12,0.9607343
3351,CLDN12,0.9946772
3352,COPS7B,0.8794123
3353,MPHOSPH8,0.9867206
3354,EIF1AX,0.9977182
3355,OPTN,0.9994426
3356,CRKL,0.77024585
3357,FAM136A,0.95694095
3358,TESK1,0.98114896
3359,SEPTIN11,0.9950286
3360,NUP85,0.92825925
3361,UBE2L6,0.99960697
3362,HEXIM1,0.9922975
3363,SPAG9,0.8648572
3364,SAMD5,0.99039847
3365,NIBAN1,0.97711957
3366,THAP7,0.91735095
3367,RIN2,0.9887328
3368,TM9SF4,0.9922074
3369,CORO1C,0.9991974
3370,MAPK14,0.91776234
3371,TRAK2,0.942377
3372,UBFD1,0.99875057
3373,YWHAH,0.9986341
3374,PRELP,0.71006215
3375,STOML2,0.9283033
3376,DDX49,0.9984652
3377,DGCR8,0.9574908
3378,ALDH2,0.9991318
3379,YTHDF2,0.9643854
3380,NCOA6,0.9325129
3381,PKP4,0.9768157
3382,TMED5,0.9850313
3383,TBX1,0.9738155
3384,SPATA13,0.9879905
3385,GET3,0.846405
3386,KMT2A,0.9658328
3387,LSM14B,0.9059925
3388,UBE3B,0.78151983
3389,ITPK1,0.9948149
3390,RNF44,0.9925178
3391,OAT,0.9810946
3392,TWSG1,0.8880306
3393,DUSP16,0.9963307
3394,ETNK1,0.99225444
3395,FBXL3,0.9834252
3396,ANXA2,0.98938996
3397,EYA2,0.990315
3398,WDR11,0.99701834
3399,RUNX1,0.9991634
3400,RO60,0.9432348
3401,GALNT1,0.9483043
3402,REPIN1,0.9960596
3403,EEF1G,0.99583936
3404,URB1,0.99609816
3405,MEPCE,0.9796338
3406,SH3D19,0.9979179
3407,SPPL2A,0.60704815
3408,FARSB,0.9966736
3409,LAMA3,0.99808174
3410,DTX3,0.9948451
3411,ATPSCKMT,0.9671364
3412,IQSEC1,0.9045298
3413,MNAT1,0.9904068
3414,TMEM9B,0.99306077
3415,FAM193A,0.8365464
3416,IFT27,0.85001385
3417,GTF2H5,0.99426585
3418,BDH1,0.9900773
3419,OTUD5,0.9847125
3420,TRNT1,0.8094585
3421,ZNF385B,0.770512
3422,ATIC,0.95238644
3423,CDC5L,0.9304729
3424,PEMT,0.9640736
3425,ZNF121,0.9971395
3426,HOOK3,0.98791313
3427,PTEN,0.9417218
3428,PPP1R14A,0.99900496
3429,ZNF280D,0.9126868
3430,PLEKHM2,0.9431594
3431,ZNF362,0.9762647
3432,ZDHHC3,0.9926966
3433,E2F4,0.9746431
3434,AVL9,0.99232084
3435,RPP21,0.895078
3436,OPA1,0.9832792
3437,NDUFA9,0.7381734
3438,MFN2,0.96619725
3439,SGPP1,0.9752375
3440,FARSA,0.99232364
3441,CRYL1,0.92326
3442,NFX1,0.9755778
3443,ZNF561,0.9807246
3444,NPNT,0.47363657
3445,TTYH3,0.8968227
3446,DPH7,0.9931853
3447,RREB1,0.9868352
3448,PIK3CB,0.9703084
3449,TMOD3,0.969291
3450,RTF1,0.88549054
3451,ATXN3,0.98910767
3452,TBL1X,0.9172918
3453,LGALSL,0.937452
3454,ALG12,0.979403
3455,GORASP2,0.98734355
3456,MAML3,0.997699
3457,PSMG3,0.99240226
3458,BIK,0.9651428
3459,AP3M1,0.98767686
3460,RPRD1A,0.9329872
3461,STX6,0.7782246
3462,DENND10,0.98415256
3463,VKORC1,0.9842546
3464,WIPF2,0.97845644
3465,ENTPD4,0.97937113
3466,SRSF9,0.99455845
3467,TIMM9,0.949023
3468,EEF1AKMT2,0.9946096
3469,TRADD,0.9961943
3470,SIN3B,0.6806685
3471,BCL6,0.9869068
3472,BORCS7,0.9801982
3473,SRA1,0.8906285
3474,NUDCD2,0.9926064
3475,PRPF38B,0.99297774
3476,PHC1,0.91684055
3477,ZNF507,0.88479483
3478,TRIP6,0.99922025
3479,COQ9,0.7447944
3480,PLPP2,0.99864435
3481,MYO1B,0.9877933
3482,ATG2B,0.98699284
3483,NFKB1,0.98604035
3484,PPP3R1,0.90489054
3485,ZHX1,0.9904082
3486,VEZF1,0.95740366
3487,LMF2,0.92340827
3488,CHMP5,0.9976268
3489,TBC1D4,0.8471038
3490,GGA2,0.99250394
3491,NEMF,0.9959539
3492,MED25,0.95693773
3493,ATP6V0A1,0.99457186
3494,ZNF330,0.9942444
3495,ABCC5,0.76056796
3496,TRIM29,0.9978332
3497,RBCK1,0.9571138
3498,MTA2,0.8459356
3499,HPCAL1,0.87406987
3500,GOLPH3L,0.98628896
3501,FAM53C,0.96326476
3502,MAPKAPK3,0.9916032
3503,ERRFI1,0.8751135
3504,UBQLN2,0.98643816
3505,TMEM14C,0.77271444
3506,GSTO1,0.952232
3507,PGPEP1,0.9871512
3508,CENPB,0.9985391
3509,ZBED1,0.99247515
3510,PSAP,0.9882912
3511,NOL12,0.99308544
3512,CASK,0.8050244
3513,CTNNBL1,0.9796637
3514,FAM168B,0.9953534
3515,RBPJ,0.9864264
3516,TKFC,0.8761957
3517,PHLDB3,0.92045826
3518,NMT1,0.69973373
3519,PRKD2,0.9916903
3520,RAVER1,0.91795254
3521,ATP6V0E1,0.55163944
3522,RC3H1,0.9750013
3523,TMTC4,0.9893798
3524,INPP5A,0.9930558
3525,AUP1,0.914947
3526,URGCP,0.9889702
3527,AHI1,0.95122254
3528,MXRA8,0.99949837
3529,SLC25A10,0.9791314
3530,COMMD4,0.9957404
3531,BHLHE40,0.9971396
3532,SOAT1,0.87068975
3533,ZFYVE21,0.91640407
3534,POMP,0.93472964
3535,ACOT9,0.94184995
3536,CAMTA1,0.8321428
3537,PTGES3,0.84846056
3538,PML,0.99876493
3539,TBL2,0.8497749
3540,SLC25A30,0.97918
3541,ZNF148,0.88137126
3542,CNNM3,0.98037314
3543,EHD2,0.9993058
3544,ASXL1,0.9928312
3545,MBTD1,0.96250975
3546,ASNSD1,0.9280661
3547,UBN1,0.85960114
3548,EPS15,0.9361961
3549,LAP3,0.9843492
3550,PFKP,0.9875128
3551,TGFBR2,0.9992784
3552,RALGDS,0.94061184
3553,TSEN34,0.99314165
3554,LARP7,0.82043505
3555,CCDC86,0.9980422
3556,SLK,0.9384894
3557,USP15,0.9848167
3558,TTC12,0.9783403
3559,DEXI,0.99278235
3560,SART1,0.9151287
3561,ACTR1A,0.9887864
3562,SNTB2,0.87937075
3563,RBM23,0.9103243
3564,SUCLG2,0.9942361
3565,OSER1,0.8363258
3566,FERMT2,0.9986625
3567,RFX5,0.99782336
3568,POLG,0.97794473
3569,HEXD,0.9640035
3570,HDAC3,0.994351
3571,MFSD14A,0.94993615
3572,GULP1,0.99723005
3573,RAB35,0.726535
3574,GPATCH2,0.8969846
3575,ZNF426,0.9884471
3576,CDH11,0.99932814
3577,CCDC85C,0.9613245
3578,GPRC5C,0.9968741
3579,PKN2,0.9904647
3580,PREB,0.84220845
3581,TPR,0.8174456
3582,PLXDC2,0.99868554
3583,DNAJC1,0.9970695
3584,TOM1L2,0.6792158
3585,MAGI1,0.9911633
3586,PSMA3,0.8685586
3587,PIGT,0.7681806
3588,FAM172A,0.94421184
3589,BAG2,0.7072211
3590,TAP1,0.99895865
3591,FBH1,0.96251273
3592,GOLGA7,0.99363714
3593,MAN1B1,0.8568134
3594,SEZ6L2,0.9992962
3595,SIL1,0.98634964
3596,C11orf71,0.9587429
3597,CIAO2B,0.9481753
3598,MPLKIP,0.9962556
3599,PER3,0.98661304
3600,MEF2A,0.99764395
3601,SPPL2B,0.9457842
3602,PEX11B,0.923914
3603,RBM26,0.9754407
3604,CCND2,0.99926054
3605,ILKAP,0.84378064
3606,RPRD1B,0.9716202
3607,STARD7,0.9854847
3608,MLST8,0.9979818
3609,AGGF1,0.98297906
3610,NABP2,0.9793209
3611,SLC4A2,0.99159175
3612,ABCF3,0.85865605
3613,TMEM43,0.9212261
3614,HEBP1,0.76051456
3615,NDUFA6,0.99125487
3616,SCRIB,0.97314495
3617,SENP2,0.8904221
3618,KIF21A,0.7721958
3619,ARHGEF7,0.99722123
3620,PPIL4,0.9710022
3621,BRD8,0.99648345
3622,MCCC1,0.85204315
3623,RNF216,0.9976032
3624,VBP1,0.89847153
3625,FAM199X,0.6821203
3626,IRF6,0.8146025
3627,PIGH,0.98953164
3628,ZNF880,0.95664173
3629,ALDH18A1,0.92107534
3630,PPAN,0.9598545
3631,CEBPZOS,0.98741955
3632,AP1G2,0.98932445
3633,TMEM181,0.7386276
3634,ITPA,0.9961338
3635,UGP2,0.98085
3636,TMEM192,0.9973594
3637,COA8,0.9802852
3638,CRISP3,0.77686715
3639,BIRC6,0.9614248
3640,AIMP1,0.9507014
3641,UNC45A,0.98754966
3642,AAAS,0.9351677
3643,THAP4,0.8465208
3644,GOPC,0.6965111
3645,MED8,0.98230433
3646,SAMM50,0.9706952
3647,GRB2,0.9888405
3648,CTSO,0.97520065
3649,CFL2,0.99427825
3650,AFG3L2,0.99153334
3651,KIAA1143,0.94426316
3652,FAM234A,0.99076855
3653,KLHL12,0.9730644
3654,PWWP3A,0.9560185
3655,FIBP,0.9862542
3656,COG1,0.9587771
3657,MARF1,0.8773134
3658,GGA1,0.98237586
3659,TFDP2,0.9905752
3660,TM2D3,0.9174757
3661,CEP170B,0.9771738
3662,TMEM256,0.97590274
3663,C11orf96,0.9919032
3664,PTPRN2,0.9872823
3665,REV1,0.9896086
3666,SPRY1,0.9832923
3667,CUL5,0.95568895
3668,TIMM10,0.93436915
3669,PAXBP1,0.9482391
3670,NFIL3,0.99549824
3671,MRC2,0.99979115
3672,SSH3,0.9957322
3673,NUP98,0.98551303
3674,TMEM125,0.9430466
3675,SLC10A7,0.941403
3676,NUDT16,0.666184
3677,TMCO4,0.9861277
3678,ACAD9,0.8058503
3679,C18orf32,0.94294715
3680,SEC24D,0.62730896
3681,PHIP,0.8791321
3682,ATG14,0.9896233
3683,BICD1,0.99391377
3684,NEK6,0.9940635
3685,CNOT6,0.9928459
3686,ERCC5,0.97379816
3687,CPSF4,0.95382935
3688,UBA5,0.81708884
3689,ZBTB47,0.815595
3690,RNF20,0.9897241
3691,MOAP1,0.99653435
3692,RALGAPA1,0.9615746
3693,WWP1,0.78841615
3694,UQCC2,0.92632264
3695,THAP11,0.99241257
3696,CLPX,0.68363285
3697,ABHD11,0.975342
3698,ZHX2,0.98592854
3699,RTCA,0.9226857
3700,PAM16,0.99359673
3701,SLC39A10,0.70767736
3702,PSIP1,0.9995557
3703,ZMAT1,0.83126175
3704,SH2B1,0.8774291
3705,TERF2IP,0.94577557
3706,ZER1,0.9926121
3707,PHACTR2,0.994885
3708,LIMD1,0.9957602
3709,RRP7A,0.8709665
3710,ANAPC2,0.9439966
3711,SIPA1L3,0.9652729
3712,FTSJ3,0.83602273
3713,SZT2,0.9900621
3714,KLHL22,0.9812723
3715,FBRS,0.9683306
3716,MECP2,0.89984536
3717,FAR1,0.9908981
3718,NMD3,0.9894413
3719,FIP1L1,0.9421776
3720,GRPEL1,0.9798869
3721,SERF2,0.9990393
3722,STX10,0.99425316
3723,CTSA,0.9215154
3724,LMBRD1,0.96681553
3725,TCEA2,0.9927803
3726,CSGALNACT2,0.99839354
3727,MZT1,0.9805155
3728,VPS52,0.91536355
3729,C9orf152,0.99767685
3730,ACSM3,0.83083856
3731,CHIC2,0.8891122
3732,SEPTIN8,0.9834238
3733,PTPRT,0.9933309
3734,STX3,0.8997615
3735,UBXN1,0.8440837
3736,FILIP1L,0.9991619
3737,CEBPG,0.8991451
3738,CYP1B1,0.9984009
3739,TRIM13,0.9888014
3740,LRP6,0.9891931
3741,MCM3AP,0.98819023
3742,IST1,0.7897401
3743,RABGAP1L,0.9785176
3744,ZGPAT,0.839603
3745,KIDINS220,0.8778079
3746,ERO1A,0.8983502
3747,SUSD6,0.9738625
3748,TBC1D9,0.99317664
3749,TBC1D5,0.84451073
3750,COL4A2,0.8865764
3751,FOXJ3,0.863463
3752,SDE2,0.9894846
3753,BTBD3,0.99098366
3754,WIPF1,0.9992924
3755,TEX264,0.96029246
3756,N4BP2,0.9961581
3757,SLC25A36,0.6213892
3758,NOC2L,0.96359855
3759,ZNF226,0.92423284
3760,MZF1,0.9815425
3761,WWP2,0.97218716
3762,ARL8A,0.94607496
3763,STXBP3,0.90638477
3764,ACAP2,0.83176273
3765,CHMP4C,0.9986224
3766,RHBDF1,0.9469291
3767,LIG3,0.7224167
3768,ALDH1B1,0.99496007
3769,NDUFB5,0.7745757
3770,CEP63,0.9255237
3771,EPAS1,0.97715586
3772,PHYHD1,0.9641719
3773,ZNF512,0.90583813
3774,HABP4,0.99765015
3775,ELOVL1,0.8912177
3776,RAB2B,0.9844441
3777,LCLAT1,0.9860436
3778,TAF6,0.89603937
3779,PHF23,0.79044557
3780,ATP8B2,0.9873564
3781,ACAD8,0.9984798
3782,ERVK3-1,0.95413613
3783,TRAK1,0.97083235
3784,TMEM138,0.99807715
3785,ZFC3H1,0.99204165
3786,MEIS2,0.99808306
3787,WDR73,0.93349534
3788,LAS1L,0.9511697
3789,VSTM2L,0.9903491
3790,U2SURP,0.8503152
3791,FAM200B,0.97426695
3792,GTPBP4,0.89857614
3793,FZD4,0.81526095
3794,CHERP,0.9913216
3795,ATG13,0.79443395
3796,ITGA3,0.99512374
3797,OXLD1,0.9960839
3798,MIB1,0.7962438
3799,MAP3K2,0.9210737
3800,UCKL1,0.9949094
3801,GLB1L2,0.9984991
3802,GPSM1,0.97668344
3803,RBM8A,0.84696954
3804,OSTF1,0.92323625
3805,VHL,0.99174404
3806,SNRPF,0.9969859
3807,AFAP1,0.9833841
3808,UBR2,0.81975
3809,TNPO2,0.97100616
3810,SEC23IP,0.915009
3811,JMY,0.98690736
3812,PTGFRN,0.78019714
3813,ELP6,0.89790016
3814,S100A13,0.9984917
3815,EEA1,0.9150284
3816,ZNF189,0.9797884
3817,SIK2,0.8686912
3818,IDH3B,0.93073237
3819,CRTC3,0.873513
3820,IRX3,0.9513855
3821,UNC50,0.9845458
3822,GJB1,0.9960922
3823,ITPR3,0.9848293
3824,NEK4,0.8865838
3825,CCDC115,0.9912684
3826,PFDN1,0.87649703
3827,FBXO22,0.9657781
3828,SMAD9,0.9943687
3829,BBS4,0.99578696
3830,OCLN,0.9298225
3831,GMPR2,0.91144145
3832,ZNF75A,0.8749361
3833,ANKRD13D,0.9898331
3834,TEX2,0.808263
3835,PDE4B,0.99116075
3836,CWH43,0.52994317
3837,SAMD1,0.9881731
3838,GTF3C5,0.9533872
3839,CHD9,0.9882227
3840,SMOC2,0.9110479
3841,MARVELD2,0.92506105
3842,TRRAP,0.9805006
3843,PPP6C,0.9754121
3844,CIPC,0.90848744
3845,PIGN,0.99475175
3846,ZDHHC5,0.9895804
3847,SLC25A27,0.9933162
3848,RABL3,0.8217485
3849,KIAA0930,0.91417646
3850,POM121C,0.99600273
3851,CDK12,0.9398615
3852,EXOSC6,0.99489886
3853,TSPAN31,0.8235433
3854,BICRA,0.9606843
3855,BCLAF3,0.94057417
3856,SNX27,0.9844393
3857,NECAP2,0.9927849
3858,CNN2,0.99740845
3859,UBE2N,0.9717423
3860,RFNG,0.99504334
3861,PSMB3,0.7844497
3862,FTL,0.96184933
3863,NOL3,0.77013624
3864,TSPAN4,0.99949634
3865,MFSD14B,0.8328226
3866,SLC36A1,0.98806256
3867,TBRG4,0.9514047
3868,CMTM3,0.8315643
3869,MTMR12,0.9762776
3870,GAK,0.9740286
3871,RUNDC1,0.6745807
3872,AQP1,0.8110125
3873,VPS37B,0.99529034
3874,ATMIN,0.77207243
3875,WEE1,0.9344896
3876,IL10RB,0.97689676
3877,NSMAF,0.9929195
3878,IFNGR1,0.99248666
3879,TTC17,0.86313105
3880,ICMT,0.5852556
3881,TMED1,0.95385003
3882,BCKDHB,0.99154586
3883,WIPI1,0.86538166
3884,TNFRSF14,0.9404603
3885,INTS4,0.94515544
3886,ZDHHC8,0.9876944
3887,RAB43,0.96516967
3888,ZNF787,0.99618953
3889,ERO1B,0.97237825
3890,AKAP10,0.97233504
3891,GPALPP1,0.9008145
3892,SNCA,0.96618277
3893,DDX27,0.8716895
3894,TULP4,0.74591887
3895,SETBP1,0.99896014
3896,PERP,0.9507381
3897,HACD2,0.9911092
3898,NLK,0.8506668
3899,P2RY1,0.99472684
3900,SLC25A13,0.9793716
3901,STAG1,0.9909151
3902,FBXW7,0.9797011
3903,PARD3,0.9854099
3904,UPF3A,0.9965616
3905,MROH1,0.94117445
3906,BIRC2,0.8530035
3907,GNL1,0.9749694
3908,EDRF1,0.9508375
3909,PRDX3,0.9838367
3910,PPP2R1B,0.94962126
3911,TOMM22,0.96003187
3912,AK1,0.9878613
3913,COL18A1,0.9012449
3914,ICE2,0.9360464
3915,MUS81,0.6096423
3916,ASS1,0.8056433
3917,CCDC183,0.9322972
3918,ACAP3,0.89471865
3919,UVSSA,0.9928117
3920,MOB3A,0.8614526
3921,EGFR,0.9913459
3922,TRMT2A,0.981821
3923,ARL14EP,0.9921704
3924,CCND3,0.99570477
3925,PPIP5K2,0.8017748
3926,BAG3,0.98077583
3927,CIAO1,0.8727337
3928,ZNF322,0.9917632
3929,PTPRG,0.9942206
3930,ACER3,0.95410776
3931,STAT5B,0.9830752
3932,PRPF4,0.9866751
3933,COPS3,0.8622671
3934,TMEM18,0.736278
3935,CMBL,0.99248016
3936,STX8,0.99680704
3937,SYPL1,0.9662377
3938,DENND1A,0.9959175
3939,RXRB,0.96190315
3940,TNRC6A,0.81572425
3941,TENT4A,0.9486479
3942,EMC1,0.991002
3943,TSG101,0.64168274
3944,SPEN,0.9129419
3945,UBE4A,0.80178994
3946,ANXA4,0.9974711
3947,PFKFB3,0.999368
3948,PIK3R1,0.9890218
3949,GALT,0.9614919
3950,JADE1,0.9784018
3951,TMEM185B,0.99719334
3952,BLOC1S1,0.8384768
3953,NREP,0.9937956
3954,SLC7A8,0.99511236
3955,TRAPPC13,0.67210996
3956,ZNF76,0.8465341
3957,SNRPG,0.86685276
3958,THOC5,0.9519129
3959,CCDC97,0.9618989
3960,BCCIP,0.9863858
3961,ADGRA2,0.9765264
3962,NADK,0.80255747
3963,THOP1,0.6457784
3964,SPR,0.94462013
3965,TLE1,0.932321
3966,NBDY,0.9924091
3967,TPGS2,0.87519586
3968,HS2ST1,0.703391
3969,MSL2,0.9149238
3970,SNX21,0.9976611
3971,STX4,0.8068073
3972,HADH,0.82503194
3973,LCMT1,0.96857417
3974,MICU1,0.98338944
3975,KDM5A,0.9929316
3976,PLCB4,0.9953262
3977,CAMK2D,0.9896061
3978,PLA1A,0.98595226
3979,MDH1,0.99503064
3980,MT1E,0.95346636
3981,PPP4R1,0.9893676
3982,HOOK2,0.8574518
3983,SLC39A13,0.9979576
3984,ARHGEF37,0.8373585
3985,DIP2C,0.952927
3986,EHBP1,0.95493233
3987,GPAT4,0.77970445
3988,RRP36,0.9942074
3989,TRIO,0.9838461
3990,HERC3,0.9720185
3991,TET2,0.8501334
3992,PEX11A,0.68682
3993,CRBN,0.8714773
3994,MAN2B2,0.9940285
3995,SARM1,0.94151485
3996,TASOR2,0.910089
3997,BCS1L,0.9297713
3998,DNAJB9,0.9835647
3999,PRKAB1,0.91906786
4000,PIAS3,0.98788875
4001,ARL3,0.85342145
4002,SUPT20H,0.9824176
4003,SNAP29,0.9836782
4004,LIMA1,0.9936212
4005,NECTIN3,0.80707455
4006,HGSNAT,0.7190986
4007,ZNF3,0.9957181
4008,TMED7,0.8576998
4009,AEBP2,0.98237264
4010,NELFB,0.9633308
4011,BIVM,0.966992
4012,SCARB1,0.9735798
4013,HTATSF1,0.9949565
4014,YTHDF3,0.92627287
4015,ATP6V1D,0.82636786
4016,SFMBT2,0.99463737
4017,DBN1,0.9813672
4018,COMMD10,0.78674513
4019,FNIP1,0.97103757
4020,MOB2,0.9789515
4021,ZNF652,0.8808271
4022,SLC30A7,0.989885
4023,TM7SF2,0.97346354
4024,PAF1,0.985812
4025,HMGXB4,0.99647117
4026,RAD50,0.997103
4027,LRATD1,0.9147682
4028,NADK2,0.9946058
4029,ERCC6,0.9948414
4030,CMC1,0.90098065
4031,TFEB,0.9087269
4032,ESF1,0.99694175
4033,MLLT3,0.9915632
4034,MICAL3,0.77945274
4035,RHBDD3,0.9952963
4036,DRG2,0.9431822
4037,MIA2,0.8804762
4038,TSR3,0.77016133
4039,ZNF598,0.97883105
4040,SCRN2,0.83006716
4041,ACSM1,0.96688104
4042,PDHX,0.9520284
4043,MAGEF1,0.9854046
4044,EIF4E3,0.8618594
4045,SSH2,0.98123944
4046,SUN1,0.6115083
4047,EPHA3,0.9891739
4048,EMG1,0.9722348
4049,GATAD1,0.98470193
4050,MICA,0.9901699
4051,HUS1,0.99558884
4052,IMMP2L,0.87689424
4053,KRI1,0.9759743
4054,RAPGEF1,0.9881966
4055,FBXO32,0.9985505
4056,LRCH3,0.9639123
4057,PLXND1,0.9994553
4058,TFPT,0.91171
4059,MED10,0.95650417
4060,FBLN2,0.96120274
4061,NAA50,0.9815372
4062,RUFY3,0.98528266
4063,LEO1,0.9554795
4064,ZSWIM8,0.9704507
4065,ATP2B1,0.99378747
4066,SCAF1,0.80839664
4067,DYM,0.97503084
4068,YIPF1,0.96559674
4069,TM2D1,0.8958469
4070,EPB41L4B,0.9796093
4071,NAPEPLD,0.8816147
4072,BRPF3,0.9794183
4073,TTC38,0.9501075
4074,ARID4A,0.8909711
4075,GPR137B,0.93267477
4076,STX7,0.9954823
4077,ASAP2,0.9751713
4078,CIR1,0.9434919
4079,MAN2A1,0.9946977
4080,TCTN1,0.9141476
4081,PTPN23,0.96259916
4082,TCAF1,0.9350158
4083,NT5DC2,0.97607255
4084,NIPSNAP1,0.9656452
4085,RORB,0.9987221
4086,TUBB6,0.9991424
4087,NR2C2,0.8244341
4088,KLHL21,0.9990203
4089,MTOR,0.9588579
4090,RALA,0.9925653
4091,ITM2B,0.9755075
4092,TECPR1,0.9441928
4093,ACVR1B,0.96367896
4094,FBRSL1,0.99029815
4095,PHKG2,0.94272596
4096,EOGT,0.8824249
4097,ARSA,0.9462083
4098,TUT4,0.8300569
4099,VPS39,0.9731029
4100,KHNYN,0.909394
4101,SCMH1,0.8685066
4102,ZNF266,0.9763642
4103,PLEKHH3,0.9836127
4104,B4GALT5,0.98936206
4105,PPP2R3C,0.9938477
4106,GADD45B,0.9964879
4107,RASA1,0.9751429
4108,KCTD15,0.99837255
4109,NOSIP,0.9171863
4110,SNX33,0.9989043
4111,PPP2R5E,0.617298
4112,MORC2,0.9130184
4113,EHMT2,0.8900951
4114,ORC4,0.9793679
4115,ELOA,0.83571297
4116,PHF21A,0.9678299
4117,CDKN1A,0.78086
4118,SS18L1,0.88161665
4119,HTRA1,0.9979061
4120,CCSER1,0.9980453
4121,TMEM234,0.880567
4122,RNASE4,0.9958121
4123,NBN,0.9246894
4124,MAN2A2,0.9236426
4125,ZC3H12A,0.99220806
4126,PIAS4,0.9949888
4127,TOR1A,0.95016634
4128,INO80D,0.8284246
4129,MAU2,0.85743773
4130,GGA3,0.97132295
4131,TCIRG1,0.99897945
4132,CHPT1,0.74744785
4133,EXOSC4,0.9594533
4134,ABCA5,0.8693151
4135,NAPG,0.971668
4136,CD99L2,0.9993511
4137,CXXC1,0.9801824
4138,LMAN2L,0.9789422
4139,PEX13,0.89637494
4140,PAICS,0.99669003
4141,RNF139,0.8651408
4142,AMBRA1,0.85421497
4143,TMEM131,0.8182837
4144,BOD1L1,0.9399142
4145,ZNF195,0.9965358
4146,JMJD1C,0.75522685
4147,TYK2,0.94034386
4148,MYL12B,0.9606966
4149,ECI2,0.8888453
4150,HDAC5,0.9988681
4151,BET1,0.5714978
4152,CHCHD5,0.9622181
4153,PHC2,0.74966085
4154,LIX1L,0.9446792
4155,ATG5,0.93817586
4156,SCAP,0.9933669
4157,CLINT1,0.71423215
4158,TRAPPC10,0.8478873
4159,ARID2,0.7136427
4160,SP1,0.8550591
4161,SPECC1,0.9874972
4162,MED17,0.99250203
4163,MAST4,0.9979006
4164,MAPK9,0.9869623
4165,CAMTA2,0.9788454
4166,DCP1A,0.9909364
4167,KAT5,0.9263599
4168,ELOVL7,0.9981452
4169,CMAS,0.9494881
4170,CLN3,0.9314811
4171,ZNF276,0.97859937
4172,MYL6B,0.9762398
4173,TTLL3,0.99480265
4174,SLC25A32,0.9673698
4175,TGFB1I1,0.9926874
4176,SRP72,0.9864293
4177,KANSL1,0.98817825
4178,RHBDD1,0.99476254
4179,E4F1,0.78862065
4180,CUL7,0.99721205
4181,MFSD12,0.92068744
4182,G6PC3,0.81471527
4183,ABCD3,0.9230551
4184,PRKRA,0.9344254
4185,MSH2,0.9335929
4186,FAM110A,0.96332854
4187,DMTN,0.99360776
4188,IFT46,0.9874355
4189,ATP13A1,0.9463252
4190,HOXA13,0.8919134
4191,GPR89B,0.91798836
4192,VPS8,0.95803154
4193,EPB41L1,0.994388
4194,TMEM115,0.94763327
4195,PSEN1,0.95153713
4196,FZR1,0.9880738
4197,CUX2,0.9901613
4198,TMEM161A,0.99227035
4199,NDUFC2,0.94471663
4200,ACP6,0.9810052
4201,GTF2H1,0.9483688
4202,PRR12,0.9664698
4203,GTF2F2,0.9421769
4204,NIN,0.9632693
4205,UNK,0.87209177
4206,AQR,0.93603414
4207,TRAF3IP1,0.96782154
4208,BRF1,0.86544645
4209,STIMATE,0.97758955
4210,TRIP10,0.9985131
4211,OCEL1,0.9934956
4212,RETREG2,0.93282306
4213,GPATCH8,0.9868343
4214,ABCB6,0.9690533
4215,MYO10,0.9936943
4216,DEDD,0.9774874
4217,FBXO28,0.89931715
4218,TSN,0.89473265
4219,SEPTIN7,0.8792471
4220,FAM83H,0.9591008
4221,CYP39A1,0.9965979
4222,NIT1,0.8723708
4223,ARHGEF10L,0.99548304
4224,IFT22,0.9636231
4225,FRG1,0.83799666
4226,WNT5B,0.98907924
4227,UBAP1,0.9541291
4228,GLMP,0.99611247
4229,OGFR,0.82291555
4230,MED23,0.9440365
4231,PLAAT3,0.9379215
4232,PTDSS1,0.9524337
4233,TTC21B,0.9935406
4234,CCDC9,0.84835714
4235,BRAT1,0.911084
4236,TRIM52,0.94911593
4237,POSTN,0.99835896
4238,ANKRD52,0.9659625
4239,C3,0.9967933
4240,STK36,0.98599964
4241,FER,0.9933148
4242,KRCC1,0.6719965
4243,SMURF2,0.95215696
4244,EIF3E,0.988454
4245,CDK13,0.9077876
4246,TRMU,0.969045
4247,IL17RC,0.741593
4248,KLF10,0.9907452
4249,DCTPP1,0.9944573
4250,CETN2,0.9462478
4251,RNASEH1,0.9188438
4252,NOP14,0.976398
4253,SDCCAG8,0.8788545
4254,NAT10,0.8752544
4255,MIDN,0.85724646
4256,VRK3,0.90706563
4257,ZFAND2B,0.994266
4258,ZNF621,0.92787623
4259,GOLGA1,0.91215044
4260,C11orf24,0.82920635
4261,TMBIM4,0.9754077
4262,ZC3H7A,0.78432786
4263,KAT7,0.99154097
4264,GSTZ1,0.9950781
4265,DIAPH1,0.84526837
4266,PLTP,0.9985709
4267,RNF103,0.94950634
4268,FAM20C,0.9985975
4269,UBE2K,0.9051786
4270,HECA,0.89817053
4271,DHX40,0.7473318
4272,MOCS2,0.75455356
4273,NFYA,0.9608481
4274,FAM222B,0.9676557
4275,SPPL3,0.93747133
4276,ZNF131,0.9826783
4277,SUMF1,0.64908993
4278,ANKRD50,0.99819565
4279,FAF1,0.9657755
4280,TPD52L1,0.99742866
4281,MBD1,0.99340993
4282,MCUR1,0.7157142
4283,SAP30L,0.93344
4284,OTUD4,0.95704114
4285,WDR55,0.92210835
4286,MPZL2,0.998608
4287,CD24,0.799615
4288,RETSAT,0.68727356
4289,RDH10,0.996525
4290,RSRC1,0.84171754
4291,MT1F,0.9829668
4292,SNX14,0.97474074
4293,RNPEPL1,0.93432367
4294,YIF1B,0.9973335
4295,MED6,0.97513765
4296,BCL3,0.75220656
4297,SFXN1,0.8224946
4298,HSCB,0.94189906
4299,ZNF460,0.9361853
4300,CNKSR1,0.978316
4301,AKAP8,0.9205071
4302,KCNMB1,0.97740155
4303,CCNT2,0.9614657
4304,MSTO1,0.93880975
4305,SLC12A4,0.9963246
4306,NSFL1C,0.9583548
4307,ING5,0.72107714
4308,SEH1L,0.9239422
4309,ABCF1,0.74635315
4310,HINT3,0.9835137
4311,USP21,0.8627422
4312,C17orf49,0.9909021
4313,ERF,0.9244102
4314,COL15A1,0.99936515
4315,SHMT2,0.99468344
4316,AGPAT2,0.97725177
4317,VAPB,0.67626965
4318,SEC24A,0.9758894
4319,NEIL1,0.93663967
4320,ZNF384,0.98571527
4321,TBC1D3B,0.79588306
4322,FAM114A1,0.6470724
4323,PHACTR4,0.9341639
4324,NTN4,0.933552
4325,IREB2,0.93433136
4326,RC3H2,0.98278886
4327,LMF1,0.9063288
4328,SLFN5,0.9981623
4329,SIN3A,0.99025655
4330,PROSER1,0.8017471
4331,RPF2,0.9437858
4332,NDST2,0.95962083
4333,VPS35L,0.99068797
4334,PARG,0.9970241
4335,ATG9A,0.9765133
4336,WDR18,0.9778971
4337,RNF138,0.8748282
4338,FRYL,0.9738852
4339,LRMDA,0.9908892
4340,LDLRAD3,0.95160383
4341,LMNB2,0.9861883
4342,FAM76B,0.91008973
4343,TINF2,0.9888732
4344,PSMB10,0.9974161
4345,MMP7,0.7887812
4346,CITED4,0.99906075
4347,COL7A1,0.9983821
4348,FRA10AC1,0.9979292
4349,TBCK,0.949748
4350,TP53INP2,0.8697282
4351,ZNF708,0.9536592
4352,LLGL2,0.95278037
4353,EXOSC10,0.94740534
4354,PSMB8,0.99636376
4355,SLBP,0.9878359
4356,ZBTB18,0.7191466
4357,PELP1,0.9694448
4358,NUP43,0.99418044
4359,MCM3,0.8189376
4360,TRPV6,0.8246085
4361,CHTF8,0.97250557
4362,RNASE1,0.99841523
4363,OAF,0.9997023
4364,PCF11,0.9588901
4365,KRIT1,0.9029901
4366,INAFM1,0.9977459
4367,TMCC3,0.93651164
4368,GTF2A1,0.97019327
4369,HLCS,0.9331012
4370,COG5,0.9086844
4371,PRR15L,0.9949657
4372,ZNF24,0.97965455
4373,MGAT4A,0.97080994
4374,FOXK1,0.9882057
4375,ZDHHC16,0.9899468
4376,RAB8A,0.8230813
4377,CCNK,0.75728834
4378,F11R,0.99655235
4379,RORC,0.98510295
4380,TAOK2,0.86020964
4381,CNOT10,0.98747027
4382,EDEM2,0.9115559
4383,MYD88,0.6854021
4384,ALG8,0.93363935
4385,SYTL4,0.9427974
4386,CBR1,0.8290179
4387,TBC1D7,0.82499117
4388,ATP6V1H,0.97889185
4389,FADS2,0.82671726
4390,XAB2,0.9726588
4391,SYT17,0.99743813
4392,PPP6R1,0.9779751
4393,POLR3D,0.9972373
4394,SIX5,0.94435257
4395,MAFK,0.93421674
4396,FDPS,0.9732948
4397,PSMD9,0.9711983
4398,ZNF496,0.99327517
4399,SRGN,0.99904495
4400,USP9X,0.8951645
4401,LDLRAD4,0.9986992
4402,PKP3,0.97604346
4403,PWWP2B,0.9897259
4404,VTI1B,0.9637024
4405,CARM1,0.97072375
4406,KLHL42,0.9871404
4407,TOR1AIP1,0.98261106
4408,PVR,0.98817515
4409,PTPRJ,0.9897009
4410,IKBKG,0.92285067
4411,ETV6,0.98640835
4412,TFE3,0.9514644
4413,AGO3,0.86187357
4414,GTPBP10,0.98533535
4415,SDF2,0.9091395
4416,CEP192,0.9869526
4417,MAP4K5,0.92003745
4418,SIGMAR1,0.93318903
4419,SLC39A3,0.9944845
4420,EMP1,0.99625516
4421,SERTAD2,0.93018967
4422,PHYH,0.96297485
4423,TTC9C,0.60464525
4424,POMT1,0.9795724
4425,NFXL1,0.9199914
4426,CTBS,0.98832864
4427,UBA52,0.9935342
4428,WDFY3,0.980377
4429,NAGK,0.94274455
4430,ASPSCR1,0.85059536
4431,OGFOD3,0.97594863
4432,XPNPEP1,0.9928132
4433,NACC1,0.96236724
4434,MCMBP,0.9893277
4435,PGP,0.98164415
4436,GORASP1,0.9388876
4437,SMOX,0.9708945
4438,R3HCC1,0.99513555
4439,PDS5B,0.77914697
4440,BICD2,0.9980499
4441,LSM10,0.71793777
4442,SF3A3,0.8511171
4443,B4GALT2,0.7624844
4444,ITPKC,0.9376801
4445,ZNF394,0.989238
4446,ITGB1BP1,0.8202866
4447,LETM1,0.91310924
4448,NOL10,0.9824062
4449,USP53,0.9965382
4450,NFATC3,0.9872935
4451,BTBD9,0.983453
4452,TGFBRAP1,0.9743079
4453,MGA,0.9846602
4454,CLMN,0.80087894
4455,PPP1R21,0.91772497
4456,UTP3,0.97502947
4457,RNF214,0.9021734
4458,SLC30A5,0.9731209
4459,PSMD14,0.91348505
4460,DPYSL2,0.99931365
4461,FBXO21,0.89326084
4462,AIG1,0.8201632
4463,DTNB,0.9770795
4464,MYOF,0.8980684
4465,CLK2,0.97695833
4466,RBM18,0.97111154
4467,TSKU,0.9965827
4468,PYM1,0.91830564
4469,ZNRD2,0.92327887
4470,SOCS5,0.97946805
4471,SLU7,0.8720687
4472,PLXNA3,0.98269606
4473,TBC1D17,0.90816474
4474,DCUN1D4,0.99060684
4475,SCUBE2,0.997306
4476,AP1G1,0.95125866
4477,SASH1,0.9840061
4478,TSC2,0.99189234
4479,JMJD8,0.96640104
4480,NF2,0.9711999
4481,EBP,0.84967524
4482,SPAG16,0.5804834
4483,KCNN4,0.97515476
4484,DNM1L,0.89681864
4485,ZFP64,0.98409444
4486,ACAD11,0.9813151
4487,NUP160,0.8859826
4488,LRPPRC,0.93799466
4489,UBN2,0.98746616
4490,CYP4V2,0.9953859
4491,DPH1,0.95142686
4492,RAB4B,0.9949994
4493,NAPRT,0.99306023
4494,DGUOK,0.92440045
4495,CPEB4,0.9034635
4496,YTHDF1,0.92603046
4497,EMC9,0.99651486
4498,ZNF518A,0.9247629
4499,C1orf174,0.9226397
4500,HPS4,0.9806794
4501,IP6K1,0.98070663
4502,GPT2,0.9964738
4503,RPP38,0.9826026
4504,LANCL1,0.9810728
4505,PTPN13,0.8212792
4506,TRAPPC6A,0.9796832
4507,WDR75,0.970255
4508,TIMM50,0.97470397
4509,PLIN3,0.6332622
4510,SHANK2,0.99711937
4511,COQ8A,0.9676942
4512,CADPS,0.95139813
4513,MED22,0.98232895
4514,SLC37A4,0.9271706
4515,COMMD1,0.9393174
4516,STIM2,0.9343897
4517,METTL26,0.90375364
4518,PHKA2,0.96329737
4519,CYB561D2,0.89038736
4520,CUL1,0.98349637
4521,SIAH2,0.9945581
4522,RCBTB1,0.9930536
4523,OTULINL,0.9901594
4524,ID4,0.90451276
4525,ENGASE,0.9922504
4526,TRMT11,0.8699153
4527,MBP,0.9139281
4528,APTX,0.98347867
4529,ARHGEF10,0.99488986
4530,EIF4ENIF1,0.9801825
4531,TRPC4AP,0.94418633
4532,STARD3,0.97450644
4533,P2RX4,0.9949133
4534,SRCAP,0.88509107
4535,JAK1,0.987222
4536,PUM3,0.8456016
4537,ADARB1,0.93076193
4538,FAM110B,0.8395424
4539,NEXN,0.9956433
4540,PRPF31,0.8187798
4541,NCOA5,0.98332745
4542,EXT1,0.9968982
4543,TRPS1,0.9493225
4544,SHPRH,0.8390435
4545,PRPS1,0.9809543
4546,TBC1D2B,0.9817898
4547,SETD1B,0.880292
4548,CPQ,0.99540275
4549,DKC1,0.9950965
4550,BCL7B,0.9609636
4551,SNRPB,0.95681083
4552,PLEKHJ1,0.9611793
4553,GLIPR2,0.998929
4554,IGLC1,0.8757683
4555,EXOC6B,0.7568079
4556,CGN,0.97433543
4557,HEATR1,0.8429422
4558,CLN6,0.798049
4559,IMPACT,0.9207468
4560,PPWD1,0.9755158
4561,UGCG,0.78349906
4562,CMC2,0.8724503
4563,PPP1R37,0.91335684
4564,MMUT,0.9947089
4565,COMMD3,0.6798399
4566,PDZD11,0.91413385
4567,GIGYF1,0.91646105
4568,UCHL5,0.96595585
4569,C9orf85,0.869504
4570,ATL2,0.9661574
4571,RIOX2,0.9979514
4572,IRF1,0.99317974
4573,MME,0.9907814
4574,TMEM184B,0.96315366
4575,TPP2,0.87648475
4576,ORMDL2,0.99666053
4577,ADGRL2,0.9996394
4578,SEPHS1,0.9872693
4579,MAP4K4,0.9089989
4580,KLHL20,0.8645653
4581,SURF6,0.9749789
4582,ZNF639,0.9196378
4583,DMTF1,0.86273646
4584,SFXN4,0.9876987
4585,TYSND1,0.985336
4586,SDK1,0.99427867
4587,ZXDC,0.9218761
4588,DDX19A,0.98134834
4589,SIM2,0.966867
4590,SOS1,0.98076147
4591,CCS,0.9971934
4592,PLEKHA5,0.9869524
4593,GNA13,0.90571076
4594,CPEB2,0.916721
4595,DNAJB14,0.89112616
4596,PARP4,0.98798597
4597,NFYC,0.9267683
4598,HEATR5B,0.92015094
4599,TPRG1L,0.7409577
4600,HNMT,0.95757604
4601,NINJ1,0.9729575
4602,SLC35F6,0.80984163
4603,USE1,0.9539779
4604,HLTF,0.93144226
4605,TRIM37,0.8815745
4606,TRUB2,0.9312167
4607,SEC24B,0.91908485
4608,AP3S2,0.9886894
4609,PRXL2B,0.95170903
4610,HEYL,0.9987666
4611,ZNF606,0.8769993
4612,DDX18,0.87336856
4613,YKT6,0.8675278
4614,ELK1,0.8870886
4615,CCDC107,0.79803336
4616,TCF20,0.9277366
4617,ECHDC1,0.98880947
4618,LSP1,0.9926772
4619,ADNP2,0.9686011
4620,PHF3,0.7176425
4621,EMC3,0.7478654
4622,LRRN1,0.6068597
4623,BCL9,0.9493846
4624,ZFYVE16,0.9344902
4625,COX15,0.9786604
4626,TSHZ2,0.9961149
4627,JRK,0.8689467
4628,COA1,0.7971499
4629,REPS1,0.96645343
4630,ERC1,0.9908643
4631,AKTIP,0.9928971
4632,BBS2,0.8645752
4633,RPAP2,0.8778619
4634,ABHD17B,0.8973504
4635,RAB3GAP1,0.96029496
4636,SMIM19,0.8964015
4637,AGBL5,0.9874017
4638,GFM1,0.99488616
4639,NUP93,0.99310434
4640,UNC93B1,0.7916444
4641,SEMA4D,0.9791505
4642,SLC30A1,0.93303245
4643,ATXN2L,0.6988734
4644,WBP1L,0.88938785
4645,ERCC3,0.8684471
4646,TFAP2A,0.990358
4647,MSN,0.99846405
4648,GART,0.9790975
4649,SLC7A1,0.9930661
4650,RAB17,0.9045855
4651,RETREG1,0.97674054
4652,APBB3,0.7959889
4653,EFTUD2,0.98258734
4654,NOMO1,0.66540456
4655,KIF13B,0.97626436
4656,GGT5,0.9993725
4657,PPP2R5A,0.98874986
4658,GTPBP2,0.94961256
4659,TIMM44,0.987971
4660,LPAR6,0.99441123
4661,TK2,0.9884039
4662,RHNO1,0.91677964
4663,RRAS2,0.9654985
4664,RNF144A,0.89023435
4665,IDH3A,0.9823907
4666,ILVBL,0.9802256
4667,SPIDR,0.7896546
4668,PSME4,0.9048252
4669,IRF2BP1,0.9880613
4670,MMS19,0.78685576
4671,NTMT1,0.70090276
4672,RPA1,0.90950745
4673,CFB,0.988058
4674,EXD3,0.95856684
4675,PIGL,0.97956026
4676,ISG20L2,0.96389496
4677,STARD13,0.81334543
4678,HSPB8,0.98091185
4679,AP1M1,0.9929117
4680,RALGPS1,0.99339974
4681,TPCN1,0.984471
4682,TMEM126B,0.98269325
4683,DNAJA3,0.99261475
4684,CCDC167,0.9985558
4685,EPB41L5,0.9833722
4686,NIPAL2,0.80579275
4687,GSS,0.99154556
4688,INTS14,0.9258156
4689,TRMT2B,0.7886502
4690,KDM6A,0.90938586
4691,ROBO1,0.991217
4692,UCK1,0.87959737
4693,OVOL2,0.9893862
4694,PCSK7,0.96824515
4695,F5,0.9904343
4696,TOMM70,0.9777446
4697,PTRH2,0.9033307
4698,HOOK1,0.83863807
4699,LAPTM4A,0.5137149
4700,ELF1,0.935258
4701,NT5C3B,0.8025827
4702,TGFB1,0.9997926
4703,SERTAD3,0.74889857
4704,PARN,0.9846814
4705,CD302,0.8879517
4706,CDC26,0.97691673
4707,TSPYL4,0.94582134
4708,RGS3,0.984733
4709,SHROOM2,0.98974234
4710,BRIX1,0.99574226
4711,DERL1,0.9385493
4712,IL13RA1,0.9765971
4713,PGM5,0.99640167
4714,AACS,0.899617
4715,TOMM40,0.9361733
4716,KRT7,0.99151164
4717,ELP5,0.90250677
4718,ANO1,0.9990954
4719,KLHL7,0.9930438
4720,EIF4EBP2,0.9859928
4721,DCAF10,0.94241744
4722,RSAD1,0.9937576
4723,PCNT,0.9924262
4724,ATP6V1C1,0.7265837
4725,TMEM120B,0.8569041
4726,RAB23,0.76059574
4727,ITGB8,0.9992007
4728,ZNF512B,0.99495757
4729,UAP1,0.9905493
4730,TFRC,0.97985756
4731,MYCBP2,0.98180544
4732,SMG9,0.97170866
4733,UBE2J2,0.7870878
4734,POP5,0.88623637
4735,TEAD1,0.9981482
4736,ZDHHC2,0.9865361
4737,IFT43,0.97575635
4738,OTUD7B,0.80946255
4739,LRP3,0.98954
4740,RAD51C,0.93735355
4741,RAB27B,0.9877981
4742,LRRC8B,0.79297805
4743,ARHGAP5,0.7692178
4744,HERC1,0.93032926
4745,CHMP6,0.741134
4746,FAAP20,0.988987
4747,SMIM10L1,0.85492146
4748,WAPL,0.88787484
4749,RGS11,0.89499915
4750,KIAA1671,0.9667691
4751,MPRIP,0.9937924
4752,GDF11,0.9929543
4753,CDR2L,0.9925253
4754,TTC8,0.97989815
4755,FAH,0.98518515
4756,BAZ2B,0.8797558
4757,BLOC1S2,0.97025263
4758,ZCCHC3,0.9749332
4759,MAF,0.99759656
4760,MEGF6,0.9840568
4761,TRIM25,0.8804822
4762,TMEM127,0.9375422
4763,AXL,0.9989601
4764,SLC38A11,0.69873846
4765,MERTK,0.9726932
4766,FKBP11,0.9734337
4767,ZNF518B,0.9916645
4768,EBF4,0.970623
4769,OXSR1,0.8247136
4770,RAB3GAP2,0.99112165
4771,MAPK8,0.99478716
4772,ADK,0.9493921
4773,LUZP1,0.8785824
4774,FDX2,0.6938715
4775,H6PD,0.9977387
4776,COMMD5,0.9276647
4777,HMOX2,0.82701516
4778,AGFG1,0.7980337
4779,MEIS1,0.9953
4780,CEMIP2,0.7427567
4781,MYH14,0.78341717
4782,DUS3L,0.98468953
4783,PCCA,0.88000983
4784,RRAGA,0.96798223
4785,SYNRG,0.7410123
4786,SOCS6,0.9303684
4787,GIT1,0.91626096
4788,AKIRIN2,0.81198156
4789,PDLIM2,0.98677987
4790,AMT,0.9518621
4791,AZI2,0.9828687
4792,PPM1K,0.8949695
4793,RMDN3,0.9325234
4794,PRMT7,0.9797589
4795,CCT4,0.916347
4796,TMEM185A,0.9965214
4797,ARFRP1,0.92845625
4798,TNXB,0.9997562
4799,MPC1,0.81838304
4800,RUVBL1,0.97871
4801,FAM168A,0.93244374
4802,RCOR1,0.97210884
4803,GLB1,0.97741765
4804,TP53BP1,0.86328334
4805,CDC27,0.96121675
4806,TMEM170A,0.990011
4807,SERINC3,0.56932867
4808,MPDZ,0.99138856
4809,ELMOD2,0.9955727
4810,ITPRIPL2,0.9892981
4811,UBLCP1,0.99046534
4812,PIP5K1A,0.99552846
4813,EHD4,0.9859997
4814,ATG16L1,0.97783256
4815,IGIP,0.9287544
4816,PCNX1,0.77922416
4817,ABR,0.9951799
4818,CCSER2,0.8669441
4819,TCOF1,0.9872716
4820,TPRA1,0.98579353
4821,ZC3H7B,0.9503403
4822,NBEAL2,0.9824474
4823,TPRKB,0.9932225
4824,C2CD5,0.9146762
4825,PMS2,0.9949016
4826,USP19,0.9201946
4827,OTUD3,0.913976
4828,MIEF1,0.9804801
4829,CFAP410,0.9891051
4830,AP1M2,0.9969676
4831,TESK2,0.9780749
4832,NBAS,0.7765571
4833,DOCK9,0.9978
4834,KAT6B,0.9770031
4835,TBK1,0.9360161
4836,TMCO3,0.57802516
4837,BCOR,0.98748034
4838,NR4A2,0.91487473
4839,TRAPPC9,0.876796
4840,MTREX,0.74675345
4841,DIMT1,0.9614501
4842,AHCYL2,0.9464396
4843,ZNF592,0.99177074
4844,MGAT5,0.9699384
4845,ZC3H18,0.99743474
4846,SLC25A12,0.816663
4847,HAUS4,0.8141525
4848,UBE2Q2,0.90189755
4849,NCK1,0.9638202
4850,CHPF2,0.83920485
4851,TMEM101,0.9096655
4852,NEU1,0.703166
4853,YES1,0.8827959
4854,ZNF326,0.80619246
4855,AAK1,0.98967475
4856,NUP188,0.91276914
4857,PRR14,0.9832575
4858,SUPT4H1,0.9637399
4859,PGAP3,0.9380002
4860,S100PBP,0.95169294
4861,CBLB,0.9922507
4862,MVK,0.9867837
4863,CEP250,0.975641
4864,MOB1B,0.8611823
4865,TPST1,0.827924
4866,ERICH1,0.976404
4867,ZNF292,0.9035902
4868,ANAPC4,0.9858318
4869,SCAF4,0.75317216
4870,AKNA,0.99402106
4871,FYCO1,0.95708185
4872,TMEM97,0.9981592
4873,DNASE2B,0.98514295
4874,CTR9,0.9149703
4875,ARNT,0.97797054
4876,RNF19A,0.9892711
4877,MRGPRF,0.99955374
4878,RBFA,0.9918988
4879,PDIA3,0.9797045
4880,DTNA,0.98028773
4881,RARS2,0.9851825
4882,MTERF2,0.6801112
4883,SMAP1,0.93485576
4884,STRBP,0.9848142
4885,AP1S1,0.9447249
4886,HDGFL2,0.9644135
4887,GMPPA,0.75673074
4888,DOT1L,0.98133236
4889,NSMCE1,0.74219817
4890,ISY1,0.986546
4891,EXD2,0.9922463
4892,SMIM31,0.8920927
4893,C11orf68,0.99185383
4894,UBQLN4,0.9572445
4895,ASCC2,0.9625353
4896,NOL8,0.91360897
4897,RIOK3,0.91370887
4898,BICRAL,0.9959804
4899,CPT1B,0.9435508
4900,GPATCH4,0.96951187
4901,SUPT7L,0.88353646
4902,MFSD6,0.99438226
4903,LOXL1,0.97529364
4904,TSNAX,0.97502
4905,BCAS3,0.72955954
4906,EML2,0.8526239
4907,SLC19A2,0.9657052
4908,AATF,0.8313457
4909,PREP,0.97837967
4910,RHOD,0.9898862
4911,CRISPLD1,0.9906992
4912,MCAT,0.84685814
4913,APPBP2,0.9876121
4914,DTD2,0.93459404
4915,PRPF18,0.97690684
4916,TJAP1,0.89102536
4917,ATAD2B,0.90220153
4918,NKAIN1,0.934601
4919,ARHGEF11,0.98183644
4920,LPAR3,0.77836394
4921,MTPAP,0.9821083
4922,CDK14,0.9959086
4923,DNAJB6,0.9974655
4924,HOXC6,0.9530632
4925,ZMYND19,0.99553174
4926,IRF2,0.9116034
4927,BLOC1S5,0.9444169
4928,RNF31,0.9894076
4929,FAM8A1,0.9909872
4930,RAI2,0.6237303
4931,NCOA7,0.99713683
4932,NAE1,0.90318656
4933,SPIRE1,0.92158926
4934,VIRMA,0.8862781
4935,PDLIM4,0.97818905
4936,RBMX2,0.80846256
4937,USF3,0.9959594
4938,MKX,0.8206867
4939,STK3,0.9585407
4940,PXMP2,0.9591829
4941,CYLD,0.997687
4942,CHMP1A,0.99153364
4943,MAPK3,0.82890004
4944,TRIP11,0.839287
4945,FAM104B,0.8191112
4946,ZMYM4,0.9252217
4947,HYAL2,0.97503686
4948,HDAC6,0.69377136
4949,SMYD2,0.91019446
4950,RTN1,0.9978102
4951,TIPRL,0.89996547
4952,CCDC66,0.69127494
4953,PCNX4,0.881601
4954,ELN,0.8849847
4955,GTF2IRD1,0.9692414
4956,ETV3,0.9919334
4957,PLA2G4B,0.9935062
4958,PIP4K2C,0.97652626
4959,BTRC,0.8729153
4960,POLK,0.98035705
4961,SLC8A1,0.75845546
4962,CASP4,0.88144815
4963,LRRC14,0.92548454
4964,XPO4,0.93526757
4965,CNOT6L,0.9794695
4966,IL4R,0.9990989
4967,SMC3,0.98503596
4968,AMZ2,0.659264
4969,FCHO2,0.98039544
4970,NOP2,0.9782822
4971,CREB1,0.9299437
4972,NRAS,0.98631907
4973,ZNF768,0.9934221
4974,MAPRE3,0.8024401
4975,PGGT1B,0.94331115
4976,WDR74,0.9942279
4977,MTMR4,0.99435365
4978,TMEM69,0.81122726
4979,SMNDC1,0.98801786
4980,PRCP,0.93747514
4981,CASP6,0.98716646
4982,NAXE,0.97375375
4983,ACTR10,0.91640913
4984,FHL2,0.8740229
4985,WDR27,0.9937283
4986,CABIN1,0.8488345
4987,ORC2,0.92796135
4988,ULK3,0.9794636
4989,NSMCE3,0.78087395
4990,STK4,0.9972009
4991,USP38,0.97363096
4992,TENT2,0.9683786
4993,DUSP22,0.9911811
4994,SLC25A22,0.97678065
4995,C2orf72,0.7593681
4996,SMC5,0.9133527
4997,RDH14,0.6444385
4998,MTMR2,0.88746613
4999,CPED1,0.8684071
5000,ATRN,0.8004938
5001,SUGT1,0.9703013
5002,ENTR1,0.9271109
5003,SGK3,0.988577
5004,B3GALT6,0.90383327
5005,ZC3HAV1,0.9023913
5006,ANGEL1,0.99147636
5007,SLC35B1,0.90804696
5008,FOXK2,0.98537934
5009,RCC1L,0.9694415
5010,PTPN4,0.92149174
5011,TMEM222,0.92357296
5012,SULT2B1,0.9765424
5013,ELAC2,0.9661523
5014,DNAJC2,0.9871352
5015,BMERB1,0.9952744
5016,CEBPA,0.9547299
5017,ADHFE1,0.83243036
5018,KLF4,0.9800327
5019,ZNF43,0.9902463
5020,PIGO,0.9788501
5021,GUF1,0.90177673
5022,OSBPL1A,0.92175806
5023,TEAD3,0.99249935
5024,TMEM70,0.9852819
5025,RHOT1,0.9847274
5026,KCTD5,0.98839957
5027,BLZF1,0.98908687
5028,FAM53B,0.9905668
5029,IPO8,0.82434565
5030,TRIM11,0.94031674
5031,BCL2L11,0.9655584
5032,SPATS2,0.9480692
5033,ZBTB1,0.9947912
5034,B4GALT7,0.9907412
5035,GALNS,0.9971483
5036,SLC4A1AP,0.9798696
5037,CRAMP1,0.9854519
5038,PAXX,0.97058725
5039,ANO6,0.9917628
5040,SCNM1,0.96995354
5041,SLC30A6,0.97640705
5042,REEP6,0.98083436
5043,MED29,0.94749016
5044,DDX39A,0.9471693
5045,VAMP5,0.99729556
5046,GYS1,0.9770599
5047,SMG6,0.99788946
5048,THRB,0.87989426
5049,NFKBIL1,0.8352351
5050,FAM149A,0.99625826
5051,MEGF8,0.9063997
5052,SLC5A3,0.9939548
5053,C20orf96,0.99393106
5054,SPEG,0.93855786
5055,SPNS1,0.84671855
5056,PNPLA4,0.95702153
5057,DPAGT1,0.96307147
5058,ACOT8,0.91554564
5059,CCDC88C,0.9937275
5060,ZNF219,0.99556744
5061,TMEM68,0.8962215
5062,STX12,0.80750424
5063,TOMM5,0.94697386
5064,PNO1,0.9497609
5065,VASN,0.95747656
5066,ITPRID2,0.9964195
5067,PATZ1,0.98084694
5068,TOM1,0.9542476
5069,PIH1D1,0.7884227
5070,CCDC14,0.9960901
5071,DNASE1L1,0.9354749
5072,ZNF33B,0.9843174
5073,CYBA,0.998081
5074,NOP9,0.65464777
5075,MPPE1,0.96221393
5076,FBXO11,0.7808416
5077,LRRC8A,0.98368067
5078,METRNL,0.9839897
5079,JKAMP,0.94752127
5080,STRADB,0.8000835
5081,USP42,0.9781215
5082,HERPUD2,0.981607
5083,RAB8B,0.9846933
5084,BRD9,0.89553547
5085,GSAP,0.7502481
5086,NPRL3,0.9942026
5087,TNFSF13,0.92049724
5088,RBMS2,0.99790066
5089,SYNPO,0.9975468
5090,PCNX3,0.9773679
5091,RANGRF,0.9070209
5092,FN3KRP,0.9698107
5093,TMEM120A,0.731906
5094,SLC25A17,0.97925687
5095,CASD1,0.97311246
5096,RIC3,0.8580507
5097,CD82,0.9979485
5098,RAI14,0.9967253
5099,DCAKD,0.70807767
5100,TMEM220,0.9638301
5101,PDCL,0.85125995
5102,ANKRD12,0.99279296
5103,SNRNP35,0.819361
5104,PAK2,0.80437165
5105,USP5,0.93585134
5106,C1orf109,0.9964066
5107,KRTCAP3,0.9516628
5108,TSPAN6,0.8222773
5109,GNG12,0.8931314
5110,PISD,0.97467536
5111,LIMK2,0.9870882
5112,PLSCR3,0.99432355
5113,RSPH3,0.8588265
5114,DNAJB12,0.9499218
5115,TMA16,0.80598855
5116,KREMEN1,0.99231344
5117,CFAP69,0.779186
5118,MGMT,0.9124639
5119,USP48,0.72313046
5120,NAA30,0.68125725
5121,TTC31,0.821614
5122,FAAP100,0.97281986
5123,SURF2,0.8842225
5124,SRGAP3,0.84121215
5125,ZBTB17,0.9830602
5126,BICC1,0.9952383
5127,UFM1,0.8605124
5128,AK4,0.8688702
5129,PIAS2,0.96980906
5130,PRPSAP2,0.98948306
5131,ZNF677,0.99792874
5132,TBCE,0.9732937
5133,NFRKB,0.99131745
5134,DIXDC1,0.9682551
5135,HMG20A,0.99325305
5136,KCND3,0.69253623
5137,WFDC1,0.96006495
5138,DENND5A,0.98278147
5139,TASOR,0.97913855
5140,ITPKB,0.9131252
5141,DESI2,0.9932041
5142,SMARCAD1,0.92332923
5143,ZNF224,0.95283794
5144,DAPK1,0.94243217
5145,PRR14L,0.9884745
5146,CDR2,0.9962342
5147,APIP,0.67322373
5148,IQCB1,0.94613075
5149,DNTTIP2,0.9346427
5150,RCE1,0.97458196
5151,UPF2,0.9754048
5152,RHPN1,0.9339637
5153,ATXN7L3,0.97503245
5154,PLAA,0.9123172
5155,ANKRD13A,0.9858521
5156,NGLY1,0.9827852
5157,PDE8B,0.8387442
5158,PLRG1,0.9638828
5159,CCDC92,0.7587804
5160,NUP214,0.95708174
5161,TMEM45B,0.9721506
5162,NAT9,0.6195378
5163,CXADR,0.98917365
5164,ST3GAL4,0.9345421
5165,CDC40,0.9902311
5166,ZFP90,0.9456705
5167,PLEKHA1,0.99713373
5168,PRR16,0.85108125
5169,CTSK,0.99819285
5170,LRP5,0.6186798
5171,RUFY1,0.925902
5172,SWAP70,0.99316245
5173,TUBGCP3,0.73186284
5174,SPOUT1,0.9862851
5175,SMPD4,0.73945487
5176,DUSP11,0.93416786
5177,CHMP2B,0.8093766
5178,EDNRA,0.99824214
5179,TSC22D2,0.9560312
5180,GNL3L,0.9083133
5181,SH3BGRL2,0.9979432
5182,MAP2K7,0.9239935
5183,PIDD1,0.9918922
5184,JOSD1,0.823933
5185,SH3BP5L,0.85171473
5186,SLC25A46,0.9622555
5187,VWA8,0.897916
5188,STK35,0.9813234
5189,PAN2,0.9726855
5190,SLC50A1,0.99024
5191,CREBBP,0.9736815
5192,XRN1,0.97408056
5193,UXS1,0.8356993
5194,TAF4,0.82043403
5195,RABGEF1,0.9501283
5196,MED12,0.83854544
5197,ETS1,0.9993675
5198,SNAP47,0.97644055
5199,SPTY2D1,0.99000007
5200,SENP5,0.8793967
5201,DVL2,0.90509313
5202,TBC1D22A,0.9883212
5203,AMDHD2,0.9902212
5204,RTL8A,0.6563301
5205,ANKIB1,0.93531084
5206,SLC25A25,0.9603172
5207,RPIA,0.98581994
5208,CHMP7,0.9620916
5209,WDR37,0.78199315
5210,NR2F6,0.9836962
5211,SYNGR1,0.9993225
5212,ZBTB48,0.89982957
5213,EMP2,0.9814248
5214,STK38L,0.64824456
5215,MTR,0.9446816
5216,TSPAN15,0.992149
5217,ATM,0.97442806
5218,PIGG,0.9441706
5219,APH1B,0.9859617
5220,XPA,0.91969174
5221,RSF1,0.91888195
5222,TMEM63B,0.99673134
5223,OFD1,0.9426844
5224,FAM43A,0.99162054
5225,SPRYD4,0.8963806
5226,ISLR,0.9977597
5227,TPGS1,0.9969279
5228,PKP1,0.8461992
5229,USF1,0.9772737
5230,TMED8,0.94150966
5231,ITGB4,0.99026495
5232,NCAPH2,0.9619896
5233,JDP2,0.9974373
5234,DNMT1,0.94423574
5235,TM2D2,0.9870511
5236,SFSWAP,0.91930974
5237,AGPAT5,0.92702585
5238,UPRT,0.99447083
5239,TUBA4A,0.9963156
5240,DYNLT3,0.92062247
5241,MPI,0.95603
5242,ARRDC4,0.78197354
5243,SPIN3,0.8571059
5244,SWI5,0.98333603
5245,RIT1,0.9472377
5246,PDPK1,0.7180051
5247,SMG5,0.9447042
5248,ERAL1,0.75695795
5249,TM7SF3,0.95829
5250,MINDY3,0.95456195
5251,IARS2,0.9651457
5252,TAX1BP3,0.9946931
5253,USP24,0.9924186
5254,PPP5C,0.98330164
5255,VAMP7,0.93757755
5256,VAV2,0.9212604
5257,DCAF12,0.97883373
5258,NKIRAS2,0.9599223
5259,SPIN4,0.9776875
5260,SAE1,0.96533203
5261,RRP1,0.895734
5262,MPND,0.9475386
5263,FSTL3,0.9975774
5264,TCTA,0.6931534
5265,TTC39C,0.86531305
5266,FOXO1,0.99925053
5267,PCIF1,0.9522908
5268,DNAL4,0.9761864
5269,ZNF277,0.89636195
5270,YBEY,0.815803
5271,LARP1B,0.92087567
5272,TOR3A,0.9761719
5273,FAM20B,0.97093546
5274,PPP1R18,0.99794096
5275,HS1BP3,0.99762386
5276,MRI1,0.96586704
5277,MID2,0.9746987
5278,ZNF414,0.89057595
5279,NAA35,0.9173831
5280,NDFIP2,0.9879421
5281,PYROXD2,0.8768933
5282,TOMM20,0.8930149
5283,CCDC57,0.9829226
5284,TSR1,0.98928833
5285,ESS2,0.92547435
5286,SHFL,0.83619225
5287,FBXO34,0.98422295
5288,GP2,0.6237677
5289,NEBL,0.85277313
5290,HNRNPK,0.8131315
5291,FRMD4B,0.98895514
5292,CEP350,0.9692246
5293,PRAC2,0.8498142
5294,ZNF317,0.9858418
5295,PEX26,0.5471235
5296,MBD5,0.9897933
5297,HPF1,0.9822551
5298,ANKRD39,0.97577596
5299,RNF215,0.9804201
5300,TMEM208,0.77088225
5301,MED14,0.9840677
5302,DTX3L,0.9673369
5303,NSUN4,0.94882923
5304,KLF13,0.97315305
5305,SHB,0.99904424
5306,LY6E,0.8025435
5307,FGFR1OP2,0.9806435
5308,ZKSCAN8,0.9841946
5309,TMEM94,0.9298316
5310,RNF121,0.9334766
5311,ZDHHC4,0.9849033
5312,CHCHD7,0.95855856
5313,VKORC1L1,0.7545232
5314,NRARP,0.9629804
5315,GPR137,0.9725971
5316,ZDHHC18,0.9845121
5317,RANBP10,0.8929058
5318,TFCP2L1,0.99829
5319,TATDN1,0.9747044
5320,PIK3IP1,0.9987
5321,ZFYVE9,0.82076246
5322,RNF170,0.9455994
5323,XRCC1,0.88311315
5324,KLHL36,0.99795806
5325,NSMCE2,0.969187
5326,THEM6,0.9718569
5327,GNPNAT1,0.98617536
5328,KAT2A,0.991223
5329,C8orf76,0.98617816
5330,CX3CL1,0.9988434
5331,TAB1,0.6791152
5332,ZNF514,0.94048715
5333,HPRT1,0.9260823
5334,QSOX1,0.9966204
5335,RPUSD4,0.95470285
5336,MAPK12,0.86400014
5337,OLFM1,0.9932939
5338,PODN,0.99753857
5339,IGHG3,0.97766185
5340,POLR1A,0.75068367
5341,CADPS2,0.92535985
5342,PTGR2,0.9750574
5343,FMNL2,0.9792121
5344,KRR1,0.99042064
5345,MFSD3,0.9923204
5346,PHLDA1,0.97932464
5347,MAPT,0.99668217
5348,FGL2,0.95519716
5349,CCDC80,0.79784447
5350,UBE2W,0.7652075
5351,MORC3,0.9719104
5352,DGKD,0.82315105
5353,FOCAD,0.91046864
5354,CCNB1IP1,0.9178083
5355,ZNF84,0.8956268
5356,EML4,0.9079121
5357,SLC4A7,0.9097771
5358,ATP2B4,0.8703916
5359,GBP2,0.9989189
5360,FRS2,0.9626219
5361,DIPK1B,0.9865262
5362,RDH13,0.9688579
5363,WBP4,0.9809652
5364,ZNF687,0.9788652
5365,NCS1,0.989025
5366,FMR1,0.9910957
5367,ZNF766,0.9328665
5368,ERLIN2,0.89654505
5369,NTPCR,0.7494817
5370,PGGHG,0.99163806
5371,A4GALT,0.99935377
5372,MB,0.98949224
5373,ZNF7,0.99118257
5374,ZNF415,0.83128464
5375,PEX1,0.87259734
5376,DDX55,0.9699726
5377,REXO1,0.9859643
5378,ITFG2,0.9208154
5379,MAN1A2,0.9321593
5380,DMAC2,0.988048
5381,TANK,0.8610917
5382,USP43,0.7721917
5383,TRIM14,0.9746012
5384,THBS4,0.99464095
5385,POGLUT3,0.94324094
5386,WDR90,0.97764087
5387,CARD19,0.9757936
5388,SFT2D2,0.9967239
5389,EMC6,0.9751281
5390,SEMA4A,0.92189676
5391,PHF14,0.9945118
5392,BSPRY,0.9164069
5393,ZEB2,0.9871853
5394,ECD,0.90881556
5395,ZNF140,0.8707975
5396,SETD4,0.9073146
5397,RNF38,0.98330307
5398,C2orf69,0.96446806
5399,INAFM2,0.9813219
5400,WNK4,0.98808944
5401,HS6ST1,0.979629
5402,IGHM,0.73990756
5403,SLC2A10,0.9451947
5404,ABCG1,0.9937998
5405,EDC4,0.84995055
5406,CD2BP2,0.98241425
5407,WDR46,0.77143973
5408,ZBTB38,0.9637794
5409,MED16,0.990117
5410,DEDD2,0.75627357
5411,SETDB1,0.83693963
5412,LHFPL6,0.9980072
5413,ALAD,0.98708504
5414,AADAT,0.9211999
5415,KRBOX4,0.9888642
5416,TMEM167A,0.94345284
5417,MRTO4,0.81549305
5418,PPARD,0.8974402
5419,PLP2,0.99911827
5420,RAI1,0.80841243
5421,ACAT2,0.9399203
5422,FRMD6,0.99712926
5423,CD55,0.99594975
5424,LY6G5B,0.9388283
5425,RAD17,0.92258894
5426,OSBPL10,0.99695575
5427,MRS2,0.9819602
5428,CPSF2,0.88207203
5429,PPP2R5D,0.7837476
5430,EPG5,0.96524435
5431,MARVELD1,0.98791534
5432,KCTD13,0.9569392
5433,WDR77,0.9871922
5434,ZNF12,0.90367746
5435,LMBR1L,0.8072426
5436,C2orf49,0.89474773
5437,SLC46A1,0.9950074
5438,TMEM80,0.9781177
5439,EIF4EBP1,0.95465624
5440,ATP2C2,0.98500085
5441,TMEM64,0.9680805
5442,EYA1,0.9941943
5443,VAPA,0.9565948
5444,MSANTD3,0.8619498
5445,LAMTOR2,0.637673
5446,GTF3C2,0.9859362
5447,IMPA2,0.9814738
5448,COQ8B,0.876747
5449,RTKN,0.9511737
5450,CSTF1,0.82030505
5451,YEATS2,0.98828006
5452,DENND4B,0.8409093
5453,ME2,0.95146286
5454,CCDC106,0.96989685
5455,NCBP1,0.859684
5456,BLMH,0.9944302
5457,B4GALT3,0.5940403
5458,RTL10,0.96828634
5459,DHX38,0.97845995
5460,RRP1B,0.99346435
5461,UAP1L1,0.9860222
5462,GLYCTK,0.98867035
5463,SH3BP5,0.9964039
5464,EEF2,0.997486
5465,ATXN7L1,0.98767066
5466,USP1,0.9230404
5467,GCLC,0.96803117
5468,CENPC,0.97346157
5469,NTAN1,0.77210087
5470,CWC25,0.67027116
5471,MTF2,0.99119335
5472,PCYT1A,0.7753577
5473,ATRNL1,0.9283093
5474,RANGAP1,0.8721086
5475,MYBBP1A,0.96811324
5476,GFOD2,0.9673064
5477,BRD3OS,0.97392476
5478,CNKSR3,0.6222518
5479,POLI,0.97652817
5480,NELFA,0.9505244
5481,MIOS,0.99335814
5482,ACVR2A,0.7701714
5483,KIF3B,0.952826
5484,MORC4,0.92641294
5485,PDCD11,0.86222047
5486,GTF3C3,0.9134209
5487,IFI16,0.99884385
5488,FBXL4,0.90590155
5489,TP53RK,0.8593692
5490,ARMH3,0.94415903
5491,ZNF302,0.9151269
5492,USP12,0.8672857
5493,XYLT2,0.9842997
5494,WDR36,0.983348
5495,TRAFD1,0.9913039
5496,CEP44,0.9458124
5497,CLEC2D,0.99843717
5498,NHLRC2,0.86201704
5499,NCBP3,0.9787088
5500,ACOT13,0.7914107
5501,PDZRN3,0.66402286
5502,CORO2A,0.9140137
5503,ENKD1,0.84766716
5504,ADD3,0.9695788
5505,TBC1D1,0.99525446
5506,BBIP1,0.99491185
5507,LAD1,0.7360997
5508,TTBK2,0.79253787
5509,UFL1,0.9648519
5510,SYNE1,0.9460971
5511,ARMC1,0.89447355
5512,SEPTIN5,0.9729375
5513,KLF5,0.9880932
5514,PSPH,0.9909202
5515,TESC,0.9145066
5516,TTLL5,0.9964481
5517,P4HA1,0.8388031
5518,C6orf120,0.94195634
5519,SLC20A1,0.86196256
5520,FAM107B,0.9505098
5521,DMAC2L,0.93007165
5522,FOXN2,0.9660759
5523,CEP57,0.97142035
5524,NR2C1,0.84356844
5525,USP39,0.7602727
5526,MKNK1,0.974593
5527,GNE,0.9045627
5528,ABAT,0.8308617
5529,ZNF623,0.91242427
5530,STRIP1,0.96532017
5531,HDHD3,0.9545487
5532,JAM3,0.90833056
5533,ABRACL,0.8128087
5534,UTP4,0.96293145
5535,CAVIN2,0.99926996
5536,CCN3,0.99092925
5537,PSMG4,0.82028544
5538,KIFC2,0.83427393
5539,MKRN2,0.92228425
5540,MTSS2,0.9960019
5541,SAP130,0.9785577
5542,AUTS2,0.99780595
5543,TXNDC17,0.98681986
5544,NEK1,0.9928764
5545,UBAC1,0.8742691
5546,TEX261,0.99483854
5547,CNST,0.9738659
5548,USP31,0.84656686
5549,COG7,0.855329
5550,PPP1R9A,0.993876
5551,SRSF10,0.99019015
5552,PDE7A,0.9541073
5553,MYBPC1,0.9400506
5554,PPHLN1,0.8923764
5555,ZNF593,0.97631454
5556,JMJD6,0.95075554
5557,RAB28,0.9796695
5558,PCNX2,0.9833974
5559,TESMIN,0.9705082
5560,EXOSC3,0.8806331
5561,ANTKMT,0.9881794
5562,DNMT3A,0.954172
5563,UBR7,0.9852314
5564,SIRT1,0.70933163
5565,CLOCK,0.93038833
5566,ASXL2,0.9171622
5567,CLUAP1,0.97759587
5568,FARP2,0.97949445
5569,EP400,0.6978566
5570,RNF169,0.99292
5571,DHTKD1,0.95207155
5572,FLCN,0.9923546
5573,JAZF1,0.86216533
5574,COG4,0.98400146
5575,HOMER3,0.982253
5576,VPS41,0.8235741
5577,RAB12,0.9240682
5578,KDM3A,0.9534004
5579,GSKIP,0.99615496
5580,CNOT4,0.9935954
5581,OGFRL1,0.9642555
5582,MFAP1,0.9834344
5583,CC2D1A,0.8375111
5584,FLNC,0.9863349
5585,CCDC9B,0.99474216
5586,DYNC1LI1,0.98588634
5587,JMJD4,0.75175524
5588,ANKRD40,0.9841553
5589,NUDT2,0.99702954
5590,GREM1,0.5974352
5591,EEF1E1,0.90026486
5592,UNC119B,0.9206691
5593,ROCK2,0.9914541
5594,CLPB,0.95579684
5595,CEP89,0.9613773
5596,DHX32,0.9557435
5597,ELP1,0.6788212
5598,LEPROTL1,0.7692656
5599,RAD21,0.95652664
5600,RBM28,0.9543297
5601,GLS,0.97844476
5602,CUL9,0.89268047
5603,MTHFD1,0.6657256
5604,OCRL,0.98042566
5605,SLC35B3,0.8460478
5606,SPATC1L,0.9672768
5607,POLM,0.9877307
5608,BTBD10,0.9290245
5609,DCAF17,0.98795575
5610,SAMD8,0.8666038
5611,BCL2,0.9993175
5612,ZDHHC17,0.80657095
5613,ZNF397,0.953578
5614,ARRB1,0.98364866
5615,IFT122,0.9954191
5616,TRIM68,0.98060906
5617,TAF11,0.9618454
5618,DIS3L,0.8666345
5619,TSSC4,0.9146303
5620,NCDN,0.90099865
5621,PIGS,0.9766432
5622,SMAD7,0.9595246
5623,XRRA1,0.81349665
5624,CADM4,0.85271686
5625,DIP2B,0.9955422
5626,ARL4A,0.99271005
5627,DCAF15,0.6348252
5628,SNN,0.99349105
5629,ZNF862,0.96748996
5630,RNPC3,0.9741812
5631,MSH5,0.9201093
5632,CCDC174,0.9528304
5633,MLH3,0.932541
5634,TMEM183A,0.78809893
5635,B4GAT1,0.98541296
5636,CDK9,0.8982655
5637,NUP210,0.9914903
5638,PHF8,0.8382443
5639,PREX1,0.97582734
5640,PHF19,0.9953363
5641,SNTA1,0.99611557
5642,BCKDHA,0.8427176
5643,PEX6,0.9896668
5644,SLIT2,0.98210675
5645,SIRT7,0.937698
5646,PWWP2A,0.90984297
5647,ING3,0.9985158
5648,ZRANB1,0.8241071
5649,ITGA1,0.8154779
5650,FAM104A,0.9943601
5651,ARHGEF25,0.99600625
5652,NDN,0.99816054
5653,TEF,0.9802339
5654,OAZ3,0.9843308
5655,STK16,0.9780692
5656,ZBTB11,0.9948767
5657,COL14A1,0.9882944
5658,SLC37A3,0.9633496
5659,AGFG2,0.9919549
5660,RGP1,0.9756498
5661,HIRA,0.9977799
5662,PRUNE1,0.86803824
5663,UBTD2,0.86715275
5664,SOX12,0.9839565
5665,TUSC1,0.94968057
5666,ELMOD3,0.7780931
5667,LTV1,0.8706775
5668,BRMS1,0.9818088
5669,PIGF,0.9306324
5670,FAAH2,0.9949554
5671,KDM4C,0.9616921
5672,POLL,0.94920903
5673,TMEM35B,0.7514051
5674,OSR2,0.98242056
5675,PGS1,0.88284254
5676,TRIT1,0.9333592
5677,C5orf24,0.9963826
5678,LZTR1,0.9572551
5679,EBAG9,0.9873069
5680,OGG1,0.95262367
5681,KANK1,0.97728914
5682,CERS6,0.8326933
5683,ZNF263,0.943879
5684,TBC1D10A,0.9940246
5685,OSTM1,0.98550993
5686,ANKRD9,0.8222888
5687,ATXN1L,0.86234033
5688,SYNGAP1,0.95438254
5689,ABHD4,0.99627656
5690,MICOS13,0.49704453
5691,SLC43A1,0.99146044
5692,NOM1,0.9573882
5693,TMC6,0.977308
5694,MRRF,0.9790143
5695,PPIL1,0.8561405
5696,ACBD5,0.8720756
5697,THUMPD3,0.9703872
5698,PDZD8,0.9442997
5699,TBC1D15,0.911134
5700,ACADSB,0.915155
5701,TTC6,0.95284134
5702,VPS11,0.98870224
5703,DSG2,0.96350384
5704,AASDHPPT,0.8144735
5705,IER3,0.99129593
5706,ROGDI,0.95340914
5707,PIK3R3,0.8477784
5708,EHD1,0.9968401
5709,ARHGEF17,0.9928641
5710,ADAM33,0.996815
5711,DOCK4,0.975287
5712,SNX5,0.9889628
5713,ZNF268,0.9199783
5714,ZNF550,0.880043
5715,UBL7,0.8504561
5716,CRNKL1,0.8992852
5717,ARHGAP10,0.99650407
5718,HIF1AN,0.82929546
5719,DEPTOR,0.68043774
5720,SPRY4,0.9684941
5721,PSMD5,0.92889833
5722,SNAPC2,0.9964806
5723,RASL12,0.98995405
5724,MSRB3,0.980365
5725,EMB,0.9167289
5726,TIMM29,0.99165726
5727,SNX15,0.99077195
5728,CWC27,0.8183741
5729,KRTCAP2,0.9922224
5730,ANKRD13C,0.80427873
5731,BOP1,0.90324605
5732,SMG7,0.98765224
5733,CAVIN3,0.8411833
5734,ZCCHC14,0.9976726
5735,ZNF483,0.9796755
5736,RBM19,0.97453624
5737,ASCC1,0.9663966
5738,KCNG3,0.984775
5739,INVS,0.84048533
5740,SCRN3,0.8869334
5741,CNTROB,0.96367157
5742,NID1,0.9171065
5743,ZNFX1,0.9920919
5744,ADA2,0.9841773
5745,KLHDC10,0.872128
5746,TRAPPC11,0.7957904
5747,OGFOD1,0.9049661
5748,ZNHIT6,0.99286115
5749,ZNF580,0.92185766
5750,PCYT2,0.98875654
5751,NLGN2,0.919719
5752,MECR,0.87782985
5753,CACTIN,0.989427
5754,RNF168,0.94946223
5755,APBB2,0.99547327
5756,EMP3,0.9993614
5757,DLL1,0.93364394
5758,FZD5,0.96105385
5759,FGF13,0.9973513
5760,RFC1,0.9250783
5761,PLS3,0.9660359
5762,OPHN1,0.9842487
5763,PPIF,0.9966339
5764,RSU1,0.9944156
5765,APOL1,0.9825788
5766,LCORL,0.925863
5767,MADD,0.974373
5768,ASB3,0.9712429
5769,PELO,0.9761882
5770,GFER,0.9732772
5771,PMM2,0.9239743
5772,ANKRD42,0.9752991
5773,CDC42EP4,0.9909971
5774,XIAP,0.9951755
5775,PPFIBP2,0.94072616
5776,MS4A6A,0.99090683
5777,OPLAH,0.9574617
5778,CSF1R,0.9979821
5779,RBM10,0.86933434
5780,TMCC1,0.8597907
5781,EIF3F,0.98935187
5782,EVPL,0.9377911
5783,TIMM17A,0.92430097
5784,JAGN1,0.98873687
5785,ZC3H8,0.85461617
5786,UBIAD1,0.98477805
5787,GPN2,0.95951855
5788,FECH,0.9656853
5789,IFI35,0.99677825
5790,ZNF141,0.91003823
5791,GSE1,0.9435804
5792,MAD2L2,0.9677697
5793,ASL,0.8972883
5794,PIM1,0.945342
5795,LTO1,0.91941315
5796,OXR1,0.98436785
5797,CYTH3,0.9455113
5798,CCDC88A,0.99876183
5799,THSD7A,0.98688453
5800,TPCN2,0.8947242
5801,TSPAN2,0.9382732
5802,SFI1,0.989759
5803,SLC39A11,0.9910862
5804,ZNF335,0.8712051
5805,C17orf75,0.9620236
5806,DCAF1,0.96213484
5807,LRRC58,0.85676736
5808,PKIA,0.99127364
5809,BBS1,0.97775185
5810,FEM1C,0.92174506
5811,MIIP,0.71342623
5812,TMEM160,0.99048537
5813,CFAP36,0.941025
5814,SUFU,0.99720263
5815,UBXN2A,0.9664894
5816,CINP,0.98913276
5817,DGKA,0.9843528
5818,MED21,0.9143778
5819,RINT1,0.9848198
5820,CDAN1,0.940794
5821,IPO9,0.9496956
5822,RRAGB,0.93119574
5823,GNL2,0.75905883
5824,GALNT10,0.9541898
5825,RNF150,0.9958992
5826,ESCO1,0.8564125
5827,SCRN1,0.9713358
5828,ABLIM1,0.9268726
5829,PRKAG1,0.995471
5830,ZNF264,0.79869974
5831,MSH6,0.9704902
5832,ZNF436,0.9319974
5833,MTERF3,0.81605333
5834,CUEDC1,0.9967064
5835,ACP2,0.9247731
5836,IFI30,0.91703284
5837,FADS1,0.9530847
5838,KLF15,0.94100934
5839,DPYD,0.85863936
5840,GRTP1,0.7806123
5841,TUBD1,0.9848349
5842,DEF8,0.9963351
5843,UBC,0.91717666
5844,RARA,0.96421367
5845,PLCB3,0.9899594
5846,ZSCAN25,0.989713
5847,AP5Z1,0.9636765
5848,ISOC2,0.930431
5849,ADRM1,0.94455004
5850,ACO1,0.85344505
5851,CCND1,0.7631345
5852,IMMT,0.97617793
5853,WDSUB1,0.9866053
5854,EIF2B4,0.9623683
5855,UROS,0.9748745
5856,RLF,0.9850216
5857,MTFR1,0.95666534
5858,ARL15,0.55326724
5859,PIK3C3,0.9825866
5860,EDC3,0.9368618
5861,CBLL1,0.9760851
5862,CISD2,0.9923868
5863,MYL5,0.71057475
5864,MVD,0.99282604
5865,NCAPD2,0.99624133
5866,ANKRD49,0.98666793
5867,NAGA,0.86582184
5868,VCPIP1,0.969911
5869,GLOD4,0.98578167
5870,BCL7A,0.9842554
5871,TERF2,0.69071734
5872,ARMC6,0.9491682
5873,USB1,0.9661564
5874,PPP1R3B,0.9931726
5875,DRAM2,0.97470677
5876,CMC4,0.74165744
5877,MALSU1,0.8993408
5878,CYP51A1,0.9350667
5879,HDAC11,0.9824573
5880,TRIM41,0.8118582
5881,CES2,0.7733785
5882,SHKBP1,0.94708455
5883,METTL2A,0.9743783
5884,RBMXL1,0.751503
5885,GABPB2,0.9776835
5886,UMAD1,0.9941668
5887,RGS12,0.7756772
5888,SCNN1A,0.9896858
5889,PPL,0.99727327
5890,EZH1,0.9793552
5891,C1orf52,0.9008134
5892,GYPC,0.9775679
5893,CHDH,0.9877765
5894,B4GALNT4,0.96472466
5895,SLC22A5,0.9896398
5896,FBXO3,0.7535714
5897,MTSS1,0.9968648
5898,ALG3,0.8394325
5899,NQO1,0.991697
5900,CHRM1,0.9931266
5901,DUSP23,0.9944758
5902,CAPRIN2,0.98755884
5903,SECISBP2L,0.91768205
5904,AP5M1,0.72633237
5905,SIK3,0.97778076
5906,DAB2IP,0.9956208
5907,ARMCX2,0.7236322
5908,TNFSF12,0.9478259
5909,TENT5C,0.99829066
5910,MPP1,0.96700037
5911,MTMR10,0.9724862
5912,ITGA7,0.98635554
5913,CTIF,0.99725497
5914,TUBG2,0.9845871
5915,MAP3K7,0.90229875
5916,LARGE2,0.9681283
5917,TMEM218,0.9405923
5918,RTL8C,0.87289816
5919,HINFP,0.9932269
5920,CLK4,0.97133815
5921,TGFBR1,0.68741876
5922,HDHD5,0.8903255
5923,SEPTIN6,0.93215257
5924,TRMT61A,0.85669935
5925,RAPGEF6,0.8100164
5926,GSDMB,0.84221464
5927,CTXN1,0.9967138
5928,IKZF1,0.96062076
5929,TMEM175,0.80955356
5930,DHRS12,0.9534459
5931,NAALADL2,0.95994544
5932,SRRD,0.9314323
5933,KIAA0753,0.94754857
5934,KLC2,0.97799766
5935,ODF3B,0.9953417
5936,APOOL,0.9220662
5937,BZW2,0.9797989
5938,HDDC2,0.84052664
5939,PRDM8,0.8822754
5940,MED11,0.9842045
5941,HIPK1,0.7683443
5942,HMBOX1,0.9786818
5943,USP9Y,0.9708543
5944,RRM1,0.96213806
5945,ARHGEF3,0.9887221
5946,ZNF493,0.92238736
5947,RBM27,0.97190154
5948,DESI1,0.9828464
5949,WWC2,0.7069248
5950,ZNF445,0.867754
5951,DDHD2,0.9940773
5952,GZF1,0.9949252
5953,SCML1,0.9926268
5954,DDHD1,0.99021125
5955,ZNF398,0.9595203
5956,TENT5A,0.91689503
5957,RPRD2,0.84904563
5958,ZSCAN30,0.93369514
5959,DHRS13,0.9481927
5960,BTD,0.9822086
5961,POP7,0.9760303
5962,NPC1,0.89500463
5963,UFSP2,0.9497224
5964,CCDC32,0.7946734
5965,USP6NL,0.9927265
5966,POGLUT1,0.9060295
5967,TLCD3A,0.91677463
5968,MYO1D,0.8954887
5969,BRAP,0.98782045
5970,EME2,0.7068011
5971,EVC,0.5373278
5972,FXYD1,0.9915842
5973,RRAGD,0.9618026
5974,ABCA8,0.9971048
5975,PCNA,0.98035914
5976,PNPLA6,0.7747912
5977,NAGLU,0.91967386
5978,ATG16L2,0.9971928
5979,DNAJC13,0.99700683
5980,ORAI3,0.97238344
5981,MPPED2,0.9923232
5982,COQ5,0.9094808
5983,SGCB,0.86612576
5984,ANKS1B,0.99064344
5985,ANKRD28,0.8564421
5986,NOL4L,0.9979442
5987,SPSB1,0.99266845
5988,AKAP12,0.9666393
5989,RELL1,0.9985011
5990,TNS4,0.7812146
5991,CTPS2,0.98881835
5992,NEO1,0.9610721
5993,SNAPC5,0.8653985
5994,SESN1,0.9842745
5995,BCAR1,0.826619
5996,OLFM2,0.9583138
5997,TOP1MT,0.9645343
5998,PRDM4,0.9636707
5999,LRRC42,0.99233866
6000,MTAP,0.978928
6001,NEPRO,0.9702713
6002,LRRC37A2,0.7737734
6003,SMIM12,0.99806464
6004,FBXO38,0.78846186
6005,MEX3C,0.9629966
6006,AP1AR,0.9857534
6007,TAP2,0.9840602
6008,FAM149B1,0.9574002
6009,WRAP73,0.7801937
6010,EFHC1,0.9895324
6011,NOP16,0.77975845
6012,GPR176,0.970045
6013,TRAF5,0.9965853
6014,NES,0.99816525
6015,MIGA2,0.98389846
6016,THBS3,0.9816373
6017,ZNF776,0.98996645
6018,DAB2,0.8150341
6019,CLN8,0.9141121
6020,CDK5RAP2,0.87853307
6021,DGAT1,0.92180204
6022,POLR1B,0.9786706
6023,ATAT1,0.98415756
6024,RAB11FIP2,0.9717298
6025,ALDH4A1,0.9615134
6026,EPB41,0.89419985
6027,FAM3B,0.99506116
6028,PLEKHF2,0.97651696
6029,TOMM34,0.97365654
6030,CHST14,0.670757
6031,EPPK1,0.9457029
6032,PLAT,0.91130406
6033,SLC10A3,0.9771632
6034,SCO1,0.8549839
6035,CLIP4,0.996784
6036,PCSK6,0.9965215
6037,PNPO,0.768523
6038,PPP4R3B,0.9845727
6039,BMP2K,0.97626674
6040,ZNF785,0.8970072
6041,PSME3,0.8901235
6042,OLFML3,0.991242
6043,MID1IP1,0.9728742
6044,FAIM,0.8434985
6045,DENND4A,0.83371955
6046,SMARCD1,0.9526996
6047,SIRT2,0.7591058
6048,NOL9,0.67057985
6049,CEP170,0.87943345
6050,CRYBG3,0.9856438
6051,GINM1,0.74741083
6052,PIAS1,0.94057757
6053,PCDH18,0.9751446
6054,KLC4,0.9556683
6055,UBE2O,0.94381577
6056,HECTD2,0.979154
6057,TMEM126A,0.92570376
6058,CAPG,0.9868121
6059,DTD1,0.9880349
6060,WDR81,0.99724233
6061,BABAM2,0.9245361
6062,RNF135,0.99360174
6063,SVBP,0.8638555
6064,IQSEC2,0.94319195
6065,FXR2,0.9449002
6066,MVP,0.99676883
6067,DTWD1,0.99252295
6068,LONRF1,0.96026796
6069,TMEM14A,0.8960349
6070,ACY1,0.8915085
6071,CHAF1A,0.9664833
6072,NUMBL,0.993057
6073,B9D1,0.78209525
6074,PER2,0.9422437
6075,DPH2,0.99351037
6076,ZNF641,0.89197445
6077,L3MBTL2,0.78823036
6078,MKKS,0.82432544
6079,MAP3K6,0.99654627
6080,RIOK1,0.72256565
6081,NEK3,0.9375622
6082,TMEM209,0.9739653
6083,ABTB1,0.99388057
6084,ST7L,0.937445
6085,C19orf12,0.92697084
6086,NCKIPSD,0.79849845
6087,RWDD2A,0.98278975
6088,CUL2,0.82348084
6089,HELZ,0.8949966
6090,SLC49A4,0.97305226
6091,PITPNC1,0.8214284
6092,CYB5D2,0.9645385
6093,GFM2,0.9958062
6094,C15orf61,0.8452636
6095,BHLHE41,0.93075657
6096,SLC35A3,0.98046833
6097,ZBTB21,0.78637296
6098,CLUH,0.9755301
6099,GLI4,0.9798545
6100,NWD1,0.9837196
6101,RNMT,0.88515747
6102,RMND5B,0.9703406
6103,FABP5,0.74674886
6104,PBDC1,0.46581727
6105,MCM5,0.9822717
6106,UGGT2,0.92837024
6107,ZYG11B,0.66202533
6108,RAE1,0.9903508
6109,DPY19L4,0.7185284
6110,ZHX3,0.97029984
6111,NARS2,0.90361047
6112,EID2,0.9518672
6113,CDK6,0.99934304
6114,TRAPPC2L,0.99786854
6115,PI15,0.7539476
6116,ZBTB40,0.95046955
6117,RIPOR1,0.8428568
6118,CHST12,0.98433805
6119,FH,0.6612574
6120,EIF2B3,0.97195333
6121,TMEM79,0.86967874
6122,ARMCX1,0.9906058
6123,ABHD17C,0.9841471
6124,USP20,0.9392184
6125,XPO7,0.9867092
6126,LMBR1,0.8372307
6127,CASP8AP2,0.9289824
6128,WWTR1,0.9423243
6129,TRNAU1AP,0.92624575
6130,ZNF548,0.9132577
6131,MRGBP,0.9175806
6132,SETMAR,0.878318
6133,LAPTM4B,0.9603375
6134,FKBP14,0.98351145
6135,PIK3R2,0.6542494
6136,NNT,0.8546616
6137,CCDC93,0.9901439
6138,WDR41,0.9386755
6139,LYRM1,0.7965716
6140,PLPBP,0.98420286
6141,KLHDC4,0.9926109
6142,SPICE1,0.8864142
6143,GNPDA1,0.9850801
6144,PARP9,0.9858649
6145,BROX,0.96600765
6146,EIF1AD,0.98434424
6147,AARSD1,0.77881646
6148,SIX1,0.9451701
6149,METTL17,0.92932487
6150,DPP8,0.88907474
6151,MANBA,0.9846138
6152,TUSC2,0.9019983
6153,NUDT8,0.9920987
6154,SLC25A44,0.98602796
6155,CPLANE1,0.9873206
6156,ZNF700,0.98589593
6157,NIPA1,0.82208866
6158,QSOX2,0.8503648
6159,RAB24,0.8246443
6160,ARHGEF16,0.96395427
6161,DPH5,0.9980736
6162,TEAD2,0.9959434
6163,MYO5A,0.9903142
6164,CPSF3,0.80389374
6165,CWC22,0.9304354
6166,NSUN6,0.8110535
6167,FKTN,0.9635476
6168,SMU1,0.96655643
6169,EPHB6,0.8437185
6170,CHD8,0.7661899
6171,CCM2,0.948051
6172,KANSL2,0.9191656
6173,FOSL2,0.9940259
6174,RBM22,0.74787724
6175,SVIP,0.5471767
6176,DOCK7,0.97475666
6177,LRRFIP1,0.9121889
6178,HEG1,0.9957755
6179,ICAM1,0.99813956
6180,EVI5,0.78245276
6181,ZFYVE27,0.99014616
6182,ZNF841,0.8536572
6183,NIPAL3,0.98122895
6184,U2AF1L4,0.7512619
6185,POP4,0.7491418
6186,DNTTIP1,0.8287835
6187,TRIAP1,0.96882427
6188,RSBN1L,0.63973206
6189,DIS3,0.8406761
6190,SAMHD1,0.99624383
6191,GAS1,0.99405044
6192,ATG7,0.8150894
6193,EDARADD,0.98698497
6194,GET1,0.92217386
6195,PPM1F,0.9904032
6196,CWF19L2,0.96601224
6197,TNRC6C,0.9327909
6198,SP2,0.8568096
6199,DGLUCY,0.9512069
6200,ZC2HC1A,0.9859405
6201,MINDY1,0.99207234
6202,PRDM5,0.99528676
6203,XPO5,0.9159299
6204,CAV1,0.9764739
6205,AP1S2,0.6993371
6206,DCK,0.98948884
6207,PIK3R4,0.8800023
6208,RPP25L,0.88183224
6209,VPS26C,0.77335644
6210,TMPO,0.9742675
6211,SLC16A1,0.9911435
6212,NAB2,0.99442387
6213,NFS1,0.885961
6214,CDK7,0.9937834
6215,WTIP,0.9946507
6216,LTBP2,0.9886663
6217,PIGM,0.9724828
6218,EFCAB13,0.9906373
6219,TRBC2,0.9986121
6220,ORC5,0.68817776
6221,ATE1,0.9942935
6222,HMGCS2,0.9897878
6223,ZC3H3,0.9299571
6224,RAB31,0.86451817
6225,PRKACB,0.8843923
6226,SPART,0.9984716
6227,FZD6,0.9820182
6228,PPME1,0.98361045
6229,FAS,0.92485464
6230,CIAO3,0.9809741
6231,NOA1,0.81587183
6232,SHOC2,0.9198738
6233,DHRSX,0.7422737
6234,SLC29A1,0.98559564
6235,TFIP11,0.8645763
6236,IDE,0.980091
6237,RPF1,0.9915383
6238,CC2D1B,0.9178803
6239,TIMM22,0.9839925
6240,PTK2B,0.99816173
6241,PRSS22,0.851691
6242,NPM3,0.981692
6243,BAZ1A,0.96734446
6244,POLR1E,0.9922169
6245,MID1,0.87343043
6246,ZNF185,0.7823181
6247,CCDC71L,0.940236
6248,SIDT2,0.51927924
6249,CEP70,0.9159735
6250,ARFGEF1,0.91130537
6251,CEP164,0.9679491
6252,PARP10,0.99876213
6253,SUOX,0.9770708
6254,NCALD,0.9380281
6255,LIN52,0.8650045
6256,ANKRD46,0.86286527
6257,NIPSNAP3A,0.97857845
6258,CRADD,0.8263732
6259,ZNF618,0.9879722
6260,DNAJC30,0.8361532
6261,IFT80,0.9608717
6262,ZNF274,0.9285746
6263,THOC6,0.9349496
6264,VWA2,0.9583238
6265,RHOG,0.9930074
6266,NKAPD1,0.97514576
6267,RAB29,0.8471207
6268,GRWD1,0.8788179
6269,ZMYM6,0.9737041
6270,MAP3K4,0.9663177
6271,VRK2,0.9862554
6272,CNTRL,0.95643556
6273,CERS5,0.92111194
6274,ZNF275,0.9864135
6275,MYLIP,0.8672525
6276,FUNDC1,0.9284066
6277,FBXO4,0.9770375
6278,FEM1A,0.76173526
6279,EMC2,0.6816692
6280,TINAGL1,0.7327901
6281,TRIM65,0.73892456
6282,TUBGCP5,0.9612914
6283,EPHB3,0.99706596
6284,GOLT1B,0.9670088
6285,STBD1,0.83145785
6286,ACTL6A,0.8924689
6287,CD177,0.86962104
6288,PPRC1,0.8815104
6289,PPT1,0.9048339
6290,NGDN,0.8476332
6291,CRLF3,0.9906506
6292,SMOC1,0.95490354
6293,DENND2D,0.95446634
6294,ZSCAN2,0.9803371
6295,SGMS2,0.9489768
6296,STXBP4,0.8658788
6297,EPHA7,0.89387584
6298,WHAMM,0.93966675
6299,MUC20,0.9880744
6300,YIPF5,0.93447435
6301,ICA1L,0.9103958
6302,KPNA3,0.99313253
6303,CPT2,0.9887974
6304,YJEFN3,0.71031487
6305,TXNDC9,0.98363066
6306,CSNK1G3,0.89153856
6307,TLE3,0.89529735
6308,TMEM184A,0.9822704
6309,GLUD1,0.9265466
6310,MBIP,0.9280368
6311,TMX3,0.92609644
6312,PLEKHG2,0.9981019
6313,CCDC22,0.9368528
6314,ARHGEF9,0.9743116
6315,ZNF318,0.8905771
6316,ABCE1,0.99096674
6317,CHD1,0.9686632
6318,RABGGTA,0.8058471
6319,DDX31,0.86489177
6320,ZNF30,0.9615737
6321,RASSF1,0.99696165
6322,NAA25,0.9670181
6323,MITD1,0.94590706
6324,YWHAE,0.928084
6325,PPCS,0.95115083
6326,UMPS,0.9253999
6327,IKZF5,0.97518134
6328,PRKG2,0.9811152
6329,BRI3BP,0.98513603
6330,TARBP1,0.9781375
6331,SEMA3B,0.9287152
6332,CLDN1,0.9852054
6333,TBC1D10B,0.84149873
6334,INPP5K,0.9901212
6335,MCEE,0.92434704
6336,NAA15,0.93389887
6337,ALG9,0.6775426
6338,CLDN8,0.92827517
6339,NNMT,0.8152478
6340,ACSF3,0.9525964
6341,ERI2,0.806723
6342,MEN1,0.9655586
6343,IPO13,0.95118225
6344,NR3C1,0.9745145
6345,CAV2,0.51513875
6346,PEX7,0.84540015
6347,SPAST,0.7575692
6348,GKAP1,0.9798382
6349,POLR3C,0.9745663
6350,SYNJ2,0.85379493
6351,FAM221A,0.96877
6352,OLFM4,0.8667351
6353,NPAS2,0.99368304
6354,HACL1,0.9437893
6355,RNASEH2B,0.99367857
6356,MANSC1,0.75963414
6357,LRRC40,0.81131226
6358,C22orf39,0.96992356
6359,PCDHGC3,0.9861148
6360,KPNA6,0.7787105
6361,FAM171A1,0.9934586
6362,TRIM24,0.986797
6363,TSFM,0.8379199
6364,AREL1,0.9046045
6365,SETD6,0.7404025
6366,ALMS1,0.93345
6367,NDUFS7,0.99031126
6368,PHF11,0.9868115
6369,SLC25A24,0.9102914
6370,INMT,0.9901395
6371,CAMSAP2,0.8090918
6372,PAQR6,0.7605565
6373,TRAPPC8,0.98427033
6374,LIMD2,0.996988
6375,PALM,0.94339967
6376,KYAT3,0.9566845
6377,HTRA2,0.6235657
6378,MRE11,0.7552796
6379,CRYZL1,0.97906625
6380,RAB22A,0.7726402
6381,CERT1,0.84957445
6382,ABCD4,0.8953664
6383,FADD,0.9297896
6384,TRIM3,0.9791293
6385,MIER3,0.97672856
6386,GPN1,0.874924
6387,KCNC2,0.7407312
6388,TTC5,0.926206
6389,YJU2,0.9601268
6390,NUP153,0.90153354
6391,ZNF688,0.9879863
6392,RNF111,0.75742936
6393,SRPRB,0.6112553
6394,APBB1,0.94361776
6395,VLDLR,0.98357224
6396,UCHL3,0.9234956
6397,SH3TC1,0.89864206
6398,ZPR1,0.9602004
6399,NECTIN1,0.99385685
6400,PLOD3,0.9959559
6401,CRY1,0.95201814
6402,MAP3K13,0.9233659
6403,PMP22,0.9651891
6404,AAMDC,0.71657866
6405,OMA1,0.96253383
6406,CLEC16A,0.824654
6407,NDE1,0.9865268
6408,SEMA3F,0.9887336
6409,PPP2R3B,0.96858835
6410,PRPS2,0.99852914
6411,TSTD2,0.9822408
6412,ADIPOR2,0.928998
6413,NUP155,0.9814408
6414,DYRK1B,0.9419334
6415,SLC25A40,0.98427224
6416,DCUN1D2,0.9676869
6417,CPTP,0.970479
6418,DACT2,0.97866833
6419,GTF2B,0.9850945
6420,DHX8,0.9599409
6421,RMC1,0.84799725
6422,BMPR1A,0.9906992
6423,ATP10D,0.9306359
6424,LENG1,0.9585349
6425,KAT8,0.9732064
6426,BLVRA,0.99102974
6427,CTC1,0.9305316
6428,ENDOV,0.9539107
6429,ANGPTL2,0.9974692
6430,TOP3A,0.9617265
6431,RBM7,0.9779188
6432,COL27A1,0.9953965
6433,VPS33A,0.97043973
6434,TUBB2A,0.9624121
6435,AHR,0.7487229
6436,PIGC,0.9755477
6437,DBT,0.8970363
6438,IMMP1L,0.9414254
6439,ADO,0.6441853
6440,PRKAR1B,0.9462282
6441,YTHDC2,0.95515555
6442,KCTD2,0.80425614
6443,VASH1,0.75764155
6444,CCDC69,0.9815147
6445,PTBP2,0.89202374
6446,ACAD10,0.82872826
6447,INCENP,0.8086181
6448,MPP7,0.97186863
6449,PCDH10,0.97756416
6450,SUCO,0.8391012
6451,SAAL1,0.97842693
6452,GTF2E2,0.9835359
6453,GPRASP1,0.9538433
6454,CEP95,0.94714206
6455,DOCK5,0.9514813
6456,NVL,0.9908522
6457,APC,0.862076
6458,RAB11FIP1,0.85779274
6459,DHX29,0.9483445
6460,TCTN3,0.90869105
6461,ZSWIM9,0.9730367
6462,ACSL5,0.9927756
6463,PHF6,0.8824078
6464,ICAM3,0.88803405
6465,ZNF568,0.9868064
6466,UBXN7,0.80193377
6467,MICAL1,0.85103154
6468,RFX1,0.8937197
6469,BAHD1,0.995676
6470,GTF2H4,0.95169145
6471,ANKS1A,0.81816727
6472,ANKFY1,0.8446309
6473,LXN,0.9913344
6474,SMPD2,0.8662836
6475,KBTBD2,0.9260315
6476,DDX52,0.9486865
6477,ARHGAP21,0.9774308
6478,SMIM29,0.8192537
6479,CTCF,0.9457628
6480,P3H1,0.9780747
6481,PLOD1,0.9257386
6482,ZFP62,0.95458204
6483,GON4L,0.98701227
6484,TMEM25,0.9927853
6485,PAFAH1B3,0.7349782
6486,POLE4,0.89299095
6487,CGRRF1,0.926716
6488,SDAD1,0.8312165
6489,RBBP9,0.9785797
6490,GSTT2B,0.9865978
6491,LARS2,0.97762144
6492,COASY,0.8587309
6493,KCTD1,0.99575627
6494,RXYLT1,0.9340044
6495,TAF8,0.7491324
6496,RWDD2B,0.9814341
6497,HSD17B6,0.81348234
6498,ALKBH3,0.98115474
6499,FOXRED1,0.9596518
6500,HMGCL,0.96545076
6501,NOB1,0.8782486
6502,TXNRD1,0.87395203
6503,NUDT22,0.93574846
6504,IRAK4,0.97857416
6505,NUBP1,0.644933
6506,KLHL23,0.93404746
6507,GLRX2,0.9916642
6508,CLSTN3,0.81383365
6509,MYO19,0.9689299
6510,RNF26,0.6426518
6511,NACC2,0.994658
6512,CCDC120,0.83666414
6513,AIFM1,0.95674455
6514,IFT172,0.95500666
6515,DIS3L2,0.9509861
6516,FAM120C,0.8477551
6517,TMEM204,0.9979599
6518,DNAJC14,0.93773663
6519,ATR,0.80289966
6520,LUZP2,0.9766599
6521,PDCD7,0.9868782
6522,IQANK1,0.8887879
6523,WDR70,0.649984
6524,CYP20A1,0.7475136
6525,MAML2,0.99412066
6526,TNFRSF10B,0.99625564
6527,RCL1,0.9774825
6528,SLC35A5,0.7891569
6529,LATS1,0.96570176
6530,ABHD18,0.9796721
6531,PRR36,0.919992
6532,ALDH5A1,0.8960128
6533,MIER2,0.70295537
6534,METTL22,0.97090614
6535,CCNYL1,0.91049415
6536,CEP68,0.9978754
6537,C5orf22,0.9892278
6538,SLC25A26,0.8915703
6539,COL5A2,0.99377275
6540,PLN,0.90506506
6541,IQCE,0.9111625
6542,DEPP1,0.9050515
6543,NME6,0.8236606
6544,OGFOD2,0.99287623
6545,ZBTB45,0.8382255
6546,CRTC2,0.8811088
6547,YAF2,0.97853893
6548,HDDC3,0.9718682
6549,LSAMP,0.97147506
6550,CASP2,0.84496355
6551,UPF3B,0.84978384
6552,PDCD10,0.87604856
6553,TNFAIP2,0.9196946
6554,KRAS,0.95023376
6555,DEF6,0.9976995
6556,AP3B1,0.93873507
6557,DHX37,0.89982903
6558,TP53I3,0.9981926
6559,TARBP2,0.9750662
6560,WDR5,0.9456705
6561,NCBP2AS2,0.9723126
6562,SNIP1,0.97078574
6563,EXOSC2,0.7108213
6564,MYO5B,0.91715795
6565,GPRASP2,0.93536544
6566,GPX3,0.88424635
6567,UBL4A,0.9903268
6568,CNOT9,0.95441073
6569,ST7,0.773183
6570,WDR3,0.9917941
6571,RAB30,0.99555373
6572,SOCS3,0.8786134
6573,G0S2,0.99782974
6574,ADGRF1,0.8983417
6575,ODF2,0.7573056
6576,CDK11B,0.9408061
6577,FXYD5,0.99688834
6578,PDE5A,0.75655794
6579,PLEKHB1,0.90642905
6580,PIGK,0.9711499
6581,MTMR6,0.925191
6582,PDRG1,0.9545259
6583,ABCB7,0.94208467
6584,PDE10A,0.9955039
6585,SCD5,0.9912127
6586,FBXL19,0.9504914
6587,SLC48A1,0.99446857
6588,SH2D3A,0.9861748
6589,EPS15L1,0.8503445
6590,COX7A1,0.7968951
6591,THNSL2,0.7781316
6592,CFH,0.9066969
6593,ANO10,0.9897071
6594,SQLE,0.94276667
6595,ZBED4,0.9851899
6596,LIME1,0.8996455
6597,PRKCH,0.95266104
6598,NMT2,0.9916641
6599,TMEM265,0.9894043
6600,GNAI1,0.96609986
6601,RICTOR,0.9629779
6602,EVA1C,0.99630225
6603,ZNF134,0.94361186
6604,SIPA1L1,0.9918881
6605,AP2A1,0.97808146
6606,AIMP2,0.7806514
6607,DNASE2,0.98323214
6608,R3HDM1,0.8474529
6609,FBXL15,0.95061225
6610,VPS16,0.96044695
6611,ZNF26,0.8060786
6612,TSPAN17,0.9284579
6613,PARP6,0.9867038
6614,ANKRD16,0.9447708
6615,ZNF337,0.9788128
6616,HSD17B14,0.9415498
6617,S1PR3,0.9933456
6618,FEZ2,0.99811393
6619,MGAT2,0.9688693
6620,ARL16,0.8537219
6621,CWF19L1,0.9637007
6622,DHFR,0.9895427
6623,ZNF599,0.98168844
6624,DNAJC19,0.9732483
6625,SMPDL3A,0.97010934
6626,APOL6,0.9972023
6627,C2orf74,0.83578396
6628,OARD1,0.87997997
6629,ENTPD7,0.9402535
6630,PLA2G6,0.8996358
6631,DNAJC15,0.9392904
6632,CHFR,0.9785807
6633,ACOXL,0.99254626
6634,EFL1,0.9564485
6635,TMEM199,0.84487617
6636,WDR20,0.746099
6637,PRKG1,0.9757417
6638,PPCDC,0.8457291
6639,MALL,0.9842557
6640,DMD,0.86168784
6641,DHX34,0.7546301
6642,ZNF707,0.9666715
6643,TMEM87A,0.96054715
6644,SNX25,0.7792114
6645,CYSTM1,0.984518
6646,ARRDC2,0.89800525
6647,RAP1GAP2,0.98678905
6648,SAPCD1,0.8778417
6649,DCUN1D3,0.7148394
6650,NPRL2,0.9043908
6651,ABCA1,0.7450452
6652,LMTK2,0.86874115
6653,HDAC10,0.5788132
6654,LMBRD2,0.9462256
6655,PTPRK,0.74557084
6656,C17orf58,0.9519354
6657,LPIN2,0.8930849
6658,ABHD14A,0.7985735
6659,C1orf35,0.9712573
6660,PDE12,0.94967926
6661,RPAP1,0.97164536
6662,SESTD1,0.9872485
6663,SLC2A11,0.8535496
6664,MAP2,0.9668563
6665,ZNF316,0.9229582
6666,FOXRED2,0.98492396
6667,IFNAR2,0.9948745
6668,GDPD1,0.98046
6669,PCTP,0.97518307
6670,DXO,0.9902603
6671,RRM2B,0.99563223
6672,RGS1,0.86362326
6673,TP53BP2,0.8850919
6674,FAM98C,0.63662755
6675,FAM217B,0.98871535
6676,UBD,0.74094754
6677,SDC2,0.8707793
6678,TAF1C,0.9979937
6679,ADAMTS9,0.61029625
6680,HOPX,0.91716063
6681,KIF3A,0.9205112
6682,LNPK,0.8837706
6683,MGLL,0.9895689
6684,MED30,0.69921845
6685,ZNF407,0.83304304
6686,CMSS1,0.92111915
6687,METTL23,0.9222278
6688,PTDSS2,0.55227333
6689,RITA1,0.86553586
6690,SCAF8,0.86493033
6691,SAPCD2,0.87241983
6692,BYSL,0.9469632
6693,TRMT13,0.9790459
6694,TBC1D24,0.9922373
6695,ARFIP1,0.6695206
6696,AAGAB,0.69953793
6697,RCAN1,0.927497
6698,GSTA4,0.9918133
6699,RIPK1,0.9135726
6700,SPHK2,0.9848379
6701,ZNF581,0.8844018
6702,TMEM158,0.91345036
6703,SLC2A8,0.95670146
6704,CYP27A1,0.97011393
6705,STAM,0.9416035
6706,CACNA1H,0.8665731
6707,ATAD2,0.9777638
6708,TYW3,0.98677117
6709,RAB34,0.9945723
6710,ZNF227,0.8928887
6711,ZNF282,0.95650953
6712,B3GALNT2,0.81216794
6713,PDK2,0.9499223
6714,RASSF8,0.924196
6715,AHDC1,0.96753806
6716,POGK,0.777643
6717,PRKD3,0.9841021
6718,ODF2L,0.9906628
6719,SLC15A4,0.9790313
6720,PRKCZ,0.78556556
6721,ZNF235,0.98941696
6722,GDAP2,0.7309844
6723,TTC7B,0.8923287
6724,PKDCC,0.98734206
6725,GCA,0.9447354
6726,G6PD,0.9600361
6727,DNAJC16,0.928971
6728,SNAP91,0.9044697
6729,SH3BP2,0.8250141
6730,SPINDOC,0.6403425
6731,ALDH1L1,0.95746
6732,TRAF2,0.88935786
6733,AGA,0.8935357
6734,ZNF260,0.94454134
6735,KIAA0586,0.670275
6736,PELI3,0.97024775
6737,SSBP2,0.9893634
6738,PCDH7,0.9974556
6739,DUSP12,0.60026455
6740,CCDC43,0.92669725
6741,RAP2A,0.99383545
6742,ZBTB37,0.9532058
6743,ZNF772,0.9710239
6744,LNX2,0.97884333
6745,HTATIP2,0.88807964
6746,GALK2,0.81389815
6747,RFXANK,0.9828868
6748,MORN2,0.8969479
6749,HERC6,0.98950607
6750,AFF3,0.9719476
6751,RAD54L2,0.750874
6752,ZNF622,0.76577497
6753,RFXAP,0.87943935
6754,GAB1,0.97933066
6755,CLCN6,0.8193884
6756,CCDC40,0.9354945
6757,DNAJC25,0.98119193
6758,KIF16B,0.8299976
6759,GGCX,0.97002214
6760,RB1CC1,0.91945624
6761,CMTR1,0.95834005
6762,RIC1,0.9866059
6763,PAG1,0.99678975
6764,DDX50,0.9324003
6765,PRORP,0.98000467
6766,SLC26A11,0.9688311
6767,ACBD4,0.88241374
6768,EPS8L1,0.97978723
6769,MAST2,0.688861
6770,PHF21B,0.921379
6771,TAF12,0.9663032
6772,ADAM17,0.82706684
6773,MAT2B,0.84369487
6774,ORAI2,0.9398935
6775,GSTCD,0.89872587
6776,TBC1D12,0.9484961
6777,PLD6,0.68762267
6778,PANK4,0.674605
6779,GEMIN4,0.8924668
6780,FBXO46,0.94333816
6781,ASB7,0.9560857
6782,ABCB8,0.96992123
6783,TMEM203,0.9733141
6784,GTPBP3,0.98281765
6785,AGER,0.9836083
6786,HINT2,0.96006566
6787,MYO18A,0.83789337
6788,SIRT5,0.97234166
6789,NUP205,0.81729996
6790,ARHGEF4,0.995768
6791,ZNF710,0.9355707
6792,LAMA2,0.9892837
6793,POLA1,0.7936929
6794,BAP1,0.9878238
6795,HARS2,0.9650964
6796,WDR7,0.88725847
6797,DIO2,0.8859974
6798,CFAP44,0.9756212
6799,ZNF133,0.8306378
6800,ACTR8,0.9122855
6801,NRSN2,0.99114144
6802,SIRT3,0.6209386
6803,COMMD2,0.96857023
6804,ZNF852,0.89684963
6805,CEP290,0.9521247
6806,USPL1,0.86325735
6807,IFI27L1,0.9928751
6808,CACNA2D1,0.8520963
6809,PPP1R3E,0.9190948
6810,EVI5L,0.9538894
6811,DHX35,0.9606441
6812,ZNF75D,0.78529495
6813,EXOSC8,0.86340004
6814,DYRK2,0.95820606
6815,GCDH,0.9554661
6816,ZNF793,0.5403198
6817,STK19,0.9753822
6818,MCM6,0.96357113
6819,INPP5B,0.9770695
6820,TENT4B,0.84154516
6821,C7orf25,0.90011334
6822,ZXDB,0.82049435
6823,OGDHL,0.9884713
6824,SAMD13,0.93932825
6825,GNG7,0.88952386
6826,MYNN,0.5662295
6827,CAMK2G,0.94364846
6828,GSTM3,0.9755872
6829,ZNF8,0.8272941
6830,VAC14,0.90771955
6831,ASMTL,0.9882456
6832,TFF3,0.7187421
6833,ATG4D,0.8826252
6834,ERMARD,0.9792674
6835,PLOD2,0.84695256
6836,CAMKMT,0.9303883
6837,CPAMD8,0.9777327
6838,ZNF503,0.94297665
6839,HIP1,0.8108504
6840,SFXN2,0.9560446
6841,GLIPR1,0.8451395
6842,SHPK,0.896578
6843,CMIP,0.9403969
6844,FAM76A,0.83502007
6845,ARHGEF40,0.9979439
6846,PPM1D,0.8648768
6847,RFT1,0.8920782
6848,SNX30,0.98455036
6849,INTS7,0.8750032
6850,ADCK2,0.94818366
6851,DZIP3,0.9947264
6852,RNF34,0.9937392
6853,LAMB1,0.8950628
6854,GTF3C4,0.68185675
6855,RRP8,0.91243446
6856,P3H4,0.85341257
6857,TUFT1,0.9335605
6858,ZNF511,0.9795319
6859,LPAR1,0.9774798
6860,TRMT1L,0.99065924
6861,GNG10,0.7339337
6862,LCN2,0.98265743
6863,GLYATL1,0.9922159
6864,AEN,0.75373584
6865,GCNT2,0.9899376
6866,PASK,0.9020618
6867,PLEKHG3,0.98016816
6868,TSPYL5,0.87368983
6869,RNF43,0.9860598
6870,ASB8,0.96380484
6871,NKRF,0.8419861
6872,PACRGL,0.9609307
6873,MTRR,0.96141374
6874,TMEM150A,0.9811777
6875,SMAD6,0.99011797
6876,DTWD2,0.9863539
6877,CHAMP1,0.9766615
6878,HECTD3,0.8838835
6879,SLC7A6OS,0.86427337
6880,TMEM41A,0.7694939
6881,STRN,0.6080482
6882,FAM234B,0.65206575
6883,PLEKHO2,0.9892328
6884,MTFMT,0.98820645
6885,BACE1,0.9775106
6886,LRCH1,0.9876328
6887,ERMAP,0.72476274
6888,DDX19B,0.930738
6889,RAVER2,0.96379507
6890,KLF7,0.99565
6891,THUMPD2,0.990575
6892,CDC42BPG,0.9494021
6893,EAF1,0.9508753
6894,PHF13,0.9452953
6895,L3HYPDH,0.8004796
6896,PSEN2,0.98752666
6897,CRIPT,0.92865634
6898,TMEM144,0.7096088
6899,KIFAP3,0.97122407
6900,HDAC9,0.9758019
6901,ZDHHC1,0.98309714
6902,S100A16,0.98799706
6903,PYROXD1,0.9764802
6904,CNTN1,0.72968465
6905,SIAH1,0.81436193
6906,ZSCAN9,0.86081725
6907,BPNT1,0.96891266
6908,SERTAD1,0.9889534
6909,COPS4,0.73137784
6910,PDPR,0.9326415
6911,LIPA,0.79155535
6912,RORA,0.9905546
6913,RPTOR,0.9899727
6914,KAT2B,0.986881
6915,PPP1R16A,0.7384119
6916,ZSWIM7,0.9196057
6917,UBALD1,0.93567693
6918,PSD3,0.9744546
6919,UTP18,0.87793505
6920,ZC3H12C,0.9848273
6921,PLIN2,0.9942472
6922,AP4B1,0.93443763
6923,ARHGEF5,0.9771234
6924,FBXO33,0.9931322
6925,HILPDA,0.7733286
6926,IFI27,0.99000585
6927,KLHL9,0.9651259
6928,PNMA1,0.917649
6929,ASF1A,0.82626307
6930,PFAS,0.76868105
6931,CNEP1R1,0.92280746
6932,DSTYK,0.9863867
6933,TBX2,0.9989256
6934,BAHCC1,0.91243964
6935,ATF1,0.96900654
6936,DNHD1,0.87785614
6937,INO80,0.95728236
6938,PRKAB2,0.9814664
6939,C1GALT1C1,0.872975
6940,UPK3A,0.7853569
6941,PAXIP1,0.82172644
6942,AXIN1,0.7422347
6943,ASB1,0.7895771
6944,INPP4A,0.9760864
6945,PTPN3,0.9707929
6946,ZMYM5,0.9115163
6947,ZNF576,0.9110867
6948,TIMM21,0.95159405
6949,CCDC149,0.8207098
6950,CCDC117,0.9381887
6951,COMMD9,0.81557655
6952,PHKA1,0.97111243
6953,INTS12,0.9305973
6954,TBC1D22B,0.9484735
6955,CCHCR1,0.8410665
6956,SLCO2A1,0.96777904
6957,ZNF629,0.9732073
6958,HSD17B8,0.99012744
6959,GALC,0.785304
6960,PGAP2,0.93824935
6961,MIEF2,0.738847
6962,DNAAF5,0.8149067
6963,ANAPC1,0.59287405
6964,GEM,0.87363756
6965,ZKSCAN3,0.9560173
6966,PRKX,0.99648404
6967,SIPA1,0.99491197
6968,MYO1E,0.48198968
6969,POFUT1,0.9003928
6970,SLC2A3,0.7627948
6971,PPIP5K1,0.9500066
6972,FZD7,0.9728079
6973,CEP120,0.98693436
6974,AAR2,0.9557357
6975,NF1,0.6805727
6976,OBSCN,0.9947315
6977,ZNF44,0.829765
6978,NUP88,0.9402521
6979,DCBLD1,0.9850652
6980,KLHDC9,0.7520325
6981,AASS,0.8939389
6982,UTP11,0.96640843
6983,PNPLA8,0.85720116
6984,SLC66A2,0.97078025
6985,GOT1,0.97644234
6986,PIGX,0.8947066
6987,TLNRD1,0.88081187
6988,FLAD1,0.99098366
6989,C2CD2,0.78569436
6990,SLC39A14,0.975757
6991,UNG,0.8462411
6992,LATS2,0.9913827
6993,LYSMD2,0.79404134
6994,NOL6,0.9892198
6995,TGM4,0.7300478
6996,FAHD1,0.9744759
6997,COG8,0.94295174
6998,NKAP,0.56409276
6999,ANKRD36,0.9433778
7000,NAP1L5,0.9262462
7001,GLMN,0.7642754
7002,BLVRB,0.8512422
7003,MICALL1,0.938795
7004,PLEKHA8,0.92695993
7005,PGM2,0.8573183
7006,FBXL20,0.7675675
7007,CDK3,0.86799127
7008,JAG2,0.95189553
7009,OSMR,0.9597679
7010,FKBP15,0.9495771
7011,RBPMS2,0.7067827
7012,WDR44,0.81574166
7013,AMOTL2,0.6125607
7014,MFHAS1,0.93434584
7015,TMEM250,0.9874213
7016,OTULIN,0.9974405
7017,ISL1,0.9958464
7018,CARMIL1,0.96599966
7019,ITSN2,0.85560244
7020,PINK1,0.87619805
7021,ANG,0.9973738
7022,EEF1A2,0.85955834
7023,MFAP3,0.92076576
7024,MASP1,0.87876976
7025,SNAPC1,0.96267736
7026,KAT14,0.8558206
7027,CLGN,0.8295487
7028,TRIM23,0.7537952
7029,C3orf38,0.7112091
7030,TADA2A,0.8361337
7031,ATPAF2,0.8739261
7032,HEMK1,0.96768415
7033,COL12A1,0.72544885
7034,SFT2D3,0.98886484
7035,RTL6,0.9803719
7036,DLAT,0.68115157
7037,KIAA1958,0.9748223
7038,YEATS4,0.9242333
7039,KIN,0.93226624
7040,FASTKD3,0.9804449
7041,REV3L,0.99361306
7042,LYRM4,0.902664
7043,BID,0.88613737
7044,HMBS,0.92460024
7045,CDK17,0.97727454
7046,APOBEC3F,0.98439884
7047,PLEKHA2,0.98446465
7048,FGFR2,0.9974388
7049,ITGB2,0.9861973
7050,LRSAM1,0.91797215
7051,MAP2K6,0.9638773
7052,TGFB2,0.95576495
7053,ARMCX6,0.902545
7054,IRX4,0.30523825
7055,SRRM1,0.9917777
7056,ZNF706,0.9732869
7057,CCDC82,0.9641634
7058,PARP11,0.7066191
7059,BTG3,0.9964371
7060,BIRC3,0.9946154
7061,RAPGEF2,0.9339819
7062,KIAA1549,0.9151437
7063,BEND3,0.95132136
7064,RCHY1,0.9773851
7065,NEURL1B,0.62624526
7066,SLC35A2,0.9656515
7067,INPP5F,0.90827066
7068,DLG3,0.8314896
7069,CD14,0.9895239
7070,OXCT1,0.93808883
7071,C6orf226,0.8342812
7072,BIN3,0.99826986
7073,RFX3,0.85477036
7074,ATP13A2,0.92611504
7075,FRZB,0.99491894
7076,TCP11L1,0.98672473
7077,MAD1L1,0.96273744
7078,CARF,0.7372464
7079,VARS2,0.96008223
7080,PARP3,0.9308721
7081,PLEKHA7,0.7744618
7082,ACCS,0.9401202
7083,SNX16,0.99773455
7084,ZDHHC7,0.9883015
7085,NQO2,0.9780484
7086,SIKE1,0.7420747
7087,SLC26A6,0.97149456
7088,CRYZ,0.9279587
7089,C17orf80,0.88431513
7090,HSPA14,0.98808146
7091,METTL16,0.9481013
7092,URM1,0.9586172
7093,PCGF5,0.9872259
7094,FBXW8,0.848093
7095,PID1,0.9868508
7096,NT5DC3,0.96422476
7097,TTC33,0.9855537
7098,KCNH8,0.7824346
7099,IFT140,0.98489195
7100,UBALD2,0.9526804
7101,PTCD1,0.72077036
7102,PAIP2B,0.98396796
7103,DBP,0.9851156
7104,TRIM66,0.9775199
7105,SSBP4,0.77851117
7106,ZNF467,0.9885459
7107,EED,0.92375326
7108,IFI44,0.98720723
7109,KCNS3,0.79210705
7110,ANKRD54,0.98876894
7111,AGPS,0.99107915
7112,PDK4,0.8653746
7113,UCK2,0.5456186
7114,ATG3,0.9518032
7115,MPEG1,0.9920012
7116,ZNF14,0.7387063
7117,ZMYM3,0.97972554
7118,ZNF589,0.99352396
7119,UVRAG,0.92463905
7120,IFT88,0.93891823
7121,UBAP2,0.97777134
7122,SMYD3,0.68562895
7123,PTPRD,0.7999354
7124,ZNF236,0.98088485
7125,IRS2,0.7254487
7126,MYO9B,0.877408
7127,HSDL2,0.88392067
7128,POLR3A,0.803368
7129,JPH2,0.91234607
7130,AMMECR1L,0.7438245
7131,UBXN11,0.918494
7132,ZNF143,0.882975
7133,SMIM27,0.9549117
7134,DCP1B,0.9844527
7135,EFEMP1,0.8905841
7136,AMPD2,0.94907796
7137,ADAL,0.9565756
7138,PCDHB5,0.9605434
7139,TNS3,0.9969622
7140,LRATD2,0.9427924
7141,ZW10,0.9925986
7142,PUS1,0.92517877
7143,TUBE1,0.97726136
7144,FGD4,0.98964584
7145,TACO1,0.9823076
7146,RASAL2,0.9453263
7147,ARHGEF2,0.9762509
7148,NPAT,0.86325806
7149,FBF1,0.9928729
7150,SLCO2B1,0.9764556
7151,DPY19L1,0.98227555
7152,ALKBH6,0.95200574
7153,DDX51,0.81101865
7154,SLC39A8,0.7799692
7155,PLEKHM3,0.96889144
7156,TBL3,0.952557
7157,RNF180,0.9884474
7158,RNF8,0.9587455
7159,DCP2,0.74996495
7160,TNFAIP1,0.8405322
7161,CELSR1,0.99559736
7162,CTSC,0.91499585
7163,TCHP,0.98238033
7164,TLCD5,0.8837143
7165,PPID,0.87493855
7166,ZNF524,0.7706452
7167,ZMAT5,0.80786276
7168,MUSTN1,0.98899317
7169,SULF2,0.9910122
7170,CENPS,0.73897487
7171,PXK,0.7942142
7172,SLC25A29,0.9412439
7173,PAPOLG,0.8918708
7174,IFT52,0.95488554
7175,FOXO4,0.7036265
7176,CYFIP2,0.9564527
7177,ZNF25,0.9558546
7178,ACE,0.93517065
7179,NXT1,0.985937
7180,NUDCD1,0.78609055
7181,C21orf91,0.8280676
7182,ZCCHC9,0.79957944
7183,RMDN1,0.9934639
7184,SLC35C1,0.9698679
7185,ARHGAP29,0.9490544
7186,FAM3D,0.9832909
7187,LRRC8D,0.9349945
7188,STK38,0.9602568
7189,RIOK2,0.9887272
7190,C1QTNF1,0.9919435
7191,SSC5D,0.9553296
7192,COQ10B,0.93080586
7193,MEX3A,0.9736978
7194,MSRB1,0.8231976
7195,RAB11FIP5,0.8290481
7196,CAD,0.9263234
7197,GIT2,0.75360847
7198,C9orf72,0.93527013
7199,XPNPEP3,0.9873513
7200,ZNF780A,0.9926726
7201,RNF24,0.97719294
7202,ZNRF1,0.9526957
7203,PTPMT1,0.86169803
7204,MDP1,0.9705045
7205,SSH1,0.7484857
7206,IRF2BPL,0.9428623
7207,LPIN1,0.98077196
7208,RABIF,0.98145163
7209,DOP1A,0.97879934
7210,RSBN1,0.95630825
7211,ISG20,0.9934209
7212,CCDC61,0.9709453
7213,CRABP2,0.9940585
7214,SLX4IP,0.90177613
7215,TP53I13,0.8359128
7216,CCDC59,0.9743496
7217,LIMK1,0.87334305
7218,CASTOR1,0.9042016
7219,PHAX,0.544894
7220,PLCB1,0.9858642
7221,SNRNP48,0.9864397
7222,SINHCAF,0.82705855
7223,ASAP1,0.7945286
7224,TAF2,0.6770541
7225,ALG6,0.98456836
7226,CRB3,0.9746011
7227,NOC4L,0.82200295
7228,ENTPD2,0.9184977
7229,FRAT2,0.9904154
7230,FANCF,0.8709877
7231,GGT7,0.9512112
7232,TRGJP2,0.9651832
7233,TTC23,0.9907228
7234,FADS3,0.97480106
7235,CDS1,0.97273517
7236,F2R,0.9901045
7237,COX19,0.8027619
7238,AGTR1,0.92643356
7239,ZFP30,0.81268865
7240,ISOC1,0.96683514
7241,COX18,0.9754612
7242,LBHD1,0.8121387
7243,ATP6V0E2,0.5924699
7244,CDC25B,0.99517447
7245,ARRB2,0.979411
7246,CFAP20,0.9686361
7247,C4orf48,0.9654583
7248,ZNF516,0.95741755
7249,AIF1,0.95492613
7250,PPIL3,0.96263444
7251,IER5,0.97330594
7252,TSNARE1,0.9731306
7253,TMEM223,0.82827586
7254,POLG2,0.97033185
7255,RBM12B,0.6451511
7256,P3H3,0.98804146
7257,ELL,0.78987265
7258,ZNF117,0.9825152
7259,PPP3CC,0.99734855
7260,RIPK4,0.9639287
7261,ASH2L,0.7776104
7262,SMCR8,0.88018185
7263,RIC8B,0.9780033
7264,UBA6,0.80636007
7265,EMSY,0.83283705
7266,SKAP2,0.9168314
7267,PLD2,0.9864607
7268,KIZ,0.8474664
7269,THG1L,0.9466753
7270,TAPBPL,0.8960618
7271,LMCD1,0.8888423
7272,VSIG2,0.99823666
7273,DUSP7,0.95777404
7274,NDUFAF7,0.9325975
7275,LRIG2,0.9434279
7276,PPM1M,0.9922505
7277,DNASE1,0.89048094
7278,KMT5C,0.9479127
7279,TRMT44,0.97374487
7280,FUZ,0.98709124
7281,EPS8,0.88475496
7282,RRP15,0.96593416
7283,GABRE,0.98795307
7284,ACP5,0.9031308
7285,PTGIS,0.98587924
7286,ZFP28,0.9180301
7287,WDR25,0.968238
7288,CDC37L1,0.831017
7289,R3HCC1L,0.96864104
7290,ZBTB43,0.7777341
7291,C19orf47,0.9769403
7292,NSUN7,0.9852826
7293,ELP4,0.949105
7294,WARS2,0.8852807
7295,NTHL1,0.9904053
7296,NUP50,0.93844014
7297,ADAMTS2,0.93552804
7298,VANGL1,0.96284455
7299,ZNF738,0.917018
7300,PCDHGA5,0.7191125
7301,CPXM2,0.9799204
7302,RNF208,0.9283387
7303,KATNA1,0.78255194
7304,ACVR2B,0.9806932
7305,EIF2B2,0.9660009
7306,MBD4,0.9729597
7307,THBS2,0.8265068
7308,ATOH8,0.96946156
7309,COA5,0.60297227
7310,CPVL,0.9468007
7311,GGPS1,0.96189964
7312,NUDT14,0.91566634
7313,NUP107,0.97397363
7314,MED19,0.9657736
7315,PXYLP1,0.96914023
7316,ARID5A,0.93690425
7317,CSF1,0.9954771
7318,THADA,0.9566743
7319,FAM241A,0.94021356
7320,ECRG4,0.6789125
7321,E2F5,0.95081013
7322,LRRC57,0.83796227
7323,IGSF21,0.7625421
7324,IMPA1,0.9700505
7325,HEATR6,0.9955114
7326,PLA2G4F,0.88079935
7327,RAP1GDS1,0.96061015
7328,CHD7,0.7748877
7329,RASSF4,0.9844563
7330,SPRY2,0.9873585
7331,TAMM41,0.95211947
7332,MLLT10,0.81811583
7333,NOC3L,0.8579334
7334,RHOQ,0.9580985
7335,NFATC4,0.9918262
7336,TFAP2C,0.96592015
7337,AP4M1,0.91175056
7338,CACNB2,0.84924865
7339,FGFR3,0.83577704
7340,PFKFB2,0.9718657
7341,TFF1,0.50538975
7342,GNB5,0.9580485
7343,MAP3K1,0.9812443
7344,LIG1,0.8518915
7345,EARS2,0.9979648
7346,NLE1,0.957305
7347,SIRT6,0.90084016
7348,SLC35A1,0.9451413
7349,EIPR1,0.9906553
7350,LINS1,0.838274
7351,GLRX3,0.80583954
7352,DCPS,0.79655933
7353,RGS17,0.9683731
7354,CDRT4,0.94802797
7355,MOSPD2,0.8918423
7356,SLCO5A1,0.9594006
7357,KBTBD7,0.96097386
7358,GABRB3,0.6567612
7359,GRHL1,0.9286283
7360,PAIP1,0.5745173
7361,SLC45A4,0.9102341
7362,AGK,0.91326183
7363,RBSN,0.97234815
7364,ZNF608,0.97448856
7365,FUCA2,0.969728
7366,ADCY3,0.9847613
7367,KAZN,0.98270655
7368,MYO9A,0.9929449
7369,UBOX5,0.93461657
7370,ELP3,0.9684576
7371,PTPRU,0.7568749
7372,CCDC127,0.9659834
7373,SPOCK3,0.99614775
7374,CCNT1,0.89671445
7375,ZNF343,0.9304279
7376,ADGRE5,0.938511
7377,TRMT12,0.71310335
7378,ATRIP,0.988615
7379,ASB13,0.98831254
7380,CAAP1,0.8296483
7381,HMGCR,0.9426672
7382,SLC12A9,0.9225871
7383,CASP9,0.96868837
7384,ARHGAP26,0.9935111
7385,RNF25,0.90487003
7386,FANCL,0.96139497
7387,MOSPD3,0.7565705
7388,ANPEP,0.74879795
7389,MMGT1,0.9256312
7390,FRK,0.7991444
7391,AJUBA,0.988301
7392,ECM1,0.9982405
7393,NAA16,0.88726264
7394,SFXN3,0.9720277
7395,RAB11FIP4,0.96302676
7396,CELF2,0.9931176
7397,RRS1,0.77892137
7398,PODXL,0.97298306
7399,BBS7,0.8894254
7400,METRN,0.8735955
7401,FNTB,0.8864071
7402,NR3C2,0.97458255
7403,CACFD1,0.69667494
7404,MEGF9,0.92376745
7405,PTRH1,0.93387264
7406,MDFI,0.9734408
7407,ZNF10,0.96364033
7408,CROT,0.93513286
7409,DNAJC9,0.7660391
7410,TRAF3IP2,0.8986598
7411,BRAF,0.9195129
7412,FAM98A,0.77898604
7413,KRBA1,0.980587
7414,ALOX5,0.8142862
7415,RECK,0.8667046
7416,CCDC71,0.832695
7417,SELENOI,0.58100384
7418,NRP2,0.9952646
7419,PDP1,0.83423686
7420,KIF9,0.9912312
7421,C3orf70,0.992817
7422,GNPAT,0.9753573
7423,JARID2,0.88266903
7424,NRF1,0.8331243
7425,PARP16,0.9643699
7426,TOX3,0.5455233
7427,UNC119,0.9809657
7428,CDCP1,0.95048
7429,PKP2,0.8174366
7430,SHANK3,0.99823016
7431,LYRM2,0.74170536
7432,STX19,0.99449116
7433,CMTM8,0.98322195
7434,GAPVD1,0.71597004
7435,TMTC2,0.8034941
7436,TRMT61B,0.96219575
7437,CHRNA2,0.85298455
7438,HIC1,0.99730444
7439,ZC3HC1,0.6878952
7440,POPDC2,0.8341856
7441,HMCES,0.7907885
7442,CCDC24,0.9204037
7443,CDIP1,0.9926971
7444,ITSN1,0.9527472
7445,ZNF697,0.9686602
7446,IFFO2,0.75284404
7447,MTRES1,0.94798714
7448,DNMBP,0.9550046
7449,C12orf29,0.79957765
7450,GOLIM4,0.89968777
7451,ERMP1,0.9861764
7452,MCC,0.99610984
7453,CCNH,0.9613946
7454,MTIF2,0.82264704
7455,PCDHGA9,0.7195129
7456,FAHD2B,0.9715843
7457,ZNF385A,0.8553517
7458,METTL8,0.97631234
7459,BMP1,0.9914818
7460,ZNF605,0.84344494
7461,TAFA5,0.8966603
7462,C9orf64,0.9561522
7463,ANGEL2,0.66752386
7464,SRPK1,0.945138
7465,SLC38A7,0.97093195
7466,RECQL5,0.8912818
7467,TGS1,0.5691495
7468,PBLD,0.95351815
7469,DHDDS,0.6780382
7470,ATG2A,0.9571527
7471,CNTLN,0.87574786
7472,RAB40C,0.89660764
7473,MAP6,0.7819394
7474,ZNF253,0.9522909
7475,YPEL2,0.73292667
7476,SDHAF4,0.9491393
7477,KDM7A,0.9472034
7478,TSEN2,0.8769273
7479,MGME1,0.8224406
7480,LIN7B,0.97169447
7481,PEX14,0.9122653
7482,HAT1,0.50389314
7483,COPS8,0.8450458
7484,GPRC5A,0.6822134
7485,ZNF174,0.98347497
7486,OSGIN2,0.81853193
7487,PTPN9,0.95160025
7488,NR4A3,0.6702627
7489,DNAL1,0.8816521
7490,GNA12,0.90324265
7491,ENDOG,0.82349664
7492,TRAF3,0.9660441
7493,CDC23,0.832228
7494,PCDHB16,0.788301
7495,MUC1,0.87825555
7496,RFC2,0.97121674
7497,FARS2,0.98543274
7498,PTPN6,0.9704607
7499,ARNT2,0.9793451
7500,ZNF212,0.7268182
7501,MBD3,0.75796664
7502,PPTC7,0.9943715
7503,WDR12,0.9167254
7504,CISD1,0.984521
7505,ZFP41,0.93489975
7506,TRIB3,0.99021214
7507,MAD2L1BP,0.98734367
7508,SCAMP3,0.940318
7509,WDR59,0.95398736
7510,EPDR1,0.7692175
7511,PPFIA2,0.69630307
7512,ZNRF3,0.8538924
7513,ARMC7,0.82039523
7514,HAUS3,0.7801456
7515,BPGM,0.73454404
7516,SERPINB11,0.9546374
7517,TNFRSF19,0.8395936
7518,NBEA,0.86991495
7519,TUB,0.98065567
7520,PLPP6,0.9920925
7521,APOBEC3C,0.8893307
7522,ETAA1,0.98597974
7523,SLC41A1,0.7891468
7524,ZNF136,0.9468958
7525,PKNOX1,0.9350166
7526,FEV,0.94944125
7527,TTC27,0.71355695
7528,RIDA,0.8488645
7529,TET3,0.87806594
7530,FAT4,0.811775
7531,CXorf38,0.98135805
7532,CD93,0.9107015
7533,SLC66A3,0.9833691
7534,GRK6,0.82530874
7535,ZBTB41,0.9846246
7536,CTDP1,0.99552464
7537,PHGR1,0.9548638
7538,ZNF197,0.67101496
7539,ABHD8,0.7330111
7540,ABCA3,0.88096774
7541,LYSMD3,0.8003243
7542,KCTD18,0.79069644
7543,STARD4,0.9512644
7544,LRRK1,0.93095946
7545,TRMT5,0.806617
7546,GAS8,0.79484755
7547,WHRN,0.76224893
7548,PAK6,0.9355899
7549,ZNF180,0.9149463
7550,MUL1,0.98167205
7551,BFAR,0.93052363
7552,PRIMPOL,0.9646243
7553,CEACAM1,0.99786
7554,CC2D2A,0.90052706
7555,SLC35B4,0.76229024
7556,RPP30,0.77715784
7557,SLC19A1,0.59138584
7558,FOXF1,0.53105474
7559,INPP4B,0.8916635
7560,CEP104,0.91836447
7561,CKLF,0.95596015
7562,PSMG1,0.7393592
7563,RIN3,0.98414207
7564,TOPORS,0.8856499
7565,WDFY2,0.94149226
7566,ZNF704,0.94230956
7567,IPO11,0.87498605
7568,PDZD4,0.9759224
7569,INPP1,0.84906596
7570,ERCC8,0.8056354
7571,NR1H3,0.9740607
7572,PEX3,0.97248685
7573,EYA3,0.9933105
7574,ARHGAP23,0.86446476
7575,TSC1,0.984382
7576,DCBLD2,0.98948246
7577,AGL,0.82519704
7578,SIAE,0.76722854
7579,BTN3A2,0.9925158
7580,LMTK3,0.9437038
7581,TMTC3,0.9679201
7582,BICDL1,0.9785772
7583,SLC7A2,0.860846
7584,KDM1B,0.9680869
7585,SMO,0.98252934
7586,STXBP6,0.8779795
7587,XPR1,0.8743612
7588,PRKCE,0.9910803
7589,STAB1,0.7650385
7590,TOX2,0.9885566
7591,GPC4,0.99736834
7592,HSF2,0.9192443
7593,BNC2,0.97167706
7594,CPOX,0.8335364
7595,QPCTL,0.931684
7596,UNC80,0.9572711
7597,HCCS,0.8041533
7598,ST3GAL3,0.95588315
7599,BTN3A1,0.97753155
7600,VPS37A,0.9321667
7601,KCTD9,0.9903363
7602,PARP14,0.8919264
7603,TFB2M,0.9215603
7604,NUP35,0.9185133
7605,RBBP5,0.74105066
7606,ARL6IP6,0.9025712
7607,DPCD,0.9647541
7608,MCPH1,0.99446934
7609,DNALI1,0.9591724
7610,PIGQ,0.9009828
7611,LRRC7,0.99569505
7612,ZNF347,0.984395
7613,METTL6,0.9443968
7614,GATC,0.61006755
7615,SCAMP5,0.969158
7616,HMGA1,0.97678775
7617,CD40,0.7915656
7618,MSMO1,0.8425623
7619,MST1,0.80068564
7620,NLRX1,0.93692803
7621,L2HGDH,0.9608339
7622,TMEM60,0.97088736
7623,DHX58,0.9695612
7624,MUC12,0.49674293
7625,NXPE3,0.78878516
7626,TRMT10B,0.96474814
7627,DGKQ,0.93505275
7628,TIAM1,0.9751346
7629,PDK3,0.9284455
7630,VILL,0.8800577
7631,HDAC8,0.89335406
7632,GCLM,0.83998275
7633,ZNF558,0.7690945
7634,METTL21A,0.9925468
7635,RBMS3,0.98445344
7636,NPTXR,0.8219743
7637,CTTNBP2NL,0.9963275
7638,BLOC1S3,0.917879
7639,CDC42EP2,0.7782161
7640,TSEN15,0.88879424
7641,EML5,0.78448546
7642,TFAP4,0.91900414
7643,LSG1,0.69069976
7644,NTNG2,0.9867231
7645,TULP3,0.78843015
7646,TGFB3,0.6939264
7647,PEAK1,0.9153487
7648,DENND3,0.97800726
7649,ACAA2,0.9868346
7650,SLC7A6,0.96994567
7651,DTNBP1,0.992285
7652,C12orf43,0.9051081
7653,NMRK1,0.9181008
7654,CDKN2AIP,0.82087517
7655,ING2,0.92866904
7656,ABRAXAS1,0.9811404
7657,TAS2R14,0.971314
7658,BCAS4,0.9710937
7659,SLC25A42,0.92069644
7660,CCL19,0.81981695
7661,C19orf33,0.9470689
7662,CEP128,0.9736668
7663,HSD11B2,0.91132504
7664,CRIP1,0.9827905
7665,YAE1,0.7641151
7666,STYXL1,0.9432528
7667,ENPP2,0.99201775
7668,ZNF678,0.95129
7669,NABP1,0.98505753
7670,HAUS6,0.93582857
7671,COL8A1,0.8591083
7672,ALKBH4,0.8475663
7673,DENND6B,0.9627886
7674,ORC3,0.9513482
7675,NAPB,0.71228856
7676,ZBTB5,0.74872607
7677,TSHZ1,0.9610934
7678,GYG1,0.9696501
7679,STAT5A,0.9931603
7680,PEPD,0.9519954
7681,COG2,0.89870876
7682,P2RY11,0.82649285
7683,FCHSD1,0.9901191
7684,STX2,0.95354086
7685,SAP30,0.9581466
7686,KLHL2,0.895065
7687,PIR,0.919351
7688,AP5S1,0.9041405
7689,HAX1,0.4999559
7690,MDC1,0.9733121
7691,FANCC,0.95238084
7692,DDR2,0.99237853
7693,IPPK,0.89615804
7694,EMC8,0.8133021
7695,TBXAS1,0.9671839
7696,SP100,0.98197466
7697,SPATA2,0.9004799
7698,DPM2,0.94416225
7699,BBS5,0.9884521
7700,UBA7,0.9891184
7701,DBR1,0.84717125
7702,DHRS7B,0.9105532
7703,MRM2,0.98567086
7704,SNUPN,0.7314364
7705,TIRAP,0.96696246
7706,ESR1,0.99234706
7707,TDP1,0.96573645
7708,PLAGL1,0.99559754
7709,YDJC,0.88608366
7710,LCAT,0.7740023
7711,ATP7B,0.99398524
7712,SDHAF3,0.9799744
7713,ZNF574,0.93833524
7714,DTYMK,0.7783796
7715,C2CD3,0.9870373
7716,TNIK,0.97653264
7717,SCARA3,0.7999152
7718,DIPK2A,0.91080433
7719,SPRYD7,0.9138469
7720,METTL14,0.49328968
7721,FAM219A,0.95635986
7722,ZBTB6,0.58371
7723,FAM107A,0.78617024
7724,PPP1R8,0.88819623
7725,FHOD3,0.7782138
7726,SLC17A5,0.92790115
7727,RBM41,0.92165136
7728,ANKRD27,0.6442006
7729,ZNF585B,0.9159641
7730,PIP4P1,0.8432047
7731,SNX11,0.84191537
7732,GABPB1,0.97599393
7733,TICAM1,0.8794693
7734,KLHL8,0.93578404
7735,IRS1,0.7601951
7736,TUT1,0.8563076
7737,CASP7,0.7807128
7738,PAAF1,0.95945
7739,MTMR1,0.9257388
7740,BGLAP,0.9588176
7741,CCDC102A,0.9890685
7742,ZNF283,0.6999848
7743,TEP1,0.98183405
7744,CORO7,0.9278041
7745,KDM2B,0.98698497
7746,PAK1,0.95266414
7747,SNED1,0.9622541
7748,PRR3,0.90909296
7749,RBM38,0.9982653
7750,TOP3B,0.9859478
7751,PDGFC,0.94188476
7752,FUT8,0.92085665
7753,SMYD5,0.612584
7754,ORAI1,0.99037886
7755,CYP2U1,0.72353363
7756,PTPRB,0.9856981
7757,ZSCAN16,0.9800653
7758,TAB3,0.7955226
7759,DHRS11,0.80753756
7760,NT5C,0.99232584
7761,CYBB,0.99122214
7762,MIS12,0.72803104
7763,ZFY,0.97479737
7764,PUS7,0.96779597
7765,ZCCHC2,0.94903815
7766,GLT8D2,0.9961312
7767,CPM,0.9766231
7768,MLYCD,0.6993103
7769,KNSTRN,0.85230654
7770,KCNK1,0.83590233
7771,MPHOSPH9,0.9860258
7772,MAFG,0.8291657
7773,RNGTT,0.78765666
7774,SNX29,0.9805588
7775,CEPT1,0.96030337
7776,ITGB3BP,0.9358617
7777,ZNF441,0.819867
7778,PITPNM1,0.9337536
7779,PDE6D,0.9717922
7780,TMEM42,0.9636888
7781,RAP2C,0.98817503
7782,GPN3,0.9636814
7783,PCGF1,0.8833531
7784,HDAC4,0.7814154
7785,KIAA2026,0.93535435
7786,PAQR3,0.97480035
7787,TASP1,0.9803934
7788,PAQR4,0.9779117
7789,CEP131,0.98414916
7790,BCL10,0.7605091
7791,UEVLD,0.9100788
7792,LMO3,0.85730314
7793,RALGPS2,0.5511713
7794,USP10,0.9382232
7795,SDSL,0.92309725
7796,ZFAND2A,0.9747486
7797,ALG14,0.93577373
7798,PPT2,0.8738305
7799,MAP9,0.9596391
7800,CIB2,0.94719726
7801,REST,0.8928225
7802,COQ2,0.9660448
7803,CARHSP1,0.7816723
7804,TTC28,0.9313281
7805,LAGE3,0.91791844
7806,PDE11A,0.98189783
7807,HELLS,0.7937839
7808,TMEM164,0.91659737
7809,PHLDA3,0.9350145
7810,ZNF844,0.81335765
7811,PRKAR2B,0.9631818
7812,CHN1,0.9629736
7813,EFEMP2,0.98880947
7814,SRI,0.84566367
7815,MSRA,0.7810578
7816,RAMP3,0.9551953
7817,RNF2,0.69752294
7818,DCHS1,0.99807465
7819,SHLD1,0.8803805
7820,CCDC28A,0.98226774
7821,DNAJC24,0.8948982
7822,CPPED1,0.99146384
7823,DERA,0.9617683
7824,ARL4C,0.96206856
7825,MVB12B,0.9521272
7826,TRIM39,0.95305616
7827,ZSCAN29,0.98285025
7828,PEX16,0.83424294
7829,FBXO31,0.9172499
7830,ZSCAN21,0.74467754
7831,POU2F1,0.49832943
7832,SFRP2,0.8188921
7833,ABLIM3,0.89245903
7834,TMEM178B,0.98997927
7835,ATP1A2,0.8878107
7836,TRIM21,0.9852905
7837,CCDC30,0.96059185
7838,HIVEP2,0.9023738
7839,PCDHGB2,0.95210487
7840,LONRF2,0.89043105
7841,RAD52,0.8359516
7842,IGSF3,0.9815759
7843,PPIC,0.59649485
7844,ZCCHC8,0.84622586
7845,METTL25,0.8501993
7846,FES,0.9951449
7847,CD53,0.73084503
7848,CHRDL1,0.9738238
7849,ZNF765,0.8940749
7850,MXD3,0.9401873
7851,PARD6B,0.9840635
7852,FUT11,0.9721018
7853,VTA1,0.9895942
7854,POLE,0.89537066
7855,ZC4H2,0.9848028
7856,STS,0.9589005
7857,CETN3,0.8856403
7858,ZSCAN26,0.94034576
7859,BICDL2,0.9495488
7860,SH3BGR,0.99484766
7861,BACH1,0.34556788
7862,PHLPP1,0.83902687
7863,TMOD1,0.994369
7864,DPH3,0.99052477
7865,ZNF747,0.9794595
7866,GADD45A,0.9894254
7867,WDR89,0.92894214
7868,MTO1,0.91350883
7869,KLF11,0.6731197
7870,HEATR3,0.8243247
7871,DIPK1A,0.98503226
7872,HCLS1,0.9938953
7873,PIBF1,0.86821234
7874,ZBTB14,0.9352401
7875,ERLIN1,0.91172826
7876,TMEM91,0.76717234
7877,TNFAIP3,0.9012096
7878,STRADA,0.95592856
7879,TRIM47,0.9020599
7880,MLH1,0.73555714
7881,TMEM132A,0.99034745
7882,MAN1A1,0.8677262
7883,ZDHHC12,0.69476485
7884,NOXA1,0.8810096
7885,VSIR,0.8336079
7886,TMEM178A,0.8367989
7887,DALRD3,0.97316164
7888,SGCE,0.9810456
7889,SHISA4,0.98709553
7890,P3H2,0.98888034
7891,SETD1A,0.9071825
7892,PRPF40B,0.9587529
7893,ZDHHC24,0.962515
7894,TBCC,0.7584822
7895,KL,0.7552703
7896,GDPGP1,0.8401668
7897,EXTL2,0.8385329
7898,VIPAS39,0.87833536
7899,SYS1,0.8818523
7900,KPNA5,0.87832755
7901,MED26,0.91686165
7902,RARRES1,0.646568
7903,IL17RA,0.9854521
7904,NDUFAF5,0.86996806
7905,KLHDC8B,0.95418245
7906,ZNF250,0.9288133
7907,CASKIN2,0.610833
7908,IGSF9B,0.9704969
7909,MDN1,0.72758865
7910,PIGZ,0.9774187
7911,TMEM62,0.8292058
7912,ZNF16,0.8829172
7913,SPRED1,0.71748805
7914,YARS2,0.981095
7915,ZNF446,0.84261984
7916,TPST2,0.72703815
7917,BLOC1S4,0.9649955
7918,ELMO3,0.9512522
7919,SNCG,0.9710484
7920,ELK3,0.93272996
7921,ZNF200,0.7798987
7922,B3GALNT1,0.88014126
7923,PIK3C2B,0.99145925
7924,C19orf25,0.9713628
7925,ACACB,0.57394147
7926,GRB10,0.82144994
7927,DDX59,0.8135886
7928,FAM210A,0.8356562
7929,GJC1,0.7651671
7930,TMEM44,0.8948926
7931,HIVEP3,0.8775138
7932,DBNDD2,0.95482147
7933,SEC31B,0.7413146
7934,SLC43A2,0.8659058
7935,PIK3CA,0.7938806
7936,ZNF333,0.9175775
7937,FCF1,0.86987495
7938,MAP3K3,0.7242852
7939,ARHGAP39,0.93088126
7940,CA5B,0.95555186
7941,TBC1D25,0.94663393
7942,MAP2K5,0.7755743
7943,ZNF346,0.7177976
7944,RTN2,0.92462635
7945,NAT14,0.9789582
7946,AIF1L,0.98802984
7947,SMUG1,0.98661953
7948,SPI1,0.9813396
7949,FASTKD5,0.9606491
7950,PATL1,0.8578631
7951,ACOT7,0.9945152
7952,NFASC,0.9740634
7953,RPUSD1,0.9494179
7954,STN1,0.9714388
7955,PROSER3,0.96811116
7956,STC2,0.95807076
7957,DYNC2H1,0.90603375
7958,DENND11,0.7276992
7959,TRIP4,0.95371133
7960,SYTL2,0.9223105
7961,GPC6,0.9929734
7962,ACVR1,0.98178947
7963,MSI1,0.97668755
7964,BPHL,0.93583244
7965,TARS2,0.8768034
7966,SAMD4A,0.95658463
7967,SLPI,0.97297585
7968,GLE1,0.9106846
7969,PDE8A,0.9421783
7970,SMCO3,0.9930264
7971,RWDD3,0.76351607
7972,SPEF2,0.90650815
7973,MSANTD4,0.6594859
7974,PRMT3,0.9147588
7975,PAMR1,0.7659619
7976,ANO8,0.9791052
7977,KPNA2,0.8429861
7978,ARL5B,0.9017195
7979,PRIM2,0.9698688
7980,ILDR1,0.7921785
7981,SLC35D1,0.97773325
7982,MSH3,0.7893475
7983,RPAP3,0.89804065
7984,SH3KBP1,0.80499786
7985,CTHRC1,0.8131329
7986,ATP2A3,0.8726287
7987,WDR19,0.95914555
7988,ZNF431,0.96526474
7989,MBTPS2,0.8879733
7990,SEPSECS,0.9778522
7991,ZNF213,0.9128302
7992,RNF113A,0.901506
7993,CDK5RAP1,0.7940966
7994,NUDT11,0.8772176
7995,GON7,0.896915
7996,ZNF830,0.8225734
7997,PPP1R13L,0.79056907
7998,DCLK1,0.70903075
7999,TATDN3,0.98197836
8000,ZNF211,0.7353217
8001,BTN3A3,0.9251802
8002,USP46,0.9196744
8003,TWIST2,0.9689081
8004,KCTD7,0.90066665
8005,FASTKD1,0.8104107
8006,FAM114A2,0.8006312
8007,ZNF181,0.9069525
8008,CHIC1,0.98830914
8009,NECTIN4,0.8699515
8010,SRGAP1,0.7573034
8011,ZNF689,0.98072994
8012,LPIN3,0.99517465
8013,ZNF672,0.94387543
8014,ABTB2,0.7810619
8015,CEP57L1,0.9605591
8016,PLCH2,0.99708337
8017,FLT3LG,0.78915507
8018,PROS1,0.90466267
8019,TRIM45,0.63696796
8020,TRMO,0.98245925
8021,NLN,0.83102024
8022,STMN1,0.9414484
8023,L3MBTL1,0.9553992
8024,EPB41L2,0.76657236
8025,ITGA11,0.9731406
8026,CREBRF,0.96243125
8027,MOK,0.9918802
8028,ZNRF2,0.9678074
8029,AP3M2,0.78503025
8030,SUSD1,0.9104625
8031,CYP2R1,0.8458779
8032,TOGARAM1,0.95329857
8033,GPATCH1,0.95299506
8034,DENND1B,0.9527436
8035,SLC15A2,0.99225855
8036,MORN4,0.9221711
8037,PGBD2,0.9417885
8038,ZFYVE1,0.88153225
8039,PLEKHG5,0.98532134
8040,CNNM4,0.9645932
8041,LYRM7,0.8261991
8042,EFCAB2,0.9670776
8043,CDYL,0.98739904
8044,PCDHB2,0.7708598
8045,HSBP1L1,0.5852359
8046,MIF4GD,0.8265666
8047,CDH26,0.8168291
8048,CENPP,0.85810417
8049,PPOX,0.9090413
8050,AP1S3,0.8558908
8051,WDR35,0.8951231
8052,PARD3B,0.6230945
8053,SP110,0.9936024
8054,RMND1,0.90955913
8055,FLYWCH2,0.8654969
8056,PDE3A,0.9942881
8057,ACADL,0.7747296
8058,CCDC112,0.77570444
8059,HPS6,0.9802982
8060,TEPSIN,0.9815306
8061,SFMBT1,0.8838877
8062,GPKOW,0.87991565
8063,MICU3,0.86945385
8064,ARSB,0.97400767
8065,ZC3HAV1L,0.98485005
8066,JRKL,0.95758307
8067,PSMB9,0.7477672
8068,COCH,0.66122186
8069,LANCL2,0.98112166
8070,RPH3AL,0.9807082
8071,ALG1,0.96936446
8072,AGO4,0.95922637
8073,ZBTB3,0.97359174
8074,DTX2,0.7786496
8075,USP28,0.7316989
8076,PCOLCE2,0.985309
8077,SAP25,0.85679954
8078,SPON1,0.99822676
8079,NUDT15,0.7200326
8080,ATG10,0.970867
8081,COPZ2,0.98248607
8082,MICALL2,0.96706957
8083,MCM8,0.9450119
8084,CHM,0.7369003
8085,FOXC1,0.99023676
8086,PCYOX1L,0.9718496
8087,OSBPL5,0.95367795
8088,ABCC3,0.8553439
8089,ZNF805,0.9424317
8090,ZFYVE26,0.96918863
8091,TMEM65,0.9274611
8092,ZNF595,0.74196094
8093,EXOC2,0.7905466
8094,NSL1,0.9275539
8095,MDM1,0.9600207
8096,SRBD1,0.84391075
8097,TTL,0.8202249
8098,ZNF777,0.87036824
8099,TIMM23,0.8750634
8100,NDUFAF6,0.8466418
8101,POLR3GL,0.6081811
8102,CDH3,0.9002115
8103,C11orf52,0.88741064
8104,ABCA7,0.9241264
8105,TSPAN33,0.91945577
8106,MANEA,0.6756509
8107,L3MBTL3,0.95740646
8108,MTHFSD,0.9597569
8109,SLC35E3,0.88312197
8110,PDCD2,0.9546171
8111,GMEB1,0.8233211
8112,HIP1R,0.7769252
8113,ALKBH2,0.8823701
8114,FAM200A,0.82696
8115,ZNF182,0.83077604
8116,ABHD5,0.8916882
8117,THEMIS2,0.8812745
8118,FBXO36,0.9758824
8119,SEMA6A,0.5901028
8120,RCBTB2,0.96080524
8121,PPP2R3A,0.8168563
8122,STYX,0.77278745
8123,SOCS7,0.9003642
8124,SRD5A2,0.754884
8125,SLF2,0.94418764
8126,TPRN,0.78580016
8127,LACTB,0.8978015
8128,TWF2,0.98383886
8129,KIF1A,0.9594052
8130,ZNF423,0.99182874
8131,GNA14,0.87363887
8132,MAFB,0.9634774
8133,THAP3,0.91378003
8134,CDK2,0.7888135
8135,BMP4,0.8320706
8136,PPIH,0.84914523
8137,ZNF654,0.96861756
8138,REL,0.89961535
8139,NSG1,0.9656956
8140,TMEM216,0.83668095
8141,ZNF554,0.9446979
8142,NEU3,0.9758089
8143,PXMP4,0.7548288
8144,IFITM1,0.7723424
8145,ACTR5,0.8855762
8146,PHLDA2,0.9119033
8147,MFSD8,0.86928254
8148,IFIH1,0.8273297
8149,DAPK2,0.82662946
8150,ERBIN,0.82214946
8151,SMIM8,0.9500443
8152,RAB20,0.9856163
8153,TMEM186,0.5713355
8154,STMN3,0.9249208
8155,ZNF585A,0.599312
8156,KIAA0513,0.7200277
8157,GALNT18,0.8032723
8158,MED20,0.8873487
8159,PDZK1IP1,0.9194709
8160,POU6F1,0.8691735
8161,ARHGAP33,0.91707003
8162,FBXL12,0.8947426
8163,TNPO3,0.9812355
8164,DAP3,0.9256319
8165,KALRN,0.86900073
8166,DCLRE1A,0.9893174
8167,DLG4,0.89764035
8168,POLA2,0.67214787
8169,TMEM39A,0.92581177
8170,VPS9D1,0.96855736
8171,PLAUR,0.9112185
8172,SMYD4,0.94170916
8173,EGFL7,0.9671179
8174,FCHSD2,0.98392814
8175,HPS3,0.9830475
8176,RNF19B,0.9421342
8177,TBCEL,0.87726486
8178,MAPK8IP1,0.95829874
8179,TEFM,0.92233753
8180,SLC20A2,0.6884391
8181,SLC52A3,0.8432786
8182,IZUMO4,0.74543446
8183,EEPD1,0.88333046
8184,DLC1,0.92783606
8185,GBE1,0.7643478
8186,ARMCX5,0.5969241
8187,ZNF383,0.97593856
8188,MTX3,0.9609742
8189,ZBTB8A,0.8275679
8190,ETFDH,0.9200646
8191,SLC27A5,0.9016899
8192,GLT8D1,0.9473968
8193,SNRPE,0.6841881
8194,LRP12,0.9677106
8195,ANOS1,0.9773375
8196,PAFAH2,0.98433983
8197,ZNF142,0.71580464
8198,MYRIP,0.96327376
8199,LRRC45,0.96253955
8200,ZNF888,0.9738609
8201,DDB2,0.8586748
8202,ZDHHC21,0.7902301
8203,LARGE1,0.83607686
8204,MITF,0.92264926
8205,PJA1,0.9396843
8206,NDUFAF1,0.8819381
8207,OSBPL7,0.7758863
8208,OPA3,0.9730088
8209,CLEC2B,0.9965906
8210,ADPRM,0.96116257
8211,ZNF709,0.9883501
8212,TLN2,0.5731399
8213,RBAK,0.47553843
8214,CD34,0.96563834
8215,TBC1D23,0.830298
8216,MED7,0.9170863
8217,DMXL2,0.97859997
8218,SRFBP1,0.56853855
8219,TIGD5,0.8537514
8220,ENOX2,0.88918537
8221,UBE2D4,0.97642446
8222,EFHD1,0.9323656
8223,PPARA,0.9872382
8224,JOSD2,0.9930306
8225,MCRIP2,0.94949585
8226,NUDT16L1,0.9431901
8227,XYLB,0.82467973
8228,BRMS1L,0.68388265
8229,TMEM38B,0.9593739
8230,NFKBID,0.9789156
8231,TTF1,0.78865665
8232,ITGA9,0.9397467
8233,CAP2,0.8857625
8234,B4GALT4,0.97208816
8235,GXYLT2,0.83361787
8236,ZNF526,0.8789436
8237,MED27,0.76986474
8238,LRRC32,0.8206775
8239,WRN,0.8773724
8240,KYAT1,0.76265645
8241,TMEM26,0.81656814
8242,DZIP1,0.77378184
8243,FIBIN,0.7709745
8244,NCKAP5L,0.97972834
8245,SUPV3L1,0.84560287
8246,GLRX,0.7220583
8247,PI4K2B,0.88200706
8248,TGIF2,0.95104444
8249,ZNF799,0.7875297
8250,ZNF329,0.7659583
8251,C18orf25,0.94667894
8252,IQCK,0.9767025
8253,NINL,0.9572283
8254,APBA2,0.916072
8255,ERICH5,0.982676
8256,PLCXD1,0.8169566
8257,PCDHGA10,0.90764135
8258,EEF1AKMT3,0.91319835
8259,UBE2L3,0.885218
8260,TADA1,0.89948595
8261,GDAP1,0.9076593
8262,COIL,0.92273533
8263,LPAR2,0.80802274
8264,CHADL,0.9168953
8265,RASGRP2,0.9965818
8266,LFNG,0.68542
8267,TGDS,0.930519
8268,MFSD5,0.9354274
8269,NSUN5,0.9794529
8270,CDH10,0.9285628
8271,VAMP1,0.99439085
8272,VSTM4,0.8765477
8273,SMC2,0.9765205
8274,TMEM243,0.9923085
8275,WDR48,0.96217877
8276,CNNM2,0.86609316
8277,ECM2,0.99555814
8278,YBX1,0.8953792
8279,DHRS1,0.87903017
8280,DOCK8,0.89743114
8281,GHR,0.91945946
8282,BORCS5,0.9648528
8283,MPDU1,0.76717263
8284,ZNF559,0.8416295
8285,ZNF135,0.84380066
8286,ZFP3,0.70841706
8287,DNAH1,0.95034295
8288,AARS2,0.9054184
8289,TOR1B,0.763311
8290,GLI3,0.98221517
8291,FBXO8,0.9325463
8292,C1RL,0.9590523
8293,RAB33B,0.93648523
8294,LYN,0.9899333
8295,GMFG,0.77208376
8296,IRAK3,0.5828096
8297,RRP9,0.8946641
8298,MAP1LC3A,0.97572356
8299,C18orf21,0.96939135
8300,ZNF839,0.9518118
8301,TEX9,0.969454
8302,NRBF2,0.8352368
8303,SLC29A2,0.9540861
8304,MTHFD1L,0.92452854
8305,USP13,0.88871056
8306,ZNF184,0.9786283
8307,ATP7A,0.94074386
8308,NEDD1,0.96900004
8309,CP,0.5572246
8310,SUV39H2,0.9602958
8311,ZNF132,0.7955541
8312,FGF7,0.90791637
8313,AGTPBP1,0.8524102
8314,ANKRD26,0.57835627
8315,CMTR2,0.8546711
8316,PCDHGB7,0.93799126
8317,BMF,0.7976144
8318,ZBTB33,0.7551055
8319,SH2D4A,0.9403221
8320,TTC39B,0.8840285
8321,SCART1,0.8497793
8322,CEP295,0.97630095
8323,SWSAP1,0.96488047
8324,RIF1,0.46522945
8325,DBNDD1,0.98030967
8326,RNF6,0.5899521
8327,VCPKMT,0.8750699
8328,EXOSC1,0.91283965
8329,SLC9A8,0.98351127
8330,S100A2,0.9902021
8331,COQ6,0.9770243
8332,ZNF736,0.7103843
8333,LHPP,0.721689
8334,CATSPERG,0.9756982
8335,RARG,0.9923755
8336,GAB2,0.99483657
8337,PCK2,0.8806984
8338,CSRNP1,0.9680206
8339,MVB12A,0.96713316
8340,CLBA1,0.9466638
8341,TRIM32,0.9522437
8342,MIPEP,0.8846434
8343,RTL8B,0.7225919
8344,RAD9A,0.91941065
8345,IDNK,0.97912234
8346,PTCH1,0.8588475
8347,HHAT,0.90920615
8348,TSPAN7,0.75407714
8349,DHX57,0.7676311
8350,ITM2A,0.7059042
8351,SLC8B1,0.96939003
8352,DOLK,0.83461297
8353,PPP2R5B,0.9007469
8354,RMDN2,0.7373672
8355,FHL3,0.9972927
8356,FAM171B,0.8211299
8357,SSPN,0.9009868
8358,GNG11,0.95531905
8359,KDF1,0.9820508
8360,MTM1,0.90268075
8361,CCL2,0.74810517
8362,SCN1B,0.6894301
8363,PLGRKT,0.735212
8364,ONECUT2,0.8330685
8365,CDCA7L,0.903998
8366,POLR1C,0.8273275
8367,DGKE,0.7039364
8368,WDR83,0.66872734
8369,ZNF714,0.91344416
8370,POU5F2,0.8801268
8371,ZBTB22,0.5675998
8372,ZNF345,0.89554244
8373,IL17RD,0.8740887
8374,MIS18BP1,0.91630256
8375,GPHN,0.8786088
8376,PI4K2A,0.76826775
8377,STARD5,0.99674666
8378,INTS5,0.94512296
8379,ADAM22,0.81508064
8380,DUSP8,0.94695896
8381,SULT1A1,0.6696723
8382,GBP1,0.99806094
8383,HIRIP3,0.86032724
8384,UCP2,0.751825
8385,LIG4,0.95696974
8386,ZNF667,0.9395729
8387,ARID3B,0.9402213
8388,TRERF1,0.98840296
8389,RTEL1,0.7499603
8390,XYLT1,0.97342706
8391,ADCY5,0.77494967
8392,CACNA1C,0.9897579
8393,NPHP4,0.9552475
8394,LYAR,0.963168
8395,NUBPL,0.7991407
8396,ZNF696,0.9529632
8397,SLC12A6,0.9291955
8398,PCCB,0.9872793
8399,GARNL3,0.96853584
8400,NUS1,0.82264674
8401,JAM2,0.9654528
8402,FBXO30,0.99284303
8403,MKS1,0.9800463
8404,TMEM254,0.63657373
8405,PCLO,0.78638244
8406,EEFSEC,0.9573327
8407,SLC38A6,0.9913347
8408,PCDHGA7,0.98334587
8409,TMEM237,0.89222467
8410,POMGNT2,0.94004846
8411,ZNF625,0.83184296
8412,CXCL16,0.7738404
8413,TCP11L2,0.70765126
8414,KLK12,0.8367615
8415,SPG7,0.96099836
8416,PANK2,0.7721204
8417,CCDC136,0.83140683
8418,FRY,0.74042207
8419,HSPBP1,0.9497608
8420,RAB26,0.7732646
8421,SNX18,0.7948837
8422,PPP1R3D,0.7946848
8423,NGRN,0.9540557
8424,MBOAT1,0.98184377
8425,KLHDC1,0.9768663
8426,CELF6,0.9560686
8427,PXDC1,0.7014641
8428,RPUSD3,0.89556044
8429,LRRC49,0.90856445
8430,SDK2,0.6890978
8431,GHDC,0.89795816
8432,ZNF573,0.8470823
8433,ZKSCAN5,0.9692683
8434,PDCD2L,0.74547845
8435,CYP3A5,0.8668214
8436,FLVCR1,0.92984086
8437,PDK1,0.59442735
8438,ACSF2,0.9956
8439,PPP1R3C,0.9949476
8440,SOCS4,0.46191037
8441,TTC9,0.9621578
8442,TGFBR3,0.7661137
8443,MOB3B,0.8479025
8444,DNAJB4,0.8819193
8445,CEP78,0.9215395
8446,SLC5A6,0.9567863
8447,WNT7B,0.8685545
8448,DOCK6,0.82602113
8449,ZNF549,0.6842517
8450,INSIG2,0.8978377
8451,ZNF92,0.9477508
8452,LHFPL2,0.8120642
8453,CASP8,0.9961783
8454,TK1,0.9584375
8455,CHCHD6,0.83077043
8456,NSDHL,0.91197413
8457,LPXN,0.8086753
8458,OTUD6B,0.95527756
8459,PHTF1,0.89040333
8460,NFATC1,0.6445648
8461,SCLT1,0.9171356
8462,FAM229B,0.94919425
8463,SENP1,0.8111321
8464,TECPR2,0.827711
8465,DARS2,0.8646374
8466,FBXL7,0.8952595
8467,PRDM1,0.9651066
8468,BRF2,0.96828717
8469,PHTF2,0.94124764
8470,PLXNA1,0.9824943
8471,DDTL,0.6812471
8472,PTPN14,0.7045816
8473,CSRNP2,0.82999074
8474,ZDHHC13,0.5126264
8475,SPATA7,0.92812663
8476,FPGT,0.9278826
8477,SLC2A4,0.99283326
8478,CAPN3,0.80824256
8479,EEF1AKMT1,0.69901264
8480,ITGB3,0.9729918
8481,LNX1,0.51296175
8482,KNOP1,0.4905753
8483,RAPH1,0.95969033
8484,ZNF703,0.681887
8485,NIFK,0.88974136
8486,SLC41A3,0.9194502
8487,RERG,0.7651728
8488,HHIP,0.9944239
8489,MOSPD1,0.8931154
8490,ZNF124,0.5912235
8491,YRDC,0.847836
8492,WDR24,0.82603085
8493,PRICKLE2,0.77143
8494,EGFL8,0.96208096
8495,EPB41L4A,0.7599727
8496,CPNE2,0.85883826
8497,EFS,0.99419856
8498,TMEM39B,0.9034606
8499,C16orf87,0.9679433
8500,HIF3A,0.7325575
8501,NSUN3,0.9152943
8502,TRAM2,0.68178385
8503,EXOSC5,0.96071255
8504,HPS5,0.8355748
8505,ZNF304,0.9649577
8506,FHOD1,0.9477495
8507,ACAP1,0.9756947
8508,FAM118B,0.81242466
8509,KIAA1328,0.96497387
8510,VSIG10,0.8210188
8511,MTF1,0.7568223
8512,FMN1,0.8876943
8513,TSEN54,0.8515204
8514,C6orf136,0.9433499
8515,ZNF37A,0.91329175
8516,NUP37,0.77586585
8517,RNF166,0.9823903
8518,DNAJC11,0.90170115
8519,AHCTF1,0.87543523
8520,PARVB,0.6243192
8521,HGH1,0.6135191
8522,AZIN2,0.9633094
8523,SLC25A35,0.6602291
8524,APOL3,0.8313157
8525,ABCC9,0.99427855
8526,IL33,0.9046684
8527,VPS50,0.68218577
8528,ARID3A,0.8105582
8529,PTPRE,0.9977001
8530,N4BP2L1,0.9754476
8531,ZNF808,0.7735482
8532,ATL1,0.9812979
8533,SAYSD1,0.748997
8534,MED31,0.90802425
8535,SLC27A3,0.9679156
8536,AKAP7,0.9745645
8537,PUS7L,0.9537457
8538,MOB3C,0.9377471
8539,DRAM1,0.9935297
8540,SLC44A3,0.9137453
8541,CCP110,0.8629706
8542,MCM4,0.8677031
8543,RCC1,0.88213146
8544,LURAP1L,0.79351497
8545,RUBCN,0.9652476
8546,SERPINB9,0.98563594
8547,ZNF646,0.94530565
8548,QRSL1,0.81560814
8549,ANKRD13B,0.8636887
8550,ABT1,0.9710318
8551,DACT1,0.96227133
8552,GLIS2,0.77206516
8553,SCN7A,0.8557956
8554,NEURL4,0.7144777
8555,VGLL3,0.89132863
8556,REXO4,0.8760589
8557,RECQL,0.97097486
8558,ZFYVE19,0.9751204
8559,SARS2,0.95305556
8560,LYPD3,0.9654591
8561,HSDL1,0.9786716
8562,RCN3,0.9922447
8563,LAYN,0.68606806
8564,BRPF1,0.7310689
8565,PLA2G5,0.9924846
8566,CACNB3,0.79254955
8567,DHX33,0.73000175
8568,RBM45,0.6285952
8569,ZNF101,0.98124665
8570,ARHGEF6,0.8732317
8571,SLC24A3,0.989755
8572,MUTYH,0.95360184
8573,EDA,0.9247396
8574,JPH1,0.88961095
8575,INO80C,0.9677687
8576,IGSF9,0.94445896
8577,RMI1,0.85920507
8578,NMI,0.9969435
8579,G2E3,0.97438866
8580,CDC14A,0.98058105
8581,LMLN,0.96395975
8582,KLHL18,0.9814609
8583,MIPOL1,0.95487356
8584,STXBP1,0.9698788
8585,CSNK1G1,0.9045228
8586,SBSPON,0.99021727
8587,TMEM260,0.77428603
8588,NUP133,0.92235124
8589,BEND7,0.8091414
8590,EXOSC9,0.7500647
8591,PRRG2,0.78260744
8592,HOMER1,0.76164544
8593,ZNF287,0.8825676
8594,ZNF527,0.967844
8595,TMEM106A,0.9762238
8596,ADAMTS4,0.70546675
8597,ZNF517,0.7190867
8598,CHCHD4,0.90646553
8599,FAM169A,0.9509549
8600,TUBGCP4,0.8972891
8601,MAP3K14,0.9790494
8602,INTS9,0.98639226
8603,SLC36A4,0.76925737
8604,POMT2,0.69877476
8605,GPM6B,0.9706209
8606,RSPH1,0.81714994
8607,GXYLT1,0.91898423
8608,LRRC27,0.8947977
8609,SNAPIN,0.8463348
8610,CGREF1,0.6593774
8611,INTS13,0.89889693
8612,RNFT1,0.82364196
8613,TMCO6,0.8744617
8614,KIF2A,0.89356685
8615,MDFIC,0.98604524
8616,MEX3B,0.6702308
8617,LBR,0.8821534
8618,HEPH,0.91482717
8619,ALS2,0.8425114
8620,CBL,0.8023478
8621,EXOC6,0.8213949
8622,FOXJ2,0.8174902
8623,CHUK,0.72048044
8624,ZFYVE28,0.9152677
8625,PRKN,0.9625255
8626,GEMIN7,0.90885466
8627,ITIH5,0.8274086
8628,ZNF71,0.9490775
8629,MMP15,0.87460095
8630,CAPN15,0.91082317
8631,MCU,0.5792404
8632,DYNC1I1,0.9943083
8633,IRX2,0.8479736
8634,SMC6,0.88138086
8635,ADAMTS13,0.8317608
8636,FAM117A,0.8925002
8637,GP1BB,0.95744574
8638,SREK1IP1,0.9788777
8639,GAS7,0.9333005
8640,SMARCAL1,0.8997528
8641,ZBTB26,0.94587994
8642,CD109,0.93073255
8643,LIN37,0.9274066
8644,SCAPER,0.7939135
8645,ZSCAN32,0.7966814
8646,TUBA1B,0.9167599
8647,CDKN1C,0.69899
8648,SLC16A2,0.9919781
8649,PTGS2,0.7434803
8650,RCCD1,0.9821818
8651,TYW5,0.8688069
8652,SLC9A9,0.8974285
8653,DDX10,0.9444183
8654,PIP4P2,0.7923356
8655,KMT5A,0.91616213
8656,SMURF1,0.75170904
8657,SLC9A1,0.78370315
8658,SH3PXD2B,0.7588878
8659,RFC3,0.87446445
8660,WDR54,0.8993149
8661,AMOT,0.9963562
8662,FMO5,0.76834726
8663,AK9,0.6873997
8664,USP45,0.7485744
8665,FAXC,0.71745044
8666,NKD1,0.9901594
8667,EXTL3,0.8601139
8668,SKP2,0.9418671
8669,RTKN2,0.8094916
8670,MAST3,0.9896837
8671,ZNF557,0.93737113
8672,TMEM128,0.8913781
8673,IFFO1,0.98756033
8674,PDGFB,0.9868294
8675,RAC2,0.9897192
8676,EBLN2,0.9161241
8677,CTPS1,0.845363
8678,SEMA5A,0.9896094
8679,BANP,0.8331423
8680,FRS3,0.8615733
8681,PIGW,0.9603918
8682,LRWD1,0.8817712
8683,MINDY4,0.9601237
8684,GRK4,0.9062175
8685,ALDH1A2,0.6479881
8686,AMMECR1,0.8633239
8687,PTGS1,0.99687654
8688,BTF3,0.946321
8689,ECT2,0.8496109
8690,LZTS3,0.9892577
8691,TCTN2,0.97890645
8692,SMPDL3B,0.97245955
8693,SNX8,0.95415664
8694,PABPC1L2A,0.885485
8695,GPANK1,0.5376902
8696,ITGAX,0.9329202
8697,LAMB3,0.98865813
8698,ZNF821,0.988666
8699,MTFP1,0.9257739
8700,SPRTN,0.9132371
8701,SMIM3,0.88172275
8702,SPACA6,0.78455853
8703,MS4A8,0.9637607
8704,TIGD6,0.8501321
8705,TNFRSF6B,0.80258095
8706,INPP5E,0.86515707
8707,ST8SIA1,0.8118002
8708,SLA,0.96497905
8709,CCDC137,0.84838367
8710,FBXW9,0.9071867
8711,EZH2,0.97925365
8712,PUSL1,0.88229644
8713,WDR4,0.8166366
8714,TMEM242,0.8045367
8715,SCX,0.767308
8716,NRXN1,0.99368095
8717,SETDB2,0.9576334
8718,CDPF1,0.7578121
8719,PCDHB14,0.7511339
8720,OAS2,0.7873042
8721,ADAM19,0.76982117
8722,KATNAL1,0.93652314
8723,HAUS2,0.90267706
8724,DAGLB,0.921451
8725,ZNF169,0.89137036
8726,RIPK2,0.69463086
8727,FAM133B,0.8815909
8728,GRPR,0.966656
8729,PRELID1,0.75628626
8730,NCKAP5,0.8928703
8731,ZBTB9,0.636167
8732,DUSP6,0.99732286
8733,YOD1,0.95825255
8734,SYBU,0.8846768
8735,ISCA2,0.9597841
8736,ACYP1,0.6576745
8737,BOLA1,0.7333196
8738,C3orf14,0.8620988
8739,ENO2,0.9853301
8740,ATP11C,0.9582491
8741,TMEM140,0.9858072
8742,PET117,0.9215231
8743,SCFD2,0.71197164
8744,MPZL3,0.9499576
8745,PACRG,0.937488
8746,CS,0.89117783
8747,APMAP,0.6496864
8748,PTGES3L,0.9134312
8749,NETO2,0.96309346
8750,P4HA2,0.9870533
8751,PKIB,0.915229
8752,METAP1D,0.9078527
8753,DACT3,0.85361695
8754,RAB15,0.8670958
8755,TMEM131L,0.9383045
8756,SF3B4,0.40731594
8757,RILP,0.9538529
8758,PRMT9,0.7926999
8759,NRDE2,0.969549
8760,AOC3,0.9967087
8761,EPB41L3,0.795735
8762,ANGPT1,0.78418607
8763,ADPRH,0.9248652
8764,GUCY1A2,0.9927104
8765,PINX1,0.88184965
8766,FAXDC2,0.9853189
8767,C2orf76,0.965287
8768,SBK1,0.9335786
8769,VPS18,0.7596021
8770,ZSWIM4,0.9111814
8771,IL11RA,0.826841
8772,NHLRC3,0.8245599
8773,TCAIM,0.81592447
8774,MCM2,0.91378415
8775,CABCOCO1,0.9818087
8776,ZNF354A,0.755376
8777,FAM228B,0.9445228
8778,TIGD7,0.85557973
8779,VANGL2,0.9712539
8780,PCDHB3,0.6936289
8781,CNPY4,0.6957003
8782,CD4,0.9775734
8783,CCDC113,0.8740056
8784,RABEPK,0.962712
8785,KCNC4,0.77141136
8786,DUSP4,0.989165
8787,ABCF2,0.9392543
8788,DNAH14,0.97352815
8789,ZNF786,0.91089475
8790,TCN2,0.9802014
8791,FAM131A,0.95232654
8792,GABPA,0.97390264
8793,FAM83F,0.9725064
8794,ZNF23,0.9800108
8795,PRKCA,0.9233309
8796,RASSF7,0.6669422
8797,PPP2R2C,0.9827241
8798,XAF1,0.947289
8799,TMEM231,0.98508024
8800,ZFHX4,0.9390444
8801,CLEC14A,0.9163578
8802,TMEM117,0.9711395
8803,HELZ2,0.8928682
8804,ATP10A,0.7483729
8805,TTLL1,0.9040629
8806,CYP7B1,0.87950575
8807,TRPC1,0.9907788
8808,DBF4,0.9124504
8809,FZD3,0.91273236
8810,TMEM53,0.97042274
8811,KIF22,0.87344754
8812,PDIK1L,0.905305
8813,ANKS3,0.7261866
8814,WNT5A,0.7825683
8815,DENND2A,0.94897646
8816,SGF29,0.75247216
8817,TRUB1,0.83544135
8818,COA7,0.7254959
8819,ARHGAP45,0.8915678
8820,RHOJ,0.89849496
8821,CYB5RL,0.9207151
8822,CLDN15,0.97737414
8823,GANC,0.8280632
8824,ZBTB42,0.70236325
8825,ZWINT,0.7763375
8826,MEF2B,0.547513
8827,RASSF2,0.51137674
8828,DOLPP1,0.8477911
8829,ARL13B,0.89263237
8830,ZNF778,0.976712
8831,ARMC9,0.9805814
8832,GUCY1B1,0.51721585
8833,ZNF619,0.8931141
8834,ZNF281,0.8797965
8835,POLD3,0.7281422
8836,PRDM15,0.93166244
8837,EXPH5,0.7223597
8838,ULK4,0.9899172
8839,PARD6G,0.7294586
8840,ADAT1,0.8186586
8841,DCLRE1C,0.97462237
8842,CHST10,0.9465548
8843,AKIP1,0.96516424
8844,GMIP,0.71001583
8845,HOMEZ,0.89835685
8846,ZMAT3,0.9801353
8847,SOCS1,0.97125876
8848,LPCAT2,0.99283016
8849,TBPL1,0.96273005
8850,METTL1,0.754457
8851,RUSC2,0.96017057
8852,CUTC,0.77301985
8853,TRPM7,0.59510595
8854,VIPR2,0.95573145
8855,LYST,0.75483584
8856,ARHGEF18,0.88542163
8857,SOX5,0.98053205
8858,FHIT,0.87894714
8859,SPOCK2,0.98034424
8860,AFAP1L2,0.8819884
8861,CYGB,0.79734856
8862,LPCAT4,0.7575946
8863,MTMR9,0.89863217
8864,ASB6,0.78147256
8865,ANKRD6,0.93632203
8866,MXD1,0.832644
8867,ITGA2,0.9092135
8868,CHST15,0.778443
8869,THAP6,0.8022814
8870,EPHA10,0.9694997
8871,FIG4,0.96791184
8872,SERAC1,0.9602205
8873,ZNF513,0.84557945
8874,OXSM,0.95969737
8875,CD248,0.98362005
8876,MAMDC2,0.9390187
8877,FGFBP3,0.79059374
8878,ITGA4,0.85089713
8879,DPP3,0.8543246
8880,ROR1,0.89336467
8881,KIAA1586,0.873232
8882,CHRAC1,0.80801004
8883,ZNF41,0.955284
8884,RNF207,0.9972438
8885,ZNF438,0.8016405
8886,NAV1,0.6530996
8887,TSPAN9,0.78843474
8888,MYPOP,0.8305153
8889,NATD1,0.96520627
8890,TRANK1,0.8042942
8891,ZNF675,0.80520964
8892,GRIN3A,0.89279056
8893,PLA2R1,0.93574107
8894,ITGBL1,0.94614655
8895,BHMT2,0.9796698
8896,OLFML2B,0.94012064
8897,TMEM38A,0.9360368
8898,GNPDA2,0.6744463
8899,ANKRD44,0.95110834
8900,DHDH,0.8535219
8901,TFB1M,0.9829873
8902,TOR2A,0.9063235
8903,TBC1D13,0.88226736
8904,HCFC2,0.9114053
8905,RCAN2,0.83957255
8906,GEMIN5,0.66599154
8907,PDZD2,0.71592015
8908,ZNF501,0.876659
8909,MAIP1,0.76162326
8910,CDH5,0.90293443
8911,C1orf159,0.86792815
8912,ZNHIT2,0.82293075
8913,DSEL,0.9536412
8914,PTER,0.9610481
8915,NFATC2,0.868946
8916,BCL2L12,0.9445082
8917,LRRC56,0.9410058
8918,QTRT2,0.78231364
8919,IRGQ,0.94198936
8920,DONSON,0.9318793
8921,PLXDC1,0.6813906
8922,STK10,0.8784233
8923,COA6,0.954419
8924,SMIM13,0.46528745
8925,BMT2,0.9677877
8926,AQP11,0.77421325
8927,SERPINB1,0.95980465
8928,ZNF563,0.9185803
8929,CDK8,0.90157074
8930,CCDC8,0.99111795
8931,C3orf62,0.96991646
8932,P2RX1,0.8836265
8933,STK26,0.9363457
8934,DNM1,0.9959311
8935,RFLNB,0.6081087
8936,MAK16,0.7382744
8937,ZNF510,0.967084
8938,ANGPTL4,0.80775803
8939,TIGAR,0.9444479
8940,ZNF433,0.6550519
8941,NIF3L1,0.7223592
8942,NUSAP1,0.94960976
8943,LEPR,0.93380046
8944,ARHGAP4,0.75570786
8945,PHETA2,0.9531136
8946,CCSAP,0.96355414
8947,ZNF286A,0.97032684
8948,SLC13A3,0.92603457
8949,FEZ1,0.9078925
8950,CDK20,0.66156363
8951,GIMAP4,0.99739444
8952,CTNS,0.9547178
8953,HAGHL,0.8382988
8954,LRRC24,0.85493886
8955,CNFN,0.96777076
8956,SLC25A45,0.8958436
8957,KSR1,0.9611719
8958,ZNF324,0.9242134
8959,SHLD3,0.8449948
8960,HOXD10,0.91842884
8961,ANKAR,0.76158917
8962,STXBP5L,0.83618265
8963,CD52,0.9916142
8964,PALMD,0.97814405
8965,ERCC2,0.98044837
8966,CHTF18,0.8375183
8967,SLC66A1,0.92118186
8968,INTS2,0.95725435
8969,LRCH2,0.95944715
8970,NUDT10,0.797338
8971,SAC3D1,0.87747216
8972,DSN1,0.77778566
8973,GPSM3,0.9573361
8974,PLIN5,0.8329349
8975,CTDSPL2,0.97346044
8976,IL6R,0.97065383
8977,IFT81,0.72524524
8978,FSD1L,0.9463972
8979,SPRED2,0.8720211
8980,ZNF594,0.79314286
8981,MAPRE2,0.89160776
8982,PUS3,0.84239745
8983,PLSCR4,0.982755
8984,NCEH1,0.93284076
8985,DHODH,0.94161576
8986,KLHL15,0.7440154
8987,BAMBI,0.8625853
8988,SYDE1,0.9281619
8989,CAMK1D,0.8634128
8990,SLCO3A1,0.9054633
8991,LRRC20,0.90509164
8992,CTH,0.9033434
8993,MOSMO,0.8682364
8994,ZNF267,0.98986614
8995,ASPN,0.9173389
8996,PAQR7,0.9602505
8997,SLIT3,0.69525033
8998,KIAA0040,0.9862868
8999,HELQ,0.7970146
9000,PDP2,0.83146286
9001,MYB,0.97803414
9002,ACSL4,0.6580935
9003,TTF2,0.9007253
9004,ARL6,0.87648886
9005,ACOT11,0.78121775
9006,FTSJ1,0.83602047
9007,IQGAP2,0.7488363
9008,PRC1,0.98456025
9009,TOPBP1,0.9815451
9010,RFTN1,0.77129185
9011,HERC5,0.94700193
9012,NKIRAS1,0.9704424
9013,TTC32,0.96568465
9014,ZNF354C,0.77300364
9015,AHNAK2,0.8776531
9016,CABLES2,0.46184972
9017,OSBPL11,0.9412283
9018,PIK3AP1,0.6705166
9019,PCSK5,0.84988225
9020,KCNJ8,0.76189893
9021,SLC25A15,0.9065197
9022,ADGRG6,0.8075377
9023,RGL3,0.9496643
9024,SMC4,0.9545308
9025,HAAO,0.9576331
9026,APEX2,0.76382804
9027,B3GNT9,0.65261745
9028,TCF7L1,0.71399933
9029,PLEKHA6,0.7478192
9030,LIPT1,0.86849576
9031,MTHFD2L,0.6717394
9032,NAF1,0.9274199
9033,OLFML2A,0.9427154
9034,FGF2,0.9554721
9035,SNX22,0.7352041
9036,GRPEL2,0.9595486
9037,C12orf4,0.7835262
9038,XXYLT1,0.823126
9039,CTU2,0.95089036
9040,C1orf56,0.7683472
9041,PRDM10,0.8199826
9042,EVA1B,0.77113503
9043,RAPGEF3,0.9426027
9044,AOX1,0.9560457
9045,BUD13,0.984126
9046,TAF1B,0.8998642
9047,CCDC3,0.8987787
9048,CLMP,0.9850469
9049,TRPM2,0.8384295
9050,PRDM11,0.7067176
9051,NME5,0.96511626
9052,SATB2,0.96375984
9053,GPR180,0.9435061
9054,TIMELESS,0.96760887
9055,TNFAIP8,0.9910691
9056,SUGP1,0.79308915
9057,NBEAL1,0.9254092
9058,BCORL1,0.9531034
9059,EGLN1,0.8672035
9060,ZNF566,0.4808547
9061,C1QTNF3,0.9567899
9062,IQCH,0.94854
9063,INTU,0.43641925
9064,JAK3,0.9141707
9065,ZFAT,0.5152246
9066,NPAS3,0.922979
9067,ZNF823,0.6215066
9068,FBXL22,0.9903678
9069,RARB,0.9920547
9070,GRB7,0.9556981
9071,RP9,0.9392011
9072,PHLPP2,0.90903133
9073,PGAM5,0.8378963
9074,HYLS1,0.7959415
9075,ZNF671,0.77875966
9076,GCHFR,0.9144053
9077,RND3,0.98145545
9078,TEX10,0.8707732
9079,KATNB1,0.8045013
9080,ZNF500,0.53668004
9081,RBM43,0.93211144
9082,PTK6,0.7306488
9083,ZFP1,0.9492008
9084,TMEM104,0.77605844
9085,ACD,0.83750784
9086,PLEKHF1,0.8618742
9087,SLC9A2,0.81707144
9088,CYP4F8,0.9236807
9089,SKAP1,0.969161
9090,CPA6,0.8992345
9091,GTF2E1,0.94707185
9092,ABRAXAS2,0.96175253
9093,AIFM2,0.95595735
9094,SAXO2,0.79225194
9095,PLEKHA4,0.9424819
9096,CFAP70,0.9661132
9097,FAM13C,0.948961
9098,ARAP3,0.7676764
9099,FITM2,0.85199213
9100,TTC30A,0.8989507
9101,GCC1,0.891678
9102,RAB36,0.80960846
9103,ZNF784,0.8103416
9104,KCNQ1,0.845372
9105,TRAF1,0.99692607
9106,NEMP1,0.8643015
9107,SEC22A,0.98728174
9108,PHETA1,0.9444239
9109,CIAPIN1,0.84497947
9110,CLCN5,0.8326561
9111,COL4A4,0.99476796
9112,UTP15,0.9597792
9113,RANBP6,0.9260578
9114,LAT,0.8619415
9115,TMEM200B,0.98862547
9116,PARP12,0.8448624
9117,TMEM240,0.6131809
9118,TMEM176B,0.7554806
9119,GPC3,0.89602715
9120,KLF16,0.8612905
9121,PCDHGB6,0.9489015
9122,TLCD1,0.5255435
9123,SH3D21,0.88059837
9124,SRD5A3,0.9674015
9125,LCMT2,0.89383805
9126,NFATC2IP,0.7277453
9127,MCM9,0.80274767
9128,SPTBN4,0.8693898
9129,ARV1,0.63851523
9130,KLHL29,0.7461585
9131,RASSF6,0.80379283
9132,TNFRSF12A,0.95381224
9133,GORAB,0.96950847
9134,GPR155,0.94540334
9135,PGM2L1,0.9803577
9136,DEPDC5,0.9737848
9137,NPM2,0.9252106
9138,CAMSAP1,0.6068739
9139,SMPD3,0.9725828
9140,TMEM267,0.94274163
9141,RPP14,0.54384035
9142,TRIM62,0.9359281
9143,COG6,0.7944733
9144,MPV17,0.65259165
9145,DYNC2LI1,0.89963937
9146,CEP76,0.958677
9147,MTRF1L,0.90110385
9148,PLEKHM1,0.8594498
9149,PYCARD,0.96429193
9150,PSTPIP2,0.8996963
9151,CACNG4,0.7387537
9152,TOMM40L,0.77900547
9153,CLIP3,0.7646272
9154,KTI12,0.95166427
9155,TRDMT1,0.94167864
9156,GNG2,0.8999851
9157,ARHGAP9,0.98143154
9158,GSDMD,0.937291
9159,GPR157,0.9688475
9160,DPH6,0.7338393
9161,C1orf210,0.7763662
9162,ADGRF5,0.98215604
9163,SALL2,0.8710139
9164,NR1D1,0.9419998
9165,AMIGO1,0.7788962
9166,MED12L,0.9739504
9167,BTN2A1,0.99051917
9168,YPEL1,0.8118751
9169,PLCD1,0.9536133
9170,FGD1,0.83146
9171,CARNMT1,0.8059795
9172,TTPAL,0.8533539
9173,FGD5,0.85710627
9174,IL10RA,0.9789392
9175,DMRTA1,0.9858307
9176,TOE1,0.78660476
9177,PYGO1,0.97953355
9178,HOXA5,0.89664686
9179,NEGR1,0.9750421
9180,NASP,0.6428591
9181,ATG4A,0.9644691
9182,ITGA8,0.484443
9183,ACVRL1,0.94735664
9184,FLRT3,0.97721267
9185,EGR2,0.918024
9186,MARVELD3,0.80935645
9187,FST,0.9648906
9188,TMEM86A,0.8515217
9189,FHDC1,0.88512355
9190,SLC2A13,0.68903613
9191,JAK2,0.82685083
9192,SPATA17,0.72872156
9193,CCDC191,0.85482657
9194,C8orf88,0.98706126
9195,RNF227,0.89372647
9196,ZBTB24,0.62777275
9197,LURAP1,0.9472303
9198,GPR161,0.7374634
9199,ARMCX4,0.80944824
9200,IKBIP,0.99485
9201,C17orf97,0.9470295
9202,DUSP2,0.07273582
9203,FZD1,0.9847298
9204,MMD,0.818903
9205,KDELR3,0.928058
9206,RAMAC,0.3795485
9207,E2F3,0.93634176
9208,CHEK2,0.73109436
9209,C6orf47,0.8342124
9210,SRD5A1,0.7712975
9211,LOXL2,0.98507243
9212,C8orf34,0.8634359
9213,MCTP1,0.8733213
9214,SASS6,0.94057596
9215,GTF2H3,0.86789685
9216,ADM,0.6863034
9217,ALDH16A1,0.96875125
9218,HOXA9,0.6059979
9219,SLC38A9,0.7057419
9220,HACE1,0.9037497
9221,TMEM201,0.90616053
9222,CALCRL,0.9565597
9223,NXPH3,0.70677173
9224,TRMT6,0.5493899
9225,ALDOC,0.75068396
9226,REEP4,0.75778365
9227,TRPV1,0.9044815
9228,TTC7A,0.77935165
9229,SLC7A11,0.9921745
9230,CD58,0.98955107
9231,SLC15A3,0.7795292
9232,MAP3K7CL,0.94823104
9233,ESAM,0.95403403
9234,ZBTB2,0.78054726
9235,PPARG,0.91122484
9236,PLCD3,0.82194656
9237,F13A1,0.9505286
9238,TBC1D32,0.7781221
9239,SPSB2,0.6541074
9240,NBPF20,0.87188804
9241,WDR91,0.9154944
9242,SYNC,0.88148975
9243,TDG,0.6740293
9244,BBOF1,0.62782586
9245,OSBPL6,0.762572
9246,LDB2,0.9458414
9247,GABRP,0.9460276
9248,MBNL3,0.93926865
9249,ZWILCH,0.90317154
9250,HOXA11,0.72183913
9251,TENM1,0.70187896
9252,RIPOR2,0.96472317
9253,DUS4L,0.8241725
9254,WDR5B,0.70313257
9255,IL2RG,0.96923804
9256,RASD2,0.51475126
9257,HNF1B,0.9149514
9258,HSPBAP1,0.69777167
9259,FCGBP,0.86404467
9260,TDRD7,0.8855056
9261,C1orf54,0.9063856
9262,PELI2,0.919573
9263,RAB32,0.7451736
9264,DMKN,0.93421847
9265,NR2C2AP,0.72552496
9266,UBAP1L,0.9246781
9267,CDKL5,0.85221136
9268,ADCK5,0.94769156
9269,CEP83,0.96349657
9270,IL20RA,0.91875416
9271,ZNF234,0.8779309
9272,ZNF583,0.7418483
9273,LIAS,0.96087044
9274,RAB19,0.950033
9275,COL13A1,0.75194454
9276,JADE2,0.8668081
9277,GPATCH3,0.5623088
9278,RHOBTB1,0.72252136
9279,MTG2,0.812828
9280,BLNK,0.89528334
9281,PREX2,0.7300291
9282,UIMC1,0.93313277
9283,GGACT,0.92213124
9284,SLFN11,0.8107451
9285,CHST11,0.7835084
9286,RBP1,0.85595685
9287,PARP2,0.93201625
9288,MTX1,0.797748
9289,SYNJ1,0.6071642
9290,QSER1,0.9646068
9291,GEMIN6,0.7161585
9292,KLHL11,0.69538057
9293,DUSP14,0.8604812
9294,MFSD9,0.8508665
9295,NAIP,0.7848254
9296,SLC14A1,0.8668599
9297,TBKBP1,0.8914622
9298,PNCK,0.8157401
9299,PLK3,0.88813555
9300,C10orf143,0.9272228
9301,ARTN,0.8719652
9302,TWNK,0.90347457
9303,EHD3,0.7098175
9304,PTPRM,0.9758481
9305,TLCD4,0.76410294
9306,SLC16A9,0.7476311
9307,IPO4,0.7019411
9308,SMAD1,0.9773813
9309,PAOX,0.79432684
9310,RIOX1,0.76416945
9311,GLA,0.84983563
9312,CEP135,0.8721479
9313,SPACA9,0.816659
9314,EFCC1,0.9146658
9315,NEIL2,0.6502561
9316,SPATA2L,0.64703155
9317,HOXC4,0.3825069
9318,TMEM19,0.8205071
9319,C12orf76,0.9583558
9320,MAP3K9,0.75421035
9321,NCAPG2,0.5236466
9322,B3GNT6,0.9462696
9323,ADGRL1,0.83409274
9324,ANKRD18A,0.82930124
9325,UBE2V2,0.9354672
9326,CDKN2C,0.99171835
9327,HS3ST4,0.98251355
9328,FCGR2A,0.88645035
9329,DTX4,0.9863026
9330,MAP3K8,0.993768
9331,TSPAN12,0.9603313
9332,APBA1,0.81131035
9333,TMOD2,0.9523876
9334,KIF7,0.77679926
9335,ZNF567,0.7204274
9336,IBA57,0.8902073
9337,NDNF,0.9863974
9338,SPCS2,0.60414994
9339,PRAF2,0.9057487
9340,MBLAC2,0.81952834
9341,ZNF232,0.70424944
9342,FIZ1,0.95515454
9343,ELAC1,0.8409077
9344,GMEB2,0.7807058
9345,TXNRD3,0.884407
9346,ARHGAP31,0.9933221
9347,HPSE2,0.91899264
9348,SEC61A2,0.6827962
9349,PTPN21,0.92631865
9350,NFKBIE,0.9137459
9351,SPATA33,0.9775604
9352,ZNF490,0.8309203
9353,POLR3F,0.7158242
9354,DDX60,0.7420181
9355,TMEM106C,0.6033952
9356,SPATA5L1,0.6835513
9357,FKBP7,0.95669645
9358,SUPT3H,0.8548161
9359,PEX11G,0.9308024
9360,NOVA1,0.9575249
9361,REXO5,0.8669807
9362,C4orf46,0.75476557
9363,ZDHHC23,0.88945305
9364,PACC1,0.67567486
9365,PNP,0.9831177
9366,IL18BP,0.9569391
9367,IRAK1BP1,0.9608499
9368,DOK6,0.8557897
9369,NAP1L2,0.8586967
9370,ROBO3,0.86168146
9371,ERCC4,0.9066911
9372,ME1,0.90878683
9373,VAMP4,0.7013478
9374,EFCAB12,0.93435544
9375,TBC1D30,0.6801115
9376,CALHM2,0.9802358
9377,ZNF45,0.8562421
9378,RGS19,0.82276875
9379,DUSP28,0.7763903
9380,ANKMY2,0.8479507
9381,INPP5J,0.62517816
9382,ACTR6,0.60794044
9383,TAF1A,0.93753195
9384,ZBTB49,0.9540545
9385,TANGO6,0.89439684
9386,TRMT10A,0.86297446
9387,SHQ1,0.92258465
9388,S100A14,0.8613992
9389,PCDHGA11,0.6184975
9390,TRIM35,0.98367417
9391,PLAGL2,0.9469001
9392,FUNDC2,0.87788016
9393,TBC1D2,0.8676586
9394,SLC5A1,0.7430842
9395,DDX20,0.94506973
9396,TTI1,0.69086134
9397,MED1,0.6941799
9398,ZSWIM5,0.8220094
9399,NAA80,0.7018412
9400,PCDHB9,0.90163696
9401,SLC46A3,0.84945434
9402,OTUD1,0.93524486
9403,ZNF607,0.7204865
9404,CEACAM19,0.7948072
9405,TIGD2,0.99418443
9406,C2CD2L,0.8852712
9407,CLYBL,0.9326006
9408,EGFLAM,0.6531489
9409,LCP2,0.86396235
9410,GID4,0.731503
9411,ACTC1,0.92854726
9412,TNFRSF1B,0.9908826
9413,ANK2,0.43900043
9414,CNRIP1,0.96002984
9415,REC8,0.96714413
9416,HYKK,0.67448795
9417,CARD10,0.9833286
9418,PIGV,0.9503234
9419,USP37,0.8823049
9420,ABHD3,0.83465236
9421,ZNF484,0.86809164
9422,KLHL28,0.7936225
9423,C1QTNF6,0.819141
9424,SCO2,0.70903194
9425,ZNF584,0.98817885
9426,ZNF630,0.9079541
9427,BVES,0.64074117
9428,FGD6,0.9737191
9429,ARMT1,0.7768565
9430,BRSK2,0.7603651
9431,MEAK7,0.967622
9432,MAOB,0.9558095
9433,TAF6L,0.761486
9434,RCSD1,0.8382659
9435,MOXD1,0.5862079
9436,RFC5,0.9354444
9437,NPIPB15,0.6360081
9438,ADRB1,0.8672787
9439,GLCE,0.9378882
9440,TPMT,0.93652964
9441,LAIR1,0.92978776
9442,FKRP,0.50571084
9443,ADCY9,0.85721594
9444,SH3RF3,0.5516286
9445,PRLR,0.8534209
9446,METTL27,0.88787687
9447,DOHH,0.8254686
9448,SYDE2,0.6760702
9449,NMNAT1,0.73601466
9450,ZNF682,0.89559877
9451,PRICKLE3,0.9591112
9452,ADAP2,0.9204557
9453,RBM24,0.7391341
9454,CISH,0.7230741
9455,SETD9,0.9434478
9456,DENND5B,0.6640279
9457,UNC5B,0.9630942
9458,XDH,0.8975469
9459,ABHD10,0.7086808
9460,AS3MT,0.8194489
9461,CLEC3B,0.96278095
9462,TMUB1,0.71131486
9463,CERK,0.9917424
9464,HOXD9,0.7473661
9465,ANKRD35,0.9533615
9466,BBS10,0.73968196
9467,TMEM88,0.95767146
9468,GLCCI1,0.9060872
9469,EYA4,0.90098816
9470,PAPSS2,0.90080106
9471,ETFBKMT,0.79607546
9472,ZNF19,0.9121152
9473,PIGU,0.8861781
9474,RAPGEF5,0.86304307
9475,RNLS,0.8238261
9476,SEMA3D,0.88210857
9477,CKAP2,0.9238705
9478,LINC02693,0.9701025
9479,CCDC126,0.792793
9480,FAM185A,0.6982505
9481,KCNIP2,0.599669
9482,TMEM121B,0.98686475
9483,ZNF564,0.92551094
9484,BTBD8,0.89943314
9485,SRSF12,0.845168
9486,MRAS,0.9340348
9487,SH2B3,0.6406569
9488,NFKBIB,0.88391954
9489,ZNF668,0.8885423
9490,ZNF175,0.9644454
9491,ZNF610,0.94989514
9492,GPX8,0.8505777
9493,NME7,0.98367125
9494,SLC12A8,0.8139014
9495,WDR47,0.95126945
9496,NRG4,0.94438344
9497,HELB,0.9826926
9498,SESN2,0.5394917
9499,CYTIP,0.7270782
9500,TBL1Y,0.88960874
9501,LYRM9,0.880714
9502,TEDC1,0.96876574
9503,ZNF764,0.8570259
9504,PROCR,0.7948862
9505,CRPPA,0.88519204
9506,TTI2,0.7883703
9507,PITPNM2,0.6796298
9508,ZNF155,0.8796506
9509,ZNF860,0.6905227
9510,CENPJ,0.9444387
9511,FMNL1,0.9449332
9512,DNAJB5,0.71956813
9513,CACNB4,0.77407265
9514,LMNB1,0.95767313
9515,PECR,0.81582314
9516,LMO2,0.76021194
9517,MAP3K12,0.7943188
9518,SLC29A3,0.66100305
9519,CLN5,0.8871152
9520,DLX1,0.84177977
9521,SMIM1,0.95473576
9522,ZNF473,0.78195286
9523,MCOLN1,0.9471412
9524,RBM48,0.6413336
9525,PDE7B,0.9779489
9526,FBXO17,0.77813846
9527,HSPB7,0.7211865
9528,RAD51D,0.8762106
9529,OXNAD1,0.7395408
9530,PLCE1,0.77573884
9531,ITPRIP,0.9967947
9532,RGL1,0.98053986
9533,TFPI,0.9764578
9534,EFNA4,0.9536438
9535,ZGRF1,0.8881167
9536,GATA3,0.79471046
9537,KCNAB2,0.97151816
9538,MTCL1,0.57265234
9539,TCFL5,0.8093711
9540,STOML1,0.919594
9541,B4GALT6,0.9343562
9542,KCNH2,0.6844148
9543,CLDN11,0.94293797
9544,ARHGEF35,0.9417246
9545,KAZALD1,0.6784396
9546,HMCN1,0.7152977
9547,SLC41A2,0.890108
9548,PRRG4,0.99191695
9549,CXCL2,0.9805826
9550,LSM11,0.89947236
9551,GLB1L,0.73925173
9552,LYSMD1,0.94955224
9553,UPP1,0.88078606
9554,DAAM2,0.7520592
9555,USP30,0.9209723
9556,FBXO45,0.8986261
9557,PARVG,0.9513381
9558,ZNF782,0.86098015
9559,EXO5,0.6293338
9560,THAP8,0.91204864
9561,ZNF660,0.89797497
9562,FYB1,0.98605496
9563,RAD51B,0.8392004
9564,BTC,0.87034583
9565,MYCBP,0.94066525
9566,KLHL25,0.9749681
9567,PITPNM3,0.9737271
9568,TRIM59,0.9219023
9569,CENPV,0.8251352
9570,ZBED3,0.98664796
9571,FANCM,0.7115294
9572,MET,0.9955667
9573,TMEM177,0.85950947
9574,ZNF319,0.9467248
9575,EPHA2,0.9658176
9576,FRMD8,0.8736385
9577,ZC3H6,0.8020669
9578,CEP41,0.96112657
9579,STYK1,0.95924944
9580,CYB5R4,0.93283796
9581,OBI1,0.72969955
9582,FRAS1,0.8787138
9583,CHST2,0.9962172
9584,UTP25,0.7838266
9585,ANKDD1A,0.77964795
9586,FIGN,0.9698039
9587,MED18,0.7366525
9588,EGR3,0.9561131
9589,SNRPA1,0.9134921
9590,SH3BP1,0.96811867
9591,SP5,0.7974955
9592,WASF1,0.708592
9593,MON1A,0.96755934
9594,TTC13,0.9805055
9595,TRMT10C,0.876467
9596,UBXN8,0.8656202
9597,GPRC5B,0.965305
9598,ALPK1,0.9178608
9599,FAM50B,0.73135734
9600,ST3GAL6,0.9540596
9601,RELB,0.98064023
9602,ELOVL2,0.7471922
9603,LRFN3,0.6151235
9604,PCDHB11,0.8189305
9605,FANCG,0.96027195
9606,TRGC2,0.90811986
9607,PDSS1,0.931734
9608,PIGA,0.7452051
9609,SSTR1,0.98272264
9610,RTN4RL1,0.9864092
9611,THAP1,0.9167683
9612,FYN,0.92089725
9613,SHF,0.9721657
9614,PELI1,0.9745783
9615,ADCY2,0.9772582
9616,BEX2,0.70579815
9617,PGBD1,0.8834666
9618,KIFC3,0.66829073
9619,NDUFAF4,0.62568897
9620,F8A1,0.44637936
9621,RASL11A,0.88025784
9622,TYMS,0.83892524
9623,ZNF546,0.4749139
9624,ZNF138,0.8467882
9625,RAD18,0.7950733
9626,CHST3,0.9775869
9627,HPGD,0.67330855
9628,KANSL1L,0.7803179
9629,RNF217,0.93650794
9630,PRELID3A,0.70772517
9631,LEMD3,0.8857039
9632,NRXN3,0.98695827
9633,MYCL,0.8626414
9634,ZNF251,0.5873103
9635,PTCD2,0.83755535
9636,NOTCH1,0.9878749
9637,APAF1,0.97357804
9638,ZNF107,0.6173946
9639,TCEAL2,0.92394537
9640,MAPK4,0.97408
9641,B3GALT4,0.76967376
9642,UTP20,0.9189544
9643,FRRS1L,0.71597946
9644,ST6GALNAC5,0.8208554
9645,NRXN2,0.9752454
9646,GEN1,0.9473412
9647,LYSMD4,0.8706163
9648,PC,0.93385476
9649,ZNF284,0.853173
9650,TLR2,0.97604156
9651,TF,0.9534156
9652,NT5E,0.9278032
9653,FOXD1,0.98028576
9654,FBXL2,0.90920496
9655,ZNF439,0.87162983
9656,FGD2,0.92264324
9657,IL16,0.9951485
9658,RASGEF1B,0.9617241
9659,NLRP1,0.9105998
9660,ARHGEF26,0.73809564
9661,STRA6,0.94115955
9662,FAM184A,0.9742381
9663,CSPP1,0.8684079
9664,RBP7,0.7492902
9665,EVX1,0.8181676
9666,NBPF1,0.6989062
9667,KITLG,0.9934525
9668,DCLK2,0.784295
9669,MARK1,0.71735525
9670,CCNJ,0.9049059
9671,KCTD6,0.7158579
9672,RPGR,0.7819447
9673,ABHD15,0.6973176
9674,MAGI3,0.93625164
9675,SCARF1,0.79465836
9676,NTRK2,0.8071162
9677,MACROD2,0.51439685
9678,NPR3,0.84862626
9679,FGGY,0.88252485
9680,ZSWIM1,0.95201874
9681,EXOG,0.77784
9682,CLEC7A,0.9175843
9683,SUGCT,0.96425885
9684,WNT4,0.9685193
9685,LRRC28,0.53785235
9686,SAMD10,0.7412596
9687,DCAF13,0.4852874
9688,NCKAP1L,0.9885988
9689,EDNRB,0.7861583
9690,LYNX1,0.8582628
9691,TEAD4,0.97291
9692,C2,0.81545997
9693,BCL11A,0.8377254
9694,ZBTB25,0.954612
9695,AVPI1,0.86044157
9696,MAPKBP1,0.9438638
9697,ZNF691,0.987391
9698,ACSS3,0.7887183
9699,LYPD6,0.92649096
9700,TET1,0.6370599
9701,SERPINE2,0.49673796
9702,SYK,0.8949262
9703,SLAIN1,0.7484325
9704,C2orf15,0.71865505
9705,KRT23,0.77489746
9706,FERMT1,0.99325633
9707,MPP3,0.75860256
9708,GRK5,0.9663751
9709,SOWAHB,0.6929919
9710,SCN8A,0.81902736
9711,SAMD11,0.827971
9712,ZNF280C,0.66983837
9713,BAG4,0.83533305
9714,C14orf93,0.909381
9715,RAB39B,0.9653053
9716,C3orf52,0.87291783
9717,CHRD,0.98094726
9718,EID3,0.75105107
9719,NOSTRIN,0.95900875
9720,SRPX,0.8736616
9721,ZNF18,0.91093343
9722,TTLL11,0.81120026
9723,PANX1,0.751865
9724,PLK2,0.9884798
9725,TRIM58,0.84590733
9726,CBFA2T3,0.6080383
9727,NAV2,0.9931535
9728,TACC3,0.9904661
9729,LRRC61,0.87125736
9730,IQCG,0.8741623
9731,CENPO,0.86676157
9732,KCNJ11,0.83783066
9733,HSH2D,0.61208504
9734,CEP72,0.905401
9735,DERL3,0.92666066
9736,DLG2,0.9866406
9737,NUDT12,0.9255896
9738,ZC3H10,0.8925923
9739,PCLAF,0.65537214
9740,DCAF4,0.93402207
9741,ECHDC3,0.41783297
9742,SLC9A6,0.98463815
9743,ITGB6,0.75485486
9744,TBC1D8B,0.85192466
9745,MAMSTR,0.9541158
9746,C1QTNF7,0.7663092
9747,PTGER2,0.78423774
9748,CMTM7,0.8190571
9749,ZDHHC14,0.9117798
9750,ENOX1,0.75108355
9751,ZNF653,0.88465005
9752,COQ10A,0.8227743
9753,STIL,0.61590016
9754,C16orf46,0.8575407
9755,KLK10,0.9682817
9756,SEPTIN1,0.9292096
9757,DNAJC27,0.95032287
9758,SAMD12,0.8131658
9759,PIP4K2A,0.9545592
9760,PLXNA2,0.9518998
9761,MOCS1,0.9405645
9762,ERI1,0.75343
9763,SNTB1,0.65812653
9764,NPR2,0.8344018
9765,B3GNT5,0.77188784
9766,JADE3,0.9110912
9767,NEK11,0.8908623
9768,RBMS1,0.96523356
9769,ZNF891,0.88503647
9770,POP1,0.8239903
9771,SRR,0.76868254
9772,GFOD1,0.72321856
9773,SLC22A18,0.97857255
9774,ICAM2,0.83371025
9775,DNA2,0.7609126
9776,SEMA6C,0.723697
9777,PCSK1N,0.9516184
9778,PLEKHG6,0.83274806
9779,CCDC34,0.78893936
9780,OMD,0.9062186
9781,CCDC122,0.9371642
9782,INTS6L,0.9529924
9783,EML1,0.76099765
9784,RASGRF2,0.9888968
9785,HPS1,0.90497327
9786,XKR6,0.89394075
9787,TMEM67,0.7555553
9788,ST3GAL1,0.67170936
9789,MAGOHB,0.34348604
9790,POLD1,0.9540408
9791,ETV1,0.89652604
9792,PCDHA11,0.5441221
9793,MFAP3L,0.7059528
9794,LZTFL1,0.89268255
9795,ZNF718,0.8461638
9796,C1orf216,0.715684
9797,FAM81A,0.89369845
9798,MCF2L2,0.28391856
9799,CPLX1,0.6221148
9800,GAREM1,0.93336666
9801,CABLES1,0.79761904
9802,GAN,0.824325
9803,DNAH8,0.8641784
9804,IFIT5,0.90244836
9805,COX10,0.54201746
9806,ZNF570,0.51826
9807,PANX2,0.8775128
9808,ZNF620,0.6061541
9809,ZSWIM6,0.76863796
9810,RTL5,0.9080398
9811,EFCAB6,0.9499038
9812,NEDD4,0.8239577
9813,B3GNTL1,0.9613609
9814,UBTD1,0.7049642
9815,MAP1S,0.95522726
9816,TNFRSF25,0.8754858
9817,POLN,0.8603317
9818,DISC1,0.9723972
9819,PCDHB13,0.86973226
9820,THBD,0.65786874
9821,CEP85,0.63061404
9822,MAPK7,0.9124927
9823,SGCA,0.9716407
9824,TMEM229B,0.946196
9825,SH3RF2,0.77759534
9826,KCNK6,0.95531696
9827,HSPB2,0.7488427
9828,ZNF470,0.8756039
9829,LRFN4,0.9741451
9830,ZKSCAN2,0.9551561
9831,ZNF519,0.8820185
9832,KCTD17,0.627128
9833,SCAI,0.72891235
9834,LTB4R,0.56599146
9835,PRR7,0.8384246
9836,NEK8,0.64874136
9837,WDR53,0.9673901
9838,C3orf18,0.65164524
9839,GPAM,0.8489327
9840,CDON,0.78161985
9841,ARHGEF28,0.97724575
9842,PARS2,0.8173779
9843,CD200,0.8273192
9844,FMNL3,0.6823147
9845,CLIP2,0.9617839
9846,DSC3,0.8504633
9847,DHFR2,0.77179134
9848,ACHE,0.94117993
9849,IRX5,0.8890696
9850,CDNF,0.9023864
9851,STEAP3,0.9888658
9852,C14orf132,0.90014446
9853,ADAMTSL1,0.7058436
9854,TTC26,0.51694685
9855,COLQ,0.91293156
9856,CLEC11A,0.6531031
9857,TRPC4,0.91571766
9858,MMP11,0.28972423
9859,FANCI,0.91469175
9860,RBBP8,0.95669615
9861,ANKS6,0.97895056
9862,REEP1,0.9654218
9863,TPBG,0.86883897
9864,SDR42E1,0.635713
9865,NDOR1,0.97456074
9866,LAT2,0.88032234
9867,MAPK11,0.8614973
9868,MLKL,0.9304298
9869,CNTNAP1,0.965978
9870,AFG1L,0.81362176
9871,PTPDC1,0.9757759
9872,CDK18,0.97279614
9873,CCDC88B,0.8988843
9874,ECSCR,0.76309097
9875,POT1,0.8851198
9876,PIM2,0.7454446
9877,MAP3K10,0.97918665
9878,FAM167B,0.79732955
9879,DLK2,0.777201
9880,RASSF5,0.7819826
9881,POLR3K,0.6233922
9882,GFRA1,0.7678656
9883,NXT2,0.68521535
9884,ZNF408,0.75516975
9885,CCDC146,0.7979893
9886,DOK4,0.8031375
9887,SVEP1,0.8441139
9888,NAGPA,0.76590735
9889,COL23A1,0.97658336
9890,STK33,0.88430804
9891,TMEM241,0.8446291
9892,SLC25A33,0.8760468
9893,LRRCC1,0.9784466
9894,HOXB3,0.91271806
9895,BAIAP3,0.95341897
9896,ADRA2A,0.6171827
9897,ADCY4,0.7636008
9898,SMAGP,0.7515837
9899,METTL24,0.9453379
9900,CTNND2,0.8991594
9901,MINPP1,0.9187422
9902,CYTH4,0.9305514
9903,GBGT1,0.98348
9904,ZNF875,0.9601252
9905,EML6,0.85231614
9906,LDB3,0.6749734
9907,CLCF1,0.80886084
9908,XRCC3,0.94035244
9909,MAP4K2,0.730289
9910,TBC1D31,0.9058216
9911,RPGRIP1L,0.95489526
9912,TPX2,0.93223745
9913,POC1B,0.9434708
9914,SWT1,0.58811456
9915,PPARGC1B,0.98088944
9916,RHBDF2,0.90885293
9917,GCH1,0.93748564
9918,COMTD1,0.8380787
9919,SNPH,0.7729194
9920,C1D,0.7588432
9921,EIF5A2,0.6614278
9922,MAPK8IP2,0.6939306
9923,DZANK1,0.788093
9924,CLEC4A,0.96089095
9925,CNOT11,0.7497049
9926,PRAG1,0.9886649
9927,ST3GAL2,0.7704256
9928,ZCCHC10,0.8395408
9929,ACADS,0.886591
9930,AOAH,0.92095023
9931,ZNF485,0.8442789
9932,GALM,0.9908174
9933,GLIS1,0.97735596
9934,ADAMTSL2,0.9123918
9935,RHOV,0.33936614
9936,EPM2A,0.9104471
9937,C1orf131,0.9740571
9938,ZNF160,0.84788924
9939,TIPIN,0.93737584
9940,CNTN3,0.5264142
9941,APOO,0.6933814
9942,RASA3,0.69783956
9943,TRAF6,0.7780389
9944,HBEGF,0.87155825
9945,JAML,0.8494698
9946,ZNF223,0.8233907
9947,RHOBTB2,0.9646957
9948,GATM,0.76443017
9949,SRPX2,0.813043
9950,GNAZ,0.8185173
9951,BOLA3,0.30304152
9952,PRICKLE1,0.96792257
9953,ZNF79,0.6993563
9954,CA13,0.98594284
9955,TMEM176A,0.6066077
9956,BARD1,0.94768345
9957,GIMAP5,0.79376936
9958,BMP7,0.641574
9959,CALML4,0.92495185
9960,CXXC5,0.77274734
9961,ZNF471,0.97227556
9962,RANBP17,0.750524
9963,IFNLR1,0.7518028
9964,ZNF202,0.90045387
9965,ETV5,0.9860139
9966,RFC4,0.904706
9967,ZBTB34,0.8461062
9968,QRICH2,0.9336888
9969,NT5M,0.8989293
9970,SERPINI1,0.97631955
9971,QPCT,0.75643086
9972,LIN54,0.8861876
9973,PIFO,0.95336246
9974,GUCA1B,0.88296837
9975,ZRANB3,0.78326094
9976,WDPCP,0.98449755
9977,ABCB1,0.86603814
9978,CDH24,0.7419647
9979,TNFRSF10A,0.67035
9980,ST3GAL5,0.97649133
9981,SP4,0.76983744
9982,GFPT2,0.76784384
9983,SAMD9L,0.75915456
9984,FBXL6,0.7633641
9985,RNF165,0.9924877
9986,HGF,0.8508505
9987,KCNJ14,0.7598742
9988,CNTNAP2,0.9385145
9989,MUC4,0.9740391
9990,CORIN,0.96960086
9991,SLC25A43,0.9607402
9992,CCDC142,0.76070625
9993,EFCAB11,0.83945346
9994,KCNAB1,0.5775728
9995,PDF,0.80694973
9996,NFYB,0.6971845
9997,IGFLR1,0.8777311
9998,RRP12,0.6978431
9999,C2orf42,0.88639855
