gene_index,gene,oracle_pcc
0,EPCAM,0.9963636
1,KRT8,0.9991069
2,KRT18,0.99884623
3,AR,0.99676
4,KLK3,0.9757165
5,KLK2,0.9792381
6,ACPP,0.9882299
7,NKX3-1,0.9945839
8,FOLH1,0.92801553
9,AMACR,0.99637806
10,ERG,0.9954973
11,KRT5,0.9964814
12,KRT14,0.99309325
13,TP63,0.9910604
14,SCGB1A1,0.98012716
15,PIGR,0.9889861
16,CHGA,0.99358964
17,ACTA2,0.9938898
18,PTPRC,0.9972046
19,COL1A1,0.99816906
20,TMPRSS2,0.99886334
21,PSCA,0.9811708
22,STEAP1,0.9985916
23,FKBP5,0.99859387
24,KRT15,0.9891234
25,KRT17,0.89611745
26,ITGA6,0.99882877
27,KRT19,0.9130748
28,KRT13,0.97877336
29,KRT4,0.963925
30,SCGB3A1,0.9186822
31,LTF,0.97885454
32,TACSTD2,0.9941985
33,CHGB,0.98048687
34,SYP,0.9907558
35,INSM1,0.95594704
36,ASCL1,0.9520134
37,NCAM1,0.99049056
38,MYH11,0.899209
39,TAGLN,0.99597335
40,CNN1,0.99757606
41,DES,0.99776846
42,MYL9,0.9933856
43,CD37,0.9974109
44,CORO1A,0.9988438
45,LAPTM5,0.9989382
46,CD3D,0.9843114
47,CD3E,0.9924188
48,TRAC,0.9971147
49,TRBC1,0.99850714
50,LTB,0.9956025
51,IL7R,0.991815
52,MAL,0.99251634
53,CCR7,0.97756976
54,TCF7,0.9814896
55,LEF1,0.9832307
56,CD8A,0.9715627
57,CD8B,0.9823324
58,CCL5,0.9981968
59,NKG7,0.9624259
60,PRF1,0.9744318
61,GZMK,0.95524067
62,GZMB,0.98781127
63,FOXP3,0.9751172
64,IL2RA,0.9579192
65,CTLA4,0.98268646
66,TIGIT,0.97414196
67,IKZF2,0.99060297
68,CCR8,0.9697263
69,PDCD1,0.97922194
70,LAG3,0.9891326
71,HAVCR2,0.98796517
72,TOX,0.96969056
73,CXCL13,0.9644588
74,ENTPD1,0.99482286
75,GNLY,0.95347846
76,KLRD1,0.94532835
77,FCGR3A,0.98634136
78,TYROBP,0.99905115
79,MS4A1,0.9407954
80,CD79A,0.9868558
81,CD74,0.9957536
82,HLA-DRA,0.99721694
83,CD22,0.9881145
84,CD83,0.9822465
85,JCHAIN,0.99242723
86,MZB1,0.97364163
87,SDC1,0.998782
88,IGHG1,0.9922519
89,IGKC,0.9919061
90,XBP1,0.99110764
91,LST1,0.9945982
92,FCER1G,0.9959682
93,CTSS,0.99796647
94,LILRB1,0.98182297
95,LYZ,0.9989488
96,S100A8,0.94212914
97,S100A9,0.9391002
98,FCN1,0.96238154
99,CCR2,0.98013014
100,VCAN,0.9719212
101,MS4A7,0.9987115
102,IFITM3,0.998387
103,TYMP,0.96796435
104,C1QA,0.99587286
105,C1QB,0.9991858
106,C1QC,0.99868554
107,APOE,0.9874545
108,CD68,0.9973853
109,MSR1,0.99221045
110,MRC1,0.9609556
111,CTSD,0.99829185
112,FOLR2,0.99520946
113,LYVE1,0.99306154
114,CD163,0.99809307
115,SPP1,0.9807964
116,APOC1,0.9891653
117,TREM2,0.9864555
118,GPNMB,0.98087746
119,LGALS3,0.9984833
120,CTSB,0.99930245
121,IL1B,0.98759925
122,SELL,0.9862181
123,FCGR3B,0.9291515
124,CSF3R,0.93780863
125,CXCR2,0.97603536
126,FPR1,0.94952506
127,MNDA,0.9714256
128,CLEC9A,0.97141546
129,XCR1,0.9673207
130,BATF3,0.9790882
131,CADM1,0.9976967
132,IRF8,0.9793687
133,CD1C,0.9577402
134,CLEC10A,0.9914037
135,FCER1A,0.9851849
136,CST3,0.9987089
137,TCF4,0.9975666
138,IL3RA,0.97967327
139,CLEC4C,0.98695266
140,IRF7,0.98986393
141,TPSB2,0.9959482
142,KIT,0.98403734
143,MS4A2,0.9613974
144,HDC,0.9816056
145,CPA3,0.9944943
146,CLC,0.9854015
147,PRG2,0.9801779
148,SIGLEC8,0.98395073
149,RNASE2,0.9763325
150,EPX,0.97326684
151,COL1A2,0.9973215
152,COL3A1,0.99783206
153,DCN,0.99809605
154,LUM,0.9992001
155,COL6A1,0.98713833
156,PDGFRA,0.99764574
157,TPM2,0.9937931
158,CXCL12,0.9981836
159,IL6,0.9840632
160,CFD,0.9981294
161,C7,0.9985003
162,CXCL14,0.9937643
163,COL11A1,0.9606719
164,FAP,0.9478698
165,THY1,0.95366615
166,PDPN,0.9970069
167,INHBA,0.9933123
168,MMP2,0.99894464
169,COL10A1,0.9865937
170,HLA-DPA1,0.998096
171,HLA-DPB1,0.9984919
172,CIITA,0.9942291
173,PECAM1,0.9987986
174,VWF,0.9977045
175,CLDN5,0.9905803
176,KDR,0.9943567
177,EMCN,0.98527026
178,ENG,0.998737
179,RAMP2,0.9900663
180,ESM1,0.9836801
181,ANGPT2,0.9795067
182,PLVAP,0.9530367
183,APLN,0.9769898
184,PGF,0.9884079
185,RGCC,0.9967031
186,EFNB2,0.98787016
187,SOX17,0.9818141
188,GJA5,0.9127271
189,FBLN5,0.9968519
190,HEY1,0.99237895
191,ACKR1,0.9670789
192,SELP,0.9613118
193,SELE,0.9664737
194,NR2F2,0.99895567
195,FLT4,0.9947973
196,CCL21,0.9827348
197,PROX1,0.9476513
198,CCL14,0.97272336
199,RGS5,0.997142
200,PDGFRB,0.99908066
201,CSPG4,0.9775121
202,MCAM,0.9986027
203,NOTCH3,0.9987403
204,ADIPOQ,0.9638216
205,PLIN1,0.9705264
206,FABP4,0.97906077
207,LEP,0.9737671
208,LPL,0.9756442
209,CIDEC,0.99420017
210,S100B,0.9928203
211,SOX10,0.99633414
212,PLP1,0.9838907
213,MPZ,0.99243575
214,S100A1,0.9501062
215,NGFR,0.99630624
216,MKI67,0.9676427
217,TOP2A,0.9780014
218,UBE2C,0.9864281
219,CENPF,0.98648626
220,CCNB1,0.9577742
221,CDK1,0.9902561
222,TUBB,0.9668728
223,CA9,0.9606907
224,VEGFA,0.9917377
225,BNIP3,0.9513662
226,PGK1,0.9922011
227,SLC2A1,0.9788664
228,ENO1,0.99554646
229,ISG15,0.99775934
230,IFIT1,0.98501116
231,IFIT2,0.96653587
232,IFIT3,0.99088806
233,MX1,0.9968444
234,OAS1,0.97372895
235,STAT1,0.99846673
236,CXCL10,0.9874275
237,VIM,0.9985533
238,FN1,0.99782383
239,TGFBI,0.99897695
240,SNAI2,0.9976377
241,ZEB1,0.9799903
242,ITGA5,0.9981673
243,LAMC2,0.98158044
244,SERPINE1,0.9848055
245,HBB,0.95997405
246,HBA1,0.994496
247,HBA2,0.94700223
248,ALAS2,0.910118
249,GYPA,0.9702016
250,AHSP,0.973446
251,PPBP,0.9565853
252,PF4,0.95962906
253,GP9,0.9727179
254,RGS18,0.96694994
255,NRGN,0.95427066
256,FOS,0.99729216
257,JUN,0.9990065
258,JUNB,0.99894226
259,DDIT3,0.99651194
260,HSPA1A,0.9836186
261,HSPA1B,0.99731207
262,ATF3,0.9983125
263,MT-CO1,0.9729196
264,MT-CO2,0.9655321
265,MT-ND1,0.95154274
266,MT-ND2,0.96964246
267,MT-CYB,0.9691349
268,PTGDS,0.99661326
269,NPY,0.99721366
270,SPON2,0.9864863
271,FLNA,0.99504715
272,S100A6,0.9970888
273,OR51E2,0.99825966
274,IGFBP5,0.9948083
275,ACTG2,0.99542284
276,CLU,0.997542
277,F3,0.997453
278,CEBPD,0.9987947
279,ABCC4,0.9967885
280,GSN,0.9978268
281,SPARC,0.9978378
282,LTBP4,0.99831474
283,C1R,0.99813014
284,PRAC1,0.9990296
285,PPP3CA,0.9959711
286,FASN,0.9978377
287,STEAP2,0.99847203
288,SLC30A4,0.9986273
289,GSTP1,0.9982495
290,ACSL3,0.9989787
291,NDRG1,0.9950005
292,SPOCK1,0.9989779
293,NEDD4L,0.99919313
294,DHCR24,0.9953225
295,SLC44A4,0.9990984
296,RHOB,0.9988672
297,ADIRF,0.9908372
298,TUT7,0.9992302
299,CAVIN1,0.9984331
300,CKB,0.9974955
301,SERP1,0.99784315
302,TSPAN1,0.9989563
303,UBE2E3,0.9989316
304,HPN,0.9991234
305,IGFBP7,0.99701965
306,CDC42EP5,0.9960343
307,SPDEF,0.9976133
308,MPC2,0.99927443
309,PLPP1,0.99659073
310,HSPB1,0.9976786
311,AZGP1,0.9959202
312,MBOAT2,0.99916625
313,CANT1,0.99931747
314,TPD52,0.99759966
315,ZFP36L2,0.99867177
316,ACACA,0.99804294
317,HOMER2,0.99794966
318,FAAH,0.9991705
319,BGN,0.99847156
320,DHRS7,0.9977873
321,FBLN1,0.9983102
322,MYC,0.99113595
323,DUSP1,0.9951042
324,RDH11,0.9972029
325,KIAA1522,0.99862564
326,FXYD3,0.996961
327,SMTN,0.99874234
328,ZFP36L1,0.9992521
329,ANKH,0.9983396
330,MSMB,0.9836947
331,DDT,0.9991908
332,DDR1,0.9987099
333,CREB3L1,0.99885255
334,GOLM1,0.9969568
335,CCN2,0.9984242
336,ERGIC1,0.99887246
337,MT2A,0.995247
338,KLK4,0.9972815
339,C1orf116,0.9978742
340,PRSS23,0.997859
341,UGDH,0.9986956
342,SH3RF1,0.99894017
343,LGALS3BP,0.99820125
344,SMDT1,0.9990136
345,TCEA3,0.9966035
346,SMS,0.99862045
347,TIMP1,0.99852073
348,SYNGR2,0.99917644
349,SLC39A6,0.999131
350,NBL1,0.9990729
351,UTRN,0.9989365
352,CALD1,0.9976463
353,HOXB13,0.9987223
354,EHF,0.99765354
355,DCXR,0.9989017
356,ANXA11,0.9972618
357,SOD2,0.9987411
358,IGFBP2,0.99783605
359,ACTN1,0.9988244
360,APOD,0.9988595
361,MYLK,0.9953918
362,NDUFB10,0.998664
363,ATP2C1,0.9985642
364,PEA15,0.99275684
365,ARFGAP3,0.99914134
366,SEC11C,0.9976056
367,TOB1,0.9981419
368,NR4A1,0.99790883
369,RAB3B,0.9986448
370,HSPG2,0.9971272
371,MARCKSL1,0.997778
372,HMG20B,0.99214655
373,FCGRT,0.99864423
374,BMPR1B,0.9992256
375,HEBP2,0.9992481
376,LRIG1,0.9975512
377,ID1,0.9983066
378,SERPINB6,0.99785787
379,TMEM134,0.99835145
380,ELOVL5,0.99910027
381,ELK4,0.99917716
382,CLDN3,0.9977143
383,TSPAN13,0.9851113
384,MAGED1,0.9987671
385,CLDN4,0.9971289
386,PMEPA1,0.99594134
387,SOD3,0.99752754
388,TSPAN8,0.99819005
389,PDE9A,0.9973593
390,PRUNE2,0.99619406
391,RSRP1,0.99183714
392,PTPRF,0.9983915
393,HYOU1,0.9985465
394,MEAF6,0.9992006
395,RAB18,0.99825394
396,CREB3L4,0.9983446
397,S100A10,0.9982107
398,AMD1,0.9990518
399,NPC2,0.9981968
400,SLC2A4RG,0.99682015
401,PATJ,0.9987012
402,S100A11,0.9987906
403,GUCY1A1,0.9981021
404,ECE1,0.99795663
405,NME2,0.9974542
406,TAPBP,0.9940083
407,MXRA7,0.99833983
408,CPNE4,0.9985918
409,CDH1,0.9987711
410,TMEM63A,0.99751455
411,NCAPD3,0.99783677
412,EIF3L,0.99545383
413,PDIA5,0.9949476
414,AFDN,0.9976236
415,DHRS3,0.9987137
416,SCP2,0.9987169
417,FLNB,0.9976003
418,ECHDC2,0.99225044
419,ELL2,0.99463445
420,LUC7L3,0.99610937
421,LRRC26,0.9968579
422,CSGALNACT1,0.9983033
423,ATF4,0.99444884
424,MLPH,0.9985679
425,SLC45A3,0.99453133
426,SH3GLB2,0.99829316
427,ARFIP2,0.99927473
428,ADI1,0.9964241
429,KIF5C,0.9981071
430,ODC1,0.998403
431,WSB1,0.99618435
432,AMOTL1,0.99767274
433,CDC42SE1,0.9991113
434,ALDH1A3,0.9759932
435,PRSS8,0.9984247
436,ATP6AP1,0.9985601
437,ECH1,0.99678665
438,C1orf43,0.9989084
439,SMARCC1,0.9986175
440,MARCKS,0.99777156
441,LAMTOR1,0.99796957
442,MYO6,0.99578553
443,NME3,0.99920934
444,MLEC,0.99628127
445,SLC39A7,0.9897737
446,AZIN1,0.99868786
447,ZMPSTE24,0.99932796
448,NME4,0.99867284
449,ATP5PD,0.9973566
450,NPDC1,0.996541
451,BTG2,0.99687004
452,CENPX,0.9974752
453,TLK1,0.99934024
454,TJP1,0.99785274
455,STT3A,0.998819
456,CNPY2,0.99891984
457,GRK2,0.99897724
458,HES4,0.99692816
459,CLDN7,0.99839354
460,NDUFA2,0.9987935
461,CENPN,0.99917465
462,PYURF,0.9988756
463,ATP5MC2,0.9980093
464,DMXL1,0.99638873
465,SSR2,0.998353
466,PHB2,0.99334645
467,GTF3C6,0.9985688
468,LTBP3,0.9992964
469,STK39,0.9982778
470,CLSTN1,0.9928865
471,SCD,0.99802756
472,IKBKB,0.99845207
473,DYNLL2,0.99741036
474,CYTH2,0.9975014
475,RNF187,0.9979494
476,TCF21,0.99802625
477,TSC22D1,0.997555
478,COX16,0.9936339
479,ATP11B,0.9990152
480,RGL2,0.9976864
481,SEC22C,0.9995339
482,MLF2,0.995109
483,TAF10,0.9954523
484,MRFAP1L1,0.9896323
485,TIMP3,0.9986199
486,NUTF2,0.9963938
487,CYB5A,0.99825704
488,SAT1,0.9927854
489,ABHD2,0.99766386
490,LENG8,0.98817825
491,LITAF,0.9968021
492,CUTA,0.994282
493,NDFIP1,0.9974051
494,PILRB,0.9976177
495,POLR1D,0.98976755
496,ACSL1,0.9886825
497,TRAPPC5,0.9961225
498,CRISPLD2,0.9972254
499,NHP2,0.9972411
500,BRD2,0.999199
501,P4HB,0.9985436
502,TMED9,0.99886054
503,FLOT2,0.9979612
504,TRPM4,0.9939634
505,SERINC5,0.9961545
506,MT1X,0.9975488
507,NISCH,0.99825746
508,AFF1,0.9963615
509,DEGS1,0.9988072
510,NEFH,0.99534976
511,FARP1,0.99588406
512,POLD2,0.99850684
513,SELENON,0.99268913
514,EMC10,0.99225724
515,ASAH1,0.9988785
516,GLO1,0.99858344
517,CDC42SE2,0.9972203
518,CD46,0.9960435
519,MKNK2,0.99894404
520,GUK1,0.9965527
521,PNRC2,0.9959246
522,APP,0.99808097
523,BCL2L2,0.9959215
524,BCAM,0.99828506
525,IGF1R,0.9962026
526,SSBP3,0.99654144
527,DSTN,0.9970625
528,CDK4,0.99698687
529,NDUFC1,0.99241227
530,TSC22D3,0.9985258
531,MLLT6,0.9974698
532,NDUFB11,0.9931051
533,RBM5,0.99636644
534,AKT1,0.99491274
535,EVL,0.9985481
536,CASZ1,0.9989447
537,COX8A,0.9988285
538,ROMO1,0.995216
539,ARHGEF38,0.99877566
540,ATXN7L3B,0.9982383
541,HSPE1,0.9923522
542,IFNGR2,0.99698883
543,AURKAIP1,0.9987335
544,SLC4A4,0.99832475
545,DDAH2,0.9968838
546,OR51C1P,0.9984478
547,TXNL4A,0.9958188
548,JPT2,0.9976326
549,ECHS1,0.98630327
550,SRPRA,0.99796474
551,RPN2,0.9984928
552,UQCR11,0.99879175
553,OS9,0.9945595
554,SELENOH,0.9953652
555,GLUL,0.99894124
556,KCNN2,0.99903214
557,SLC35F5,0.99865305
558,PTPA,0.99860394
559,AHSA1,0.9879578
560,NDUFB9,0.99677944
561,ZNF532,0.99622536
562,PTOV1,0.996777
563,REEP5,0.9962717
564,PLPP5,0.99869144
565,VWA1,0.9992032
566,VMP1,0.9986683
567,BANF1,0.9971193
568,AHNAK,0.9990838
569,ANKRD10,0.9974844
570,MAOA,0.9966115
571,APEX1,0.99851525
572,LUC7L2,0.9980817
573,RHPN2,0.9963812
574,CTDSP1,0.9826593
575,MDK,0.998411
576,RBM47,0.9978133
577,RAB13,0.9963871
578,MAP7,0.99842346
579,BAG6,0.9981899
580,NDUFS6,0.9973126
581,TGM2,0.9916767
582,LRPAP1,0.9989179
583,TXNDC5,0.9965583
584,MDM4,0.99389446
585,OBSL1,0.99638015
586,HDAC1,0.99579066
587,RABEP1,0.99929386
588,SRSF2,0.99740005
589,ZMYM2,0.99861574
590,SEC61A1,0.998252
591,BAG1,0.99883324
592,MAP2K2,0.9989098
593,GRINA,0.98293716
594,ATP5MF,0.9913508
595,GABARAPL1,0.9989254
596,C4orf3,0.9989017
597,TPM1,0.9969851
598,SUMO3,0.99379593
599,ANAPC16,0.99314064
600,PBX1,0.99929583
601,HSPD1,0.9981917
602,LUC7L,0.9963222
603,IMPDH2,0.9952476
604,RAB5B,0.9968759
605,LMAN1,0.99750674
606,UBXN6,0.9960145
607,CPE,0.99738246
608,NDUFA1,0.99570084
609,C12orf57,0.99345624
610,SPINT2,0.9973415
611,DRAP1,0.99616635
612,CGNL1,0.99424815
613,BET1L,0.99543536
614,PYGB,0.9917138
615,SELENOM,0.9991907
616,FAM120A,0.9951037
617,ATP6V0B,0.9983638
618,RBM6,0.9971714
619,ALDH3A2,0.9962882
620,TRIM27,0.99709344
621,HERPUD1,0.99871886
622,PDCD4,0.9971591
623,ATP5F1D,0.99216
624,CNDP2,0.99832755
625,IP6K2,0.99761355
626,SPIN1,0.9935793
627,COA4,0.9970722
628,COX7A2,0.99809295
629,RAD23A,0.99558544
630,SLC25A37,0.99515915
631,KIF5B,0.9968704
632,COPB2,0.99788326
633,NDUFAF3,0.9973529
634,MCL1,0.9992168
635,CD44,0.99917364
636,NCOR2,0.9984328
637,MAT2A,0.99796236
638,NFIB,0.9908734
639,GNL3,0.9990773
640,PA2G4,0.9963915
641,GADD45GIP1,0.9987713
642,TBX3,0.9916989
643,JTB,0.9991844
644,CAPRIN1,0.99634147
645,LAMB2,0.99816245
646,PDCD6,0.9969463
647,TRIB1,0.99885935
648,WDR83OS,0.9984981
649,YIPF3,0.99875283
650,DDRGK1,0.9977429
651,CCDC47,0.98843205
652,PHPT1,0.99849004
653,SNU13,0.9961286
654,VPS28,0.9927241
655,NSF,0.99685913
656,LRP10,0.9986315
657,WDR45B,0.9947959
658,PSMD13,0.9989012
659,DDIT4,0.99885666
660,PLEC,0.99830514
661,SAFB2,0.9982106
662,CD9,0.99825823
663,SIVA1,0.99443614
664,TRA2A,0.9968412
665,PSMB1,0.99590766
666,PPP1R12B,0.9974395
667,OGA,0.99399614
668,SCARB2,0.9983959
669,MYDGF,0.9981445
670,USP34,0.9953994
671,WNK1,0.99411976
672,AP3D1,0.99808943
673,COMT,0.99620485
674,TOP1,0.9965539
675,NRP1,0.9982887
676,RAC1,0.99280894
677,EIF5,0.99866146
678,LMNA,0.9988309
679,PNN,0.9888009
680,PSMC5,0.99566483
681,RBM39,0.99631125
682,THRAP3,0.99768984
683,EIF3A,0.99758387
684,CTNND1,0.9985517
685,RTRAF,0.9964252
686,PRDX6,0.99746215
687,TRIR,0.9970524
688,TBC1D9B,0.99619806
689,POLR2L,0.99344057
690,ZNF358,0.99808323
691,TMEM50A,0.9876785
692,CD276,0.9972043
693,LMAN2,0.99688596
694,PSME1,0.99781275
695,CASC3,0.9937711
696,ATN1,0.99552274
697,CD151,0.9948925
698,USF2,0.99723744
699,GRHL2,0.9972451
700,STAT3,0.998565
701,CALU,0.988182
702,ZKSCAN1,0.9987675
703,SEC11A,0.9930668
704,TADA3,0.99826443
705,SEM1,0.9961539
706,NDUFB7,0.9988739
707,GALNT7,0.9986098
708,PHF10,0.99700165
709,COPE,0.9976063
710,SYNE2,0.998016
711,OGT,0.99610424
712,PDIA6,0.99709797
713,ACLY,0.9982009
714,POLR2F,0.99564046
715,CHMP3,0.9930957
716,LGALS1,0.9988287
717,TSPO,0.995397
718,EIF3D,0.9970878
719,RAB2A,0.9987396
720,NMRAL1,0.99926335
721,ERH,0.9977374
722,NET1,0.9953977
723,LSR,0.99844486
724,REXO2,0.998105
725,ARHGDIA,0.99840933
726,CAST,0.9981229
727,FOXO3,0.9893984
728,CAPZA2,0.98777586
729,CSNK1D,0.9936345
730,TRAM1,0.9911719
731,COMMD6,0.99753463
732,SAP18,0.99215496
733,SNX1,0.9942321
734,PSMA7,0.9972957
735,DNAJC10,0.99911004
736,EGR1,0.99828535
737,KIF1C,0.99752796
738,FLII,0.9982271
739,HSBP1,0.99901366
740,MAZ,0.99273795
741,CHMP4B,0.99628156
742,NPTN,0.9988744
743,ECPAS,0.99895877
744,COL6A2,0.99887204
745,HSF4,0.9977821
746,ZBTB7B,0.99901545
747,ZRANB2,0.99739057
748,EIF2AK1,0.99885875
749,NCKAP1,0.99474025
750,TM9SF3,0.9975253
751,CTDSP2,0.9978655
752,TRIM8,0.99775004
753,QKI,0.99848694
754,PNRC1,0.9983335
755,CCDC6,0.9987823
756,AKR1A1,0.9944616
757,TGOLN2,0.9961982
758,GPAA1,0.9950179
759,TMED10,0.99808645
760,AEBP1,0.9984434
761,SAFB,0.996156
762,HNRNPH3,0.9844112
763,PTGR1,0.9990982
764,NFIX,0.98632884
765,RNPS1,0.9984689
766,COPG1,0.9990355
767,NFE2L1,0.9969765
768,PRKD1,0.99909586
769,COX17,0.99878234
770,SLC37A1,0.9984842
771,TCEAL4,0.9968779
772,CRELD2,0.99825096
773,PITPNA,0.9962395
774,C11orf58,0.98577094
775,A2M,0.998725
776,C1orf21,0.9961818
777,PAK4,0.995355
778,SURF4,0.9985943
779,STRAP,0.99284947
780,NDRG2,0.998963
781,EIF3B,0.9972964
782,MANF,0.99707747
783,RCN2,0.99835944
784,EIF3G,0.9979363
785,SYVN1,0.9970857
786,TKT,0.9982377
787,PNPLA7,0.9989311
788,PLEKHH1,0.99886245
789,SPATA20,0.99533916
790,ACTR3,0.9690625
791,OCIAD1,0.9921757
792,SUMF2,0.9962119
793,RPN1,0.995856
794,TCF25,0.99478805
795,NAPA,0.99894017
796,FNBP1,0.99795175
797,EIF3K,0.99252343
798,PPP6R2,0.98757756
799,CHMP2A,0.9968685
800,SNHG32,0.99895257
801,AKT3,0.9966013
802,STUB1,0.99722415
803,LSM7,0.99862
804,PET100,0.9978932
805,TNFSF10,0.9991736
806,NBR1,0.9963127
807,TRAF4,0.9974328
808,SSR4,0.99878734
809,GTF3C1,0.99827725
810,HNRNPD,0.9975209
811,NFKBIA,0.99728143
812,RAB3D,0.9967675
813,ACSS1,0.9951445
814,ADD1,0.9977444
815,CNN3,0.99610054
816,DDX24,0.99760705
817,WSB2,0.9988541
818,SLC44A2,0.9929094
819,CALM3,0.9950569
820,DUT,0.9983207
821,HDGF,0.9963625
822,GDI1,0.99579096
823,FBXL5,0.99614227
824,MFGE8,0.99922884
825,ARL6IP5,0.99742746
826,CCNL2,0.9946747
827,RAB14,0.9961811
828,CREBZF,0.99748313
829,NDRG3,0.9993845
830,ARPC2,0.9987345
831,SHISA5,0.99727476
832,CCNL1,0.9941836
833,RNF11,0.995248
834,ARCN1,0.99664843
835,INTS11,0.9953283
836,TOP2B,0.997649
837,ATP5ME,0.9984552
838,FAT1,0.9976722
839,ATP2A2,0.9975107
840,MACF1,0.9948589
841,SSU72,0.9973154
842,TCEAL8,0.995651
843,NAP1L4,0.9867066
844,ATP5MG,0.99291426
845,FLOT1,0.99549645
846,EIF3M,0.99685806
847,FIS1,0.9932351
848,HADHA,0.99630845
849,EIF3H,0.99801296
850,TMEM238,0.99783194
851,UBXN4,0.9971384
852,UBL5,0.99773353
853,NANS,0.99468553
854,CSDE1,0.99804735
855,CAPN2,0.9952923
856,RBM17,0.9866728
857,PGD,0.9964657
858,PCBD1,0.9987324
859,RAB7A,0.9968806
860,GAA,0.99880946
861,IFITM2,0.9990957
862,ANAPC5,0.99904203
863,NDUFA3,0.99839544
864,ETFB,0.99828726
865,GABARAPL2,0.99773955
866,PAGE4,0.99854
867,NDUFA13,0.99802953
868,N4BP2L2,0.9978954
869,SERINC2,0.9985561
870,ZBTB7A,0.9971944
871,RHOU,0.99902403
872,MTDH,0.9877471
873,DCAF7,0.9940779
874,GPI,0.99774766
875,DDB1,0.99273384
876,PCMTD1,0.99764085
877,RER1,0.9979365
878,KDELR2,0.99904996
879,TUFM,0.99136955
880,CNBP,0.9938241
881,LAMTOR4,0.9978891
882,TNS1,0.99895895
883,ICA1,0.9984129
884,LAMP1,0.9950162
885,NAA60,0.9984851
886,ARPP19,0.9720408
887,ESYT2,0.99615866
888,CRYBG1,0.9973689
889,TMEM141,0.997368
890,CYB5R3,0.9983101
891,PRPF6,0.99059546
892,ITGB1,0.99591863
893,DSP,0.9975036
894,PGLS,0.9964099
895,HSPB6,0.9989759
896,UBTF,0.99719
897,MCCC2,0.9955605
898,UFC1,0.9983934
899,PTTG1IP,0.9940439
900,TSPYL1,0.9967682
901,ZMIZ2,0.995207
902,PPP2R5C,0.99631023
903,HNRNPA0,0.9894479
904,KMT2C,0.9970003
905,BCAP31,0.9964152
906,LAMP2,0.99700403
907,ARPC3,0.9970318
908,CORO1B,0.9948929
909,IVD,0.99636257
910,HNRNPAB,0.99611855
911,PNISR,0.9974674
912,COL16A1,0.99898106
913,RBX1,0.9987146
914,SLC25A39,0.9938695
915,PLD3,0.9960947
916,PNPLA2,0.9971167
917,PLA2G12A,0.9902345
918,PDIA4,0.9980649
919,CKAP4,0.99718416
920,TIMM13,0.99488765
921,ERGIC3,0.9985126
922,COPZ1,0.99899447
923,ERP29,0.9965377
924,SSR3,0.98727614
925,TLN1,0.9990301
926,TC2N,0.9963728
927,RNF10,0.99665856
928,APH1A,0.9793762
929,HNRNPUL2,0.9937714
930,ANKHD1,0.9970828
931,BRI3,0.9969955
932,RAB11A,0.9991231
933,NDUFV1,0.99268013
934,STAU2,0.9946972
935,SPINT1,0.99621
936,TAX1BP1,0.9930547
937,SHC2,0.9938422
938,TMEM259,0.99429274
939,SEL1L,0.99560684
940,UBE2I,0.9965456
941,PFN2,0.99894994
942,LONP2,0.99677014
943,WDR82,0.9607517
944,HSD17B4,0.99110454
945,G3BP2,0.99873096
946,SYNM,0.99632686
947,SDF4,0.9980539
948,ARHGAP6,0.99692637
949,ZNF664,0.99808
950,CLIC1,0.9878246
951,PDLIM5,0.99112654
952,DPP7,0.9970103
953,TAF15,0.9962027
954,CAB39L,0.99884975
955,THOC7,0.9846387
956,TXNIP,0.99139124
957,SPG21,0.99153364
958,IL6ST,0.99812067
959,FBP1,0.9993715
960,PXDN,0.997637
961,CTSZ,0.9968596
962,SENP6,0.99779487
963,ATP1A1,0.9905764
964,PGM3,0.99660206
965,ATP5PF,0.99687743
966,TAF7,0.9960218
967,FOXP1,0.9983591
968,SUPT5H,0.99434024
969,CCDC50,0.9969272
970,DBI,0.9967127
971,ELAVL1,0.9977971
972,ESRP1,0.9991046
973,TBC1D8,0.99841756
974,ARFGEF3,0.9984542
975,SUN2,0.9942131
976,POLR2I,0.9967041
977,GNB1,0.99902385
978,BCL2L1,0.9889352
979,STAT6,0.9991086
980,TRMT112,0.9967291
981,SRRT,0.99648726
982,SELENOW,0.9976775
983,SLC1A5,0.9930258
984,SORL1,0.99869657
985,ILF3,0.9950044
986,SNRNP40,0.9979586
987,MTERF4,0.9954066
988,PHLDB2,0.99744403
989,WDR6,0.9979493
990,MTA1,0.9971015
991,C6orf62,0.9980657
992,TMED4,0.9980947
993,ARL6IP4,0.9955255
994,ZBTB10,0.9978446
995,PSMB4,0.99641407
996,RALBP1,0.9984472
997,ALG13,0.9967954
998,WASF2,0.9962555
999,VPS26B,0.9877149
1000,KTN1,0.9928646
1001,SEC61G,0.9987506
1002,CLIP1,0.9950317
1003,GPX4,0.99877506
1004,DAP,0.9854304
1005,SC5D,0.99864465
1006,SYT7,0.99498224
1007,NDUFA11,0.99723727
1008,ACADVL,0.99634224
1009,MTHFS,0.9987677
1010,EMILIN1,0.9989711
1011,CCT3,0.9949505
1012,FOXA1,0.99869794
1013,BRD4,0.9935973
1014,HID1,0.9983394
1015,KIAA1217,0.99604154
1016,TRA2B,0.99654865
1017,LAMC1,0.9596024
1018,CSNK1G2,0.99627054
1019,SLC38A10,0.98913676
1020,HECTD1,0.99768484
1021,CELF1,0.99686265
1022,EPHX1,0.9979013
1023,TRIOBP,0.994949
1024,RELA,0.99802935
1025,SLC12A2,0.99766386
1026,CSTB,0.9876752
1027,CMPK1,0.9967417
1028,URI1,0.9966003
1029,YPEL5,0.9906599
1030,SRSF7,0.9972112
1031,PEBP1,0.99622077
1032,ZNF649,0.9990998
1033,GNAI2,0.99629456
1034,SLC25A3,0.99075013
1035,ERBB2,0.9966014
1036,PLXNB2,0.9821065
1037,SND1,0.99877596
1038,SMCO4,0.9962181
1039,UBE2V1,0.9971802
1040,TGIF1,0.99525106
1041,CSAD,0.994069
1042,VPS36,0.99513364
1043,PGRMC2,0.9730401
1044,SLC35E1,0.9992222
1045,TM9SF2,0.9749923
1046,SOX4,0.9986522
1047,ARPC4,0.99755865
1048,KMT2E,0.99007094
1049,ANKRD11,0.9986524
1050,TMEM123,0.9958467
1051,NDUFB2,0.9974152
1052,EFNA1,0.99295235
1053,DNAJC3,0.9981659
1054,CDYL2,0.99873614
1055,TMEM87B,0.9957368
1056,IDH2,0.9637651
1057,NT5C2,0.997289
1058,IL1R1,0.99574435
1059,NENF,0.99653006
1060,ZFAND5,0.9983257
1061,VAMP2,0.9971218
1062,RNF5,0.9982201
1063,NUMA1,0.9982451
1064,ADAR,0.9873086
1065,BCL2L13,0.99811935
1066,PIN1,0.99735487
1067,KLK11,0.99646395
1068,CLK1,0.9951402
1069,ANK3,0.9941272
1070,ALKBH7,0.9965364
1071,ALKBH5,0.9958979
1072,DIDO1,0.9977504
1073,SMARCA5,0.9970682
1074,HP1BP3,0.9892533
1075,SEC62,0.991463
1076,PSMF1,0.9933404
1077,RAB5IF,0.9878886
1078,NUCB1,0.9941665
1079,DHX15,0.9942568
1080,ANTXR2,0.9924417
1081,VPS4A,0.9971063
1082,ATP5F1A,0.9950745
1083,GNAQ,0.990618
1084,IFNAR1,0.9971451
1085,CLPTM1L,0.99794567
1086,ZNF428,0.9975473
1087,UQCRC1,0.99737555
1088,PPP1CB,0.997736
1089,ARF3,0.9958787
1090,SET,0.9929174
1091,MOGS,0.9968124
1092,TMEFF2,0.99127644
1093,RABL6,0.9952107
1094,MATN2,0.99901104
1095,AKT2,0.9974011
1096,PJA2,0.9970972
1097,POLDIP3,0.99144375
1098,COPA,0.99818027
1099,PTK2,0.99779344
1100,PRELID3B,0.99917877
1101,SNX17,0.9900824
1102,RNF130,0.99515283
1103,REEP3,0.99490726
1104,RAB5C,0.99422646
1105,EHBP1L1,0.9991051
1106,FGFRL1,0.9989651
1107,ALCAM,0.9984253
1108,MAX,0.9946844
1109,ARF4,0.9974063
1110,RWDD1,0.9978034
1111,TMEM59,0.99630183
1112,PRDX5,0.99762946
1113,CBFA2T2,0.999055
1114,CHTOP,0.99824035
1115,SLC39A9,0.9865856
1116,SDC4,0.9956455
1117,ATXN10,0.99850845
1118,CCT8,0.99482083
1119,BAZ1B,0.9806304
1120,ARIH1,0.9888881
1121,EMD,0.99791396
1122,YWHAQ,0.9970142
1123,NIBAN2,0.99501944
1124,SLC3A2,0.99832565
1125,DLG5,0.99522793
1126,OAZ2,0.9916475
1127,RERE,0.99632823
1128,MCF2L,0.99724627
1129,GRSF1,0.99632376
1130,MICOS10,0.9965759
1131,CAPZB,0.9973372
1132,NUPR1,0.9986617
1133,SEC13,0.98870885
1134,HNRNPU,0.9939024
1135,SMARCE1,0.9964486
1136,CHPF,0.99623007
1137,SEC22B,0.99390537
1138,XRCC6,0.99657476
1139,COX4I1,0.99664974
1140,SLIRP,0.99880457
1141,NCOR1,0.99471635
1142,YWHAG,0.99581134
1143,PCM1,0.9918735
1144,GOLGB1,0.9966233
1145,PSMB5,0.9939808
1146,EID1,0.9782271
1147,FKBP8,0.9985851
1148,PPP2CB,0.99752426
1149,ZNF350,0.9986944
1150,TBL1XR1,0.9975817
1151,KHSRP,0.9984783
1152,CCN1,0.9984821
1153,TAGLN2,0.99914676
1154,CHMP1B,0.9864246
1155,FBN1,0.99909616
1156,GRHPR,0.99004304
1157,ZDHHC20,0.99178135
1158,SEC31A,0.9872411
1159,SAT2,0.99620676
1160,EPN1,0.9939336
1161,CHCHD1,0.9982476
1162,PPP1R1B,0.99475706
1163,KHDRBS1,0.99451697
1164,CTNNA1,0.9964562
1165,NUCKS1,0.9978154
1166,C1S,0.9991233
1167,ACIN1,0.9935526
1168,PARK7,0.98814476
1169,SEPTIN9,0.9979514
1170,LRP1,0.9976661
1171,PCGF2,0.9951719
1172,C19orf53,0.99683076
1173,PRRC2A,0.9961698
1174,PDLIM3,0.9989817
1175,CAPN1,0.9981036
1176,CD2AP,0.9978872
1177,ENC1,0.99610835
1178,NUDT9,0.9964006
1179,PRRC2C,0.9934518
1180,ATP5IF1,0.9988435
1181,KLC1,0.9951224
1182,SETD3,0.99081063
1183,BACE2,0.99664855
1184,SNRNP200,0.99603873
1185,RAB1B,0.9968817
1186,KMT5B,0.99704385
1187,MIF,0.99812025
1188,GPS1,0.9888107
1189,GPBP1L1,0.9989213
1190,SLTM,0.99443424
1191,ZNF680,0.99683577
1192,POMGNT1,0.9903673
1193,PDGFA,0.9957661
1194,ANP32E,0.999006
1195,CCNG1,0.9977867
1196,PPP4R2,0.9980831
1197,SPCS3,0.99437684
1198,PLA2G2A,0.9816903
1199,TUSC3,0.9934845
1200,SGSM3,0.99685466
1201,SF3B2,0.99799246
1202,DCTD,0.99593276
1203,USP7,0.9952989
1204,DCTN4,0.9910419
1205,TRAP1,0.98923624
1206,NME1,0.9935476
1207,TAOK3,0.98757887
1208,BSDC1,0.9968384
1209,CYC1,0.99564964
1210,MXD4,0.99812675
1211,PSMA4,0.9973796
1212,PIM3,0.9983493
1213,SON,0.99751467
1214,APRT,0.99538815
1215,TMEM168,0.9936584
1216,TMC5,0.99798656
1217,MAP4,0.9917778
1218,MTCH1,0.9955156
1219,CLTA,0.9931766
1220,SF3B5,0.9910354
1221,PFDN5,0.9874991
1222,PGRMC1,0.9992395
1223,RNASET2,0.9963834
1224,IER2,0.99873906
1225,ATRAID,0.98657924
1226,ANAPC13,0.99634695
1227,NFIC,0.99807787
1228,UQCC3,0.9989318
1229,MCRIP1,0.99839854
1230,SRSF1,0.9960742
1231,HNRNPR,0.9978368
1232,AKAP9,0.99837047
1233,PTK7,0.99633783
1234,SYAP1,0.99652874
1235,LCP1,0.9779843
1236,MORF4L1,0.9952011
1237,ARID5B,0.9979998
1238,NRDC,0.9904878
1239,GTF2I,0.9988496
1240,WDR26,0.9948871
1241,VASP,0.99575996
1242,CAMLG,0.9954931
1243,RABEP2,0.99765706
1244,BTBD2,0.9966805
1245,POLR2G,0.99883354
1246,ST13,0.99184906
1247,TALDO1,0.99588513
1248,GOLGA3,0.9750134
1249,BEX4,0.9923862
1250,DDX3X,0.99780095
1251,SVIL,0.9983581
1252,PRXL2A,0.99912065
1253,TMEM9,0.9913595
1254,TOMM7,0.997676
1255,KCTD3,0.9977045
1256,HK1,0.97796947
1257,APLP2,0.9985407
1258,ACTR1B,0.9944941
1259,EMC4,0.99472636
1260,NCBP2,0.98756874
1261,RAB4A,0.99818003
1262,RNASEK,0.9961634
1263,HNRNPF,0.99489623
1264,SAR1B,0.9991992
1265,PRRC2B,0.9980549
1266,KPNB1,0.9966343
1267,BZW1,0.9986074
1268,NKTR,0.9927708
1269,MAL2,0.9991916
1270,UQCRQ,0.9991033
1271,UBE2E2,0.9869784
1272,PAPOLA,0.9985027
1273,RAB5A,0.9902364
1274,AP2S1,0.9950018
1275,TP53I11,0.9941385
1276,RBM12,0.9951352
1277,SF1,0.9964415
1278,LIMS2,0.99896073
1279,THOC2,0.9974616
1280,ATP8B1,0.99315
1281,RAB3IP,0.99861735
1282,LGMN,0.9967737
1283,CERS2,0.9973598
1284,SZRD1,0.99245006
1285,SUCLG1,0.9984546
1286,AAMP,0.9960549
1287,TMEM98,0.99417144
1288,TRIP12,0.9937123
1289,TMEM263,0.9882507
1290,VAMP8,0.99434596
1291,NRBP2,0.99556565
1292,SELENOP,0.9990536
1293,ASPH,0.99662036
1294,COX6C,0.9982958
1295,ARF1,0.998982
1296,ANXA5,0.99567735
1297,PRKACA,0.9844641
1298,KDM5D,0.9923673
1299,ARL1,0.9940673
1300,NDUFV3,0.9976438
1301,VPS13B,0.99789774
1302,SETD7,0.99865294
1303,KDM1A,0.9970246
1304,VDAC2,0.99626434
1305,TMEM230,0.99564457
1306,CTSH,0.99487424
1307,NDUFA10,0.99417114
1308,NXF1,0.9947767
1309,PPP1R10,0.9918993
1310,RTN4,0.9953451
1311,ZG16B,0.99889785
1312,ZDHHC9,0.9986918
1313,GPR160,0.9992223
1314,EIF4G1,0.9983316
1315,SCAF11,0.9952139
1316,ADNP,0.9968684
1317,STARD10,0.9933634
1318,ENAH,0.9980687
1319,CTNNBIP1,0.99843764
1320,SSR1,0.9989526
1321,FOXP4,0.99364114
1322,PICK1,0.9966823
1323,CAMKK2,0.9951607
1324,CDC16,0.98982567
1325,KLHL5,0.99892855
1326,PSMB2,0.9942421
1327,NDUFS4,0.9944352
1328,NSMF,0.99772257
1329,TMEM165,0.9916836
1330,MDH2,0.99674565
1331,CSTF3,0.9969603
1332,ENTPD6,0.9976839
1333,TIA1,0.9964411
1334,MKRN1,0.9945933
1335,RAB10,0.9957665
1336,OST4,0.99713904
1337,PRDX4,0.99437433
1338,QTRT1,0.9956841
1339,KXD1,0.98976237
1340,COPS6,0.99631906
1341,TAOK1,0.99683946
1342,PRDM2,0.99733865
1343,GATA2,0.9968859
1344,DCAF8,0.99610597
1345,CD99,0.99912435
1346,STEAP4,0.9979384
1347,DEK,0.99555427
1348,FUBP1,0.99676144
1349,CAPNS1,0.99529546
1350,CHCHD10,0.99644524
1351,CHID1,0.99808156
1352,MFF,0.99721426
1353,SMARCA2,0.97961664
1354,PMPCB,0.99689656
1355,TACC2,0.99330866
1356,TCIM,0.99558884
1357,PRMT2,0.9968528
1358,COX14,0.9964363
1359,ARRDC3,0.9989179
1360,RAP1A,0.99464357
1361,SERGEF,0.9955724
1362,RMND5A,0.99600863
1363,ANXA3,0.9962549
1364,MAF1,0.9974343
1365,SERBP1,0.99674374
1366,EIF1,0.984727
1367,FBXW4,0.99624807
1368,TOM1L1,0.99876183
1369,OSBPL9,0.9979707
1370,PLEKHB2,0.9977545
1371,CDC42BPB,0.9987279
1372,MFSD10,0.99641335
1373,COX6B1,0.9918409
1374,DHPS,0.9977366
1375,ANXA1,0.99760014
1376,COL6A3,0.99911106
1377,ACAA1,0.9980613
1378,KIF1B,0.99680823
1379,BCLAF1,0.99680483
1380,NFE2L2,0.9987405
1381,KDM4B,0.99604017
1382,UBAP2L,0.99786395
1383,MTX2,0.9957369
1384,STX5,0.99721897
1385,HGS,0.99694884
1386,NDUFS8,0.9979562
1387,CPSF6,0.9948851
1388,USP47,0.99594927
1389,ATP5MC3,0.9980553
1390,COPB1,0.9970305
1391,PPP1R15B,0.98974895
1392,DLGAP4,0.99546295
1393,STX16,0.9946702
1394,ASTN2,0.9987459
1395,COL9A2,0.99570197
1396,EEF1B2,0.99520874
1397,JUP,0.9942065
1398,ZNF217,0.99823654
1399,YME1L1,0.9955812
1400,ZFP91,0.99625546
1401,TRIM2,0.9974192
1402,ADAM9,0.99311197
1403,MAPRE1,0.99369806
1404,SYNPO2,0.996969
1405,NRIP1,0.99865866
1406,TP53INP1,0.99359995
1407,PAFAH1B1,0.9989098
1408,STARD3NL,0.99807596
1409,ST14,0.9975175
1410,BPTF,0.9883377
1411,ARG2,0.9978899
1412,ATPAF1,0.9971621
1413,SF3B6,0.9951247
1414,PPP6R3,0.9936441
1415,MCFD2,0.9973897
1416,NSA2,0.99181277
1417,UBE2R2,0.9902479
1418,JAG1,0.99667734
1419,RBM3,0.9978679
1420,RING1,0.98667043
1421,HNRNPC,0.9990987
1422,MAP1B,0.9988157
1423,TOB2,0.99459946
1424,CANX,0.9990756
1425,PSMD8,0.9962544
1426,NDUFS5,0.9946661
1427,DNAJB2,0.9899281
1428,COX7A2L,0.9980115
1429,LDB1,0.99782985
1430,MAPK10,0.99609834
1431,PI4KA,0.99759257
1432,SRSF11,0.99684983
1433,INSIG1,0.99894834
1434,EIF4A1,0.996085
1435,ZCRB1,0.99591446
1436,DDX39B,0.99149156
1437,STK25,0.997557
1438,PPIB,0.9964096
1439,UBE2Q1,0.9928456
1440,IK,0.99332285
1441,GLG1,0.99696136
1442,FUS,0.99731517
1443,PBXIP1,0.99886686
1444,UBA2,0.9975842
1445,SNRPD1,0.99712366
1446,LSM4,0.99686
1447,TFDP1,0.99727046
1448,PPP1CA,0.995464
1449,CRACR2B,0.9947375
1450,GOLPH3,0.99818546
1451,HIPK2,0.99760115
1452,SOX9,0.9916167
1453,MACROD1,0.99782664
1454,ELP2,0.9983439
1455,UBE2B,0.9915427
1456,COL4A1,0.99871165
1457,PRKAA1,0.9986177
1458,CLTB,0.99396455
1459,COA3,0.99217695
1460,PYCR1,0.9965695
1461,PITPNB,0.99796504
1462,PUM1,0.99748886
1463,KDELR1,0.99847704
1464,ATP5F1E,0.9815994
1465,METTL9,0.99536616
1466,DAG1,0.99549943
1467,DNAJB1,0.9968991
1468,PDHA1,0.99411273
1469,TRPM8,0.9985522
1470,GLRX5,0.9966914
1471,TNK2,0.9986186
1472,ATOX1,0.9915556
1473,ADH5,0.99828994
1474,SCAND1,0.9970929
1475,COX5B,0.99158615
1476,RABAC1,0.98352015
1477,CLIC4,0.9983313
1478,ANP32A,0.9985171
1479,PSMC4,0.99401
1480,P4HTM,0.9984181
1481,SDHA,0.9941253
1482,UBE2G2,0.9864541
1483,ADCY6,0.9960798
1484,ZNF33A,0.99188393
1485,HSPA9,0.9860498
1486,CERS4,0.99671024
1487,NCSTN,0.9946523
1488,CPNE1,0.99440795
1489,ATP6V0D1,0.9972703
1490,SNX3,0.99704725
1491,ZYX,0.9991786
1492,POLR2H,0.9961336
1493,OTUB1,0.99783033
1494,CNPY3,0.99329686
1495,RNF141,0.99678934
1496,TIMP2,0.99916863
1497,VDAC3,0.98930895
1498,ZNF146,0.9965336
1499,SORBS2,0.9915135
1500,GSTK1,0.99602485
1501,PYCR2,0.9979814
1502,RNF213,0.99868006
1503,TOX4,0.9959103
1504,STAG2,0.99811244
1505,USP22,0.9958202
1506,GREB1,0.9919236
1507,CMTM4,0.9952659
1508,COQ4,0.99763215
1509,ARPC1B,0.99934644
1510,POLR2K,0.99842274
1511,PSMD4,0.99628454
1512,ATF2,0.99368125
1513,SFPQ,0.9975187
1514,SPCS1,0.98278594
1515,PDCD5,0.9966227
1516,DCTN2,0.9954401
1517,PPP1R12C,0.9982116
1518,VDAC1,0.99705493
1519,ANXA7,0.9954536
1520,SPSB3,0.9946295
1521,EIF6,0.9913168
1522,SYTL1,0.9971072
1523,LARP4B,0.99743754
1524,WBP2,0.99280006
1525,PAWR,0.99788964
1526,ATG4B,0.9966367
1527,DNM2,0.9935583
1528,PDCD6IP,0.9870138
1529,SPTAN1,0.9965794
1530,TMEM179B,0.9986496
1531,BCL7C,0.9973948
1532,UBE2H,0.99498177
1533,HNRNPLL,0.9982269
1534,ZFAND1,0.9954625
1535,LSS,0.99814683
1536,RBM25,0.99305576
1537,CFLAR,0.99855804
1538,MGAT4B,0.9873428
1539,SNAP23,0.99809927
1540,UACA,0.9971436
1541,NCOA4,0.989162
1542,RAP1GAP,0.998422
1543,BSG,0.99613047
1544,AHCYL1,0.9955227
1545,ARGLU1,0.9956147
1546,ZBTB16,0.9961753
1547,PPM1A,0.9925724
1548,SEC63,0.9922471
1549,HSPA5,0.9969773
1550,SORBS3,0.99829113
1551,ARHGDIB,0.9989396
1552,ATF6B,0.9947783
1553,ITGB5,0.9973505
1554,RSL1D1,0.9950224
1555,SDCBP,0.9914887
1556,IFI6,0.99831456
1557,CYB561,0.9968046
1558,CMTM6,0.99481326
1559,FDFT1,0.9938243
1560,DMPK,0.99615777
1561,UBE2D2,0.9981182
1562,C1orf122,0.99365664
1563,VPS13A,0.9980241
1564,FAM3C,0.99549335
1565,SSBP1,0.99576026
1566,GOT2,0.99555546
1567,NDUFB6,0.9957423
1568,TSPAN3,0.9909765
1569,CHD2,0.9878419
1570,FAM174B,0.99856216
1571,RBL2,0.98499966
1572,CALCOCO2,0.9959494
1573,TXN2,0.99556196
1574,MSI2,0.99601626
1575,RTF2,0.99337524
1576,AIDA,0.99456847
1577,ITGAV,0.9959417
1578,CLASRP,0.99549943
1579,MED13L,0.9978999
1580,BEX3,0.9978892
1581,LZIC,0.9965197
1582,FAM193B,0.9949963
1583,MCM7,0.99706167
1584,PICALM,0.99724317
1585,ATP11A,0.9986114
1586,TNKS2,0.98633134
1587,TCP1,0.9970631
1588,DCAF5,0.99540156
1589,KLF9,0.9984723
1590,MAP2K1,0.997912
1591,PTPN12,0.98595834
1592,INF2,0.9977755
1593,TDP2,0.9945364
1594,CBX5,0.9981179
1595,SELENOK,0.99383056
1596,GDI2,0.99593604
1597,ASH1L,0.99663186
1598,WDR1,0.9989098
1599,PUF60,0.9972302
1600,CRIM1,0.9989815
1601,SORBS1,0.99891233
1602,GRAMD1A,0.9939089
1603,SEC24C,0.99527943
1604,HINT1,0.99899536
1605,PCBP2,0.99610174
1606,FOXN3,0.9988917
1607,MESD,0.9977376
1608,RNH1,0.9915191
1609,LIFR,0.9938436
1610,TSPYL2,0.9967669
1611,NOP53,0.996607
1612,RAB21,0.9903902
1613,VPS54,0.99883485
1614,FBXW2,0.9968139
1615,INSR,0.9954243
1616,TXNDC11,0.9949806
1617,CRLS1,0.99576235
1618,PSMA2,0.97161055
1619,RHOT2,0.99581474
1620,HNRNPUL1,0.99459296
1621,ALG5,0.991903
1622,RRAS,0.9993005
1623,FAM120AOS,0.99355173
1624,RAB1A,0.9951873
1625,SNX19,0.9950893
1626,DYNC1LI2,0.99268526
1627,MAGT1,0.9966761
1628,DCTN1,0.9934884
1629,COLEC12,0.99921834
1630,VCP,0.9960333
1631,CLPTM1,0.99760216
1632,PAIP2,0.99574846
1633,ANP32B,0.99705386
1634,SREBF2,0.9973002
1635,CRCP,0.99705595
1636,YPEL3,0.9992289
1637,HBS1L,0.99467295
1638,ATP9B,0.99665856
1639,ERCC1,0.98924387
1640,PRPF3,0.99787635
1641,SRSF4,0.9965738
1642,ORMDL3,0.9933082
1643,HCFC1R1,0.9970452
1644,PRPF19,0.99695414
1645,GASK1B,0.99442065
1646,ZMIZ1,0.9965876
1647,TRIM28,0.99720323
1648,SGMS1,0.99916875
1649,DNAJC7,0.9938106
1650,LARP4,0.9930326
1651,MMADHC,0.9960201
1652,FAM210B,0.99783313
1653,YIPF4,0.9967832
1654,IGFBP3,0.9983183
1655,DDX42,0.99653244
1656,ZC3H14,0.9979491
1657,TMX2,0.99443895
1658,CHKB,0.988336
1659,SYMPK,0.99725056
1660,RALY,0.9950713
1661,GPATCH2L,0.9830693
1662,HIPK3,0.99222827
1663,ITFG1,0.99448967
1664,SLAIN2,0.99782395
1665,EGLN2,0.98353606
1666,PDCL3,0.99569684
1667,DDX23,0.98956686
1668,SCCPDH,0.99901694
1669,SOD1,0.9964693
1670,LRP11,0.9975295
1671,SRC,0.98900056
1672,NCOA1,0.99841833
1673,TNPO1,0.99240017
1674,SYNJ2BP,0.9939053
1675,PACSIN2,0.99716866
1676,CDKN1B,0.998465
1677,LRCH4,0.9953287
1678,TTC3,0.9968652
1679,PRRX1,0.99911356
1680,FNIP2,0.9989745
1681,AGR2,0.9957141
1682,SLC25A4,0.99855334
1683,SEC14L2,0.99666804
1684,ID2,0.99830955
1685,PDS5A,0.9914963
1686,UBA1,0.9950984
1687,EIF1B,0.9958631
1688,FNBP4,0.99545217
1689,PLPPR2,0.9855162
1690,FAM89B,0.9923067
1691,LSM14A,0.9960301
1692,SQOR,0.99832225
1693,DDOST,0.99860024
1694,MORF4L2,0.99610096
1695,SF3B1,0.9894971
1696,SEPTIN2,0.9969126
1697,SETD5,0.996962
1698,NAA38,0.99736834
1699,CSNK2B,0.997171
1700,SNRPC,0.9922104
1701,PRNP,0.9979992
1702,CUL4A,0.9866888
1703,CRELD1,0.9964696
1704,UQCRB,0.99811393
1705,PARVA,0.99564004
1706,DNPEP,0.98390293
1707,CAMK2N1,0.9980018
1708,SPARCL1,0.99803245
1709,TMEM214,0.9907299
1710,PRPF8,0.99655735
1711,FSTL1,0.9936427
1712,PPP3CB,0.9881566
1713,NDUFA7,0.9980893
1714,TM4SF1,0.9939273
1715,WWC1,0.9950089
1716,MTPN,0.9946979
1717,CCT5,0.9959283
1718,FKBP3,0.99750996
1719,PALLD,0.99902517
1720,NIPSNAP2,0.9928575
1721,GNPTG,0.99767905
1722,MPST,0.99860704
1723,FNDC3B,0.99499255
1724,YY1,0.99775946
1725,TIMMDC1,0.98953795
1726,NFIA,0.99252075
1727,DVL3,0.99672526
1728,ATP8A1,0.9988876
1729,MAPK1IP1L,0.99813205
1730,DDX21,0.99046487
1731,SF3A1,0.9955353
1732,NCL,0.9972361
1733,PAN3,0.9957018
1734,ERP44,0.99493116
1735,FMC1,0.99567497
1736,COPS9,0.98622096
1737,ZNF638,0.99371284
1738,IQGAP1,0.9976941
1739,DBNL,0.98880315
1740,INO80B,0.99569076
1741,CHURC1,0.99724644
1742,ST6GAL1,0.99278945
1743,TXNL1,0.9959145
1744,C8orf33,0.9968552
1745,CLCN3,0.99749285
1746,CTDNEP1,0.9942972
1747,TPD52L2,0.99245054
1748,TNKS1BP1,0.99759436
1749,YY1AP1,0.99832916
1750,KMT2D,0.9966053
1751,SMARCD2,0.99367213
1752,GANAB,0.9981557
1753,SLC26A2,0.9928793
1754,UBP1,0.99245346
1755,NELFCD,0.9963827
1756,PHF1,0.99598557
1757,YTHDC1,0.98890185
1758,GATD1,0.99793077
1759,SMCHD1,0.9963161
1760,CLCC1,0.99233925
1761,POM121,0.99582475
1762,TMED2,0.9985358
1763,PITRM1,0.9949019
1764,TMED3,0.99772066
1765,PSMB7,0.9973622
1766,CBX3,0.9977291
1767,DDX6,0.9966598
1768,BECN1,0.9926165
1769,ZNF587B,0.9981359
1770,CALR,0.9948789
1771,FBXO7,0.98941386
1772,CALCOCO1,0.9980735
1773,POLR2B,0.99787885
1774,BAD,0.9909906
1775,PPP4R3A,0.99658334
1776,AP2M1,0.98793435
1777,OSBP,0.9907615
1778,ENOPH1,0.9934829
1779,SLC39A1,0.9585727
1780,ABCC1,0.9942133
1781,BNIP3L,0.9949457
1782,DDX46,0.9830829
1783,EIF2B5,0.99711186
1784,HDLBP,0.99874675
1785,SP3,0.996548
1786,ANKRD17,0.991926
1787,SH3YL1,0.99106485
1788,RHOBTB3,0.99374807
1789,ATP9A,0.99739945
1790,CUX1,0.9920662
1791,PPM1G,0.99673563
1792,SRM,0.99795645
1793,MTG1,0.99303794
1794,PSMD11,0.99172664
1795,GMPR,0.9976529
1796,MGAT1,0.9954626
1797,PM20D2,0.99653953
1798,UBQLN1,0.99707085
1799,ZNF552,0.99798673
1800,MARK3,0.99418193
1801,CCDC12,0.9969263
1802,PHC3,0.9813631
1803,LTBR,0.98382896
1804,SLC30A9,0.99569786
1805,PHF12,0.9833927
1806,CTTN,0.99572235
1807,TMEM106B,0.9971374
1808,PURB,0.99209535
1809,CHSY1,0.99326414
1810,LBH,0.99590874
1811,FAM50A,0.98940575
1812,FKBP9,0.9928996
1813,NFAT5,0.992221
1814,ARID1B,0.9841562
1815,NUDT3,0.99732804
1816,PDE3B,0.9969981
1817,NOP58,0.9959559
1818,SLC35C2,0.9943583
1819,DNAJA4,0.9970025
1820,SPTBN1,0.9980885
1821,PRPF4B,0.9946935
1822,CBX6,0.9959504
1823,PSD4,0.99847037
1824,BIN1,0.99831474
1825,KLHL24,0.9908302
1826,MYEF2,0.99142987
1827,UBR5,0.99233556
1828,ADAM10,0.99786323
1829,ROCK1,0.9936127
1830,WIPI2,0.9795091
1831,ORMDL1,0.99609727
1832,DDX1,0.9971099
1833,MYO1C,0.99712026
1834,ZNF331,0.99648213
1835,POLDIP2,0.9945649
1836,CBFB,0.9963916
1837,MYH9,0.99774504
1838,SUPT6H,0.9880062
1839,SHTN1,0.9968192
1840,BLCAP,0.99088115
1841,RALB,0.99601173
1842,HEXB,0.9985663
1843,EI24,0.99533296
1844,CAMK1,0.99899584
1845,FAM162A,0.9984753
1846,SMARCB1,0.9968302
1847,MACO1,0.99875575
1848,PRRC1,0.9982727
1849,PTRHD1,0.9990633
1850,INTS10,0.99585867
1851,DR1,0.99479485
1852,MSL1,0.98454523
1853,EIF4H,0.9968851
1854,HOXA10,0.99716437
1855,WFDC2,0.99656034
1856,PHYKPL,0.98565316
1857,RNF41,0.9949253
1858,COX6A1,0.99897027
1859,SGK1,0.99847037
1860,PIEZO1,0.9829913
1861,SEC23B,0.99751115
1862,ATP5F1B,0.99698806
1863,GTPBP6,0.9978189
1864,MRTFA,0.99589044
1865,MBTPS1,0.98807263
1866,BSCL2,0.99278027
1867,COX7B,0.9934752
1868,FAM32A,0.9968763
1869,MINK1,0.9945735
1870,BTBD7,0.99229556
1871,CWC15,0.99539626
1872,GIGYF2,0.99837756
1873,DNPH1,0.9891055
1874,CCDC125,0.9963926
1875,C7orf50,0.99665594
1876,SAR1A,0.9943427
1877,COX7C,0.9959867
1878,ARHGAP35,0.9974174
1879,YAP1,0.9907559
1880,THUMPD1,0.98999894
1881,TAB2,0.9951963
1882,TBC1D16,0.98942924
1883,SERPINF1,0.9991357
1884,EIF4A2,0.99684286
1885,CCT2,0.9891182
1886,TCEAL9,0.98528457
1887,EIF3I,0.9984943
1888,MIEN1,0.9982054
1889,MEA1,0.9975735
1890,SELENOF,0.9928408
1891,CLTC,0.99808276
1892,SHROOM1,0.99745286
1893,FASTK,0.99327374
1894,MALT1,0.9968107
1895,DPY30,0.9980551
1896,PRKCSH,0.99760664
1897,BUD23,0.9963157
1898,SMAD2,0.99767864
1899,REPS2,0.99830973
1900,SFRP1,0.99900264
1901,PCOLCE,0.99916655
1902,ERBB3,0.9987368
1903,IPO5,0.9933851
1904,TIAL1,0.99593127
1905,ZNF22,0.99452895
1906,PDLIM7,0.9990919
1907,MEX3D,0.9973705
1908,GNAI3,0.99025077
1909,ZNF613,0.99906576
1910,B2M,0.9970866
1911,AFF4,0.9901812
1912,RABGGTB,0.9954396
1913,ILK,0.996141
1914,EBPL,0.9984488
1915,HUWE1,0.99353373
1916,LCOR,0.9819052
1917,PCBP1,0.9970175
1918,TMEM205,0.9950446
1919,NEDD9,0.99874115
1920,VPS29,0.9971961
1921,CD81,0.9987199
1922,R3HDM2,0.98929924
1923,ILRUN,0.96756434
1924,TMEM258,0.99826473
1925,RAF1,0.99691254
1926,PDHB,0.99529207
1927,HDAC2,0.99392307
1928,BBX,0.9985625
1929,ACO2,0.99710894
1930,AP2A2,0.99686074
1931,SCAMP4,0.99666435
1932,GID8,0.99527115
1933,ING1,0.99756813
1934,CYB5B,0.98861516
1935,TMX4,0.9931942
1936,SLC31A1,0.990293
1937,DCAF11,0.9916936
1938,EFCAB14,0.9932437
1939,METAP2,0.99449664
1940,DPYSL3,0.99904
1941,DNAJC21,0.9977925
1942,KCTD12,0.9969628
1943,RAB25,0.99438345
1944,TBRG1,0.9857225
1945,HIF1A,0.99519515
1946,MAP7D1,0.99870765
1947,KDM6B,0.990359
1948,GRK3,0.9949702
1949,PPP1R11,0.9973037
1950,BST2,0.9992337
1951,THYN1,0.9956133
1952,FNDC3A,0.98794276
1953,UBL3,0.9933266
1954,GNA11,0.99126345
1955,MSRB2,0.99552554
1956,DST,0.999181
1957,POLR2A,0.99632597
1958,PRPF40A,0.9972821
1959,GMNN,0.99582034
1960,RBM15B,0.9870641
1961,ESD,0.99167174
1962,KIAA0319L,0.99861115
1963,QRICH1,0.9961836
1964,UBB,0.99525535
1965,EBNA1BP2,0.990922
1966,SMAD4,0.99516493
1967,MICAL2,0.9987547
1968,HSD17B10,0.9934621
1969,ECI1,0.99671763
1970,SRF,0.9965587
1971,CCPG1,0.99089986
1972,SGSH,0.98713654
1973,TXLNA,0.9966818
1974,RAMP1,0.99325573
1975,FUBP3,0.99432
1976,PEX2,0.99236465
1977,IFT20,0.99157304
1978,SLC2A12,0.9955142
1979,CREB3L2,0.9954118
1980,LETMD1,0.99855316
1981,TMEM129,0.9974594
1982,FBXO25,0.9984796
1983,PLXNB1,0.9976672
1984,POLD4,0.99790376
1985,PRKDC,0.9977702
1986,GALNT3,0.9987175
1987,KHDRBS3,0.9979957
1988,NUDT21,0.9965275
1989,ARPC1A,0.9953393
1990,XRN2,0.9909594
1991,DAZAP1,0.9983223
1992,IL32,0.9988198
1993,PABPC4,0.99575245
1994,BRD3,0.9931144
1995,LGR4,0.99905735
1996,SRSF3,0.99757063
1997,LRRC75B,0.99781865
1998,TACC1,0.99722815
1999,PUM2,0.9972742
2000,PPP1R13B,0.9983491
2001,ZNF432,0.9985842
2002,SRSF5,0.9984485
2003,VEGFB,0.99651647
2004,ZFAND3,0.9891002
2005,ZMAT2,0.9919112
2006,ADSL,0.9944488
2007,EPHB4,0.9988089
2008,CCDC159,0.9960152
2009,RNF114,0.99635935
2010,CDK19,0.9990452
2011,THBS1,0.9981797
2012,SMIM15,0.9979583
2013,PIK3C2A,0.99433243
2014,SIGIRR,0.98896086
2015,ACAT1,0.9913174
2016,HIBADH,0.9846974
2017,ARIH2,0.99291325
2018,AGO2,0.9919989
2019,MOV10,0.992741
2020,TOLLIP,0.9961151
2021,AKAP8L,0.9977165
2022,EFR3A,0.99467784
2023,RCC2,0.9959625
2024,DCTN3,0.99748385
2025,VIPR1,0.9991894
2026,EPS8L2,0.9874566
2027,ZNF410,0.9972232
2028,OGDH,0.98671085
2029,SMIM26,0.995152
2030,CPNE3,0.9926538
2031,KDM5B,0.99530596
2032,EP300,0.9864322
2033,IGHA1,0.98800135
2034,MAP3K20,0.99900144
2035,MIA3,0.9957243
2036,MOB4,0.990612
2037,SECISBP2,0.99546224
2038,PCP4,0.993695
2039,PSMC3,0.99616826
2040,IGBP1,0.99791825
2041,USP14,0.9957834
2042,CPD,0.99707544
2043,TBC1D20,0.99591047
2044,API5,0.99418944
2045,PAPSS1,0.9871181
2046,SAMD4B,0.98616433
2047,ELF3,0.9974577
2048,ZSCAN18,0.99855316
2049,CPSF7,0.99713534
2050,BAIAP2,0.99653983
2051,TUBGCP6,0.99118066
2052,GAS6,0.99879575
2053,WBP11,0.9972994
2054,PLAAT4,0.9987486
2055,ARHGEF1,0.99716663
2056,RXRA,0.9983674
2057,EXOC3,0.9852547
2058,PSMA5,0.9958289
2059,TCERG1,0.9941907
2060,MLLT1,0.9946312
2061,USP54,0.99622375
2062,IBTK,0.9932347
2063,NAB1,0.9969996
2064,ID3,0.999053
2065,RFFL,0.9968485
2066,TMEM109,0.99837893
2067,WASF3,0.99908024
2068,MAPKAPK5,0.9933605
2069,NAA20,0.993966
2070,USP3,0.9886964
2071,HERC4,0.9942465
2072,ULK1,0.99831074
2073,MMP24OS,0.9908069
2074,ZC3H4,0.9974014
2075,GTF2F1,0.996951
2076,ZNF32,0.9972122
2077,IAH1,0.9979912
2078,DUSP3,0.99767554
2079,ILF2,0.99501336
2080,CENPT,0.99308234
2081,ERN1,0.99408966
2082,CIB1,0.99245054
2083,SDR39U1,0.9983047
2084,EIF4G2,0.997125
2085,IDI1,0.9982568
2086,C5orf15,0.99555075
2087,PRKCD,0.99755985
2088,RCAN3,0.99642247
2089,CFAP97,0.99766785
2090,C1orf115,0.99916244
2091,PPP1R7,0.9956242
2092,RASEF,0.99728966
2093,EPC2,0.99679893
2094,SH3GLB1,0.9984299
2095,ARAF,0.9929272
2096,ERLEC1,0.99767876
2097,CYB561A3,0.99278575
2098,GCN1,0.99528146
2099,TXNDC15,0.99696076
2100,KLHDC3,0.9954909
2101,RNF167,0.98547095
2102,NUCB2,0.97184616
2103,NOTCH2,0.99495083
2104,DDAH1,0.97173476
2105,ADIPOR1,0.9982128
2106,ENDOD1,0.9961619
2107,DYNC1H1,0.99710023
2108,RAB11B,0.995182
2109,ARFGAP1,0.9919232
2110,ZCCHC24,0.99931353
2111,UBE2J1,0.9984784
2112,EIF4G3,0.99487
2113,NAMPT,0.9861791
2114,HEXA,0.9977076
2115,CYBRD1,0.99690956
2116,USP4,0.99626386
2117,ABHD12,0.99191934
2118,LAMA5,0.99678934
2119,HSP90B1,0.9951918
2120,RUVBL2,0.997032
2121,POR,0.99216026
2122,ARID1A,0.9923131
2123,STAM2,0.99495304
2124,MTFR1L,0.9943956
2125,MGP,0.99521273
2126,SH3BGRL,0.998943
2127,THSD4,0.99837524
2128,CISD3,0.9936663
2129,SH3BGRL3,0.99766046
2130,NDUFV2,0.99434596
2131,NSD1,0.99555236
2132,SLC25A16,0.9963064
2133,PLA2G7,0.99827236
2134,PSMA1,0.9954495
2135,IDS,0.9973831
2136,LMOD1,0.9988046
2137,PTP4A3,0.99546915
2138,SHC1,0.9900065
2139,GK5,0.9935548
2140,ISCU,0.997806
2141,FBXW5,0.9982548
2142,FAM91A1,0.99786294
2143,DGCR2,0.99436593
2144,FAM118A,0.9956807
2145,PON2,0.9917871
2146,MAGED2,0.9801808
2147,STT3B,0.9634812
2148,ANAPC11,0.99467945
2149,DNAJC5,0.99026996
2150,GSK3B,0.9978667
2151,IRAK1,0.9970853
2152,AGO1,0.99573565
2153,PCYOX1,0.9981517
2154,CHCHD2,0.9975994
2155,PXN,0.996344
2156,XRCC5,0.99583846
2157,VPS13C,0.99081933
2158,STRN4,0.9980656
2159,PGAM1,0.99615085
2160,BABAM1,0.9637804
2161,ZNF827,0.9985259
2162,HAGH,0.9909307
2163,MBD6,0.9877704
2164,OXA1L,0.99773467
2165,ACYP2,0.98587173
2166,TSPAN14,0.99167764
2167,RIC8A,0.9902086
2168,ANKLE2,0.996893
2169,GMPPB,0.99718356
2170,IGF1,0.99718827
2171,SLC22A23,0.9958406
2172,FXR1,0.9919148
2173,HMGXB3,0.99744904
2174,MFAP4,0.9991324
2175,GIPC1,0.99677896
2176,SLC11A2,0.9974856
2177,GUCD1,0.9935014
2178,NSMCE4A,0.99534106
2179,SOGA1,0.9986909
2180,CDV3,0.99365294
2181,RYBP,0.98826057
2182,PSMG2,0.9959475
2183,LIMCH1,0.9981335
2184,AGRN,0.9979614
2185,CAMSAP3,0.9992294
2186,RNF13,0.9978398
2187,PAFAH1B2,0.99435776
2188,NOP10,0.9990158
2189,SPAG7,0.98938155
2190,GOLGA5,0.995292
2191,UBR4,0.97851425
2192,U2AF2,0.9969541
2193,KPNA4,0.97246593
2194,SLC35A4,0.99705493
2195,HSF1,0.98891616
2196,RSRC2,0.97870564
2197,AKIRIN1,0.99676144
2198,USO1,0.99646723
2199,PRPF39,0.9965941
2200,MAP3K5,0.9977142
2201,ZNF783,0.99732584
2202,MXI1,0.99746406
2203,TMBIM1,0.9689437
2204,CCAR1,0.9976976
2205,GPD1L,0.9930567
2206,ETFA,0.9926363
2207,CARS2,0.9976803
2208,CCNC,0.9956913
2209,ZBED5,0.9951807
2210,VAT1,0.99910593
2211,PODXL2,0.9992364
2212,SUZ12,0.9948332
2213,ZFR,0.9943864
2214,PPP1CC,0.9941214
2215,PARM1,0.99891263
2216,UBE2Z,0.99549
2217,PTBP3,0.99754053
2218,TLE5,0.9958504
2219,EPHX2,0.99882025
2220,DDX56,0.9968684
2221,DHX30,0.9972728
2222,SKI,0.99918765
2223,SCYL1,0.9974096
2224,RBFOX2,0.9909558
2225,ZNF614,0.99566096
2226,TBCB,0.9949611
2227,TBC1D14,0.9983729
2228,ANAPC7,0.9937362
2229,RBBP6,0.99703264
2230,NEK9,0.9895902
2231,MKLN1,0.99262404
2232,RNF126,0.99113256
2233,LPP,0.99561983
2234,BMI1,0.9967514
2235,IDUA,0.9988868
2236,SMG1,0.9921685
2237,NUP58,0.9968307
2238,NUMB,0.9961925
2239,DNAJA1,0.9965121
2240,MBNL1,0.998126
2241,SMARCC2,0.9947362
2242,PKD2,0.99758273
2243,SUDS3,0.99260086
2244,SMARCA1,0.9976888
2245,ZNF544,0.99888325
2246,NPEPL1,0.9966452
2247,GPC1,0.9967011
2248,CCNY,0.99368423
2249,TNRC6B,0.9914466
2250,PCDH1,0.99810255
2251,ANKRA2,0.99115753
2252,VCL,0.9973327
2253,NT5DC1,0.9971352
2254,SMARCA4,0.9961662
2255,GLYR1,0.99278456
2256,FAM3A,0.9956718
2257,RTCB,0.99618524
2258,COBLL1,0.9969506
2259,MGST3,0.9901756
2260,ATL3,0.99851596
2261,NDST1,0.99576604
2262,CD320,0.9933644
2263,SEMA4B,0.988333
2264,GALNT2,0.99797976
2265,BRWD1,0.9986998
2266,ARL2BP,0.9901196
2267,NPEPPS,0.99197483
2268,TMSB15A,0.99754924
2269,CYTH1,0.9953876
2270,COPS7A,0.9970816
2271,NDUFS2,0.9946454
2272,NDUFS1,0.9957283
2273,NEDD8,0.9947504
2274,DDI2,0.9980637
2275,GTPBP1,0.9974287
2276,ARMCX3,0.9868442
2277,ARRDC1,0.9922977
2278,LEMD2,0.99605316
2279,PCID2,0.990919
2280,MAP2K3,0.9899902
2281,DCAF6,0.998726
2282,LSM8,0.9851931
2283,SMAD3,0.9979928
2284,APCDD1,0.9990368
2285,SH3BP4,0.99906534
2286,PHF2,0.9976627
2287,ZNF692,0.99699855
2288,TM9SF1,0.9965128
2289,SURF1,0.9964323
2290,DENR,0.9972261
2291,ENOSF1,0.9961008
2292,CTNNB1,0.9969044
2293,GSPT1,0.9957341
2294,TPP1,0.9953157
2295,TMEM248,0.9899314
2296,SOBP,0.9987522
2297,GABARAP,0.9975414
2298,PHRF1,0.99707896
2299,ABL1,0.9978169
2300,KLHDC2,0.9897023
2301,HNRNPA2B1,0.9974229
2302,ACBD6,0.9967176
2303,DCAF16,0.9883234
2304,STAU1,0.99449277
2305,SEC16A,0.9952486
2306,LNPEP,0.99553514
2307,DPP4,0.99902916
2308,DLD,0.9951503
2309,APPL2,0.9988856
2310,GPBP1,0.97529066
2311,TES,0.9947016
2312,SUPT16H,0.99266684
2313,SCPEP1,0.99707675
2314,RNF145,0.9984018
2315,PCMTD2,0.99743044
2316,ZNF740,0.982589
2317,RBM33,0.98982656
2318,DSC2,0.9989446
2319,BRD1,0.9973712
2320,PPP1R9B,0.99161613
2321,ZNF577,0.99832535
2322,CDK16,0.99744165
2323,RNF144B,0.98676753
2324,ZFP36,0.99819416
2325,HDGFL3,0.99875724
2326,RBM14,0.98384666
2327,KCTD20,0.9662524
2328,GPR107,0.9884307
2329,IDH3G,0.99456006
2330,HGD,0.9977602
2331,TOMM6,0.99347734
2332,PACS1,0.99333084
2333,EIF4E2,0.9955534
2334,FBXO9,0.99841386
2335,ZBTB4,0.9913827
2336,DNAJA2,0.99527436
2337,PAM,0.994028
2338,MBD2,0.9955948
2339,LPGAT1,0.9959343
2340,CNOT7,0.98084307
2341,DOCK1,0.99860966
2342,CCDC124,0.9971648
2343,EPN2,0.9903825
2344,CDC123,0.9989736
2345,MAN2B1,0.9908055
2346,PFKM,0.99704915
2347,DNAJC8,0.9936735
2348,HSP90AB1,0.997817
2349,ESRP2,0.99871755
2350,DELE1,0.991384
2351,SGPL1,0.9909019
2352,MGST1,0.9959067
2353,SS18,0.99617326
2354,LRRC47,0.99095166
2355,ARPC5,0.9989252
2356,CREBL2,0.99588716
2357,SLC38A1,0.99280113
2358,TLE2,0.99791175
2359,ANKRD29,0.9992022
2360,SPRYD3,0.99680537
2361,TRAPPC4,0.99610543
2362,MGST2,0.98701
2363,ACBD3,0.9966342
2364,TFCP2,0.9958141
2365,TRIM26,0.997952
2366,CDC34,0.99831873
2367,COTL1,0.9985149
2368,FAM174C,0.99581856
2369,TNKS,0.99380845
2370,APEH,0.9984629
2371,AGAP3,0.99309945
2372,UQCC1,0.99444413
2373,ATP6AP2,0.9908541
2374,FAM111A,0.99779725
2375,PES1,0.99103105
2376,SATB1,0.9963658
2377,SHROOM3,0.9988129
2378,ENPP4,0.99865687
2379,ACADM,0.9967447
2380,MAVS,0.98846394
2381,SRP54,0.9944361
2382,TIMM17B,0.9968035
2383,ARF5,0.99336386
2384,COL4A5,0.99901354
2385,CHD4,0.9960058
2386,FMOD,0.998036
2387,NFKBIZ,0.99680114
2388,GADD45G,0.9959434
2389,TRGC1,0.99873745
2390,QDPR,0.997722
2391,TWF1,0.99526685
2392,STK11,0.9958832
2393,PYGO2,0.9976787
2394,AKAP11,0.9867321
2395,POFUT2,0.9947252
2396,AUH,0.9966335
2397,CHP1,0.990318
2398,CNP,0.99299335
2399,HM13,0.99629307
2400,COPS2,0.9974441
2401,RACK1,0.99707913
2402,EIF4A3,0.99804384
2403,LMO4,0.9988433
2404,WDR33,0.99723566
2405,ENY2,0.9955528
2406,PCED1A,0.9906556
2407,ALDH9A1,0.9957709
2408,PPM1B,0.98962504
2409,GSR,0.99428636
2410,PPFIBP1,0.99660075
2411,BEND4,0.9993626
2412,SMIM14,0.99873894
2413,MTA3,0.9981507
2414,RBM42,0.99298054
2415,STAT2,0.9972044
2416,RNF4,0.99696493
2417,CD164,0.99042535
2418,BOK,0.9982083
2419,WDTC1,0.9946256
2420,EXOC4,0.99387616
2421,BCL9L,0.99812406
2422,BTF3L4,0.99839187
2423,SHARPIN,0.9977665
2424,ITPR1,0.99092597
2425,AKAP17A,0.9981544
2426,HMGN4,0.98442924
2427,CRYM,0.9983522
2428,AKT1S1,0.99121714
2429,GPCPD1,0.9933226
2430,GLTP,0.99691594
2431,ANTXR1,0.9978299
2432,CZIB,0.9952719
2433,HNRNPA3,0.98289543
2434,TIMM8B,0.99714226
2435,DYNC1I2,0.9865353
2436,PSMD3,0.9951404
2437,GATAD2A,0.99526334
2438,NDUFA8,0.9926467
2439,KIF13A,0.99613917
2440,PPM1H,0.996752
2441,HSPA8,0.9983114
2442,VPS45,0.9943276
2443,RNF185,0.9914093
2444,TMSB4X,0.99701005
2445,ZBTB20,0.9947422
2446,CRAT,0.9973214
2447,SAV1,0.99718857
2448,PRPF38A,0.9959213
2449,BTAF1,0.99235713
2450,SRP19,0.9968221
2451,TDRP,0.99175537
2452,CAT,0.9966037
2453,MAML1,0.99524486
2454,ZNF462,0.99815536
2455,RABGAP1,0.9950393
2456,ZMYND11,0.9881499
2457,TRAPPC6B,0.99340326
2458,GDF15,0.9972217
2459,THRA,0.9942657
2460,MPG,0.99683094
2461,CCDC91,0.99698913
2462,ACOX3,0.99828064
2463,TANC1,0.998888
2464,BAG5,0.99633574
2465,SDF2L1,0.99838036
2466,WAC,0.9940599
2467,M6PR,0.99143875
2468,C11orf54,0.99878156
2469,SMAP2,0.9972981
2470,HSP90AA1,0.9957989
2471,ZNF444,0.9959091
2472,ADPGK,0.99909955
2473,GSK3A,0.9981155
2474,VPS72,0.99425036
2475,UPF1,0.9944233
2476,SDC3,0.99863094
2477,BUB3,0.9962933
2478,SLC35B2,0.99234796
2479,IVNS1ABP,0.9969348
2480,DEAF1,0.99330354
2481,B4GALT1,0.99911016
2482,YIPF2,0.9922523
2483,EHMT1,0.99093527
2484,RNF40,0.9965122
2485,SREBF1,0.99788946
2486,TNFRSF21,0.9962436
2487,TMEM219,0.99536294
2488,SLMAP,0.99606556
2489,EAPP,0.99755263
2490,USP33,0.9961855
2491,VPS53,0.99369824
2492,EXOSC7,0.9919586
2493,PKD1,0.9964682
2494,RUFY2,0.99508446
2495,UBE2E1,0.9956266
2496,LASP1,0.9985932
2497,TRAF7,0.9919425
2498,TRIM44,0.99605334
2499,KDM3B,0.99842364
2500,CHD6,0.998228
2501,GHITM,0.9967057
2502,ALDH6A1,0.99510545
2503,TP53,0.99409986
2504,COPS5,0.9915754
2505,PPA2,0.9922561
2506,RB1,0.9967605
2507,PER1,0.99517226
2508,PFDN2,0.97434485
2509,OSBPL8,0.9870348
2510,KIAA0232,0.9939467
2511,RPAIN,0.9914684
2512,ZC3H13,0.99374866
2513,SERINC1,0.9913663
2514,TSTD1,0.99816763
2515,SQSTM1,0.9986859
2516,XPO1,0.9921191
2517,PMF1,0.9904802
2518,APPL1,0.9948431
2519,BCR,0.9917921
2520,DLG1,0.9837916
2521,SRRM2,0.9966403
2522,PHLDB1,0.9992756
2523,PSMB6,0.9751701
2524,CSNK1E,0.99828863
2525,LDLRAP1,0.99656117
2526,CIAO2A,0.9954632
2527,FURIN,0.9870229
2528,FKBP10,0.9962934
2529,ANKZF1,0.99353343
2530,IFT57,0.997875
2531,HADHB,0.9946911
2532,CYFIP1,0.993504
2533,POLB,0.9928305
2534,TMX1,0.98504686
2535,KDM2A,0.99752975
2536,SCAMP2,0.9936856
2537,DHX36,0.9930111
2538,CNOT3,0.99559414
2539,WDR13,0.994028
2540,PBX3,0.9960891
2541,DHCR7,0.9985696
2542,RHOA,0.9960018
2543,SULF1,0.99794525
2544,SYNE4,0.99771094
2545,AGPAT3,0.99588954
2546,ATF7,0.9943233
2547,PI4KB,0.9882023
2548,PDSS2,0.99519026
2549,IWS1,0.9926295
2550,SELENOO,0.99498254
2551,PACS2,0.9889137
2552,ATP6V1B2,0.99373704
2553,SFRP4,0.9908625
2554,AKAP1,0.99525946
2555,MIER1,0.9943385
2556,EIF2A,0.9921965
2557,EIF5B,0.9933707
2558,CD47,0.9938859
2559,LDLR,0.9985297
2560,TNRC18,0.9961647
2561,OAZ1,0.9978752
2562,SLC35F2,0.9980191
2563,ATF6,0.993103
2564,IFRD1,0.9929575
2565,C2orf68,0.9983976
2566,MAPK8IP3,0.9975743
2567,ARL2,0.99813604
2568,GALNT11,0.9985332
2569,CFAP298,0.99566424
2570,GDE1,0.9919156
2571,ZNF609,0.9948346
2572,EXOC5,0.9967058
2573,EIF2D,0.9923934
2574,D2HGDH,0.99039406
2575,PRKCI,0.9794121
2576,NDUFAF2,0.9922191
2577,UBE3C,0.99537396
2578,TMEM41B,0.9957177
2579,WASL,0.98091745
2580,TUBGCP2,0.9963135
2581,TSC22D4,0.9954931
2582,CDS2,0.995283
2583,PTPN18,0.997388
2584,SNX13,0.9978616
2585,YIPF6,0.99839926
2586,EIF2AK4,0.9967149
2587,CUL4B,0.9934086
2588,LZTS2,0.99754876
2589,ACTB,0.9960933
2590,PFDN6,0.99486005
2591,XPOT,0.99161947
2592,NUFIP2,0.99308705
2593,RCOR3,0.9971993
2594,TRABD,0.98972535
2595,CRK,0.99557215
2596,PKIG,0.99894345
2597,IRF3,0.9958784
2598,PPIG,0.99565566
2599,GRN,0.9927595
2600,BOD1,0.9953967
2601,PARL,0.9936917
2602,PPP1R12A,0.99597776
2603,ZNF586,0.99775153
2604,KDSR,0.9972448
2605,GOSR1,0.99651223
2606,FBXO42,0.99140483
2607,ZNF451,0.99614155
2608,TMEM54,0.9961557
2609,NONO,0.9985585
2610,ITM2C,0.9993041
2611,BRK1,0.9873134
2612,ACTN4,0.99837136
2613,UQCRC2,0.9947422
2614,PGM1,0.99601203
2615,CD63,0.9977814
2616,MRNIP,0.9923122
2617,PSMD10,0.9911581
2618,TMEM167B,0.99596685
2619,EDF1,0.9985348
2620,CRYAB,0.9946745
2621,ATXN7,0.9931708
2622,BLOC1S6,0.9939569
2623,CHMP4A,0.99529463
2624,MMAB,0.9967816
2625,HDAC7,0.99220836
2626,HSD17B11,0.99692184
2627,FAM13A,0.98566264
2628,FAM120B,0.9983498
2629,RILPL1,0.9964863
2630,CLASP2,0.9885295
2631,ARPC5L,0.99378073
2632,COG3,0.99890524
2633,GFPT1,0.9968606
2634,TRIM33,0.99481434
2635,PPP2R2A,0.99842125
2636,UBE4B,0.9560603
2637,GMPS,0.99730396
2638,RNF149,0.9966508
2639,DUS1L,0.99139255
2640,CTSF,0.99090093
2641,POLR3E,0.9893619
2642,MFSD11,0.996186
2643,LRRC41,0.9975373
2644,SLC38A2,0.9929603
2645,ATP6V1G1,0.997828
2646,ZZEF1,0.9975517
2647,CRIP2,0.99900967
2648,CREB3,0.9978093
2649,CFDP1,0.99806905
2650,LRRC59,0.9968421
2651,TNC,0.9989347
2652,PPP4C,0.99394447
2653,TIMM10B,0.9935417
2654,ZNF207,0.99632454
2655,ERCC6L2,0.99481547
2656,BAIAP2L1,0.9954331
2657,NIT2,0.9965491
2658,CAND1,0.9907315
2659,CITED2,0.9845239
2660,RAB27A,0.98935974
2661,PCMT1,0.9899673
2662,MAGEH1,0.9986978
2663,MTIF3,0.9939293
2664,PSMD1,0.99525833
2665,RHBDD2,0.99549514
2666,SNRNP25,0.99030656
2667,USP40,0.99423975
2668,DIP2A,0.9963963
2669,PTGES2,0.9942422
2670,YWHAB,0.99446344
2671,RGMB,0.99792665
2672,FAF2,0.99749756
2673,ETHE1,0.99151605
2674,CPLX3,0.99786425
2675,VOPP1,0.9785476
2676,ATP6V1A,0.97433066
2677,RUSC1,0.9967963
2678,TMCO1,0.9971563
2679,NUDCD3,0.994636
2680,LONP1,0.9924449
2681,SEC23A,0.9988162
2682,MYO15B,0.9989929
2683,KANK2,0.99897707
2684,PLCG1,0.9975682
2685,HCFC1,0.9979303
2686,INTS3,0.99475956
2687,UXT,0.9957101
2688,CKAP5,0.9926198
2689,TRIB2,0.99838316
2690,SELENBP1,0.99836403
2691,METTL3,0.9912226
2692,DHX9,0.9973071
2693,SRP68,0.99102634
2694,SPECC1L,0.9953482
2695,NAAA,0.9952595
2696,TTC39A,0.99889016
2697,EDEM3,0.9940367
2698,ALG2,0.9984281
2699,KAT6A,0.99629796
2700,FOSB,0.99354464
2701,CLPP,0.9979422
2702,AGTRAP,0.9979927
2703,EIF2AK3,0.9980517
2704,INTS8,0.9979415
2705,C1orf198,0.9990601
2706,OSBPL2,0.9894849
2707,CCNI,0.9973214
2708,FNBP1L,0.996078
2709,STRN3,0.99812037
2710,VGLL4,0.99707425
2711,CPSF1,0.9974296
2712,MARK2,0.99590445
2713,TELO2,0.9975834
2714,ZC3H15,0.99451125
2715,IGFBP4,0.999214
2716,NFKB2,0.9948708
2717,NUP42,0.99608314
2718,WWOX,0.9977296
2719,TNIP1,0.998588
2720,MYADM,0.99819297
2721,RNF146,0.9943613
2722,UBE3A,0.9925433
2723,ECSIT,0.9926127
2724,ATF5,0.9968088
2725,MFSD1,0.99701685
2726,INTS1,0.99579525
2727,CSK,0.9965982
2728,DYNLT1,0.9939915
2729,EMC7,0.99720687
2730,TRAPPC1,0.9959517
2731,KCNMA1,0.9949123
2732,HMGN3,0.98692715
2733,ZNF254,0.9952506
2734,SLC44A1,0.9958697
2735,C14orf119,0.9856199
2736,USP36,0.9980966
2737,RELCH,0.9943886
2738,RYK,0.9907228
2739,PRKAG2,0.968005
2740,CAB39,0.9962315
2741,MIB2,0.9975255
2742,ZNF248,0.9967875
2743,SKIL,0.9978616
2744,ARAP1,0.9987825
2745,LRBA,0.99417
2746,PITHD1,0.9891688
2747,MINDY2,0.9891468
2748,LRRFIP2,0.9979526
2749,GRIPAP1,0.9977031
2750,PBRM1,0.99631804
2751,EIF2S3,0.99678713
2752,LTBP1,0.9852372
2753,COQ7,0.9949201
2754,KANSL3,0.98570865
2755,FTH1,0.98948526
2756,EIF2AK2,0.9985253
2757,RASA2,0.9987407
2758,CCNDBP1,0.99698824
2759,PEX10,0.99741256
2760,LMAN1L,0.998476
2761,PSENEN,0.9913445
2762,NUP62,0.99832255
2763,MAP3K11,0.9940405
2764,HSPA4,0.98659265
2765,TTC14,0.99541056
2766,ATG12,0.9939381
2767,UBA3,0.99617094
2768,TCEAL1,0.99799114
2769,UHRF2,0.9880936
2770,FAM204A,0.9968213
2771,CNIH1,0.99230814
2772,SELENOS,0.9892165
2773,CBR4,0.99332035
2774,ATXN1,0.9972364
2775,BTBD1,0.98974216
2776,TMBIM6,0.9950178
2777,BTBD6,0.98842007
2778,SYF2,0.9928908
2779,TXNDC16,0.9985367
2780,FBXL8,0.9904868
2781,ARFGEF2,0.99458116
2782,NDEL1,0.99741983
2783,NIPA2,0.998019
2784,ABHD14B,0.9950383
2785,TNFRSF1A,0.99896926
2786,GTF3A,0.99434364
2787,CBLC,0.99774736
2788,TRPT1,0.99807936
2789,KHDC4,0.99566424
2790,CREG1,0.9946853
2791,SEMA4C,0.9978615
2792,TRIQK,0.9957607
2793,SOCS2,0.99679303
2794,HECTD4,0.9974941
2795,PHF20L1,0.9949039
2796,NECTIN2,0.9949487
2797,ABI1,0.9951225
2798,CUL3,0.99596494
2799,EXT2,0.976221
2800,PTPN1,0.98962176
2801,CNOT1,0.99662274
2802,SEMA3C,0.9974826
2803,ITCH,0.9950889
2804,EIF4B,0.9975626
2805,TNS2,0.9913706
2806,ZFHX3,0.99216545
2807,SPG11,0.993214
2808,SNRPA,0.9973383
2809,ALYREF,0.99451494
2810,TXNRD2,0.99516755
2811,ALDH1A1,0.9960607
2812,FBXW11,0.99379206
2813,CGGBP1,0.9925554
2814,DAXX,0.99056596
2815,TRIM22,0.9991534
2816,ABCA2,0.995097
2817,CLCN7,0.98999155
2818,TTC1,0.993431
2819,ATF7IP,0.99381375
2820,ELOF1,0.99384195
2821,MED13,0.98679924
2822,AVEN,0.99109775
2823,EIF2B1,0.99059755
2824,MAPK1,0.9874581
2825,RCN1,0.99563205
2826,MBNL2,0.9987721
2827,SETX,0.98107064
2828,SART3,0.97041035
2829,TCF7L2,0.99500895
2830,CAPS,0.99570936
2831,IFRD2,0.9982777
2832,CUEDC2,0.99508
2833,OR51E1,0.99804157
2834,C6orf89,0.98892224
2835,PPP1R35,0.99444306
2836,PROM2,0.99848914
2837,NSD3,0.9897162
2838,ITPR2,0.99265695
2839,ZFPL1,0.9924556
2840,GCAT,0.99548745
2841,C15orf48,0.9981873
2842,DIAPH2,0.99666375
2843,CAPN7,0.99488884
2844,NUP54,0.9987603
2845,SPOPL,0.99809337
2846,COLGALT1,0.9958604
2847,POGZ,0.9974174
2848,USP32,0.9930292
2849,ATP6V1F,0.9923186
2850,SNX9,0.9913337
2851,RANBP3,0.9954402
2852,EFHD2,0.9989364
2853,BAZ2A,0.99661076
2854,PAGR1,0.99666035
2855,AP2B1,0.9892799
2856,DPM3,0.99274874
2857,GCC2,0.9981927
2858,TTC19,0.9972699
2859,PNKD,0.99616385
2860,TSR2,0.9733716
2861,SOS2,0.99460286
2862,MESP1,0.99766725
2863,GGNBP2,0.9961636
2864,IGFBP6,0.99718446
2865,WDR43,0.9872563
2866,VPS25,0.99615544
2867,PAK1IP1,0.9988768
2868,PPP2R2D,0.9921939
2869,PSMD7,0.9888884
2870,NECAB3,0.9878621
2871,MOB1A,0.9982786
2872,AFTPH,0.99746734
2873,ARHGAP18,0.9956414
2874,NR2F1,0.9992222
2875,DVL1,0.9970598
2876,SNAPC3,0.997434
2877,PFN1,0.9984276
2878,IGF2R,0.993208
2879,UBE2A,0.9954182
2880,ADRB2,0.9991895
2881,SNX2,0.99229693
2882,NAXD,0.9914036
2883,OCIAD2,0.99456984
2884,KRT10,0.9904486
2885,GJA1,0.9987638
2886,TMEM245,0.9975161
2887,GNS,0.988476
2888,EIF4EBP3,0.99806714
2889,PHF20,0.99274325
2890,RNF115,0.99504155
2891,CDIPT,0.99386686
2892,GABBR1,0.9944545
2893,MAN1C1,0.99842757
2894,MED24,0.99578166
2895,RBPMS,0.9965522
2896,SBNO1,0.998118
2897,NOL7,0.9940452
2898,AIP,0.9977445
2899,MYO5C,0.99330974
2900,PTAR1,0.99748194
2901,GAMT,0.9911444
2902,NXN,0.9990755
2903,SLC23A2,0.9968553
2904,POLE3,0.9941956
2905,LYPLAL1,0.99424374
2906,BDP1,0.9882157
2907,SLC25A1,0.9926502
2908,DACH1,0.99718857
2909,POLR2C,0.98785216
2910,ERGIC2,0.9957839
2911,MAPKAPK2,0.9939789
2912,KPNA1,0.99359375
2913,SLC1A4,0.99525464
2914,PURA,0.9977123
2915,SENP3,0.99625033
2916,TSPOAP1,0.98904
2917,TMEM268,0.998711
2918,LPCAT3,0.9961197
2919,CTSL,0.9924401
2920,IGSF8,0.99802184
2921,MED15,0.9910023
2922,UBE2G1,0.99388134
2923,RALGAPB,0.9960771
2924,ARHGAP17,0.99825
2925,SLC12A7,0.9921489
2926,ATP6V1E1,0.99029994
2927,FPGS,0.96935546
2928,RASSF3,0.97927207
2929,BCAP29,0.9919797
2930,MAEA,0.9873496
2931,ZCCHC7,0.99584204
2932,COMMD7,0.9913089
2933,CDC42BPA,0.98052925
2934,TMEM147,0.99760556
2935,STK40,0.99618787
2936,MCTP2,0.99777114
2937,ELF2,0.994769
2938,CAPN5,0.9936131
2939,WNK2,0.9983627
2940,LTA4H,0.99715316
2941,GPR108,0.9896593
2942,PDXK,0.99671584
2943,ESYT1,0.99515855
2944,KMT2B,0.9955323
2945,ALG11,0.99049395
2946,ME3,0.9939874
2947,BCAT2,0.99556196
2948,SRSF6,0.9776371
2949,PSMD6,0.9918703
2950,MTLN,0.9608812
2951,RANBP9,0.99570894
2952,PRPSAP1,0.9968276
2953,NR1H2,0.9938818
2954,SEPTIN10,0.9938712
2955,TMUB2,0.9956418
2956,STXBP2,0.9858105
2957,ATP5PB,0.99014455
2958,SEL1L3,0.99509764
2959,STAMBP,0.99565595
2960,PIKFYVE,0.993019
2961,MAP2K4,0.99460983
2962,CTDSPL,0.9918441
2963,PRCC,0.99315524
2964,KCMF1,0.9806061
2965,HBP1,0.9879427
2966,STXBP5,0.99228925
2967,RBBP7,0.97297597
2968,MRTFB,0.99628127
2969,TMEM33,0.99640477
2970,ZNF106,0.99257976
2971,DMAP1,0.98318744
2972,GM2A,0.99542904
2973,SNX4,0.9915766
2974,LARP1,0.99825466
2975,SPOP,0.9869999
2976,PRKAR2A,0.99429053
2977,TMEM30A,0.99241126
2978,CYBC1,0.9958123
2979,MED28,0.99554014
2980,ZMYND8,0.99403584
2981,ACOX1,0.99554646
2982,VPS13D,0.99427307
2983,STOM,0.9992
2984,CYREN,0.9972807
2985,UGGT1,0.9923116
2986,DYRK1A,0.9973257
2987,VMAC,0.9931695
2988,MPHOSPH10,0.9981156
2989,HNRNPDL,0.9896091
2990,GBF1,0.9944372
2991,PEX19,0.99683833
2992,PACSIN3,0.9958972
2993,N4BP1,0.9746083
2994,HACD3,0.996251
2995,CCDC85B,0.9979062
2996,INTS6,0.9742322
2997,ZNF655,0.9941654
2998,DDX3Y,0.9975199
2999,EIF2S1,0.9860905
3000,NEK7,0.9903472
3001,COL5A1,0.9985132
3002,PARP8,0.9974269
3003,SPTLC2,0.9898786
3004,PSKH1,0.991607
3005,LSM1,0.9991106
3006,AMFR,0.9791494
3007,ADGRA3,0.99558336
3008,FAM219B,0.9724689
3009,RETREG3,0.99544984
3010,NUDC,0.9979109
3011,ACP1,0.9980397
3012,NDUFS3,0.9972078
3013,NCK2,0.9963068
3014,KLF6,0.998154
3015,VEZT,0.989208
3016,GATAD2B,0.99087167
3017,TMEM30B,0.9958804
3018,DCUN1D1,0.9962344
3019,LIN7C,0.9971955
3020,UNC13B,0.99775684
3021,DMWD,0.99742585
3022,ARHGAP12,0.9944163
3023,LMO7,0.99843806
3024,DDX41,0.997729
3025,ANKRD37,0.9963691
3026,DROSHA,0.99459374
3027,SNRNP70,0.99303776
3028,TRIM4,0.9959362
3029,MAPK13,0.9935859
3030,XPO6,0.99375105
3031,SPTSSA,0.9980474
3032,PLSCR1,0.99914414
3033,DPF2,0.9890908
3034,CTNNAL1,0.99685216
3035,PHGDH,0.9960127
3036,VTI1A,0.9984358
3037,NPHP3,0.99705476
3038,DYNLL1,0.99660724
3039,UHMK1,0.9930877
3040,SNF8,0.9965922
3041,RNPEP,0.9913128
3042,ARHGEF12,0.9970028
3043,PDE4D,0.9989592
3044,DENND4C,0.9971694
3045,ZNF800,0.9928815
3046,IRF9,0.9959554
3047,S100A4,0.999001
3048,SLC33A1,0.99191517
3049,SERPING1,0.9989388
3050,SMIM20,0.99647295
3051,C12orf75,0.9891131
3052,AGPAT1,0.99691534
3053,PMVK,0.9950962
3054,MAPKAP1,0.9959757
3055,CRY2,0.9962092
3056,DECR1,0.98807013
3057,ASRGL1,0.99433094
3058,MTCH2,0.9964948
3059,CCDC186,0.9975523
3060,VPS26A,0.9927164
3061,SBNO2,0.9972995
3062,XPC,0.9972453
3063,NARF,0.9939828
3064,MGRN1,0.99311316
3065,CYCS,0.9977344
3066,LAMTOR3,0.99082875
3067,NDUFAF8,0.99195653
3068,FASTKD2,0.9887919
3069,HRAS,0.99299437
3070,EIF3J,0.99018
3071,INPPL1,0.9966603
3072,TRAPPC12,0.9877468
3073,ELMO2,0.9931014
3074,CRTAP,0.9961273
3075,WFS1,0.99935746
3076,NELFE,0.9907923
3077,SF3B3,0.99421906
3078,SNRK,0.97881365
3079,ZNF562,0.9950909
3080,ARMC8,0.9907093
3081,CCNG2,0.9963335
3082,VPS37C,0.99502707
3083,ADGRG1,0.98990476
3084,DAAM1,0.98942167
3085,NSD2,0.99768984
3086,PSPC1,0.9828164
3087,ATXN2,0.98842216
3088,PPP1R15A,0.9987448
3089,BMPR2,0.98165476
3090,PSME2,0.98991966
3091,IMP3,0.9929349
3092,FAM117B,0.9989798
3093,MTUS1,0.9928388
3094,BOC,0.9993439
3095,EZR,0.99182653
3096,PIP4K2B,0.96958375
3097,CLDND1,0.9970053
3098,PANK3,0.99853575
3099,CNOT8,0.9939723
3100,BNIP2,0.9980394
3101,UROD,0.9977726
3102,ARPIN,0.9845703
3103,MON1B,0.99794406
3104,MCRS1,0.98558205
3105,NCOA2,0.9922248
3106,AGAP1,0.99369884
3107,CDC73,0.9965176
3108,C9orf78,0.9899468
3109,MT1G,0.9913111
3110,DAPK3,0.9988141
3111,CHKA,0.9917612
3112,SLC22A3,0.99932516
3113,POLR3H,0.9940977
3114,LSM6,0.99642414
3115,LEPROT,0.9888994
3116,NUDT19,0.9982312
3117,CNPPD1,0.9946351
3118,TXNDC12,0.99298465
3119,HDHD2,0.99370587
3120,HTT,0.9974341
3121,R3HDM4,0.9926335
3122,VPS4B,0.99720836
3123,NOP56,0.99533075
3124,CDC42EP1,0.9988069
3125,DFFA,0.9890402
3126,SSRP1,0.9965097
3127,LSM12,0.9934268
3128,PTS,0.99068034
3129,TMEM11,0.9960827
3130,CEBPZ,0.9921297
3131,CYB5R1,0.99069643
3132,FEM1B,0.9957325
3133,PPIE,0.9912895
3134,PIP5K1C,0.9948912
3135,PPIL2,0.995541
3136,SMPD1,0.9962451
3137,EIF4E,0.9948463
3138,TAF1,0.9839002
3139,PQBP1,0.9961253
3140,SGTA,0.99601895
3141,FN3K,0.9853337
3142,LSM2,0.9958339
3143,RANBP3L,0.9953295
3144,RAB11FIP3,0.9948671
3145,EDEM1,0.9932858
3146,YIF1A,0.9947149
3147,AKAP13,0.99458253
3148,LDOC1,0.9764029
3149,STK17B,0.9954756
3150,USP16,0.98817444
3151,MBOAT7,0.99755853
3152,PABPC1L,0.99742305
3153,NDUFA12,0.995481
3154,ATRX,0.9963225
3155,MYH10,0.99855274
3156,PLBD2,0.99334115
3157,SLC25A11,0.99457383
3158,ABHD16A,0.99707156
3159,TBCD,0.99555784
3160,NSUN2,0.98880225
3161,PSMD2,0.99544686
3162,ADAMTS1,0.99474585
3163,EPC1,0.98333335
3164,SUGP2,0.9972631
3165,FBXO44,0.990746
3166,DNAJC4,0.997879
3167,SAP30BP,0.98806816
3168,SBF2,0.99861735
3169,MMP14,0.9992923
3170,SLC25A28,0.9977187
3171,WASHC4,0.98924375
3172,ADAM15,0.98324835
3173,TRIM36,0.9990169
3174,SOX13,0.99629503
3175,SLC27A1,0.9952736
3176,TFG,0.9873033
3177,ST6GALNAC6,0.98817605
3178,SESN3,0.9985715
3179,IMP4,0.9952487
3180,HSPH1,0.98955905
3181,ERI3,0.9890541
3182,MANBAL,0.9909937
3183,FBLIM1,0.99896175
3184,DCTN6,0.9929022
3185,MICU2,0.99716103
3186,DOP1B,0.9988634
3187,CXCR4,0.99917394
3188,CNOT2,0.98786074
3189,MYL12A,0.9910856
3190,CAP1,0.9981749
3191,TEN1,0.9977959
3192,FDX1,0.9930567
3193,DICER1,0.9888352
3194,AXIN2,0.99907845
3195,FAM135A,0.9937472
3196,MLXIP,0.99705684
3197,CIRBP,0.99593765
3198,RAB9A,0.9903635
3199,ARID4B,0.9888839
3200,AQP3,0.99690723
3201,GNPTAB,0.99478143
3202,TMC4,0.99743557
3203,SH3PXD2A,0.99907184
3204,NUBP2,0.99825716
3205,DDX17,0.99624586
3206,NDUFAB1,0.9758217
3207,SPTLC1,0.9926388
3208,ETS2,0.9960189
3209,SRSF8,0.99657977
3210,CACUL1,0.9919727
3211,SACM1L,0.9943727
3212,FGFR1,0.9987086
3213,OGN,0.99911183
3214,MFN1,0.99591553
3215,LGALS8,0.9956982
3216,CBY1,0.99689984
3217,SRP9,0.99432284
3218,STAP2,0.99485105
3219,ERG28,0.9910783
3220,PREPL,0.99298376
3221,STX17,0.996422
3222,RNF14,0.99727833
3223,FBXL17,0.99631935
3224,WLS,0.99906737
3225,EEF2K,0.9982001
3226,UTP23,0.9964169
3227,NPLOC4,0.9954988
3228,PMM1,0.9958407
3229,EPM2AIP1,0.9955003
3230,FAM174A,0.995281
3231,JPT1,0.9949373
3232,USP11,0.99684316
3233,CIZ1,0.9977487
3234,TMEM135,0.99895513
3235,TTLL12,0.99827355
3236,CBX4,0.99777824
3237,ULK2,0.9942603
3238,USP25,0.9970567
3239,PTMS,0.9927887
3240,PTN,0.98606116
3241,DKK3,0.9991468
3242,VAMP3,0.9904098
3243,HERC2,0.98952955
3244,SORT1,0.9945433
3245,ZBTB44,0.99418557
3246,MIGA1,0.99334264
3247,SEPHS2,0.99481875
3248,ARHGAP8,0.998302
3249,INO80E,0.98927623
3250,NUDT5,0.99072695
3251,ATG101,0.99603224
3252,SLC25A23,0.9956629
3253,BMS1,0.9951916
3254,CRACR2A,0.99648666
3255,CLK3,0.99256206
3256,SDHB,0.9823046
3257,UFD1,0.9913329
3258,RGS2,0.9855728
3259,ZNF644,0.9973852
3260,CREM,0.99764884
3261,RSPRY1,0.99399304
3262,TRIM56,0.99680793
3263,TRIM38,0.99815667
3264,ARVCF,0.9949652
3265,UBR3,0.9872131
3266,HYI,0.9934885
3267,PWP1,0.9908118
3268,PTPRA,0.9346156
3269,ARFGAP2,0.9930065
3270,KEAP1,0.9951796
3271,DPM1,0.99378693
3272,PPDPF,0.9978837
3273,BAX,0.9957789
3274,WDFY1,0.9830794
3275,NUB1,0.9924471
3276,LPCAT1,0.9776465
3277,PLPP3,0.99788165
3278,NIPBL,0.99661726
3279,MTURN,0.99914855
3280,PTPRS,0.9744869
3281,ATP13A3,0.9939616
3282,OSGEP,0.9954733
3283,SMAD5,0.99673486
3284,SMC1A,0.9883288
3285,MDM2,0.9933779
3286,LSM5,0.99169695
3287,FAM98B,0.99679136
3288,CLASP1,0.994739
3289,SPATS2L,0.9946121
3290,UTP6,0.9915495
3291,BCKDK,0.9770675
3292,MTMR3,0.9911183
3293,LAMA4,0.99920046
3294,ZDHHC6,0.987109
3295,ANXA6,0.99815744
3296,NCOA3,0.9833686
3297,CCAR2,0.991242
3298,STIM1,0.9975635
3299,SSNA1,0.99463856
3300,DPP9,0.9930209
3301,DAZAP2,0.9819126
3302,DENND6A,0.99228287
3303,TMEM8B,0.99346
3304,ING4,0.9984293
3305,CSE1L,0.994841
3306,RARRES2,0.9991343
3307,SCAMP1,0.99857724
3308,ATAD1,0.9853946
3309,PIGP,0.9974012
3310,DNAJB11,0.9940659
3311,PHKB,0.98723567
3312,SCFD1,0.99445117
3313,SLC40A1,0.9982635
3314,C6orf132,0.9907533
3315,SNX6,0.99474823
3316,TADA2B,0.9962045
3317,ASAP3,0.9952998
3318,ARHGAP32,0.99847966
3319,WRNIP1,0.99174726
3320,PCBP4,0.99283093
3321,DAD1,0.99213743
3322,C11orf80,0.99699724
3323,RILPL2,0.9984462
3324,GMDS,0.99591935
3325,TMF1,0.991697
3326,PLEKHO1,0.99921227
3327,FXYD6,0.99908537
3328,FAN1,0.99334836
3329,ZCCHC17,0.9923812
3330,MED4,0.98688143
3331,TRAPPC3,0.99630916
3332,VPS35,0.9913276
3333,TMEM184C,0.9971224
3334,DDX54,0.9958844
3335,DDX5,0.995023
3336,CSNK2A2,0.99273276
3337,ATP1B1,0.9994023
3338,RASD1,0.9958415
3339,NCLN,0.9972474
3340,ISCA1,0.9948208
3341,KCTD10,0.9988549
3342,ASCC3,0.99857104
3343,CERCAM,0.99912244
3344,MON2,0.9969399
3345,ABI2,0.99793977
3346,UBAC2,0.99055374
3347,SLC22A17,0.99573135
3348,SERPINA3,0.9875668
3349,WASHC5,0.9868502
3350,TCF12,0.99413973
3351,CLDN12,0.9961522
3352,COPS7B,0.9568285
3353,MPHOSPH8,0.9940875
3354,EIF1AX,0.9978183
3355,OPTN,0.9990634
3356,CRKL,0.991007
3357,FAM136A,0.9971325
3358,TESK1,0.99165195
3359,SEPTIN11,0.99505234
3360,NUP85,0.9917487
3361,UBE2L6,0.99915886
3362,HEXIM1,0.99724525
3363,SPAG9,0.9783028
3364,SAMD5,0.99434364
3365,NIBAN1,0.9978565
3366,THAP7,0.9908067
3367,RIN2,0.9977531
3368,TM9SF4,0.99739325
3369,CORO1C,0.9992903
3370,MAPK14,0.987318
3371,TRAK2,0.98936653
3372,UBFD1,0.9974338
3373,YWHAH,0.9988786
3374,PRELP,0.9942974
3375,STOML2,0.98460144
3376,DDX49,0.99861413
3377,DGCR8,0.98492795
3378,ALDH2,0.99777746
3379,YTHDF2,0.994575
3380,NCOA6,0.99457026
3381,PKP4,0.9953934
3382,TMED5,0.9927957
3383,TBX1,0.9957081
3384,SPATA13,0.99689883
3385,GET3,0.9908298
3386,KMT2A,0.9956703
3387,LSM14B,0.9962025
3388,UBE3B,0.99318266
3389,ITPK1,0.9961946
3390,RNF44,0.9938992
3391,OAT,0.9962726
3392,TWSG1,0.9711877
3393,DUSP16,0.9975664
3394,ETNK1,0.99555916
3395,FBXL3,0.99652195
3396,ANXA2,0.9869949
3397,EYA2,0.99840134
3398,WDR11,0.9939705
3399,RUNX1,0.9993028
3400,RO60,0.99361396
3401,GALNT1,0.996163
3402,REPIN1,0.998453
3403,EEF1G,0.99588466
3404,URB1,0.9985137
3405,MEPCE,0.9915474
3406,SH3D19,0.9988039
3407,SPPL2A,0.98488927
3408,FARSB,0.99753964
3409,LAMA3,0.9989533
3410,DTX3,0.9974968
3411,ATPSCKMT,0.9961871
3412,IQSEC1,0.99585557
3413,MNAT1,0.9950132
3414,TMEM9B,0.99569213
3415,FAM193A,0.99180233
3416,IFT27,0.99496293
3417,GTF2H5,0.9952471
3418,BDH1,0.9975713
3419,OTUD5,0.9918098
3420,TRNT1,0.99783
3421,ZNF385B,0.99275744
3422,ATIC,0.9948204
3423,CDC5L,0.98530877
3424,PEMT,0.9961347
3425,ZNF121,0.9963579
3426,HOOK3,0.9935286
3427,PTEN,0.99772096
3428,PPP1R14A,0.99919045
3429,ZNF280D,0.9969377
3430,PLEKHM2,0.9902268
3431,ZNF362,0.99547684
3432,ZDHHC3,0.99742717
3433,E2F4,0.9930483
3434,AVL9,0.99744815
3435,RPP21,0.97704303
3436,OPA1,0.9965719
3437,NDUFA9,0.98673075
3438,MFN2,0.99449563
3439,SGPP1,0.9961854
3440,FARSA,0.9966825
3441,CRYL1,0.9957095
3442,NFX1,0.9965595
3443,ZNF561,0.9936678
3444,NPNT,0.98024
3445,TTYH3,0.9958298
3446,DPH7,0.996495
3447,RREB1,0.995401
3448,PIK3CB,0.995402
3449,TMOD3,0.9925712
3450,RTF1,0.9956281
3451,ATXN3,0.9946618
3452,TBL1X,0.9971622
3453,LGALSL,0.99055696
3454,ALG12,0.99531394
3455,GORASP2,0.99593884
3456,MAML3,0.9988492
3457,PSMG3,0.9939575
3458,BIK,0.99654585
3459,AP3M1,0.996759
3460,RPRD1A,0.995322
3461,STX6,0.9953794
3462,DENND10,0.99790144
3463,VKORC1,0.99222237
3464,WIPF2,0.99478483
3465,ENTPD4,0.99091953
3466,SRSF9,0.9959862
3467,TIMM9,0.9942026
3468,EEF1AKMT2,0.99701965
3469,TRADD,0.99783427
3470,SIN3B,0.98712224
3471,BCL6,0.99693805
3472,BORCS7,0.9924749
3473,SRA1,0.9958036
3474,NUDCD2,0.9954519
3475,PRPF38B,0.9975845
3476,PHC1,0.9944703
3477,ZNF507,0.97144544
3478,TRIP6,0.9991114
3479,COQ9,0.9902134
3480,PLPP2,0.99890035
3481,MYO1B,0.9979786
3482,ATG2B,0.9913758
3483,NFKB1,0.9965281
3484,PPP3R1,0.9744204
3485,ZHX1,0.9973027
3486,VEZF1,0.9861223
3487,LMF2,0.9919824
3488,CHMP5,0.9988848
3489,TBC1D4,0.99694633
3490,GGA2,0.99491835
3491,NEMF,0.9971145
3492,MED25,0.99616194
3493,ATP6V0A1,0.99492687
3494,ZNF330,0.996637
3495,ABCC5,0.99028474
3496,TRIM29,0.9976274
3497,RBCK1,0.99461675
3498,MTA2,0.99703526
3499,HPCAL1,0.9902558
3500,GOLPH3L,0.9974847
3501,FAM53C,0.99456114
3502,MAPKAPK3,0.99480706
3503,ERRFI1,0.99608374
3504,UBQLN2,0.9952868
3505,TMEM14C,0.9835419
3506,GSTO1,0.99560726
3507,PGPEP1,0.9945393
3508,CENPB,0.99885446
3509,ZBED1,0.99536335
3510,PSAP,0.9952877
3511,NOL12,0.99502534
3512,CASK,0.99403167
3513,CTNNBL1,0.99011636
3514,FAM168B,0.9968542
3515,RBPJ,0.9948469
3516,TKFC,0.9969011
3517,PHLDB3,0.9779947
3518,NMT1,0.95054466
3519,PRKD2,0.9956018
3520,RAVER1,0.9898518
3521,ATP6V0E1,0.9900584
3522,RC3H1,0.99372894
3523,TMTC4,0.99668044
3524,INPP5A,0.99703956
3525,AUP1,0.98667365
3526,URGCP,0.99515986
3527,AHI1,0.99569595
3528,MXRA8,0.99905896
3529,SLC25A10,0.99302787
3530,COMMD4,0.9978489
3531,BHLHE40,0.9970294
3532,SOAT1,0.99733
3533,ZFYVE21,0.9941014
3534,POMP,0.99562424
3535,ACOT9,0.99117976
3536,CAMTA1,0.9958982
3537,PTGES3,0.9905168
3538,PML,0.99884474
3539,TBL2,0.99576265
3540,SLC25A30,0.99558735
3541,ZNF148,0.9935354
3542,CNNM3,0.99645364
3543,EHD2,0.9990282
3544,ASXL1,0.9979835
3545,MBTD1,0.9920392
3546,ASNSD1,0.9863285
3547,UBN1,0.980627
3548,EPS15,0.9921796
3549,LAP3,0.99651587
3550,PFKP,0.99666166
3551,TGFBR2,0.99926025
3552,RALGDS,0.9964896
3553,TSEN34,0.9974979
3554,LARP7,0.9952625
3555,CCDC86,0.9982148
3556,SLK,0.99093395
3557,USP15,0.99259794
3558,TTC12,0.99276894
3559,DEXI,0.99850756
3560,SART1,0.99436873
3561,ACTR1A,0.997008
3562,SNTB2,0.9905039
3563,RBM23,0.9893861
3564,SUCLG2,0.9968783
3565,OSER1,0.9887278
3566,FERMT2,0.9990602
3567,RFX5,0.9976887
3568,POLG,0.9950402
3569,HEXD,0.9961742
3570,HDAC3,0.9977417
3571,MFSD14A,0.99530995
3572,GULP1,0.997573
3573,RAB35,0.99344754
3574,GPATCH2,0.9876893
3575,ZNF426,0.99456316
3576,CDH11,0.99884903
3577,CCDC85C,0.99445343
3578,GPRC5C,0.99862564
3579,PKN2,0.9956501
3580,PREB,0.9903077
3581,TPR,0.9608524
3582,PLXDC2,0.99911636
3583,DNAJC1,0.99782836
3584,TOM1L2,0.9855909
3585,MAGI1,0.9939673
3586,PSMA3,0.99556535
3587,PIGT,0.9934437
3588,FAM172A,0.99277896
3589,BAG2,0.99742395
3590,TAP1,0.99908197
3591,FBH1,0.99412423
3592,GOLGA7,0.99633485
3593,MAN1B1,0.9914884
3594,SEZ6L2,0.9989029
3595,SIL1,0.9971416
3596,C11orf71,0.98612773
3597,CIAO2B,0.9906145
3598,MPLKIP,0.9970433
3599,PER3,0.9983306
3600,MEF2A,0.99860525
3601,SPPL2B,0.98923486
3602,PEX11B,0.991854
3603,RBM26,0.9970146
3604,CCND2,0.9988779
3605,ILKAP,0.9637584
3606,RPRD1B,0.98808074
3607,STARD7,0.9949291
3608,MLST8,0.9976892
3609,AGGF1,0.9952399
3610,NABP2,0.9958026
3611,SLC4A2,0.99732894
3612,ABCF3,0.9951397
3613,TMEM43,0.98794246
3614,HEBP1,0.99379456
3615,NDUFA6,0.99349064
3616,SCRIB,0.9923327
3617,SENP2,0.9857891
3618,KIF21A,0.99716413
3619,ARHGEF7,0.99771965
3620,PPIL4,0.99542814
3621,BRD8,0.9986095
3622,MCCC1,0.9865208
3623,RNF216,0.9980368
3624,VBP1,0.9935846
3625,FAM199X,0.9788873
3626,IRF6,0.9801651
3627,PIGH,0.99710286
3628,ZNF880,0.99605715
3629,ALDH18A1,0.9796772
3630,PPAN,0.9960757
3631,CEBPZOS,0.99615765
3632,AP1G2,0.99716455
3633,TMEM181,0.9885857
3634,ITPA,0.9979232
3635,UGP2,0.9964464
3636,TMEM192,0.9982218
3637,COA8,0.9944271
3638,CRISP3,0.99336976
3639,BIRC6,0.9915545
3640,AIMP1,0.9898033
3641,UNC45A,0.99697596
3642,AAAS,0.9690704
3643,THAP4,0.9880293
3644,GOPC,0.9755477
3645,MED8,0.99219775
3646,SAMM50,0.99190784
3647,GRB2,0.99200803
3648,CTSO,0.9952631
3649,CFL2,0.99773455
3650,AFG3L2,0.9949362
3651,KIAA1143,0.99491715
3652,FAM234A,0.9941137
3653,KLHL12,0.9866758
3654,PWWP3A,0.99114466
3655,FIBP,0.99503905
3656,COG1,0.98993003
3657,MARF1,0.9844863
3658,GGA1,0.9944818
3659,TFDP2,0.9955261
3660,TM2D3,0.9917525
3661,CEP170B,0.9955788
3662,TMEM256,0.9951309
3663,C11orf96,0.99699044
3664,PTPRN2,0.99841166
3665,REV1,0.9908468
3666,SPRY1,0.9952935
3667,CUL5,0.9819338
3668,TIMM10,0.98740697
3669,PAXBP1,0.98935056
3670,NFIL3,0.99762297
3671,MRC2,0.99918664
3672,SSH3,0.99752086
3673,NUP98,0.9959735
3674,TMEM125,0.9968417
3675,SLC10A7,0.9944755
3676,NUDT16,0.9854368
3677,TMCO4,0.9948479
3678,ACAD9,0.98125225
3679,C18orf32,0.9954434
3680,SEC24D,0.99064803
3681,PHIP,0.99276125
3682,ATG14,0.99424404
3683,BICD1,0.99837667
3684,NEK6,0.9955349
3685,CNOT6,0.99678385
3686,ERCC5,0.98924536
3687,CPSF4,0.99326795
3688,UBA5,0.99533796
3689,ZBTB47,0.9830118
3690,RNF20,0.9950707
3691,MOAP1,0.9976929
3692,RALGAPA1,0.99147785
3693,WWP1,0.9884164
3694,UQCC2,0.9887507
3695,THAP11,0.9974255
3696,CLPX,0.9884602
3697,ABHD11,0.99316823
3698,ZHX2,0.9971361
3699,RTCA,0.99226195
3700,PAM16,0.9936733
3701,SLC39A10,0.99473476
3702,PSIP1,0.998504
3703,ZMAT1,0.99674594
3704,SH2B1,0.99191934
3705,TERF2IP,0.9964103
3706,ZER1,0.99296695
3707,PHACTR2,0.99694705
3708,LIMD1,0.99693227
3709,RRP7A,0.98888695
3710,ANAPC2,0.98500377
3711,SIPA1L3,0.9928509
3712,FTSJ3,0.98903954
3713,SZT2,0.9950034
3714,KLHL22,0.983922
3715,FBRS,0.9939471
3716,MECP2,0.99499595
3717,FAR1,0.99546695
3718,NMD3,0.99295205
3719,FIP1L1,0.99523604
3720,GRPEL1,0.9867145
3721,SERF2,0.9980501
3722,STX10,0.99626136
3723,CTSA,0.99451077
3724,LMBRD1,0.9836098
3725,TCEA2,0.99641746
3726,CSGALNACT2,0.99899447
3727,MZT1,0.99273175
3728,VPS52,0.99599904
3729,C9orf152,0.998903
3730,ACSM3,0.9929818
3731,CHIC2,0.99221516
3732,SEPTIN8,0.99610263
3733,PTPRT,0.9980354
3734,STX3,0.9963636
3735,UBXN1,0.99627393
3736,FILIP1L,0.99900556
3737,CEBPG,0.99500316
3738,CYP1B1,0.99901843
3739,TRIM13,0.9945205
3740,LRP6,0.9933007
3741,MCM3AP,0.99491227
3742,IST1,0.98042065
3743,RABGAP1L,0.9956174
3744,ZGPAT,0.99128836
3745,KIDINS220,0.9892632
3746,ERO1A,0.9943712
3747,SUSD6,0.99546456
3748,TBC1D9,0.9965608
3749,TBC1D5,0.98863775
3750,COL4A2,0.96289665
3751,FOXJ3,0.99377275
3752,SDE2,0.9932183
3753,BTBD3,0.9983687
3754,WIPF1,0.99933857
3755,TEX264,0.9961196
3756,N4BP2,0.9972154
3757,SLC25A36,0.9789511
3758,NOC2L,0.99391896
3759,ZNF226,0.9923947
3760,MZF1,0.9908031
3761,WWP2,0.9903105
3762,ARL8A,0.9884047
3763,STXBP3,0.99382097
3764,ACAP2,0.98271185
3765,CHMP4C,0.99864185
3766,RHBDF1,0.9974414
3767,LIG3,0.98859143
3768,ALDH1B1,0.9960078
3769,NDUFB5,0.992768
3770,CEP63,0.9845377
3771,EPAS1,0.9978152
3772,PHYHD1,0.99741954
3773,ZNF512,0.98803234
3774,HABP4,0.9985057
3775,ELOVL1,0.9924827
3776,RAB2B,0.9953698
3777,LCLAT1,0.9943169
3778,TAF6,0.9915314
3779,PHF23,0.98339856
3780,ATP8B2,0.9939059
3781,ACAD8,0.9988981
3782,ERVK3-1,0.99401957
3783,TRAK1,0.9912882
3784,TMEM138,0.9975675
3785,ZFC3H1,0.99749637
3786,MEIS2,0.99882936
3787,WDR73,0.99516976
3788,LAS1L,0.9817884
3789,VSTM2L,0.9973432
3790,U2SURP,0.9890844
3791,FAM200B,0.99494785
3792,GTPBP4,0.976804
3793,FZD4,0.9949571
3794,CHERP,0.99002093
3795,ATG13,0.9859775
3796,ITGA3,0.9956429
3797,OXLD1,0.99694884
3798,MIB1,0.98530805
3799,MAP3K2,0.9946321
3800,UCKL1,0.99552554
3801,GLB1L2,0.99832904
3802,GPSM1,0.9922262
3803,RBM8A,0.991717
3804,OSTF1,0.9970637
3805,VHL,0.9967851
3806,SNRPF,0.99753404
3807,AFAP1,0.9966303
3808,UBR2,0.93719375
3809,TNPO2,0.9931723
3810,SEC23IP,0.96416515
3811,JMY,0.994902
3812,PTGFRN,0.99627393
3813,ELP6,0.9946002
3814,S100A13,0.9989099
3815,EEA1,0.99126697
3816,ZNF189,0.99237347
3817,SIK2,0.98937
3818,IDH3B,0.99408096
3819,CRTC3,0.9954998
3820,IRX3,0.98926765
3821,UNC50,0.9912954
3822,GJB1,0.9982372
3823,ITPR3,0.9910212
3824,NEK4,0.9909781
3825,CCDC115,0.9971644
3826,PFDN1,0.97643423
3827,FBXO22,0.9967491
3828,SMAD9,0.99598217
3829,BBS4,0.99662596
3830,OCLN,0.9936113
3831,GMPR2,0.9933648
3832,ZNF75A,0.9932069
3833,ANKRD13D,0.99708676
3834,TEX2,0.9930301
3835,PDE4B,0.9976774
3836,CWH43,0.991281
3837,SAMD1,0.99671745
3838,GTF3C5,0.9940019
3839,CHD9,0.99647516
3840,SMOC2,0.9908762
3841,MARVELD2,0.9946468
3842,TRRAP,0.9954163
3843,PPP6C,0.9955188
3844,CIPC,0.99284244
3845,PIGN,0.9975125
3846,ZDHHC5,0.9943805
3847,SLC25A27,0.9970646
3848,RABL3,0.98508936
3849,KIAA0930,0.9872412
3850,POM121C,0.99462605
3851,CDK12,0.9957506
3852,EXOSC6,0.99648285
3853,TSPAN31,0.9905079
3854,BICRA,0.99407977
3855,BCLAF3,0.9914374
3856,SNX27,0.9971515
3857,NECAP2,0.99484706
3858,CNN2,0.99883765
3859,UBE2N,0.9965884
3860,RFNG,0.997473
3861,PSMB3,0.98342943
3862,FTL,0.99497277
3863,NOL3,0.9939067
3864,TSPAN4,0.99914086
3865,MFSD14B,0.9908017
3866,SLC36A1,0.9950954
3867,TBRG4,0.9932389
3868,CMTM3,0.976042
3869,MTMR12,0.9804593
3870,GAK,0.9889231
3871,RUNDC1,0.99304724
3872,AQP1,0.99753875
3873,VPS37B,0.9955404
3874,ATMIN,0.9837013
3875,WEE1,0.9925123
3876,IL10RB,0.99218094
3877,NSMAF,0.9966104
3878,IFNGR1,0.9982732
3879,TTC17,0.9674157
3880,ICMT,0.9876789
3881,TMED1,0.99656373
3882,BCKDHB,0.99469674
3883,WIPI1,0.99456346
3884,TNFRSF14,0.99265236
3885,INTS4,0.97477454
3886,ZDHHC8,0.9980732
3887,RAB43,0.9946791
3888,ZNF787,0.99773467
3889,ERO1B,0.99724203
3890,AKAP10,0.9892398
3891,GPALPP1,0.99352604
3892,SNCA,0.9948629
3893,DDX27,0.9808534
3894,TULP4,0.98178023
3895,SETBP1,0.9989225
3896,PERP,0.9910503
3897,HACD2,0.9951536
3898,NLK,0.9969249
3899,P2RY1,0.99785125
3900,SLC25A13,0.9880424
3901,STAG1,0.9971122
3902,FBXW7,0.99461067
3903,PARD3,0.99740297
3904,UPF3A,0.99671507
3905,MROH1,0.9925028
3906,BIRC2,0.98865914
3907,GNL1,0.9874419
3908,EDRF1,0.99386114
3909,PRDX3,0.99595886
3910,PPP2R1B,0.9923381
3911,TOMM22,0.9902379
3912,AK1,0.99823856
3913,COL18A1,0.9856246
3914,ICE2,0.9954774
3915,MUS81,0.96192575
3916,ASS1,0.9941329
3917,CCDC183,0.98908585
3918,ACAP3,0.99682534
3919,UVSSA,0.99798185
3920,MOB3A,0.99410903
3921,EGFR,0.9970955
3922,TRMT2A,0.9924409
3923,ARL14EP,0.9967362
3924,CCND3,0.9974592
3925,PPIP5K2,0.99101985
3926,BAG3,0.9973876
3927,CIAO1,0.989678
3928,ZNF322,0.9939769
3929,PTPRG,0.99842596
3930,ACER3,0.9913034
3931,STAT5B,0.9947306
3932,PRPF4,0.9970638
3933,COPS3,0.99691546
3934,TMEM18,0.9567067
3935,CMBL,0.9982251
3936,STX8,0.99752396
3937,SYPL1,0.9933332
3938,DENND1A,0.99666977
3939,RXRB,0.9875669
3940,TNRC6A,0.99409926
3941,TENT4A,0.9870698
3942,EMC1,0.99341524
3943,TSG101,0.9947211
3944,SPEN,0.9963147
3945,UBE4A,0.9878792
3946,ANXA4,0.997941
3947,PFKFB3,0.9988415
3948,PIK3R1,0.99694544
3949,GALT,0.9958262
3950,JADE1,0.9932291
3951,TMEM185B,0.9970934
3952,BLOC1S1,0.9736285
3953,NREP,0.9982853
3954,SLC7A8,0.9984268
3955,TRAPPC13,0.9893053
3956,ZNF76,0.99369925
3957,SNRPG,0.99536633
3958,THOC5,0.9849476
3959,CCDC97,0.99416333
3960,BCCIP,0.99613035
3961,ADGRA2,0.9978482
3962,NADK,0.9959562
3963,THOP1,0.98969305
3964,SPR,0.99021983
3965,TLE1,0.9884623
3966,NBDY,0.9933888
3967,TPGS2,0.9937637
3968,HS2ST1,0.9953071
3969,MSL2,0.9876496
3970,SNX21,0.9981746
3971,STX4,0.9834255
3972,HADH,0.98782694
3973,LCMT1,0.9908304
3974,MICU1,0.99568933
3975,KDM5A,0.9939765
3976,PLCB4,0.99701506
3977,CAMK2D,0.9975703
3978,PLA1A,0.9969668
3979,MDH1,0.9975451
3980,MT1E,0.9876945
3981,PPP4R1,0.9964843
3982,HOOK2,0.98740643
3983,SLC39A13,0.9988164
3984,ARHGEF37,0.9922751
3985,DIP2C,0.99677616
3986,EHBP1,0.9946476
3987,GPAT4,0.987252
3988,RRP36,0.9968193
3989,TRIO,0.9952895
3990,HERC3,0.9964291
3991,TET2,0.99057907
3992,PEX11A,0.99627656
3993,CRBN,0.989014
3994,MAN2B2,0.99479157
3995,SARM1,0.9909872
3996,TASOR2,0.9937998
3997,BCS1L,0.9936379
3998,DNAJB9,0.99596584
3999,PRKAB1,0.9905695
4000,PIAS3,0.99469054
4001,ARL3,0.99377036
4002,SUPT20H,0.99314773
4003,SNAP29,0.99550694
4004,LIMA1,0.99759716
4005,NECTIN3,0.9942961
4006,HGSNAT,0.991439
4007,ZNF3,0.99502677
4008,TMED7,0.98504436
4009,AEBP2,0.9949556
4010,NELFB,0.98650813
4011,BIVM,0.9943258
4012,SCARB1,0.9974394
4013,HTATSF1,0.99445534
4014,YTHDF3,0.9951025
4015,ATP6V1D,0.9877144
4016,SFMBT2,0.99882686
4017,DBN1,0.996282
4018,COMMD10,0.99095774
4019,FNIP1,0.9938706
4020,MOB2,0.9933619
4021,ZNF652,0.9879013
4022,SLC30A7,0.9950804
4023,TM7SF2,0.9965954
4024,PAF1,0.99589264
4025,HMGXB4,0.99632424
4026,RAD50,0.9976534
4027,LRATD1,0.9959747
4028,NADK2,0.998084
4029,ERCC6,0.9974775
4030,CMC1,0.99322754
4031,TFEB,0.9926727
4032,ESF1,0.9979624
4033,MLLT3,0.99592435
4034,MICAL3,0.9889545
4035,RHBDD3,0.9971492
4036,DRG2,0.98000115
4037,MIA2,0.98179287
4038,TSR3,0.98342174
4039,ZNF598,0.9947038
4040,SCRN2,0.99286294
4041,ACSM1,0.99593973
4042,PDHX,0.97611594
4043,MAGEF1,0.99652445
4044,EIF4E3,0.9935178
4045,SSH2,0.9930962
4046,SUN1,0.9916624
4047,EPHA3,0.9961289
4048,EMG1,0.9863465
4049,GATAD1,0.9943541
4050,MICA,0.99747425
4051,HUS1,0.99369806
4052,IMMP2L,0.9894811
4053,KRI1,0.9911116
4054,RAPGEF1,0.99713653
4055,FBXO32,0.99772483
4056,LRCH3,0.9858634
4057,PLXND1,0.99918324
4058,TFPT,0.9956969
4059,MED10,0.99296796
4060,FBLN2,0.98804355
4061,NAA50,0.99588937
4062,RUFY3,0.99640834
4063,LEO1,0.98511004
4064,ZSWIM8,0.99305516
4065,ATP2B1,0.9964018
4066,SCAF1,0.99393165
4067,DYM,0.99283254
4068,YIPF1,0.9950583
4069,TM2D1,0.9609992
4070,EPB41L4B,0.99498063
4071,NAPEPLD,0.99482816
4072,BRPF3,0.9876303
4073,TTC38,0.9958613
4074,ARID4A,0.99394053
4075,GPR137B,0.98570967
4076,STX7,0.9984891
4077,ASAP2,0.9970281
4078,CIR1,0.98283774
4079,MAN2A1,0.99669766
4080,TCTN1,0.98426723
4081,PTPN23,0.99592936
4082,TCAF1,0.99170065
4083,NT5DC2,0.9957236
4084,NIPSNAP1,0.989854
4085,RORB,0.9990644
4086,TUBB6,0.9992956
4087,NR2C2,0.9893931
4088,KLHL21,0.9990884
4089,MTOR,0.9957471
4090,RALA,0.9935142
4091,ITM2B,0.99614996
4092,TECPR1,0.99356174
4093,ACVR1B,0.99315923
4094,FBRSL1,0.9950099
4095,PHKG2,0.9927549
4096,EOGT,0.9961968
4097,ARSA,0.99081004
4098,TUT4,0.99179226
4099,VPS39,0.98650014
4100,KHNYN,0.9968446
4101,SCMH1,0.9960101
4102,ZNF266,0.9967129
4103,PLEKHH3,0.9933741
4104,B4GALT5,0.9982178
4105,PPP2R3C,0.9974861
4106,GADD45B,0.99696434
4107,RASA1,0.9891058
4108,KCTD15,0.99907565
4109,NOSIP,0.9792037
4110,SNX33,0.9986703
4111,PPP2R5E,0.9859725
4112,MORC2,0.99122405
4113,EHMT2,0.993783
4114,ORC4,0.99661916
4115,ELOA,0.9922723
4116,PHF21A,0.99361306
4117,CDKN1A,0.9913426
4118,SS18L1,0.9929482
4119,HTRA1,0.9967999
4120,CCSER1,0.99764174
4121,TMEM234,0.99338186
4122,RNASE4,0.99898344
4123,NBN,0.9945077
4124,MAN2A2,0.9854361
4125,ZC3H12A,0.99589646
4126,PIAS4,0.9979147
4127,TOR1A,0.996563
4128,INO80D,0.98492813
4129,MAU2,0.99074185
4130,GGA3,0.98622817
4131,TCIRG1,0.999073
4132,CHPT1,0.9768745
4133,EXOSC4,0.99044037
4134,ABCA5,0.99108374
4135,NAPG,0.98158246
4136,CD99L2,0.9992743
4137,CXXC1,0.99343354
4138,LMAN2L,0.9909561
4139,PEX13,0.9868557
4140,PAICS,0.99749863
4141,RNF139,0.98882306
4142,AMBRA1,0.9908385
4143,TMEM131,0.9924154
4144,BOD1L1,0.9925812
4145,ZNF195,0.99796474
4146,JMJD1C,0.9850422
4147,TYK2,0.99308735
4148,MYL12B,0.9914561
4149,ECI2,0.99636555
4150,HDAC5,0.9985358
4151,BET1,0.99558234
4152,CHCHD5,0.9930749
4153,PHC2,0.99617714
4154,LIX1L,0.9955977
4155,ATG5,0.99049294
4156,SCAP,0.99649566
4157,CLINT1,0.9672438
4158,TRAPPC10,0.9961468
4159,ARID2,0.9881229
4160,SP1,0.99223995
4161,SPECC1,0.9974744
4162,MED17,0.9961495
4163,MAST4,0.9986656
4164,MAPK9,0.99238265
4165,CAMTA2,0.9868035
4166,DCP1A,0.99540985
4167,KAT5,0.98812616
4168,ELOVL7,0.9987227
4169,CMAS,0.99229866
4170,CLN3,0.99533767
4171,ZNF276,0.99038744
4172,MYL6B,0.9869433
4173,TTLL3,0.9975581
4174,SLC25A32,0.9963627
4175,TGFB1I1,0.993335
4176,SRP72,0.98828495
4177,KANSL1,0.99354064
4178,RHBDD1,0.99680454
4179,E4F1,0.9924609
4180,CUL7,0.9975896
4181,MFSD12,0.99222183
4182,G6PC3,0.99426895
4183,ABCD3,0.99192506
4184,PRKRA,0.9843322
4185,MSH2,0.9822677
4186,FAM110A,0.9916681
4187,DMTN,0.99705297
4188,IFT46,0.9932258
4189,ATP13A1,0.99204206
4190,HOXA13,0.9964506
4191,GPR89B,0.9881773
4192,VPS8,0.9902734
4193,EPB41L1,0.99874884
4194,TMEM115,0.9827087
4195,PSEN1,0.99302834
4196,FZR1,0.99634296
4197,CUX2,0.9977401
4198,TMEM161A,0.99261713
4199,NDUFC2,0.993919
4200,ACP6,0.9965954
4201,GTF2H1,0.9906237
4202,PRR12,0.99369156
4203,GTF2F2,0.98181397
4204,NIN,0.995269
4205,UNK,0.9923667
4206,AQR,0.99176127
4207,TRAF3IP1,0.9913259
4208,BRF1,0.99263626
4209,STIMATE,0.9959212
4210,TRIP10,0.9987032
4211,OCEL1,0.99715894
4212,RETREG2,0.9880398
4213,GPATCH8,0.99665624
4214,ABCB6,0.99476916
4215,MYO10,0.9964643
4216,DEDD,0.99491
4217,FBXO28,0.9902339
4218,TSN,0.99302363
4219,SEPTIN7,0.9972822
4220,FAM83H,0.9947011
4221,CYP39A1,0.99802285
4222,NIT1,0.9969903
4223,ARHGEF10L,0.9984706
4224,IFT22,0.9855029
4225,FRG1,0.99694943
4226,WNT5B,0.99473137
4227,UBAP1,0.9936576
4228,GLMP,0.9978542
4229,OGFR,0.98022264
4230,MED23,0.9900243
4231,PLAAT3,0.99460506
4232,PTDSS1,0.9959293
4233,TTC21B,0.99650884
4234,CCDC9,0.99504185
4235,BRAT1,0.991454
4236,TRIM52,0.99223936
4237,POSTN,0.9988727
4238,ANKRD52,0.9909686
4239,C3,0.9984258
4240,STK36,0.9952737
4241,FER,0.99823654
4242,KRCC1,0.99215543
4243,SMURF2,0.9912784
4244,EIF3E,0.9967805
4245,CDK13,0.9914806
4246,TRMU,0.9860687
4247,IL17RC,0.99333876
4248,KLF10,0.99816597
4249,DCTPP1,0.99527204
4250,CETN2,0.9835963
4251,RNASEH1,0.989495
4252,NOP14,0.9926977
4253,SDCCAG8,0.9770238
4254,NAT10,0.98223597
4255,MIDN,0.986833
4256,VRK3,0.9908986
4257,ZFAND2B,0.99585104
4258,ZNF621,0.99110276
4259,GOLGA1,0.9899378
4260,C11orf24,0.97692144
4261,TMBIM4,0.99425375
4262,ZC3H7A,0.9895148
4263,KAT7,0.99539626
4264,GSTZ1,0.9971109
4265,DIAPH1,0.9938107
4266,PLTP,0.9990874
4267,RNF103,0.99347824
4268,FAM20C,0.9983176
4269,UBE2K,0.99384075
4270,HECA,0.99752235
4271,DHX40,0.9904685
4272,MOCS2,0.9924696
4273,NFYA,0.9955194
4274,FAM222B,0.99557436
4275,SPPL3,0.9930963
4276,ZNF131,0.9980664
4277,SUMF1,0.98678946
4278,ANKRD50,0.9983524
4279,FAF1,0.99167126
4280,TPD52L1,0.9980021
4281,MBD1,0.99428594
4282,MCUR1,0.9855828
4283,SAP30L,0.97466314
4284,OTUD4,0.9918692
4285,WDR55,0.98897463
4286,MPZL2,0.9991309
4287,CD24,0.9936838
4288,RETSAT,0.99602485
4289,RDH10,0.998743
4290,RSRC1,0.98839635
4291,MT1F,0.9952817
4292,SNX14,0.99502236
4293,RNPEPL1,0.9875386
4294,YIF1B,0.99651164
4295,MED6,0.99340343
4296,BCL3,0.9879432
4297,SFXN1,0.9910198
4298,HSCB,0.98590577
4299,ZNF460,0.9904645
4300,CNKSR1,0.99549085
4301,AKAP8,0.9959581
4302,KCNMB1,0.99788505
4303,CCNT2,0.9863122
4304,MSTO1,0.99461657
4305,SLC12A4,0.99852794
4306,NSFL1C,0.99080193
4307,ING5,0.95622003
4308,SEH1L,0.9952819
4309,ABCF1,0.9805316
4310,HINT3,0.99405605
4311,USP21,0.9913107
4312,C17orf49,0.99752134
4313,ERF,0.996297
4314,COL15A1,0.9989482
4315,SHMT2,0.99749345
4316,AGPAT2,0.9939867
4317,VAPB,0.98197275
4318,SEC24A,0.9921361
4319,NEIL1,0.9931373
4320,ZNF384,0.9908273
4321,TBC1D3B,0.9913811
4322,FAM114A1,0.9901727
4323,PHACTR4,0.9915038
4324,NTN4,0.9903063
4325,IREB2,0.9945021
4326,RC3H2,0.9915129
4327,LMF1,0.9947735
4328,SLFN5,0.99912876
4329,SIN3A,0.9964724
4330,PROSER1,0.9963957
4331,RPF2,0.9926789
4332,NDST2,0.99416745
4333,VPS35L,0.9946343
4334,PARG,0.99877566
4335,ATG9A,0.9854735
4336,WDR18,0.99326694
4337,RNF138,0.9928028
4338,FRYL,0.9888903
4339,LRMDA,0.9983202
4340,LDLRAD3,0.98766446
4341,LMNB2,0.9962462
4342,FAM76B,0.9944172
4343,TINF2,0.9954665
4344,PSMB10,0.99838126
4345,MMP7,0.9771066
4346,CITED4,0.99895555
4347,COL7A1,0.998972
4348,FRA10AC1,0.9976073
4349,TBCK,0.986017
4350,TP53INP2,0.9931783
4351,ZNF708,0.98968285
4352,LLGL2,0.9920128
4353,EXOSC10,0.9952568
4354,PSMB8,0.99844766
4355,SLBP,0.9925675
4356,ZBTB18,0.99291456
4357,PELP1,0.9934516
4358,NUP43,0.9959158
4359,MCM3,0.94876754
4360,TRPV6,0.99457544
4361,CHTF8,0.99491084
4362,RNASE1,0.9991253
4363,OAF,0.9992867
4364,PCF11,0.98729646
4365,KRIT1,0.9910349
4366,INAFM1,0.99856085
4367,TMCC3,0.99533194
4368,GTF2A1,0.9841577
4369,HLCS,0.9809578
4370,COG5,0.99205095
4371,PRR15L,0.9988961
4372,ZNF24,0.9915822
4373,MGAT4A,0.99784774
4374,FOXK1,0.9972896
4375,ZDHHC16,0.99806684
4376,RAB8A,0.97267354
4377,CCNK,0.9923268
4378,F11R,0.99640584
4379,RORC,0.99253225
4380,TAOK2,0.9935713
4381,CNOT10,0.99585044
4382,EDEM2,0.9851864
4383,MYD88,0.9906534
4384,ALG8,0.9849212
4385,SYTL4,0.9948887
4386,CBR1,0.99280137
4387,TBC1D7,0.99438196
4388,ATP6V1H,0.9927469
4389,FADS2,0.9923894
4390,XAB2,0.9855871
4391,SYT17,0.9976537
4392,PPP6R1,0.99034584
4393,POLR3D,0.9979563
4394,SIX5,0.99503356
4395,MAFK,0.99665916
4396,FDPS,0.9962278
4397,PSMD9,0.9936265
4398,ZNF496,0.997144
4399,SRGN,0.99901885
4400,USP9X,0.98030293
4401,LDLRAD4,0.999138
4402,PKP3,0.9942631
4403,PWWP2B,0.9963201
4404,VTI1B,0.9939697
4405,CARM1,0.99286467
4406,KLHL42,0.9966693
4407,TOR1AIP1,0.9965929
4408,PVR,0.995873
4409,PTPRJ,0.9969927
4410,IKBKG,0.92834836
4411,ETV6,0.99694264
4412,TFE3,0.99749625
4413,AGO3,0.99536806
4414,GTPBP10,0.9956436
4415,SDF2,0.9917634
4416,CEP192,0.99677616
4417,MAP4K5,0.9928679
4418,SIGMAR1,0.99287486
4419,SLC39A3,0.99755013
4420,EMP1,0.9969655
4421,SERTAD2,0.9921802
4422,PHYH,0.98829836
4423,TTC9C,0.9909339
4424,POMT1,0.9943526
4425,NFXL1,0.9924281
4426,CTBS,0.9956318
4427,UBA52,0.99776524
4428,WDFY3,0.98999095
4429,NAGK,0.9844884
4430,ASPSCR1,0.9974798
4431,OGFOD3,0.992968
4432,XPNPEP1,0.99597365
4433,NACC1,0.99475574
4434,MCMBP,0.99278873
4435,PGP,0.9904318
4436,GORASP1,0.9823872
4437,SMOX,0.9949087
4438,R3HCC1,0.9965335
4439,PDS5B,0.9926497
4440,BICD2,0.99864864
4441,LSM10,0.99129355
4442,SF3A3,0.98938334
4443,B4GALT2,0.9874515
4444,ITPKC,0.9892328
4445,ZNF394,0.9967052
4446,ITGB1BP1,0.9931022
4447,LETM1,0.9942721
4448,NOL10,0.9914292
4449,USP53,0.99817723
4450,NFATC3,0.99168396
4451,BTBD9,0.9908708
4452,TGFBRAP1,0.9864558
4453,MGA,0.9928168
4454,CLMN,0.9950669
4455,PPP1R21,0.9933461
4456,UTP3,0.99015474
4457,RNF214,0.9921721
4458,SLC30A5,0.99749887
4459,PSMD14,0.99438626
4460,DPYSL2,0.99891317
4461,FBXO21,0.96818244
4462,AIG1,0.9591509
4463,DTNB,0.99312574
4464,MYOF,0.99188966
4465,CLK2,0.9936711
4466,RBM18,0.99054706
4467,TSKU,0.9983804
4468,PYM1,0.99413675
4469,ZNRD2,0.9898251
4470,SOCS5,0.99141496
4471,SLU7,0.99467266
4472,PLXNA3,0.9963408
4473,TBC1D17,0.99505544
4474,DCUN1D4,0.9977712
4475,SCUBE2,0.996911
4476,AP1G1,0.9913087
4477,SASH1,0.9906957
4478,TSC2,0.99690217
4479,JMJD8,0.9730304
4480,NF2,0.99672824
4481,EBP,0.9925243
4482,SPAG16,0.9895734
4483,KCNN4,0.9945782
4484,DNM1L,0.9841627
4485,ZFP64,0.99396116
4486,ACAD11,0.99408615
4487,NUP160,0.9888159
4488,LRPPRC,0.9862616
4489,UBN2,0.9928553
4490,CYP4V2,0.99618804
4491,DPH1,0.9836686
4492,RAB4B,0.9962178
4493,NAPRT,0.9968325
4494,DGUOK,0.9925542
4495,CPEB4,0.9966378
4496,YTHDF1,0.9851047
4497,EMC9,0.99595225
4498,ZNF518A,0.99304616
4499,C1orf174,0.97048026
4500,HPS4,0.9923105
4501,IP6K1,0.9899304
4502,GPT2,0.99812037
4503,RPP38,0.99064523
4504,LANCL1,0.9918979
4505,PTPN13,0.99169475
4506,TRAPPC6A,0.99418867
4507,WDR75,0.98881567
4508,TIMM50,0.9889322
4509,PLIN3,0.9924784
4510,SHANK2,0.9970818
4511,COQ8A,0.9858255
4512,CADPS,0.99582255
4513,MED22,0.99552155
4514,SLC37A4,0.99665946
4515,COMMD1,0.9933157
4516,STIM2,0.9920463
4517,METTL26,0.99414724
4518,PHKA2,0.9915246
4519,CYB561D2,0.99657005
4520,CUL1,0.9968897
4521,SIAH2,0.9978184
4522,RCBTB1,0.9979499
4523,OTULINL,0.996108
4524,ID4,0.99406713
4525,ENGASE,0.99685293
4526,TRMT11,0.98744726
4527,MBP,0.967722
4528,APTX,0.99175316
4529,ARHGEF10,0.9979964
4530,EIF4ENIF1,0.99388033
4531,TRPC4AP,0.993198
4532,STARD3,0.99567294
4533,P2RX4,0.9931342
4534,SRCAP,0.982011
4535,JAK1,0.9963733
4536,PUM3,0.9677716
4537,ADARB1,0.99009514
4538,FAM110B,0.9898829
4539,NEXN,0.9977933
4540,PRPF31,0.99363184
4541,NCOA5,0.9963013
4542,EXT1,0.99747694
4543,TRPS1,0.9931359
4544,SHPRH,0.99272335
4545,PRPS1,0.99294937
4546,TBC1D2B,0.9977733
4547,SETD1B,0.99484426
4548,CPQ,0.9986027
4549,DKC1,0.9945116
4550,BCL7B,0.98956627
4551,SNRPB,0.9937834
4552,PLEKHJ1,0.99299765
4553,GLIPR2,0.99838704
4554,IGLC1,0.94068205
4555,EXOC6B,0.9943856
4556,CGN,0.9951352
4557,HEATR1,0.995746
4558,CLN6,0.9916081
4559,IMPACT,0.9745183
4560,PPWD1,0.9933855
4561,UGCG,0.97886336
4562,CMC2,0.9867305
4563,PPP1R37,0.9941778
4564,MMUT,0.99613404
4565,COMMD3,0.9899098
4566,PDZD11,0.9951376
4567,GIGYF1,0.99470764
4568,UCHL5,0.9954076
4569,C9orf85,0.9912535
4570,ATL2,0.9952417
4571,RIOX2,0.99804425
4572,IRF1,0.99793816
4573,MME,0.99658227
4574,TMEM184B,0.9897086
4575,TPP2,0.98886067
4576,ORMDL2,0.9969132
4577,ADGRL2,0.99920756
4578,SEPHS1,0.9955399
4579,MAP4K4,0.9897635
4580,KLHL20,0.98761654
4581,SURF6,0.9928603
4582,ZNF639,0.992967
4583,DMTF1,0.9954601
4584,SFXN4,0.9935041
4585,TYSND1,0.9875028
4586,SDK1,0.9978988
4587,ZXDC,0.98522985
4588,DDX19A,0.9931968
4589,SIM2,0.99641144
4590,SOS1,0.99593663
4591,CCS,0.9971144
4592,PLEKHA5,0.99463135
4593,GNA13,0.9975029
4594,CPEB2,0.9927782
4595,DNAJB14,0.9621158
4596,PARP4,0.9908162
4597,NFYC,0.9926466
4598,HEATR5B,0.9938101
4599,TPRG1L,0.9850921
4600,HNMT,0.9871839
4601,NINJ1,0.9911901
4602,SLC35F6,0.99326015
4603,USE1,0.99543446
4604,HLTF,0.9834967
4605,TRIM37,0.98843724
4606,TRUB2,0.9831586
4607,SEC24B,0.9941432
4608,AP3S2,0.99607944
4609,PRXL2B,0.9945111
4610,HEYL,0.9991285
4611,ZNF606,0.9913205
4612,DDX18,0.9935663
4613,YKT6,0.993525
4614,ELK1,0.9930128
4615,CCDC107,0.99599504
4616,TCF20,0.9867624
4617,ECHDC1,0.9952025
4618,LSP1,0.99908507
4619,ADNP2,0.9890319
4620,PHF3,0.9922886
4621,EMC3,0.9890471
4622,LRRN1,0.992734
4623,BCL9,0.9895254
4624,ZFYVE16,0.9892506
4625,COX15,0.9946102
4626,TSHZ2,0.99802417
4627,JRK,0.9956057
4628,COA1,0.9836331
4629,REPS1,0.98942834
4630,ERC1,0.9962801
4631,AKTIP,0.9954616
4632,BBS2,0.9933163
4633,RPAP2,0.9829724
4634,ABHD17B,0.992298
4635,RAB3GAP1,0.9932523
4636,SMIM19,0.98589593
4637,AGBL5,0.99566954
4638,GFM1,0.99511486
4639,NUP93,0.9972812
4640,UNC93B1,0.9927647
4641,SEMA4D,0.9891368
4642,SLC30A1,0.9761302
4643,ATXN2L,0.9924302
4644,WBP1L,0.9974575
4645,ERCC3,0.98596483
4646,TFAP2A,0.9958804
4647,MSN,0.9989589
4648,GART,0.99622047
4649,SLC7A1,0.9971102
4650,RAB17,0.995671
4651,RETREG1,0.97930676
4652,APBB3,0.9943405
4653,EFTUD2,0.9953707
4654,NOMO1,0.97866076
4655,KIF13B,0.99491864
4656,GGT5,0.9988507
4657,PPP2R5A,0.9930009
4658,GTPBP2,0.9909091
4659,TIMM44,0.99715745
4660,LPAR6,0.9981496
4661,TK2,0.99551004
4662,RHNO1,0.98943794
4663,RRAS2,0.9941475
4664,RNF144A,0.98999226
4665,IDH3A,0.99469906
4666,ILVBL,0.9896785
4667,SPIDR,0.97510654
4668,PSME4,0.9829785
4669,IRF2BP1,0.9975048
4670,MMS19,0.9629426
4671,NTMT1,0.9811756
4672,RPA1,0.994245
4673,CFB,0.9966935
4674,EXD3,0.9838469
4675,PIGL,0.9965808
4676,ISG20L2,0.98843914
4677,STARD13,0.97865963
4678,HSPB8,0.9982459
4679,AP1M1,0.9964406
4680,RALGPS1,0.9960115
4681,TPCN1,0.996999
4682,TMEM126B,0.98976094
4683,DNAJA3,0.9944634
4684,CCDC167,0.9985206
4685,EPB41L5,0.9887152
4686,NIPAL2,0.9886095
4687,GSS,0.99785686
4688,INTS14,0.993835
4689,TRMT2B,0.99243635
4690,KDM6A,0.9927564
4691,ROBO1,0.99824035
4692,UCK1,0.9827216
4693,OVOL2,0.9973664
4694,PCSK7,0.9902538
4695,F5,0.9961818
4696,TOMM70,0.99341786
4697,PTRH2,0.99546486
4698,HOOK1,0.98759985
4699,LAPTM4A,0.9923754
4700,ELF1,0.9968655
4701,NT5C3B,0.99193937
4702,TGFB1,0.9993436
4703,SERTAD3,0.9745555
4704,PARN,0.9918796
4705,CD302,0.9771862
4706,CDC26,0.99327725
4707,TSPYL4,0.99035656
4708,RGS3,0.9950405
4709,SHROOM2,0.9943349
4710,BRIX1,0.9957881
4711,DERL1,0.9800891
4712,IL13RA1,0.99739313
4713,PGM5,0.9984346
4714,AACS,0.9974064
4715,TOMM40,0.9976202
4716,KRT7,0.9942928
4717,ELP5,0.99325895
4718,ANO1,0.9989072
4719,KLHL7,0.9943765
4720,EIF4EBP2,0.9964618
4721,DCAF10,0.9954442
4722,RSAD1,0.996965
4723,PCNT,0.9955549
4724,ATP6V1C1,0.9819249
4725,TMEM120B,0.9961942
4726,RAB23,0.9934968
4727,ITGB8,0.9988953
4728,ZNF512B,0.9971698
4729,UAP1,0.99771506
4730,TFRC,0.990567
4731,MYCBP2,0.9913863
4732,SMG9,0.9914445
4733,UBE2J2,0.9951424
4734,POP5,0.9647919
4735,TEAD1,0.997353
4736,ZDHHC2,0.997748
4737,IFT43,0.9969189
4738,OTUD7B,0.9905034
4739,LRP3,0.9897945
4740,RAD51C,0.99433345
4741,RAB27B,0.9962701
4742,LRRC8B,0.99717677
4743,ARHGAP5,0.9468368
4744,HERC1,0.9951311
4745,CHMP6,0.973853
4746,FAAP20,0.9968058
4747,SMIM10L1,0.98370546
4748,WAPL,0.99141735
4749,RGS11,0.9966097
4750,KIAA1671,0.9947143
4751,MPRIP,0.99775285
4752,GDF11,0.99685663
4753,CDR2L,0.996035
4754,TTC8,0.98644876
4755,FAH,0.9959256
4756,BAZ2B,0.9912046
4757,BLOC1S2,0.9960477
4758,ZCCHC3,0.9951428
4759,MAF,0.99893546
4760,MEGF6,0.9844182
4761,TRIM25,0.9862489
4762,TMEM127,0.99164796
4763,AXL,0.99877286
4764,SLC38A11,0.9883427
4765,MERTK,0.9831923
4766,FKBP11,0.9906082
4767,ZNF518B,0.99605983
4768,EBF4,0.9885406
4769,OXSR1,0.9914994
4770,RAB3GAP2,0.99589765
4771,MAPK8,0.9975242
4772,ADK,0.9882785
4773,LUZP1,0.99734426
4774,FDX2,0.9916928
4775,H6PD,0.99818325
4776,COMMD5,0.98900634
4777,HMOX2,0.9928917
4778,AGFG1,0.98729026
4779,MEIS1,0.99856395
4780,CEMIP2,0.9961499
4781,MYH14,0.9859548
4782,DUS3L,0.99494225
4783,PCCA,0.99438155
4784,RRAGA,0.9919724
4785,SYNRG,0.9800875
4786,SOCS6,0.99594885
4787,GIT1,0.98956007
4788,AKIRIN2,0.98876226
4789,PDLIM2,0.9967037
4790,AMT,0.9925612
4791,AZI2,0.9922968
4792,PPM1K,0.9786945
4793,RMDN3,0.991756
4794,PRMT7,0.9924096
4795,CCT4,0.9922424
4796,TMEM185A,0.998388
4797,ARFRP1,0.99676216
4798,TNXB,0.9993467
4799,MPC1,0.9821715
4800,RUVBL1,0.9894579
4801,FAM168A,0.9854754
4802,RCOR1,0.9934132
4803,GLB1,0.9932188
4804,TP53BP1,0.99050975
4805,CDC27,0.99308205
4806,TMEM170A,0.9946054
4807,SERINC3,0.98894894
4808,MPDZ,0.99361473
4809,ELMOD2,0.997098
4810,ITPRIPL2,0.9957779
4811,UBLCP1,0.99707925
4812,PIP5K1A,0.9965988
4813,EHD4,0.9943865
4814,ATG16L1,0.99276996
4815,IGIP,0.99229765
4816,PCNX1,0.9852558
4817,ABR,0.9968127
4818,CCSER2,0.99777794
4819,TCOF1,0.9926639
4820,TPRA1,0.9946038
4821,ZC3H7B,0.9901445
4822,NBEAL2,0.9922076
4823,TPRKB,0.9967293
4824,C2CD5,0.99032533
4825,PMS2,0.9971485
4826,USP19,0.99032617
4827,OTUD3,0.9927493
4828,MIEF1,0.990679
4829,CFAP410,0.9971652
4830,AP1M2,0.99838525
4831,TESK2,0.9966878
4832,NBAS,0.9938619
4833,DOCK9,0.9984451
4834,KAT6B,0.9958581
4835,TBK1,0.9826626
4836,TMCO3,0.9174155
4837,BCOR,0.99581194
4838,NR4A2,0.98892355
4839,TRAPPC9,0.9915748
4840,MTREX,0.98311645
4841,DIMT1,0.9925838
4842,AHCYL2,0.98427755
4843,ZNF592,0.9938699
4844,MGAT5,0.98008025
4845,ZC3H18,0.9975765
4846,SLC25A12,0.9905963
4847,HAUS4,0.99567544
4848,UBE2Q2,0.98470575
4849,NCK1,0.995186
4850,CHPF2,0.98819846
4851,TMEM101,0.9969567
4852,NEU1,0.99112624
4853,YES1,0.9829683
4854,ZNF326,0.99516726
4855,AAK1,0.9964837
4856,NUP188,0.9945055
4857,PRR14,0.9899374
4858,SUPT4H1,0.99134123
4859,PGAP3,0.9909363
4860,S100PBP,0.9863885
4861,CBLB,0.9946228
4862,MVK,0.9973045
4863,CEP250,0.99178445
4864,MOB1B,0.9947112
4865,TPST1,0.9846447
4866,ERICH1,0.99456835
4867,ZNF292,0.9840474
4868,ANAPC4,0.99156016
4869,SCAF4,0.99264574
4870,AKNA,0.99805486
4871,FYCO1,0.99068797
4872,TMEM97,0.9978686
4873,DNASE2B,0.99729335
4874,CTR9,0.9931227
4875,ARNT,0.9959617
4876,RNF19A,0.9960381
4877,MRGPRF,0.9989413
4878,RBFA,0.9970378
4879,PDIA3,0.99079627
4880,DTNA,0.98081934
4881,RARS2,0.99457914
4882,MTERF2,0.9848684
4883,SMAP1,0.9935461
4884,STRBP,0.9917674
4885,AP1S1,0.9958715
4886,HDGFL2,0.9938071
4887,GMPPA,0.9888116
4888,DOT1L,0.99321765
4889,NSMCE1,0.99288857
4890,ISY1,0.9948617
4891,EXD2,0.9945902
4892,SMIM31,0.9899351
4893,C11orf68,0.99609315
4894,UBQLN4,0.98653316
4895,ASCC2,0.98730683
4896,NOL8,0.9956364
4897,RIOK3,0.98922336
4898,BICRAL,0.9966533
4899,CPT1B,0.98789746
4900,GPATCH4,0.9937812
4901,SUPT7L,0.9949569
4902,MFSD6,0.99818885
4903,LOXL1,0.99751544
4904,TSNAX,0.99794877
4905,BCAS3,0.97460264
4906,EML2,0.99157864
4907,SLC19A2,0.9875183
4908,AATF,0.95664585
4909,PREP,0.99685055
4910,RHOD,0.9970121
4911,CRISPLD1,0.9971164
4912,MCAT,0.99034494
4913,APPBP2,0.99458
4914,DTD2,0.99303114
4915,PRPF18,0.99203473
4916,TJAP1,0.98938876
4917,ATAD2B,0.99222213
4918,NKAIN1,0.9976051
4919,ARHGEF11,0.99555004
4920,LPAR3,0.99716586
4921,MTPAP,0.9880407
4922,CDK14,0.99753076
4923,DNAJB6,0.99865687
4924,HOXC6,0.98599494
4925,ZMYND19,0.9939246
4926,IRF2,0.9942119
4927,BLOC1S5,0.9930708
4928,RNF31,0.995981
4929,FAM8A1,0.9963343
4930,RAI2,0.99554825
4931,NCOA7,0.9979889
4932,NAE1,0.99023706
4933,SPIRE1,0.9903876
4934,VIRMA,0.99293154
4935,PDLIM4,0.9972812
4936,RBMX2,0.9911073
4937,USF3,0.99567497
4938,MKX,0.98279786
4939,STK3,0.98871326
4940,PXMP2,0.9890826
4941,CYLD,0.9979811
4942,CHMP1A,0.9965411
4943,MAPK3,0.9809973
4944,TRIP11,0.98845667
4945,FAM104B,0.993477
4946,ZMYM4,0.97823024
4947,HYAL2,0.9879404
4948,HDAC6,0.99481636
4949,SMYD2,0.992803
4950,RTN1,0.9983696
4951,TIPRL,0.99251056
4952,CCDC66,0.97764516
4953,PCNX4,0.9824301
4954,ELN,0.994483
4955,GTF2IRD1,0.9950422
4956,ETV3,0.9965874
4957,PLA2G4B,0.99657357
4958,PIP4K2C,0.9955618
4959,BTRC,0.9885311
4960,POLK,0.98841935
4961,SLC8A1,0.99606097
4962,CASP4,0.98718446
4963,LRRC14,0.9881574
4964,XPO4,0.9900742
4965,CNOT6L,0.9943427
4966,IL4R,0.99898267
4967,SMC3,0.99608225
4968,AMZ2,0.9838422
4969,FCHO2,0.994914
4970,NOP2,0.9902301
4971,CREB1,0.9865503
4972,NRAS,0.9954564
4973,ZNF768,0.9960268
4974,MAPRE3,0.99523145
4975,PGGT1B,0.990661
4976,WDR74,0.9943672
4977,MTMR4,0.9972491
4978,TMEM69,0.9931622
4979,SMNDC1,0.9947664
4980,PRCP,0.98790586
4981,CASP6,0.9904667
4982,NAXE,0.9938594
4983,ACTR10,0.98311114
4984,FHL2,0.9968615
4985,WDR27,0.99541676
4986,CABIN1,0.98132336
4987,ORC2,0.9767143
4988,ULK3,0.9928494
4989,NSMCE3,0.9856146
4990,STK4,0.9968235
4991,USP38,0.99110293
4992,TENT2,0.9942624
4993,DUSP22,0.9977621
4994,SLC25A22,0.9905163
4995,C2orf72,0.99492085
4996,SMC5,0.99079263
4997,RDH14,0.97956985
4998,MTMR2,0.99416864
4999,CPED1,0.9978813
5000,ATRN,0.9868787
5001,SUGT1,0.9911922
5002,ENTR1,0.99618053
5003,SGK3,0.99298805
5004,B3GALT6,0.9873247
5005,ZC3HAV1,0.98971957
5006,ANGEL1,0.99431837
5007,SLC35B1,0.96703607
5008,FOXK2,0.99620557
5009,RCC1L,0.98749703
5010,PTPN4,0.98772466
5011,TMEM222,0.9870248
5012,SULT2B1,0.99726915
5013,ELAC2,0.9939735
5014,DNAJC2,0.99674916
5015,BMERB1,0.99833405
5016,CEBPA,0.9843771
5017,ADHFE1,0.9966413
5018,KLF4,0.99657273
5019,ZNF43,0.9920659
5020,PIGO,0.99494594
5021,GUF1,0.99048173
5022,OSBPL1A,0.98578787
5023,TEAD3,0.9962241
5024,TMEM70,0.9973787
5025,RHOT1,0.99290365
5026,KCTD5,0.99161583
5027,BLZF1,0.99568456
5028,FAM53B,0.99508584
5029,IPO8,0.9944091
5030,TRIM11,0.9936847
5031,BCL2L11,0.98561
5032,SPATS2,0.9931413
5033,ZBTB1,0.9941172
5034,B4GALT7,0.99558425
5035,GALNS,0.99798167
5036,SLC4A1AP,0.9914106
5037,CRAMP1,0.9949181
5038,PAXX,0.9922891
5039,ANO6,0.99822694
5040,SCNM1,0.99142617
5041,SLC30A6,0.9961525
5042,REEP6,0.99647677
5043,MED29,0.9960415
5044,DDX39A,0.9850008
5045,VAMP5,0.99842674
5046,GYS1,0.99123126
5047,SMG6,0.9982664
5048,THRB,0.97159946
5049,NFKBIL1,0.9807146
5050,FAM149A,0.99778914
5051,MEGF8,0.99599326
5052,SLC5A3,0.9962703
5053,C20orf96,0.99720657
5054,SPEG,0.9901363
5055,SPNS1,0.99010086
5056,PNPLA4,0.9876678
5057,DPAGT1,0.9920644
5058,ACOT8,0.9900869
5059,CCDC88C,0.99714047
5060,ZNF219,0.9980216
5061,TMEM68,0.99441206
5062,STX12,0.99329484
5063,TOMM5,0.9949153
5064,PNO1,0.99119854
5065,VASN,0.993643
5066,ITPRID2,0.9982959
5067,PATZ1,0.9951481
5068,TOM1,0.9872295
5069,PIH1D1,0.9894902
5070,CCDC14,0.9976008
5071,DNASE1L1,0.98254657
5072,ZNF33B,0.99572575
5073,CYBA,0.99881667
5074,NOP9,0.96137196
5075,MPPE1,0.9928515
5076,FBXO11,0.9884386
5077,LRRC8A,0.9968484
5078,METRNL,0.9973281
5079,JKAMP,0.9921663
5080,STRADB,0.9939904
5081,USP42,0.9960005
5082,HERPUD2,0.9908446
5083,RAB8B,0.99569196
5084,BRD9,0.99410945
5085,GSAP,0.9827992
5086,NPRL3,0.99553
5087,TNFSF13,0.99666524
5088,RBMS2,0.9987078
5089,SYNPO,0.9973711
5090,PCNX3,0.9942248
5091,RANGRF,0.9934305
5092,FN3KRP,0.99082303
5093,TMEM120A,0.9782342
5094,SLC25A17,0.99384063
5095,CASD1,0.98489857
5096,RIC3,0.9876141
5097,CD82,0.9988434
5098,RAI14,0.9991369
5099,DCAKD,0.9891642
5100,TMEM220,0.9978621
5101,PDCL,0.9959975
5102,ANKRD12,0.99532896
5103,SNRNP35,0.9707128
5104,PAK2,0.9976617
5105,USP5,0.99105805
5106,C1orf109,0.9970789
5107,KRTCAP3,0.993139
5108,TSPAN6,0.9627416
5109,GNG12,0.9962606
5110,PISD,0.9971485
5111,LIMK2,0.99140656
5112,PLSCR3,0.9978527
5113,RSPH3,0.9763435
5114,DNAJB12,0.9867565
5115,TMA16,0.99114037
5116,KREMEN1,0.9937246
5117,CFAP69,0.9924067
5118,MGMT,0.9906026
5119,USP48,0.9782347
5120,NAA30,0.9911357
5121,TTC31,0.9935787
5122,FAAP100,0.9945265
5123,SURF2,0.9864708
5124,SRGAP3,0.993992
5125,ZBTB17,0.9941975
5126,BICC1,0.9981348
5127,UFM1,0.9800295
5128,AK4,0.9875663
5129,PIAS2,0.9963311
5130,PRPSAP2,0.99648756
5131,ZNF677,0.99775654
5132,TBCE,0.9917634
5133,NFRKB,0.9961193
5134,DIXDC1,0.9964038
5135,HMG20A,0.99357134
5136,KCND3,0.980969
5137,WFDC1,0.97752476
5138,DENND5A,0.9964172
5139,TASOR,0.9941728
5140,ITPKB,0.99138695
5141,DESI2,0.9982483
5142,SMARCAD1,0.9962863
5143,ZNF224,0.98661405
5144,DAPK1,0.9904969
5145,PRR14L,0.9928129
5146,CDR2,0.9987925
5147,APIP,0.9865471
5148,IQCB1,0.9932359
5149,DNTTIP2,0.98191935
5150,RCE1,0.99078405
5151,UPF2,0.99528813
5152,RHPN1,0.9911499
5153,ATXN7L3,0.99169374
5154,PLAA,0.98667145
5155,ANKRD13A,0.99531555
5156,NGLY1,0.9949689
5157,PDE8B,0.99528605
5158,PLRG1,0.9943409
5159,CCDC92,0.9910913
5160,NUP214,0.99499637
5161,TMEM45B,0.9986673
5162,NAT9,0.9932021
5163,CXADR,0.9970313
5164,ST3GAL4,0.9944777
5165,CDC40,0.99623394
5166,ZFP90,0.9868924
5167,PLEKHA1,0.99687064
5168,PRR16,0.994967
5169,CTSK,0.9987475
5170,LRP5,0.99142873
5171,RUFY1,0.99154985
5172,SWAP70,0.997726
5173,TUBGCP3,0.9937595
5174,SPOUT1,0.9916645
5175,SMPD4,0.9879498
5176,DUSP11,0.9915782
5177,CHMP2B,0.98029953
5178,EDNRA,0.9987942
5179,TSC22D2,0.9912789
5180,GNL3L,0.9870681
5181,SH3BGRL2,0.9974176
5182,MAP2K7,0.9744822
5183,PIDD1,0.99752307
5184,JOSD1,0.98038477
5185,SH3BP5L,0.981566
5186,SLC25A46,0.9919639
5187,VWA8,0.9950844
5188,STK35,0.995727
5189,PAN2,0.9955314
5190,SLC50A1,0.997115
5191,CREBBP,0.9963712
5192,XRN1,0.9933438
5193,UXS1,0.9931929
5194,TAF4,0.9934734
5195,RABGEF1,0.9951558
5196,MED12,0.9933833
5197,ETS1,0.9990221
5198,SNAP47,0.9884163
5199,SPTY2D1,0.99590176
5200,SENP5,0.9916638
5201,DVL2,0.9954086
5202,TBC1D22A,0.994074
5203,AMDHD2,0.99818605
5204,RTL8A,0.9846647
5205,ANKIB1,0.9919424
5206,SLC25A25,0.99247986
5207,RPIA,0.99316406
5208,CHMP7,0.99634695
5209,WDR37,0.9954436
5210,NR2F6,0.995093
5211,SYNGR1,0.99901515
5212,ZBTB48,0.98678577
5213,EMP2,0.99344933
5214,STK38L,0.99481523
5215,MTR,0.9936745
5216,TSPAN15,0.99667567
5217,ATM,0.9960684
5218,PIGG,0.98485744
5219,APH1B,0.99349684
5220,XPA,0.9786854
5221,RSF1,0.9869341
5222,TMEM63B,0.99879634
5223,OFD1,0.9899034
5224,FAM43A,0.997103
5225,SPRYD4,0.9839897
5226,ISLR,0.99860346
5227,TPGS1,0.9977554
5228,PKP1,0.9941865
5229,USF1,0.99321496
5230,TMED8,0.96200716
5231,ITGB4,0.99760616
5232,NCAPH2,0.99164206
5233,JDP2,0.99907666
5234,DNMT1,0.9862639
5235,TM2D2,0.99404323
5236,SFSWAP,0.98084795
5237,AGPAT5,0.9922793
5238,UPRT,0.9953042
5239,TUBA4A,0.99761146
5240,DYNLT3,0.9932944
5241,MPI,0.9914781
5242,ARRDC4,0.99417895
5243,SPIN3,0.98654896
5244,SWI5,0.9917997
5245,RIT1,0.99477994
5246,PDPK1,0.9806383
5247,SMG5,0.9948286
5248,ERAL1,0.9946042
5249,TM7SF3,0.972556
5250,MINDY3,0.9943307
5251,IARS2,0.9949386
5252,TAX1BP3,0.9962593
5253,USP24,0.9942746
5254,PPP5C,0.99461067
5255,VAMP7,0.9816254
5256,VAV2,0.9957231
5257,DCAF12,0.9945801
5258,NKIRAS2,0.98711437
5259,SPIN4,0.99440473
5260,SAE1,0.9961761
5261,RRP1,0.991952
5262,MPND,0.98271465
5263,FSTL3,0.99833393
5264,TCTA,0.9886559
5265,TTC39C,0.9867749
5266,FOXO1,0.9992909
5267,PCIF1,0.9921226
5268,DNAL4,0.9957337
5269,ZNF277,0.9931269
5270,YBEY,0.9878442
5271,LARP1B,0.9928759
5272,TOR3A,0.99710315
5273,FAM20B,0.99266505
5274,PPP1R18,0.99902517
5275,HS1BP3,0.9980141
5276,MRI1,0.9917603
5277,MID2,0.9883528
5278,ZNF414,0.98245895
5279,NAA35,0.9906562
5280,NDFIP2,0.9962137
5281,PYROXD2,0.98471117
5282,TOMM20,0.9938697
5283,CCDC57,0.9898732
5284,TSR1,0.9945233
5285,ESS2,0.9924602
5286,SHFL,0.99415094
5287,FBXO34,0.99590355
5288,GP2,0.9787075
5289,NEBL,0.9956151
5290,HNRNPK,0.97853255
5291,FRMD4B,0.9920441
5292,CEP350,0.99610955
5293,PRAC2,0.9982399
5294,ZNF317,0.9935141
5295,PEX26,0.98826545
5296,MBD5,0.9952471
5297,HPF1,0.99381566
5298,ANKRD39,0.9957149
5299,RNF215,0.9910497
5300,TMEM208,0.9857599
5301,MED14,0.9927558
5302,DTX3L,0.98820144
5303,NSUN4,0.9855535
5304,KLF13,0.9937518
5305,SHB,0.99915445
5306,LY6E,0.99647427
5307,FGFR1OP2,0.9972699
5308,ZKSCAN8,0.9911942
5309,TMEM94,0.99407387
5310,RNF121,0.99126905
5311,ZDHHC4,0.9964894
5312,CHCHD7,0.98608226
5313,VKORC1L1,0.96671355
5314,NRARP,0.99421936
5315,GPR137,0.98966676
5316,ZDHHC18,0.99418855
5317,RANBP10,0.99100333
5318,TFCP2L1,0.9987612
5319,TATDN1,0.99367285
5320,PIK3IP1,0.99897605
5321,ZFYVE9,0.9909786
5322,RNF170,0.9824398
5323,XRCC1,0.9942845
5324,KLHL36,0.9982425
5325,NSMCE2,0.99653137
5326,THEM6,0.9962732
5327,GNPNAT1,0.99555206
5328,KAT2A,0.99734825
5329,C8orf76,0.9967985
5330,CX3CL1,0.998602
5331,TAB1,0.98869705
5332,ZNF514,0.994581
5333,HPRT1,0.9821244
5334,QSOX1,0.9987324
5335,RPUSD4,0.99324125
5336,MAPK12,0.99213505
5337,OLFM1,0.99630505
5338,PODN,0.99847275
5339,IGHG3,0.99335724
5340,POLR1A,0.9905919
5341,CADPS2,0.98835766
5342,PTGR2,0.9904363
5343,FMNL2,0.99530154
5344,KRR1,0.9950618
5345,MFSD3,0.99798566
5346,PHLDA1,0.9944371
5347,MAPT,0.99841624
5348,FGL2,0.99217063
5349,CCDC80,0.957517
5350,UBE2W,0.9893788
5351,MORC3,0.9922621
5352,DGKD,0.9914159
5353,FOCAD,0.98800415
5354,CCNB1IP1,0.99098647
5355,ZNF84,0.9959259
5356,EML4,0.99350566
5357,SLC4A7,0.9898229
5358,ATP2B4,0.99782276
5359,GBP2,0.9992408
5360,FRS2,0.9912473
5361,DIPK1B,0.99289954
5362,RDH13,0.9944557
5363,WBP4,0.99455637
5364,ZNF687,0.9940007
5365,NCS1,0.99286205
5366,FMR1,0.99599534
5367,ZNF766,0.9866053
5368,ERLIN2,0.99314374
5369,NTPCR,0.9951112
5370,PGGHG,0.9968694
5371,A4GALT,0.9992126
5372,MB,0.9958777
5373,ZNF7,0.9954727
5374,ZNF415,0.9889934
5375,PEX1,0.98041344
5376,DDX55,0.9876987
5377,REXO1,0.9954197
5378,ITFG2,0.9790869
5379,MAN1A2,0.98964494
5380,DMAC2,0.9973228
5381,TANK,0.9928537
5382,USP43,0.97830814
5383,TRIM14,0.99617076
5384,THBS4,0.99701434
5385,POGLUT3,0.9872336
5386,WDR90,0.9948825
5387,CARD19,0.995523
5388,SFT2D2,0.99829274
5389,EMC6,0.9919942
5390,SEMA4A,0.9853393
5391,PHF14,0.9973637
5392,BSPRY,0.98568195
5393,ZEB2,0.99697655
5394,ECD,0.9933614
5395,ZNF140,0.9881946
5396,SETD4,0.99403155
5397,RNF38,0.9863848
5398,C2orf69,0.9928659
5399,INAFM2,0.9894707
5400,WNK4,0.9952911
5401,HS6ST1,0.9954067
5402,IGHM,0.98650986
5403,SLC2A10,0.99172276
5404,ABCG1,0.99713486
5405,EDC4,0.99504244
5406,CD2BP2,0.9962046
5407,WDR46,0.96012044
5408,ZBTB38,0.978453
5409,MED16,0.9958515
5410,DEDD2,0.99230695
5411,SETDB1,0.9796477
5412,LHFPL6,0.99842435
5413,ALAD,0.9965395
5414,AADAT,0.9824352
5415,KRBOX4,0.9954679
5416,TMEM167A,0.970029
5417,MRTO4,0.9955963
5418,PPARD,0.99384344
5419,PLP2,0.9990297
5420,RAI1,0.98754215
5421,ACAT2,0.9918424
5422,FRMD6,0.9983798
5423,CD55,0.9976501
5424,LY6G5B,0.99117196
5425,RAD17,0.9952591
5426,OSBPL10,0.9978236
5427,MRS2,0.99420905
5428,CPSF2,0.99546266
5429,PPP2R5D,0.9933894
5430,EPG5,0.9905293
5431,MARVELD1,0.9982567
5432,KCTD13,0.99587053
5433,WDR77,0.98924756
5434,ZNF12,0.9929431
5435,LMBR1L,0.989162
5436,C2orf49,0.9795598
5437,SLC46A1,0.99618256
5438,TMEM80,0.9890852
5439,EIF4EBP1,0.9885442
5440,ATP2C2,0.99702346
5441,TMEM64,0.99409777
5442,EYA1,0.9981141
5443,VAPA,0.993381
5444,MSANTD3,0.98466724
5445,LAMTOR2,0.98808986
5446,GTF3C2,0.9953082
5447,IMPA2,0.99622154
5448,COQ8B,0.9941243
5449,RTKN,0.9953364
5450,CSTF1,0.9878406
5451,YEATS2,0.9947654
5452,DENND4B,0.9934779
5453,ME2,0.9837173
5454,CCDC106,0.9944978
5455,NCBP1,0.9838447
5456,BLMH,0.99774194
5457,B4GALT3,0.9880657
5458,RTL10,0.9856546
5459,DHX38,0.99375015
5460,RRP1B,0.99577427
5461,UAP1L1,0.99428165
5462,GLYCTK,0.9964769
5463,SH3BP5,0.9987516
5464,EEF2,0.99162257
5465,ATXN7L1,0.99703187
5466,USP1,0.98970485
5467,GCLC,0.99644315
5468,CENPC,0.98870695
5469,NTAN1,0.9903362
5470,CWC25,0.99254537
5471,MTF2,0.9940145
5472,PCYT1A,0.9914539
5473,ATRNL1,0.99417114
5474,RANGAP1,0.9949269
5475,MYBBP1A,0.9959341
5476,GFOD2,0.9897125
5477,BRD3OS,0.99520093
5478,CNKSR3,0.99251133
5479,POLI,0.9945896
5480,NELFA,0.99015754
5481,MIOS,0.9954002
5482,ACVR2A,0.99629617
5483,KIF3B,0.9713651
5484,MORC4,0.990439
5485,PDCD11,0.97963136
5486,GTF3C3,0.99230206
5487,IFI16,0.9992966
5488,FBXL4,0.9949167
5489,TP53RK,0.9881026
5490,ARMH3,0.99108624
5491,ZNF302,0.9935144
5492,USP12,0.9925578
5493,XYLT2,0.99426883
5494,WDR36,0.99086225
5495,TRAFD1,0.99663407
5496,CEP44,0.9783937
5497,CLEC2D,0.9983073
5498,NHLRC2,0.98989034
5499,NCBP3,0.99381435
5500,ACOT13,0.99059534
5501,PDZRN3,0.9946699
5502,CORO2A,0.99065286
5503,ENKD1,0.98680586
5504,ADD3,0.99711215
5505,TBC1D1,0.9986473
5506,BBIP1,0.9964546
5507,LAD1,0.97717226
5508,TTBK2,0.99102205
5509,UFL1,0.9908568
5510,SYNE1,0.9972213
5511,ARMC1,0.99330604
5512,SEPTIN5,0.9938816
5513,KLF5,0.99582905
5514,PSPH,0.99563307
5515,TESC,0.98484135
5516,TTLL5,0.99721843
5517,P4HA1,0.9888841
5518,C6orf120,0.9844592
5519,SLC20A1,0.9846667
5520,FAM107B,0.9946546
5521,DMAC2L,0.9892734
5522,FOXN2,0.98957163
5523,CEP57,0.98859835
5524,NR2C1,0.9500672
5525,USP39,0.9872032
5526,MKNK1,0.9950597
5527,GNE,0.996423
5528,ABAT,0.9932941
5529,ZNF623,0.99679273
5530,STRIP1,0.9924541
5531,HDHD3,0.97662663
5532,JAM3,0.995688
5533,ABRACL,0.9795309
5534,UTP4,0.9852123
5535,CAVIN2,0.9988174
5536,CCN3,0.99722886
5537,PSMG4,0.9879736
5538,KIFC2,0.9796482
5539,MKRN2,0.9871434
5540,MTSS2,0.9985962
5541,SAP130,0.99173814
5542,AUTS2,0.9987078
5543,TXNDC17,0.99553865
5544,NEK1,0.9971561
5545,UBAC1,0.99473834
5546,TEX261,0.99474764
5547,CNST,0.9909978
5548,USP31,0.9880245
5549,COG7,0.9721745
5550,PPP1R9A,0.99779296
5551,SRSF10,0.9903834
5552,PDE7A,0.99474704
5553,MYBPC1,0.9919374
5554,PPHLN1,0.98438454
5555,ZNF593,0.9921743
5556,JMJD6,0.99234754
5557,RAB28,0.9898002
5558,PCNX2,0.99613273
5559,TESMIN,0.9939131
5560,EXOSC3,0.98601335
5561,ANTKMT,0.9918062
5562,DNMT3A,0.98774385
5563,UBR7,0.9913059
5564,SIRT1,0.99373186
5565,CLOCK,0.99202484
5566,ASXL2,0.99423116
5567,CLUAP1,0.9945343
5568,FARP2,0.9926388
5569,EP400,0.95227695
5570,RNF169,0.99597657
5571,DHTKD1,0.994469
5572,FLCN,0.9972483
5573,JAZF1,0.9958302
5574,COG4,0.9945389
5575,HOMER3,0.99281245
5576,VPS41,0.9949472
5577,RAB12,0.9930024
5578,KDM3A,0.99013
5579,GSKIP,0.9974431
5580,CNOT4,0.99506855
5581,OGFRL1,0.9950035
5582,MFAP1,0.98184633
5583,CC2D1A,0.9931954
5584,FLNC,0.9952273
5585,CCDC9B,0.9983417
5586,DYNC1LI1,0.99258506
5587,JMJD4,0.98928595
5588,ANKRD40,0.9916915
5589,NUDT2,0.9982069
5590,GREM1,0.98433757
5591,EEF1E1,0.9911693
5592,UNC119B,0.9759037
5593,ROCK2,0.9947136
5594,CLPB,0.990688
5595,CEP89,0.98223937
5596,DHX32,0.9957035
5597,ELP1,0.9898848
5598,LEPROTL1,0.9922419
5599,RAD21,0.98642343
5600,RBM28,0.98905414
5601,GLS,0.99792373
5602,CUL9,0.9904338
5603,MTHFD1,0.98866
5604,OCRL,0.9885746
5605,SLC35B3,0.9867839
5606,SPATC1L,0.99405295
5607,POLM,0.9945542
5608,BTBD10,0.9961821
5609,DCAF17,0.9916002
5610,SAMD8,0.989216
5611,BCL2,0.998874
5612,ZDHHC17,0.9938727
5613,ZNF397,0.97319937
5614,ARRB1,0.9961681
5615,IFT122,0.99784994
5616,TRIM68,0.9928361
5617,TAF11,0.99145913
5618,DIS3L,0.97962064
5619,TSSC4,0.9940356
5620,NCDN,0.99183005
5621,PIGS,0.9908052
5622,SMAD7,0.99369824
5623,XRRA1,0.98639834
5624,CADM4,0.9753693
5625,DIP2B,0.9958035
5626,ARL4A,0.9969504
5627,DCAF15,0.9856719
5628,SNN,0.9983859
5629,ZNF862,0.9859891
5630,RNPC3,0.9958067
5631,MSH5,0.990049
5632,CCDC174,0.98896295
5633,MLH3,0.9883655
5634,TMEM183A,0.9876331
5635,B4GAT1,0.99116516
5636,CDK9,0.95522463
5637,NUP210,0.9973028
5638,PHF8,0.9922946
5639,PREX1,0.99752474
5640,PHF19,0.99778134
5641,SNTA1,0.997643
5642,BCKDHA,0.97997963
5643,PEX6,0.9951803
5644,SLIT2,0.9965373
5645,SIRT7,0.9871479
5646,PWWP2A,0.99138606
5647,ING3,0.9987215
5648,ZRANB1,0.99583125
5649,ITGA1,0.9913498
5650,FAM104A,0.994515
5651,ARHGEF25,0.99742794
5652,NDN,0.9989515
5653,TEF,0.9966533
5654,OAZ3,0.9907622
5655,STK16,0.9878504
5656,ZBTB11,0.9965782
5657,COL14A1,0.9978225
5658,SLC37A3,0.99200445
5659,AGFG2,0.99519694
5660,RGP1,0.9903037
5661,HIRA,0.99824375
5662,PRUNE1,0.97834116
5663,UBTD2,0.995773
5664,SOX12,0.99175847
5665,TUSC1,0.9952626
5666,ELMOD3,0.98758245
5667,LTV1,0.9907735
5668,BRMS1,0.9968014
5669,PIGF,0.99198985
5670,FAAH2,0.9974643
5671,KDM4C,0.99437225
5672,POLL,0.9924931
5673,TMEM35B,0.99214137
5674,OSR2,0.998015
5675,PGS1,0.98703045
5676,TRIT1,0.98950064
5677,C5orf24,0.997593
5678,LZTR1,0.98655194
5679,EBAG9,0.9932445
5680,OGG1,0.9905138
5681,KANK1,0.99691373
5682,CERS6,0.98708403
5683,ZNF263,0.991029
5684,TBC1D10A,0.9978689
5685,OSTM1,0.9956875
5686,ANKRD9,0.9877888
5687,ATXN1L,0.99240315
5688,SYNGAP1,0.99275863
5689,ABHD4,0.9974911
5690,MICOS13,0.9900628
5691,SLC43A1,0.9969659
5692,NOM1,0.9943002
5693,TMC6,0.9953004
5694,MRRF,0.9891128
5695,PPIL1,0.9933837
5696,ACBD5,0.9952694
5697,THUMPD3,0.9961246
5698,PDZD8,0.99478877
5699,TBC1D15,0.9962964
5700,ACADSB,0.9935392
5701,TTC6,0.9908408
5702,VPS11,0.9913568
5703,DSG2,0.99233764
5704,AASDHPPT,0.9786093
5705,IER3,0.9970497
5706,ROGDI,0.9958301
5707,PIK3R3,0.9760193
5708,EHD1,0.9985943
5709,ARHGEF17,0.9982177
5710,ADAM33,0.9977632
5711,DOCK4,0.99476945
5712,SNX5,0.9958424
5713,ZNF268,0.986176
5714,ZNF550,0.98587275
5715,UBL7,0.9915451
5716,CRNKL1,0.9901407
5717,ARHGAP10,0.99792546
5718,HIF1AN,0.9943693
5719,DEPTOR,0.98681307
5720,SPRY4,0.9970645
5721,PSMD5,0.99319637
5722,SNAPC2,0.99724257
5723,RASL12,0.9961823
5724,MSRB3,0.99639416
5725,EMB,0.99516267
5726,TIMM29,0.994726
5727,SNX15,0.9946289
5728,CWC27,0.9916019
5729,KRTCAP2,0.99434954
5730,ANKRD13C,0.98741305
5731,BOP1,0.9885262
5732,SMG7,0.9913368
5733,CAVIN3,0.99081564
5734,ZCCHC14,0.99907094
5735,ZNF483,0.9948852
5736,RBM19,0.9955267
5737,ASCC1,0.99576867
5738,KCNG3,0.9967391
5739,INVS,0.9953326
5740,SCRN3,0.9867666
5741,CNTROB,0.9740036
5742,NID1,0.9970325
5743,ZNFX1,0.99860865
5744,ADA2,0.995488
5745,KLHDC10,0.99496895
5746,TRAPPC11,0.98893076
5747,OGFOD1,0.99264157
5748,ZNHIT6,0.99664843
5749,ZNF580,0.99515957
5750,PCYT2,0.9923586
5751,NLGN2,0.9875928
5752,MECR,0.98719245
5753,CACTIN,0.9949331
5754,RNF168,0.99551
5755,APBB2,0.9981146
5756,EMP3,0.9991603
5757,DLL1,0.99527025
5758,FZD5,0.99550897
5759,FGF13,0.99885345
5760,RFC1,0.9908671
5761,PLS3,0.9905842
5762,OPHN1,0.9948237
5763,PPIF,0.9985254
5764,RSU1,0.99797595
5765,APOL1,0.9975466
5766,LCORL,0.99331516
5767,MADD,0.9912895
5768,ASB3,0.9911339
5769,PELO,0.9947533
5770,GFER,0.9903326
5771,PMM2,0.98254627
5772,ANKRD42,0.9956893
5773,CDC42EP4,0.9973464
5774,XIAP,0.9966002
5775,PPFIBP2,0.9945218
5776,MS4A6A,0.9972937
5777,OPLAH,0.9942824
5778,CSF1R,0.9988185
5779,RBM10,0.9933245
5780,TMCC1,0.9867549
5781,EIF3F,0.9965098
5782,EVPL,0.9933455
5783,TIMM17A,0.98336846
5784,JAGN1,0.99577516
5785,ZC3H8,0.9746107
5786,UBIAD1,0.99303955
5787,GPN2,0.98588324
5788,FECH,0.99368525
5789,IFI35,0.999053
5790,ZNF141,0.992957
5791,GSE1,0.9862745
5792,MAD2L2,0.9945235
5793,ASL,0.99076194
5794,PIM1,0.9896773
5795,LTO1,0.9869753
5796,OXR1,0.9898648
5797,CYTH3,0.9844106
5798,CCDC88A,0.99891967
5799,THSD7A,0.995773
5800,TPCN2,0.9952186
5801,TSPAN2,0.9452209
5802,SFI1,0.9980195
5803,SLC39A11,0.9960864
5804,ZNF335,0.9861708
5805,C17orf75,0.9750124
5806,DCAF1,0.99355286
5807,LRRC58,0.98830456
5808,PKIA,0.99725395
5809,BBS1,0.9953574
5810,FEM1C,0.9932379
5811,MIIP,0.97203255
5812,TMEM160,0.99223685
5813,CFAP36,0.9766727
5814,SUFU,0.99854934
5815,UBXN2A,0.98886704
5816,CINP,0.9967526
5817,DGKA,0.99587655
5818,MED21,0.98349816
5819,RINT1,0.99137104
5820,CDAN1,0.98549193
5821,IPO9,0.99153554
5822,RRAGB,0.99448216
5823,GNL2,0.9880469
5824,GALNT10,0.9945933
5825,RNF150,0.99842787
5826,ESCO1,0.9964402
5827,SCRN1,0.9944743
5828,ABLIM1,0.99095297
5829,PRKAG1,0.99591506
5830,ZNF264,0.9956746
5831,MSH6,0.99118465
5832,ZNF436,0.99458086
5833,MTERF3,0.9904147
5834,CUEDC1,0.99834335
5835,ACP2,0.9967509
5836,IFI30,0.9930512
5837,FADS1,0.9936126
5838,KLF15,0.9880424
5839,DPYD,0.96756846
5840,GRTP1,0.98800373
5841,TUBD1,0.993949
5842,DEF8,0.99727166
5843,UBC,0.99259514
5844,RARA,0.9943844
5845,PLCB3,0.9961951
5846,ZSCAN25,0.9952106
5847,AP5Z1,0.9953734
5848,ISOC2,0.9886045
5849,ADRM1,0.9946009
5850,ACO1,0.9952485
5851,CCND1,0.9901631
5852,IMMT,0.987217
5853,WDSUB1,0.9941162
5854,EIF2B4,0.98428804
5855,UROS,0.996871
5856,RLF,0.9903034
5857,MTFR1,0.9887878
5858,ARL15,0.99339443
5859,PIK3C3,0.9933218
5860,EDC3,0.9912065
5861,CBLL1,0.99165314
5862,CISD2,0.9967171
5863,MYL5,0.99386644
5864,MVD,0.99681836
5865,NCAPD2,0.9965013
5866,ANKRD49,0.993804
5867,NAGA,0.9942608
5868,VCPIP1,0.9923185
5869,GLOD4,0.9953919
5870,BCL7A,0.9948535
5871,TERF2,0.99081796
5872,ARMC6,0.9938787
5873,USB1,0.9932815
5874,PPP1R3B,0.9986173
5875,DRAM2,0.9772878
5876,CMC4,0.99240535
5877,MALSU1,0.99388343
5878,CYP51A1,0.9942607
5879,HDAC11,0.9972593
5880,TRIM41,0.9922471
5881,CES2,0.9670382
5882,SHKBP1,0.9925957
5883,METTL2A,0.99318856
5884,RBMXL1,0.98906136
5885,GABPB2,0.98979366
5886,UMAD1,0.99583787
5887,RGS12,0.9951512
5888,SCNN1A,0.9957275
5889,PPL,0.9978493
5890,EZH1,0.99406457
5891,C1orf52,0.9803512
5892,GYPC,0.9911574
5893,CHDH,0.99518937
5894,B4GALNT4,0.9865856
5895,SLC22A5,0.9965563
5896,FBXO3,0.98389804
5897,MTSS1,0.9980067
5898,ALG3,0.97439444
5899,NQO1,0.997088
5900,CHRM1,0.99788094
5901,DUSP23,0.9940095
5902,CAPRIN2,0.99507284
5903,SECISBP2L,0.989514
5904,AP5M1,0.9913348
5905,SIK3,0.9953767
5906,DAB2IP,0.9970524
5907,ARMCX2,0.9773869
5908,TNFSF12,0.9961783
5909,TENT5C,0.9975561
5910,MPP1,0.9890407
5911,MTMR10,0.99179035
5912,ITGA7,0.99495393
5913,CTIF,0.99858916
5914,TUBG2,0.9981013
5915,MAP3K7,0.98067176
5916,LARGE2,0.989041
5917,TMEM218,0.98638475
5918,RTL8C,0.9947098
5919,HINFP,0.9970578
5920,CLK4,0.99180996
5921,TGFBR1,0.9838381
5922,HDHD5,0.98958254
5923,SEPTIN6,0.98694634
5924,TRMT61A,0.99203676
5925,RAPGEF6,0.9852054
5926,GSDMB,0.98919207
5927,CTXN1,0.99911046
5928,IKZF1,0.9967676
5929,TMEM175,0.93988407
5930,DHRS12,0.99057734
5931,NAALADL2,0.9850849
5932,SRRD,0.9825403
5933,KIAA0753,0.9927644
5934,KLC2,0.99357873
5935,ODF3B,0.9979966
5936,APOOL,0.9826057
5937,BZW2,0.99458575
5938,HDDC2,0.94787896
5939,PRDM8,0.9386442
5940,MED11,0.9911281
5941,HIPK1,0.9893206
5942,HMBOX1,0.9827758
5943,USP9Y,0.9930028
5944,RRM1,0.98736054
5945,ARHGEF3,0.99744296
5946,ZNF493,0.99328065
5947,RBM27,0.9963486
5948,DESI1,0.9908872
5949,WWC2,0.98811454
5950,ZNF445,0.9744067
5951,DDHD2,0.99655753
5952,GZF1,0.99654365
5953,SCML1,0.998324
5954,DDHD1,0.9966132
5955,ZNF398,0.980516
5956,TENT5A,0.99575824
5957,RPRD2,0.99427885
5958,ZSCAN30,0.99341094
5959,DHRS13,0.99388456
5960,BTD,0.99180436
5961,POP7,0.99138516
5962,NPC1,0.98837566
5963,UFSP2,0.99397075
5964,CCDC32,0.9333811
5965,USP6NL,0.9959004
5966,POGLUT1,0.98797184
5967,TLCD3A,0.98625004
5968,MYO1D,0.99029946
5969,BRAP,0.9909099
5970,EME2,0.9930426
5971,EVC,0.97404397
5972,FXYD1,0.9971694
5973,RRAGD,0.98939246
5974,ABCA8,0.9986386
5975,PCNA,0.9930953
5976,PNPLA6,0.990964
5977,NAGLU,0.9948644
5978,ATG16L2,0.99856186
5979,DNAJC13,0.9980598
5980,ORAI3,0.99614984
5981,MPPED2,0.9965097
5982,COQ5,0.9821031
5983,SGCB,0.997332
5984,ANKS1B,0.9951364
5985,ANKRD28,0.9928085
5986,NOL4L,0.99814266
5987,SPSB1,0.9964709
5988,AKAP12,0.9961846
5989,RELL1,0.9990401
5990,TNS4,0.9824111
5991,CTPS2,0.9956439
5992,NEO1,0.9853563
5993,SNAPC5,0.9899962
5994,SESN1,0.9941562
5995,BCAR1,0.99064505
5996,OLFM2,0.9897036
5997,TOP1MT,0.98819584
5998,PRDM4,0.99256337
5999,LRRC42,0.9960853
6000,MTAP,0.9951614
6001,NEPRO,0.9934823
6002,LRRC37A2,0.9916602
6003,SMIM12,0.997813
6004,FBXO38,0.990099
6005,MEX3C,0.99344313
6006,AP1AR,0.9927838
6007,TAP2,0.997451
6008,FAM149B1,0.9939038
6009,WRAP73,0.98926675
6010,EFHC1,0.996957
6011,NOP16,0.99580085
6012,GPR176,0.9966092
6013,TRAF5,0.99874383
6014,NES,0.9989951
6015,MIGA2,0.9881171
6016,THBS3,0.9884622
6017,ZNF776,0.9965969
6018,DAB2,0.98827606
6019,CLN8,0.99097514
6020,CDK5RAP2,0.968065
6021,DGAT1,0.9876108
6022,POLR1B,0.98670566
6023,ATAT1,0.99485075
6024,RAB11FIP2,0.9960898
6025,ALDH4A1,0.9924094
6026,EPB41,0.9839556
6027,FAM3B,0.9968546
6028,PLEKHF2,0.99395883
6029,TOMM34,0.993089
6030,CHST14,0.9886745
6031,EPPK1,0.9946773
6032,PLAT,0.9886813
6033,SLC10A3,0.99546254
6034,SCO1,0.99586844
6035,CLIP4,0.99822974
6036,PCSK6,0.99859166
6037,PNPO,0.9792019
6038,PPP4R3B,0.9910642
6039,BMP2K,0.9959562
6040,ZNF785,0.9943415
6041,PSME3,0.9934778
6042,OLFML3,0.99738675
6043,MID1IP1,0.9953185
6044,FAIM,0.9908554
6045,DENND4A,0.9926748
6046,SMARCD1,0.98541987
6047,SIRT2,0.98611516
6048,NOL9,0.98417264
6049,CEP170,0.9914304
6050,CRYBG3,0.9973754
6051,GINM1,0.9886714
6052,PIAS1,0.9946415
6053,PCDH18,0.99755895
6054,KLC4,0.99464047
6055,UBE2O,0.9882195
6056,HECTD2,0.99831057
6057,TMEM126A,0.966995
6058,CAPG,0.9965147
6059,DTD1,0.99248946
6060,WDR81,0.99890774
6061,BABAM2,0.98450315
6062,RNF135,0.9963986
6063,SVBP,0.97768563
6064,IQSEC2,0.9896933
6065,FXR2,0.9931657
6066,MVP,0.9980059
6067,DTWD1,0.99581647
6068,LONRF1,0.99157494
6069,TMEM14A,0.9846576
6070,ACY1,0.99470437
6071,CHAF1A,0.9893292
6072,NUMBL,0.99703956
6073,B9D1,0.9893079
6074,PER2,0.9929678
6075,DPH2,0.9944426
6076,ZNF641,0.98847556
6077,L3MBTL2,0.9904057
6078,MKKS,0.98666114
6079,MAP3K6,0.99909776
6080,RIOK1,0.9841731
6081,NEK3,0.98952854
6082,TMEM209,0.9882293
6083,ABTB1,0.99704134
6084,ST7L,0.9911428
6085,C19orf12,0.98217016
6086,NCKIPSD,0.9738579
6087,RWDD2A,0.99542433
6088,CUL2,0.96280813
6089,HELZ,0.97881234
6090,SLC49A4,0.9919267
6091,PITPNC1,0.95988166
6092,CYB5D2,0.9923179
6093,GFM2,0.9968052
6094,C15orf61,0.9254767
6095,BHLHE41,0.98761773
6096,SLC35A3,0.99449515
6097,ZBTB21,0.98988646
6098,CLUH,0.99649876
6099,GLI4,0.9921231
6100,NWD1,0.9966304
6101,RNMT,0.98963124
6102,RMND5B,0.99408424
6103,FABP5,0.9838701
6104,PBDC1,0.9757656
6105,MCM5,0.98746175
6106,UGGT2,0.9962286
6107,ZYG11B,0.98530024
6108,RAE1,0.99606466
6109,DPY19L4,0.99413687
6110,ZHX3,0.9895241
6111,NARS2,0.9889386
6112,EID2,0.9808819
6113,CDK6,0.9992133
6114,TRAPPC2L,0.9979289
6115,PI15,0.9720304
6116,ZBTB40,0.9960174
6117,RIPOR1,0.9779362
6118,CHST12,0.9925648
6119,FH,0.98895645
6120,EIF2B3,0.99138683
6121,TMEM79,0.99500006
6122,ARMCX1,0.99620026
6123,ABHD17C,0.99165565
6124,USP20,0.98034775
6125,XPO7,0.99693817
6126,LMBR1,0.99213153
6127,CASP8AP2,0.9883753
6128,WWTR1,0.99151534
6129,TRNAU1AP,0.98272127
6130,ZNF548,0.98963964
6131,MRGBP,0.98946
6132,SETMAR,0.99525106
6133,LAPTM4B,0.9921175
6134,FKBP14,0.99657786
6135,PIK3R2,0.96093524
6136,NNT,0.9894841
6137,CCDC93,0.9953079
6138,WDR41,0.99228543
6139,LYRM1,0.99517334
6140,PLPBP,0.99658644
6141,KLHDC4,0.9961459
6142,SPICE1,0.99170667
6143,GNPDA1,0.9906768
6144,PARP9,0.9959084
6145,BROX,0.9941596
6146,EIF1AD,0.98980325
6147,AARSD1,0.9927657
6148,SIX1,0.9977492
6149,METTL17,0.9887023
6150,DPP8,0.99037325
6151,MANBA,0.9960917
6152,TUSC2,0.9932957
6153,NUDT8,0.99691147
6154,SLC25A44,0.98881805
6155,CPLANE1,0.9948469
6156,ZNF700,0.9943613
6157,NIPA1,0.99375755
6158,QSOX2,0.99085355
6159,RAB24,0.99024016
6160,ARHGEF16,0.99362695
6161,DPH5,0.9975667
6162,TEAD2,0.9978928
6163,MYO5A,0.9953368
6164,CPSF3,0.9926034
6165,CWC22,0.9923743
6166,NSUN6,0.9789184
6167,FKTN,0.99413234
6168,SMU1,0.9950855
6169,EPHB6,0.9964193
6170,CHD8,0.9847573
6171,CCM2,0.9906125
6172,KANSL2,0.99167424
6173,FOSL2,0.9956908
6174,RBM22,0.9889316
6175,SVIP,0.9919258
6176,DOCK7,0.98369
6177,LRRFIP1,0.9731971
6178,HEG1,0.9984649
6179,ICAM1,0.99887526
6180,EVI5,0.9878065
6181,ZFYVE27,0.9947307
6182,ZNF841,0.9968569
6183,NIPAL3,0.9870463
6184,U2AF1L4,0.98086154
6185,POP4,0.97973806
6186,DNTTIP1,0.99335754
6187,TRIAP1,0.993623
6188,RSBN1L,0.9821359
6189,DIS3,0.9920098
6190,SAMHD1,0.9978522
6191,GAS1,0.99873203
6192,ATG7,0.9904101
6193,EDARADD,0.9894687
6194,GET1,0.98985314
6195,PPM1F,0.99696594
6196,CWF19L2,0.9919176
6197,TNRC6C,0.9942521
6198,SP2,0.9867535
6199,DGLUCY,0.9975014
6200,ZC2HC1A,0.9892236
6201,MINDY1,0.99577343
6202,PRDM5,0.9986411
6203,XPO5,0.99333155
6204,CAV1,0.99706566
6205,AP1S2,0.98313594
6206,DCK,0.9946193
6207,PIK3R4,0.98447466
6208,RPP25L,0.996095
6209,VPS26C,0.99357545
6210,TMPO,0.9905079
6211,SLC16A1,0.99841017
6212,NAB2,0.99898076
6213,NFS1,0.99166304
6214,CDK7,0.9970001
6215,WTIP,0.9972795
6216,LTBP2,0.99814075
6217,PIGM,0.99395156
6218,EFCAB13,0.99720204
6219,TRBC2,0.99872816
6220,ORC5,0.99090457
6221,ATE1,0.99750507
6222,HMGCS2,0.99700975
6223,ZC3H3,0.9916167
6224,RAB31,0.99288034
6225,PRKACB,0.9748769
6226,SPART,0.9983469
6227,FZD6,0.9924
6228,PPME1,0.9950935
6229,FAS,0.9582343
6230,CIAO3,0.9916406
6231,NOA1,0.992443
6232,SHOC2,0.9771562
6233,DHRSX,0.98766434
6234,SLC29A1,0.99572146
6235,TFIP11,0.977805
6236,IDE,0.9891291
6237,RPF1,0.9967999
6238,CC2D1B,0.9952097
6239,TIMM22,0.99608207
6240,PTK2B,0.99801624
6241,PRSS22,0.9880952
6242,NPM3,0.9948824
6243,BAZ1A,0.9932374
6244,POLR1E,0.99281883
6245,MID1,0.9955159
6246,ZNF185,0.9968954
6247,CCDC71L,0.9951676
6248,SIDT2,0.9924282
6249,CEP70,0.9868119
6250,ARFGEF1,0.9940205
6251,CEP164,0.9932449
6252,PARP10,0.99854934
6253,SUOX,0.9869619
6254,NCALD,0.99035144
6255,LIN52,0.9819126
6256,ANKRD46,0.982287
6257,NIPSNAP3A,0.99113536
6258,CRADD,0.9904959
6259,ZNF618,0.9928477
6260,DNAJC30,0.9838522
6261,IFT80,0.9938006
6262,ZNF274,0.992847
6263,THOC6,0.9796704
6264,VWA2,0.9935155
6265,RHOG,0.9979606
6266,NKAPD1,0.9907363
6267,RAB29,0.9871285
6268,GRWD1,0.9836206
6269,ZMYM6,0.99010533
6270,MAP3K4,0.9903096
6271,VRK2,0.99328125
6272,CNTRL,0.9772079
6273,CERS5,0.99063385
6274,ZNF275,0.99612343
6275,MYLIP,0.9893582
6276,FUNDC1,0.9916874
6277,FBXO4,0.99234873
6278,FEM1A,0.9887183
6279,EMC2,0.99096835
6280,TINAGL1,0.9940691
6281,TRIM65,0.9924042
6282,TUBGCP5,0.9871342
6283,EPHB3,0.998086
6284,GOLT1B,0.9875706
6285,STBD1,0.9882597
6286,ACTL6A,0.9918249
6287,CD177,0.9564772
6288,PPRC1,0.9944329
6289,PPT1,0.98713106
6290,NGDN,0.9935473
6291,CRLF3,0.994881
6292,SMOC1,0.9941364
6293,DENND2D,0.9907106
6294,ZSCAN2,0.9964856
6295,SGMS2,0.99415475
6296,STXBP4,0.99485743
6297,EPHA7,0.9903469
6298,WHAMM,0.98990905
6299,MUC20,0.9973588
6300,YIPF5,0.9904542
6301,ICA1L,0.9979017
6302,KPNA3,0.9973727
6303,CPT2,0.99526036
6304,YJEFN3,0.9890987
6305,TXNDC9,0.99708486
6306,CSNK1G3,0.9584411
6307,TLE3,0.9843306
6308,TMEM184A,0.9946568
6309,GLUD1,0.99311954
6310,MBIP,0.9912735
6311,TMX3,0.995115
6312,PLEKHG2,0.9987348
6313,CCDC22,0.9870361
6314,ARHGEF9,0.9928607
6315,ZNF318,0.9757447
6316,ABCE1,0.9934878
6317,CHD1,0.9891416
6318,RABGGTA,0.9848426
6319,DDX31,0.98250896
6320,ZNF30,0.9947982
6321,RASSF1,0.9979423
6322,NAA25,0.9922702
6323,MITD1,0.99546015
6324,YWHAE,0.990429
6325,PPCS,0.9808264
6326,UMPS,0.98936474
6327,IKZF5,0.9954895
6328,PRKG2,0.9967216
6329,BRI3BP,0.9924338
6330,TARBP1,0.99639714
6331,SEMA3B,0.9881194
6332,CLDN1,0.9935959
6333,TBC1D10B,0.98565567
6334,INPP5K,0.99710166
6335,MCEE,0.9889874
6336,NAA15,0.9868293
6337,ALG9,0.98438036
6338,CLDN8,0.99288917
6339,NNMT,0.9939266
6340,ACSF3,0.99452424
6341,ERI2,0.98995996
6342,MEN1,0.9934173
6343,IPO13,0.9952695
6344,NR3C1,0.9971887
6345,CAV2,0.99281484
6346,PEX7,0.9952431
6347,SPAST,0.9891305
6348,GKAP1,0.9904131
6349,POLR3C,0.99522084
6350,SYNJ2,0.9949331
6351,FAM221A,0.9911947
6352,OLFM4,0.9420535
6353,NPAS2,0.9948994
6354,HACL1,0.9925543
6355,RNASEH2B,0.9944302
6356,MANSC1,0.9938479
6357,LRRC40,0.98561597
6358,C22orf39,0.9943371
6359,PCDHGC3,0.9978379
6360,KPNA6,0.99135417
6361,FAM171A1,0.99610025
6362,TRIM24,0.9957387
6363,TSFM,0.99315727
6364,AREL1,0.9925518
6365,SETD6,0.9952744
6366,ALMS1,0.9886453
6367,NDUFS7,0.9969742
6368,PHF11,0.9968269
6369,SLC25A24,0.99085486
6370,INMT,0.99371743
6371,CAMSAP2,0.98879683
6372,PAQR6,0.9875119
6373,TRAPPC8,0.99487996
6374,LIMD2,0.9984276
6375,PALM,0.9936944
6376,KYAT3,0.9929064
6377,HTRA2,0.9789764
6378,MRE11,0.9905465
6379,CRYZL1,0.9936496
6380,RAB22A,0.989473
6381,CERT1,0.9822551
6382,ABCD4,0.9741196
6383,FADD,0.99050534
6384,TRIM3,0.9840927
6385,MIER3,0.99134594
6386,GPN1,0.96988314
6387,KCNC2,0.9923396
6388,TTC5,0.989966
6389,YJU2,0.993927
6390,NUP153,0.9965122
6391,ZNF688,0.9966909
6392,RNF111,0.9778046
6393,SRPRB,0.9878912
6394,APBB1,0.99414384
6395,VLDLR,0.9873578
6396,UCHL3,0.9953257
6397,SH3TC1,0.9768116
6398,ZPR1,0.98949134
6399,NECTIN1,0.99564886
6400,PLOD3,0.9967617
6401,CRY1,0.98952603
6402,MAP3K13,0.99218285
6403,PMP22,0.9964546
6404,AAMDC,0.96666116
6405,OMA1,0.99015206
6406,CLEC16A,0.99035513
6407,NDE1,0.9947801
6408,SEMA3F,0.9885485
6409,PPP2R3B,0.9841462
6410,PRPS2,0.99871695
6411,TSTD2,0.9929768
6412,ADIPOR2,0.9720766
6413,NUP155,0.989965
6414,DYRK1B,0.99421287
6415,SLC25A40,0.9945816
6416,DCUN1D2,0.9953928
6417,CPTP,0.99167687
6418,DACT2,0.9914031
6419,GTF2B,0.98969096
6420,DHX8,0.99428433
6421,RMC1,0.98379874
6422,BMPR1A,0.99480546
6423,ATP10D,0.98860943
6424,LENG1,0.99493724
6425,KAT8,0.9947487
6426,BLVRA,0.9971516
6427,CTC1,0.97336775
6428,ENDOV,0.9962137
6429,ANGPTL2,0.9983653
6430,TOP3A,0.9905476
6431,RBM7,0.99287164
6432,COL27A1,0.9975111
6433,VPS33A,0.9840821
6434,TUBB2A,0.9897755
6435,AHR,0.9950967
6436,PIGC,0.99492836
6437,DBT,0.9946873
6438,IMMP1L,0.99052024
6439,ADO,0.9929158
6440,PRKAR1B,0.9957871
6441,YTHDC2,0.9711523
6442,KCTD2,0.99290115
6443,VASH1,0.9968167
6444,CCDC69,0.9982634
6445,PTBP2,0.99459374
6446,ACAD10,0.9960263
6447,INCENP,0.98271775
6448,MPP7,0.9946264
6449,PCDH10,0.99737763
6450,SUCO,0.97838926
6451,SAAL1,0.99609077
6452,GTF2E2,0.9973209
6453,GPRASP1,0.99470115
6454,CEP95,0.9891609
6455,DOCK5,0.9900844
6456,NVL,0.99702805
6457,APC,0.9962877
6458,RAB11FIP1,0.9923038
6459,DHX29,0.98940206
6460,TCTN3,0.99118036
6461,ZSWIM9,0.9922795
6462,ACSL5,0.99488384
6463,PHF6,0.9925646
6464,ICAM3,0.98327106
6465,ZNF568,0.9914794
6466,UBXN7,0.96830314
6467,MICAL1,0.97602624
6468,RFX1,0.9925219
6469,BAHD1,0.99826074
6470,GTF2H4,0.9903955
6471,ANKS1A,0.957314
6472,ANKFY1,0.9910158
6473,LXN,0.9948398
6474,SMPD2,0.9913345
6475,KBTBD2,0.986514
6476,DDX52,0.99471855
6477,ARHGAP21,0.9957282
6478,SMIM29,0.99211633
6479,CTCF,0.98821604
6480,P3H1,0.99136513
6481,PLOD1,0.98880666
6482,ZFP62,0.9924586
6483,GON4L,0.99361116
6484,TMEM25,0.9970617
6485,PAFAH1B3,0.9784589
6486,POLE4,0.9879973
6487,CGRRF1,0.9830996
6488,SDAD1,0.9840879
6489,RBBP9,0.97955394
6490,GSTT2B,0.9969996
6491,LARS2,0.99035347
6492,COASY,0.99340063
6493,KCTD1,0.9981119
6494,RXYLT1,0.9835335
6495,TAF8,0.9943316
6496,RWDD2B,0.9943611
6497,HSD17B6,0.97125316
6498,ALKBH3,0.99366206
6499,FOXRED1,0.9913918
6500,HMGCL,0.9924147
6501,NOB1,0.9927665
6502,TXNRD1,0.9895275
6503,NUDT22,0.9859219
6504,IRAK4,0.995498
6505,NUBP1,0.9885855
6506,KLHL23,0.98974895
6507,GLRX2,0.99330413
6508,CLSTN3,0.9947568
6509,MYO19,0.9880083
6510,RNF26,0.9317121
6511,NACC2,0.9979561
6512,CCDC120,0.9946987
6513,AIFM1,0.99208736
6514,IFT172,0.99531215
6515,DIS3L2,0.9900399
6516,FAM120C,0.9871731
6517,TMEM204,0.9985401
6518,DNAJC14,0.9892626
6519,ATR,0.99219036
6520,LUZP2,0.98960644
6521,PDCD7,0.9950334
6522,IQANK1,0.99047244
6523,WDR70,0.9885224
6524,CYP20A1,0.9839021
6525,MAML2,0.9963217
6526,TNFRSF10B,0.99679697
6527,RCL1,0.99137783
6528,SLC35A5,0.9824344
6529,LATS1,0.9888078
6530,ABHD18,0.9923629
6531,PRR36,0.9963894
6532,ALDH5A1,0.99105024
6533,MIER2,0.9827354
6534,METTL22,0.9920604
6535,CCNYL1,0.9961605
6536,CEP68,0.9986708
6537,C5orf22,0.9924673
6538,SLC25A26,0.99341244
6539,COL5A2,0.99644303
6540,PLN,0.9778071
6541,IQCE,0.9893529
6542,DEPP1,0.9974672
6543,NME6,0.9885879
6544,OGFOD2,0.99265546
6545,ZBTB45,0.98669136
6546,CRTC2,0.9846181
6547,YAF2,0.9949447
6548,HDDC3,0.9938505
6549,LSAMP,0.99541014
6550,CASP2,0.9961269
6551,UPF3B,0.9900918
6552,PDCD10,0.9815386
6553,TNFAIP2,0.97909254
6554,KRAS,0.9868916
6555,DEF6,0.9990175
6556,AP3B1,0.994293
6557,DHX37,0.97819805
6558,TP53I3,0.9977745
6559,TARBP2,0.9910691
6560,WDR5,0.9950868
6561,NCBP2AS2,0.994174
6562,SNIP1,0.9880055
6563,EXOSC2,0.98526865
6564,MYO5B,0.9939359
6565,GPRASP2,0.98238957
6566,GPX3,0.9904916
6567,UBL4A,0.99479896
6568,CNOT9,0.9863376
6569,ST7,0.9940579
6570,WDR3,0.99505895
6571,RAB30,0.9968431
6572,SOCS3,0.97881794
6573,G0S2,0.9990281
6574,ADGRF1,0.9842852
6575,ODF2,0.9938379
6576,CDK11B,0.99166316
6577,FXYD5,0.9981133
6578,PDE5A,0.9769656
6579,PLEKHB1,0.98753476
6580,PIGK,0.9957522
6581,MTMR6,0.9921077
6582,PDRG1,0.9939165
6583,ABCB7,0.98348343
6584,PDE10A,0.99825054
6585,SCD5,0.9984541
6586,FBXL19,0.99139625
6587,SLC48A1,0.99539137
6588,SH2D3A,0.99384165
6589,EPS15L1,0.97982144
6590,COX7A1,0.99717736
6591,THNSL2,0.98686266
6592,CFH,0.97568196
6593,ANO10,0.9951322
6594,SQLE,0.9880231
6595,ZBED4,0.99389446
6596,LIME1,0.99129474
6597,PRKCH,0.9812781
6598,NMT2,0.9943776
6599,TMEM265,0.9973545
6600,GNAI1,0.9946104
6601,RICTOR,0.983827
6602,EVA1C,0.9982794
6603,ZNF134,0.994776
6604,SIPA1L1,0.9968777
6605,AP2A1,0.99138045
6606,AIMP2,0.98384196
6607,DNASE2,0.9960599
6608,R3HDM1,0.9696321
6609,FBXL15,0.9838789
6610,VPS16,0.991033
6611,ZNF26,0.9923418
6612,TSPAN17,0.9839654
6613,PARP6,0.9973304
6614,ANKRD16,0.9896479
6615,ZNF337,0.9939493
6616,HSD17B14,0.9958206
6617,S1PR3,0.99832046
6618,FEZ2,0.9981445
6619,MGAT2,0.9882866
6620,ARL16,0.99337715
6621,CWF19L1,0.98688024
6622,DHFR,0.99548626
6623,ZNF599,0.9906728
6624,DNAJC19,0.9911536
6625,SMPDL3A,0.9951456
6626,APOL6,0.9989912
6627,C2orf74,0.9955394
6628,OARD1,0.95504636
6629,ENTPD7,0.99503577
6630,PLA2G6,0.9741819
6631,DNAJC15,0.9949465
6632,CHFR,0.992656
6633,ACOXL,0.9967285
6634,EFL1,0.9939673
6635,TMEM199,0.9762304
6636,WDR20,0.9909323
6637,PRKG1,0.99607074
6638,PPCDC,0.97808003
6639,MALL,0.99692553
6640,DMD,0.97344303
6641,DHX34,0.99422884
6642,ZNF707,0.9958978
6643,TMEM87A,0.9932394
6644,SNX25,0.99211174
6645,CYSTM1,0.9966337
6646,ARRDC2,0.9908186
6647,RAP1GAP2,0.9943698
6648,SAPCD1,0.98483366
6649,DCUN1D3,0.9309503
6650,NPRL2,0.9899274
6651,ABCA1,0.9943412
6652,LMTK2,0.9924438
6653,HDAC10,0.9886464
6654,LMBRD2,0.9757746
6655,PTPRK,0.98714066
6656,C17orf58,0.975387
6657,LPIN2,0.9858851
6658,ABHD14A,0.9739693
6659,C1orf35,0.99459493
6660,PDE12,0.994081
6661,RPAP1,0.99223524
6662,SESTD1,0.9956718
6663,SLC2A11,0.98563415
6664,MAP2,0.99471986
6665,ZNF316,0.99104244
6666,FOXRED2,0.9902421
6667,IFNAR2,0.9967043
6668,GDPD1,0.9893351
6669,PCTP,0.99294734
6670,DXO,0.9903337
6671,RRM2B,0.99632317
6672,RGS1,0.9935455
6673,TP53BP2,0.9820739
6674,FAM98C,0.9827243
6675,FAM217B,0.99245024
6676,UBD,0.96934104
6677,SDC2,0.9773163
6678,TAF1C,0.99894065
6679,ADAMTS9,0.9814927
6680,HOPX,0.99014395
6681,KIF3A,0.9924767
6682,LNPK,0.9874157
6683,MGLL,0.99752355
6684,MED30,0.9901769
6685,ZNF407,0.9888022
6686,CMSS1,0.9913725
6687,METTL23,0.9789555
6688,PTDSS2,0.9912078
6689,RITA1,0.9959686
6690,SCAF8,0.9932184
6691,SAPCD2,0.9946993
6692,BYSL,0.98114204
6693,TRMT13,0.9938995
6694,TBC1D24,0.9973914
6695,ARFIP1,0.9842926
6696,AAGAB,0.96682304
6697,RCAN1,0.98561317
6698,GSTA4,0.9955284
6699,RIPK1,0.9745431
6700,SPHK2,0.9955234
6701,ZNF581,0.9959729
6702,TMEM158,0.9911884
6703,SLC2A8,0.9926013
6704,CYP27A1,0.9912101
6705,STAM,0.9875289
6706,CACNA1H,0.9452981
6707,ATAD2,0.9932448
6708,TYW3,0.9872773
6709,RAB34,0.9979258
6710,ZNF227,0.9873479
6711,ZNF282,0.98954034
6712,B3GALNT2,0.9860197
6713,PDK2,0.98753947
6714,RASSF8,0.9885549
6715,AHDC1,0.9964951
6716,POGK,0.9592788
6717,PRKD3,0.99385315
6718,ODF2L,0.99740124
6719,SLC15A4,0.99517226
6720,PRKCZ,0.98752326
6721,ZNF235,0.9954524
6722,GDAP2,0.98416585
6723,TTC7B,0.9924384
6724,PKDCC,0.99647796
6725,GCA,0.99273777
6726,G6PD,0.9894651
6727,DNAJC16,0.9861284
6728,SNAP91,0.9877855
6729,SH3BP2,0.9900624
6730,SPINDOC,0.9738007
6731,ALDH1L1,0.985535
6732,TRAF2,0.9920449
6733,AGA,0.98794967
6734,ZNF260,0.98611456
6735,KIAA0586,0.9843289
6736,PELI3,0.9947213
6737,SSBP2,0.9966862
6738,PCDH7,0.99876136
6739,DUSP12,0.99012977
6740,CCDC43,0.98192674
6741,RAP2A,0.99690324
6742,ZBTB37,0.9917933
6743,ZNF772,0.989631
6744,LNX2,0.9932624
6745,HTATIP2,0.992106
6746,GALK2,0.9936087
6747,RFXANK,0.99031246
6748,MORN2,0.9937815
6749,HERC6,0.994556
6750,AFF3,0.98965174
6751,RAD54L2,0.99360657
6752,ZNF622,0.9885362
6753,RFXAP,0.98867875
6754,GAB1,0.99119127
6755,CLCN6,0.9929302
6756,CCDC40,0.99238133
6757,DNAJC25,0.995
6758,KIF16B,0.9813411
6759,GGCX,0.98782235
6760,RB1CC1,0.98683083
6761,CMTR1,0.99253964
6762,RIC1,0.99299574
6763,PAG1,0.9975678
6764,DDX50,0.99014693
6765,PRORP,0.99021935
6766,SLC26A11,0.9867154
6767,ACBD4,0.99010056
6768,EPS8L1,0.9959866
6769,MAST2,0.9851837
6770,PHF21B,0.9978395
6771,TAF12,0.995611
6772,ADAM17,0.9787492
6773,MAT2B,0.99315035
6774,ORAI2,0.99331456
6775,GSTCD,0.9941119
6776,TBC1D12,0.99293214
6777,PLD6,0.99042094
6778,PANK4,0.9945574
6779,GEMIN4,0.9881116
6780,FBXO46,0.98842883
6781,ASB7,0.97504914
6782,ABCB8,0.9922628
6783,TMEM203,0.9904302
6784,GTPBP3,0.99424314
6785,AGER,0.99493444
6786,HINT2,0.9891008
6787,MYO18A,0.98602945
6788,SIRT5,0.9950162
6789,NUP205,0.9818726
6790,ARHGEF4,0.9983749
6791,ZNF710,0.98727864
6792,LAMA2,0.9938683
6793,POLA1,0.98644674
6794,BAP1,0.9952417
6795,HARS2,0.979348
6796,WDR7,0.9888843
6797,DIO2,0.9641265
6798,CFAP44,0.9940097
6799,ZNF133,0.9901811
6800,ACTR8,0.9939125
6801,NRSN2,0.9977107
6802,SIRT3,0.9838906
6803,COMMD2,0.9868588
6804,ZNF852,0.97408134
6805,CEP290,0.9761621
6806,USPL1,0.97652495
6807,IFI27L1,0.9952996
6808,CACNA2D1,0.9907218
6809,PPP1R3E,0.9920028
6810,EVI5L,0.9923644
6811,DHX35,0.987921
6812,ZNF75D,0.98846895
6813,EXOSC8,0.9828261
6814,DYRK2,0.9881196
6815,GCDH,0.9727351
6816,ZNF793,0.9890676
6817,STK19,0.99438995
6818,MCM6,0.9864774
6819,INPP5B,0.9930606
6820,TENT4B,0.9840877
6821,C7orf25,0.98619413
6822,ZXDB,0.98020595
6823,OGDHL,0.9963003
6824,SAMD13,0.99499047
6825,GNG7,0.97854537
6826,MYNN,0.9790374
6827,CAMK2G,0.9916795
6828,GSTM3,0.9974377
6829,ZNF8,0.9765616
6830,VAC14,0.9774805
6831,ASMTL,0.9966158
6832,TFF3,0.981164
6833,ATG4D,0.98836
6834,ERMARD,0.99188983
6835,PLOD2,0.99400836
6836,CAMKMT,0.99063426
6837,CPAMD8,0.9915885
6838,ZNF503,0.9739126
6839,HIP1,0.9562227
6840,SFXN2,0.9886787
6841,GLIPR1,0.99791795
6842,SHPK,0.99033594
6843,CMIP,0.98995733
6844,FAM76A,0.9670321
6845,ARHGEF40,0.99875176
6846,PPM1D,0.99450326
6847,RFT1,0.9891623
6848,SNX30,0.9970995
6849,INTS7,0.98667526
6850,ADCK2,0.99455726
6851,DZIP3,0.99621266
6852,RNF34,0.9967509
6853,LAMB1,0.9775827
6854,GTF3C4,0.9696866
6855,RRP8,0.9941623
6856,P3H4,0.99065405
6857,TUFT1,0.98998046
6858,ZNF511,0.9950741
6859,LPAR1,0.98873657
6860,TRMT1L,0.99519736
6861,GNG10,0.9533342
6862,LCN2,0.9917613
6863,GLYATL1,0.9970323
6864,AEN,0.9722847
6865,GCNT2,0.99568546
6866,PASK,0.97376776
6867,PLEKHG3,0.991786
6868,TSPYL5,0.9878763
6869,RNF43,0.99740994
6870,ASB8,0.9878676
6871,NKRF,0.98400384
6872,PACRGL,0.9914192
6873,MTRR,0.9809544
6874,TMEM150A,0.99425286
6875,SMAD6,0.9972843
6876,DTWD2,0.99291044
6877,CHAMP1,0.9927924
6878,HECTD3,0.97634834
6879,SLC7A6OS,0.99179226
6880,TMEM41A,0.9792834
6881,STRN,0.98295665
6882,FAM234B,0.9918251
6883,PLEKHO2,0.9973597
6884,MTFMT,0.9947519
6885,BACE1,0.9913135
6886,LRCH1,0.99390405
6887,ERMAP,0.98131573
6888,DDX19B,0.9855198
6889,RAVER2,0.9934679
6890,KLF7,0.99791837
6891,THUMPD2,0.9959153
6892,CDC42BPG,0.9662087
6893,EAF1,0.9882544
6894,PHF13,0.9932749
6895,L3HYPDH,0.99261343
6896,PSEN2,0.9937882
6897,CRIPT,0.9924927
6898,TMEM144,0.992321
6899,KIFAP3,0.9921851
6900,HDAC9,0.99778163
6901,ZDHHC1,0.9952539
6902,S100A16,0.9956114
6903,PYROXD1,0.9939066
6904,CNTN1,0.9853151
6905,SIAH1,0.99121577
6906,ZSCAN9,0.9960307
6907,BPNT1,0.99186707
6908,SERTAD1,0.9984906
6909,COPS4,0.97943825
6910,PDPR,0.9904885
6911,LIPA,0.99293464
6912,RORA,0.99287355
6913,RPTOR,0.9955867
6914,KAT2B,0.99374455
6915,PPP1R16A,0.9954532
6916,ZSWIM7,0.96527684
6917,UBALD1,0.99394345
6918,PSD3,0.99167347
6919,UTP18,0.96306294
6920,ZC3H12C,0.9928102
6921,PLIN2,0.9954643
6922,AP4B1,0.98794013
6923,ARHGEF5,0.98886263
6924,FBXO33,0.9959103
6925,HILPDA,0.9940896
6926,IFI27,0.99423206
6927,KLHL9,0.9837733
6928,PNMA1,0.99295676
6929,ASF1A,0.99157333
6930,PFAS,0.9900171
6931,CNEP1R1,0.9845782
6932,DSTYK,0.99609196
6933,TBX2,0.99920905
6934,BAHCC1,0.9933251
6935,ATF1,0.9844231
6936,DNHD1,0.9947083
6937,INO80,0.98594934
6938,PRKAB2,0.9913452
6939,C1GALT1C1,0.9869546
6940,UPK3A,0.97994745
6941,PAXIP1,0.99564004
6942,AXIN1,0.9935536
6943,ASB1,0.99385726
6944,INPP4A,0.99337834
6945,PTPN3,0.9915084
6946,ZMYM5,0.9790015
6947,ZNF576,0.9895755
6948,TIMM21,0.99437493
6949,CCDC149,0.9513303
6950,CCDC117,0.9950132
6951,COMMD9,0.9732947
6952,PHKA1,0.9952842
6953,INTS12,0.9634535
6954,TBC1D22B,0.9933922
6955,CCHCR1,0.9925145
6956,SLCO2A1,0.98709
6957,ZNF629,0.9831747
6958,HSD17B8,0.9963051
6959,GALC,0.99281955
6960,PGAP2,0.9869568
6961,MIEF2,0.9856081
6962,DNAAF5,0.99047625
6963,ANAPC1,0.9915641
6964,GEM,0.9865895
6965,ZKSCAN3,0.981932
6966,PRKX,0.99755055
6967,SIPA1,0.99864113
6968,MYO1E,0.9535915
6969,POFUT1,0.98608637
6970,SLC2A3,0.98880196
6971,PPIP5K1,0.9900893
6972,FZD7,0.9972698
6973,CEP120,0.99598044
6974,AAR2,0.989533
6975,NF1,0.9870942
6976,OBSCN,0.9987193
6977,ZNF44,0.98771024
6978,NUP88,0.99344707
6979,DCBLD1,0.9947117
6980,KLHDC9,0.98511547
6981,AASS,0.9859087
6982,UTP11,0.9917163
6983,PNPLA8,0.98712474
6984,SLC66A2,0.9959097
6985,GOT1,0.9935577
6986,PIGX,0.986762
6987,TLNRD1,0.98660517
6988,FLAD1,0.9946544
6989,C2CD2,0.99583215
6990,SLC39A14,0.9975025
6991,UNG,0.99102545
6992,LATS2,0.9954189
6993,LYSMD2,0.97876114
6994,NOL6,0.9942156
6995,TGM4,0.93952364
6996,FAHD1,0.99264085
6997,COG8,0.9869726
6998,NKAP,0.9847299
6999,ANKRD36,0.9896041
7000,NAP1L5,0.9950716
7001,GLMN,0.9816926
7002,BLVRB,0.9782763
7003,MICALL1,0.9797454
7004,PLEKHA8,0.99588966
7005,PGM2,0.9972253
7006,FBXL20,0.9923055
7007,CDK3,0.9939686
7008,JAG2,0.97947013
7009,OSMR,0.9931471
7010,FKBP15,0.9749669
7011,RBPMS2,0.9897045
7012,WDR44,0.9755089
7013,AMOTL2,0.996321
7014,MFHAS1,0.9891562
7015,TMEM250,0.9930723
7016,OTULIN,0.9973073
7017,ISL1,0.9985836
7018,CARMIL1,0.98602414
7019,ITSN2,0.9797121
7020,PINK1,0.9926959
7021,ANG,0.9982508
7022,EEF1A2,0.99054456
7023,MFAP3,0.97540754
7024,MASP1,0.9920585
7025,SNAPC1,0.99295163
7026,KAT14,0.99319476
7027,CLGN,0.9883074
7028,TRIM23,0.99460846
7029,C3orf38,0.98661566
7030,TADA2A,0.98798656
7031,ATPAF2,0.9669546
7032,HEMK1,0.9921421
7033,COL12A1,0.9948101
7034,SFT2D3,0.99405503
7035,RTL6,0.99498844
7036,DLAT,0.992891
7037,KIAA1958,0.9971082
7038,YEATS4,0.98583364
7039,KIN,0.989637
7040,FASTKD3,0.98570615
7041,REV3L,0.9975579
7042,LYRM4,0.99399054
7043,BID,0.9901586
7044,HMBS,0.9947856
7045,CDK17,0.99162257
7046,APOBEC3F,0.99193937
7047,PLEKHA2,0.9979785
7048,FGFR2,0.99793166
7049,ITGB2,0.99664253
7050,LRSAM1,0.99019486
7051,MAP2K6,0.9949638
7052,TGFB2,0.991585
7053,ARMCX6,0.9847348
7054,IRX4,0.98481596
7055,SRRM1,0.9958731
7056,ZNF706,0.99400735
7057,CCDC82,0.995764
7058,PARP11,0.9793734
7059,BTG3,0.9968765
7060,BIRC3,0.9984208
7061,RAPGEF2,0.99020654
7062,KIAA1549,0.97939795
7063,BEND3,0.9973895
7064,RCHY1,0.99444836
7065,NEURL1B,0.9726774
7066,SLC35A2,0.99333894
7067,INPP5F,0.97949886
7068,DLG3,0.9671628
7069,CD14,0.99362624
7070,OXCT1,0.9862205
7071,C6orf226,0.9888642
7072,BIN3,0.99832094
7073,RFX3,0.9815445
7074,ATP13A2,0.9886467
7075,FRZB,0.9959725
7076,TCP11L1,0.9962808
7077,MAD1L1,0.9888274
7078,CARF,0.9903464
7079,VARS2,0.9783454
7080,PARP3,0.9947836
7081,PLEKHA7,0.99189687
7082,ACCS,0.99239033
7083,SNX16,0.99776924
7084,ZDHHC7,0.9891497
7085,NQO2,0.99154896
7086,SIKE1,0.9935775
7087,SLC26A6,0.9926434
7088,CRYZ,0.98116493
7089,C17orf80,0.9905704
7090,HSPA14,0.99139804
7091,METTL16,0.9888263
7092,URM1,0.99354935
7093,PCGF5,0.99736637
7094,FBXW8,0.99503005
7095,PID1,0.9977765
7096,NT5DC3,0.98933667
7097,TTC33,0.9934686
7098,KCNH8,0.9950154
7099,IFT140,0.9958616
7100,UBALD2,0.9951646
7101,PTCD1,0.98812366
7102,PAIP2B,0.99520284
7103,DBP,0.9972822
7104,TRIM66,0.9922346
7105,SSBP4,0.9859332
7106,ZNF467,0.9932961
7107,EED,0.98237044
7108,IFI44,0.99688023
7109,KCNS3,0.9878245
7110,ANKRD54,0.99551547
7111,AGPS,0.9948041
7112,PDK4,0.9900068
7113,UCK2,0.9869615
7114,ATG3,0.9894669
7115,MPEG1,0.9977442
7116,ZNF14,0.992951
7117,ZMYM3,0.9933011
7118,ZNF589,0.9970773
7119,UVRAG,0.9928109
7120,IFT88,0.99105674
7121,UBAP2,0.9876662
7122,SMYD3,0.9887783
7123,PTPRD,0.9832696
7124,ZNF236,0.9945773
7125,IRS2,0.97346294
7126,MYO9B,0.9886624
7127,HSDL2,0.9860847
7128,POLR3A,0.98866206
7129,JPH2,0.9841865
7130,AMMECR1L,0.9819063
7131,UBXN11,0.9922175
7132,ZNF143,0.9903282
7133,SMIM27,0.991947
7134,DCP1B,0.9969521
7135,EFEMP1,0.99656826
7136,AMPD2,0.9889242
7137,ADAL,0.9845508
7138,PCDHB5,0.99454534
7139,TNS3,0.998143
7140,LRATD2,0.98534596
7141,ZW10,0.9961713
7142,PUS1,0.99017143
7143,TUBE1,0.9943273
7144,FGD4,0.994177
7145,TACO1,0.9877711
7146,RASAL2,0.99461454
7147,ARHGEF2,0.9954762
7148,NPAT,0.98808277
7149,FBF1,0.99815834
7150,SLCO2B1,0.99521565
7151,DPY19L1,0.9973816
7152,ALKBH6,0.9901915
7153,DDX51,0.9578682
7154,SLC39A8,0.99224174
7155,PLEKHM3,0.9766701
7156,TBL3,0.98670244
7157,RNF180,0.9957674
7158,RNF8,0.989931
7159,DCP2,0.95966685
7160,TNFAIP1,0.9778331
7161,CELSR1,0.99683505
7162,CTSC,0.9901663
7163,TCHP,0.9940452
7164,TLCD5,0.9956626
7165,PPID,0.9935014
7166,ZNF524,0.9804372
7167,ZMAT5,0.9921873
7168,MUSTN1,0.99252754
7169,SULF2,0.9975574
7170,CENPS,0.9886188
7171,PXK,0.9867431
7172,SLC25A29,0.994252
7173,PAPOLG,0.98672056
7174,IFT52,0.9819775
7175,FOXO4,0.9940927
7176,CYFIP2,0.9958305
7177,ZNF25,0.993607
7178,ACE,0.98281634
7179,NXT1,0.9944385
7180,NUDCD1,0.9931869
7181,C21orf91,0.99329954
7182,ZCCHC9,0.96763855
7183,RMDN1,0.9953728
7184,SLC35C1,0.9942433
7185,ARHGAP29,0.9882432
7186,FAM3D,0.98746777
7187,LRRC8D,0.9847324
7188,STK38,0.993433
7189,RIOK2,0.9972543
7190,C1QTNF1,0.997397
7191,SSC5D,0.9900028
7192,COQ10B,0.98095214
7193,MEX3A,0.9958781
7194,MSRB1,0.98834753
7195,RAB11FIP5,0.99043554
7196,CAD,0.98378867
7197,GIT2,0.9912825
7198,C9orf72,0.9878295
7199,XPNPEP3,0.99249816
7200,ZNF780A,0.9952898
7201,RNF24,0.9932606
7202,ZNRF1,0.99316084
7203,PTPMT1,0.99455965
7204,MDP1,0.98540646
7205,SSH1,0.98587894
7206,IRF2BPL,0.9854548
7207,LPIN1,0.9939823
7208,RABIF,0.98466825
7209,DOP1A,0.9972253
7210,RSBN1,0.98780966
7211,ISG20,0.99588245
7212,CCDC61,0.99163365
7213,CRABP2,0.9974751
7214,SLX4IP,0.9921359
7215,TP53I13,0.9671448
7216,CCDC59,0.992889
7217,LIMK1,0.9790828
7218,CASTOR1,0.98293304
7219,PHAX,0.9904772
7220,PLCB1,0.9948245
7221,SNRNP48,0.9959052
7222,SINHCAF,0.98758376
7223,ASAP1,0.9932387
7224,TAF2,0.9723212
7225,ALG6,0.9873125
7226,CRB3,0.995704
7227,NOC4L,0.9895048
7228,ENTPD2,0.99098915
7229,FRAT2,0.99655455
7230,FANCF,0.98873734
7231,GGT7,0.994715
7232,TRGJP2,0.9874797
7233,TTC23,0.99633294
7234,FADS3,0.9939396
7235,CDS1,0.9893025
7236,F2R,0.9981241
7237,COX19,0.9764921
7238,AGTR1,0.97126997
7239,ZFP30,0.93965065
7240,ISOC1,0.97683465
7241,COX18,0.9852679
7242,LBHD1,0.9800817
7243,ATP6V0E2,0.97960114
7244,CDC25B,0.99864155
7245,ARRB2,0.99007595
7246,CFAP20,0.9935803
7247,C4orf48,0.99022895
7248,ZNF516,0.9877073
7249,AIF1,0.99449056
7250,PPIL3,0.9898104
7251,IER5,0.9906582
7252,TSNARE1,0.99449176
7253,TMEM223,0.9833163
7254,POLG2,0.9945891
7255,RBM12B,0.9859786
7256,P3H3,0.9970647
7257,ELL,0.98008794
7258,ZNF117,0.98919696
7259,PPP3CC,0.99797034
7260,RIPK4,0.9939208
7261,ASH2L,0.9837437
7262,SMCR8,0.9802676
7263,RIC8B,0.9932436
7264,UBA6,0.953144
7265,EMSY,0.9750908
7266,SKAP2,0.993742
7267,PLD2,0.9920408
7268,KIZ,0.98507833
7269,THG1L,0.98986083
7270,TAPBPL,0.9894194
7271,LMCD1,0.98690385
7272,VSIG2,0.99804616
7273,DUSP7,0.9915471
7274,NDUFAF7,0.9928731
7275,LRIG2,0.9877975
7276,PPM1M,0.99444765
7277,DNASE1,0.9898841
7278,KMT5C,0.98656046
7279,TRMT44,0.98623115
7280,FUZ,0.9932995
7281,EPS8,0.98566264
7282,RRP15,0.99171174
7283,GABRE,0.99479634
7284,ACP5,0.9886029
7285,PTGIS,0.9956568
7286,ZFP28,0.97343016
7287,WDR25,0.9870021
7288,CDC37L1,0.9898671
7289,R3HCC1L,0.9888372
7290,ZBTB43,0.99043906
7291,C19orf47,0.9852544
7292,NSUN7,0.99445367
7293,ELP4,0.983973
7294,WARS2,0.9914203
7295,NTHL1,0.99672985
7296,NUP50,0.987543
7297,ADAMTS2,0.97508925
7298,VANGL1,0.98713934
7299,ZNF738,0.98323554
7300,PCDHGA5,0.98527473
7301,CPXM2,0.9931473
7302,RNF208,0.9924664
7303,KATNA1,0.9824143
7304,ACVR2B,0.9916221
7305,EIF2B2,0.99346
7306,MBD4,0.992262
7307,THBS2,0.9865184
7308,ATOH8,0.9881481
7309,COA5,0.98614246
7310,CPVL,0.9882388
7311,GGPS1,0.9949329
7312,NUDT14,0.98440063
7313,NUP107,0.9917006
7314,MED19,0.9857953
7315,PXYLP1,0.9915133
7316,ARID5A,0.9837028
7317,CSF1,0.9977395
7318,THADA,0.99062985
7319,FAM241A,0.9906391
7320,ECRG4,0.97933966
7321,E2F5,0.9932368
7322,LRRC57,0.99166584
7323,IGSF21,0.99348557
7324,IMPA1,0.9906603
7325,HEATR6,0.9975438
7326,PLA2G4F,0.97209096
7327,RAP1GDS1,0.97595423
7328,CHD7,0.98941135
7329,RASSF4,0.99700314
7330,SPRY2,0.9977054
7331,TAMM41,0.9890928
7332,MLLT10,0.9078139
7333,NOC3L,0.9908164
7334,RHOQ,0.99343866
7335,NFATC4,0.99589497
7336,TFAP2C,0.99182487
7337,AP4M1,0.9729739
7338,CACNB2,0.9955134
7339,FGFR3,0.98604566
7340,PFKFB2,0.9954653
7341,TFF1,0.99065644
7342,GNB5,0.9933455
7343,MAP3K1,0.98356616
7344,LIG1,0.9913136
7345,EARS2,0.99709606
7346,NLE1,0.9898908
7347,SIRT6,0.99253297
7348,SLC35A1,0.99598014
7349,EIPR1,0.99300945
7350,LINS1,0.9851934
7351,GLRX3,0.98105973
7352,DCPS,0.9760451
7353,RGS17,0.9930335
7354,CDRT4,0.9958584
7355,MOSPD2,0.992836
7356,SLCO5A1,0.9962915
7357,KBTBD7,0.992985
7358,GABRB3,0.9833795
7359,GRHL1,0.9860489
7360,PAIP1,0.98015493
7361,SLC45A4,0.98997134
7362,AGK,0.9846718
7363,RBSN,0.97647387
7364,ZNF608,0.99105275
7365,FUCA2,0.9934729
7366,ADCY3,0.9918282
7367,KAZN,0.9895358
7368,MYO9A,0.9974583
7369,UBOX5,0.9910185
7370,ELP3,0.99093556
7371,PTPRU,0.9956583
7372,CCDC127,0.98946065
7373,SPOCK3,0.99800456
7374,CCNT1,0.9879551
7375,ZNF343,0.97825277
7376,ADGRE5,0.9927031
7377,TRMT12,0.9832263
7378,ATRIP,0.992446
7379,ASB13,0.99594843
7380,CAAP1,0.97917056
7381,HMGCR,0.987121
7382,SLC12A9,0.9831388
7383,CASP9,0.9946853
7384,ARHGAP26,0.99783564
7385,RNF25,0.9495039
7386,FANCL,0.98864216
7387,MOSPD3,0.98853916
7388,ANPEP,0.98941153
7389,MMGT1,0.9814606
7390,FRK,0.96928394
7391,AJUBA,0.99612015
7392,ECM1,0.9988662
7393,NAA16,0.98867184
7394,SFXN3,0.99444056
7395,RAB11FIP4,0.98899376
7396,CELF2,0.9961059
7397,RRS1,0.98473775
7398,PODXL,0.996882
7399,BBS7,0.96662664
7400,METRN,0.98312324
7401,FNTB,0.9874511
7402,NR3C2,0.99386835
7403,CACFD1,0.9950726
7404,MEGF9,0.9867848
7405,PTRH1,0.9906449
7406,MDFI,0.993673
7407,ZNF10,0.991802
7408,CROT,0.9820451
7409,DNAJC9,0.99138355
7410,TRAF3IP2,0.97834045
7411,BRAF,0.98991096
7412,FAM98A,0.9883233
7413,KRBA1,0.9940445
7414,ALOX5,0.98498374
7415,RECK,0.9819706
7416,CCDC71,0.9886199
7417,SELENOI,0.98973376
7418,NRP2,0.99730444
7419,PDP1,0.9726712
7420,KIF9,0.9960726
7421,C3orf70,0.99663365
7422,GNPAT,0.99124986
7423,JARID2,0.99105555
7424,NRF1,0.990734
7425,PARP16,0.9949665
7426,TOX3,0.9917038
7427,UNC119,0.987673
7428,CDCP1,0.99515617
7429,PKP2,0.99232066
7430,SHANK3,0.9985375
7431,LYRM2,0.98738945
7432,STX19,0.9970369
7433,CMTM8,0.9948387
7434,GAPVD1,0.98689955
7435,TMTC2,0.99275184
7436,TRMT61B,0.990983
7437,CHRNA2,0.9887927
7438,HIC1,0.99870896
7439,ZC3HC1,0.9841176
7440,POPDC2,0.9810518
7441,HMCES,0.98394716
7442,CCDC24,0.9934591
7443,CDIP1,0.9981441
7444,ITSN1,0.9801733
7445,ZNF697,0.9851168
7446,IFFO2,0.9753017
7447,MTRES1,0.9783027
7448,DNMBP,0.9890099
7449,C12orf29,0.991331
7450,GOLIM4,0.99559116
7451,ERMP1,0.9934463
7452,MCC,0.99846417
7453,CCNH,0.99040717
7454,MTIF2,0.91410094
7455,PCDHGA9,0.9875571
7456,FAHD2B,0.9949074
7457,ZNF385A,0.99503934
7458,METTL8,0.9888972
7459,BMP1,0.99539316
7460,ZNF605,0.9670705
7461,TAFA5,0.98746324
7462,C9orf64,0.9938606
7463,ANGEL2,0.9858998
7464,SRPK1,0.9874862
7465,SLC38A7,0.9799427
7466,RECQL5,0.9751159
7467,TGS1,0.9739834
7468,PBLD,0.99177885
7469,DHDDS,0.9925998
7470,ATG2A,0.9835791
7471,CNTLN,0.980166
7472,RAB40C,0.9907669
7473,MAP6,0.9849951
7474,ZNF253,0.9944964
7475,YPEL2,0.9912376
7476,SDHAF4,0.9911644
7477,KDM7A,0.9953684
7478,TSEN2,0.99234635
7479,MGME1,0.97670203
7480,LIN7B,0.99230826
7481,PEX14,0.9913876
7482,HAT1,0.9851757
7483,COPS8,0.98991525
7484,GPRC5A,0.98380107
7485,ZNF174,0.9938697
7486,OSGIN2,0.991411
7487,PTPN9,0.986587
7488,NR4A3,0.98565465
7489,DNAL1,0.98898846
7490,GNA12,0.9889822
7491,ENDOG,0.98288584
7492,TRAF3,0.9945137
7493,CDC23,0.9680617
7494,PCDHB16,0.9916834
7495,MUC1,0.9738678
7496,RFC2,0.9871102
7497,FARS2,0.9912078
7498,PTPN6,0.99261147
7499,ARNT2,0.99484205
7500,ZNF212,0.9831462
7501,MBD3,0.9773591
7502,PPTC7,0.9978753
7503,WDR12,0.9906572
7504,CISD1,0.9964685
7505,ZFP41,0.99114066
7506,TRIB3,0.98798585
7507,MAD2L1BP,0.99219203
7508,SCAMP3,0.9862992
7509,WDR59,0.9929536
7510,EPDR1,0.9953868
7511,PPFIA2,0.9854933
7512,ZNRF3,0.9836565
7513,ARMC7,0.98634654
7514,HAUS3,0.9949259
7515,BPGM,0.95768005
7516,SERPINB11,0.9925009
7517,TNFRSF19,0.9810649
7518,NBEA,0.98247755
7519,TUB,0.9938388
7520,PLPP6,0.99547225
7521,APOBEC3C,0.9927363
7522,ETAA1,0.9944507
7523,SLC41A1,0.99514735
7524,ZNF136,0.9707407
7525,PKNOX1,0.99093854
7526,FEV,0.9928935
7527,TTC27,0.98684967
7528,RIDA,0.9936335
7529,TET3,0.9950748
7530,FAT4,0.99789757
7531,CXorf38,0.9910752
7532,CD93,0.99254376
7533,SLC66A3,0.99718976
7534,GRK6,0.9881502
7535,ZBTB41,0.9937845
7536,CTDP1,0.9970787
7537,PHGR1,0.98945457
7538,ZNF197,0.9809797
7539,ABHD8,0.9873675
7540,ABCA3,0.98239774
7541,LYSMD3,0.99088126
7542,KCTD18,0.9854736
7543,STARD4,0.987975
7544,LRRK1,0.99094045
7545,TRMT5,0.9448394
7546,GAS8,0.99116343
7547,WHRN,0.9801453
7548,PAK6,0.9962765
7549,ZNF180,0.987104
7550,MUL1,0.9910798
7551,BFAR,0.9712605
7552,PRIMPOL,0.9929869
7553,CEACAM1,0.9981001
7554,CC2D2A,0.9965309
7555,SLC35B4,0.95806074
7556,RPP30,0.9780333
7557,SLC19A1,0.9779141
7558,FOXF1,0.9933417
7559,INPP4B,0.9972956
7560,CEP104,0.98722655
7561,CKLF,0.9846868
7562,PSMG1,0.9844719
7563,RIN3,0.99640334
7564,TOPORS,0.9883421
7565,WDFY2,0.98196113
7566,ZNF704,0.9903506
7567,IPO11,0.9927292
7568,PDZD4,0.9918932
7569,INPP1,0.9929132
7570,ERCC8,0.97975147
7571,NR1H3,0.990091
7572,PEX3,0.98330814
7573,EYA3,0.9956549
7574,ARHGAP23,0.9797614
7575,TSC1,0.9960119
7576,DCBLD2,0.99492615
7577,AGL,0.99531186
7578,SIAE,0.9950105
7579,BTN3A2,0.99800336
7580,LMTK3,0.9836089
7581,TMTC3,0.9869319
7582,BICDL1,0.98828685
7583,SLC7A2,0.99089426
7584,KDM1B,0.99208695
7585,SMO,0.98941046
7586,STXBP6,0.98930335
7587,XPR1,0.98560166
7588,PRKCE,0.9967543
7589,STAB1,0.9929135
7590,TOX2,0.9942385
7591,GPC4,0.9979496
7592,HSF2,0.9929889
7593,BNC2,0.9912922
7594,CPOX,0.9795481
7595,QPCTL,0.9932325
7596,UNC80,0.99298894
7597,HCCS,0.9670506
7598,ST3GAL3,0.99133825
7599,BTN3A1,0.99219286
7600,VPS37A,0.99546987
7601,KCTD9,0.9954714
7602,PARP14,0.99378186
7603,TFB2M,0.9871823
7604,NUP35,0.95937383
7605,RBBP5,0.99191535
7606,ARL6IP6,0.98184764
7607,DPCD,0.99100703
7608,MCPH1,0.99696213
7609,DNALI1,0.9817483
7610,PIGQ,0.9823819
7611,LRRC7,0.9968377
7612,ZNF347,0.99231666
7613,METTL6,0.99037576
7614,GATC,0.97375417
7615,SCAMP5,0.98766655
7616,HMGA1,0.98984
7617,CD40,0.9967269
7618,MSMO1,0.9708893
7619,MST1,0.98645926
7620,NLRX1,0.9949986
7621,L2HGDH,0.9861922
7622,TMEM60,0.9930939
7623,DHX58,0.9910472
7624,MUC12,0.98524624
7625,NXPE3,0.98219234
7626,TRMT10B,0.98590124
7627,DGKQ,0.9870907
7628,TIAM1,0.99563295
7629,PDK3,0.983503
7630,VILL,0.9965315
7631,HDAC8,0.9780296
7632,GCLM,0.9899722
7633,ZNF558,0.9858147
7634,METTL21A,0.996479
7635,RBMS3,0.9959273
7636,NPTXR,0.98643935
7637,CTTNBP2NL,0.99763036
7638,BLOC1S3,0.9937719
7639,CDC42EP2,0.99202037
7640,TSEN15,0.9958761
7641,EML5,0.9957117
7642,TFAP4,0.9858078
7643,LSG1,0.98080164
7644,NTNG2,0.99047583
7645,TULP3,0.97649527
7646,TGFB3,0.98997253
7647,PEAK1,0.9818919
7648,DENND3,0.9891448
7649,ACAA2,0.995763
7650,SLC7A6,0.98825014
7651,DTNBP1,0.99528146
7652,C12orf43,0.98916775
7653,NMRK1,0.97934103
7654,CDKN2AIP,0.980512
7655,ING2,0.98997253
7656,ABRAXAS1,0.9957991
7657,TAS2R14,0.9917009
7658,BCAS4,0.99118036
7659,SLC25A42,0.9888319
7660,CCL19,0.98879135
7661,C19orf33,0.99623257
7662,CEP128,0.9901508
7663,HSD11B2,0.9842355
7664,CRIP1,0.9876261
7665,YAE1,0.9875804
7666,STYXL1,0.98229253
7667,ENPP2,0.9980543
7668,ZNF678,0.99552804
7669,NABP1,0.99816984
7670,HAUS6,0.9931892
7671,COL8A1,0.9907496
7672,ALKBH4,0.9829865
7673,DENND6B,0.98578864
7674,ORC3,0.974633
7675,NAPB,0.970698
7676,ZBTB5,0.98103315
7677,TSHZ1,0.9908286
7678,GYG1,0.9963889
7679,STAT5A,0.9978045
7680,PEPD,0.9902808
7681,COG2,0.9783014
7682,P2RY11,0.993408
7683,FCHSD1,0.9974364
7684,STX2,0.9922482
7685,SAP30,0.9887512
7686,KLHL2,0.99497676
7687,PIR,0.9897139
7688,AP5S1,0.9902246
7689,HAX1,0.9894491
7690,MDC1,0.98458064
7691,FANCC,0.99358916
7692,DDR2,0.99800915
7693,IPPK,0.99000627
7694,EMC8,0.99437237
7695,TBXAS1,0.99576205
7696,SP100,0.99800354
7697,SPATA2,0.98746765
7698,DPM2,0.9862243
7699,BBS5,0.99407285
7700,UBA7,0.9882837
7701,DBR1,0.986982
7702,DHRS7B,0.99551654
7703,MRM2,0.99201435
7704,SNUPN,0.9784588
7705,TIRAP,0.9866304
7706,ESR1,0.99775696
7707,TDP1,0.9885362
7708,PLAGL1,0.9980598
7709,YDJC,0.99175096
7710,LCAT,0.99162894
7711,ATP7B,0.99601537
7712,SDHAF3,0.99183595
7713,ZNF574,0.98948526
7714,DTYMK,0.9948103
7715,C2CD3,0.99246377
7716,TNIK,0.9878373
7717,SCARA3,0.964686
7718,DIPK2A,0.9909801
7719,SPRYD7,0.97913045
7720,METTL14,0.9755541
7721,FAM219A,0.994374
7722,ZBTB6,0.98861647
7723,FAM107A,0.97408164
7724,PPP1R8,0.96407044
7725,FHOD3,0.9779738
7726,SLC17A5,0.9853043
7727,RBM41,0.9874147
7728,ANKRD27,0.9804046
7729,ZNF585B,0.97721124
7730,PIP4P1,0.99149626
7731,SNX11,0.9842876
7732,GABPB1,0.9820412
7733,TICAM1,0.9883553
7734,KLHL8,0.9923166
7735,IRS1,0.9938297
7736,TUT1,0.987882
7737,CASP7,0.984443
7738,PAAF1,0.9910643
7739,MTMR1,0.98916686
7740,BGLAP,0.979731
7741,CCDC102A,0.99588495
7742,ZNF283,0.983833
7743,TEP1,0.9896528
7744,CORO7,0.9891534
7745,KDM2B,0.9937842
7746,PAK1,0.99165344
7747,SNED1,0.98708534
7748,PRR3,0.99267477
7749,RBM38,0.99881953
7750,TOP3B,0.99368954
7751,PDGFC,0.99333346
7752,FUT8,0.99186283
7753,SMYD5,0.9890472
7754,ORAI1,0.9908745
7755,CYP2U1,0.98634505
7756,PTPRB,0.9901998
7757,ZSCAN16,0.99448556
7758,TAB3,0.9887801
7759,DHRS11,0.9938529
7760,NT5C,0.99688315
7761,CYBB,0.9958506
7762,MIS12,0.99670744
7763,ZFY,0.9853741
7764,PUS7,0.9784141
7765,ZCCHC2,0.99514407
7766,GLT8D2,0.9974414
7767,CPM,0.98976934
7768,MLYCD,0.98052543
7769,KNSTRN,0.99527043
7770,KCNK1,0.98633355
7771,MPHOSPH9,0.9936473
7772,MAFG,0.9915954
7773,RNGTT,0.9712845
7774,SNX29,0.99400365
7775,CEPT1,0.9844538
7776,ITGB3BP,0.98341465
7777,ZNF441,0.9879545
7778,PITPNM1,0.9851049
7779,PDE6D,0.99001145
7780,TMEM42,0.9954373
7781,RAP2C,0.99643964
7782,GPN3,0.99128205
7783,PCGF1,0.9895984
7784,HDAC4,0.98730636
7785,KIAA2026,0.9826787
7786,PAQR3,0.990101
7787,TASP1,0.9885381
7788,PAQR4,0.9948418
7789,CEP131,0.99351615
7790,BCL10,0.9671859
7791,UEVLD,0.9829432
7792,LMO3,0.9839754
7793,RALGPS2,0.96683306
7794,USP10,0.97425616
7795,SDSL,0.9777583
7796,ZFAND2A,0.98816836
7797,ALG14,0.98680663
7798,PPT2,0.99042183
7799,MAP9,0.99294955
7800,CIB2,0.99057865
7801,REST,0.98939216
7802,COQ2,0.9917172
7803,CARHSP1,0.98970973
7804,TTC28,0.99344355
7805,LAGE3,0.9894699
7806,PDE11A,0.9962685
7807,HELLS,0.96367764
7808,TMEM164,0.99126685
7809,PHLDA3,0.99445504
7810,ZNF844,0.99488693
7811,PRKAR2B,0.9957405
7812,CHN1,0.9930234
7813,EFEMP2,0.99734133
7814,SRI,0.9769202
7815,MSRA,0.98377496
7816,RAMP3,0.9932024
7817,RNF2,0.98184353
7818,DCHS1,0.998424
7819,SHLD1,0.9736374
7820,CCDC28A,0.9916237
7821,DNAJC24,0.98568684
7822,CPPED1,0.99641937
7823,DERA,0.99421203
7824,ARL4C,0.9914093
7825,MVB12B,0.9931092
7826,TRIM39,0.99148375
7827,ZSCAN29,0.9927229
7828,PEX16,0.9859015
7829,FBXO31,0.99275386
7830,ZSCAN21,0.9932879
7831,POU2F1,0.9856754
7832,SFRP2,0.9803244
7833,ABLIM3,0.9835528
7834,TMEM178B,0.9966323
7835,ATP1A2,0.99747837
7836,TRIM21,0.995565
7837,CCDC30,0.98012173
7838,HIVEP2,0.97489613
7839,PCDHGB2,0.9739574
7840,LONRF2,0.9864349
7841,RAD52,0.98264897
7842,IGSF3,0.995258
7843,PPIC,0.9708759
7844,ZCCHC8,0.99076355
7845,METTL25,0.9768528
7846,FES,0.99635834
7847,CD53,0.9938897
7848,CHRDL1,0.99478483
7849,ZNF765,0.9943343
7850,MXD3,0.9915895
7851,PARD6B,0.9880196
7852,FUT11,0.98317564
7853,VTA1,0.9938823
7854,POLE,0.9923505
7855,ZC4H2,0.9915648
7856,STS,0.99204504
7857,CETN3,0.9871551
7858,ZSCAN26,0.99079645
7859,BICDL2,0.9893838
7860,SH3BGR,0.99617684
7861,BACH1,0.97151685
7862,PHLPP1,0.9949899
7863,TMOD1,0.99650794
7864,DPH3,0.9961629
7865,ZNF747,0.9957044
7866,GADD45A,0.9957259
7867,WDR89,0.9875192
7868,MTO1,0.9841989
7869,KLF11,0.9206358
7870,HEATR3,0.9925279
7871,DIPK1A,0.9963393
7872,HCLS1,0.9978074
7873,PIBF1,0.9822523
7874,ZBTB14,0.97796774
7875,ERLIN1,0.9901491
7876,TMEM91,0.96281135
7877,TNFAIP3,0.9829606
7878,STRADA,0.9768971
7879,TRIM47,0.98305726
7880,MLH1,0.98284227
7881,TMEM132A,0.9949933
7882,MAN1A1,0.99377346
7883,ZDHHC12,0.984289
7884,NOXA1,0.98897517
7885,VSIR,0.99270445
7886,TMEM178A,0.9954484
7887,DALRD3,0.99305356
7888,SGCE,0.9960707
7889,SHISA4,0.994776
7890,P3H2,0.99683064
7891,SETD1A,0.98677623
7892,PRPF40B,0.99401337
7893,ZDHHC24,0.9904774
7894,TBCC,0.9873253
7895,KL,0.98606163
7896,GDPGP1,0.9733161
7897,EXTL2,0.99255586
7898,VIPAS39,0.9930996
7899,SYS1,0.9818281
7900,KPNA5,0.971568
7901,MED26,0.97377276
7902,RARRES1,0.98420066
7903,IL17RA,0.9957419
7904,NDUFAF5,0.98173785
7905,KLHDC8B,0.98695153
7906,ZNF250,0.98830354
7907,CASKIN2,0.9732205
7908,IGSF9B,0.99088216
7909,MDN1,0.9790524
7910,PIGZ,0.9946218
7911,TMEM62,0.9898763
7912,ZNF16,0.9898654
7913,SPRED1,0.993188
7914,YARS2,0.9965253
7915,ZNF446,0.98546594
7916,TPST2,0.9946109
7917,BLOC1S4,0.99013907
7918,ELMO3,0.9923045
7919,SNCG,0.99160945
7920,ELK3,0.9890015
7921,ZNF200,0.9811659
7922,B3GALNT1,0.9892033
7923,PIK3C2B,0.99676126
7924,C19orf25,0.983716
7925,ACACB,0.984658
7926,GRB10,0.9925983
7927,DDX59,0.97649324
7928,FAM210A,0.97657436
7929,GJC1,0.98353666
7930,TMEM44,0.99358195
7931,HIVEP3,0.9847833
7932,DBNDD2,0.9955952
7933,SEC31B,0.94127476
7934,SLC43A2,0.98377264
7935,PIK3CA,0.9851576
7936,ZNF333,0.9883244
7937,FCF1,0.9850313
7938,MAP3K3,0.9905919
7939,ARHGAP39,0.9913691
7940,CA5B,0.991171
7941,TBC1D25,0.9919112
7942,MAP2K5,0.9911958
7943,ZNF346,0.9861306
7944,RTN2,0.9927777
7945,NAT14,0.99151444
7946,AIF1L,0.99346596
7947,SMUG1,0.99557495
7948,SPI1,0.9950796
7949,FASTKD5,0.9744205
7950,PATL1,0.9935201
7951,ACOT7,0.99733263
7952,NFASC,0.9921693
7953,RPUSD1,0.9938683
7954,STN1,0.9964869
7955,PROSER3,0.9857886
7956,STC2,0.99296725
7957,DYNC2H1,0.9762554
7958,DENND11,0.99429035
7959,TRIP4,0.98890305
7960,SYTL2,0.98651206
7961,GPC6,0.99738175
7962,ACVR1,0.9909792
7963,MSI1,0.99549305
7964,BPHL,0.99035144
7965,TARS2,0.9947644
7966,SAMD4A,0.9865867
7967,SLPI,0.9893235
7968,GLE1,0.9871847
7969,PDE8A,0.98480934
7970,SMCO3,0.9976696
7971,RWDD3,0.96621954
7972,SPEF2,0.994089
7973,MSANTD4,0.99282545
7974,PRMT3,0.99144244
7975,PAMR1,0.996242
7976,ANO8,0.99145097
7977,KPNA2,0.9747448
7978,ARL5B,0.99037856
7979,PRIM2,0.99663794
7980,ILDR1,0.99315816
7981,SLC35D1,0.990186
7982,MSH3,0.9720218
7983,RPAP3,0.99104166
7984,SH3KBP1,0.9924997
7985,CTHRC1,0.9912897
7986,ATP2A3,0.9851709
7987,WDR19,0.99108636
7988,ZNF431,0.9882244
7989,MBTPS2,0.985263
7990,SEPSECS,0.9802967
7991,ZNF213,0.9950572
7992,RNF113A,0.9852671
7993,CDK5RAP1,0.98021966
7994,NUDT11,0.9929537
7995,GON7,0.97363824
7996,ZNF830,0.9886848
7997,PPP1R13L,0.9871392
7998,DCLK1,0.9737748
7999,TATDN3,0.99472165
8000,ZNF211,0.9800833
8001,BTN3A3,0.9917407
8002,USP46,0.9870565
8003,TWIST2,0.99233264
8004,KCTD7,0.98039484
8005,FASTKD1,0.98924875
8006,FAM114A2,0.9750078
8007,ZNF181,0.9899911
8008,CHIC1,0.99152327
8009,NECTIN4,0.98794365
8010,SRGAP1,0.99313265
8011,ZNF689,0.98828894
8012,LPIN3,0.9963259
8013,ZNF672,0.9815421
8014,ABTB2,0.9891904
8015,CEP57L1,0.9888898
8016,PLCH2,0.9977054
8017,FLT3LG,0.9890043
8018,PROS1,0.9610759
8019,TRIM45,0.99091893
8020,TRMO,0.9923661
8021,NLN,0.9789762
8022,STMN1,0.97697854
8023,L3MBTL1,0.9950627
8024,EPB41L2,0.98969007
8025,ITGA11,0.99651587
8026,CREBRF,0.9835075
8027,MOK,0.99525684
8028,ZNRF2,0.9889304
8029,AP3M2,0.9859211
8030,SUSD1,0.99039865
8031,CYP2R1,0.9862918
8032,TOGARAM1,0.9900195
8033,GPATCH1,0.9896278
8034,DENND1B,0.98573184
8035,SLC15A2,0.9938753
8036,MORN4,0.9854784
8037,PGBD2,0.9858847
8038,ZFYVE1,0.9671809
8039,PLEKHG5,0.9946939
8040,CNNM4,0.9875567
8041,LYRM7,0.9816575
8042,EFCAB2,0.9907676
8043,CDYL,0.991047
8044,PCDHB2,0.9854004
8045,HSBP1L1,0.9721241
8046,MIF4GD,0.99205834
8047,CDH26,0.99632627
8048,CENPP,0.99296296
8049,PPOX,0.99357957
8050,AP1S3,0.980962
8051,WDR35,0.98935246
8052,PARD3B,0.9780415
8053,SP110,0.99754447
8054,RMND1,0.9954997
8055,FLYWCH2,0.9821477
8056,PDE3A,0.9971503
8057,ACADL,0.9554521
8058,CCDC112,0.9893215
8059,HPS6,0.9931421
8060,TEPSIN,0.98679316
8061,SFMBT1,0.98515743
8062,GPKOW,0.9857706
8063,MICU3,0.9649598
8064,ARSB,0.98972493
8065,ZC3HAV1L,0.9927591
8066,JRKL,0.98536205
8067,PSMB9,0.9922382
8068,COCH,0.98059905
8069,LANCL2,0.9939257
8070,RPH3AL,0.9940238
8071,ALG1,0.9879186
8072,AGO4,0.9904186
8073,ZBTB3,0.9925605
8074,DTX2,0.9926751
8075,USP28,0.9793779
8076,PCOLCE2,0.9951861
8077,SAP25,0.9817918
8078,SPON1,0.9987255
8079,NUDT15,0.9787886
8080,ATG10,0.98804003
8081,COPZ2,0.99516565
8082,MICALL2,0.9905848
8083,MCM8,0.9921127
8084,CHM,0.9778733
8085,FOXC1,0.9961976
8086,PCYOX1L,0.9903843
8087,OSBPL5,0.98804235
8088,ABCC3,0.97042245
8089,ZNF805,0.98084754
8090,ZFYVE26,0.9911965
8091,TMEM65,0.991651
8092,ZNF595,0.9731978
8093,EXOC2,0.98154116
8094,NSL1,0.99196994
8095,MDM1,0.9926106
8096,SRBD1,0.96164864
8097,TTL,0.98780805
8098,ZNF777,0.99283224
8099,TIMM23,0.9845309
8100,NDUFAF6,0.98927456
8101,POLR3GL,0.95949566
8102,CDH3,0.9688558
8103,C11orf52,0.9844672
8104,ABCA7,0.989724
8105,TSPAN33,0.9668175
8106,MANEA,0.98374695
8107,L3MBTL3,0.9882833
8108,MTHFSD,0.99410367
8109,SLC35E3,0.9497312
8110,PDCD2,0.9900865
8111,GMEB1,0.98756963
8112,HIP1R,0.9942105
8113,ALKBH2,0.95439804
8114,FAM200A,0.9872309
8115,ZNF182,0.9885782
8116,ABHD5,0.98423594
8117,THEMIS2,0.98811096
8118,FBXO36,0.99238646
8119,SEMA6A,0.9496668
8120,RCBTB2,0.9780323
8121,PPP2R3A,0.9731386
8122,STYX,0.9800988
8123,SOCS7,0.9931351
8124,SRD5A2,0.9964723
8125,SLF2,0.9881602
8126,TPRN,0.99304956
8127,LACTB,0.9851099
8128,TWF2,0.99185914
8129,KIF1A,0.9963555
8130,ZNF423,0.9963304
8131,GNA14,0.9902948
8132,MAFB,0.98348194
8133,THAP3,0.99156785
8134,CDK2,0.95985216
8135,BMP4,0.9897668
8136,PPIH,0.9880377
8137,ZNF654,0.98133093
8138,REL,0.98824406
8139,NSG1,0.9831662
8140,TMEM216,0.98943794
8141,ZNF554,0.99031174
8142,NEU3,0.9972328
8143,PXMP4,0.95808345
8144,IFITM1,0.9910397
8145,ACTR5,0.9892471
8146,PHLDA2,0.97360605
8147,MFSD8,0.98854774
8148,IFIH1,0.9819779
8149,DAPK2,0.9937732
8150,ERBIN,0.99328846
8151,SMIM8,0.9895401
8152,RAB20,0.99089456
8153,TMEM186,0.9786397
8154,STMN3,0.9911263
8155,ZNF585A,0.9616947
8156,KIAA0513,0.9564769
8157,GALNT18,0.9755638
8158,MED20,0.98717785
8159,PDZK1IP1,0.9964295
8160,POU6F1,0.9701061
8161,ARHGAP33,0.9894353
8162,FBXL12,0.9768311
8163,TNPO3,0.9894763
8164,DAP3,0.9900879
8165,KALRN,0.9847647
8166,DCLRE1A,0.9940832
8167,DLG4,0.980891
8168,POLA2,0.9862982
8169,TMEM39A,0.97695947
8170,VPS9D1,0.9910919
8171,PLAUR,0.9874794
8172,SMYD4,0.9902869
8173,EGFL7,0.9854608
8174,FCHSD2,0.9927846
8175,HPS3,0.9908275
8176,RNF19B,0.97634137
8177,TBCEL,0.99330664
8178,MAPK8IP1,0.99146193
8179,TEFM,0.9928318
8180,SLC20A2,0.991401
8181,SLC52A3,0.9877124
8182,IZUMO4,0.9905931
8183,EEPD1,0.99066937
8184,DLC1,0.9870522
8185,GBE1,0.98766476
8186,ARMCX5,0.9631231
8187,ZNF383,0.9935673
8188,MTX3,0.9786117
8189,ZBTB8A,0.9662388
8190,ETFDH,0.98782915
8191,SLC27A5,0.99017507
8192,GLT8D1,0.9913437
8193,SNRPE,0.9940027
8194,LRP12,0.9888692
8195,ANOS1,0.9919156
8196,PAFAH2,0.99359787
8197,ZNF142,0.98320335
8198,MYRIP,0.99284524
8199,LRRC45,0.9861468
8200,ZNF888,0.99354726
8201,DDB2,0.9693318
8202,ZDHHC21,0.97836006
8203,LARGE1,0.9911607
8204,MITF,0.9617796
8205,PJA1,0.96593976
8206,NDUFAF1,0.98885
8207,OSBPL7,0.98733366
8208,OPA3,0.98818153
8209,CLEC2B,0.9975866
8210,ADPRM,0.9897536
8211,ZNF709,0.9934735
8212,TLN2,0.98685837
8213,RBAK,0.981902
8214,CD34,0.9937256
8215,TBC1D23,0.95842785
8216,MED7,0.98251706
8217,DMXL2,0.9919611
8218,SRFBP1,0.9854797
8219,TIGD5,0.99107575
8220,ENOX2,0.9867193
8221,UBE2D4,0.98674035
8222,EFHD1,0.99424803
8223,PPARA,0.993794
8224,JOSD2,0.9969908
8225,MCRIP2,0.990006
8226,NUDT16L1,0.9911755
8227,XYLB,0.97294664
8228,BRMS1L,0.98736113
8229,TMEM38B,0.9706772
8230,NFKBID,0.9931876
8231,TTF1,0.9821858
8232,ITGA9,0.9882042
8233,CAP2,0.9670166
8234,B4GALT4,0.98761654
8235,GXYLT2,0.9884642
8236,ZNF526,0.9914534
8237,MED27,0.98768324
8238,LRRC32,0.99120075
8239,WRN,0.98179364
8240,KYAT1,0.98910326
8241,TMEM26,0.9917739
8242,DZIP1,0.98272014
8243,FIBIN,0.9686595
8244,NCKAP5L,0.9959503
8245,SUPV3L1,0.9508902
8246,GLRX,0.9808879
8247,PI4K2B,0.96666586
8248,TGIF2,0.984752
8249,ZNF799,0.98052853
8250,ZNF329,0.9829265
8251,C18orf25,0.9879568
8252,IQCK,0.98770326
8253,NINL,0.98884046
8254,APBA2,0.9824188
8255,ERICH5,0.99561805
8256,PLCXD1,0.94457126
8257,PCDHGA10,0.97870415
8258,EEF1AKMT3,0.992348
8259,UBE2L3,0.9813277
8260,TADA1,0.99015373
8261,GDAP1,0.9774162
8262,COIL,0.98660225
8263,LPAR2,0.98141724
8264,CHADL,0.9864535
8265,RASGRP2,0.99756
8266,LFNG,0.95250976
8267,TGDS,0.9935863
8268,MFSD5,0.9933924
8269,NSUN5,0.98845565
8270,CDH10,0.99403393
8271,VAMP1,0.99653
8272,VSTM4,0.9939454
8273,SMC2,0.9878613
8274,TMEM243,0.9943202
8275,WDR48,0.98521465
8276,CNNM2,0.989154
8277,ECM2,0.9982331
8278,YBX1,0.97568727
8279,DHRS1,0.99234474
8280,DOCK8,0.98597467
8281,GHR,0.98297197
8282,BORCS5,0.9893939
8283,MPDU1,0.9406726
8284,ZNF559,0.97149384
8285,ZNF135,0.9719322
8286,ZFP3,0.9670605
8287,DNAH1,0.98009926
8288,AARS2,0.99051714
8289,TOR1B,0.9914645
8290,GLI3,0.9837368
8291,FBXO8,0.9717137
8292,C1RL,0.9929104
8293,RAB33B,0.98688024
8294,LYN,0.9927995
8295,GMFG,0.9968838
8296,IRAK3,0.99639654
8297,RRP9,0.9665308
8298,MAP1LC3A,0.99331534
8299,C18orf21,0.992525
8300,ZNF839,0.99171245
8301,TEX9,0.99310535
8302,NRBF2,0.98247254
8303,SLC29A2,0.9890048
8304,MTHFD1L,0.9943426
8305,USP13,0.9859596
8306,ZNF184,0.99235713
8307,ATP7A,0.9905979
8308,NEDD1,0.9939509
8309,CP,0.9925899
8310,SUV39H2,0.9910516
8311,ZNF132,0.98427236
8312,FGF7,0.9857068
8313,AGTPBP1,0.9791137
8314,ANKRD26,0.98924315
8315,CMTR2,0.9841298
8316,PCDHGB7,0.97506034
8317,BMF,0.98702633
8318,ZBTB33,0.99054277
8319,SH2D4A,0.986279
8320,TTC39B,0.99656874
8321,SCART1,0.95020634
8322,CEP295,0.99075633
8323,SWSAP1,0.98490965
8324,RIF1,0.97782254
8325,DBNDD1,0.9914116
8326,RNF6,0.9698447
8327,VCPKMT,0.98015827
8328,EXOSC1,0.98781145
8329,SLC9A8,0.9932026
8330,S100A2,0.99578065
8331,COQ6,0.9924843
8332,ZNF736,0.9791339
8333,LHPP,0.96907526
8334,CATSPERG,0.9835277
8335,RARG,0.9972598
8336,GAB2,0.99371076
8337,PCK2,0.9716617
8338,CSRNP1,0.9951343
8339,MVB12A,0.9930365
8340,CLBA1,0.97130966
8341,TRIM32,0.9834361
8342,MIPEP,0.9887896
8343,RTL8B,0.9767945
8344,RAD9A,0.9905372
8345,IDNK,0.9933254
8346,PTCH1,0.9936092
8347,HHAT,0.98333305
8348,TSPAN7,0.9901849
8349,DHX57,0.9913918
8350,ITM2A,0.94239455
8351,SLC8B1,0.9923399
8352,DOLK,0.9810742
8353,PPP2R5B,0.9810609
8354,RMDN2,0.9844291
8355,FHL3,0.99862796
8356,FAM171B,0.9779335
8357,SSPN,0.9305782
8358,GNG11,0.99047744
8359,KDF1,0.9902954
8360,MTM1,0.9787692
8361,CCL2,0.9908805
8362,SCN1B,0.959427
8363,PLGRKT,0.9848069
8364,ONECUT2,0.9821783
8365,CDCA7L,0.9803196
8366,POLR1C,0.96768767
8367,DGKE,0.9846031
8368,WDR83,0.95288193
8369,ZNF714,0.9798769
8370,POU5F2,0.98498136
8371,ZBTB22,0.98120785
8372,ZNF345,0.965286
8373,IL17RD,0.98471016
8374,MIS18BP1,0.993332
8375,GPHN,0.9811873
8376,PI4K2A,0.9871951
8377,STARD5,0.99838984
8378,INTS5,0.98661274
8379,ADAM22,0.99671
8380,DUSP8,0.9841488
8381,SULT1A1,0.9692219
8382,GBP1,0.9982473
8383,HIRIP3,0.9776321
8384,UCP2,0.9952697
8385,LIG4,0.97823685
8386,ZNF667,0.97966355
8387,ARID3B,0.9866004
8388,TRERF1,0.9963541
8389,RTEL1,0.98252374
8390,XYLT1,0.9850327
8391,ADCY5,0.9937652
8392,CACNA1C,0.99710715
8393,NPHP4,0.9862889
8394,LYAR,0.9930419
8395,NUBPL,0.9795824
8396,ZNF696,0.99033594
8397,SLC12A6,0.98525727
8398,PCCB,0.99616253
8399,GARNL3,0.9946387
8400,NUS1,0.96400964
8401,JAM2,0.98237073
8402,FBXO30,0.99447346
8403,MKS1,0.9949571
8404,TMEM254,0.9797164
8405,PCLO,0.94742185
8406,EEFSEC,0.97644806
8407,SLC38A6,0.99452347
8408,PCDHGA7,0.9939065
8409,TMEM237,0.9935001
8410,POMGNT2,0.9935605
8411,ZNF625,0.97680026
8412,CXCL16,0.96725285
8413,TCP11L2,0.97192603
8414,KLK12,0.9953337
8415,SPG7,0.9699836
8416,PANK2,0.9606724
8417,CCDC136,0.9735771
8418,FRY,0.9945185
8419,HSPBP1,0.9937964
8420,RAB26,0.9846349
8421,SNX18,0.9801086
8422,PPP1R3D,0.9859742
8423,NGRN,0.989737
8424,MBOAT1,0.9932127
8425,KLHDC1,0.9922444
8426,CELF6,0.99199194
8427,PXDC1,0.99171096
8428,RPUSD3,0.9871074
8429,LRRC49,0.96201736
8430,SDK2,0.9866528
8431,GHDC,0.98694736
8432,ZNF573,0.9862536
8433,ZKSCAN5,0.99547195
8434,PDCD2L,0.95686924
8435,CYP3A5,0.97989553
8436,FLVCR1,0.9916569
8437,PDK1,0.9875257
8438,ACSF2,0.9976085
8439,PPP1R3C,0.9977119
8440,SOCS4,0.8924242
8441,TTC9,0.9747543
8442,TGFBR3,0.9889243
8443,MOB3B,0.981216
8444,DNAJB4,0.99247265
8445,CEP78,0.99085426
8446,SLC5A6,0.9840214
8447,WNT7B,0.9906835
8448,DOCK6,0.96730393
8449,ZNF549,0.9685117
8450,INSIG2,0.9785336
8451,ZNF92,0.98804677
8452,LHFPL2,0.99497473
8453,CASP8,0.99745417
8454,TK1,0.9907352
8455,CHCHD6,0.993833
8456,NSDHL,0.99324167
8457,LPXN,0.9842235
8458,OTUD6B,0.9936427
8459,PHTF1,0.9833915
8460,NFATC1,0.9847903
8461,SCLT1,0.9915697
8462,FAM229B,0.99441504
8463,SENP1,0.99087614
8464,TECPR2,0.990526
8465,DARS2,0.9809258
8466,FBXL7,0.99437916
8467,PRDM1,0.9955463
8468,BRF2,0.9899771
8469,PHTF2,0.9917539
8470,PLXNA1,0.99369615
8471,DDTL,0.95465523
8472,PTPN14,0.95442027
8473,CSRNP2,0.97183096
8474,ZDHHC13,0.9634791
8475,SPATA7,0.9790879
8476,FPGT,0.98205006
8477,SLC2A4,0.9984387
8478,CAPN3,0.9788349
8479,EEF1AKMT1,0.9823284
8480,ITGB3,0.9956008
8481,LNX1,0.97881615
8482,KNOP1,0.9682839
8483,RAPH1,0.9903845
8484,ZNF703,0.9792421
8485,NIFK,0.9792577
8486,SLC41A3,0.95016074
8487,RERG,0.98961323
8488,HHIP,0.997217
8489,MOSPD1,0.95982635
8490,ZNF124,0.9741938
8491,YRDC,0.9641798
8492,WDR24,0.97136956
8493,PRICKLE2,0.9728805
8494,EGFL8,0.986572
8495,EPB41L4A,0.96694946
8496,CPNE2,0.9912198
8497,EFS,0.99584395
8498,TMEM39B,0.9907825
8499,C16orf87,0.9877291
8500,HIF3A,0.9778677
8501,NSUN3,0.99248356
8502,TRAM2,0.9625947
8503,EXOSC5,0.99387074
8504,HPS5,0.9731483
8505,ZNF304,0.9870966
8506,FHOD1,0.9876106
8507,ACAP1,0.9948769
8508,FAM118B,0.96890277
8509,KIAA1328,0.99339116
8510,VSIG10,0.98424494
8511,MTF1,0.9851688
8512,FMN1,0.98904955
8513,TSEN54,0.9745292
8514,C6orf136,0.99024606
8515,ZNF37A,0.9890277
8516,NUP37,0.980407
8517,RNF166,0.9940616
8518,DNAJC11,0.98884016
8519,AHCTF1,0.9891983
8520,PARVB,0.9519856
8521,HGH1,0.98506844
8522,AZIN2,0.98632205
8523,SLC25A35,0.9896696
8524,APOL3,0.99318075
8525,ABCC9,0.9969373
8526,IL33,0.95562077
8527,VPS50,0.98654485
8528,ARID3A,0.9812996
8529,PTPRE,0.99899185
8530,N4BP2L1,0.9890265
8531,ZNF808,0.98551255
8532,ATL1,0.989159
8533,SAYSD1,0.97925234
8534,MED31,0.99018085
8535,SLC27A3,0.9736939
8536,AKAP7,0.9859963
8537,PUS7L,0.99022055
8538,MOB3C,0.9901467
8539,DRAM1,0.9972813
8540,SLC44A3,0.9865031
8541,CCP110,0.9859129
8542,MCM4,0.9837599
8543,RCC1,0.99161273
8544,LURAP1L,0.99332607
8545,RUBCN,0.99155724
8546,SERPINB9,0.9944994
8547,ZNF646,0.99057865
8548,QRSL1,0.97635806
8549,ANKRD13B,0.9874513
8550,ABT1,0.9901116
8551,DACT1,0.9886178
8552,GLIS2,0.99112946
8553,SCN7A,0.9879542
8554,NEURL4,0.9914218
8555,VGLL3,0.99029624
8556,REXO4,0.98568344
8557,RECQL,0.98239833
8558,ZFYVE19,0.98920804
8559,SARS2,0.9847137
8560,LYPD3,0.9945736
8561,HSDL1,0.99257153
8562,RCN3,0.9949971
8563,LAYN,0.9527898
8564,BRPF1,0.98919916
8565,PLA2G5,0.9959135
8566,CACNB3,0.98517025
8567,DHX33,0.9901203
8568,RBM45,0.9819159
8569,ZNF101,0.9934728
8570,ARHGEF6,0.972974
8571,SLC24A3,0.9970224
8572,MUTYH,0.9873934
8573,EDA,0.99091744
8574,JPH1,0.98948306
8575,INO80C,0.99206394
8576,IGSF9,0.9896447
8577,RMI1,0.98406637
8578,NMI,0.99850976
8579,G2E3,0.98630047
8580,CDC14A,0.99464035
8581,LMLN,0.9890965
8582,KLHL18,0.99200445
8583,MIPOL1,0.9914246
8584,STXBP1,0.9925614
8585,CSNK1G1,0.97579587
8586,SBSPON,0.99851364
8587,TMEM260,0.98699605
8588,NUP133,0.9778247
8589,BEND7,0.9857564
8590,EXOSC9,0.9736744
8591,PRRG2,0.98818654
8592,HOMER1,0.9892869
8593,ZNF287,0.9901309
8594,ZNF527,0.9878183
8595,TMEM106A,0.99284136
8596,ADAMTS4,0.9664174
8597,ZNF517,0.9834965
8598,CHCHD4,0.9920007
8599,FAM169A,0.9872957
8600,TUBGCP4,0.9581401
8601,MAP3K14,0.995365
8602,INTS9,0.99602246
8603,SLC36A4,0.98167306
8604,POMT2,0.98742235
8605,GPM6B,0.9771383
8606,RSPH1,0.9909897
8607,GXYLT1,0.9814603
8608,LRRC27,0.9745742
8609,SNAPIN,0.99134207
8610,CGREF1,0.93027353
8611,INTS13,0.99017847
8612,RNFT1,0.98766106
8613,TMCO6,0.99019545
8614,KIF2A,0.97677517
8615,MDFIC,0.9959374
8616,MEX3B,0.97782123
8617,LBR,0.9927112
8618,HEPH,0.9916085
8619,ALS2,0.9746244
8620,CBL,0.9893137
8621,EXOC6,0.9404411
8622,FOXJ2,0.9854905
8623,CHUK,0.973281
8624,ZFYVE28,0.9682842
8625,PRKN,0.9830719
8626,GEMIN7,0.98990405
8627,ITIH5,0.97296506
8628,ZNF71,0.99263436
8629,MMP15,0.9943715
8630,CAPN15,0.99009085
8631,MCU,0.9686284
8632,DYNC1I1,0.9972347
8633,IRX2,0.98839957
8634,SMC6,0.98361003
8635,ADAMTS13,0.9890316
8636,FAM117A,0.9922792
8637,GP1BB,0.993303
8638,SREK1IP1,0.99075
8639,GAS7,0.98953754
8640,SMARCAL1,0.9667195
8641,ZBTB26,0.98486024
8642,CD109,0.99201006
8643,LIN37,0.9905294
8644,SCAPER,0.98869586
8645,ZSCAN32,0.96309376
8646,TUBA1B,0.98781973
8647,CDKN1C,0.98263496
8648,SLC16A2,0.9950887
8649,PTGS2,0.9875927
8650,RCCD1,0.9922489
8651,TYW5,0.98430765
8652,SLC9A9,0.99504495
8653,DDX10,0.9893524
8654,PIP4P2,0.96788615
8655,KMT5A,0.98839116
8656,SMURF1,0.950448
8657,SLC9A1,0.9865696
8658,SH3PXD2B,0.99168324
8659,RFC3,0.9806125
8660,WDR54,0.9619964
8661,AMOT,0.998253
8662,FMO5,0.99133384
8663,AK9,0.97334445
8664,USP45,0.9931892
8665,FAXC,0.97940934
8666,NKD1,0.9931268
8667,EXTL3,0.9901154
8668,SKP2,0.9857317
8669,RTKN2,0.9824474
8670,MAST3,0.99187297
8671,ZNF557,0.9855346
8672,TMEM128,0.9546613
8673,IFFO1,0.9962685
8674,PDGFB,0.9923462
8675,RAC2,0.99605316
8676,EBLN2,0.98274755
8677,CTPS1,0.9731958
8678,SEMA5A,0.996816
8679,BANP,0.9829353
8680,FRS3,0.96935725
8681,PIGW,0.9838407
8682,LRWD1,0.98358524
8683,MINDY4,0.9915265
8684,GRK4,0.9923776
8685,ALDH1A2,0.9766822
8686,AMMECR1,0.94779646
8687,PTGS1,0.9983194
8688,BTF3,0.98898554
8689,ECT2,0.9906175
8690,LZTS3,0.99545693
8691,TCTN2,0.993373
8692,SMPDL3B,0.9858434
8693,SNX8,0.9832355
8694,PABPC1L2A,0.9883956
8695,GPANK1,0.9809905
8696,ITGAX,0.99534464
8697,LAMB3,0.9947754
8698,ZNF821,0.99590147
8699,MTFP1,0.98158956
8700,SPRTN,0.9916745
8701,SMIM3,0.9828279
8702,SPACA6,0.9916769
8703,MS4A8,0.9905946
8704,TIGD6,0.9785531
8705,TNFRSF6B,0.92963004
8706,INPP5E,0.9858763
8707,ST8SIA1,0.98335004
8708,SLA,0.9897065
8709,CCDC137,0.9880873
8710,FBXW9,0.99112356
8711,EZH2,0.9941428
8712,PUSL1,0.9870184
8713,WDR4,0.97148335
8714,TMEM242,0.94120264
8715,SCX,0.9806267
8716,NRXN1,0.9948338
8717,SETDB2,0.9885408
8718,CDPF1,0.9941088
8719,PCDHB14,0.97370714
8720,OAS2,0.97675014
8721,ADAM19,0.96878886
8722,KATNAL1,0.98310506
8723,HAUS2,0.97923297
8724,DAGLB,0.97386533
8725,ZNF169,0.980015
8726,RIPK2,0.98362064
8727,FAM133B,0.94986343
8728,GRPR,0.9855732
8729,PRELID1,0.97775275
8730,NCKAP5,0.9746161
8731,ZBTB9,0.98298943
8732,DUSP6,0.9978143
8733,YOD1,0.98520494
8734,SYBU,0.98716223
8735,ISCA2,0.97255415
8736,ACYP1,0.98408246
8737,BOLA1,0.9839145
8738,C3orf14,0.98640645
8739,ENO2,0.99492073
8740,ATP11C,0.9813083
8741,TMEM140,0.9959123
8742,PET117,0.9560471
8743,SCFD2,0.9822441
8744,MPZL3,0.9893441
8745,PACRG,0.9889815
8746,CS,0.990498
8747,APMAP,0.98339283
8748,PTGES3L,0.9899215
8749,NETO2,0.9831668
8750,P4HA2,0.9928282
8751,PKIB,0.98693323
8752,METAP1D,0.9894732
8753,DACT3,0.9928822
8754,RAB15,0.98530185
8755,TMEM131L,0.99269104
8756,SF3B4,0.97861755
8757,RILP,0.98964137
8758,PRMT9,0.9799006
8759,NRDE2,0.9875046
8760,AOC3,0.9983814
8761,EPB41L3,0.99623454
8762,ANGPT1,0.9873669
8763,ADPRH,0.98587143
8764,GUCY1A2,0.99690497
8765,PINX1,0.9367119
8766,FAXDC2,0.99471337
8767,C2orf76,0.9837981
8768,SBK1,0.9912472
8769,VPS18,0.9493676
8770,ZSWIM4,0.98437697
8771,IL11RA,0.9346447
8772,NHLRC3,0.9659605
8773,TCAIM,0.95387363
8774,MCM2,0.9885039
8775,CABCOCO1,0.9914038
8776,ZNF354A,0.978221
8777,FAM228B,0.98924136
8778,TIGD7,0.9670155
8779,VANGL2,0.9904459
8780,PCDHB3,0.9791318
8781,CNPY4,0.99001044
8782,CD4,0.9932444
8783,CCDC113,0.98386395
8784,RABEPK,0.98838866
8785,KCNC4,0.9838809
8786,DUSP4,0.9964262
8787,ABCF2,0.99070585
8788,DNAH14,0.99320674
8789,ZNF786,0.961155
8790,TCN2,0.99277776
8791,FAM131A,0.96955824
8792,GABPA,0.99114203
8793,FAM83F,0.993253
8794,ZNF23,0.9914667
8795,PRKCA,0.9797156
8796,RASSF7,0.9664756
8797,PPP2R2C,0.9974011
8798,XAF1,0.99245906
8799,TMEM231,0.99277407
8800,ZFHX4,0.98890716
8801,CLEC14A,0.98376715
8802,TMEM117,0.9774143
8803,HELZ2,0.9599259
8804,ATP10A,0.99604344
8805,TTLL1,0.9849364
8806,CYP7B1,0.9775585
8807,TRPC1,0.9945084
8808,DBF4,0.9852053
8809,FZD3,0.97577655
8810,TMEM53,0.9880628
8811,KIF22,0.97580636
8812,PDIK1L,0.9479153
8813,ANKS3,0.9809857
8814,WNT5A,0.98761547
8815,DENND2A,0.9914437
8816,SGF29,0.9867794
8817,TRUB1,0.99039024
8818,COA7,0.9778497
8819,ARHGAP45,0.993696
8820,RHOJ,0.99289674
8821,CYB5RL,0.9880229
8822,CLDN15,0.99437684
8823,GANC,0.9710204
8824,ZBTB42,0.9897883
8825,ZWINT,0.9851279
8826,MEF2B,0.9840776
8827,RASSF2,0.9791806
8828,DOLPP1,0.9788665
8829,ARL13B,0.99051255
8830,ZNF778,0.9955684
8831,ARMC9,0.98813325
8832,GUCY1B1,0.981442
8833,ZNF619,0.98381656
8834,ZNF281,0.9927043
8835,POLD3,0.98715806
8836,PRDM15,0.9850017
8837,EXPH5,0.96145046
8838,ULK4,0.99560136
8839,PARD6G,0.9754901
8840,ADAT1,0.9864975
8841,DCLRE1C,0.99150693
8842,CHST10,0.9894041
8843,AKIP1,0.9894358
8844,GMIP,0.9598366
8845,HOMEZ,0.97626036
8846,ZMAT3,0.9931867
8847,SOCS1,0.9841629
8848,LPCAT2,0.99669695
8849,TBPL1,0.97571653
8850,METTL1,0.9856723
8851,RUSC2,0.9961387
8852,CUTC,0.9830207
8853,TRPM7,0.9426551
8854,VIPR2,0.9865091
8855,LYST,0.9952989
8856,ARHGEF18,0.98304236
8857,SOX5,0.98596644
8858,FHIT,0.98383874
8859,SPOCK2,0.9945876
8860,AFAP1L2,0.96821296
8861,CYGB,0.96951574
8862,LPCAT4,0.99249065
8863,MTMR9,0.9882107
8864,ASB6,0.98397964
8865,ANKRD6,0.987494
8866,MXD1,0.9878893
8867,ITGA2,0.96744645
8868,CHST15,0.98945737
8869,THAP6,0.98156834
8870,EPHA10,0.99161494
8871,FIG4,0.9899476
8872,SERAC1,0.98978734
8873,ZNF513,0.9594303
8874,OXSM,0.98556453
8875,CD248,0.9952282
8876,MAMDC2,0.98233926
8877,FGFBP3,0.98928946
8878,ITGA4,0.99419725
8879,DPP3,0.96324754
8880,ROR1,0.9887004
8881,KIAA1586,0.9779364
8882,CHRAC1,0.9842537
8883,ZNF41,0.9879134
8884,RNF207,0.9972654
8885,ZNF438,0.9916749
8886,NAV1,0.9842214
8887,TSPAN9,0.95360106
8888,MYPOP,0.99145746
8889,NATD1,0.9957496
8890,TRANK1,0.99221665
8891,ZNF675,0.97796637
8892,GRIN3A,0.9816688
8893,PLA2R1,0.98952556
8894,ITGBL1,0.99501145
8895,BHMT2,0.9823392
8896,OLFML2B,0.98421323
8897,TMEM38A,0.9817396
8898,GNPDA2,0.99352086
8899,ANKRD44,0.9932177
8900,DHDH,0.9899658
8901,TFB1M,0.99217075
8902,TOR2A,0.98408127
8903,TBC1D13,0.98463655
8904,HCFC2,0.96675104
8905,RCAN2,0.98817885
8906,GEMIN5,0.98539925
8907,PDZD2,0.97211504
8908,ZNF501,0.9876677
8909,MAIP1,0.98418266
8910,CDH5,0.9945612
8911,C1orf159,0.98513335
8912,ZNHIT2,0.96613413
8913,DSEL,0.9930802
8914,PTER,0.99064463
8915,NFATC2,0.95552117
8916,BCL2L12,0.9892547
8917,LRRC56,0.9794944
8918,QTRT2,0.94058913
8919,IRGQ,0.963801
8920,DONSON,0.981218
8921,PLXDC1,0.98961353
8922,STK10,0.9738114
8923,COA6,0.97962034
8924,SMIM13,0.97231704
8925,BMT2,0.98503363
8926,AQP11,0.9883265
8927,SERPINB1,0.983815
8928,ZNF563,0.99339825
8929,CDK8,0.9841051
8930,CCDC8,0.99487835
8931,C3orf62,0.9836543
8932,P2RX1,0.98055154
8933,STK26,0.9879936
8934,DNM1,0.99744236
8935,RFLNB,0.9785372
8936,MAK16,0.9739649
8937,ZNF510,0.9903555
8938,ANGPTL4,0.99191344
8939,TIGAR,0.9760069
8940,ZNF433,0.98864466
8941,NIF3L1,0.9671657
8942,NUSAP1,0.99722654
8943,LEPR,0.99334866
8944,ARHGAP4,0.96080506
8945,PHETA2,0.98802435
8946,CCSAP,0.99546903
8947,ZNF286A,0.9891765
8948,SLC13A3,0.9592463
8949,FEZ1,0.97839034
8950,CDK20,0.9821472
8951,GIMAP4,0.99806994
8952,CTNS,0.9909126
8953,HAGHL,0.97564113
8954,LRRC24,0.9608598
8955,CNFN,0.982469
8956,SLC25A45,0.9842007
8957,KSR1,0.9932865
8958,ZNF324,0.98777527
8959,SHLD3,0.97684133
8960,HOXD10,0.9600743
8961,ANKAR,0.9922946
8962,STXBP5L,0.99163806
8963,CD52,0.9956055
8964,PALMD,0.996328
8965,ERCC2,0.9898945
8966,CHTF18,0.9685974
8967,SLC66A1,0.9893651
8968,INTS2,0.9816576
8969,LRCH2,0.99458635
8970,NUDT10,0.97224003
8971,SAC3D1,0.97669965
8972,DSN1,0.9890166
8973,GPSM3,0.992769
8974,PLIN5,0.92239463
8975,CTDSPL2,0.99574846
8976,IL6R,0.9859387
8977,IFT81,0.91291654
8978,FSD1L,0.9890661
8979,SPRED2,0.99617106
8980,ZNF594,0.99195856
8981,MAPRE2,0.98844224
8982,PUS3,0.9849627
8983,PLSCR4,0.9950786
8984,NCEH1,0.9957093
8985,DHODH,0.9823042
8986,KLHL15,0.9849492
8987,BAMBI,0.967221
8988,SYDE1,0.98479915
8989,CAMK1D,0.9963763
8990,SLCO3A1,0.96656513
8991,LRRC20,0.98015034
8992,CTH,0.9784615
8993,MOSMO,0.97485584
8994,ZNF267,0.9938512
8995,ASPN,0.992071
8996,PAQR7,0.98975253
8997,SLIT3,0.9889847
8998,KIAA0040,0.9963167
8999,HELQ,0.97853374
9000,PDP2,0.9891438
9001,MYB,0.99572283
9002,ACSL4,0.98610806
9003,TTF2,0.9653792
9004,ARL6,0.98879576
9005,ACOT11,0.98453283
9006,FTSJ1,0.9738669
9007,IQGAP2,0.98473793
9008,PRC1,0.9918517
9009,TOPBP1,0.9956879
9010,RFTN1,0.97576934
9011,HERC5,0.9857668
9012,NKIRAS1,0.9883359
9013,TTC32,0.9753169
9014,ZNF354C,0.9909386
9015,AHNAK2,0.9633016
9016,CABLES2,0.967718
9017,OSBPL11,0.98880994
9018,PIK3AP1,0.9790855
9019,PCSK5,0.97843784
9020,KCNJ8,0.9870349
9021,SLC25A15,0.9836349
9022,ADGRG6,0.9667755
9023,RGL3,0.99451125
9024,SMC4,0.9852432
9025,HAAO,0.99060524
9026,APEX2,0.974191
9027,B3GNT9,0.98835903
9028,TCF7L1,0.9753357
9029,PLEKHA6,0.98864466
9030,LIPT1,0.9899723
9031,MTHFD2L,0.95093197
9032,NAF1,0.9891011
9033,OLFML2A,0.9876859
9034,FGF2,0.98952836
9035,SNX22,0.97285724
9036,GRPEL2,0.9875356
9037,C12orf4,0.9770423
9038,XXYLT1,0.9866682
9039,CTU2,0.987785
9040,C1orf56,0.97219145
9041,PRDM10,0.9800116
9042,EVA1B,0.9855852
9043,RAPGEF3,0.98900884
9044,AOX1,0.9791234
9045,BUD13,0.99086
9046,TAF1B,0.97050035
9047,CCDC3,0.9887682
9048,CLMP,0.9935523
9049,TRPM2,0.98557824
9050,PRDM11,0.9798004
9051,NME5,0.9914816
9052,SATB2,0.98961264
9053,GPR180,0.98931164
9054,TIMELESS,0.9872956
9055,TNFAIP8,0.99594045
9056,SUGP1,0.98304105
9057,NBEAL1,0.9751581
9058,BCORL1,0.9808619
9059,EGLN1,0.9744195
9060,ZNF566,0.98102105
9061,C1QTNF3,0.97714865
9062,IQCH,0.97992355
9063,INTU,0.9032568
9064,JAK3,0.98459995
9065,ZFAT,0.98038614
9066,NPAS3,0.99649054
9067,ZNF823,0.9831199
9068,FBXL22,0.9975625
9069,RARB,0.99614155
9070,GRB7,0.9903992
9071,RP9,0.9889377
9072,PHLPP2,0.9838457
9073,PGAM5,0.9696343
9074,HYLS1,0.9617635
9075,ZNF671,0.96583617
9076,GCHFR,0.9717216
9077,RND3,0.99196786
9078,TEX10,0.96695626
9079,KATNB1,0.9883798
9080,ZNF500,0.97197664
9081,RBM43,0.9883004
9082,PTK6,0.98667955
9083,ZFP1,0.9712731
9084,TMEM104,0.9075824
9085,ACD,0.9869279
9086,PLEKHF1,0.9770599
9087,SLC9A2,0.9701051
9088,CYP4F8,0.9839606
9089,SKAP1,0.97137475
9090,CPA6,0.97704285
9091,GTF2E1,0.98676836
9092,ABRAXAS2,0.9881844
9093,AIFM2,0.99295926
9094,SAXO2,0.98794234
9095,PLEKHA4,0.99317694
9096,CFAP70,0.9807924
9097,FAM13C,0.9758874
9098,ARAP3,0.9917532
9099,FITM2,0.9796811
9100,TTC30A,0.9844253
9101,GCC1,0.98489887
9102,RAB36,0.95719373
9103,ZNF784,0.9756141
9104,KCNQ1,0.97242546
9105,TRAF1,0.9977806
9106,NEMP1,0.9748552
9107,SEC22A,0.99402726
9108,PHETA1,0.99083585
9109,CIAPIN1,0.98140115
9110,CLCN5,0.9863783
9111,COL4A4,0.99790037
9112,UTP15,0.9814979
9113,RANBP6,0.97794485
9114,LAT,0.99265563
9115,TMEM200B,0.99794245
9116,PARP12,0.9906733
9117,TMEM240,0.98231506
9118,TMEM176B,0.9740615
9119,GPC3,0.99441105
9120,KLF16,0.95546246
9121,PCDHGB6,0.96968114
9122,TLCD1,0.9512102
9123,SH3D21,0.9852714
9124,SRD5A3,0.9928407
9125,LCMT2,0.9841948
9126,NFATC2IP,0.97561765
9127,MCM9,0.98202056
9128,SPTBN4,0.98568255
9129,ARV1,0.95088375
9130,KLHL29,0.9657795
9131,RASSF6,0.987764
9132,TNFRSF12A,0.9860685
9133,GORAB,0.9921125
9134,GPR155,0.98102313
9135,PGM2L1,0.9928002
9136,DEPDC5,0.98487675
9137,NPM2,0.9749781
9138,CAMSAP1,0.98324734
9139,SMPD3,0.9933548
9140,TMEM267,0.9928589
9141,RPP14,0.97783285
9142,TRIM62,0.9775987
9143,COG6,0.9881174
9144,MPV17,0.956952
9145,DYNC2LI1,0.98733324
9146,CEP76,0.9931799
9147,MTRF1L,0.98620826
9148,PLEKHM1,0.9906314
9149,PYCARD,0.9858475
9150,PSTPIP2,0.99292207
9151,CACNG4,0.9868791
9152,TOMM40L,0.9934779
9153,CLIP3,0.98291457
9154,KTI12,0.9807122
9155,TRDMT1,0.9837184
9156,GNG2,0.9942628
9157,ARHGAP9,0.9975096
9158,GSDMD,0.9937527
9159,GPR157,0.98476976
9160,DPH6,0.97916746
9161,C1orf210,0.98437524
9162,ADGRF5,0.9910214
9163,SALL2,0.95071375
9164,NR1D1,0.99699867
9165,AMIGO1,0.98120457
9166,MED12L,0.99024403
9167,BTN2A1,0.9963181
9168,YPEL1,0.9781111
9169,PLCD1,0.9637113
9170,FGD1,0.98372304
9171,CARNMT1,0.97806937
9172,TTPAL,0.97563326
9173,FGD5,0.99231327
9174,IL10RA,0.9901515
9175,DMRTA1,0.9951715
9176,TOE1,0.9826294
9177,PYGO1,0.9892517
9178,HOXA5,0.98826003
9179,NEGR1,0.9932056
9180,NASP,0.98713005
9181,ATG4A,0.98114944
9182,ITGA8,0.96176314
9183,ACVRL1,0.9932411
9184,FLRT3,0.9833198
9185,EGR2,0.9936009
9186,MARVELD3,0.9571959
9187,FST,0.99436533
9188,TMEM86A,0.96569836
9189,FHDC1,0.978817
9190,SLC2A13,0.9905698
9191,JAK2,0.9776721
9192,SPATA17,0.9861807
9193,CCDC191,0.9711586
9194,C8orf88,0.9945967
9195,RNF227,0.967278
9196,ZBTB24,0.9855819
9197,LURAP1,0.99179
9198,GPR161,0.92036617
9199,ARMCX4,0.9797228
9200,IKBIP,0.99744177
9201,C17orf97,0.9867814
9202,DUSP2,0.97717196
9203,FZD1,0.9938788
9204,MMD,0.9864322
9205,KDELR3,0.9914895
9206,RAMAC,0.9900165
9207,E2F3,0.9874509
9208,CHEK2,0.98289996
9209,C6orf47,0.9889271
9210,SRD5A1,0.9858098
9211,LOXL2,0.9984976
9212,C8orf34,0.9869687
9213,MCTP1,0.96582866
9214,SASS6,0.98801076
9215,GTF2H3,0.9599958
9216,ADM,0.9613795
9217,ALDH16A1,0.9938397
9218,HOXA9,0.9814223
9219,SLC38A9,0.94984365
9220,HACE1,0.9865751
9221,TMEM201,0.97811866
9222,CALCRL,0.9752985
9223,NXPH3,0.99426943
9224,TRMT6,0.9548654
9225,ALDOC,0.9683018
9226,REEP4,0.98810554
9227,TRPV1,0.9690555
9228,TTC7A,0.995466
9229,SLC7A11,0.9969049
9230,CD58,0.9965023
9231,SLC15A3,0.99278975
9232,MAP3K7CL,0.9860211
9233,ESAM,0.97679305
9234,ZBTB2,0.9699764
9235,PPARG,0.97548246
9236,PLCD3,0.9940859
9237,F13A1,0.9963397
9238,TBC1D32,0.9872322
9239,SPSB2,0.9608769
9240,NBPF20,0.9730765
9241,WDR91,0.96373874
9242,SYNC,0.9883164
9243,TDG,0.96928114
9244,BBOF1,0.99252117
9245,OSBPL6,0.98544675
9246,LDB2,0.9930828
9247,GABRP,0.990909
9248,MBNL3,0.99196106
9249,ZWILCH,0.95394045
9250,HOXA11,0.98627174
9251,TENM1,0.92912036
9252,RIPOR2,0.9954574
9253,DUS4L,0.9619639
9254,WDR5B,0.9648545
9255,IL2RG,0.9774666
9256,RASD2,0.9800971
9257,HNF1B,0.9846444
9258,HSPBAP1,0.9837435
9259,FCGBP,0.98717266
9260,TDRD7,0.9776806
9261,C1orf54,0.98804826
9262,PELI2,0.99649733
9263,RAB32,0.9500474
9264,DMKN,0.9746851
9265,NR2C2AP,0.9182719
9266,UBAP1L,0.9868454
9267,CDKL5,0.9914083
9268,ADCK5,0.986772
9269,CEP83,0.9778891
9270,IL20RA,0.9888394
9271,ZNF234,0.968347
9272,ZNF583,0.9910712
9273,LIAS,0.989393
9274,RAB19,0.9895141
9275,COL13A1,0.99482685
9276,JADE2,0.99197245
9277,GPATCH3,0.916231
9278,RHOBTB1,0.99079925
9279,MTG2,0.93273157
9280,BLNK,0.9854872
9281,PREX2,0.98139906
9282,UIMC1,0.9499985
9283,GGACT,0.98726535
9284,SLFN11,0.978137
9285,CHST11,0.9763137
9286,RBP1,0.9804925
9287,PARP2,0.97998714
9288,MTX1,0.97710913
9289,SYNJ1,0.9676548
9290,QSER1,0.9911603
9291,GEMIN6,0.955631
9292,KLHL11,0.9776664
9293,DUSP14,0.9644675
9294,MFSD9,0.97741354
9295,NAIP,0.98948395
9296,SLC14A1,0.97800153
9297,TBKBP1,0.9802359
9298,PNCK,0.979166
9299,PLK3,0.9854757
9300,C10orf143,0.9826875
9301,ARTN,0.9864703
9302,TWNK,0.9787997
9303,EHD3,0.9788118
9304,PTPRM,0.9899517
9305,TLCD4,0.98928165
9306,SLC16A9,0.9901816
9307,IPO4,0.9830478
9308,SMAD1,0.9897062
9309,PAOX,0.93298054
9310,RIOX1,0.9583658
9311,GLA,0.9924247
9312,CEP135,0.9674953
9313,SPACA9,0.98969746
9314,EFCC1,0.99131423
9315,NEIL2,0.97733563
9316,SPATA2L,0.9778919
9317,HOXC4,0.9734632
9318,TMEM19,0.9839588
9319,C12orf76,0.989572
9320,MAP3K9,0.9898128
9321,NCAPG2,0.982946
9322,B3GNT6,0.982337
9323,ADGRL1,0.978469
9324,ANKRD18A,0.9316832
9325,UBE2V2,0.96591675
9326,CDKN2C,0.9947909
9327,HS3ST4,0.99161077
9328,FCGR2A,0.98625624
9329,DTX4,0.99532247
9330,MAP3K8,0.99651766
9331,TSPAN12,0.9900836
9332,APBA1,0.900049
9333,TMOD2,0.98500216
9334,KIF7,0.9781356
9335,ZNF567,0.9372572
9336,IBA57,0.9772912
9337,NDNF,0.99542356
9338,SPCS2,0.9768543
9339,PRAF2,0.9787195
9340,MBLAC2,0.9735329
9341,ZNF232,0.9632424
9342,FIZ1,0.9821025
9343,ELAC1,0.98399115
9344,GMEB2,0.9758866
9345,TXNRD3,0.94816947
9346,ARHGAP31,0.99731225
9347,HPSE2,0.9874055
9348,SEC61A2,0.9749874
9349,PTPN21,0.9902341
9350,NFKBIE,0.98858684
9351,SPATA33,0.9953932
9352,ZNF490,0.9769363
9353,POLR3F,0.9666598
9354,DDX60,0.9895372
9355,TMEM106C,0.9544754
9356,SPATA5L1,0.9584315
9357,FKBP7,0.98444545
9358,SUPT3H,0.9690638
9359,PEX11G,0.9800998
9360,NOVA1,0.98951244
9361,REXO5,0.9890534
9362,C4orf46,0.9592908
9363,ZDHHC23,0.9807223
9364,PACC1,0.982313
9365,PNP,0.9889856
9366,IL18BP,0.9896652
9367,IRAK1BP1,0.98247033
9368,DOK6,0.9923059
9369,NAP1L2,0.9750735
9370,ROBO3,0.9583428
9371,ERCC4,0.99122334
9372,ME1,0.9852971
9373,VAMP4,0.9858269
9374,EFCAB12,0.9760069
9375,TBC1D30,0.9762711
9376,CALHM2,0.99058795
9377,ZNF45,0.98711354
9378,RGS19,0.9457332
9379,DUSP28,0.9870558
9380,ANKMY2,0.98489755
9381,INPP5J,0.9742516
9382,ACTR6,0.9880452
9383,TAF1A,0.985613
9384,ZBTB49,0.9879608
9385,TANGO6,0.9616128
9386,TRMT10A,0.9752002
9387,SHQ1,0.97384274
9388,S100A14,0.9850834
9389,PCDHGA11,0.9889314
9390,TRIM35,0.99261224
9391,PLAGL2,0.9870849
9392,FUNDC2,0.96832186
9393,TBC1D2,0.96585816
9394,SLC5A1,0.97637695
9395,DDX20,0.9805833
9396,TTI1,0.97383255
9397,MED1,0.9464376
9398,ZSWIM5,0.9616877
9399,NAA80,0.98671305
9400,PCDHB9,0.9763011
9401,SLC46A3,0.98238796
9402,OTUD1,0.97057575
9403,ZNF607,0.9687435
9404,CEACAM19,0.94313174
9405,TIGD2,0.9953772
9406,C2CD2L,0.9858679
9407,CLYBL,0.9797314
9408,EGFLAM,0.9678062
9409,LCP2,0.9935609
9410,GID4,0.96465474
9411,ACTC1,0.9918238
9412,TNFRSF1B,0.99572366
9413,ANK2,0.9648337
9414,CNRIP1,0.9899917
9415,REC8,0.9956625
9416,HYKK,0.98021793
9417,CARD10,0.99023396
9418,PIGV,0.9798707
9419,USP37,0.9728195
9420,ABHD3,0.947451
9421,ZNF484,0.975679
9422,KLHL28,0.92003244
9423,C1QTNF6,0.9736695
9424,SCO2,0.95943564
9425,ZNF584,0.99429834
9426,ZNF630,0.9859208
9427,BVES,0.9826585
9428,FGD6,0.9862256
9429,ARMT1,0.98237854
9430,BRSK2,0.99258655
9431,MEAK7,0.9851051
9432,MAOB,0.9944961
9433,TAF6L,0.9853874
9434,RCSD1,0.9760586
9435,MOXD1,0.9736681
9436,RFC5,0.98318195
9437,NPIPB15,0.9245095
9438,ADRB1,0.97756827
9439,GLCE,0.9811671
9440,TPMT,0.97271794
9441,LAIR1,0.97870046
9442,FKRP,0.96457225
9443,ADCY9,0.98726094
9444,SH3RF3,0.98791486
9445,PRLR,0.9874613
9446,METTL27,0.98648334
9447,DOHH,0.9895405
9448,SYDE2,0.9488989
9449,NMNAT1,0.9078447
9450,ZNF682,0.9791422
9451,PRICKLE3,0.97051024
9452,ADAP2,0.99153066
9453,RBM24,0.99538934
9454,CISH,0.97512305
9455,SETD9,0.9917363
9456,DENND5B,0.97884953
9457,UNC5B,0.99217325
9458,XDH,0.99174345
9459,ABHD10,0.95304155
9460,AS3MT,0.9838865
9461,CLEC3B,0.98109
9462,TMUB1,0.98100996
9463,CERK,0.9978696
9464,HOXD9,0.9499784
9465,ANKRD35,0.9876707
9466,BBS10,0.95895207
9467,TMEM88,0.99113965
9468,GLCCI1,0.9940097
9469,EYA4,0.97392875
9470,PAPSS2,0.98373735
9471,ETFBKMT,0.93851346
9472,ZNF19,0.9787557
9473,PIGU,0.97643805
9474,RAPGEF5,0.9788178
9475,RNLS,0.9925149
9476,SEMA3D,0.99303854
9477,CKAP2,0.986188
9478,LINC02693,0.98983365
9479,CCDC126,0.99035233
9480,FAM185A,0.9562151
9481,KCNIP2,0.9225817
9482,TMEM121B,0.9951367
9483,ZNF564,0.9795399
9484,BTBD8,0.9875436
9485,SRSF12,0.9912522
9486,MRAS,0.9892701
9487,SH2B3,0.965749
9488,NFKBIB,0.9717973
9489,ZNF668,0.98780125
9490,ZNF175,0.9897468
9491,ZNF610,0.99053746
9492,GPX8,0.9680687
9493,NME7,0.98480487
9494,SLC12A8,0.990702
9495,WDR47,0.97974753
9496,NRG4,0.9952702
9497,HELB,0.9936041
9498,SESN2,0.97367644
9499,CYTIP,0.98441976
9500,TBL1Y,0.99276733
9501,LYRM9,0.97675157
9502,TEDC1,0.99300075
9503,ZNF764,0.98192954
9504,PROCR,0.99470174
9505,CRPPA,0.9908109
9506,TTI2,0.92956215
9507,PITPNM2,0.9915478
9508,ZNF155,0.99080986
9509,ZNF860,0.947197
9510,CENPJ,0.9880856
9511,FMNL1,0.99297357
9512,DNAJB5,0.9854579
9513,CACNB4,0.9929755
9514,LMNB1,0.98413265
9515,PECR,0.96918523
9516,LMO2,0.9914013
9517,MAP3K12,0.9968945
9518,SLC29A3,0.93300253
9519,CLN5,0.97828996
9520,DLX1,0.9793438
9521,SMIM1,0.9850875
9522,ZNF473,0.9420276
9523,MCOLN1,0.9914295
9524,RBM48,0.96800166
9525,PDE7B,0.99680936
9526,FBXO17,0.9942635
9527,HSPB7,0.98950917
9528,RAD51D,0.9740682
9529,OXNAD1,0.988929
9530,PLCE1,0.9944065
9531,ITPRIP,0.9960323
9532,RGL1,0.9963652
9533,TFPI,0.9955232
9534,EFNA4,0.9896374
9535,ZGRF1,0.9452295
9536,GATA3,0.9964171
9537,KCNAB2,0.9914099
9538,MTCL1,0.963709
9539,TCFL5,0.9883556
9540,STOML1,0.9618714
9541,B4GALT6,0.98549294
9542,KCNH2,0.9860492
9543,CLDN11,0.9891168
9544,ARHGEF35,0.98955244
9545,KAZALD1,0.98916966
9546,HMCN1,0.99371445
9547,SLC41A2,0.9871448
9548,PRRG4,0.9964187
9549,CXCL2,0.995186
9550,LSM11,0.99160767
9551,GLB1L,0.9863715
9552,LYSMD1,0.99128544
9553,UPP1,0.93231934
9554,DAAM2,0.99045616
9555,USP30,0.97817147
9556,FBXO45,0.94912404
9557,PARVG,0.9765404
9558,ZNF782,0.9729218
9559,EXO5,0.9539639
9560,THAP8,0.9780583
9561,ZNF660,0.97482413
9562,FYB1,0.9979665
9563,RAD51B,0.9734758
9564,BTC,0.96025276
9565,MYCBP,0.97450626
9566,KLHL25,0.9798681
9567,PITPNM3,0.99368006
9568,TRIM59,0.9543036
9569,CENPV,0.9601938
9570,ZBED3,0.994465
9571,FANCM,0.9657852
9572,MET,0.9980443
9573,TMEM177,0.9888539
9574,ZNF319,0.96426165
9575,EPHA2,0.9877129
9576,FRMD8,0.9499459
9577,ZC3H6,0.99136543
9578,CEP41,0.983244
9579,STYK1,0.9749265
9580,CYB5R4,0.9783123
9581,OBI1,0.97892237
9582,FRAS1,0.9925103
9583,CHST2,0.9982303
9584,UTP25,0.9705326
9585,ANKDD1A,0.9962575
9586,FIGN,0.9938304
9587,MED18,0.9439979
9588,EGR3,0.99213123
9589,SNRPA1,0.9836282
9590,SH3BP1,0.992135
9591,SP5,0.9357578
9592,WASF1,0.97494143
9593,MON1A,0.9859472
9594,TTC13,0.98720014
9595,TRMT10C,0.9832674
9596,UBXN8,0.9905827
9597,GPRC5B,0.9895507
9598,ALPK1,0.9894259
9599,FAM50B,0.95337915
9600,ST3GAL6,0.9909012
9601,RELB,0.9939953
9602,ELOVL2,0.9891717
9603,LRFN3,0.969186
9604,PCDHB11,0.9659885
9605,FANCG,0.9912975
9606,TRGC2,0.97032815
9607,PDSS1,0.97917926
9608,PIGA,0.9911932
9609,SSTR1,0.98290294
9610,RTN4RL1,0.9943225
9611,THAP1,0.9783305
9612,FYN,0.9911094
9613,SHF,0.9933624
9614,PELI1,0.99214226
9615,ADCY2,0.9964248
9616,BEX2,0.9884454
9617,PGBD1,0.98921716
9618,KIFC3,0.9862331
9619,NDUFAF4,0.9134447
9620,F8A1,0.96007717
9621,RASL11A,0.9915683
9622,TYMS,0.99271333
9623,ZNF546,0.91806656
9624,ZNF138,0.9633045
9625,RAD18,0.9707376
9626,CHST3,0.98809826
9627,HPGD,0.98056614
9628,KANSL1L,0.9890115
9629,RNF217,0.9841333
9630,PRELID3A,0.96164614
9631,LEMD3,0.98622376
9632,NRXN3,0.9927784
9633,MYCL,0.98037225
9634,ZNF251,0.98326284
9635,PTCD2,0.97778577
9636,NOTCH1,0.9930459
9637,APAF1,0.97606343
9638,ZNF107,0.974852
9639,TCEAL2,0.99128205
9640,MAPK4,0.99172497
9641,B3GALT4,0.96108705
9642,UTP20,0.9863226
9643,FRRS1L,0.98627305
9644,ST6GALNAC5,0.9635117
9645,NRXN2,0.9942391
9646,GEN1,0.9940735
9647,LYSMD4,0.9900272
9648,PC,0.98406863
9649,ZNF284,0.9793545
9650,TLR2,0.986523
9651,TF,0.9841735
9652,NT5E,0.99373275
9653,FOXD1,0.99460083
9654,FBXL2,0.9640998
9655,ZNF439,0.9794572
9656,FGD2,0.9851635
9657,IL16,0.9973255
9658,RASGEF1B,0.9891438
9659,NLRP1,0.9844906
9660,ARHGEF26,0.98687494
9661,STRA6,0.9892779
9662,FAM184A,0.9912443
9663,CSPP1,0.9504915
9664,RBP7,0.98530215
9665,EVX1,0.96956646
9666,NBPF1,0.9572775
9667,KITLG,0.9972279
9668,DCLK2,0.97775507
9669,MARK1,0.9808416
9670,CCNJ,0.96458346
9671,KCTD6,0.98249996
9672,RPGR,0.99063176
9673,ABHD15,0.92938143
9674,MAGI3,0.9813249
9675,SCARF1,0.990805
9676,NTRK2,0.9825455
9677,MACROD2,0.98662555
9678,NPR3,0.9859057
9679,FGGY,0.9767484
9680,ZSWIM1,0.96466666
9681,EXOG,0.9935079
9682,CLEC7A,0.99366134
9683,SUGCT,0.98982275
9684,WNT4,0.98652726
9685,LRRC28,0.96339184
9686,SAMD10,0.98069483
9687,DCAF13,0.9843928
9688,NCKAP1L,0.99664384
9689,EDNRB,0.96806574
9690,LYNX1,0.9879954
9691,TEAD4,0.9873923
9692,C2,0.9754741
9693,BCL11A,0.9921327
9694,ZBTB25,0.9782212
9695,AVPI1,0.99470085
9696,MAPKBP1,0.9726653
9697,ZNF691,0.99166435
9698,ACSS3,0.9868999
9699,LYPD6,0.9944005
9700,TET1,0.9834122
9701,SERPINE2,0.9749606
9702,SYK,0.98183477
9703,SLAIN1,0.98580384
9704,C2orf15,0.990262
9705,KRT23,0.99522483
9706,FERMT1,0.9940661
9707,MPP3,0.9960782
9708,GRK5,0.9893157
9709,SOWAHB,0.99171257
9710,SCN8A,0.97957635
9711,SAMD11,0.937816
9712,ZNF280C,0.9871619
9713,BAG4,0.96623975
9714,C14orf93,0.9803659
9715,RAB39B,0.9799478
9716,C3orf52,0.9556691
9717,CHRD,0.9942644
9718,EID3,0.9730817
9719,NOSTRIN,0.9914844
9720,SRPX,0.97004914
9721,ZNF18,0.9844434
9722,TTLL11,0.97149366
9723,PANX1,0.98834664
9724,PLK2,0.9949458
9725,TRIM58,0.9866555
9726,CBFA2T3,0.9834454
9727,NAV2,0.9958361
9728,TACC3,0.9940101
9729,LRRC61,0.95976067
9730,IQCG,0.99054694
9731,CENPO,0.9924544
9732,KCNJ11,0.9921799
9733,HSH2D,0.9687255
9734,CEP72,0.9811152
9735,DERL3,0.9942754
9736,DLG2,0.9937596
9737,NUDT12,0.9766269
9738,ZC3H10,0.97243106
9739,PCLAF,0.96443623
9740,DCAF4,0.9805198
9741,ECHDC3,0.9671735
9742,SLC9A6,0.993929
9743,ITGB6,0.9705759
9744,TBC1D8B,0.9910363
9745,MAMSTR,0.9874406
9746,C1QTNF7,0.9939927
9747,PTGER2,0.98546445
9748,CMTM7,0.9909066
9749,ZDHHC14,0.9880604
9750,ENOX1,0.9817809
9751,ZNF653,0.96514934
9752,COQ10A,0.9822531
9753,STIL,0.9312879
9754,C16orf46,0.9813927
9755,KLK10,0.9927054
9756,SEPTIN1,0.994616
9757,DNAJC27,0.98696434
9758,SAMD12,0.93495023
9759,PIP4K2A,0.9908723
9760,PLXNA2,0.974776
9761,MOCS1,0.9912663
9762,ERI1,0.98910517
9763,SNTB1,0.97969824
9764,NPR2,0.98381096
9765,B3GNT5,0.95210445
9766,JADE3,0.9828213
9767,NEK11,0.9784271
9768,RBMS1,0.9814303
9769,ZNF891,0.9855743
9770,POP1,0.99090207
9771,SRR,0.97547376
9772,GFOD1,0.9723264
9773,SLC22A18,0.98368835
9774,ICAM2,0.95291156
9775,DNA2,0.9782792
9776,SEMA6C,0.9750906
9777,PCSK1N,0.97465664
9778,PLEKHG6,0.96992815
9779,CCDC34,0.9256679
9780,OMD,0.974632
9781,CCDC122,0.9760381
9782,INTS6L,0.97474027
9783,EML1,0.9623201
9784,RASGRF2,0.9964882
9785,HPS1,0.9803614
9786,XKR6,0.978687
9787,TMEM67,0.96799207
9788,ST3GAL1,0.9637944
9789,MAGOHB,0.98301154
9790,POLD1,0.97914267
9791,ETV1,0.9750632
9792,PCDHA11,0.9844951
9793,MFAP3L,0.9369693
9794,LZTFL1,0.97841877
9795,ZNF718,0.9855268
9796,C1orf216,0.986622
9797,FAM81A,0.987342
9798,MCF2L2,0.9577411
9799,CPLX1,0.98545027
9800,GAREM1,0.990351
9801,CABLES1,0.9916079
9802,GAN,0.98303366
9803,DNAH8,0.98649794
9804,IFIT5,0.9866521
9805,COX10,0.96142846
9806,ZNF570,0.9906576
9807,PANX2,0.9850271
9808,ZNF620,0.9917126
9809,ZSWIM6,0.98778594
9810,RTL5,0.988089
9811,EFCAB6,0.9850026
9812,NEDD4,0.9916649
9813,B3GNTL1,0.9752925
9814,UBTD1,0.9449372
9815,MAP1S,0.9896975
9816,TNFRSF25,0.97683454
9817,POLN,0.97874516
9818,DISC1,0.9902544
9819,PCDHB13,0.97713447
9820,THBD,0.9770395
9821,CEP85,0.9661419
9822,MAPK7,0.9911948
9823,SGCA,0.9924597
9824,TMEM229B,0.9802137
9825,SH3RF2,0.9882291
9826,KCNK6,0.9842378
9827,HSPB2,0.992795
9828,ZNF470,0.98445445
9829,LRFN4,0.9874503
9830,ZKSCAN2,0.9818699
9831,ZNF519,0.9617082
9832,KCTD17,0.9793983
9833,SCAI,0.9855871
9834,LTB4R,0.9738122
9835,PRR7,0.98355556
9836,NEK8,0.9485462
9837,WDR53,0.9729689
9838,C3orf18,0.96449184
9839,GPAM,0.97684586
9840,CDON,0.97125304
9841,ARHGEF28,0.98973316
9842,PARS2,0.99019
9843,CD200,0.9955679
9844,FMNL3,0.974255
9845,CLIP2,0.98490036
9846,DSC3,0.96839756
9847,DHFR2,0.9903551
9848,ACHE,0.969161
9849,IRX5,0.991117
9850,CDNF,0.9868933
9851,STEAP3,0.9958157
9852,C14orf132,0.9929861
9853,ADAMTSL1,0.98710704
9854,TTC26,0.97519845
9855,COLQ,0.98751366
9856,CLEC11A,0.97034466
9857,TRPC4,0.98784786
9858,MMP11,0.9380952
9859,FANCI,0.9528821
9860,RBBP8,0.9860499
9861,ANKS6,0.99410594
9862,REEP1,0.99426454
9863,TPBG,0.95274705
9864,SDR42E1,0.9815744
9865,NDOR1,0.979236
9866,LAT2,0.9677065
9867,MAPK11,0.98244
9868,MLKL,0.9903891
9869,CNTNAP1,0.9889884
9870,AFG1L,0.98554236
9871,PTPDC1,0.9902444
9872,CDK18,0.9831076
9873,CCDC88B,0.9791002
9874,ECSCR,0.9791118
9875,POT1,0.95126677
9876,PIM2,0.97719175
9877,MAP3K10,0.99204206
9878,FAM167B,0.9777833
9879,DLK2,0.99244386
9880,RASSF5,0.98863137
9881,POLR3K,0.96246195
9882,GFRA1,0.9966192
9883,NXT2,0.9764162
9884,ZNF408,0.95843005
9885,CCDC146,0.95413494
9886,DOK4,0.95939887
9887,SVEP1,0.9938401
9888,NAGPA,0.96839654
9889,COL23A1,0.9895549
9890,STK33,0.9868097
9891,TMEM241,0.97488683
9892,SLC25A33,0.9716146
9893,LRRCC1,0.9940396
9894,HOXB3,0.9916603
9895,BAIAP3,0.98409534
9896,ADRA2A,0.9715589
9897,ADCY4,0.98433244
9898,SMAGP,0.97556967
9899,METTL24,0.991714
9900,CTNND2,0.97879195
9901,MINPP1,0.9837502
9902,CYTH4,0.98679745
9903,GBGT1,0.9953895
9904,ZNF875,0.9927536
9905,EML6,0.963853
9906,LDB3,0.9880244
9907,CLCF1,0.97599417
9908,XRCC3,0.988835
9909,MAP4K2,0.9741094
9910,TBC1D31,0.99088687
9911,RPGRIP1L,0.99035007
9912,TPX2,0.99285126
9913,POC1B,0.97198397
9914,SWT1,0.9421927
9915,PPARGC1B,0.9952946
9916,RHBDF2,0.9939102
9917,GCH1,0.9808208
9918,COMTD1,0.97248256
9919,SNPH,0.9378876
9920,C1D,0.9765172
9921,EIF5A2,0.9704384
9922,MAPK8IP2,0.96365106
9923,DZANK1,0.9622128
9924,CLEC4A,0.99246454
9925,CNOT11,0.9583995
9926,PRAG1,0.9941924
9927,ST3GAL2,0.9541722
9928,ZCCHC10,0.9626844
9929,ACADS,0.9714158
9930,AOAH,0.9922063
9931,ZNF485,0.9845367
9932,GALM,0.9968953
9933,GLIS1,0.9944753
9934,ADAMTSL2,0.95621836
9935,RHOV,0.77813673
9936,EPM2A,0.98528576
9937,C1orf131,0.9919302
9938,ZNF160,0.9749871
9939,TIPIN,0.98344547
9940,CNTN3,0.9645621
9941,APOO,0.9736748
9942,RASA3,0.9282242
9943,TRAF6,0.9526566
9944,HBEGF,0.993495
9945,JAML,0.9642089
9946,ZNF223,0.93853444
9947,RHOBTB2,0.97773
9948,GATM,0.9923801
9949,SRPX2,0.9731099
9950,GNAZ,0.99212354
9951,BOLA3,0.98142636
9952,PRICKLE1,0.9968542
9953,ZNF79,0.96559346
9954,CA13,0.99321496
9955,TMEM176A,0.97810197
9956,BARD1,0.9871243
9957,GIMAP5,0.99519956
9958,BMP7,0.98272514
9959,CALML4,0.976289
9960,CXXC5,0.99061656
9961,ZNF471,0.9872279
9962,RANBP17,0.9901843
9963,IFNLR1,0.9821396
9964,ZNF202,0.98029476
9965,ETV5,0.994681
9966,RFC4,0.9931922
9967,ZBTB34,0.97045964
9968,QRICH2,0.98520887
9969,NT5M,0.9757929
9970,SERPINI1,0.9943185
9971,QPCT,0.9968117
9972,LIN54,0.977676
9973,PIFO,0.9854306
9974,GUCA1B,0.96287405
9975,ZRANB3,0.9865109
9976,WDPCP,0.99147546
9977,ABCB1,0.94032663
9978,CDH24,0.97939
9979,TNFRSF10A,0.9850539
9980,ST3GAL5,0.9913854
9981,SP4,0.9862212
9982,GFPT2,0.96270955
9983,SAMD9L,0.987988
9984,FBXL6,0.9469863
9985,RNF165,0.99613637
9986,HGF,0.9930754
9987,KCNJ14,0.9539601
9988,CNTNAP2,0.9849979
9989,MUC4,0.981392
9990,CORIN,0.9902326
9991,SLC25A43,0.9913996
9992,CCDC142,0.94920754
9993,EFCAB11,0.9870708
9994,KCNAB1,0.9778518
9995,PDF,0.9778245
9996,NFYB,0.9786031
9997,IGFLR1,0.973466
9998,RRP12,0.9756845
9999,C2orf42,0.9696016
