gene_index,gene,oracle_pcc
0,EPCAM,0.9999195
1,KRT8,0.99997675
2,KRT18,0.9999506
3,AR,0.99782234
4,KLK3,0.999963
5,KLK2,0.99993074
6,ACPP,0.9941981
7,NKX3-1,0.9985632
8,FOLH1,0.9770105
9,AMACR,0.99994147
10,ERG,0.98297894
11,KRT5,0.99413514
12,KRT14,0.98726755
13,TP63,0.99880826
14,SCGB1A1,0.9790168
15,PIGR,0.91082275
16,CHGA,0.96738386
17,ACTA2,0.9999623
18,PTPRC,0.9980447
19,COL1A1,0.99992675
20,TMPRSS2,0.9999363
21,PSCA,0.8932962
22,STEAP1,0.9999114
23,FKBP5,0.99977815
24,KRT15,0.9954696
25,KRT17,0.9176372
26,ITGA6,0.99925506
27,KRT19,0.888929
28,KRT13,0.936758
29,KRT4,0.9777263
30,SCGB3A1,0.92843086
31,LTF,0.6923682
32,TACSTD2,0.9980371
33,CHGB,0.9912164
34,SYP,0.9919018
35,INSM1,0.991645
36,ASCL1,0.92339027
37,NCAM1,0.9949504
38,MYH11,0.9154724
39,TAGLN,0.99996346
40,CNN1,0.99996483
41,DES,0.99996924
42,MYL9,0.9998972
43,CD37,0.99970657
44,CORO1A,0.99803156
45,LAPTM5,0.99996144
46,CD3D,0.9965431
47,CD3E,0.97223496
48,TRAC,0.9954285
49,TRBC1,0.99904203
50,LTB,0.99305314
51,IL7R,0.9995228
52,MAL,0.99659055
53,CCR7,0.99764866
54,TCF7,0.9883238
55,LEF1,0.98636156
56,CD8A,0.86042964
57,CD8B,0.9687362
58,CCL5,0.9951354
59,NKG7,0.9883591
60,PRF1,0.9943
61,GZMK,0.9869553
62,GZMB,0.9870921
63,FOXP3,0.9889399
64,IL2RA,0.9612867
65,CTLA4,0.97736573
66,TIGIT,0.9969662
67,IKZF2,0.9936645
68,CCR8,0.99308896
69,PDCD1,0.98357886
70,LAG3,0.992051
71,HAVCR2,0.9813016
72,TOX,0.9635476
73,CXCL13,0.99262136
74,ENTPD1,0.99971384
75,GNLY,0.92128056
76,KLRD1,0.9568448
77,FCGR3A,0.9986217
78,TYROBP,0.9999479
79,MS4A1,0.88595486
80,CD79A,0.9978758
81,CD74,0.99993014
82,HLA-DRA,0.9988544
83,CD22,0.9982333
84,CD83,0.9936574
85,JCHAIN,0.999634
86,MZB1,0.9736698
87,SDC1,0.9994457
88,IGHG1,0.9996335
89,IGKC,0.9997042
90,XBP1,0.9985984
91,LST1,0.9978638
92,FCER1G,0.99982655
93,CTSS,0.9987881
94,LILRB1,0.9836198
95,LYZ,0.9994736
96,S100A8,0.9313152
97,S100A9,0.9582341
98,FCN1,0.9867177
99,CCR2,0.9901479
100,VCAN,0.96340245
101,MS4A7,0.99974
102,IFITM3,0.999967
103,TYMP,0.998474
104,C1QA,0.9996299
105,C1QB,0.99996537
106,C1QC,0.9997916
107,APOE,0.96886057
108,CD68,0.99988544
109,MSR1,0.99093425
110,MRC1,0.9972564
111,CTSD,0.99964553
112,FOLR2,0.9885932
113,LYVE1,0.9935231
114,CD163,0.99986875
115,SPP1,0.98346967
116,APOC1,0.9798208
117,TREM2,0.99890816
118,GPNMB,0.99985635
119,LGALS3,0.9999052
120,CTSB,0.9999659
121,IL1B,0.99532306
122,SELL,0.98522794
123,FCGR3B,0.87354904
124,CSF3R,0.8523062
125,CXCR2,0.962891
126,FPR1,0.99632573
127,MNDA,0.9433188
128,CLEC9A,0.9655493
129,XCR1,0.97899306
130,BATF3,0.96149516
131,CADM1,0.9995332
132,IRF8,0.9973053
133,CD1C,0.990154
134,CLEC10A,0.98975515
135,FCER1A,0.9885647
136,CST3,0.9994894
137,TCF4,0.99921566
138,IL3RA,0.9926252
139,CLEC4C,0.9860346
140,IRF7,0.9967979
141,TPSB2,0.9981972
142,KIT,0.9983182
143,MS4A2,0.9413874
144,HDC,0.99690425
145,CPA3,0.99992365
146,CLC,0.9822538
147,PRG2,0.98872256
148,SIGLEC8,0.9455614
149,RNASE2,0.98224974
150,EPX,0.96897846
151,COL1A2,0.99995774
152,COL3A1,0.99994975
153,DCN,0.999977
154,LUM,0.9999691
155,COL6A1,0.9998914
156,PDGFRA,0.9998199
157,TPM2,0.9999583
158,CXCL12,0.9994076
159,IL6,0.9758053
160,CFD,0.9998329
161,C7,0.99998647
162,CXCL14,0.99809253
163,COL11A1,0.87776977
164,FAP,0.9765992
165,THY1,0.87868226
166,PDPN,0.9968141
167,INHBA,0.98376966
168,MMP2,0.9999825
169,COL10A1,0.82666194
170,HLA-DPA1,0.9986124
171,HLA-DPB1,0.9991793
172,CIITA,0.9954522
173,PECAM1,0.9999608
174,VWF,0.99946725
175,CLDN5,0.99774927
176,KDR,0.99936134
177,EMCN,0.9961362
178,ENG,0.9998863
179,RAMP2,0.99897206
180,ESM1,0.97412276
181,ANGPT2,0.9291074
182,PLVAP,0.9992863
183,APLN,0.995072
184,PGF,0.9940617
185,RGCC,0.99900216
186,EFNB2,0.9526719
187,SOX17,0.9616749
188,GJA5,0.93024445
189,FBLN5,0.9998573
190,HEY1,0.9941514
191,ACKR1,0.99785393
192,SELP,0.964296
193,SELE,0.9841372
194,NR2F2,0.9998448
195,FLT4,0.9895386
196,CCL21,0.95950866
197,PROX1,0.99286616
198,CCL14,0.99996483
199,RGS5,0.99997234
200,PDGFRB,0.999938
201,CSPG4,0.99765295
202,MCAM,0.99996597
203,NOTCH3,0.99926054
204,ADIPOQ,0.9719659
205,PLIN1,0.97820544
206,FABP4,0.98681283
207,LEP,0.9640566
208,LPL,0.92113864
209,CIDEC,0.9913787
210,S100B,0.99932486
211,SOX10,0.9969431
212,PLP1,0.9943968
213,MPZ,0.99932826
214,S100A1,0.97059065
215,NGFR,0.99864703
216,MKI67,0.9792816
217,TOP2A,0.97558117
218,UBE2C,0.93947816
219,CENPF,0.980666
220,CCNB1,0.9281584
221,CDK1,0.9955148
222,TUBB,0.84722215
223,CA9,0.98902863
224,VEGFA,0.99650407
225,BNIP3,0.95406985
226,PGK1,0.9991245
227,SLC2A1,0.9845598
228,ENO1,0.99162054
229,ISG15,0.9969022
230,IFIT1,0.9928212
231,IFIT2,0.9407106
232,IFIT3,0.9757662
233,MX1,0.9973065
234,OAS1,0.9459782
235,STAT1,0.99956894
236,CXCL10,0.9898671
237,VIM,0.9999873
238,FN1,0.9999728
239,TGFBI,0.99998045
240,SNAI2,0.9998327
241,ZEB1,0.9995581
242,ITGA5,0.99997354
243,LAMC2,0.99099326
244,SERPINE1,0.9999533
245,HBB,0.9875705
246,HBA1,0.99084437
247,HBA2,0.9966079
248,ALAS2,0.79959357
249,GYPA,0.92929626
250,AHSP,0.9114525
251,PPBP,0.9761816
252,PF4,0.92046773
253,GP9,0.9931283
254,RGS18,0.9930559
255,NRGN,0.96289086
256,FOS,0.99997073
257,JUN,0.99998075
258,JUNB,0.99987113
259,DDIT3,0.9994342
260,HSPA1A,0.9709742
261,HSPA1B,0.99505925
262,ATF3,0.99978876
263,MT-CO1,0.7809881
264,MT-CO2,0.8346629
265,MT-ND1,0.799784
266,MT-ND2,0.7874509
267,MT-CYB,0.94079363
268,PTGDS,0.99997836
269,NPY,0.99997693
270,SPON2,0.999968
271,FLNA,0.9999603
272,S100A6,0.9999713
273,OR51E2,0.99996746
274,IGFBP5,0.999909
275,ACTG2,0.9999545
276,CLU,0.9999727
277,F3,0.9999814
278,CEBPD,0.9999766
279,ABCC4,0.9999627
280,GSN,0.99996585
281,SPARC,0.9999497
282,LTBP4,0.9999601
283,C1R,0.99998546
284,PRAC1,0.999986
285,PPP3CA,0.9998238
286,FASN,0.9999165
287,STEAP2,0.9999318
288,SLC30A4,0.9999427
289,GSTP1,0.9999733
290,ACSL3,0.9999646
291,NDRG1,0.9971532
292,SPOCK1,0.9998978
293,NEDD4L,0.99990314
294,DHCR24,0.9997975
295,SLC44A4,0.9999423
296,RHOB,0.99997437
297,ADIRF,0.99939513
298,TUT7,0.9999768
299,CAVIN1,0.99995494
300,CKB,0.99983233
301,SERP1,0.999852
302,TSPAN1,0.9999765
303,UBE2E3,0.9998284
304,HPN,0.99994475
305,IGFBP7,0.9999548
306,CDC42EP5,0.9998614
307,SPDEF,0.99973017
308,MPC2,0.99998564
309,PLPP1,0.9998987
310,HSPB1,0.9999723
311,AZGP1,0.9999495
312,MBOAT2,0.9999869
313,CANT1,0.999967
314,TPD52,0.9999661
315,ZFP36L2,0.99995744
316,ACACA,0.9999794
317,HOMER2,0.99992794
318,FAAH,0.99996567
319,BGN,0.99996495
320,DHRS7,0.9999568
321,FBLN1,0.9999639
322,MYC,0.99625355
323,DUSP1,0.9999757
324,RDH11,0.9999684
325,KIAA1522,0.99993455
326,FXYD3,0.9999479
327,SMTN,0.99995995
328,ZFP36L1,0.99996644
329,ANKH,0.9999489
330,MSMB,0.99961776
331,DDT,0.9999538
332,DDR1,0.9997529
333,CREB3L1,0.99990594
334,GOLM1,0.9999879
335,CCN2,0.99995136
336,ERGIC1,0.9999747
337,MT2A,0.99982476
338,KLK4,0.9999579
339,C1orf116,0.9999703
340,PRSS23,0.9995232
341,UGDH,0.9985666
342,SH3RF1,0.9989102
343,LGALS3BP,0.9999418
344,SMDT1,0.99992317
345,TCEA3,0.9994041
346,SMS,0.99994266
347,TIMP1,0.9999788
348,SYNGR2,0.99995995
349,SLC39A6,0.9999068
350,NBL1,0.99991786
351,UTRN,0.9991827
352,CALD1,0.9999612
353,HOXB13,0.999964
354,EHF,0.99961406
355,DCXR,0.99994195
356,ANXA11,0.9994467
357,SOD2,0.99960047
358,IGFBP2,0.9999783
359,ACTN1,0.9999629
360,APOD,0.99992806
361,MYLK,0.9999455
362,NDUFB10,0.99988663
363,ATP2C1,0.9999323
364,PEA15,0.99991196
365,ARFGAP3,0.99989265
366,SEC11C,0.99984014
367,TOB1,0.99969316
368,NR4A1,0.99992263
369,RAB3B,0.99992794
370,HSPG2,0.9998002
371,MARCKSL1,0.99981344
372,HMG20B,0.9999372
373,FCGRT,0.9998791
374,BMPR1B,0.9999589
375,HEBP2,0.9999904
376,LRIG1,0.99990594
377,ID1,0.9999808
378,SERPINB6,0.9999499
379,TMEM134,0.99995327
380,ELOVL5,0.9999632
381,ELK4,0.99982536
382,CLDN3,0.9998521
383,TSPAN13,0.99997044
384,MAGED1,0.99986947
385,CLDN4,0.9991927
386,PMEPA1,0.9999646
387,SOD3,0.99926716
388,TSPAN8,0.9998484
389,PDE9A,0.99913
390,PRUNE2,0.99945354
391,RSRP1,0.9998589
392,PTPRF,0.99997616
393,HYOU1,0.999825
394,MEAF6,0.99987066
395,RAB18,0.9999079
396,CREB3L4,0.99985826
397,S100A10,0.998281
398,AMD1,0.99991107
399,NPC2,0.99833095
400,SLC2A4RG,0.9996743
401,PATJ,0.99992085
402,S100A11,0.99985623
403,GUCY1A1,0.9997956
404,ECE1,0.993317
405,NME2,0.99988437
406,TAPBP,0.9949664
407,MXRA7,0.99996614
408,CPNE4,0.9999384
409,CDH1,0.99996877
410,TMEM63A,0.9995535
411,NCAPD3,0.9996546
412,EIF3L,0.9970467
413,PDIA5,0.9997408
414,AFDN,0.9996358
415,DHRS3,0.9998492
416,SCP2,0.99989283
417,FLNB,0.99984807
418,ECHDC2,0.9966172
419,ELL2,0.99924153
420,LUC7L3,0.9993025
421,LRRC26,0.9997302
422,CSGALNACT1,0.99946475
423,ATF4,0.9868932
424,MLPH,0.9999846
425,SLC45A3,0.9998033
426,SH3GLB2,0.9988013
427,ARFIP2,0.99953103
428,ADI1,0.9999682
429,KIF5C,0.99992883
430,ODC1,0.99979407
431,WSB1,0.9989014
432,AMOTL1,0.9988223
433,CDC42SE1,0.99985766
434,ALDH1A3,0.99998546
435,PRSS8,0.9999611
436,ATP6AP1,0.99967283
437,ECH1,0.9997058
438,C1orf43,0.9999538
439,SMARCC1,0.9998642
440,MARCKS,0.9967418
441,LAMTOR1,0.9999468
442,MYO6,0.99326414
443,NME3,0.99988025
444,MLEC,0.9998151
445,SLC39A7,0.9999372
446,AZIN1,0.9995512
447,ZMPSTE24,0.99991316
448,NME4,0.9999528
449,ATP5PD,0.99817044
450,NPDC1,0.9999578
451,BTG2,0.9999486
452,CENPX,0.9999554
453,TLK1,0.9997582
454,TJP1,0.9986682
455,STT3A,0.9999094
456,CNPY2,0.9999455
457,GRK2,0.9994601
458,HES4,0.9997751
459,CLDN7,0.99969184
460,NDUFA2,0.9999445
461,CENPN,0.9998726
462,PYURF,0.99988073
463,ATP5MC2,0.9997209
464,DMXL1,0.9998704
465,SSR2,0.99980617
466,PHB2,0.99540573
467,GTF3C6,0.9999083
468,LTBP3,0.9999365
469,STK39,0.9999294
470,CLSTN1,0.99956024
471,SCD,0.9999644
472,IKBKB,0.99942374
473,DYNLL2,0.9995959
474,CYTH2,0.99904
475,RNF187,0.99979556
476,TCF21,0.99994785
477,TSC22D1,0.9998648
478,COX16,0.9998853
479,ATP11B,0.99983233
480,RGL2,0.999853
481,SEC22C,0.9999068
482,MLF2,0.9997874
483,TAF10,0.9997718
484,MRFAP1L1,0.9985819
485,TIMP3,0.99996144
486,NUTF2,0.9983667
487,CYB5A,0.9998733
488,SAT1,0.99955845
489,ABHD2,0.9999684
490,LENG8,0.99911433
491,LITAF,0.99931496
492,CUTA,0.9995691
493,NDFIP1,0.99946046
494,PILRB,0.9970695
495,POLR1D,0.9983301
496,ACSL1,0.99896455
497,TRAPPC5,0.9997148
498,CRISPLD2,0.9999265
499,NHP2,0.99973214
500,BRD2,0.9999399
501,P4HB,0.999875
502,TMED9,0.99990505
503,FLOT2,0.99933344
504,TRPM4,0.9974032
505,SERINC5,0.9999062
506,MT1X,0.9973277
507,NISCH,0.9998634
508,AFF1,0.9994532
509,DEGS1,0.99995697
510,NEFH,0.98665124
511,FARP1,0.9952414
512,POLD2,0.9998495
513,SELENON,0.9504433
514,EMC10,0.9995397
515,ASAH1,0.9998032
516,GLO1,0.9998565
517,CDC42SE2,0.9996355
518,CD46,0.99983126
519,MKNK2,0.9993375
520,GUK1,0.9915944
521,PNRC2,0.99993867
522,APP,0.9999194
523,BCL2L2,0.99977314
524,BCAM,0.9999684
525,IGF1R,0.999942
526,SSBP3,0.9999032
527,DSTN,0.9988337
528,CDK4,0.9973185
529,NDUFC1,0.9998466
530,TSC22D3,0.9999654
531,MLLT6,0.9992293
532,NDUFB11,0.99982214
533,RBM5,0.9935002
534,AKT1,0.99570864
535,EVL,0.999912
536,CASZ1,0.999098
537,COX8A,0.9999343
538,ROMO1,0.99760103
539,ARHGEF38,0.9997975
540,ATXN7L3B,0.99928707
541,HSPE1,0.9999719
542,IFNGR2,0.9997161
543,AURKAIP1,0.9989717
544,SLC4A4,0.99993765
545,DDAH2,0.9998069
546,OR51C1P,0.9998934
547,TXNL4A,0.9998572
548,JPT2,0.9999313
549,ECHS1,0.9995635
550,SRPRA,0.9999014
551,RPN2,0.99993384
552,UQCR11,0.9999603
553,OS9,0.9955975
554,SELENOH,0.99939656
555,GLUL,0.9999902
556,KCNN2,0.99988043
557,SLC35F5,0.9999154
558,PTPA,0.9994756
559,AHSA1,0.9992998
560,NDUFB9,0.9948302
561,ZNF532,0.9990469
562,PTOV1,0.9987623
563,REEP5,0.9995639
564,PLPP5,0.9999028
565,VWA1,0.9999292
566,VMP1,0.9998027
567,BANF1,0.9976667
568,AHNAK,0.99989563
569,ANKRD10,0.9995645
570,MAOA,0.9970445
571,APEX1,0.9996108
572,LUC7L2,0.9998619
573,RHPN2,0.9993918
574,CTDSP1,0.99976933
575,MDK,0.9998548
576,RBM47,0.99935156
577,RAB13,0.99978095
578,MAP7,0.9998995
579,BAG6,0.9994426
580,NDUFS6,0.9998801
581,TGM2,0.9997674
582,LRPAP1,0.9983239
583,TXNDC5,0.99962103
584,MDM4,0.9976262
585,OBSL1,0.9995099
586,HDAC1,0.9968291
587,RABEP1,0.9997342
588,SRSF2,0.9991619
589,ZMYM2,0.99989945
590,SEC61A1,0.9998935
591,BAG1,0.9996697
592,MAP2K2,0.9996968
593,GRINA,0.99853367
594,ATP5MF,0.999965
595,GABARAPL1,0.99992335
596,C4orf3,0.99991834
597,TPM1,0.99994314
598,SUMO3,0.9937455
599,ANAPC16,0.9978803
600,PBX1,0.99998134
601,HSPD1,0.99979055
602,LUC7L,0.9997102
603,IMPDH2,0.9946958
604,RAB5B,0.99979556
605,LMAN1,0.99961823
606,UBXN6,0.98778707
607,CPE,0.9993988
608,NDUFA1,0.999419
609,C12orf57,0.99981827
610,SPINT2,0.9999668
611,DRAP1,0.9992238
612,CGNL1,0.99979085
613,BET1L,0.9924953
614,PYGB,0.99610233
615,SELENOM,0.99997294
616,FAM120A,0.9983539
617,ATP6V0B,0.99986136
618,RBM6,0.99901605
619,ALDH3A2,0.99765956
620,TRIM27,0.99613094
621,HERPUD1,0.99980545
622,PDCD4,0.9991557
623,ATP5F1D,0.9938442
624,CNDP2,0.99978834
625,IP6K2,0.99976856
626,SPIN1,0.9996134
627,COA4,0.99991006
628,COX7A2,0.99976766
629,RAD23A,0.99468553
630,SLC25A37,0.99983287
631,KIF5B,0.9999174
632,COPB2,0.9999008
633,NDUFAF3,0.9999391
634,MCL1,0.99994266
635,CD44,0.9999043
636,NCOR2,0.99940073
637,MAT2A,0.999908
638,NFIB,0.99919534
639,GNL3,0.9998642
640,PA2G4,0.99308836
641,GADD45GIP1,0.9992037
642,TBX3,0.9972293
643,JTB,0.9999298
644,CAPRIN1,0.9996209
645,LAMB2,0.9999037
646,PDCD6,0.9997148
647,TRIB1,0.99974287
648,WDR83OS,0.9997361
649,YIPF3,0.9997619
650,DDRGK1,0.99747574
651,CCDC47,0.99946487
652,PHPT1,0.9999495
653,SNU13,0.9982249
654,VPS28,0.9838762
655,NSF,0.9926199
656,LRP10,0.99907523
657,WDR45B,0.99946904
658,PSMD13,0.99958515
659,DDIT4,0.99993277
660,PLEC,0.99990165
661,SAFB2,0.99987763
662,CD9,0.9999131
663,SIVA1,0.99918616
664,TRA2A,0.99793243
665,PSMB1,0.9995683
666,PPP1R12B,0.999773
667,OGA,0.9825674
668,SCARB2,0.9999459
669,MYDGF,0.9998784
670,USP34,0.9949559
671,WNK1,0.9973851
672,AP3D1,0.99883646
673,COMT,0.99983895
674,TOP1,0.9982904
675,NRP1,0.9998067
676,RAC1,0.99622893
677,EIF5,0.9994955
678,LMNA,0.99997705
679,PNN,0.98947394
680,PSMC5,0.99924743
681,RBM39,0.9971948
682,THRAP3,0.9994796
683,EIF3A,0.99926686
684,CTNND1,0.9997706
685,RTRAF,0.99949324
686,PRDX6,0.9999158
687,TRIR,0.9953849
688,TBC1D9B,0.99705744
689,POLR2L,0.99883175
690,ZNF358,0.9998563
691,TMEM50A,0.99995553
692,CD276,0.9980328
693,LMAN2,0.99964774
694,PSME1,0.9989785
695,CASC3,0.99864364
696,ATN1,0.9995632
697,CD151,0.99918425
698,USF2,0.9996375
699,GRHL2,0.9996727
700,STAT3,0.9975538
701,CALU,0.99884665
702,ZKSCAN1,0.99989504
703,SEC11A,0.99511564
704,TADA3,0.9996859
705,SEM1,0.9996418
706,NDUFB7,0.9993229
707,GALNT7,0.9997853
708,PHF10,0.9988828
709,COPE,0.99971986
710,SYNE2,0.9970151
711,OGT,0.9986088
712,PDIA6,0.99989784
713,ACLY,0.9998078
714,POLR2F,0.9995389
715,CHMP3,0.99964094
716,LGALS1,0.999976
717,TSPO,0.9993778
718,EIF3D,0.9992264
719,RAB2A,0.999554
720,NMRAL1,0.99985397
721,ERH,0.9990721
722,NET1,0.9996665
723,LSR,0.999738
724,REXO2,0.99771136
725,ARHGDIA,0.99969906
726,CAST,0.9976668
727,FOXO3,0.99813735
728,CAPZA2,0.9846417
729,CSNK1D,0.9906222
730,TRAM1,0.9974183
731,COMMD6,0.9991946
732,SAP18,0.99951893
733,SNX1,0.9983108
734,PSMA7,0.99915814
735,DNAJC10,0.99991363
736,EGR1,0.99995816
737,KIF1C,0.9998524
738,FLII,0.99947095
739,HSBP1,0.99983615
740,MAZ,0.999911
741,CHMP4B,0.9986225
742,NPTN,0.9999106
743,ECPAS,0.99907476
744,COL6A2,0.9999535
745,HSF4,0.999712
746,ZBTB7B,0.9995761
747,ZRANB2,0.9987527
748,EIF2AK1,0.9998777
749,NCKAP1,0.9996682
750,TM9SF3,0.9986792
751,CTDSP2,0.99982876
752,TRIM8,0.99942374
753,QKI,0.99987537
754,PNRC1,0.99983746
755,CCDC6,0.99869525
756,AKR1A1,0.9996142
757,TGOLN2,0.9943081
758,GPAA1,0.99825716
759,TMED10,0.9995461
760,AEBP1,0.9999646
761,SAFB,0.99929625
762,HNRNPH3,0.99964315
763,PTGR1,0.99952435
764,NFIX,0.9973488
765,RNPS1,0.9995785
766,COPG1,0.9999407
767,NFE2L1,0.9955137
768,PRKD1,0.9994801
769,COX17,0.9998003
770,SLC37A1,0.9998774
771,TCEAL4,0.9999003
772,CRELD2,0.9995673
773,PITPNA,0.9984521
774,C11orf58,0.9973158
775,A2M,0.99994546
776,C1orf21,0.995521
777,PAK4,0.9993968
778,SURF4,0.9996128
779,STRAP,0.99736905
780,NDRG2,0.9999722
781,EIF3B,0.9980649
782,MANF,0.9996524
783,RCN2,0.9983618
784,EIF3G,0.99859315
785,SYVN1,0.999494
786,TKT,0.9995761
787,PNPLA7,0.999897
788,PLEKHH1,0.9998755
789,SPATA20,0.99984425
790,ACTR3,0.9983614
791,OCIAD1,0.99932647
792,SUMF2,0.99886847
793,RPN1,0.99968493
794,TCF25,0.9989749
795,NAPA,0.9998616
796,FNBP1,0.99993855
797,EIF3K,0.9980181
798,PPP6R2,0.9997551
799,CHMP2A,0.99923193
800,SNHG32,0.9996807
801,AKT3,0.99605757
802,STUB1,0.9967513
803,LSM7,0.99926746
804,PET100,0.9999466
805,TNFSF10,0.99985117
806,NBR1,0.9934917
807,TRAF4,0.99886036
808,SSR4,0.99994427
809,GTF3C1,0.9998609
810,HNRNPD,0.99887747
811,NFKBIA,0.999822
812,RAB3D,0.9998038
813,ACSS1,0.9996469
814,ADD1,0.9998575
815,CNN3,0.9999005
816,DDX24,0.999691
817,WSB2,0.99937105
818,SLC44A2,0.9975186
819,CALM3,0.99994016
820,DUT,0.99837697
821,HDGF,0.9941207
822,GDI1,0.9989717
823,FBXL5,0.99969745
824,MFGE8,0.99996203
825,ARL6IP5,0.9995954
826,CCNL2,0.99799865
827,RAB14,0.99454343
828,CREBZF,0.99956393
829,NDRG3,0.9999381
830,ARPC2,0.9997783
831,SHISA5,0.9976942
832,CCNL1,0.9981692
833,RNF11,0.995234
834,ARCN1,0.999147
835,INTS11,0.9959898
836,TOP2B,0.99906147
837,ATP5ME,0.99997675
838,FAT1,0.99662554
839,ATP2A2,0.99995375
840,MACF1,0.9997461
841,SSU72,0.99863374
842,TCEAL8,0.9995454
843,NAP1L4,0.9983988
844,ATP5MG,0.9983858
845,FLOT1,0.9995606
846,EIF3M,0.9996248
847,FIS1,0.9963347
848,HADHA,0.9985751
849,EIF3H,0.99934316
850,TMEM238,0.99995977
851,UBXN4,0.9997502
852,UBL5,0.99980044
853,NANS,0.9992886
854,CSDE1,0.99989367
855,CAPN2,0.999415
856,RBM17,0.99906975
857,PGD,0.9997383
858,PCBD1,0.999877
859,RAB7A,0.9983067
860,GAA,0.99974215
861,IFITM2,0.9999839
862,ANAPC5,0.99939436
863,NDUFA3,0.9998472
864,ETFB,0.9997978
865,GABARAPL2,0.9984997
866,PAGE4,0.9999778
867,NDUFA13,0.9998611
868,N4BP2L2,0.99950004
869,SERINC2,0.99994564
870,ZBTB7A,0.99783045
871,RHOU,0.9995721
872,MTDH,0.999003
873,DCAF7,0.99238425
874,GPI,0.9996618
875,DDB1,0.99932647
876,PCMTD1,0.9993671
877,RER1,0.9999201
878,KDELR2,0.9999527
879,TUFM,0.998357
880,CNBP,0.9990183
881,LAMTOR4,0.9997347
882,TNS1,0.9999787
883,ICA1,0.99994
884,LAMP1,0.99981534
885,NAA60,0.99967
886,ARPP19,0.9993742
887,ESYT2,0.9998834
888,CRYBG1,0.9999231
889,TMEM141,0.9997575
890,CYB5R3,0.9999367
891,PRPF6,0.9958065
892,ITGB1,0.99981505
893,DSP,0.9998123
894,PGLS,0.99954665
895,HSPB6,0.9999609
896,UBTF,0.99713594
897,MCCC2,0.9999651
898,UFC1,0.99955094
899,PTTG1IP,0.99826396
900,TSPYL1,0.9974248
901,ZMIZ2,0.9966026
902,PPP2R5C,0.9986493
903,HNRNPA0,0.9943519
904,KMT2C,0.9948041
905,BCAP31,0.99979883
906,LAMP2,0.99958503
907,ARPC3,0.9996543
908,CORO1B,0.9996432
909,IVD,0.99184453
910,HNRNPAB,0.9939134
911,PNISR,0.9982525
912,COL16A1,0.9999658
913,RBX1,0.9997966
914,SLC25A39,0.99976736
915,PLD3,0.99969405
916,PNPLA2,0.9996183
917,PLA2G12A,0.99959636
918,PDIA4,0.99979097
919,CKAP4,0.9988516
920,TIMM13,0.999699
921,ERGIC3,0.99986255
922,COPZ1,0.9999481
923,ERP29,0.999814
924,SSR3,0.9991213
925,TLN1,0.99996984
926,TC2N,0.99975157
927,RNF10,0.9982994
928,APH1A,0.9976157
929,HNRNPUL2,0.9995482
930,ANKHD1,0.99859476
931,BRI3,0.9994368
932,RAB11A,0.9998493
933,NDUFV1,0.999439
934,STAU2,0.9973399
935,SPINT1,0.99989754
936,TAX1BP1,0.99928075
937,SHC2,0.9971775
938,TMEM259,0.99781036
939,SEL1L,0.9994935
940,UBE2I,0.9955083
941,PFN2,0.99937487
942,LONP2,0.99955314
943,WDR82,0.99239314
944,HSD17B4,0.9995103
945,G3BP2,0.99993914
946,SYNM,0.99995434
947,SDF4,0.99985874
948,ARHGAP6,0.99976546
949,ZNF664,0.9997295
950,CLIC1,0.9997381
951,PDLIM5,0.99876255
952,DPP7,0.99926984
953,TAF15,0.9992616
954,CAB39L,0.9998321
955,THOC7,0.99186987
956,TXNIP,0.99756587
957,SPG21,0.99905866
958,IL6ST,0.9999476
959,FBP1,0.9999521
960,PXDN,0.99839336
961,CTSZ,0.9996818
962,SENP6,0.99849653
963,ATP1A1,0.9980875
964,PGM3,0.999932
965,ATP5PF,0.9997641
966,TAF7,0.9989816
967,FOXP1,0.9996704
968,SUPT5H,0.9972447
969,CCDC50,0.9957346
970,DBI,0.99986666
971,ELAVL1,0.9985017
972,ESRP1,0.99995947
973,TBC1D8,0.9997553
974,ARFGEF3,0.9988444
975,SUN2,0.9939048
976,POLR2I,0.999434
977,GNB1,0.99990666
978,BCL2L1,0.98925537
979,STAT6,0.99950844
980,TRMT112,0.9979143
981,SRRT,0.99700224
982,SELENOW,0.99980605
983,SLC1A5,0.9975739
984,SORL1,0.9993923
985,ILF3,0.9968256
986,SNRNP40,0.99679315
987,MTERF4,0.9982942
988,PHLDB2,0.99981225
989,WDR6,0.99855006
990,MTA1,0.9981939
991,C6orf62,0.9998384
992,TMED4,0.99953383
993,ARL6IP4,0.9993331
994,ZBTB10,0.99971884
995,PSMB4,0.99836475
996,RALBP1,0.9992692
997,ALG13,0.9954188
998,WASF2,0.999597
999,VPS26B,0.9695675
1000,KTN1,0.99412644
1001,SEC61G,0.9998841
1002,CLIP1,0.9995606
1003,GPX4,0.9999415
1004,DAP,0.9997598
1005,SC5D,0.99980485
1006,SYT7,0.99984574
1007,NDUFA11,0.99932635
1008,ACADVL,0.9993576
1009,MTHFS,0.99993587
1010,EMILIN1,0.9999583
1011,CCT3,0.99957895
1012,FOXA1,0.99997467
1013,BRD4,0.9963151
1014,HID1,0.9996734
1015,KIAA1217,0.9962528
1016,TRA2B,0.99799687
1017,LAMC1,0.999702
1018,CSNK1G2,0.999383
1019,SLC38A10,0.9976147
1020,HECTD1,0.9995521
1021,CELF1,0.9996901
1022,EPHX1,0.99986756
1023,TRIOBP,0.99965
1024,RELA,0.99822617
1025,SLC12A2,0.99974716
1026,CSTB,0.98912644
1027,CMPK1,0.9998919
1028,URI1,0.99724066
1029,YPEL5,0.99875844
1030,SRSF7,0.9994869
1031,PEBP1,0.99982643
1032,ZNF649,0.9998913
1033,GNAI2,0.99983823
1034,SLC25A3,0.99763733
1035,ERBB2,0.99936277
1036,PLXNB2,0.98051107
1037,SND1,0.9998811
1038,SMCO4,0.99989647
1039,UBE2V1,0.99665004
1040,TGIF1,0.9921987
1041,CSAD,0.9945315
1042,VPS36,0.9986688
1043,PGRMC2,0.9961271
1044,SLC35E1,0.999929
1045,TM9SF2,0.99982
1046,SOX4,0.9996118
1047,ARPC4,0.99823844
1048,KMT2E,0.9966965
1049,ANKRD11,0.99985707
1050,TMEM123,0.99915886
1051,NDUFB2,0.99962854
1052,EFNA1,0.99820936
1053,DNAJC3,0.9998495
1054,CDYL2,0.99980503
1055,TMEM87B,0.9999411
1056,IDH2,0.9997496
1057,NT5C2,0.99946487
1058,IL1R1,0.9997437
1059,NENF,0.9988481
1060,ZFAND5,0.9997731
1061,VAMP2,0.99954367
1062,RNF5,0.9998504
1063,NUMA1,0.99908453
1064,ADAR,0.9988556
1065,BCL2L13,0.99852496
1066,PIN1,0.9987641
1067,KLK11,0.9996344
1068,CLK1,0.9990818
1069,ANK3,0.99676543
1070,ALKBH7,0.9997288
1071,ALKBH5,0.99876523
1072,DIDO1,0.99962825
1073,SMARCA5,0.9996613
1074,HP1BP3,0.9988291
1075,SEC62,0.9908392
1076,PSMF1,0.99874103
1077,RAB5IF,0.99969935
1078,NUCB1,0.9994843
1079,DHX15,0.9990597
1080,ANTXR2,0.9997824
1081,VPS4A,0.9941606
1082,ATP5F1A,0.9957154
1083,GNAQ,0.99708486
1084,IFNAR1,0.999639
1085,CLPTM1L,0.99905384
1086,ZNF428,0.9930935
1087,UQCRC1,0.9991763
1088,PPP1CB,0.99989766
1089,ARF3,0.9955179
1090,SET,0.997396
1091,MOGS,0.99986386
1092,TMEFF2,0.9844175
1093,RABL6,0.9994066
1094,MATN2,0.9999261
1095,AKT2,0.9997214
1096,PJA2,0.99964815
1097,POLDIP3,0.9814657
1098,COPA,0.99984145
1099,PTK2,0.9994848
1100,PRELID3B,0.9999487
1101,SNX17,0.98839474
1102,RNF130,0.99979013
1103,REEP3,0.9992055
1104,RAB5C,0.99830455
1105,EHBP1L1,0.99997526
1106,FGFRL1,0.9997032
1107,ALCAM,0.9998535
1108,MAX,0.99733484
1109,ARF4,0.99991506
1110,RWDD1,0.99922144
1111,TMEM59,0.9996312
1112,PRDX5,0.999221
1113,CBFA2T2,0.9999373
1114,CHTOP,0.99989426
1115,SLC39A9,0.9998524
1116,SDC4,0.99983335
1117,ATXN10,0.99992394
1118,CCT8,0.99770236
1119,BAZ1B,0.9965338
1120,ARIH1,0.9993765
1121,EMD,0.99984187
1122,YWHAQ,0.99996036
1123,NIBAN2,0.99874043
1124,SLC3A2,0.99870574
1125,DLG5,0.9935006
1126,OAZ2,0.99945736
1127,RERE,0.99941945
1128,MCF2L,0.99903667
1129,GRSF1,0.99872506
1130,MICOS10,0.9996419
1131,CAPZB,0.99962527
1132,NUPR1,0.9999263
1133,SEC13,0.9988968
1134,HNRNPU,0.99922436
1135,SMARCE1,0.99627024
1136,CHPF,0.9993879
1137,SEC22B,0.9991369
1138,XRCC6,0.9984829
1139,COX4I1,0.9989684
1140,SLIRP,0.99978423
1141,NCOR1,0.9970144
1142,YWHAG,0.99953234
1143,PCM1,0.9988862
1144,GOLGB1,0.999928
1145,PSMB5,0.998352
1146,EID1,0.9997373
1147,FKBP8,0.999906
1148,PPP2CB,0.999733
1149,ZNF350,0.9998833
1150,TBL1XR1,0.99970037
1151,KHSRP,0.9988859
1152,CCN1,0.9999222
1153,TAGLN2,0.99995047
1154,CHMP1B,0.98756206
1155,FBN1,0.9999656
1156,GRHPR,0.98101085
1157,ZDHHC20,0.99693817
1158,SEC31A,0.9932924
1159,SAT2,0.9944758
1160,EPN1,0.9955046
1161,CHCHD1,0.99965745
1162,PPP1R1B,0.99345815
1163,KHDRBS1,0.9990722
1164,CTNNA1,0.9997074
1165,NUCKS1,0.99975455
1166,C1S,0.99998295
1167,ACIN1,0.9973908
1168,PARK7,0.99986404
1169,SEPTIN9,0.99992317
1170,LRP1,0.9966442
1171,PCGF2,0.99958515
1172,C19orf53,0.9981484
1173,PRRC2A,0.998612
1174,PDLIM3,0.9999702
1175,CAPN1,0.99768925
1176,CD2AP,0.99960434
1177,ENC1,0.99742365
1178,NUDT9,0.99778974
1179,PRRC2C,0.99860466
1180,ATP5IF1,0.9999743
1181,KLC1,0.99922806
1182,SETD3,0.9940985
1183,BACE2,0.99296695
1184,SNRNP200,0.9986103
1185,RAB1B,0.9973144
1186,KMT5B,0.9992464
1187,MIF,0.9999382
1188,GPS1,0.99956626
1189,GPBP1L1,0.9997824
1190,SLTM,0.99547005
1191,ZNF680,0.994692
1192,POMGNT1,0.9757278
1193,PDGFA,0.9991034
1194,ANP32E,0.9999839
1195,CCNG1,0.99987006
1196,PPP4R2,0.9971113
1197,SPCS3,0.9994997
1198,PLA2G2A,0.9407047
1199,TUSC3,0.9998529
1200,SGSM3,0.9995533
1201,SF3B2,0.99881524
1202,DCTD,0.9996509
1203,USP7,0.998172
1204,DCTN4,0.99215734
1205,TRAP1,0.9982711
1206,NME1,0.9999025
1207,TAOK3,0.9994583
1208,BSDC1,0.99778837
1209,CYC1,0.9927058
1210,MXD4,0.995476
1211,PSMA4,0.99982166
1212,PIM3,0.99813217
1213,SON,0.99769264
1214,APRT,0.99973977
1215,TMEM168,0.9944187
1216,TMC5,0.999912
1217,MAP4,0.99926865
1218,MTCH1,0.99952424
1219,CLTA,0.9948178
1220,SF3B5,0.99883425
1221,PFDN5,0.9968669
1222,PGRMC1,0.9999379
1223,RNASET2,0.9994659
1224,IER2,0.9999712
1225,ATRAID,0.9934163
1226,ANAPC13,0.999893
1227,NFIC,0.9998566
1228,UQCC3,0.9998517
1229,MCRIP1,0.9997301
1230,SRSF1,0.99946684
1231,HNRNPR,0.9998258
1232,AKAP9,0.99883264
1233,PTK7,0.99842966
1234,SYAP1,0.9995574
1235,LCP1,0.9932603
1236,MORF4L1,0.99965215
1237,ARID5B,0.99960214
1238,NRDC,0.98368174
1239,GTF2I,0.9998454
1240,WDR26,0.99925834
1241,VASP,0.9988421
1242,CAMLG,0.9994296
1243,RABEP2,0.9999521
1244,BTBD2,0.99321175
1245,POLR2G,0.9991186
1246,ST13,0.9945483
1247,TALDO1,0.9984662
1248,GOLGA3,0.99915844
1249,BEX4,0.9942561
1250,DDX3X,0.9998153
1251,SVIL,0.9999342
1252,PRXL2A,0.9997918
1253,TMEM9,0.9966885
1254,TOMM7,0.99515367
1255,KCTD3,0.99922097
1256,HK1,0.99583244
1257,APLP2,0.9997915
1258,ACTR1B,0.9892893
1259,EMC4,0.9996929
1260,NCBP2,0.99941146
1261,RAB4A,0.9994205
1262,RNASEK,0.9947319
1263,HNRNPF,0.99780905
1264,SAR1B,0.9998564
1265,PRRC2B,0.9990666
1266,KPNB1,0.9985076
1267,BZW1,0.99969995
1268,NKTR,0.9932666
1269,MAL2,0.9999219
1270,UQCRQ,0.9999232
1271,UBE2E2,0.9988142
1272,PAPOLA,0.9997099
1273,RAB5A,0.99840343
1274,AP2S1,0.99994075
1275,TP53I11,0.9997555
1276,RBM12,0.9998441
1277,SF1,0.99671733
1278,LIMS2,0.9999653
1279,THOC2,0.99849355
1280,ATP8B1,0.99909514
1281,RAB3IP,0.9998795
1282,LGMN,0.9997783
1283,CERS2,0.9998816
1284,SZRD1,0.9981098
1285,SUCLG1,0.9974482
1286,AAMP,0.9957726
1287,TMEM98,0.9987062
1288,TRIP12,0.9994982
1289,TMEM263,0.99534637
1290,VAMP8,0.99981886
1291,NRBP2,0.9965997
1292,SELENOP,0.99990296
1293,ASPH,0.9993377
1294,COX6C,0.9997693
1295,ARF1,0.9999504
1296,ANXA5,0.9945475
1297,PRKACA,0.99785477
1298,KDM5D,0.99771595
1299,ARL1,0.99956554
1300,NDUFV3,0.999253
1301,VPS13B,0.9991742
1302,SETD7,0.9996537
1303,KDM1A,0.99930114
1304,VDAC2,0.99922127
1305,TMEM230,0.99952674
1306,CTSH,0.9832404
1307,NDUFA10,0.97805804
1308,NXF1,0.9997496
1309,PPP1R10,0.99475104
1310,RTN4,0.9968275
1311,ZG16B,0.9999479
1312,ZDHHC9,0.9998676
1313,GPR160,0.99986815
1314,EIF4G1,0.99949974
1315,SCAF11,0.9992742
1316,ADNP,0.9980979
1317,STARD10,0.9991871
1318,ENAH,0.9998617
1319,CTNNBIP1,0.99955416
1320,SSR1,0.99992645
1321,FOXP4,0.9974892
1322,PICK1,0.99982655
1323,CAMKK2,0.9999445
1324,CDC16,0.99687135
1325,KLHL5,0.99989283
1326,PSMB2,0.9946435
1327,NDUFS4,0.9994016
1328,NSMF,0.9997232
1329,TMEM165,0.9988203
1330,MDH2,0.9973854
1331,CSTF3,0.9960848
1332,ENTPD6,0.99976885
1333,TIA1,0.99887425
1334,MKRN1,0.9970815
1335,RAB10,0.99956614
1336,OST4,0.9996147
1337,PRDX4,0.9985108
1338,QTRT1,0.99466026
1339,KXD1,0.996548
1340,COPS6,0.9997501
1341,TAOK1,0.99854064
1342,PRDM2,0.99984777
1343,GATA2,0.984513
1344,DCAF8,0.9984292
1345,CD99,0.9999184
1346,STEAP4,0.998945
1347,DEK,0.99952084
1348,FUBP1,0.9987823
1349,CAPNS1,0.9977987
1350,CHCHD10,0.9997856
1351,CHID1,0.9994448
1352,MFF,0.99950165
1353,SMARCA2,0.99787366
1354,PMPCB,0.99879205
1355,TACC2,0.99986315
1356,TCIM,0.99184966
1357,PRMT2,0.9996798
1358,COX14,0.9996892
1359,ARRDC3,0.999926
1360,RAP1A,0.99963385
1361,SERGEF,0.9904983
1362,RMND5A,0.99677205
1363,ANXA3,0.9998986
1364,MAF1,0.99920917
1365,SERBP1,0.9986964
1366,EIF1,0.9991915
1367,FBXW4,0.99939775
1368,TOM1L1,0.99993896
1369,OSBPL9,0.9997212
1370,PLEKHB2,0.99863124
1371,CDC42BPB,0.99900436
1372,MFSD10,0.99857104
1373,COX6B1,0.99991775
1374,DHPS,0.99905866
1375,ANXA1,0.99900335
1376,COL6A3,0.9999584
1377,ACAA1,0.9981831
1378,KIF1B,0.9986901
1379,BCLAF1,0.9967793
1380,NFE2L2,0.9998532
1381,KDM4B,0.99514604
1382,UBAP2L,0.9976748
1383,MTX2,0.99990463
1384,STX5,0.9994185
1385,HGS,0.9958379
1386,NDUFS8,0.99983776
1387,CPSF6,0.99960315
1388,USP47,0.9933654
1389,ATP5MC3,0.99915576
1390,COPB1,0.99954796
1391,PPP1R15B,0.9991794
1392,DLGAP4,0.9994308
1393,STX16,0.99668473
1394,ASTN2,0.99983597
1395,COL9A2,0.9992773
1396,EEF1B2,0.9991909
1397,JUP,0.9969243
1398,ZNF217,0.9993866
1399,YME1L1,0.99878
1400,ZFP91,0.9997382
1401,TRIM2,0.99979126
1402,ADAM9,0.9986894
1403,MAPRE1,0.9998187
1404,SYNPO2,0.99995106
1405,NRIP1,0.99978125
1406,TP53INP1,0.97794485
1407,PAFAH1B1,0.999845
1408,STARD3NL,0.99988306
1409,ST14,0.99985355
1410,BPTF,0.9766792
1411,ARG2,0.9997373
1412,ATPAF1,0.99881506
1413,SF3B6,0.9890542
1414,PPP6R3,0.9989468
1415,MCFD2,0.99951863
1416,NSA2,0.9933929
1417,UBE2R2,0.99926245
1418,JAG1,0.99982476
1419,RBM3,0.99908894
1420,RING1,0.99811447
1421,HNRNPC,0.99954575
1422,MAP1B,0.99996525
1423,TOB2,0.999537
1424,CANX,0.99987817
1425,PSMD8,0.99908864
1426,NDUFS5,0.99978197
1427,DNAJB2,0.98384666
1428,COX7A2L,0.9992419
1429,LDB1,0.9998227
1430,MAPK10,0.9983171
1431,PI4KA,0.99967265
1432,SRSF11,0.9993117
1433,INSIG1,0.9997066
1434,EIF4A1,0.998698
1435,ZCRB1,0.99989474
1436,DDX39B,0.996987
1437,STK25,0.99809563
1438,PPIB,0.9989702
1439,UBE2Q1,0.9952406
1440,IK,0.9996803
1441,GLG1,0.99922204
1442,FUS,0.99956286
1443,PBXIP1,0.9998988
1444,UBA2,0.99954796
1445,SNRPD1,0.9963643
1446,LSM4,0.99953896
1447,TFDP1,0.99822366
1448,PPP1CA,0.99965286
1449,CRACR2B,0.99932814
1450,GOLPH3,0.9999026
1451,HIPK2,0.9997126
1452,SOX9,0.9874628
1453,MACROD1,0.9982145
1454,ELP2,0.9990515
1455,UBE2B,0.999518
1456,COL4A1,0.9999828
1457,PRKAA1,0.99898404
1458,CLTB,0.99966836
1459,COA3,0.999755
1460,PYCR1,0.9998445
1461,PITPNB,0.9998523
1462,PUM1,0.9995353
1463,KDELR1,0.99968493
1464,ATP5F1E,0.9995134
1465,METTL9,0.9997668
1466,DAG1,0.9998719
1467,DNAJB1,0.99736863
1468,PDHA1,0.99960274
1469,TRPM8,0.99933505
1470,GLRX5,0.9956958
1471,TNK2,0.99951804
1472,ATOX1,0.99912596
1473,ADH5,0.9997899
1474,SCAND1,0.9990014
1475,COX5B,0.99937934
1476,RABAC1,0.9871686
1477,CLIC4,0.99992806
1478,ANP32A,0.9995903
1479,PSMC4,0.9964692
1480,P4HTM,0.99986815
1481,SDHA,0.9992633
1482,UBE2G2,0.99608976
1483,ADCY6,0.98775715
1484,ZNF33A,0.99890095
1485,HSPA9,0.98499286
1486,CERS4,0.9998953
1487,NCSTN,0.99984014
1488,CPNE1,0.9994853
1489,ATP6V0D1,0.9993582
1490,SNX3,0.9997834
1491,ZYX,0.9999416
1492,POLR2H,0.9952543
1493,OTUB1,0.9980936
1494,CNPY3,0.9985441
1495,RNF141,0.99828815
1496,TIMP2,0.99997556
1497,VDAC3,0.9992425
1498,ZNF146,0.9975629
1499,SORBS2,0.989939
1500,GSTK1,0.999507
1501,PYCR2,0.998016
1502,RNF213,0.9991141
1503,TOX4,0.99901533
1504,STAG2,0.9980648
1505,USP22,0.9959595
1506,GREB1,0.99904025
1507,CMTM4,0.9997899
1508,COQ4,0.999787
1509,ARPC1B,0.9999217
1510,POLR2K,0.9988107
1511,PSMD4,0.99961627
1512,ATF2,0.9992981
1513,SFPQ,0.9995296
1514,SPCS1,0.995036
1515,PDCD5,0.9993895
1516,DCTN2,0.99909025
1517,PPP1R12C,0.99991286
1518,VDAC1,0.99966097
1519,ANXA7,0.9956014
1520,SPSB3,0.9994595
1521,EIF6,0.9977164
1522,SYTL1,0.99955875
1523,LARP4B,0.9998394
1524,WBP2,0.99712974
1525,PAWR,0.99643624
1526,ATG4B,0.99856836
1527,DNM2,0.9993365
1528,PDCD6IP,0.9994621
1529,SPTAN1,0.99947
1530,TMEM179B,0.99986434
1531,BCL7C,0.99954504
1532,UBE2H,0.9989491
1533,HNRNPLL,0.9994749
1534,ZFAND1,0.98641425
1535,LSS,0.9998448
1536,RBM25,0.99914145
1537,CFLAR,0.99972665
1538,MGAT4B,0.9711413
1539,SNAP23,0.99964935
1540,UACA,0.999438
1541,NCOA4,0.98201686
1542,RAP1GAP,0.9973733
1543,BSG,0.9998881
1544,AHCYL1,0.9990897
1545,ARGLU1,0.99654037
1546,ZBTB16,0.9966406
1547,PPM1A,0.99254
1548,SEC63,0.9921732
1549,HSPA5,0.99960685
1550,SORBS3,0.99954015
1551,ARHGDIB,0.9999279
1552,ATF6B,0.99896693
1553,ITGB5,0.99912846
1554,RSL1D1,0.9920262
1555,SDCBP,0.9970887
1556,IFI6,0.99959314
1557,CYB561,0.9998736
1558,CMTM6,0.99797785
1559,FDFT1,0.99954444
1560,DMPK,0.99980116
1561,UBE2D2,0.9987897
1562,C1orf122,0.995026
1563,VPS13A,0.99948895
1564,FAM3C,0.9992344
1565,SSBP1,0.99424016
1566,GOT2,0.9996024
1567,NDUFB6,0.99806756
1568,TSPAN3,0.9997333
1569,CHD2,0.9910853
1570,FAM174B,0.9999116
1571,RBL2,0.97913724
1572,CALCOCO2,0.9997703
1573,TXN2,0.9958612
1574,MSI2,0.98466647
1575,RTF2,0.9972474
1576,AIDA,0.99863577
1577,ITGAV,0.9991716
1578,CLASRP,0.997279
1579,MED13L,0.99957633
1580,BEX3,0.9977279
1581,LZIC,0.9978734
1582,FAM193B,0.99647784
1583,MCM7,0.99692994
1584,PICALM,0.99958146
1585,ATP11A,0.99738365
1586,TNKS2,0.98440504
1587,TCP1,0.9998919
1588,DCAF5,0.9997594
1589,KLF9,0.9999062
1590,MAP2K1,0.9999285
1591,PTPN12,0.9997611
1592,INF2,0.9995184
1593,TDP2,0.9996766
1594,CBX5,0.99840105
1595,SELENOK,0.99719405
1596,GDI2,0.99754566
1597,ASH1L,0.9998248
1598,WDR1,0.99988955
1599,PUF60,0.9990612
1600,CRIM1,0.99993837
1601,SORBS1,0.9999674
1602,GRAMD1A,0.998487
1603,SEC24C,0.99236536
1604,HINT1,0.9999349
1605,PCBP2,0.9946687
1606,FOXN3,0.99992007
1607,MESD,0.99921846
1608,RNH1,0.99033797
1609,LIFR,0.9969889
1610,TSPYL2,0.9998745
1611,NOP53,0.9989444
1612,RAB21,0.9988454
1613,VPS54,0.9997606
1614,FBXW2,0.9986306
1615,INSR,0.99860716
1616,TXNDC11,0.99991524
1617,CRLS1,0.9994467
1618,PSMA2,0.9992672
1619,RHOT2,0.9987283
1620,HNRNPUL1,0.99964017
1621,ALG5,0.99971414
1622,RRAS,0.99996114
1623,FAM120AOS,0.9991462
1624,RAB1A,0.999623
1625,SNX19,0.99827176
1626,DYNC1LI2,0.99826634
1627,MAGT1,0.99978834
1628,DCTN1,0.9971511
1629,COLEC12,0.9999279
1630,VCP,0.99945414
1631,CLPTM1,0.99925554
1632,PAIP2,0.9938785
1633,ANP32B,0.99881065
1634,SREBF2,0.9980304
1635,CRCP,0.99572563
1636,YPEL3,0.99995476
1637,HBS1L,0.99554825
1638,ATP9B,0.99752015
1639,ERCC1,0.9949031
1640,PRPF3,0.9996953
1641,SRSF4,0.99907243
1642,ORMDL3,0.9993504
1643,HCFC1R1,0.9998608
1644,PRPF19,0.99930185
1645,GASK1B,0.9997273
1646,ZMIZ1,0.99924636
1647,TRIM28,0.9961169
1648,SGMS1,0.99978834
1649,DNAJC7,0.9994443
1650,LARP4,0.99959856
1651,MMADHC,0.9990872
1652,FAM210B,0.9999163
1653,YIPF4,0.9996501
1654,IGFBP3,0.99992204
1655,DDX42,0.9993141
1656,ZC3H14,0.99955547
1657,TMX2,0.9996035
1658,CHKB,0.9900398
1659,SYMPK,0.99930906
1660,RALY,0.9985235
1661,GPATCH2L,0.9995449
1662,HIPK3,0.9997046
1663,ITFG1,0.99659646
1664,SLAIN2,0.9965426
1665,EGLN2,0.9866838
1666,PDCL3,0.99979544
1667,DDX23,0.98823977
1668,SCCPDH,0.999768
1669,SOD1,0.99860704
1670,LRP11,0.9929116
1671,SRC,0.9945683
1672,NCOA1,0.9998242
1673,TNPO1,0.9987526
1674,SYNJ2BP,0.9922695
1675,PACSIN2,0.99622506
1676,CDKN1B,0.9986633
1677,LRCH4,0.99876404
1678,TTC3,0.9998784
1679,PRRX1,0.9999452
1680,FNIP2,0.9996691
1681,AGR2,0.99997455
1682,SLC25A4,0.9996208
1683,SEC14L2,0.99910736
1684,ID2,0.9998332
1685,PDS5A,0.99565136
1686,UBA1,0.9997254
1687,EIF1B,0.99955213
1688,FNBP4,0.99898887
1689,PLPPR2,0.97112286
1690,FAM89B,0.9946114
1691,LSM14A,0.9986434
1692,SQOR,0.99938846
1693,DDOST,0.9997287
1694,MORF4L2,0.99631613
1695,SF3B1,0.9985637
1696,SEPTIN2,0.99938583
1697,SETD5,0.996902
1698,NAA38,0.99981475
1699,CSNK2B,0.9996048
1700,SNRPC,0.99889034
1701,PRNP,0.9998936
1702,CUL4A,0.9840305
1703,CRELD1,0.99965286
1704,UQCRB,0.9994302
1705,PARVA,0.99985415
1706,DNPEP,0.9747595
1707,CAMK2N1,0.99994326
1708,SPARCL1,0.99995774
1709,TMEM214,0.99374956
1710,PRPF8,0.99424994
1711,FSTL1,0.99501693
1712,PPP3CB,0.9990408
1713,NDUFA7,0.9999771
1714,TM4SF1,0.9993368
1715,WWC1,0.9997544
1716,MTPN,0.99924695
1717,CCT5,0.9996855
1718,FKBP3,0.99980545
1719,PALLD,0.999977
1720,NIPSNAP2,0.9976517
1721,GNPTG,0.9991832
1722,MPST,0.9993585
1723,FNDC3B,0.99933815
1724,YY1,0.9933428
1725,TIMMDC1,0.99753296
1726,NFIA,0.99968886
1727,DVL3,0.99850047
1728,ATP8A1,0.9998478
1729,MAPK1IP1L,0.9995539
1730,DDX21,0.98228365
1731,SF3A1,0.9992502
1732,NCL,0.9995831
1733,PAN3,0.99744266
1734,ERP44,0.9992292
1735,FMC1,0.9999118
1736,COPS9,0.9708494
1737,ZNF638,0.9992219
1738,IQGAP1,0.99975955
1739,DBNL,0.9995196
1740,INO80B,0.99452007
1741,CHURC1,0.99928796
1742,ST6GAL1,0.9992667
1743,TXNL1,0.9994834
1744,C8orf33,0.9998503
1745,CLCN3,0.99965817
1746,CTDNEP1,0.99768597
1747,TPD52L2,0.9985739
1748,TNKS1BP1,0.9997903
1749,YY1AP1,0.99948025
1750,KMT2D,0.9951419
1751,SMARCD2,0.99848235
1752,GANAB,0.9995853
1753,SLC26A2,0.9874794
1754,UBP1,0.9993694
1755,NELFCD,0.9964766
1756,PHF1,0.9985007
1757,YTHDC1,0.9996675
1758,GATD1,0.99516946
1759,SMCHD1,0.9998629
1760,CLCC1,0.986866
1761,POM121,0.9927805
1762,TMED2,0.99995553
1763,PITRM1,0.9923008
1764,TMED3,0.999936
1765,PSMB7,0.99733984
1766,CBX3,0.99899054
1767,DDX6,0.9996683
1768,BECN1,0.99821305
1769,ZNF587B,0.9998687
1770,CALR,0.9999209
1771,FBXO7,0.99681306
1772,CALCOCO1,0.99982417
1773,POLR2B,0.999637
1774,BAD,0.9750831
1775,PPP4R3A,0.9942065
1776,AP2M1,0.9999016
1777,OSBP,0.99832106
1778,ENOPH1,0.99991393
1779,SLC39A1,0.86206853
1780,ABCC1,0.99108195
1781,BNIP3L,0.99854183
1782,DDX46,0.99503314
1783,EIF2B5,0.99899673
1784,HDLBP,0.99984026
1785,SP3,0.99773437
1786,ANKRD17,0.99509263
1787,SH3YL1,0.99437237
1788,RHOBTB3,0.9982053
1789,ATP9A,0.99842536
1790,CUX1,0.9995566
1791,PPM1G,0.9995359
1792,SRM,0.999072
1793,MTG1,0.99965125
1794,PSMD11,0.98509735
1795,GMPR,0.99989754
1796,MGAT1,0.9994798
1797,PM20D2,0.9994875
1798,UBQLN1,0.99889696
1799,ZNF552,0.9988175
1800,MARK3,0.9981528
1801,CCDC12,0.99588114
1802,PHC3,0.9986003
1803,LTBR,0.99810994
1804,SLC30A9,0.9997419
1805,PHF12,0.97193635
1806,CTTN,0.9971105
1807,TMEM106B,0.99599266
1808,PURB,0.9983265
1809,CHSY1,0.9958815
1810,LBH,0.98798704
1811,FAM50A,0.9976465
1812,FKBP9,0.99668264
1813,NFAT5,0.9990256
1814,ARID1B,0.9986264
1815,NUDT3,0.9998904
1816,PDE3B,0.9945352
1817,NOP58,0.9988079
1818,SLC35C2,0.99671525
1819,DNAJA4,0.99822867
1820,SPTBN1,0.9997971
1821,PRPF4B,0.99786526
1822,CBX6,0.9992428
1823,PSD4,0.9994942
1824,BIN1,0.99952984
1825,KLHL24,0.99559593
1826,MYEF2,0.9801757
1827,UBR5,0.996511
1828,ADAM10,0.99966854
1829,ROCK1,0.99903744
1830,WIPI2,0.98643
1831,ORMDL1,0.9992877
1832,DDX1,0.9993488
1833,MYO1C,0.99983704
1834,ZNF331,0.9955419
1835,POLDIP2,0.9862451
1836,CBFB,0.9943148
1837,MYH9,0.9994807
1838,SUPT6H,0.99971104
1839,SHTN1,0.9997846
1840,BLCAP,0.973729
1841,RALB,0.9991955
1842,HEXB,0.9995984
1843,EI24,0.99784476
1844,CAMK1,0.9998239
1845,FAM162A,0.9994879
1846,SMARCB1,0.9986247
1847,MACO1,0.99973696
1848,PRRC1,0.99891275
1849,PTRHD1,0.9998546
1850,INTS10,0.99655867
1851,DR1,0.99822026
1852,MSL1,0.99342525
1853,EIF4H,0.9973548
1854,HOXA10,0.99766624
1855,WFDC2,0.9999358
1856,PHYKPL,0.99603295
1857,RNF41,0.9997301
1858,COX6A1,0.999947
1859,SGK1,0.9999761
1860,PIEZO1,0.9918581
1861,SEC23B,0.9998224
1862,ATP5F1B,0.99985015
1863,GTPBP6,0.99831235
1864,MRTFA,0.99973714
1865,MBTPS1,0.9948051
1866,BSCL2,0.99981004
1867,COX7B,0.9832631
1868,FAM32A,0.9991505
1869,MINK1,0.9997274
1870,BTBD7,0.9991608
1871,CWC15,0.9991096
1872,GIGYF2,0.99982476
1873,DNPH1,0.99092346
1874,CCDC125,0.99872786
1875,C7orf50,0.99916124
1876,SAR1A,0.9986356
1877,COX7C,0.99740213
1878,ARHGAP35,0.99979055
1879,YAP1,0.99987215
1880,THUMPD1,0.997728
1881,TAB2,0.99722147
1882,TBC1D16,0.9975605
1883,SERPINF1,0.99998295
1884,EIF4A2,0.9992644
1885,CCT2,0.996938
1886,TCEAL9,0.9868115
1887,EIF3I,0.99902326
1888,MIEN1,0.9984172
1889,MEA1,0.9970231
1890,SELENOF,0.9982673
1891,CLTC,0.9992987
1892,SHROOM1,0.9991109
1893,FASTK,0.9966927
1894,MALT1,0.9995718
1895,DPY30,0.99951273
1896,PRKCSH,0.9990575
1897,BUD23,0.99757695
1898,SMAD2,0.9998112
1899,REPS2,0.99982834
1900,SFRP1,0.99995404
1901,PCOLCE,0.99996465
1902,ERBB3,0.9999204
1903,IPO5,0.9952448
1904,TIAL1,0.99484456
1905,ZNF22,0.99627244
1906,PDLIM7,0.9999729
1907,MEX3D,0.9986851
1908,GNAI3,0.9930744
1909,ZNF613,0.99995595
1910,B2M,0.9999031
1911,AFF4,0.9898453
1912,RABGGTB,0.99915797
1913,ILK,0.99993455
1914,EBPL,0.9993376
1915,HUWE1,0.9981591
1916,LCOR,0.9961468
1917,PCBP1,0.98831064
1918,TMEM205,0.99875516
1919,NEDD9,0.9998235
1920,VPS29,0.99837935
1921,CD81,0.9999238
1922,R3HDM2,0.99410653
1923,ILRUN,0.99341226
1924,TMEM258,0.999713
1925,RAF1,0.9998078
1926,PDHB,0.9989108
1927,HDAC2,0.98931247
1928,BBX,0.99986017
1929,ACO2,0.9968398
1930,AP2A2,0.99817437
1931,SCAMP4,0.99753296
1932,GID8,0.99421674
1933,ING1,0.999386
1934,CYB5B,0.99333847
1935,TMX4,0.99508727
1936,SLC31A1,0.99690795
1937,DCAF11,0.99983966
1938,EFCAB14,0.99412364
1939,METAP2,0.99674404
1940,DPYSL3,0.9999776
1941,DNAJC21,0.9997332
1942,KCTD12,0.9998861
1943,RAB25,0.99871904
1944,TBRG1,0.99845535
1945,HIF1A,0.999846
1946,MAP7D1,0.9995589
1947,KDM6B,0.9983778
1948,GRK3,0.9917548
1949,PPP1R11,0.9991845
1950,BST2,0.9999616
1951,THYN1,0.99875385
1952,FNDC3A,0.99468493
1953,UBL3,0.9913001
1954,GNA11,0.9984582
1955,MSRB2,0.9992776
1956,DST,0.9999763
1957,POLR2A,0.99730706
1958,PRPF40A,0.99902755
1959,GMNN,0.9954375
1960,RBM15B,0.9931551
1961,ESD,0.9992314
1962,KIAA0319L,0.9997813
1963,QRICH1,0.9971165
1964,UBB,0.99953634
1965,EBNA1BP2,0.9878018
1966,SMAD4,0.9998288
1967,MICAL2,0.9996431
1968,HSD17B10,0.9977327
1969,ECI1,0.9989773
1970,SRF,0.9996486
1971,CCPG1,0.99908125
1972,SGSH,0.99944603
1973,TXLNA,0.9990822
1974,RAMP1,0.9984607
1975,FUBP3,0.9995053
1976,PEX2,0.99769294
1977,IFT20,0.9989885
1978,SLC2A12,0.9998024
1979,CREB3L2,0.9989222
1980,LETMD1,0.9996722
1981,TMEM129,0.99834496
1982,FBXO25,0.9998067
1983,PLXNB1,0.999702
1984,POLD4,0.9997838
1985,PRKDC,0.99887425
1986,GALNT3,0.99991834
1987,KHDRBS3,0.9982479
1988,NUDT21,0.99860895
1989,ARPC1A,0.9933435
1990,XRN2,0.99875927
1991,DAZAP1,0.9991555
1992,IL32,0.9999946
1993,PABPC4,0.9993046
1994,BRD3,0.98567307
1995,LGR4,0.9993148
1996,SRSF3,0.9997196
1997,LRRC75B,0.99650735
1998,TACC1,0.999939
1999,PUM2,0.9973036
2000,PPP1R13B,0.9998001
2001,ZNF432,0.99907756
2002,SRSF5,0.99974096
2003,VEGFB,0.999886
2004,ZFAND3,0.99888813
2005,ZMAT2,0.9988365
2006,ADSL,0.9877687
2007,EPHB4,0.99963427
2008,CCDC159,0.99446434
2009,RNF114,0.9985655
2010,CDK19,0.9997107
2011,THBS1,0.999977
2012,SMIM15,0.9996011
2013,PIK3C2A,0.9924631
2014,SIGIRR,0.999118
2015,ACAT1,0.9998151
2016,HIBADH,0.9987561
2017,ARIH2,0.99867547
2018,AGO2,0.99940014
2019,MOV10,0.9951651
2020,TOLLIP,0.99896294
2021,AKAP8L,0.9982604
2022,EFR3A,0.997507
2023,RCC2,0.99900943
2024,DCTN3,0.99830484
2025,VIPR1,0.9999027
2026,EPS8L2,0.97846407
2027,ZNF410,0.99886274
2028,OGDH,0.998294
2029,SMIM26,0.99199295
2030,CPNE3,0.9980432
2031,KDM5B,0.98855746
2032,EP300,0.99924505
2033,IGHA1,0.9985914
2034,MAP3K20,0.9997752
2035,MIA3,0.9960632
2036,MOB4,0.99345016
2037,SECISBP2,0.9945169
2038,PCP4,0.99991465
2039,PSMC3,0.9993056
2040,IGBP1,0.99911195
2041,USP14,0.9997489
2042,CPD,0.99977237
2043,TBC1D20,0.9994872
2044,API5,0.99883294
2045,PAPSS1,0.9969908
2046,SAMD4B,0.9872998
2047,ELF3,0.9994949
2048,ZSCAN18,0.99870586
2049,CPSF7,0.9997629
2050,BAIAP2,0.99964815
2051,TUBGCP6,0.99640065
2052,GAS6,0.99995154
2053,WBP11,0.9992325
2054,PLAAT4,0.9998331
2055,ARHGEF1,0.9984749
2056,RXRA,0.9996746
2057,EXOC3,0.98831135
2058,PSMA5,0.99957013
2059,TCERG1,0.99446917
2060,MLLT1,0.9924356
2061,USP54,0.99727696
2062,IBTK,0.99726963
2063,NAB1,0.99964917
2064,ID3,0.999961
2065,RFFL,0.9994621
2066,TMEM109,0.99967295
2067,WASF3,0.99965066
2068,MAPKAPK5,0.99581015
2069,NAA20,0.9973467
2070,USP3,0.9969135
2071,HERC4,0.9995998
2072,ULK1,0.99915165
2073,MMP24OS,0.96969026
2074,ZC3H4,0.99959576
2075,GTF2F1,0.99812347
2076,ZNF32,0.996492
2077,IAH1,0.99798733
2078,DUSP3,0.9998516
2079,ILF2,0.9962278
2080,CENPT,0.999686
2081,ERN1,0.9930394
2082,CIB1,0.99988014
2083,SDR39U1,0.9989455
2084,EIF4G2,0.9995205
2085,IDI1,0.9998505
2086,C5orf15,0.9995179
2087,PRKCD,0.9986056
2088,RCAN3,0.99976534
2089,CFAP97,0.99897754
2090,C1orf115,0.9999255
2091,PPP1R7,0.99947774
2092,RASEF,0.999843
2093,EPC2,0.9994889
2094,SH3GLB1,0.9997112
2095,ARAF,0.99943143
2096,ERLEC1,0.9998331
2097,CYB561A3,0.9838748
2098,GCN1,0.9934225
2099,TXNDC15,0.9962293
2100,KLHDC3,0.99718595
2101,RNF167,0.9993125
2102,NUCB2,0.99704695
2103,NOTCH2,0.9990801
2104,DDAH1,0.9973195
2105,ADIPOR1,0.9997472
2106,ENDOD1,0.9998513
2107,DYNC1H1,0.9987289
2108,RAB11B,0.9994046
2109,ARFGAP1,0.99503064
2110,ZCCHC24,0.99994624
2111,UBE2J1,0.9998208
2112,EIF4G3,0.99418163
2113,NAMPT,0.99962056
2114,HEXA,0.9989038
2115,CYBRD1,0.99993986
2116,USP4,0.99683386
2117,ABHD12,0.9861336
2118,LAMA5,0.99969953
2119,HSP90B1,0.9992365
2120,RUVBL2,0.9996264
2121,POR,0.993122
2122,ARID1A,0.99872696
2123,STAM2,0.99757624
2124,MTFR1L,0.9995698
2125,MGP,0.99997
2126,SH3BGRL,0.9999766
2127,THSD4,0.9999106
2128,CISD3,0.9873284
2129,SH3BGRL3,0.99738395
2130,NDUFV2,0.99602973
2131,NSD1,0.99968004
2132,SLC25A16,0.9996126
2133,PLA2G7,0.9986974
2134,PSMA1,0.99969757
2135,IDS,0.9998712
2136,LMOD1,0.9999721
2137,PTP4A3,0.96926934
2138,SHC1,0.9990898
2139,GK5,0.9994956
2140,ISCU,0.9998611
2141,FBXW5,0.9998387
2142,FAM91A1,0.99960935
2143,DGCR2,0.9838066
2144,FAM118A,0.9983463
2145,PON2,0.99161005
2146,MAGED2,0.9742171
2147,STT3B,0.9973991
2148,ANAPC11,0.99976945
2149,DNAJC5,0.9960818
2150,GSK3B,0.9990488
2151,IRAK1,0.998996
2152,AGO1,0.9990169
2153,PCYOX1,0.99915326
2154,CHCHD2,0.99960583
2155,PXN,0.99729306
2156,XRCC5,0.99642366
2157,VPS13C,0.9998836
2158,STRN4,0.99960756
2159,PGAM1,0.9982327
2160,BABAM1,0.99844545
2161,ZNF827,0.99964094
2162,HAGH,0.9947909
2163,MBD6,0.9933993
2164,OXA1L,0.9993519
2165,ACYP2,0.9955807
2166,TSPAN14,0.99780685
2167,RIC8A,0.9960298
2168,ANKLE2,0.99923015
2169,GMPPB,0.9985056
2170,IGF1,0.9995527
2171,SLC22A23,0.9984573
2172,FXR1,0.9955231
2173,HMGXB3,0.99847174
2174,MFAP4,0.99997425
2175,GIPC1,0.99916744
2176,SLC11A2,0.9994221
2177,GUCD1,0.9986562
2178,NSMCE4A,0.9988054
2179,SOGA1,0.9996372
2180,CDV3,0.999681
2181,RYBP,0.99717987
2182,PSMG2,0.99969965
2183,LIMCH1,0.999496
2184,AGRN,0.99925685
2185,CAMSAP3,0.9997465
2186,RNF13,0.99969614
2187,PAFAH1B2,0.9925414
2188,NOP10,0.99964565
2189,SPAG7,0.99817
2190,GOLGA5,0.99956757
2191,UBR4,0.98577666
2192,U2AF2,0.9994412
2193,KPNA4,0.9991292
2194,SLC35A4,0.9997821
2195,HSF1,0.9995058
2196,RSRC2,0.98569673
2197,AKIRIN1,0.99706495
2198,USO1,0.9979592
2199,PRPF39,0.996366
2200,MAP3K5,0.99843824
2201,ZNF783,0.9996331
2202,MXI1,0.99979293
2203,TMBIM1,0.99333996
2204,CCAR1,0.9970159
2205,GPD1L,0.9944991
2206,ETFA,0.9911239
2207,CARS2,0.9992379
2208,CCNC,0.99939513
2209,ZBED5,0.99860144
2210,VAT1,0.9997925
2211,PODXL2,0.99985737
2212,SUZ12,0.99887097
2213,ZFR,0.99894565
2214,PPP1CC,0.9984324
2215,PARM1,0.99990636
2216,UBE2Z,0.9961363
2217,PTBP3,0.9984595
2218,TLE5,0.999876
2219,EPHX2,0.99992234
2220,DDX56,0.99275506
2221,DHX30,0.99976903
2222,SKI,0.9997058
2223,SCYL1,0.99809253
2224,RBFOX2,0.99986297
2225,ZNF614,0.99954116
2226,TBCB,0.9978622
2227,TBC1D14,0.9991734
2228,ANAPC7,0.9991846
2229,RBBP6,0.99964136
2230,NEK9,0.99519694
2231,MKLN1,0.9988712
2232,RNF126,0.9894939
2233,LPP,0.99909174
2234,BMI1,0.99858344
2235,IDUA,0.99924254
2236,SMG1,0.9954323
2237,NUP58,0.99209225
2238,NUMB,0.998466
2239,DNAJA1,0.9983729
2240,MBNL1,0.99993587
2241,SMARCC2,0.9995826
2242,PKD2,0.9994372
2243,SUDS3,0.9929762
2244,SMARCA1,0.9996362
2245,ZNF544,0.9995986
2246,NPEPL1,0.9987987
2247,GPC1,0.9956453
2248,CCNY,0.9983279
2249,TNRC6B,0.99930096
2250,PCDH1,0.9990249
2251,ANKRA2,0.99206954
2252,VCL,0.999958
2253,NT5DC1,0.9996438
2254,SMARCA4,0.99596727
2255,GLYR1,0.999353
2256,FAM3A,0.9983281
2257,RTCB,0.99616766
2258,COBLL1,0.99904984
2259,MGST3,0.9953202
2260,ATL3,0.9996877
2261,NDST1,0.9989685
2262,CD320,0.99265337
2263,SEMA4B,0.9646553
2264,GALNT2,0.99982774
2265,BRWD1,0.9995939
2266,ARL2BP,0.99714947
2267,NPEPPS,0.99972695
2268,TMSB15A,0.99992394
2269,CYTH1,0.99985754
2270,COPS7A,0.9980574
2271,NDUFS2,0.9999112
2272,NDUFS1,0.99964905
2273,NEDD8,0.99960655
2274,DDI2,0.9989555
2275,GTPBP1,0.9992941
2276,ARMCX3,0.96295536
2277,ARRDC1,0.9977809
2278,LEMD2,0.99883497
2279,PCID2,0.98762506
2280,MAP2K3,0.9966201
2281,DCAF6,0.9997506
2282,LSM8,0.9886199
2283,SMAD3,0.999671
2284,APCDD1,0.999865
2285,SH3BP4,0.9996003
2286,PHF2,0.99981654
2287,ZNF692,0.99949396
2288,TM9SF1,0.99957126
2289,SURF1,0.9975996
2290,DENR,0.99971735
2291,ENOSF1,0.996081
2292,CTNNB1,0.99724954
2293,GSPT1,0.9897661
2294,TPP1,0.98897207
2295,TMEM248,0.99052674
2296,SOBP,0.99981016
2297,GABARAP,0.999649
2298,PHRF1,0.9993025
2299,ABL1,0.99982065
2300,KLHDC2,0.99904335
2301,HNRNPA2B1,0.99604577
2302,ACBD6,0.9976705
2303,DCAF16,0.99305177
2304,STAU1,0.9995714
2305,SEC16A,0.9995121
2306,LNPEP,0.99944526
2307,DPP4,0.9998548
2308,DLD,0.9995458
2309,APPL2,0.9999101
2310,GPBP1,0.9951191
2311,TES,0.99898696
2312,SUPT16H,0.9995419
2313,SCPEP1,0.9947502
2314,RNF145,0.99989426
2315,PCMTD2,0.9972481
2316,ZNF740,0.9886277
2317,RBM33,0.9981617
2318,DSC2,0.9999438
2319,BRD1,0.999272
2320,PPP1R9B,0.9971423
2321,ZNF577,0.99947137
2322,CDK16,0.9993632
2323,RNF144B,0.9764874
2324,ZFP36,0.9999434
2325,HDGFL3,0.9997189
2326,RBM14,0.9956349
2327,KCTD20,0.9971752
2328,GPR107,0.99391544
2329,IDH3G,0.99887383
2330,HGD,0.99981964
2331,TOMM6,0.99448615
2332,PACS1,0.9914793
2333,EIF4E2,0.99932075
2334,FBXO9,0.9980358
2335,ZBTB4,0.9996022
2336,DNAJA2,0.99798346
2337,PAM,0.9993894
2338,MBD2,0.9952742
2339,LPGAT1,0.99852276
2340,CNOT7,0.99223006
2341,DOCK1,0.9997556
2342,CCDC124,0.999694
2343,EPN2,0.9995468
2344,CDC123,0.99973035
2345,MAN2B1,0.9959028
2346,PFKM,0.9998149
2347,DNAJC8,0.99910295
2348,HSP90AB1,0.999787
2349,ESRP2,0.99985695
2350,DELE1,0.9968389
2351,SGPL1,0.99953324
2352,MGST1,0.99799645
2353,SS18,0.99850833
2354,LRRC47,0.9933219
2355,ARPC5,0.9997828
2356,CREBL2,0.99505764
2357,SLC38A1,0.9866822
2358,TLE2,0.99938226
2359,ANKRD29,0.9992325
2360,SPRYD3,0.99981683
2361,TRAPPC4,0.99945134
2362,MGST2,0.99809134
2363,ACBD3,0.9950454
2364,TFCP2,0.9960959
2365,TRIM26,0.99955726
2366,CDC34,0.99944323
2367,COTL1,0.99985313
2368,FAM174C,0.99879575
2369,TNKS,0.9995614
2370,APEH,0.9986745
2371,AGAP3,0.99972486
2372,UQCC1,0.9995662
2373,ATP6AP2,0.99709094
2374,FAM111A,0.9996093
2375,PES1,0.996376
2376,SATB1,0.99957496
2377,SHROOM3,0.9996837
2378,ENPP4,0.9991626
2379,ACADM,0.9989811
2380,MAVS,0.9990908
2381,SRP54,0.9882194
2382,TIMM17B,0.99698913
2383,ARF5,0.99544716
2384,COL4A5,0.99980026
2385,CHD4,0.99981266
2386,FMOD,0.99982506
2387,NFKBIZ,0.999719
2388,GADD45G,0.9994854
2389,TRGC1,0.9999715
2390,QDPR,0.9996748
2391,TWF1,0.99871045
2392,STK11,0.9992613
2393,PYGO2,0.9993801
2394,AKAP11,0.99969083
2395,POFUT2,0.9971343
2396,AUH,0.9997658
2397,CHP1,0.9977974
2398,CNP,0.99834365
2399,HM13,0.99748474
2400,COPS2,0.9996736
2401,RACK1,0.9998896
2402,EIF4A3,0.9997103
2403,LMO4,0.99996567
2404,WDR33,0.9996695
2405,ENY2,0.99840796
2406,PCED1A,0.9934953
2407,ALDH9A1,0.9969621
2408,PPM1B,0.9991444
2409,GSR,0.9990112
2410,PPFIBP1,0.9996865
2411,BEND4,0.9998811
2412,SMIM14,0.9996445
2413,MTA3,0.9993472
2414,RBM42,0.98877025
2415,STAT2,0.9970835
2416,RNF4,0.9980718
2417,CD164,0.9992899
2418,BOK,0.9992093
2419,WDTC1,0.99843806
2420,EXOC4,0.99595547
2421,BCL9L,0.9979842
2422,BTF3L4,0.9989904
2423,SHARPIN,0.9988998
2424,ITPR1,0.99986786
2425,AKAP17A,0.9975704
2426,HMGN4,0.99858177
2427,CRYM,0.9996332
2428,AKT1S1,0.9945643
2429,GPCPD1,0.99897045
2430,GLTP,0.9954874
2431,ANTXR1,0.9999257
2432,CZIB,0.9988488
2433,HNRNPA3,0.9998017
2434,TIMM8B,0.9996881
2435,DYNC1I2,0.9996439
2436,PSMD3,0.9949842
2437,GATAD2A,0.99680847
2438,NDUFA8,0.9988153
2439,KIF13A,0.99623793
2440,PPM1H,0.9998496
2441,HSPA8,0.9999231
2442,VPS45,0.9980421
2443,RNF185,0.99850273
2444,TMSB4X,0.9999644
2445,ZBTB20,0.999658
2446,CRAT,0.9980391
2447,SAV1,0.99983954
2448,PRPF38A,0.99922127
2449,BTAF1,0.99707615
2450,SRP19,0.99355304
2451,TDRP,0.9981674
2452,CAT,0.9939294
2453,MAML1,0.99727976
2454,ZNF462,0.99614006
2455,RABGAP1,0.9989742
2456,ZMYND11,0.9981492
2457,TRAPPC6B,0.99911666
2458,GDF15,0.99996924
2459,THRA,0.9989848
2460,MPG,0.9945272
2461,CCDC91,0.9993932
2462,ACOX3,0.99943584
2463,TANC1,0.9992669
2464,BAG5,0.99928534
2465,SDF2L1,0.99925745
2466,WAC,0.9945404
2467,M6PR,0.99429923
2468,C11orf54,0.99976367
2469,SMAP2,0.9986179
2470,HSP90AA1,0.99984765
2471,ZNF444,0.9994706
2472,ADPGK,0.9996861
2473,GSK3A,0.99753743
2474,VPS72,0.99612886
2475,UPF1,0.9899565
2476,SDC3,0.9999125
2477,BUB3,0.99878556
2478,SLC35B2,0.99226516
2479,IVNS1ABP,0.9981131
2480,DEAF1,0.99544466
2481,B4GALT1,0.99957466
2482,YIPF2,0.99905455
2483,EHMT1,0.99896187
2484,RNF40,0.99873644
2485,SREBF1,0.9897815
2486,TNFRSF21,0.9981749
2487,TMEM219,0.9997312
2488,SLMAP,0.99912107
2489,EAPP,0.9991296
2490,USP33,0.99869514
2491,VPS53,0.98861486
2492,EXOSC7,0.98596406
2493,PKD1,0.99955916
2494,RUFY2,0.99856377
2495,UBE2E1,0.99850047
2496,LASP1,0.99925894
2497,TRAF7,0.9829664
2498,TRIM44,0.9990456
2499,KDM3B,0.9988737
2500,CHD6,0.99885607
2501,GHITM,0.99895585
2502,ALDH6A1,0.9989733
2503,TP53,0.9966176
2504,COPS5,0.9987051
2505,PPA2,0.9900981
2506,RB1,0.9969004
2507,PER1,0.9998963
2508,PFDN2,0.96078116
2509,OSBPL8,0.99688107
2510,KIAA0232,0.997103
2511,RPAIN,0.99318236
2512,ZC3H13,0.99924517
2513,SERINC1,0.99928313
2514,TSTD1,0.99978083
2515,SQSTM1,0.9997964
2516,XPO1,0.9891163
2517,PMF1,0.984799
2518,APPL1,0.9992319
2519,BCR,0.9993443
2520,DLG1,0.99184525
2521,SRRM2,0.9982094
2522,PHLDB1,0.9998842
2523,PSMB6,0.97385466
2524,CSNK1E,0.999155
2525,LDLRAP1,0.99329656
2526,CIAO2A,0.9997931
2527,FURIN,0.9990512
2528,FKBP10,0.9997846
2529,ANKZF1,0.99319476
2530,IFT57,0.9997652
2531,HADHB,0.9980308
2532,CYFIP1,0.9993806
2533,POLB,0.99989
2534,TMX1,0.9544234
2535,KDM2A,0.99969935
2536,SCAMP2,0.99273103
2537,DHX36,0.9759984
2538,CNOT3,0.99871266
2539,WDR13,0.9962123
2540,PBX3,0.99121803
2541,DHCR7,0.99987525
2542,RHOA,0.99867374
2543,SULF1,0.99996656
2544,SYNE4,0.99962574
2545,AGPAT3,0.9980053
2546,ATF7,0.99791384
2547,PI4KB,0.99378616
2548,PDSS2,0.99886334
2549,IWS1,0.9991213
2550,SELENOO,0.9981491
2551,PACS2,0.99791956
2552,ATP6V1B2,0.9983842
2553,SFRP4,0.9892199
2554,AKAP1,0.9995115
2555,MIER1,0.9992349
2556,EIF2A,0.992686
2557,EIF5B,0.9988056
2558,CD47,0.9974997
2559,LDLR,0.99972665
2560,TNRC18,0.9988016
2561,OAZ1,0.99944264
2562,SLC35F2,0.9998567
2563,ATF6,0.99748063
2564,IFRD1,0.99820834
2565,C2orf68,0.999594
2566,MAPK8IP3,0.99945664
2567,ARL2,0.99855053
2568,GALNT11,0.99975955
2569,CFAP298,0.998576
2570,GDE1,0.99952686
2571,ZNF609,0.99980754
2572,EXOC5,0.99890804
2573,EIF2D,0.9969942
2574,D2HGDH,0.9984367
2575,PRKCI,0.9960038
2576,NDUFAF2,0.99630123
2577,UBE3C,0.99582875
2578,TMEM41B,0.9996705
2579,WASL,0.9778124
2580,TUBGCP2,0.9981704
2581,TSC22D4,0.9986869
2582,CDS2,0.99913144
2583,PTPN18,0.99974525
2584,SNX13,0.99921733
2585,YIPF6,0.999821
2586,EIF2AK4,0.99849564
2587,CUL4B,0.9995542
2588,LZTS2,0.99933267
2589,ACTB,0.9999623
2590,PFDN6,0.99235284
2591,XPOT,0.9997562
2592,NUFIP2,0.9972342
2593,RCOR3,0.99921525
2594,TRABD,0.9898787
2595,CRK,0.999455
2596,PKIG,0.99991846
2597,IRF3,0.99959797
2598,PPIG,0.99955964
2599,GRN,0.99306685
2600,BOD1,0.9984497
2601,PARL,0.9991571
2602,PPP1R12A,0.99959934
2603,ZNF586,0.99872893
2604,KDSR,0.9990858
2605,GOSR1,0.99725616
2606,FBXO42,0.99762785
2607,ZNF451,0.9968642
2608,TMEM54,0.999639
2609,NONO,0.99976814
2610,ITM2C,0.9998362
2611,BRK1,0.9896128
2612,ACTN4,0.99993426
2613,UQCRC2,0.9994237
2614,PGM1,0.9998266
2615,CD63,0.9992397
2616,MRNIP,0.99965465
2617,PSMD10,0.986163
2618,TMEM167B,0.9991562
2619,EDF1,0.99985003
2620,CRYAB,0.9998503
2621,ATXN7,0.9995492
2622,BLOC1S6,0.9879511
2623,CHMP4A,0.99793494
2624,MMAB,0.999776
2625,HDAC7,0.99884146
2626,HSD17B11,0.9996288
2627,FAM13A,0.9963686
2628,FAM120B,0.9997731
2629,RILPL1,0.9993964
2630,CLASP2,0.9990058
2631,ARPC5L,0.98740226
2632,COG3,0.99981123
2633,GFPT1,0.99981415
2634,TRIM33,0.9965331
2635,PPP2R2A,0.997045
2636,UBE4B,0.94069946
2637,GMPS,0.99958366
2638,RNF149,0.99915373
2639,DUS1L,0.9996053
2640,CTSF,0.9981637
2641,POLR3E,0.988181
2642,MFSD11,0.99962634
2643,LRRC41,0.9984896
2644,SLC38A2,0.99704385
2645,ATP6V1G1,0.99985343
2646,ZZEF1,0.9995895
2647,CRIP2,0.9997065
2648,CREB3,0.99913776
2649,CFDP1,0.99904716
2650,LRRC59,0.9990476
2651,TNC,0.9999654
2652,PPP4C,0.99643296
2653,TIMM10B,0.99298614
2654,ZNF207,0.99837875
2655,ERCC6L2,0.998669
2656,BAIAP2L1,0.9998474
2657,NIT2,0.99716985
2658,CAND1,0.989069
2659,CITED2,0.99910885
2660,RAB27A,0.99960923
2661,PCMT1,0.988266
2662,MAGEH1,0.9997691
2663,MTIF3,0.99709624
2664,PSMD1,0.99842274
2665,RHBDD2,0.99483985
2666,SNRNP25,0.9998518
2667,USP40,0.9876852
2668,DIP2A,0.9995414
2669,PTGES2,0.9983866
2670,YWHAB,0.99506414
2671,RGMB,0.99950045
2672,FAF2,0.99813354
2673,ETHE1,0.9755146
2674,CPLX3,0.98413813
2675,VOPP1,0.94249284
2676,ATP6V1A,0.9595449
2677,RUSC1,0.999431
2678,TMCO1,0.99958074
2679,NUDCD3,0.99623615
2680,LONP1,0.991357
2681,SEC23A,0.99990034
2682,MYO15B,0.9999208
2683,KANK2,0.99996865
2684,PLCG1,0.99936086
2685,HCFC1,0.99907047
2686,INTS3,0.9994263
2687,UXT,0.9898019
2688,CKAP5,0.99787605
2689,TRIB2,0.9989436
2690,SELENBP1,0.99967545
2691,METTL3,0.9937245
2692,DHX9,0.9972293
2693,SRP68,0.9984416
2694,SPECC1L,0.9845778
2695,NAAA,0.9998486
2696,TTC39A,0.9998579
2697,EDEM3,0.99977493
2698,ALG2,0.9991941
2699,KAT6A,0.9995792
2700,FOSB,0.9999167
2701,CLPP,0.9994047
2702,AGTRAP,0.9998466
2703,EIF2AK3,0.99748886
2704,INTS8,0.9964919
2705,C1orf198,0.99990773
2706,OSBPL2,0.9979512
2707,CCNI,0.99949867
2708,FNBP1L,0.99952155
2709,STRN3,0.99952996
2710,VGLL4,0.99963903
2711,CPSF1,0.99586535
2712,MARK2,0.9959883
2713,TELO2,0.99694127
2714,ZC3H15,0.9987503
2715,IGFBP4,0.9999745
2716,NFKB2,0.99858093
2717,NUP42,0.99704206
2718,WWOX,0.9989469
2719,TNIP1,0.9996656
2720,MYADM,0.9998152
2721,RNF146,0.9937401
2722,UBE3A,0.99655354
2723,ECSIT,0.98800135
2724,ATF5,0.999478
2725,MFSD1,0.9994952
2726,INTS1,0.99699914
2727,CSK,0.99902403
2728,DYNLT1,0.99630547
2729,EMC7,0.9991977
2730,TRAPPC1,0.9953666
2731,KCNMA1,0.999923
2732,HMGN3,0.9924661
2733,ZNF254,0.9982468
2734,SLC44A1,0.99928814
2735,C14orf119,0.9822475
2736,USP36,0.999852
2737,RELCH,0.9990627
2738,RYK,0.99967754
2739,PRKAG2,0.9990553
2740,CAB39,0.99937665
2741,MIB2,0.9984673
2742,ZNF248,0.99909043
2743,SKIL,0.9998623
2744,ARAP1,0.99986255
2745,LRBA,0.9974462
2746,PITHD1,0.97243965
2747,MINDY2,0.99380726
2748,LRRFIP2,0.9990158
2749,GRIPAP1,0.9960995
2750,PBRM1,0.9987479
2751,EIF2S3,0.9987114
2752,LTBP1,0.99994224
2753,COQ7,0.9994013
2754,KANSL3,0.99952865
2755,FTH1,0.9994852
2756,EIF2AK2,0.99905545
2757,RASA2,0.9991576
2758,CCNDBP1,0.99816644
2759,PEX10,0.99573696
2760,LMAN1L,0.9950258
2761,PSENEN,0.9818876
2762,NUP62,0.9981948
2763,MAP3K11,0.9993029
2764,HSPA4,0.9980119
2765,TTC14,0.99712604
2766,ATG12,0.9992131
2767,UBA3,0.9965218
2768,TCEAL1,0.99960893
2769,UHRF2,0.99455106
2770,FAM204A,0.9950365
2771,CNIH1,0.995359
2772,SELENOS,0.9957591
2773,CBR4,0.97642493
2774,ATXN1,0.9998718
2775,BTBD1,0.99698746
2776,TMBIM6,0.9997754
2777,BTBD6,0.997072
2778,SYF2,0.99905926
2779,TXNDC16,0.9998548
2780,FBXL8,0.9994153
2781,ARFGEF2,0.99831045
2782,NDEL1,0.9995385
2783,NIPA2,0.9993588
2784,ABHD14B,0.9996906
2785,TNFRSF1A,0.9997956
2786,GTF3A,0.99850833
2787,CBLC,0.9979991
2788,TRPT1,0.99841005
2789,KHDC4,0.9941328
2790,CREG1,0.9853438
2791,SEMA4C,0.99963087
2792,TRIQK,0.99921834
2793,SOCS2,0.99916595
2794,HECTD4,0.99831414
2795,PHF20L1,0.99757814
2796,NECTIN2,0.99359566
2797,ABI1,0.9995133
2798,CUL3,0.9971406
2799,EXT2,0.9995382
2800,PTPN1,0.9978987
2801,CNOT1,0.99925166
2802,SEMA3C,0.99581486
2803,ITCH,0.9973951
2804,EIF4B,0.9998514
2805,TNS2,0.99955523
2806,ZFHX3,0.99869084
2807,SPG11,0.9984952
2808,SNRPA,0.9951632
2809,ALYREF,0.998803
2810,TXNRD2,0.9989873
2811,ALDH1A1,0.9979898
2812,FBXW11,0.9857795
2813,CGGBP1,0.9974881
2814,DAXX,0.9935427
2815,TRIM22,0.99996364
2816,ABCA2,0.99835527
2817,CLCN7,0.9962336
2818,TTC1,0.9979041
2819,ATF7IP,0.9892958
2820,ELOF1,0.99802154
2821,MED13,0.9960487
2822,AVEN,0.98746955
2823,EIF2B1,0.9970493
2824,MAPK1,0.99761266
2825,RCN1,0.99945104
2826,MBNL2,0.9999709
2827,SETX,0.9986529
2828,SART3,0.9867024
2829,TCF7L2,0.9998453
2830,CAPS,0.9964601
2831,IFRD2,0.9993292
2832,CUEDC2,0.9957267
2833,OR51E1,0.9995906
2834,C6orf89,0.99773973
2835,PPP1R35,0.991287
2836,PROM2,0.99950325
2837,NSD3,0.9995224
2838,ITPR2,0.99008846
2839,ZFPL1,0.9902961
2840,GCAT,0.99994016
2841,C15orf48,0.99992317
2842,DIAPH2,0.99980617
2843,CAPN7,0.99960124
2844,NUP54,0.99985826
2845,SPOPL,0.9994509
2846,COLGALT1,0.99927247
2847,POGZ,0.9998741
2848,USP32,0.9993055
2849,ATP6V1F,0.99913484
2850,SNX9,0.9954503
2851,RANBP3,0.999005
2852,EFHD2,0.99915856
2853,BAZ2A,0.9986999
2854,PAGR1,0.9994984
2855,AP2B1,0.995481
2856,DPM3,0.9995002
2857,GCC2,0.99962115
2858,TTC19,0.99754256
2859,PNKD,0.99945456
2860,TSR2,0.989786
2861,SOS2,0.99978334
2862,MESP1,0.99943274
2863,GGNBP2,0.99871165
2864,IGFBP6,0.9999318
2865,WDR43,0.9523354
2866,VPS25,0.9997996
2867,PAK1IP1,0.99985695
2868,PPP2R2D,0.9965382
2869,PSMD7,0.998875
2870,NECAB3,0.9932441
2871,MOB1A,0.9996902
2872,AFTPH,0.9973688
2873,ARHGAP18,0.99524343
2874,NR2F1,0.99995035
2875,DVL1,0.9972043
2876,SNAPC3,0.999112
2877,PFN1,0.9996767
2878,IGF2R,0.99130386
2879,UBE2A,0.99657834
2880,ADRB2,0.9997976
2881,SNX2,0.99852127
2882,NAXD,0.9884563
2883,OCIAD2,0.9991031
2884,KRT10,0.9985287
2885,GJA1,0.9999722
2886,TMEM245,0.99899626
2887,GNS,0.9956075
2888,EIF4EBP3,0.99925244
2889,PHF20,0.9932741
2890,RNF115,0.9987183
2891,CDIPT,0.9993923
2892,GABBR1,0.9996781
2893,MAN1C1,0.99820346
2894,MED24,0.9995084
2895,RBPMS,0.9999888
2896,SBNO1,0.9994968
2897,NOL7,0.99862826
2898,AIP,0.9990664
2899,MYO5C,0.9982675
2900,PTAR1,0.9995327
2901,GAMT,0.9826357
2902,NXN,0.99928164
2903,SLC23A2,0.9958655
2904,POLE3,0.9981216
2905,LYPLAL1,0.9989093
2906,BDP1,0.9746818
2907,SLC25A1,0.9952639
2908,DACH1,0.99816066
2909,POLR2C,0.99717057
2910,ERGIC2,0.9983664
2911,MAPKAPK2,0.9998175
2912,KPNA1,0.9976625
2913,SLC1A4,0.9976056
2914,PURA,0.99958724
2915,SENP3,0.99531806
2916,TSPOAP1,0.9724251
2917,TMEM268,0.9997345
2918,LPCAT3,0.9997329
2919,CTSL,0.99987644
2920,IGSF8,0.9993827
2921,MED15,0.9988206
2922,UBE2G1,0.9988545
2923,RALGAPB,0.99671394
2924,ARHGAP17,0.99962884
2925,SLC12A7,0.9981613
2926,ATP6V1E1,0.99860346
2927,FPGS,0.9993063
2928,RASSF3,0.94440514
2929,BCAP29,0.9992232
2930,MAEA,0.9921901
2931,ZCCHC7,0.9989445
2932,COMMD7,0.99551094
2933,CDC42BPA,0.9869203
2934,TMEM147,0.9987631
2935,STK40,0.999195
2936,MCTP2,0.9983562
2937,ELF2,0.99908555
2938,CAPN5,0.9977824
2939,WNK2,0.99976856
2940,LTA4H,0.9993909
2941,GPR108,0.9989792
2942,PDXK,0.9991949
2943,ESYT1,0.99777067
2944,KMT2B,0.9993392
2945,ALG11,0.99578387
2946,ME3,0.99423003
2947,BCAT2,0.99750173
2948,SRSF6,0.99905384
2949,PSMD6,0.9978708
2950,MTLN,0.9971683
2951,RANBP9,0.9868775
2952,PRPSAP1,0.99947387
2953,NR1H2,0.9984349
2954,SEPTIN10,0.99967575
2955,TMUB2,0.997942
2956,STXBP2,0.9931676
2957,ATP5PB,0.996167
2958,SEL1L3,0.9981233
2959,STAMBP,0.9993338
2960,PIKFYVE,0.9889579
2961,MAP2K4,0.99989146
2962,CTDSPL,0.99996823
2963,PRCC,0.99663335
2964,KCMF1,0.9914411
2965,HBP1,0.99752605
2966,STXBP5,0.99453
2967,RBBP7,0.999467
2968,MRTFB,0.999674
2969,TMEM33,0.9997394
2970,ZNF106,0.99918205
2971,DMAP1,0.9989469
2972,GM2A,0.9962008
2973,SNX4,0.9887048
2974,LARP1,0.99957746
2975,SPOP,0.9984633
2976,PRKAR2A,0.9982632
2977,TMEM30A,0.9990219
2978,CYBC1,0.99298966
2979,MED28,0.99905896
2980,ZMYND8,0.99967664
2981,ACOX1,0.9993397
2982,VPS13D,0.99864984
2983,STOM,0.9999825
2984,CYREN,0.996896
2985,UGGT1,0.9944972
2986,DYRK1A,0.9994223
2987,VMAC,0.9899758
2988,MPHOSPH10,0.99956137
2989,HNRNPDL,0.9936259
2990,GBF1,0.9990027
2991,PEX19,0.99178654
2992,PACSIN3,0.998904
2993,N4BP1,0.950487
2994,HACD3,0.9995728
2995,CCDC85B,0.9993216
2996,INTS6,0.9963958
2997,ZNF655,0.9997339
2998,DDX3Y,0.9992682
2999,EIF2S1,0.9987308
3000,NEK7,0.9998586
3001,COL5A1,0.99995315
3002,PARP8,0.99924695
3003,SPTLC2,0.98381686
3004,PSKH1,0.9992685
3005,LSM1,0.9994457
3006,AMFR,0.99791193
3007,ADGRA3,0.9977504
3008,FAM219B,0.999407
3009,RETREG3,0.9979964
3010,NUDC,0.9991659
3011,ACP1,0.9995687
3012,NDUFS3,0.9985786
3013,NCK2,0.99845153
3014,KLF6,0.99980575
3015,VEZT,0.97525275
3016,GATAD2B,0.9983494
3017,TMEM30B,0.9997784
3018,DCUN1D1,0.99878657
3019,LIN7C,0.99757487
3020,UNC13B,0.9987488
3021,DMWD,0.9991364
3022,ARHGAP12,0.995529
3023,LMO7,0.999673
3024,DDX41,0.9982827
3025,ANKRD37,0.99949735
3026,DROSHA,0.99923587
3027,SNRNP70,0.9992793
3028,TRIM4,0.99026084
3029,MAPK13,0.9824678
3030,XPO6,0.9980438
3031,SPTSSA,0.99964607
3032,PLSCR1,0.99990886
3033,DPF2,0.9836104
3034,CTNNAL1,0.9964206
3035,PHGDH,0.99262726
3036,VTI1A,0.99961746
3037,NPHP3,0.99819744
3038,DYNLL1,0.9994314
3039,UHMK1,0.9961637
3040,SNF8,0.9995256
3041,RNPEP,0.96895033
3042,ARHGEF12,0.9979682
3043,PDE4D,0.9997581
3044,DENND4C,0.9995266
3045,ZNF800,0.9994726
3046,IRF9,0.9957367
3047,S100A4,0.99996483
3048,SLC33A1,0.97874707
3049,SERPING1,0.99998605
3050,SMIM20,0.99971944
3051,C12orf75,0.9996264
3052,AGPAT1,0.99855834
3053,PMVK,0.9975152
3054,MAPKAP1,0.99977666
3055,CRY2,0.99829334
3056,DECR1,0.99929315
3057,ASRGL1,0.9730003
3058,MTCH2,0.999725
3059,CCDC186,0.9994984
3060,VPS26A,0.99967456
3061,SBNO2,0.9979686
3062,XPC,0.9995462
3063,NARF,0.99453104
3064,MGRN1,0.995116
3065,CYCS,0.9983139
3066,LAMTOR3,0.9936911
3067,NDUFAF8,0.9980351
3068,FASTKD2,0.97970676
3069,HRAS,0.9969511
3070,EIF3J,0.98258924
3071,INPPL1,0.9991881
3072,TRAPPC12,0.9899698
3073,ELMO2,0.99814916
3074,CRTAP,0.9993965
3075,WFS1,0.9999104
3076,NELFE,0.9819368
3077,SF3B3,0.9993973
3078,SNRK,0.98429805
3079,ZNF562,0.9963214
3080,ARMC8,0.99966955
3081,CCNG2,0.9930041
3082,VPS37C,0.99623847
3083,ADGRG1,0.9962793
3084,DAAM1,0.9983218
3085,NSD2,0.9988333
3086,PSPC1,0.99876314
3087,ATXN2,0.9903779
3088,PPP1R15A,0.99987525
3089,BMPR2,0.99917483
3090,PSME2,0.99751985
3091,IMP3,0.99971604
3092,FAM117B,0.9991442
3093,MTUS1,0.99923956
3094,BOC,0.9999815
3095,EZR,0.99180716
3096,PIP4K2B,0.9980933
3097,CLDND1,0.9995063
3098,PANK3,0.9993646
3099,CNOT8,0.9992089
3100,BNIP2,0.9996387
3101,UROD,0.9984512
3102,ARPIN,0.99943703
3103,MON1B,0.9998324
3104,MCRS1,0.9737561
3105,NCOA2,0.9908734
3106,AGAP1,0.9973327
3107,CDC73,0.99761015
3108,C9orf78,0.9963653
3109,MT1G,0.9994454
3110,DAPK3,0.9999378
3111,CHKA,0.9928869
3112,SLC22A3,0.9999357
3113,POLR3H,0.9940225
3114,LSM6,0.99837637
3115,LEPROT,0.99553734
3116,NUDT19,0.9984019
3117,CNPPD1,0.99972785
3118,TXNDC12,0.9989361
3119,HDHD2,0.9996542
3120,HTT,0.9993446
3121,R3HDM4,0.9994364
3122,VPS4B,0.99850214
3123,NOP56,0.9994065
3124,CDC42EP1,0.99955916
3125,DFFA,0.9991871
3126,SSRP1,0.9954169
3127,LSM12,0.9981887
3128,PTS,0.9997198
3129,TMEM11,0.99859303
3130,CEBPZ,0.9977455
3131,CYB5R1,0.99689275
3132,FEM1B,0.9993975
3133,PPIE,0.989149
3134,PIP5K1C,0.9980502
3135,PPIL2,0.99892855
3136,SMPD1,0.99730855
3137,EIF4E,0.99339277
3138,TAF1,0.9988818
3139,PQBP1,0.999364
3140,SGTA,0.998421
3141,FN3K,0.976442
3142,LSM2,0.9996919
3143,RANBP3L,0.99674547
3144,RAB11FIP3,0.99983793
3145,EDEM1,0.999264
3146,YIF1A,0.9997005
3147,AKAP13,0.99990815
3148,LDOC1,0.98366666
3149,STK17B,0.99882215
3150,USP16,0.9983111
3151,MBOAT7,0.9987095
3152,PABPC1L,0.99970746
3153,NDUFA12,0.99551904
3154,ATRX,0.99968874
3155,MYH10,0.9992608
3156,PLBD2,0.9938775
3157,SLC25A11,0.9991449
3158,ABHD16A,0.9985275
3159,TBCD,0.9968552
3160,NSUN2,0.99861
3161,PSMD2,0.99957293
3162,ADAMTS1,0.9997046
3163,EPC1,0.98938435
3164,SUGP2,0.9972849
3165,FBXO44,0.9961288
3166,DNAJC4,0.9991306
3167,SAP30BP,0.99935746
3168,SBF2,0.99934673
3169,MMP14,0.99998784
3170,SLC25A28,0.9997196
3171,WASHC4,0.9963776
3172,ADAM15,0.99621284
3173,TRIM36,0.9999085
3174,SOX13,0.99972916
3175,SLC27A1,0.9988114
3176,TFG,0.9912349
3177,ST6GALNAC6,0.99964905
3178,SESN3,0.99940896
3179,IMP4,0.99439126
3180,HSPH1,0.9982904
3181,ERI3,0.94512165
3182,MANBAL,0.99519044
3183,FBLIM1,0.9999524
3184,DCTN6,0.99604285
3185,MICU2,0.99972266
3186,DOP1B,0.9998417
3187,CXCR4,0.99993646
3188,CNOT2,0.9975662
3189,MYL12A,0.99383575
3190,CAP1,0.99976134
3191,TEN1,0.9993955
3192,FDX1,0.991176
3193,DICER1,0.99702466
3194,AXIN2,0.9996993
3195,FAM135A,0.9992307
3196,MLXIP,0.9992951
3197,CIRBP,0.99897885
3198,RAB9A,0.9873576
3199,ARID4B,0.99630463
3200,AQP3,0.9960989
3201,GNPTAB,0.99537885
3202,TMC4,0.9997714
3203,SH3PXD2A,0.9999312
3204,NUBP2,0.99980944
3205,DDX17,0.99960744
3206,NDUFAB1,0.9704795
3207,SPTLC1,0.99601614
3208,ETS2,0.9999672
3209,SRSF8,0.9955233
3210,CACUL1,0.9667839
3211,SACM1L,0.997671
3212,FGFR1,0.9998951
3213,OGN,0.9999049
3214,MFN1,0.9985018
3215,LGALS8,0.99454516
3216,CBY1,0.99920803
3217,SRP9,0.9933268
3218,STAP2,0.99861413
3219,ERG28,0.99981
3220,PREPL,0.9960865
3221,STX17,0.9980526
3222,RNF14,0.9952654
3223,FBXL17,0.9993377
3224,WLS,0.99975306
3225,EEF2K,0.9997806
3226,UTP23,0.99944746
3227,NPLOC4,0.9978454
3228,PMM1,0.9997487
3229,EPM2AIP1,0.99617624
3230,FAM174A,0.99944127
3231,JPT1,0.9896467
3232,USP11,0.999657
3233,CIZ1,0.99936265
3234,TMEM135,0.9994764
3235,TTLL12,0.99788177
3236,CBX4,0.9985583
3237,ULK2,0.9994548
3238,USP25,0.99971354
3239,PTMS,0.9999352
3240,PTN,0.99871683
3241,DKK3,0.99993885
3242,VAMP3,0.9983506
3243,HERC2,0.98714834
3244,SORT1,0.9997652
3245,ZBTB44,0.99697816
3246,MIGA1,0.99959564
3247,SEPHS2,0.99846065
3248,ARHGAP8,0.99868894
3249,INO80E,0.9994116
3250,NUDT5,0.959852
3251,ATG101,0.9973199
3252,SLC25A23,0.99647284
3253,BMS1,0.9986669
3254,CRACR2A,0.98965913
3255,CLK3,0.99513817
3256,SDHB,0.9914908
3257,UFD1,0.99382263
3258,RGS2,0.99983436
3259,ZNF644,0.9990822
3260,CREM,0.9997866
3261,RSPRY1,0.9996198
3262,TRIM56,0.99944246
3263,TRIM38,0.99743575
3264,ARVCF,0.99520457
3265,UBR3,0.9974872
3266,HYI,0.9982949
3267,PWP1,0.9952764
3268,PTPRA,0.9026761
3269,ARFGAP2,0.99766797
3270,KEAP1,0.9869372
3271,DPM1,0.9982576
3272,PPDPF,0.9999202
3273,BAX,0.99825007
3274,WDFY1,0.99626696
3275,NUB1,0.99822295
3276,LPCAT1,0.9996343
3277,PLPP3,0.9999471
3278,NIPBL,0.9993978
3279,MTURN,0.9996677
3280,PTPRS,0.975366
3281,ATP13A3,0.9990553
3282,OSGEP,0.999784
3283,SMAD5,0.99954766
3284,SMC1A,0.9990003
3285,MDM2,0.9938073
3286,LSM5,0.994927
3287,FAM98B,0.9996814
3288,CLASP1,0.9996159
3289,SPATS2L,0.99975395
3290,UTP6,0.9960211
3291,BCKDK,0.96995544
3292,MTMR3,0.9947105
3293,LAMA4,0.9999583
3294,ZDHHC6,0.9986169
3295,ANXA6,0.999972
3296,NCOA3,0.99887383
3297,CCAR2,0.9878066
3298,STIM1,0.99969286
3299,SSNA1,0.992465
3300,DPP9,0.99795824
3301,DAZAP2,0.99035823
3302,DENND6A,0.99951434
3303,TMEM8B,0.9969433
3304,ING4,0.9993799
3305,CSE1L,0.99833655
3306,RARRES2,0.9999461
3307,SCAMP1,0.99971414
3308,ATAD1,0.9995798
3309,PIGP,0.9966682
3310,DNAJB11,0.98943263
3311,PHKB,0.9935232
3312,SCFD1,0.9969567
3313,SLC40A1,0.9979731
3314,C6orf132,0.9983384
3315,SNX6,0.99917763
3316,TADA2B,0.9965381
3317,ASAP3,0.99573696
3318,ARHGAP32,0.9994917
3319,WRNIP1,0.9889828
3320,PCBP4,0.99970585
3321,DAD1,0.9974483
3322,C11orf80,0.9992383
3323,RILPL2,0.9997723
3324,GMDS,0.9989532
3325,TMF1,0.9982116
3326,PLEKHO1,0.9999551
3327,FXYD6,0.9999658
3328,FAN1,0.99787766
3329,ZCCHC17,0.9993352
3330,MED4,0.99905676
3331,TRAPPC3,0.99816483
3332,VPS35,0.99831814
3333,TMEM184C,0.9997364
3334,DDX54,0.9963185
3335,DDX5,0.99930876
3336,CSNK2A2,0.9987595
3337,ATP1B1,0.99987614
3338,RASD1,0.9998599
3339,NCLN,0.9986405
3340,ISCA1,0.9975587
3341,KCTD10,0.99989057
3342,ASCC3,0.9989696
3343,CERCAM,0.9998912
3344,MON2,0.99764955
3345,ABI2,0.99936754
3346,UBAC2,0.9901411
3347,SLC22A17,0.9989367
3348,SERPINA3,0.8109226
3349,WASHC5,0.9903023
3350,TCF12,0.99968964
3351,CLDN12,0.99654233
3352,COPS7B,0.9913106
3353,MPHOSPH8,0.9990142
3354,EIF1AX,0.9993938
3355,OPTN,0.99996233
3356,CRKL,0.99929655
3357,FAM136A,0.99949706
3358,TESK1,0.9974065
3359,SEPTIN11,0.9996879
3360,NUP85,0.99766505
3361,UBE2L6,0.9998429
3362,HEXIM1,0.99950135
3363,SPAG9,0.9878732
3364,SAMD5,0.98965025
3365,NIBAN1,0.9992719
3366,THAP7,0.98508894
3367,RIN2,0.99980736
3368,TM9SF4,0.9982743
3369,CORO1C,0.9999865
3370,MAPK14,0.99329174
3371,TRAK2,0.99510324
3372,UBFD1,0.99935114
3373,YWHAH,0.999663
3374,PRELP,0.9999305
3375,STOML2,0.9946617
3376,DDX49,0.9993367
3377,DGCR8,0.99926156
3378,ALDH2,0.9994862
3379,YTHDF2,0.99311835
3380,NCOA6,0.996503
3381,PKP4,0.9753837
3382,TMED5,0.98933846
3383,TBX1,0.9821224
3384,SPATA13,0.9991052
3385,GET3,0.9958436
3386,KMT2A,0.99828565
3387,LSM14B,0.99784136
3388,UBE3B,0.9941786
3389,ITPK1,0.999828
3390,RNF44,0.99865806
3391,OAT,0.99983203
3392,TWSG1,0.99439883
3393,DUSP16,0.99847937
3394,ETNK1,0.9944273
3395,FBXL3,0.9965753
3396,ANXA2,0.99962384
3397,EYA2,0.9997141
3398,WDR11,0.9989221
3399,RUNX1,0.99991304
3400,RO60,0.99878967
3401,GALNT1,0.9987953
3402,REPIN1,0.99856645
3403,EEF1G,0.99992526
3404,URB1,0.99966574
3405,MEPCE,0.99358445
3406,SH3D19,0.99991894
3407,SPPL2A,0.9899447
3408,FARSB,0.99741805
3409,LAMA3,0.9998133
3410,DTX3,0.9998394
3411,ATPSCKMT,0.99777204
3412,IQSEC1,0.9990311
3413,MNAT1,0.9970275
3414,TMEM9B,0.99836385
3415,FAM193A,0.9939103
3416,IFT27,0.99839014
3417,GTF2H5,0.99562424
3418,BDH1,0.99936855
3419,OTUD5,0.9988603
3420,TRNT1,0.99874693
3421,ZNF385B,0.9933336
3422,ATIC,0.99767363
3423,CDC5L,0.9983015
3424,PEMT,0.99886155
3425,ZNF121,0.9989968
3426,HOOK3,0.9992385
3427,PTEN,0.9997436
3428,PPP1R14A,0.99997485
3429,ZNF280D,0.9978639
3430,PLEKHM2,0.99399066
3431,ZNF362,0.99976456
3432,ZDHHC3,0.99905413
3433,E2F4,0.99948096
3434,AVL9,0.99967724
3435,RPP21,0.9982913
3436,OPA1,0.99971855
3437,NDUFA9,0.9967855
3438,MFN2,0.9997818
3439,SGPP1,0.98807865
3440,FARSA,0.9958322
3441,CRYL1,0.9980865
3442,NFX1,0.998972
3443,ZNF561,0.9890232
3444,NPNT,0.99369997
3445,TTYH3,0.99949414
3446,DPH7,0.98405725
3447,RREB1,0.9974793
3448,PIK3CB,0.99961627
3449,TMOD3,0.9906026
3450,RTF1,0.99849814
3451,ATXN3,0.99910533
3452,TBL1X,0.9995059
3453,LGALSL,0.9995167
3454,ALG12,0.99809945
3455,GORASP2,0.9973055
3456,MAML3,0.9997505
3457,PSMG3,0.9884242
3458,BIK,0.9995786
3459,AP3M1,0.9995364
3460,RPRD1A,0.99772906
3461,STX6,0.9986596
3462,DENND10,0.9995126
3463,VKORC1,0.99151033
3464,WIPF2,0.99593467
3465,ENTPD4,0.997593
3466,SRSF9,0.9954733
3467,TIMM9,0.9904237
3468,EEF1AKMT2,0.99916476
3469,TRADD,0.9986259
3470,SIN3B,0.98057103
3471,BCL6,0.99975705
3472,BORCS7,0.99530417
3473,SRA1,0.999283
3474,NUDCD2,0.995662
3475,PRPF38B,0.9997376
3476,PHC1,0.9993011
3477,ZNF507,0.9835574
3478,TRIP6,0.9998491
3479,COQ9,0.9995605
3480,PLPP2,0.9993345
3481,MYO1B,0.9995469
3482,ATG2B,0.98818475
3483,NFKB1,0.9996916
3484,PPP3R1,0.9958697
3485,ZHX1,0.9982884
3486,VEZF1,0.9987915
3487,LMF2,0.99701625
3488,CHMP5,0.99967635
3489,TBC1D4,0.9992396
3490,GGA2,0.9918558
3491,NEMF,0.99614817
3492,MED25,0.9970951
3493,ATP6V0A1,0.98937476
3494,ZNF330,0.9998485
3495,ABCC5,0.9968873
3496,TRIM29,0.9986036
3497,RBCK1,0.9966116
3498,MTA2,0.99961096
3499,HPCAL1,0.99825656
3500,GOLPH3L,0.9991967
3501,FAM53C,0.9980081
3502,MAPKAPK3,0.99715376
3503,ERRFI1,0.9998865
3504,UBQLN2,0.9968263
3505,TMEM14C,0.99710655
3506,GSTO1,0.99979603
3507,PGPEP1,0.9962547
3508,CENPB,0.9998379
3509,ZBED1,0.9976791
3510,PSAP,0.99748015
3511,NOL12,0.99626803
3512,CASK,0.9995066
3513,CTNNBL1,0.99722636
3514,FAM168B,0.99932754
3515,RBPJ,0.9997596
3516,TKFC,0.9975322
3517,PHLDB3,0.9908444
3518,NMT1,0.9942163
3519,PRKD2,0.99586546
3520,RAVER1,0.984739
3521,ATP6V0E1,0.9918261
3522,RC3H1,0.99948615
3523,TMTC4,0.9989548
3524,INPP5A,0.9995112
3525,AUP1,0.98915
3526,URGCP,0.98944116
3527,AHI1,0.99364305
3528,MXRA8,0.9999733
3529,SLC25A10,0.9776323
3530,COMMD4,0.9991981
3531,BHLHE40,0.9999379
3532,SOAT1,0.9977341
3533,ZFYVE21,0.99830604
3534,POMP,0.998777
3535,ACOT9,0.9982046
3536,CAMTA1,0.998162
3537,PTGES3,0.98833126
3538,PML,0.999466
3539,TBL2,0.9960254
3540,SLC25A30,0.99682295
3541,ZNF148,0.99940157
3542,CNNM3,0.98748964
3543,EHD2,0.9999881
3544,ASXL1,0.9997151
3545,MBTD1,0.9969909
3546,ASNSD1,0.9885908
3547,UBN1,0.98730075
3548,EPS15,0.99122965
3549,LAP3,0.994223
3550,PFKP,0.9995703
3551,TGFBR2,0.9999899
3552,RALGDS,0.9960412
3553,TSEN34,0.9981821
3554,LARP7,0.99811226
3555,CCDC86,0.9981807
3556,SLK,0.99979126
3557,USP15,0.9987941
3558,TTC12,0.9981627
3559,DEXI,0.9997931
3560,SART1,0.9991559
3561,ACTR1A,0.9991841
3562,SNTB2,0.9980416
3563,RBM23,0.99910444
3564,SUCLG2,0.99927425
3565,OSER1,0.99839026
3566,FERMT2,0.9999582
3567,RFX5,0.99973387
3568,POLG,0.99887705
3569,HEXD,0.9939147
3570,HDAC3,0.99558496
3571,MFSD14A,0.9980308
3572,GULP1,0.9992504
3573,RAB35,0.9990669
3574,GPATCH2,0.9869143
3575,ZNF426,0.9980917
3576,CDH11,0.99994504
3577,CCDC85C,0.9881936
3578,GPRC5C,0.9988611
3579,PKN2,0.99594957
3580,PREB,0.9993657
3581,TPR,0.8628914
3582,PLXDC2,0.99977237
3583,DNAJC1,0.99779654
3584,TOM1L2,0.9975233
3585,MAGI1,0.9953342
3586,PSMA3,0.996999
3587,PIGT,0.9988408
3588,FAM172A,0.99778855
3589,BAG2,0.99992627
3590,TAP1,0.9997163
3591,FBH1,0.99868006
3592,GOLGA7,0.995399
3593,MAN1B1,0.997453
3594,SEZ6L2,0.9998791
3595,SIL1,0.9981758
3596,C11orf71,0.9959712
3597,CIAO2B,0.98815495
3598,MPLKIP,0.99685997
3599,PER3,0.99992573
3600,MEF2A,0.9995958
3601,SPPL2B,0.9736343
3602,PEX11B,0.99911374
3603,RBM26,0.99972
3604,CCND2,0.99990624
3605,ILKAP,0.99699396
3606,RPRD1B,0.9942663
3607,STARD7,0.99601877
3608,MLST8,0.9977958
3609,AGGF1,0.99937284
3610,NABP2,0.9995534
3611,SLC4A2,0.9995923
3612,ABCF3,0.9951439
3613,TMEM43,0.99920386
3614,HEBP1,0.9976732
3615,NDUFA6,0.9951469
3616,SCRIB,0.9799431
3617,SENP2,0.9960773
3618,KIF21A,0.9972513
3619,ARHGEF7,0.99969053
3620,PPIL4,0.9972834
3621,BRD8,0.99924064
3622,MCCC1,0.99751407
3623,RNF216,0.9992628
3624,VBP1,0.9987147
3625,FAM199X,0.9974145
3626,IRF6,0.99971855
3627,PIGH,0.9994232
3628,ZNF880,0.9979356
3629,ALDH18A1,0.95697856
3630,PPAN,0.98981285
3631,CEBPZOS,0.9986443
3632,AP1G2,0.9994535
3633,TMEM181,0.9943078
3634,ITPA,0.99942726
3635,UGP2,0.9997159
3636,TMEM192,0.99824
3637,COA8,0.99439913
3638,CRISP3,0.7725387
3639,BIRC6,0.9858284
3640,AIMP1,0.9972451
3641,UNC45A,0.99736595
3642,AAAS,0.99530965
3643,THAP4,0.9862365
3644,GOPC,0.99705756
3645,MED8,0.99175835
3646,SAMM50,0.997118
3647,GRB2,0.998828
3648,CTSO,0.99715424
3649,CFL2,0.9998826
3650,AFG3L2,0.9958693
3651,KIAA1143,0.9981568
3652,FAM234A,0.9953754
3653,KLHL12,0.99418443
3654,PWWP3A,0.9874476
3655,FIBP,0.9979552
3656,COG1,0.9992566
3657,MARF1,0.99680316
3658,GGA1,0.99568474
3659,TFDP2,0.9983957
3660,TM2D3,0.99440205
3661,CEP170B,0.999411
3662,TMEM256,0.998835
3663,C11orf96,0.9999638
3664,PTPRN2,0.99984705
3665,REV1,0.9979606
3666,SPRY1,0.999909
3667,CUL5,0.9702829
3668,TIMM10,0.99931014
3669,PAXBP1,0.98317266
3670,NFIL3,0.99978775
3671,MRC2,0.99998075
3672,SSH3,0.99832296
3673,NUP98,0.99609375
3674,TMEM125,0.9992012
3675,SLC10A7,0.998711
3676,NUDT16,0.9851819
3677,TMCO4,0.99715376
3678,ACAD9,0.97726357
3679,C18orf32,0.99754834
3680,SEC24D,0.99512064
3681,PHIP,0.998076
3682,ATG14,0.99853814
3683,BICD1,0.9986473
3684,NEK6,0.9959663
3685,CNOT6,0.993842
3686,ERCC5,0.9970724
3687,CPSF4,0.9964634
3688,UBA5,0.9995415
3689,ZBTB47,0.99972206
3690,RNF20,0.98463887
3691,MOAP1,0.9994426
3692,RALGAPA1,0.98319876
3693,WWP1,0.98341435
3694,UQCC2,0.9983487
3695,THAP11,0.99912953
3696,CLPX,0.99831825
3697,ABHD11,0.9962065
3698,ZHX2,0.9992545
3699,RTCA,0.9989896
3700,PAM16,0.99387777
3701,SLC39A10,0.9995368
3702,PSIP1,0.9995511
3703,ZMAT1,0.9977937
3704,SH2B1,0.9992398
3705,TERF2IP,0.9994947
3706,ZER1,0.9994896
3707,PHACTR2,0.9978125
3708,LIMD1,0.9991928
3709,RRP7A,0.98584986
3710,ANAPC2,0.98356664
3711,SIPA1L3,0.99225044
3712,FTSJ3,0.9923484
3713,SZT2,0.99909127
3714,KLHL22,0.9937999
3715,FBRS,0.9973674
3716,MECP2,0.9990654
3717,FAR1,0.9964739
3718,NMD3,0.9728301
3719,FIP1L1,0.9990762
3720,GRPEL1,0.99774575
3721,SERF2,0.999941
3722,STX10,0.99935615
3723,CTSA,0.9999458
3724,LMBRD1,0.9945865
3725,TCEA2,0.99867743
3726,CSGALNACT2,0.9998301
3727,MZT1,0.9981076
3728,VPS52,0.99857616
3729,C9orf152,0.99946046
3730,ACSM3,0.9994021
3731,CHIC2,0.9991841
3732,SEPTIN8,0.99954295
3733,PTPRT,0.9991638
3734,STX3,0.9982703
3735,UBXN1,0.99828255
3736,FILIP1L,0.99994534
3737,CEBPG,0.99954706
3738,CYP1B1,0.9999205
3739,TRIM13,0.9947418
3740,LRP6,0.998849
3741,MCM3AP,0.9983703
3742,IST1,0.99908936
3743,RABGAP1L,0.9966644
3744,ZGPAT,0.9996576
3745,KIDINS220,0.9973794
3746,ERO1A,0.9997734
3747,SUSD6,0.99826825
3748,TBC1D9,0.9977788
3749,TBC1D5,0.97870874
3750,COL4A2,0.999877
3751,FOXJ3,0.9929003
3752,SDE2,0.99834037
3753,BTBD3,0.99930376
3754,WIPF1,0.9999793
3755,TEX264,0.9995474
3756,N4BP2,0.9973141
3757,SLC25A36,0.9915285
3758,NOC2L,0.99742067
3759,ZNF226,0.99876595
3760,MZF1,0.99519384
3761,WWP2,0.9885237
3762,ARL8A,0.99034077
3763,STXBP3,0.9961085
3764,ACAP2,0.99444085
3765,CHMP4C,0.9994908
3766,RHBDF1,0.99610627
3767,LIG3,0.9857593
3768,ALDH1B1,0.999593
3769,NDUFB5,0.9956009
3770,CEP63,0.9922374
3771,EPAS1,0.99996716
3772,PHYHD1,0.9992988
3773,ZNF512,0.99963987
3774,HABP4,0.99986273
3775,ELOVL1,0.99764913
3776,RAB2B,0.99808526
3777,LCLAT1,0.9967159
3778,TAF6,0.9970237
3779,PHF23,0.977245
3780,ATP8B2,0.98992497
3781,ACAD8,0.99993056
3782,ERVK3-1,0.9966676
3783,TRAK1,0.99568516
3784,TMEM138,0.99972725
3785,ZFC3H1,0.9966507
3786,MEIS2,0.9999261
3787,WDR73,0.99579704
3788,LAS1L,0.9706743
3789,VSTM2L,0.9942466
3790,U2SURP,0.9961054
3791,FAM200B,0.9991747
3792,GTPBP4,0.990329
3793,FZD4,0.9936091
3794,CHERP,0.9851151
3795,ATG13,0.9934796
3796,ITGA3,0.9983062
3797,OXLD1,0.99898744
3798,MIB1,0.9780588
3799,MAP3K2,0.9972805
3800,UCKL1,0.99452704
3801,GLB1L2,0.99983853
3802,GPSM1,0.9993592
3803,RBM8A,0.9927521
3804,OSTF1,0.99905396
3805,VHL,0.9968984
3806,SNRPF,0.9973499
3807,AFAP1,0.99896395
3808,UBR2,0.997422
3809,TNPO2,0.9986475
3810,SEC23IP,0.9937335
3811,JMY,0.99147487
3812,PTGFRN,0.99990237
3813,ELP6,0.9996616
3814,S100A13,0.99973786
3815,EEA1,0.9975699
3816,ZNF189,0.9967554
3817,SIK2,0.997391
3818,IDH3B,0.99654657
3819,CRTC3,0.99925745
3820,IRX3,0.99318117
3821,UNC50,0.9994132
3822,GJB1,0.99958485
3823,ITPR3,0.98089683
3824,NEK4,0.9921161
3825,CCDC115,0.99910593
3826,PFDN1,0.98817265
3827,FBXO22,0.9988333
3828,SMAD9,0.9997232
3829,BBS4,0.99974257
3830,OCLN,0.99230945
3831,GMPR2,0.997705
3832,ZNF75A,0.99698204
3833,ANKRD13D,0.998274
3834,TEX2,0.99472606
3835,PDE4B,0.99615276
3836,CWH43,0.9994035
3837,SAMD1,0.998289
3838,GTF3C5,0.9984995
3839,CHD9,0.99916464
3840,SMOC2,0.99652016
3841,MARVELD2,0.99686205
3842,TRRAP,0.9916072
3843,PPP6C,0.9962887
3844,CIPC,0.9997027
3845,PIGN,0.9966885
3846,ZDHHC5,0.99296254
3847,SLC25A27,0.99848384
3848,RABL3,0.995452
3849,KIAA0930,0.99223286
3850,POM121C,0.99910516
3851,CDK12,0.9972853
3852,EXOSC6,0.998243
3853,TSPAN31,0.9994555
3854,BICRA,0.98918724
3855,BCLAF3,0.9948559
3856,SNX27,0.99966097
3857,NECAP2,0.9930048
3858,CNN2,0.99994105
3859,UBE2N,0.9985796
3860,RFNG,0.9994581
3861,PSMB3,0.96799403
3862,FTL,0.99957967
3863,NOL3,0.9939494
3864,TSPAN4,0.999907
3865,MFSD14B,0.9949428
3866,SLC36A1,0.9992493
3867,TBRG4,0.99715936
3868,CMTM3,0.9998577
3869,MTMR12,0.99786395
3870,GAK,0.97677183
3871,RUNDC1,0.99498236
3872,AQP1,0.9999764
3873,VPS37B,0.996287
3874,ATMIN,0.9959835
3875,WEE1,0.9996585
3876,IL10RB,0.9895014
3877,NSMAF,0.99709076
3878,IFNGR1,0.99966276
3879,TTC17,0.9839784
3880,ICMT,0.9936906
3881,TMED1,0.99974096
3882,BCKDHB,0.9973407
3883,WIPI1,0.99927527
3884,TNFRSF14,0.99784267
3885,INTS4,0.97211623
3886,ZDHHC8,0.9992433
3887,RAB43,0.9895792
3888,ZNF787,0.9989594
3889,ERO1B,0.9974206
3890,AKAP10,0.99638486
3891,GPALPP1,0.99197364
3892,SNCA,0.98776937
3893,DDX27,0.9806578
3894,TULP4,0.9985472
3895,SETBP1,0.9999014
3896,PERP,0.9820622
3897,HACD2,0.9995793
3898,NLK,0.9995569
3899,P2RY1,0.9970479
3900,SLC25A13,0.9823446
3901,STAG1,0.99675703
3902,FBXW7,0.99597836
3903,PARD3,0.99979484
3904,UPF3A,0.9966035
3905,MROH1,0.99241054
3906,BIRC2,0.9935377
3907,GNL1,0.9947811
3908,EDRF1,0.9900341
3909,PRDX3,0.998708
3910,PPP2R1B,0.9993876
3911,TOMM22,0.9812404
3912,AK1,0.999454
3913,COL18A1,0.99996847
3914,ICE2,0.9996857
3915,MUS81,0.9947599
3916,ASS1,0.999671
3917,CCDC183,0.9928091
3918,ACAP3,0.99926394
3919,UVSSA,0.99936545
3920,MOB3A,0.9943911
3921,EGFR,0.9986694
3922,TRMT2A,0.99696755
3923,ARL14EP,0.99980354
3924,CCND3,0.9996363
3925,PPIP5K2,0.9946194
3926,BAG3,0.9996461
3927,CIAO1,0.98932886
3928,ZNF322,0.99929917
3929,PTPRG,0.99981195
3930,ACER3,0.9920988
3931,STAT5B,0.9997291
3932,PRPF4,0.9988239
3933,COPS3,0.99895686
3934,TMEM18,0.99497306
3935,CMBL,0.9993878
3936,STX8,0.9991912
3937,SYPL1,0.9986848
3938,DENND1A,0.9992573
3939,RXRB,0.99732244
3940,TNRC6A,0.99947643
3941,TENT4A,0.99789983
3942,EMC1,0.99509656
3943,TSG101,0.99893737
3944,SPEN,0.9994958
3945,UBE4A,0.9915479
3946,ANXA4,0.9988121
3947,PFKFB3,0.9999626
3948,PIK3R1,0.99880975
3949,GALT,0.99951017
3950,JADE1,0.99943876
3951,TMEM185B,0.9973383
3952,BLOC1S1,0.99880385
3953,NREP,0.9997781
3954,SLC7A8,0.9993938
3955,TRAPPC13,0.998884
3956,ZNF76,0.9984804
3957,SNRPG,0.9987192
3958,THOC5,0.99425876
3959,CCDC97,0.9972191
3960,BCCIP,0.996089
3961,ADGRA2,0.99996406
3962,NADK,0.99227375
3963,THOP1,0.99434745
3964,SPR,0.9982101
3965,TLE1,0.99654603
3966,NBDY,0.9981147
3967,TPGS2,0.9941642
3968,HS2ST1,0.9910344
3969,MSL2,0.9899088
3970,SNX21,0.99802136
3971,STX4,0.9984678
3972,HADH,0.99510545
3973,LCMT1,0.9915726
3974,MICU1,0.9967424
3975,KDM5A,0.999275
3976,PLCB4,0.9945199
3977,CAMK2D,0.9992393
3978,PLA1A,0.99986386
3979,MDH1,0.9987446
3980,MT1E,0.9997707
3981,PPP4R1,0.99850005
3982,HOOK2,0.9956119
3983,SLC39A13,0.99948096
3984,ARHGEF37,0.9954108
3985,DIP2C,0.99982285
3986,EHBP1,0.99868274
3987,GPAT4,0.9829907
3988,RRP36,0.9953968
3989,TRIO,0.9977538
3990,HERC3,0.98788786
3991,TET2,0.9982135
3992,PEX11A,0.99972916
3993,CRBN,0.9823858
3994,MAN2B2,0.99959934
3995,SARM1,0.98537433
3996,TASOR2,0.99943376
3997,BCS1L,0.99646914
3998,DNAJB9,0.9934287
3999,PRKAB1,0.99904144
4000,PIAS3,0.9966718
4001,ARL3,0.9993973
4002,SUPT20H,0.99113506
4003,SNAP29,0.99699485
4004,LIMA1,0.998795
4005,NECTIN3,0.9922311
4006,HGSNAT,0.99804336
4007,ZNF3,0.9974995
4008,TMED7,0.99972904
4009,AEBP2,0.998719
4010,NELFB,0.98759454
4011,BIVM,0.9935232
4012,SCARB1,0.99962807
4013,HTATSF1,0.99955815
4014,YTHDF3,0.9939516
4015,ATP6V1D,0.9939914
4016,SFMBT2,0.99967325
4017,DBN1,0.9915583
4018,COMMD10,0.99701566
4019,FNIP1,0.999319
4020,MOB2,0.9993645
4021,ZNF652,0.9948081
4022,SLC30A7,0.9964622
4023,TM7SF2,0.99955976
4024,PAF1,0.9964351
4025,HMGXB4,0.99725866
4026,RAD50,0.9985083
4027,LRATD1,0.9978934
4028,NADK2,0.9995814
4029,ERCC6,0.9997844
4030,CMC1,0.99549615
4031,TFEB,0.9985577
4032,ESF1,0.9992776
4033,MLLT3,0.99681735
4034,MICAL3,0.9916699
4035,RHBDD3,0.9992603
4036,DRG2,0.99926364
4037,MIA2,0.9843223
4038,TSR3,0.97949094
4039,ZNF598,0.9971908
4040,SCRN2,0.9988818
4041,ACSM1,0.99995506
4042,PDHX,0.97956705
4043,MAGEF1,0.9956031
4044,EIF4E3,0.9998444
4045,SSH2,0.9989777
4046,SUN1,0.99689484
4047,EPHA3,0.9999631
4048,EMG1,0.99393034
4049,GATAD1,0.99858433
4050,MICA,0.9963801
4051,HUS1,0.99566567
4052,IMMP2L,0.9932797
4053,KRI1,0.99832803
4054,RAPGEF1,0.99972844
4055,FBXO32,0.99961716
4056,LRCH3,0.9996511
4057,PLXND1,0.9999519
4058,TFPT,0.99934894
4059,MED10,0.99453056
4060,FBLN2,0.99990296
4061,NAA50,0.997926
4062,RUFY3,0.99962765
4063,LEO1,0.9968489
4064,ZSWIM8,0.999347
4065,ATP2B1,0.997461
4066,SCAF1,0.9930655
4067,DYM,0.9991267
4068,YIPF1,0.99971473
4069,TM2D1,0.9510048
4070,EPB41L4B,0.99943364
4071,NAPEPLD,0.99775535
4072,BRPF3,0.98494124
4073,TTC38,0.99939245
4074,ARID4A,0.9986551
4075,GPR137B,0.999386
4076,STX7,0.99974084
4077,ASAP2,0.9991291
4078,CIR1,0.9786674
4079,MAN2A1,0.9993924
4080,TCTN1,0.9825046
4081,PTPN23,0.9988782
4082,TCAF1,0.99687994
4083,NT5DC2,0.99683833
4084,NIPSNAP1,0.9904145
4085,RORB,0.99944687
4086,TUBB6,0.99995255
4087,NR2C2,0.99518716
4088,KLHL21,0.99942553
4089,MTOR,0.9995477
4090,RALA,0.99848926
4091,ITM2B,0.99906933
4092,TECPR1,0.9931634
4093,ACVR1B,0.9945735
4094,FBRSL1,0.99501586
4095,PHKG2,0.9951531
4096,EOGT,0.99992347
4097,ARSA,0.9849408
4098,TUT4,0.99959415
4099,VPS39,0.9924194
4100,KHNYN,0.9985457
4101,SCMH1,0.9985261
4102,ZNF266,0.99553794
4103,PLEKHH3,0.9864634
4104,B4GALT5,0.9992578
4105,PPP2R3C,0.99754936
4106,GADD45B,0.99992555
4107,RASA1,0.997628
4108,KCTD15,0.9995675
4109,NOSIP,0.99842787
4110,SNX33,0.9995198
4111,PPP2R5E,0.99179286
4112,MORC2,0.994473
4113,EHMT2,0.9969942
4114,ORC4,0.99737966
4115,ELOA,0.9965331
4116,PHF21A,0.99709684
4117,CDKN1A,0.9990808
4118,SS18L1,0.99820685
4119,HTRA1,0.99968857
4120,CCSER1,0.9983161
4121,TMEM234,0.99577904
4122,RNASE4,0.99951184
4123,NBN,0.99830335
4124,MAN2A2,0.9911385
4125,ZC3H12A,0.99876606
4126,PIAS4,0.99495924
4127,TOR1A,0.99838185
4128,INO80D,0.99572605
4129,MAU2,0.9976868
4130,GGA3,0.9887373
4131,TCIRG1,0.9999053
4132,CHPT1,0.9991888
4133,EXOSC4,0.971709
4134,ABCA5,0.99970615
4135,NAPG,0.99867356
4136,CD99L2,0.99958766
4137,CXXC1,0.9972536
4138,LMAN2L,0.9946055
4139,PEX13,0.99730736
4140,PAICS,0.997312
4141,RNF139,0.99369735
4142,AMBRA1,0.99596584
4143,TMEM131,0.99894136
4144,BOD1L1,0.99885875
4145,ZNF195,0.99893236
4146,JMJD1C,0.9979
4147,TYK2,0.99778867
4148,MYL12B,0.9912649
4149,ECI2,0.9995413
4150,HDAC5,0.99983954
4151,BET1,0.99781156
4152,CHCHD5,0.9988571
4153,PHC2,0.9996867
4154,LIX1L,0.9998918
4155,ATG5,0.9967293
4156,SCAP,0.993426
4157,CLINT1,0.99406296
4158,TRAPPC10,0.9990282
4159,ARID2,0.9971977
4160,SP1,0.99895954
4161,SPECC1,0.99895823
4162,MED17,0.99608517
4163,MAST4,0.9996688
4164,MAPK9,0.9799837
4165,CAMTA2,0.9829282
4166,DCP1A,0.99794674
4167,KAT5,0.9869902
4168,ELOVL7,0.9995806
4169,CMAS,0.9985386
4170,CLN3,0.9951349
4171,ZNF276,0.99147826
4172,MYL6B,0.9952648
4173,TTLL3,0.9997238
4174,SLC25A32,0.99950814
4175,TGFB1I1,0.99990165
4176,SRP72,0.997285
4177,KANSL1,0.9997295
4178,RHBDD1,0.9981265
4179,E4F1,0.99746996
4180,CUL7,0.99527204
4181,MFSD12,0.984216
4182,G6PC3,0.9974401
4183,ABCD3,0.99962354
4184,PRKRA,0.999243
4185,MSH2,0.9583373
4186,FAM110A,0.9769474
4187,DMTN,0.99955934
4188,IFT46,0.9945684
4189,ATP13A1,0.9930231
4190,HOXA13,0.99966216
4191,GPR89B,0.997794
4192,VPS8,0.99571484
4193,EPB41L1,0.99972415
4194,TMEM115,0.99554336
4195,PSEN1,0.99651295
4196,FZR1,0.9992242
4197,CUX2,0.9997316
4198,TMEM161A,0.99619067
4199,NDUFC2,0.9843544
4200,ACP6,0.9965402
4201,GTF2H1,0.9934848
4202,PRR12,0.99927634
4203,GTF2F2,0.96831834
4204,NIN,0.99639404
4205,UNK,0.99778444
4206,AQR,0.9916538
4207,TRAF3IP1,0.99928033
4208,BRF1,0.9993106
4209,STIMATE,0.998312
4210,TRIP10,0.9998374
4211,OCEL1,0.99874324
4212,RETREG2,0.9881417
4213,GPATCH8,0.9998328
4214,ABCB6,0.99848926
4215,MYO10,0.9984194
4216,DEDD,0.9911071
4217,FBXO28,0.99444366
4218,TSN,0.9963715
4219,SEPTIN7,0.9990441
4220,FAM83H,0.99670255
4221,CYP39A1,0.9993422
4222,NIT1,0.99806195
4223,ARHGEF10L,0.99970555
4224,IFT22,0.9982507
4225,FRG1,0.9994228
4226,WNT5B,0.99845695
4227,UBAP1,0.9988438
4228,GLMP,0.99951065
4229,OGFR,0.99891853
4230,MED23,0.98050237
4231,PLAAT3,0.99979335
4232,PTDSS1,0.99831843
4233,TTC21B,0.99755406
4234,CCDC9,0.9950356
4235,BRAT1,0.99427646
4236,TRIM52,0.99327546
4237,POSTN,0.99993813
4238,ANKRD52,0.99352145
4239,C3,0.9986838
4240,STK36,0.98490584
4241,FER,0.99960124
4242,KRCC1,0.9951813
4243,SMURF2,0.9991503
4244,EIF3E,0.99768525
4245,CDK13,0.99908614
4246,TRMU,0.9981105
4247,IL17RC,0.99055415
4248,KLF10,0.99982315
4249,DCTPP1,0.9946344
4250,CETN2,0.9993714
4251,RNASEH1,0.9994323
4252,NOP14,0.9746157
4253,SDCCAG8,0.9958956
4254,NAT10,0.95196027
4255,MIDN,0.9997827
4256,VRK3,0.97868
4257,ZFAND2B,0.99748886
4258,ZNF621,0.99379057
4259,GOLGA1,0.97673094
4260,C11orf24,0.9791161
4261,TMBIM4,0.9980876
4262,ZC3H7A,0.99754715
4263,KAT7,0.99933755
4264,GSTZ1,0.9995594
4265,DIAPH1,0.9987955
4266,PLTP,0.9999005
4267,RNF103,0.9966712
4268,FAM20C,0.99941987
4269,UBE2K,0.9946448
4270,HECA,0.9986764
4271,DHX40,0.9932598
4272,MOCS2,0.99829686
4273,NFYA,0.9955797
4274,FAM222B,0.9934613
4275,SPPL3,0.9957087
4276,ZNF131,0.999575
4277,SUMF1,0.9984701
4278,ANKRD50,0.99908674
4279,FAF1,0.99899065
4280,TPD52L1,0.9993805
4281,MBD1,0.99752796
4282,MCUR1,0.9985999
4283,SAP30L,0.9564887
4284,OTUD4,0.9980186
4285,WDR55,0.9708805
4286,MPZL2,0.9994514
4287,CD24,0.995637
4288,RETSAT,0.9994469
4289,RDH10,0.9998176
4290,RSRC1,0.99950445
4291,MT1F,0.99945045
4292,SNX14,0.99571127
4293,RNPEPL1,0.9991013
4294,YIF1B,0.9983252
4295,MED6,0.99372417
4296,BCL3,0.99687666
4297,SFXN1,0.99878824
4298,HSCB,0.9907016
4299,ZNF460,0.99150574
4300,CNKSR1,0.98603565
4301,AKAP8,0.99850106
4302,KCNMB1,0.9991375
4303,CCNT2,0.98816633
4304,MSTO1,0.98927313
4305,SLC12A4,0.99991405
4306,NSFL1C,0.9993474
4307,ING5,0.95139164
4308,SEH1L,0.98758006
4309,ABCF1,0.99544096
4310,HINT3,0.9959604
4311,USP21,0.99353856
4312,C17orf49,0.9980658
4313,ERF,0.9995676
4314,COL15A1,0.9999168
4315,SHMT2,0.99509674
4316,AGPAT2,0.9903989
4317,VAPB,0.9979074
4318,SEC24A,0.9918425
4319,NEIL1,0.99396133
4320,ZNF384,0.9849731
4321,TBC1D3B,0.9933302
4322,FAM114A1,0.9929411
4323,PHACTR4,0.99227613
4324,NTN4,0.9996749
4325,IREB2,0.99635935
4326,RC3H2,0.9800168
4327,LMF1,0.99741304
4328,SLFN5,0.9996334
4329,SIN3A,0.99584675
4330,PROSER1,0.99730194
4331,RPF2,0.9980615
4332,NDST2,0.994769
4333,VPS35L,0.9945149
4334,PARG,0.99706644
4335,ATG9A,0.98577535
4336,WDR18,0.996188
4337,RNF138,0.9986807
4338,FRYL,0.9951632
4339,LRMDA,0.99713284
4340,LDLRAD3,0.99227977
4341,LMNB2,0.99273825
4342,FAM76B,0.9933209
4343,TINF2,0.9993765
4344,PSMB10,0.9971063
4345,MMP7,0.9711529
4346,CITED4,0.9994571
4347,COL7A1,0.99981415
4348,FRA10AC1,0.99948144
4349,TBCK,0.99631834
4350,TP53INP2,0.99911904
4351,ZNF708,0.9775186
4352,LLGL2,0.99797595
4353,EXOSC10,0.9989514
4354,PSMB8,0.9985584
4355,SLBP,0.99666595
4356,ZBTB18,0.99751395
4357,PELP1,0.99849033
4358,NUP43,0.9957768
4359,MCM3,0.97773254
4360,TRPV6,0.9978381
4361,CHTF8,0.99293405
4362,RNASE1,0.9999197
4363,OAF,0.99987376
4364,PCF11,0.97948307
4365,KRIT1,0.9947164
4366,INAFM1,0.99891603
4367,TMCC3,0.9997556
4368,GTF2A1,0.98247343
4369,HLCS,0.9937532
4370,COG5,0.99792933
4371,PRR15L,0.99884766
4372,ZNF24,0.99648106
4373,MGAT4A,0.99935174
4374,FOXK1,0.99735963
4375,ZDHHC16,0.99930996
4376,RAB8A,0.973298
4377,CCNK,0.9986701
4378,F11R,0.9980357
4379,RORC,0.98937535
4380,TAOK2,0.9993743
4381,CNOT10,0.9924114
4382,EDEM2,0.99894184
4383,MYD88,0.99126947
4384,ALG8,0.99952924
4385,SYTL4,0.9986119
4386,CBR1,0.99388766
4387,TBC1D7,0.99983406
4388,ATP6V1H,0.9932418
4389,FADS2,0.9965478
4390,XAB2,0.9648833
4391,SYT17,0.99983907
4392,PPP6R1,0.99326324
4393,POLR3D,0.99896455
4394,SIX5,0.9965768
4395,MAFK,0.9995634
4396,FDPS,0.99937063
4397,PSMD9,0.99835783
4398,ZNF496,0.9985315
4399,SRGN,0.9999374
4400,USP9X,0.99717724
4401,LDLRAD4,0.99981016
4402,PKP3,0.9934746
4403,PWWP2B,0.9900758
4404,VTI1B,0.9959662
4405,CARM1,0.99426854
4406,KLHL42,0.9958294
4407,TOR1AIP1,0.9991846
4408,PVR,0.99882317
4409,PTPRJ,0.9996359
4410,IKBKG,0.9981459
4411,ETV6,0.9997155
4412,TFE3,0.99963075
4413,AGO3,0.9979611
4414,GTPBP10,0.9990928
4415,SDF2,0.99579585
4416,CEP192,0.99754894
4417,MAP4K5,0.9997864
4418,SIGMAR1,0.99283165
4419,SLC39A3,0.9967965
4420,EMP1,0.9999785
4421,SERTAD2,0.9997732
4422,PHYH,0.9996031
4423,TTC9C,0.9915859
4424,POMT1,0.9982962
4425,NFXL1,0.99591064
4426,CTBS,0.99889374
4427,UBA52,0.99975353
4428,WDFY3,0.9995347
4429,NAGK,0.98476917
4430,ASPSCR1,0.9990654
4431,OGFOD3,0.9968515
4432,XPNPEP1,0.99028075
4433,NACC1,0.9942532
4434,MCMBP,0.99980575
4435,PGP,0.998526
4436,GORASP1,0.97300214
4437,SMOX,0.99915254
4438,R3HCC1,0.9992818
4439,PDS5B,0.9949417
4440,BICD2,0.99960846
4441,LSM10,0.9917612
4442,SF3A3,0.99849904
4443,B4GALT2,0.9956249
4444,ITPKC,0.9956471
4445,ZNF394,0.99734807
4446,ITGB1BP1,0.9990121
4447,LETM1,0.99027455
4448,NOL10,0.99766815
4449,USP53,0.99975574
4450,NFATC3,0.9858196
4451,BTBD9,0.99491084
4452,TGFBRAP1,0.9973992
4453,MGA,0.99924266
4454,CLMN,0.9908221
4455,PPP1R21,0.9961953
4456,UTP3,0.9839958
4457,RNF214,0.99753225
4458,SLC30A5,0.9990011
4459,PSMD14,0.993552
4460,DPYSL2,0.99996126
4461,FBXO21,0.99790406
4462,AIG1,0.9955791
4463,DTNB,0.9979459
4464,MYOF,0.99995506
4465,CLK2,0.99715734
4466,RBM18,0.99952024
4467,TSKU,0.9993932
4468,PYM1,0.99850976
4469,ZNRD2,0.98657125
4470,SOCS5,0.9991081
4471,SLU7,0.9938177
4472,PLXNA3,0.99664474
4473,TBC1D17,0.9985507
4474,DCUN1D4,0.99990785
4475,SCUBE2,0.9987756
4476,AP1G1,0.97482085
4477,SASH1,0.9822102
4478,TSC2,0.99749607
4479,JMJD8,0.9632678
4480,NF2,0.99806035
4481,EBP,0.9996178
4482,SPAG16,0.9988958
4483,KCNN4,0.97667503
4484,DNM1L,0.9985852
4485,ZFP64,0.9990815
4486,ACAD11,0.9929351
4487,NUP160,0.99622643
4488,LRPPRC,0.9984184
4489,UBN2,0.9930769
4490,CYP4V2,0.998714
4491,DPH1,0.9867139
4492,RAB4B,0.9969244
4493,NAPRT,0.9973999
4494,DGUOK,0.9887667
4495,CPEB4,0.9968815
4496,YTHDF1,0.99715626
4497,EMC9,0.999419
4498,ZNF518A,0.9982802
4499,C1orf174,0.99303854
4500,HPS4,0.99681646
4501,IP6K1,0.99865115
4502,GPT2,0.9995557
4503,RPP38,0.9849693
4504,LANCL1,0.9972549
4505,PTPN13,0.9919935
4506,TRAPPC6A,0.99948853
4507,WDR75,0.9946127
4508,TIMM50,0.99743867
4509,PLIN3,0.99781173
4510,SHANK2,0.99805534
4511,COQ8A,0.9671123
4512,CADPS,0.9797453
4513,MED22,0.9971343
4514,SLC37A4,0.9986309
4515,COMMD1,0.9954472
4516,STIM2,0.99628854
4517,METTL26,0.99903136
4518,PHKA2,0.99494463
4519,CYB561D2,0.99922216
4520,CUL1,0.99899083
4521,SIAH2,0.9996747
4522,RCBTB1,0.9995247
4523,OTULINL,0.9994563
4524,ID4,0.9998739
4525,ENGASE,0.9993488
4526,TRMT11,0.99496746
4527,MBP,0.8977379
4528,APTX,0.99659324
4529,ARHGEF10,0.9991575
4530,EIF4ENIF1,0.9971618
4531,TRPC4AP,0.9954208
4532,STARD3,0.997378
4533,P2RX4,0.9991215
4534,SRCAP,0.99944246
4535,JAK1,0.99962246
4536,PUM3,0.9881165
4537,ADARB1,0.99750596
4538,FAM110B,0.99702656
4539,NEXN,0.9999258
4540,PRPF31,0.9968345
4541,NCOA5,0.9992454
4542,EXT1,0.9998117
4543,TRPS1,0.999935
4544,SHPRH,0.99925077
4545,PRPS1,0.98047197
4546,TBC1D2B,0.99796873
4547,SETD1B,0.9991047
4548,CPQ,0.9996721
4549,DKC1,0.9971479
4550,BCL7B,0.9975563
4551,SNRPB,0.9972386
4552,PLEKHJ1,0.9997014
4553,GLIPR2,0.9994942
4554,IGLC1,0.96405745
4555,EXOC6B,0.99960524
4556,CGN,0.9988364
4557,HEATR1,0.9982128
4558,CLN6,0.9928479
4559,IMPACT,0.9099317
4560,PPWD1,0.9983309
4561,UGCG,0.9778595
4562,CMC2,0.9952227
4563,PPP1R37,0.997655
4564,MMUT,0.99761903
4565,COMMD3,0.9926072
4566,PDZD11,0.99783313
4567,GIGYF1,0.9955423
4568,UCHL5,0.9989256
4569,C9orf85,0.9984908
4570,ATL2,0.99950606
4571,RIOX2,0.9995577
4572,IRF1,0.9997914
4573,MME,0.9978083
4574,TMEM184B,0.999395
4575,TPP2,0.99639094
4576,ORMDL2,0.99976623
4577,ADGRL2,0.99984515
4578,SEPHS1,0.9971628
4579,MAP4K4,0.9991774
4580,KLHL20,0.988019
4581,SURF6,0.9909315
4582,ZNF639,0.9831712
4583,DMTF1,0.9990993
4584,SFXN4,0.9911258
4585,TYSND1,0.98311514
4586,SDK1,0.99736565
4587,ZXDC,0.9484935
4588,DDX19A,0.997054
4589,SIM2,0.99914074
4590,SOS1,0.9988685
4591,CCS,0.9989902
4592,PLEKHA5,0.999589
4593,GNA13,0.99980474
4594,CPEB2,0.99324447
4595,DNAJB14,0.9992369
4596,PARP4,0.9990389
4597,NFYC,0.9989481
4598,HEATR5B,0.9992889
4599,TPRG1L,0.99857503
4600,HNMT,0.9596019
4601,NINJ1,0.99584395
4602,SLC35F6,0.99673736
4603,USE1,0.99464196
4604,HLTF,0.9947875
4605,TRIM37,0.9902401
4606,TRUB2,0.98850733
4607,SEC24B,0.99760985
4608,AP3S2,0.9987762
4609,PRXL2B,0.9891671
4610,HEYL,0.9998987
4611,ZNF606,0.98894787
4612,DDX18,0.9971552
4613,YKT6,0.9986248
4614,ELK1,0.99936444
4615,CCDC107,0.9995281
4616,TCF20,0.993092
4617,ECHDC1,0.9985763
4618,LSP1,0.99971104
4619,ADNP2,0.9838656
4620,PHF3,0.9978446
4621,EMC3,0.9958651
4622,LRRN1,0.97488254
4623,BCL9,0.99683714
4624,ZFYVE16,0.995839
4625,COX15,0.99813884
4626,TSHZ2,0.9991539
4627,JRK,0.999044
4628,COA1,0.99622846
4629,REPS1,0.99090326
4630,ERC1,0.9996977
4631,AKTIP,0.9997092
4632,BBS2,0.9994348
4633,RPAP2,0.9774966
4634,ABHD17B,0.9946958
4635,RAB3GAP1,0.99893975
4636,SMIM19,0.9779563
4637,AGBL5,0.9977793
4638,GFM1,0.9965028
4639,NUP93,0.99962217
4640,UNC93B1,0.9884038
4641,SEMA4D,0.9979472
4642,SLC30A1,0.9775459
4643,ATXN2L,0.99825317
4644,WBP1L,0.9973955
4645,ERCC3,0.99177194
4646,TFAP2A,0.9949188
4647,MSN,0.99992764
4648,GART,0.99892294
4649,SLC7A1,0.998809
4650,RAB17,0.9962293
4651,RETREG1,0.9729886
4652,APBB3,0.9995964
4653,EFTUD2,0.99735355
4654,NOMO1,0.99604213
4655,KIF13B,0.99660796
4656,GGT5,0.9999158
4657,PPP2R5A,0.9960414
4658,GTPBP2,0.99861187
4659,TIMM44,0.9996388
4660,LPAR6,0.99802506
4661,TK2,0.9989915
4662,RHNO1,0.9875361
4663,RRAS2,0.99926275
4664,RNF144A,0.98443305
4665,IDH3A,0.99924594
4666,ILVBL,0.9665145
4667,SPIDR,0.99732643
4668,PSME4,0.990506
4669,IRF2BP1,0.9987608
4670,MMS19,0.9395647
4671,NTMT1,0.9582417
4672,RPA1,0.99443936
4673,CFB,0.99660325
4674,EXD3,0.998466
4675,PIGL,0.99930626
4676,ISG20L2,0.97857404
4677,STARD13,0.9931844
4678,HSPB8,0.9992924
4679,AP1M1,0.9985589
4680,RALGPS1,0.99890184
4681,TPCN1,0.99952865
4682,TMEM126B,0.99702483
4683,DNAJA3,0.9934803
4684,CCDC167,0.99890924
4685,EPB41L5,0.98262274
4686,NIPAL2,0.99807584
4687,GSS,0.99885046
4688,INTS14,0.99637675
4689,TRMT2B,0.99668205
4690,KDM6A,0.99556154
4691,ROBO1,0.9998645
4692,UCK1,0.99566543
4693,OVOL2,0.99327016
4694,PCSK7,0.9861491
4695,F5,0.990939
4696,TOMM70,0.9957087
4697,PTRH2,0.99951386
4698,HOOK1,0.9896605
4699,LAPTM4A,0.9990174
4700,ELF1,0.99986845
4701,NT5C3B,0.9992187
4702,TGFB1,0.99993527
4703,SERTAD3,0.99166083
4704,PARN,0.99970126
4705,CD302,0.997521
4706,CDC26,0.9924739
4707,TSPYL4,0.99791527
4708,RGS3,0.99889886
4709,SHROOM2,0.9942082
4710,BRIX1,0.9974385
4711,DERL1,0.9969237
4712,IL13RA1,0.99936193
4713,PGM5,0.9996692
4714,AACS,0.9986805
4715,TOMM40,0.99909115
4716,KRT7,0.9998914
4717,ELP5,0.9986242
4718,ANO1,0.9999477
4719,KLHL7,0.99904424
4720,EIF4EBP2,0.99928683
4721,DCAF10,0.99806106
4722,RSAD1,0.9992658
4723,PCNT,0.99537736
4724,ATP6V1C1,0.9764209
4725,TMEM120B,0.99844384
4726,RAB23,0.9998404
4727,ITGB8,0.99927914
4728,ZNF512B,0.9982145
4729,UAP1,0.9991928
4730,TFRC,0.9958781
4731,MYCBP2,0.98974884
4732,SMG9,0.984306
4733,UBE2J2,0.99502754
4734,POP5,0.9712414
4735,TEAD1,0.9998334
4736,ZDHHC2,0.9998716
4737,IFT43,0.9992595
4738,OTUD7B,0.99865735
4739,LRP3,0.99818474
4740,RAD51C,0.9971026
4741,RAB27B,0.9998627
4742,LRRC8B,0.99818015
4743,ARHGAP5,0.99837244
4744,HERC1,0.99833286
4745,CHMP6,0.9895566
4746,FAAP20,0.9969016
4747,SMIM10L1,0.9982754
4748,WAPL,0.99461144
4749,RGS11,0.9996348
4750,KIAA1671,0.99918985
4751,MPRIP,0.9996752
4752,GDF11,0.99813586
4753,CDR2L,0.99292696
4754,TTC8,0.98949254
4755,FAH,0.9971522
4756,BAZ2B,0.99018216
4757,BLOC1S2,0.99968874
4758,ZCCHC3,0.996977
4759,MAF,0.99996114
4760,MEGF6,0.97831154
4761,TRIM25,0.9715352
4762,TMEM127,0.9959998
4763,AXL,0.9999488
4764,SLC38A11,0.9952881
4765,MERTK,0.9991189
4766,FKBP11,0.9987593
4767,ZNF518B,0.9996947
4768,EBF4,0.97901785
4769,OXSR1,0.993171
4770,RAB3GAP2,0.998692
4771,MAPK8,0.998659
4772,ADK,0.98534805
4773,LUZP1,0.9990463
4774,FDX2,0.9971893
4775,H6PD,0.9991781
4776,COMMD5,0.99753565
4777,HMOX2,0.9939289
4778,AGFG1,0.99179083
4779,MEIS1,0.99994713
4780,CEMIP2,0.99920547
4781,MYH14,0.96671295
4782,DUS3L,0.99198145
4783,PCCA,0.9992837
4784,RRAGA,0.9987345
4785,SYNRG,0.9413104
4786,SOCS6,0.999383
4787,GIT1,0.9869656
4788,AKIRIN2,0.9934769
4789,PDLIM2,0.99992955
4790,AMT,0.9993727
4791,AZI2,0.99768436
4792,PPM1K,0.9888079
4793,RMDN3,0.9945337
4794,PRMT7,0.998201
4795,CCT4,0.9960834
4796,TMEM185A,0.9989988
4797,ARFRP1,0.9996029
4798,TNXB,0.9999563
4799,MPC1,0.99866605
4800,RUVBL1,0.99021703
4801,FAM168A,0.9925748
4802,RCOR1,0.99848807
4803,GLB1,0.9901451
4804,TP53BP1,0.99549246
4805,CDC27,0.9964577
4806,TMEM170A,0.9942647
4807,SERINC3,0.9979218
4808,MPDZ,0.99914414
4809,ELMOD2,0.99559224
4810,ITPRIPL2,0.99848807
4811,UBLCP1,0.9981581
4812,PIP5K1A,0.99879146
4813,EHD4,0.9946371
4814,ATG16L1,0.9987603
4815,IGIP,0.9986417
4816,PCNX1,0.9979557
4817,ABR,0.99971944
4818,CCSER2,0.9997685
4819,TCOF1,0.98945045
4820,TPRA1,0.99784255
4821,ZC3H7B,0.99228793
4822,NBEAL2,0.9994459
4823,TPRKB,0.99769557
4824,C2CD5,0.9991684
4825,PMS2,0.9974501
4826,USP19,0.99902695
4827,OTUD3,0.9980452
4828,MIEF1,0.99886596
4829,CFAP410,0.9982918
4830,AP1M2,0.99960935
4831,TESK2,0.99430335
4832,NBAS,0.9994214
4833,DOCK9,0.9994973
4834,KAT6B,0.9988195
4835,TBK1,0.9906013
4836,TMCO3,0.97347814
4837,BCOR,0.99490666
4838,NR4A2,0.99898183
4839,TRAPPC9,0.99694586
4840,MTREX,0.98632956
4841,DIMT1,0.99856955
4842,AHCYL2,0.96539986
4843,ZNF592,0.99777
4844,MGAT5,0.9996699
4845,ZC3H18,0.9990451
4846,SLC25A12,0.9976035
4847,HAUS4,0.99481755
4848,UBE2Q2,0.99808455
4849,NCK1,0.9984347
4850,CHPF2,0.9932474
4851,TMEM101,0.9995743
4852,NEU1,0.9987171
4853,YES1,0.9960484
4854,ZNF326,0.9987196
4855,AAK1,0.9962133
4856,NUP188,0.99917895
4857,PRR14,0.99764997
4858,SUPT4H1,0.9974661
4859,PGAP3,0.9981349
4860,S100PBP,0.9960643
4861,CBLB,0.99908805
4862,MVK,0.99921703
4863,CEP250,0.99744755
4864,MOB1B,0.9983243
4865,TPST1,0.999538
4866,ERICH1,0.9992119
4867,ZNF292,0.987483
4868,ANAPC4,0.99969435
4869,SCAF4,0.999635
4870,AKNA,0.9998608
4871,FYCO1,0.9994499
4872,TMEM97,0.99944496
4873,DNASE2B,0.9988585
4874,CTR9,0.9962189
4875,ARNT,0.999692
4876,RNF19A,0.99869645
4877,MRGPRF,0.9999344
4878,RBFA,0.9989935
4879,PDIA3,0.99965
4880,DTNA,0.99976796
4881,RARS2,0.99355644
4882,MTERF2,0.99547404
4883,SMAP1,0.99511456
4884,STRBP,0.9880175
4885,AP1S1,0.9950037
4886,HDGFL2,0.998052
4887,GMPPA,0.9789479
4888,DOT1L,0.99794525
4889,NSMCE1,0.99543417
4890,ISY1,0.99806726
4891,EXD2,0.993838
4892,SMIM31,0.99499285
4893,C11orf68,0.998133
4894,UBQLN4,0.97489345
4895,ASCC2,0.99064404
4896,NOL8,0.9981072
4897,RIOK3,0.9957679
4898,BICRAL,0.99881727
4899,CPT1B,0.9648063
4900,GPATCH4,0.9987088
4901,SUPT7L,0.99900687
4902,MFSD6,0.99961466
4903,LOXL1,0.9997628
4904,TSNAX,0.9991329
4905,BCAS3,0.9949463
4906,EML2,0.99608314
4907,SLC19A2,0.9925708
4908,AATF,0.9963796
4909,PREP,0.99907106
4910,RHOD,0.99781597
4911,CRISPLD1,0.9970889
4912,MCAT,0.9934596
4913,APPBP2,0.9953537
4914,DTD2,0.999251
4915,PRPF18,0.99201906
4916,TJAP1,0.99268365
4917,ATAD2B,0.99744105
4918,NKAIN1,0.99681103
4919,ARHGEF11,0.99891484
4920,LPAR3,0.99971867
4921,MTPAP,0.99723625
4922,CDK14,0.99947345
4923,DNAJB6,0.9992634
4924,HOXC6,0.99919987
4925,ZMYND19,0.9943743
4926,IRF2,0.9996073
4927,BLOC1S5,0.99805915
4928,RNF31,0.99589837
4929,FAM8A1,0.9952891
4930,RAI2,0.99703383
4931,NCOA7,0.9999826
4932,NAE1,0.99281037
4933,SPIRE1,0.99900687
4934,VIRMA,0.9988543
4935,PDLIM4,0.99991417
4936,RBMX2,0.99767995
4937,USF3,0.9982745
4938,MKX,0.9998212
4939,STK3,0.98855364
4940,PXMP2,0.99929494
4941,CYLD,0.99974513
4942,CHMP1A,0.9933789
4943,MAPK3,0.98022807
4944,TRIP11,0.9931623
4945,FAM104B,0.9975586
4946,ZMYM4,0.99497044
4947,HYAL2,0.99474615
4948,HDAC6,0.9986458
4949,SMYD2,0.9945747
4950,RTN1,0.9984044
4951,TIPRL,0.9997328
4952,CCDC66,0.98848903
4953,PCNX4,0.99618304
4954,ELN,0.9998399
4955,GTF2IRD1,0.99909556
4956,ETV3,0.9943906
4957,PLA2G4B,0.99960977
4958,PIP4K2C,0.99662876
4959,BTRC,0.9949537
4960,POLK,0.997164
4961,SLC8A1,0.99975574
4962,CASP4,0.95723367
4963,LRRC14,0.987924
4964,XPO4,0.9950532
4965,CNOT6L,0.9976475
4966,IL4R,0.9997256
4967,SMC3,0.99916214
4968,AMZ2,0.9968101
4969,FCHO2,0.9982368
4970,NOP2,0.9796474
4971,CREB1,0.9978241
4972,NRAS,0.99926645
4973,ZNF768,0.9996446
4974,MAPRE3,0.9997814
4975,PGGT1B,0.99235266
4976,WDR74,0.9949516
4977,MTMR4,0.99717623
4978,TMEM69,0.9969912
4979,SMNDC1,0.99927586
4980,PRCP,0.9867223
4981,CASP6,0.99589646
4982,NAXE,0.99451554
4983,ACTR10,0.9986036
4984,FHL2,0.99995774
4985,WDR27,0.9990455
4986,CABIN1,0.99269176
4987,ORC2,0.9996442
4988,ULK3,0.98929507
4989,NSMCE3,0.99653494
4990,STK4,0.9994834
4991,USP38,0.9940423
4992,TENT2,0.9991659
4993,DUSP22,0.998345
4994,SLC25A22,0.9876753
4995,C2orf72,0.99953026
4996,SMC5,0.99966997
4997,RDH14,0.98865855
4998,MTMR2,0.9929366
4999,CPED1,0.9997875
5000,ATRN,0.9946791
5001,SUGT1,0.99688554
5002,ENTR1,0.9982122
5003,SGK3,0.99818057
5004,B3GALT6,0.9727757
5005,ZC3HAV1,0.9890214
5006,ANGEL1,0.98799986
5007,SLC35B1,0.9947897
5008,FOXK2,0.99911237
5009,RCC1L,0.98119426
5010,PTPN4,0.99273026
5011,TMEM222,0.99478245
5012,SULT2B1,0.9991539
5013,ELAC2,0.9979624
5014,DNAJC2,0.9988881
5015,BMERB1,0.9999527
5016,CEBPA,0.99272907
5017,ADHFE1,0.99982363
5018,KLF4,0.999141
5019,ZNF43,0.9982976
5020,PIGO,0.9978843
5021,GUF1,0.98224294
5022,OSBPL1A,0.97943723
5023,TEAD3,0.9994509
5024,TMEM70,0.9983992
5025,RHOT1,0.99763834
5026,KCTD5,0.99411684
5027,BLZF1,0.9986883
5028,FAM53B,0.996696
5029,IPO8,0.9978117
5030,TRIM11,0.99795055
5031,BCL2L11,0.9958146
5032,SPATS2,0.99649626
5033,ZBTB1,0.9921675
5034,B4GALT7,0.9976087
5035,GALNS,0.99779904
5036,SLC4A1AP,0.9933821
5037,CRAMP1,0.99560624
5038,PAXX,0.9929657
5039,ANO6,0.99988765
5040,SCNM1,0.9978615
5041,SLC30A6,0.99581146
5042,REEP6,0.9997043
5043,MED29,0.9972118
5044,DDX39A,0.9983825
5045,VAMP5,0.9999004
5046,GYS1,0.9929019
5047,SMG6,0.9995538
5048,THRB,0.9998555
5049,NFKBIL1,0.97271603
5050,FAM149A,0.99874485
5051,MEGF8,0.9985091
5052,SLC5A3,0.99577355
5053,C20orf96,0.997854
5054,SPEG,0.9998685
5055,SPNS1,0.99746114
5056,PNPLA4,0.9841763
5057,DPAGT1,0.9977727
5058,ACOT8,0.9863991
5059,CCDC88C,0.99416244
5060,ZNF219,0.9987472
5061,TMEM68,0.99617946
5062,STX12,0.9965832
5063,TOMM5,0.99975485
5064,PNO1,0.99060386
5065,VASN,0.9944814
5066,ITPRID2,0.99990463
5067,PATZ1,0.9965462
5068,TOM1,0.97451097
5069,PIH1D1,0.9952507
5070,CCDC14,0.99933106
5071,DNASE1L1,0.98230875
5072,ZNF33B,0.99958205
5073,CYBA,0.9982769
5074,NOP9,0.9345069
5075,MPPE1,0.99502337
5076,FBXO11,0.99550366
5077,LRRC8A,0.9992173
5078,METRNL,0.9956034
5079,JKAMP,0.9993865
5080,STRADB,0.99775136
5081,USP42,0.99825513
5082,HERPUD2,0.9981837
5083,RAB8B,0.99606
5084,BRD9,0.99413514
5085,GSAP,0.9944917
5086,NPRL3,0.9967816
5087,TNFSF13,0.99878365
5088,RBMS2,0.9997089
5089,SYNPO,0.99994314
5090,PCNX3,0.99796665
5091,RANGRF,0.9960193
5092,FN3KRP,0.99627775
5093,TMEM120A,0.99505633
5094,SLC25A17,0.9832989
5095,CASD1,0.99407876
5096,RIC3,0.99167484
5097,CD82,0.9997333
5098,RAI14,0.9998986
5099,DCAKD,0.99689645
5100,TMEM220,0.99981785
5101,PDCL,0.99694896
5102,ANKRD12,0.9984273
5103,SNRNP35,0.9956393
5104,PAK2,0.99955547
5105,USP5,0.9932214
5106,C1orf109,0.9971416
5107,KRTCAP3,0.99842477
5108,TSPAN6,0.9855046
5109,GNG12,0.99972314
5110,PISD,0.997688
5111,LIMK2,0.9809404
5112,PLSCR3,0.9975662
5113,RSPH3,0.9863466
5114,DNAJB12,0.9932583
5115,TMA16,0.9924069
5116,KREMEN1,0.99639297
5117,CFAP69,0.99850345
5118,MGMT,0.9961398
5119,USP48,0.9579072
5120,NAA30,0.9986224
5121,TTC31,0.9973268
5122,FAAP100,0.97101235
5123,SURF2,0.9821406
5124,SRGAP3,0.9996501
5125,ZBTB17,0.99299395
5126,BICC1,0.99886864
5127,UFM1,0.9911046
5128,AK4,0.994523
5129,PIAS2,0.99691415
5130,PRPSAP2,0.99579936
5131,ZNF677,0.9989002
5132,TBCE,0.99702245
5133,NFRKB,0.99909306
5134,DIXDC1,0.99942076
5135,HMG20A,0.99952173
5136,KCND3,0.9846854
5137,WFDC1,0.99995774
5138,DENND5A,0.99956846
5139,TASOR,0.9991
5140,ITPKB,0.994765
5141,DESI2,0.99772656
5142,SMARCAD1,0.9994687
5143,ZNF224,0.98877233
5144,DAPK1,0.9891224
5145,PRR14L,0.99855983
5146,CDR2,0.99956703
5147,APIP,0.9961424
5148,IQCB1,0.9976209
5149,DNTTIP2,0.99876815
5150,RCE1,0.99771523
5151,UPF2,0.99909025
5152,RHPN1,0.99626845
5153,ATXN7L3,0.9875244
5154,PLAA,0.9740818
5155,ANKRD13A,0.99838865
5156,NGLY1,0.99908143
5157,PDE8B,0.99532044
5158,PLRG1,0.99723804
5159,CCDC92,0.9977448
5160,NUP214,0.99720323
5161,TMEM45B,0.99420244
5162,NAT9,0.9984467
5163,CXADR,0.9876566
5164,ST3GAL4,0.99663043
5165,CDC40,0.99828583
5166,ZFP90,0.9870472
5167,PLEKHA1,0.99934125
5168,PRR16,0.96213543
5169,CTSK,0.9993831
5170,LRP5,0.99912316
5171,RUFY1,0.99548244
5172,SWAP70,0.9999486
5173,TUBGCP3,0.9995232
5174,SPOUT1,0.996751
5175,SMPD4,0.9908254
5176,DUSP11,0.9965497
5177,CHMP2B,0.9920433
5178,EDNRA,0.9999434
5179,TSC22D2,0.99705106
5180,GNL3L,0.9840363
5181,SH3BGRL2,0.9991405
5182,MAP2K7,0.99595416
5183,PIDD1,0.9937491
5184,JOSD1,0.99280536
5185,SH3BP5L,0.9784015
5186,SLC25A46,0.99846303
5187,VWA8,0.99655294
5188,STK35,0.99604875
5189,PAN2,0.9975781
5190,SLC50A1,0.9994472
5191,CREBBP,0.9987305
5192,XRN1,0.9955407
5193,UXS1,0.9830281
5194,TAF4,0.999495
5195,RABGEF1,0.9986532
5196,MED12,0.99789435
5197,ETS1,0.9998711
5198,SNAP47,0.97319067
5199,SPTY2D1,0.9979733
5200,SENP5,0.997793
5201,DVL2,0.9992987
5202,TBC1D22A,0.9803478
5203,AMDHD2,0.9986513
5204,RTL8A,0.99663305
5205,ANKIB1,0.9959312
5206,SLC25A25,0.9960627
5207,RPIA,0.99565005
5208,CHMP7,0.9979662
5209,WDR37,0.9992168
5210,NR2F6,0.9971212
5211,SYNGR1,0.99950624
5212,ZBTB48,0.9981781
5213,EMP2,0.9986689
5214,STK38L,0.99952316
5215,MTR,0.9994762
5216,TSPAN15,0.99988014
5217,ATM,0.9989291
5218,PIGG,0.9413745
5219,APH1B,0.99912834
5220,XPA,0.9848903
5221,RSF1,0.9960234
5222,TMEM63B,0.9997647
5223,OFD1,0.99338776
5224,FAM43A,0.998309
5225,SPRYD4,0.9897932
5226,ISLR,0.99982333
5227,TPGS1,0.99892414
5228,PKP1,0.9919855
5229,USF1,0.9871471
5230,TMED8,0.99105453
5231,ITGB4,0.9999479
5232,NCAPH2,0.98180485
5233,JDP2,0.99984837
5234,DNMT1,0.99526405
5235,TM2D2,0.9991003
5236,SFSWAP,0.9947415
5237,AGPAT5,0.9996377
5238,UPRT,0.99934053
5239,TUBA4A,0.99867356
5240,DYNLT3,0.998568
5241,MPI,0.9971304
5242,ARRDC4,0.99773395
5243,SPIN3,0.9880851
5244,SWI5,0.9969818
5245,RIT1,0.9997498
5246,PDPK1,0.9991925
5247,SMG5,0.9994272
5248,ERAL1,0.9853128
5249,TM7SF3,0.9986772
5250,MINDY3,0.99609494
5251,IARS2,0.99510586
5252,TAX1BP3,0.9998887
5253,USP24,0.9981427
5254,PPP5C,0.99192536
5255,VAMP7,0.99540895
5256,VAV2,0.9972333
5257,DCAF12,0.9940923
5258,NKIRAS2,0.9939749
5259,SPIN4,0.9944124
5260,SAE1,0.9985475
5261,RRP1,0.9992168
5262,MPND,0.9605528
5263,FSTL3,0.9998383
5264,TCTA,0.9901464
5265,TTC39C,0.9797929
5266,FOXO1,0.99979407
5267,PCIF1,0.9995215
5268,DNAL4,0.9982308
5269,ZNF277,0.99886596
5270,YBEY,0.9990326
5271,LARP1B,0.9946759
5272,TOR3A,0.99640703
5273,FAM20B,0.99958223
5274,PPP1R18,0.99993753
5275,HS1BP3,0.9983654
5276,MRI1,0.99505246
5277,MID2,0.99138254
5278,ZNF414,0.9872259
5279,NAA35,0.98108554
5280,NDFIP2,0.9983076
5281,PYROXD2,0.9759302
5282,TOMM20,0.9965626
5283,CCDC57,0.9803391
5284,TSR1,0.98297924
5285,ESS2,0.98392224
5286,SHFL,0.99975705
5287,FBXO34,0.9957807
5288,GP2,0.98266554
5289,NEBL,0.9982202
5290,HNRNPK,0.97840947
5291,FRMD4B,0.99580157
5292,CEP350,0.99788374
5293,PRAC2,0.99939823
5294,ZNF317,0.99539083
5295,PEX26,0.9944527
5296,MBD5,0.9982589
5297,HPF1,0.9964191
5298,ANKRD39,0.9935488
5299,RNF215,0.997283
5300,TMEM208,0.99717695
5301,MED14,0.973153
5302,DTX3L,0.9669259
5303,NSUN4,0.98870313
5304,KLF13,0.997186
5305,SHB,0.9998714
5306,LY6E,0.9997941
5307,FGFR1OP2,0.99958014
5308,ZKSCAN8,0.99898016
5309,TMEM94,0.99934274
5310,RNF121,0.9986166
5311,ZDHHC4,0.99502414
5312,CHCHD7,0.9929184
5313,VKORC1L1,0.99253494
5314,NRARP,0.99589676
5315,GPR137,0.99947643
5316,ZDHHC18,0.9957736
5317,RANBP10,0.9958862
5318,TFCP2L1,0.999812
5319,TATDN1,0.99509573
5320,PIK3IP1,0.9995721
5321,ZFYVE9,0.9977889
5322,RNF170,0.961063
5323,XRCC1,0.9977263
5324,KLHL36,0.9985122
5325,NSMCE2,0.9951957
5326,THEM6,0.9980678
5327,GNPNAT1,0.99966276
5328,KAT2A,0.99940884
5329,C8orf76,0.9990104
5330,CX3CL1,0.99993026
5331,TAB1,0.99956685
5332,ZNF514,0.9984018
5333,HPRT1,0.9960017
5334,QSOX1,0.9998409
5335,RPUSD4,0.9976392
5336,MAPK12,0.9876237
5337,OLFM1,0.99612486
5338,PODN,0.9999149
5339,IGHG3,0.99771714
5340,POLR1A,0.98816216
5341,CADPS2,0.9959167
5342,PTGR2,0.97034264
5343,FMNL2,0.9984484
5344,KRR1,0.9768167
5345,MFSD3,0.9993693
5346,PHLDA1,0.99941796
5347,MAPT,0.9998156
5348,FGL2,0.9999318
5349,CCDC80,0.99995226
5350,UBE2W,0.9990541
5351,MORC3,0.99680644
5352,DGKD,0.99976754
5353,FOCAD,0.9917929
5354,CCNB1IP1,0.99784106
5355,ZNF84,0.9985373
5356,EML4,0.9858737
5357,SLC4A7,0.9938837
5358,ATP2B4,0.99913913
5359,GBP2,0.9999685
5360,FRS2,0.9951206
5361,DIPK1B,0.9928634
5362,RDH13,0.99723375
5363,WBP4,0.99830276
5364,ZNF687,0.9983754
5365,NCS1,0.9997585
5366,FMR1,0.9994302
5367,ZNF766,0.9946839
5368,ERLIN2,0.9970609
5369,NTPCR,0.9945043
5370,PGGHG,0.99995
5371,A4GALT,0.9999099
5372,MB,0.99719036
5373,ZNF7,0.9990738
5374,ZNF415,0.99622256
5375,PEX1,0.9964924
5376,DDX55,0.9963286
5377,REXO1,0.9969606
5378,ITFG2,0.994123
5379,MAN1A2,0.99601465
5380,DMAC2,0.99901354
5381,TANK,0.99925655
5382,USP43,0.99897766
5383,TRIM14,0.9938895
5384,THBS4,0.9972501
5385,POGLUT3,0.9994681
5386,WDR90,0.9985107
5387,CARD19,0.9975504
5388,SFT2D2,0.99936616
5389,EMC6,0.99303097
5390,SEMA4A,0.9987173
5391,PHF14,0.99934834
5392,BSPRY,0.99672365
5393,ZEB2,0.99989045
5394,ECD,0.9955792
5395,ZNF140,0.9832909
5396,SETD4,0.99825144
5397,RNF38,0.99922377
5398,C2orf69,0.9978141
5399,INAFM2,0.99970007
5400,WNK4,0.9959016
5401,HS6ST1,0.9989711
5402,IGHM,0.97981393
5403,SLC2A10,0.99899626
5404,ABCG1,0.99533284
5405,EDC4,0.9980609
5406,CD2BP2,0.9986508
5407,WDR46,0.926685
5408,ZBTB38,0.9976296
5409,MED16,0.99921167
5410,DEDD2,0.98417324
5411,SETDB1,0.9471873
5412,LHFPL6,0.99994
5413,ALAD,0.9842901
5414,AADAT,0.9985474
5415,KRBOX4,0.9982695
5416,TMEM167A,0.99312335
5417,MRTO4,0.99910104
5418,PPARD,0.99814117
5419,PLP2,0.9999305
5420,RAI1,0.9882824
5421,ACAT2,0.9990339
5422,FRMD6,0.99982476
5423,CD55,0.99879175
5424,LY6G5B,0.9963967
5425,RAD17,0.99897337
5426,OSBPL10,0.9996757
5427,MRS2,0.9907312
5428,CPSF2,0.9982359
5429,PPP2R5D,0.999522
5430,EPG5,0.9965532
5431,MARVELD1,0.99991876
5432,KCTD13,0.99756205
5433,WDR77,0.99247694
5434,ZNF12,0.9914477
5435,LMBR1L,0.9991238
5436,C2orf49,0.9987902
5437,SLC46A1,0.99759674
5438,TMEM80,0.9942268
5439,EIF4EBP1,0.98665553
5440,ATP2C2,0.9986867
5441,TMEM64,0.99934137
5442,EYA1,0.9997036
5443,VAPA,0.9963528
5444,MSANTD3,0.9988631
5445,LAMTOR2,0.9915565
5446,GTF3C2,0.99718964
5447,IMPA2,0.99885356
5448,COQ8B,0.9994977
5449,RTKN,0.9994399
5450,CSTF1,0.99809575
5451,YEATS2,0.99765694
5452,DENND4B,0.9977226
5453,ME2,0.9990332
5454,CCDC106,0.99350095
5455,NCBP1,0.9964138
5456,BLMH,0.99940896
5457,B4GALT3,0.99691087
5458,RTL10,0.9649731
5459,DHX38,0.9993963
5460,RRP1B,0.9971417
5461,UAP1L1,0.98880273
5462,GLYCTK,0.9967818
5463,SH3BP5,0.9997176
5464,EEF2,0.9998406
5465,ATXN7L1,0.998961
5466,USP1,0.99912953
5467,GCLC,0.9989835
5468,CENPC,0.9954033
5469,NTAN1,0.9961875
5470,CWC25,0.9951804
5471,MTF2,0.99821377
5472,PCYT1A,0.9966395
5473,ATRNL1,0.99988055
5474,RANGAP1,0.99907017
5475,MYBBP1A,0.99879235
5476,GFOD2,0.99406636
5477,BRD3OS,0.99883056
5478,CNKSR3,0.99827695
5479,POLI,0.9939516
5480,NELFA,0.9943998
5481,MIOS,0.9968803
5482,ACVR2A,0.9981202
5483,KIF3B,0.9339212
5484,MORC4,0.9914367
5485,PDCD11,0.9528913
5486,GTF3C3,0.9872479
5487,IFI16,0.9998595
5488,FBXL4,0.9963902
5489,TP53RK,0.99677277
5490,ARMH3,0.9978512
5491,ZNF302,0.9983734
5492,USP12,0.99210477
5493,XYLT2,0.99641883
5494,WDR36,0.99791145
5495,TRAFD1,0.99677444
5496,CEP44,0.9952418
5497,CLEC2D,0.9987852
5498,NHLRC2,0.9834581
5499,NCBP3,0.9982646
5500,ACOT13,0.9920741
5501,PDZRN3,0.99822736
5502,CORO2A,0.9993415
5503,ENKD1,0.99828947
5504,ADD3,0.99945104
5505,TBC1D1,0.9999476
5506,BBIP1,0.9994084
5507,LAD1,0.9978696
5508,TTBK2,0.99501306
5509,UFL1,0.99603975
5510,SYNE1,0.9999107
5511,ARMC1,0.9992958
5512,SEPTIN5,0.9969161
5513,KLF5,0.99836606
5514,PSPH,0.99505997
5515,TESC,0.9266616
5516,TTLL5,0.9954488
5517,P4HA1,0.99239695
5518,C6orf120,0.9906928
5519,SLC20A1,0.9904112
5520,FAM107B,0.9897834
5521,DMAC2L,0.98423904
5522,FOXN2,0.99640155
5523,CEP57,0.9983801
5524,NR2C1,0.99918664
5525,USP39,0.99880654
5526,MKNK1,0.99899507
5527,GNE,0.9993672
5528,ABAT,0.9996631
5529,ZNF623,0.99914896
5530,STRIP1,0.99673665
5531,HDHD3,0.97043645
5532,JAM3,0.9998233
5533,ABRACL,0.94772375
5534,UTP4,0.9986693
5535,CAVIN2,0.99984837
5536,CCN3,0.9972295
5537,PSMG4,0.9948373
5538,KIFC2,0.96391064
5539,MKRN2,0.9667077
5540,MTSS2,0.99974567
5541,SAP130,0.9968883
5542,AUTS2,0.99958265
5543,TXNDC17,0.9969672
5544,NEK1,0.99903834
5545,UBAC1,0.9989774
5546,TEX261,0.9995697
5547,CNST,0.99652714
5548,USP31,0.9986763
5549,COG7,0.985365
5550,PPP1R9A,0.9995335
5551,SRSF10,0.9971134
5552,PDE7A,0.9889051
5553,MYBPC1,0.9978139
5554,PPHLN1,0.99232274
5555,ZNF593,0.99462044
5556,JMJD6,0.9985262
5557,RAB28,0.99903744
5558,PCNX2,0.99855113
5559,TESMIN,0.9925362
5560,EXOSC3,0.98969877
5561,ANTKMT,0.993579
5562,DNMT3A,0.95800436
5563,UBR7,0.9990133
5564,SIRT1,0.9948258
5565,CLOCK,0.9959307
5566,ASXL2,0.99874234
5567,CLUAP1,0.9970038
5568,FARP2,0.9884748
5569,EP400,0.9845546
5570,RNF169,0.9956175
5571,DHTKD1,0.99793947
5572,FLCN,0.9974879
5573,JAZF1,0.9994568
5574,COG4,0.99565744
5575,HOMER3,0.9971536
5576,VPS41,0.9972066
5577,RAB12,0.9998485
5578,KDM3A,0.9967257
5579,GSKIP,0.99720824
5580,CNOT4,0.9970191
5581,OGFRL1,0.9998239
5582,MFAP1,0.99736154
5583,CC2D1A,0.9988563
5584,FLNC,0.9998066
5585,CCDC9B,0.99936235
5586,DYNC1LI1,0.9978787
5587,JMJD4,0.99228764
5588,ANKRD40,0.9987978
5589,NUDT2,0.99897784
5590,GREM1,0.9202219
5591,EEF1E1,0.9940892
5592,UNC119B,0.99422884
5593,ROCK2,0.9989305
5594,CLPB,0.9807839
5595,CEP89,0.99866015
5596,DHX32,0.9980171
5597,ELP1,0.9988546
5598,LEPROTL1,0.9947315
5599,RAD21,0.996848
5600,RBM28,0.99814487
5601,GLS,0.9992236
5602,CUL9,0.98434776
5603,MTHFD1,0.99480736
5604,OCRL,0.9704634
5605,SLC35B3,0.9926739
5606,SPATC1L,0.99165976
5607,POLM,0.995693
5608,BTBD10,0.9981572
5609,DCAF17,0.9921979
5610,SAMD8,0.99720836
5611,BCL2,0.9997648
5612,ZDHHC17,0.99611884
5613,ZNF397,0.99880296
5614,ARRB1,0.99949783
5615,IFT122,0.9996233
5616,TRIM68,0.99403644
5617,TAF11,0.99928916
5618,DIS3L,0.99835616
5619,TSSC4,0.9838618
5620,NCDN,0.9914703
5621,PIGS,0.9982962
5622,SMAD7,0.9998206
5623,XRRA1,0.9925051
5624,CADM4,0.9883938
5625,DIP2B,0.9983043
5626,ARL4A,0.99760336
5627,DCAF15,0.99929094
5628,SNN,0.998809
5629,ZNF862,0.9860858
5630,RNPC3,0.9984192
5631,MSH5,0.9914203
5632,CCDC174,0.9949079
5633,MLH3,0.9731509
5634,TMEM183A,0.9972077
5635,B4GAT1,0.9935589
5636,CDK9,0.9962254
5637,NUP210,0.99525064
5638,PHF8,0.99665195
5639,PREX1,0.9991429
5640,PHF19,0.99978644
5641,SNTA1,0.99928546
5642,BCKDHA,0.99621093
5643,PEX6,0.99823815
5644,SLIT2,0.9997368
5645,SIRT7,0.99853843
5646,PWWP2A,0.97466654
5647,ING3,0.9996513
5648,ZRANB1,0.9989375
5649,ITGA1,0.9995844
5650,FAM104A,0.9991044
5651,ARHGEF25,0.99998224
5652,NDN,0.99979985
5653,TEF,0.9993985
5654,OAZ3,0.9998883
5655,STK16,0.983918
5656,ZBTB11,0.99693537
5657,COL14A1,0.9998511
5658,SLC37A3,0.9953624
5659,AGFG2,0.99925125
5660,RGP1,0.99892354
5661,HIRA,0.9972631
5662,PRUNE1,0.9985687
5663,UBTD2,0.9996137
5664,SOX12,0.97819513
5665,TUSC1,0.9956808
5666,ELMOD3,0.9862939
5667,LTV1,0.99065804
5668,BRMS1,0.99917686
5669,PIGF,0.99693257
5670,FAAH2,0.9997925
5671,KDM4C,0.99878377
5672,POLL,0.9980282
5673,TMEM35B,0.9888823
5674,OSR2,0.99993783
5675,PGS1,0.99744093
5676,TRIT1,0.99217725
5677,C5orf24,0.9971928
5678,LZTR1,0.9902124
5679,EBAG9,0.99656093
5680,OGG1,0.99776834
5681,KANK1,0.99908054
5682,CERS6,0.9974506
5683,ZNF263,0.99040765
5684,TBC1D10A,0.996112
5685,OSTM1,0.9918363
5686,ANKRD9,0.995993
5687,ATXN1L,0.99787164
5688,SYNGAP1,0.99882305
5689,ABHD4,0.999489
5690,MICOS13,0.9927193
5691,SLC43A1,0.9992497
5692,NOM1,0.9908068
5693,TMC6,0.98689777
5694,MRRF,0.9928535
5695,PPIL1,0.9923955
5696,ACBD5,0.99888957
5697,THUMPD3,0.9971541
5698,PDZD8,0.9878842
5699,TBC1D15,0.9992783
5700,ACADSB,0.9987918
5701,TTC6,0.9945487
5702,VPS11,0.98386973
5703,DSG2,0.9989548
5704,AASDHPPT,0.9995755
5705,IER3,0.9999353
5706,ROGDI,0.9983012
5707,PIK3R3,0.9717705
5708,EHD1,0.9997199
5709,ARHGEF17,0.9990483
5710,ADAM33,0.99964434
5711,DOCK4,0.9991234
5712,SNX5,0.9977619
5713,ZNF268,0.98677194
5714,ZNF550,0.9963062
5715,UBL7,0.98780406
5716,CRNKL1,0.989968
5717,ARHGAP10,0.9998849
5718,HIF1AN,0.997835
5719,DEPTOR,0.9992528
5720,SPRY4,0.99519044
5721,PSMD5,0.9981068
5722,SNAPC2,0.9996291
5723,RASL12,0.9999523
5724,MSRB3,0.9999118
5725,EMB,0.99708253
5726,TIMM29,0.99898165
5727,SNX15,0.99709177
5728,CWC27,0.99567056
5729,KRTCAP2,0.99557805
5730,ANKRD13C,0.9934343
5731,BOP1,0.9908765
5732,SMG7,0.99301976
5733,CAVIN3,0.9999489
5734,ZCCHC14,0.9998597
5735,ZNF483,0.99985117
5736,RBM19,0.99858814
5737,ASCC1,0.99949014
5738,KCNG3,0.96228874
5739,INVS,0.9970175
5740,SCRN3,0.9973865
5741,CNTROB,0.99932206
5742,NID1,0.9999531
5743,ZNFX1,0.9997738
5744,ADA2,0.99925476
5745,KLHDC10,0.99652314
5746,TRAPPC11,0.9977141
5747,OGFOD1,0.99443495
5748,ZNHIT6,0.9992619
5749,ZNF580,0.99851775
5750,PCYT2,0.9969713
5751,NLGN2,0.99984074
5752,MECR,0.98913777
5753,CACTIN,0.9975177
5754,RNF168,0.9971224
5755,APBB2,0.9994513
5756,EMP3,0.99995744
5757,DLL1,0.999826
5758,FZD5,0.9979234
5759,FGF13,0.9996198
5760,RFC1,0.9931577
5761,PLS3,0.9999647
5762,OPHN1,0.997666
5763,PPIF,0.9991293
5764,RSU1,0.99969655
5765,APOL1,0.9997392
5766,LCORL,0.99189353
5767,MADD,0.9985782
5768,ASB3,0.99904346
5769,PELO,0.9996752
5770,GFER,0.9896103
5771,PMM2,0.9948143
5772,ANKRD42,0.9994415
5773,CDC42EP4,0.99976087
5774,XIAP,0.99852705
5775,PPFIBP2,0.9977084
5776,MS4A6A,0.9998688
5777,OPLAH,0.99506366
5778,CSF1R,0.9999449
5779,RBM10,0.99576205
5780,TMCC1,0.99049926
5781,EIF3F,0.99911124
5782,EVPL,0.997122
5783,TIMM17A,0.9775195
5784,JAGN1,0.9972614
5785,ZC3H8,0.9891672
5786,UBIAD1,0.98963547
5787,GPN2,0.97444355
5788,FECH,0.99820757
5789,IFI35,0.99969697
5790,ZNF141,0.9979084
5791,GSE1,0.99363893
5792,MAD2L2,0.9966998
5793,ASL,0.9974988
5794,PIM1,0.99512005
5795,LTO1,0.9966851
5796,OXR1,0.99715805
5797,CYTH3,0.97126496
5798,CCDC88A,0.999963
5799,THSD7A,0.9970914
5800,TPCN2,0.9985134
5801,TSPAN2,0.99991304
5802,SFI1,0.99936986
5803,SLC39A11,0.99987346
5804,ZNF335,0.9923077
5805,C17orf75,0.99915326
5806,DCAF1,0.9981411
5807,LRRC58,0.9974119
5808,PKIA,0.9995768
5809,BBS1,0.99854684
5810,FEM1C,0.998967
5811,MIIP,0.97138685
5812,TMEM160,0.9854577
5813,CFAP36,0.9759462
5814,SUFU,0.99882704
5815,UBXN2A,0.9948528
5816,CINP,0.9969535
5817,DGKA,0.992393
5818,MED21,0.99864864
5819,RINT1,0.999563
5820,CDAN1,0.9955678
5821,IPO9,0.9819714
5822,RRAGB,0.9967984
5823,GNL2,0.99733233
5824,GALNT10,0.9960376
5825,RNF150,0.9992048
5826,ESCO1,0.9994253
5827,SCRN1,0.9994535
5828,ABLIM1,0.99928534
5829,PRKAG1,0.9983395
5830,ZNF264,0.9961297
5831,MSH6,0.9979737
5832,ZNF436,0.9989361
5833,MTERF3,0.98494315
5834,CUEDC1,0.9994853
5835,ACP2,0.9993504
5836,IFI30,0.9362759
5837,FADS1,0.9808528
5838,KLF15,0.99672365
5839,DPYD,0.99919534
5840,GRTP1,0.9978474
5841,TUBD1,0.999099
5842,DEF8,0.9992747
5843,UBC,0.999672
5844,RARA,0.98586607
5845,PLCB3,0.9995613
5846,ZSCAN25,0.9961814
5847,AP5Z1,0.9948432
5848,ISOC2,0.9968958
5849,ADRM1,0.98795825
5850,ACO1,0.9969175
5851,CCND1,0.99208164
5852,IMMT,0.99150354
5853,WDSUB1,0.996341
5854,EIF2B4,0.964288
5855,UROS,0.9979889
5856,RLF,0.9981674
5857,MTFR1,0.9938829
5858,ARL15,0.99681014
5859,PIK3C3,0.99881124
5860,EDC3,0.99854827
5861,CBLL1,0.9969629
5862,CISD2,0.995994
5863,MYL5,0.99864256
5864,MVD,0.9989339
5865,NCAPD2,0.9959022
5866,ANKRD49,0.9933596
5867,NAGA,0.9981125
5868,VCPIP1,0.99843323
5869,GLOD4,0.99699545
5870,BCL7A,0.9950925
5871,TERF2,0.9965345
5872,ARMC6,0.99720716
5873,USB1,0.9983474
5874,PPP1R3B,0.9989556
5875,DRAM2,0.99803483
5876,CMC4,0.99763006
5877,MALSU1,0.99880433
5878,CYP51A1,0.99918216
5879,HDAC11,0.99891126
5880,TRIM41,0.9979559
5881,CES2,0.98597735
5882,SHKBP1,0.9953832
5883,METTL2A,0.99726224
5884,RBMXL1,0.9966659
5885,GABPB2,0.99857277
5886,UMAD1,0.99596727
5887,RGS12,0.99767745
5888,SCNN1A,0.9987545
5889,PPL,0.997972
5890,EZH1,0.99900484
5891,C1orf52,0.9868769
5892,GYPC,0.99991643
5893,CHDH,0.9818331
5894,B4GALNT4,0.92224365
5895,SLC22A5,0.99826103
5896,FBXO3,0.986935
5897,MTSS1,0.99900734
5898,ALG3,0.99902284
5899,NQO1,0.9976377
5900,CHRM1,0.9991086
5901,DUSP23,0.99593735
5902,CAPRIN2,0.9974946
5903,SECISBP2L,0.992558
5904,AP5M1,0.99865824
5905,SIK3,0.99909776
5906,DAB2IP,0.9998492
5907,ARMCX2,0.99569887
5908,TNFSF12,0.999311
5909,TENT5C,0.9989482
5910,MPP1,0.99378717
5911,MTMR10,0.9941335
5912,ITGA7,0.99992454
5913,CTIF,0.99960357
5914,TUBG2,0.99907005
5915,MAP3K7,0.99784917
5916,LARGE2,0.9656025
5917,TMEM218,0.99236506
5918,RTL8C,0.99964654
5919,HINFP,0.9994544
5920,CLK4,0.98652893
5921,TGFBR1,0.99972326
5922,HDHD5,0.9882649
5923,SEPTIN6,0.9937693
5924,TRMT61A,0.99839675
5925,RAPGEF6,0.99860847
5926,GSDMB,0.9942496
5927,CTXN1,0.99958605
5928,IKZF1,0.999306
5929,TMEM175,0.9708914
5930,DHRS12,0.9982737
5931,NAALADL2,0.99471736
5932,SRRD,0.9872327
5933,KIAA0753,0.99115205
5934,KLC2,0.99867517
5935,ODF3B,0.999652
5936,APOOL,0.9919301
5937,BZW2,0.9916673
5938,HDDC2,0.9970714
5939,PRDM8,0.99994487
5940,MED11,0.97629875
5941,HIPK1,0.99640393
5942,HMBOX1,0.9690724
5943,USP9Y,0.97691983
5944,RRM1,0.98778623
5945,ARHGEF3,0.9968207
5946,ZNF493,0.9903295
5947,RBM27,0.99905527
5948,DESI1,0.9958944
5949,WWC2,0.99935526
5950,ZNF445,0.99655724
5951,DDHD2,0.99934626
5952,GZF1,0.99847126
5953,SCML1,0.9993024
5954,DDHD1,0.99882156
5955,ZNF398,0.9987156
5956,TENT5A,0.9994155
5957,RPRD2,0.9983281
5958,ZSCAN30,0.99753106
5959,DHRS13,0.9949093
5960,BTD,0.998536
5961,POP7,0.99622434
5962,NPC1,0.9988561
5963,UFSP2,0.998967
5964,CCDC32,0.9508165
5965,USP6NL,0.9960181
5966,POGLUT1,0.9839705
5967,TLCD3A,0.9978562
5968,MYO1D,0.9956235
5969,BRAP,0.9972201
5970,EME2,0.99499553
5971,EVC,0.9962029
5972,FXYD1,0.9992652
5973,RRAGD,0.9995937
5974,ABCA8,0.9997232
5975,PCNA,0.99392843
5976,PNPLA6,0.99347425
5977,NAGLU,0.9992618
5978,ATG16L2,0.99918413
5979,DNAJC13,0.99886715
5980,ORAI3,0.9986863
5981,MPPED2,0.9994285
5982,COQ5,0.9980712
5983,SGCB,0.9996296
5984,ANKS1B,0.9996815
5985,ANKRD28,0.99861825
5986,NOL4L,0.9991598
5987,SPSB1,0.99985695
5988,AKAP12,0.99981767
5989,RELL1,0.99988943
5990,TNS4,0.9999256
5991,CTPS2,0.9989445
5992,NEO1,0.9933562
5993,SNAPC5,0.99696434
5994,SESN1,0.9946502
5995,BCAR1,0.9970337
5996,OLFM2,0.99864376
5997,TOP1MT,0.9854826
5998,PRDM4,0.99669385
5999,LRRC42,0.9913584
6000,MTAP,0.99920344
6001,NEPRO,0.9889482
6002,LRRC37A2,0.99898815
6003,SMIM12,0.998686
6004,FBXO38,0.9895073
6005,MEX3C,0.99542457
6006,AP1AR,0.99759775
6007,TAP2,0.99817234
6008,FAM149B1,0.9955567
6009,WRAP73,0.9983366
6010,EFHC1,0.99695957
6011,NOP16,0.996912
6012,GPR176,0.9963872
6013,TRAF5,0.9996986
6014,NES,0.9999052
6015,MIGA2,0.99408394
6016,THBS3,0.9972845
6017,ZNF776,0.9949666
6018,DAB2,0.99966663
6019,CLN8,0.98694664
6020,CDK5RAP2,0.9452488
6021,DGAT1,0.99924624
6022,POLR1B,0.9880277
6023,ATAT1,0.9897151
6024,RAB11FIP2,0.99975765
6025,ALDH4A1,0.9968653
6026,EPB41,0.9031725
6027,FAM3B,0.98597723
6028,PLEKHF2,0.9994577
6029,TOMM34,0.99179125
6030,CHST14,0.99552333
6031,EPPK1,0.9973956
6032,PLAT,0.999435
6033,SLC10A3,0.99871874
6034,SCO1,0.9973767
6035,CLIP4,0.9997586
6036,PCSK6,0.99934185
6037,PNPO,0.9727795
6038,PPP4R3B,0.99646586
6039,BMP2K,0.9958611
6040,ZNF785,0.9975002
6041,PSME3,0.99842584
6042,OLFML3,0.9999732
6043,MID1IP1,0.99918294
6044,FAIM,0.9959311
6045,DENND4A,0.98942184
6046,SMARCD1,0.9976211
6047,SIRT2,0.9980447
6048,NOL9,0.99219996
6049,CEP170,0.99739474
6050,CRYBG3,0.99874574
6051,GINM1,0.99511683
6052,PIAS1,0.9978843
6053,PCDH18,0.99995077
6054,KLC4,0.99806356
6055,UBE2O,0.920872
6056,HECTD2,0.99912566
6057,TMEM126A,0.9983714
6058,CAPG,0.9932306
6059,DTD1,0.9958034
6060,WDR81,0.9997845
6061,BABAM2,0.9958835
6062,RNF135,0.99849224
6063,SVBP,0.99634075
6064,IQSEC2,0.9959014
6065,FXR2,0.9981528
6066,MVP,0.99966043
6067,DTWD1,0.9991836
6068,LONRF1,0.9983318
6069,TMEM14A,0.9919909
6070,ACY1,0.9966565
6071,CHAF1A,0.9971851
6072,NUMBL,0.9996177
6073,B9D1,0.99569017
6074,PER2,0.98647666
6075,DPH2,0.9955158
6076,ZNF641,0.9962044
6077,L3MBTL2,0.99683654
6078,MKKS,0.975769
6079,MAP3K6,0.99986017
6080,RIOK1,0.9782868
6081,NEK3,0.99598515
6082,TMEM209,0.9912171
6083,ABTB1,0.9982527
6084,ST7L,0.99901366
6085,C19orf12,0.9985963
6086,NCKIPSD,0.99642694
6087,RWDD2A,0.9993199
6088,CUL2,0.9827844
6089,HELZ,0.99591255
6090,SLC49A4,0.99740875
6091,PITPNC1,0.9877396
6092,CYB5D2,0.9973866
6093,GFM2,0.9970193
6094,C15orf61,0.99564224
6095,BHLHE41,0.99416727
6096,SLC35A3,0.9989531
6097,ZBTB21,0.9964694
6098,CLUH,0.99728143
6099,GLI4,0.99747264
6100,NWD1,0.9995339
6101,RNMT,0.97166157
6102,RMND5B,0.99591786
6103,FABP5,0.99348736
6104,PBDC1,0.9966542
6105,MCM5,0.9933107
6106,UGGT2,0.99668753
6107,ZYG11B,0.9962925
6108,RAE1,0.99606127
6109,DPY19L4,0.9993839
6110,ZHX3,0.9918444
6111,NARS2,0.9970865
6112,EID2,0.9545214
6113,CDK6,0.99988025
6114,TRAPPC2L,0.9991926
6115,PI15,0.9998555
6116,ZBTB40,0.9992425
6117,RIPOR1,0.9843168
6118,CHST12,0.99926174
6119,FH,0.9970108
6120,EIF2B3,0.99773645
6121,TMEM79,0.9975662
6122,ARMCX1,0.9992071
6123,ABHD17C,0.9874599
6124,USP20,0.99281675
6125,XPO7,0.9992334
6126,LMBR1,0.9963796
6127,CASP8AP2,0.9880603
6128,WWTR1,0.9993515
6129,TRNAU1AP,0.99824184
6130,ZNF548,0.9971621
6131,MRGBP,0.99679124
6132,SETMAR,0.99535406
6133,LAPTM4B,0.9992409
6134,FKBP14,0.99827707
6135,PIK3R2,0.9624305
6136,NNT,0.9990576
6137,CCDC93,0.9976122
6138,WDR41,0.99862987
6139,LYRM1,0.99692297
6140,PLPBP,0.9994018
6141,KLHDC4,0.99224776
6142,SPICE1,0.9963926
6143,GNPDA1,0.9860352
6144,PARP9,0.9980476
6145,BROX,0.99740434
6146,EIF1AD,0.9920222
6147,AARSD1,0.9992075
6148,SIX1,0.9957517
6149,METTL17,0.9928428
6150,DPP8,0.9950938
6151,MANBA,0.99847436
6152,TUSC2,0.99626684
6153,NUDT8,0.99725604
6154,SLC25A44,0.9967767
6155,CPLANE1,0.99259645
6156,ZNF700,0.99430525
6157,NIPA1,0.98074925
6158,QSOX2,0.99489254
6159,RAB24,0.99338055
6160,ARHGEF16,0.99834305
6161,DPH5,0.99886155
6162,TEAD2,0.99781126
6163,MYO5A,0.9946021
6164,CPSF3,0.99845773
6165,CWC22,0.99710286
6166,NSUN6,0.9865621
6167,FKTN,0.9944548
6168,SMU1,0.9992477
6169,EPHB6,0.9964473
6170,CHD8,0.99739933
6171,CCM2,0.99947536
6172,KANSL2,0.99432987
6173,FOSL2,0.9998171
6174,RBM22,0.99724376
6175,SVIP,0.99744135
6176,DOCK7,0.9986205
6177,LRRFIP1,0.9793874
6178,HEG1,0.9994522
6179,ICAM1,0.9993632
6180,EVI5,0.9865397
6181,ZFYVE27,0.99325883
6182,ZNF841,0.99912745
6183,NIPAL3,0.99952686
6184,U2AF1L4,0.9931503
6185,POP4,0.9950976
6186,DNTTIP1,0.99826026
6187,TRIAP1,0.99711245
6188,RSBN1L,0.9810778
6189,DIS3,0.99849343
6190,SAMHD1,0.9999145
6191,GAS1,0.99957603
6192,ATG7,0.98995894
6193,EDARADD,0.9827497
6194,GET1,0.9988981
6195,PPM1F,0.9997647
6196,CWF19L2,0.9991735
6197,TNRC6C,0.9980774
6198,SP2,0.998116
6199,DGLUCY,0.9990827
6200,ZC2HC1A,0.98202026
6201,MINDY1,0.99805343
6202,PRDM5,0.99963254
6203,XPO5,0.9939601
6204,CAV1,0.9984197
6205,AP1S2,0.992533
6206,DCK,0.9928069
6207,PIK3R4,0.9724798
6208,RPP25L,0.9961549
6209,VPS26C,0.9901487
6210,TMPO,0.992776
6211,SLC16A1,0.9988195
6212,NAB2,0.9995361
6213,NFS1,0.996324
6214,CDK7,0.9944288
6215,WTIP,0.99965227
6216,LTBP2,0.99908376
6217,PIGM,0.9982367
6218,EFCAB13,0.9996654
6219,TRBC2,0.9995632
6220,ORC5,0.99789864
6221,ATE1,0.9992444
6222,HMGCS2,0.9938108
6223,ZC3H3,0.98415315
6224,RAB31,0.9999602
6225,PRKACB,0.99445915
6226,SPART,0.9997388
6227,FZD6,0.996273
6228,PPME1,0.9942419
6229,FAS,0.99975926
6230,CIAO3,0.9951966
6231,NOA1,0.99758327
6232,SHOC2,0.9941067
6233,DHRSX,0.99373555
6234,SLC29A1,0.99959284
6235,TFIP11,0.9450829
6236,IDE,0.9780764
6237,RPF1,0.9978704
6238,CC2D1B,0.9977122
6239,TIMM22,0.99884814
6240,PTK2B,0.99903774
6241,PRSS22,0.9957217
6242,NPM3,0.9952091
6243,BAZ1A,0.9967206
6244,POLR1E,0.9997945
6245,MID1,0.9984218
6246,ZNF185,0.99975276
6247,CCDC71L,0.999872
6248,SIDT2,0.99174184
6249,CEP70,0.99620175
6250,ARFGEF1,0.9984603
6251,CEP164,0.9988088
6252,PARP10,0.99850124
6253,SUOX,0.9879347
6254,NCALD,0.99788773
6255,LIN52,0.995813
6256,ANKRD46,0.98602223
6257,NIPSNAP3A,0.9981603
6258,CRADD,0.99164
6259,ZNF618,0.9981689
6260,DNAJC30,0.990458
6261,IFT80,0.9993882
6262,ZNF274,0.99876773
6263,THOC6,0.9559727
6264,VWA2,0.99559677
6265,RHOG,0.9969156
6266,NKAPD1,0.99178505
6267,RAB29,0.9877173
6268,GRWD1,0.9864882
6269,ZMYM6,0.99765253
6270,MAP3K4,0.99447095
6271,VRK2,0.9979616
6272,CNTRL,0.93804485
6273,CERS5,0.9986346
6274,ZNF275,0.99686277
6275,MYLIP,0.9865047
6276,FUNDC1,0.9966859
6277,FBXO4,0.98863465
6278,FEM1A,0.99578345
6279,EMC2,0.9994861
6280,TINAGL1,0.99984086
6281,TRIM65,0.9960248
6282,TUBGCP5,0.99102896
6283,EPHB3,0.9959736
6284,GOLT1B,0.9988463
6285,STBD1,0.99777865
6286,ACTL6A,0.9815193
6287,CD177,0.9980388
6288,PPRC1,0.9949322
6289,PPT1,0.990089
6290,NGDN,0.9961051
6291,CRLF3,0.991682
6292,SMOC1,0.9952539
6293,DENND2D,0.98268056
6294,ZSCAN2,0.995678
6295,SGMS2,0.9990792
6296,STXBP4,0.99571854
6297,EPHA7,0.99968326
6298,WHAMM,0.9942118
6299,MUC20,0.99888146
6300,YIPF5,0.99328923
6301,ICA1L,0.99978906
6302,KPNA3,0.99914867
6303,CPT2,0.9970696
6304,YJEFN3,0.9901362
6305,TXNDC9,0.99664474
6306,CSNK1G3,0.98532814
6307,TLE3,0.9963752
6308,TMEM184A,0.9985369
6309,GLUD1,0.9991572
6310,MBIP,0.9978162
6311,TMX3,0.9947035
6312,PLEKHG2,0.9999543
6313,CCDC22,0.9918291
6314,ARHGEF9,0.99722755
6315,ZNF318,0.9680942
6316,ABCE1,0.99271005
6317,CHD1,0.99846125
6318,RABGGTA,0.96432436
6319,DDX31,0.98794866
6320,ZNF30,0.99958634
6321,RASSF1,0.99799204
6322,NAA25,0.9984833
6323,MITD1,0.99701583
6324,YWHAE,0.990998
6325,PPCS,0.9958296
6326,UMPS,0.99751955
6327,IKZF5,0.99562037
6328,PRKG2,0.9982615
6329,BRI3BP,0.9891459
6330,TARBP1,0.9986917
6331,SEMA3B,0.999491
6332,CLDN1,0.98439074
6333,TBC1D10B,0.99188185
6334,INPP5K,0.9990335
6335,MCEE,0.99797285
6336,NAA15,0.9912485
6337,ALG9,0.9748241
6338,CLDN8,0.9991845
6339,NNMT,0.9989203
6340,ACSF3,0.99223983
6341,ERI2,0.9911895
6342,MEN1,0.9948909
6343,IPO13,0.9926859
6344,NR3C1,0.99950516
6345,CAV2,0.99962795
6346,PEX7,0.99874014
6347,SPAST,0.98147726
6348,GKAP1,0.98980176
6349,POLR3C,0.9976984
6350,SYNJ2,0.99490047
6351,FAM221A,0.9942528
6352,OLFM4,0.9990088
6353,NPAS2,0.9994429
6354,HACL1,0.99647605
6355,RNASEH2B,0.99970734
6356,MANSC1,0.99511206
6357,LRRC40,0.9910909
6358,C22orf39,0.9867302
6359,PCDHGC3,0.9993966
6360,KPNA6,0.9944755
6361,FAM171A1,0.9973301
6362,TRIM24,0.9951427
6363,TSFM,0.9969608
6364,AREL1,0.99724245
6365,SETD6,0.98907244
6366,ALMS1,0.9872443
6367,NDUFS7,0.99957484
6368,PHF11,0.99926376
6369,SLC25A24,0.99311316
6370,INMT,0.9996846
6371,CAMSAP2,0.9996306
6372,PAQR6,0.99489784
6373,TRAPPC8,0.9974577
6374,LIMD2,0.9962367
6375,PALM,0.9995399
6376,KYAT3,0.99609244
6377,HTRA2,0.9894427
6378,MRE11,0.98922473
6379,CRYZL1,0.99739397
6380,RAB22A,0.9990149
6381,CERT1,0.9972475
6382,ABCD4,0.9861744
6383,FADD,0.99338764
6384,TRIM3,0.981712
6385,MIER3,0.9975043
6386,GPN1,0.99353004
6387,KCNC2,0.99330246
6388,TTC5,0.9993025
6389,YJU2,0.99573517
6390,NUP153,0.9992754
6391,ZNF688,0.99294573
6392,RNF111,0.9617311
6393,SRPRB,0.99924755
6394,APBB1,0.9992646
6395,VLDLR,0.9692146
6396,UCHL3,0.9940203
6397,SH3TC1,0.94998646
6398,ZPR1,0.9984617
6399,NECTIN1,0.9977473
6400,PLOD3,0.9983366
6401,CRY1,0.99906033
6402,MAP3K13,0.9960728
6403,PMP22,0.9998169
6404,AAMDC,0.99416524
6405,OMA1,0.99882746
6406,CLEC16A,0.9964323
6407,NDE1,0.9996503
6408,SEMA3F,0.9971898
6409,PPP2R3B,0.9732833
6410,PRPS2,0.9997529
6411,TSTD2,0.99868023
6412,ADIPOR2,0.99831706
6413,NUP155,0.9980346
6414,DYRK1B,0.9983258
6415,SLC25A40,0.999692
6416,DCUN1D2,0.99838793
6417,CPTP,0.99683034
6418,DACT2,0.97739804
6419,GTF2B,0.99936503
6420,DHX8,0.9906877
6421,RMC1,0.996175
6422,BMPR1A,0.9994246
6423,ATP10D,0.99990314
6424,LENG1,0.9977228
6425,KAT8,0.9987947
6426,BLVRA,0.9995097
6427,CTC1,0.9575505
6428,ENDOV,0.9981247
6429,ANGPTL2,0.9996641
6430,TOP3A,0.99492
6431,RBM7,0.99798346
6432,COL27A1,0.9996321
6433,VPS33A,0.9915159
6434,TUBB2A,0.99961555
6435,AHR,0.99965096
6436,PIGC,0.996848
6437,DBT,0.99769604
6438,IMMP1L,0.98125637
6439,ADO,0.99769825
6440,PRKAR1B,0.9978927
6441,YTHDC2,0.99380726
6442,KCTD2,0.992242
6443,VASH1,0.99919933
6444,CCDC69,0.999902
6445,PTBP2,0.9976855
6446,ACAD10,0.99938834
6447,INCENP,0.97337705
6448,MPP7,0.9993378
6449,PCDH10,0.9999026
6450,SUCO,0.9946852
6451,SAAL1,0.99564385
6452,GTF2E2,0.9989767
6453,GPRASP1,0.9984312
6454,CEP95,0.99727565
6455,DOCK5,0.9823508
6456,NVL,0.9986796
6457,APC,0.9981791
6458,RAB11FIP1,0.99749666
6459,DHX29,0.9976468
6460,TCTN3,0.9930939
6461,ZSWIM9,0.9964025
6462,ACSL5,0.9874546
6463,PHF6,0.9960804
6464,ICAM3,0.9724809
6465,ZNF568,0.9937954
6466,UBXN7,0.9930629
6467,MICAL1,0.9998191
6468,RFX1,0.9971517
6469,BAHD1,0.9989184
6470,GTF2H4,0.993976
6471,ANKS1A,0.9068858
6472,ANKFY1,0.9981696
6473,LXN,0.9965096
6474,SMPD2,0.9929332
6475,KBTBD2,0.9985348
6476,DDX52,0.9988128
6477,ARHGAP21,0.99825525
6478,SMIM29,0.99745965
6479,CTCF,0.98337984
6480,P3H1,0.9974888
6481,PLOD1,0.99449116
6482,ZFP62,0.9961381
6483,GON4L,0.99668163
6484,TMEM25,0.99761885
6485,PAFAH1B3,0.96400386
6486,POLE4,0.9984386
6487,CGRRF1,0.9894022
6488,SDAD1,0.98904526
6489,RBBP9,0.9885793
6490,GSTT2B,0.9983687
6491,LARS2,0.9944582
6492,COASY,0.9900442
6493,KCTD1,0.9986654
6494,RXYLT1,0.9937644
6495,TAF8,0.9986427
6496,RWDD2B,0.9987192
6497,HSD17B6,0.9955981
6498,ALKBH3,0.9981824
6499,FOXRED1,0.9977847
6500,HMGCL,0.98926437
6501,NOB1,0.9934526
6502,TXNRD1,0.98179173
6503,NUDT22,0.99770296
6504,IRAK4,0.9960628
6505,NUBP1,0.9843956
6506,KLHL23,0.99109274
6507,GLRX2,0.9984778
6508,CLSTN3,0.99917567
6509,MYO19,0.9910517
6510,RNF26,0.99447286
6511,NACC2,0.99978155
6512,CCDC120,0.9889242
6513,AIFM1,0.9884663
6514,IFT172,0.99913037
6515,DIS3L2,0.9996642
6516,FAM120C,0.99786335
6517,TMEM204,0.9994649
6518,DNAJC14,0.996405
6519,ATR,0.99496686
6520,LUZP2,0.9954164
6521,PDCD7,0.9972309
6522,IQANK1,0.9921553
6523,WDR70,0.99008554
6524,CYP20A1,0.99932265
6525,MAML2,0.99900454
6526,TNFRSF10B,0.99312437
6527,RCL1,0.99800664
6528,SLC35A5,0.9842036
6529,LATS1,0.9976407
6530,ABHD18,0.99267066
6531,PRR36,0.9970019
6532,ALDH5A1,0.99402505
6533,MIER2,0.99129546
6534,METTL22,0.9971342
6535,CCNYL1,0.9932648
6536,CEP68,0.99986476
6537,C5orf22,0.9973041
6538,SLC25A26,0.9930563
6539,COL5A2,0.9999293
6540,PLN,0.9996006
6541,IQCE,0.993255
6542,DEPP1,0.9994985
6543,NME6,0.9940551
6544,OGFOD2,0.9979524
6545,ZBTB45,0.9986987
6546,CRTC2,0.9901906
6547,YAF2,0.99455917
6548,HDDC3,0.99724364
6549,LSAMP,0.9881797
6550,CASP2,0.9994951
6551,UPF3B,0.9956446
6552,PDCD10,0.99895203
6553,TNFAIP2,0.91945094
6554,KRAS,0.9983278
6555,DEF6,0.99951065
6556,AP3B1,0.99917847
6557,DHX37,0.9833856
6558,TP53I3,0.99852777
6559,TARBP2,0.9988733
6560,WDR5,0.9957686
6561,NCBP2AS2,0.99351406
6562,SNIP1,0.9685531
6563,EXOSC2,0.98501986
6564,MYO5B,0.99979645
6565,GPRASP2,0.9933603
6566,GPX3,0.9995761
6567,UBL4A,0.9821987
6568,CNOT9,0.9975128
6569,ST7,0.99509704
6570,WDR3,0.987726
6571,RAB30,0.9996313
6572,SOCS3,0.9987554
6573,G0S2,0.9998818
6574,ADGRF1,0.94625413
6575,ODF2,0.99872726
6576,CDK11B,0.99892485
6577,FXYD5,0.99990624
6578,PDE5A,0.9998387
6579,PLEKHB1,0.9912034
6580,PIGK,0.9983425
6581,MTMR6,0.99941033
6582,PDRG1,0.9921534
6583,ABCB7,0.99728596
6584,PDE10A,0.9993225
6585,SCD5,0.9959604
6586,FBXL19,0.99764293
6587,SLC48A1,0.9996729
6588,SH2D3A,0.9745218
6589,EPS15L1,0.9985634
6590,COX7A1,0.99928546
6591,THNSL2,0.99943745
6592,CFH,0.9999432
6593,ANO10,0.9968694
6594,SQLE,0.99795836
6595,ZBED4,0.99945396
6596,LIME1,0.9961886
6597,PRKCH,0.9837389
6598,NMT2,0.9886737
6599,TMEM265,0.99834204
6600,GNAI1,0.9930135
6601,RICTOR,0.98758847
6602,EVA1C,0.9995169
6603,ZNF134,0.9950619
6604,SIPA1L1,0.996946
6605,AP2A1,0.99780494
6606,AIMP2,0.9854137
6607,DNASE2,0.9987967
6608,R3HDM1,0.9981924
6609,FBXL15,0.9852979
6610,VPS16,0.99578726
6611,ZNF26,0.99592626
6612,TSPAN17,0.97780967
6613,PARP6,0.9986814
6614,ANKRD16,0.9984584
6615,ZNF337,0.9972279
6616,HSD17B14,0.9984594
6617,S1PR3,0.9997531
6618,FEZ2,0.99959266
6619,MGAT2,0.9983059
6620,ARL16,0.99784863
6621,CWF19L1,0.9996749
6622,DHFR,0.99665487
6623,ZNF599,0.9914044
6624,DNAJC19,0.9970161
6625,SMPDL3A,0.99780536
6626,APOL6,0.9996537
6627,C2orf74,0.9931255
6628,OARD1,0.9943399
6629,ENTPD7,0.9977121
6630,PLA2G6,0.991158
6631,DNAJC15,0.99929637
6632,CHFR,0.9937159
6633,ACOXL,0.99768543
6634,EFL1,0.98197174
6635,TMEM199,0.97791016
6636,WDR20,0.99580395
6637,PRKG1,0.99984753
6638,PPCDC,0.95506495
6639,MALL,0.9991384
6640,DMD,0.9998802
6641,DHX34,0.99862504
6642,ZNF707,0.99865615
6643,TMEM87A,0.9928143
6644,SNX25,0.99853003
6645,CYSTM1,0.9991155
6646,ARRDC2,0.99758554
6647,RAP1GAP2,0.9888268
6648,SAPCD1,0.9776499
6649,DCUN1D3,0.9972996
6650,NPRL2,0.9768008
6651,ABCA1,0.99734426
6652,LMTK2,0.97112966
6653,HDAC10,0.987262
6654,LMBRD2,0.97272897
6655,PTPRK,0.98909664
6656,C17orf58,0.9940574
6657,LPIN2,0.96728724
6658,ABHD14A,0.99851465
6659,C1orf35,0.9996326
6660,PDE12,0.9953083
6661,RPAP1,0.9928434
6662,SESTD1,0.9959497
6663,SLC2A11,0.99684465
6664,MAP2,0.9970828
6665,ZNF316,0.99417627
6666,FOXRED2,0.99954486
6667,IFNAR2,0.99597913
6668,GDPD1,0.9669444
6669,PCTP,0.9892974
6670,DXO,0.98885024
6671,RRM2B,0.99881905
6672,RGS1,0.99987257
6673,TP53BP2,0.9867708
6674,FAM98C,0.9790786
6675,FAM217B,0.98024833
6676,UBD,0.9814079
6677,SDC2,0.9993884
6678,TAF1C,0.99939203
6679,ADAMTS9,0.9985515
6680,HOPX,0.9999646
6681,KIF3A,0.9980931
6682,LNPK,0.99182385
6683,MGLL,0.9992869
6684,MED30,0.996041
6685,ZNF407,0.99138916
6686,CMSS1,0.99118346
6687,METTL23,0.9734462
6688,PTDSS2,0.99844116
6689,RITA1,0.9982992
6690,SCAF8,0.9934645
6691,SAPCD2,0.9978042
6692,BYSL,0.98563075
6693,TRMT13,0.98432934
6694,TBC1D24,0.9990407
6695,ARFIP1,0.9795163
6696,AAGAB,0.93241894
6697,RCAN1,0.9998236
6698,GSTA4,0.99787915
6699,RIPK1,0.9402662
6700,SPHK2,0.98842734
6701,ZNF581,0.99902827
6702,TMEM158,0.99974346
6703,SLC2A8,0.99608177
6704,CYP27A1,0.99872684
6705,STAM,0.9946891
6706,CACNA1H,0.9998734
6707,ATAD2,0.9924445
6708,TYW3,0.99760324
6709,RAB34,0.9999199
6710,ZNF227,0.99928284
6711,ZNF282,0.9888269
6712,B3GALNT2,0.99916995
6713,PDK2,0.99749637
6714,RASSF8,0.99543947
6715,AHDC1,0.9993361
6716,POGK,0.92901176
6717,PRKD3,0.9993839
6718,ODF2L,0.99922013
6719,SLC15A4,0.9987137
6720,PRKCZ,0.9931345
6721,ZNF235,0.99379146
6722,GDAP2,0.99816906
6723,TTC7B,0.9974698
6724,PKDCC,0.99547565
6725,GCA,0.9977771
6726,G6PD,0.97303283
6727,DNAJC16,0.99358106
6728,SNAP91,0.9825937
6729,SH3BP2,0.9972619
6730,SPINDOC,0.96946096
6731,ALDH1L1,0.99659246
6732,TRAF2,0.99920636
6733,AGA,0.9973285
6734,ZNF260,0.9926774
6735,KIAA0586,0.98404104
6736,PELI3,0.99734855
6737,SSBP2,0.99879336
6738,PCDH7,0.99987245
6739,DUSP12,0.9889049
6740,CCDC43,0.9939322
6741,RAP2A,0.9984486
6742,ZBTB37,0.9964689
6743,ZNF772,0.98223597
6744,LNX2,0.99642885
6745,HTATIP2,0.9991343
6746,GALK2,0.99919266
6747,RFXANK,0.9934035
6748,MORN2,0.9995065
6749,HERC6,0.99575824
6750,AFF3,0.99868846
6751,RAD54L2,0.99837047
6752,ZNF622,0.9882057
6753,RFXAP,0.99260104
6754,GAB1,0.99636656
6755,CLCN6,0.996319
6756,CCDC40,0.9800339
6757,DNAJC25,0.9981442
6758,KIF16B,0.99924827
6759,GGCX,0.9724704
6760,RB1CC1,0.9901508
6761,CMTR1,0.99617094
6762,RIC1,0.9940313
6763,PAG1,0.99881876
6764,DDX50,0.9980309
6765,PRORP,0.9958692
6766,SLC26A11,0.9976933
6767,ACBD4,0.9982905
6768,EPS8L1,0.9959402
6769,MAST2,0.99385834
6770,PHF21B,0.9986048
6771,TAF12,0.99699205
6772,ADAM17,0.9847045
6773,MAT2B,0.9993824
6774,ORAI2,0.9928024
6775,GSTCD,0.99617904
6776,TBC1D12,0.99833655
6777,PLD6,0.99848115
6778,PANK4,0.9977782
6779,GEMIN4,0.9940377
6780,FBXO46,0.9879079
6781,ASB7,0.97518325
6782,ABCB8,0.9949253
6783,TMEM203,0.99785626
6784,GTPBP3,0.99710727
6785,AGER,0.9963653
6786,HINT2,0.9883157
6787,MYO18A,0.9921174
6788,SIRT5,0.9983488
6789,NUP205,0.9550361
6790,ARHGEF4,0.99971503
6791,ZNF710,0.99583703
6792,LAMA2,0.9996529
6793,POLA1,0.9778939
6794,BAP1,0.9923613
6795,HARS2,0.9698063
6796,WDR7,0.9838691
6797,DIO2,0.9997913
6798,CFAP44,0.9989773
6799,ZNF133,0.99863505
6800,ACTR8,0.9997109
6801,NRSN2,0.99939007
6802,SIRT3,0.99299675
6803,COMMD2,0.9984049
6804,ZNF852,0.9972114
6805,CEP290,0.9962883
6806,USPL1,0.9904007
6807,IFI27L1,0.9932313
6808,CACNA2D1,0.99732685
6809,PPP1R3E,0.9975903
6810,EVI5L,0.9971731
6811,DHX35,0.99743825
6812,ZNF75D,0.9982456
6813,EXOSC8,0.9859087
6814,DYRK2,0.9758631
6815,GCDH,0.98726004
6816,ZNF793,0.9724614
6817,STK19,0.99341977
6818,MCM6,0.9946697
6819,INPP5B,0.9980514
6820,TENT4B,0.9963978
6821,C7orf25,0.9912968
6822,ZXDB,0.9886242
6823,OGDHL,0.9860955
6824,SAMD13,0.9929168
6825,GNG7,0.98198795
6826,MYNN,0.9785869
6827,CAMK2G,0.99968547
6828,GSTM3,0.9981999
6829,ZNF8,0.97039557
6830,VAC14,0.99804676
6831,ASMTL,0.99618703
6832,TFF3,0.99788076
6833,ATG4D,0.95535004
6834,ERMARD,0.9981857
6835,PLOD2,0.9969066
6836,CAMKMT,0.99127716
6837,CPAMD8,0.9996359
6838,ZNF503,0.9885495
6839,HIP1,0.998448
6840,SFXN2,0.98639345
6841,GLIPR1,0.9998825
6842,SHPK,0.98513496
6843,CMIP,0.9881143
6844,FAM76A,0.9955421
6845,ARHGEF40,0.9996709
6846,PPM1D,0.99931717
6847,RFT1,0.997638
6848,SNX30,0.999183
6849,INTS7,0.9947794
6850,ADCK2,0.9993215
6851,DZIP3,0.99897003
6852,RNF34,0.99967265
6853,LAMB1,0.99780333
6854,GTF3C4,0.9770375
6855,RRP8,0.9944587
6856,P3H4,0.99350715
6857,TUFT1,0.9920737
6858,ZNF511,0.98214006
6859,LPAR1,0.9997717
6860,TRMT1L,0.9992332
6861,GNG10,0.9079846
6862,LCN2,0.9876519
6863,GLYATL1,0.9984801
6864,AEN,0.9536872
6865,GCNT2,0.99976695
6866,PASK,0.9338993
6867,PLEKHG3,0.99871266
6868,TSPYL5,0.99169844
6869,RNF43,0.99891424
6870,ASB8,0.9629791
6871,NKRF,0.9561939
6872,PACRGL,0.9981343
6873,MTRR,0.9862212
6874,TMEM150A,0.9995107
6875,SMAD6,0.99708724
6876,DTWD2,0.9895432
6877,CHAMP1,0.99754
6878,HECTD3,0.98371786
6879,SLC7A6OS,0.9942025
6880,TMEM41A,0.988757
6881,STRN,0.9915235
6882,FAM234B,0.9926356
6883,PLEKHO2,0.998062
6884,MTFMT,0.9991304
6885,BACE1,0.9961853
6886,LRCH1,0.9985851
6887,ERMAP,0.94920415
6888,DDX19B,0.9986172
6889,RAVER2,0.9984201
6890,KLF7,0.9994046
6891,THUMPD2,0.9986874
6892,CDC42BPG,0.8993956
6893,EAF1,0.99034333
6894,PHF13,0.9989611
6895,L3HYPDH,0.99825
6896,PSEN2,0.99894476
6897,CRIPT,0.99839646
6898,TMEM144,0.99662095
6899,KIFAP3,0.9991784
6900,HDAC9,0.99965656
6901,ZDHHC1,0.9993721
6902,S100A16,0.99992615
6903,PYROXD1,0.99525607
6904,CNTN1,0.9989778
6905,SIAH1,0.9920008
6906,ZSCAN9,0.98946536
6907,BPNT1,0.99801415
6908,SERTAD1,0.9977187
6909,COPS4,0.9916271
6910,PDPR,0.99908847
6911,LIPA,0.9924622
6912,RORA,0.9995469
6913,RPTOR,0.9973503
6914,KAT2B,0.9924835
6915,PPP1R16A,0.9971511
6916,ZSWIM7,0.9770057
6917,UBALD1,0.9988822
6918,PSD3,0.9913181
6919,UTP18,0.98851794
6920,ZC3H12C,0.9989665
6921,PLIN2,0.9992862
6922,AP4B1,0.99902916
6923,ARHGEF5,0.98630273
6924,FBXO33,0.9962646
6925,HILPDA,0.9978417
6926,IFI27,0.9995149
6927,KLHL9,0.9941305
6928,PNMA1,0.9997365
6929,ASF1A,0.9985293
6930,PFAS,0.99645096
6931,CNEP1R1,0.998613
6932,DSTYK,0.9985998
6933,TBX2,0.999859
6934,BAHCC1,0.99505424
6935,ATF1,0.9598863
6936,DNHD1,0.9913838
6937,INO80,0.98591024
6938,PRKAB2,0.99353755
6939,C1GALT1C1,0.9883165
6940,UPK3A,0.9965229
6941,PAXIP1,0.998629
6942,AXIN1,0.99673533
6943,ASB1,0.99791074
6944,INPP4A,0.9996169
6945,PTPN3,0.99654555
6946,ZMYM5,0.97487384
6947,ZNF576,0.9978676
6948,TIMM21,0.9989008
6949,CCDC149,0.7354435
6950,CCDC117,0.9919968
6951,COMMD9,0.99241215
6952,PHKA1,0.9967937
6953,INTS12,0.99445236
6954,TBC1D22B,0.9962039
6955,CCHCR1,0.9947282
6956,SLCO2A1,0.998965
6957,ZNF629,0.9763211
6958,HSD17B8,0.9974889
6959,GALC,0.9975798
6960,PGAP2,0.9949629
6961,MIEF2,0.9959136
6962,DNAAF5,0.9970483
6963,ANAPC1,0.99406016
6964,GEM,0.99992573
6965,ZKSCAN3,0.98791754
6966,PRKX,0.99759364
6967,SIPA1,0.99924546
6968,MYO1E,0.9856941
6969,POFUT1,0.9897052
6970,SLC2A3,0.99992573
6971,PPIP5K1,0.98645043
6972,FZD7,0.99913555
6973,CEP120,0.9992561
6974,AAR2,0.96731865
6975,NF1,0.9909363
6976,OBSCN,0.99861443
6977,ZNF44,0.98874074
6978,NUP88,0.99775577
6979,DCBLD1,0.9958299
6980,KLHDC9,0.99661386
6981,AASS,0.9931195
6982,UTP11,0.99568176
6983,PNPLA8,0.9964101
6984,SLC66A2,0.99804735
6985,GOT1,0.9926346
6986,PIGX,0.9978124
6987,TLNRD1,0.9988402
6988,FLAD1,0.99341846
6989,C2CD2,0.99696845
6990,SLC39A14,0.9990034
6991,UNG,0.996207
6992,LATS2,0.997802
6993,LYSMD2,0.9936667
6994,NOL6,0.9953767
6995,TGM4,0.99725926
6996,FAHD1,0.99937737
6997,COG8,0.97977376
6998,NKAP,0.9591231
6999,ANKRD36,0.9954603
7000,NAP1L5,0.99877846
7001,GLMN,0.98380315
7002,BLVRB,0.9972161
7003,MICALL1,0.9996834
7004,PLEKHA8,0.99839836
7005,PGM2,0.99715304
7006,FBXL20,0.9941945
7007,CDK3,0.9970004
7008,JAG2,0.99878734
7009,OSMR,0.9918869
7010,FKBP15,0.9949612
7011,RBPMS2,0.99950016
7012,WDR44,0.9829142
7013,AMOTL2,0.9988408
7014,MFHAS1,0.9940705
7015,TMEM250,0.99150914
7016,OTULIN,0.99835324
7017,ISL1,0.99991584
7018,CARMIL1,0.9909684
7019,ITSN2,0.99425155
7020,PINK1,0.99683535
7021,ANG,0.99698466
7022,EEF1A2,0.9975384
7023,MFAP3,0.95806336
7024,MASP1,0.9996491
7025,SNAPC1,0.9955978
7026,KAT14,0.99398
7027,CLGN,0.999427
7028,TRIM23,0.999148
7029,C3orf38,0.99409276
7030,TADA2A,0.9892452
7031,ATPAF2,0.9689162
7032,HEMK1,0.9991498
7033,COL12A1,0.99987733
7034,SFT2D3,0.9846967
7035,RTL6,0.9965928
7036,DLAT,0.99888736
7037,KIAA1958,0.99784577
7038,YEATS4,0.9578114
7039,KIN,0.9872682
7040,FASTKD3,0.9988171
7041,REV3L,0.9988927
7042,LYRM4,0.99641633
7043,BID,0.99224526
7044,HMBS,0.99911845
7045,CDK17,0.98889154
7046,APOBEC3F,0.9962946
7047,PLEKHA2,0.9999221
7048,FGFR2,0.99987996
7049,ITGB2,0.99543566
7050,LRSAM1,0.9984024
7051,MAP2K6,0.9944967
7052,TGFB2,0.9997258
7053,ARMCX6,0.98798555
7054,IRX4,0.95897305
7055,SRRM1,0.9979229
7056,ZNF706,0.9981679
7057,CCDC82,0.9997845
7058,PARP11,0.99059695
7059,BTG3,0.9996735
7060,BIRC3,0.999796
7061,RAPGEF2,0.9948052
7062,KIAA1549,0.95542794
7063,BEND3,0.9966061
7064,RCHY1,0.99415374
7065,NEURL1B,0.9987892
7066,SLC35A2,0.9986021
7067,INPP5F,0.99460995
7068,DLG3,0.98747945
7069,CD14,0.99357665
7070,OXCT1,0.9947292
7071,C6orf226,0.99589795
7072,BIN3,0.99886084
7073,RFX3,0.99721456
7074,ATP13A2,0.97950494
7075,FRZB,0.9996469
7076,TCP11L1,0.99895376
7077,MAD1L1,0.97829616
7078,CARF,0.998335
7079,VARS2,0.9858891
7080,PARP3,0.9988829
7081,PLEKHA7,0.99109805
7082,ACCS,0.99937326
7083,SNX16,0.99855167
7084,ZDHHC7,0.9941971
7085,NQO2,0.9967186
7086,SIKE1,0.99579465
7087,SLC26A6,0.9922232
7088,CRYZ,0.99531084
7089,C17orf80,0.9935788
7090,HSPA14,0.99663067
7091,METTL16,0.99316216
7092,URM1,0.99501514
7093,PCGF5,0.99816966
7094,FBXW8,0.9963069
7095,PID1,0.9998505
7096,NT5DC3,0.9970335
7097,TTC33,0.9960183
7098,KCNH8,0.9952476
7099,IFT140,0.99646425
7100,UBALD2,0.9962764
7101,PTCD1,0.9949427
7102,PAIP2B,0.99841136
7103,DBP,0.99877584
7104,TRIM66,0.99543154
7105,SSBP4,0.98278105
7106,ZNF467,0.99155635
7107,EED,0.99870986
7108,IFI44,0.9995044
7109,KCNS3,0.9881661
7110,ANKRD54,0.9971737
7111,AGPS,0.9990624
7112,PDK4,0.9941148
7113,UCK2,0.99210465
7114,ATG3,0.9953922
7115,MPEG1,0.9985509
7116,ZNF14,0.991119
7117,ZMYM3,0.99579024
7118,ZNF589,0.9992938
7119,UVRAG,0.9996052
7120,IFT88,0.9935737
7121,UBAP2,0.99106854
7122,SMYD3,0.9955546
7123,PTPRD,0.9965315
7124,ZNF236,0.9945166
7125,IRS2,0.9972515
7126,MYO9B,0.9989474
7127,HSDL2,0.992828
7128,POLR3A,0.9979069
7129,JPH2,0.9992434
7130,AMMECR1L,0.9969774
7131,UBXN11,0.9928337
7132,ZNF143,0.99242926
7133,SMIM27,0.99446344
7134,DCP1B,0.9995911
7135,EFEMP1,0.9963446
7136,AMPD2,0.9990213
7137,ADAL,0.9898991
7138,PCDHB5,0.99968755
7139,TNS3,0.99966323
7140,LRATD2,0.9674142
7141,ZW10,0.9960207
7142,PUS1,0.9956883
7143,TUBE1,0.99721086
7144,FGD4,0.97957695
7145,TACO1,0.9677396
7146,RASAL2,0.98712
7147,ARHGEF2,0.999502
7148,NPAT,0.9946462
7149,FBF1,0.99956024
7150,SLCO2B1,0.99898946
7151,DPY19L1,0.99968934
7152,ALKBH6,0.97434205
7153,DDX51,0.9270524
7154,SLC39A8,0.9953172
7155,PLEKHM3,0.9989523
7156,TBL3,0.98938924
7157,RNF180,0.9996655
7158,RNF8,0.9969207
7159,DCP2,0.93374455
7160,TNFAIP1,0.98162663
7161,CELSR1,0.9979548
7162,CTSC,0.9845955
7163,TCHP,0.99539083
7164,TLCD5,0.99878854
7165,PPID,0.99869275
7166,ZNF524,0.9702016
7167,ZMAT5,0.99452364
7168,MUSTN1,0.9996855
7169,SULF2,0.99980056
7170,CENPS,0.9854605
7171,PXK,0.99842536
7172,SLC25A29,0.9979271
7173,PAPOLG,0.99792325
7174,IFT52,0.9932499
7175,FOXO4,0.9989334
7176,CYFIP2,0.998114
7177,ZNF25,0.99884963
7178,ACE,0.9928587
7179,NXT1,0.9954974
7180,NUDCD1,0.9973135
7181,C21orf91,0.9979615
7182,ZCCHC9,0.9886831
7183,RMDN1,0.99656737
7184,SLC35C1,0.9890909
7185,ARHGAP29,0.992551
7186,FAM3D,0.97911656
7187,LRRC8D,0.9977416
7188,STK38,0.99694216
7189,RIOK2,0.9991739
7190,C1QTNF1,0.9998582
7191,SSC5D,0.9998754
7192,COQ10B,0.99752283
7193,MEX3A,0.9961134
7194,MSRB1,0.9935405
7195,RAB11FIP5,0.99501574
7196,CAD,0.9961912
7197,GIT2,0.9995723
7198,C9orf72,0.9985852
7199,XPNPEP3,0.9903852
7200,ZNF780A,0.99830925
7201,RNF24,0.99500436
7202,ZNRF1,0.9986282
7203,PTPMT1,0.998579
7204,MDP1,0.99726105
7205,SSH1,0.9970271
7206,IRF2BPL,0.9975423
7207,LPIN1,0.99889696
7208,RABIF,0.9865731
7209,DOP1A,0.99934715
7210,RSBN1,0.9943893
7211,ISG20,0.9970135
7212,CCDC61,0.95873314
7213,CRABP2,0.9968096
7214,SLX4IP,0.9845506
7215,TP53I13,0.9988342
7216,CCDC59,0.99913186
7217,LIMK1,0.97467595
7218,CASTOR1,0.9826896
7219,PHAX,0.99853086
7220,PLCB1,0.981829
7221,SNRNP48,0.99847436
7222,SINHCAF,0.98818386
7223,ASAP1,0.99978256
7224,TAF2,0.9855732
7225,ALG6,0.9847438
7226,CRB3,0.9992112
7227,NOC4L,0.9775306
7228,ENTPD2,0.9974625
7229,FRAT2,0.99383503
7230,FANCF,0.99214137
7231,GGT7,0.9968605
7232,TRGJP2,0.9990882
7233,TTC23,0.998248
7234,FADS3,0.9962308
7235,CDS1,0.99743867
7236,F2R,0.9950949
7237,COX19,0.97649467
7238,AGTR1,0.9796646
7239,ZFP30,0.9981622
7240,ISOC1,0.9279264
7241,COX18,0.99562544
7242,LBHD1,0.9675802
7243,ATP6V0E2,0.9942091
7244,CDC25B,0.99904555
7245,ARRB2,0.99671566
7246,CFAP20,0.99863195
7247,C4orf48,0.98974323
7248,ZNF516,0.99624234
7249,AIF1,0.99851954
7250,PPIL3,0.9988147
7251,IER5,0.9819786
7252,TSNARE1,0.99937
7253,TMEM223,0.99174285
7254,POLG2,0.9986717
7255,RBM12B,0.9825707
7256,P3H3,0.9997137
7257,ELL,0.9734872
7258,ZNF117,0.9879049
7259,PPP3CC,0.99914575
7260,RIPK4,0.9971363
7261,ASH2L,0.9965178
7262,SMCR8,0.9991658
7263,RIC8B,0.9976984
7264,UBA6,0.88926053
7265,EMSY,0.96649814
7266,SKAP2,0.98971903
7267,PLD2,0.986006
7268,KIZ,0.9983103
7269,THG1L,0.99951166
7270,TAPBPL,0.9990786
7271,LMCD1,0.99876046
7272,VSIG2,0.9996713
7273,DUSP7,0.99877757
7274,NDUFAF7,0.99414563
7275,LRIG2,0.99712425
7276,PPM1M,0.994991
7277,DNASE1,0.99523985
7278,KMT5C,0.9934804
7279,TRMT44,0.9967955
7280,FUZ,0.99278915
7281,EPS8,0.99916744
7282,RRP15,0.9974075
7283,GABRE,0.9999444
7284,ACP5,0.9992645
7285,PTGIS,0.99971205
7286,ZFP28,0.9541543
7287,WDR25,0.9855033
7288,CDC37L1,0.99306345
7289,R3HCC1L,0.99855864
7290,ZBTB43,0.9952289
7291,C19orf47,0.9964127
7292,NSUN7,0.9977186
7293,ELP4,0.98560935
7294,WARS2,0.9925089
7295,NTHL1,0.9974371
7296,NUP50,0.94611776
7297,ADAMTS2,0.99900615
7298,VANGL1,0.9942808
7299,ZNF738,0.9690535
7300,PCDHGA5,0.9722132
7301,CPXM2,0.99993956
7302,RNF208,0.99368966
7303,KATNA1,0.95046765
7304,ACVR2B,0.9908099
7305,EIF2B2,0.9973917
7306,MBD4,0.9901707
7307,THBS2,0.99966294
7308,ATOH8,0.9997667
7309,COA5,0.9914789
7310,CPVL,0.999298
7311,GGPS1,0.9980361
7312,NUDT14,0.9864744
7313,NUP107,0.99254996
7314,MED19,0.99551433
7315,PXYLP1,0.99921143
7316,ARID5A,0.963182
7317,CSF1,0.9972501
7318,THADA,0.9965598
7319,FAM241A,0.9965904
7320,ECRG4,0.9997194
7321,E2F5,0.99565065
7322,LRRC57,0.9854694
7323,IGSF21,0.9929296
7324,IMPA1,0.98963904
7325,HEATR6,0.99790347
7326,PLA2G4F,0.9428948
7327,RAP1GDS1,0.9939287
7328,CHD7,0.9957685
7329,RASSF4,0.9997087
7330,SPRY2,0.99855405
7331,TAMM41,0.98383474
7332,MLLT10,0.90037537
7333,NOC3L,0.990793
7334,RHOQ,0.99700254
7335,NFATC4,0.9995764
7336,TFAP2C,0.9850685
7337,AP4M1,0.9693638
7338,CACNB2,0.9998003
7339,FGFR3,0.9834678
7340,PFKFB2,0.9961076
7341,TFF1,0.9969569
7342,GNB5,0.98296523
7343,MAP3K1,0.989758
7344,LIG1,0.9985558
7345,EARS2,0.9968043
7346,NLE1,0.97998357
7347,SIRT6,0.99586874
7348,SLC35A1,0.99939054
7349,EIPR1,0.9906319
7350,LINS1,0.99730825
7351,GLRX3,0.99426734
7352,DCPS,0.9784103
7353,RGS17,0.9908041
7354,CDRT4,0.9989618
7355,MOSPD2,0.99934745
7356,SLCO5A1,0.9966527
7357,KBTBD7,0.9950229
7358,GABRB3,0.9891314
7359,GRHL1,0.9969927
7360,PAIP1,0.99413276
7361,SLC45A4,0.9411328
7362,AGK,0.99908125
7363,RBSN,0.99426925
7364,ZNF608,0.98895067
7365,FUCA2,0.9911691
7366,ADCY3,0.99957395
7367,KAZN,0.9921462
7368,MYO9A,0.99839944
7369,UBOX5,0.99823475
7370,ELP3,0.9883189
7371,PTPRU,0.99903935
7372,CCDC127,0.9992626
7373,SPOCK3,0.99866575
7374,CCNT1,0.99769497
7375,ZNF343,0.96164536
7376,ADGRE5,0.9696363
7377,TRMT12,0.99847806
7378,ATRIP,0.9976552
7379,ASB13,0.990405
7380,CAAP1,0.97313946
7381,HMGCR,0.989415
7382,SLC12A9,0.9889829
7383,CASP9,0.99719876
7384,ARHGAP26,0.9983009
7385,RNF25,0.9778095
7386,FANCL,0.9989388
7387,MOSPD3,0.9663568
7388,ANPEP,0.99600834
7389,MMGT1,0.998888
7390,FRK,0.9811798
7391,AJUBA,0.99682707
7392,ECM1,0.99974674
7393,NAA16,0.9969829
7394,SFXN3,0.99946564
7395,RAB11FIP4,0.9714864
7396,CELF2,0.99977016
7397,RRS1,0.9872618
7398,PODXL,0.99861085
7399,BBS7,0.98956394
7400,METRN,0.99051106
7401,FNTB,0.9858408
7402,NR3C2,0.99561113
7403,CACFD1,0.9871899
7404,MEGF9,0.9723724
7405,PTRH1,0.9948746
7406,MDFI,0.9899707
7407,ZNF10,0.99002
7408,CROT,0.99509007
7409,DNAJC9,0.9937616
7410,TRAF3IP2,0.99938166
7411,BRAF,0.99414265
7412,FAM98A,0.9896778
7413,KRBA1,0.9903685
7414,ALOX5,0.97480124
7415,RECK,0.9978992
7416,CCDC71,0.988487
7417,SELENOI,0.9981321
7418,NRP2,0.9997293
7419,PDP1,0.98105294
7420,KIF9,0.9971845
7421,C3orf70,0.9998355
7422,GNPAT,0.9926765
7423,JARID2,0.99278575
7424,NRF1,0.99641067
7425,PARP16,0.99918175
7426,TOX3,0.9724979
7427,UNC119,0.9942358
7428,CDCP1,0.9978467
7429,PKP2,0.9970204
7430,SHANK3,0.99968934
7431,LYRM2,0.9863424
7432,STX19,0.99821
7433,CMTM8,0.997995
7434,GAPVD1,0.9980273
7435,TMTC2,0.99176705
7436,TRMT61B,0.99663734
7437,CHRNA2,0.97314894
7438,HIC1,0.9998753
7439,ZC3HC1,0.9941144
7440,POPDC2,0.9974818
7441,HMCES,0.994931
7442,CCDC24,0.998709
7443,CDIP1,0.99974495
7444,ITSN1,0.99909896
7445,ZNF697,0.9885548
7446,IFFO2,0.99355316
7447,MTRES1,0.9976305
7448,DNMBP,0.97497404
7449,C12orf29,0.9954592
7450,GOLIM4,0.9969957
7451,ERMP1,0.9986735
7452,MCC,0.9992471
7453,CCNH,0.99778056
7454,MTIF2,0.9900234
7455,PCDHGA9,0.9990664
7456,FAHD2B,0.99801207
7457,ZNF385A,0.9989886
7458,METTL8,0.9894554
7459,BMP1,0.9998395
7460,ZNF605,0.975847
7461,TAFA5,0.9986343
7462,C9orf64,0.99453133
7463,ANGEL2,0.9817232
7464,SRPK1,0.9902786
7465,SLC38A7,0.98503155
7466,RECQL5,0.9797181
7467,TGS1,0.9656611
7468,PBLD,0.9859103
7469,DHDDS,0.9980967
7470,ATG2A,0.96875805
7471,CNTLN,0.9450551
7472,RAB40C,0.9922525
7473,MAP6,0.9959813
7474,ZNF253,0.99281955
7475,YPEL2,0.99520624
7476,SDHAF4,0.9979491
7477,KDM7A,0.9957553
7478,TSEN2,0.9983859
7479,MGME1,0.9813764
7480,LIN7B,0.99149996
7481,PEX14,0.9994452
7482,HAT1,0.9799778
7483,COPS8,0.9939368
7484,GPRC5A,0.9944546
7485,ZNF174,0.99781466
7486,OSGIN2,0.99494
7487,PTPN9,0.9962724
7488,NR4A3,0.9993911
7489,DNAL1,0.99066275
7490,GNA12,0.98980486
7491,ENDOG,0.9840698
7492,TRAF3,0.9995253
7493,CDC23,0.89149684
7494,PCDHB16,0.9885651
7495,MUC1,0.99924946
7496,RFC2,0.9969509
7497,FARS2,0.99577516
7498,PTPN6,0.9735484
7499,ARNT2,0.9978945
7500,ZNF212,0.98643225
7501,MBD3,0.97977155
7502,PPTC7,0.99816203
7503,WDR12,0.98291993
7504,CISD1,0.9980223
7505,ZFP41,0.9818825
7506,TRIB3,0.9980635
7507,MAD2L1BP,0.9944436
7508,SCAMP3,0.9748229
7509,WDR59,0.99395496
7510,EPDR1,0.9991634
7511,PPFIA2,0.97756493
7512,ZNRF3,0.9830018
7513,ARMC7,0.9867301
7514,HAUS3,0.9994416
7515,BPGM,0.9772391
7516,SERPINB11,0.90719557
7517,TNFRSF19,0.9991485
7518,NBEA,0.9985211
7519,TUB,0.99836814
7520,PLPP6,0.9976102
7521,APOBEC3C,0.9991785
7522,ETAA1,0.9943723
7523,SLC41A1,0.99691457
7524,ZNF136,0.9982457
7525,PKNOX1,0.99840647
7526,FEV,0.998642
7527,TTC27,0.98353505
7528,RIDA,0.99145794
7529,TET3,0.9989794
7530,FAT4,0.99983114
7531,CXorf38,0.9833507
7532,CD93,0.99914896
7533,SLC66A3,0.9991928
7534,GRK6,0.9962729
7535,ZBTB41,0.9924467
7536,CTDP1,0.9972272
7537,PHGR1,0.98876077
7538,ZNF197,0.99114656
7539,ABHD8,0.9944976
7540,ABCA3,0.96099454
7541,LYSMD3,0.99552876
7542,KCTD18,0.99546295
7543,STARD4,0.9921504
7544,LRRK1,0.99760413
7545,TRMT5,0.8661262
7546,GAS8,0.9830555
7547,WHRN,0.97764504
7548,PAK6,0.9978241
7549,ZNF180,0.99416316
7550,MUL1,0.9968668
7551,BFAR,0.99438727
7552,PRIMPOL,0.99940556
7553,CEACAM1,0.9998617
7554,CC2D2A,0.99930257
7555,SLC35B4,0.98863804
7556,RPP30,0.9729723
7557,SLC19A1,0.99477386
7558,FOXF1,0.9992076
7559,INPP4B,0.9977509
7560,CEP104,0.9944041
7561,CKLF,0.97861767
7562,PSMG1,0.99590707
7563,RIN3,0.9996808
7564,TOPORS,0.9936639
7565,WDFY2,0.9966429
7566,ZNF704,0.9896771
7567,IPO11,0.99916404
7568,PDZD4,0.99814636
7569,INPP1,0.9987778
7570,ERCC8,0.9954004
7571,NR1H3,0.99970084
7572,PEX3,0.99727607
7573,EYA3,0.9967544
7574,ARHGAP23,0.9990988
7575,TSC1,0.9946448
7576,DCBLD2,0.9991025
7577,AGL,0.9979387
7578,SIAE,0.9984917
7579,BTN3A2,0.9994068
7580,LMTK3,0.9957656
7581,TMTC3,0.9927293
7582,BICDL1,0.96463066
7583,SLC7A2,0.9852979
7584,KDM1B,0.99802136
7585,SMO,0.99919176
7586,STXBP6,0.9941507
7587,XPR1,0.999311
7588,PRKCE,0.9982885
7589,STAB1,0.9982283
7590,TOX2,0.9956924
7591,GPC4,0.99731696
7592,HSF2,0.9954746
7593,BNC2,0.9915151
7594,CPOX,0.9724111
7595,QPCTL,0.996541
7596,UNC80,0.9959331
7597,HCCS,0.9895435
7598,ST3GAL3,0.99799144
7599,BTN3A1,0.99957913
7600,VPS37A,0.99595046
7601,KCTD9,0.99739873
7602,PARP14,0.99950004
7603,TFB2M,0.99469995
7604,NUP35,0.99008083
7605,RBBP5,0.99621284
7606,ARL6IP6,0.9909762
7607,DPCD,0.9961958
7608,MCPH1,0.9976324
7609,DNALI1,0.9589458
7610,PIGQ,0.99768215
7611,LRRC7,0.9936019
7612,ZNF347,0.9926269
7613,METTL6,0.9985666
7614,GATC,0.9907795
7615,SCAMP5,0.9593315
7616,HMGA1,0.9691096
7617,CD40,0.9994293
7618,MSMO1,0.9879908
7619,MST1,0.9880871
7620,NLRX1,0.99618876
7621,L2HGDH,0.969207
7622,TMEM60,0.99836
7623,DHX58,0.98093617
7624,MUC12,0.99579144
7625,NXPE3,0.99934256
7626,TRMT10B,0.99306965
7627,DGKQ,0.99021685
7628,TIAM1,0.9988825
7629,PDK3,0.9652175
7630,VILL,0.99943256
7631,HDAC8,0.977822
7632,GCLM,0.984122
7633,ZNF558,0.99535894
7634,METTL21A,0.996831
7635,RBMS3,0.9991049
7636,NPTXR,0.9913364
7637,CTTNBP2NL,0.9984711
7638,BLOC1S3,0.9861854
7639,CDC42EP2,0.9990665
7640,TSEN15,0.9982366
7641,EML5,0.9951666
7642,TFAP4,0.9918
7643,LSG1,0.99818087
7644,NTNG2,0.9951897
7645,TULP3,0.9951651
7646,TGFB3,0.9969107
7647,PEAK1,0.9995454
7648,DENND3,0.99737227
7649,ACAA2,0.99976474
7650,SLC7A6,0.9910326
7651,DTNBP1,0.99497455
7652,C12orf43,0.9972143
7653,NMRK1,0.9933601
7654,CDKN2AIP,0.9961843
7655,ING2,0.9888574
7656,ABRAXAS1,0.99913126
7657,TAS2R14,0.99246407
7658,BCAS4,0.9992874
7659,SLC25A42,0.96568966
7660,CCL19,0.9728885
7661,C19orf33,0.9995241
7662,CEP128,0.9826302
7663,HSD11B2,0.9929067
7664,CRIP1,0.9996963
7665,YAE1,0.9992394
7666,STYXL1,0.9955102
7667,ENPP2,0.9997769
7668,ZNF678,0.9983558
7669,NABP1,0.99880385
7670,HAUS6,0.9974425
7671,COL8A1,0.95526695
7672,ALKBH4,0.9782695
7673,DENND6B,0.9986311
7674,ORC3,0.99663913
7675,NAPB,0.99821365
7676,ZBTB5,0.9943739
7677,TSHZ1,0.99724877
7678,GYG1,0.9991791
7679,STAT5A,0.9998615
7680,PEPD,0.99260026
7681,COG2,0.98608226
7682,P2RY11,0.9901163
7683,FCHSD1,0.9992465
7684,STX2,0.9998331
7685,SAP30,0.99521226
7686,KLHL2,0.998556
7687,PIR,0.9987376
7688,AP5S1,0.9927192
7689,HAX1,0.9921053
7690,MDC1,0.97350955
7691,FANCC,0.9992002
7692,DDR2,0.9997107
7693,IPPK,0.9962545
7694,EMC8,0.9966026
7695,TBXAS1,0.9993237
7696,SP100,0.9994704
7697,SPATA2,0.9728799
7698,DPM2,0.9982357
7699,BBS5,0.9983126
7700,UBA7,0.99984956
7701,DBR1,0.9936069
7702,DHRS7B,0.9963514
7703,MRM2,0.9928726
7704,SNUPN,0.9829832
7705,TIRAP,0.99519026
7706,ESR1,0.9988785
7707,TDP1,0.9975238
7708,PLAGL1,0.9994703
7709,YDJC,0.9961324
7710,LCAT,0.99973696
7711,ATP7B,0.9924937
7712,SDHAF3,0.9833881
7713,ZNF574,0.9956689
7714,DTYMK,0.99610406
7715,C2CD3,0.9838022
7716,TNIK,0.99468845
7717,SCARA3,0.99973404
7718,DIPK2A,0.9992238
7719,SPRYD7,0.9865673
7720,METTL14,0.9207894
7721,FAM219A,0.99726987
7722,ZBTB6,0.9990851
7723,FAM107A,0.9991009
7724,PPP1R8,0.9796377
7725,FHOD3,0.9960183
7726,SLC17A5,0.9825716
7727,RBM41,0.99411356
7728,ANKRD27,0.9637176
7729,ZNF585B,0.9865566
7730,PIP4P1,0.9942075
7731,SNX11,0.9953139
7732,GABPB1,0.9909083
7733,TICAM1,0.98540694
7734,KLHL8,0.9925411
7735,IRS1,0.99858135
7736,TUT1,0.96508694
7737,CASP7,0.9975735
7738,PAAF1,0.99644417
7739,MTMR1,0.997939
7740,BGLAP,0.9768177
7741,CCDC102A,0.99114347
7742,ZNF283,0.99362427
7743,TEP1,0.99538356
7744,CORO7,0.9931101
7745,KDM2B,0.9874649
7746,PAK1,0.99485755
7747,SNED1,0.99125504
7748,PRR3,0.9917054
7749,RBM38,0.99926746
7750,TOP3B,0.9990077
7751,PDGFC,0.99946535
7752,FUT8,0.9998648
7753,SMYD5,0.99244785
7754,ORAI1,0.98494315
7755,CYP2U1,0.9380276
7756,PTPRB,0.99946433
7757,ZSCAN16,0.98314774
7758,TAB3,0.9977719
7759,DHRS11,0.9902493
7760,NT5C,0.9987116
7761,CYBB,0.99933314
7762,MIS12,0.9989849
7763,ZFY,0.98379695
7764,PUS7,0.97732335
7765,ZCCHC2,0.9988729
7766,GLT8D2,0.99903274
7767,CPM,0.9890457
7768,MLYCD,0.97656804
7769,KNSTRN,0.9956599
7770,KCNK1,0.99434733
7771,MPHOSPH9,0.99750495
7772,MAFG,0.9950684
7773,RNGTT,0.9969122
7774,SNX29,0.9992268
7775,CEPT1,0.9939316
7776,ITGB3BP,0.9946381
7777,ZNF441,0.99641037
7778,PITPNM1,0.99585485
7779,PDE6D,0.9953574
7780,TMEM42,0.99430513
7781,RAP2C,0.99880946
7782,GPN3,0.9935559
7783,PCGF1,0.99697334
7784,HDAC4,0.9991115
7785,KIAA2026,0.97934914
7786,PAQR3,0.99301106
7787,TASP1,0.9976165
7788,PAQR4,0.9975458
7789,CEP131,0.9810019
7790,BCL10,0.9935865
7791,UEVLD,0.97103006
7792,LMO3,0.99991405
7793,RALGPS2,0.9817191
7794,USP10,0.99457633
7795,SDSL,0.98193127
7796,ZFAND2A,0.9895998
7797,ALG14,0.9877137
7798,PPT2,0.9935286
7799,MAP9,0.9949149
7800,CIB2,0.9958008
7801,REST,0.9889002
7802,COQ2,0.9952593
7803,CARHSP1,0.9927107
7804,TTC28,0.99987537
7805,LAGE3,0.99762833
7806,PDE11A,0.99606997
7807,HELLS,0.9423894
7808,TMEM164,0.99830216
7809,PHLDA3,0.99935156
7810,ZNF844,0.9909637
7811,PRKAR2B,0.9981213
7812,CHN1,0.9993519
7813,EFEMP2,0.99960965
7814,SRI,0.9964006
7815,MSRA,0.99935913
7816,RAMP3,0.9965867
7817,RNF2,0.99326295
7818,DCHS1,0.99936795
7819,SHLD1,0.9819332
7820,CCDC28A,0.98537916
7821,DNAJC24,0.98320234
7822,CPPED1,0.9945752
7823,DERA,0.9994173
7824,ARL4C,0.9989145
7825,MVB12B,0.9964239
7826,TRIM39,0.9948135
7827,ZSCAN29,0.99461365
7828,PEX16,0.9971621
7829,FBXO31,0.9945685
7830,ZSCAN21,0.99827576
7831,POU2F1,0.9861271
7832,SFRP2,0.99894667
7833,ABLIM3,0.9945781
7834,TMEM178B,0.99462485
7835,ATP1A2,0.9975293
7836,TRIM21,0.9978374
7837,CCDC30,0.9983796
7838,HIVEP2,0.9939894
7839,PCDHGB2,0.8834656
7840,LONRF2,0.99562466
7841,RAD52,0.9770429
7842,IGSF3,0.9966433
7843,PPIC,0.9993863
7844,ZCCHC8,0.9947269
7845,METTL25,0.99131334
7846,FES,0.9904727
7847,CD53,0.99766725
7848,CHRDL1,0.9794868
7849,ZNF765,0.99959916
7850,MXD3,0.98591244
7851,PARD6B,0.9980246
7852,FUT11,0.9972041
7853,VTA1,0.99667835
7854,POLE,0.9966599
7855,ZC4H2,0.9929796
7856,STS,0.99962544
7857,CETN3,0.99492
7858,ZSCAN26,0.9987533
7859,BICDL2,0.9910476
7860,SH3BGR,0.9973582
7861,BACH1,0.9799196
7862,PHLPP1,0.99373794
7863,TMOD1,0.99954766
7864,DPH3,0.9939643
7865,ZNF747,0.99697673
7866,GADD45A,0.9957311
7867,WDR89,0.9870734
7868,MTO1,0.9962466
7869,KLF11,0.9986577
7870,HEATR3,0.99708396
7871,DIPK1A,0.99944365
7872,HCLS1,0.9994062
7873,PIBF1,0.979109
7874,ZBTB14,0.9812538
7875,ERLIN1,0.99532604
7876,TMEM91,0.99765664
7877,TNFAIP3,0.999352
7878,STRADA,0.9962866
7879,TRIM47,0.9989349
7880,MLH1,0.9831306
7881,TMEM132A,0.9977279
7882,MAN1A1,0.9900612
7883,ZDHHC12,0.9860744
7884,NOXA1,0.98670685
7885,VSIR,0.99966866
7886,TMEM178A,0.9987805
7887,DALRD3,0.99482787
7888,SGCE,0.99888283
7889,SHISA4,0.9971608
7890,P3H2,0.98654467
7891,SETD1A,0.9933786
7892,PRPF40B,0.9976435
7893,ZDHHC24,0.9814435
7894,TBCC,0.9975759
7895,KL,0.99120456
7896,GDPGP1,0.9615236
7897,EXTL2,0.9845756
7898,VIPAS39,0.9982608
7899,SYS1,0.99350035
7900,KPNA5,0.9851742
7901,MED26,0.96043754
7902,RARRES1,0.99839866
7903,IL17RA,0.9974945
7904,NDUFAF5,0.9616197
7905,KLHDC8B,0.998701
7906,ZNF250,0.98696375
7907,CASKIN2,0.9835515
7908,IGSF9B,0.99718106
7909,MDN1,0.9978119
7910,PIGZ,0.9991745
7911,TMEM62,0.9875129
7912,ZNF16,0.9768424
7913,SPRED1,0.9997681
7914,YARS2,0.9973048
7915,ZNF446,0.98430085
7916,TPST2,0.9962041
7917,BLOC1S4,0.9962992
7918,ELMO3,0.9918543
7919,SNCG,0.98891056
7920,ELK3,0.99960893
7921,ZNF200,0.9772947
7922,B3GALNT1,0.99763805
7923,PIK3C2B,0.9913476
7924,C19orf25,0.9975519
7925,ACACB,0.9992699
7926,GRB10,0.9992878
7927,DDX59,0.9954818
7928,FAM210A,0.9921704
7929,GJC1,0.9995025
7930,TMEM44,0.9966804
7931,HIVEP3,0.9904602
7932,DBNDD2,0.99948573
7933,SEC31B,0.9521626
7934,SLC43A2,0.96022934
7935,PIK3CA,0.9992659
7936,ZNF333,0.9967594
7937,FCF1,0.9957529
7938,MAP3K3,0.99808985
7939,ARHGAP39,0.99227
7940,CA5B,0.9872518
7941,TBC1D25,0.9883953
7942,MAP2K5,0.995319
7943,ZNF346,0.98914915
7944,RTN2,0.9969456
7945,NAT14,0.99903065
7946,AIF1L,0.99891543
7947,SMUG1,0.99906653
7948,SPI1,0.99817514
7949,FASTKD5,0.9966928
7950,PATL1,0.99538
7951,ACOT7,0.99853444
7952,NFASC,0.99951804
7953,RPUSD1,0.99366236
7954,STN1,0.9992742
7955,PROSER3,0.9950405
7956,STC2,0.9960631
7957,DYNC2H1,0.96030504
7958,DENND11,0.9960314
7959,TRIP4,0.9876004
7960,SYTL2,0.99841344
7961,GPC6,0.9994581
7962,ACVR1,0.94595194
7963,MSI1,0.99521637
7964,BPHL,0.9987667
7965,TARS2,0.99851906
7966,SAMD4A,0.9994524
7967,SLPI,0.99498516
7968,GLE1,0.9932585
7969,PDE8A,0.9936502
7970,SMCO3,0.9981017
7971,RWDD3,0.98467183
7972,SPEF2,0.99679303
7973,MSANTD4,0.9986942
7974,PRMT3,0.9953285
7975,PAMR1,0.99936926
7976,ANO8,0.98419493
7977,KPNA2,0.9791428
7978,ARL5B,0.9987058
7979,PRIM2,0.9977956
7980,ILDR1,0.99583155
7981,SLC35D1,0.99511826
7982,MSH3,0.9841569
7983,RPAP3,0.9969657
7984,SH3KBP1,0.99874735
7985,CTHRC1,0.9959151
7986,ATP2A3,0.99868274
7987,WDR19,0.9957289
7988,ZNF431,0.9926027
7989,MBTPS2,0.9952179
7990,SEPSECS,0.9941663
7991,ZNF213,0.9962193
7992,RNF113A,0.99511844
7993,CDK5RAP1,0.99681985
7994,NUDT11,0.998755
7995,GON7,0.970801
7996,ZNF830,0.98374254
7997,PPP1R13L,0.98625153
7998,DCLK1,0.8959329
7999,TATDN3,0.9939766
8000,ZNF211,0.9923244
8001,BTN3A3,0.9995814
8002,USP46,0.9900575
8003,TWIST2,0.999766
8004,KCTD7,0.99724907
8005,FASTKD1,0.9811645
8006,FAM114A2,0.9867034
8007,ZNF181,0.994786
8008,CHIC1,0.9939656
8009,NECTIN4,0.9969666
8010,SRGAP1,0.99927485
8011,ZNF689,0.967004
8012,LPIN3,0.9972923
8013,ZNF672,0.99472725
8014,ABTB2,0.9985978
8015,CEP57L1,0.9942218
8016,PLCH2,0.9980881
8017,FLT3LG,0.9997747
8018,PROS1,0.99921346
8019,TRIM45,0.9975008
8020,TRMO,0.9978123
8021,NLN,0.99213636
8022,STMN1,0.7841719
8023,L3MBTL1,0.9983666
8024,EPB41L2,0.9998465
8025,ITGA11,0.9983056
8026,CREBRF,0.9996034
8027,MOK,0.99138606
8028,ZNRF2,0.9974878
8029,AP3M2,0.98989516
8030,SUSD1,0.9947056
8031,CYP2R1,0.9968864
8032,TOGARAM1,0.995631
8033,GPATCH1,0.9915409
8034,DENND1B,0.9746277
8035,SLC15A2,0.9991517
8036,MORN4,0.99362105
8037,PGBD2,0.9939657
8038,ZFYVE1,0.9538362
8039,PLEKHG5,0.99209243
8040,CNNM4,0.9790046
8041,LYRM7,0.99867195
8042,EFCAB2,0.9978796
8043,CDYL,0.9914777
8044,PCDHB2,0.93976384
8045,HSBP1L1,0.99311554
8046,MIF4GD,0.995227
8047,CDH26,0.99816656
8048,CENPP,0.9985355
8049,PPOX,0.9971694
8050,AP1S3,0.98580295
8051,WDR35,0.9938427
8052,PARD3B,0.98440444
8053,SP110,0.9993807
8054,RMND1,0.999028
8055,FLYWCH2,0.9858657
8056,PDE3A,0.9997354
8057,ACADL,0.99530846
8058,CCDC112,0.99335957
8059,HPS6,0.9983749
8060,TEPSIN,0.9942114
8061,SFMBT1,0.9943812
8062,GPKOW,0.9931885
8063,MICU3,0.99879694
8064,ARSB,0.995907
8065,ZC3HAV1L,0.9986074
8066,JRKL,0.99830097
8067,PSMB9,0.9973399
8068,COCH,0.99627405
8069,LANCL2,0.9892124
8070,RPH3AL,0.9910357
8071,ALG1,0.9872287
8072,AGO4,0.9987719
8073,ZBTB3,0.9989332
8074,DTX2,0.99752605
8075,USP28,0.9948924
8076,PCOLCE2,0.9980857
8077,SAP25,0.9773384
8078,SPON1,0.99964595
8079,NUDT15,0.9855543
8080,ATG10,0.9942857
8081,COPZ2,0.99981296
8082,MICALL2,0.99633884
8083,MCM8,0.99375665
8084,CHM,0.9979446
8085,FOXC1,0.9998427
8086,PCYOX1L,0.99588335
8087,OSBPL5,0.987832
8088,ABCC3,0.9791472
8089,ZNF805,0.9889773
8090,ZFYVE26,0.99675053
8091,TMEM65,0.9938685
8092,ZNF595,0.9925387
8093,EXOC2,0.9870364
8094,NSL1,0.99733055
8095,MDM1,0.9988346
8096,SRBD1,0.9850612
8097,TTL,0.99133956
8098,ZNF777,0.9971758
8099,TIMM23,0.98393023
8100,NDUFAF6,0.9869076
8101,POLR3GL,0.9795956
8102,CDH3,0.9943297
8103,C11orf52,0.9847659
8104,ABCA7,0.9794877
8105,TSPAN33,0.92509615
8106,MANEA,0.9938716
8107,L3MBTL3,0.998855
8108,MTHFSD,0.9971627
8109,SLC35E3,0.92388415
8110,PDCD2,0.99354887
8111,GMEB1,0.98254675
8112,HIP1R,0.99470127
8113,ALKBH2,0.9867718
8114,FAM200A,0.99765956
8115,ZNF182,0.99633384
8116,ABHD5,0.9954035
8117,THEMIS2,0.9422675
8118,FBXO36,0.9909738
8119,SEMA6A,0.99041945
8120,RCBTB2,0.9932083
8121,PPP2R3A,0.99844134
8122,STYX,0.99590605
8123,SOCS7,0.9977361
8124,SRD5A2,0.97665334
8125,SLF2,0.99776495
8126,TPRN,0.99451214
8127,LACTB,0.9732151
8128,TWF2,0.9871704
8129,KIF1A,0.99945986
8130,ZNF423,0.9994098
8131,GNA14,0.98566437
8132,MAFB,0.9923619
8133,THAP3,0.9926286
8134,CDK2,0.98424
8135,BMP4,0.99962765
8136,PPIH,0.9885386
8137,ZNF654,0.9964146
8138,REL,0.9871884
8139,NSG1,0.985461
8140,TMEM216,0.9976271
8141,ZNF554,0.9940842
8142,NEU3,0.99677455
8143,PXMP4,0.87788254
8144,IFITM1,0.99974734
8145,ACTR5,0.96863735
8146,PHLDA2,0.9780328
8147,MFSD8,0.9957629
8148,IFIH1,0.99224687
8149,DAPK2,0.9985379
8150,ERBIN,0.9974288
8151,SMIM8,0.9962776
8152,RAB20,0.9957036
8153,TMEM186,0.9965069
8154,STMN3,0.9979483
8155,ZNF585A,0.99178827
8156,KIAA0513,0.99877805
8157,GALNT18,0.96341574
8158,MED20,0.9909343
8159,PDZK1IP1,0.99772584
8160,POU6F1,0.9921287
8161,ARHGAP33,0.99773633
8162,FBXL12,0.9808614
8163,TNPO3,0.9934664
8164,DAP3,0.9900261
8165,KALRN,0.97309935
8166,DCLRE1A,0.9936142
8167,DLG4,0.9975095
8168,POLA2,0.98811495
8169,TMEM39A,0.9886442
8170,VPS9D1,0.99616814
8171,PLAUR,0.9691537
8172,SMYD4,0.98624796
8173,EGFL7,0.98858225
8174,FCHSD2,0.99964595
8175,HPS3,0.991431
8176,RNF19B,0.99919957
8177,TBCEL,0.9952617
8178,MAPK8IP1,0.99486357
8179,TEFM,0.99206626
8180,SLC20A2,0.9940188
8181,SLC52A3,0.9981137
8182,IZUMO4,0.9935465
8183,EEPD1,0.99888366
8184,DLC1,0.9844964
8185,GBE1,0.98969173
8186,ARMCX5,0.9905137
8187,ZNF383,0.99746644
8188,MTX3,0.9769944
8189,ZBTB8A,0.9907773
8190,ETFDH,0.9901228
8191,SLC27A5,0.9915813
8192,GLT8D1,0.9969502
8193,SNRPE,0.9924296
8194,LRP12,0.9959742
8195,ANOS1,0.98521847
8196,PAFAH2,0.994322
8197,ZNF142,0.9807775
8198,MYRIP,0.99535954
8199,LRRC45,0.96502036
8200,ZNF888,0.99053305
8201,DDB2,0.99864006
8202,ZDHHC21,0.998067
8203,LARGE1,0.9992185
8204,MITF,0.9991114
8205,PJA1,0.9989044
8206,NDUFAF1,0.9940256
8207,OSBPL7,0.99505967
8208,OPA3,0.9838557
8209,CLEC2B,0.9997081
8210,ADPRM,0.99171776
8211,ZNF709,0.9959744
8212,TLN2,0.99303424
8213,RBAK,0.9910262
8214,CD34,0.992862
8215,TBC1D23,0.94905525
8216,MED7,0.9856108
8217,DMXL2,0.9987561
8218,SRFBP1,0.9755654
8219,TIGD5,0.9950638
8220,ENOX2,0.9968765
8221,UBE2D4,0.9857514
8222,EFHD1,0.9951757
8223,PPARA,0.99855757
8224,JOSD2,0.9995008
8225,MCRIP2,0.98836315
8226,NUDT16L1,0.9948794
8227,XYLB,0.9288708
8228,BRMS1L,0.9969296
8229,TMEM38B,0.99612653
8230,NFKBID,0.9918901
8231,TTF1,0.9833339
8232,ITGA9,0.99870455
8233,CAP2,0.9989143
8234,B4GALT4,0.982986
8235,GXYLT2,0.9818195
8236,ZNF526,0.9968542
8237,MED27,0.9911718
8238,LRRC32,0.99817616
8239,WRN,0.9905752
8240,KYAT1,0.99419963
8241,TMEM26,0.98747957
8242,DZIP1,0.9988575
8243,FIBIN,0.98784333
8244,NCKAP5L,0.9970279
8245,SUPV3L1,0.99832904
8246,GLRX,0.9820434
8247,PI4K2B,0.98977137
8248,TGIF2,0.9956238
8249,ZNF799,0.98335606
8250,ZNF329,0.9586383
8251,C18orf25,0.99769235
8252,IQCK,0.9915648
8253,NINL,0.99634683
8254,APBA2,0.9796315
8255,ERICH5,0.997668
8256,PLCXD1,0.9964083
8257,PCDHGA10,0.99202085
8258,EEF1AKMT3,0.99571043
8259,UBE2L3,0.9200599
8260,TADA1,0.99778485
8261,GDAP1,0.9884509
8262,COIL,0.9900072
8263,LPAR2,0.9877114
8264,CHADL,0.9915943
8265,RASGRP2,0.9999112
8266,LFNG,0.9873139
8267,TGDS,0.98756486
8268,MFSD5,0.9960862
8269,NSUN5,0.9922224
8270,CDH10,0.9987546
8271,VAMP1,0.99949914
8272,VSTM4,0.99705714
8273,SMC2,0.99829555
8274,TMEM243,0.99375206
8275,WDR48,0.9923918
8276,CNNM2,0.99875486
8277,ECM2,0.9997564
8278,YBX1,0.992964
8279,DHRS1,0.99543506
8280,DOCK8,0.99953604
8281,GHR,0.9972755
8282,BORCS5,0.9911454
8283,MPDU1,0.99203134
8284,ZNF559,0.96346956
8285,ZNF135,0.993784
8286,ZFP3,0.9735696
8287,DNAH1,0.99315727
8288,AARS2,0.9937713
8289,TOR1B,0.99631727
8290,GLI3,0.9978802
8291,FBXO8,0.98908335
8292,C1RL,0.9953977
8293,RAB33B,0.99539816
8294,LYN,0.99626803
8295,GMFG,0.99888396
8296,IRAK3,0.9997453
8297,RRP9,0.9966807
8298,MAP1LC3A,0.9980389
8299,C18orf21,0.99067295
8300,ZNF839,0.9941191
8301,TEX9,0.9970422
8302,NRBF2,0.99703586
8303,SLC29A2,0.9940794
8304,MTHFD1L,0.9978405
8305,USP13,0.9977774
8306,ZNF184,0.99779046
8307,ATP7A,0.9865784
8308,NEDD1,0.99633956
8309,CP,0.95462483
8310,SUV39H2,0.9962544
8311,ZNF132,0.99542797
8312,FGF7,0.9991436
8313,AGTPBP1,0.9821271
8314,ANKRD26,0.9721364
8315,CMTR2,0.99809307
8316,PCDHGB7,0.94321746
8317,BMF,0.9956173
8318,ZBTB33,0.98938245
8319,SH2D4A,0.9815717
8320,TTC39B,0.9988593
8321,SCART1,0.98375267
8322,CEP295,0.9890377
8323,SWSAP1,0.9899391
8324,RIF1,0.99465376
8325,DBNDD1,0.9963051
8326,RNF6,0.9861157
8327,VCPKMT,0.97989595
8328,EXOSC1,0.97803515
8329,SLC9A8,0.99691397
8330,S100A2,0.99535775
8331,COQ6,0.9973109
8332,ZNF736,0.99579084
8333,LHPP,0.98469913
8334,CATSPERG,0.9909933
8335,RARG,0.9995221
8336,GAB2,0.9991483
8337,PCK2,0.9718609
8338,CSRNP1,0.9987574
8339,MVB12A,0.99197245
8340,CLBA1,0.95459473
8341,TRIM32,0.9982939
8342,MIPEP,0.9890114
8343,RTL8B,0.97513753
8344,RAD9A,0.9903269
8345,IDNK,0.99274325
8346,PTCH1,0.9912921
8347,HHAT,0.9934244
8348,TSPAN7,0.9989042
8349,DHX57,0.9988028
8350,ITM2A,0.97684157
8351,SLC8B1,0.9866611
8352,DOLK,0.9713372
8353,PPP2R5B,0.9942086
8354,RMDN2,0.99542916
8355,FHL3,0.9994767
8356,FAM171B,0.99283326
8357,SSPN,0.94839984
8358,GNG11,0.9996917
8359,KDF1,0.97310203
8360,MTM1,0.9971864
8361,CCL2,0.9970602
8362,SCN1B,0.89761007
8363,PLGRKT,0.9939357
8364,ONECUT2,0.9487537
8365,CDCA7L,0.974583
8366,POLR1C,0.9741152
8367,DGKE,0.99060243
8368,WDR83,0.97509706
8369,ZNF714,0.98499715
8370,POU5F2,0.97618085
8371,ZBTB22,0.9878629
8372,ZNF345,0.95904696
8373,IL17RD,0.9923311
8374,MIS18BP1,0.9950066
8375,GPHN,0.96977276
8376,PI4K2A,0.9848271
8377,STARD5,0.9994807
8378,INTS5,0.9832959
8379,ADAM22,0.9997119
8380,DUSP8,0.9773031
8381,SULT1A1,0.94575566
8382,GBP1,0.9989234
8383,HIRIP3,0.99681395
8384,UCP2,0.992265
8385,LIG4,0.99753493
8386,ZNF667,0.96453655
8387,ARID3B,0.9978199
8388,TRERF1,0.9997396
8389,RTEL1,0.96940386
8390,XYLT1,0.9948983
8391,ADCY5,0.9986476
8392,CACNA1C,0.9944154
8393,NPHP4,0.9917207
8394,LYAR,0.9970101
8395,NUBPL,0.984486
8396,ZNF696,0.98842657
8397,SLC12A6,0.99578625
8398,PCCB,0.99630094
8399,GARNL3,0.9976177
8400,NUS1,0.98532015
8401,JAM2,0.9991398
8402,FBXO30,0.9985031
8403,MKS1,0.9971466
8404,TMEM254,0.9822054
8405,PCLO,0.9958048
8406,EEFSEC,0.96699166
8407,SLC38A6,0.99706644
8408,PCDHGA7,0.99538994
8409,TMEM237,0.99429834
8410,POMGNT2,0.9957984
8411,ZNF625,0.98816204
8412,CXCL16,0.98721516
8413,TCP11L2,0.99485725
8414,KLK12,0.99804103
8415,SPG7,0.9944648
8416,PANK2,0.9940768
8417,CCDC136,0.9989304
8418,FRY,0.9954182
8419,HSPBP1,0.9917366
8420,RAB26,0.9945606
8421,SNX18,0.99747336
8422,PPP1R3D,0.9971663
8423,NGRN,0.9951305
8424,MBOAT1,0.9730846
8425,KLHDC1,0.99905837
8426,CELF6,0.9953507
8427,PXDC1,0.9992152
8428,RPUSD3,0.98570514
8429,LRRC49,0.95909613
8430,SDK2,0.99603134
8431,GHDC,0.9963414
8432,ZNF573,0.97515553
8433,ZKSCAN5,0.991137
8434,PDCD2L,0.86562073
8435,CYP3A5,0.9240195
8436,FLVCR1,0.99389434
8437,PDK1,0.99961716
8438,ACSF2,0.9998124
8439,PPP1R3C,0.9993149
8440,SOCS4,0.95994097
8441,TTC9,0.99305254
8442,TGFBR3,0.9991154
8443,MOB3B,0.9998459
8444,DNAJB4,0.9980328
8445,CEP78,0.99799055
8446,SLC5A6,0.98191684
8447,WNT7B,0.98919535
8448,DOCK6,0.9540533
8449,ZNF549,0.969066
8450,INSIG2,0.98284286
8451,ZNF92,0.98293287
8452,LHFPL2,0.996827
8453,CASP8,0.99885035
8454,TK1,0.96584237
8455,CHCHD6,0.99824965
8456,NSDHL,0.99191004
8457,LPXN,0.9878818
8458,OTUD6B,0.9982027
8459,PHTF1,0.97825253
8460,NFATC1,0.9453796
8461,SCLT1,0.9953376
8462,FAM229B,0.99793977
8463,SENP1,0.9987245
8464,TECPR2,0.993368
8465,DARS2,0.9894475
8466,FBXL7,0.9976528
8467,PRDM1,0.9966006
8468,BRF2,0.9966415
8469,PHTF2,0.9942445
8470,PLXNA1,0.99846405
8471,DDTL,0.9927756
8472,PTPN14,0.96786284
8473,CSRNP2,0.9854678
8474,ZDHHC13,0.990739
8475,SPATA7,0.9935528
8476,FPGT,0.9572181
8477,SLC2A4,0.99829865
8478,CAPN3,0.9958593
8479,EEF1AKMT1,0.9841067
8480,ITGB3,0.9870886
8481,LNX1,0.9953227
8482,KNOP1,0.99314106
8483,RAPH1,0.998671
8484,ZNF703,0.9839035
8485,NIFK,0.97794014
8486,SLC41A3,0.9966028
8487,RERG,0.99964535
8488,HHIP,0.9998108
8489,MOSPD1,0.99858975
8490,ZNF124,0.99314725
8491,YRDC,0.972491
8492,WDR24,0.9737836
8493,PRICKLE2,0.9979824
8494,EGFL8,0.9943315
8495,EPB41L4A,0.97269183
8496,CPNE2,0.99602604
8497,EFS,0.9930982
8498,TMEM39B,0.9935951
8499,C16orf87,0.997859
8500,HIF3A,0.8884942
8501,NSUN3,0.99504435
8502,TRAM2,0.99821573
8503,EXOSC5,0.9980009
8504,HPS5,0.95395464
8505,ZNF304,0.98969156
8506,FHOD1,0.9899198
8507,ACAP1,0.99129486
8508,FAM118B,0.9969036
8509,KIAA1328,0.9910141
8510,VSIG10,0.9927739
8511,MTF1,0.989829
8512,FMN1,0.9976164
8513,TSEN54,0.98365813
8514,C6orf136,0.9951917
8515,ZNF37A,0.98772466
8516,NUP37,0.9983107
8517,RNF166,0.9924052
8518,DNAJC11,0.9821384
8519,AHCTF1,0.9960293
8520,PARVB,0.97815543
8521,HGH1,0.99273676
8522,AZIN2,0.99876815
8523,SLC25A35,0.99035215
8524,APOL3,0.9987248
8525,ABCC9,0.99705285
8526,IL33,0.9997197
8527,VPS50,0.9954587
8528,ARID3A,0.98912
8529,PTPRE,0.99974394
8530,N4BP2L1,0.95305115
8531,ZNF808,0.994195
8532,ATL1,0.99187416
8533,SAYSD1,0.99033785
8534,MED31,0.9599921
8535,SLC27A3,0.93285966
8536,AKAP7,0.9978576
8537,PUS7L,0.9710089
8538,MOB3C,0.9956252
8539,DRAM1,0.998935
8540,SLC44A3,0.987747
8541,CCP110,0.99508077
8542,MCM4,0.9846988
8543,RCC1,0.99661076
8544,LURAP1L,0.9951051
8545,RUBCN,0.9894076
8546,SERPINB9,0.99914646
8547,ZNF646,0.99376976
8548,QRSL1,0.99801254
8549,ANKRD13B,0.9863119
8550,ABT1,0.9849697
8551,DACT1,0.9989797
8552,GLIS2,0.9993486
8553,SCN7A,0.9979809
8554,NEURL4,0.99687874
8555,VGLL3,0.98106676
8556,REXO4,0.9946786
8557,RECQL,0.9971598
8558,ZFYVE19,0.9925554
8559,SARS2,0.98670244
8560,LYPD3,0.99808586
8561,HSDL1,0.987514
8562,RCN3,0.998461
8563,LAYN,0.99885046
8564,BRPF1,0.99564093
8565,PLA2G5,0.9990753
8566,CACNB3,0.98002166
8567,DHX33,0.99464023
8568,RBM45,0.99092376
8569,ZNF101,0.9929088
8570,ARHGEF6,0.999857
8571,SLC24A3,0.99897945
8572,MUTYH,0.9982526
8573,EDA,0.98833805
8574,JPH1,0.9939897
8575,INO80C,0.99659604
8576,IGSF9,0.9947666
8577,RMI1,0.96798044
8578,NMI,0.9991105
8579,G2E3,0.9717622
8580,CDC14A,0.9961583
8581,LMLN,0.9876751
8582,KLHL18,0.9915961
8583,MIPOL1,0.99526674
8584,STXBP1,0.9988653
8585,CSNK1G1,0.967594
8586,SBSPON,0.9965759
8587,TMEM260,0.989918
8588,NUP133,0.99462044
8589,BEND7,0.9960995
8590,EXOSC9,0.96202374
8591,PRRG2,0.9876735
8592,HOMER1,0.9983171
8593,ZNF287,0.9969816
8594,ZNF527,0.9703208
8595,TMEM106A,0.99347526
8596,ADAMTS4,0.98353463
8597,ZNF517,0.9600472
8598,CHCHD4,0.9939761
8599,FAM169A,0.9979177
8600,TUBGCP4,0.983981
8601,MAP3K14,0.9978269
8602,INTS9,0.997447
8603,SLC36A4,0.98054457
8604,POMT2,0.9875601
8605,GPM6B,0.99968404
8606,RSPH1,0.9974786
8607,GXYLT1,0.9955257
8608,LRRC27,0.9959908
8609,SNAPIN,0.9971827
8610,CGREF1,0.9789779
8611,INTS13,0.9973753
8612,RNFT1,0.9844491
8613,TMCO6,0.9919476
8614,KIF2A,0.9917387
8615,MDFIC,0.9967619
8616,MEX3B,0.926818
8617,LBR,0.9951236
8618,HEPH,0.9995424
8619,ALS2,0.9890779
8620,CBL,0.98304963
8621,EXOC6,0.9914396
8622,FOXJ2,0.9941201
8623,CHUK,0.9930284
8624,ZFYVE28,0.99512297
8625,PRKN,0.98692393
8626,GEMIN7,0.9792546
8627,ITIH5,0.98372847
8628,ZNF71,0.99636984
8629,MMP15,0.99108523
8630,CAPN15,0.9868456
8631,MCU,0.9940616
8632,DYNC1I1,0.99823403
8633,IRX2,0.9811938
8634,SMC6,0.99500006
8635,ADAMTS13,0.9908438
8636,FAM117A,0.99447495
8637,GP1BB,0.965623
8638,SREK1IP1,0.9961958
8639,GAS7,0.999843
8640,SMARCAL1,0.98331
8641,ZBTB26,0.9863762
8642,CD109,0.99846596
8643,LIN37,0.99367607
8644,SCAPER,0.9976704
8645,ZSCAN32,0.98828644
8646,TUBA1B,0.8138717
8647,CDKN1C,0.99846923
8648,SLC16A2,0.997757
8649,PTGS2,0.99586385
8650,RCCD1,0.9930776
8651,TYW5,0.99830276
8652,SLC9A9,0.99933493
8653,DDX10,0.9840319
8654,PIP4P2,0.98318726
8655,KMT5A,0.97788846
8656,SMURF1,0.9602144
8657,SLC9A1,0.9964365
8658,SH3PXD2B,0.9987796
8659,RFC3,0.9924324
8660,WDR54,0.9843657
8661,AMOT,0.9979175
8662,FMO5,0.9900927
8663,AK9,0.9855685
8664,USP45,0.999544
8665,FAXC,0.99843264
8666,NKD1,0.9998443
8667,EXTL3,0.99649185
8668,SKP2,0.9892864
8669,RTKN2,0.98252374
8670,MAST3,0.98983866
8671,ZNF557,0.9855204
8672,TMEM128,0.9974433
8673,IFFO1,0.9992422
8674,PDGFB,0.99346733
8675,RAC2,0.99613595
8676,EBLN2,0.99120045
8677,CTPS1,0.9606505
8678,SEMA5A,0.99827486
8679,BANP,0.969833
8680,FRS3,0.975686
8681,PIGW,0.9947356
8682,LRWD1,0.9736088
8683,MINDY4,0.9951769
8684,GRK4,0.9944182
8685,ALDH1A2,0.9964766
8686,AMMECR1,0.98959416
8687,PTGS1,0.9995907
8688,BTF3,0.988653
8689,ECT2,0.98297966
8690,LZTS3,0.9872266
8691,TCTN2,0.9978594
8692,SMPDL3B,0.9918091
8693,SNX8,0.99470234
8694,PABPC1L2A,0.9965654
8695,GPANK1,0.9873803
8696,ITGAX,0.99851507
8697,LAMB3,0.9997175
8698,ZNF821,0.993959
8699,MTFP1,0.96786237
8700,SPRTN,0.9949158
8701,SMIM3,0.9956889
8702,SPACA6,0.998533
8703,MS4A8,0.9979583
8704,TIGD6,0.991993
8705,TNFRSF6B,0.72582036
8706,INPP5E,0.9866321
8707,ST8SIA1,0.996031
8708,SLA,0.9791609
8709,CCDC137,0.99062854
8710,FBXW9,0.9937682
8711,EZH2,0.99082583
8712,PUSL1,0.98853594
8713,WDR4,0.9712413
8714,TMEM242,0.99338
8715,SCX,0.9756366
8716,NRXN1,0.9953435
8717,SETDB2,0.98162997
8718,CDPF1,0.99554265
8719,PCDHB14,0.98796695
8720,OAS2,0.9973635
8721,ADAM19,0.99901676
8722,KATNAL1,0.99886376
8723,HAUS2,0.9921032
8724,DAGLB,0.99475574
8725,ZNF169,0.98010445
8726,RIPK2,0.97862387
8727,FAM133B,0.94362056
8728,GRPR,0.9981823
8729,PRELID1,0.99007887
8730,NCKAP5,0.9920941
8731,ZBTB9,0.9900318
8732,DUSP6,0.99970764
8733,YOD1,0.98813725
8734,SYBU,0.994159
8735,ISCA2,0.98250616
8736,ACYP1,0.9966889
8737,BOLA1,0.9894763
8738,C3orf14,0.99486756
8739,ENO2,0.9950985
8740,ATP11C,0.9955972
8741,TMEM140,0.99789596
8742,PET117,0.9948834
8743,SCFD2,0.97531784
8744,MPZL3,0.9778322
8745,PACRG,0.98453915
8746,CS,0.988995
8747,APMAP,0.9981947
8748,PTGES3L,0.99867046
8749,NETO2,0.9931163
8750,P4HA2,0.9929599
8751,PKIB,0.99423003
8752,METAP1D,0.9947492
8753,DACT3,0.99887204
8754,RAB15,0.982999
8755,TMEM131L,0.99810684
8756,SF3B4,0.99303573
8757,RILP,0.98093665
8758,PRMT9,0.98970425
8759,NRDE2,0.9900584
8760,AOC3,0.9997574
8761,EPB41L3,0.99836594
8762,ANGPT1,0.9853579
8763,ADPRH,0.99466515
8764,GUCY1A2,0.9996887
8765,PINX1,0.95290667
8766,FAXDC2,0.9987468
8767,C2orf76,0.9972946
8768,SBK1,0.99529153
8769,VPS18,0.9647195
8770,ZSWIM4,0.97981924
8771,IL11RA,0.99854374
8772,NHLRC3,0.98719543
8773,TCAIM,0.98027456
8774,MCM2,0.98930264
8775,CABCOCO1,0.99024177
8776,ZNF354A,0.987383
8777,FAM228B,0.9976331
8778,TIGD7,0.99775654
8779,VANGL2,0.9832484
8780,PCDHB3,0.9875095
8781,CNPY4,0.996876
8782,CD4,0.9897041
8783,CCDC113,0.9817065
8784,RABEPK,0.9967334
8785,KCNC4,0.98812807
8786,DUSP4,0.9993982
8787,ABCF2,0.9969045
8788,DNAH14,0.9875975
8789,ZNF786,0.86760014
8790,TCN2,0.99962366
8791,FAM131A,0.99364877
8792,GABPA,0.99297327
8793,FAM83F,0.9980953
8794,ZNF23,0.99307644
8795,PRKCA,0.98704827
8796,RASSF7,0.9434662
8797,PPP2R2C,0.99949014
8798,XAF1,0.9990322
8799,TMEM231,0.9971359
8800,ZFHX4,0.9947598
8801,CLEC14A,0.991413
8802,TMEM117,0.99271697
8803,HELZ2,0.8731849
8804,ATP10A,0.99830735
8805,TTLL1,0.9913948
8806,CYP7B1,0.98709565
8807,TRPC1,0.99189174
8808,DBF4,0.98995763
8809,FZD3,0.993274
8810,TMEM53,0.98886836
8811,KIF22,0.95878696
8812,PDIK1L,0.9965398
8813,ANKS3,0.98976254
8814,WNT5A,0.9853561
8815,DENND2A,0.99888104
8816,SGF29,0.9907369
8817,TRUB1,0.995957
8818,COA7,0.99085504
8819,ARHGAP45,0.99307394
8820,RHOJ,0.99513525
8821,CYB5RL,0.99210054
8822,CLDN15,0.99784374
8823,GANC,0.9894439
8824,ZBTB42,0.9913756
8825,ZWINT,0.990893
8826,MEF2B,0.9950428
8827,RASSF2,0.9847445
8828,DOLPP1,0.9702988
8829,ARL13B,0.99515975
8830,ZNF778,0.9971259
8831,ARMC9,0.99815613
8832,GUCY1B1,0.9920205
8833,ZNF619,0.9911229
8834,ZNF281,0.9948304
8835,POLD3,0.9858424
8836,PRDM15,0.9898955
8837,EXPH5,0.95577693
8838,ULK4,0.99780595
8839,PARD6G,0.9920209
8840,ADAT1,0.99370414
8841,DCLRE1C,0.9857704
8842,CHST10,0.98607653
8843,AKIP1,0.9902051
8844,GMIP,0.9775646
8845,HOMEZ,0.99748
8846,ZMAT3,0.9950491
8847,SOCS1,0.9970486
8848,LPCAT2,0.99742436
8849,TBPL1,0.9455748
8850,METTL1,0.9953921
8851,RUSC2,0.9969114
8852,CUTC,0.9902048
8853,TRPM7,0.7298741
8854,VIPR2,0.993242
8855,LYST,0.9984275
8856,ARHGEF18,0.99396276
8857,SOX5,0.9998354
8858,FHIT,0.99579334
8859,SPOCK2,0.9948173
8860,AFAP1L2,0.9966182
8861,CYGB,0.9500743
8862,LPCAT4,0.9967625
8863,MTMR9,0.9935496
8864,ASB6,0.989019
8865,ANKRD6,0.99260247
8866,MXD1,0.9936676
8867,ITGA2,0.9930537
8868,CHST15,0.9997058
8869,THAP6,0.9710902
8870,EPHA10,0.96829945
8871,FIG4,0.9846202
8872,SERAC1,0.9965438
8873,ZNF513,0.97721535
8874,OXSM,0.99186677
8875,CD248,0.9992665
8876,MAMDC2,0.9747747
8877,FGFBP3,0.99348235
8878,ITGA4,0.99860525
8879,DPP3,0.9713317
8880,ROR1,0.98810136
8881,KIAA1586,0.988181
8882,CHRAC1,0.99641156
8883,ZNF41,0.99591494
8884,RNF207,0.9989878
8885,ZNF438,0.99512875
8886,NAV1,0.9962617
8887,TSPAN9,0.89444864
8888,MYPOP,0.9918052
8889,NATD1,0.9965795
8890,TRANK1,0.9783169
8891,ZNF675,0.9946592
8892,GRIN3A,0.9654809
8893,PLA2R1,0.9731534
8894,ITGBL1,0.9897125
8895,BHMT2,0.9997976
8896,OLFML2B,0.9621678
8897,TMEM38A,0.96781725
8898,GNPDA2,0.9941901
8899,ANKRD44,0.9973625
8900,DHDH,0.99243
8901,TFB1M,0.99895227
8902,TOR2A,0.983655
8903,TBC1D13,0.989647
8904,HCFC2,0.97765017
8905,RCAN2,0.9990617
8906,GEMIN5,0.99342215
8907,PDZD2,0.99596393
8908,ZNF501,0.9949856
8909,MAIP1,0.9919424
8910,CDH5,0.9976634
8911,C1orf159,0.98201275
8912,ZNHIT2,0.94078475
8913,DSEL,0.9961603
8914,PTER,0.9898709
8915,NFATC2,0.9919256
8916,BCL2L12,0.9979119
8917,LRRC56,0.9941362
8918,QTRT2,0.9688071
8919,IRGQ,0.9476757
8920,DONSON,0.9602612
8921,PLXDC1,0.9980535
8922,STK10,0.9465929
8923,COA6,0.98821247
8924,SMIM13,0.9866723
8925,BMT2,0.97080344
8926,AQP11,0.9959403
8927,SERPINB1,0.9975631
8928,ZNF563,0.99518716
8929,CDK8,0.99544126
8930,CCDC8,0.9968827
8931,C3orf62,0.9953026
8932,P2RX1,0.99979925
8933,STK26,0.98213065
8934,DNM1,0.9991714
8935,RFLNB,0.9981408
8936,MAK16,0.9982477
8937,ZNF510,0.99770725
8938,ANGPTL4,0.9962387
8939,TIGAR,0.9937546
8940,ZNF433,0.9882089
8941,NIF3L1,0.9890399
8942,NUSAP1,0.9954724
8943,LEPR,0.9990755
8944,ARHGAP4,0.979
8945,PHETA2,0.98788106
8946,CCSAP,0.9920889
8947,ZNF286A,0.97876084
8948,SLC13A3,0.97759694
8949,FEZ1,0.9903318
8950,CDK20,0.99544847
8951,GIMAP4,0.9974626
8952,CTNS,0.9939737
8953,HAGHL,0.97945684
8954,LRRC24,0.9458139
8955,CNFN,0.98850906
8956,SLC25A45,0.9964613
8957,KSR1,0.9947487
8958,ZNF324,0.9924812
8959,SHLD3,0.98458004
8960,HOXD10,0.9976667
8961,ANKAR,0.98272985
8962,STXBP5L,0.9893854
8963,CD52,0.99462104
8964,PALMD,0.9879651
8965,ERCC2,0.99524975
8966,CHTF18,0.96708965
8967,SLC66A1,0.9987817
8968,INTS2,0.9954221
8969,LRCH2,0.9970621
8970,NUDT10,0.9958128
8971,SAC3D1,0.98647213
8972,DSN1,0.9935899
8973,GPSM3,0.9957444
8974,PLIN5,0.9979502
8975,CTDSPL2,0.9985472
8976,IL6R,0.98461497
8977,IFT81,0.9571355
8978,FSD1L,0.98780394
8979,SPRED2,0.99890465
8980,ZNF594,0.9942062
8981,MAPRE2,0.998472
8982,PUS3,0.99592054
8983,PLSCR4,0.9970472
8984,NCEH1,0.98945546
8985,DHODH,0.99682945
8986,KLHL15,0.98876464
8987,BAMBI,0.96700335
8988,SYDE1,0.9904218
8989,CAMK1D,0.9994633
8990,SLCO3A1,0.8984101
8991,LRRC20,0.9987269
8992,CTH,0.9927593
8993,MOSMO,0.99386734
8994,ZNF267,0.9988097
8995,ASPN,0.99885285
8996,PAQR7,0.99561536
8997,SLIT3,0.99216586
8998,KIAA0040,0.995553
8999,HELQ,0.99324274
9000,PDP2,0.99697137
9001,MYB,0.99766195
9002,ACSL4,0.9673519
9003,TTF2,0.9683646
9004,ARL6,0.9984206
9005,ACOT11,0.9939834
9006,FTSJ1,0.9690446
9007,IQGAP2,0.98631895
9008,PRC1,0.9916936
9009,TOPBP1,0.9973695
9010,RFTN1,0.9979883
9011,HERC5,0.99178046
9012,NKIRAS1,0.9805315
9013,TTC32,0.99161446
9014,ZNF354C,0.9975137
9015,AHNAK2,0.9992239
9016,CABLES2,0.9945692
9017,OSBPL11,0.9961608
9018,PIK3AP1,0.9756228
9019,PCSK5,0.99102163
9020,KCNJ8,0.9977063
9021,SLC25A15,0.9967185
9022,ADGRG6,0.99839336
9023,RGL3,0.99374604
9024,SMC4,0.9940493
9025,HAAO,0.99935436
9026,APEX2,0.9727911
9027,B3GNT9,0.9858283
9028,TCF7L1,0.99862987
9029,PLEKHA6,0.9881329
9030,LIPT1,0.990838
9031,MTHFD2L,0.98478174
9032,NAF1,0.99138004
9033,OLFML2A,0.99897504
9034,FGF2,0.99266773
9035,SNX22,0.97710806
9036,GRPEL2,0.9667682
9037,C12orf4,0.99763656
9038,XXYLT1,0.99184537
9039,CTU2,0.9930608
9040,C1orf56,0.9971571
9041,PRDM10,0.9755294
9042,EVA1B,0.9819311
9043,RAPGEF3,0.9983865
9044,AOX1,0.99664915
9045,BUD13,0.9939313
9046,TAF1B,0.9937972
9047,CCDC3,0.9994136
9048,CLMP,0.9853463
9049,TRPM2,0.87328255
9050,PRDM11,0.9719722
9051,NME5,0.99588656
9052,SATB2,0.9846035
9053,GPR180,0.9963781
9054,TIMELESS,0.98151684
9055,TNFAIP8,0.9959697
9056,SUGP1,0.9904624
9057,NBEAL1,0.9750616
9058,BCORL1,0.9892777
9059,EGLN1,0.987823
9060,ZNF566,0.98543984
9061,C1QTNF3,0.9871448
9062,IQCH,0.9817329
9063,INTU,0.8704002
9064,JAK3,0.9320704
9065,ZFAT,0.97471607
9066,NPAS3,0.99778193
9067,ZNF823,0.9787383
9068,FBXL22,0.9989883
9069,RARB,0.9992629
9070,GRB7,0.99815047
9071,RP9,0.99182737
9072,PHLPP2,0.9971348
9073,PGAM5,0.9767345
9074,HYLS1,0.96831924
9075,ZNF671,0.99200654
9076,GCHFR,0.9901084
9077,RND3,0.9966293
9078,TEX10,0.95161176
9079,KATNB1,0.9910513
9080,ZNF500,0.9961378
9081,RBM43,0.99581635
9082,PTK6,0.9598135
9083,ZFP1,0.9644357
9084,TMEM104,0.9913182
9085,ACD,0.9905472
9086,PLEKHF1,0.97984433
9087,SLC9A2,0.9730345
9088,CYP4F8,0.9490388
9089,SKAP1,0.94415754
9090,CPA6,0.9981029
9091,GTF2E1,0.99044275
9092,ABRAXAS2,0.99648774
9093,AIFM2,0.9960629
9094,SAXO2,0.9540116
9095,PLEKHA4,0.9989377
9096,CFAP70,0.9904369
9097,FAM13C,0.95374656
9098,ARAP3,0.9882709
9099,FITM2,0.993454
9100,TTC30A,0.98138297
9101,GCC1,0.99837744
9102,RAB36,0.9565079
9103,ZNF784,0.86879224
9104,KCNQ1,0.99119055
9105,TRAF1,0.99536926
9106,NEMP1,0.9790324
9107,SEC22A,0.9941522
9108,PHETA1,0.993488
9109,CIAPIN1,0.9879828
9110,CLCN5,0.9973082
9111,COL4A4,0.9996117
9112,UTP15,0.9327477
9113,RANBP6,0.9877032
9114,LAT,0.9956525
9115,TMEM200B,0.99963796
9116,PARP12,0.99502915
9117,TMEM240,0.9851881
9118,TMEM176B,0.9486885
9119,GPC3,0.99838793
9120,KLF16,0.985059
9121,PCDHGB6,0.9641397
9122,TLCD1,0.904451
9123,SH3D21,0.9935708
9124,SRD5A3,0.9945372
9125,LCMT2,0.9890916
9126,NFATC2IP,0.9784947
9127,MCM9,0.990121
9128,SPTBN4,0.9886103
9129,ARV1,0.9893704
9130,KLHL29,0.9956421
9131,RASSF6,0.9941387
9132,TNFRSF12A,0.9977032
9133,GORAB,0.98612726
9134,GPR155,0.9708215
9135,PGM2L1,0.9850454
9136,DEPDC5,0.9935081
9137,NPM2,0.98722243
9138,CAMSAP1,0.9875865
9139,SMPD3,0.988355
9140,TMEM267,0.9986223
9141,RPP14,0.97577125
9142,TRIM62,0.95561767
9143,COG6,0.9958071
9144,MPV17,0.9593299
9145,DYNC2LI1,0.9957005
9146,CEP76,0.99596953
9147,MTRF1L,0.99047637
9148,PLEKHM1,0.99532473
9149,PYCARD,0.9853634
9150,PSTPIP2,0.9989435
9151,CACNG4,0.9361391
9152,TOMM40L,0.9980475
9153,CLIP3,0.9983398
9154,KTI12,0.9953157
9155,TRDMT1,0.99788225
9156,GNG2,0.9995413
9157,ARHGAP9,0.9967414
9158,GSDMD,0.99423367
9159,GPR157,0.976906
9160,DPH6,0.959946
9161,C1orf210,0.98876303
9162,ADGRF5,0.9967886
9163,SALL2,0.99467313
9164,NR1D1,0.997632
9165,AMIGO1,0.987956
9166,MED12L,0.9909869
9167,BTN2A1,0.99811566
9168,YPEL1,0.95800877
9169,PLCD1,0.9541091
9170,FGD1,0.991661
9171,CARNMT1,0.9605821
9172,TTPAL,0.9795997
9173,FGD5,0.9997439
9174,IL10RA,0.99194956
9175,DMRTA1,0.99764633
9176,TOE1,0.99674344
9177,PYGO1,0.9952692
9178,HOXA5,0.99582666
9179,NEGR1,0.99465245
9180,NASP,0.98516816
9181,ATG4A,0.9888899
9182,ITGA8,0.94516575
9183,ACVRL1,0.99935263
9184,FLRT3,0.997346
9185,EGR2,0.99288166
9186,MARVELD3,0.9925882
9187,FST,0.98947775
9188,TMEM86A,0.97460854
9189,FHDC1,0.9664435
9190,SLC2A13,0.9985361
9191,JAK2,0.9957055
9192,SPATA17,0.98926497
9193,CCDC191,0.996189
9194,C8orf88,0.9851675
9195,RNF227,0.95123935
9196,ZBTB24,0.993568
9197,LURAP1,0.998694
9198,GPR161,0.99155855
9199,ARMCX4,0.99658006
9200,IKBIP,0.99711496
9201,C17orf97,0.98735833
9202,DUSP2,0.94227815
9203,FZD1,0.9941155
9204,MMD,0.9877627
9205,KDELR3,0.98570997
9206,RAMAC,0.99520767
9207,E2F3,0.99680895
9208,CHEK2,0.96117395
9209,C6orf47,0.99359053
9210,SRD5A1,0.99308246
9211,LOXL2,0.9995112
9212,C8orf34,0.98967934
9213,MCTP1,0.99821013
9214,SASS6,0.98923814
9215,GTF2H3,0.8972023
9216,ADM,0.9875352
9217,ALDH16A1,0.9945555
9218,HOXA9,0.9878231
9219,SLC38A9,0.9962487
9220,HACE1,0.98904127
9221,TMEM201,0.98797697
9222,CALCRL,0.952182
9223,NXPH3,0.99791014
9224,TRMT6,0.9383886
9225,ALDOC,0.99530005
9226,REEP4,0.98728806
9227,TRPV1,0.99561596
9228,TTC7A,0.99768627
9229,SLC7A11,0.9931586
9230,CD58,0.99741304
9231,SLC15A3,0.99408615
9232,MAP3K7CL,0.990517
9233,ESAM,0.9844741
9234,ZBTB2,0.9588132
9235,PPARG,0.96365917
9236,PLCD3,0.99710095
9237,F13A1,0.9988385
9238,TBC1D32,0.99779874
9239,SPSB2,0.96190846
9240,NBPF20,0.98242694
9241,WDR91,0.9895148
9242,SYNC,0.9975192
9243,TDG,0.9933745
9244,BBOF1,0.9969429
9245,OSBPL6,0.9918733
9246,LDB2,0.99875885
9247,GABRP,0.9978869
9248,MBNL3,0.99688274
9249,ZWILCH,0.9375074
9250,HOXA11,0.9536235
9251,TENM1,0.9949384
9252,RIPOR2,0.99829847
9253,DUS4L,0.96963966
9254,WDR5B,0.9840336
9255,IL2RG,0.99087274
9256,RASD2,0.9970817
9257,HNF1B,0.98979276
9258,HSPBAP1,0.9818665
9259,FCGBP,0.9988627
9260,TDRD7,0.96571076
9261,C1orf54,0.9940413
9262,PELI2,0.99676734
9263,RAB32,0.8994471
9264,DMKN,0.99019086
9265,NR2C2AP,0.8817245
9266,UBAP1L,0.9963914
9267,CDKL5,0.9924842
9268,ADCK5,0.9930965
9269,CEP83,0.9911187
9270,IL20RA,0.99448556
9271,ZNF234,0.92946506
9272,ZNF583,0.9903742
9273,LIAS,0.9923165
9274,RAB19,0.97325593
9275,COL13A1,0.9986286
9276,JADE2,0.9964225
9277,GPATCH3,0.94383633
9278,RHOBTB1,0.9921081
9279,MTG2,0.92702687
9280,BLNK,0.98685473
9281,PREX2,0.98083717
9282,UIMC1,0.997418
9283,GGACT,0.98967624
9284,SLFN11,0.99858844
9285,CHST11,0.9966394
9286,RBP1,0.9992306
9287,PARP2,0.99695545
9288,MTX1,0.9916831
9289,SYNJ1,0.9771372
9290,QSER1,0.9962257
9291,GEMIN6,0.9761417
9292,KLHL11,0.9985033
9293,DUSP14,0.9739815
9294,MFSD9,0.9953234
9295,NAIP,0.9993641
9296,SLC14A1,0.9980453
9297,TBKBP1,0.9911441
9298,PNCK,0.9905768
9299,PLK3,0.99492323
9300,C10orf143,0.9712931
9301,ARTN,0.98257476
9302,TWNK,0.93647754
9303,EHD3,0.983765
9304,PTPRM,0.9890064
9305,TLCD4,0.99780023
9306,SLC16A9,0.9974283
9307,IPO4,0.9933759
9308,SMAD1,0.9874708
9309,PAOX,0.9389605
9310,RIOX1,0.99490035
9311,GLA,0.98926884
9312,CEP135,0.9971111
9313,SPACA9,0.99702674
9314,EFCC1,0.99652505
9315,NEIL2,0.9903209
9316,SPATA2L,0.99817157
9317,HOXC4,0.9780767
9318,TMEM19,0.972486
9319,C12orf76,0.9934813
9320,MAP3K9,0.99715644
9321,NCAPG2,0.9832723
9322,B3GNT6,0.9785302
9323,ADGRL1,0.9964647
9324,ANKRD18A,0.8935586
9325,UBE2V2,0.98432314
9326,CDKN2C,0.99640405
9327,HS3ST4,0.99791485
9328,FCGR2A,0.997413
9329,DTX4,0.9944805
9330,MAP3K8,0.9973621
9331,TSPAN12,0.9953748
9332,APBA1,0.805834
9333,TMOD2,0.99789804
9334,KIF7,0.96701497
9335,ZNF567,0.98397315
9336,IBA57,0.9715116
9337,NDNF,0.9959054
9338,SPCS2,0.9734324
9339,PRAF2,0.97334737
9340,MBLAC2,0.97277296
9341,ZNF232,0.98114204
9342,FIZ1,0.99679655
9343,ELAC1,0.977432
9344,GMEB2,0.9910066
9345,TXNRD3,0.91597295
9346,ARHGAP31,0.9984702
9347,HPSE2,0.9968341
9348,SEC61A2,0.98402345
9349,PTPN21,0.99943876
9350,NFKBIE,0.9930957
9351,SPATA33,0.9977753
9352,ZNF490,0.9565686
9353,POLR3F,0.96716833
9354,DDX60,0.98921955
9355,TMEM106C,0.9907646
9356,SPATA5L1,0.9857974
9357,FKBP7,0.9781678
9358,SUPT3H,0.96143055
9359,PEX11G,0.9909259
9360,NOVA1,0.99760026
9361,REXO5,0.9929145
9362,C4orf46,0.95434105
9363,ZDHHC23,0.99720824
9364,PACC1,0.9946692
9365,PNP,0.9790961
9366,IL18BP,0.98697716
9367,IRAK1BP1,0.9079783
9368,DOK6,0.99815804
9369,NAP1L2,0.9938477
9370,ROBO3,0.99604005
9371,ERCC4,0.99445045
9372,ME1,0.9932613
9373,VAMP4,0.9990449
9374,EFCAB12,0.9963248
9375,TBC1D30,0.98332983
9376,CALHM2,0.99953806
9377,ZNF45,0.996703
9378,RGS19,0.9968186
9379,DUSP28,0.9906713
9380,ANKMY2,0.9634119
9381,INPP5J,0.9490402
9382,ACTR6,0.9829524
9383,TAF1A,0.99091804
9384,ZBTB49,0.98980325
9385,TANGO6,0.9495354
9386,TRMT10A,0.9523126
9387,SHQ1,0.99509037
9388,S100A14,0.994332
9389,PCDHGA11,0.99706554
9390,TRIM35,0.99571383
9391,PLAGL2,0.9843047
9392,FUNDC2,0.99529624
9393,TBC1D2,0.97475654
9394,SLC5A1,0.9754304
9395,DDX20,0.98321974
9396,TTI1,0.9968145
9397,MED1,0.966993
9398,ZSWIM5,0.95106584
9399,NAA80,0.97936475
9400,PCDHB9,0.97379154
9401,SLC46A3,0.98711705
9402,OTUD1,0.9246155
9403,ZNF607,0.985451
9404,CEACAM19,0.97130513
9405,TIGD2,0.9980778
9406,C2CD2L,0.9946395
9407,CLYBL,0.99518275
9408,EGFLAM,0.9924383
9409,LCP2,0.99888015
9410,GID4,0.998037
9411,ACTC1,0.9921986
9412,TNFRSF1B,0.9925361
9413,ANK2,0.9586835
9414,CNRIP1,0.99619406
9415,REC8,0.9968724
9416,HYKK,0.99196804
9417,CARD10,0.9925701
9418,PIGV,0.99600726
9419,USP37,0.9939641
9420,ABHD3,0.97584134
9421,ZNF484,0.9587382
9422,KLHL28,0.9821764
9423,C1QTNF6,0.95798224
9424,SCO2,0.95032346
9425,ZNF584,0.99481815
9426,ZNF630,0.9958123
9427,BVES,0.9956676
9428,FGD6,0.9985256
9429,ARMT1,0.9754283
9430,BRSK2,0.9849049
9431,MEAK7,0.9804683
9432,MAOB,0.9910389
9433,TAF6L,0.9859888
9434,RCSD1,0.99280286
9435,MOXD1,0.9969016
9436,RFC5,0.99562997
9437,NPIPB15,0.99159145
9438,ADRB1,0.9956071
9439,GLCE,0.9902944
9440,TPMT,0.9903428
9441,LAIR1,0.89103234
9442,FKRP,0.9850874
9443,ADCY9,0.9791603
9444,SH3RF3,0.99488497
9445,PRLR,0.9951485
9446,METTL27,0.99413794
9447,DOHH,0.993557
9448,SYDE2,0.9925939
9449,NMNAT1,0.95164704
9450,ZNF682,0.98159033
9451,PRICKLE3,0.9964318
9452,ADAP2,0.969936
9453,RBM24,0.9968368
9454,CISH,0.95736843
9455,SETD9,0.9915017
9456,DENND5B,0.97630847
9457,UNC5B,0.99885833
9458,XDH,0.99386716
9459,ABHD10,0.90829206
9460,AS3MT,0.97320414
9461,CLEC3B,0.99951446
9462,TMUB1,0.9933016
9463,CERK,0.999161
9464,HOXD9,0.9735849
9465,ANKRD35,0.99901867
9466,BBS10,0.97695327
9467,TMEM88,0.9974508
9468,GLCCI1,0.99746174
9469,EYA4,0.996273
9470,PAPSS2,0.97862816
9471,ETFBKMT,0.9810476
9472,ZNF19,0.9923248
9473,PIGU,0.9443288
9474,RAPGEF5,0.972663
9475,RNLS,0.9873191
9476,SEMA3D,0.99051845
9477,CKAP2,0.9946646
9478,LINC02693,0.9984479
9479,CCDC126,0.9979763
9480,FAM185A,0.9848713
9481,KCNIP2,0.89668304
9482,TMEM121B,0.99706477
9483,ZNF564,0.96304053
9484,BTBD8,0.9947369
9485,SRSF12,0.9919322
9486,MRAS,0.9982871
9487,SH2B3,0.987103
9488,NFKBIB,0.9501888
9489,ZNF668,0.9916736
9490,ZNF175,0.99775034
9491,ZNF610,0.98528945
9492,GPX8,0.9775511
9493,NME7,0.9955689
9494,SLC12A8,0.9923759
9495,WDR47,0.9961765
9496,NRG4,0.99564016
9497,HELB,0.9962075
9498,SESN2,0.96109706
9499,CYTIP,0.9930474
9500,TBL1Y,0.9960153
9501,LYRM9,0.985373
9502,TEDC1,0.99160206
9503,ZNF764,0.9800869
9504,PROCR,0.9989921
9505,CRPPA,0.99677825
9506,TTI2,0.9081554
9507,PITPNM2,0.9916837
9508,ZNF155,0.9877383
9509,ZNF860,0.97788763
9510,CENPJ,0.97011274
9511,FMNL1,0.99878365
9512,DNAJB5,0.99776924
9513,CACNB4,0.97845536
9514,LMNB1,0.9967011
9515,PECR,0.98950326
9516,LMO2,0.99084586
9517,MAP3K12,0.99812615
9518,SLC29A3,0.959623
9519,CLN5,0.99501526
9520,DLX1,0.7596473
9521,SMIM1,0.9853252
9522,ZNF473,0.9800583
9523,MCOLN1,0.99375516
9524,RBM48,0.97676194
9525,PDE7B,0.99849916
9526,FBXO17,0.99311316
9527,HSPB7,0.9549768
9528,RAD51D,0.9799286
9529,OXNAD1,0.9957796
9530,PLCE1,0.995295
9531,ITPRIP,0.9913879
9532,RGL1,0.99757946
9533,TFPI,0.9979989
9534,EFNA4,0.9903719
9535,ZGRF1,0.99109995
9536,GATA3,0.9963478
9537,KCNAB2,0.9931673
9538,MTCL1,0.9827341
9539,TCFL5,0.9852261
9540,STOML1,0.94314706
9541,B4GALT6,0.99747676
9542,KCNH2,0.9953436
9543,CLDN11,0.9981842
9544,ARHGEF35,0.9922519
9545,KAZALD1,0.99450684
9546,HMCN1,0.9975789
9547,SLC41A2,0.99790525
9548,PRRG4,0.9974334
9549,CXCL2,0.989344
9550,LSM11,0.9985144
9551,GLB1L,0.9890035
9552,LYSMD1,0.99631315
9553,UPP1,0.99223375
9554,DAAM2,0.99891543
9555,USP30,0.9766618
9556,FBXO45,0.92399156
9557,PARVG,0.9885789
9558,ZNF782,0.9800524
9559,EXO5,0.9958643
9560,THAP8,0.9766383
9561,ZNF660,0.9972144
9562,FYB1,0.9988259
9563,RAD51B,0.97358674
9564,BTC,0.9821626
9565,MYCBP,0.9880859
9566,KLHL25,0.987368
9567,PITPNM3,0.99509186
9568,TRIM59,0.98830295
9569,CENPV,0.99633634
9570,ZBED3,0.9952426
9571,FANCM,0.95611364
9572,MET,0.99931526
9573,TMEM177,0.9953395
9574,ZNF319,0.9908333
9575,EPHA2,0.98328793
9576,FRMD8,0.8674425
9577,ZC3H6,0.99395216
9578,CEP41,0.9944576
9579,STYK1,0.9945593
9580,CYB5R4,0.8990117
9581,OBI1,0.9905492
9582,FRAS1,0.9947783
9583,CHST2,0.9995249
9584,UTP25,0.982223
9585,ANKDD1A,0.99734294
9586,FIGN,0.99759233
9587,MED18,0.9946492
9588,EGR3,0.9923779
9589,SNRPA1,0.9917543
9590,SH3BP1,0.99854416
9591,SP5,0.9202827
9592,WASF1,0.9570508
9593,MON1A,0.9893562
9594,TTC13,0.9931246
9595,TRMT10C,0.99317515
9596,UBXN8,0.9869393
9597,GPRC5B,0.998574
9598,ALPK1,0.9952867
9599,FAM50B,0.9807856
9600,ST3GAL6,0.99706274
9601,RELB,0.9988383
9602,ELOVL2,0.98664093
9603,LRFN3,0.97671163
9604,PCDHB11,0.97889674
9605,FANCG,0.98661286
9606,TRGC2,0.99904895
9607,PDSS1,0.985499
9608,PIGA,0.99605644
9609,SSTR1,0.99530995
9610,RTN4RL1,0.9909693
9611,THAP1,0.9891329
9612,FYN,0.98950696
9613,SHF,0.9972708
9614,PELI1,0.9944392
9615,ADCY2,0.99729747
9616,BEX2,0.99720335
9617,PGBD1,0.9784004
9618,KIFC3,0.9851285
9619,NDUFAF4,0.9739766
9620,F8A1,0.8721881
9621,RASL11A,0.9856336
9622,TYMS,0.9921292
9623,ZNF546,0.6855088
9624,ZNF138,0.9510385
9625,RAD18,0.99561566
9626,CHST3,0.9992758
9627,HPGD,0.9895588
9628,KANSL1L,0.98872256
9629,RNF217,0.980232
9630,PRELID3A,0.9208324
9631,LEMD3,0.9933233
9632,NRXN3,0.9886132
9633,MYCL,0.99597484
9634,ZNF251,0.9953657
9635,PTCD2,0.9912619
9636,NOTCH1,0.9857725
9637,APAF1,0.9853751
9638,ZNF107,0.99180925
9639,TCEAL2,0.9987083
9640,MAPK4,0.98605907
9641,B3GALT4,0.99626565
9642,UTP20,0.9943481
9643,FRRS1L,0.9960782
9644,ST6GALNAC5,0.9742017
9645,NRXN2,0.9995026
9646,GEN1,0.9969353
9647,LYSMD4,0.9955382
9648,PC,0.98868537
9649,ZNF284,0.9856444
9650,TLR2,0.97045195
9651,TF,0.9967824
9652,NT5E,0.9950079
9653,FOXD1,0.99681365
9654,FBXL2,0.9923331
9655,ZNF439,0.988383
9656,FGD2,0.9572515
9657,IL16,0.9958637
9658,RASGEF1B,0.99065447
9659,NLRP1,0.96676254
9660,ARHGEF26,0.9938315
9661,STRA6,0.99882996
9662,FAM184A,0.9969801
9663,CSPP1,0.9325994
9664,RBP7,0.9797298
9665,EVX1,0.86178935
9666,NBPF1,0.97837204
9667,KITLG,0.9983452
9668,DCLK2,0.9899474
9669,MARK1,0.99170774
9670,CCNJ,0.98656934
9671,KCTD6,0.98270476
9672,RPGR,0.9864133
9673,ABHD15,0.9902821
9674,MAGI3,0.99369127
9675,SCARF1,0.99569976
9676,NTRK2,0.99444413
9677,MACROD2,0.9573778
9678,NPR3,0.9980098
9679,FGGY,0.95523596
9680,ZSWIM1,0.9424432
9681,EXOG,0.9980025
9682,CLEC7A,0.99862933
9683,SUGCT,0.99298525
9684,WNT4,0.9960965
9685,LRRC28,0.8512919
9686,SAMD10,0.99426883
9687,DCAF13,0.9913585
9688,NCKAP1L,0.9981737
9689,EDNRB,0.99222445
9690,LYNX1,0.9918438
9691,TEAD4,0.983805
9692,C2,0.97457135
9693,BCL11A,0.99647754
9694,ZBTB25,0.9927085
9695,AVPI1,0.99810326
9696,MAPKBP1,0.9958761
9697,ZNF691,0.9929309
9698,ACSS3,0.9985529
9699,LYPD6,0.99878514
9700,TET1,0.9817265
9701,SERPINE2,0.9969999
9702,SYK,0.9991776
9703,SLAIN1,0.9870788
9704,C2orf15,0.9978738
9705,KRT23,0.998134
9706,FERMT1,0.99430704
9707,MPP3,0.9969991
9708,GRK5,0.9977724
9709,SOWAHB,0.9893218
9710,SCN8A,0.9860224
9711,SAMD11,0.9918589
9712,ZNF280C,0.9906453
9713,BAG4,0.8984062
9714,C14orf93,0.9593979
9715,RAB39B,0.9822263
9716,C3orf52,0.8452877
9717,CHRD,0.9976448
9718,EID3,0.94170487
9719,NOSTRIN,0.9944573
9720,SRPX,0.99881387
9721,ZNF18,0.9840499
9722,TTLL11,0.86300695
9723,PANX1,0.9934412
9724,PLK2,0.9985316
9725,TRIM58,0.98997396
9726,CBFA2T3,0.9929956
9727,NAV2,0.9935655
9728,TACC3,0.9938935
9729,LRRC61,0.98931694
9730,IQCG,0.9794443
9731,CENPO,0.9984296
9732,KCNJ11,0.9968647
9733,HSH2D,0.9961035
9734,CEP72,0.99576867
9735,DERL3,0.9974238
9736,DLG2,0.98751986
9737,NUDT12,0.98656815
9738,ZC3H10,0.99572015
9739,PCLAF,0.9265293
9740,DCAF4,0.9734563
9741,ECHDC3,0.9742674
9742,SLC9A6,0.99955493
9743,ITGB6,0.99311393
9744,TBC1D8B,0.98828024
9745,MAMSTR,0.988454
9746,C1QTNF7,0.9975269
9747,PTGER2,0.99919015
9748,CMTM7,0.99371445
9749,ZDHHC14,0.9922234
9750,ENOX1,0.99559736
9751,ZNF653,0.9884587
9752,COQ10A,0.9844153
9753,STIL,0.9201481
9754,C16orf46,0.98771125
9755,KLK10,0.97951055
9756,SEPTIN1,0.99515796
9757,DNAJC27,0.98205006
9758,SAMD12,0.97272754
9759,PIP4K2A,0.99735147
9760,PLXNA2,0.9864377
9761,MOCS1,0.99531853
9762,ERI1,0.9881207
9763,SNTB1,0.96441984
9764,NPR2,0.97684586
9765,B3GNT5,0.9667898
9766,JADE3,0.99413913
9767,NEK11,0.9789454
9768,RBMS1,0.9954479
9769,ZNF891,0.98479646
9770,POP1,0.99461186
9771,SRR,0.9574521
9772,GFOD1,0.9880051
9773,SLC22A18,0.9907437
9774,ICAM2,0.9728352
9775,DNA2,0.98828197
9776,SEMA6C,0.9645337
9777,PCSK1N,0.9755505
9778,PLEKHG6,0.9912592
9779,CCDC34,0.9827846
9780,OMD,0.9929817
9781,CCDC122,0.9536888
9782,INTS6L,0.96092606
9783,EML1,0.9868502
9784,RASGRF2,0.9970854
9785,HPS1,0.9668002
9786,XKR6,0.9758842
9787,TMEM67,0.98630196
9788,ST3GAL1,0.99450094
9789,MAGOHB,0.9940329
9790,POLD1,0.9880716
9791,ETV1,0.9876535
9792,PCDHA11,0.9717011
9793,MFAP3L,0.9463478
9794,LZTFL1,0.9965283
9795,ZNF718,0.9749499
9796,C1orf216,0.9942281
9797,FAM81A,0.9958475
9798,MCF2L2,0.94962025
9799,CPLX1,0.9964262
9800,GAREM1,0.97398406
9801,CABLES1,0.9966264
9802,GAN,0.9864327
9803,DNAH8,0.9774016
9804,IFIT5,0.99721944
9805,COX10,0.9812964
9806,ZNF570,0.9955368
9807,PANX2,0.9855961
9808,ZNF620,0.9929193
9809,ZSWIM6,0.992524
9810,RTL5,0.9777422
9811,EFCAB6,0.99524975
9812,NEDD4,0.99243104
9813,B3GNTL1,0.95970726
9814,UBTD1,0.9688064
9815,MAP1S,0.9752838
9816,TNFRSF25,0.9864558
9817,POLN,0.9796699
9818,DISC1,0.988191
9819,PCDHB13,0.97183084
9820,THBD,0.9920583
9821,CEP85,0.9369217
9822,MAPK7,0.9976002
9823,SGCA,0.99455726
9824,TMEM229B,0.98525727
9825,SH3RF2,0.99607867
9826,KCNK6,0.9990559
9827,HSPB2,0.99621415
9828,ZNF470,0.98841524
9829,LRFN4,0.9937009
9830,ZKSCAN2,0.9611831
9831,ZNF519,0.98172003
9832,KCTD17,0.9966035
9833,SCAI,0.9948878
9834,LTB4R,0.996376
9835,PRR7,0.9926172
9836,NEK8,0.9682648
9837,WDR53,0.97412145
9838,C3orf18,0.96726876
9839,GPAM,0.98488146
9840,CDON,0.99676436
9841,ARHGEF28,0.9643177
9842,PARS2,0.9989853
9843,CD200,0.9984115
9844,FMNL3,0.9949603
9845,CLIP2,0.999188
9846,DSC3,0.9990137
9847,DHFR2,0.9939005
9848,ACHE,0.9980169
9849,IRX5,0.9945103
9850,CDNF,0.9687589
9851,STEAP3,0.99827164
9852,C14orf132,0.99246
9853,ADAMTSL1,0.99403054
9854,TTC26,0.9912175
9855,COLQ,0.993081
9856,CLEC11A,0.9928561
9857,TRPC4,0.99819016
9858,MMP11,0.98659605
9859,FANCI,0.90744525
9860,RBBP8,0.9875101
9861,ANKS6,0.99693817
9862,REEP1,0.9962419
9863,TPBG,0.99682206
9864,SDR42E1,0.9904398
9865,NDOR1,0.99489856
9866,LAT2,0.96630555
9867,MAPK11,0.9775082
9868,MLKL,0.99018145
9869,CNTNAP1,0.9884852
9870,AFG1L,0.98740613
9871,PTPDC1,0.9883606
9872,CDK18,0.9994783
9873,CCDC88B,0.9724406
9874,ECSCR,0.9971773
9875,POT1,0.9593125
9876,PIM2,0.99275744
9877,MAP3K10,0.9921137
9878,FAM167B,0.9868469
9879,DLK2,0.9957535
9880,RASSF5,0.99286747
9881,POLR3K,0.9751997
9882,GFRA1,0.9975759
9883,NXT2,0.9946766
9884,ZNF408,0.9382857
9885,CCDC146,0.9660454
9886,DOK4,0.975608
9887,SVEP1,0.99776274
9888,NAGPA,0.966871
9889,COL23A1,0.97168887
9890,STK33,0.9977774
9891,TMEM241,0.99533266
9892,SLC25A33,0.9809605
9893,LRRCC1,0.9868546
9894,HOXB3,0.9986825
9895,BAIAP3,0.9819268
9896,ADRA2A,0.9807087
9897,ADCY4,0.9949782
9898,SMAGP,0.98871154
9899,METTL24,0.99789107
9900,CTNND2,0.99003214
9901,MINPP1,0.9837092
9902,CYTH4,0.9959085
9903,GBGT1,0.9960042
9904,ZNF875,0.9917331
9905,EML6,0.9936013
9906,LDB3,0.97351694
9907,CLCF1,0.989614
9908,XRCC3,0.9867296
9909,MAP4K2,0.9948534
9910,TBC1D31,0.9937655
9911,RPGRIP1L,0.9948772
9912,TPX2,0.98812985
9913,POC1B,0.97362775
9914,SWT1,0.9825377
9915,PPARGC1B,0.9943253
9916,RHBDF2,0.99467987
9917,GCH1,0.942804
9918,COMTD1,0.92302877
9919,SNPH,0.9982054
9920,C1D,0.99367344
9921,EIF5A2,0.99236673
9922,MAPK8IP2,0.9586697
9923,DZANK1,0.9953072
9924,CLEC4A,0.99649507
9925,CNOT11,0.94038033
9926,PRAG1,0.99616325
9927,ST3GAL2,0.99296474
9928,ZCCHC10,0.98275983
9929,ACADS,0.9872271
9930,AOAH,0.99385786
9931,ZNF485,0.98712444
9932,GALM,0.9989538
9933,GLIS1,0.99047107
9934,ADAMTSL2,0.9947573
9935,RHOV,0.9922395
9936,EPM2A,0.9970373
9937,C1orf131,0.99865496
9938,ZNF160,0.98458153
9939,TIPIN,0.94772947
9940,CNTN3,0.9807162
9941,APOO,0.96935284
9942,RASA3,0.9883361
9943,TRAF6,0.95883405
9944,HBEGF,0.9905275
9945,JAML,0.95681936
9946,ZNF223,0.9759151
9947,RHOBTB2,0.98104733
9948,GATM,0.9997379
9949,SRPX2,0.9877679
9950,GNAZ,0.9896808
9951,BOLA3,0.9950977
9952,PRICKLE1,0.997726
9953,ZNF79,0.95239216
9954,CA13,0.99405444
9955,TMEM176A,0.97890097
9956,BARD1,0.98673403
9957,GIMAP5,0.9917398
9958,BMP7,0.98277694
9959,CALML4,0.9812323
9960,CXXC5,0.99720585
9961,ZNF471,0.9619568
9962,RANBP17,0.9953773
9963,IFNLR1,0.9648479
9964,ZNF202,0.98004043
9965,ETV5,0.9991492
9966,RFC4,0.9920553
9967,ZBTB34,0.973194
9968,QRICH2,0.99550956
9969,NT5M,0.96514016
9970,SERPINI1,0.9947835
9971,QPCT,0.99839866
9972,LIN54,0.99742836
9973,PIFO,0.99164474
9974,GUCA1B,0.9127039
9975,ZRANB3,0.9864265
9976,WDPCP,0.9970093
9977,ABCB1,0.9798799
9978,CDH24,0.99238616
9979,TNFRSF10A,0.9698683
9980,ST3GAL5,0.99050426
9981,SP4,0.9952432
9982,GFPT2,0.8541439
9983,SAMD9L,0.9975332
9984,FBXL6,0.96009374
9985,RNF165,0.9980036
9986,HGF,0.9986758
9987,KCNJ14,0.9392611
9988,CNTNAP2,0.99828494
9989,MUC4,0.9834365
9990,CORIN,0.99556
9991,SLC25A43,0.99662185
9992,CCDC142,0.97850287
9993,EFCAB11,0.99211925
9994,KCNAB1,0.9937851
9995,PDF,0.99322134
9996,NFYB,0.9974076
9997,IGFLR1,0.9854887
9998,RRP12,0.9874418
9999,C2orf42,0.99124956
