gene_index,gene,oracle_pcc
0,EPCAM,0.9998871
1,KRT8,0.9997856
2,KRT19,0.9999011
3,NKX2-1,0.9998239
4,NAPSA,0.9971984
5,SFTPA1,0.999225
6,SFTPB,0.99831265
7,SFTPC,0.99725085
8,AGER,0.9996643
9,PDPN,0.998405
10,SCGB1A1,0.9992262
11,FOXJ1,0.99939126
12,KRT5,0.99976826
13,TP63,0.998425
14,MUC5AC,0.99975044
15,HNF4A,0.99765205
16,PTPRC,0.99815094
17,COL1A1,0.999032
18,PECAM1,0.9993609
19,MUC1,0.999541
20,CEACAM6,0.9983889
21,TACSTD2,0.99882156
22,MSLN,0.9986746
23,CLDN18,0.99867725
24,ABCA3,0.9983379
25,CAV1,0.9997357
26,CAV2,0.9994208
27,HOPX,0.9996432
28,AQP5,0.9997567
29,SCGB3A1,0.9938631
30,SCGB3A2,0.9919779
31,CP,0.99957913
32,CYP2F1,0.99924165
33,PIFO,0.999246
34,TPPP3,0.99986935
35,CCDC78,0.99944496
36,CAPS,0.9997426
37,DNAH5,0.99992526
38,KRT14,0.9988483
39,KRT17,0.99979484
40,KRT6A,0.9982418
41,KRT15,0.9999448
42,MUC5B,0.99970806
43,SPDEF,0.9997841
44,AGR2,0.9997789
45,KRT20,0.99840087
46,TFF1,0.99651206
47,CHGA,0.9995928
48,SYP,0.998576
49,INSM1,0.9974378
50,ASCL1,0.99812967
51,NCAM1,0.9967197
52,FABP4,0.9991418
53,PPARG,0.99945176
54,MARCO,0.9989065
55,INHBA,0.99899894
56,SIGLEC1,0.99954003
57,C1QA,0.99967825
58,VIM,0.99946356
59,FN1,0.9978434
60,TGFBI,0.9994976
61,LAMC2,0.9997757
62,ITGA5,0.9998435
63,SERPINE1,0.999761
64,CD37,0.99850386
65,CORO1A,0.99906397
66,LAPTM5,0.9995225
67,CD3D,0.9997611
68,CD3E,0.9998687
69,TRAC,0.9995062
70,TRBC1,0.99967325
71,LTB,0.99967337
72,IL7R,0.9989008
73,MAL,0.9978293
74,CCR7,0.9996933
75,TCF7,0.99956864
76,LEF1,0.9991933
77,CD8A,0.9987258
78,CCL5,0.9998325
79,NKG7,0.999685
80,PRF1,0.9984318
81,GZMK,0.9999223
82,GZMB,0.9989365
83,FOXP3,0.99848974
84,IL2RA,0.9992205
85,CTLA4,0.9981756
86,TIGIT,0.999921
87,IKZF2,0.99963367
88,CCR8,0.9981035
89,PDCD1,0.99586785
90,LAG3,0.9988068
91,HAVCR2,0.9987892
92,TOX,0.99812824
93,CXCL13,0.9997307
94,ENTPD1,0.99963
95,GNLY,0.9984449
96,KLRD1,0.9981346
97,FCGR3A,0.99970615
98,TYROBP,0.9998153
99,MS4A1,0.9996913
100,CD79A,0.999951
101,CD74,0.99820983
102,CD22,0.9987591
103,CD83,0.9972824
104,JCHAIN,0.9995798
105,MZB1,0.9999598
106,SDC1,0.9992325
107,IGHG1,0.9995228
108,IGKC,0.9994345
109,XBP1,0.99992913
110,LST1,0.99925137
111,FCER1G,0.99973506
112,CTSS,0.99945754
113,LILRB1,0.9988716
114,LYZ,0.9985239
115,S100A8,0.99967194
116,S100A9,0.99978495
117,CCR2,0.99714124
118,VCAN,0.9999321
119,MS4A7,0.9995283
120,IFITM3,0.9998819
121,TYMP,0.9997694
122,C1QB,0.9984166
123,C1QC,0.9992838
124,APOE,0.9988743
125,CD68,0.99968565
126,MSR1,0.99966896
127,MRC1,0.9993593
128,CTSD,0.9991349
129,FOLR2,0.9990795
130,LYVE1,0.99724233
131,CD163,0.99950135
132,SPP1,0.9975669
133,APOC1,0.9987582
134,TREM2,0.9996449
135,GPNMB,0.9995896
136,LGALS3,0.9992585
137,CTSB,0.99895346
138,IL1B,0.9951045
139,SELL,0.99904406
140,FCGR3B,0.9985217
141,CSF3R,0.99971914
142,CXCR2,0.99848384
143,FPR1,0.9969331
144,MNDA,0.99937785
145,CLEC9A,0.998267
146,XCR1,0.9977236
147,BATF3,0.9984997
148,CADM1,0.99900544
149,IRF8,0.9986042
150,CD1C,0.9988825
151,CLEC10A,0.99946165
152,FCER1A,0.9977725
153,CST3,0.9998779
154,TCF4,0.99983484
155,IL3RA,0.99956906
156,CLEC4C,0.998847
157,IRF7,0.99986535
158,KIT,0.9994667
159,MS4A2,0.999287
160,HDC,0.99858415
161,CPA3,0.9998213
162,CLC,0.99933577
163,PRG2,0.998804
164,SIGLEC8,0.9986671
165,RNASE2,0.9979769
166,EPX,0.9941738
167,COL1A2,0.99943876
168,COL3A1,0.9992722
169,DCN,0.99992704
170,LUM,0.999931
171,COL6A1,0.9998981
172,PDGFRA,0.99987364
173,ACTA2,0.99988425
174,TAGLN,0.9997934
175,MYL9,0.99984807
176,TPM2,0.9998905
177,CXCL12,0.99993694
178,IL6,0.99920595
179,CFD,0.9978612
180,C7,0.99986154
181,CXCL14,0.99900246
182,COL11A1,0.997534
183,FAP,0.99749243
184,THY1,0.99959767
185,MMP2,0.9999522
186,COL10A1,0.9983698
187,CIITA,0.99955386
188,VWF,0.99984187
189,CLDN5,0.9998706
190,KDR,0.99896127
191,EMCN,0.9992362
192,ENG,0.9998989
193,RAMP2,0.99961966
194,ESM1,0.9961262
195,PLVAP,0.99947995
196,APLN,0.99630845
197,PGF,0.9982187
198,RGCC,0.99949056
199,EFNB2,0.99955493
200,SOX17,0.99898446
201,GJA5,0.9988414
202,FBLN5,0.9998686
203,HEY1,0.9990381
204,ACKR1,0.9996335
205,SELP,0.99938697
206,SELE,0.9986329
207,NR2F2,0.9995376
208,FLT4,0.9994148
209,CCL21,0.99988717
210,PROX1,0.9989546
211,CCL14,0.99981767
212,RGS5,0.99977285
213,PDGFRB,0.9999534
214,CSPG4,0.99896306
215,MCAM,0.9999393
216,DES,0.999557
217,NOTCH3,0.99985087
218,MYH11,0.99973476
219,CNN1,0.99993944
220,ADIPOQ,0.99834126
221,PLIN1,0.99560225
222,LEP,0.99671966
223,LPL,0.9985307
224,CIDEC,0.9971162
225,S100B,0.9991747
226,SOX10,0.9965558
227,PLP1,0.99743843
228,MPZ,0.99761724
229,S100A1,0.99969786
230,NGFR,0.99809563
231,MKI67,0.998916
232,TOP2A,0.9995216
233,UBE2C,0.999061
234,CENPF,0.9979228
235,CCNB1,0.999687
236,CDK1,0.99957895
237,TUBB,0.99977267
238,CA9,0.99920386
239,VEGFA,0.9998482
240,PGK1,0.99788713
241,SLC2A1,0.99980724
242,ENO1,0.99978673
243,ISG15,0.99942696
244,IFIT1,0.9997505
245,IFIT2,0.9996072
246,IFIT3,0.9994918
247,MX1,0.9997042
248,OAS1,0.9991145
249,STAT1,0.9992283
250,CXCL10,0.99459124
251,SNAI2,0.99981767
252,ZEB1,0.99984425
253,HBB,0.9974691
254,HBA2,0.99962294
255,ALAS2,0.9960616
256,GYPA,0.9961651
257,AHSP,0.9975896
258,PPBP,0.99818504
259,PF4,0.99694264
260,GP9,0.9987861
261,RGS18,0.99930495
262,NRGN,0.99922514
263,FOS,0.99952537
264,JUN,0.99979484
265,JUNB,0.99990004
266,DDIT3,0.9998274
267,HSPA1A,0.9997276
268,HSPA1B,0.99942815
269,ATF3,0.99986666
270,MT-CO2,0.99876153
271,MT-ND1,0.9997859
272,MT-ND2,0.9994173
273,MT-CYB,0.99937516
274,IGHA1,0.9997195
275,A2M,0.99989164
276,MGP,0.9994176
277,ZFP36,0.999715
278,RNASE1,0.998301
279,FTL,0.99902934
280,IFI6,0.9990524
281,DUSP1,0.9996023
282,HSPB1,0.999582
283,RHOB,0.99986714
284,C3,0.9998353
285,CLU,0.9992965
286,EGR1,0.9998876
287,NPC2,0.9993967
288,NR4A1,0.9997822
289,CD9,0.99973583
290,IGFBP7,0.9995241
291,SLC34A2,0.9996101
292,B2M,0.99809897
293,S100A6,0.9993504
294,SAT1,0.99961835
295,LY6E,0.9998134
296,LGALS3BP,0.9997999
297,TMSB10,0.99933875
298,TIMP1,0.9997333
299,FTH1,0.9993822
300,CD44,0.99977607
301,CCN1,0.9998785
302,CSRP1,0.9998291
303,MCL1,0.9997698
304,DEPP1,0.9999093
305,ACTB,0.99935406
306,SELENOP,0.9999285
307,OAZ1,0.999482
308,CTSZ,0.9993901
309,CEBPD,0.9997325
310,ZFP36L2,0.99985045
311,CXCR4,0.99942684
312,WSB1,0.9996683
313,TXNIP,0.99958766
314,CTSH,0.99956214
315,TPM1,0.9998907
316,ANXA2,0.9993107
317,ZFP36L1,0.9997176
318,SELENOW,0.9998187
319,SYNGR2,0.9998522
320,MFAP4,0.9998759
321,AQP1,0.9999431
322,MDK,0.9997597
323,SQSTM1,0.9999033
324,MYL6,0.9997443
325,LGALS1,0.9996189
326,VMP1,0.99985063
327,JUND,0.99980307
328,GLUL,0.9972542
329,IGFBP4,0.99981654
330,LMNA,0.99959975
331,BHLHE40,0.9998695
332,PFN1,0.99977684
333,NUPR1,0.99916446
334,SH3BGRL3,0.99955714
335,CTTN,0.99983597
336,UBA52,0.9995001
337,COL6A2,0.99988574
338,PSAP,0.99951917
339,RGS1,0.9998724
340,CFL1,0.99988574
341,CIRBP,0.99972904
342,APLP2,0.9995543
343,IFI27,0.99828976
344,CCNL2,0.9998447
345,CCNI,0.999823
346,GSTP1,0.99979365
347,SPARC,0.9997997
348,KLF2,0.9999294
349,CD63,0.9998714
350,TSC22D3,0.99905473
351,CCN2,0.9998252
352,H3F3A,0.9999129
353,CEACAM5,0.9976524
354,BST2,0.9998881
355,LGMN,0.99910575
356,ACTG1,0.9973196
357,ITM2B,0.9998436
358,DSTN,0.99970466
359,AHNAK,0.9998867
360,LAMP1,0.99956
361,TRAM1,0.9996778
362,BGN,0.9999177
363,SOD2,0.99993753
364,LTBP2,0.99873686
365,PTTG1IP,0.99986017
366,EPAS1,0.99984473
367,MAGED2,0.9996313
368,CAPN2,0.99989444
369,APP,0.9993202
370,SOCS3,0.9996877
371,ANXA11,0.9998762
372,PNRC1,0.99986076
373,SLC40A1,0.9998215
374,S100A4,0.9997245
375,WNK1,0.99982417
376,EEF1G,0.9971453
377,ARHGDIB,0.99964267
378,TMSB4X,0.9967166
379,HNRNPA2B1,0.9998642
380,C1S,0.9998976
381,NBL1,0.9998058
382,DDX5,0.9991703
383,NFKBIA,0.99908066
384,C1R,0.9999531
385,EEF2,0.99976194
386,PSME1,0.9997839
387,BRI3,0.9997672
388,MT2A,0.9999091
389,GRN,0.99956644
390,CNN3,0.9999374
391,COL6A3,0.99970704
392,HSPA8,0.9998924
393,BTG2,0.99992913
394,ADAMTS1,0.9999129
395,CALD1,0.9999364
396,IGLC1,0.9998946
397,CAST,0.99991256
398,GPX4,0.99984187
399,TAPBP,0.99984586
400,S100A10,0.9995638
401,LENG8,0.9994483
402,BTG1,0.99983186
403,SPARCL1,0.9999281
404,SERPING1,0.99945927
405,SERF2,0.99965
406,MSN,0.99946797
407,TPP1,0.9996458
408,LITAF,0.99986047
409,ANXA5,0.9996335
410,ERGIC3,0.9998396
411,LTBP3,0.99836016
412,PLS3,0.99986523
413,S100A11,0.9993698
414,TXNDC5,0.99993896
415,FBLN1,0.9999372
416,SSR2,0.999869
417,AEBP1,0.9999418
418,IGHM,0.99987537
419,HSP90AB1,0.99985904
420,HIST1H1C,0.9997407
421,TCF25,0.9997242
422,OS9,0.99985
423,ANXA1,0.9996678
424,TAP1,0.9998554
425,CD55,0.9999423
426,NUCB1,0.99947166
427,FXYD5,0.9998395
428,FLNA,0.99988115
429,MAT2A,0.99950874
430,S100A16,0.99991226
431,CEBPB,0.99964726
432,CFLAR,0.999506
433,ZYX,0.9998964
434,ESYT2,0.99994546
435,SPINT2,0.99991
436,CTNND1,0.9999288
437,EZR,0.9998792
438,DDIT4,0.9994024
439,CD47,0.9999498
440,ADAR,0.99990654
441,SUMO3,0.9998843
442,MYLK,0.99992543
443,LCP1,0.9997943
444,HSP90AA1,0.9998728
445,EVL,0.99921924
446,EMP1,0.9999005
447,CRIP1,0.9997939
448,YBX1,0.99989235
449,YBX3,0.99990857
450,TAGLN2,0.999879
451,CD151,0.99990046
452,LPCAT1,0.9993965
453,VEGFB,0.9997913
454,RRBP1,0.9998778
455,NNMT,0.99994594
456,CALR,0.9996991
457,C12orf57,0.9994863
458,MBNL1,0.9988974
459,SELENOH,0.9998349
460,IER2,0.99975365
461,DYNC1LI2,0.9999217
462,ALDH2,0.99992484
463,PTGDS,0.999931
464,CTSC,0.9998847
465,CTSA,0.99983025
466,ACTN1,0.9997188
467,IL32,0.9991442
468,MACF1,0.9997905
469,MXRA7,0.99823076
470,RHOA,0.9974457
471,EPHX1,0.99936104
472,SSR4,0.9999441
473,MDM4,0.9997443
474,CD46,0.9999441
475,PPP1R12B,0.99967
476,SUMF2,0.9999224
477,CALCOCO2,0.99980605
478,YPEL3,0.99992496
479,ATN1,0.9997198
480,RAB11FIP1,0.99963427
481,CREG1,0.9997711
482,RUNX1,0.9997166
483,TGFBR2,0.9994666
484,NDUFA4,0.999931
485,AQP3,0.9997857
486,KMT2C,0.99993837
487,SELENOM,0.9998657
488,ARRDC3,0.999761
489,RHOC,0.9996594
490,CHD2,0.99977124
491,NRP1,0.9995068
492,NCOR2,0.999846
493,CNN2,0.99717027
494,WDR26,0.9998272
495,HDLBP,0.9998728
496,LRPAP1,0.99978006
497,ODF3B,0.99987525
498,RACK1,0.99935025
499,TNFRSF1A,0.9997779
500,HIPK3,0.9982642
501,TOMM7,0.9998125
502,SPI1,0.9997078
503,PER1,0.9998592
504,CLPTM1L,0.9994591
505,PSMB9,0.99990594
506,EIF4A1,0.9996439
507,TSPAN3,0.99992627
508,PKM,0.99993646
509,PPT1,0.99983233
510,OGA,0.9993971
511,ANKRD10,0.9996911
512,CYBA,0.9999348
513,PLTP,0.99964535
514,COL18A1,0.9997963
515,PARP14,0.9999159
516,CHCHD2,0.99994314
517,PSMB8,0.99995553
518,LMAN2,0.99995744
519,TMEM50A,0.9999033
520,ARGLU1,0.99991274
521,S100A13,0.9999331
522,EID1,0.99938965
523,SERPINF1,0.9999283
524,SEC31A,0.99949944
525,LUC7L3,0.99983245
526,CNBP,0.99903953
527,PPDPF,0.99980164
528,CRTAP,0.9996136
529,SLC38A2,0.99969435
530,SDF4,0.9998706
531,MYO1D,0.999889
532,TTC3,0.9997841
533,TRIM8,0.9999436
534,MMP24OS,0.9999275
535,GPRC5A,0.9995564
536,CYB5R3,0.99970233
537,CLDN4,0.9994712
538,B4GALT1,0.99951345
539,DYNLL2,0.99993163
540,ATP6AP1,0.9998864
541,PON2,0.99977124
542,BRD2,0.99961007
543,SPAG9,0.99968815
544,COPA,0.99982893
545,SLC9A3R2,0.9998892
546,PRKAR1A,0.9995533
547,LAMTOR1,0.9999237
548,C11orf96,0.9999304
549,ARPC1B,0.99983823
550,ECM1,0.99968636
551,RAB5C,0.99976397
552,KRT7,0.999275
553,CALU,0.9998878
554,PDIA3,0.9999077
555,MYH9,0.9998919
556,DRAM1,0.9998678
557,RAC1,0.99993515
558,TNFRSF12A,0.99985325
559,CCDC47,0.9999409
560,LSP1,0.9998504
561,SCARB2,0.99974805
562,VAT1,0.9990355
563,TXNDC11,0.9990883
564,GOLM1,0.99982965
565,EIF4EBP2,0.9998147
566,IGFBP5,0.9993762
567,MAP4,0.9998743
568,MBD2,0.9998716
569,SAMHD1,0.99988997
570,RNF149,0.9996883
571,DRAP1,0.99987614
572,RABGAP1L,0.9998404
573,SELENOF,0.9996921
574,PLXNB2,0.99991214
575,ARF1,0.9999288
576,ITM2C,0.9995391
577,SLC22A31,0.9994022
578,ADI1,0.9999253
579,RBM3,0.9999193
580,NFKBIZ,0.9998204
581,CSNK1D,0.9998846
582,WIPF1,0.9990716
583,SDC4,0.99990493
584,AKT1,0.99974334
585,RNF213,0.99989396
586,PAM,0.9997309
587,KLF6,0.9998437
588,GUK1,0.99842966
589,MAF1,0.9995456
590,TGM2,0.99993545
591,CRABP2,0.99971783
592,CDK5RAP3,0.9997486
593,USF2,0.99979067
594,AGRN,0.9999064
595,TGOLN2,0.9973606
596,CCND3,0.99963826
597,SERINC1,0.998463
598,DAZAP2,0.9997252
599,GPX3,0.99995935
600,TAF10,0.99981344
601,DYNLRB1,0.99989814
602,TM4SF1,0.9998846
603,ACTN4,0.9997956
604,ENAH,0.9997152
605,GRK2,0.99978095
606,TRA2A,0.9998571
607,GSN,0.99900883
608,TRIM22,0.9996611
609,CCDC80,0.999972
610,UBB,0.9989176
611,ERRFI1,0.9999393
612,PSMB1,0.9998644
613,YAP1,0.99945796
614,LDB1,0.9998595
615,PDXK,0.99991834
616,ANAPC16,0.9998471
617,MLLT6,0.99629104
618,COPG1,0.9999399
619,PLXND1,0.9997309
620,LIPA,0.99972934
621,ANTXR1,0.99988854
622,PLAAT4,0.99989855
623,MS4A6A,0.99977577
624,TNFAIP3,0.999859
625,TACC1,0.9999105
626,CDH11,0.9999644
627,ATP5F1E,0.9989147
628,BLOC1S1,0.99989337
629,LTA4H,0.9999318
630,KCTD12,0.99953234
631,DKK3,0.9998971
632,PLXDC2,0.99977237
633,ARID5B,0.99989426
634,TFRC,0.99937737
635,CHMP4B,0.9999213
636,TOB1,0.9998789
637,SYNE2,0.9993988
638,GRINA,0.9996325
639,GABARAP,0.9992386
640,NUMA1,0.9998857
641,CITED2,0.99989986
642,CTNNA1,0.9999631
643,CCPG1,0.9997309
644,EMC10,0.9998218
645,RSRP1,0.9995012
646,TMED9,0.99994504
647,EML4,0.99983275
648,LAPTM4B,0.99939156
649,CAPZB,0.9997441
650,REEP5,0.9999403
651,SGK1,0.99980325
652,CORO1C,0.99939215
653,MARCKSL1,0.99994487
654,VAMP8,0.99978626
655,LRP1,0.9992798
656,SEPTIN9,0.99949664
657,ADIRF,0.9999317
658,TMEM259,0.99958724
659,ELN,0.9999567
660,GADD45B,0.9999033
661,PJA2,0.9999038
662,ECH1,0.99979764
663,MAPKAPK2,0.99963874
664,HNRNPA0,0.9990579
665,CTDSP2,0.9997438
666,HNRNPD,0.999622
667,TMED4,0.9999302
668,AIF1,0.9993332
669,NENF,0.999842
670,PSMD3,0.9998864
671,ASXL1,0.99971855
672,TCIRG1,0.9998862
673,PPP1CB,0.99976397
674,PRSS23,0.99994534
675,SERPINB1,0.9998606
676,DST,0.99980724
677,EMP2,0.9997336
678,RNH1,0.99993545
679,OPTN,0.998481
680,SERP1,0.9996824
681,CD24,0.9993186
682,FAM107B,0.9999131
683,ETS2,0.99994725
684,DBNL,0.99993455
685,CAPG,0.99980915
686,TAX1BP1,0.99961025
687,POLR2L,0.99995357
688,NDUFA2,0.99988985
689,NUDC,0.99990463
690,SCP2,0.999887
691,NDUFB9,0.9999367
692,TPM4,0.99983054
693,MEAF6,0.9998512
694,GSTK1,0.9996354
695,RAB13,0.9994631
696,SERPINA1,0.9998334
697,EHBP1L1,0.99863464
698,ARHGEF1,0.9999202
699,H1FX,0.99966395
700,DAP,0.99987775
701,PCMTD1,0.9997943
702,RAB2A,0.99984324
703,AKAP13,0.99986106
704,ANKRD11,0.9989122
705,GALNT10,0.99991024
706,IER3,0.9998892
707,STARD10,0.99988544
708,PIGR,0.9995039
709,STT3B,0.9986393
710,GNS,0.9962088
711,PRKACA,0.99989414
712,LMAN1,0.9993507
713,TCIM,0.9990369
714,MAGED1,0.99986964
715,KIF5B,0.99987286
716,EIF3A,0.9920189
717,ROMO1,0.9999398
718,LAMTOR4,0.9987383
719,FAM114A1,0.9998633
720,NFIB,0.9998789
721,UBE2L6,0.9999286
722,LMOD1,0.99973613
723,RANBP9,0.99985427
724,ANAPC11,0.9999485
725,HNRNPL,0.99965554
726,TRAPPC3,0.9999016
727,RTN3,0.99979293
728,COL5A1,0.99991894
729,CLTA,0.9997551
730,COX14,0.99985296
731,COL4A1,0.99990815
732,MTCH1,0.99969465
733,MIDN,0.99988043
734,SEC62,0.9998102
735,TBC1D9B,0.99979436
736,RNF7,0.9995283
737,CXCL9,0.99572307
738,MYOF,0.99987495
739,CPNE1,0.99958706
740,NFE2L1,0.9969103
741,ETS1,0.9998437
742,EIF3B,0.99995345
743,NME3,0.999884
744,LASP1,0.9999132
745,CDKN1B,0.99991876
746,SPG21,0.99983805
747,HNRNPF,0.9998581
748,ADAM15,0.9999135
749,PMP22,0.999689
750,C4orf3,0.9997698
751,RERE,0.99951965
752,TNS1,0.9997671
753,MICOS10,0.999876
754,MGST3,0.99983865
755,TRIR,0.99948275
756,TNFSF10,0.9999224
757,AHR,0.99978316
758,DNM2,0.99917376
759,TM9SF3,0.99935377
760,NME2,0.99962413
761,DCAF8,0.9998328
762,SPINT1,0.99991673
763,RAB27A,0.99991435
764,TRBC2,0.9995097
765,PDCD4,0.9998496
766,LAPTM4A,0.99911726
767,CHMP3,0.99881774
768,SP100,0.99950826
769,COL14A1,0.99996316
770,APRT,0.9999399
771,HERPUD1,0.99985677
772,DAP3,0.99992955
773,SEC11A,0.9989848
774,DPP7,0.9994198
775,WDR83OS,0.99986506
776,NPLOC4,0.9999342
777,PTBP3,0.99913055
778,HNRNPDL,0.9966335
779,CALM2,0.9999005
780,SRRM1,0.99958
781,STK17B,0.99968034
782,SLC3A2,0.9998906
783,ARCN1,0.9999283
784,LRCH4,0.9999035
785,OGT,0.9997964
786,CAPNS1,0.9999217
787,EDEM1,0.9992677
788,PRELP,0.9999503
789,FNDC3B,0.9994281
790,ATP2C1,0.99980575
791,LTBP4,0.9999283
792,UBXN4,0.9998933
793,SLC38A10,0.9999361
794,NDUFA1,0.99990404
795,UBE2D3,0.99982226
796,ZFAND3,0.9999151
797,NDRG1,0.9992989
798,NDUFV1,0.99992037
799,FBP1,0.9994346
800,RGS2,0.99789417
801,MFSD1,0.99975526
802,DHX15,0.9998375
803,NDFIP1,0.99935997
804,KDELR2,0.9998881
805,STX16,0.9994997
806,REXO2,0.999749
807,HM13,0.9997277
808,WLS,0.99990547
809,PFDN5,0.9994898
810,CLIP1,0.99990606
811,CAVIN1,0.9999447
812,CMIP,0.9996629
813,STOM,0.99994624
814,BCL2L1,0.9994631
815,BTN3A2,0.9998225
816,AFF4,0.9998167
817,SERPINB6,0.9998838
818,CMPK1,0.9997231
819,ZMIZ2,0.9998747
820,CAB39,0.99964315
821,ILF3,0.9998109
822,TMEM219,0.99991
823,COX7C,0.9998779
824,C11orf58,0.9992488
825,UBE2I,0.9997958
826,CRISPLD2,0.99935883
827,NEK6,0.9997169
828,C1orf198,0.999792
829,LAMP2,0.9998425
830,EMP3,0.999879
831,BNIP3L,0.9996934
832,CLIC4,0.99979717
833,GNAQ,0.9998676
834,CPM,0.99981153
835,GNB2,0.9998323
836,SRSF2,0.99982196
837,FAM120A,0.9996176
838,IGHG3,0.9998862
839,PLPP3,0.9994982
840,TNXB,0.99989873
841,SKI,0.9998396
842,RBM33,0.9978573
843,ATP6V0E1,0.9998747
844,RAB11B,0.9994974
845,CDC37,0.99980575
846,OSMR,0.99968517
847,TMEM248,0.9997225
848,CTDSP1,0.999773
849,PEA15,0.99981153
850,UFC1,0.99989253
851,TAOK1,0.99990624
852,ID3,0.99994975
853,CD2AP,0.9998932
854,SNX1,0.999508
855,APEX1,0.9998997
856,PAFAH1B1,0.9998245
857,ARAP1,0.99980724
858,LPP,0.99979365
859,TAX1BP3,0.99990654
860,UTRN,0.99976695
861,PNPLA2,0.9992238
862,HNRNPA3,0.9995953
863,PALLD,0.99802196
864,EFCAB14,0.9998086
865,PSMB10,0.99952334
866,IFNGR2,0.9996786
867,RTN4,0.99975455
868,CYBRD1,0.99993086
869,PHPT1,0.9985844
870,ASH1L,0.9997698
871,TRIP12,0.9998282
872,CNOT8,0.99992
873,PFKFB3,0.999791
874,C7orf50,0.99989665
875,ZNF644,0.99980366
876,AFDN,0.99983585
877,STAT6,0.99956864
878,THBS1,0.999891
879,CD99,0.9994267
880,FCGRT,0.9988278
881,CFDP1,0.999862
882,HNRNPUL1,0.99958515
883,ISCU,0.9988316
884,OGDH,0.9999134
885,ANXA4,0.99991417
886,STAU1,0.9998056
887,BSG,0.99988973
888,UBXN6,0.9995216
889,PRDX2,0.99994147
890,ACADVL,0.9998394
891,VPS28,0.99993277
892,SLC25A39,0.9999275
893,SPCS1,0.99588203
894,ELL2,0.9995837
895,PGGHG,0.9997342
896,ARHGEF12,0.9997419
897,PTPN12,0.9998577
898,CHID1,0.99989384
899,METTL9,0.9998964
900,SLC44A2,0.9997347
901,NDUFB10,0.99977684
902,MYDGF,0.999792
903,RABAC1,0.99763453
904,CANX,0.99988204
905,URI1,0.99951094
906,MROH1,0.99994504
907,TBL1XR1,0.9936024
908,MARCH7,0.9996619
909,WARS,0.9996192
910,PRRC2C,0.99972755
911,CLEC2D,0.9996581
912,TUFM,0.9999487
913,DPYSL2,0.9996656
914,ATP2A2,0.9999075
915,CXCL16,0.9997943
916,CAPN1,0.99992526
917,AKNA,0.99931383
918,GOLPH3,0.99958384
919,CCDC6,0.99988496
920,UGCG,0.999843
921,NPEPPS,0.99992573
922,COPB1,0.9999297
923,PPIB,0.99985105
924,EXOC3,0.9999112
925,MYO6,0.99977636
926,PPP4C,0.99994594
927,ZEB2,0.99993503
928,CD82,0.99972993
929,CLIC1,0.9998932
930,GNAI2,0.9998776
931,RBM25,0.99975556
932,YWHAE,0.9998212
933,GLRX,0.99989384
934,STT3A,0.99990684
935,VASP,0.9997643
936,RNF130,0.99983346
937,ENC1,0.9998727
938,SLC2A4RG,0.99986726
939,YPEL5,0.9989127
940,DCTN4,0.9996894
941,ANXA6,0.9997271
942,BCAM,0.99980164
943,MINK1,0.9998597
944,UBC,0.9998417
945,MPRIP,0.9968294
946,TNIP1,0.9996375
947,SNU13,0.99952936
948,EIF5,0.99973
949,CALM3,0.9997805
950,KDM5C,0.9998021
951,SH3BGRL,0.9996926
952,TLE5,0.9998635
953,CERS2,0.9997921
954,RBL2,0.9998461
955,ATP6V0D1,0.9998533
956,NFE2L2,0.99993455
957,GPBP1,0.9988877
958,C16orf72,0.9999512
959,EMD,0.9997743
960,ANXA7,0.999864
961,LUC7L,0.99912465
962,CD4,0.99982417
963,SENP6,0.9982263
964,FGL2,0.9980992
965,MYH10,0.9998702
966,PPP1CA,0.999926
967,BMPR2,0.98904896
968,BLVRA,0.99992484
969,CDC42SE1,0.9987445
970,ITGB2,0.9998487
971,LMO7,0.9998884
972,SEL1L3,0.9998783
973,MIF,0.99994504
974,NDUFS6,0.9998066
975,NUB1,0.99994147
976,TLN1,0.99989164
977,NFIX,0.99977934
978,ANKHD1,0.9998008
979,ADAM9,0.99984705
980,DPYD,0.9998382
981,TAP2,0.9997689
982,CLCN7,0.99994516
983,IFI30,0.9996468
984,ERO1A,0.9999097
985,CUTA,0.999828
986,SMIM14,0.9999504
987,LAMA5,0.99979794
988,SMARCA5,0.99983644
989,FNBP4,0.9996783
990,DUSP6,0.9998309
991,METTL26,0.99990404
992,EMC4,0.9998557
993,AKR1A1,0.9998342
994,AFF1,0.9994353
995,PICALM,0.99988186
996,ERBIN,0.99989
997,PTPRF,0.9998888
998,LAMC1,0.9998099
999,CCNL1,0.99892426
1000,WDR33,0.9997654
1001,UQCRB,0.9998646
1002,DYNLT1,0.99978846
1003,ATP2B4,0.99983895
1004,NOP53,0.9998951
1005,MARCKS,0.9993304
1006,RNF10,0.99988234
1007,IGFBP3,0.9999161
1008,P4HA1,0.99985707
1009,HMGN1,0.9999019
1010,IDS,0.99967223
1011,DPYSL3,0.9997304
1012,ADRM1,0.9999138
1013,NIBAN2,0.99992114
1014,TSPO,0.99977
1015,ALG13,0.99951285
1016,CYB5B,0.9999342
1017,STX4,0.99984723
1018,PERP,0.999914
1019,RHOBTB3,0.9985789
1020,BSDC1,0.9995941
1021,CYTIP,0.99961126
1022,RAB14,0.99935305
1023,PSMA7,0.999884
1024,CMTM3,0.9998496
1025,CASP4,0.9997904
1026,GPBP1L1,0.9996257
1027,LAMB2,0.9998225
1028,RAB7A,0.99904394
1029,EFR3A,0.99991286
1030,TNS3,0.99976444
1031,ACBD3,0.99989986
1032,COPB2,0.9998976
1033,CYBB,0.9992216
1034,PGRMC1,0.9995654
1035,SOX4,0.9998623
1036,SOD3,0.99951774
1037,TRAF4,0.9999498
1038,TRPC4AP,0.999848
1039,SETD5,0.9997565
1040,LBH,0.99994403
1041,UCP2,0.9997158
1042,MPV17,0.99983835
1043,SPRY1,0.99987155
1044,ATP1B1,0.99974567
1045,STUB1,0.9998309
1046,HIST1H1D,0.9995953
1047,SLC35F5,0.9999135
1048,CSF1R,0.9990698
1049,TMEM176B,0.9990266
1050,MYADM,0.9998034
1051,YIPF3,0.9999399
1052,TP53INP1,0.99995434
1053,LRP10,0.9997441
1054,SNTB1,0.99992883
1055,IRF2BP2,0.9998167
1056,EFNA1,0.99994147
1057,SLC20A1,0.99983275
1058,BAG6,0.99993056
1059,CELF2,0.9994634
1060,GAS6,0.99993217
1061,EPS8L2,0.99994546
1062,SMC1A,0.9998997
1063,UBE2V1,0.9998929
1064,HNRNPH3,0.9980238
1065,VAMP3,0.9996966
1066,SEC14L1,0.99983394
1067,PDLIM7,0.9994502
1068,PDIA6,0.99989444
1069,COX6A1,0.9998372
1070,IFT57,0.9998375
1071,GDI1,0.99967635
1072,ITGAX,0.9997765
1073,CASC3,0.999825
1074,CRIP2,0.9998743
1075,LIMCH1,0.99946845
1076,CREBZF,0.99798775
1077,MAF,0.99983835
1078,SELENBP1,0.9999081
1079,HBS1L,0.9986693
1080,SERPINH1,0.99993646
1081,NDUFS5,0.99969465
1082,ATP5MC2,0.999848
1083,TPGS2,0.9998968
1084,HEXA,0.99928874
1085,USP9X,0.9998886
1086,BRD4,0.9984018
1087,EPDR1,0.99986917
1088,DUS1L,0.99995697
1089,NDUFB7,0.9986574
1090,PSMB2,0.99992025
1091,ATP5MG,0.9997112
1092,NECTIN2,0.999952
1093,CD52,0.998837
1094,ZMPSTE24,0.99991095
1095,QKI,0.9996389
1096,MFGE8,0.9997238
1097,TIAL1,0.9991762
1098,ADD1,0.99951947
1099,ETNK1,0.9998808
1100,NPTN,0.9999274
1101,MBTPS1,0.99946326
1102,NDUFV2,0.99955785
1103,AP2A2,0.999827
1104,F11R,0.999921
1105,CYC1,0.99993324
1106,ARRB2,0.99979866
1107,CPNE3,0.9996516
1108,PSMD13,0.9999161
1109,TMEM263,0.99984944
1110,MANF,0.99990606
1111,ARL6IP4,0.999833
1112,ATF6B,0.99914205
1113,UBE2Q1,0.9999237
1114,ELF3,0.9997791
1115,PUM1,0.99991333
1116,ATRAID,0.99990404
1117,GPAA1,0.9998369
1118,SNRNP200,0.99980295
1119,SYAP1,0.9998129
1120,SLC12A7,0.9999267
1121,RAP1A,0.9997967
1122,AUTS2,0.9998767
1123,SEC11C,0.99917376
1124,TNIK,0.99983567
1125,SEC13,0.9998909
1126,TMEM63A,0.9999026
1127,KTN1,0.99987876
1128,CHST11,0.99969214
1129,DNAJC3,0.9998617
1130,COL4A2,0.99964035
1131,WBP1,0.9981648
1132,SH3GLB1,0.9989827
1133,SPATS2L,0.9995738
1134,UQCR10,0.999718
1135,CLSTN1,0.99952334
1136,MPEG1,0.99736726
1137,UXT,0.999461
1138,PNISR,0.99984396
1139,CAND1,0.9998366
1140,LAMA4,0.99990386
1141,NR3C1,0.9997867
1142,FLII,0.99867916
1143,YWHAZ,0.9996583
1144,TSPAN4,0.9998869
1145,M6PR,0.9998307
1146,SPIN1,0.99985236
1147,NUCKS1,0.99709433
1148,RAB1B,0.99989396
1149,CDC42SE2,0.99943316
1150,PFDN2,0.999825
1151,OAZ2,0.9998388
1152,PTPN1,0.99958897
1153,NLRC5,0.998973
1154,IFITM2,0.99965066
1155,N4BP2L2,0.99872607
1156,NPDC1,0.99971914
1157,VKORC1,0.99991834
1158,EHD2,0.9997474
1159,PSMF1,0.99916553
1160,P4HB,0.99995154
1161,MTSS2,0.9999291
1162,TRABD,0.9998991
1163,ABCC3,0.9999323
1164,PRSS8,0.999873
1165,NDUFC2,0.9998587
1166,SPTSSA,0.9999321
1167,ISG20,0.9998957
1168,PKD2,0.9998336
1169,EIF2AK2,0.9998277
1170,MTDH,0.9990674
1171,ECE1,0.9999267
1172,ADK,0.9999194
1173,RBM39,0.9996408
1174,PPP3CB,0.99938166
1175,CD14,0.9995405
1176,DDAH2,0.998635
1177,PIM2,0.99995583
1178,OCIAD2,0.99991876
1179,BTF3L4,0.9998236
1180,SUSD6,0.99982566
1181,CIB1,0.9999031
1182,EIF6,0.99994737
1183,CARHSP1,0.9999156
1184,SEMA3C,0.9998992
1185,EMC7,0.99971884
1186,FUCA1,0.99988616
1187,STK24,0.9998164
1188,METRNL,0.99971753
1189,EIF4A2,0.9992779
1190,STAB1,0.9988052
1191,PCM1,0.9998807
1192,SERINC3,0.99968976
1193,CDC73,0.99954796
1194,PTK7,0.99956715
1195,RNASEK,0.9997982
1196,SRSF5,0.9998706
1197,SHISA5,0.999743
1198,C1orf122,0.9999388
1199,DHRS3,0.99991417
1200,NCOA7,0.99983436
1201,ADIPOR1,0.9996651
1202,MMP14,0.99957883
1203,SBNO2,0.9989669
1204,DLGAP4,0.9997207
1205,ECHS1,0.9998847
1206,EXOC7,0.9998852
1207,ADA2,0.9998852
1208,APOL6,0.9992477
1209,CYB5A,0.9997071
1210,CSF2RA,0.99990475
1211,TAB2,0.99948484
1212,SMAP2,0.99980927
1213,ERLEC1,0.99968815
1214,CREBL2,0.9997646
1215,PARVA,0.99985665
1216,RBM6,0.99964523
1217,TNS2,0.99991417
1218,PODN,0.9999567
1219,NET1,0.9998557
1220,ENY2,0.99990976
1221,EPSTI1,0.9988778
1222,PRDX5,0.99873877
1223,DDR1,0.99989474
1224,ACSL5,0.99988735
1225,ARPP19,0.9995429
1226,TMEM165,0.9998932
1227,CD81,0.99910355
1228,SKIL,0.9996462
1229,PRDM1,0.99963063
1230,BANF1,0.99982166
1231,RAPH1,0.999928
1232,ARPC2,0.9994214
1233,NHP2,0.9997562
1234,ZNF638,0.99895465
1235,POLDIP2,0.99977696
1236,SMURF2,0.9999402
1237,UAP1,0.9996886
1238,NEK7,0.9998127
1239,NUCB2,0.99991333
1240,PSMB5,0.9999542
1241,PXN,0.9997616
1242,SLK,0.9998477
1243,FUS,0.99876106
1244,CREBBP,0.99976933
1245,CLINT1,0.9993286
1246,PRNP,0.9997988
1247,SLC16A3,0.99974597
1248,MYO1C,0.9996832
1249,ETV6,0.9993001
1250,HNRNPUL2,0.9997848
1251,TMEM41B,0.99992037
1252,ADGRE5,0.9993082
1253,NIPSNAP2,0.999924
1254,TCEA3,0.9999243
1255,GLS,0.99982405
1256,EXT1,0.99991465
1257,MLF2,0.999918
1258,TOP1,0.9997282
1259,AKIRIN2,0.99977446
1260,FLOT2,0.999842
1261,RER1,0.9996263
1262,EEF1B2,0.9995615
1263,DOCK1,0.9996913
1264,INPPL1,0.99979323
1265,PBX2,0.9995972
1266,PRMT2,0.99938047
1267,CCND1,0.99952155
1268,LUC7L2,0.9998566
1269,CLPTM1,0.99937856
1270,USP25,0.999873
1271,TRIM44,0.9990972
1272,S100A14,0.9998601
1273,PRDX4,0.99850845
1274,SPTBN1,0.99990594
1275,PLEKHO1,0.9996792
1276,ELOVL5,0.9999094
1277,PRPF40A,0.99986154
1278,PUF60,0.9999496
1279,PYGB,0.99965703
1280,ALOX5,0.9990401
1281,GAA,0.9993063
1282,CGGBP1,0.9995413
1283,ATP5F1B,0.9998137
1284,RAB34,0.9998272
1285,TBCB,0.9992849
1286,SMARCA4,0.9998654
1287,WDR45B,0.9998272
1288,CHURC1,0.9997075
1289,MEGF6,0.9926208
1290,TMCO1,0.99991846
1291,LMO3,0.99863195
1292,CHTOP,0.9999078
1293,MGAT4B,0.99988997
1294,KLHL5,0.9995688
1295,LIMA1,0.9995471
1296,DIAPH1,0.9998461
1297,RAB5B,0.9993469
1298,IKZF1,0.9998789
1299,CYBC1,0.99946296
1300,EGFR,0.9996559
1301,EIF2AK1,0.9998598
1302,EPS15,0.9996017
1303,SPG7,0.99988306
1304,CELF1,0.9998559
1305,UBE2B,0.9994081
1306,NDUFS2,0.99989545
1307,FSTL1,0.99980336
1308,NDUFB8,0.9997447
1309,CADPS2,0.9999112
1310,CYTH1,0.9995095
1311,NDUFAB1,0.99992496
1312,MLEC,0.9999536
1313,IMPAD1,0.99992573
1314,CNPY3,0.99965894
1315,ZMYM2,0.99973714
1316,BTBD9,0.99989873
1317,HCFC1R1,0.9998652
1318,MMP19,0.99964315
1319,C16orf58,0.99993336
1320,PSMC3,0.9998844
1321,CLK1,0.9998231
1322,HEXB,0.99969083
1323,PHC2,0.9998828
1324,ANAPC5,0.99965906
1325,PRPF6,0.9999081
1326,ASAH1,0.99976385
1327,C2,0.99980754
1328,SRI,0.9998396
1329,AKAP9,0.99973404
1330,COA3,0.99992955
1331,CXCL17,0.9998255
1332,ALCAM,0.9996479
1333,ELOVL1,0.99987096
1334,CORO1B,0.99977493
1335,SCD,0.99933255
1336,PPP4R3B,0.9998938
1337,CUX1,0.99951124
1338,FNBP1,0.9998329
1339,TIMP3,0.9959612
1340,WDR13,0.9998473
1341,ZCRB1,0.99981153
1342,ITGAV,0.9997792
1343,MAFK,0.99985915
1344,PAPSS2,0.99983186
1345,PPP4R1,0.9998994
1346,CDK16,0.9999426
1347,MAPK1,0.9998347
1348,MAGT1,0.99994785
1349,BNIP2,0.9998614
1350,PMPCB,0.9999215
1351,ZFP91,0.999767
1352,PPP1R12A,0.99968874
1353,UBAP2L,0.9997937
1354,GGA2,0.9996454
1355,TMX2,0.99952585
1356,DYM,0.99973214
1357,LIX1L,0.99978197
1358,PEBP1,0.9998523
1359,GAK,0.9991191
1360,CBX3,0.9999622
1361,WASF2,0.9997277
1362,OAS2,0.9994625
1363,SLAIN2,0.9996443
1364,LCOR,0.9998043
1365,NUTF2,0.99987906
1366,FAM3C,0.9996549
1367,API5,0.9998013
1368,IRF9,0.99990207
1369,DCAF7,0.9996579
1370,ARL4C,0.9990796
1371,ATP11B,0.9990112
1372,TBC1D2B,0.99954355
1373,GNB1,0.9996966
1374,TALDO1,0.9999474
1375,MXRA8,0.9984835
1376,MAST4,0.9998404
1377,MIA3,0.9996362
1378,SEL1L,0.9987742
1379,BACH1,0.99856865
1380,FAM126A,0.9998292
1381,LRIG1,0.9998814
1382,SF3B5,0.9996648
1383,CDC42EP3,0.99991405
1384,CD53,0.9984447
1385,STAT3,0.9998334
1386,AGTRAP,0.9999031
1387,NEDD9,0.99924994
1388,ACTG2,0.9998704
1389,PPP1R10,0.99943143
1390,NDUFS4,0.9998825
1391,AIP,0.9995607
1392,CCSER2,0.999749
1393,FOSB,0.99960244
1394,RAB6A,0.9998973
1395,TRAPPC5,0.9996659
1396,COX6C,0.9999288
1397,PPP1R7,0.99987185
1398,UBR2,0.9994583
1399,MORF4L1,0.99294966
1400,UBE2J1,0.9996743
1401,ID2,0.99991924
1402,KLF9,0.99992454
1403,OXA1L,0.9994322
1404,ARHGDIA,0.99860847
1405,NCKAP1,0.99947625
1406,APH1A,0.9999483
1407,COA4,0.9998471
1408,ACTR1B,0.99941796
1409,RBPMS,0.99988
1410,ARL6IP5,0.99916947
1411,SLPI,0.99983275
1412,CCL2,0.999798
1413,SEC61A1,0.999728
1414,SUN2,0.99982053
1415,RNF187,0.9997877
1416,EFHD2,0.9990886
1417,AP1B1,0.9991274
1418,ZRANB2,0.9995793
1419,CLDN7,0.99993545
1420,PCGF2,0.9999447
1421,ATF7IP,0.9996746
1422,PSMC5,0.9997948
1423,UQCRC1,0.99979705
1424,PTOV1,0.9996637
1425,PUM2,0.99977523
1426,PRKDC,0.9999448
1427,SLC39A7,0.9998636
1428,IFNGR1,0.99967843
1429,PPP6R3,0.9998453
1430,BUD31,0.9996883
1431,USP34,0.9984662
1432,CDC16,0.99932194
1433,YKT6,0.9999479
1434,KMT2E,0.9987564
1435,GEM,0.9998779
1436,SARAF,0.99969757
1437,CBFB,0.99911606
1438,STARD3,0.9998411
1439,VPS13B,0.9998027
1440,CPQ,0.99931556
1441,OSBPL9,0.99968946
1442,MDFIC,0.999678
1443,CRIM1,0.99985534
1444,MAPK3,0.9997689
1445,INTS11,0.99976426
1446,NCSTN,0.99990904
1447,PPP3R1,0.99955785
1448,QARS,0.9995861
1449,AHCYL1,0.9999315
1450,SLC1A5,0.99991095
1451,STX12,0.9996835
1452,FAM214A,0.99904376
1453,H1F0,0.9992689
1454,CCL19,0.9992587
1455,DNAJA2,0.999911
1456,NAMPT,0.9995003
1457,TIA1,0.9998206
1458,RSRC2,0.99976605
1459,CFAP298,0.99975616
1460,MID1IP1,0.9997835
1461,MAX,0.99976873
1462,VAMP5,0.999695
1463,TTC37,0.9998601
1464,APMAP,0.9997814
1465,DIDO1,0.9934231
1466,WIPI2,0.9999344
1467,DCTN2,0.9988748
1468,PPP1R9B,0.9994367
1469,SH3PXD2A,0.9996812
1470,PLEKHA5,0.9998869
1471,KXD1,0.9996246
1472,SCAMP2,0.9998868
1473,MOV10,0.9998587
1474,ABHD2,0.9996594
1475,RHOT2,0.9998363
1476,RTF2,0.99983996
1477,TXNDC15,0.9993905
1478,METTL7A,0.99982345
1479,TREM1,0.999755
1480,NAPA,0.9996203
1481,SCAF11,0.9995988
1482,BAZ1B,0.9997269
1483,UBE2R2,0.999385
1484,NUFIP2,0.99987143
1485,TMEM33,0.9999
1486,CPE,0.99921274
1487,EMILIN1,0.9990934
1488,AHSA1,0.9998989
1489,RNF181,0.9999237
1490,TPD52L2,0.99985313
1491,TMUB2,0.9996751
1492,F13A1,0.99995327
1493,NFIC,0.9998231
1494,ITGB1,0.99946964
1495,SEPTIN11,0.9998869
1496,NRBP1,0.9997004
1497,ZNF703,0.999599
1498,SERINC5,0.99994785
1499,TM9SF2,0.9999126
1500,DUSP23,0.99993336
1501,ELK4,0.997575
1502,NFAT5,0.99984086
1503,TRIB1,0.9997541
1504,CYTH2,0.99990785
1505,EIF1,0.9996762
1506,NDUFAF3,0.99932796
1507,C1orf116,0.9999253
1508,KDM2A,0.99982893
1509,OCIAD1,0.9995931
1510,PRKAB1,0.99990165
1511,HIGD2A,0.9993006
1512,NUMB,0.99884653
1513,AUP1,0.9998913
1514,DDAH1,0.99985105
1515,AEBP2,0.99958104
1516,LEMD2,0.9998201
1517,ARL2,0.99893
1518,LONP2,0.9997926
1519,APOL2,0.999755
1520,SERINC2,0.99990904
1521,CDK9,0.9998118
1522,SMAD3,0.99967897
1523,MORC3,0.9997643
1524,TUT7,0.99987954
1525,MTA1,0.9993412
1526,LDHB,0.99969864
1527,TRIM38,0.9993814
1528,SYNPO,0.9997021
1529,COX7A2L,0.9993507
1530,TMEM245,0.99918824
1531,PHKB,0.9999092
1532,MARK2,0.99989015
1533,FBN1,0.99996316
1534,RAB10,0.9997883
1535,RRAS,0.99987155
1536,ARHGEF2,0.9997814
1537,VCL,0.99967146
1538,ZNRF2,0.99819154
1539,SMARCA2,0.99989986
1540,SON,0.9996951
1541,OSBPL8,0.9997198
1542,SLTM,0.999722
1543,HDAC7,0.99990666
1544,PDCD6,0.99994814
1545,PDCD6IP,0.9995182
1546,RNPS1,0.9998962
1547,XAF1,0.99959743
1548,HCLS1,0.99960536
1549,ABCC1,0.9998687
1550,ORMDL3,0.99995387
1551,PTK2,0.9994632
1552,DDX42,0.99969405
1553,CNOT6L,0.9998619
1554,B4GALT5,0.9997977
1555,IKBKB,0.9994876
1556,TNFRSF14,0.99989796
1557,PBXIP1,0.9998415
1558,BCAP31,0.9999294
1559,PGD,0.9998125
1560,PHLDB1,0.99984777
1561,SEC22B,0.9997962
1562,UBE3C,0.9996155
1563,NDUFAF8,0.9998473
1564,PTPRK,0.99987096
1565,TMED2,0.99980175
1566,ATP1A1,0.99995387
1567,MEA1,0.9997487
1568,TRAP1,0.9999403
1569,SLC5A3,0.99978954
1570,RABGGTB,0.99987537
1571,WDR82,0.9996691
1572,SYVN1,0.99984944
1573,ALDH3A2,0.99984056
1574,AGPAT1,0.9997977
1575,BEX3,0.9996583
1576,PLSCR1,0.99967784
1577,MCRIP1,0.9999031
1578,DDX17,0.9985531
1579,PARM1,0.9998905
1580,UHMK1,0.99991083
1581,MAPK13,0.9998792
1582,DNAJC7,0.9998745
1583,FAM193B,0.99899656
1584,ADD3,0.9998394
1585,ITFG1,0.9999443
1586,EP300,0.99960387
1587,ARF6,0.9995818
1588,DCTD,0.99988794
1589,AP1G2,0.9999339
1590,CSTB,0.9989711
1591,GRB2,0.99961823
1592,ARIH1,0.99952096
1593,EHD1,0.99972516
1594,RNF19A,0.9997733
1595,BPTF,0.99988335
1596,SEM1,0.9996188
1597,WASHC4,0.99951804
1598,AKIRIN1,0.99971753
1599,TNKS2,0.9997617
1600,PCBD1,0.99993074
1601,SUGP2,0.99849445
1602,CPD,0.99993694
1603,RNF11,0.99972045
1604,NDUFA3,0.9990697
1605,DVL3,0.9997463
1606,TRIM27,0.9999007
1607,DNAJC21,0.9999088
1608,LMBRD1,0.99934053
1609,RHOT1,0.99983674
1610,PDIA4,0.99979794
1611,HMGN3,0.99980336
1612,PRPF3,0.9998058
1613,MLX,0.99988955
1614,CLIC6,0.99988306
1615,SURF4,0.9999014
1616,HERPUD2,0.99980414
1617,BSCL2,0.9998541
1618,ROCK1,0.99961156
1619,NCBP2,0.99939376
1620,NCOR1,0.9996824
1621,WFDC2,0.9996749
1622,RAB8A,0.99946547
1623,NRDC,0.9994049
1624,IRF3,0.9973602
1625,FBXW2,0.9998781
1626,CREM,0.9996564
1627,GPSM3,0.999526
1628,KHNYN,0.99957037
1629,MACC1,0.9997884
1630,HSPG2,0.9997865
1631,BET1L,0.9994791
1632,RNF19B,0.9996045
1633,ANKRD13A,0.9997698
1634,PPP3CA,0.99982536
1635,ITPKC,0.99986994
1636,PLEKHB2,0.99989223
1637,CDKN1A,0.9998913
1638,PNRC2,0.99939716
1639,LAP3,0.99978936
1640,NME4,0.9998463
1641,PRPF4B,0.99975693
1642,KIAA1522,0.9999005
1643,PPP1R15B,0.9992649
1644,BAG1,0.9999094
1645,SDCBP,0.9998683
1646,IQGAP1,0.9997366
1647,CWC15,0.99988544
1648,SORBS1,0.9996397
1649,ID1,0.99990004
1650,TIMP2,0.99959123
1651,MGAT4A,0.9996996
1652,DERL1,0.99982774
1653,ATF2,0.99979067
1654,SLC50A1,0.9996973
1655,ENSA,0.9997071
1656,LSM4,0.99978894
1657,RAPGEF1,0.99969137
1658,ALKBH5,0.9988451
1659,PDHA1,0.9996387
1660,CCM2,0.9996871
1661,GGCT,0.99976206
1662,VPS25,0.99979126
1663,DPY30,0.9998948
1664,IFNAR2,0.9998482
1665,IL13RA1,0.9994925
1666,SYMPK,0.9997004
1667,ATP6V1B2,0.99965936
1668,SPNS1,0.9999398
1669,HDGF,0.9999255
1670,BCL6,0.99910897
1671,RGS10,0.9996498
1672,INF2,0.9997082
1673,SLC44A1,0.999883
1674,MAP2K2,0.999761
1675,ABI3BP,0.99940807
1676,SAP18,0.9997927
1677,MGAT1,0.9996023
1678,MAP7D1,0.99980533
1679,COX4I1,0.9997495
1680,LRP5,0.9998679
1681,DUSP3,0.9996894
1682,SHARPIN,0.9999223
1683,RAC2,0.9980669
1684,CAT,0.999822
1685,PNN,0.99974716
1686,CALCOCO1,0.9994086
1687,EMC2,0.99934447
1688,ZBTB7A,0.9997633
1689,ALDH1A1,0.9998983
1690,HSF1,0.9997818
1691,TERF2IP,0.9988478
1692,SIGIRR,0.9997667
1693,SPON2,0.99990475
1694,ABCA1,0.99984205
1695,SMS,0.99955434
1696,DARS,0.9984822
1697,SRPRA,0.99970376
1698,TNRC18,0.99988973
1699,POGZ,0.99892634
1700,SMARCC1,0.99785596
1701,RASSF3,0.9986874
1702,ADSS,0.9997943
1703,TXNDC17,0.99989814
1704,SMAD2,0.999601
1705,PSMC2,0.9997858
1706,DMTF1,0.9997423
1707,SCPEP1,0.999739
1708,TSPAN13,0.9998865
1709,TNFSF13,0.9998663
1710,SLC15A3,0.9998444
1711,THRAP3,0.9995764
1712,BTN3A1,0.99981403
1713,SUZ12,0.9999115
1714,ZBTB20,0.9996805
1715,HNRNPC,0.99947625
1716,DHX9,0.9998783
1717,IRF1,0.99939585
1718,FAM111A,0.9996953
1719,ATP5F1D,0.9997369
1720,PLD3,0.99953663
1721,TENT4A,0.99978226
1722,KIAA1217,0.999876
1723,SYNRG,0.99974144
1724,ARL1,0.999901
1725,STX7,0.99918044
1726,CLDN3,0.9989351
1727,DCTN1,0.99951136
1728,ST6GALNAC6,0.99979985
1729,SIN3B,0.9995886
1730,USF1,0.99949443
1731,CASK,0.9993242
1732,SELENON,0.9998638
1733,ZMAT2,0.999946
1734,SNF8,0.9998538
1735,RAI14,0.9998194
1736,EI24,0.9997891
1737,FMO2,0.99988145
1738,ZBTB16,0.9991744
1739,MUC20,0.99994165
1740,NAA38,0.9997889
1741,FLOT1,0.9998318
1742,SH3BP5,0.9998151
1743,PPM1B,0.99905014
1744,THEMIS2,0.9998659
1745,TXNL4A,0.9991183
1746,EHMT1,0.9997301
1747,ATP9A,0.9998535
1748,ANKLE2,0.9993919
1749,HK1,0.9998724
1750,YWHAG,0.99986714
1751,ELAVL1,0.999753
1752,DSP,0.9999274
1753,TRADD,0.99988604
1754,DNAJA4,0.9998701
1755,EIF4E3,0.9997646
1756,ESD,0.9997977
1757,DDT,0.9997406
1758,CUEDC1,0.99985665
1759,EWSR1,0.99975216
1760,CPSF7,0.9994217
1761,NEDD4L,0.99931985
1762,IL2RG,0.99988
1763,PML,0.99978197
1764,KIF1B,0.9998962
1765,VPS4A,0.9998434
1766,MAN1A1,0.9998686
1767,ELF1,0.9996892
1768,SMIM15,0.9999037
1769,TOMM20,0.9996626
1770,TMEM50B,0.999911
1771,RAB18,0.9996071
1772,CNPY2,0.99989194
1773,UBE2Z,0.99907506
1774,DTX3L,0.999807
1775,SMCHD1,0.9999054
1776,TSTA3,0.99994504
1777,POR,0.99987715
1778,TMEM179B,0.999899
1779,DDX46,0.9997212
1780,OCLN,0.9996271
1781,SUSD2,0.9997889
1782,FBXW7,0.9998708
1783,AP3D1,0.99982977
1784,IQSEC1,0.99991465
1785,STAU2,0.999375
1786,IFI16,0.9991852
1787,CUL1,0.9997929
1788,SH3GLB2,0.9998683
1789,PYURF,0.9998255
1790,VWA1,0.99992245
1791,EIF4A3,0.9998519
1792,POLR2A,0.9957388
1793,ZNF217,0.99987304
1794,GSDMD,0.9996333
1795,MLPH,0.999879
1796,DNAJB11,0.9998828
1797,COTL1,0.99913615
1798,SMDT1,0.9997387
1799,CYB5R1,0.999853
1800,ZNF609,0.9997572
1801,CHMP1B,0.9998549
1802,DYNC1I2,0.9998539
1803,SQOR,0.9995152
1804,VPS41,0.99986964
1805,CLDND1,0.999883
1806,PLAUR,0.99971807
1807,SNRNP70,0.9999107
1808,CDH1,0.9998533
1809,PPIA,0.99993217
1810,STK17A,0.99990433
1811,LGALS9,0.9995457
1812,SFTA3,0.99981606
1813,LPGAT1,0.9998101
1814,DDX6,0.9995222
1815,FOSL2,0.99923056
1816,PPP1R15A,0.9997109
1817,OLR1,0.99951875
1818,DOCK4,0.9998913
1819,KLHDC2,0.9997349
1820,MAL2,0.99951303
1821,FARP1,0.99960244
1822,BTBD2,0.9996684
1823,TRIOBP,0.9997339
1824,DECR1,0.99989575
1825,VPS36,0.99958104
1826,SLC25A6,0.99941957
1827,CFB,0.99994487
1828,APOD,0.99971265
1829,USP48,0.9995594
1830,ASPH,0.99950397
1831,VPS45,0.9998034
1832,ATP6V0C,0.9996567
1833,PHF10,0.999668
1834,UBR5,0.9995058
1835,COL8A1,0.99991524
1836,DEGS1,0.99979323
1837,ATP13A4,0.9999016
1838,EPN1,0.9995476
1839,HADHA,0.9997017
1840,CD2,0.9994814
1841,ATP5ME,0.9991711
1842,MXD4,0.9994459
1843,UPP1,0.99991286
1844,LACTB2,0.99991196
1845,ANKRD17,0.9988986
1846,HIPK2,0.9998374
1847,ARHGAP12,0.9998695
1848,CD276,0.9993513
1849,ITPR3,0.999926
1850,TMOD3,0.99978197
1851,MCRS1,0.9997225
1852,MBNL2,0.9997469
1853,VEZT,0.99993646
1854,USO1,0.999914
1855,PABPC1L,0.9998849
1856,RRAD,0.99983424
1857,MTG1,0.9989859
1858,YIF1A,0.9995106
1859,ITGA3,0.9999344
1860,PALM2-AKAP2,0.9995626
1861,MEF2D,0.999698
1862,SIVA1,0.9986774
1863,TRIM2,0.99973106
1864,DAG1,0.9999239
1865,ASAP1,0.99944496
1866,DOCK9,0.9998112
1867,TRAPPC9,0.9998639
1868,ERBB2,0.999845
1869,POLR2I,0.9993717
1870,HIST1H1B,0.9994944
1871,GFPT1,0.99970734
1872,TMED10,0.99953955
1873,DDB1,0.99986964
1874,FOXO3,0.99986494
1875,MED8,0.99991435
1876,CNTRL,0.99959123
1877,YTHDC1,0.99873304
1878,GOSR2,0.9992775
1879,CCDC92,0.99988526
1880,CFH,0.9995335
1881,PITRM1,0.9998776
1882,BAZ2B,0.9997984
1883,CKB,0.99980766
1884,SLMAP,0.99984753
1885,SPSB3,0.99971044
1886,TPD52,0.9999529
1887,LSR,0.9999536
1888,IFI35,0.9998924
1889,SYNPO2,0.99983484
1890,ID4,0.99992657
1891,TRMT112,0.9997303
1892,RARA,0.9990905
1893,DYRK1A,0.9996414
1894,EGFL7,0.99984884
1895,RAB12,0.99778616
1896,DDRGK1,0.9994351
1897,PTMS,0.99965036
1898,DDX24,0.9994957
1899,COLGALT1,0.99971086
1900,TCERG1,0.9986843
1901,ATP6V0B,0.99980956
1902,CHMP2A,0.99990606
1903,PATJ,0.9999339
1904,EIF4E2,0.9998106
1905,ESYT1,0.9992897
1906,IGFBP2,0.9998582
1907,TMBIM4,0.99959755
1908,DHRS7,0.99988997
1909,MICALL2,0.9998948
1910,PPP2R5A,0.9998986
1911,NISCH,0.9990576
1912,SVIL,0.9998142
1913,SET,0.99885005
1914,SERPINB9,0.9999291
1915,FOXP1,0.9988613
1916,LRPPRC,0.99951446
1917,SORBS3,0.9998127
1918,ORMDL1,0.9975115
1919,RASSF4,0.9998369
1920,BCL3,0.9997648
1921,NAXE,0.9999267
1922,NAGK,0.9997708
1923,BRD7,0.99980277
1924,CABIN1,0.9993909
1925,COLEC12,0.998837
1926,NAP1L4,0.99958104
1927,KDM5B,0.99985725
1928,SUMO2,0.9993416
1929,SETD3,0.9993971
1930,LRP11,0.9999186
1931,VPS13C,0.99981534
1932,TMEM134,0.99987507
1933,RUFY1,0.99981356
1934,CLCC1,0.9996023
1935,RHBDD2,0.9996847
1936,STAG1,0.9996973
1937,SUN1,0.9998292
1938,NR1H2,0.99981654
1939,ARPC4,0.9996681
1940,ETFB,0.9998827
1941,ARHGAP1,0.99983996
1942,BIRC6,0.9994596
1943,ORMDL2,0.9998986
1944,GPR183,0.99562824
1945,CGN,0.99982244
1946,ZDHHC16,0.99985397
1947,SP3,0.9994446
1948,SAFB,0.9996622
1949,SLC11A1,0.99972075
1950,QSOX1,0.9997629
1951,PDE5A,0.9999396
1952,USP15,0.99916637
1953,ST14,0.9999297
1954,BROX,0.999897
1955,NUDT3,0.99976885
1956,PGLS,0.9997841
1957,NT5C2,0.9995716
1958,PLPP1,0.9997531
1959,LTBP1,0.99943334
1960,VARS,0.9999115
1961,MOCS2,0.99974376
1962,ARRB1,0.9998869
1963,SDF2L1,0.9999288
1964,SLA,0.99916536
1965,TPR,0.99973613
1966,AZIN1,0.99980813
1967,HOOK3,0.9998094
1968,SLFN5,0.996109
1969,DAB2,0.99988747
1970,MFF,0.99937135
1971,MYC,0.99992573
1972,VKORC1L1,0.99989593
1973,SRP9,0.9998908
1974,ZDHHC9,0.99995536
1975,MAPRE2,0.99690056
1976,SNX14,0.99958915
1977,MARCH5,0.99988127
1978,POLD4,0.99982274
1979,RNF115,0.999709
1980,SFTA2,0.99924946
1981,CTBP2,0.999901
1982,WDR60,0.99992037
1983,LAMB1,0.9999148
1984,SEC24C,0.99985725
1985,EVI2B,0.9991625
1986,CUL4B,0.9997128
1987,ALOX5AP,0.99969673
1988,USP32,0.9998047
1989,UBA7,0.99980086
1990,TAF7,0.99942476
1991,UGDH,0.9998577
1992,RIN2,0.99914515
1993,BCL2L13,0.99983186
1994,FAM50A,0.9997779
1995,CCT6A,0.99976903
1996,BRD1,0.9997552
1997,MSI2,0.9998779
1998,KIF13A,0.9998606
1999,SCYL1,0.99993783
2000,LRBA,0.99989384
2001,MDM2,0.99839354
2002,NSMCE1,0.99993265
2003,GTF2I,0.99982613
2004,TOX4,0.99983466
2005,TIMM13,0.9996923
2006,RESF1,0.9998361
2007,CCDC85B,0.9996933
2008,TNFRSF21,0.99925804
2009,PER3,0.9998167
2010,RPN2,0.99986696
2011,NDUFB5,0.99983567
2012,CYB561,0.9997238
2013,COMT,0.9985198
2014,UBR4,0.9989664
2015,CRYAB,0.99971664
2016,PPIC,0.9999105
2017,CYFIP1,0.9997195
2018,KMT5B,0.99975604
2019,VDAC3,0.99954873
2020,LARP4,0.99972373
2021,SEC63,0.99952614
2022,RBM47,0.9997978
2023,SPSB1,0.999805
2024,KIAA0319L,0.99979365
2025,UXS1,0.99991786
2026,TMED3,0.9997423
2027,ZNF146,0.99984455
2028,EPRS,0.9998552
2029,LIN7C,0.99975175
2030,TMEM8A,0.99972475
2031,SELENOS,0.9998395
2032,CREBRF,0.9994561
2033,ST3GAL5,0.9998625
2034,TCEAL8,0.99973094
2035,PPP6R1,0.99974525
2036,ECPAS,0.999389
2037,NEDD8,0.9997045
2038,FAM102A,0.99891555
2039,UBP1,0.99972713
2040,MYO1B,0.999874
2041,CHST12,0.9998358
2042,NBEAL2,0.9996341
2043,EFEMP1,0.9998463
2044,AGFG1,0.99977875
2045,SCNN1A,0.9998517
2046,SCO2,0.9999239
2047,DCAF12,0.9999054
2048,SRSF3,0.99905425
2049,CDK4,0.9995348
2050,PRRC2B,0.9996381
2051,CNDP2,0.99933606
2052,CRTC2,0.9991466
2053,NXF1,0.9991708
2054,CDIPT,0.99992216
2055,PURB,0.99977493
2056,TMF1,0.99944067
2057,TANC2,0.9998495
2058,ELMSAN1,0.9995818
2059,BABAM1,0.99844646
2060,MALSU1,0.9999191
2061,RGL2,0.99986684
2062,RAD23B,0.9993251
2063,NPEPL1,0.9997839
2064,RPN1,0.99940443
2065,NRBP2,0.9993622
2066,NBR1,0.999766
2067,TRIQK,0.9999439
2068,MYO15B,0.9996994
2069,HES1,0.99973136
2070,PPP1R11,0.99977237
2071,ZBTB18,0.9998638
2072,SLC30A9,0.99966383
2073,MAPK8IP3,0.9998843
2074,SSRP1,0.9998789
2075,NFKB2,0.99994004
2076,SNX6,0.9997341
2077,NFATC3,0.9996835
2078,DLC1,0.9991213
2079,UBE2G2,0.9995902
2080,MICU1,0.99985707
2081,ZFC3H1,0.99943876
2082,ATF4,0.9985221
2083,LARP4B,0.9998108
2084,MOGS,0.998915
2085,LCP2,0.997896
2086,GRSF1,0.99976444
2087,FXYD6,0.99983054
2088,USP3,0.9994113
2089,MRC2,0.99994975
2090,ARAF,0.9998428
2091,SLC8A1,0.9998914
2092,CHD3,0.9997722
2093,BRD9,0.99986684
2094,ATP5IF1,0.9997514
2095,PGRMC2,0.99942845
2096,DNAJB9,0.9986025
2097,EPB41L2,0.99983203
2098,TNK2,0.99983674
2099,CHPF,0.9997872
2100,MKNK2,0.9998065
2101,PAFAH1B2,0.9998168
2102,PPP2R5C,0.99959576
2103,ATP6V1G1,0.9997505
2104,UQCC2,0.99982417
2105,PA2G4,0.9998706
2106,TSC22D1,0.99979466
2107,DRAM2,0.99971646
2108,SF3B3,0.99957514
2109,POGK,0.99993354
2110,MAP3K2,0.9990532
2111,HSPA5,0.9998871
2112,INPP5B,0.99980223
2113,DUSP16,0.99981135
2114,ANKRD13D,0.9995713
2115,SNX2,0.99872905
2116,SRM,0.99958086
2117,ACTR3,0.99976444
2118,PRKG1,0.9995861
2119,ATP11A,0.99882495
2120,STK39,0.9998234
2121,PSMD7,0.9999366
2122,ERN1,0.9999216
2123,GATAD2B,0.99926376
2124,KCTD20,0.9993104
2125,ERP44,0.9986092
2126,UBE2E3,0.9986162
2127,STK4,0.9995719
2128,DGUOK,0.9997159
2129,KIDINS220,0.9996063
2130,NAA60,0.999879
2131,RETREG3,0.9998164
2132,CNOT2,0.9990395
2133,TRAK1,0.99983704
2134,CUL3,0.9993572
2135,PDK4,0.9986132
2136,ATXN7L3B,0.999893
2137,PDE4D,0.9998654
2138,SMARCD2,0.99916184
2139,PPFIBP1,0.9997155
2140,P4HA2,0.9996966
2141,ARPIN,0.9997505
2142,BAZ2A,0.9997072
2143,CHIT1,0.9985647
2144,PGAP3,0.9999153
2145,TOR1AIP1,0.9992264
2146,XRN2,0.99947727
2147,CNOT11,0.9997557
2148,AKAP17A,0.9992822
2149,GRASP,0.99987763
2150,POLR1D,0.99967563
2151,EPS8,0.9994205
2152,WWC3,0.9997069
2153,EMG1,0.9994825
2154,GTPBP6,0.999448
2155,LGALS8,0.999877
2156,ARID1A,0.99979305
2157,NTN4,0.9994894
2158,ITPR2,0.999708
2159,ACP5,0.99975073
2160,PRXL2A,0.9998373
2161,FAM13A,0.99956834
2162,PTP4A3,0.9993928
2163,DESI2,0.9999026
2164,WDFY1,0.99979603
2165,HMG20B,0.9995573
2166,SNX10,0.9998455
2167,ALDH9A1,0.9998311
2168,NLK,0.9985881
2169,CANT1,0.99991405
2170,MRFAP1L1,0.99943477
2171,NFX1,0.9994733
2172,SPOP,0.99868643
2173,SPINK1,0.99904394
2174,PPM1A,0.99975526
2175,MAP2K3,0.99984443
2176,CTSL,0.9996182
2177,LRRN4,0.999822
2178,TASOR,0.99945086
2179,COMMD6,0.99981487
2180,CMTM6,0.9997492
2181,SHOC2,0.9998032
2182,ARFGAP3,0.9993205
2183,COX8A,0.9993989
2184,STX3,0.99960345
2185,ATXN1,0.9993437
2186,AKAP1,0.99985445
2187,SEPHS2,0.99994487
2188,USP22,0.9996788
2189,RIN3,0.9995018
2190,EXOC4,0.99836016
2191,SESN3,0.99981487
2192,COG4,0.99989367
2193,MSRB2,0.99985474
2194,GDE1,0.9974512
2195,RALGAPB,0.9995003
2196,ACTR10,0.9997773
2197,TMBIM1,0.99972475
2198,SLC25A16,0.9999136
2199,NUP58,0.99978113
2200,NKD2,0.9999417
2201,DHCR24,0.99994695
2202,ZNF358,0.99988747
2203,CPEB4,0.9995066
2204,HAUS4,0.99992245
2205,STXBP2,0.99962044
2206,DCXR,0.999918
2207,NMT1,0.99984473
2208,SUPT6H,0.9991852
2209,PLPP5,0.99984854
2210,GM2A,0.99983585
2211,SLC12A4,0.9997681
2212,RAB5IF,0.9998263
2213,LHFPL2,0.9997776
2214,DUSP22,0.99986696
2215,ACAA1,0.9996126
2216,SDC3,0.9998039
2217,CRY2,0.9995521
2218,PITPNB,0.9997934
2219,OSBPL2,0.9998956
2220,STK25,0.99856377
2221,NID1,0.9997446
2222,OSBP,0.99976283
2223,DEDD,0.9998296
2224,NSA2,0.9996325
2225,WWP2,0.99986917
2226,MAPK14,0.9998452
2227,ARPC5L,0.9996311
2228,FIS1,0.99976766
2229,TSR3,0.999849
2230,GADD45GIP1,0.9998153
2231,WDR6,0.9998147
2232,FAM91A1,0.9998897
2233,NUS1,0.999811
2234,CDC42BPA,0.999767
2235,PHC3,0.999845
2236,AP3B1,0.99977505
2237,COPRS,0.99963266
2238,LTBR,0.99979764
2239,PAGR1,0.99970835
2240,LMO4,0.99988854
2241,E2F4,0.9998102
2242,PSENEN,0.9997002
2243,DNAJC8,0.99933064
2244,ZC3H15,0.9997379
2245,XRN1,0.99865377
2246,ARID4B,0.99954426
2247,TMEM123,0.99974996
2248,ZBTB44,0.9994477
2249,FAS,0.9995559
2250,CLSTN3,0.99975747
2251,NR1D2,0.99739325
2252,DNAJC4,0.9995262
2253,KMT2D,0.9997676
2254,PEAK1,0.9998504
2255,ACAP3,0.99976796
2256,MGST1,0.9999326
2257,UBXN1,0.9996885
2258,SLC4A2,0.99983966
2259,TASOR2,0.9994863
2260,SRP68,0.9994298
2261,FASN,0.9999515
2262,GABARAPL2,0.9996072
2263,MYO9B,0.9993594
2264,CAMSAP2,0.999688
2265,GUCY1A1,0.99944556
2266,VAMP2,0.9998642
2267,SNRPB,0.99975234
2268,MED15,0.9992424
2269,CCNY,0.9964843
2270,TM9SF1,0.9998991
2271,ERI3,0.99990416
2272,VPS35L,0.9998781
2273,NINJ1,0.99975204
2274,NF1,0.99984914
2275,SNX25,0.9990977
2276,H2AFJ,0.9998765
2277,MARCH6,0.9996354
2278,PARP4,0.9996213
2279,RB1CC1,0.99938726
2280,WDTC1,0.9997347
2281,RAB35,0.99956495
2282,PI4KB,0.99980384
2283,AATF,0.9998444
2284,MCMBP,0.999544
2285,KHDC4,0.9998123
2286,SS18,0.99964637
2287,SLC25A36,0.99938726
2288,AAMP,0.99982375
2289,PHF20L1,0.9992169
2290,NCF2,0.9998089
2291,ADGRG1,0.99976337
2292,ITGB5,0.9992812
2293,SLC30A1,0.99981374
2294,TRAFD1,0.9999091
2295,LRP6,0.99979687
2296,NMRAL1,0.9999157
2297,RNF114,0.999473
2298,ZNRF1,0.999904
2299,CAMK2D,0.99983966
2300,PLN,0.99902695
2301,FASTK,0.99983275
2302,GRAMD1A,0.9994752
2303,DDX60L,0.99974096
2304,CTBS,0.9995917
2305,ILF2,0.9999347
2306,KPNA1,0.99969864
2307,RCN1,0.99989367
2308,PPP6C,0.999534
2309,GPS1,0.9998864
2310,ERLIN2,0.9996632
2311,EVI5,0.999745
2312,ABRACL,0.9996365
2313,TRIO,0.9996578
2314,ERGIC2,0.99981403
2315,ACTR1A,0.9997446
2316,RUFY3,0.9993475
2317,SNRPD2,0.99926245
2318,GTF3A,0.99952996
2319,AKAP11,0.9993831
2320,NDUFB11,0.999835
2321,ABL1,0.9997057
2322,SUDS3,0.9999019
2323,NSF,0.9997674
2324,FNIP1,0.9995519
2325,CCL18,0.99969685
2326,SNRPC,0.99990845
2327,SLC6A6,0.9996048
2328,BTBD1,0.99970883
2329,SSU72,0.9998075
2330,SZRD1,0.9996969
2331,MCUR1,0.9997158
2332,TTYH3,0.9997715
2333,TMEM184B,0.9996632
2334,ARMH3,0.9998352
2335,SMTN,0.9998852
2336,TXNRD1,0.9997817
2337,HGS,0.99983567
2338,GLO1,0.9998108
2339,MEF2A,0.99911815
2340,CSRNP1,0.9994152
2341,NSUN2,0.99986184
2342,NELFCD,0.9998455
2343,PPP1R12C,0.999715
2344,FAM89B,0.99994004
2345,CAMK2G,0.9998255
2346,PRR14,0.9997587
2347,SDCCAG8,0.99939585
2348,NDUFC1,0.99982536
2349,TMC5,0.99980545
2350,VPS26B,0.99973047
2351,NECAP2,0.99971735
2352,ULK1,0.9997721
2353,AP1G1,0.99968356
2354,AKT2,0.9995947
2355,MGLL,0.99991024
2356,UQCR11,0.99974793
2357,MAP3K8,0.99977815
2358,RGL1,0.99985313
2359,CAPN8,0.99991626
2360,EIF1B,0.999808
2361,FOLR1,0.9969684
2362,CHMP5,0.999894
2363,EGLN1,0.99975014
2364,TNRC6A,0.9987151
2365,U2SURP,0.99901277
2366,USP14,0.99974453
2367,TMEM125,0.999791
2368,KANK2,0.99964315
2369,MAN2B1,0.9997714
2370,SLBP,0.99985313
2371,NIT2,0.9999034
2372,AVL9,0.9999062
2373,STAT5B,0.9996482
2374,ANKFY1,0.9995745
2375,F3,0.9999329
2376,PAN3,0.9996964
2377,ITGA1,0.9997748
2378,ACOX1,0.99988097
2379,ZNF410,0.9996045
2380,CLEC2B,0.99978745
2381,RBM5,0.99972296
2382,FUBP1,0.999059
2383,ANO6,0.9996389
2384,BAX,0.99932736
2385,DAPK3,0.99888974
2386,NIPBL,0.9998182
2387,LEPROTL1,0.99967635
2388,IK,0.9998965
2389,ZDHHC4,0.9999092
2390,MAPKAP1,0.9974769
2391,SPPL2A,0.99975425
2392,PIGT,0.99969214
2393,DGAT1,0.9999304
2394,IARS2,0.99988395
2395,SDC2,0.9998809
2396,GRIPAP1,0.9998372
2397,PRDX1,0.9997166
2398,SLCO2B1,0.9995726
2399,RAPGEF5,0.9999218
2400,C2orf68,0.99985474
2401,C9orf16,0.99849427
2402,SETX,0.9994009
2403,PILRB,0.9997935
2404,PRDM2,0.9996561
2405,GSE1,0.9998385
2406,DDX23,0.9998106
2407,CHP1,0.99984837
2408,MPC1,0.9998522
2409,RABL6,0.99965143
2410,POLR2K,0.9998986
2411,TTC17,0.9997199
2412,AXL,0.99956244
2413,PKIG,0.9999033
2414,PFN2,0.9996363
2415,UACA,0.9999455
2416,CHMP1A,0.99984425
2417,CCDC124,0.99947226
2418,TMED7,0.9999078
2419,LRRFIP2,0.99915564
2420,SMARCC2,0.99959266
2421,TSPAN15,0.9998523
2422,RHOU,0.99973476
2423,TTC1,0.9994788
2424,GLRX3,0.9998096
2425,LAMTOR2,0.9999178
2426,CD69,0.9997436
2427,PBRM1,0.9983983
2428,GADD45G,0.99984854
2429,PHYKPL,0.99854726
2430,COPS2,0.9995677
2431,COMMD1,0.99974805
2432,MED25,0.9998862
2433,BAG3,0.9998525
2434,UBE4A,0.9997034
2435,CHKA,0.9998949
2436,SEC24D,0.9997719
2437,MICAL2,0.99980366
2438,RBM17,0.99905455
2439,MLLT1,0.99948883
2440,SDHB,0.99986345
2441,CASP8,0.9984193
2442,MBOAT2,0.9999412
2443,ARHGEF6,0.9998541
2444,ESRP2,0.9998229
2445,NARF,0.9999027
2446,PPP1R18,0.9992884
2447,MUC21,0.9997126
2448,ATF7,0.9997528
2449,LIMS2,0.998716
2450,ATP6V1F,0.9998007
2451,EDEM3,0.9994804
2452,ZMYND11,0.99976414
2453,TENT5C,0.999889
2454,ARHGAP17,0.9997438
2455,HYAL2,0.9992466
2456,CHKB,0.99979144
2457,MED13,0.99988985
2458,DPM1,0.9997531
2459,DPY19L1,0.9999393
2460,CPED1,0.99968815
2461,ACAD8,0.9995738
2462,RNF40,0.9997271
2463,RAB21,0.9997741
2464,CCDC50,0.9998635
2465,LOXL1,0.9999455
2466,S100P,0.9994345
2467,SPON1,0.99996966
2468,TNFSF12,0.9990662
2469,ANTXR2,0.9994607
2470,CHMP4A,0.99961454
2471,PACS1,0.99955976
2472,SDR39U1,0.9995658
2473,TKT,0.99986064
2474,EIF4B,0.9994936
2475,HTRA1,0.9999355
2476,ITGBL1,0.99992263
2477,SORT1,0.99952257
2478,KIAA0100,0.9997007
2479,COPS7A,0.9997741
2480,DGKA,0.99988157
2481,SERBP1,0.9995221
2482,MRTFA,0.9995815
2483,OSTF1,0.99958485
2484,CKAP4,0.99831975
2485,RNF141,0.99971294
2486,CDK2AP1,0.9997317
2487,ATP6AP2,0.99967366
2488,FAM122B,0.9996315
2489,FMN1,0.9998444
2490,DR1,0.99726737
2491,MAN2A1,0.9991313
2492,TMC6,0.9982463
2493,ZNF655,0.99966323
2494,THBS2,0.9999285
2495,MRTFB,0.9999442
2496,PMEPA1,0.9990004
2497,VTI1B,0.9996499
2498,BTAF1,0.9992223
2499,PAM16,0.99991715
2500,ZNHIT1,0.9997074
2501,KMT2A,0.9995772
2502,TXLNA,0.9994221
2503,ABCF1,0.9998909
2504,AKAP12,0.99994004
2505,FABP3,0.999471
2506,PYCR2,0.9998643
2507,GTPBP2,0.99967796
2508,CCDC14,0.9998503
2509,AKT3,0.9994054
2510,COL5A2,0.9983509
2511,HSF4,0.999828
2512,SRP19,0.99987066
2513,PARP8,0.99917066
2514,FZR1,0.9998682
2515,NARS,0.99953926
2516,ATG16L2,0.999632
2517,ATRX,0.9996644
2518,DDX3X,0.99960965
2519,EIF3H,0.9998492
2520,ARPC5,0.99944603
2521,TBCD,0.99931335
2522,SNX13,0.99984854
2523,QPCT,0.999622
2524,NDUFA10,0.99952686
2525,ARHGAP45,0.99960774
2526,ECHDC2,0.99980384
2527,CHSY1,0.99980116
2528,KIAA2013,0.9998884
2529,PFDN6,0.9998766
2530,PLXNA2,0.9999094
2531,RBMS3,0.99913406
2532,IGF2R,0.9995848
2533,USB1,0.99981105
2534,KDM5A,0.99952126
2535,SMARCE1,0.9997555
2536,PPIG,0.99950963
2537,EPB41L5,0.99981135
2538,IL1R1,0.9997088
2539,CIAO1,0.9997307
2540,DNAJC5,0.99960315
2541,APOL1,0.99891347
2542,AKR1B1,0.9993261
2543,TBX2,0.99971104
2544,EBNA1BP2,0.99988973
2545,GNL2,0.9998709
2546,TBC1D5,0.9995936
2547,C1orf43,0.9998008
2548,RTRAF,0.9996821
2549,POFUT2,0.9996154
2550,ZNF532,0.9995979
2551,MPHOSPH8,0.99958867
2552,MTSS1,0.9998045
2553,ARHGEF7,0.9998153
2554,ZDHHC20,0.99971694
2555,YTHDF2,0.99981785
2556,BUD23,0.9998538
2557,TFF3,0.9997465
2558,SLC25A11,0.99980724
2559,MAP4K5,0.99960744
2560,LRRC41,0.9998603
2561,EIF3G,0.99950206
2562,AK1,0.9994478
2563,JMJD1C,0.9984118
2564,ATM,0.9992278
2565,YWHAQ,0.99974155
2566,DDX1,0.999401
2567,HSPE1,0.9998333
2568,NUDT21,0.9991002
2569,TMPRSS2,0.99968946
2570,LLGL2,0.99991816
2571,HBP1,0.999568
2572,YIPF4,0.99873865
2573,GNAI3,0.9995945
2574,RO60,0.99967635
2575,DELE1,0.9994485
2576,ARNT,0.9997126
2577,STK40,0.9996931
2578,TM9SF4,0.9998261
2579,LIMK1,0.9995735
2580,MOB3A,0.9997753
2581,ZNF384,0.9995224
2582,STX2,0.9995755
2583,ZBTB4,0.9997708
2584,G3BP2,0.9995616
2585,SCFD1,0.9997408
2586,SP1,0.99926406
2587,GPR107,0.9980272
2588,NUP98,0.9995369
2589,TGIF1,0.9998783
2590,SFRP2,0.99990016
2591,ARSA,0.9975993
2592,SNX3,0.99951476
2593,ABHD11,0.9999277
2594,RNPC3,0.99980146
2595,R3HDM4,0.9983305
2596,EEA1,0.9998332
2597,UQCRQ,0.99981195
2598,SHC1,0.99970686
2599,ACAP2,0.9997395
2600,SEPTIN6,0.9996754
2601,TAF15,0.99980557
2602,KRTCAP2,0.99982375
2603,ATP5PD,0.9998251
2604,VHL,0.99903095
2605,HTATIP2,0.99969256
2606,TMEM9B,0.9998105
2607,PRKD2,0.9997997
2608,CAPRIN1,0.9997713
2609,KBTBD2,0.9997447
2610,TFE3,0.99970543
2611,RING1,0.99965554
2612,CCNT2,0.9987329
2613,SEC23A,0.99975526
2614,CMTR1,0.99963
2615,SRRT,0.99971133
2616,KCNMA1,0.9998334
2617,SGSH,0.9987906
2618,IRF2BPL,0.9998568
2619,ZHX1,0.99977237
2620,CCNG1,0.9994057
2621,GALNT11,0.99965507
2622,PMF1,0.9997946
2623,PLP2,0.9997028
2624,ARFRP1,0.99978334
2625,ZBTB1,0.9997446
2626,WWTR1,0.9995168
2627,UBL3,0.9996749
2628,DLD,0.9995354
2629,WWOX,0.9998032
2630,HSPH1,0.99981844
2631,VPS26A,0.9995144
2632,LRRFIP1,0.9998107
2633,TUBA1C,0.9998234
2634,S100PBP,0.999657
2635,TMEM183A,0.9997101
2636,STEAP4,0.99837875
2637,EIF2A,0.997929
2638,CRELD2,0.9997188
2639,ATOX1,0.999667
2640,TRAF7,0.9997646
2641,STXBP1,0.99983567
2642,FILIP1L,0.99975383
2643,MAPRE1,0.9998193
2644,CDC5L,0.9998819
2645,ATXN7,0.9997919
2646,SSR3,0.99940175
2647,ARL8A,0.9997611
2648,ATP5MF,0.999582
2649,CD40,0.999304
2650,NAB1,0.99984914
2651,ARHGEF17,0.99978364
2652,SAFB2,0.9995777
2653,TNKS1BP1,0.99983215
2654,PSPC1,0.999055
2655,ARFGEF1,0.9997939
2656,ST6GAL1,0.9998271
2657,TMEM68,0.99982846
2658,CREB1,0.9996613
2659,GPCPD1,0.9998124
2660,CBFA2T2,0.99976444
2661,CORO7,0.99966896
2662,VPS52,0.9996546
2663,PLEKHM2,0.99963826
2664,PCYOX1,0.9959339
2665,TMEM106B,0.99981606
2666,ZMYND8,0.9996338
2667,EAPP,0.9998358
2668,SMIM7,0.99825734
2669,SLC12A2,0.9996561
2670,SGMS1,0.9998723
2671,ATP6V1E1,0.999663
2672,TMEM175,0.9998795
2673,TMEM9,0.9999355
2674,PTEN,0.99939144
2675,TIPRL,0.99990845
2676,FCGBP,0.9992844
2677,ZFR,0.9997012
2678,IWS1,0.99970263
2679,EGLN2,0.99963886
2680,OGFR,0.9980661
2681,SLC11A2,0.9997386
2682,PDLIM3,0.9990589
2683,ITPKB,0.99988335
2684,TP53BP2,0.9993518
2685,POLDIP3,0.9998399
2686,MYH14,0.99991673
2687,UBE4B,0.9985112
2688,CACNB1,0.9999577
2689,C5AR1,0.9998673
2690,PRPF19,0.99863875
2691,WSB2,0.9997328
2692,ICA1,0.9998787
2693,USP4,0.99973905
2694,HGSNAT,0.99989784
2695,ZNF331,0.99923325
2696,MAP1LC3A,0.99982107
2697,LIFR,0.9989146
2698,ZDHHC7,0.9998988
2699,MAFB,0.99965334
2700,ZC3HAV1,0.9996662
2701,TTC14,0.99977416
2702,PTPRS,0.9995106
2703,EIF2S1,0.9996616
2704,UBE2H,0.99982864
2705,MARK3,0.9995285
2706,PRRX1,0.9996691
2707,SUPT5H,0.9997487
2708,SCAMP4,0.9997097
2709,NME1,0.9999016
2710,SIN3A,0.9991347
2711,TSPYL2,0.99990237
2712,RGS3,0.99973166
2713,ST5,0.9994806
2714,SYTL2,0.99942476
2715,TENT2,0.9994459
2716,COL16A1,0.99972564
2717,LRATD2,0.99987584
2718,AKAP8L,0.99981195
2719,ESRP1,0.99991643
2720,HDAC1,0.99985725
2721,ERAP1,0.9994438
2722,CMTM4,0.99901044
2723,CHD4,0.99968845
2724,BCL7C,0.9996716
2725,KLHL24,0.99961185
2726,SF3B4,0.999873
2727,MANBA,0.9997675
2728,AURKAIP1,0.9998318
2729,LMCD1,0.9999016
2730,CDC42BPB,0.9988449
2731,LRRK2,0.99876153
2732,VPS53,0.9996154
2733,HSD17B4,0.99968034
2734,LGR4,0.99995023
2735,LRRC32,0.99985933
2736,SORL1,0.9999102
2737,RAD23A,0.99896467
2738,FOXK1,0.9997164
2739,MAP3K7,0.9997735
2740,TFPI,0.9998433
2741,RHEB,0.99963033
2742,WIPF2,0.99988014
2743,TUBGCP6,0.9996867
2744,MYO1E,0.99946004
2745,SF3B2,0.9996931
2746,INMT,0.9994503
2747,DHX36,0.999263
2748,NPNT,0.9997635
2749,IDUA,0.9995445
2750,RAB4A,0.999148
2751,IDH2,0.9994364
2752,IFNAR1,0.9994168
2753,CALCRL,0.9998153
2754,MFSD10,0.9998983
2755,MBIP,0.99992484
2756,MYLIP,0.99975014
2757,SYNE1,0.9995969
2758,RNPEP,0.99966735
2759,SRGN,0.9972118
2760,SMAD5,0.99968034
2761,ALDH18A1,0.99970067
2762,TUT4,0.99957293
2763,SPG11,0.9996885
2764,TMEM43,0.99980164
2765,CAMLG,0.9997605
2766,NOTCH2,0.9996923
2767,NCL,0.99814856
2768,GNG12,0.9995778
2769,CD38,0.99983215
2770,ZNF664,0.99983233
2771,UFM1,0.99953496
2772,IFI44L,0.99957883
2773,NFIL3,0.9995475
2774,H3F3B,0.9998292
2775,SCRIB,0.9999336
2776,REEP3,0.9998062
2777,POSTN,0.9994954
2778,MAT2B,0.99780655
2779,MED24,0.9999073
2780,ITCH,0.9989859
2781,MED13L,0.9996482
2782,CLTB,0.99940634
2783,TMX4,0.9956009
2784,SLC35B1,0.99980056
2785,SH3RF1,0.9999363
2786,SNRNP40,0.9997222
2787,SND1,0.99957114
2788,THBS3,0.99973667
2789,KAT5,0.99973124
2790,SOAT1,0.99980325
2791,C12orf75,0.9998352
2792,EDEM2,0.99986565
2793,ANKS1A,0.999751
2794,ATP13A1,0.99914134
2795,TM2D1,0.99891883
2796,ARHGAP4,0.99928343
2797,SPECC1L,0.9995905
2798,CRK,0.99979
2799,GCC2,0.9998477
2800,GUCD1,0.99977446
2801,PHIP,0.9999186
2802,ROCK2,0.99818623
2803,ARL8B,0.99980295
2804,TNFAIP2,0.99915916
2805,ZBTB38,0.9998851
2806,PRR15L,0.999908
2807,REL,0.99949586
2808,ACOT9,0.999675
2809,HHLA2,0.9987912
2810,CD164,0.9997691
2811,ARPC3,0.9995829
2812,SLFN11,0.99972504
2813,ATXN2,0.99962294
2814,STK3,0.9997386
2815,ARID1B,0.99976885
2816,C16orf89,0.9998226
2817,GNG10,0.99941045
2818,SNX19,0.9997427
2819,DCAF5,0.99846107
2820,STX10,0.9995097
2821,SLC39A8,0.9998301
2822,TMEM176A,0.9998024
2823,CD93,0.9996978
2824,MSL1,0.99841595
2825,PSMD1,0.999668
2826,RNF13,0.99944246
2827,SWAP70,0.9996089
2828,CDK12,0.9998868
2829,CENPT,0.9994461
2830,SCAF8,0.9995033
2831,GNA13,0.99749756
2832,ZMYM4,0.999691
2833,TTLL5,0.99970615
2834,KLHDC4,0.99831784
2835,MYO18A,0.9998676
2836,HP1BP3,0.99975383
2837,PCED1A,0.998631
2838,SETDB1,0.9992574
2839,STK38,0.9995724
2840,TAOK2,0.9997082
2841,NSFL1C,0.9997981
2842,RTF1,0.99939215
2843,OTUB1,0.9998317
2844,SECISBP2,0.9997423
2845,NRAS,0.9990999
2846,TES,0.99954873
2847,RAB3GAP1,0.9996723
2848,MAP4K4,0.99982756
2849,DENND11,0.9999212
2850,UNC93B1,0.9996111
2851,SLC43A3,0.99980223
2852,ARHGAP29,0.9998902
2853,PHF1,0.99976236
2854,NAA10,0.9995947
2855,SLC44A4,0.99989384
2856,MEIS1,0.99980336
2857,TCEAL4,0.99979496
2858,BAIAP2,0.9999355
2859,ADGRF1,0.99981165
2860,SHB,0.9998423
2861,ERBB3,0.9999374
2862,ZSWIM8,0.99949396
2863,ATL3,0.99934167
2864,GLUD1,0.99859446
2865,ALAS1,0.9998229
2866,EIF4H,0.99957037
2867,DICER1,0.99860126
2868,MED10,0.999698
2869,SEPTIN2,0.99929285
2870,BCKDK,0.999859
2871,COQ9,0.99989605
2872,BRWD1,0.9998453
2873,GLMP,0.9997617
2874,FURIN,0.9998598
2875,GPC4,0.9994589
2876,RCAN1,0.99959695
2877,TMEM87B,0.99962723
2878,MAP3K5,0.99919736
2879,APBB1IP,0.99886256
2880,YY1AP1,0.9997026
2881,ZNF362,0.9991692
2882,NDST1,0.9998102
2883,ANK3,0.99971855
2884,LZIC,0.99976206
2885,AGPAT3,0.999801
2886,MT1X,0.99944144
2887,ABI1,0.99953306
2888,PTPA,0.99915314
2889,FBXL3,0.9991762
2890,HMOX2,0.99980986
2891,PIK3IP1,0.99968684
2892,WAPL,0.9995899
2893,CAMK2N1,0.99986917
2894,FAM234A,0.99995977
2895,TSPAN6,0.9999096
2896,APPL1,0.99919426
2897,KHSRP,0.9996233
2898,STX5,0.99982244
2899,ADAT1,0.9996397
2900,PELI1,0.9994941
2901,DNAJB1,0.9997376
2902,VAPA,0.9998393
2903,PRKCE,0.999318
2904,ZFYVE16,0.9996641
2905,MAP3K11,0.9992161
2906,JUP,0.999928
2907,PMM2,0.9998654
2908,MRNIP,0.9997349
2909,LPIN2,0.9998425
2910,SP110,0.9995573
2911,CTNNBIP1,0.9999318
2912,TMEM59,0.99889296
2913,SNX12,0.99965984
2914,RAB31,0.99977666
2915,PITPNA,0.99902666
2916,UGGT1,0.9996808
2917,SDHA,0.9993706
2918,CASP7,0.99980897
2919,MGRN1,0.99989164
2920,MPP7,0.9999531
2921,PEX2,0.99984246
2922,AGR3,0.9993502
2923,SH3KBP1,0.9994615
2924,CUL4A,0.99889266
2925,SLC39A11,0.9999501
2926,SLC52A2,0.9999161
2927,PTAR1,0.99933946
2928,ZFHX3,0.99980366
2929,HIPK1,0.9998741
2930,CLEC7A,0.99974215
2931,BTN3A3,0.99907476
2932,HERC4,0.99967927
2933,UBE2A,0.99961007
2934,DNMT1,0.9996414
2935,PREPL,0.9997548
2936,POLR2B,0.99944335
2937,NDUFB2,0.9990078
2938,SLC35B2,0.9999029
2939,PPFIBP2,0.9997462
2940,FEM1B,0.99967194
2941,TXNL1,0.9997083
2942,RSU1,0.99946517
2943,NUDCD3,0.99964875
2944,PLPBP,0.99961317
2945,PEX19,0.9999011
2946,SLU7,0.9996721
2947,INO80E,0.99909383
2948,PGM1,0.99963206
2949,DMAP1,0.99957275
2950,LSM14B,0.99983805
2951,ARHGEF10L,0.99957705
2952,DNASE2,0.99972457
2953,GPRC5C,0.9999506
2954,ZGPAT,0.999825
2955,NUDT5,0.9998001
2956,TNRC6B,0.99942625
2957,KLF3,0.99963856
2958,CCNK,0.9995786
2959,DNM1L,0.9996594
2960,COX16,0.9995634
2961,IKBKG,0.99976575
2962,PSMG3,0.99993247
2963,SFTPD,0.9998437
2964,CLASRP,0.9995872
2965,PLSCR4,0.9998802
2966,TRIM5,0.99978507
2967,EIF4G3,0.9990061
2968,PRKCD,0.9997877
2969,EEF2K,0.9999086
2970,DCTN3,0.99791527
2971,HUS1,0.9997975
2972,EOGT,0.99972486
2973,DLG1,0.99955654
2974,TRAPPC12,0.99963284
2975,RHPN1,0.9997671
2976,YTHDC2,0.9994547
2977,C4BPA,0.99986017
2978,TPRG1L,0.99988955
2979,AZGP1,0.99943316
2980,EIF4G2,0.99983996
2981,TMEM168,0.999835
2982,VSTM2L,0.9998213
2983,SH3BGRL2,0.99953395
2984,LAIR1,0.9997754
2985,TMEM106C,0.9997821
2986,EIF2B1,0.9997724
2987,PLCB2,0.9984339
2988,SPRED1,0.99971974
2989,ACBD6,0.9998125
2990,CHIC2,0.9982731
2991,RALBP1,0.99970627
2992,HAGH,0.99982625
2993,USP53,0.99979514
2994,SYF2,0.99984455
2995,DDHD2,0.9996023
2996,TBC1D15,0.99945337
2997,PINK1,0.999643
2998,PRKD3,0.99950075
2999,PBX1,0.9997818
3000,EBAG9,0.9998258
3001,TGFBR1,0.9997988
3002,SLIT3,0.9997803
3003,NINJ2,0.9997841
3004,CLN3,0.999946
3005,LIPH,0.99992245
3006,SRSF11,0.9992673
3007,CSTF3,0.99977255
3008,SEPTIN8,0.9998039
3009,RBX1,0.9995758
3010,RHOQ,0.9994787
3011,COPS6,0.9997757
3012,NEU1,0.99964523
3013,PURA,0.9995532
3014,COG7,0.9999118
3015,IFT20,0.9995794
3016,MUC4,0.9998684
3017,ZNF33A,0.9998603
3018,MICAL1,0.9996487
3019,GON4L,0.9998124
3020,SURF1,0.9998274
3021,ATP2C2,0.9997328
3022,CSNK1A1,0.99943763
3023,ARRDC1,0.9998562
3024,RIC8A,0.99947834
3025,PSMC4,0.99990207
3026,C9orf78,0.9998231
3027,MAP1LC3B,0.99965227
3028,BLVRB,0.9992391
3029,FAR1,0.9995879
3030,KIF2A,0.9997999
3031,RBCK1,0.9998151
3032,MAPK9,0.9997288
3033,SNTB2,0.9997196
3034,SGK3,0.9990479
3035,PLA2G12A,0.9998557
3036,EXOC1,0.9997721
3037,PCMT1,0.99845487
3038,COQ4,0.99964
3039,STMP1,0.9993464
3040,ARL2BP,0.9995772
3041,RFFL,0.99962485
3042,VPS39,0.9993555
3043,ATP13A3,0.999609
3044,DCAF16,0.99958134
3045,C1orf162,0.99941176
3046,CSNK2A2,0.9997981
3047,SMAD4,0.9998026
3048,SH2B1,0.99971455
3049,WASL,0.9996622
3050,AFTPH,0.9988386
3051,PRCC,0.9998164
3052,DUSP2,0.9998659
3053,XPR1,0.99983263
3054,TRIP10,0.99837863
3055,RASSF7,0.9999447
3056,MACROD1,0.9998683
3057,IRF2,0.9987256
3058,ZDHHC17,0.9996918
3059,GGNBP2,0.99923694
3060,KLF5,0.9997261
3061,FCHSD2,0.99962646
3062,ENPP4,0.99985725
3063,PFKP,0.99981326
3064,SMG5,0.99973696
3065,TC2N,0.9990754
3066,UBQLN2,0.9991317
3067,KPNA6,0.999629
3068,ZNF106,0.9993884
3069,TMED5,0.9984053
3070,PTGIS,0.9998948
3071,MAP1B,0.99990976
3072,USP47,0.99951726
3073,PQBP1,0.99979913
3074,LYN,0.9985611
3075,SETD1B,0.9994027
3076,MDH2,0.99958307
3077,CHPF2,0.9997309
3078,KANSL1,0.99976766
3079,CYSTM1,0.99962443
3080,RETREG2,0.9987348
3081,SRCAP,0.9997021
3082,CSNK1E,0.99966115
3083,LPCAT3,0.9998771
3084,SMARCB1,0.9996641
3085,TOR1AIP2,0.99988574
3086,EHF,0.99908495
3087,QPRT,0.9998376
3088,PCGF5,0.9996673
3089,SAMD4B,0.99954116
3090,CRLS1,0.99977493
3091,RPP21,0.99976605
3092,MAP3K20,0.9998189
3093,WASHC3,0.999652
3094,RTCA,0.9985852
3095,TTLL3,0.99933374
3096,RELA,0.99957454
3097,NABP1,0.99956894
3098,WBP1L,0.9998132
3099,SMIM30,0.99963796
3100,SPOCK2,0.9987205
3101,SEPTIN5,0.9998288
3102,ETFA,0.9991376
3103,USP24,0.9997312
3104,ADPGK,0.99930346
3105,SFPQ,0.9996542
3106,RAP2B,0.99927056
3107,CPVL,0.99975336
3108,CACUL1,0.99907684
3109,C6orf62,0.9993518
3110,ARID2,0.99963224
3111,JPT2,0.99953955
3112,RCN3,0.9999219
3113,TADA3,0.9996082
3114,MED1,0.9997638
3115,MSTO1,0.99984396
3116,EPC1,0.9953349
3117,BCL7B,0.9993989
3118,HIST1H1E,0.9991416
3119,AGPAT2,0.99988604
3120,PLBD2,0.9991878
3121,ZC3H7A,0.9996067
3122,MGAT5,0.998913
3123,GTF2A1,0.9992935
3124,GNPTAB,0.99955595
3125,BABAM2,0.9992302
3126,TAF1D,0.9996189
3127,PSEN1,0.99968415
3128,TWF2,0.9997014
3129,PDE7A,0.99983263
3130,MCM3AP,0.9989406
3131,DEK,0.99961627
3132,THOC7,0.9997984
3133,SAR1B,0.9998787
3134,MPP1,0.9997306
3135,PSMA2,0.9997792
3136,STX6,0.9980934
3137,SIL1,0.9997679
3138,SPCS3,0.9995023
3139,PIM3,0.9999361
3140,PIEZO1,0.9995407
3141,GORASP2,0.9997388
3142,ARMC8,0.9987499
3143,MTPN,0.9996418
3144,DDX27,0.99977237
3145,OAS3,0.9998468
3146,ACSF2,0.99979126
3147,NCOA4,0.9988245
3148,LPXN,0.9997715
3149,VPS26C,0.9995078
3150,FBXW5,0.9995921
3151,BRMS1,0.9998369
3152,AIMP1,0.9997141
3153,DGCR2,0.9996972
3154,ILRUN,0.9992216
3155,MKLN1,0.9997498
3156,RARS,0.99973327
3157,JDP2,0.99971277
3158,PIP4K2B,0.99971974
3159,COMMD5,0.99923694
3160,SRPK1,0.9998891
3161,TLK1,0.9996212
3162,WDR46,0.99932873
3163,SRP72,0.99977267
3164,PI4KA,0.9991949
3165,ADAM8,0.9997411
3166,NUP153,0.99914515
3167,SNRPA,0.9996726
3168,RNF44,0.99953353
3169,MOXD1,0.9999474
3170,C11orf54,0.99985427
3171,PSMD11,0.9995357
3172,TSR2,0.9995681
3173,CRTC3,0.9996294
3174,TMEM208,0.99989825
3175,APPL2,0.99957716
3176,CTNNB1,0.9996891
3177,NREP,0.9997115
3178,USP36,0.9997381
3179,RCAN3,0.9998816
3180,PSMD10,0.99988604
3181,RNASET2,0.99973536
3182,PCGF3,0.999729
3183,BIRC3,0.99709576
3184,PSMD9,0.99973077
3185,TBL2,0.9997781
3186,CAMK1D,0.9996557
3187,LIMD2,0.9998946
3188,ARFIP2,0.99957716
3189,TACC2,0.9990288
3190,TMUB1,0.9998131
3191,CCDC3,0.9998336
3192,SNHG32,0.9998255
3193,MCU,0.9998549
3194,RTCB,0.99858636
3195,CPSF6,0.99964535
3196,CUL5,0.9994758
3197,PITHD1,0.9996783
3198,GNPTG,0.9997441
3199,PIGS,0.9998275
3200,SRRM2,0.99954146
3201,CCDC9,0.9998514
3202,CCND2,0.99972546
3203,TSC22D4,0.99886143
3204,ACACA,0.99989176
3205,EIF5B,0.99614364
3206,RAB25,0.99975693
3207,CCDC186,0.99940526
3208,DTNA,0.9997346
3209,SELENOT,0.9995762
3210,GPD1L,0.99979717
3211,GPI,0.9973742
3212,TARBP1,0.99970436
3213,PSMA4,0.99957895
3214,AKT1S1,0.99960816
3215,HSP90B1,0.9997905
3216,INTS3,0.9994992
3217,TRIM26,0.99980384
3218,VEZF1,0.99860144
3219,CCT8,0.99962026
3220,CSAD,0.99964035
3221,CCDC88A,0.9998161
3222,C19orf53,0.9996691
3223,SLC22A23,0.99976027
3224,MXI1,0.9997641
3225,SRSF9,0.999689
3226,C1RL,0.9994833
3227,MSRB3,0.9997721
3228,KIF1C,0.99966925
3229,CCNDBP1,0.99954987
3230,GGA3,0.99959344
3231,INTS4,0.9996401
3232,RPTOR,0.99904746
3233,SLC29A1,0.9986345
3234,NUDCD2,0.999879
3235,SNX27,0.9998099
3236,CCDC88C,0.99955165
3237,UNC50,0.99974
3238,BEX4,0.99960774
3239,DMWD,0.9998151
3240,FBXO7,0.9991819
3241,RAP2C,0.99979323
3242,SETBP1,0.99985075
3243,IL10RA,0.99965256
3244,WDR55,0.9996664
3245,PARN,0.9981459
3246,SRSF8,0.99975073
3247,PNKD,0.99957526
3248,ALDH3B1,0.9999093
3249,HELZ,0.99795485
3250,HDAC6,0.9998638
3251,TMEM14C,0.99972326
3252,ZNF117,0.9998603
3253,WBP2,0.9995472
3254,TRAPPC10,0.9988688
3255,CNOT9,0.99977267
3256,NDE1,0.9994752
3257,LSM7,0.9992627
3258,PLOD1,0.99976224
3259,GALT,0.999603
3260,HECTD1,0.9998107
3261,COPS5,0.999616
3262,TOMM5,0.99978846
3263,BPIFB1,0.99909484
3264,LCN2,0.9998659
3265,LDLR,0.9995969
3266,NIN,0.99964684
3267,LAMB3,0.99988776
3268,SEC24A,0.9998392
3269,EMC3,0.99978745
3270,CTSK,0.99992496
3271,DDX21,0.99983424
3272,HPCAL1,0.9997446
3273,SESN1,0.99973917
3274,RXRA,0.9998611
3275,ATP6V1C1,0.9998757
3276,CLEC16A,0.99984705
3277,TSPYL1,0.99988765
3278,RNF5,0.9998824
3279,UNK,0.99949276
3280,DNPH1,0.99989367
3281,TNPO3,0.9993661
3282,PDLIM1,0.9998643
3283,AZI2,0.99844456
3284,PARD3,0.9998336
3285,TBC1D14,0.991865
3286,MBD6,0.9997586
3287,MRVI1,0.99988735
3288,PI4K2B,0.9997333
3289,SNRNP25,0.99989444
3290,ATP5PF,0.99977493
3291,ERF,0.9998528
3292,KLF10,0.99978083
3293,NDUFS3,0.9998685
3294,OST4,0.99972886
3295,PGS1,0.999709
3296,PHKG2,0.9998233
3297,KAT6A,0.99972045
3298,ILK,0.9991042
3299,ACAT1,0.9982939
3300,RXRB,0.99964464
3301,LNPEP,0.9997123
3302,C1orf21,0.9997977
3303,ARIH2,0.9995345
3304,MED28,0.9990989
3305,GATAD2A,0.9996665
3306,ACSL4,0.99935806
3307,FXYD3,0.99946153
3308,MTR,0.99805516
3309,SFRP4,0.99926156
3310,AP2A1,0.9995244
3311,DBI,0.9997324
3312,BECN1,0.9998168
3313,SIPA1,0.9994432
3314,FAF1,0.99977493
3315,EPC2,0.9989297
3316,DNAJC1,0.99953115
3317,PTK2B,0.99901783
3318,TYK2,0.99926627
3319,PSMD12,0.99984616
3320,GPATCH2L,0.9994438
3321,BZW2,0.99993944
3322,IDH3G,0.9995926
3323,ARHGAP27,0.9998727
3324,TSC22D2,0.99983484
3325,ERCC1,0.9997772
3326,STAT2,0.9993159
3327,SECISBP2L,0.9998566
3328,BTG3,0.99978906
3329,COMMD7,0.9997438
3330,ZNF24,0.9993041
3331,ZNF316,0.9992949
3332,SEC61B,0.99950457
3333,DNMT3A,0.9994685
3334,PIM1,0.99952257
3335,SF1,0.9988405
3336,ABR,0.9997789
3337,PIK3C2A,0.9998121
3338,PRDX6,0.999195
3339,PCNX1,0.99977016
3340,BRD8,0.99962366
3341,HMOX1,0.9997935
3342,PPP1R14A,0.9990543
3343,SMARCA1,0.9998003
3344,FBXL8,0.9998625
3345,ADSL,0.99960625
3346,FBXL17,0.9996754
3347,DIS3L2,0.9996147
3348,CCDC91,0.9997303
3349,PRKAA1,0.9997799
3350,NUP85,0.9997485
3351,PPP2R5E,0.9997448
3352,LARS,0.999759
3353,PLK3,0.9996705
3354,QRICH1,0.99954545
3355,CCNG2,0.9992359
3356,MBOAT7,0.999903
3357,ATP6V1A,0.99947345
3358,TGFB1I1,0.99980116
3359,TIMM10B,0.9983031
3360,LMF2,0.9996101
3361,SFXN1,0.999675
3362,NDUFV3,0.9998495
3363,ACSL3,0.9997654
3364,DNAJA3,0.9996997
3365,EXOSC10,0.99959725
3366,STRN,0.9998559
3367,GOLGA3,0.99982786
3368,OGN,0.9999445
3369,LMBR1,0.99972963
3370,NMD3,0.9993247
3371,FAM49B,0.9994751
3372,SCYL2,0.99980974
3373,MAP3K3,0.99911195
3374,CSF1,0.9991854
3375,CREB3,0.9996416
3376,TRIM33,0.99977005
3377,LZTS2,0.99974126
3378,HYOU1,0.9966167
3379,RNF167,0.9992315
3380,C19orf33,0.99986
3381,ACP2,0.9997386
3382,BIN1,0.999663
3383,VMA21,0.99985886
3384,TCF12,0.9995781
3385,PLCG1,0.99967355
3386,FGD6,0.9991046
3387,SLC9A3R1,0.99988973
3388,NMI,0.99933547
3389,NFIA,0.99976015
3390,GBP2,0.9991698
3391,ELOA,0.9998609
3392,IRS2,0.99976885
3393,PSMD4,0.9998581
3394,YWHAH,0.9996542
3395,EFTUD2,0.99980533
3396,UBE3A,0.9997071
3397,LYST,0.99946594
3398,CYP4B1,0.9998244
3399,TNFRSF1B,0.99991286
3400,LHFPL6,0.99985486
3401,ATG4B,0.9991832
3402,PAG1,0.9996958
3403,PEX13,0.99991643
3404,CNOT6,0.9997525
3405,CSDE1,0.99878997
3406,MFSD14B,0.9998358
3407,TNPO2,0.99982375
3408,KIAA0930,0.9986475
3409,BCAR1,0.9997719
3410,GOLGA2,0.9997598
3411,ECI1,0.9998661
3412,SPART,0.9993917
3413,PWWP3A,0.9997555
3414,USP33,0.9995983
3415,SPAG16,0.9998105
3416,CSGALNACT2,0.9996077
3417,CREB3L2,0.9993483
3418,TBRG1,0.99878633
3419,MOB2,0.9993113
3420,HPGD,0.9940322
3421,ZC3H4,0.9994091
3422,PDCL3,0.9997277
3423,RFX5,0.9996254
3424,AMFR,0.99975854
3425,ETV4,0.9997066
3426,KRCC1,0.99960613
3427,PHLDA1,0.9998439
3428,GPATCH8,0.9996834
3429,CDC25B,0.9998337
3430,CERT1,0.9987295
3431,NDUFB6,0.9992994
3432,FOXN3,0.99975026
3433,KAT2B,0.9996513
3434,ECHDC1,0.9994465
3435,PTDSS1,0.9995802
3436,MCM7,0.99967843
3437,ARFGEF2,0.99908864
3438,DYRK2,0.9993857
3439,BMP3,0.99986476
3440,MFSD6,0.9996973
3441,NDUFB1,0.99967575
3442,FBXL5,0.9996502
3443,RMDN3,0.9997422
3444,PLEKHH2,0.99986684
3445,ZBTB25,0.9996298
3446,CEMIP2,0.9997028
3447,ZNF292,0.9995588
3448,PHF12,0.9998146
3449,CDH5,0.9994893
3450,RTL8C,0.99947345
3451,SLC25A25,0.9996317
3452,GID8,0.99969256
3453,DOK4,0.99978095
3454,C17orf49,0.99945194
3455,GOLIM4,0.998843
3456,SCAF1,0.99957275
3457,SLC39A6,0.99974453
3458,VTI1A,0.99958575
3459,FAM172A,0.99957436
3460,MTFR1L,0.9997355
3461,SESTD1,0.99917793
3462,FBLN2,0.9974901
3463,LRRC8A,0.9996033
3464,C5orf15,0.99978465
3465,POLR2E,0.9994621
3466,PPP2R5D,0.99965525
3467,STARD3NL,0.9992808
3468,RRP36,0.99986315
3469,AGA,0.9997509
3470,SCMH1,0.9997479
3471,R3HDM2,0.99911374
3472,DENND4C,0.9995161
3473,STAMBP,0.99939936
3474,ATP6V0A2,0.9996998
3475,RHOG,0.9995457
3476,SGMS2,0.99985516
3477,DEF6,0.9996158
3478,PPL,0.9999231
3479,USP12,0.99815404
3480,SEPTIN1,0.99979514
3481,SC5D,0.99954385
3482,NAV1,0.9997037
3483,KDSR,0.99955016
3484,GPS2,0.99963367
3485,SMPDL3A,0.99979794
3486,APEH,0.9996667
3487,PSMD6,0.9997786
3488,SUGT1,0.9994553
3489,CYTH3,0.99976194
3490,PHF14,0.9996687
3491,CNNM3,0.9992529
3492,ENO2,0.9995705
3493,EEF1AKMT2,0.9995551
3494,FPR3,0.9998454
3495,OARD1,0.999547
3496,TSKU,0.9997908
3497,TCF7L2,0.9996995
3498,KDM3A,0.99970835
3499,DBP,0.99975336
3500,ADAM17,0.99868953
3501,ANKRD28,0.9998779
3502,KANSL3,0.998459
3503,FAM162A,0.9992077
3504,HSBP1,0.99979323
3505,RABGAP1,0.99980384
3506,ERH,0.99958277
3507,PSMC1,0.9997342
3508,CTSO,0.99927175
3509,FAM20C,0.99979466
3510,IGBP1,0.99950063
3511,RIOK3,0.99834365
3512,FAM120AOS,0.99911535
3513,BAG5,0.9997506
3514,TMEM63B,0.99994916
3515,FBH1,0.99941576
3516,TMEM173,0.9979612
3517,FKBP9,0.99965173
3518,SNAP23,0.9987224
3519,C6orf89,0.99961597
3520,CCNC,0.99973917
3521,POLR2H,0.99990493
3522,PPHLN1,0.9993232
3523,ZNF282,0.9996859
3524,SNAPIN,0.9999466
3525,ZFYVE21,0.99909306
3526,HIP1,0.99972
3527,NLRP1,0.99967223
3528,SF3A1,0.99943465
3529,PRPF38B,0.99935514
3530,FIP1L1,0.9992851
3531,RASSF5,0.99899673
3532,AGPS,0.9997152
3533,UPF1,0.9971776
3534,ENTPD4,0.9997109
3535,ARHGAP5,0.9989605
3536,NSD1,0.99942255
3537,CTHRC1,0.9991992
3538,ADAM10,0.9996414
3539,RALY,0.9996103
3540,MED4,0.9993321
3541,PHF21A,0.99976194
3542,SNX24,0.9996567
3543,PCIF1,0.99940366
3544,MIOS,0.9998665
3545,TUBGCP2,0.99978817
3546,ARHGAP35,0.99962443
3547,ANKRD12,0.99979115
3548,FAM168A,0.9995082
3549,VGLL3,0.99986184
3550,NR4A2,0.9999054
3551,POLD2,0.9997242
3552,ZMIZ1,0.99959517
3553,HOXB3,0.99984014
3554,GNL3,0.99855864
3555,RSPRY1,0.99975127
3556,AMBRA1,0.9992224
3557,KCMF1,0.9998056
3558,TSPAN14,0.99969053
3559,ENTPD6,0.9996664
3560,IFI27L2,0.9995464
3561,AAK1,0.99942434
3562,METTL17,0.99970496
3563,SLC38A1,0.99992865
3564,WIZ,0.9996115
3565,FYTTD1,0.9977485
3566,UGP2,0.9994318
3567,MED23,0.99970865
3568,PARP12,0.9997857
3569,SIRPA,0.999544
3570,SEMA4C,0.99949396
3571,SPTAN1,0.9995457
3572,COX11,0.9993644
3573,MARF1,0.9990772
3574,NCLN,0.9992406
3575,SPEN,0.9978054
3576,PYCR1,0.9998905
3577,MTUS1,0.9997922
3578,SMC3,0.99963933
3579,LRRC47,0.9994488
3580,C7orf26,0.9997808
3581,RBM27,0.9998072
3582,METRN,0.99984294
3583,HYI,0.99925435
3584,ICAM1,0.9992474
3585,WASHC5,0.9997978
3586,HEG1,0.99987525
3587,GASK1B,0.99976623
3588,PMVK,0.99961793
3589,TSTD1,0.9999299
3590,FGFR1,0.99988353
3591,ZRANB1,0.9995906
3592,TRA2B,0.9995464
3593,PAXX,0.99968606
3594,TMEM131,0.9973524
3595,EXOC5,0.9989443
3596,USP21,0.9998495
3597,TAF11,0.9987728
3598,ATL2,0.99976844
3599,GHITM,0.99986285
3600,VCAM1,0.99983656
3601,ACYP2,0.9995637
3602,WDR70,0.99976426
3603,FCGR2A,0.9998752
3604,CRKL,0.99962693
3605,TBCEL,0.9986433
3606,JOSD1,0.9992105
3607,SLC7A6,0.99943197
3608,EIF3D,0.9995179
3609,METTL23,0.9998482
3610,UBA3,0.99980485
3611,EPS15L1,0.9996419
3612,ADGRF5,0.9979962
3613,PELO,0.99952686
3614,LY96,0.9996746
3615,DNALI1,0.9992875
3616,PSMG2,0.99965084
3617,NIBAN1,0.9995159
3618,SUCLG2,0.99848
3619,REV1,0.9990255
3620,CPLANE1,0.99975693
3621,AP1M1,0.9997403
3622,MTA2,0.99967355
3623,SREBF2,0.9994875
3624,ANKRD40,0.99967813
3625,MORN2,0.9996454
3626,FBXW4,0.99953306
3627,NQO1,0.99993086
3628,UVSSA,0.9997431
3629,PPP2R1B,0.9997592
3630,CBLB,0.99966526
3631,UCKL1,0.99962103
3632,MAN1B1,0.9992484
3633,CAMKK2,0.9994532
3634,BDP1,0.9993868
3635,PGAM1,0.999586
3636,DHX38,0.9983074
3637,AHDC1,0.9995783
3638,ZNFX1,0.9994642
3639,RGS16,0.99993277
3640,ZCCHC24,0.99964505
3641,JTB,0.9996109
3642,BCL9L,0.9995182
3643,RAB8B,0.99926394
3644,DPP9,0.9997617
3645,ANAPC15,0.9996279
3646,ITGA4,0.9997897
3647,GLG1,0.99954975
3648,PIGQ,0.99985427
3649,MLST8,0.9998953
3650,CKLF,0.9982856
3651,ATAD2B,0.998767
3652,PDZRN3,0.99986285
3653,BACE2,0.9997795
3654,COMP,0.9990193
3655,PPIE,0.99953735
3656,TRIP6,0.99981815
3657,RPRD1A,0.99940157
3658,CCDC82,0.99966943
3659,MSMB,0.999389
3660,TUBB4B,0.9999212
3661,MBOAT1,0.99987686
3662,TMEM35B,0.9979232
3663,NFATC4,0.99971485
3664,ACVR1B,0.9996625
3665,TBC1D10C,0.99992025
3666,TRIM4,0.999759
3667,ADAMTS9,0.9995848
3668,HSPD1,0.99937123
3669,TMEM54,0.9990147
3670,INO80B,0.99988854
3671,GUSB,0.9997668
3672,ANOS1,0.9994442
3673,AGGF1,0.99987304
3674,SRF,0.99970657
3675,PRPF39,0.9996618
3676,UTP23,0.99969244
3677,UBAP1,0.9997387
3678,C11orf24,0.99930173
3679,AGO2,0.99952585
3680,BBS9,0.99987525
3681,ZDHHC18,0.99965894
3682,TRIM14,0.9997223
3683,TMEM147,0.99928224
3684,TRAPPC4,0.99984026
3685,CERCAM,0.9996807
3686,VPS54,0.9987782
3687,ACSS2,0.9995815
3688,RMND5A,0.9952324
3689,SMNDC1,0.9991449
3690,CCDC167,0.9996489
3691,UBAC1,0.9999255
3692,PTPRJ,0.99951136
3693,FOXP4,0.9997884
3694,AAAS,0.9998237
3695,RFTN1,0.9995888
3696,SPIDR,0.9998406
3697,OXR1,0.9998476
3698,RNASE4,0.99950475
3699,CUEDC2,0.99966305
3700,RIMKLB,0.9993855
3701,IFI44,0.9989314
3702,SERGEF,0.99928606
3703,CRIPT,0.9996954
3704,PARP9,0.9993744
3705,ZNF277,0.99989307
3706,ADH1B,0.9994715
3707,YIPF5,0.9993742
3708,RYBP,0.9993793
3709,LDOC1,0.9994155
3710,CHMP2B,0.9996031
3711,ABTB1,0.9996544
3712,APOBEC3C,0.9993353
3713,ISLR,0.99849415
3714,CBX4,0.999708
3715,ZDHHC21,0.9997786
3716,SGPL1,0.9996406
3717,STRAP,0.99968624
3718,SCRN1,0.999753
3719,MORC2,0.99956656
3720,AMOTL1,0.9998458
3721,PCOLCE,0.9995602
3722,TBCE,0.9998492
3723,ZNF326,0.9996689
3724,SMIM19,0.9996659
3725,RSF1,0.9994815
3726,EXOC2,0.99953
3727,KIFC3,0.9997662
3728,FMNL2,0.999354
3729,PCSK7,0.9995612
3730,SFT2D1,0.99987763
3731,NDUFA11,0.9993087
3732,DCBLD2,0.9998174
3733,IPO8,0.99964106
3734,CLIC5,0.9998927
3735,CIC,0.9998444
3736,SETD7,0.99977684
3737,BMP2K,0.99983275
3738,BICRAL,0.99958676
3739,SIKE1,0.99974406
3740,KDM6B,0.9995248
3741,FYB1,0.99221516
3742,ITGB1BP1,0.9998187
3743,PTGES2,0.99978524
3744,KCNAB2,0.9988491
3745,ATAD1,0.9994912
3746,DUT,0.9991641
3747,GTPBP4,0.99988633
3748,SRSF4,0.99848235
3749,LBR,0.9995779
3750,TRAPPC8,0.9992148
3751,KDM3B,0.9998252
3752,NCOA3,0.99751616
3753,EIF3L,0.9994494
3754,ATP2A3,0.9998169
3755,PIP5K1A,0.99965847
3756,TSNAX,0.99973136
3757,BCCIP,0.9995867
3758,SUCLG1,0.99811
3759,UBE2D2,0.99975586
3760,EIF2D,0.99882776
3761,STX17,0.99925965
3762,BUB3,0.99926794
3763,CNST,0.99956954
3764,C2orf74,0.999551
3765,GINM1,0.9997791
3766,MVP,0.99981964
3767,PDHB,0.9995486
3768,RALGDS,0.99871844
3769,TBC1D20,0.9997908
3770,DNAJC2,0.9998137
3771,C8orf33,0.9998272
3772,DEXI,0.9996069
3773,VPS37B,0.99971503
3774,SFXN3,0.99894845
3775,ICMT,0.99956906
3776,SNX29,0.9983759
3777,PRRC1,0.9997737
3778,CTDNEP1,0.99932206
3779,TLR2,0.9989494
3780,DROSHA,0.99826527
3781,MICU2,0.99917334
3782,CYP27A1,0.99978226
3783,GPR160,0.9990902
3784,HINT1,0.9994299
3785,DPT,0.9999558
3786,TMEM189,0.99964017
3787,ATP6V0A1,0.9996977
3788,SNRK,0.9998172
3789,SPRY4,0.9992026
3790,ZC2HC1A,0.99967974
3791,PSMB4,0.99968827
3792,ITPR1,0.9998144
3793,ABLIM1,0.999671
3794,CSNK1G2,0.9994299
3795,GRAMD2B,0.9997827
3796,CSK,0.99962443
3797,PTRHD1,0.9998373
3798,DMXL2,0.9996916
3799,SMAD7,0.9996815
3800,SHFL,0.99979895
3801,ENOSF1,0.9999011
3802,TAPT1,0.9994732
3803,ABCC4,0.9992253
3804,STK38L,0.9996864
3805,CCDC130,0.99905074
3806,TFG,0.99969244
3807,MFN2,0.9994602
3808,ABCB8,0.99989396
3809,RAB3IP,0.9995697
3810,SH3GL1,0.9991795
3811,ABHD16A,0.9997767
3812,EIF4E,0.9995681
3813,LRRC59,0.999856
3814,TBC1D10B,0.9996217
3815,TRAPPC6B,0.9984962
3816,TM2D3,0.99958694
3817,NNT,0.99978244
3818,UBE2W,0.99977696
3819,TP53,0.99976665
3820,GJA1,0.99980515
3821,SOD1,0.99946386
3822,ATP8B2,0.99985397
3823,POLR3E,0.99986076
3824,MIEN1,0.9998816
3825,GALM,0.99988925
3826,HIF1A,0.999255
3827,MAEA,0.99946785
3828,DENND3,0.9994755
3829,EIF3J,0.9997196
3830,WDFY2,0.9994339
3831,ZFAND2B,0.99935246
3832,SEPTIN10,0.99967873
3833,SPPL2B,0.9998387
3834,RRAGA,0.99969405
3835,TPST1,0.9988476
3836,STRN3,0.9997423
3837,ADNP,0.99961007
3838,RELCH,0.99945325
3839,PARP10,0.9997624
3840,CELSR1,0.99994516
3841,ELP2,0.9993795
3842,MAP3K13,0.9999034
3843,DDX18,0.9995783
3844,RORA,0.9998862
3845,CKAP5,0.99945813
3846,FMR1,0.9984776
3847,TUBB2A,0.9997393
3848,HERC3,0.9997509
3849,TAOK3,0.9996211
3850,PLEKHF2,0.9997374
3851,DNAJC12,0.99969923
3852,LDB2,0.9997198
3853,MPST,0.999646
3854,CAP1,0.99978864
3855,ZFAND1,0.99915045
3856,SNAP29,0.99802285
3857,CETN2,0.99845016
3858,STAM2,0.9985983
3859,CCDC125,0.99992836
3860,IVNS1ABP,0.9994112
3861,RC3H1,0.99968356
3862,GTPBP1,0.99296725
3863,CMC2,0.9998681
3864,EVPL,0.9998835
3865,EMILIN2,0.9997877
3866,CCS,0.9997423
3867,TNIP2,0.9991132
3868,DESI1,0.9996718
3869,SOS1,0.9992019
3870,PPP4R3A,0.99845755
3871,BTBD7,0.99954164
3872,KLF4,0.9998065
3873,DNAJC13,0.99919856
3874,EIF2B5,0.9997091
3875,DHX16,0.99983895
3876,NT5C3B,0.9997565
3877,NDUFA9,0.9998102
3878,DCAF6,0.9997519
3879,SLC35C2,0.9997657
3880,KAT7,0.9996082
3881,AMOTL2,0.9993827
3882,SLC25A23,0.9993121
3883,PAPSS1,0.99961156
3884,FARSB,0.9994837
3885,SCN7A,0.9998063
3886,PET100,0.9996813
3887,ERCC6L2,0.99986064
3888,FAM160B2,0.99973977
3889,ADPRHL2,0.9992588
3890,DUSP11,0.9995573
3891,PDGFA,0.99705094
3892,HEBP1,0.99964505
3893,RAP2A,0.9997021
3894,PIK3R1,0.99467486
3895,MED29,0.99957144
3896,WDR27,0.9998358
3897,PGP,0.99979174
3898,DOCK2,0.9987157
3899,ITPRIPL2,0.99960345
3900,MPZL1,0.9997075
3901,LPAR6,0.9988907
3902,PDCD10,0.9996724
3903,DOCK10,0.999519
3904,PLEKHO2,0.9993582
3905,PLAAT3,0.9991892
3906,MCCC1,0.9997595
3907,TXNDC12,0.99963695
3908,TTC39B,0.99965256
3909,MESD,0.99931335
3910,C11orf49,0.99976766
3911,EXOC6B,0.9996689
3912,CCDC84,0.9996308
3913,CDR2,0.9994668
3914,MS4A4A,0.99936354
3915,ZNF32,0.999592
3916,ARFGAP2,0.9992606
3917,FAM118A,0.99958515
3918,SIPA1L3,0.9998808
3919,SLC7A7,0.9998167
3920,ANAPC13,0.99894
3921,PHACTR4,0.99951917
3922,N4BP1,0.9995214
3923,EDC4,0.9991002
3924,TOMM6,0.99958783
3925,PAWR,0.9997179
3926,NUP62,0.9991476
3927,TRAF1,0.9994041
3928,KRT23,0.99964684
3929,GIMAP4,0.99495685
3930,DVL1,0.9989599
3931,DBNDD2,0.9988904
3932,UMAD1,0.99959147
3933,ANKZF1,0.9997339
3934,PCID2,0.99963284
3935,LIMD1,0.9998598
3936,PPTC7,0.99978197
3937,DCP2,0.99947023
3938,MAML1,0.9997182
3939,COX7A1,0.99991864
3940,RABEP1,0.9995817
3941,FMNL1,0.9971262
3942,ATXN10,0.9994524
3943,RAD21,0.9996441
3944,MAP2K7,0.9994405
3945,SPRYD3,0.9993719
3946,AP3S2,0.9993083
3947,INPP5A,0.9997805
3948,KCTD3,0.99953854
3949,WDR43,0.9996783
3950,JAG1,0.9998574
3951,PHRF1,0.9989151
3952,USP7,0.9991921
3953,CNP,0.99979573
3954,NDRG3,0.99969023
3955,CTSF,0.99985313
3956,PLXNA3,0.9997789
3957,ETV5,0.99965525
3958,EVI2A,0.99852455
3959,SEZ6L2,0.9999091
3960,CAPN7,0.9993145
3961,DGLUCY,0.99897784
3962,CAVIN2,0.9998215
3963,PITPNC1,0.99977094
3964,COG5,0.9977751
3965,UBD,0.99900544
3966,JAK1,0.9995365
3967,KDM1B,0.9995567
3968,NHLRC2,0.9991679
3969,PPP1R8,0.99965656
3970,CNPPD1,0.99966776
3971,SPTLC1,0.9996344
3972,SSR1,0.999825
3973,UBA6,0.9996942
3974,NCOA1,0.99944323
3975,SOS2,0.9997673
3976,RAB1A,0.9995411
3977,B4GALT2,0.999848
3978,SMOC2,0.999887
3979,ATIC,0.999644
3980,MGST2,0.99966115
3981,ATPAF1,0.99937934
3982,NUP205,0.9992797
3983,MTHFD1L,0.9991514
3984,DDX60,0.9997546
3985,SF3A2,0.99967957
3986,NFKB1,0.9991832
3987,TNC,0.9992725
3988,RAPGEF2,0.999339
3989,WDR11,0.9976961
3990,RARRES2,0.99840957
3991,MAPK6,0.9997169
3992,TAF8,0.99890673
3993,DNAJA1,0.9998024
3994,VDR,0.9996168
3995,TMEM109,0.9993906
3996,CHD8,0.999584
3997,GADD45A,0.99984014
3998,GBP5,0.99824274
3999,THOC2,0.9996582
4000,ATG2B,0.99845564
4001,ZC3H12A,0.9998005
4002,CISH,0.9998415
4003,KSR1,0.9998457
4004,ASPN,0.9996985
4005,ZNF322,0.99970484
4006,TOLLIP,0.99980736
4007,CFAP221,0.9982729
4008,TRIM41,0.9995985
4009,MTURN,0.99970996
4010,UQCRC2,0.99970496
4011,TMEM234,0.9996607
4012,C11orf68,0.99947995
4013,ATG13,0.99968797
4014,DNAJC10,0.9997119
4015,DENND5A,0.9996109
4016,LRCH3,0.99950016
4017,TMEM159,0.9985396
4018,FBRSL1,0.9996176
4019,MAPKAPK5,0.9977331
4020,CFAP20,0.99971807
4021,TRAPPC1,0.9997656
4022,RALA,0.99983865
4023,FBXO9,0.99965525
4024,CERS4,0.99982595
4025,ARID4A,0.9995278
4026,SLIT2,0.9998301
4027,CFAP97,0.99928725
4028,IMMT,0.99955976
4029,SRD5A3,0.9994291
4030,PHLDA3,0.9996191
4031,CXXC5,0.9997134
4032,RNPEPL1,0.99932176
4033,LRIG3,0.9998266
4034,TBK1,0.9997612
4035,ZNF254,0.999802
4036,RBM23,0.99957514
4037,RRAGC,0.9997231
4038,PHF11,0.99966013
4039,FN3KRP,0.998968
4040,ARL15,0.9993345
4041,OTUD5,0.99925995
4042,UBLCP1,0.99965584
4043,IRX3,0.9999151
4044,ARMC10,0.9997543
4045,ZBTB7B,0.99994814
4046,ANAPC7,0.9991752
4047,RNF38,0.99972343
4048,PKN1,0.9994437
4049,NUDT22,0.99961483
4050,FARSA,0.99935687
4051,SNX9,0.9996114
4052,VDAC1,0.99993324
4053,CYLD,0.99921817
4054,FAAP20,0.999794
4055,GTF2H1,0.99961054
4056,IDH3B,0.99957764
4057,MARCH9,0.99958295
4058,LMBRD2,0.99950373
4059,PSMA3,0.9997476
4060,DIP2C,0.9981125
4061,WRNIP1,0.9996662
4062,PDZD11,0.99981135
4063,DERL3,0.9999668
4064,BCL10,0.99952096
4065,SERTAD2,0.99964637
4066,KIAA1109,0.9997317
4067,MYO19,0.99988633
4068,INTS8,0.98759735
4069,IMMP2L,0.9994691
4070,WTIP,0.9992129
4071,UROS,0.9996988
4072,BCL2L11,0.99966127
4073,P2RX4,0.9999056
4074,IL18BP,0.9996589
4075,OGFRL1,0.99962986
4076,PCDH1,0.9990069
4077,RANBP3,0.9991535
4078,RASA1,0.99956673
4079,IPO9,0.9992406
4080,EDIL3,0.9996937
4081,AGO1,0.9995224
4082,XPNPEP1,0.9995596
4083,CLK4,0.9996359
4084,SRPK2,0.99964726
4085,AGAP3,0.9997193
4086,PHTF2,0.9996742
4087,EPN2,0.9992856
4088,ZNF148,0.9998188
4089,MSL2,0.999498
4090,PPP6R2,0.99947166
4091,FAM199X,0.99810314
4092,RBFOX2,0.99977255
4093,KLC1,0.99935925
4094,PRMT1,0.9997444
4095,ZNF680,0.9996994
4096,GNB4,0.9934441
4097,AKTIP,0.99967957
4098,ANP32E,0.99869835
4099,DNTTIP1,0.99985045
4100,TSPAN31,0.9995516
4101,PPP1R3C,0.99973553
4102,CEBPZ,0.99930525
4103,CYB5R4,0.99907523
4104,LATS1,0.99951947
4105,RAB3GAP2,0.999251
4106,ACE,0.999576
4107,BMS1,0.99973553
4108,SCCPDH,0.9998034
4109,ZNF276,0.9995834
4110,HDAC3,0.9993528
4111,OPA1,0.9993545
4112,NKTR,0.99974763
4113,IBTK,0.9994993
4114,PRKAG1,0.99987423
4115,NIT1,0.99984133
4116,SHE,0.9998698
4117,PDZD8,0.9995939
4118,CFAP410,0.9996106
4119,MLKL,0.99950916
4120,FBXO28,0.9997643
4121,P4HTM,0.9998349
4122,RBPJ,0.999601
4123,WDR34,0.9997879
4124,TMEM205,0.9991819
4125,RNF169,0.9996438
4126,HSD17B10,0.9996275
4127,DDI2,0.9994787
4128,SHKBP1,0.99706095
4129,TSN,0.9984077
4130,EPB41,0.99967927
4131,BOD1L1,0.9997042
4132,ARHGAP18,0.99942255
4133,YTHDF3,0.9997412
4134,DDR2,0.9997797
4135,DSE,0.99968755
4136,RAB5A,0.9992894
4137,DENND6A,0.9994235
4138,PRPSAP1,0.99847573
4139,CUL2,0.99951345
4140,MACO1,0.9998695
4141,NR1D1,0.99980557
4142,USP16,0.9981226
4143,SSBP3,0.999695
4144,SAMSN1,0.99958324
4145,SMARCD1,0.99776685
4146,PHACTR2,0.99934006
4147,ELOF1,0.9997128
4148,MAPK1IP1L,0.99897015
4149,MCF2L,0.9998437
4150,GBP1,0.9996414
4151,ARFGAP1,0.9997166
4152,ADARB1,0.9999296
4153,MANBAL,0.99899256
4154,CAMTA1,0.9994804
4155,GALNT1,0.9980513
4156,BRAT1,0.9997322
4157,THUMPD1,0.99959815
4158,CDC42EP1,0.9995054
4159,SNX4,0.9996042
4160,JAK3,0.9995381
4161,RNF103,0.99950343
4162,ZNF704,0.99970293
4163,EMB,0.99950325
4164,BORCS7,0.9998121
4165,PHF3,0.9985107
4166,RWDD1,0.99703693
4167,IGSF9B,0.9988505
4168,AAGAB,0.9994992
4169,CCDC69,0.99975663
4170,RALB,0.9995452
4171,NES,0.9996818
4172,STIM1,0.9993447
4173,TIMM23,0.9998147
4174,CMC4,0.9996662
4175,LSM8,0.9997748
4176,TSPAN1,0.9998128
4177,BRF1,0.99936235
4178,ZNF385A,0.9998004
4179,SOCS1,0.9998473
4180,CEBPG,0.9996095
4181,AASDHPPT,0.9998332
4182,DENND4A,0.9996063
4183,DDHD1,0.99956906
4184,ALG5,0.99972093
4185,L3HYPDH,0.99901754
4186,MYO1G,0.9997144
4187,BCAP29,0.99979687
4188,PMM1,0.99984086
4189,DNAJB12,0.99973166
4190,SRA1,0.9996209
4191,MAVS,0.99975604
4192,BHLHE41,0.99957526
4193,OLFML3,0.9994782
4194,HTATSF1,0.9997691
4195,KDM2B,0.99900377
4196,RAB11FIP3,0.9986979
4197,IAH1,0.99977624
4198,FAT1,0.9998988
4199,MRS2,0.9998067
4200,CIAO2B,0.99988365
4201,C14orf119,0.99946195
4202,SUMF1,0.99989384
4203,CX3CL1,0.9993621
4204,GOLT1B,0.9993575
4205,NEMF,0.9996067
4206,PPP3CC,0.99981993
4207,UBTD2,0.9995925
4208,PLRG1,0.9996422
4209,ATG7,0.9997632
4210,ABCD3,0.99987584
4211,PRCP,0.9996377
4212,C1orf174,0.99910057
4213,DENND2D,0.99974525
4214,FNDC3A,0.99859965
4215,SLC25A13,0.9991811
4216,ZNF83,0.99969196
4217,CHPT1,0.99975014
4218,ANAPC4,0.9994612
4219,IMPDH2,0.9995723
4220,PPCS,0.9993826
4221,CIR1,0.9998404
4222,GATD1,0.9996939
4223,ANKRD44,0.9996867
4224,THBD,0.9996479
4225,ZNRD2,0.99965954
4226,PARL,0.99953145
4227,ERGIC1,0.9995651
4228,FRMD4A,0.9995427
4229,SMG1,0.9992031
4230,SFMBT2,0.9997492
4231,HEBP2,0.99948895
4232,ACO1,0.9996111
4233,KLHL6,0.99970615
4234,TPP2,0.9994699
4235,FKBP8,0.9995023
4236,ZDHHC8,0.99962026
4237,REPS1,0.999131
4238,VPS13D,0.9995198
4239,NOP56,0.99972457
4240,SIRT2,0.9997718
4241,HSPB8,0.99931717
4242,GYPC,0.9989648
4243,SENP2,0.9998376
4244,GTF2H5,0.999725
4245,PRPF31,0.9996749
4246,PTPRU,0.99987775
4247,DOCK8,0.9997247
4248,ABHD12,0.9997834
4249,YIF1B,0.9994701
4250,SCEL,0.9998995
4251,ITPK1,0.9997916
4252,SFT2D2,0.9997835
4253,NCBP3,0.99956095
4254,DHX8,0.9994014
4255,TMPRSS11E,0.99905187
4256,SRC,0.9996432
4257,RUSC1,0.9997225
4258,ARID5A,0.99991024
4259,PGAP2,0.99984694
4260,MMS19,0.99974763
4261,PRKCA,0.9998249
4262,LEPROT,0.99942505
4263,TRAF5,0.99963886
4264,NR1H3,0.9997953
4265,C11orf80,0.99949634
4266,SGSM3,0.99984246
4267,AFAP1,0.9996225
4268,NOP10,0.9996316
4269,SLC4A7,0.99860686
4270,CMAS,0.999869
4271,SVBP,0.9995653
4272,WDFY3,0.999588
4273,VAMP7,0.9997276
4274,ST3GAL4,0.9997326
4275,DENND1A,0.9995384
4276,METAP2,0.9995373
4277,NAE1,0.99982566
4278,MGAT2,0.9994057
4279,RIT1,0.99977016
4280,SUPT16H,0.9997964
4281,AP5Z1,0.9995092
4282,ZYG11B,0.9997245
4283,MEF2C,0.9997862
4284,FPGS,0.99976647
4285,MTHFD2,0.9997072
4286,KIAA1191,0.9996382
4287,TOMM70,0.99950916
4288,CHD1,0.9995512
4289,VCP,0.9996255
4290,MCFD2,0.99975336
4291,FBXW8,0.9996498
4292,CD2BP2,0.99980193
4293,IP6K2,0.9998438
4294,TINAGL1,0.9994787
4295,DERA,0.9998063
4296,ELMO2,0.99945766
4297,SLC25A4,0.9989804
4298,QSER1,0.99957484
4299,TRAM2,0.99939364
4300,PCCA,0.9997905
4301,NCOA2,0.9998554
4302,SART1,0.9995702
4303,CCDC159,0.99954206
4304,SCARF2,0.9996604
4305,ARSD,0.99995327
4306,TSC2,0.9996648
4307,BASP1,0.9990077
4308,KIFAP3,0.9984044
4309,DPP8,0.9996098
4310,VRK3,0.9996538
4311,TRAF3IP3,0.9998746
4312,VSIR,0.9998275
4313,BAD,0.99978554
4314,NAALADL2,0.99980927
4315,CEP350,0.99967134
4316,FKBP5,0.9993658
4317,PPM1G,0.99972075
4318,COX17,0.9995743
4319,MNAT1,0.99973315
4320,ENOPH1,0.99954176
4321,ANO9,0.9998516
4322,TBC1D22A,0.9990651
4323,ENGASE,0.9995896
4324,CEBPZOS,0.9996643
4325,NACC1,0.99967116
4326,NBAS,0.9990629
4327,UBL5,0.9995287
4328,AP2M1,0.99799955
4329,SLC15A4,0.9997488
4330,GTF3C1,0.9990209
4331,PRKRA,0.99979675
4332,ARHGAP9,0.99926645
4333,PIGO,0.9997074
4334,GOLGA7,0.9996058
4335,IDO1,0.99967086
4336,ATP9B,0.9995735
4337,IER3IP1,0.9997072
4338,HNRNPM,0.9995514
4339,TMEM214,0.997337
4340,EXT2,0.9998522
4341,RNF220,0.99922115
4342,POLR2C,0.9999164
4343,ACSF3,0.99876547
4344,FYN,0.9994952
4345,GBA,0.99877614
4346,DCAF11,0.9995661
4347,CDC34,0.9995856
4348,SNX8,0.9996804
4349,ZNF76,0.9991088
4350,STRN4,0.9995041
4351,SGPP1,0.99852884
4352,DHX40,0.99979985
4353,INTS1,0.99908626
4354,COX7A2,0.9996171
4355,FGF7,0.9998522
4356,ATF5,0.999792
4357,BBS2,0.9997325
4358,MAN1A2,0.9997242
4359,HSDL2,0.9996089
4360,KIF16B,0.999327
4361,EVA1B,0.99943
4362,PREX1,0.9996769
4363,CA13,0.9998695
4364,PTPRA,0.99690723
4365,NUP133,0.9992075
4366,ARFIP1,0.99965
4367,ARMCX3,0.9994728
4368,KDM1A,0.99944127
4369,CD84,0.9998001
4370,CD96,0.999884
4371,PDP1,0.999822
4372,RPRD2,0.99958116
4373,YES1,0.9995063
4374,GCHFR,0.99971855
4375,RCSD1,0.9997792
4376,SGSM2,0.9992393
4377,HSD17B11,0.998085
4378,NECAP1,0.9987599
4379,NPL,0.99977076
4380,SAV1,0.9997465
4381,SLC30A7,0.99976224
4382,PPP2R2A,0.9998511
4383,APTX,0.9996812
4384,MON1B,0.99930763
4385,PTGER4,0.9977542
4386,SNX21,0.9997963
4387,TULP4,0.9993488
4388,TMEM185A,0.9959141
4389,PTPRM,0.9996604
4390,ACBD5,0.99979955
4391,LSM2,0.99969864
4392,NBN,0.9990145
4393,SPEG,0.99817306
4394,UEVLD,0.99966145
4395,NFYC,0.9997984
4396,CBR1,0.9997255
4397,VAC14,0.99948055
4398,ANKH,0.9995173
4399,SDF2,0.9997945
4400,AGTPBP1,0.998431
4401,GGT5,0.99947226
4402,NR2F6,0.99986374
4403,CARM1,0.99928886
4404,GSDMB,0.99975336
4405,PSME4,0.995969
4406,WDR41,0.999472
4407,EZH1,0.9996258
4408,ASL,0.99940455
4409,EHD4,0.9996363
4410,NFATC2IP,0.9996168
4411,LONP1,0.9980858
4412,CDK13,0.99946547
4413,GBP3,0.99979925
4414,CDCA7L,0.99948204
4415,CPSF2,0.999561
4416,KLHL21,0.9998102
4417,U2AF1L4,0.99897367
4418,ITGAL,0.9992582
4419,ZC3H18,0.9997781
4420,MED14,0.99953365
4421,TJP1,0.999553
4422,RPRD1B,0.9997307
4423,ARHGAP15,0.99873626
4424,RNF128,0.9984063
4425,KAT6B,0.99986184
4426,VPS11,0.9994842
4427,SPAST,0.99978125
4428,NADK,0.99971676
4429,CHST15,0.99936676
4430,NUP43,0.99962664
4431,CASP9,0.99970406
4432,GSR,0.99962455
4433,RAB40C,0.9998649
4434,PLOD3,0.9995799
4435,TRIM24,0.9998163
4436,KCTD10,0.99922407
4437,SUPT20H,0.99974936
4438,DIP2A,0.9993018
4439,CEP83,0.9996831
4440,PHF2,0.9998002
4441,ALOX15B,0.99983895
4442,ASCC2,0.9996522
4443,CCDC12,0.9992477
4444,RARS2,0.99878484
4445,STAG2,0.9993721
4446,SLC35D2,0.9996832
4447,GMDS,0.99973917
4448,ZNF783,0.9969676
4449,ELAC2,0.9988534
4450,COL9A2,0.9992798
4451,COBLL1,0.99869215
4452,KDELR1,0.9997099
4453,TWSG1,0.9997241
4454,SKAP1,0.99888706
4455,SPAG7,0.9996877
4456,TRRAP,0.9997023
4457,MCTP2,0.99958915
4458,DDOST,0.99961394
4459,VPS4B,0.99968404
4460,VASH1,0.9998592
4461,NDEL1,0.9997817
4462,XAB2,0.99976933
4463,SCNM1,0.99968207
4464,WDR81,0.99972665
4465,USP40,0.99947417
4466,WFS1,0.9996258
4467,NOP58,0.99955356
4468,DDX39A,0.9994262
4469,DENND1B,0.9994707
4470,KIAA2026,0.9997795
4471,SEC23B,0.9996847
4472,CSTF2T,0.99692523
4473,PPP1R35,0.99932575
4474,SLCO4C1,0.99952114
4475,SORBS2,0.999399
4476,JMJD8,0.9998314
4477,ATP6V1D,0.9987456
4478,MGMT,0.9994958
4479,RPAIN,0.99975765
4480,EVA1C,0.99973714
4481,PTPRE,0.99904823
4482,ANGPTL2,0.9999344
4483,ATG101,0.9998301
4484,KMT2B,0.9997395
4485,RLF,0.9997741
4486,PDS5A,0.9996465
4487,FAM3A,0.999613
4488,COMMD9,0.9998313
4489,PTBP1,0.9997424
4490,STK10,0.99890244
4491,TUBGCP3,0.99965316
4492,ZC3H13,0.9992343
4493,TPCN1,0.999784
4494,CAPZA2,0.9997212
4495,TRIM25,0.9995955
4496,LRRC14,0.99981487
4497,POLR3GL,0.9992384
4498,ABCA5,0.99986887
4499,SF3B1,0.99947596
4500,SCAND1,0.9995019
4501,HPS3,0.99967146
4502,DAXX,0.9995433
4503,ZZEF1,0.9992533
4504,GNL3L,0.99900997
4505,TIMM17B,0.9997738
4506,SGCB,0.9997555
4507,OTULIN,0.998961
4508,GIPC1,0.99927056
4509,DDX56,0.9995369
4510,ANAPC2,0.9995508
4511,CHMP6,0.9995713
4512,YIPF6,0.9998369
4513,FAM13B,0.9992317
4514,NELFA,0.99961245
4515,FER,0.9996275
4516,SKAP2,0.99877626
4517,PTPRG,0.9998215
4518,NGRN,0.9998094
4519,ADAM33,0.99992895
4520,AGAP1,0.9960243
4521,TENT5A,0.9996297
4522,CDS2,0.99936616
4523,LSM10,0.99967
4524,ZNF580,0.9997036
4525,GGA1,0.9995621
4526,CCT3,0.9998902
4527,IVL,0.99964696
4528,NSD3,0.9995906
4529,C17orf75,0.99979717
4530,ADM,0.9995453
4531,SAT2,0.99969417
4532,AGO3,0.9995735
4533,MAPKAPK3,0.99960816
4534,LSM1,0.9996134
4535,IER5,0.99973047
4536,GIGYF2,0.99934846
4537,MMP9,0.9991992
4538,BLCAP,0.99965286
4539,ANKRD13C,0.9975866
4540,ACTR2,0.9993249
4541,ACSL1,0.99938756
4542,ZMYM3,0.9982026
4543,CLASP2,0.9996964
4544,GXYLT2,0.9994404
4545,CDK14,0.99978244
4546,CRBN,0.99964315
4547,B3GNT2,0.999821
4548,CRCP,0.9995146
4549,PNPLA6,0.9997883
4550,ZCCHC7,0.99964476
4551,SMIM20,0.99953604
4552,CPNE2,0.9998352
4553,CLPP,0.99913025
4554,GET1,0.99967605
4555,ODR4,0.99976957
4556,ZNF460,0.999653
4557,COX6B1,0.9988058
4558,PCF11,0.9995866
4559,SMPD4,0.9995675
4560,TMEM87A,0.99936646
4561,POLE3,0.99835074
4562,PIKFYVE,0.9988081
4563,DEAF1,0.99954927
4564,PDGFC,0.99951935
4565,STYX,0.9993777
4566,ASAP2,0.99981534
4567,KIF3B,0.9995639
4568,CHRDL1,0.999915
4569,ZNF264,0.9996449
4570,DNAJC15,0.9992994
4571,TOM1L1,0.9999035
4572,NONO,0.9997327
4573,PHLDA2,0.99993926
4574,GALNS,0.9997317
4575,C4orf48,0.99993736
4576,TEAD2,0.99963075
4577,INTS10,0.99986136
4578,FXYD1,0.99978083
4579,PSMB6,0.99954796
4580,SLC33A1,0.99958754
4581,DPP4,0.99985236
4582,MYCBP2,0.9996945
4583,SPRY2,0.99965125
4584,ELOC,0.99986345
4585,NUBP1,0.99989426
4586,PPIP5K2,0.9996071
4587,PEPD,0.99916685
4588,FAM32A,0.99886674
4589,XPC,0.9995181
4590,PRUNE2,0.9996969
4591,G0S2,0.9998131
4592,TANC1,0.9996378
4593,GATAD1,0.9987768
4594,HERC2,0.9995786
4595,RBBP7,0.99950206
4596,CTNNAL1,0.9997411
4597,THADA,0.9956725
4598,PCBP1,0.9992653
4599,TMEM167A,0.9985012
4600,MYD88,0.99947137
4601,BAK1,0.9998349
4602,NOL7,0.99982023
4603,SMYD2,0.9998752
4604,IL10RB,0.9996812
4605,MPZL2,0.99992704
4606,NUP160,0.99958915
4607,CTTNBP2NL,0.99938315
4608,NABP2,0.9997388
4609,BFAR,0.999747
4610,NUP107,0.99950045
4611,LIMK2,0.99988
4612,GAS7,0.99924076
4613,ATP6V1H,0.9997938
4614,LSS,0.99956846
4615,TCN2,0.9995243
4616,NECAB3,0.99987984
4617,CEP120,0.9996661
4618,ERG28,0.9996213
4619,TCF21,0.99911195
4620,SYK,0.999503
4621,MAN2A2,0.999495
4622,FNBP1L,0.99955624
4623,ACSS1,0.99967605
4624,KLHDC3,0.9995395
4625,ATP8A1,0.99958783
4626,PPP1CC,0.9988373
4627,TRAK2,0.9996454
4628,SULF1,0.99982244
4629,SLC39A13,0.9994992
4630,EMC8,0.99960023
4631,RASA2,0.99945414
4632,FHL2,0.9996618
4633,CZIB,0.999469
4634,GRHPR,0.99908036
4635,ADAM28,0.99941385
4636,SVEP1,0.9996635
4637,APOL3,0.9998808
4638,NICN1,0.9995497
4639,SEMA4B,0.99984246
4640,FMO5,0.99597704
4641,ZER1,0.999576
4642,KRT80,0.9999374
4643,RAPGEF6,0.99944925
4644,VGLL4,0.99982405
4645,CRLF3,0.9996319
4646,SOGA1,0.9997549
4647,PITPNM1,0.99945796
4648,PIAS1,0.9996004
4649,ASNSD1,0.9981319
4650,ATP5F1C,0.99941385
4651,CDK5RAP2,0.9997099
4652,BTN2A2,0.9993602
4653,AKAP10,0.9992809
4654,MIB2,0.99870586
4655,SELENOO,0.9986065
4656,DUSP5,0.9998787
4657,SEMA4D,0.99989927
4658,RAD50,0.99972856
4659,TAPBPL,0.9994608
4660,DOCK11,0.9995681
4661,CDK17,0.9997152
4662,NOD1,0.9994377
4663,OGFOD3,0.9998167
4664,ADAMTSL4,0.9994279
4665,PTPN23,0.9993583
4666,HS2ST1,0.9995378
4667,ERP29,0.99961597
4668,UBAC2,0.9994243
4669,PKN2,0.9994439
4670,GALNT2,0.99862736
4671,VWA8,0.9998329
4672,FAM114A2,0.99968356
4673,CLPX,0.99946344
4674,PEF1,0.99943525
4675,TATDN2,0.99955356
4676,NAV2,0.99837476
4677,PLEKHA1,0.999575
4678,NSMCE2,0.9997964
4679,SEC16A,0.99938595
4680,FBXL4,0.999293
4681,SFSWAP,0.99977875
4682,AMDHD2,0.99863565
4683,KIAA1324,0.99993765
4684,ATP5PB,0.9997138
4685,CGNL1,0.9997366
4686,ALG3,0.99983233
4687,COL17A1,0.9998849
4688,COPE,0.9983767
4689,VBP1,0.9995068
4690,SNX17,0.9969944
4691,SPSB2,0.99971056
4692,ABCG1,0.99937534
4693,PIN1,0.9992126
4694,HPS1,0.9993576
4695,GDI2,0.99963486
4696,SMCO4,0.9997529
4697,ERCC5,0.9992918
4698,SCAMP3,0.9998468
4699,RBM19,0.99965066
4700,MON2,0.9980208
4701,SRP54,0.9991495
4702,NCKAP1L,0.99692535
4703,GIGYF1,0.9989627
4704,LARP7,0.999668
4705,RILPL2,0.9998601
4706,ITGB4,0.99987376
4707,MALL,0.99979943
4708,CHCHD1,0.9997638
4709,CRAMP1,0.9989508
4710,MYBBP1A,0.99937373
4711,ALKBH7,0.9995785
4712,DNPEP,0.9995475
4713,FBXO11,0.9988047
4714,COMMD3,0.9993353
4715,SCARA3,0.99985904
4716,AP3M1,0.9998104
4717,MGA,0.99951345
4718,B4GALT7,0.99960726
4719,UBE2K,0.9984461
4720,MECOM,0.9997984
4721,ARHGEF25,0.9998187
4722,SIK3,0.99976474
4723,PDPR,0.9982931
4724,EHBP1,0.9994583
4725,ECSCR,0.99974173
4726,YY1,0.99959975
4727,TRPM7,0.99963915
4728,EFEMP2,0.99980986
4729,NUP54,0.9989397
4730,PIGF,0.9995781
4731,METTL5,0.99891317
4732,RPAP3,0.99982977
4733,RAMP1,0.9998902
4734,FTSJ1,0.9996654
4735,CXXC1,0.9995235
4736,TMEM65,0.9996948
4737,PKD1,0.99987376
4738,XPO5,0.9998015
4739,MARVELD1,0.9997433
4740,SHROOM3,0.9998004
4741,SDR16C5,0.99867594
4742,CALHM2,0.9998627
4743,LDLRAP1,0.9998213
4744,PWP1,0.9972092
4745,TAF1C,0.9997488
4746,DENND4B,0.99901426
4747,ARRDC2,0.99963534
4748,MIGA1,0.99913204
4749,SFN,0.9999112
4750,ERC1,0.9994367
4751,HLTF,0.9993528
4752,MIB1,0.9993413
4753,TOM1,0.9995511
4754,NDRG2,0.9996282
4755,SRPX2,0.99949473
4756,PLIN3,0.997959
4757,HECA,0.9995505
4758,DIXDC1,0.9998816
4759,CLK3,0.9996683
4760,PATL1,0.99976987
4761,MIIP,0.9994677
4762,MFSD14A,0.99904144
4763,FGFR1OP2,0.9994861
4764,FAM174A,0.99989736
4765,TTC39C,0.99972755
4766,SATB1,0.9998144
4767,BBS1,0.9995097
4768,SBF2,0.99948263
4769,GTF2A2,0.9995106
4770,ARL16,0.9993911
4771,PSKH1,0.9996969
4772,EHMT2,0.99972427
4773,S1PR1,0.99991685
4774,ME2,0.99971676
4775,PACSIN2,0.99892807
4776,SLC37A1,0.9997853
4777,RC3H2,0.9996501
4778,ARMC1,0.9998485
4779,PRKCZ,0.9999374
4780,DENND10,0.99860543
4781,AVPI1,0.99979436
4782,SS18L1,0.9996282
4783,SMURF1,0.9977749
4784,VPS8,0.99946517
4785,ECD,0.99972856
4786,HSPB6,0.99971515
4787,CYHR1,0.999427
4788,SLC31A1,0.99965155
4789,FERMT3,0.99978113
4790,NCF4,0.9993442
4791,POLR3H,0.99924195
4792,MIA2,0.9991652
4793,MAN2B2,0.9985968
4794,PAK2,0.9993488
4795,DDX39B,0.9994295
4796,MUS81,0.9973394
4797,SYS1,0.99969566
4798,FAM83H,0.99988186
4799,NCALD,0.99930227
4800,COL15A1,0.99952555
4801,ZNF330,0.99934417
4802,UQCC3,0.9997748
4803,MIF4GD,0.99961567
4804,PTGFRN,0.99843615
4805,RDX,0.9995308
4806,GOT2,0.9996335
4807,CLIC2,0.99940264
4808,FAM3B,0.99899167
4809,TNFRSF10B,0.99976283
4810,WDR59,0.9997269
4811,HAPLN3,0.99943906
4812,GLCCI1,0.99813974
4813,TTC19,0.99987584
4814,BAIAP2L1,0.9998013
4815,FOXN2,0.9993267
4816,OBSL1,0.99951553
4817,RAF1,0.99928856
4818,MMUT,0.99949104
4819,FTO,0.9995332
4820,TFCP2,0.9996458
4821,ARHGAP24,0.9996706
4822,FAM193A,0.9996023
4823,PRELID3B,0.9996244
4824,MAP3K1,0.9992323
4825,ZNF593,0.99984896
4826,RAMP3,0.99979746
4827,PCYT1A,0.9981678
4828,APBB3,0.99950206
4829,XPO6,0.99959934
4830,PHLDB2,0.999438
4831,USP10,0.9996241
4832,MECP2,0.9996886
4833,RDH10,0.9996147
4834,GCN1,0.99945223
4835,BAG2,0.9995948
4836,RIPK2,0.99616337
4837,PEX11B,0.99965733
4838,HUWE1,0.99953985
4839,DNAJB2,0.99980545
4840,CXCL2,0.999823
4841,USP54,0.99931544
4842,DOCK5,0.99976856
4843,NCK2,0.99926364
4844,CTPS2,0.9998864
4845,VWA5A,0.99982965
4846,TTC7A,0.9995391
4847,DTX3,0.99977493
4848,APBB2,0.9998414
4849,DUSP7,0.9996522
4850,SEC24B,0.9991108
4851,DAAM1,0.99976426
4852,ESAM,0.9997597
4853,POMGNT1,0.99954253
4854,MUC15,0.99843025
4855,SLC25A28,0.9996545
4856,MFAP2,0.9995987
4857,CWF19L2,0.9996867
4858,TMEM129,0.9991931
4859,RNF126,0.9994176
4860,KRAS,0.99980307
4861,ZNF281,0.99979913
4862,CLUAP1,0.9998992
4863,TDP2,0.99954116
4864,DNTTIP2,0.9995632
4865,MAPK10,0.99979925
4866,ATG5,0.9997808
4867,TMEM238,0.9998592
4868,TAF2,0.99966365
4869,GSK3B,0.99667853
4870,CES1,0.99953544
4871,RCC1L,0.9997425
4872,PCMTD2,0.99900836
4873,BMI1,0.99963903
4874,EFNA5,0.99977267
4875,GOLGB1,0.9974252
4876,MAGEH1,0.99978006
4877,ITPA,0.9995122
4878,PLAU,0.99910706
4879,PRPS2,0.9995011
4880,MPG,0.9982336
4881,CCDC93,0.9996327
4882,FNIP2,0.99825925
4883,PWWP2A,0.9992283
4884,WFDC3,0.99990004
4885,AHCYL2,0.9998382
4886,CEP57,0.9990798
4887,CCDC88B,0.9998641
4888,TCEAL9,0.9996136
4889,SIGMAR1,0.9990075
4890,SLC25A24,0.9992343
4891,ARF3,0.9987154
4892,ARHGEF38,0.9993235
4893,LAMP3,0.9996128
4894,CHCHD5,0.9997325
4895,PPP1R13L,0.9997598
4896,OAF,0.9998894
4897,EFHC1,0.99985397
4898,ZNF444,0.9996912
4899,BORCS5,0.99919
4900,AMPD2,0.99847156
4901,FAM20B,0.99948233
4902,TRIM56,0.9998913
4903,PPP2R2D,0.9990199
4904,NDUFA8,0.9995082
4905,TOP1MT,0.9995101
4906,ZDHHC5,0.99963444
4907,COQ7,0.9997263
4908,LRCH1,0.9997276
4909,KDM4A,0.9995793
4910,FAM160A2,0.9995702
4911,RNF144B,0.9996189
4912,PIGK,0.9995538
4913,IFRD1,0.9995176
4914,MAPRE3,0.9993367
4915,UBXN11,0.9996458
4916,POLR2G,0.99929154
4917,ANKRD27,0.9995899
4918,IQGAP2,0.99921036
4919,PLBD1,0.9996918
4920,ME3,0.99965733
4921,ITPRID2,0.99946845
4922,LPAR1,0.99992496
4923,MCM4,0.99985886
4924,DCAKD,0.9985263
4925,BRPF3,0.9998745
4926,DMPK,0.99978054
4927,TIMMDC1,0.9997791
4928,PAXBP1,0.9995022
4929,PRPF18,0.99931556
4930,CLK2,0.99974984
4931,ZBED1,0.9995764
4932,ADAM19,0.99988806
4933,HNRNPK,0.9976619
4934,DCUN1D4,0.99942493
4935,CNOT4,0.9995521
4936,ACVR1,0.99959165
4937,DDX54,0.99951535
4938,B3GAT3,0.99967164
4939,COPZ1,0.9993316
4940,ATP5MC3,0.9997691
4941,FXR1,0.9995903
4942,PIK3R2,0.9993361
4943,PPP1R16A,0.9999093
4944,NR2C2,0.9996602
4945,CASP2,0.99939144
4946,ENKD1,0.9997532
4947,AKIP1,0.9997331
4948,TNKS,0.99967325
4949,VIRMA,0.99940395
4950,GLIPR1,0.997237
4951,KDM7A,0.9997436
4952,TRAPPC2L,0.9998058
4953,ALG2,0.9989397
4954,AHCY,0.99954623
4955,ULK4,0.9997268
4956,RAB2B,0.99914753
4957,HMGCL,0.9969038
4958,STK11,0.9994992
4959,DIPK2A,0.9992278
4960,DAPK1,0.9997328
4961,IFT43,0.9998089
4962,ZNF512B,0.9991884
4963,SLC37A3,0.99949443
4964,URB1,0.99971056
4965,MTERF4,0.9995383
4966,RELL1,0.9994184
4967,LYPLAL1,0.99956864
4968,H2AFY,0.9994768
4969,C11orf71,0.9996873
4970,ATG14,0.9989654
4971,CIAO2A,0.99926025
4972,SLC39A10,0.99912196
4973,MYEF2,0.9996174
4974,ACIN1,0.9995844
4975,TPST2,0.995557
4976,RABGGTA,0.9996551
4977,COL27A1,0.9993205
4978,WDR45,0.9997262
4979,VAV3,0.9980148
4980,PHC1,0.99964654
4981,VCPIP1,0.99828863
4982,TAGAP,0.99971855
4983,UQCC1,0.9989131
4984,GARS,0.99974144
4985,DIAPH2,0.9996107
4986,COPS3,0.99956
4987,ERMARD,0.99965656
4988,RSBN1L,0.99945486
4989,NR2F1,0.9999013
4990,TMEM18,0.99942887
4991,GIMAP7,0.9997204
4992,LAMTOR3,0.99948406
4993,INAFM1,0.9997077
4994,HMGB2,0.9997374
4995,TNFAIP1,0.9994429
4996,COX15,0.99965
4997,MLLT3,0.999798
4998,C12orf10,0.99939
4999,CRELD1,0.9997616
5000,DHRSX,0.99929124
5001,SLC39A9,0.9996069
5002,YIPF2,0.9995872
5003,CBX5,0.9993259
5004,VPS72,0.99939346
5005,PLEC,0.99677503
5006,RBM15B,0.9991682
5007,USP5,0.9997112
5008,C5orf24,0.9993903
5009,ALMS1,0.99953353
5010,TNFRSF25,0.999683
5011,ALAD,0.9995612
5012,MS4A15,0.9986289
5013,FAM168B,0.9996544
5014,GMPPB,0.9995758
5015,HID1,0.99986
5016,TMEM204,0.9995414
5017,DCUN1D3,0.99880123
5018,PPIL1,0.99977267
5019,ARF4,0.99941933
5020,RBM14,0.99873143
5021,NUP42,0.9996873
5022,RAB22A,0.9998333
5023,HMGN4,0.99510944
5024,RILPL1,0.99937886
5025,GPR137B,0.99979603
5026,MTMR2,0.9992038
5027,USP8,0.998658
5028,NMRK1,0.9996697
5029,VDAC2,0.9992323
5030,CLASP1,0.99920976
5031,MARCH2,0.9994523
5032,RDH11,0.99936163
5033,CSNK1G3,0.9996308
5034,CLIP4,0.9994127
5035,PTPN6,0.9990715
5036,AP4B1,0.9994284
5037,NDUFS1,0.99971294
5038,MBTD1,0.9990619
5039,CHI3L1,0.99925804
5040,ELK3,0.99948376
5041,DKC1,0.9997965
5042,LRRC58,0.9992161
5043,GBF1,0.99938756
5044,SRSF1,0.99946415
5045,INPP5D,0.9996222
5046,RPA1,0.9988559
5047,SASH3,0.99960023
5048,MIER1,0.99773043
5049,CHMP7,0.9996029
5050,PRKACB,0.9994794
5051,CNIH1,0.99967194
5052,HRAS,0.99967766
5053,NGLY1,0.9963187
5054,HAX1,0.9997266
5055,FOXJ3,0.9995184
5056,RICTOR,0.9987879
5057,COMMD4,0.9986647
5058,NELFB,0.99879235
5059,ITSN2,0.9983428
5060,KLHL22,0.99908125
5061,PIP5K1C,0.9994384
5062,SH3D19,0.9991514
5063,RP2,0.9995044
5064,NPC1,0.9995085
5065,PAPOLA,0.9994658
5066,MLH1,0.9988588
5067,FAM76A,0.9994421
5068,ZSCAN18,0.99974203
5069,ZNHIT6,0.99890184
5070,DTNBP1,0.9995295
5071,CSNK2B,0.9995721
5072,ARHGAP31,0.99971646
5073,TBRG4,0.9997102
5074,PCED1B,0.99918365
5075,ZNF512,0.999194
5076,RNF31,0.9992363
5077,SPATA20,0.9996689
5078,DYNLT3,0.9989235
5079,RBM42,0.99925613
5080,SMC5,0.9981778
5081,CKS1B,0.999792
5082,GTF3C6,0.9997202
5083,SMIM26,0.99769974
5084,ATRN,0.9991621
5085,KDM6A,0.9981102
5086,CCDC127,0.9997512
5087,PIK3CD,0.99964494
5088,CISD3,0.9995178
5089,USP6NL,0.99799955
5090,MYO10,0.9997495
5091,TMC8,0.99678487
5092,HSPA9,0.9996804
5093,OSGEP,0.99906653
5094,SLC43A2,0.99973994
5095,POLM,0.99962634
5096,DIS3,0.9987588
5097,FAM104B,0.99961984
5098,THYN1,0.9994728
5099,SLC22A17,0.999751
5100,MYSM1,0.9993892
5101,WDR37,0.9991951
5102,IL6R,0.9998
5103,COG3,0.98847663
5104,TNFSF13B,0.9997408
5105,PPP1R37,0.9993726
5106,RABGEF1,0.9994887
5107,MITD1,0.99962693
5108,FOXO1,0.9989384
5109,UBE2J2,0.9997692
5110,LRTOMT,0.9998766
5111,IMP4,0.99960935
5112,ANKRD26,0.999531
5113,MEX3D,0.99989015
5114,RIC1,0.99983597
5115,POLE4,0.9973272
5116,SELENOK,0.99967015
5117,PABPC4,0.9991339
5118,TBCK,0.99956816
5119,ERO1B,0.9996932
5120,STXBP3,0.9988863
5121,STIMATE,0.99910897
5122,ZC3H7B,0.9995921
5123,CCP110,0.9999011
5124,ZNF22,0.9990282
5125,ASB8,0.99935186
5126,CYP20A1,0.99932927
5127,ACADM,0.99927616
5128,HTT,0.99938715
5129,MED12,0.9989672
5130,SFI1,0.99973345
5131,NOC3L,0.99936694
5132,C9orf72,0.9998692
5133,ZNF692,0.99988574
5134,EIF4EBP1,0.9994265
5135,SLC2A3,0.9992393
5136,DLG3,0.9998957
5137,PRPF38A,0.99959946
5138,SH3BP4,0.9998892
5139,CD34,0.9988019
5140,MAP4K3,0.99964684
5141,FNTA,0.99936277
5142,NOMO1,0.9999081
5143,BORCS8,0.9980105
5144,LRIG2,0.99919444
5145,IER5L,0.9996544
5146,C3AR1,0.9996293
5147,CHD6,0.99913013
5148,ZCCHC14,0.9995572
5149,TRMT1L,0.99934685
5150,GALC,0.998736
5151,YAF2,0.9995106
5152,COASY,0.9997765
5153,BRD3,0.99960995
5154,DPCD,0.9997856
5155,PAIP2,0.99976337
5156,STN1,0.99975026
5157,SIAH1,0.9996425
5158,STAT4,0.999457
5159,PLEKHH3,0.9997036
5160,HES4,0.99988234
5161,PPP2R3B,0.99978
5162,ASCC3,0.9993286
5163,ARL3,0.9990238
5164,UBXN2B,0.999561
5165,B4GALT3,0.9991171
5166,RAB4B,0.9994934
5167,MID1,0.99950874
5168,CCDC28A,0.9997573
5169,SACM1L,0.9981947
5170,MMP15,0.9999116
5171,HNRNPR,0.9991978
5172,OFD1,0.99968255
5173,CALHM6,0.9988763
5174,EXOC6,0.9997114
5175,PAN2,0.99912995
5176,AP1S1,0.9998334
5177,AMD1,0.99958646
5178,ARF5,0.9992689
5179,JAK2,0.99754065
5180,NRIP1,0.99924123
5181,CRYZ,0.9998827
5182,MCTS1,0.9996316
5183,PLPP2,0.9995114
5184,ARHGAP26,0.9996936
5185,SCIN,0.99969673
5186,ERCC3,0.9993315
5187,APBA2,0.99980676
5188,TSPAN33,0.99971354
5189,MBD4,0.9996872
5190,ABHD14B,0.99968785
5191,SLC41A2,0.9993639
5192,CIZ1,0.9995204
5193,ZC3H3,0.99969995
5194,PDLIM5,0.99981624
5195,ROGDI,0.9997877
5196,PARVG,0.9995182
5197,SLC35A4,0.99932194
5198,SPIRE1,0.9991848
5199,ANKRD52,0.9995457
5200,CPEB2,0.9995119
5201,ANKIB1,0.99890554
5202,TBL3,0.99948615
5203,IL4I1,0.9990314
5204,PCNX2,0.9996063
5205,KRT10,0.9994095
5206,RUVBL1,0.99973154
5207,ABCB7,0.9991948
5208,SLC35B3,0.99937457
5209,TOX3,0.9987154
5210,AKAP6,0.99931896
5211,NAA15,0.9996513
5212,HMCES,0.9994675
5213,SNX30,0.99943686
5214,FOPNL,0.9997689
5215,ECSIT,0.9997188
5216,PPWD1,0.99951094
5217,PRKCI,0.9993078
5218,LETMD1,0.9988202
5219,KCTD13,0.9993717
5220,PKP3,0.99994737
5221,UBE2O,0.99964285
5222,NPRL3,0.9997883
5223,ELMO1,0.999802
5224,PDS5B,0.9998027
5225,SNCG,0.99847066
5226,WIPI1,0.9996728
5227,NUP188,0.9990004
5228,USP19,0.9992248
5229,CXorf38,0.999489
5230,KHDRBS1,0.9993458
5231,SREBF1,0.9988984
5232,TAB3,0.99851257
5233,SEH1L,0.9995774
5234,RASA3,0.9996001
5235,PPME1,0.9997393
5236,HNRNPU,0.9995968
5237,VSIG4,0.99976236
5238,KPNA3,0.9996498
5239,EYA3,0.9995719
5240,WWC2,0.99910736
5241,LCMT1,0.99958134
5242,ZNF394,0.9996983
5243,AKR7A2,0.9997347
5244,TIMM10,0.99984676
5245,TBC1D8,0.9997324
5246,DTX4,0.9998132
5247,CBX7,0.9995173
5248,DPF2,0.9996098
5249,RSPH3,0.9998522
5250,CRYBG1,0.9993512
5251,SF3A3,0.9994997
5252,TRNAU1AP,0.99958307
5253,UROD,0.99845207
5254,DNAJB14,0.9990265
5255,SHTN1,0.999755
5256,RAB11A,0.99973184
5257,RANGAP1,0.9991616
5258,MED17,0.9994774
5259,KAT8,0.9997107
5260,CCDC115,0.99954194
5261,KPNA4,0.9989377
5262,ATG3,0.9997215
5263,HOXB2,0.99980724
5264,PIH1D1,0.9959542
5265,ERICH1,0.99865645
5266,TSPAN9,0.9996351
5267,UHRF2,0.99978924
5268,TFDP1,0.9992315
5269,RIPOR1,0.99982107
5270,NOA1,0.99966586
5271,TMEM45B,0.9997597
5272,NT5DC2,0.9991716
5273,ARHGEF3,0.9995619
5274,CDV3,0.9995923
5275,SLF2,0.999544
5276,CD302,0.9986944
5277,TMEM184A,0.99972427
5278,SCAF4,0.999337
5279,COQ8A,0.9996287
5280,CCDC71L,0.999602
5281,CDKL2,0.99975365
5282,MMP7,0.99967086
5283,RASSF2,0.99982893
5284,GRB10,0.99915296
5285,MAMDC2,0.99959505
5286,GGCX,0.9987483
5287,PIAS3,0.9995926
5288,INSR,0.9998746
5289,PDLIM2,0.99918956
5290,NUP93,0.9974375
5291,HNRNPH2,0.99951017
5292,TP53I3,0.99972993
5293,FIBP,0.99935466
5294,SLC15A2,0.9987916
5295,PANK4,0.99871653
5296,DDX58,0.9989584
5297,SMIM10L1,0.99984425
5298,VRK2,0.9993221
5299,ATP1B3,0.9993473
5300,NAB2,0.9997083
5301,UBTF,0.99963343
5302,ZHX2,0.99947083
5303,UCHL5,0.99962986
5304,MAD2L2,0.9994521
5305,TM7SF3,0.99902534
5306,TMEM94,0.9997366
5307,DAPK2,0.99624383
5308,ERAL1,0.99989927
5309,IRAK1,0.9993679
5310,FCN3,0.9980976
5311,IREB2,0.9993644
5312,COG1,0.99966574
5313,AIFM1,0.9998034
5314,SH2B3,0.99967086
5315,ASPSCR1,0.9997295
5316,RASAL2,0.999447
5317,MUC16,0.9999358
5318,TDRP,0.9994825
5319,TMEM39A,0.9989211
5320,GNG2,0.99981177
5321,IGFLR1,0.9994869
5322,SNAPC3,0.99951345
5323,XRCC6,0.99824685
5324,ACLY,0.9996333
5325,DNASE1L1,0.99943936
5326,UBA5,0.99969065
5327,RNF138,0.99940586
5328,CHERP,0.99951154
5329,C9orf24,0.9998682
5330,KEAP1,0.99925125
5331,BBX,0.9987005
5332,LMO2,0.99951375
5333,POLK,0.9974149
5334,USP1,0.99947613
5335,KLHL36,0.9991846
5336,XPA,0.9969777
5337,FBXW11,0.99897563
5338,METTL3,0.9991757
5339,NUP155,0.9992403
5340,ARHGEF40,0.9996096
5341,FAM219B,0.99975
5342,PAF1,0.9993555
5343,FADD,0.9997937
5344,CMKLR1,0.99985296
5345,MAP3K4,0.99975383
5346,TP53BP1,0.9985188
5347,CEP70,0.99970883
5348,PHF20,0.99945414
5349,PTGS2,0.9997733
5350,METTL15,0.9975616
5351,UQCRH,0.9994766
5352,DYNC2LI1,0.9995278
5353,SPECC1,0.99959373
5354,MED6,0.9992177
5355,UBA1,0.99900675
5356,TINF2,0.9996516
5357,ECM2,0.9994701
5358,CLCN3,0.9997511
5359,ENTR1,0.9990965
5360,CD58,0.9992423
5361,UTP18,0.9996726
5362,CMTM7,0.999674
5363,ENDOD1,0.99980354
5364,OGFOD2,0.9996756
5365,SUCO,0.99976903
5366,HADHB,0.9995715
5367,TNFAIP8,0.99964315
5368,TRPT1,0.99945307
5369,MYO9A,0.9988328
5370,CLMP,0.9980847
5371,SLC35F6,0.9991249
5372,CAMTA2,0.99954474
5373,KLHL2,0.9991398
5374,WDR20,0.99970233
5375,MYO1F,0.99898416
5376,KIAA1671,0.9998396
5377,BMT2,0.9996483
5378,ZNF800,0.9995993
5379,EPB41L4A,0.9994316
5380,SLC39A1,0.9995985
5381,DAZAP1,0.99910706
5382,ARHGAP8,0.99907386
5383,BRAF,0.9993558
5384,FAF2,0.99965507
5385,HELLS,0.9993566
5386,FEM1C,0.9990219
5387,NOL4L,0.9994942
5388,TXN2,0.99915296
5389,MFSD11,0.99966
5390,RNF121,0.9995127
5391,RNF166,0.9996212
5392,PIP4P1,0.99906
5393,MTHFR,0.9989945
5394,TCTN1,0.9997362
5395,CASP3,0.99932986
5396,SIK2,0.9994451
5397,ZNF639,0.9996232
5398,MTA3,0.99906814
5399,MPLKIP,0.9998066
5400,PLOD2,0.9995042
5401,CAMKMT,0.9995945
5402,CTIF,0.99850595
5403,WDR77,0.99950504
5404,CAMK1,0.99958134
5405,CREB3L1,0.9997643
5406,DHTKD1,0.9997252
5407,EIF4G1,0.99965477
5408,PRKCSH,0.99875414
5409,RCAN2,0.99907607
5410,NAT9,0.9991085
5411,DHX30,0.99961674
5412,BNC2,0.9996804
5413,NCK1,0.9993984
5414,ZNF518A,0.9996707
5415,OSTM1,0.99907684
5416,DCUN1D1,0.9974971
5417,DYNC2H1,0.99990165
5418,PDCL,0.9996214
5419,ZDHHC6,0.9994117
5420,HLF,0.99955654
5421,TRIT1,0.99934137
5422,CHRAC1,0.9987608
5423,NSL1,0.99818647
5424,PAK4,0.9989518
5425,SGTA,0.9990217
5426,TRMT2B,0.9995087
5427,ITGB8,0.9998938
5428,SMIM12,0.9995098
5429,UBALD2,0.99955595
5430,SLC25A44,0.9995208
5431,SEC61G,0.99935305
5432,FKBP10,0.99911034
5433,ATXN1L,0.99935514
5434,DCAF10,0.99932873
5435,SPTLC2,0.9992429
5436,LSM6,0.9996212
5437,DTNB,0.9996958
5438,OXLD1,0.9997967
5439,LFNG,0.9996805
5440,RAD51B,0.99951726
5441,CHD9,0.9994785
5442,ELF2,0.9990077
5443,TRAPPC13,0.9995805
5444,APC,0.99944496
5445,REXO1,0.99960756
5446,MAML2,0.9994129
5447,SAMD1,0.99768937
5448,ZNF652,0.9988111
5449,TELO2,0.9995516
5450,FAM219A,0.9991741
5451,DERL2,0.9995443
5452,MTIF2,0.9994438
5453,CTCF,0.99978125
5454,PPP4R2,0.998346
5455,MTMR1,0.99960935
5456,MAFF,0.99992913
5457,SULF2,0.9992345
5458,ZNF544,0.99960196
5459,KCTD5,0.9995033
5460,LPIN1,0.99976337
5461,IGF1R,0.999729
5462,BICC1,0.99953747
5463,DGKH,0.9995573
5464,VOPP1,0.99931985
5465,MKNK1,0.9997406
5466,LY6G5B,0.9990818
5467,ZNF428,0.9998182
5468,NEK9,0.99913645
5469,DFFA,0.99962026
5470,RNASEH2C,0.9992817
5471,SP140,0.99988234
5472,SNRNP35,0.9980323
5473,TBC1D1,0.99910545
5474,RHBDF2,0.9991418
5475,PIK3R3,0.99967325
5476,ZBTB41,0.9994365
5477,UBE2D4,0.9996292
5478,AQR,0.99755275
5479,C2CD5,0.9976595
5480,AAMDC,0.99942493
5481,SLC1A4,0.9993451
5482,UBE2G1,0.999509
5483,TMEM140,0.9997133
5484,PGM3,0.99930346
5485,C1GALT1C1,0.99936885
5486,CTR9,0.9997274
5487,PRKAR2A,0.99793637
5488,CHFR,0.99930894
5489,DOCK6,0.99968624
5490,CDC27,0.99819744
5491,KANSL1L,0.9997074
5492,MTLN,0.9995265
5493,GIT2,0.99917537
5494,HADH,0.9995254
5495,ARL14EP,0.9995907
5496,TCF3,0.99921274
5497,GLRX5,0.99939644
5498,NR2C1,0.99804723
5499,SLC7A5,0.9981071
5500,BLOC1S5,0.99921286
5501,LMBR1L,0.9992541
5502,C6orf120,0.9989856
5503,CUTC,0.99942267
5504,LRRK1,0.999708
5505,NAPRT,0.99967986
5506,DOT1L,0.9996044
5507,TUBG2,0.99942714
5508,TMEM8B,0.99980325
5509,EXOSC9,0.9995009
5510,ANKRD50,0.9996847
5511,RIF1,0.99930084
5512,H2AFZ,0.9995085
5513,ANO1,0.9988025
5514,ITGA8,0.9998458
5515,FBXO3,0.9991156
5516,STOML2,0.9986216
5517,TRAF3IP1,0.99977857
5518,MFN1,0.9996716
5519,BCAS3,0.99977857
5520,DNAJB4,0.9988061
5521,JAML,0.9990524
5522,NAA25,0.9995181
5523,SLC25A1,0.99968845
5524,EPB41L3,0.9997729
5525,ZNF507,0.99916935
5526,FAM98B,0.99957883
5527,SYTL1,0.9997857
5528,PIGG,0.99864626
5529,RMND5B,0.9992035
5530,SLC27A3,0.99923116
5531,CBX6,0.99829596
5532,RHOF,0.99815017
5533,IFT22,0.99985677
5534,ATXN3,0.9996502
5535,RASGRP1,0.99948025
5536,SLC36A1,0.99865294
5537,ROBO1,0.99954385
5538,CASD1,0.9991207
5539,ASCC1,0.9994048
5540,HMBOX1,0.9997791
5541,GOLGA5,0.9995847
5542,CDK2AP2,0.9998549
5543,CCDC102B,0.99965936
5544,PTPN13,0.99970657
5545,ATR,0.99741614
5546,YWHAB,0.9995371
5547,LRMDA,0.9996317
5548,SIAH2,0.99961984
5549,CENPB,0.99964225
5550,SLC25A46,0.9993042
5551,TMEM250,0.99942863
5552,RFXANK,0.9994726
5553,KRIT1,0.99459296
5554,LOX,0.99977285
5555,CSPP1,0.9998029
5556,ZKSCAN1,0.99982655
5557,IQSEC2,0.99976856
5558,AIMP2,0.9997673
5559,DHDDS,0.99894345
5560,FAM136A,0.9996997
5561,SELPLG,0.99959165
5562,ROS1,0.99989605
5563,POLI,0.9996362
5564,DMXL1,0.99969035
5565,KLHDC10,0.9995597
5566,MCM3,0.999471
5567,SLC35A1,0.999601
5568,TMEM98,0.9991786
5569,STIM2,0.99976504
5570,NUP88,0.9996546
5571,PXDN,0.999745
5572,SLC26A11,0.9995508
5573,UBE2E1,0.998981
5574,SLC35E1,0.9981769
5575,CMPK2,0.9995631
5576,TIPARP,0.9995491
5577,AGO4,0.99848044
5578,KLHL12,0.9994895
5579,C18orf32,0.99966747
5580,NAGLU,0.9992347
5581,PFKM,0.99784195
5582,DNMBP,0.99970037
5583,CFAP36,0.9997722
5584,FAM102B,0.99944496
5585,TSPAN8,0.99930966
5586,DOCK7,0.99849546
5587,NOP14,0.9995362
5588,C1QTNF1,0.9993154
5589,SPRED2,0.9977521
5590,SRFBP1,0.999599
5591,PDLIM4,0.9998778
5592,UFD1,0.9993758
5593,INPP5F,0.999571
5594,GNL1,0.9993021
5595,TMEM141,0.99968195
5596,GSAP,0.9997379
5597,FAM49A,0.999568
5598,VPS13A,0.9996875
5599,INPP4A,0.99921626
5600,PRRC2A,0.99750817
5601,EBP,0.99971515
5602,FZD6,0.9997097
5603,HCFC2,0.9985218
5604,RAB11FIP2,0.9989082
5605,EXOSC6,0.9988669
5606,SNRPN,0.9996311
5607,SSBP2,0.99959356
5608,PRPF8,0.9981381
5609,PLCB4,0.9993963
5610,PRKCH,0.99941605
5611,SCAMP1,0.9993497
5612,ECI2,0.9996213
5613,IDE,0.9998185
5614,ZBTB10,0.9996169
5615,ZNF280D,0.9995049
5616,NELL1,0.99957275
5617,CRACR2B,0.99992245
5618,LUZP1,0.99949056
5619,WDR19,0.99983215
5620,HNMT,0.9987828
5621,RCC2,0.9997819
5622,GBP4,0.9988822
5623,MSRA,0.9993761
5624,AASS,0.99964607
5625,BICDL1,0.9995676
5626,ZC3H6,0.9992687
5627,SMAP1,0.99965173
5628,TAF13,0.9994539
5629,TOR1A,0.9992465
5630,WDR36,0.9988494
5631,RAB20,0.9996026
5632,ARL5B,0.99922884
5633,GRK6,0.9997834
5634,UBN1,0.9993871
5635,OXNAD1,0.9997546
5636,C1orf52,0.99967766
5637,CERS5,0.99952966
5638,TTC13,0.9975821
5639,GOPC,0.99849045
5640,ARPC1A,0.9994041
5641,DGKD,0.999325
5642,PTPN4,0.9994033
5643,CCDC97,0.9997594
5644,TAF4,0.9982794
5645,BDH2,0.9991344
5646,PLA2G15,0.9995515
5647,PPRC1,0.9997799
5648,GTDC1,0.9994919
5649,PCNX3,0.99954414
5650,DCAF15,0.999352
5651,TUSC3,0.9998509
5652,MTRR,0.999718
5653,PPP1R14B,0.9998301
5654,MOB4,0.9981508
5655,DCTPP1,0.99967223
5656,GPAT4,0.9996807
5657,TCOF1,0.99958193
5658,UBR3,0.99930227
5659,DHX29,0.9994112
5660,PLEKHA6,0.99974155
5661,FBRS,0.99924105
5662,ATP10A,0.99928886
5663,AP1S2,0.9995449
5664,UTP6,0.9994488
5665,BICD2,0.99957883
5666,PCNT,0.99939597
5667,TMTC2,0.9997064
5668,HNRNPLL,0.9989599
5669,PGGT1B,0.99958104
5670,RBBP6,0.9992447
5671,PSD3,0.9997236
5672,IQCE,0.9997627
5673,KRI1,0.9996769
5674,USP11,0.999485
5675,FAM53B,0.9993454
5676,PDIA5,0.9951874
5677,RBMS1,0.99941385
5678,NPHP3,0.99904966
5679,PXK,0.9996934
5680,SIRT7,0.9997276
5681,RREB1,0.9991558
5682,MAP2K4,0.9993313
5683,IQCB1,0.9996274
5684,C8orf76,0.9996411
5685,ATP6V1C2,0.99909985
5686,PTPN14,0.9996918
5687,UBE2Q2,0.9995972
5688,PARP6,0.999611
5689,BTBD6,0.99967784
5690,GRAMD4,0.99972075
5691,TMEM181,0.99947107
5692,HIF1AN,0.9986447
5693,XPOT,0.99953634
5694,HIP1R,0.9998337
5695,SPATS2,0.9988822
5696,GRK3,0.99880993
5697,C18orf25,0.9993253
5698,PCBP2,0.9973343
5699,NKIRAS2,0.99975854
5700,IFT27,0.99921227
5701,SMAGP,0.99958724
5702,MXRA5,0.99966586
5703,NDUFS7,0.99949324
5704,SIAE,0.9994324
5705,GGT7,0.9994837
5706,STAM,0.9987756
5707,CARD19,0.9991433
5708,CCNT1,0.9994807
5709,LPCAT2,0.9996479
5710,PSMA1,0.99984825
5711,COL28A1,0.9992142
5712,EPHB4,0.99979526
5713,RASL12,0.9996527
5714,BLZF1,0.9975952
5715,OGFOD1,0.99939364
5716,ASB3,0.9993035
5717,ADCY3,0.9995869
5718,INO80D,0.999177
5719,TEAD1,0.99965554
5720,APOBR,0.99927616
5721,DCK,0.99973667
5722,LILRB2,0.9997384
5723,MOB1B,0.9989939
5724,ZNF462,0.9996928
5725,CD27,0.9998686
5726,INSIG1,0.99974185
5727,GALE,0.9997133
5728,FDFT1,0.9992806
5729,JMJD6,0.9993626
5730,SENP1,0.9980739
5731,CASC4,0.99942815
5732,LSAMP,0.99983615
5733,UTP11,0.9997345
5734,GPR108,0.9994378
5735,CTPS1,0.9997657
5736,CHCHD7,0.99955016
5737,DEPTOR,0.9998566
5738,TMX1,0.99962485
5739,LRP3,0.9998046
5740,PUS7,0.9993409
5741,RABEP2,0.99890983
5742,HEXD,0.99943525
5743,NSMAF,0.9992657
5744,PROM1,0.9996853
5745,GABPB2,0.99969435
5746,XIAP,0.9996246
5747,CYTH4,0.9994583
5748,ZDHHC13,0.9992463
5749,TUBA4A,0.99921715
5750,CLDN12,0.9995691
5751,BCLAF3,0.9994987
5752,ENPP2,0.9994664
5753,TCEA2,0.9995395
5754,CASZ1,0.9997694
5755,TMC4,0.9999434
5756,MBD3,0.99884236
5757,PDE8A,0.99892426
5758,FADS1,0.9995449
5759,TPRA1,0.9991949
5760,CXorf56,0.9996656
5761,SMC4,0.99925125
5762,CWF19L1,0.99926484
5763,RNF139,0.9997557
5764,ACOT13,0.99970376
5765,TRANK1,0.9995772
5766,LNPK,0.9983474
5767,PPA1,0.999681
5768,PODXL,0.9998661
5769,WAS,0.9991444
5770,JCAD,0.99963534
5771,MTMR12,0.99954855
5772,ABCA2,0.9988052
5773,NRP2,0.99910796
5774,PGPEP1,0.99955034
5775,TAF12,0.99956477
5776,RETSAT,0.9993914
5777,COPS7B,0.9994256
5778,PSMB3,0.99981815
5779,LY9,0.9997965
5780,ATF6,0.999365
5781,MTMR3,0.9996349
5782,CDH13,0.997924
5783,ABHD17C,0.99983823
5784,WDR75,0.9990119
5785,CITED4,0.9998965
5786,DPH6,0.99930304
5787,ATXN2L,0.9994799
5788,ALG8,0.9995987
5789,EPB41L1,0.99943113
5790,BCAS4,0.9994755
5791,RAB27B,0.99988747
5792,UVRAG,0.996398
5793,SLC37A4,0.9999226
5794,CYFIP2,0.9992406
5795,PDK1,0.998947
5796,AP5M1,0.999591
5797,LIG3,0.99968415
5798,DAGLB,0.9995948
5799,PROSER3,0.9991719
5800,PGM5,0.99951476
5801,PPP1R14C,0.999853
5802,FAM174C,0.99952126
5803,TCTN3,0.9996172
5804,TTC28,0.9992167
5805,FOXQ1,0.9998368
5806,PIP4K2C,0.9998255
5807,CRYM,0.9994728
5808,NUDT9,0.9996069
5809,MPHOSPH9,0.99926054
5810,TMEM62,0.99972945
5811,ABCC5,0.9996826
5812,NCKAP5L,0.9996023
5813,AFG3L2,0.99932706
5814,ZNF219,0.9994866
5815,JADE1,0.9994286
5816,RASGEF1B,0.99983007
5817,ECRG4,0.99934244
5818,RFNG,0.99954164
5819,PLCXD1,0.99981487
5820,ISOC2,0.9995211
5821,S1PR3,0.9984909
5822,ELMOD2,0.99934924
5823,SLC35A3,0.99981403
5824,ELL,0.99905556
5825,PLEKHJ1,0.99936235
5826,EXOSC1,0.99951905
5827,ZNF493,0.9997711
5828,ALG1,0.99983823
5829,FLYWCH2,0.9993199
5830,IKZF3,0.99968463
5831,ANKRA2,0.9997056
5832,C2orf49,0.9993887
5833,LAMA2,0.9997795
5834,CISD2,0.9990346
5835,RHNO1,0.99968827
5836,HOOK1,0.9996028
5837,MINDY3,0.99360716
5838,RNF8,0.99917716
5839,LHPP,0.99975044
5840,FBLIM1,0.99949706
5841,RFX3,0.99989474
5842,SAMD12,0.99952203
5843,MED21,0.99918664
5844,CHUK,0.9994871
5845,ZCCHC17,0.9997017
5846,LXN,0.9998851
5847,DOK2,0.99971104
5848,HMGXB3,0.99966085
5849,GABBR1,0.9995507
5850,VASN,0.999644
5851,VAV1,0.99905556
5852,PPP2R3C,0.9994194
5853,HDAC2,0.9997183
5854,APPBP2,0.9987136
5855,EGLN3,0.99943113
5856,ODF2,0.9997605
5857,RASSF1,0.99960357
5858,RNF41,0.9994791
5859,NUBP2,0.9997891
5860,CLNS1A,0.9994713
5861,PHAX,0.9975325
5862,LANCL1,0.9991705
5863,EDF1,0.99934036
5864,ZNF768,0.99952793
5865,SETD4,0.99975014
5866,SMIM29,0.99944514
5867,SLC4A1AP,0.9995779
5868,TSFM,0.99767846
5869,PDHX,0.9994587
5870,RNF146,0.9995462
5871,PPARD,0.9993493
5872,ABCF3,0.9995143
5873,DHPS,0.99977475
5874,TBC1D17,0.998728
5875,SLC16A7,0.9995321
5876,BMP1,0.9992982
5877,SMARCAD1,0.99941176
5878,PLXNC1,0.9992604
5879,PLEK,0.999695
5880,CARS2,0.99939716
5881,HIBADH,0.9997282
5882,NBEAL1,0.9993766
5883,HSPA4,0.9996397
5884,RBM10,0.99918354
5885,ALG12,0.99944365
5886,COPZ2,0.9991542
5887,ATP2B1,0.99970657
5888,IFIH1,0.99923354
5889,TMPO,0.9978593
5890,GSTM3,0.99906456
5891,AXIN1,0.9981101
5892,KRTCAP3,0.99962425
5893,NANS,0.9996926
5894,WDR90,0.9997662
5895,COX7B,0.9996525
5896,SP2,0.9996249
5897,CERS6,0.99930096
5898,PRAF2,0.99918115
5899,PTN,0.99873143
5900,TK2,0.9991453
5901,CFL2,0.99940145
5902,PHF19,0.9982666
5903,NDUFS8,0.99916685
5904,NXN,0.9996065
5905,TCP11L2,0.998456
5906,TTC8,0.99974567
5907,SIX1,0.99989814
5908,ANGEL1,0.999107
5909,SLC17A9,0.99924934
5910,AARS,0.99976605
5911,TRAF3,0.99969566
5912,RNASEH1,0.9985444
5913,CWC27,0.9995905
5914,MPPE1,0.99947613
5915,PIP4K2A,0.999648
5916,CENPX,0.9991538
5917,SLC25A37,0.9997511
5918,NEBL,0.99874306
5919,SH3PXD2B,0.99880993
5920,ORAI1,0.9993731
5921,ZKSCAN8,0.99921167
5922,ZDHHC3,0.99944866
5923,HDGFL3,0.9994601
5924,PTS,0.99969214
5925,TPRKB,0.99932826
5926,PHB,0.99980706
5927,CC2D1A,0.9988843
5928,TBC1D23,0.9976414
5929,CNOT3,0.9993162
5930,MARVELD2,0.9995998
5931,DBN1,0.9997314
5932,ZFYVE19,0.9997719
5933,PXMP4,0.9996936
5934,ARHGAP10,0.99879587
5935,ME1,0.9996174
5936,POLR2F,0.99927014
5937,PTGR1,0.99949646
5938,UBXN7,0.9995642
5939,CTNNBL1,0.99973965
5940,SAMD9L,0.99914914
5941,ANO8,0.9994995
5942,SLC10A7,0.9995858
5943,CLOCK,0.99935806
5944,ADAMTS2,0.9988612
5945,ZNF706,0.99930763
5946,NAA20,0.99951583
5947,COQ5,0.9994742
5948,THAP11,0.9957142
5949,IFT88,0.9996154
5950,DAD1,0.99913836
5951,SMARCD3,0.99955904
5952,GNPAT,0.99901295
5953,STX8,0.9996128
5954,BMP5,0.99957645
5955,SH3YL1,0.99981034
5956,TOM1L2,0.9995276
5957,TAZ,0.99945
5958,RANBP17,0.9997242
5959,SH3BP5L,0.99968064
5960,CCNH,0.99967766
5961,BOD1,0.99937457
5962,ZFAND2A,0.999526
5963,TM2D2,0.9991945
5964,TMEM185B,0.9984212
5965,UFSP2,0.99900913
5966,IL16,0.999759
5967,WDR74,0.99918425
5968,GLIS2,0.99943477
5969,NSMCE4A,0.9992467
5970,TTC7B,0.999485
5971,HERC6,0.99945575
5972,MCTP1,0.9995198
5973,TANK,0.9976206
5974,INPP5K,0.99887264
5975,ANO10,0.99950284
5976,EVA1A,0.99982625
5977,ZSCAN30,0.99832183
5978,PDK2,0.99965274
5979,HACD3,0.99949133
5980,BAZ1A,0.9996885
5981,JPT1,0.99956405
5982,ZNF267,0.9993731
5983,PES1,0.99959123
5984,MOSPD3,0.9993757
5985,SPR,0.99980533
5986,ZNF263,0.99944764
5987,TRAPPC11,0.9995367
5988,CNTROB,0.9996476
5989,WEE1,0.9994251
5990,P2RY6,0.99964607
5991,FKBP11,0.99973047
5992,SPOPL,0.9979931
5993,TRIP11,0.9994871
5994,PPM1M,0.99883205
5995,ALDOC,0.9993455
5996,PIK3CA,0.99911404
5997,THRA,0.99968415
5998,IGSF8,0.99958134
5999,GCLC,0.99974823
6000,EVC,0.9982084
6001,WDR73,0.9997306
6002,BPHL,0.9996482
6003,MAOA,0.99922734
6004,EPHA2,0.99971354
6005,HEMK1,0.99918634
6006,CDKAL1,0.9994367
6007,SRPRB,0.9990799
6008,ZAP70,0.9997808
6009,TXNRD2,0.9994136
6010,GRK5,0.9997422
6011,IRAK3,0.9997469
6012,TESC,0.9994728
6013,CEMIP,0.9999243
6014,C15orf48,0.99973404
6015,NDFIP2,0.99972504
6016,NOSIP,0.99930346
6017,RUFY2,0.9989654
6018,LRRC40,0.9996811
6019,SYPL1,0.99952793
6020,CLN6,0.9993865
6021,FGFR2,0.99986583
6022,RINT1,0.9997485
6023,PSIP1,0.99973536
6024,VAPB,0.9993191
6025,MINDY2,0.9992644
6026,PITPNM2,0.99964935
6027,SLC38A7,0.99940693
6028,DAPP1,0.9993947
6029,AGBL5,0.99944985
6030,CYP1B1,0.9990412
6031,STRBP,0.9995324
6032,NFATC1,0.9995985
6033,STXBP5,0.9992924
6034,RB1,0.9991104
6035,CDK5RAP1,0.99979085
6036,SAP30,0.9997163
6037,RIC8B,0.9985793
6038,NR4A3,0.99987173
6039,SCRN3,0.99942416
6040,PSME2,0.9995338
6041,TTBK2,0.9997287
6042,TMA7,0.99937344
6043,CCDC7,0.9987367
6044,DPY19L4,0.9984975
6045,CCSER1,0.998892
6046,AIG1,0.99964744
6047,TUBB6,0.9994232
6048,HSPB11,0.99954665
6049,B3GNT9,0.99914134
6050,SLC25A12,0.9997629
6051,ABI2,0.9991654
6052,CDKL5,0.99952114
6053,ISY1,0.9993536
6054,ARHGAP23,0.9991131
6055,SAP30BP,0.99788475
6056,MMD,0.9991881
6057,SNX5,0.99941206
6058,ILKAP,0.9990513
6059,CYP7B1,0.9995247
6060,PLAA,0.9961463
6061,UBE2L3,0.9990756
6062,TMEM160,0.9993075
6063,EMC1,0.9994631
6064,PTPN22,0.99930257
6065,FUBP3,0.9990841
6066,PPP2CA,0.99951756
6067,SLCO3A1,0.9997056
6068,EDNRA,0.9989195
6069,FBXO38,0.9993148
6070,NUDT16,0.99951524
6071,PPOX,0.9998233
6072,ZSWIM6,0.9995859
6073,VEPH1,0.9996222
6074,PIGP,0.9994362
6075,RDH14,0.999303
6076,NDNF,0.9992649
6077,TMEM256,0.9993893
6078,RTKN2,0.9994087
6079,KMT5A,0.9996972
6080,ZBTB33,0.99963284
6081,STRADA,0.9993447
6082,CD86,0.9994283
6083,MMP12,0.9996848
6084,COPS8,0.9995615
6085,KLF13,0.99968463
6086,UBL7,0.9993826
6087,ATXN7L1,0.9996641
6088,HIST2H2BE,0.99946797
6089,ETHE1,0.9996225
6090,FRYL,0.9994589
6091,MAPK8,0.99903786
6092,IKZF5,0.99931574
6093,NCOA6,0.9990533
6094,ZBTB11,0.99870455
6095,AC118549.1,0.9995322
6096,DLST,0.99922574
6097,TLK2,0.99925375
6098,ITGB6,0.9993909
6099,ARHGAP30,0.99980277
6100,ADIPOR2,0.9990854
6101,SLC12A9,0.99887335
6102,TAF6,0.9963013
6103,RND1,0.9992279
6104,TRIB2,0.99980557
6105,SLC38A6,0.9997921
6106,KIF13B,0.999797
6107,HIST1H4C,0.99911654
6108,PRDM4,0.9994599
6109,MLXIP,0.99932784
6110,YME1L1,0.9978932
6111,PHTF1,0.99971503
6112,RNF111,0.9996894
6113,SYNGAP1,0.9997206
6114,GORASP1,0.9972246
6115,CEP63,0.99957097
6116,GOSR1,0.99940014
6117,PPP5C,0.9990538
6118,ASMTL,0.9997028
6119,KIF12,0.9993156
6120,MPC2,0.9995128
6121,TIMM8B,0.9991577
6122,SLC1A3,0.99913037
6123,PRRG4,0.99983513
6124,SNAP47,0.9993318
6125,C3orf38,0.99961364
6126,PHYH,0.99980277
6127,NUDCD1,0.9996877
6128,RNF185,0.99685097
6129,JAM3,0.9995823
6130,GET3,0.9992859
6131,RILP,0.999498
6132,VWA2,0.99987143
6133,USP28,0.9995715
6134,STARD13,0.99922866
6135,MTREX,0.9987151
6136,PEX1,0.99957067
6137,MYL6B,0.9993256
6138,PLCE1,0.9994332
6139,POFUT1,0.9995179
6140,UBE2E2,0.99831945
6141,YARS,0.9991714
6142,APOBEC3G,0.9996706
6143,COP1,0.9995266
6144,ELP5,0.99854964
6145,TSSC4,0.9994585
6146,RSBN1,0.998968
6147,ARMC9,0.99947417
6148,MX2,0.99961156
6149,ACAP1,0.9993642
6150,NDUFA13,0.9994604
6151,ANXA3,0.9997366
6152,KCNK5,0.99976575
6153,CCDC149,0.9995729
6154,COQ8B,0.9997239
6155,RNF135,0.9994426
6156,MEGF9,0.99959624
6157,CDC123,0.99973774
6158,MTFR1,0.9990444
6159,CLUH,0.99935454
6160,CCNYL1,0.99872893
6161,RMDN1,0.9994629
6162,KIAA0040,0.9996936
6163,DYSF,0.9993097
6164,MGME1,0.99957025
6165,CEP72,0.9998571
6166,TMTC3,0.9995468
6167,TTL,0.9996225
6168,MT1E,0.9990527
6169,PYM1,0.9995639
6170,AK4,0.9997265
6171,ALG9,0.9989559
6172,NOL3,0.9997524
6173,TMEM97,0.99965084
6174,TP53INP2,0.99905646
6175,PRR14L,0.9995367
6176,TMEM199,0.9997508
6177,MVK,0.9997355
6178,FARP2,0.9995903
6179,DCBLD1,0.9996489
6180,PIK3AP1,0.9996004
6181,ANTKMT,0.9988392
6182,SLC66A3,0.99799603
6183,PHF8,0.9994957
6184,GABRE,0.9995678
6185,TTC12,0.9998902
6186,RGMB,0.9990652
6187,ABHD3,0.9988824
6188,VPS37C,0.9996044
6189,MTO1,0.9993826
6190,TANGO2,0.9995082
6191,DCP1A,0.99943763
6192,PARD6B,0.9990659
6193,PDPK1,0.9994273
6194,SEC22C,0.99771786
6195,SBNO1,0.99824476
6196,TSHZ2,0.9998388
6197,JOSD2,0.9986392
6198,NCAPH2,0.99826384
6199,BPNT1,0.99980175
6200,ZXDC,0.99974215
6201,ADAP2,0.9987583
6202,GTF2F1,0.9991953
6203,HEXIM1,0.9992453
6204,OXSR1,0.9997264
6205,ARAP2,0.9997511
6206,TECPR1,0.99944293
6207,MCCC2,0.9998517
6208,BTN2A1,0.9991891
6209,PPM1F,0.99868023
6210,KIAA0895L,0.9993504
6211,G6PC3,0.99974555
6212,WDR61,0.99937737
6213,LZTR1,0.99966353
6214,VPS37A,0.99962294
6215,IFT81,0.9983007
6216,SNX20,0.9995018
6217,ZCCHC8,0.99968415
6218,PPP1R3B,0.99952745
6219,BCL2L2,0.99869746
6220,ANPEP,0.99970865
6221,LAT,0.9996934
6222,CCDC107,0.99945974
6223,NUDT16L1,0.9997097
6224,SBF1,0.99944353
6225,TOMM22,0.999592
6226,PNPO,0.9997691
6227,SP140L,0.99963
6228,CDC42BPG,0.9992401
6229,ADH5,0.99954873
6230,MADD,0.9976327
6231,ARSB,0.9995038
6232,ADGRA2,0.9994562
6233,SSBP1,0.9990419
6234,DAB2IP,0.9996227
6235,SPTY2D1,0.99922514
6236,SYTL3,0.9995737
6237,ITM2A,0.99948627
6238,CENPC,0.99925244
6239,FASTKD2,0.9907953
6240,PARD3B,0.99887437
6241,FBXO32,0.99939
6242,CYB561A3,0.99940175
6243,YPEL2,0.99971265
6244,WWC1,0.99945515
6245,MTF2,0.9993169
6246,CNOT1,0.99947596
6247,LIG1,0.99965066
6248,GBA2,0.99936676
6249,GDAP2,0.999262
6250,TPD52L1,0.9995866
6251,HILPDA,0.99975586
6252,MID2,0.9992779
6253,ZNF397,0.9993979
6254,COQ10B,0.9930625
6255,RASD1,0.99882966
6256,ZNF274,0.99943036
6257,MERTK,0.9985609
6258,HS6ST2,0.99960995
6259,MALT1,0.9997214
6260,SLCO2A1,0.999508
6261,SLC49A4,0.99834883
6262,FCMR,0.9992963
6263,EPM2AIP1,0.9979763
6264,CHD7,0.9994445
6265,ARL6IP1,0.9992224
6266,ZNF75A,0.9996208
6267,COMMD2,0.99919116
6268,NDUFA12,0.9997274
6269,CEP104,0.99924994
6270,HECTD4,0.999531
6271,RNF168,0.9993987
6272,TERF2,0.999014
6273,SLC25A32,0.99937665
6274,ZNF862,0.9996165
6275,STK16,0.999076
6276,UNC13D,0.9993166
6277,RBMX,0.9996158
6278,SNRPG,0.999503
6279,CCHCR1,0.99972314
6280,BMPR1A,0.9995524
6281,TGFB3,0.9993475
6282,FADS2,0.99968326
6283,SLC26A2,0.99967176
6284,MMAB,0.99946624
6285,DPY19L3,0.9986971
6286,HSPA13,0.9992994
6287,MAP2K1,0.99883735
6288,HEYL,0.99889153
6289,PPP1R13B,0.9994854
6290,DNAJC11,0.9995972
6291,MED16,0.99962044
6292,CPT2,0.99957836
6293,TBC1D10A,0.99948895
6294,SNX33,0.9994956
6295,HCFC1,0.9990239
6296,DUSP10,0.9996284
6297,RALGAPA2,0.99970293
6298,GNA14,0.9988717
6299,KIFC2,0.99854434
6300,GDF15,0.9988887
6301,SLC23A2,0.9986099
6302,ICAM2,0.9992778
6303,NOC2L,0.9994885
6304,PLEKHA7,0.99962074
6305,RCOR3,0.99948156
6306,TBCC,0.9985458
6307,ZNF622,0.99968034
6308,ADGRL4,0.9993744
6309,GALNT6,0.999555
6310,SLC9A8,0.9986027
6311,RNGTT,0.99932194
6312,TOR3A,0.9992424
6313,E4F1,0.9996451
6314,USP39,0.9979205
6315,GPATCH4,0.9997263
6316,MORF4L2,0.99942654
6317,OTUD4,0.99954045
6318,MLF1,0.99973154
6319,CDS1,0.9998733
6320,SUPT7L,0.99941415
6321,IMPACT,0.9996418
6322,NFXL1,0.9992198
6323,NUP50,0.9996773
6324,CD28,0.9981262
6325,HINT3,0.99893665
6326,TUBG1,0.9997257
6327,ARHGEF18,0.999531
6328,CFI,0.9990466
6329,STARD7,0.99816513
6330,SIPA1L2,0.99965394
6331,DRG2,0.9988375
6332,C12orf4,0.9992056
6333,GNA11,0.99955463
6334,ACTL6A,0.9995478
6335,RNF14,0.99949723
6336,SETDB2,0.9995862
6337,AHI1,0.9995347
6338,ARRDC4,0.99858934
6339,AARSD1,0.9993121
6340,TADA2A,0.99955225
6341,ADCY6,0.99888724
6342,NAT14,0.9999256
6343,CARNMT1,0.9993002
6344,CNOT10,0.9989837
6345,MFAP1,0.99931705
6346,TSPOAP1,0.9999317
6347,NTAN1,0.9990063
6348,FMNL3,0.9993396
6349,MIS18BP1,0.99624145
6350,LAGE3,0.99944353
6351,CD99L2,0.9995257
6352,NXT2,0.99918747
6353,NF2,0.99897194
6354,TMEM268,0.99795246
6355,DDX19A,0.9994648
6356,MVB12B,0.99685603
6357,ERI2,0.99964714
6358,PSD4,0.9990196
6359,POU2AF1,0.9999356
6360,TNFRSF19,0.99970376
6361,HMCN1,0.99975383
6362,G6PD,0.99974954
6363,ZNF592,0.9995028
6364,RFC2,0.99947846
6365,FAM177A1,0.9991973
6366,CC2D2A,0.99967605
6367,FAXDC2,0.99862766
6368,GTPBP10,0.9996317
6369,COA8,0.99871653
6370,HDHD2,0.99825966
6371,EPB41L4B,0.99965656
6372,MTPAP,0.99928725
6373,MAPK7,0.9992587
6374,SLC10A3,0.9991352
6375,CST7,0.9995388
6376,TTC21B,0.99989384
6377,FH,0.9995769
6378,AMT,0.9995928
6379,NQO2,0.9993547
6380,TSPYL5,0.99903524
6381,SZT2,0.99927723
6382,THAP4,0.99923295
6383,BACE1,0.9989114
6384,PIK3CB,0.9993828
6385,NT5C,0.9996911
6386,PLEKHA2,0.998929
6387,EXOSC4,0.99959314
6388,ZBTB47,0.999798
6389,COPG2,0.99934274
6390,IDH3A,0.9993596
6391,ZBTB17,0.9959396
6392,ZNF623,0.9996764
6393,ITFG2,0.9990901
6394,DPAGT1,0.9996392
6395,ZFYVE27,0.99951047
6396,IGSF6,0.99897516
6397,LAD1,0.99990416
6398,C19orf12,0.99940234
6399,MED22,0.9991209
6400,PACS2,0.99948424
6401,PI16,0.9998659
6402,ABI3,0.99967086
6403,EIF3M,0.998144
6404,REC8,0.9992207
6405,MTMR10,0.9994475
6406,TMEM230,0.99839896
6407,OSBPL11,0.999606
6408,PNMA1,0.99966764
6409,TMED1,0.999389
6410,ITPRIP,0.9996458
6411,NAA30,0.9993107
6412,LYRM1,0.9995651
6413,NOL12,0.998995
6414,RTKN,0.99890596
6415,CCR4,0.99978465
6416,RPP38,0.99960184
6417,PARP1,0.98936814
6418,SMPDL3B,0.9998957
6419,PLEKHG5,0.99883795
6420,IFT46,0.99958783
6421,OSBPL3,0.999338
6422,MAP3K6,0.9995769
6423,FAM174B,0.9998415
6424,NAGA,0.999311
6425,QTRT1,0.9994575
6426,USP18,0.99972934
6427,CMTR2,0.99976027
6428,CASP10,0.9990381
6429,FAT4,0.9992089
6430,LEPR,0.9997603
6431,GALK2,0.99900705
6432,PPP2R3A,0.9999161
6433,HPS4,0.99960136
6434,REPIN1,0.9993779
6435,NSUN6,0.9980456
6436,UCHL3,0.99954545
6437,SIRT3,0.999323
6438,GART,0.9994011
6439,RECQL,0.99970007
6440,GTF2B,0.99914265
6441,KIRREL1,0.9993454
6442,GMPPA,0.99733746
6443,OTUD7B,0.99954927
6444,MCEE,0.9991638
6445,ZNF335,0.99960196
6446,GRPEL1,0.9994219
6447,AKAP8,0.9993976
6448,MME,0.99901295
6449,MFSD2A,0.99893177
6450,ATAT1,0.9993967
6451,SMAD6,0.9996899
6452,RAP1GAP,0.99753
6453,COA6,0.9996688
6454,EXOSC7,0.99865085
6455,SENP3,0.9993294
6456,PELP1,0.99974966
6457,SPATA13,0.9992983
6458,HK3,0.9995829
6459,TADA2B,0.99909544
6460,VSIG2,0.99916524
6461,DDX49,0.9993504
6462,GNA15,0.99944
6463,HAT1,0.99928445
6464,NMU,0.99880046
6465,CD36,0.9994305
6466,SYNJ1,0.9991129
6467,RASGRP2,0.9993849
6468,BCOR,0.999588
6469,TRPS1,0.99970895
6470,ACOX3,0.9989375
6471,MEPCE,0.9994151
6472,UNC45A,0.99941874
6473,RBM26,0.9989088
6474,SERTAD3,0.9989834
6475,CC2D1B,0.99955827
6476,SLC25A29,0.9999545
6477,RECK,0.99952686
6478,ASXL2,0.99942225
6479,NOTCH1,0.99964255
6480,EARS2,0.999755
6481,PRKAG2,0.99906665
6482,CWC25,0.9995103
6483,OSER1,0.996144
6484,ACAD11,0.9994589
6485,IGF1,0.9999
6486,COPS4,0.9994589
6487,ACKR3,0.9990945
6488,USP38,0.9986563
6489,CPOX,0.9995228
6490,MYL12A,0.9992405
6491,ZNF337,0.9995759
6492,PDCD5,0.9991848
6493,SLC12A6,0.99925935
6494,GFM2,0.99847585
6495,ITGAM,0.999537
6496,POC1B,0.99949074
6497,NOP16,0.9997381
6498,ASH2L,0.9981311
6499,NSMCE3,0.99918664
6500,ACO2,0.99956304
6501,RRM1,0.9995577
6502,C3orf52,0.9996973
6503,TUFT1,0.99934244
6504,RALGPS2,0.99937344
6505,HDAC5,0.9993657
6506,KDM4C,0.99967444
6507,DENR,0.9996287
6508,NFS1,0.999832
6509,CCDC43,0.99950397
6510,SGF29,0.99964297
6511,ADCY7,0.9998113
6512,ITGA9,0.9990408
6513,DEDD2,0.9989313
6514,ZCCHC3,0.99945515
6515,MYO5A,0.99953496
6516,DAAM2,0.99965227
6517,FBXL15,0.9994012
6518,PREB,0.9994853
6519,MAGOH,0.9989626
6520,FAM210B,0.9993068
6521,NFU1,0.99815196
6522,RBM18,0.99953806
6523,NOB1,0.9995538
6524,EXPH5,0.99970734
6525,PANK3,0.9993199
6526,TRIM23,0.99976444
6527,FBL,0.999364
6528,OGG1,0.9993272
6529,PLXNB1,0.9999261
6530,TFDP2,0.99942446
6531,ST3GAL1,0.999529
6532,CNRIP1,0.99959815
6533,EIF1AD,0.9994315
6534,ARV1,0.99895686
6535,TEX2,0.999129
6536,ABHD18,0.9989683
6537,SCRN2,0.9993135
6538,ZC3H14,0.99953413
6539,CSNK1G1,0.9994958
6540,RNF170,0.99928856
6541,TMEM70,0.99898654
6542,SLC44A3,0.99947387
6543,LTV1,0.99952304
6544,SEC23IP,0.9994283
6545,TSPAN7,0.9997443
6546,MAP7,0.99976337
6547,WHRN,0.9998616
6548,CD300A,0.9982995
6549,TRAPPC6A,0.99936265
6550,PTGS1,0.9996768
6551,RPF2,0.99941415
6552,SLC31A2,0.99970835
6553,TCAF1,0.9994938
6554,C20orf96,0.99983615
6555,SAE1,0.9992924
6556,ZNF740,0.9990734
6557,PTPN9,0.99860364
6558,OPN3,0.9995017
6559,STYXL1,0.9992844
6560,CCDC32,0.99810696
6561,DSG2,0.9997266
6562,KIF3A,0.99952775
6563,COL4A4,0.9996151
6564,RANGRF,0.99684507
6565,FBF1,0.9997188
6566,COMMD10,0.9977517
6567,ZNF160,0.999554
6568,CEP44,0.9998125
6569,DIPK1B,0.9986223
6570,PREX2,0.9992607
6571,GRHL2,0.998984
6572,VSTM4,0.999584
6573,FRS2,0.99874556
6574,MTHFD1,0.99930143
6575,TMEM119,0.99978733
6576,FAM120B,0.99978626
6577,MAD1L1,0.9995109
6578,GANAB,0.9989761
6579,PRMT7,0.999627
6580,SLC2A13,0.9995721
6581,NIPA2,0.9993674
6582,SCAP,0.99952316
6583,MTX2,0.9991697
6584,TMEM106A,0.9976629
6585,IFIT5,0.99933213
6586,NCAPG2,0.99811876
6587,FAM8A1,0.99960214
6588,SSH3,0.99956834
6589,C1orf216,0.9990757
6590,CLPB,0.9994221
6591,DTD1,0.99936306
6592,ELF4,0.99923503
6593,AGL,0.9995634
6594,TBC1D22B,0.99952185
6595,XRCC1,0.9995891
6596,UBQLN1,0.9995804
6597,MTCH2,0.999637
6598,ZNF621,0.99961644
6599,RSL1D1,0.9995117
6600,SLC30A5,0.9995445
6601,DGKZ,0.99909574
6602,CNKSR3,0.9997295
6603,PLAGL1,0.9996811
6604,SMPD1,0.99946326
6605,TMEM101,0.9996667
6606,RPIA,0.9994025
6607,FUCA2,0.9983308
6608,ZBED5,0.9995018
6609,HACD4,0.9995834
6610,RIPK1,0.99950397
6611,CPXM2,0.99954623
6612,RNMT,0.9993418
6613,STK35,0.9990307
6614,TCTA,0.9991711
6615,ARHGAP25,0.9993256
6616,GSPT1,0.999877
6617,TMEM116,0.99937963
6618,ADCY9,0.9995858
6619,TSG101,0.9979288
6620,RNF4,0.9988087
6621,DNAAF5,0.9975511
6622,TCAIM,0.9991603
6623,APIP,0.9995136
6624,CDYL,0.9980644
6625,ARMC6,0.99793416
6626,KLF7,0.9990902
6627,TMEM138,0.998604
6628,MAP4K1,0.99987155
6629,FCHO2,0.9993436
6630,APEX2,0.99935836
6631,FLNB,0.99982417
6632,ELMO3,0.9997651
6633,TMEM11,0.99958944
6634,MICAL3,0.9994998
6635,SAP30L,0.9980895
6636,NARS2,0.9992881
6637,MCM6,0.99966764
6638,ZCCHC9,0.99898976
6639,PBX3,0.999495
6640,DPH7,0.9996258
6641,AQP4,0.99952334
6642,MCOLN1,0.9995839
6643,ZSCAN31,0.9992099
6644,NOL9,0.99943733
6645,NEDD1,0.9915083
6646,RCOR1,0.9951931
6647,UBTD1,0.9996643
6648,CHCHD3,0.99854165
6649,DIP2B,0.9993073
6650,GANC,0.99936867
6651,EPG5,0.9994198
6652,FAM184A,0.9951862
6653,SEPTIN7,0.999781
6654,BRWD3,0.99869335
6655,PPID,0.999513
6656,NDUFA7,0.99967
6657,PLXDC1,0.99831027
6658,MANSC1,0.9997567
6659,UBA2,0.9990528
6660,ARHGAP21,0.99910337
6661,GRP,0.9995858
6662,CTDP1,0.9995554
6663,ORC4,0.9992957
6664,NUP214,0.9992552
6665,PRR5L,0.99897987
6666,PTPN7,0.99913466
6667,HOXB4,0.9992045
6668,ZNF608,0.99951345
6669,FZD1,0.9964719
6670,IRAK4,0.9988982
6671,ZBTB40,0.9994103
6672,SUPT4H1,0.99939376
6673,FDPS,0.9995216
6674,LSG1,0.9994375
6675,SEPTIN4,0.9992465
6676,MARC2,0.9989026
6677,ZNF672,0.9996053
6678,KIAA1841,0.9999137
6679,RNF145,0.9994351
6680,TRIM47,0.9973963
6681,MYNN,0.999609
6682,UIMC1,0.9996832
6683,KIAA0513,0.9991137
6684,TBX4,0.9992
6685,SMG6,0.9997244
6686,LRRC75B,0.9997047
6687,PER2,0.9993409
6688,IGF2BP3,0.99939156
6689,SNIP1,0.99974823
6690,PAIP1,0.9993917
6691,SEMA4A,0.9995903
6692,ITGB7,0.9996916
6693,PLEKHB1,0.9991361
6694,CCDC40,0.9995508
6695,IFT172,0.99970675
6696,ANKRD9,0.998459
6697,IL17RC,0.999279
6698,PAPLN,0.9993285
6699,CEP192,0.9985777
6700,PPIL2,0.9991169
6701,SENP7,0.99957895
6702,ARHGEF26,0.99970686
6703,RNF20,0.9995669
6704,EPHB3,0.99980056
6705,PIGN,0.9995044
6706,PRMT3,0.99967587
6707,SEMA3F,0.99977684
6708,ABL2,0.9993159
6709,ORC2,0.99900454
6710,GMPR2,0.9992622
6711,CD6,0.99931014
6712,WBP4,0.9995564
6713,ST13,0.9986391
6714,VAMP1,0.99952734
6715,ENTPD5,0.9997057
6716,GALK1,0.99945575
6717,NFKBIL1,0.9993433
6718,MAPK15,0.9999196
6719,AARS2,0.99952364
6720,FOXK2,0.9967496
6721,FAM160B1,0.99961203
6722,CBL,0.9985322
6723,CPT1A,0.99957716
6724,OCRL,0.9992424
6725,APAF1,0.9993944
6726,GLB1L3,0.99898833
6727,IFT52,0.9984726
6728,HSPA14,0.99910533
6729,CFAP157,0.9997714
6730,ZNF7,0.99871314
6731,ZNF436,0.99957335
6732,USE1,0.9977337
6733,PLA2G4C,0.9996275
6734,TCEAL1,0.99939716
6735,GAS8,0.9995186
6736,LSM5,0.9996171
6737,ANKRD37,0.9990428
6738,BICD1,0.9992995
6739,TMEM127,0.99793434
6740,TECR,0.999451
6741,CEPT1,0.9993909
6742,GAB2,0.9991096
6743,ATAD3B,0.99907875
6744,TMCO3,0.9996384
6745,SLC9A1,0.9980116
6746,CAPRIN2,0.9992067
6747,INTS6,0.9988581
6748,N4BP2,0.9990627
6749,IGIP,0.99901134
6750,DIMT1,0.9995753
6751,IFFO1,0.99949616
6752,GNB5,0.99938154
6753,RABIF,0.99988335
6754,LRSAM1,0.99854106
6755,ZMYM6,0.99930686
6756,CPSF3,0.9909037
6757,NADK2,0.9991148
6758,RNF216,0.9989042
6759,SLC66A2,0.9998311
6760,PIAS2,0.9993253
6761,PDE4B,0.9998497
6762,SAP25,0.99896765
6763,MYCBP,0.9994234
6764,SLC35E3,0.9992464
6765,CCDC24,0.9996978
6766,RAE1,0.99960196
6767,DVL2,0.9995526
6768,RMND1,0.99953115
6769,DLG5,0.9994795
6770,ARHGEF16,0.99984103
6771,OTUD6B,0.99840784
6772,ZNF189,0.99885815
6773,HS6ST1,0.99961174
6774,TRIP4,0.9990934
6775,INTS13,0.99936974
6776,CLDN1,0.998549
6777,MSRB1,0.998937
6778,ALDH1B1,0.99931824
6779,BCR,0.99925214
6780,CAPN13,0.9999528
6781,EIPR1,0.9997047
6782,TBC1D9,0.99949396
6783,SH3BP2,0.99870443
6784,GOLPH3L,0.99925435
6785,DMAC1,0.9993769
6786,NFKBID,0.99966925
6787,MFSD8,0.9990059
6788,PLCG2,0.9996935
6789,NSD2,0.9990395
6790,MTMR6,0.9992541
6791,TEN1,0.9994367
6792,DLG4,0.99986523
6793,AFAP1L2,0.9990716
6794,RRS1,0.99952877
6795,PRR12,0.9993681
6796,IRX2,0.9996561
6797,FHL3,0.9996252
6798,NDUFB3,0.9993022
6799,ZNF346,0.99909335
6800,GLI3,0.9996146
6801,EIF2B3,0.9991547
6802,TBC1D7,0.9991497
6803,TOR1B,0.9906475
6804,INVS,0.99976766
6805,FBXO46,0.99914396
6806,TOP2B,0.99879885
6807,CEP135,0.99946177
6808,TLE1,0.9988326
6809,SP4,0.99754107
6810,ZFP62,0.9991559
6811,SEPSECS,0.99950427
6812,IP6K1,0.9995964
6813,ASS1,0.9996128
6814,MPHOSPH10,0.9993409
6815,KARS,0.9993297
6816,ZNF618,0.9965786
6817,CES4A,0.99958754
6818,ATP8B1,0.9997145
6819,AMZ2,0.99920446
6820,STX11,0.9993118
6821,BPGM,0.9996621
6822,PLA2R1,0.99959165
6823,MINDY1,0.9994279
6824,ANKRD6,0.99903727
6825,ETV1,0.9991168
6826,PISD,0.9986912
6827,SEPHS1,0.9993003
6828,CAVIN3,0.99878424
6829,C19orf25,0.99863577
6830,AACS,0.99937373
6831,FOXA1,0.99956
6832,TSR1,0.999094
6833,LCLAT1,0.9994569
6834,ZNF207,0.99899215
6835,VAV2,0.99942666
6836,TMEM167B,0.9982311
6837,SHPRH,0.9990336
6838,ISYNA1,0.99949133
6839,UHRF1BP1L,0.999437
6840,IARS,0.9993507
6841,BRD3OS,0.9997269
6842,RIOX2,0.99944276
6843,ISOC1,0.9989592
6844,ZBTB21,0.99827015
6845,GLB1,0.99859273
6846,ST7,0.9987071
6847,PXDC1,0.999513
6848,NGDN,0.9997802
6849,SLC49A3,0.99951494
6850,HARS,0.9993927
6851,SENP5,0.9992134
6852,LCORL,0.99873984
6853,BICRA,0.9990616
6854,CEP250,0.9996476
6855,RNF214,0.99930274
6856,TCP11L1,0.99953187
6857,CLN5,0.9995661
6858,FAM107A,0.998816
6859,RSAD1,0.99910915
6860,CARMIL1,0.9991419
6861,DCAF1,0.9995047
6862,RFT1,0.9993559
6863,REV3L,0.99887925
6864,CDK2,0.99927837
6865,TEX9,0.99995244
6866,TSNARE1,0.99943924
6867,TNRC6C,0.9992325
6868,SOCS5,0.9979013
6869,ADAMTS4,0.99913186
6870,RFX1,0.9984993
6871,YEATS2,0.9991131
6872,RHOJ,0.998906
6873,IMPA2,0.999375
6874,TMEM19,0.9994119
6875,SLC41A3,0.9976832
6876,BCL2A1,0.9995225
6877,EXD3,0.9989937
6878,ETAA1,0.999426
6879,MLLT10,0.99937296
6880,PID1,0.99938184
6881,GPD2,0.9993456
6882,CRY1,0.99894315
6883,LYSMD2,0.9993248
6884,XPO4,0.9992155
6885,SSH1,0.9995369
6886,HACE1,0.99960023
6887,SYT11,0.9990074
6888,RAB23,0.99930847
6889,MMP28,0.9992963
6890,PHF5A,0.9981659
6891,REST,0.9996545
6892,PPM1K,0.9992503
6893,OLFML1,0.9994113
6894,RCN2,0.9995392
6895,SMU1,0.9992592
6896,SNRPF,0.99901307
6897,TDRD7,0.99957454
6898,SART3,0.9993992
6899,PCYT2,0.9994833
6900,RELB,0.9995284
6901,PNPLA8,0.99950045
6902,SPPL3,0.9996425
6903,FAM20A,0.9991123
6904,BOC,0.9995912
6905,RAP1GDS1,0.9992281
6906,C5orf49,0.99975413
6907,NTMT1,0.9989376
6908,NSMF,0.9986316
6909,CEP85L,0.9986842
6910,UBXN2A,0.9990427
6911,GORAB,0.99925196
6912,PLCB1,0.9994221
6913,ESF1,0.9980103
6914,SOCS4,0.9991639
6915,PPIF,0.99946815
6916,FSTL3,0.9986783
6917,MTIF3,0.99941397
6918,ALG6,0.9990975
6919,FTSJ3,0.9981615
6920,CEP95,0.9995556
6921,ATE1,0.999489
6922,DIS3L,0.99886006
6923,URM1,0.9994953
6924,AOAH,0.9979623
6925,GSK3A,0.9988321
6926,GSS,0.9994463
6927,N4BP2L1,0.9997427
6928,NUP37,0.99910384
6929,SAYSD1,0.9949627
6930,SIRT1,0.9992612
6931,HOMER3,0.9975157
6932,SHISA4,0.9979497
6933,ADGRL2,0.9991128
6934,UBXN10,0.9995968
6935,SNAPC5,0.99933356
6936,H2AFX,0.9995416
6937,SLC27A4,0.9992795
6938,HDDC2,0.9987615
6939,TASP1,0.9992286
6940,CD48,0.99908656
6941,ITGA11,0.9981411
6942,TGFBRAP1,0.99910676
6943,RXYLT1,0.9994575
6944,COG2,0.9994386
6945,CDKN2AIPNL,0.99967754
6946,AP2B1,0.99939644
6947,DUSP4,0.999786
6948,STARD8,0.9989508
6949,C7orf25,0.99967
6950,PLK2,0.9998062
6951,SSC5D,0.9996815
6952,SMIM22,0.9996772
6953,RASAL3,0.99907607
6954,SNX15,0.99759805
6955,LRIF1,0.99925596
6956,MRI1,0.9995532
6957,TMEM30B,0.9983574
6958,SERPINE2,0.9995457
6959,PDIK1L,0.99979
6960,PAQR7,0.99950296
6961,TTC27,0.9991028
6962,TNPO1,0.99916804
6963,APOOL,0.9997306
6964,NUDT14,0.999691
6965,HIVEP2,0.99925977
6966,MRM2,0.99953574
6967,FBXO31,0.9991766
6968,NR3C2,0.99955046
6969,EML2,0.99982816
6970,ADNP2,0.9995861
6971,BCL2,0.99950427
6972,GIT1,0.9995551
6973,VPS9D1,0.9994947
6974,UFL1,0.9989818
6975,ZMAT3,0.9990382
6976,TOGARAM1,0.99887717
6977,AIM2,0.99966764
6978,C6orf132,0.9998838
6979,SLC39A3,0.9960763
6980,TGFB1,0.9996501
6981,POGLUT3,0.99894255
6982,INAVA,0.99982154
6983,RUVBL2,0.9996055
6984,GLCE,0.99644536
6985,NOL10,0.99947166
6986,CBR4,0.99950486
6987,POP5,0.99941844
6988,PYGO2,0.99603665
6989,MOSPD2,0.9988384
6990,AMIGO2,0.99957466
6991,PACSIN3,0.9996768
6992,MAP3K12,0.99891835
6993,PEX3,0.99951315
6994,H6PD,0.998731
6995,COX18,0.99907714
6996,IPO11,0.9998468
6997,ZNF641,0.9994427
6998,MTOR,0.99926054
6999,URGCP,0.9989486
7000,HINT2,0.99907625
7001,LEO1,0.99909246
7002,PTPRB,0.999118
7003,PRORP,0.9995837
7004,PLSCR3,0.99888897
7005,SNUPN,0.9996319
7006,EIF2B4,0.9995147
7007,CNIH4,0.9997274
7008,DNAJB6,0.99961966
7009,SNRPA1,0.99748933
7010,PTGIR,0.99960864
7011,CYP2R1,0.9995364
7012,EMC9,0.9995554
7013,PBLD,0.99912626
7014,ABCC9,0.99948996
7015,ERCC6,0.999001
7016,KIAA0355,0.9995929
7017,SSH2,0.9994575
7018,ABCA7,0.9995343
7019,GPC3,0.99732417
7020,ZNF251,0.99931794
7021,RBM41,0.9996936
7022,GDPD3,0.9997407
7023,GMPS,0.99953586
7024,CCDC66,0.9996831
7025,CEP170,0.99821216
7026,NFRKB,0.99723035
7027,SLC9A6,0.99872
7028,COA1,0.999396
7029,FOXC1,0.999529
7030,STRIP1,0.99920356
7031,SCYL3,0.9992755
7032,METTL22,0.99947107
7033,EPS8L1,0.999924
7034,MMP11,0.9966032
7035,GZF1,0.99911326
7036,CSF2RB,0.9991722
7037,VRK1,0.99915296
7038,BBOF1,0.9998127
7039,CDC42EP4,0.99974346
7040,MOB1A,0.99802077
7041,CEP170B,0.999786
7042,C20orf194,0.999321
7043,CH25H,0.9995321
7044,PRPS1,0.9991186
7045,PLA2G7,0.9997819
7046,GTF2IRD1,0.9995996
7047,CNEP1R1,0.9983444
7048,KCNMB1,0.99901783
7049,PCDH7,0.99961007
7050,CSRNP2,0.9995697
7051,IFT140,0.9996883
7052,NUMBL,0.999004
7053,DNAJC14,0.99968785
7054,INSIG2,0.9993166
7055,PDCD7,0.9948734
7056,TRMT13,0.99944544
7057,MAST2,0.99902344
7058,CHST14,0.9989812
7059,BCKDHB,0.9974934
7060,ZNF562,0.9982661
7061,HEATR1,0.99939364
7062,TCEAL3,0.9992784
7063,KIAA0232,0.99840546
7064,GFOD2,0.99883175
7065,RSPH1,0.9994093
7066,COL4A3,0.9988899
7067,RPUSD4,0.9995577
7068,GPN2,0.9992102
7069,SLC19A2,0.9985479
7070,FHL1,0.99896944
7071,RHOBTB2,0.9990614
7072,LMNB2,0.99935377
7073,VPS51,0.99934304
7074,CACNB3,0.9996392
7075,TP53I11,0.99863434
7076,CWC22,0.9994416
7077,THEM6,0.99980795
7078,LMAN2L,0.99953014
7079,CRYL1,0.99938023
7080,NT5DC1,0.99870473
7081,NCBP1,0.99918205
7082,UBN2,0.9997244
7083,NKAPD1,0.9993793
7084,PANX1,0.9982475
7085,CENPP,0.9990959
7086,ZMAT1,0.99842596
7087,MSH6,0.99968374
7088,QDPR,0.9980482
7089,TLE4,0.99964654
7090,NPHP1,0.99988955
7091,SYNE3,0.99980295
7092,PSEN2,0.9989253
7093,PEMT,0.99942905
7094,SGCE,0.9994739
7095,RAB15,0.9989027
7096,SARS,0.99894106
7097,GIMAP8,0.99947834
7098,KLHL42,0.99952906
7099,OLFML2B,0.998802
7100,MSH5,0.9996387
7101,SOCS6,0.99627686
7102,CCT2,0.9995759
7103,MAP4K2,0.998771
7104,SAMD8,0.9984862
7105,NCEH1,0.9993264
7106,TIMM9,0.9993521
7107,PRSS22,0.9998239
7108,TRIM13,0.9986564
7109,AP2S1,0.9958965
7110,PRKCB,0.9997042
7111,SMIM3,0.99780905
7112,TTC39A,0.9997549
7113,ARHGEF10,0.9995371
7114,LDLRAD4,0.9996332
7115,ITIH5,0.99889344
7116,PCNX4,0.9989708
7117,EFCAB2,0.9997934
7118,ABCD4,0.99862593
7119,ITGA2,0.99991304
7120,FAM222B,0.9996392
7121,INTS14,0.99906385
7122,WDR91,0.998606
7123,HSDL1,0.99938136
7124,TRPV2,0.9996117
7125,ZNF559,0.9997179
7126,TEF,0.99578226
7127,DBT,0.999266
7128,SLC38A9,0.99949324
7129,MVB12A,0.99945325
7130,ANP32B,0.9990805
7131,EAF1,0.9986008
7132,B9D1,0.99951476
7133,MLYCD,0.999712
7134,BMF,0.99809456
7135,NFYB,0.9995055
7136,MSH2,0.99952364
7137,NUP210,0.9989392
7138,POLL,0.9991018
7139,FCSK,0.9988092
7140,ZBP1,0.99974126
7141,AGPAT4,0.9995901
7142,TRMO,0.9994087
7143,TEX264,0.9994812
7144,LTN1,0.99908006
7145,RNASE6,0.99933434
7146,FAM200B,0.9977959
7147,SLC9A9,0.9996336
7148,TOMM34,0.9997255
7149,MFHAS1,0.9958145
7150,ALPK3,0.99934214
7151,ZHX3,0.99943125
7152,VPS29,0.9991945
7153,AMN1,0.99885607
7154,CPSF1,0.99905
7155,ZNF503,0.9991394
7156,PGAM5,0.9993423
7157,BOP1,0.9987237
7158,SPN,0.99971974
7159,CD248,0.99950325
7160,TP53RK,0.9997589
7161,ATP5MC1,0.99931204
7162,CLCN6,0.9990193
7163,HOMER1,0.99916667
7164,SLC6A3,0.99967784
7165,UNC119,0.999129
7166,ACP6,0.99953395
7167,SGPP2,0.99932814
7168,YAE1,0.99958915
7169,BRAP,0.9991771
7170,HMG20A,0.99938565
7171,USP20,0.999032
7172,MPDZ,0.9990972
7173,FUT8,0.99670494
7174,CMBL,0.9994755
7175,WDR44,0.9987494
7176,CNKSR1,0.9998822
7177,SUPV3L1,0.99729955
7178,SNAPC4,0.9995593
7179,C5orf22,0.99962777
7180,TMEM243,0.99854153
7181,ST8SIA4,0.99693507
7182,TIMM50,0.9993922
7183,SETD6,0.9994941
7184,VAMP4,0.999465
7185,SERTAD4,0.99968386
7186,GATA2,0.9990457
7187,TRAF2,0.999581
7188,C16orf87,0.9980478
7189,CTXN1,0.9998525
7190,TUBGCP5,0.99940634
7191,ZNF407,0.99929255
7192,DUSP12,0.99958193
7193,AP1S3,0.99905527
7194,NME7,0.99963665
7195,HMGXB4,0.99833554
7196,BAHCC1,0.9996091
7197,CMTM8,0.9992424
7198,EEF1AKNMT,0.999603
7199,PSMG1,0.9996942
7200,LMNB1,0.99909145
7201,TTC9C,0.99896467
7202,MCM5,0.9991992
7203,AIF1L,0.9991188
7204,ITSN1,0.9984266
7205,PDSS2,0.9993495
7206,LRATD1,0.99971133
7207,MIER3,0.99838555
7208,RAB32,0.9996241
7209,TMEM128,0.99950105
7210,GALNT7,0.99934566
7211,TMPRSS13,0.99718904
7212,SNRNP48,0.9984649
7213,TBX5,0.9996025
7214,ABCA13,0.9991581
7215,ABCA8,0.9995225
7216,LAS1L,0.9973532
7217,PROM2,0.9998811
7218,WDSUB1,0.9991892
7219,CAB39L,0.999586
7220,MICA,0.99945545
7221,IQCG,0.9996003
7222,NUAK1,0.9995314
7223,CLTRN,0.9996344
7224,SLC16A4,0.9994936
7225,SLC30A6,0.9993768
7226,FMOD,0.99912274
7227,RFWD3,0.999698
7228,FRZB,0.9994327
7229,HSD17B8,0.99902457
7230,NUBPL,0.9995214
7231,ZW10,0.99901307
7232,ANK2,0.99929494
7233,MANEA,0.9995421
7234,CEP128,0.9994503
7235,HSD3B7,0.9989147
7236,PARVB,0.999063
7237,PLCB3,0.9941354
7238,SLIRP,0.99916697
7239,RBM12,0.9993576
7240,PSMG4,0.9990072
7241,GABPB1,0.99929667
7242,SH2D3C,0.99854124
7243,UPF3A,0.99919546
7244,INTS6L,0.9997981
7245,PLEKHA4,0.99969673
7246,PYCARD,0.9993992
7247,BLMH,0.99890405
7248,WDFY4,0.9995796
7249,ZBTB22,0.9975625
7250,PPAN,0.99946404
7251,JMY,0.9994739
7252,CYREN,0.99920493
7253,DCTN6,0.9991518
7254,PIGL,0.99945766
7255,IL33,0.99846506
7256,RHBDD1,0.9991573
7257,BRIX1,0.99375725
7258,TSPYL4,0.99897635
7259,AVEN,0.9992672
7260,HTRA3,0.99929744
7261,RCHY1,0.9990244
7262,SLAMF7,0.99991876
7263,JAZF1,0.999503
7264,ZFYVE28,0.9988043
7265,TMA16,0.9988491
7266,SYNC,0.99931467
7267,NOM1,0.9995621
7268,ASF1A,0.99877894
7269,C11orf1,0.99472535
7270,FAM183A,0.99862206
7271,DHFR,0.9994627
7272,TYW3,0.9997498
7273,PIK3R4,0.99890816
7274,PTPN2,0.9991153
7275,TMEM254,0.99954784
7276,PGM2,0.9983842
7277,DGCR8,0.9995259
7278,MAZ,0.9991261
7279,TLNRD1,0.99941504
7280,KALRN,0.9992917
7281,PIGM,0.99944365
7282,ACKR2,0.99990034
7283,NIP7,0.999551
7284,TMEM45A,0.9997913
7285,EXOSC8,0.9994582
7286,POMP,0.99796075
7287,TKFC,0.99970216
7288,ZFP90,0.99960625
7289,ERLIN1,0.9995222
7290,GPANK1,0.99833477
7291,ZNF317,0.99919635
7292,ZNF496,0.99946535
7293,STXBP4,0.9993626
7294,POLG,0.99902475
7295,C20orf85,0.99984455
7296,RNF26,0.9994949
7297,NEK4,0.999554
7298,DDX52,0.99885404
7299,GLYR1,0.99916524
7300,SMPD2,0.9998369
7301,AUH,0.999049
7302,TACO1,0.99979275
7303,PHGDH,0.99891454
7304,CPPED1,0.9994544
7305,HDGFL2,0.9987028
7306,PLAC8,0.99937266
7307,GLYCTK,0.9994887
7308,PNP,0.99940646
7309,FANCF,0.9983447
7310,PCDHGC3,0.9987367
7311,C2CD3,0.9988675
7312,TM7SF2,0.9995186
7313,WDR18,0.9966607
7314,MED30,0.9994256
7315,MED18,0.99921864
7316,ACD,0.9992671
7317,EDN1,0.9990035
7318,DCUN1D5,0.9970932
7319,C16orf70,0.9991621
7320,BICDL2,0.9997531
7321,TMEM161B,0.9990241
7322,ZNF266,0.9992715
7323,CPTP,0.99949026
7324,LMTK2,0.9991983
7325,AMPD3,0.99972534
7326,XPO7,0.9995929
7327,POLR3C,0.9973997
7328,PFDN1,0.9995495
7329,TRMT1,0.99806106
7330,PYGL,0.9988922
7331,RPGR,0.99949646
7332,CTDSPL2,0.9995653
7333,CLEC11A,0.9986842
7334,FAIM,0.99968165
7335,TMEM14A,0.99887764
7336,MSANTD2,0.9988554
7337,MPP5,0.99920607
7338,TBKBP1,0.9985212
7339,RIC3,0.99953574
7340,CFAP54,0.9992839
7341,C21orf91,0.9985563
7342,SDE2,0.99927044
7343,CSTA,0.99866134
7344,ARHGEF28,0.9995224
7345,SLC48A1,0.9996029
7346,DPH3,0.9986634
7347,VTA1,0.99836075
7348,CDK18,0.9992236
7349,ZMAT5,0.9984142
7350,TRIAP1,0.9993515
7351,BRF2,0.9995824
7352,SOX18,0.99864995
7353,ERP27,0.9994852
7354,GJB1,0.99815416
7355,SLC22A18,0.99976206
7356,HSPB7,0.99923307
7357,WDR1,0.9995964
7358,NECTIN4,0.9994904
7359,TMEM150A,0.9994525
7360,SPIRE2,0.99936026
7361,TRIM21,0.9995395
7362,ADAMTSL2,0.9991126
7363,PDGFB,0.9996915
7364,PTBP2,0.99845296
7365,SLC25A40,0.99915135
7366,INPP5E,0.9983152
7367,CEP68,0.9990484
7368,SLC25A26,0.9992053
7369,ANGPT1,0.9991495
7370,GPC1,0.9995862
7371,ZNF521,0.9994979
7372,KDELR3,0.99930584
7373,MAOB,0.99928606
7374,ESRRA,0.9990824
7375,HMGCR,0.99964637
7376,MMGT1,0.99970543
7377,RAB11FIP4,0.9994856
7378,EIF2AK3,0.9969385
7379,IRGQ,0.99945414
7380,SOX5,0.99915296
7381,COPS9,0.999073
7382,TSTD2,0.9996421
7383,RUNX1T1,0.99966085
7384,CD80,0.9995292
7385,FAM53C,0.9990097
7386,ABCF2,0.9996659
7387,HSH2D,0.999152
7388,STK36,0.9995988
7389,CCDC174,0.9994068
7390,GZMA,0.99931395
7391,MROH6,0.9998797
7392,TMEM14B,0.998885
7393,RBIS,0.9991767
7394,C2CD2L,0.99948376
7395,DDX59,0.99928665
7396,DZIP3,0.999817
7397,NSUN7,0.9997449
7398,CROCC,0.9992002
7399,ARHGEF11,0.99918354
7400,PIGH,0.9995698
7401,FAM126B,0.9968132
7402,STEAP2,0.9989015
7403,TBX3,0.999663
7404,GPN3,0.99919975
7405,TESK1,0.9988591
7406,CTDSPL,0.9985796
7407,MEAK7,0.9977352
7408,ZFYVE9,0.99917495
7409,SDHAF4,0.99886626
7410,DNAJC16,0.99944735
7411,FBXL20,0.99912536
7412,SLC19A1,0.99929744
7413,AMOT,0.99960965
7414,KLC2,0.9985092
7415,KLHL7,0.9994973
7416,VPS33A,0.9959175
7417,FOXF1,0.99890184
7418,LACTB,0.9995607
7419,TMOD2,0.9994817
7420,CXCL11,0.9989766
7421,PHF23,0.9966801
7422,TOPBP1,0.9958522
7423,CIDEB,0.9985202
7424,TEFM,0.999543
7425,ZDHHC2,0.99962175
7426,ZNF568,0.9995161
7427,ABLIM3,0.9987133
7428,ZNF275,0.9987384
7429,SLC6A14,0.9997942
7430,PWWP2B,0.99941283
7431,XPO1,0.99959385
7432,CAPN3,0.9994302
7433,PPIL3,0.9994027
7434,TLE3,0.9991051
7435,ADO,0.99879587
7436,RHBDF1,0.9997033
7437,PCGF1,0.99892026
7438,DDB2,0.9981478
7439,P3H1,0.9986736
7440,TPGS1,0.9989115
7441,ST6GALNAC4,0.99799365
7442,ELP1,0.99974805
7443,CDC14A,0.9998232
7444,CPSF4,0.9990527
7445,A4GALT,0.99971914
7446,GLT8D1,0.99908113
7447,ARHGEF19,0.9995018
7448,DSTYK,0.9992549
7449,CEACAM1,0.9999296
7450,DHCR7,0.9996872
7451,TCF7L1,0.99911535
7452,RAB28,0.9997509
7453,UCK1,0.9974157
7454,DACT3,0.9986321
7455,MAGI1,0.9990786
7456,ABCD1,0.9981842
7457,TMEM64,0.99817324
7458,FAM83E,0.9998895
7459,ATG10,0.9988886
7460,MARCH8,0.99787605
7461,MYO5C,0.9997799
7462,MMP23B,0.9995147
7463,SDK1,0.9999038
7464,SLC20A2,0.999468
7465,ITK,0.999753
7466,NTHL1,0.999784
7467,ALS2,0.9993372
7468,SLAMF8,0.9996729
7469,TMTC4,0.9981472
7470,ZNF195,0.9995305
7471,YRDC,0.9997414
7472,USPL1,0.99907017
7473,DPM3,0.99927485
7474,NPM3,0.99912643
7475,MPI,0.9990425
7476,CCN5,0.9987273
7477,ENDOV,0.9993261
7478,PTER,0.9971573
7479,THAP12,0.99896973
7480,L3MBTL2,0.9996363
7481,PSPH,0.9994612
7482,PIBF1,0.999224
7483,CDHR3,0.99950904
7484,SNRNP27,0.99910754
7485,ETV3,0.99724543
7486,TOB2,0.9992911
7487,ENTPD7,0.9991485
7488,TRMT2A,0.99491155
7489,RRNAD1,0.9967559
7490,IFT80,0.99943084
7491,RAD9A,0.99977934
7492,TGS1,0.9994327
7493,ING4,0.99946433
7494,RBM15,0.9993747
7495,ARMCX1,0.9992566
7496,IGFBP6,0.9994179
7497,ZNF398,0.99895257
7498,DYNLL1,0.9996377
7499,SSPN,0.9981553
7500,TMPRSS4,0.9998156
7501,HPRT1,0.9982368
7502,ZNF212,0.9994648
7503,PNPLA7,0.9989225
7504,AP1AR,0.99861795
7505,RCL1,0.9994075
7506,GAPVD1,0.99883235
7507,IMP3,0.9993243
7508,PIK3R5,0.99943274
7509,ATP11C,0.99866104
7510,SLAMF6,0.99964666
7511,ALDH6A1,0.99931353
7512,KAT2A,0.99823505
7513,CDK11B,0.99934924
7514,HAUS5,0.9985218
7515,AKR1E2,0.9996537
7516,RPF1,0.9991686
7517,HIF3A,0.99952906
7518,EFHD1,0.9996735
7519,BATF,0.9990834
7520,TSPAN17,0.9988567
7521,RPP30,0.99940205
7522,KCTD9,0.9984018
7523,NAGPA,0.9991433
7524,MTX1,0.99970853
7525,MSANTD3,0.99941665
7526,PLEKHG2,0.998477
7527,ATG4C,0.9994842
7528,LATS2,0.9981804
7529,FAM207A,0.99628276
7530,NCAPD2,0.9994238
7531,DMD,0.9997457
7532,STK19,0.9987811
7533,EEFSEC,0.9937851
7534,KPNA5,0.99870044
7535,NAAA,0.99917746
7536,DNAH7,0.9979168
7537,LSM12,0.9989411
7538,GTF3C3,0.998878
7539,BAMBI,0.99943036
7540,KIF22,0.99971056
7541,INPP1,0.9992873
7542,LARP1B,0.99936754
7543,ZNF516,0.99946034
7544,CACTIN,0.9989031
7545,PLAT,0.999133
7546,IL4R,0.99911594
7547,CREB5,0.9995306
7548,MVD,0.9996314
7549,CCNQ,0.99762595
7550,LRRC8B,0.99966824
7551,FBXO4,0.9993984
7552,BCL11A,0.9993623
7553,PJA1,0.9970598
7554,FGD3,0.9987292
7555,C12orf45,0.9994632
7556,MRFAP1,0.99937963
7557,CYP4V2,0.9994515
7558,TAMM41,0.9969862
7559,DCAF17,0.99928266
7560,DHRS1,0.99962026
7561,KNOP1,0.99944866
7562,SIRT5,0.9980202
7563,PRUNE1,0.9991938
7564,PSMA5,0.99948156
7565,FGR,0.9990827
7566,SHLD2,0.9990859
7567,JMJD4,0.9995211
7568,CD7,0.9992421
7569,BTD,0.9996252
7570,PIGU,0.99895
7571,DYNC1LI1,0.9992713
7572,MDC1,0.99832565
7573,SLC25A45,0.999383
7574,IL17RA,0.99920785
7575,HELB,0.9996425
7576,PGM2L1,0.9991951
7577,TMEM120B,0.9996362
7578,NRBF2,0.9992274
7579,STEAP3,0.9998852
7580,PRDM6,0.99872655
7581,NLN,0.99945736
7582,CMSS1,0.9993601
7583,HOOK2,0.999581
7584,TMEM120A,0.99909365
7585,PATZ1,0.9986919
7586,KCTD7,0.999451
7587,EDRF1,0.99930036
7588,RAB33B,0.99762774
7589,BID,0.99810255
7590,CDRT4,0.99975336
7591,FEZ2,0.9989753
7592,SCX,0.99901855
7593,LRRC57,0.9976324
7594,TARBP2,0.99965316
7595,NEO1,0.9996468
7596,BTBD3,0.9998394
7597,C11orf74,0.9994947
7598,ARHGAP42,0.9994742
7599,CYYR1,0.9995534
7600,TXNRD3,0.9992285
7601,ST8SIA1,0.99966556
7602,EBF1,0.9992248
7603,BANK1,0.9982358
7604,NACC2,0.9991008
7605,ELP3,0.99933445
7606,ICK,0.9991069
7607,BCKDHA,0.9989955
7608,GOLGA1,0.9984988
7609,CASP8AP2,0.9992857
7610,POLR3K,0.9993391
7611,PHF13,0.9994682
7612,HIGD1A,0.99928236
7613,PCSK5,0.9998201
7614,RITA1,0.99956083
7615,ABCB6,0.9994696
7616,PLA2G4B,0.99943626
7617,KLHL20,0.99884987
7618,CCAR2,0.99964225
7619,GPALPP1,0.9994033
7620,TIGD5,0.998696
7621,CDC37L1,0.9995945
7622,FAM221A,0.99983346
7623,ATP10D,0.99832296
7624,PRICKLE2,0.9986826
7625,TAF1,0.99882334
7626,CTSE,0.9998501
7627,CLEC5A,0.99952424
7628,SCAPER,0.9993944
7629,ALDH7A1,0.9995178
7630,SLC35A5,0.9970255
7631,RAD51D,0.9993828
7632,MBD5,0.99921244
7633,DDX19B,0.998761
7634,DLAT,0.99954414
7635,MTHFS,0.9994232
7636,TAB1,0.999469
7637,EZH2,0.9992013
7638,IRX5,0.9997138
7639,ALS2CL,0.9994993
7640,GFM1,0.9979476
7641,ZCCHC2,0.999383
7642,MAGEF1,0.9993272
7643,FZD4,0.99916303
7644,EXOSC2,0.9991587
7645,MLH3,0.99946535
7646,RSRC1,0.9983424
7647,UBE3B,0.99955004
7648,CCNJL,0.99968624
7649,SYT7,0.99960995
7650,THOC6,0.99951965
7651,ACADS,0.9958828
7652,ULK2,0.99938595
7653,BRCC3,0.9984434
7654,PIGX,0.99915016
7655,COL4A5,0.9996973
7656,ZNF598,0.9989427
7657,GCA,0.9978851
7658,RGS19,0.99908286
7659,DBNDD1,0.9997676
7660,GOLGA8B,0.999246
7661,FAAP100,0.99918497
7662,EPHA4,0.9991193
7663,MED11,0.99917555
7664,GPN1,0.99919444
7665,TRIM39,0.9991792
7666,PXMP2,0.9991083
7667,CDH3,0.9999062
7668,EDC3,0.9993683
7669,C15orf39,0.99903023
7670,TCP1,0.9989039
7671,DTX2,0.999722
7672,NOP9,0.99748975
7673,VLDLR,0.9996225
7674,FGD2,0.99944246
7675,NTN1,0.99953413
7676,EMSY,0.99934494
7677,ZNF606,0.9999177
7678,SNAPC1,0.99963903
7679,ATG12,0.99766666
7680,SLC1A1,0.99884856
7681,COX5B,0.99934024
7682,FBXL12,0.99915564
7683,TMEM25,0.999485
7684,PUS7L,0.99689656
7685,AREG,0.99867946
7686,CLTC,0.9991964
7687,RGS12,0.99962074
7688,SPATA6,0.9995769
7689,POLG2,0.99842376
7690,METTL14,0.9982108
7691,MAP1S,0.9988596
7692,ATP5F1A,0.99953145
7693,FAM204A,0.998345
7694,RUNX2,0.99742746
7695,REXO4,0.99850816
7696,MKRN2,0.99902534
7697,FAM76B,0.9995121
7698,PSTPIP1,0.9989503
7699,B3GNTL1,0.99953574
7700,WHAMM,0.99814117
7701,SBSPON,0.99926364
7702,MS4A8,0.9923088
7703,ZNF561,0.9997505
7704,PPM1H,0.9988672
7705,NUDT2,0.9994315
7706,CLN8,0.9993602
7707,PPP2CB,0.9995891
7708,LRRC20,0.9996706
7709,RAB30,0.99953824
7710,ZNF143,0.9994795
7711,ARHGAP39,0.9993043
7712,ROR1,0.9981384
7713,RHPN2,0.9994772
7714,GLT8D2,0.9994833
7715,TWF1,0.99941844
7716,LTF,0.9994542
7717,ALKBH6,0.9986237
7718,KANSL2,0.999362
7719,GRB7,0.999747
7720,THOC5,0.9986456
7721,ASB1,0.999397
7722,OTUD1,0.99958
7723,MRAS,0.99935615
7724,PDCD11,0.99916315
7725,ZNF121,0.9994361
7726,FLCN,0.99945056
7727,RAI1,0.99956715
7728,CLIC3,0.9990579
7729,TMEM39B,0.99667424
7730,CLDN15,0.99915713
7731,TMEM131L,0.99951303
7732,NAXD,0.9991849
7733,OSTC,0.99893475
7734,DENND1C,0.9993917
7735,DCP1B,0.99955064
7736,RFC1,0.99764216
7737,PRPSAP2,0.99913484
7738,BTBD10,0.9984623
7739,ST6GALNAC1,0.99985754
7740,SAP130,0.9993865
7741,HPS5,0.999544
7742,DYRK1B,0.99955815
7743,UBAP2,0.999232
7744,YIPF1,0.99883956
7745,NDUFA6,0.99921626
7746,EIF4ENIF1,0.9991002
7747,DBR1,0.99831903
7748,POGLUT1,0.9984214
7749,MEOX2,0.9986701
7750,RBM7,0.99961126
7751,POM121,0.9996296
7752,SLC28A2,0.99980754
7753,PPP2R5B,0.9986722
7754,GLIPR2,0.9946332
7755,ABHD17B,0.9990919
7756,CEP89,0.9995057
7757,PEX26,0.9996662
7758,TJP3,0.99985915
7759,COMTD1,0.9996582
7760,PAFAH1B3,0.99984676
7761,DHX58,0.9991352
7762,KLRK1,0.9997423
7763,GPATCH2,0.99897134
7764,SPINDOC,0.99891186
7765,ADAMTS10,0.99940026
7766,LRRC8C,0.9994628
7767,PLXNA1,0.99825203
7768,EIF2AK4,0.998522
7769,PLEKHA8,0.9988669
7770,PLPPR1,0.9993841
7771,GLI4,0.99951285
7772,RELT,0.99914217
7773,LYRM9,0.9990649
7774,DNHD1,0.99945366
7775,CDR2L,0.99914455
7776,NEPRO,0.9986454
7777,TTI1,0.99952567
7778,HIST1H2BG,0.9997255
7779,GHDC,0.9969166
7780,GPR34,0.99850625
7781,ZBTB45,0.9990486
7782,RUBCN,0.999304
7783,FAM89A,0.99900377
7784,TRIB3,0.9995464
7785,CD209,0.9992782
7786,CRADD,0.9994898
7787,UCHL1,0.9993347
7788,GEMIN7,0.99913085
7789,PDE6D,0.9967097
7790,STS,0.99949205
7791,FAM117A,0.99843025
7792,ARHGEF9,0.9983686
7793,ZNF26,0.99913585
7794,AP002495.1,0.99915093
7795,OSBPL5,0.99901664
7796,LDAH,0.9990218
7797,FABP5,0.999102
7798,ODC1,0.99932253
7799,TET2,0.99979985
7800,DPH5,0.99826354
7801,SAXO2,0.9999464
7802,FCRL5,0.99992955
7803,TRIM34,0.9984298
7804,RAB9A,0.9994906
7805,ACAD9,0.9993119
7806,RIOK2,0.9996277
7807,BLOC1S2,0.99877614
7808,TGFBR3,0.9997629
7809,BIRC2,0.999444
7810,RENBP,0.99922216
7811,ELMOD3,0.9991438
7812,LRRC1,0.99933946
7813,MMADHC,0.9989098
7814,YBEY,0.999508
7815,TMEM100,0.99929535
7816,ACTR8,0.99945676
7817,DMBT1,0.9996605
7818,TRPC6,0.99965346
7819,ANKS3,0.9995924
7820,ZSWIM7,0.9968153
7821,APCDD1,0.9998002
7822,FAM98A,0.9991223
7823,LDB3,0.9980459
7824,SLC41A1,0.9987122
7825,ADCK2,0.99923885
7826,DMAC2L,0.9994335
7827,CCT4,0.9993324
7828,RAB7B,0.9994772
7829,FIBIN,0.9989656
7830,POLR3A,0.9995508
7831,HACD2,0.9984721
7832,RYK,0.99953395
7833,PM20D2,0.999529
7834,DHX35,0.99928606
7835,SECTM1,0.9991681
7836,DMAC2,0.99905044
7837,PI4K2A,0.9994216
7838,R3HCC1,0.99811715
7839,TRPM4,0.9996856
7840,WWP1,0.99933034
7841,CHCHD10,0.9993944
7842,SMC6,0.99836475
7843,TRDMT1,0.9990128
7844,CBLL1,0.99907696
7845,CPNE8,0.9940537
7846,GTF2H4,0.9996425
7847,OMA1,0.9996794
7848,BAP1,0.99855965
7849,GPR65,0.9978217
7850,PCBP4,0.9987542
7851,OSGIN2,0.9842709
7852,GGPS1,0.99917233
7853,SPATA18,0.999547
7854,UPF2,0.9987537
7855,CD5,0.99948376
7856,NDUFAF6,0.999112
7857,C1GALT1,0.9997598
7858,PNPLA4,0.9994566
7859,LRRC15,0.9979452
7860,PTRH1,0.99956876
7861,KIAA1328,0.99894905
7862,DHX32,0.9999096
7863,NAA40,0.9989559
7864,KCNC3,0.99940634
7865,SAMD9,0.99857724
7866,KPNB1,0.99909437
7867,SMUG1,0.9996651
7868,MECR,0.99964345
7869,MOB3B,0.9993688
7870,RECQL5,0.999406
7871,PROSER1,0.9988915
7872,CABLES2,0.9992379
7873,EXD2,0.9991752
7874,UNC5B,0.9990013
7875,RRP7A,0.99839354
7876,RAVER1,0.9993936
7877,CIAO3,0.9993666
7878,NEK8,0.9997055
7879,C12orf74,0.9997381
7880,GCNT2,0.99927914
7881,ALDH16A1,0.9986423
7882,NOP2,0.9992512
7883,CAMSAP1,0.99956846
7884,TRUB1,0.9991992
7885,ZNF131,0.99918365
7886,DCLK1,0.99754506
7887,YARS2,0.99943984
7888,CACNA1C,0.9973265
7889,KAZN,0.9992734
7890,LANCL2,0.9995335
7891,CYB561D2,0.9994974
7892,IDH1,0.99798405
7893,ARL4A,0.99888194
7894,SOCS2,0.9988745
7895,STMN3,0.9987275
7896,L3MBTL4,0.99890786
7897,RTEL1,0.99944544
7898,ZNF687,0.9987526
7899,LSM14A,0.9992838
7900,FHOD1,0.99953973
7901,MEX3C,0.99841225
7902,TRIM37,0.99931335
7903,CAAP1,0.9995968
7904,COL12A1,0.99930876
7905,POP4,0.999053
7906,ABAT,0.998975
7907,ZADH2,0.99942416
7908,ATMIN,0.9988354
7909,GYS1,0.99878824
7910,SNRPE,0.9990114
7911,GGH,0.9986439
7912,LMF1,0.99930364
7913,DHRS12,0.99955845
7914,ZNF268,0.99935067
7915,MPDU1,0.99892884
7916,TDRD3,0.998946
7917,SLC35C1,0.99939185
7918,CRISPLD1,0.9989632
7919,MRRF,0.9986577
7920,MAGI3,0.99961966
7921,TEAD3,0.9994178
7922,TFEC,0.9992286
7923,KNTC1,0.9991907
7924,IDI1,0.99899185
7925,BHMT2,0.9991747
7926,PREP,0.9991884
7927,GALNT3,0.9997581
7928,ITGA7,0.9993701
7929,NEURL4,0.99876606
7930,CXCL8,0.99945354
7931,SLC25A30,0.9993312
7932,KCTD14,0.9993717
7933,MTMR14,0.9979628
7934,SFMBT1,0.9990262
7935,TMEM107,0.99988306
7936,ACAT2,0.99907243
7937,JPH1,0.9990927
7938,MEIS2,0.99963367
7939,MMRN2,0.99952257
7940,SUSD1,0.99907815
7941,PMS1,0.9988739
7942,FBXO44,0.99882305
7943,WDYHV1,0.99952376
7944,DHX57,0.99902135
7945,SARDH,0.9993019
7946,PPP1R9A,0.9991282
7947,NCDN,0.99934757
7948,CNNM2,0.99914086
7949,MRGBP,0.9990488
7950,CSE1L,0.9991355
7951,SLC25A38,0.9987588
7952,ATG2A,0.99894303
7953,OMD,0.9995931
7954,JARID2,0.99927366
7955,FERMT2,0.9977722
7956,SEMA5A,0.99939775
7957,CENPM,0.9991066
7958,ADRA2A,0.999483
7959,FBXL6,0.99924934
7960,PRXL2C,0.9982424
7961,MAD2L1BP,0.99960315
7962,CDIP1,0.9991373
7963,ANKRD54,0.99976
7964,LILRB5,0.9995698
7965,LRRC45,0.99872875
7966,LRRC8D,0.99894464
7967,NSDHL,0.99905235
7968,CD274,0.99841994
7969,POLE,0.99897546
7970,KIF9,0.9993765
7971,GPX7,0.99863374
7972,ZNF626,0.9992201
7973,EDNRB,0.99921656
7974,GON7,0.9994667
7975,FRMD4B,0.9988775
7976,TULP3,0.99960595
7977,SESN2,0.9989972
7978,RRAS2,0.999262
7979,ZNF518B,0.99478656
7980,TBC1D16,0.9990746
7981,TFEB,0.99885637
7982,RAB3D,0.9987094
7983,RAB38,0.9995502
7984,C1orf109,0.9991516
7985,DCHS1,0.99911416
7986,BAHD1,0.9988338
7987,HIST1H2BH,0.9927769
7988,NSUN4,0.9990552
7989,AK9,0.9995639
7990,BBIP1,0.9988961
7991,TATDN3,0.9994141
7992,PLA2G6,0.9990382
7993,NEDD4,0.9984212
7994,ZNF830,0.99938947
7995,SLC17A5,0.99805784
7996,METTL25,0.9989753
7997,STK11IP,0.9996007
7998,ANKRD42,0.9991888
7999,ATG9A,0.9984873
8000,UBE2M,0.99930096
8001,ZNF175,0.9959216
8002,ORAI2,0.99940586
8003,DSC2,0.9998482
8004,HLCS,0.99901485
8005,ACVRL1,0.9991107
8006,CENPS,0.9997017
8007,HERC1,0.9975532
8008,GTF3C2,0.9983021
8009,CLEC14A,0.99838865
8010,DALRD3,0.99987286
8011,RDH13,0.9997622
8012,NRF1,0.9995659
8013,CACNA2D2,0.9992424
8014,SCN1B,0.999447
8015,MTF1,0.9973513
8016,CASP6,0.9995488
8017,GPSM1,0.9989151
8018,LCAT,0.99851227
8019,POLR1A,0.999273
8020,C1orf35,0.9994749
8021,PAXIP1,0.999049
8022,TRIM11,0.99904644
8023,GSTO1,0.99688256
8024,B3GALNT2,0.9994562
8025,ZFX,0.99826545
8026,BIN3,0.9996753
8027,PRELID2,0.99919856
8028,RAPGEF3,0.99902976
8029,NFASC,0.99969786
8030,HGH1,0.99959695
8031,MED19,0.99934083
8032,HABP4,0.9994947
8033,NOC4L,0.9990956
8034,EFL1,0.9992515
8035,RRP1B,0.99956095
8036,KIAA1143,0.99905384
8037,D2HGDH,0.9961529
8038,USF3,0.99843186
8039,ST6GALNAC5,0.9989022
8040,BLOC1S4,0.99951065
8041,GIMAP5,0.99830997
8042,FCF1,0.99940234
8043,SUOX,0.9994599
8044,ZNF750,0.9997137
8045,SCARF1,0.99896383
8046,BRMS1L,0.99923164
8047,RAB3IL1,0.9975728
8048,ARMT1,0.99946135
8049,SDHAF1,0.9990675
8050,ALPL,0.99927473
8051,GUF1,0.998929
8052,CCDC137,0.99929106
8053,MTX3,0.9991137
8054,PALD1,0.9986993
8055,MAFG,0.99864674
8056,INTS7,0.99934185
8057,LZTFL1,0.9998213
8058,FAM189B,0.9989605
8059,ADGRG6,0.9963028
8060,MCUB,0.9995168
8061,DCPS,0.9991845
8062,USP31,0.9992442
8063,FOXJ2,0.99419606
8064,RASSF8,0.9991859
8065,SCML1,0.99878615
8066,RFX2,0.99989367
8067,BMERB1,0.99961597
8068,NKAP,0.99932563
8069,BBC3,0.99915665
8070,GPX8,0.99976873
8071,NUAK2,0.99957657
8072,BNIP1,0.9975096
8073,SFXN2,0.9990242
8074,FOXO6,0.9996096
8075,PMPCA,0.9988117
8076,ZDHHC24,0.9960033
8077,GDF11,0.9991349
8078,P3H2,0.9997567
8079,CHN1,0.99799263
8080,CCDC102A,0.999401
8081,TMEM251,0.99925745
8082,LARP1,0.9985546
8083,INCENP,0.99559224
8084,GPRIN3,0.99885607
8085,NT5DC3,0.9994478
8086,DYRK4,0.99881154
8087,ZNF248,0.9988575
8088,PLCL2,0.99932957
8089,ZFP64,0.9992086
8090,TMEM51,0.9992013
8091,NRSN2,0.9992636
8092,ZNF414,0.99853075
8093,LLGL1,0.9992758
8094,ALPK1,0.999574
8095,WBP11,0.9973815
8096,DARS2,0.9992425
8097,RMC1,0.99893266
8098,THUMPD3,0.99875796
8099,NFYA,0.9990468
8100,HMBS,0.9995351
8101,IQCK,0.99946135
8102,COX19,0.9958294
8103,CEP112,0.99901164
8104,RPAP2,0.9991525
8105,PKDCC,0.99710923
8106,UTP4,0.99933034
8107,MSH3,0.99898946
8108,CARF,0.9974286
8109,BCAT2,0.9992474
8110,E2F3,0.99949056
8111,KANK1,0.9997508
8112,ATF1,0.9990946
8113,CCDC59,0.9991967
8114,U2AF2,0.9983319
8115,CDC26,0.9992445
8116,TMEM255B,0.9996939
8117,RERG,0.99881715
8118,IL11RA,0.99942195
8119,TACC3,0.9994744
8120,LURAP1L,0.99636
8121,LEMD3,0.998582
8122,EFNB1,0.99886954
8123,PIR,0.99952126
8124,APOL4,0.999506
8125,CA2,0.9995095
8126,ENDOG,0.99973327
8127,TSHZ1,0.99915236
8128,ARHGAP32,0.9996231
8129,WDR54,0.9997738
8130,MFSD13A,0.9996232
8131,DUS3L,0.9993602
8132,LIN54,0.99881
8133,SRRD,0.99948776
8134,ZNF236,0.99931747
8135,MTMR4,0.99902487
8136,TMOD1,0.9996095
8137,FAM241A,0.9993715
8138,GMFG,0.9988885
8139,HDAC10,0.9991852
8140,SPATA5,0.9994483
8141,TSEN34,0.99940073
8142,ARMCX2,0.9990729
8143,FBXO30,0.9997055
8144,HSD17B12,0.99867517
8145,DZIP1,0.9991201
8146,RHBDL2,0.999482
8147,PEX16,0.9991498
8148,YJU2,0.9983889
8149,LNX2,0.9996831
8150,MXD1,0.9997376
8151,CFAP44,0.999458
8152,DNAH14,0.999726
8153,MPP6,0.9990355
8154,KLF11,0.9989754
8155,ERAP2,0.9995778
8156,MASTL,0.99885607
8157,NCAPD3,0.99911195
8158,FYCO1,0.9985932
8159,KDM4B,0.9974777
8160,POLH,0.99956447
8161,RNFT1,0.9985029
8162,GPR171,0.99943095
8163,ACP1,0.99868613
8164,SYNJ2BP,0.99905187
8165,MDM1,0.99941266
8166,NID2,0.9996277
8167,SYNJ2,0.9993971
8168,PDE3B,0.9995077
8169,OTULINL,0.99915254
8170,RNF6,0.999609
8171,DDX55,0.999405
8172,ZNF25,0.9987939
8173,PLEKHG1,0.99945754
8174,RBM45,0.9979412
8175,RASEF,0.9997277
8176,MET,0.99988186
8177,SGTB,0.99926966
8178,EME2,0.9987111
8179,CUL7,0.9992386
8180,LCK,0.9992549
8181,RASGRP3,0.9997241
8182,UGGT2,0.9981681
8183,CNNM4,0.9993868
8184,ZCCHC4,0.9992611
8185,DNAJC18,0.9987361
8186,SLC26A9,0.99867535
8187,RANBP10,0.9989171
8188,GAB1,0.999512
8189,PIK3C2B,0.9996258
8190,HEATR3,0.9993922
8191,SCLT1,0.9996608
8192,PPA2,0.99899226
8193,MTM1,0.9987072
8194,PCSK1N,0.99940187
8195,IMPA1,0.99929076
8196,RRP1,0.9987981
8197,CDKN2B,0.99878615
8198,PPP1R14D,0.9996597
8199,DYNC1H1,0.99959326
8200,TBC1D2,0.9989808
8201,NEIL1,0.99981403
8202,CARD11,0.9995397
8203,GYG1,0.99915963
8204,ESCO1,0.99898684
8205,ADAMTS12,0.9982499
8206,STAMBPL1,0.99873906
8207,NFATC2,0.9985021
8208,PLEKHS1,0.9996721
8209,SERTAD1,0.9964221
8210,R3HDM1,0.9994547
8211,ARMC2,0.99980193
8212,TK1,0.9996126
8213,GRB14,0.9994316
8214,ORC3,0.99804497
8215,SMAD1,0.9994772
8216,DDX50,0.9991336
8217,DNAL4,0.99952126
8218,ASAP3,0.9997317
8219,ATXN7L3,0.9995429
8220,SH2D3A,0.99956214
8221,FBXO22,0.9986898
8222,C5orf51,0.9991209
8223,TTC23,0.9987734
8224,TIAM1,0.9987974
8225,MIGA2,0.99903804
8226,LONRF1,0.99905187
8227,COIL,0.9993954
8228,SLC37A2,0.99902403
8229,ACADSB,0.9990489
8230,NT5C3A,0.9993889
8231,GIMAP6,0.9990901
8232,USP13,0.9990206
8233,MED20,0.99942476
8234,HKDC1,0.99951065
8235,SHANK2,0.9989918
8236,TFAP2C,0.9996809
8237,SAMD4A,0.99862415
8238,EGR2,0.9992663
8239,METTL4,0.9986621
8240,MAP3K10,0.9990015
8241,HARS2,0.999208
8242,TMEM91,0.9990231
8243,TIMM17A,0.99910593
8244,TBC1D24,0.99844474
8245,SFXN4,0.99878883
8246,PLEKHG6,0.9992722
8247,SH3TC1,0.99917257
8248,HNF1B,0.9995669
8249,MAPKBP1,0.9992062
8250,RAI2,0.9993025
8251,ZMYM1,0.9993185
8252,TRIM65,0.99912226
8253,TTLL4,0.99824893
8254,MINPP1,0.999251
8255,SMYD3,0.9965372
8256,PEBP4,0.99943334
8257,MILR1,0.9992317
8258,SH3BP1,0.9972494
8259,NDUFA5,0.9991218
8260,SULT1C2,0.99964446
8261,NCS1,0.9997803
8262,ANKRD49,0.99860126
8263,PCP4L1,0.9997862
8264,LRWD1,0.998901
8265,LOXL2,0.998613
8266,P3H3,0.99864894
8267,INTS2,0.99883366
8268,CAP2,0.99908084
8269,FAM216B,0.9970682
8270,FAM13C,0.9996578
8271,ZNF84,0.99945164
8272,PTDSS2,0.99930966
8273,RND3,0.9994997
8274,RNF217,0.99859685
8275,FAM228B,0.9995758
8276,TSPAN2,0.99960804
8277,GPR132,0.9995068
8278,COG8,0.99960387
8279,MEN1,0.9988704
8280,FAM118B,0.99924725
8281,ZNF12,0.9988493
8282,PPM1L,0.9983838
8283,TIMM44,0.99500245
8284,CDCP1,0.9996356
8285,SHPK,0.996558
8286,MFSD4B,0.99827987
8287,ST3GAL3,0.9993391
8288,OLFML2A,0.9994755
8289,OPLAH,0.99931
8290,RPP25L,0.99798286
8291,BZW1,0.99902916
8292,TBC1D19,0.99883497
8293,SLC5A6,0.9994663
8294,PFKFB2,0.99940044
8295,RASIP1,0.99844897
8296,ERI1,0.9993116
8297,CRNKL1,0.9984601
8298,PTAFR,0.9995241
8299,PPP1R21,0.9982443
8300,PHKA1,0.999416
8301,TARS2,0.99899435
8302,FSCN1,0.9995867
8303,ACVR2A,0.9993971
8304,SGCA,0.99899167
8305,GUCY1B1,0.9992593
8306,METTL21A,0.9990454
8307,MCC,0.999232
8308,MTG2,0.9986981
8309,THSD4,0.9994782
8310,WDR48,0.99840367
8311,RARRES1,0.99977696
8312,THAP6,0.9992493
8313,LCA5,0.99966204
8314,CRYBG3,0.99744815
8315,SNN,0.999191
8316,B3GNT5,0.99977034
8317,KYNU,0.9995209
8318,CD72,0.9985631
8319,CDKN1C,0.99742335
8320,PHB2,0.9988678
8321,RHOBTB1,0.9989436
8322,IPO13,0.99909496
8323,FAH,0.9995688
8324,PTGER2,0.998625
8325,POLD3,0.9995476
8326,FNDC1,0.9992507
8327,ZNF486,0.9988659
8328,NAA50,0.9993226
8329,UBR7,0.9988246
8330,STARD9,0.9978093
8331,CD109,0.99923384
8332,TANGO6,0.9988055
8333,ESYT3,0.99962777
8334,ELK1,0.9978272
8335,NOL8,0.99916685
8336,SPIN4,0.997162
8337,AK6,0.999263
8338,CERK,0.99886906
8339,CAPN15,0.99935484
8340,RALGPS1,0.99972
8341,ABHD5,0.9986172
8342,ZBTB2,0.99917924
8343,CORO2A,0.9999164
8344,BIN2,0.9987024
8345,IL1RL1,0.99961835
8346,GPR157,0.9966919
8347,NDUFAF7,0.9982481
8348,LILRB4,0.99939525
8349,KLHL23,0.99970895
8350,HPSE2,0.9987586
8351,SMARCAL1,0.9994211
8352,BBS4,0.9997398
8353,GAS1,0.99886787
8354,TP53I13,0.9985102
8355,PEX6,0.9996082
8356,EED,0.9994415
8357,METTL1,0.99962187
8358,SETD1A,0.99895895
8359,CLCN5,0.99888104
8360,GFER,0.9993988
8361,NXPE3,0.9993598
8362,WDR47,0.9997112
8363,BCS1L,0.9992132
8364,NEURL1B,0.99891585
8365,ZBTB5,0.9992887
8366,SARM1,0.99880207
8367,ACAA2,0.99935925
8368,SCARA5,0.9979903
8369,HELQ,0.99713546
8370,EHD3,0.9980804
8371,LPCAT4,0.9990306
8372,AIFM2,0.99925244
8373,MFNG,0.99917257
8374,PRPF40B,0.9991609
8375,ICAM3,0.9993846
8376,PLPPR2,0.99924546
8377,NME6,0.99914044
8378,RNF144A,0.9981235
8379,MBNL3,0.9993089
8380,TOMM40,0.9994157
8381,BTBD8,0.99925214
8382,DDX31,0.9991123
8383,NPRL2,0.99892414
8384,BRINP1,0.99992293
8385,CYP2U1,0.9983984
8386,SNX18,0.999405
8387,FRK,0.99866134
8388,TMLHE,0.99862605
8389,ANKMY1,0.9998697
8390,ZNF827,0.99921715
8391,MOAP1,0.9988268
8392,SIDT2,0.99841416
8393,RGP1,0.9992611
8394,ZBTB37,0.9988435
8395,HS3ST1,0.99968255
8396,ATG16L1,0.9994586
8397,KPNA2,0.9968635
8398,BET1,0.99925214
8399,TMEM260,0.9991558
8400,IRF2BP1,0.9993226
8401,IVD,0.9985717
8402,KIAA0753,0.99604976
8403,SLC35F2,0.9986839
8404,CYP51A1,0.9934641
8405,PDCD1LG2,0.9993143
8406,CYGB,0.9989387
8407,ZNF426,0.9989198
8408,AC073111.4,0.9986059
8409,HCST,0.99906445
8410,LYSMD3,0.99933416
8411,ADAT2,0.99816763
8412,TNS4,0.9999126
8413,CXCL1,0.99982756
8414,TMEM192,0.9994812
8415,SLC7A6OS,0.99941826
8416,DCLK2,0.99791515
8417,SNRPB2,0.9991177
8418,ZNF500,0.999256
8419,VIPR1,0.9996098
8420,SOX13,0.9993297
8421,IPCEF1,0.9991331
8422,COBL,0.99950886
8423,MCPH1,0.99917305
8424,CCDC90B,0.9992317
8425,NXT1,0.9991196
8426,CACFD1,0.9990612
8427,RIOK1,0.9989114
8428,SLAIN1,0.9993498
8429,ENPP5,0.9992067
8430,PLEKHA3,0.9992589
8431,MAPK8IP1,0.9998415
8432,ZNF513,0.9992873
8433,OBSCN,0.9963338
8434,SPEF2,0.99991494
8435,RBFA,0.99829215
8436,LRRC23,0.9993094
8437,MICOS13,0.9991701
8438,HSPBAP1,0.99909604
8439,ATPSCKMT,0.9992875
8440,C6orf47,0.99811184
8441,GLTP,0.9993993
8442,WRAP73,0.99867284
8443,SAMM50,0.99913085
8444,MAP2K5,0.99884546
8445,C1orf54,0.9981867
8446,RAD54L2,0.9977811
8447,GABPA,0.99913657
8448,ZC3H12C,0.99802816
8449,ACTR5,0.999282
8450,JADE2,0.99874794
8451,MDP1,0.9988532
8452,FAN1,0.9991807
8453,IFFO2,0.99481505
8454,WDR35,0.99974173
8455,SMG7,0.99930274
8456,COQ2,0.99899304
8457,NUDT19,0.9993736
8458,POLR2D,0.99938357
8459,GBGT1,0.9983196
8460,CCNB1IP1,0.9992582
8461,HHIP,0.999561
8462,CFAP69,0.99984676
8463,CCSAP,0.99919415
8464,SLC25A51,0.9986332
8465,UNC13B,0.9990612
8466,NTRK3,0.9958781
8467,GPR155,0.9980505
8468,PLEKHG3,0.998459
8469,CDC42EP5,0.9995405
8470,NCOA5,0.9991226
8471,SRD5A1,0.98864305
8472,PHKA2,0.9968244
8473,FAM192A,0.9983779
8474,KIZ,0.9995306
8475,PAAF1,0.99856913
8476,PTPN3,0.9985179
8477,GPR87,0.99920857
8478,HIC1,0.99893314
8479,TCF20,0.9983818
8480,RSAD2,0.9997262
8481,ARID3B,0.99593085
8482,ADRB2,0.9998142
8483,RHOD,0.9986736
8484,COMMD8,0.999071
8485,C19orf47,0.9991506
8486,LAT2,0.9992331
8487,MITF,0.99933434
8488,CD247,0.9991395
8489,WDR49,0.99964845
8490,CCL8,0.9990862
8491,POU6F1,0.9982403
8492,NOL6,0.9967459
8493,CD320,0.99911463
8494,PIP4P2,0.99616337
8495,ABCB10,0.9994049
8496,TTC31,0.99784327
8497,ZNF654,0.99903756
8498,MARCH1,0.9993963
8499,MDN1,0.998662
8500,ICE2,0.9986571
8501,DEPDC5,0.9990908
8502,FRAT2,0.9935724
8503,C1QBP,0.9984516
8504,SRPX,0.999509
8505,TMEM126B,0.99927586
8506,FRMD6,0.99888134
8507,RCBTB1,0.999531
8508,COX20,0.9990589
8509,RHOH,0.999218
8510,ANKRD46,0.9992186
8511,HERC5,0.9926324
8512,TSEN54,0.9993242
8513,ZNF224,0.9970765
8514,BTBD19,0.9934619
8515,FES,0.9987882
8516,ZNF552,0.99940836
8517,CHAMP1,0.9986969
8518,CCL13,0.99949205
8519,SPIN3,0.9981346
8520,COX10,0.9990199
8521,KIAA0556,0.9994463
8522,SLC2A11,0.9986488
8523,KIF1BP,0.9990527
8524,CASKIN2,0.99897736
8525,ABCA6,0.999405
8526,SPICE1,0.99922115
8527,PCDHGB7,0.99933326
8528,USP35,0.99922675
8529,PIDD1,0.99942267
8530,STC1,0.9992112
8531,TMEM60,0.9988532
8532,TRMU,0.9993924
8533,RBM22,0.9990753
8534,ZNF101,0.9984158
8535,SCNN1B,0.9996012
8536,MRTO4,0.9984385
8537,SLC7A2,0.99954736
8538,DLL4,0.99936324
8539,SELENOI,0.9965507
8540,CEP290,0.9986488
8541,SACS,0.99897957
8542,FGF18,0.9989792
8543,TRIM52,0.99919355
8544,FUOM,0.99887645
8545,ZNF589,0.99955016
8546,ZSCAN26,0.9991676
8547,CCN4,0.9972185
8548,LONRF3,0.9994696
8549,CCDC189,0.99976635
8550,PIGA,0.99377453
8551,RIPOR2,0.99884367
8552,TRMT11,0.99863017
8553,GLE1,0.9993499
8554,FAM120C,0.99901855
8555,CYP4X1,0.99981403
8556,POLA2,0.9989502
8557,PLD1,0.9995798
8558,SLC25A22,0.99828416
8559,C1QTNF7,0.99923784
8560,KLF12,0.99610597
8561,CDC23,0.99900454
8562,C2CD2,0.9992107
8563,NCKIPSD,0.99910337
8564,ZNF140,0.99935657
8565,TMEM115,0.999553
8566,CSTF1,0.99949473
8567,GATM,0.99869937
8568,ACCS,0.9994097
8569,SF3B6,0.99908036
8570,NVL,0.99907017
8571,C14orf132,0.9996276
8572,ZNF142,0.9990942
8573,FZD7,0.9990511
8574,TUBA1A,0.9994953
8575,KREMEN1,0.9990265
8576,MPZL3,0.99950683
8577,CDK8,0.9990182
8578,DUSP14,0.9994317
8579,FZD8,0.9985666
8580,SLC7A8,0.99891794
8581,TERF1,0.99881285
8582,ZFYVE26,0.99951
8583,ETFDH,0.99818766
8584,IL31RA,0.99984044
8585,XYLT2,0.99843997
8586,CUL9,0.99905413
8587,RRP15,0.9993645
8588,NYNRIN,0.99811304
8589,NIPSNAP3A,0.9993375
8590,PARG,0.99910295
8591,KCNS3,0.9996945
8592,TXLNG,0.9990276
8593,DTHD1,0.99972314
8594,MBP,0.9993944
8595,ANKRD22,0.9995844
8596,SLAMF1,0.99858725
8597,ATG4A,0.9992528
8598,FAM131A,0.99914104
8599,ATP5MD,0.9987652
8600,RGMA,0.99906886
8601,PRMT9,0.9977417
8602,HCK,0.9986043
8603,MOK,0.9997469
8604,TSPAN12,0.9972022
8605,POMT1,0.99863446
8606,EGR3,0.99881953
8607,COA5,0.9984441
8608,TRAF6,0.99924564
8609,ELP6,0.99919474
8610,TNFAIP8L1,0.99986315
8611,AREL1,0.9992005
8612,RNF180,0.99922
8613,TEX261,0.9992552
8614,TNFRSF13B,0.99829483
8615,FAAH,0.9994157
8616,KCTD2,0.9982228
8617,KATNA1,0.9994689
8618,ERMAP,0.99945605
8619,SUPT3H,0.99963397
8620,SEC22A,0.99937
8621,BLNK,0.99922925
8622,AJUBA,0.99811
8623,CILP,0.9991223
8624,RUSC2,0.99832046
8625,SYNM,0.9984363
8626,TNNC1,0.99958533
8627,PRKAR2B,0.99842393
8628,SRXN1,0.9953578
8629,TCHP,0.9987728
8630,VANGL1,0.9978736
8631,PACRGL,0.9995143
8632,MAP3K14,0.99943256
8633,RWDD3,0.997937
8634,TFIP11,0.9990956
8635,IL7,0.9970266
8636,DHRS7B,0.99945104
8637,KIAA1324L,0.9991908
8638,RIPK4,0.99953663
8639,ACER3,0.99876964
8640,NOSTRIN,0.99931365
8641,APOH,0.99920595
8642,CEBPA,0.9987256
8643,TJAP1,0.99908704
8644,CEP164,0.99873555
8645,NUDT1,0.99823797
8646,ZMYM5,0.9991619
8647,CLEC12A,0.99761665
8648,HAUS2,0.99876106
8649,TMEM67,0.9994871
8650,KYAT3,0.9991004
8651,SSBP4,0.99917537
8652,MKKS,0.9993926
8653,SUFU,0.9989306
8654,CLIP2,0.9986199
8655,TCTN2,0.9994103
8656,PVR,0.99904174
8657,FILIP1,0.9991965
8658,FGFR3,0.9995135
8659,RNASEH2B,0.9989336
8660,GSTA1,0.9993801
8661,C4BPB,0.99976575
8662,NEK11,0.99920857
8663,PGC,0.9992073
8664,ANGEL2,0.9986619
8665,KCTD17,0.99782217
8666,ZNF133,0.9968959
8667,ZNF318,0.9990096
8668,ADCY5,0.9982297
8669,DCAF13,0.99917394
8670,LARS2,0.9983956
8671,SNX7,0.99916756
8672,CRPPA,0.99933136
8673,RRAGD,0.9985517
8674,CCL4,0.9982198
8675,TMED8,0.9992031
8676,PRKAB2,0.99865115
8677,PODXL2,0.9994052
8678,CCL11,0.99881756
8679,TRNT1,0.9984938
8680,C9orf64,0.9995697
8681,P2RY10,0.99926364
8682,TAS2R14,0.9983872
8683,FBXO42,0.998319
8684,SQLE,0.9993113
8685,IPO5,0.99916154
8686,CCDC120,0.99928236
8687,CDKN2C,0.99795085
8688,PDE3A,0.9993335
8689,RPE,0.99939233
8690,FBXL19,0.9974433
8691,ARID3A,0.99932516
8692,NDC1,0.9986132
8693,TTF1,0.99874246
8694,WRN,0.9995125
8695,SASH1,0.999111
8696,TBPL1,0.9989954
8697,POLB,0.99834096
8698,WDR24,0.9982672
8699,APOBEC3D,0.9990125
8700,ZNF345,0.99925965
8701,MARK1,0.9985819
8702,ZNF333,0.9991776
8703,C4orf33,0.9995143
8704,ZNF3,0.9998924
8705,TMX3,0.9986805
8706,FRA10AC1,0.99900085
8707,PIK3C3,0.9994503
8708,AASDH,0.99810916
8709,DENND2A,0.9982411
8710,ZNF141,0.998974
8711,ZNRF3,0.9991293
8712,SPA17,0.9998342
8713,ALYREF,0.9994602
8714,GMIP,0.9974163
8715,RBP1,0.99535006
8716,TM4SF18,0.9973661
8717,MAML3,0.9996184
8718,ATAD3A,0.9967028
8719,TRAT1,0.9993642
8720,GNE,0.999688
8721,SCFD2,0.9945054
8722,ANG,0.99917567
8723,ANKS6,0.99950427
8724,DDA1,0.9988456
8725,FAM122C,0.99888456
8726,TUBE1,0.99905473
8727,NDN,0.9987812
8728,BUD13,0.99922544
8729,SLC22A5,0.9993311
8730,VCPKMT,0.9991956
8731,RAB24,0.9983138
8732,NPIPB15,0.9982128
8733,PAK1,0.99939024
8734,SLC38A5,0.9980382
8735,TLR3,0.9986221
8736,MPND,0.99909294
8737,CTU2,0.99892473
8738,SPAG1,0.9977516
8739,MRE11,0.9996092
8740,SLC25A43,0.9989564
8741,WNT5A,0.9994944
8742,PIK3CG,0.9992159
8743,RAVER2,0.9989139
8744,NIPAL2,0.9994072
8745,GPR180,0.9992442
8746,STAP2,0.9992129
8747,OTUD3,0.9986045
8748,TGIF2,0.9975866
8749,EFS,0.99691546
8750,XRRA1,0.9990425
8751,ZNF354A,0.99947613
8752,BCL7A,0.999276
8753,ZSCAN32,0.9979809
8754,SIX5,0.9991151
8755,UBE2D1,0.99872845
8756,NDUFB4,0.99945337
8757,ELP4,0.999313
8758,NT5E,0.99920684
8759,DNAL1,0.9997848
8760,HAUS3,0.9993159
8761,CISD1,0.99785554
8762,DTYMK,0.9987218
8763,POLR3D,0.99812615
8764,ZNF484,0.9951685
8765,RNF152,0.99793416
8766,ADCK5,0.99955386
8767,ZMYND19,0.99947196
8768,TMEM99,0.9996973
8769,RAB29,0.9980136
8770,RAB17,0.9997668
8771,GALNT12,0.9993121
8772,ABHD13,0.9966251
8773,SRGAP1,0.99936867
8774,MSANTD4,0.99903095
8775,MATN2,0.99891853
8776,CEP131,0.997454
8777,SURF2,0.99922645
8778,TTLL12,0.99728537
8779,POLR1E,0.9987137
8780,GRAP2,0.9982993
8781,SNED1,0.99951506
8782,CES2,0.9992954
8783,VARS2,0.9991366
8784,MDH1,0.99926347
8785,SPATA33,0.9997616
8786,BCAT1,0.997604
8787,PTPRD,0.99893427
8788,DMKN,0.999385
8789,THSD7A,0.9994682
8790,LRRC37B,0.99904794
8791,PARP11,0.9976057
8792,ASB7,0.99941075
8793,NEXN,0.99922216
8794,GPR137,0.999369
8795,SSNA1,0.99910176
8796,ISG20L2,0.99859554
8797,CIPC,0.9998125
8798,ACBD4,0.99914265
8799,GATC,0.9989664
8800,ING5,0.99927217
8801,LGALSL,0.9991471
8802,DNAAF1,0.9998163
8803,ZDHHC14,0.9993103
8804,SLC12A8,0.9955703
8805,HIBCH,0.99942285
8806,GPR174,0.99901724
8807,SHMT1,0.99943745
8808,ATG4D,0.9993898
8809,NELFE,0.99916065
8810,SLC29A3,0.9994792
8811,FGD4,0.99911344
8812,ABHD4,0.9994367
8813,TUSC2,0.9988872
8814,TLE2,0.998501
8815,CINP,0.9957371
8816,PIP5KL1,0.9982996
8817,GTF3C5,0.99899876
8818,PRICKLE3,0.9990484
8819,PYROXD2,0.99952173
8820,HSPA6,0.9996228
8821,CA5B,0.9993454
8822,FUZ,0.9997506
8823,METTL2A,0.9993907
8824,SPACA6,0.9985636
8825,ZWINT,0.99977064
8826,SLC22A3,0.99933374
8827,TDP1,0.99912214
8828,CALM1,0.9984909
8829,MOSMO,0.99905694
8830,ZNF182,0.99878633
8831,CLEC1A,0.9984048
8832,DHX34,0.99832296
8833,NEK1,0.9997503
8834,DNAJC24,0.9969388
8835,ZNRD1,0.99899894
8836,BIVM,0.99927866
8837,FBXO21,0.998686
8838,FAM92B,0.9984516
8839,TMEM273,0.9978157
8840,RAB11FIP5,0.9982888
8841,LIAS,0.999557
8842,MIS12,0.99934703
8843,P3H4,0.99844235
8844,ERICH3,0.99862635
8845,IFRD2,0.99923706
8846,ATF7IP2,0.99824446
8847,ANP32A,0.99864167
8848,SKIV2L,0.99913275
8849,HOXA5,0.998831
8850,C11orf52,0.99938965
8851,TOPORS,0.9989044
8852,DPM2,0.99932635
8853,NECTIN3,0.9987372
8854,NKD1,0.99947464
8855,PATL2,0.99969673
8856,JAGN1,0.99921495
8857,NIPSNAP1,0.98970777
8858,DPH2,0.9994485
8859,PROCR,0.9988884
8860,C17orf58,0.99955237
8861,RFX7,0.9982835
8862,MAK16,0.9992782
8863,CCDC117,0.99893415
8864,TMEM242,0.99895465
8865,PSMD14,0.9980079
8866,PHF6,0.9989296
8867,FRG1,0.99832374
8868,NAPG,0.9979885
8869,MARVELD3,0.99813974
8870,SNTA1,0.998649
8871,IL15RA,0.99921674
8872,SRBD1,0.99912035
8873,POLR1B,0.99793977
8874,ZSCAN29,0.99928963
8875,SLC25A17,0.9988737
8876,MTAP,0.9995077
8877,LRMP,0.99916553
8878,MEGF8,0.9987701
8879,SLC8B1,0.9989877
8880,CTNS,0.99927837
8881,MTMR9,0.99894124
8882,HIRIP3,0.998093
8883,DONSON,0.9993243
8884,ZNF511,0.9991764
8885,CHML,0.99867475
8886,HOXB6,0.99827117
8887,THOP1,0.9992248
8888,METTL16,0.9987532
8889,GTPBP3,0.99304706
8890,TUBD1,0.99903953
8891,PTPN18,0.99852705
8892,PAK1IP1,0.99868333
8893,TBC1D12,0.9963004
8894,TRMT5,0.9979067
8895,MAIP1,0.9991139
8896,KIF21A,0.9996544
8897,CRACR2A,0.99968565
8898,PPIL4,0.9994599
8899,FAM189A2,0.9994237
8900,AEN,0.9989645
8901,PTPRT,0.99956095
8902,SEC16B,0.99900913
8903,CFAP43,0.99920714
8904,EIF2B2,0.99771327
8905,NEMP1,0.9974437
8906,HMGA1,0.99963826
8907,FDX1,0.999214
8908,CENPN,0.99866885
8909,WDR66,0.9994084
8910,RNF122,0.99915427
8911,INO80C,0.9993273
8912,GTF2E2,0.9930116
8913,P2RX7,0.99918175
8914,PDK3,0.9980531
8915,ABHD15,0.9996378
8916,FEZ1,0.999592
8917,ZBTB48,0.9984209
8918,UBQLN4,0.9986719
8919,ZNF329,0.9988967
8920,DOP1B,0.999426
8921,ASB6,0.9988054
8922,CXCR6,0.99856186
8923,FBXO34,0.99878705
8924,C1QTNF6,0.9985372
8925,RNF215,0.99822253
8926,SLC35D1,0.99896306
8927,TSPAN5,0.9984126
8928,GPT2,0.9936323
8929,EPHB2,0.9987217
8930,KLC4,0.99863183
8931,SLC36A4,0.9984244
8932,CCR5,0.9993178
8933,ST3GAL2,0.9989117
8934,TRIM3,0.99922544
8935,TARSL2,0.99839246
8936,MBTPS2,0.99909097
8937,CARMIL2,0.9989988
8938,SHISA2,0.99954903
8939,HEPH,0.9994319
8940,RNF24,0.9988812
8941,MFSD12,0.99848115
8942,PDE4A,0.99948454
8943,TNFRSF10A,0.99923027
8944,AKAP7,0.99962807
8945,ADGRA3,0.99952924
8946,TNFRSF13C,0.999821
8947,LY75,0.99956465
8948,JAM2,0.9995683
8949,PLGRKT,0.9993704
8950,TMEM37,0.99917203
8951,N6AMT1,0.9995844
8952,TEPSIN,0.99881876
8953,GPKOW,0.9991086
8954,PRICKLE1,0.99923
8955,TLR1,0.9987236
8956,ALDH1A3,0.9997352
8957,ZNF524,0.99847186
8958,RUNDC1,0.9993002
8959,UTP25,0.9983514
8960,NAT10,0.99933404
8961,ZNF550,0.9992855
8962,DHRS11,0.99854565
8963,LIME1,0.99825984
8964,MBD1,0.9988164
8965,BTK,0.99941146
8966,NIPAL3,0.9981942
8967,OPHN1,0.99767435
8968,EAF2,0.9996338
8969,ATP7A,0.99807537
8970,WDR76,0.9991366
8971,MED26,0.9984703
8972,ICAM5,0.9994194
8973,FLT3LG,0.99855787
8974,TPX2,0.99942505
8975,RPA2,0.9990741
8976,ATP6V0E2,0.9946178
8977,TSPAN18,0.997697
8978,RAB6B,0.99930537
8979,PIEZO2,0.9992709
8980,GIMAP1,0.9994458
8981,TMEM144,0.9985161
8982,WDR86,0.99954736
8983,FUT11,0.9989997
8984,SH2D1A,0.9992339
8985,SPHK1,0.9992291
8986,FANCL,0.9989249
8987,TSC1,0.99833757
8988,FRY,0.9990581
8989,MUL1,0.9969498
8990,TNFRSF18,0.9995731
8991,XRCC5,0.9984967
8992,MAN1C1,0.9989626
8993,RTL8A,0.9983738
8994,INO80,0.9987954
8995,PLA2G1B,0.9991871
8996,HEATR5B,0.9991503
8997,TRIM29,0.9998908
8998,ZSWIM9,0.99918777
8999,ERG,0.9988443
9000,SRSF7,0.9992269
9001,TMEM184C,0.99652374
9002,TMEM47,0.99909055
9003,IL2RB,0.9990082
9004,NPHP4,0.9991044
9005,CCDC8,0.9994688
9006,JHY,0.9996392
9007,TMEM41A,0.99913424
9008,YOD1,0.9994343
9009,CLIP3,0.9994038
9010,FEM1A,0.9989174
9011,RBM38,0.9994877
9012,PIGV,0.9985628
9013,SAR1A,0.99801415
9014,DIPK1A,0.9987733
9015,DTD2,0.9987993
9016,CFAP70,0.9998015
9017,ZNF185,0.9994707
9018,AADAT,0.9990436
9019,CCL28,0.9990902
9020,GTF2F2,0.99889725
9021,BRI3BP,0.99835634
9022,ZPR1,0.998773
9023,MCOLN2,0.9973774
9024,KATNAL1,0.9995166
9025,ZSCAN9,0.9989295
9026,C1orf115,0.9991356
9027,DHX37,0.9980896
9028,S1PR2,0.99683505
9029,PRPF4,0.9931065
9030,FAM229B,0.9998096
9031,TRMT61A,0.99792385
9032,RWDD2B,0.9983174
9033,POU6F2,0.99979526
9034,ACY1,0.9993407
9035,TMEM267,0.99915904
9036,CD200,0.9986887
9037,BTRC,0.99926835
9038,ZSWIM4,0.99899495
9039,AP4E1,0.9996319
9040,SIPA1L1,0.9990387
9041,UPRT,0.99905044
9042,FBXO6,0.9987955
9043,LIG4,0.9985857
9044,CLEC4A,0.99950904
9045,CPEB3,0.9992592
9046,EP400,0.99876416
9047,BMP4,0.99905473
9048,RGL3,0.9992296
9049,DENND6B,0.999798
9050,APBB1,0.9992796
9051,GIMAP2,0.9988672
9052,CEP295,0.99815005
9053,TBL1X,0.9987338
9054,SIMC1,0.99882114
9055,RPUSD1,0.99894124
9056,STBD1,0.9987179
9057,HSD17B14,0.9977809
9058,CDKN2D,0.99901474
9059,PFAS,0.9971036
9060,RAD1,0.9992299
9061,BCL9,0.99925184
9062,PLD2,0.998515
9063,PLS1,0.9991682
9064,EVI5L,0.9989499
9065,GATA6,0.998947
9066,IPP,0.9983018
9067,LINS1,0.9989233
9068,UNC119B,0.9975187
9069,TBC1D13,0.9988796
9070,MOSPD1,0.999354
9071,LRRC42,0.9987459
9072,EXOSC3,0.9987404
9073,SPNS2,0.9983667
9074,CCL3,0.9993312
9075,NIPA1,0.99896896
9076,CFAP45,0.99976635
9077,B4GALT4,0.9994441
9078,TTLL7,0.99962854
9079,ENOX2,0.99884003
9080,C12orf65,0.9986414
9081,STON1,0.9976131
9082,HBEGF,0.9986941
9083,IRS1,0.99878407
9084,PLCL1,0.9990053
9085,XYLT1,0.9988109
9086,GCLM,0.99947137
9087,LRRC56,0.9995533
9088,RPAP1,0.99846333
9089,ILVBL,0.99887884
9090,RUNX3,0.9996785
9091,TUT1,0.9993547
9092,GBE1,0.9988917
9093,ACOT8,0.9992423
9094,BCO1,0.999531
9095,BYSL,0.99954385
9096,TMEM135,0.9985132
9097,DNAH12,0.9998886
9098,OXCT1,0.9984266
9099,NDUFAF2,0.99935734
9100,ZFPM2,0.9979809
9101,C6orf226,0.98963326
9102,METTL6,0.9992691
9103,C15orf41,0.99785054
9104,PELI2,0.99927014
9105,DZIP1L,0.9998354
9106,MISP,0.9996521
9107,VMAC,0.9992957
9108,GLIS3,0.9990824
9109,FAM50B,0.99718934
9110,KLF16,0.99812156
9111,LTB4R,0.9993374
9112,SHANK3,0.99915296
9113,CCDC146,0.999465
9114,TMBIM6,0.99719983
9115,FLT1,0.99779034
9116,USP30,0.9984766
9117,TAF5L,0.9985714
9118,TEKT2,0.9999143
9119,COL21A1,0.9989443
9120,GMEB1,0.99777925
9121,NBDY,0.9992059
9122,RNF150,0.9978396
9123,FAM217B,0.99848986
9124,TMTC1,0.9991509
9125,TTLL11,0.9990492
9126,CACHD1,0.99970496
9127,FUT4,0.9987105
9128,PPCDC,0.9985646
9129,USP45,0.9992552
9130,SEC31B,0.9992201
9131,ARL13B,0.99922335
9132,SMYD4,0.99874896
9133,EGFL6,0.99859107
9134,CASTOR1,0.99867105
9135,IFITM10,0.9997555
9136,TFAM,0.99862325
9137,HECW2,0.99901617
9138,PTRH2,0.9991106
9139,GPATCH3,0.99924123
9140,PRRT2,0.9962422
9141,RCC1,0.99927586
9142,PTPN21,0.99928266
9143,TMEM237,0.99959296
9144,COL8A2,0.9983824
9145,AMACR,0.9988781
9146,PPIL6,0.9997368
9147,PDGFD,0.9978639
9148,VNN3,0.9995452
9149,BORCS6,0.9977066
9150,MDFI,0.9994747
9151,CEP78,0.99951303
9152,TOP3B,0.9988527
9153,PCTP,0.9989995
9154,NKRF,0.9988338
9155,THEMIS,0.9992083
9156,NHSL2,0.999032
9157,HINFP,0.99884826
9158,CCDC170,0.9998479
9159,ZNF777,0.99874765
9160,E2F5,0.9984846
9161,POT1,0.99699914
9162,MTMR11,0.9992695
9163,FLRT2,0.9991415
9164,ARVCF,0.99723977
9165,SLC25A19,0.99908555
9166,MCM9,0.9988984
9167,DDX41,0.9987478
9168,RORC,0.99901116
9169,MMRN1,0.99740756
9170,TUSC1,0.99937135
9171,TYMS,0.9992647
9172,CNTNAP1,0.9973863
9173,MOB3C,0.9982603
9174,GFRA1,0.9990659
9175,RRAGB,0.9979496
9176,RASGEF1A,0.9990262
9177,RAD52,0.9986151
9178,LYRM4,0.99672604
9179,MANEAL,0.99944675
9180,DSN1,0.99930876
9181,ZUP1,0.9982891
9182,SMG9,0.9987507
9183,CCDC86,0.9994961
9184,GAR1,0.99773246
9185,ASB13,0.9993141
9186,CEP85,0.9986582
9187,R3HCC1L,0.9993599
9188,ZNF677,0.9988085
9189,EXO5,0.99894
9190,CLDN2,0.999177
9191,RRP12,0.9993785
9192,POF1B,0.99870694
9193,DIO1,0.99943906
9194,WDR4,0.9931591
9195,TMEM130,0.99848926
9196,MREG,0.9992115
9197,HDAC9,0.9986618
9198,C5AR2,0.9993669
9199,VPS50,0.9994488
9200,HDDC3,0.9993647
9201,C1orf112,0.99938595
9202,PPP1R16B,0.9991352
9203,B3GALT4,0.9992169
9204,LRRCC1,0.9994806
9205,BGLAP,0.9978468
9206,PSMD2,0.99790555
9207,GTF3C4,0.9991234
9208,PMAIP1,0.999039
9209,RWDD4,0.9993659
9210,RRM2B,0.9988245
9211,SCART1,0.9992536
9212,DGKQ,0.9988791
9213,FKBP15,0.9966682
9214,TOGARAM2,0.9995531
9215,PKNOX1,0.99934804
9216,TMCO4,0.9993328
9217,PTPN11,0.99935687
9218,PEX10,0.9933675
9219,HHAT,0.999352
9220,RGS17,0.9997514
9221,TMEM132A,0.9989837
9222,SLC18B1,0.99968946
9223,RPH3AL,0.998903
9224,NELL2,0.99741125
9225,SNAPC2,0.9992851
9226,INTU,0.9995588
9227,CEP162,0.9994341
9228,ABHD14A,0.99942577
9229,DISC1,0.9993435
9230,PBDC1,0.99161303
9231,ATP8B4,0.9992941
9232,POP7,0.9987043
9233,PARP3,0.9993129
9234,MTERF2,0.9991417
9235,HIRA,0.99852574
9236,IFITM1,0.9992526
9237,METTL27,0.999122
9238,ITGA6,0.9981228
9239,ZNF445,0.99888724
9240,SPOUT1,0.9977101
9241,PCDHB16,0.99932516
9242,FAM98C,0.99852103
9243,SPAG4,0.9991971
9244,MAP3K7CL,0.9982211
9245,E2F6,0.99915373
9246,FAM110A,0.9988348
9247,CASTOR3,0.99906886
9248,ZDHHC1,0.9995581
9249,PTGES,0.99900806
9250,TRMT44,0.9941656
9251,HDAC4,0.9994346
9252,TTF2,0.999026
9253,KIF26B,0.9981678
9254,KRR1,0.9938671
9255,CDK6,0.9988593
9256,GIPR,0.99956816
9257,TRMT10B,0.99920285
9258,TSHZ3,0.99819946
9259,CST6,0.9980111
9260,ARNTL2,0.9971363
9261,RABL3,0.9991989
9262,INTS12,0.99902976
9263,TMEM209,0.99251
9264,RBM43,0.99773407
9265,ERCC8,0.99590623
9266,CNTLN,0.9961499
9267,LAYN,0.99965155
9268,PSAT1,0.99867517
9269,FBXO33,0.9982721
9270,SLC39A4,0.999571
9271,ARSJ,0.9989864
9272,EFCAB10,0.9998624
9273,HECTD3,0.9972038
9274,PHLPP1,0.9995384
9275,PCDH17,0.99892396
9276,C11orf88,0.99858844
9277,ZFYVE1,0.99928635
9278,TTC5,0.99955845
9279,NAA16,0.9989313
9280,SLC2A10,0.9996153
9281,PIGB,0.9988947
9282,ABHD10,0.999179
9283,MAU2,0.9990322
9284,KLHL28,0.99851245
9285,ZFP1,0.9993963
9286,PPP1R26,0.99910927
9287,SLF1,0.9993595
9288,ADAMTSL1,0.9975389
9289,FGFR1OP,0.99915564
9290,SWI5,0.99727917
9291,PSMC6,0.9984018
9292,PAQR3,0.9995642
9293,SH2D2A,0.9967629
9294,ZFP41,0.9994642
9295,H2AFY2,0.9984457
9296,ZNF708,0.99903107
9297,SEMA3B,0.9988109
9298,AP5S1,0.9992911
9299,NAA35,0.9993874
9300,IL1RN,0.9995529
9301,WDR3,0.9978167
9302,DYNLRB2,0.99986285
9303,MAST3,0.9979873
9304,DENND5B,0.99862844
9305,TMEM126A,0.99755955
9306,KIAA0895,0.999061
9307,CMC1,0.998789
9308,FLAD1,0.9987648
9309,NSUN3,0.9989232
9310,NFKBIB,0.996637
9311,PRMT6,0.9987785
9312,TMEM170A,0.9992614
9313,SGCD,0.9984371
9314,IL27RA,0.99902564
9315,SMIM27,0.9987583
9316,RNF25,0.99818164
9317,HK2,0.9990879
9318,MIPEP,0.9996582
9319,STON2,0.9990964
9320,DOP1A,0.99935436
9321,KIN,0.9990414
9322,DDX51,0.99867165
9323,PUM3,0.9990676
9324,TDG,0.9980561
9325,SETMAR,0.99944055
9326,FASTKD1,0.9985096
9327,C12orf43,0.9983986
9328,ARX,0.9995003
9329,UMPS,0.9983932
9330,TIMM22,0.99867904
9331,ADPRH,0.99928015
9332,RBBP5,0.99881953
9333,ITGB3BP,0.9988893
9334,TOP3A,0.9978194
9335,RBM28,0.9983428
9336,MMAA,0.99909467
9337,ZNF33B,0.9982977
9338,DNM1,0.9987297
9339,ZC3HC1,0.9984644
9340,ZNF649,0.9992935
9341,SPRYD4,0.99860936
9342,ZFP30,0.9981998
9343,KBTBD4,0.9996147
9344,ZNF197,0.9987272
9345,NEMP2,0.9989675
9346,AFAP1L1,0.9963517
9347,FAM241B,0.99914426
9348,CFAP47,0.9991452
9349,UHRF1BP1,0.9993421
9350,EIF1AX,0.99293834
9351,THAP7,0.9985758
9352,ALG14,0.99951994
9353,SOCS7,0.99819386
9354,CSGALNACT1,0.99911463
9355,ING2,0.99869
9356,CHM,0.999259
9357,TMEM38B,0.9992668
9358,ARL5A,0.9991056
9359,ERMP1,0.999818
9360,EYA2,0.99964046
9361,SLC35A2,0.9973836
9362,RNF2,0.99907494
9363,GALNT18,0.99876434
9364,DHX33,0.99856454
9365,PARP15,0.99851495
9366,ZNF707,0.9984997
9367,C19orf48,0.998758
9368,TMEM80,0.998629
9369,TTC9,0.99986905
9370,RBL1,0.99858105
9371,PILRA,0.9986454
9372,EXOC8,0.9930917
9373,ADAMTS8,0.99725646
9374,AP4S1,0.9986078
9375,TENT4B,0.998651
9376,PTTG1,0.9983783
9377,EFCAB1,0.9997555
9378,PPARA,0.99765337
9379,ROPN1L,0.9987157
9380,TMEM30A,0.99859905
9381,STXBP6,0.99884605
9382,VWA3A,0.9993998
9383,RASL11A,0.9996033
9384,FLVCR1,0.99869764
9385,TMEM258,0.99867904
9386,FAAH2,0.99969304
9387,HYDIN,0.99829805
9388,L3MBTL3,0.9984317
9389,C1QTNF3,0.9988414
9390,MYO5B,0.9995953
9391,HAGHL,0.99954826
9392,FOCAD,0.9993695
9393,RAD51C,0.99878424
9394,AGPAT5,0.99938077
9395,FAM43A,0.998675
9396,SHF,0.99887383
9397,TBC1D8B,0.99918234
9398,YEATS4,0.993955
9399,ISM1,0.9990389
9400,ARHGEF5,0.99946344
9401,SHC2,0.9985525
9402,C11orf95,0.9993795
9403,XKR6,0.99922264
9404,CYB5D2,0.99641293
9405,ZNF184,0.9984194
9406,ZNF566,0.99865305
9407,SURF6,0.9980682
9408,SLC16A1,0.99830705
9409,LY6D,0.99977434
9410,KLRB1,0.9992077
9411,GALNT5,0.99722654
9412,TOMM40L,0.99827087
9413,GULP1,0.99833167
9414,PICK1,0.998102
9415,BCL11B,0.99941856
9416,AZIN2,0.9986013
9417,SYNGR1,0.9987232
9418,NDUFA4L2,0.99909383
9419,OSCAR,0.99856603
9420,INAFM2,0.9987283
9421,LYAR,0.99905646
9422,PECR,0.99901706
9423,ICAM4,0.9977275
9424,NECTIN1,0.9986693
9425,XXYLT1,0.99856603
9426,BCAS2,0.9990827
9427,DRC3,0.9977884
9428,TMEM104,0.99822044
9429,C1orf194,0.9986634
9430,KLK11,0.99978083
9431,WNT2,0.99913424
9432,PRR29,0.99984616
9433,PUS3,0.99799156
9434,DLG2,0.9988802
9435,NTPCR,0.9995357
9436,HIST1H2AE,0.99916553
9437,MAB21L4,0.99953544
9438,GMCL1,0.99818534
9439,CDH23,0.9987224
9440,ADGRD1,0.99883527
9441,TMEM161A,0.99812376
9442,AGFG2,0.9984369
9443,F2RL1,0.99880564
9444,WARS2,0.9987189
9445,GPRC5B,0.99935514
9446,ZNF70,0.99917907
9447,TBP,0.9989015
9448,NETO2,0.9991927
9449,TLR4,0.9987917
9450,KLHDC8B,0.99799407
9451,PUS1,0.9994696
9452,PCNA,0.99939954
9453,FAM227A,0.99983627
9454,ZNF451,0.99845296
9455,ZNF595,0.9986696
9456,AP3M2,0.99821585
9457,PSTPIP2,0.99924326
9458,CAD,0.99944055
9459,LRRC17,0.99924076
9460,MTHFSD,0.99926823
9461,ZNF717,0.9990419
9462,RMI2,0.99927044
9463,GNPNAT1,0.99941504
9464,ZNF821,0.9994391
9465,DNAH1,0.999359
9466,ZC3H10,0.9986909
9467,MCAT,0.99923193
9468,KCNK1,0.99853593
9469,POLR1C,0.9993364
9470,PAIP2B,0.99931985
9471,IKZF4,0.99924135
9472,MYBL2,0.9987173
9473,NEK10,0.9996952
9474,ZNF576,0.9986237
9475,SPATA2L,0.9963585
9476,HIST1H2AC,0.99919873
9477,TCF19,0.99843514
9478,DNAJC25,0.99907607
9479,EIF4EBP3,0.99936354
9480,B3GNT7,0.9986998
9481,PELI3,0.9983137
9482,NKIRAS1,0.9985007
9483,ABRAXAS1,0.9988543
9484,USP42,0.99885905
9485,PYROXD1,0.99892503
9486,ACOT7,0.99880743
9487,PIAS4,0.999195
9488,ZNF343,0.9979459
9489,ZBTB14,0.99948466
9490,CDC40,0.9984969
9491,POU2F1,0.99958134
9492,RMDN2,0.99965477
9493,CCN3,0.9981185
9494,KLHDC1,0.9991132
9495,PMS2,0.99910563
9496,EBPL,0.99549305
9497,SMYD5,0.9990777
9498,CDK19,0.9961402
9499,ZNHIT2,0.999045
9500,DHRS9,0.99989736
9501,NPR3,0.99799454
9502,TICAM1,0.9990407
9503,TYSND1,0.9991614
9504,SMC2,0.9990264
9505,C2orf76,0.99934685
9506,IRF6,0.9995101
9507,SMIM1,0.9991382
9508,LRRC28,0.99913615
9509,NMT2,0.9970045
9510,ZC3H8,0.9991819
9511,MTERF3,0.9989748
9512,RTL10,0.9988837
9513,SLC46A3,0.9991253
9514,SLC25A20,0.99883956
9515,CD3G,0.99925184
9516,CETN3,0.9987817
9517,ACACB,0.99954605
9518,NPR1,0.996822
9519,MFSD5,0.993629
9520,PYHIN1,0.9993828
9521,EVC2,0.9994031
9522,GCNT3,0.9990845
9523,MN1,0.9984579
9524,MFSD3,0.99951124
9525,RP9,0.9995006
9526,ZNF75D,0.99921095
9527,SRGAP3,0.99947625
9528,SFRP1,0.99898803
9529,ADHFE1,0.99960154
9530,SOBP,0.99936265
9531,TMEM163,0.9991481
9532,NFE2L3,0.99913806
9533,RFXAP,0.9971331
9534,ZDHHC12,0.9981845
9535,CEP126,0.99943906
9536,ZWILCH,0.9979209
9537,SRSF10,0.9984487
9538,ZFAND4,0.9994396
9539,GK5,0.9984342
9540,RNF113A,0.9980413
9541,ZNF350,0.99922925
9542,CGAS,0.99763334
9543,SPATA7,0.9988038
9544,KCNIP2,0.9972065
9545,RABEPK,0.99940395
9546,JRKL,0.9991959
9547,EGFL8,0.99867904
9548,C1orf131,0.9990732
9549,CD40LG,0.99889934
9550,P2RX5,0.99968797
9551,HSPB2,0.99819964
9552,FN3K,0.99852306
9553,USP37,0.998726
9554,FRS3,0.99912107
9555,POU5F2,0.9995426
9556,C1orf210,0.9992243
9557,AC007906.2,0.999334
9558,SLC25A33,0.9994587
9559,WFDC1,0.9995143
9560,PPP1R1B,0.99905014
9561,MIPOL1,0.99415034
9562,HCCS,0.9953222
9563,SLC6A8,0.9994811
9564,DLEC1,0.9992889
9565,FPGT,0.99864024
9566,VIPAS39,0.9970437
9567,PSMB7,0.9984702
9568,CCNO,0.999843
9569,CLCF1,0.99917376
9570,GPRASP1,0.99817145
9571,ACSS3,0.9985183
9572,FOXF2,0.99896365
9573,TIGAR,0.99912184
9574,POLD1,0.9983735
9575,IGSF3,0.9997691
9576,IL37,0.99940604
9577,TNFRSF17,0.99965894
9578,ZNF44,0.9992504
9579,ALKBH3,0.9990648
9580,ENPP3,0.99961436
9581,PRDM5,0.99894685
9582,STK26,0.99893796
9583,SNTN,0.9998037
9584,AGT,0.9995292
9585,GNPDA2,0.99740154
9586,BSPRY,0.9996373
9587,ANKMY2,0.99932444
9588,SS18L2,0.99890774
9589,LY86,0.9991212
9590,ALDH5A1,0.9990282
9591,ACAD10,0.99845725
9592,OSBPL7,0.99893457
9593,RIBC1,0.9984086
9594,FKBP3,0.9979912
9595,ZNF510,0.9943012
9596,LGI2,0.997009
9597,FASTKD5,0.99833316
9598,FAM122A,0.9994214
9599,SLC27A1,0.9993103
9600,SDHAF3,0.9985426
9601,OSCP1,0.99948823
9602,FECH,0.9993912
9603,WASF3,0.99926406
9604,KIF21B,0.9983039
9605,FIG4,0.99628466
9606,FLI1,0.9992649
9607,ZNF841,0.99889195
9608,STAP1,0.9990088
9609,NUSAP1,0.99838513
9610,NHLRC3,0.9993515
9611,ZNF438,0.9978045
9612,RAD17,0.9990665
9613,UTP20,0.9982565
9614,ANKRD29,0.99896413
9615,MAP2,0.998481
9616,YDJC,0.99875766
9617,ZBBX,0.99954784
9618,FAM210A,0.9981872
9619,SNW1,0.9992113
9620,UBOX5,0.99816334
9621,CENPJ,0.99909484
9622,KCNN4,0.9994885
9623,ZNF205,0.99887085
9624,SLC4A8,0.9994895
9625,RBM8A,0.99883735
9626,USP43,0.99976367
9627,CHMP4C,0.99894255
9628,HDHD5,0.99895823
9629,SLC2A9,0.9994022
9630,GDF10,0.99910057
9631,ATP1A2,0.9965704
9632,CCDC126,0.9993354
9633,ZNF557,0.99892473
9634,AVIL,0.99952906
9635,PNO1,0.9992194
9636,DCAF4,0.9991171
9637,LRFN3,0.99901104
9638,CA11,0.9993278
9639,SPTSSB,0.9993353
9640,PRR3,0.99844074
9641,RNF125,0.9984468
9642,FKTN,0.99848306
9643,SLC29A2,0.99924195
9644,SLC47A1,0.9986043
9645,MUSTN1,0.9990983
9646,GCFC2,0.99886435
9647,AP4M1,0.9993143
9648,MORC4,0.9993857
9649,LRRC25,0.99863243
9650,NHEJ1,0.99886006
9651,CACNA2D1,0.99914867
9652,DNASE1,0.9983579
9653,PKNOX2,0.99869585
9654,CCDC134,0.99853975
9655,NHSL1,0.99869144
9656,MAP1A,0.99963915
9657,UBIAD1,0.9977484
9658,PCCB,0.9974926
9659,NRN1,0.9986194
9660,ZNF599,0.99974936
9661,SYNE4,0.99952775
9662,GRWD1,0.9988157
9663,NIF3L1,0.99839383
9664,TMEM231,0.99933195
9665,TNFAIP8L3,0.99854785
9666,RGN,0.997636
9667,ZC3H12D,0.99900705
9668,BLK,0.9998878
9669,TFPI2,0.9996252
9670,HIVEP3,0.99863565
9671,GPR68,0.99907494
9672,BBS7,0.99900734
9673,GLRX2,0.99919814
9674,NRARP,0.9996541
9675,MCM2,0.9989897
9676,ASRGL1,0.9942006
9677,USP49,0.9988055
9678,LRRC46,0.9988257
9679,ROBO4,0.9996068
9680,TPMT,0.9991442
9681,TFCP2L1,0.9990757
9682,TRPM2,0.9987928
9683,NPAS2,0.99644315
9684,TMEM108,0.9991086
9685,PIGC,0.9980236
9686,ZBTB6,0.99853104
9687,UTP3,0.99923885
9688,STK32C,0.99855936
9689,XKR8,0.999355
9690,CCDC17,0.99928826
9691,HSPBP1,0.9991077
9692,FASTKD3,0.9995573
9693,PRTFDC1,0.9987947
9694,NFKBIE,0.9991442
9695,PON3,0.998988
9696,TEP1,0.9978083
9697,SUB1,0.9982506
9698,ZNF738,0.99899405
9699,RNLS,0.9977768
9700,RTP4,0.99926245
9701,UAP1L1,0.9938544
9702,APH1B,0.9990616
9703,IKBKE,0.997674
9704,SMIM13,0.9986452
9705,TIRAP,0.9995567
9706,NINL,0.9991255
9707,TIMM21,0.99921834
9708,DNAH9,0.999849
9709,ACOXL,0.9981824
9710,SUSD4,0.9990668
9711,FAM133B,0.99783885
9712,CDC42EP2,0.9966281
9713,LPIN3,0.99742156
9714,UBE2N,0.9979167
9715,LDLRAD1,0.99975455
9716,TARS,0.9992474
9717,SPINK5,0.9983301
9718,PTCD1,0.99838275
9719,RFTN2,0.9983982
9720,DACT1,0.9991562
9721,JAG2,0.99964416
9722,TRMT10C,0.998881
9723,TXNDC16,0.998785
9724,MARS,0.9993442
9725,CRTC1,0.9994715
9726,SLC25A27,0.9964816
9727,REEP4,0.9965413
9728,C6orf136,0.99845254
9729,ECT2,0.9982017
9730,PDRG1,0.9990454
9731,CAMK4,0.99889344
9732,NAPEPLD,0.9978415
9733,ZSCAN16,0.999234
9734,ZNF483,0.9994689
9735,SUGCT,0.9949111
9736,ZNF839,0.9995637
9737,FXR2,0.998433
9738,RAB37,0.99928886
9739,SLC9A7,0.99885607
9740,ZNF605,0.9993386
9741,PRDX3,0.9935502
9742,SLC7A1,0.99839467
9743,HOXA3,0.9973893
9744,ANXA2R,0.99940664
9745,SYDE1,0.99896735
9746,TIFA,0.9995117
9747,NAF1,0.9979984
9748,BOK,0.9987934
9749,FHDC1,0.9995143
9750,OSM,0.9994445
9751,LRFN4,0.99951154
9752,IPPK,0.9990762
9753,TRIM32,0.99880236
9754,CLYBL,0.9984905
9755,PHLPP2,0.9985876
9756,C9orf116,0.9998559
9757,EFCAB13,0.9995859
9758,SUN3,0.9994208
9759,AAR2,0.9945075
9760,UNG,0.998188
9761,TRMT61B,0.99781674
9762,TMEM218,0.99813354
9763,SHROOM1,0.99928105
9764,ADAM12,0.99781877
9765,CCDC191,0.99983805
9766,ATAD5,0.9994194
9767,RCBTB2,0.9992248
9768,KIAA0408,0.9981135
9769,KATNB1,0.9995057
9770,NOLC1,0.9974046
9771,MSC,0.9990244
9772,NDUFAF1,0.9987402
9773,TMEM201,0.99833834
9774,COL5A3,0.99871904
9775,SLC46A1,0.9984822
9776,TTC25,0.9980637
9777,GREM1,0.99729186
9778,HPS6,0.9988736
9779,AQP9,0.99863994
9780,FAM149A,0.9998375
9781,GCC1,0.99913824
9782,CHI3L2,0.9977528
9783,RALGAPA1,0.99860877
9784,GRTP1,0.99870044
9785,CCDC68,0.99878025
9786,L3MBTL1,0.9991396
9787,PPP1R3E,0.99807847
9788,EBF4,0.99847394
9789,PHACTR1,0.99863607
9790,DMTN,0.99949276
9791,RIPK3,0.99580765
9792,MIER2,0.9989168
9793,IL21R,0.99950266
9794,HDHD3,0.9990894
9795,HIGD1B,0.9987463
9796,GLA,0.99846065
9797,PLA2G4F,0.99635154
9798,FANK1,0.99986696
9799,NPR2,0.99816495
9800,DNAH11,0.99972475
9801,FZD5,0.999334
9802,SMCR8,0.99892557
9803,ACOT11,0.99858636
9804,MRGPRF,0.99781024
9805,KIAA0825,0.99973106
9806,TRUB2,0.9986757
9807,THG1L,0.9990791
9808,C10orf88,0.9982352
9809,UBE2F,0.99821746
9810,UPF3B,0.99887466
9811,E2F1,0.99789363
9812,TMEM143,0.9986948
9813,PLEKHM3,0.99875534
9814,CR1,0.9993721
9815,KIAA1586,0.9983698
9816,GAMT,0.99851465
9817,TLCD1,0.99901354
9818,ZNF714,0.99844015
9819,USP46,0.9979001
9820,NDOR1,0.99853814
9821,ADAMTS16,0.99884045
9822,CAPN12,0.99956596
9823,FAM83A,0.99938786
9824,FBXL7,0.9974521
9825,ZNF8,0.99925625
9826,MPHOSPH6,0.9984957
9827,MAPK12,0.99944085
9828,PRXL2B,0.99841344
9829,RARB,0.999059
9830,FDX2,0.99899757
9831,EFHC2,0.9994152
9832,IL1RAP,0.9988554
9833,ARFGEF3,0.9996497
9834,TWISTNB,0.99915946
9835,NUDT8,0.9992176
9836,PRIM2,0.9990988
9837,SLC16A5,0.9992425
9838,AGK,0.9987874
9839,ADCY4,0.99833596
9840,INPP4B,0.9989217
9841,ITGA10,0.99903953
9842,TRAF3IP2,0.9992593
9843,PYCR3,0.99825364
9844,KCNJ15,0.99850416
9845,MEF2B,0.99885523
9846,HSPA12B,0.9992483
9847,WDR5B,0.9986922
9848,ZNF260,0.99852765
9849,SLC6A9,0.99861205
9850,SH3D21,0.99905443
9851,PKP4,0.99864376
9852,TRIM59,0.99752665
9853,FKBP14,0.9982681
9854,HFE,0.9989961
9855,ZNF423,0.99857885
9856,GABRB3,0.9993149
9857,ARMCX5,0.9959599
9858,NAPB,0.99884427
9859,COQ10A,0.99834156
9860,KLHL18,0.9959831
9861,POLA1,0.995628
9862,SYT1,0.99877226
9863,DNAJC30,0.99880075
9864,UBE2T,0.9993361
9865,NDUFAF5,0.9985226
9866,SARS2,0.99882615
9867,CCR1,0.9994208
9868,UBFD1,0.9993671
9869,AGAP2,0.9988658
9870,FAM135A,0.9991441
9871,SH2D4A,0.99899703
9872,SPACA9,0.99899566
9873,BX255925.3,0.99805754
9874,CTC1,0.99851036
9875,ZNF785,0.9989826
9876,CCAR1,0.9983469
9877,ING1,0.9994507
9878,CLNK,0.99853325
9879,PDE12,0.9982726
9880,LARGE2,0.99944675
9881,BLOC1S3,0.99914324
9882,ERCC4,0.99820554
9883,PRG4,0.9985628
9884,BBS10,0.99864256
9885,ZNF19,0.99922216
9886,PEX5,0.99924505
9887,PLEKHG4,0.99932325
9888,CDK5,0.99853307
9889,GEMIN4,0.9985963
9890,CENPBD1,0.9975151
9891,OSBPL6,0.9996708
9892,SDS,0.99892825
9893,GYG2,0.99919367
9894,C12orf29,0.9993458
9895,C21orf58,0.99947214
9896,SNX16,0.9992871
9897,TIE1,0.99946463
9898,OSR1,0.9982971
9899,ZSCAN2,0.9993264
9900,GAB3,0.99847764
9901,ZBED4,0.9986474
9902,CCDC180,0.9992609
9903,NLRC3,0.998106
9904,SYDE2,0.99950695
9905,ZNF766,0.9989227
9906,BDH1,0.99938977
9907,ARHGAP44,0.9996475
9908,SPAG5,0.99817324
9909,CDKN2AIP,0.998683
9910,EMC6,0.9969535
9911,PCSK6,0.9990222
9912,ZNF213,0.999482
9913,BLOC1S6,0.999325
9914,PHYHD1,0.99955034
9915,TEX10,0.9986723
9916,MFAP5,0.99793607
9917,TMEM186,0.9978119
9918,TMEM170B,0.9976074
9919,DGKE,0.9987978
9920,CD79B,0.99929696
9921,MICU3,0.9995197
9922,PCOLCE2,0.999025
9923,LMLN,0.9988009
9924,RBAK,0.9937981
9925,TRNP1,0.99939424
9926,LRRC6,0.99945164
9927,CXorf40A,0.9994751
9928,ZNF280C,0.9993963
9929,HPGDS,0.9992899
9930,FNDC10,0.9996481
9931,KCNQ1,0.9992732
9932,MTRF1,0.99891394
9933,CCDC138,0.99946916
9934,OCEL1,0.99862117
9935,ZFP3,0.99963826
9936,THAP3,0.9986369
9937,TBX1,0.99936754
9938,ICOS,0.9937569
9939,ZNF791,0.9969009
9940,TMEM69,0.99721277
9941,TRERF1,0.9991638
9942,IFT122,0.99915963
9943,PRKCQ,0.9982912
9944,HHLA3,0.99561423
9945,CATSPERG,0.99880075
9946,PARP2,0.9991635
9947,FMC1,0.99864376
9948,ZNF587B,0.998484
9949,FBXO25,0.9978331
9950,KCNMB3,0.9995285
9951,FANCI,0.9976074
9952,THOC1,0.99851453
9953,CDKL1,0.9994047
9954,GNPDA1,0.99812543
9955,ARHGAP19,0.9990061
9956,CLMN,0.9997732
9957,PHLDB3,0.99005526
9958,FAM78A,0.9996166
9959,ZNF627,0.9978282
9960,TRIM6,0.9989966
9961,VEGFC,0.9985855
9962,HVCN1,0.99858934
9963,LBHD1,0.99904406
9964,CHIC1,0.999576
9965,KCNK6,0.99927914
9966,HSF2,0.99918175
9967,P2RY2,0.99877596
9968,SOWAHC,0.9993795
9969,RAPGEFL1,0.9988767
9970,MCOLN3,0.9988891
9971,IDNK,0.99927425
9972,RCCD1,0.9959197
9973,DKK2,0.99852145
9974,KCTD18,0.99926597
9975,ZNF354B,0.99929124
9976,FNTB,0.99897736
9977,LGSN,0.9985377
9978,PDGFRL,0.99939823
9979,GALNT4,0.9989964
9980,MAP3K21,0.99950665
9981,SCARB1,0.99939346
9982,ZNF514,0.9980353
9983,SOX2,0.99992526
9984,ARHGAP40,0.9988182
9985,EDA,0.9983862
9986,OLFM1,0.99757606
9987,LRP12,0.99902564
9988,LENG1,0.9984714
9989,UGT8,0.9991602
9990,BMPR1B,0.99970055
9991,TMEM156,0.99892104
9992,SH3RF3,0.99654406
9993,QPCTL,0.99687827
9994,TRPC1,0.99766684
9995,ZNF441,0.9985137
9996,PODNL1,0.99824035
9997,IYD,0.9987148
9998,SLX4IP,0.99925935
9999,PTPDC1,0.9989932
