gene_index,gene,oracle_pcc
0,FABP4,0.6777096
1,ADH1B,0.6578358
2,CCL21,0.7022479
3,PLIN4,0.5846983
4,ACKR1,0.70453054
5,PI16,0.655163
6,PLIN1,0.6453405
7,MYH11,0.64328855
8,CCL19,0.6855922
9,IGHG2,0.66327614
10,CDR1,0.62249297
11,CCL14,0.6705553
12,CLDN5,0.7733576
13,SFRP4,0.7334766
14,FOSB,0.524831
15,TNXB,0.74891824
16,IGFL4,0.7305816
17,IGF1,0.7921815
18,OR2A12,0.67175883
19,IGLC7,0.514468
20,DES,0.3985968
21,VWF,0.748035
22,IGF2,0.58695966
23,C7,0.7031277
24,ADIPOQ,0.698967
25,IGHA2,0.6138055
26,MEG3,0.72734004
27,DEFB118,0.7286617
28,ADAM33,0.73167056
29,ADH1A,0.70351887
30,CCN5,0.657734
31,KRTAP19-6,0.7274878
32,TOPAZ1,0.7256934
33,FP236383.5,0.3369281
34,PLAC9,0.71022207
35,GPD1,0.6227937
36,MFAP4,0.6636714
37,CFD,0.4317267
38,OR7G3,0.70102286
39,OR8S1,0.7375319
40,PTGDS,0.6247018
41,CIDEC,0.72591424
42,PECAM1,0.80510026
43,CD36,0.56934047
44,NKX1-1,0.6879837
45,CNN1,0.57535964
46,PODN,0.80007523
47,ADGRA1,0.67649126
48,F9,0.7480952
49,FP671120.7,0.33133015
50,ABCA9,0.722375
51,PLVAP,0.7277155
52,LMOD1,0.7634589
53,GPX3,0.55149746
54,MYH4,0.6595027
55,IGHD,0.53094107
56,CXCL14,0.31565592
57,MRGPRF,0.7767887
58,ABCA8,0.7294294
59,MS4A18,0.73229843
60,PDK4,0.6849534
61,SYNPO2,0.80154914
62,LIPE,0.62977535
63,FGF7,0.74817276
64,PLA2G2A,0.48371497
65,CHRDL1,0.6133481
66,OR6P1,0.71670467
67,AC073657.1,0.6271832
68,MTRNR2L11,0.3973055
69,CPXM1,0.800728
70,GJA8,0.7023075
71,ABCA10,0.64736074
72,TTN,0.74803084
73,ACTC1,0.63957196
74,ABCA6,0.76211196
75,TMEM202,0.70666176
76,MS4A1,0.6627729
77,GRASP,0.79854375
78,FHL1,0.6889426
79,STAB1,0.72641087
80,APLNR,0.74752325
81,ANKRD30A,0.5888371
82,ACVRL1,0.7833288
83,TRARG1,0.6967346
84,PTGIS,0.6432833
85,AOC3,0.8056083
86,MMRN1,0.72982675
87,KANK3,0.7318514
88,H19,0.5510755
89,TECTB,0.70045596
90,DEFA4,0.7089345
91,LYVE1,0.6839587
92,EBF1,0.7978177
93,TSHZ2,0.72347975
94,PRG4,0.46661797
95,FILIP1L,0.8092653
96,IGHGP,0.7428041
97,LRRC32,0.72075605
98,SLIT3,0.7496446
99,C11ORF96,0.7718311
100,AKAP12,0.8440852
101,MRGPRX4,0.74482375
102,LIMS2,0.6965708
103,PRKCB,0.78109455
104,FAM205C,0.6985546
105,PTN,0.380892
106,MUSTN1,0.5025617
107,ABI3BP,0.7966952
108,INMT,0.755861
109,PDGFRB,0.766479
110,DST,0.5781646
111,SI,0.7030279
112,FSHB,0.71071935
113,C14ORF180,0.72290736
114,RAPGEF3,0.6583913
115,AD000090.1,0.6928888
116,TDRD15,0.74449086
117,GPR182,0.71092147
118,ANKRD36C,0.6109156
119,POU2F2,0.728327
120,CD34,0.7920606
121,CD79A,0.7173584
122,ABCB5,0.7387907
123,LMOD2,0.7218539
124,HTRA3,0.6930773
125,ZBTB20,0.7308123
126,CILP,0.67842263
127,CAVIN2,0.8008992
128,IGFBP6,0.6880006
129,RAMP2,0.691405
130,MCAM,0.6134967
131,MEDAG,0.7306795
132,TBC1D10C,0.81044006
133,MYH1,0.6848628
134,CXCL12,0.7504712
135,CD52,0.76548886
136,EGR3,0.57378787
137,SSC5D,0.72873706
138,SCARA5,0.5729883
139,TAT,0.4659563
140,PALM,0.5064323
141,HOXD9,0.71872663
142,NBPF14,0.55645686
143,SVEP1,0.7524476
144,CST11,0.6954789
145,ADAM7,0.7025285
146,TBX2,0.6771252
147,ITGA7,0.5888828
148,CCR7,0.7245888
149,ANK2,0.68686086
150,TAS2R40,0.68508404
151,CST9L,0.6227877
152,LRRN4CL,0.7397313
153,MTRNR2L5,0.5719013
154,JCHAIN,0.72932196
155,ANKRD36,0.6660428
156,CCDC80,0.8342395
157,MRAP,0.7426183
158,ASPN,0.754313
159,ESAM,0.80696106
160,ARID5A,0.41682053
161,GCG,0.7326743
162,TEX101,0.7117562
163,TMEM132C,0.7036187
164,ZIM3,0.6966402
165,SELP,0.7524538
166,CD79B,0.5803033
167,GLYAT,0.7307686
168,FP236383.3,0.7371957
169,IGHV3-74,0.72288513
170,NOVA1,0.6266515
171,CCDC144A,0.7945941
172,C2ORF40,0.688591
173,MEG8,0.7479145
174,SAMD7,0.6919226
175,HMCN2,0.70461375
176,MOGAT3,0.66683227
177,CD6,0.7302227
178,EMCN,0.82157946
179,CDH5,0.76527834
180,EBF4,0.5023558
181,RASGRP2,0.75876755
182,ADH4,0.65222853
183,FOXP1,0.59419674
184,KLRF2,0.7284367
185,PGLYRP1,0.72246474
186,PATE1,0.6504489
187,ADH6,0.6814227
188,C2ORF82,0.5319014
189,OR8B2,0.661109
190,ACAP1,0.74102575
191,GPIHBP1,0.7164655
192,AC005224.2,0.7337782
193,NPIPB13,0.14974631
194,CIDEA,0.7421436
195,RAMP3,0.6476405
196,TNNT3,0.63297385
197,FP671120.4,0.71250564
198,COL16A1,0.6337856
199,TMEM119,0.7619112
200,CFH,0.8060172
201,SPON1,0.6821614
202,MYOC,0.75434107
203,CPE,0.401903
204,HIC1,0.8441227
205,CTSK,0.7616878
206,MMRN2,0.7567072
207,NR4A1,0.385872
208,CD248,0.79198724
209,ADGRL4,0.8082134
210,NXPE1,0.7349861
211,NNAT,0.67617553
212,CST5,0.2654139
213,IFNA14,0.7251155
214,KNG1,0.70213944
215,GPM6A,0.6388294
216,KCNQ1OT1,0.6961465
217,MEGF6,0.64127725
218,CCDC69,0.77267075
219,CLSTN2,0.5477987
220,MMP23B,0.6178995
221,F10,0.7202948
222,EGFL7,0.5416803
223,CD37,0.7729182
224,ACACB,0.62053835
225,STEAP2,0.56708765
226,OGN,0.6764269
227,LEP,0.5240947
228,ATP1B4,0.69315314
229,KLF4,0.56007606
230,MTRNR2L6,0.35065877
231,BHLHA9,0.75188416
232,IGFN1,0.777787
233,CYP4F22,0.51554185
234,EHD2,0.7603726
235,TEDDM1,0.7026038
236,CDKN1C,0.58415854
237,ECSCR,0.80071926
238,LEPR,0.7587463
239,GAD2,0.71532226
240,LAMA2,0.7157717
241,PGM5,0.6816275
242,LRRC53,0.7038307
243,FGD3,0.665054
244,C9ORF131,0.6774098
245,PIM2,0.79513425
246,JAM2,0.7700281
247,SCARF2,0.56755215
248,DDI1,0.7056299
249,RASA4B,0.42171577
250,S1PR4,0.7578018
251,COL14A1,0.5975117
252,PNLIPRP1,0.7263689
253,ADCY4,0.7495928
254,C16ORF89,0.4986093
255,CLEC3B,0.7669036
256,EFEMP2,0.79743814
257,ITM2A,0.682563
258,JAK3,0.79804105
259,MGLL,0.5112576
260,ADAMTS15,0.5418378
261,PLEKHA4,0.6081771
262,SRPX,0.79296106
263,FBN1,0.7622816
264,RARRES2,0.7665239
265,SHC2,0.38491163
266,EDARADD,0.3459401
267,OR5V1,0.6927366
268,SEMA6B,0.6502191
269,ECM2,0.8143792
270,GALNT15,0.7649037
271,C6,0.7016507
272,ZCCHC24,0.6759436
273,ASTN1,0.70326144
274,NFATC4,0.50330925
275,FSTL3,0.5303535
276,CDC20B,0.7127957
277,GGT5,0.7761111
278,ANHX,0.6693697
279,SLC32A1,0.7148249
280,RNASEK-C17ORF49,0.69676447
281,IL16,0.74596
282,EPS8L3,0.7139934
283,RASAL3,0.8157001
284,CD93,0.7980345
285,NLRP1,0.8294192
286,FAM196A,0.6526091
287,DCHS1,0.74597937
288,SEPT4,0.6575136
289,SNED1,0.6238075
290,COL5A3,0.7490714
291,HMCN1,0.79304606
292,F13A1,0.6738059
293,PRAMEF20,0.67436177
294,CCDC88B,0.70015764
295,LYL1,0.7702963
296,CSRNP1,0.60866857
297,MTRNR2L7,0.6562882
298,DIPK2B,0.77427906
299,ZAP70,0.7459426
300,ROBO4,0.79359746
301,ELN,0.5284006
302,GJA4,0.7740305
303,TPSAB1,0.60016805
304,HSPB7,0.696611
305,ITGAL,0.7682335
306,ADGRD1,0.7242427
307,ATOH8,0.73863125
308,TGFBR3,0.5539898
309,GSTM5,0.6325303
310,USP29,0.6802161
311,FAM212A,0.7345874
312,ATHL1,0.6027091
313,ICAM2,0.7045491
314,SPRY1,0.75047666
315,TPSB2,0.64222866
316,TECRL,0.68658227
317,ADRA2A,0.6390013
318,BMX,0.7668696
319,IGLC1,0.64911205
320,LRRC10,0.6979511
321,RERGL,0.6486948
322,C1ORF64,0.6673424
323,ATP1A2,0.6129728
324,LTBP4,0.5313447
325,CPLX4,0.7236207
326,SOX18,0.6766078
327,TSPYL2,0.68123466
328,AQP1,0.6716089
329,APOA2,0.73464996
330,CCDC201,0.7243635
331,CPXM2,0.6687377
332,PDGFRL,0.6265244
333,PDGFRA,0.70486885
334,NOMO2,0.31144965
335,NPIPA7,0.29896376
336,COL12A1,0.7006697
337,MMP1,0.48885217
338,USP17L7,0.68694836
339,MRVI1,0.82843083
340,PLXDC1,0.81194067
341,RHOJ,0.78661674
342,NR2F1,0.6880322
343,PDE2A,0.81112474
344,CRISPLD2,0.82100195
345,SCNN1D,0.41906536
346,TRPV2,0.83271104
347,TFPI,0.6002414
348,ZBTB16,0.5822975
349,DERL3,0.7267106
350,C10ORF11,0.7294006
351,ACKR3,0.64644223
352,TSPAN7,0.6318627
353,PRSS48,0.7243076
354,CDK11B,0.39536127
355,LSP1,0.8185559
356,CSF3,0.72525483
357,NEXN,0.7742587
358,CORO1A,0.6640043
359,G6PC,0.73208255
360,HAS1,0.7357056
361,CYTH4,0.7936249
362,RENBP,0.42698392
363,GDF10,0.69141746
364,TRMT9B,0.38774848
365,PDPN,0.7290961
366,LINC01697,0.6949832
367,PLD4,0.66263545
368,CFHR5,0.65273684
369,DPT,0.6665331
370,JAML,0.78685147
371,SLN,0.68722934
372,GEM,0.75597
373,TCF4,0.83065695
374,ANGPTL2,0.8636584
375,SLC2A2,0.73161316
376,FAM65B,0.62857336
377,GABRA2,0.66201514
378,CD27,0.7768896
379,SYNE1,0.8560429
380,ADH1C,0.69884485
381,RBMS3,0.8373003
382,C10ORF10,0.5314588
383,GLRA4,0.7257455
384,LILRB5,0.69029874
385,IGFBP3,0.4431702
386,ECE2,0.35015318
387,SENP3,0.41947138
388,ADAMTS20,0.73673016
389,PHYHIP,0.63320214
390,MTRNR2L3,0.38745654
391,AIPL1,0.6868484
392,PTH1R,0.7663402
393,GFRAL,0.7346484
394,NR4A3,0.60388356
395,LRRC19,0.7303855
396,SAMHD1,0.6790901
397,GREM1,0.79769105
398,COX7A1,0.6736531
399,HBA2,0.5546827
400,RGS5,0.6524904
401,TMEM37,0.63062567
402,MS4A10,0.70531696
403,CHRD,0.56706864
404,CYBRD1,0.53683025
405,PMM2,0.25666407
406,PER1,0.5550596
407,APBB1,0.55069524
408,DGCR6,0.39360175
409,ARHGAP45,0.6353998
410,GPR78,0.7329646
411,NGFR,0.5833039
412,SFTPA1,0.73029643
413,ARHGAP4,0.7576607
414,VCAN,0.7308685
415,KCNK6,0.6003484
416,ZC3H11A,0.28196606
417,INPP4B,0.62674236
418,NPIPA3,0.40218008
419,FAM205A,0.6766098
420,PSTPIP1,0.7886918
421,DNAJB8,0.7221144
422,CD22,0.49033162
423,ARHGEF15,0.7754858
424,TTC24,0.6724835
425,POU2AF1,0.7737999
426,ITGA1,0.79850274
427,ASB15,0.70238805
428,ANGPT2,0.77310103
429,LINC01497,0.7269342
430,PPP1R12C,0.5113716
431,HSFX2,0.6181862
432,OR14I1,0.6722067
433,C19ORF60,0.4905219
434,TACC1,0.7976513
435,NME1-NME2,0.65415764
436,C10ORF142,0.72068423
437,RGS16,0.6513536
438,IGLL5,0.58490795
439,OR8B8,0.6836791
440,LCN8,0.6945546
441,SERTM2,0.7543683
442,AC090377.1,0.6782759
443,KLF2,0.77785665
444,MYO15B,0.5995656
445,EMILIN1,0.7767213
446,TEKT1,0.72843266
447,VEGFD,0.58472717
448,THBS1,0.6238988
449,INPP5D,0.80408716
450,CD300LG,0.6202404
451,RESP18,0.7129341
452,ADAMTS9-AS2,0.7313315
453,TNS1,0.73095703
454,SLC22A7,0.67509097
455,SERPINF1,0.8136573
456,CEP290,0.70212173
457,DOCK6,0.565018
458,AQP7,0.7267441
459,CASQ2,0.68728065
460,MAP1A,0.8100844
461,HYMAI,0.7310614
462,TCF23,0.76897216
463,NPIPB5,0.257962
464,AVPR2,0.66450113
465,ABCA7,0.54305637
466,ANGPTL1,0.72968394
467,PNMAL2,0.69114447
468,TREX1,0.341678
469,BDP1,0.6918842
470,NPR1,0.754697
471,ADAMTS10,0.6737364
472,SLC2A3,0.7356151
473,ZEB2,0.8361637
474,ADGRD2,0.5238626
475,LGALS9C,0.24768786
476,PREX1,0.6850826
477,CLDN11,0.53296334
478,LHFPL6,0.7742939
479,SLCO2A1,0.7517152
480,ANGPTL4,0.3578277
481,SERPINE1,0.59627
482,FGF18,0.7354807
483,COL6A6,0.6694798
484,CD7,0.729837
485,SOD3,0.47381333
486,KCNMA1,0.50088185
487,TNS2,0.576695
488,EGR1,0.4847834
489,AC062004.1,0.74619204
490,PROK1,0.73097366
491,IL33,0.56246454
492,GAS6,0.54949504
493,NHSL2,0.5332889
494,GAS7,0.747344
495,NPC1L1,0.45913565
496,LINC01553,0.68113834
497,FSCB,0.71386886
498,TNFRSF25,0.576237
499,RS1,0.6914215
500,PAPPA2,0.6475672
501,GRIK5,0.5191531
502,BAZ2B,0.62146735
503,ARID4A,0.7038279
504,FUZ,0.40713432
505,GALNT16,0.5670879
506,MMP19,0.7567339
507,ISLR,0.54782325
508,C1QTNF4,0.7081868
509,CACNG2,0.7486195
510,AC132217.1,0.7538437
511,ENPP2,0.7160802
512,GNG11,0.7893839
513,CLEC14A,0.8021917
514,SEMA3G,0.7324509
515,PLCG2,0.5722291
516,MXRA5,0.6945517
517,AR,0.640132
518,SLC25A31,0.71888566
519,FXYD1,0.5980457
520,PLEKHH2,0.671598
521,C1ORF228,0.68693775
522,SLX1B,0.30153847
523,COMP,0.61103916
524,THBD,0.6517543
525,MMP3,0.5477574
526,COL5A2,0.7484363
527,MYOCD,0.6889908
528,CCL2,0.68904537
529,FYB,0.6109516
530,PREX2,0.81738025
531,UACA,0.7904382
532,TTBK1,0.6364874
533,COPDA1,0.59255725
534,TGFB1,0.708949
535,SELPLG,0.7697677
536,ITGA3,0.40759048
537,C8A,0.70958656
538,AC107976.1,0.658029
539,AC004556.1,0.582717
540,TRDN,0.7206165
541,CCDC39,0.6837372
542,NBPF15,0.3327564
543,MMP2,0.7763781
544,MYO1F,0.83260804
545,CADM3-AS1,0.7472598
546,FBXO40,0.72490865
547,PIGR,0.5169199
548,ITGA5,0.761136
549,DUXA,0.7473441
550,AC090498.1,0.621404
551,MTRNR2L13,0.5269721
552,CCDC3,0.6523618
553,TNMD,0.7280125
554,ITGBL1,0.67879325
555,MZB1,0.7002236
556,IL1RAPL1,0.7348089
557,ITGAX,0.7524573
558,ADGRF5,0.8003462
559,SPARCL1,0.64410996
560,STAB2,0.70208484
561,SGCZ,0.6637252
562,CORO6,0.2684081
563,TIE1,0.8070421
564,MFSD7,0.6613019
565,TTC36,0.48583224
566,ACBD4,0.5387236
567,MTHFR,0.65399045
568,CACNG5,0.7037964
569,OR52H1,0.67203957
570,HSPB6,0.40708208
571,DPPA4,0.7243406
572,AC005480.1,0.528853
573,LTBP2,0.6424367
574,FMOD,0.5664274
575,SORBS3,0.6309438
576,SFRP2,0.76448053
577,KIAA1683,0.67175585
578,CD3E,0.82632774
579,DBH,0.68237895
580,GPSM3,0.8119944
581,NXNL1,0.696214
582,HBM,0.73676825
583,MYO1G,0.77846026
584,FHL5,0.71458894
585,WDR13,0.47342303
586,ZNF385D,0.74405193
587,ABRA,0.7122922
588,ANGPT4,0.7066049
589,CAPN8,0.51990396
590,ITIH2,0.69634825
591,CALHM2,0.6776142
592,SEMA3C,0.43232822
593,PRPS1L1,0.69265604
594,MFRP,0.69794875
595,COL5A1,0.7702954
596,VSTM4,0.7766648
597,CDHR4,0.6953415
598,GOLGA4,0.5378141
599,TNFRSF4,0.735738
600,SPATA8,0.7172701
601,POTEI,0.3629283
602,FAM159A,0.6841286
603,POU1F1,0.7669432
604,SCRT1,0.6984341
605,HBB,0.46918717
606,PEAR1,0.8032456
607,CACNG7,0.6599005
608,SERPIND1,0.73143035
609,CST2,0.38375
610,UNCX,0.7008148
611,ANGPTL7,0.72255725
612,RBM25,0.62683624
613,ENG,0.6552825
614,PRKCDBP,0.62002516
615,HTRA1,0.7371648
616,EZH1,0.51374274
617,DUSP1,0.6362633
618,AC010642.1,0.6339774
619,NPIPB3,0.5832123
620,FGF16,0.68865865
621,RAB3IL1,0.6857907
622,LUZP2,0.6700506
623,PAMR1,0.6319687
624,NPIPB11,0.43862143
625,TBKBP1,0.6665265
626,AGBL1,0.684923
627,GRM3,0.67271596
628,KRT82,0.73431706
629,BLK,0.66802996
630,THY1,0.7996091
631,ECRG4,0.2597482
632,MMP9,0.5592529
633,GMFG,0.84106237
634,KIAA1456,0.6890633
635,LCAT,0.64019656
636,SMIM9,0.7017069
637,PGF,0.55433613
638,MEOX1,0.64581364
639,FAM212B,0.6934686
640,AC113404.1,0.6450762
641,ANKRD12,0.61931604
642,KCNV2,0.72111565
643,ENTPD1,0.7453273
644,USP20,0.5560782
645,NRXN2,0.67512983
646,CTCFL,0.68455905
647,SLC35F4,0.6980323
648,FOLR2,0.6240935
649,SMIM21,0.7236677
650,CXORF36,0.69813377
651,HPR,0.73198175
652,Z97200.1,0.75759166
653,FCER2,0.5482709
654,HSPA12B,0.7967829
655,MAF,0.78655666
656,BEND2,0.6579929
657,CTAGE1,0.72091866
658,XAF1,0.7023323
659,NOTCH2NL,0.6892722
660,HYAL2,0.5569734
661,PAPLN,0.7364332
662,ZFP36,0.5843417
663,AC108037.1,0.6935532
664,APOF,0.6341583
665,TRHDE,0.6989894
666,PCOLCE,0.8314035
667,NOD1,0.62497854
668,SYT4,0.673522
669,RSG1,0.6604968
670,IFFO1,0.8161623
671,ATP8B2,0.6080741
672,DSG4,0.7552593
673,POTEE,0.55854005
674,C17ORF78,0.73502904
675,SH3D19,0.6274322
676,SIGLEC1,0.7316603
677,CRX,0.7377365
678,NPIPB9,0.71364003
679,MZF1,0.54936963
680,CHTF8,0.23040968
681,GRIA1,0.66108114
682,CCL17,0.6112334
683,CST1,0.40762362
684,AKNA,0.7702345
685,MUC17,0.6498384
686,IL3RA,0.726758
687,AC108463.3,0.7097345
688,ANKRD33,0.66231036
689,ZNF716,0.6618491
690,CYP3A7,0.69656664
691,TGFBR2,0.83392936
692,THBS4,0.64105535
693,NOMO3,0.5760277
694,LINC01623,0.56630784
695,HGF,0.7818114
696,MAPK11,0.62085944
697,SIX6,0.6906633
698,GTSF1L,0.69137573
699,MROH2B,0.7044645
700,MEG9,0.7516908
701,FAM166A,0.23859859
702,INPP5J,0.45056105
703,RALYL,0.69391316
704,TIMP4,0.5986705
705,AKAP9,0.5007253
706,AC025259.3,0.36183527
707,TMEM110-MUSTN1,0.6701162
708,ZDHHC1,0.56761664
709,Z95114.4,0.71480066
710,CTSF,0.4501879
711,SCGB2A1,0.40470943
712,NPY2R,0.49813876
713,TMEM91,0.624771
714,HRH4,0.701577
715,LVRN,0.71819216
716,C12ORF50,0.73510784
717,PIP,0.3747091
718,AP000915.1,0.65730435
719,LGALS9,0.6296241
720,LMF1,0.48559356
721,SCGN,0.5051579
722,CASC16,0.7009335
723,TUBA3D,0.36051667
724,GIMAP7,0.8335827
725,SCN7A,0.67138773
726,USHBP1,0.8014648
727,LRRC2,0.753012
728,FOXS1,0.7524776
729,UBA7,0.58870983
730,ADAMTS1,0.5594139
731,UTRN,0.6385084
732,UBR4,0.53676844
733,SYNDIG1L,0.760926
734,PACS2,0.5443104
735,CCL16,0.71280235
736,LINC02268,0.6721482
737,AKAIN1,0.70827764
738,DYNC2H1,0.7554791
739,TMIGD1,0.66139644
740,TRPM3,0.6986305
741,AHSG,0.7389996
742,BTNL9,0.5811097
743,FAM63B,0.6077172
744,GIMAP1,0.8160608
745,AMER3,0.6933884
746,RGSL1,0.715487
747,ADIRF,0.4749376
748,VAMP2,0.43933225
749,LUCAT1,0.62692505
750,EPAS1,0.6823072
751,WDR64,0.6926227
752,TCL1A,0.5165269
753,MLANA,0.6787345
754,CCDC141,0.6943632
755,ACTL6B,0.72264314
756,CST9,0.6098085
757,KRT13,0.4376314
758,CD2,0.8167067
759,AC104035.1,0.6586917
760,TMEM132E,0.59146374
761,CCL22,0.6698587
762,CCDC198,0.7300288
763,SULT1A4,0.41351125
764,DIO3OS,0.619863
765,WSB1,0.5716569
766,ANGPTL8,0.685579
767,CTSG,0.6974562
768,BPIFA1,0.68128365
769,DLC1,0.7134531
770,ANAPC2,0.5623296
771,LGALS9B,0.4719827
772,CMA1,0.7422481
773,LINC02433,0.5708049
774,FMNL1,0.782754
775,HEG1,0.8599479
776,ATP6V0A1,0.54076785
777,ARHGAP30,0.8209539
778,PIEZO2,0.55810004
779,AC005005.4,0.7163363
780,MFNG,0.82592946
781,CHRM2,0.72449476
782,OAF,0.74768966
783,CPNE5,0.70008016
784,AC008147.2,0.721077
785,CCND2,0.7103848
786,AC104041.1,0.66385263
787,SNPH,0.37241343
788,PTPN7,0.7801676
789,NKTR,0.593494
790,IDUA,0.48625016
791,AC060814.5,0.7118468
792,FAM156B,0.43545935
793,FGF10,0.62587756
794,SSX3,0.6810724
795,VAV1,0.71903044
796,SLC14A2,0.7129135
797,CD84,0.81259125
798,KRT73,0.7402502
799,SLC19A3,0.6779437
800,ACOT1,0.24335587
801,HBA1,0.6218977
802,TGFB1I1,0.7523586
803,CFHR1,0.6636526
804,NACA2,0.4076549
805,COL4A1,0.68892556
806,RIN3,0.78596544
807,C8ORF44,0.7154989
808,MS4A2,0.8044231
809,COL15A1,0.81070274
810,WDR86,0.5951287
811,PLK3,0.6010577
812,MAP4K1,0.7697473
813,SMIM11B,0.35572127
814,AADACL2,0.7086285
815,PRAMEF18,0.7320933
816,RAB3C,0.7481198
817,TPH2,0.74471635
818,AC245060.5,0.6678856
819,GRIFIN,0.72407675
820,TTR,0.6828951
821,C19ORF66,0.5086693
822,GML,0.7181346
823,OR9K2,0.73871154
824,GREM2,0.7235268
825,GADL1,0.7452882
826,SOX1,0.7209522
827,RIPK3,0.66133064
828,LIN28A,0.69470453
829,LENG9,0.46830484
830,FBLN2,0.5709667
831,PIWIL1,0.71434337
832,AC245100.1,0.6697571
833,F2R,0.78616357
834,TPPP3,0.5552625
835,FABP2,0.751748
836,HIGD2B,0.74040246
837,PDE4A,0.6263133
838,PLEKHO1,0.736021
839,NTS,0.66457164
840,SCN2B,0.6732257
841,LCN6,0.72064227
842,ARSG,0.46003067
843,PLCZ1,0.730146
844,AC087521.1,0.68459034
845,AL845331.2,0.72279626
846,RSPO3,0.7086279
847,SYTL1,0.53043514
848,TBC1D17,0.4858155
849,LAG3,0.62476164
850,FAM110D,0.7650173
851,ABTB1,0.5491986
852,TEX13C,0.70277256
853,THTPA,0.33958113
854,AL049794.1,0.73280764
855,RHD,0.66884416
856,PDZD9,0.6767585
857,OR4D9,0.7489309
858,IGHV3-21,0.726356
859,GPR155,0.7501313
860,ABHD15,0.6300369
861,RPL3L,0.5680205
862,KCNA7,0.715023
863,KRT24,0.6980758
864,CCDC83,0.70341104
865,SLC27A1,0.53883195
866,LGI4,0.7855118
867,FLYWCH1,0.57887346
868,MPND,0.5388592
869,AC020928.2,0.70886135
870,B3GNT6,0.7166993
871,FAXDC2,0.50025296
872,AC026785.2,0.21881227
873,SLC7A8,0.5706162
874,PTPRM,0.8237302
875,CCL3L3,0.69191104
876,ACADS,0.49075833
877,CCER1,0.671855
878,SCN3A,0.66772515
879,NBPF10,0.4432323
880,ZFHX4,0.7100811
881,CYP2A13,0.3644649
882,SPDYE1,0.7477035
883,ASNS,0.3913224
884,FYB1,0.80614185
885,C17ORF51,0.6963143
886,AFM,0.7090924
887,SCRN2,0.5094741
888,PIK3CD,0.6609017
889,ZEB1,0.78524446
890,AL035078.1,0.67826
891,SRPX2,0.63117534
892,ATM,0.7231369
893,FAM237B,0.73012143
894,EIF3CL,0.47868046
895,NWD2,0.6870095
896,TMEM132D,0.7320605
897,ID3,0.61579984
898,FAM132A,0.62582827
899,CITED1,0.57851017
900,ADAMTSL2,0.6303716
901,PCDH12,0.72901416
902,LIMD2,0.6175349
903,MGAT4C,0.706481
904,AC120498.4,0.55828327
905,FTX,0.6224419
906,CPLX1,0.5741541
907,LRP1,0.7476764
908,C1ORF158,0.66181123
909,SIDT1,0.47229114
910,KCTD19,0.66633034
911,HCN1,0.7155896
912,PLG,0.6929156
913,CST4,0.46621123
914,DNM1,0.642536
915,AL627171.2,0.58057386
916,AC067852.3,0.71639377
917,ABCG8,0.6599121
918,SLC49A3,0.65857404
919,CLRN1,0.71491545
920,PGPEP1,0.5525785
921,CLEC4G,0.7410515
922,AC108734.4,0.7584323
923,CEACAM8,0.7171925
924,FAM156A,0.49256837
925,RGPD6,0.67419744
926,LRRTM2,0.75806814
927,IRF1,0.5255073
928,FMO1,0.70526534
929,PPP1R14A,0.495404
930,POLL,0.49191204
931,ELMOD3,0.6153295
932,MS4A7,0.72907203
933,LDB2,0.7689145
934,BCAM,0.5702965
935,ALDH1A1,0.6850927
936,SFXN3,0.59189683
937,UBXN11,0.49479863
938,C1QTNF9,0.6972764
939,FCHSD1,0.5927493
940,WDTC1,0.59184515
941,NAT6,0.62482184
942,AC145124.1,0.6994369
943,MICAL1,0.6524892
944,FCAR,0.74079686
945,CARTPT,0.33104864
946,PGLYRP2,0.4485372
947,AC136443.3,0.71651524
948,AC006111.1,0.61896294
949,PTPRB,0.8064919
950,AC093010.3,0.58720285
951,Z95114.1,0.6757162
952,NTN4,0.5300683
953,RNF166,0.5595212
954,AC025419.1,0.6067267
955,NPIPA8,0.6592017
956,AC138207.5,0.6282163
957,PDZRN4,0.703718
958,IL23R,0.66317594
959,AC020916.1,0.54852587
960,IL7R,0.78596133
961,SPNS2,0.5792088
962,MAP3K19,0.7685952
963,DAPK3,0.5095952
964,LINC01405,0.5465351
965,CADM3,0.714217
966,MAB21L1,0.6426793
967,SLAMF7,0.7662947
968,HLX,0.77665085
969,MPHOSPH8,0.56704855
970,MPPED1,0.5728479
971,SEC14L2,0.34542707
972,PRSS58,0.66188794
973,TARM1,0.6977932
974,CORO7,0.65071064
975,RPL10L,0.21693091
976,STH,0.6768134
977,AL445426.1,0.72985405
978,ITSN1,0.6707616
979,ITPR1,0.6096139
980,UGT2A1,0.69132775
981,SCGB1A1,0.6604162
982,ARSA,0.31067002
983,PAGE1,0.6853294
984,KCNG4,0.7303485
985,POTEJ,0.67758346
986,KLF17,0.66017514
987,CHL1-AS2,0.6621952
988,TRIM56,0.56532925
989,GOLGA8R,0.71346
990,TAS2R30,0.68654627
991,FFAR2,0.4634447
992,ST6GALNAC4,0.4222403
993,PLAT,0.48312274
994,SULT1A1,0.5022495
995,APOBR,0.6220027
996,AIRE,0.7542634
997,AC008663.3,0.5839542
998,EPHA5,0.7245815
999,CCDC178,0.7215016
1000,PRR5,0.43599394
1001,ARHGEF1,0.5095248
1002,GATS,0.6812983
1003,TSKS,0.55087835
1004,AC091891.1,0.68873864
1005,HLA-DMA,0.7005132
1006,PRLHR,0.70481133
1007,OMG,0.73536426
1008,LINC01239,0.62382716
1009,DEF6,0.66458225
1010,NPIPB8,0.48956135
1011,SGCA,0.72164106
1012,BRDT,0.6659655
1013,ITGA11,0.6368592
1014,PAGE4,0.6897614
1015,MXRA8,0.70610857
1016,CPA1,0.739549
1017,LPAR6,0.6650825
1018,CIITA,0.65820485
1019,REG1B,0.69172716
1020,C14ORF159,0.59721667
1021,ISPD,0.6445975
1022,IGHM,0.57953066
1023,JADE2,0.52867454
1024,COL7A1,0.45670438
1025,FZD2,0.4982412
1026,HYPM,0.70630556
1027,MIRLET7BHG,0.48200324
1028,GAGE1,0.668533
1029,CBX7,0.5230871
1030,MYADM,0.4720725
1031,GAGE12J,0.5933673
1032,COL17A1,0.39881936
1033,GJD4,0.6960109
1034,BCO2,0.46600175
1035,S1PR1,0.76443344
1036,CREB5,0.6878899
1037,GYPC,0.6385035
1038,SNHG28,0.60929966
1039,JAM3,0.7288317
1040,STARD9,0.8049213
1041,CNGA3,0.7284301
1042,LMNTD1,0.3812846
1043,MEF2C,0.61034864
1044,MAMDC4,0.48092744
1045,RUNX1T1,0.71554464
1046,NOTCH4,0.79156774
1047,WDR81,0.67425394
1048,PRR29,0.55299157
1049,C2ORF78,0.69578344
1050,TSPAN4,0.6768992
1051,FLG2,0.72562265
1052,F8A2,0.6614567
1053,GGT7,0.5256875
1054,IGSF10,0.46810463
1055,LINC00598,0.7061324
1056,NUDT18,0.60736245
1057,ZMAT1,0.6946443
1058,ABHD16B,0.65001225
1059,CFAP69,0.59362805
1060,TBC1D3C,0.5307762
1061,PTGER3,0.6122811
1062,ZSCAN23,0.70398784
1063,VAMP5,0.76330966
1064,CHD3,0.4612178
1065,ECSCR.1,0.57376534
1066,TTLL3,0.6417834
1067,IL10RA,0.81331676
1068,C15ORF59,0.595563
1069,PNPLA7,0.3176049
1070,RGPD5,0.6732773
1071,RGPD1,0.6430648
1072,CTNS,0.62266594
1073,CLEC18C,0.7030289
1074,RASIP1,0.6315916
1075,PCED1A,0.4973569
1076,MRGPRX2,0.69456005
1077,FOS,0.5286308
1078,TNFRSF14,0.6639133
1079,AL158835.1,0.5870567
1080,LDB3,0.66139954
1081,MYOZ3,0.6536409
1082,AC090617.10,0.6984821
1083,ZDHHC22,0.7599519
1084,FST,0.49675485
1085,CHRNG,0.68544483
1086,REV3L,0.7404806
1087,LMOD3,0.7180814
1088,ATF3,0.54489756
1089,GABRB1,0.67975277
1090,NRSN1,0.65998584
1091,MUCL3,0.7033096
1092,SPSB3,0.59220093
1093,DHH,0.7537449
1094,BOLL,0.69820404
1095,LAMB2,0.55981934
1096,SAG,0.7165721
1097,CXCL2,0.49407968
1098,LTB,0.5090316
1099,ADCY8,0.70792675
1100,CAMK2B,0.4113008
1101,OR1K1,0.69342464
1102,CASP10,0.6477191
1103,SLC17A1,0.71266985
1104,ASPA,0.75734234
1105,PPP1R12B,0.57198375
1106,CEP112,0.7952173
1107,CCDC36,0.68304497
1108,POMZP3,0.46949813
1109,CRY2,0.6005177
1110,RAPGEF1,0.58289677
1111,GRIA3,0.7178615
1112,C1ORF141,0.7156644
1113,DNASE1,0.5451874
1114,UCN3,0.68688995
1115,MYL5,0.4213266
1116,TACR3,0.68364173
1117,DNAJC5G,0.6581116
1118,ROBO3,0.51279587
1119,AWAT1,0.6075158
1120,SMIM11A,0.35551557
1121,MYLK,0.5454025
1122,CALN1,0.69518965
1123,AGAP2,0.5637143
1124,GK2,0.70049495
1125,AGAP6,0.34911966
1126,BASP1-AS1,0.73951095
1127,MARCH9,0.51514786
1128,LMBR1L,0.6036592
1129,NPIPB12,0.08752141
1130,TRAV2,0.61929905
1131,HBD,0.70809203
1132,BOD1L1,0.61146253
1133,FCGRT,0.59489757
1134,TUBGCP2,0.50353646
1135,OR6C74,0.71003824
1136,LDLRAD2,0.3855773
1137,HEXD-IT1,0.6923148
1138,RBM5,0.480625
1139,SEMA6C,0.62450737
1140,SLC38A5,0.6195759
1141,TCEAL6,0.47990653
1142,CRTC1,0.5518506
1143,CYLC2,0.7123851
1144,TCEAL5,0.64251184
1145,IGHJ2,0.62730473
1146,ALB,0.4889367
1147,AKAP4,0.7016979
1148,OXTR,0.55170035
1149,ADAM29,0.6746981
1150,CDK11A,0.5019579
1151,NANOG,0.69493324
1152,THSD7A,0.7761462
1153,G0S2,0.59130687
1154,PENK,0.57152075
1155,C12ORF60,0.38595888
1156,TMEM121,0.49763593
1157,ANKRD36B,0.6771319
1158,WASH1,0.58759373
1159,PPP1R16B,0.7090583
1160,CBFA2T3,0.49071264
1161,FAM129C,0.69056386
1162,AGTR2,0.7017963
1163,ADAMTS8,0.55665463
1164,KCND3,0.6436556
1165,AC022034.4,0.6682153
1166,SEMA5A,0.58023065
1167,PRX,0.5985899
1168,CLEC11A,0.6238662
1169,PHLDB3,0.5553954
1170,CCND3,0.407285
1171,ARFRP1,0.5171616
1172,CMKLR1,0.7318302
1173,ZNF775,0.539074
1174,RGPD4,0.6432998
1175,CALCOCO1,0.48821163
1176,AC009093.2,0.689851
1177,SYNPO,0.75061554
1178,DENND1C,0.73543626
1179,EVA1B,0.6189043
1180,C10ORF54,0.55587333
1181,SNX21,0.5462863
1182,SCN11A,0.7278498
1183,CLEC2D,0.68176174
1184,WNK4,0.47464743
1185,FLRT2,0.7083323
1186,AL357078.2,0.6868584
1187,LINC01197,0.7691806
1188,FKBP1C,0.382836
1189,CD209,0.7040186
1190,AC093866.1,0.68095183
1191,SLC5A2,0.21757884
1192,PQLC2,0.5393729
1193,DENND4C,0.53047013
1194,ZSWIM1,0.59975535
1195,AC008663.2,0.7188849
1196,SSSCA1,0.54023075
1197,TRIM41,0.45191285
1198,CCDC8,0.4569702
1199,FAM81B,0.65952015
1200,OPN4,0.719243
1201,SLA2,0.39042
1202,GGT2,0.4561485
1203,HNF1B,0.6951279
1204,CBSL,0.37455562
1205,STK11,0.54166144
1206,R3HCC1,0.51835865
1207,D2HGDH,0.6119284
1208,IGLJ3,0.44693065
1209,SLCO2B1,0.7717784
1210,CYR61,0.6020698
1211,CCDC84,0.48807517
1212,LILRA4,0.70956254
1213,AMY1B,0.1293505
1214,DOK2,0.80506396
1215,RGS12,0.60921484
1216,SST,0.6809213
1217,SEPT1,0.56367743
1218,NISCH,0.4981571
1219,OTC,0.6870394
1220,PRSS57,0.6909117
1221,SCGB2A2,0.31331047
1222,SLX1A,0.4411484
1223,C5AR2,0.5471954
1224,SCGB1D1,0.55112153
1225,SIT1,0.7056754
1226,AC127024.2,0.70006245
1227,GBP7,0.69751024
1228,NUP210L,0.6613231
1229,TNRC6C,0.5253888
1230,MMP11,0.5400677
1231,POTEF,0.5738086
1232,AC009065.7,0.5459605
1233,PTGDR2,0.46939018
1234,TFEB,0.5926795
1235,AMY1C,0.59571975
1236,CH507-9B2.5,0.71292347
1237,ZNF536,0.6421049
1238,BPIFB2,0.54391116
1239,TVP23C,0.563929
1240,IGLV3-1,0.661951
1241,LINC00924,0.71046656
1242,LINC01016,0.6996939
1243,CFAP57,0.6659924
1244,TNFSF12,0.68713695
1245,SUSD3,0.5777095
1246,PNISR,0.6354347
1247,SLC43A1,0.31831118
1248,PRM3,0.70676655
1249,C4ORF32,0.6783231
1250,MYCBP2,0.63735956
1251,RBM6,0.44256637
1252,PCP2,0.47561184
1253,CTRC,0.6931734
1254,BOD1L2,0.60021394
1255,MVP,0.5672497
1256,PLEKHO2,0.8040077
1257,TGFB3,0.69566244
1258,GZMM,0.726573
1259,C9ORF172,0.6485723
1260,ODF3B,0.5005707
1261,CR2,0.43307433
1262,PRELP,0.5461188
1263,SERPINA7,0.70813876
1264,PRICKLE2,0.6552881
1265,RD3,0.72008204
1266,MAGED4B,0.39809048
1267,NMBR,0.7308843
1268,EBF2,0.79263204
1269,NRIP2,0.75678164
1270,ANKUB1,0.6828489
1271,SULT1A2,0.44389138
1272,C5ORF42,0.6306538
1273,CCL8,0.5827038
1274,UNC13D,0.6113847
1275,SLC5A10,0.60815454
1276,ZNF865,0.57675475
1277,IGLC3,0.6460174
1278,AC008026.3,0.7108052
1279,NPIPB7,0.49139026
1280,APOD,0.49581686
1281,GGTLC3,0.5494551
1282,TMC8,0.77395564
1283,ZMYND10,0.40245065
1284,EPB42,0.66048044
1285,PTGIR,0.8064448
1286,ENAM,0.6970813
1287,BATF,0.570093
1288,SIL1,0.378431
1289,RUNX1,0.41399488
1290,NFIA,0.5878023
1291,AC010359.3,0.72816753
1292,POMT1,0.52211255
1293,DEPP1,0.52850264
1294,IL5RA,0.7544134
1295,ZNF729,0.61391896
1296,AL137802.1,0.42418978
1297,VPS18,0.53865904
1298,TPSD1,0.6655143
1299,CREBRF,0.66971135
1300,BCAR1,0.6567385
1301,RTN2,0.50517946
1302,AVP,0.71918064
1303,AC006141.1,0.6819063
1304,TAC1,0.63560414
1305,MYOM1,0.68332416
1306,ARID3A,0.5792334
1307,AC092171.2,0.5047098
1308,DDTL,0.32596555
1309,HEMK1,0.48073792
1310,FAM167B,0.6689648
1311,KCNK15,0.47338036
1312,AMDHD2,0.5443178
1313,PAX5,0.6068334
1314,FCRL5,0.7389502
1315,PDGFD,0.723063
1316,SPNS3,0.69625896
1317,C11ORF87,0.722481
1318,OPRM1,0.7433366
1319,NLRP8,0.7186492
1320,CLIP3,0.65188414
1321,GFAP,0.6483412
1322,APOBEC4,0.68631023
1323,NTN3,0.66960317
1324,KIAA1109,0.65842277
1325,GOLGA8F,0.6845763
1326,FAP,0.8520177
1327,CXORF49,0.5516188
1328,STMN2,0.7331498
1329,PRND,0.6964102
1330,SCN4B,0.6246924
1331,MITF,0.7117779
1332,ISL1,0.700352
1333,MIER2,0.507096
1334,FAM134B,0.6960513
1335,FZD4,0.7595889
1336,PHLDB1,0.6603052
1337,SLC4A1,0.76335746
1338,FAM213A,0.5145393
1339,CD19,0.59284896
1340,TMEM259,0.43108392
1341,DUSP18,0.61779505
1342,TBC1D2B,0.7404199
1343,TTLL9,0.571623
1344,GNA11,0.5842247
1345,BICC1,0.7688523
1346,NCF1,0.7034536
1347,PLXND1,0.6480562
1348,LENG1,0.5641231
1349,PZP,0.700995
1350,AC027290.1,0.5217979
1351,HLA-G,0.123971485
1352,ZMAT4,0.5144001
1353,SMG6,0.59719104
1354,TUBA4B,0.52549934
1355,A1CF,0.69628876
1356,MAPK3,0.48624465
1357,AC111152.2,0.5343446
1358,ENO2,0.3597419
1359,PHLDA3,0.4041101
1360,BMERB1,0.60112935
1361,MYL7,0.6522179
1362,SH2D3C,0.84288377
1363,FOXO1,0.808417
1364,ZNF320,0.47909603
1365,CD72,0.58143836
1366,AC106820.5,0.6765024
1367,BAIAP3,0.37093222
1368,OGFR,0.4443643
1369,STAT5B,0.6228201
1370,AC016831.5,0.7292139
1371,AREG,0.31619
1372,POU4F2,0.6905355
1373,LHFP,0.6987379
1374,ELANE,0.72174406
1375,FERMT3,0.7903281
1376,ERG,0.7680003
1377,C20ORF196,0.6645221
1378,AC005606.2,0.6187044
1379,NAGLU,0.52551216
1380,PPFIA2,0.6585546
1381,IGKJ1,0.64272505
1382,HOXB4,0.5882011
1383,TBPL2,0.6764242
1384,VIPR2,0.31520244
1385,TIMP3,0.61094743
1386,CCDC168,0.7374711
1387,IQUB,0.7199175
1388,AC025287.4,0.71094584
1389,RALGAPA2,0.6648193
1390,DGKA,0.71467113
1391,CFP,0.6968519
1392,AC007952.3,0.64646095
1393,RPS4Y2,0.6153684
1394,MMP24,0.5479023
1395,ART4,0.61629415
1396,CHGA,0.4675925
1397,AC092368.3,0.40924156
1398,ST6GALNAC6,0.61590725
1399,AC004542.2,0.44975206
1400,DNAAF3,0.3424503
1401,METTL24,0.7257586
1402,SELE,0.62989825
1403,AL157871.1,0.3859528
1404,SLC38A11,0.7207752
1405,AKAP13,0.6556919
1406,MSRB3,0.76091504
1407,AXL,0.74119616
1408,SPACA3,0.69104964
1409,LSAMP,0.77386594
1410,EPN2,0.58767277
1411,AC091685.1,0.6285643
1412,CCDC158,0.6408246
1413,AC112491.1,0.3277986
1414,KLK2,0.6794846
1415,TUBA3E,0.52757514
1416,AC093838.1,0.6619268
1417,HDC,0.5944488
1418,C19ORF68,0.65705514
1419,ABCC9,0.79347056
1420,MIR100HG,0.6294493
1421,SELL,0.75074536
1422,FAM193B,0.3760037
1423,CFAP44,0.6410322
1424,KLK3,0.6895388
1425,TBC1D3K,0.60354775
1426,MS4A15,0.56091624
1427,FP236241.1,0.36421004
1428,HEXDC,0.44883683
1429,PPIAL4E,0.55044645
1430,AC002558.3,0.67189676
1431,SGSM2,0.60724014
1432,CXCL10,0.46320772
1433,FBLN1,0.6334653
1434,FAM184B,0.58805966
1435,WFS1,0.47280833
1436,FGF4,0.68710136
1437,MOB3A,0.6424196
1438,IL6,0.5754495
1439,CYP17A1,0.7000353
1440,AC136618.1,0.67253834
1441,AC097500.1,0.72905254
1442,KIF12,0.5840687
1443,SLC26A10,0.72954535
1444,AADACL3,0.7173056
1445,LIMA1,0.74181145
1446,CFAP221,0.6759649
1447,MAN1C1,0.7753652
1448,AC020658.2,0.44194043
1449,PAPOLB,0.66299415
1450,TAF1L,0.6612032
1451,STAT2,0.40793547
1452,CYP19A1,0.69403285
1453,KIRREL,0.67753005
1454,IGLV3-21,0.5345822
1455,AC012615.5,0.6232655
1456,AMY1A,0.53403836
1457,GALNT6,0.54534996
1458,SLC8B1,0.5466402
1459,DYRK1B,0.4908282
1460,GLRA1,0.71222734
1461,ANP32D,0.6280872
1462,CASC10,0.6677994
1463,AC135050.1,0.52511173
1464,EFEMP1,0.59906214
1465,AC147067.2,0.7619171
1466,BOK,0.5129158
1467,LRRC74B,0.7319901
1468,NID1,0.7758537
1469,GRIK1,0.65875417
1470,N4BP3,0.4467976
1471,HSH2D,0.59201926
1472,C8ORF4,0.5667222
1473,SLC17A7,0.6629115
1474,ZNF335,0.652733
1475,CARMN,0.5834804
1476,LAMA4,0.8184905
1477,ST8SIA3,0.6999032
1478,CALB1,0.7251904
1479,CEMIP,0.6156567
1480,RELN,0.6156094
1481,ECE1,0.3543727
1482,PLN,0.7419521
1483,DFNA5,0.6913108
1484,TMEM200B,0.45523486
1485,MAPT,0.48254275
1486,KRT76,0.72279286
1487,MYL1,0.6411444
1488,GAST,0.7420451
1489,SERF1A,0.26224145
1490,ANKRD29,0.5908201
1491,DTHD1,0.7084339
1492,FAM78A,0.7859065
1493,PKHD1,0.7148656
1494,CAMTA2,0.5659149
1495,SPG20,0.694083
1496,TREH,0.38449302
1497,TMSB4Y,0.5345598
1498,MYOZ2,0.68832606
1499,AC126365.1,0.097432055
1500,THSD4,0.59308094
1501,MIR99AHG,0.58103997
1502,CES2,0.5465049
1503,TCN2,0.6826112
1504,P2RX1,0.63529164
1505,IGLV3-10,0.70735675
1506,ADCYAP1R1,0.7194834
1507,GHDC,0.5632176
1508,FAM134C,0.49891755
1509,SERF1B,0.4281439
1510,ARHGAP23,0.6925013
1511,ZNF728,0.69987124
1512,HCST,0.77633494
1513,GCSAML,0.71745497
1514,PANX3,0.70961696
1515,KIAA0226L,0.7241624
1516,CELF2,0.69963807
1517,AL133245.1,0.69694453
1518,FGF23,0.7240653
1519,RUNDC3B,0.7376023
1520,IGLV3-9,0.67120457
1521,LINC02637,0.6087642
1522,NPIPB4,0.5608465
1523,CARD11,0.6935317
1524,FGR,0.7594821
1525,MAN1A1,0.6634481
1526,HAND2-AS1,0.7566317
1527,PODNL1,0.59654534
1528,CA4,0.67607135
1529,HLA-DQB2,0.52525485
1530,LINC01087,0.6026015
1531,COL11A1,0.5589711
1532,PLEKHH3,0.52415794
1533,COL10A1,0.64873266
1534,H2BFS,0.5899373
1535,HPSE2,0.66508436
1536,AMT,0.59030646
1537,TPRN,0.4147145
1538,GPRC5C,0.48270786
1539,WDR63,0.73465466
1540,ASB11,0.7346494
1541,ADGRE5,0.6334323
1542,SLC22A25,0.71117
1543,UGT2B10,0.5606345
1544,AC092384.1,0.6696088
1545,CCL3,0.5944603
1546,GPAM,0.6580684
1547,CHL1,0.4696031
1548,PYY,0.6370899
1549,C9ORF57,0.70896655
1550,CXORF23,0.6980409
1551,TLDC2,0.6613986
1552,ADGRG4,0.7420092
1553,FGA,0.61092216
1554,PTPRC,0.8148947
1555,ST6GALNAC2,0.37458542
1556,POU3F4,0.7101014
1557,IGKJ4,0.6372905
1558,INAFM1,0.47198865
1559,SORBS1,0.63366324
1560,DHX37,0.5596481
1561,CD3D,0.7009445
1562,AC092683.1,0.32687965
1563,SERPING1,0.74748373
1564,OR4F15,0.7064983
1565,FAM65A,0.57279056
1566,BARHL1,0.7653404
1567,PHYHD1,0.2762567
1568,AC008074.1,0.6903851
1569,AC092375.2,0.7314133
1570,SMCR5,0.7032628
1571,SLC36A2,0.7219619
1572,TBC1D3D,0.24888249
1573,MCOLN1,0.6202602
1574,RAB37,0.68889046
1575,CPLX2,0.6731574
1576,PLPP7,0.7507631
1577,LRRC37A,0.39137018
1578,PHF1,0.53157896
1579,SPATA31E1,0.7088165
1580,CCN1,0.6553375
1581,EP400NL,0.58613724
1582,MYCT1,0.79551667
1583,ZNF688,0.44928923
1584,GGTLC1,0.43702865
1585,SIDT2,0.52843016
1586,TRPC5,0.68367654
1587,IGHV1-18,0.70822716
1588,CARD10,0.59456545
1589,ZRSR2,0.63977796
1590,AC005606.1,0.27537024
1591,SPAM1,0.6871729
1592,NEIL1,0.5374479
1593,TBC1D3I,0.5486246
1594,OR5W2,0.7407101
1595,BIN3,0.42848206
1596,U2AF1L5,0.16648956
1597,TMUB2,0.48959926
1598,AC026979.4,0.7313002
1599,TTC21A,0.6274864
1600,MEIS3,0.55943024
1601,VRK3,0.57542664
1602,JMJD7-PLA2G4B,0.68873644
1603,ANTXR2,0.82741433
1604,NXPH3,0.5281129
1605,GBX1,0.70618933
1606,COL4A2,0.6795843
1607,LCK,0.7618311
1608,LINC00243,0.6976685
1609,PDZD3,0.730606
1610,SEPT6,0.5962154
1611,SAP25,0.4812235
1612,XIRP2,0.69601744
1613,LINC00926,0.62072057
1614,LRIT2,0.69901794
1615,F2RL2,0.71894807
1616,SYNE3,0.767884
1617,CYP3A5,0.7101214
1618,COL6A3,0.7075034
1619,ABLIM3,0.5935809
1620,U2AF1,0.60106635
1621,AC007384.1,0.7698863
1622,CLDN20,0.6830599
1623,ACTN3,0.7120833
1624,TLR4,0.82278854
1625,ANKRD62,0.69168353
1626,SCN3B,0.75478625
1627,KRT26,0.71069646
1628,PDHA2,0.72722673
1629,PALMD,0.63392526
1630,CYP46A1,0.6924761
1631,PLA2G2C,0.6930778
1632,CALCRL,0.78296953
1633,Z95114.2,0.71028405
1634,GLI3,0.46836326
1635,ZC3H13,0.6400966
1636,SRL,0.7041051
1637,C1QTNF9B,0.7234785
1638,GZMK,0.74544793
1639,LINC00311,0.7353189
1640,ATP5L2,0.6925399
1641,PLAGL1,0.6647524
1642,CFAP54,0.67999667
1643,ZFPM1,0.48164567
1644,MMP27,0.71058196
1645,SLC35G5,0.7569344
1646,LRFN5,0.7572724
1647,FCGR3B,0.20364015
1648,EMX2,0.73598385
1649,USH2A,0.69357187
1650,KAT6B,0.619342
1651,RTP5,0.6382664
1652,FGF8,0.7300544
1653,GRAP,0.7160223
1654,CACNA1F,0.5800012
1655,ACTA2,0.5644979
1656,AC244197.2,0.7006523
1657,ICAM4,0.6768887
1658,KCTD17,0.59580296
1659,AC087284.1,0.67973727
1660,DAB2,0.7933435
1661,ONECUT3,0.7061682
1662,GAGE10,0.6787779
1663,PURG,0.744122
1664,SLC38A4,0.7678564
1665,EMILIN2,0.7784343
1666,HRC,0.7349984
1667,C16ORF92,0.70529383
1668,PSD4,0.6282406
1669,RGS3,0.63038725
1670,VPS9D1,0.6179424
1671,ZBED6,0.73320097
1672,PTGER4,0.7971039
1673,MAPK7,0.5634902
1674,SLC51B,0.7134714
1675,ZCCHC11,0.6125447
1676,AC008663.1,0.55793107
1677,CYP1A1,0.65826845
1678,C2ORF70,0.7101605
1679,EGR2,0.53922814
1680,AC129926.1,0.63402593
1681,OR10H1,0.72311574
1682,CSNK1A1L,0.5625622
1683,FKBP6,0.7159202
1684,EEA1,0.6150504
1685,OR9Q1,0.69023675
1686,BRICD5,0.5023956
1687,GGTLC2,0.26973334
1688,STK10,0.7668969
1689,FAM46B,0.6285767
1690,ANXA6,0.6154043
1691,AC007878.1,0.76661396
1692,ST3GAL5,0.7486662
1693,COQ4,0.6975122
1694,TRPC4AP,0.42055616
1695,AC003101.1,0.693598
1696,MRE11A,0.6607573
1697,SNAPC4,0.5481667
1698,TWF2,0.4423057
1699,LRRC38,0.71986246
1700,PPP2R5B,0.5275788
1701,DLEC1,0.34913436
1702,C1QTNF8,0.76613826
1703,TP53I13,0.27080354
1704,SIRT2,0.28508887
1705,C1QTNF7,0.74157834
1706,GIPR,0.51178384
1707,VPS13C,0.688327
1708,AC084740.1,0.69780666
1709,CDK10,0.5174291
1710,PDLIM7,0.6695543
1711,SLFN11,0.7367737
1712,FAM105A,0.6645619
1713,RNF122,0.6379234
1714,LAMC3,0.5950151
1715,SPIN2A,0.565705
1716,SAMD4A,0.6777589
1717,IGHV1-46,0.69040966
1718,CST6,0.42822254
1719,PLCG1,0.575201
1720,CCDC170,0.61795187
1721,TYROBP,0.7621495
1722,TPO,0.7140437
1723,SETD5,0.6210866
1724,THBS2,0.676641
1725,GRIN3B,0.4927447
1726,CCT8L2,0.7208783
1727,P2RX4,0.558394
1728,UTP14C,0.48615122
1729,STOM,0.4271061
1730,CPEB1-AS1,0.68236876
1731,GFRA2,0.65866566
1732,CYP3A43,0.740607
1733,MATK,0.46523163
1734,C14ORF132,0.6005576
1735,ABCA1,0.72088987
1736,SERTAD1,0.4592063
1737,PLA2G16,0.5894101
1738,SLC35E2B,0.4724208
1739,ANKS3,0.5350416
1740,XRRA1,0.40150037
1741,ERVFRD-1,0.687655
1742,ACVR1C,0.6060958
1743,MED16,0.5815121
1744,CEACAM3,0.68619037
1745,BMP1,0.76476866
1746,PDLIM4,0.3535924
1747,PPIAL4A,0.71392155
1748,TRBC1,0.76400405
1749,HIF1A-AS3,0.68881845
1750,AL031595.3,0.73607
1751,FBXO31,0.5348617
1752,HEMGN,0.71546674
1753,PKHD1L1,0.7989972
1754,ADAMTSL1,0.7210805
1755,IGSF1,0.50844187
1756,PEAK1,0.7975662
1757,BNC2,0.74737597
1758,SFI1,0.5231567
1759,LRRC15,0.6924167
1760,AC004593.3,0.7180875
1761,CCM2,0.49600133
1762,KDM6B,0.5562005
1763,CCDC53,0.6424958
1764,ADAP1,0.45421886
1765,CFAP157,0.44398692
1766,AP001267.2,0.6834696
1767,TMPRSS7,0.74023825
1768,ALAS2,0.72503203
1769,SELO,0.5181292
1770,GDPD5,0.5749588
1771,PIP5K1C,0.50414866
1772,HAPLN2,0.62815756
1773,FER1L5,0.66592807
1774,C19ORF24,0.5392443
1775,C12ORF40,0.6674721
1776,CXCL9,0.6236957
1777,NEK8,0.58256173
1778,DCC,0.7003166
1779,AC114296.1,0.7198787
1780,AC026333.3,0.67290974
1781,ZDHHC8,0.42179975
1782,PPIAL4C,0.6488328
1783,IL4R,0.6002624
1784,SYTL2,0.6091874
1785,PDE1B,0.7655552
1786,CUL9,0.5903228
1787,MROH9,0.68197227
1788,SH3TC1,0.7647667
1789,MPEG1,0.83216023
1790,ICAM3,0.5956686
1791,YPEL4,0.70875424
1792,NOSTRIN,0.6000132
1793,ADAMTS14,0.66453224
1794,APOL3,0.67296606
1795,CORO2B,0.74273485
1796,HMGXB3,0.57777625
1797,SFTPB,0.7121935
1798,SLC13A4,0.6092493
1799,C22ORF15,0.55856633
1800,SOX1-OT,0.5842714
1801,DNAJC27,0.5397868
1802,C10ORF128,0.67529565
1803,MTRNR2L4,0.578741
1804,SRSF5,0.5978716
1805,ADGB,0.73639774
1806,LRRTM3,0.7006168
1807,SYMPK,0.5084627
1808,RORA,0.6520249
1809,PCDHB1,0.69373304
1810,RBMXL2,0.69432545
1811,AL021368.3,0.58075637
1812,ZBTB17,0.54752284
1813,GCK,0.67826843
1814,TSIX,0.22851776
1815,RSPH9,0.43689945
1816,ACSF3,0.49133036
1817,LINC02593,0.5254176
1818,ADM5,0.6013354
1819,EMX2OS,0.7438361
1820,ACP5,0.5991736
1821,MIR1199,0.5934279
1822,GGT1,0.31695834
1823,TPGS1,0.55676395
1824,KCNT2,0.7025632
1825,LCN10,0.7348461
1826,LYPLAL1-AS1,0.712275
1827,TNFSF14,0.6968844
1828,CHN2,0.684791
1829,IKZF3,0.6963144
1830,ADCK4,0.58554345
1831,ARHGEF25,0.6928651
1832,PSD,0.64688945
1833,FAM229A,0.4111168
1834,AIM1L,0.6451667
1835,TUBB4A,0.17430384
1836,C6ORF1,0.5699523
1837,CTC1,0.4765191
1838,FAM129A,0.6340911
1839,GAMT,0.39731988
1840,FAM188B,0.66977555
1841,FAM101B,0.6418211
1842,PLEKHM1,0.5685002
1843,GCC2,0.56277907
1844,ORAI2,0.41530094
1845,NFAT5,0.62916994
1846,KLB,0.74082804
1847,SPAG4,0.40358338
1848,OTUD6A,0.7274421
1849,NKG7,0.7932229
1850,SREK1,0.5741268
1851,KMT2A,0.62256736
1852,SCARNA9,0.64717984
1853,RTFDC1,0.55871385
1854,OR2G6,0.7242727
1855,FAM109B,0.61045724
1856,OR10K2,0.6686551
1857,AC037198.1,0.66792345
1858,NOSIP,0.5715417
1859,SLC48A1,0.47869393
1860,OR1L3,0.68328923
1861,OR6B2,0.69335335
1862,DNAH1,0.6280517
1863,RNASE1,0.66252005
1864,ADAMTSL4,0.47084233
1865,TTC28,0.70754147
1866,TUBGCP6,0.5464195
1867,AC092645.2,0.7737431
1868,AC007952.7,0.69804573
1869,WTIP,0.5335265
1870,CCDC85B,0.512582
1871,GOLGA8A,0.47215262
1872,EPHX2,0.6087057
1873,FAM46A,0.5821375
1874,AGXT,0.7302809
1875,IRF4,0.74371225
1876,CAV1,0.6846762
1877,B3GNTL1,0.4007281
1878,CFAP99,0.62319654
1879,PPIAL4H,0.5479502
1880,TNFRSF1B,0.7813563
1881,CEP126,0.5535522
1882,FAM73A,0.6643073
1883,NEGR1,0.66848415
1884,DOC2A,0.28486663
1885,NPAP1,0.6692241
1886,DCLK1,0.56048095
1887,H3F3C,0.19946413
1888,AC007292.2,0.74234486
1889,TMEM110,0.69812745
1890,LRCH2,0.80440885
1891,N4BP2L2,0.5680971
1892,FAM109A,0.5223472
1893,AC092868.2,0.69369626
1894,B3GNT8,0.47116932
1895,AL137786.1,0.6961894
1896,IGLJ2,0.56053627
1897,CERKL,0.550301
1898,CLIC5,0.7432907
1899,CU633904.1,0.61613846
1900,TRIP11,0.65725845
1901,DNASE1L3,0.7731717
1902,NUTM2A,0.7264634
1903,TMEM262,0.43816343
1904,AL355075.3,0.29880223
1905,OR3A2,0.7078158
1906,AL391832.1,0.6734376
1907,ZP1,0.6562459
1908,FBLN5,0.6435928
1909,WFIKKN2,0.7050993
1910,AC013461.1,0.5434521
1911,LINC01750,0.7534831
1912,VSIG2,0.5164123
1913,CDH9,0.7351575
1914,VSIR,0.66922504
1915,UFD1L,0.5800553
1916,GAPDHS,0.5749641
1917,GALNT10,0.5367151
1918,MISP,0.52277017
1919,FUT11,0.7279103
1920,TENT5C,0.659242
1921,PPP1R3A,0.71604043
1922,DENND6B,0.41077363
1923,JUN,0.43715957
1924,HSPG2,0.757026
1925,SEMA3D,0.76733524
1926,SLC16A12,0.6738756
1927,RASA4,0.73384887
1928,ERAP2,0.67277116
1929,ACE,0.57819927
1930,TGM4,0.7145937
1931,SEPT11,0.5986602
1932,VPS51,0.54906726
1933,ZACN,0.2935631
1934,NPIPA9,0.70586187
1935,GASK1B,0.65062696
1936,AOAH,0.7277772
1937,SLC35C2,0.6522392
1938,CYP4F2,0.6763115
1939,PCDHGA9,0.7084971
1940,FREM1,0.66570884
1941,PLA2G2D,0.6324987
1942,OR4L1,0.7190668
1943,SERPINA4,0.6723192
1944,NLRC5,0.69196796
1945,EBLN2,0.62381417
1946,POLM,0.5215443
1947,TPD52L3,0.7376984
1948,LRRC4B,0.7073048
1949,FAM214B,0.49349535
1950,EGLN2,0.4423108
1951,LINC00265,0.6431111
1952,REEP6,0.4166222
1953,CCDC175,0.38896027
1954,SPO11,0.7072797
1955,LINC00632,0.54955435
1956,EHD1,0.4769033
1957,SCN9A,0.74553806
1958,XYLT2,0.44876823
1959,AL132656.2,0.6709383
1960,LINC01762,0.7609338
1961,HEXA,0.55087906
1962,AC100793.2,0.7163334
1963,C1ORF220,0.76528233
1964,CCDC130,0.4706024
1965,AL158154.3,0.6825883
1966,VASH1,0.8045133
1967,GABBR1,0.5033742
1968,PRRC2C,0.5711164
1969,CA5A,0.7093956
1970,ZG16,0.68765026
1971,C16ORF62,0.5351323
1972,OR5M11,0.6774805
1973,AC009812.3,0.7063257
1974,TMOD4,0.68849725
1975,SHANK1,0.72999525
1976,PNMA8B,0.5259499
1977,ANTXR1,0.65128106
1978,NPIPB2,0.37808266
1979,ZNF99,0.6620121
1980,PLA2G6,0.40125868
1981,FAM71B,0.7191537
1982,CACNA1I,0.65799266
1983,VENTX,0.7737072
1984,FO538757.1,0.42769113
1985,OR6B1,0.7013251
1986,DGKI,0.7345595
1987,SIGIRR,0.5366604
1988,PTGER1,0.5827294
1989,CALML3,0.27310076
1990,FMO2,0.56583756
1991,TMEM102,0.48305428
1992,HHLA2,0.7260402
1993,AP2A2,0.3278722
1994,TAS2R31,0.6185186
1995,SQRDL,0.58369476
1996,ZZEF1,0.65191716
1997,UGT2A3,0.67627496
1998,CLASRP,0.694555
1999,PRAM1,0.6944874
2000,CEACAM21,0.6753203
2001,RCVRN,0.7370792
2002,MYH7B,0.5636023
2003,AC100793.4,0.6454492
2004,ZER1,0.6867791
2005,PCNX2,0.5618953
2006,FAM103A1,0.68451947
2007,C8ORF89,0.7478904
2008,CDC42EP5,0.43758884
2009,EVI5L,0.5384269
2010,SAA1,0.45070276
2011,SERPINA11,0.40062878
2012,CTDSP1,0.5809199
2013,KNDC1,0.48077354
2014,OCM2,0.72750425
2015,RHOB,0.5057779
2016,TPCN1,0.52202207
2017,REXO1,0.4220163
2018,LRP3,0.5117602
2019,LRRFIP1,0.5586813
2020,GOLGB1,0.60760885
2021,AC144568.2,0.69646055
2022,HELZ2,0.34921935
2023,AC104365.3,0.6149293
2024,SULF1,0.6361429
2025,GK-IT1,0.69718975
2026,SGSM3,0.6071454
2027,GUCY2D,0.56492156
2028,LRFN3,0.4123117
2029,C19ORF25,0.53996015
2030,EPHA6,0.7340962
2031,MS4A6A,0.78477377
2032,PLSCR4,0.67457134
2033,AL354822.1,0.69799614
2034,KCNS2,0.70352864
2035,RGL1,0.66887337
2036,AC118758.3,0.58594495
2037,PRRT3,0.50920063
2038,MKL1,0.53894776
2039,SYVN1,0.5610192
2040,AC027288.3,0.6982983
2041,MS4A8,0.69366866
2042,FMNL3,0.8121708
2043,SEPTIN14,0.73810726
2044,FBXL15,0.5954682
2045,SLC1A7,0.7012759
2046,RGPD3,0.69218415
2047,MAP7D1,0.50093895
2048,PHKG1,0.4530939
2049,HNRNPCL2,0.6846842
2050,AC093426.1,0.68059134
2051,HMOX1,0.5529988
2052,NR0B2,0.701628
2053,REC114,0.64307624
2054,AC108134.3,0.790057
2055,RAMP2-AS1,0.6500655
2056,DBP,0.44465482
2057,GSTM2,0.35379466
2058,DNALI1,0.5755863
2059,LINC01411,0.5098515
2060,ARHGAP40,0.55179954
2061,ITGB5,0.5622165
2062,SH3GLB2,0.72756076
2063,TTC14,0.66563624
2064,ZBTB7A,0.4790504
2065,AC121247.1,0.65509766
2066,CNTN6,0.73091227
2067,AC005899.3,0.6035908
2068,OBFC1,0.5771571
2069,GABRA4,0.68706197
2070,LRSAM1,0.53919846
2071,NEFL,0.753633
2072,CBWD7,0.5891778
2073,TNRC6B,0.64310247
2074,HSD17B11,0.7749377
2075,AC074033.1,0.64591604
2076,LINC01736,0.65075076
2077,NCKAP1L,0.7952025
2078,WBSCR27,0.6599459
2079,ALDH16A1,0.52816963
2080,NAALADL1,0.7368963
2081,GIT1,0.47659728
2082,TEK,0.84212464
2083,INSYN1,0.3433871
2084,SHISA4,0.36838624
2085,AAK1,0.6649738
2086,CXCR1,0.72857976
2087,PEX11G,0.5361162
2088,PLPPR5,0.71490484
2089,IGHV3-23,0.7023456
2090,MRC1,0.7406304
2091,KRT71,0.717405
2092,SLC22A18,0.48389325
2093,RECK,0.7691219
2094,TCF7,0.61037666
2095,CFAP77,0.6869616
2096,PRRT4,0.7018204
2097,FAM134A,0.5251775
2098,SNX31,0.7091615
2099,KIAA0040,0.6064859
2100,ARHGEF40,0.65765345
2101,CTAGE15,0.51488394
2102,SLC12A4,0.587352
2103,CEP164,0.6036822
2104,CD1C,0.717825
2105,AC074183.1,0.1191074
2106,AL031429.2,0.70279235
2107,C16ORF13,0.46329215
2108,ANKHD1-EIF4EBP3,0.7000899
2109,MAP3K3,0.58485556
2110,ZNF573,0.6059016
2111,AL354754.1,0.5861812
2112,TRAC,0.76177365
2113,AC087203.3,0.67601776
2114,SHANK3,0.6750749
2115,GRIA4,0.614891
2116,SLC12A6,0.6282236
2117,MAN1B1,0.5642059
2118,RABL6,0.50298685
2119,GIMAP6,0.8370027
2120,LINC00564,0.5256427
2121,LDHAL6B,0.66648525
2122,TAOK2,0.5495447
2123,F11,0.70517415
2124,SH2B2,0.48466817
2125,PBXIP1,0.44847965
2126,WDR49,0.7407489
2127,FAM19A2,0.69759005
2128,CD14,0.67626625
2129,KCNQ2,0.32149732
2130,ANO2,0.564015
2131,CACNG8,0.7085729
2132,CCDC94,0.58762723
2133,ASB14,0.6474487
2134,NBPF20,0.6681232
2135,IZUMO4,0.59953606
2136,RSPH10B2,0.3208212
2137,RBMS2,0.6010857
2138,OLFML3,0.6869077
2139,FAM13C,0.7664898
2140,CHST10,0.41781652
2141,IGHV3-30,0.6901248
2142,GSTM1,0.39012375
2143,ATP6V0D1,0.5832074
2144,AL357568.2,0.71316534
2145,POTEC,0.7014603
2146,CFAP410,0.4390062
2147,ANKRD13B,0.5292774
2148,SPOCK3,0.71767014
2149,TCF25,0.351976
2150,HSD17B1,0.38893676
2151,PCDHA9,0.69950515
2152,TMEM150B,0.7257729
2153,RAB6C,0.15505806
2154,ERAP1,0.54055715
2155,HDGFL1,0.7037096
2156,FYCO1,0.5384504
2157,FGF22,0.6974152
2158,TMEM175,0.5191388
2159,ECM1,0.6227706
2160,CDH22,0.73868674
2161,TMEM273,0.8059667
2162,KIAA1462,0.6983431
2163,APBA3,0.4622296
2164,ADAM12,0.76597667
2165,ZNF581,0.41087687
2166,CACFD1,0.3712562
2167,IGHV3-7,0.69778985
2168,SPTBN1,0.46340966
2169,RIC3,0.6088012
2170,GRK7,0.6705246
2171,SHISA7,0.6874923
2172,NBPF12,0.5530396
2173,NAGK,0.42490828
2174,TNN,0.620695
2175,AUXG01000058.1,0.6391483
2176,AC104964.1,0.66052634
2177,ZNF524,0.4924077
2178,Z97192.3,0.7105928
2179,TRIM63,0.67195827
2180,TMEM151B,0.69128084
2181,ELAVL3,0.63572615
2182,ARL5C,0.7159253
2183,SCGB1D2,0.28403923
2184,ZBTB48,0.51766425
2185,PIK3IP1,0.6544347
2186,PCDH18,0.77367836
2187,DSC1,0.69177514
2188,GABRA1,0.6830427
2189,INF2,0.4916813
2190,BCAS1,0.5341225
2191,AC010601.1,0.36874735
2192,OASL,0.36314952
2193,CC2D1A,0.59244174
2194,FOXD1-AS1,0.5954078
2195,ABLIM1,0.6031086
2196,CCM2L,0.7555108
2197,SLC7A14,0.6885932
2198,BANK1,0.6578694
2199,BHLHB9,0.6547227
2200,HKR1,0.5275058
2201,NKX6-2,0.50474906
2202,SPPL2B,0.56197363
2203,COL8A1,0.65854293
2204,TINAGL1,0.56645197
2205,C19ORF52,0.6225374
2206,PIWIL3,0.695271
2207,TNFRSF1A,0.56347895
2208,AC009120.2,0.39005446
2209,CACNG1,0.59512615
2210,AL356488.2,0.7535947
2211,FAM63A,0.6438388
2212,SNAI3,0.64078116
2213,STX4,0.51229507
2214,GLT8D2,0.7581516
2215,ZCCHC6,0.6326518
2216,MAGI2-AS3,0.6672023
2217,AC005261.3,0.39119777
2218,REL,0.555931
2219,PRDM16-DT,0.7270251
2220,NKAIN2,0.74539536
2221,KDM4B,0.5531575
2222,CD247,0.73238343
2223,CSNK2A3,0.6317697
2224,MBD3,0.4947476
2225,CD99L2,0.44239876
2226,SLC17A3,0.634754
2227,CERCAM,0.70431405
2228,C14ORF80,0.562525
2229,NPVF,0.74183196
2230,AL590705.3,0.41912696
2231,CPED1,0.70637393
2232,C5ORF47,0.7350271
2233,EOMES,0.73359346
2234,DNAI2,0.75381666
2235,SCML4,0.70362234
2236,GALR1,0.7218191
2237,TREM2,0.59034425
2238,AC060814.3,0.5576878
2239,MTRNR2L10,0.44726864
2240,SIRT6,0.5618554
2241,ADGRA2,0.76365376
2242,TAF3,0.71221405
2243,N4BP2L2-IT2,0.7353776
2244,RTN4RL1,0.49552754
2245,C6ORF201,0.6716926
2246,TPSG1,0.60875386
2247,CAVIN1,0.62261087
2248,FRYL,0.5833637
2249,MAP3K14,0.6630717
2250,P2RY11,0.5438531
2251,RGPD2,0.58532625
2252,AL591623.1,0.72312194
2253,DOK3,0.7457388
2254,SIPA1,0.5958938
2255,AC092620.1,0.6833394
2256,KCNA1,0.71898776
2257,ANKRD26,0.6489126
2258,SERPINE3,0.71270055
2259,CACNG4,0.27743757
2260,PLTP,0.63066626
2261,DGCR14,0.5253536
2262,CYP4A11,0.68776244
2263,FAM179B,0.62223905
2264,ZNF366,0.66241
2265,GNMT,0.4220705
2266,ZNF37A,0.72428304
2267,AC092828.1,0.69163924
2268,ART5,0.7226012
2269,PP2D1,0.6971957
2270,SRGAP1,0.73713034
2271,OR7E24,0.7278778
2272,C16ORF86,0.6263991
2273,CCDC22,0.50454676
2274,TAL1,0.77713233
2275,NEB,0.66900086
2276,KCNT1,0.69757414
2277,GIMAP4,0.8349314
2278,ATG16L2,0.5737299
2279,TMEM261,0.57520825
2280,TMEM255B,0.7487456
2281,GPATCH3,0.643009
2282,ETNK2,0.4448831
2283,LINC01291,0.6351203
2284,XIST,0.40627238
2285,ACSF2,0.50165266
2286,ZIM2,0.69633657
2287,ANKRD11,0.54476124
2288,ZNF467,0.5075293
2289,DPYSL3,0.65422803
2290,KCNE1,0.70865864
2291,AC079915.1,0.71177286
2292,PRLH,0.68329597
2293,ATRX,0.59348685
2294,P3H3,0.6053738
2295,MED15,0.40495014
2296,ADRA1D,0.7355623
2297,ZNF66,0.73049736
2298,KLF6,0.5264889
2299,PRRG2,0.59507567
2300,DCN,0.7430739
2301,BRE,0.62467045
2302,MIR503HG,0.5524932
2303,CLEC2B,0.80145437
2304,CD177,0.6765292
2305,SLC44A4,0.59587884
2306,GPRASP1,0.5944719
2307,CLRN3,0.7256162
2308,HVCN1,0.7064264
2309,FAM242C,0.62800246
2310,ZFYVE16,0.68733335
2311,CU639417.5,0.6010659
2312,GIMAP8,0.8226133
2313,CYP1A2,0.7410598
2314,CD68,0.7639925
2315,PRRT1,0.5497287
2316,TNRC6A,0.63660127
2317,GPR142,0.7374398
2318,KCNC2,0.274538
2319,SNHG18,0.51309067
2320,DEFA3,0.67377454
2321,EMX1,0.4738748
2322,EML3,0.5234861
2323,NPHP3,0.6943956
2324,C8ORF74,0.69876957
2325,CDC42BPB,0.6282117
2326,VILL,0.57007515
2327,GDNF-AS1,0.6855665
2328,CD5,0.7053538
2329,FAM53B,0.5183129
2330,TBXAS1,0.6765695
2331,MAP1B,0.7526477
2332,RTL5,0.70360726
2333,SND1-IT1,0.6949751
2334,EXD3,0.5063945
2335,Z93943.1,0.714734
2336,PRSS54,0.7309908
2337,PMP22,0.62498957
2338,C5ORF58,0.69967824
2339,KL,0.7266299
2340,TNFRSF12A,0.50188106
2341,ANKRD13D,0.44800785
2342,PTPN6,0.5879969
2343,LINC00176,0.6380485
2344,LRRK2,0.69553375
2345,CELF5,0.49059203
2346,TMEM62,0.57549113
2347,TRPC6,0.80783945
2348,ATP5C1,0.5520079
2349,GPR183,0.81160307
2350,RPL34-AS1,0.72393435
2351,FPGS,0.613409
2352,SPTY2D1-AS1,0.6416905
2353,SULT6B1,0.75373334
2354,DRG2,0.5030635
2355,MRC2,0.68333966
2356,FAM13B,0.7000385
2357,MGAT4D,0.754769
2358,RGS14,0.489767
2359,GLG1,0.5439446
2360,SGCD,0.7678384
2361,AL451064.1,0.70546263
2362,IGHV3-15,0.67913383
2363,DLK1,0.35820565
2364,SLFN12L,0.7274901
2365,ZNF777,0.4909985
2366,PRSS23,0.6686995
2367,TOM1L2,0.45971957
2368,IGDCC3,0.39968944
2369,ARAP1,0.5880402
2370,C11ORF57,0.6216512
2371,AIM1,0.64474756
2372,SLC4A7,0.496141
2373,MEI1,0.6606924
2374,TCEAL7,0.6935795
2375,EMB,0.7252621
2376,SLC25A35,0.40981126
2377,DLG2,0.68750244
2378,LAIR1,0.8668502
2379,MED9,0.506743
2380,LEUTX,0.66124827
2381,FAM26E,0.6342862
2382,S1PR2,0.5332118
2383,HERPUD1,0.2993209
2384,AAED1,0.581495
2385,ZNF784,0.5563825
2386,TLL1,0.7332173
2387,PRKACG,0.6865968
2388,ZSWIM8,0.5420615
2389,HECTD2,0.71810335
2390,AC005072.1,0.7303708
2391,PEX5L,0.6800234
2392,LINC01483,0.7342039
2393,NPIPB6,0.54509515
2394,LUM,0.7115455
2395,CH507-9B2.9,0.70417315
2396,KMT2E,0.62123185
2397,BTBD18,0.72208506
2398,OR13C8,0.7402975
2399,TMEM114,0.71198386
2400,CRYBG3,0.6429198
2401,KAT2A,0.547126
2402,PRKCZ,0.6151928
2403,LIFR,0.53398097
2404,ZNF117,0.6369195
2405,RFPL3,0.7374983
2406,C1ORF159,0.5659704
2407,IGFBP1,0.6892121
2408,INO80E,0.5886311
2409,RHOBTB2,0.63938123
2410,RBPMS,0.5501245
2411,GMIP,0.6919275
2412,FHOD1,0.5061872
2413,AL160272.1,0.70655197
2414,AL590226.1,0.69446343
2415,CLCN7,0.41549364
2416,TEX264,0.5652815
2417,SYNPO2L,0.6762802
2418,MAN2C1,0.3276612
2419,SLC11A1,0.49695182
2420,ERO1B,0.5861574
2421,MGARP,0.66479707
2422,BLVRB,0.55032176
2423,FAM160B2,0.5535321
2424,KRT85,0.6513795
2425,SHE,0.7635498
2426,ZNF628,0.60180515
2427,AC135012.1,0.7267503
2428,LGSN,0.6992751
2429,SEMA3B,0.40293837
2430,CADPS,0.6865422
2431,IGHG1,0.67099404
2432,MYRIP,0.6685033
2433,PTPRA,0.6002297
2434,PDDC1,0.52179474
2435,H2AFB3,0.6919959
2436,PLPPR2,0.4769551
2437,GFRA1,0.3201591
2438,STAT5A,0.601349
2439,MYRF-AS1,0.64070374
2440,JPH4,0.7508662
2441,AC005899.7,0.7177811
2442,EME2,0.512634
2443,LINC02568,0.47072077
2444,APOBEC2,0.7018847
2445,TNNI1,0.62713575
2446,CHIT1,0.56517404
2447,HIST2H4A,0.11104334
2448,TMEM120B,0.57722235
2449,IGLV6-57,0.6416623
2450,INSYN2B,0.6252102
2451,RASGRF2,0.813451
2452,GRID1,0.7377952
2453,RPH3AL,0.54764205
2454,MIR22HG,0.72239095
2455,GSTA5,0.6199093
2456,ALKBH7,0.50427747
2457,NEMF,0.48026347
2458,TCHHL1,0.6821912
2459,SLC25A25,0.59287614
2460,C1QC,0.65450484
2461,CCDC38,0.7114603
2462,SERPINB6,0.54382855
2463,CCDC105,0.69714385
2464,GDPD2,0.39830998
2465,SSH3,0.67920715
2466,DIABLO,0.5673335
2467,TTC6,0.6011532
2468,KCNJ6,0.7321017
2469,SLC15A3,0.7713856
2470,ANKRD30B,0.5076195
2471,SCN10A,0.7112407
2472,IER5L,0.23842795
2473,FAM162B,0.7113102
2474,PAPD5,0.664226
2475,PPIAL4G,0.6465587
2476,FAM26F,0.60294265
2477,SOX17,0.8148331
2478,MIB2,0.4741795
2479,GPR88,0.7058484
2480,MMP26,0.7320287
2481,ZFYVE27,0.55591506
2482,BDKRB2,0.7257845
2483,LINC01226,0.7362506
2484,ARFGAP1,0.4748877
2485,CWF19L2,0.61534375
2486,SLC22A9,0.71192193
2487,MAGED4,0.3460308
2488,FAM160A2,0.5585709
2489,UBALD1,0.5131104
2490,BDKRB1,0.7074142
2491,EVX2,0.7347214
2492,BTG2,0.57875186
2493,USP53,0.5934256
2494,PRH2,0.7217424
2495,BACH2,0.7597432
2496,MAST3,0.56105185
2497,TRIM52,0.6448063
2498,ATP5D,0.4227221
2499,NTN5,0.6646445
2500,CCNL1,0.68452984
2501,GOLGA8M,0.6641195
2502,IRF7,0.5823295
2503,CTAGE8,0.35896695
2504,ITGAV,0.4564971
2505,SYT3,0.65660584
2506,AASS,0.6973264
2507,SNRNP70,0.53892916
2508,CXCR5,0.465072
2509,THRB-IT1,0.6946408
2510,GPR162,0.64813113
2511,IFNAR1,0.4498471
2512,MICA,0.47966865
2513,OR11A1,0.72592086
2514,C12ORF10,0.51515985
2515,NOTCH2NLA,0.470587
2516,SASH3,0.77711827
2517,ADAP2,0.7924757
2518,CYGB,0.81013066
2519,NRDE2,0.67783636
2520,SLC25A52,0.69695693
2521,PNPLA6,0.5698675
2522,AMY2A,0.46923733
2523,C9ORF66,0.711049
2524,CHD9,0.5756895
2525,TMEM9B-AS1,0.7470086
2526,UQCRHL,0.3616002
2527,AC145207.6,0.52609795
2528,CTTNBP2,0.74720055
2529,ESR2,0.7037523
2530,TMEM210,0.56709224
2531,BRF1,0.5981322
2532,CTIF,0.5216246
2533,DTX1,0.5686831
2534,AL390038.1,0.4949666
2535,LSMEM2,0.3850821
2536,HOXC8,0.6159126
2537,NCOR2,0.49940476
2538,SMARCD3,0.26268935
2539,C9ORF129,0.6308443
2540,LILRB1,0.7370984
2541,ZC3H6,0.68219894
2542,AC011346.1,0.70086193
2543,SCAMP4,0.6133141
2544,PCDH7,0.7314021
2545,RGS2,0.5244374
2546,TECPR1,0.48295888
2547,CREB3,0.54980916
2548,SYT9,0.6597536
2549,AL137026.1,0.6968542
2550,SLC40A1,0.47201923
2551,NHLRC4,0.57926327
2552,AC022893.2,0.70837975
2553,KLHL33,0.67925054
2554,GALNT8,0.6209189
2555,AHI1,0.59468824
2556,AC006273.1,0.7103348
2557,ZNF683,0.65716565
2558,TRABD2B,0.48538443
2559,C1ORF127,0.5590647
2560,CTU1,0.463356
2561,OR2L13,0.71446633
2562,KDELC1,0.6472367
2563,TPRX1,0.64448136
2564,LINC00342,0.36999646
2565,PGR,0.40252957
2566,KHDC3L,0.6908118
2567,CFLAR,0.53572077
2568,NNMT,0.635785
2569,CAPN5,0.6593084
2570,LHCGR,0.7254622
2571,LINC01993,0.666755
2572,TAS2R7,0.71415466
2573,NUAK1,0.760469
2574,FNTB,0.4608988
2575,MIAT,0.7180335
2576,C3ORF49,0.71806574
2577,GRIP2,0.54039454
2578,CFAP43,0.6488349
2579,SLC6A5,0.68540126
2580,CLDN15,0.59504324
2581,OMD,0.69403344
2582,ZBP1,0.61108524
2583,CTXND1,0.7015783
2584,KIF26A,0.6934417
2585,NPPB,0.6593761
2586,IL11RA,0.45783702
2587,TSPAN19,0.69938606
2588,NLRP5,0.71182936
2589,ECSIT,0.5394954
2590,CRHR2,0.6912644
2591,GRIN1,0.50463444
2592,PF4,0.64883727
2593,FCN1,0.5861049
2594,FLCN,0.68195134
2595,SLC8A3,0.72428447
2596,THPO,0.6079298
2597,DDX60L,0.6996823
2598,ARAP3,0.7257058
2599,CA7,0.69976425
2600,SDSL,0.48593506
2601,SLTM,0.6120592
2602,KIAA0930,0.53767186
2603,WDR87,0.6655924
2604,DMWD,0.5154342
2605,LGMN,0.55790514
2606,NOV,0.6914301
2607,DANT2,0.6948208
2608,IP6K1,0.56095606
2609,WDR25,0.6492412
2610,PYGM,0.7310772
2611,ASMTL,0.48695874
2612,AL121583.1,0.7212167
2613,HIST2H3C,0.70732814
2614,IGLV2-23,0.5975959
2615,C11ORF63,0.71099395
2616,CRYBA2,0.501508
2617,PLCB2,0.7546086
2618,FUK,0.4566253
2619,APOB,0.7471698
2620,MYMX,0.6902854
2621,COG8.1,0.6501741
2622,ALDH4A1,0.41267374
2623,AP001626.1,0.7303031
2624,METTL12,0.5426783
2625,LY6H,0.5310547
2626,KCNJ12,0.6404887
2627,AC009093.6,0.6846557
2628,SNX33,0.49057654
2629,CTAGE4,0.473484
2630,CLEC4M,0.74899226
2631,MAMDC2,0.4118793
2632,PIK3C2B,0.5639541
2633,MSH5-SAPCD1,0.707411
2634,NR3C1,0.6342005
2635,FLT4,0.7158952
2636,NBEAL2,0.6511678
2637,TMEM130,0.665951
2638,TSBP1-AS1,0.7105029
2639,STX1B,0.6284793
2640,AC079600.3,0.7240632
2641,CCR10,0.60107416
2642,ZFR2,0.4457504
2643,TWIST2,0.5193314
2644,GTF2F1,0.55739313
2645,DGCR8,0.5647476
2646,CHMP2A,0.65808874
2647,SLC16A7,0.7115595
2648,DHFRL1,0.6404593
2649,C12ORF54,0.45974407
2650,RNPEPL1,0.5585741
2651,TMEM59L,0.591688
2652,SSNA1,0.6220736
2653,BCKDK,0.6430427
2654,OR1G1,0.6980651
2655,FAM60A,0.7003731
2656,SKOR2,0.70640534
2657,SLC45A1,0.52604157
2658,C1QTNF6,0.6738002
2659,C16ORF52,0.70010686
2660,ZNF534,0.60463905
2661,ROGDI,0.7317843
2662,ITIH3,0.5831298
2663,GSX2,0.7109127
2664,SCN4A,0.65042096
2665,TNFRSF10C,0.511579
2666,ENTHD1,0.7211415
2667,NKAIN3,0.7205603
2668,FAM50A,0.5731771
2669,CDC42EP2,0.56927174
2670,FAT4,0.78374094
2671,CECR1,0.57615143
2672,SLC22A17,0.48487687
2673,SMPD3,0.55577785
2674,S100A7L2,0.70379156
2675,CPA3,0.69604164
2676,AL391840.3,0.7120772
2677,NIBAN3,0.62909675
2678,RASD1,0.4989624
2679,RGPD8,0.6892982
2680,RIPOR3,0.6536134
2681,PRAF2,0.5974201
2682,CYP2B6,0.43131018
2683,MAPK8IP3,0.48568714
2684,NOTCH3,0.5238059
2685,GPR20,0.67844814
2686,PCSK4,0.3975996
2687,LYZ,0.64632684
2688,CTAGE5,0.609245
2689,HHLA1,0.6702364
2690,LBH,0.6427179
2691,LLCFC1,0.7189897
2692,MX2,0.6985212
2693,CCDC159,0.5078363
2694,ACSM5,0.70764714
2695,EBI3,0.6661844
2696,CHID1,0.4349091
2697,F13B,0.71637064
2698,CYTL1,0.7548575
2699,NFATC2,0.74931145
2700,C19ORF47,0.54556817
2701,HMGB4,0.6921899
2702,SRRM3,0.6011476
2703,KIAA0368,0.6412409
2704,AC044784.1,0.64999765
2705,SLC27A3,0.46484098
2706,ZNF500,0.63256943
2707,SLAMF6,0.68419933
2708,FAM215B,0.7431254
2709,TTC34,0.655679
2710,ATP1B2,0.6778572
2711,FUT7,0.6562321
2712,REG1A,0.47361776
2713,AL137191.1,0.60873014
2714,PCSK5,0.7816448
2715,KCNF1,0.15499829
2716,SCHIP1.1,0.69049233
2717,NUTM2E,0.6546407
2718,PPY,0.72454214
2719,AMPD1,0.67122465
2720,FILIP1,0.6935086
2721,PPP1R15A,0.5785468
2722,PDE6C,0.70837146
2723,IL24,0.61496276
2724,DMP1,0.7185939
2725,IRS1,0.5674525
2726,GOLGA8B,0.59092075
2727,GPAT4,0.56337494
2728,CAPN10,0.5797469
2729,C1QL3,0.71250534
2730,POLR2J3,0.67215234
2731,DPP7,0.48387173
2732,GAK,0.5991078
2733,SPTSSB,0.31540105
2734,UBTD1,0.5616655
2735,ZNF205,0.503452
2736,AL158071.3,0.67831665
2737,MAP3K11,0.5385714
2738,C15ORF52,0.59120125
2739,MOCS1,0.5923498
2740,AC025335.1,0.7084896
2741,TRBC2,0.7473063
2742,MGAT1,0.6634703
2743,FAM214A,0.64356
2744,CDH12,0.6261055
2745,NOXA1,0.6067615
2746,HIST2H3A,0.6189526
2747,SYNRG,0.61846703
2748,HLA-DPB1,0.6771448
2749,MIEF2,0.57171303
2750,KCTD16,0.73781246
2751,LMNTD2,0.47995865
2752,IFT140,0.59138983
2753,FAM30A,0.6419099
2754,NFIC,0.55258644
2755,MEIS1,0.7149823
2756,POLN,0.63030165
2757,PTPRS,0.4144154
2758,PRSS55,0.7169481
2759,DDB2,0.40908298
2760,ZNF513,0.5788349
2761,PARP8,0.77458924
2762,NKAIN1,0.4209825
2763,CLVS1,0.19858289
2764,KCNIP2,0.61275333
2765,C10ORF76,0.6197702
2766,TSC2,0.63041437
2767,KIAA0141,0.5788595
2768,ME3,0.664644
2769,CA1,0.6584906
2770,C19ORF44,0.47372112
2771,SLFN14,0.7399525
2772,CIC,0.5985169
2773,LAT,0.6656236
2774,NUBP2,0.6374586
2775,REC8,0.578482
2776,KANK2,0.72974426
2777,ZAR1,0.70635873
2778,CD40,0.7260216
2779,NECAB1,0.6841998
2780,AC005332.2,0.7394174
2781,GLTSCR1L,0.6642727
2782,SNRK,0.75800735
2783,ZBTB45,0.56356025
2784,CSF1R,0.69078857
2785,SKIV2L,0.64128554
2786,NOVA2,0.7961728
2787,SHOC1,0.6659556
2788,CRTAP,0.54563606
2789,DUSP26,0.66993266
2790,RHBDD2,0.67437506
2791,P2RY12,0.7245857
2792,AC008522.1,0.62331176
2793,IGLV1-47,0.61515313
2794,CACNA1C,0.70912546
2795,PTPN5,0.6500566
2796,AC078864.1,0.64874625
2797,CABS1,0.7027803
2798,GABRG1,0.70578676
2799,SPDYE5,0.63424724
2800,ENKD1,0.50505346
2801,GDF7,0.71840286
2802,QARS,0.568852
2803,MIR29B2CHG,0.5841312
2804,BCAS4,0.53606755
2805,KRT77,0.37729207
2806,MLST8,0.5958516
2807,SH3BP2,0.4834462
2808,ARHGAP9,0.7904785
2809,CCDC61,0.55288416
2810,PTTG2,0.6127626
2811,KLHDC8B,0.5398628
2812,RBFOX1,0.7348315
2813,ENGASE,0.5721287
2814,VPS16,0.43855974
2815,DIRC3,0.65525556
2816,JMJD1C,0.6154136
2817,GPC3,0.5282306
2818,ZNF423,0.8024607
2819,CACNA1D,0.47166765
2820,GPR179,0.7280167
2821,FBXW4,0.6112718
2822,POLK,0.74258024
2823,SLC35A4,0.602038
2824,NACAD,0.7035336
2825,CLSTN3,0.47602943
2826,AC114980.1,0.7329879
2827,AP003071.4,0.66569346
2828,SLC25A34,0.6967389
2829,MUC21,0.6934503
2830,GATSL3,0.66906387
2831,FCRL1,0.7094946
2832,SLC2A4,0.5839525
2833,CAPN11,0.6736834
2834,TMEM156,0.71962994
2835,ZFHX3,0.705635
2836,C21ORF33,0.6209419
2837,ACTL7B,0.6930974
2838,C2ORF16,0.71944183
2839,HIST2H2AB,0.12179992
2840,FHL3,0.6604036
2841,LHFPL3,0.73234206
2842,RGS11,0.37970367
2843,NTM,0.70133597
2844,CERS5,0.48184752
2845,PDK2,0.5162755
2846,KIF17,0.7331491
2847,PML,0.5882804
2848,CIB3,0.543325
2849,SMAP2,0.56650096
2850,VIPR1,0.48145223
2851,VWCE,0.6301066
2852,HMGA2,0.60657483
2853,R3HDM4,0.4181633
2854,CLK4,0.549565
2855,ANKS4B,0.71185595
2856,CTSZ,0.6851199
2857,AKAP8L,0.7018921
2858,PTGDR,0.59989655
2859,LINC00299,0.76055485
2860,LRRC69,0.53828543
2861,TTC9B,0.62720966
2862,FCGR1B,0.49529645
2863,GRID2IP,0.66364163
2864,LRP2,0.41042778
2865,TMEM235,0.7074259
2866,LOXL3,0.55440664
2867,PDE5A,0.6487024
2868,ZNF316,0.58106023
2869,ACOX2,0.5185556
2870,DUSP6,0.50515777
2871,LY9,0.6382324
2872,NKX2-2,0.50990385
2873,HOXA6,0.71491355
2874,CHD8,0.5144176
2875,MTUS1,0.53864986
2876,ZNF385A,0.62742054
2877,HIST1H4L,0.69427127
2878,CLEC4D,0.70239186
2879,SDS,0.44696245
2880,PICK1,0.6381522
2881,DENND4B,0.5402476
2882,C16ORF59,0.5538834
2883,ACSM4,0.72750854
2884,SENP7,0.7283525
2885,ATP1A4,0.5275931
2886,LINC02080,0.7300369
2887,IGLV3-19,0.69060975
2888,TMEM190,0.6923887
2889,EYS,0.6635104
2890,NODAL,0.7091517
2891,HCLS1,0.8241548
2892,DNM3OS,0.78193206
2893,SYNPR,0.699532
2894,TNKS1BP1,0.5912775
2895,ACAP3,0.6205749
2896,GREB1,0.5433639
2897,DLG4,0.64882594
2898,COL25A1,0.65217716
2899,ITIH5,0.37888804
2900,AC012414.3,0.66752845
2901,ZBTB42,0.63050437
2902,TSPAN31,0.4449917
2903,PPFIA3,0.49395642
2904,AC024337.2,0.75699335
2905,ADAMTS5,0.66105133
2906,SLC25A29,0.6460575
2907,APBB3,0.50861424
2908,DNAJB2,0.6066653
2909,TLN1,0.565824
2910,SNX17,0.5575399
2911,SSFA2,0.55652463
2912,KCNH4,0.7226753
2913,NUMA1,0.55977464
2914,ZFC3H1,0.7091271
2915,TRIP10,0.43456113
2916,AC004951.1,0.67407817
2917,SLC27A4,0.48366234
2918,OSTN,0.6838632
2919,AC105052.4,0.6758818
2920,MCTP1,0.7548096
2921,AC037459.2,0.6927969
2922,AL162390.1,0.72408533
2923,CDKN1A,0.459209
2924,SEZ6L,0.6590335
2925,TTLL10,0.6566999
2926,CACNB4,0.64068013
2927,VIP,0.754842
2928,USP40,0.44593135
2929,CCL23,0.7577936
2930,CCDC66,0.6887583
2931,TRAF1,0.69910187
2932,LCE2A,0.7543716
2933,PROX1,0.69971246
2934,UBOX5,0.52411395
2935,AGFG2,0.5819698
2936,LRRC18,0.7268176
2937,APBB1IP,0.84670234
2938,FLI1,0.83918744
2939,SCN1B,0.5631835
2940,DIS3L2,0.53230613
2941,AC090877.2,0.6869316
2942,UBL4B,0.7504871
2943,ARL15,0.74175817
2944,IGFALS,0.31120166
2945,NARFL,0.52783567
2946,SLC22A10,0.71011347
2947,CCDC73,0.22487979
2948,RIPK1,0.60214496
2949,DMAP1,0.5171135
2950,AC069234.5,0.7107627
2951,JAG2,0.47518694
2952,PDLIM1,0.42816308
2953,CROCC,0.5776283
2954,ARHGAP20,0.680171
2955,ZNF814,0.56680816
2956,LPAR4,0.74700207
2957,ETFB,0.51778907
2958,IGLV2-8,0.7084779
2959,PROX2,0.7285612
2960,ZBTB4,0.5378467
2961,TSHZ3,0.73458606
2962,VWA5B1,0.7345086
2963,UCK1,0.62261516
2964,SUSD2,0.4368782
2965,FLOT2,0.4198223
2966,FAM43A,0.66242504
2967,DALRD3,0.5785968
2968,SATB1,0.6118686
2969,GYPA,0.68328094
2970,CCDC188,0.72431165
2971,E4F1,0.702281
2972,DPEP3,0.78060126
2973,FAM217A,0.70146817
2974,AC007389.1,0.7217453
2975,TLCD3B,0.49212477
2976,MTMR10,0.62007743
2977,AL033397.2,0.6472773
2978,CNTNAP4,0.71417934
2979,AHSP,0.74995404
2980,CD4,0.7567596
2981,HAP1,0.61788017
2982,EPHX1,0.5438917
2983,STARD8,0.6819007
2984,AC016590.1,0.6068003
2985,BCL2L1,0.6417381
2986,MST1R,0.4226065
2987,AC120049.1,0.70735687
2988,ATG2A,0.5833939
2989,IGDCC4,0.7055941
2990,KLK4,0.6785372
2991,PBOV1,0.6869157
2992,KCNJ8,0.69276375
2993,HOXD8,0.7242591
2994,GHRH,0.71551496
2995,LRRC3B,0.6907721
2996,TRANK1,0.7310435
2997,GBP2,0.59041905
2998,KRT25,0.7237532
2999,ZC3H12D,0.7508838
3000,CEACAM20,0.7116993
3001,CNN2,0.5997626
3002,NCF4,0.75191396
3003,PLEKHG5,0.5945232
3004,PKIG,0.60981756
3005,SYNE2,0.5771162
3006,AC093849.4,0.7153208
3007,ANGPTL3,0.6828825
3008,ITIH1,0.7021165
3009,IL1RL1,0.68806744
3010,AC159540.2,0.23215075
3011,ERCC2,0.49584424
3012,CPVL,0.7336359
3013,ALPI,0.6770005
3014,TRMT2A,0.6412875
3015,TSPO2,0.67676026
3016,TMEM140,0.74162596
3017,KCNN3,0.69428396
3018,ARHGAP10,0.6318603
3019,ADAM2,0.6571289
3020,IRAK4,0.65330404
3021,ADAD2,0.66683084
3022,ARID3C,0.69038814
3023,STK11IP,0.5677619
3024,BRSK1,0.43878415
3025,LAX1,0.6953285
3026,DBX2,0.75564075
3027,SMPD1,0.5234041
3028,IGHV4-59,0.7309312
3029,DOK4,0.60037756
3030,DNAJC4,0.5868505
3031,IGKV5-2,0.6774121
3032,PLLP,0.30177632
3033,ABCC11,0.46684813
3034,METTL21B,0.6837159
3035,DSE,0.57041603
3036,TXNRD2,0.65266645
3037,SGTA,0.52624154
3038,JDP2,0.5372016
3039,AP2A1,0.4865086
3040,AC073869.3,0.56564856
3041,ZNF525,0.5418243
3042,PLEKHM2,0.51466066
3043,C3ORF58,0.6114457
3044,ABHD14B,0.43097177
3045,LPL,0.45988595
3046,OLFML1,0.84319896
3047,FLT1,0.7210946
3048,CLLU1,0.7110053
3049,CFAP52,0.6926284
3050,KLRB1,0.81028605
3051,GMPPB,0.47811428
3052,PRKD2,0.47708324
3053,SUMO4,0.2791437
3054,UCN,0.40506685
3055,RCN3,0.70013636
3056,MORC1,0.7256109
3057,AC018647.1,0.7460427
3058,GDPD3,0.45379695
3059,KLHL6,0.7371804
3060,DMPK,0.60662574
3061,EHD4,0.47567984
3062,TMIGD2,0.6971173
3063,ITSN2,0.67916864
3064,DDAH2,0.45808175
3065,ARHGEF17,0.71301526
3066,IL18BP,0.4353411
3067,BORCS6,0.52474254
3068,PLPP1,0.60442597
3069,ECT2L,0.644983
3070,SBNO2,0.5841126
3071,CILP2,0.5274399
3072,CPT1C,0.6628048
3073,SPRYD3,0.4981676
3074,CSRP3,0.7674009
3075,NBPF9,0.6467747
3076,BCL2,0.5253282
3077,PI4KA,0.6180074
3078,SLFN5,0.72329456
3079,NAA80,0.44205248
3080,OR52A1,0.6704877
3081,PPP1R12A,0.70768994
3082,INHBA,0.62769777
3083,CBWD3,0.6375518
3084,PCDH9,0.61908805
3085,ATG7,0.32034996
3086,NPIPA5,0.6272926
3087,ATP5S,0.59069777
3088,AL158832.2,0.65267104
3089,PRF1,0.7328868
3090,BRS3,0.72853976
3091,FBXO18,0.46281675
3092,SYT15,0.65416765
3093,LTBP3,0.3668109
3094,DBN1,0.35792065
3095,IFNG-AS1,0.6795146
3096,EFHD2,0.6263955
3097,IER2,0.42353725
3098,DAZAP1,0.73969954
3099,NT5E,0.6502488
3100,PSMB8,0.5152417
3101,TRIOBP,0.3677667
3102,RGS13,0.59388816
3103,PIDD1,0.47622404
3104,MED22,0.62233335
3105,ZNF208,0.5686721
3106,ATP2A3,0.39556476
3107,NUDT17,0.38951123
3108,B9D1,0.4996338
3109,FAM228A,0.7085116
3110,TTC3,0.57145244
3111,TAS1R3,0.5921726
3112,DHX34,0.69821864
3113,ARMC9,0.60626584
3114,MOGS,0.62509745
3115,AC117503.1,0.55077505
3116,LRMP,0.7137999
3117,IDI2,0.60973054
3118,TCAP,0.6103974
3119,GTPBP6,0.54276496
3120,NABP1,0.66875225
3121,RETN,0.67877865
3122,UGT2B15,0.52739847
3123,C20ORF194,0.6325409
3124,MICALL2,0.53263086
3125,SCAMP5,0.4704835
3126,CH25H,0.6673422
3127,EXOSC10,0.6010406
3128,AC004160.1,0.71606845
3129,CA14,0.60202515
3130,NLRP12,0.73994464
3131,KIF19,0.6632948
3132,ATCAY,0.6315578
3133,RRAS,0.49572954
3134,PRDM2,0.68895215
3135,PEX26,0.6360485
3136,PARP10,0.3795096
3137,POU5F2,0.68292475
3138,WAS,0.79186034
3139,GLDN,0.59209687
3140,SCUBE1,0.5143637
3141,KLC1,0.58670586
3142,AKAP11,0.701452
3143,NLRP11,0.71999365
3144,AC006504.1,0.52565086
3145,NPS,0.7137044
3146,CCDC57,0.63115764
3147,NR2F2-AS1,0.6566963
3148,PCNX1,0.6259538
3149,SAT2,0.5079669
3150,MC1R,0.5067093
3151,KLHL3,0.77207327
3152,MAP1LC3C,0.7395313
3153,NR1I3,0.46866497
3154,CDH6,0.7460812
3155,RNF213,0.4122845
3156,LINC02185,0.6975281
3157,PRTN3,0.60654706
3158,ACADVL,0.37795338
3159,CBWD6,0.3747877
3160,MASP2,0.7077015
3161,DOK1,0.6303839
3162,CLK1,0.48673138
3163,CD200,0.7754476
3164,TRHR,0.74897736
3165,CNTN1,0.58900726
3166,APOL1,0.6986459
3167,GFI1B,0.7468858
3168,AFF3,0.576348
3169,FRMPD2,0.5206858
3170,DOCK2,0.82498866
3171,VPREB3,0.44232988
3172,FOXJ1,0.38416454
3173,LILRB3,0.77283543
3174,GP2,0.2616466
3175,AC012065.3,0.62207997
3176,LINC01422,0.755253
3177,PPEF2,0.68525726
3178,NFKBIZ,0.4753953
3179,NDUFA4L2,0.35821056
3180,DMRTA2,0.60146636
3181,TMEM82,0.68948764
3182,SRSF11,0.67902297
3183,ADGRB3,0.6926381
3184,PCDHA8,0.68937284
3185,PROS1,0.5348626
3186,MYO9A,0.658865
3187,ABHD14A,0.472962
3188,P2RY8,0.6940507
3189,ANKRD40CL,0.7019596
3190,MOB2,0.422526
3191,AC135178.6,0.6778639
3192,ARHGAP27,0.45627484
3193,FAM21A,0.63029695
3194,PTPRG,0.67539
3195,TMEM136,0.68174535
3196,RDH8,0.71434194
3197,BIN1,0.5525302
3198,DCDC2B,0.6968246
3199,IGHV6-1,0.53466326
3200,MT1HL1,0.63373846
3201,SLC39A13,0.46908247
3202,RAC2,0.7125853
3203,FRA10AC1,0.5986562
3204,FCER1A,0.6357582
3205,DYNLL2,0.4794394
3206,MARCH2,0.5448767
3207,PDGFA,0.5858292
3208,AC011840.1,0.66391116
3209,HTT,0.52288467
3210,LLGL1,0.5365805
3211,MLLT4,0.61658293
3212,AP007216.2,0.6568668
3213,ELSPBP1,0.7516292
3214,CXORF65,0.70686483
3215,PGRMC2,0.72010666
3216,WFDC13,0.6799604
3217,LINC01146,0.6531637
3218,DHX30,0.72818017
3219,GTF2H2,0.46529412
3220,CNTD1,0.43010187
3221,LINC02202,0.7592252
3222,PLXNA4,0.60912913
3223,HCFC1R1,0.52176017
3224,PPM1M,0.7747013
3225,C7ORF49,0.5628054
3226,NMRK2,0.7938078
3227,TSHR,0.6720514
3228,ZNF337,0.6061973
3229,STEAP1,0.60255635
3230,ANO9,0.5303711
3231,DPP9,0.45188403
3232,C1R,0.6806839
3233,HNF1A,0.61240584
3234,DGAT1,0.61337036
3235,ADA2,0.7003718
3236,BX088651.4,0.6742773
3237,NBAS,0.4846637
3238,PIK3C2A,0.6245796
3239,EML5,0.45581785
3240,WDR38,0.43021366
3241,FAM166B,0.6216858
3242,Z68871.1,0.72301275
3243,GRID2,0.74550384
3244,AC107993.1,0.6970152
3245,YPEL1,0.5104546
3246,VIL1,0.5281169
3247,BCL3,0.56177855
3248,TMEM204,0.8259077
3249,CABP4,0.5460736
3250,CBS,0.44919673
3251,ZNF444,0.66070783
3252,EBF3,0.7745972
3253,RGS4,0.70747703
3254,SULT2B1,0.4138261
3255,SLC26A6,0.36216483
3256,RHOF,0.58036715
3257,CRYBA4,0.71643716
3258,ARRB2,0.6033742
3259,FAM174B,0.6003599
3260,TMEM105,0.6655964
3261,GRIN2B,0.643702
3262,TMEM115,0.49627402
3263,RAB44,0.76384276
3264,CXCR2,0.7277047
3265,PIGQ,0.5395615
3266,SLC38A10,0.44377616
3267,RMRP,0.5615296
3268,PNKP,0.50613564
3269,NPAS1,0.6461574
3270,LYSMD4,0.4582294
3271,SLC15A5,0.7234042
3272,RD3L,0.7070427
3273,IGLC6,0.6429705
3274,SNX29,0.69053584
3275,YPEL3,0.48158148
3276,UBE2U,0.6971371
3277,PIWIL2,0.6769259
3278,PIK3R1,0.48449263
3279,KLHDC4,0.5824658
3280,IGKV1-17,0.69303304
3281,TRIM46,0.3491945
3282,TNFRSF13B,0.72550726
3283,ADCY5,0.48879647
3284,ZDHHC12,0.6568926
3285,WDR24,0.3590691
3286,PRDM1,0.74810714
3287,RHOT2,0.63855696
3288,HK3,0.62451315
3289,FAM186A,0.64372796
3290,DCDC1,0.625994
3291,MXD4,0.4327118
3292,GDNF,0.700176
3293,GLI1,0.73822814
3294,CU633906.2,0.5664719
3295,TMEM222,0.5781192
3296,NAALAD2,0.6511343
3297,MAB21L2,0.7329677
3298,CDHR2,0.55963755
3299,EPN1,0.52312106
3300,C1ORF27,0.6084129
3301,AL133355.1,0.6432451
3302,TUBB1,0.7219005
3303,ESPN,0.43590674
3304,MMP15,0.3861182
3305,SZRD1,0.54493946
3306,TMEM101,0.51640195
3307,STAT6,0.47911015
3308,TRAF5,0.5922512
3309,HLA-DMB,0.74060774
3310,CHRNE,0.5959255
3311,AMY2B,0.5954663
3312,FOXP2,0.6625018
3313,SLC9A8,0.5751607
3314,TMEM88,0.55428857
3315,LMCD1,0.6564196
3316,AC006566.1,0.66906977
3317,ATPAF2,0.4790939
3318,TSPAN16,0.7312754
3319,GUCA2A,0.7065165
3320,ANKRD52,0.616669
3321,CDSN,0.5492546
3322,RAI2,0.6973958
3323,AC104389.5,0.6819785
3324,FGD5,0.7347265
3325,PKD1L3,0.7334749
3326,MAP3K15,0.43172038
3327,CRLF2,0.7115085
3328,SPG7,0.53269047
3329,IFT46,0.48533168
3330,RSL1D1,0.6310994
3331,GJC2,0.7103891
3332,GLIS2,0.6454664
3333,IDO2,0.6846574
3334,MRPL54,0.5640664
3335,TSC22D3,0.33572993
3336,FNDC1,0.6825631
3337,PDE1A,0.7603592
3338,MFSD12,0.51134366
3339,ENPP7,0.7334493
3340,LACE1,0.7363215
3341,AL683813.1,0.68385
3342,KPNA5,0.7033089
3343,MYH3,0.59651333
3344,LINC00504,0.53549343
3345,FCHSD2,0.65679455
3346,GDF6,0.7472977
3347,CRH,0.6785458
3348,SOWAHA,0.36954725
3349,NAV3,0.6604124
3350,HLA-DQB1,0.68049675
3351,TBX6,0.54892224
3352,IQSEC3,0.705278
3353,MROH7,0.63897854
3354,DISP3,0.56515956
3355,PTH2,0.7151432
3356,AC144831.1,0.6545649
3357,OR1N1,0.70554656
3358,TRPM6,0.62119585
3359,SPN,0.7381036
3360,KCTD11,0.6791771
3361,C12ORF42,0.7440088
3362,SLC3A1,0.46880484
3363,LRRC73,0.35498917
3364,ZP2,0.6604479
3365,AL133330.1,0.7130179
3366,MCMDC2,0.52140576
3367,BTNL8,0.71160644
3368,DRD4,0.57898587
3369,TOPORS-AS1,0.6157467
3370,SERPINA6,0.40569404
3371,FIGLA,0.70641845
3372,SH2D1B,0.7060923
3373,OR14A16,0.7323844
3374,CCND2-AS1,0.7217276
3375,RFX1,0.55535376
3376,SLC6A3,0.6847655
3377,NR1H3,0.6677912
3378,MAVS,0.6302975
3379,WDR18,0.57863736
3380,ALCAM,0.60703975
3381,ETS1,0.73160285
3382,OTUD5,0.5119892
3383,SCAP,0.60756165
3384,TSC22D1,0.39126134
3385,B3GAT2,0.33414462
3386,SOAT2,0.71980286
3387,SLC29A3,0.56416154
3388,KCNG2,0.7446709
3389,ANKMY1,0.45353517
3390,TNIP1,0.5195522
3391,LINC01266,0.6176997
3392,TAS2R4,0.5663129
3393,SNTG2,0.68164235
3394,ADAMTS2,0.7750667
3395,RAB11FIP3,0.63529974
3396,AC133919.1,0.71694356
3397,ABCA2,0.5085757
3398,LPIN3,0.5884504
3399,SPATA21,0.5224556
3400,AL671710.1,0.34339023
3401,LCN15,0.72259164
3402,DDX25,0.7149231
3403,ABCB8,0.5234486
3404,MRLN,0.6904156
3405,TBRG1,0.6609385
3406,IFI35,0.5362615
3407,SHD,0.69383335
3408,CRELD1,0.49280977
3409,NEK5,0.5052534
3410,WDR97,0.5056018
3411,WIPF1,0.7322659
3412,MCRIP1,0.5498777
3413,USF2,0.3517245
3414,GNLY,0.69374853
3415,MYOG,0.69749695
3416,SLCO1C1,0.7285626
3417,DPP4,0.6959793
3418,BIRC7,0.6827666
3419,FLNC,0.7024231
3420,ZNF182,0.67884994
3421,SASH1,0.67819697
3422,RAD50,0.6370483
3423,ARHGAP25,0.74187666
3424,SNHG22,0.6520879
3425,EFCAB12,0.6038876
3426,CCDC116,0.744782
3427,NADSYN1,0.3508915
3428,NDFIP1,0.5783759
3429,EFCAB6,0.66459876
3430,PQBP1,0.64134556
3431,LRRC72,0.71632695
3432,GPR6,0.6690817
3433,KCNJ11,0.44978616
3434,SEPTIN1,0.60633165
3435,AC130352.1,0.64123225
3436,BRD2,0.6681865
3437,FAM46C,0.6591955
3438,RUNDC1,0.6436207
3439,HS3ST2,0.50227755
3440,PARP15,0.7845563
3441,GRM7,0.634638
3442,MYOM2,0.59790784
3443,ADCY6,0.7419806
3444,LCP2,0.8505947
3445,PDCD1,0.6296374
3446,UBAP1L,0.5053026
3447,CPEB4,0.48645678
3448,HSD17B13,0.73645085
3449,PROCA1,0.5385546
3450,SPI1,0.8003414
3451,ADD3,0.68510956
3452,SLC26A5,0.6800699
3453,CCDC88A,0.77720976
3454,CACNA1H,0.59696245
3455,BLID,0.6948255
3456,UMOD,0.5985467
3457,ZNF286B,0.73135114
3458,COL4A4,0.72121316
3459,AC015871.7,0.74031687
3460,LRRC24,0.22728659
3461,AL590822.2,0.7596569
3462,MGRN1,0.62436527
3463,PFN3,0.7256678
3464,NPSR1,0.6922781
3465,DRC3,0.6542466
3466,PNPLA2,0.6406471
3467,NELFE,0.5842222
3468,NFKB2,0.54517657
3469,ATP5G1,0.30063504
3470,LINC01297,0.6285041
3471,POLRMT,0.52876854
3472,IDS,0.42814672
3473,AK5,0.45379862
3474,CRIM1,0.41317
3475,TRPM7,0.6374735
3476,ZNF546,0.5451525
3477,KRTAP17-1,0.6636125
3478,EPB41L3,0.70430344
3479,CRHBP,0.7559068
3480,IL22,0.6957164
3481,ARGLU1,0.47807172
3482,EME1,0.24000145
3483,ST5,0.55079
3484,MTRNR2L8,0.5038399
3485,VASH1-AS1,0.48652962
3486,TFE3,0.5235664
3487,NTNG2,0.7298344
3488,PPP6R1,0.4918212
3489,ZNF446,0.5809782
3490,ABCD4,0.66850406
3491,CD69,0.7834013
3492,PABPN1L,0.69088393
3493,AC012470.1,0.6965603
3494,OSBPL7,0.6781879
3495,AL450326.1,0.6985493
3496,PRODH,0.2760043
3497,ART1,0.6951861
3498,XAB2,0.6565991
3499,CHD6,0.7189903
3500,APOPT1,0.49536696
3501,IGKV3-20,0.6623743
3502,OR2K2,0.6860995
3503,SERPINF2,0.44997755
3504,INPPL1,0.44282022
3505,KIAA1614,0.6410283
3506,IQSEC1,0.49491
3507,PARVG,0.7793409
3508,USP22,0.5805706
3509,MADD,0.5331896
3510,HDAC10,0.4341189
3511,GULP1,0.7374098
3512,PITPNM1,0.48144782
3513,KCNJ3,0.35845515
3514,TELO2,0.5235541
3515,SMIM32,0.7168198
3516,MBD6,0.64902776
3517,POLR2E,0.4929599
3518,HLA-DOA,0.7456104
3519,GRAMD3,0.6757913
3520,DEFB124,0.7445505
3521,TCTEX1D4,0.62363416
3522,SLC2A6,0.35927317
3523,PURA,0.6933591
3524,SH3BP1,0.5812699
3525,C14ORF79,0.5689017
3526,PARD3B,0.6843049
3527,KCNA4,0.7549035
3528,RALGDS,0.5422043
3529,RSPH10B,0.40429392
3530,ANKRD24,0.6304786
3531,NRGN,0.68184376
3532,MS4A6E,0.71070105
3533,ANKRD23,0.51607937
3534,RAB31,0.64750606
3535,TMEM55A,0.68381745
3536,CAPN12,0.3998449
3537,HTR3D,0.72558
3538,KIAA1755,0.5327294
3539,DOPEY1,0.6602922
3540,HMGA2-AS1,0.6699737
3541,HEATR9,0.67705506
3542,NOS1AP,0.44855246
3543,ATG16L1,0.5744013
3544,MIR181A1HG,0.74737376
3545,WDFY4,0.7305539
3546,TSR3,0.47814974
3547,IQGAP2,0.63830215
3548,CCDC24,0.6430514
3549,SLC6A19,0.7051886
3550,FOXB2,0.76516205
3551,LINC02256,0.7248096
3552,AKR7A3,0.5076832
3553,PCNX4,0.64485025
3554,MAK,0.6994235
3555,MIS18BP1,0.61473125
3556,AP5Z1,0.4787281
3557,PWWP2B,0.6321306
3558,PCDHGA8,0.6776598
3559,SCAPER,0.6702862
3560,AZU1,0.5359866
3561,CHMP1A,0.47516236
3562,ADRB3,0.6906124
3563,PHOX2B,0.7439949
3564,AL133346.1,0.69378346
3565,KCTD12,0.7682045
3566,HP1BP3,0.5093181
3567,A4GALT,0.5898071
3568,WDR60,0.66207266
3569,TLR10,0.64686674
3570,MYL4,0.6921416
3571,ABHD1,0.43887556
3572,PDLIM3,0.56987375
3573,PDGFB,0.6111887
3574,SPOCK1,0.80816466
3575,FBLN7,0.6120689
3576,FLT3,0.5789759
3577,ITPKC,0.48268795
3578,LST1,0.6943373
3579,SLC9A3R2,0.55348617
3580,PWWP3B,0.6194112
3581,MYLK3,0.69836164
3582,TAS2R5,0.63149667
3583,CC2D2B,0.7098928
3584,AC023794.2,0.70090175
3585,TRIM60,0.7062795
3586,GPR37L1,0.3681315
3587,CR786580.1,0.5886098
3588,B4GAT1,0.46699563
3589,YIF1A,0.6356284
3590,KIAA0922,0.67801374
3591,RGL3,0.39069387
3592,FSIP2,0.5915992
3593,ZDHHC24,0.54099065
3594,FAM161B,0.4773817
3595,ELOF1,0.64132726
3596,OVCH1,0.676521
3597,AC243829.4,0.73065025
3598,ABL1,0.5324548
3599,AC090559.1,0.79082227
3600,DKK2,0.6836373
3601,WNT7A,0.70756626
3602,SP8,0.6714867
3603,TCEAL2,0.1499145
3604,TP53INP2,0.45695782
3605,JMJD8,0.41382122
3606,FRY,0.65783197
3607,ATP5SL,0.5658505
3608,TMEM229B,0.5325996
3609,IL17D,0.47677195
3610,SLC46A1,0.567133
3611,TGM6,0.7014842
3612,CPEB1,0.64804506
3613,NFKBID,0.6576297
3614,OR4K2,0.7299854
3615,SFSWAP,0.617638
3616,CDH10,0.72115993
3617,ITGB7,0.6515772
3618,EMP3,0.7753756
3619,LNPEP,0.5780576
3620,MKL2,0.6221373
3621,BCL6B,0.80911714
3622,AC015818.2,0.5653976
3623,LRRC71,0.6833827
3624,ZNF687,0.68051815
3625,BPTF,0.66658705
3626,MMP10,0.62463975
3627,AP001496.2,0.26496407
3628,STC2,0.3515587
3629,ARMC5,0.5253626
3630,ADAMTS6,0.7239211
3631,SLAMF1,0.75782204
3632,TP53INP1,0.416368
3633,SLC34A3,0.6633601
3634,PKD1,0.5440547
3635,SMLR1,0.70658463
3636,AC138932.2,0.7128423
3637,ZNF329,0.6513326
3638,NPDC1,0.49249515
3639,PKD2L2,0.66868466
3640,AC008467.1,0.7194126
3641,CEBPE,0.71315527
3642,SPINK1,0.38912645
3643,CLDN22,0.44143033
3644,SNTA1,0.47219685
3645,PTCRA,0.6783216
3646,MED12L,0.6015455
3647,EHBP1L1,0.5261174
3648,EMID1,0.2060132
3649,AL157893.2,0.7171746
3650,NFKBIL1,0.5637273
3651,APOBEC3C,0.60410076
3652,AHNAK2,0.55906886
3653,TRPV5,0.7413972
3654,LINC00562,0.62158895
3655,MLEC,0.632926
3656,MYO5C,0.5578555
3657,ARHGAP26,0.59410965
3658,DCAF4L2,0.7196753
3659,CALHM1,0.72501296
3660,CHADL,0.32687628
3661,IGHV4-39,0.6801316
3662,IL6R-AS1,0.77145976
3663,FAM35A,0.61690664
3664,GSTO1,0.54696566
3665,EDNRA,0.7448304
3666,CHMP6,0.50744516
3667,FOXA1,0.6131955
3668,AL390728.5,0.7128369
3669,LEF1,0.55220336
3670,TBC1D3L,0.5754151
3671,TMEM160,0.45888045
3672,CXORF40A,0.558736
3673,SLC30A2,0.551713
3674,GAS1,0.6547485
3675,DIO3,0.6612577
3676,ANXA11,0.5247061
3677,ZNF579,0.54844445
3678,AL356124.1,0.68543273
3679,LRRC46,0.5666426
3680,STXBP5-AS1,0.71729684
3681,COLEC12,0.6193411
3682,ATP13A2,0.5790821
3683,PLA2R1,0.60393095
3684,DHRS3,0.45828474
3685,OLFML2A,0.61332035
3686,FAM21C,0.6594986
3687,RMND5B,0.53198427
3688,CCS,0.6087607
3689,MAD1L1,0.5835547
3690,GAB4,0.77513045
3691,LY86,0.71021885
3692,ASUN,0.68027085
3693,CYP21A2,0.55527204
3694,FAM92B,0.68864137
3695,LINC01359,0.7171485
3696,B4GALT7,0.40363428
3697,SPATA2L,0.4221532
3698,OR52K1,0.68202645
3699,CAPN3,0.64919263
3700,FGF14,0.46783733
3701,LAT2,0.6640897
3702,MUM1,0.52971536
3703,CBARP,0.5306891
3704,KLHDC7A,0.60073453
3705,CAB39L,0.49937162
3706,DGCR6L,0.5077674
3707,DGKZ,0.5130223
3708,ZBTB32,0.731332
3709,KRT17,0.5815013
3710,UCP1,0.6924867
3711,C1ORF162,0.8081611
3712,KCNC1,0.69996715
3713,MUL1,0.5118024
3714,RNF224,0.6845935
3715,C9ORF3,0.60270315
3716,TSPAN32,0.72043544
3717,PMVK,0.58032525
3718,PRRG3,0.481634
3719,PHYKPL,0.50136584
3720,IVL,0.48190856
3721,C11ORF88,0.7391417
3722,TSPAN17,0.39408207
3723,KRT222,0.6999328
3724,CXCR3,0.7055865
3725,KANSL1L,0.59896636
3726,AC240274.1,0.7428097
3727,HGS,0.67332006
3728,PHLDB2,0.59736496
3729,AL391121.1,0.74805564
3730,LAMB1,0.7735686
3731,LINC01125,0.6670706
3732,AOX1,0.39118662
3733,CYBB,0.75676924
3734,C6ORF106,0.46516445
3735,WDR6,0.579565
3736,NME7,0.5716534
3737,EEPD1,0.6271202
3738,RNF25,0.57324225
3739,KCNMB2,0.7109461
3740,HRASLS,0.6574526
3741,CBLB,0.70700836
3742,AK8,0.5865491
3743,PRDM6,0.75516987
3744,HEPN1,0.73065305
3745,PCAT5,0.6998195
3746,NKD2,0.39005077
3747,NKIRAS2,0.5060342
3748,CEMP1,0.6070263
3749,USP50,0.50755024
3750,CD2BP2,0.558345
3751,PRPH2,0.7661397
3752,GRIK1-AS1,0.6392977
3753,PHACTR1,0.6749859
3754,SMIM1,0.3909891
3755,DUSP15,0.44662213
3756,TMEM212,0.6702249
3757,AC005920.1,0.597424
3758,FAM92A1,0.6785653
3759,C3ORF18,0.67248696
3760,PRR34,0.6612721
3761,PRAMEF15,0.69296676
3762,ZMIZ2,0.43547907
3763,HIPK4,0.7379356
3764,BCHE,0.64434147
3765,TSC22D4,0.6094304
3766,LINC01089,0.50302404
3767,NYAP2,0.70570344
3768,RIPOR2,0.69692475
3769,KLF7,0.7121742
3770,FLII,0.47142363
3771,CD276,0.5900755
3772,OR8B12,0.7033839
3773,SYCP3,0.4109106
3774,C1ORF167,0.57323
3775,RGS17,0.66370106
3776,AC004846.2,0.7037409
3777,IGHV5-51,0.75403374
3778,AC091982.3,0.6887899
3779,NRBP1,0.4832777
3780,LRG1,0.45620236
3781,PDLIM2,0.57378596
3782,CTDSPL,0.5681822
3783,LINC02145,0.7222486
3784,APC2,0.5470313
3785,ISLR2,0.6829465
3786,SGK494,0.67926115
3787,GYG2,0.5082731
3788,FAM131B,0.70614666
3789,BAP1,0.5571467
3790,RUSC2,0.65656334
3791,TEKT2,0.6096652
3792,LDHD,0.36677507
3793,SOBP,0.7317415
3794,GADD45G,0.37828675
3795,GZMH,0.66276616
3796,FOXP3,0.73696834
3797,CTC-534A2.2,0.63715833
3798,GSDMD,0.43623433
3799,LCE3E,0.6601359
3800,LRRC17,0.7269621
3801,RXRB,0.56258506
3802,CDHR5,0.6635756
3803,CFI,0.60366607
3804,CYFIP2,0.4336271
3805,CNTROB,0.50402427
3806,CBX6,0.3916097
3807,CTRB1,0.7540176
3808,RNF26,0.6129798
3809,RABL2A,0.58708006
3810,TFAP2D,0.70961857
3811,CRCT1,0.6747873
3812,AL359220.1,0.7336367
3813,GCKR,0.7067351
3814,SPP1,0.4951283
3815,COX4I2,0.73410535
3816,CBLN4,0.7455657
3817,ASL,0.5380052
3818,AC124067.4,0.5749702
3819,CABP7,0.5050469
3820,THSD7B,0.75143844
3821,CHD1,0.6314566
3822,PKN1,0.4291284
3823,AC008115.4,0.67264
3824,SEMA3E,0.53502053
3825,CST7,0.6842274
3826,TMED1,0.56328493
3827,COL18A1,0.6816552
3828,C2,0.74299717
3829,GPR146,0.6365955
3830,FABP1,0.73914695
3831,CSNK1G2,0.5281589
3832,PXN,0.539526
3833,PRDM5,0.72982794
3834,RNH1,0.4639527
3835,MATR3,0.5925579
3836,AC015909.1,0.71209025
3837,AC026341.1,0.71609575
3838,DNAH9,0.6501632
3839,KCNH1,0.46132246
3840,OCM,0.71805364
3841,RNASET2,0.5238028
3842,TMEM184A,0.58060724
3843,KCNH7,0.72027063
3844,PAGE3,0.6834596
3845,TTC16,0.57169515
3846,LINC01511,0.60852724
3847,UPP2,0.6781554
3848,TRAPPC2L,0.45677695
3849,SHISA3,0.7374187
3850,KIAA1551,0.63074714
3851,GPR61,0.6951227
3852,RBM44,0.681614
3853,AC092683.2,0.32114443
3854,AIP,0.5536801
3855,NRAP,0.6936191
3856,RFTN2,0.7949768
3857,ATXN1,0.6083548
3858,NCLN,0.49620447
3859,C16ORF45,0.58630604
3860,NKAPL,0.6992087
3861,TEKT5,0.56075555
3862,FSTL1,0.71662235
3863,CBLN1,0.6300547
3864,VSTM2L,0.5270369
3865,DNAH8,0.7025642
3866,AL160313.1,0.6956858
3867,RABEP2,0.63464594
3868,KLF3-AS1,0.6613038
3869,CATIP,0.6290688
3870,DENND2A,0.6219813
3871,HS1BP3,0.43976
3872,ZNF91,0.6068006
3873,LYST,0.6587825
3874,KCNK10,0.7257089
3875,CCDC71,0.6498309
3876,PPP1R26,0.54101354
3877,AC004381.6,0.6542255
3878,PPM1K,0.610109
3879,FAM73B,0.57519454
3880,TEX38,0.68504524
3881,FAM9A,0.7601826
3882,FIBCD1,0.41322914
3883,AC048382.6,0.71194714
3884,STC1,0.5207307
3885,TP53I11,0.5116308
3886,PLCD3,0.55423576
3887,CEBPA,0.40405163
3888,HIST1H2AA,0.50207406
3889,AC007262.2,0.74171686
3890,CNTNAP1,0.72761613
3891,GPR62,0.6488104
3892,RIMS4,0.3687904
3893,NPRL3,0.5843251
3894,SMTN,0.59577316
3895,FPR1,0.6968169
3896,NCR1,0.7547237
3897,HTR4,0.6539548
3898,PYCRL,0.55828327
3899,CSF3R,0.5381864
3900,SLIT1,0.5575251
3901,NFAM1,0.6760688
3902,KCNA2,0.5842569
3903,UAP1L1,0.40888777
3904,AXIN2,0.6424783
3905,CNNM2,0.45164096
3906,DOCK8,0.73770857
3907,ZNF276,0.49735582
3908,PIEZO1,0.5483556
3909,AC104574.2,0.7122874
3910,ZNHIT2,0.58953685
3911,NBL1,0.6893428
3912,TP53TG5,0.67288977
3913,ITGB2,0.73469996
3914,MINDY2,0.6706464
3915,LAMA5,0.5556744
3916,PRODH2,0.72985595
3917,INTS1,0.489916
3918,TMEM159,0.61709875
3919,WISP2,0.6267643
3920,AC003958.2,0.7128537
3921,RBM10,0.6583244
3922,FAM241A,0.57574123
3923,NAP1L4,0.7293933
3924,TRAF2,0.5019285
3925,C10ORF82,0.6874369
3926,LUC7L3,0.55430377
3927,FCN2,0.64128745
3928,PEX16,0.6168453
3929,MRM1,0.3468518
3930,TRAFD1,0.48044193
3931,FCRLA,0.63329893
3932,CYSRT1,0.47435352
3933,PRPF8,0.52690756
3934,DHRS4,0.43157443
3935,AC020741.1,0.71414155
3936,TRIO,0.550409
3937,PGC,0.50164133
3938,ABRAXAS1,0.5083416
3939,PCDHA5,0.7016127
3940,CLDN18,0.72319794
3941,NOX1,0.6191252
3942,ACTN1-AS1,0.7122037
3943,H6PD,0.59188396
3944,KLHDC3,0.4181982
3945,SPEF1,0.46390033
3946,SIGLEC11,0.7052326
3947,PLAU,0.6549092
3948,FAM24A,0.69628567
3949,OR4C13,0.7056261
3950,KDM7A,0.57187647
3951,AC008780.1,0.5500817
3952,IFNL2,0.6763759
3953,KLF15,0.58054423
3954,CAPN1,0.6045732
3955,CSDC2,0.58385605
3956,DCAF12L1,0.6889464
3957,LRRC7,0.71019334
3958,PPM1F,0.5733238
3959,SH3PXD2B,0.5467208
3960,PTF1A,0.6997505
3961,DTX2,0.5490467
3962,CEP68,0.64944834
3963,AMHR2,0.7009682
3964,SPON2,0.68893677
3965,MAST2,0.5529076
3966,MEOX2,0.5508814
3967,TRPM4,0.70177096
3968,ZNF791,0.6190919
3969,AC009879.4,0.6126055
3970,FCHO2,0.680196
3971,NCOR1,0.46098927
3972,BTN3A1,0.5946143
3973,PRRT2,0.51963556
3974,ZNF853,0.5161409
3975,MPDU1,0.42836702
3976,HSD17B14,0.5641949
3977,CTSW,0.72558814
3978,RORB,0.6936016
3979,FOXH1,0.25658205
3980,HOOK2,0.76129943
3981,FCMR,0.52089983
3982,RANGRF,0.47121236
3983,TSC1,0.65698916
3984,ATOH1,0.73849946
3985,ERI3,0.6305434
3986,AC090559.2,0.6573384
3987,MAP2K7,0.5161476
3988,MT1B,0.6392631
3989,PAX2,0.5748215
3990,PYHIN1,0.7181553
3991,GPR4,0.7834849
3992,ANKRD31,0.6835789
3993,LINC01091,0.73909646
3994,RPS6KA2,0.6491447
3995,KIAA2012,0.69102985
3996,CXCL6,0.54921466
3997,GNB5,0.5966015
3998,SLC16A5,0.49075523
3999,CACNA1S,0.7041412
4000,PLEKHG3,0.6447823
4001,SEL1L2,0.69749355
4002,LRRIQ1,0.63984805
4003,AC010976.2,0.6967823
4004,SYK,0.63775927
4005,SULF2,0.4420763
4006,NLGN2,0.5975689
4007,AL158055.1,0.71236056
4008,GTF3C1,0.6317893
4009,IFITM2,0.5805063
4010,TBC1D13,0.51271063
4011,UNC5A,0.44701934
4012,PRCD,0.7547416
4013,CEND1,0.71879786
4014,LEMD2,0.56655675
4015,ABAT,0.6166388
4016,LRRC23,0.585188
4017,APEH,0.564383
4018,BIRC3,0.6587348
4019,NTRK1,0.6125624
4020,KLF9,0.6687598
4021,ACSM6,0.6354928
4022,EFCC1,0.5427714
4023,SMOC2,0.092626624
4024,FBXW5,0.42857027
4025,SYNC,0.5595844
4026,CCDC187,0.59745234
4027,RGAG4,0.6944578
4028,FAAP100,0.48588097
4029,RCAN2,0.8177001
4030,TBC1D9,0.617642
4031,AP001042.1,0.7171409
4032,C14ORF37,0.6564127
4033,SPATA20,0.4968122
4034,PLEKHG2,0.56565744
4035,ADM,0.46714392
4036,ASMT,0.751393
4037,SCD,0.5723338
4038,RNF167,0.6124463
4039,CFAP74,0.6911747
4040,TBX15,0.7511916
4041,SSTR3,0.6769343
4042,MEGF8,0.46077242
4043,IGLV1-51,0.66491663
4044,CD180,0.69116217
4045,SHKBP1,0.52111524
4046,SAMD15,0.6493035
4047,RDH5,0.6676836
4048,PPP1R37,0.5496769
4049,RNF180,0.6775236
4050,SLC25A41,0.7157149
4051,AC016949.1,0.7423542
4052,SKAP1,0.57136625
4053,RAB34,0.55916893
4054,FAT3,0.7312267
4055,ERVE-1,0.6852546
4056,HIST1H2AL,0.47634253
4057,NELFB,0.47627795
4058,TNFRSF13C,0.5006812
4059,DPEP1,0.5818794
4060,SAMD9,0.7276037
4061,ST3GAL2,0.70324683
4062,NLRP13,0.65978426
4063,CTSH,0.47648534
4064,KIAA1210,0.64343685
4065,ATP5H,0.5798405
4066,RNF170,0.68829507
4067,EMILIN3,0.37617627
4068,VGLL4,0.6402349
4069,BLOC1S1,0.5926153
4070,FITM1,0.6927945
4071,OR14A2,0.71500707
4072,SKI,0.59827846
4073,FAM101A,0.6951608
4074,EFHC1,0.6591606
4075,CTSL,0.6073066
4076,AL049838.1,0.7250576
4077,PBX2,0.5350072
4078,N4BP2L1,0.67361
4079,RNF113B,0.6594787
4080,PARM1,0.556246
4081,FAM57B,0.6863518
4082,LRPAP1,0.58537173
4083,C21ORF2,0.6166396
4084,NLRC3,0.82086325
4085,LINC00989,0.7066572
4086,LYZL2,0.70539886
4087,ZNF668,0.4529158
4088,C6ORF48,0.5179805
4089,COL21A1,0.4742179
4090,EFCAB10,0.26374957
4091,IFNA6,0.6584304
4092,C22ORF46,0.5731278
4093,ZFYVE1,0.56898075
4094,CCN2,0.61031526
4095,COLQ,0.68694806
4096,LINC01252,0.6950824
4097,DNMBP,0.6399892
4098,LRP10,0.46119228
4099,SDCCAG8,0.5956705
4100,LPCAT4,0.5956364
4101,CYP4F12,0.3729465
4102,OSBPL5,0.54724103
4103,CAMSAP3,0.74623585
4104,GUCY2C,0.6993935
4105,RAB26,0.50005484
4106,ABI3,0.8342946
4107,UPK1B,0.35153985
4108,AP000550.1,0.67784995
4109,KIAA1033,0.6063493
4110,SYNGAP1,0.6381952
4111,AC093702.1,0.6683423
4112,TMEM86B,0.6646872
4113,SOX3,0.71034974
4114,BAAT,0.7429251
4115,GIGYF1,0.49549577
4116,IL20RA,0.36341572
4117,ZNF358,0.5319399
4118,GRIPAP1,0.53049153
4119,CCDC142,0.7347934
4120,YLPM1,0.5744192
4121,KRT4,0.36236224
4122,AL139317.5,0.7061526
4123,AC109809.1,0.6956032
4124,CLIC2,0.74923533
4125,GPR139,0.70706695
4126,AL109659.2,0.6678495
4127,MPG,0.56688476
4128,THAP3,0.5410647
4129,AKR1A1,0.5550813
4130,PMEL,0.6016075
4131,IL12RB1,0.741882
4132,IFI27L2,0.57308257
4133,PRDM8,0.7182055
4134,DCAF5,0.6573697
4135,TMEM240,0.6151839
4136,N4BP2,0.7075655
4137,AC010809.3,0.64053786
4138,DYNAP,0.6364464
4139,SPRED3,0.4275835
4140,CLNK,0.7111051
4141,NUDT22,0.5582637
4142,VWA3A,0.66572183
4143,SCNN1B,0.3955072
4144,MTRNR2L1,0.4932042
4145,PSPN,0.69407463
4146,MYSM1,0.7350996
4147,CFHR3,0.7023118
4148,KCTD2,0.58811677
4149,C1ORF106,0.5816912
4150,GPR108,0.58319956
4151,GSG1,0.7144607
4152,SSPN,0.6499236
4153,SLC38A2,0.38896585
4154,SCNN1A,0.54067725
4155,PTDSS2,0.54986304
4156,WNT9A,0.43586054
4157,PRCP,0.44387755
4158,SPHK2,0.5044097
4159,MB21D1,0.6853264
4160,AHSA2,0.5317361
4161,TNK2,0.48754036
4162,KERA,0.69828635
4163,AC020656.2,0.7246926
4164,ALLC,0.69608885
4165,WDR93,0.63427436
4166,DPYSL5,0.40056416
4167,ZNF397,0.7083516
4168,SLC22A14,0.7335536
4169,KIAA0391,0.6514416
4170,LINC00963,0.37700534
4171,FKBP15,0.5759325
4172,GRK6,0.5600189
4173,KIAA1524,0.6975965
4174,PHGR1,0.35432497
4175,GMPPA,0.49564433
4176,CYHR1,0.7101898
4177,UNC45A,0.6287656
4178,DLGAP4,0.3559848
4179,PIGU,0.4194248
4180,VPS11,0.5915484
4181,DRC7,0.67438906
4182,C9ORF142,0.41555724
4183,EFCAB13,0.61870044
4184,ACSBG1,0.38685665
4185,C16ORF96,0.7697315
4186,CCDC154,0.5134634
4187,COG2,0.61932063
4188,ALDH1A2,0.68288106
4189,LRFN2,0.5056616
4190,OR4C3,0.74796724
4191,MMP21,0.70269966
4192,HDAC6,0.5581673
4193,SPDYE3,0.6689132
4194,RASSF1,0.4686997
4195,TH,0.5856696
4196,BCORL1,0.5406446
4197,AC093292.1,0.63050956
4198,CLCNKB,0.64981943
4199,OR13G1,0.7114423
4200,PRPF40B,0.62798434
4201,IL6ST,0.47780022
4202,CARD8,0.61041623
4203,AC006942.1,0.6551934
4204,MMS19,0.45955673
4205,NR2F2,0.55113286
4206,GJA1,0.5205856
4207,ABCC3,0.5156488
4208,PRR22,0.4009744
4209,FGL2,0.74054223
4210,HNRNPA1L2,0.5963369
4211,RFTN1,0.6356516
4212,CNR2,0.731911
4213,GIMAP5,0.78486514
4214,CD160,0.670791
4215,CARM1,0.4420769
4216,OPN1SW,0.7048907
4217,LINC02397,0.6885004
4218,TMEM173,0.6823538
4219,HTRA4,0.67174363
4220,TRAPPC12,0.5823117
4221,SPEF2,0.6696194
4222,POU6F1,0.70955706
4223,MAATS1,0.5800869
4224,SLC25A11,0.6400017
4225,PLGLB2,0.60702014
4226,ARHGEF16,0.59206253
4227,ZDHHC11B,0.45204282
4228,DDRGK1,0.61935616
4229,NAPSA,0.6223645
4230,ZNF280D,0.6328667
4231,PARVB,0.57863736
4232,HOOK3,0.67112404
4233,SPOP,0.54697824
4234,KRT74,0.616904
4235,KLHL1,0.6557502
4236,PKD1L1,0.71971875
4237,TPM2,0.52163297
4238,ZC3H12B,0.6696169
4239,SIK3,0.6119794
4240,TFAP2B,0.47930732
4241,ADGRG5,0.7011826
4242,AAAS,0.47041476
4243,DHX58,0.5296015
4244,ARRDC5,0.7207437
4245,DGKQ,0.49664536
4246,ECHDC2,0.7081706
4247,HGC6.3,0.6695883
4248,LRRC75A,0.37001517
4249,IL13,0.70854515
4250,LINC01485,0.68440086
4251,LRRC52,0.71757174
4252,NFKBIA,0.4688727
4253,TP53I3,0.4701605
4254,TM4SF20,0.69481206
4255,MAPKBP1,0.6162014
4256,ZNF414,0.5341868
4257,FBXW9,0.605447
4258,AC027279.1,0.6856311
4259,STOML1,0.51497465
4260,AKT1S1,0.53040767
4261,TFIP11,0.5167776
4262,CACNA2D2,0.5345923
4263,TEX37,0.7320733
4264,AC016907.2,0.7306853
4265,KIF1C,0.5946037
4266,TMEM25,0.6947663
4267,LRRN3,0.57741076
4268,MIR663AHG,0.4812974
4269,SPOCK2,0.68910986
4270,PCSK7,0.412248
4271,CTBP1,0.6244034
4272,KLRD1,0.79061145
4273,ENPEP,0.70674056
4274,FBXO47,0.7206641
4275,ADCK3,0.49731955
4276,GAB3,0.76586294
4277,NR4A2,0.44927153
4278,MMEL1,0.30062866
4279,PRPF19,0.74053305
4280,LTF,0.47366083
4281,AL136419.3,0.68202156
4282,SPRR2A,0.44854328
4283,DCAF8L2,0.69970036
4284,ELK3,0.7768235
4285,GTF2H2C,0.561199
4286,FAM86B2,0.67455274
4287,RFX6,0.6554375
4288,SLC43A2,0.47012112
4289,ACOT6,0.6793361
4290,AL023881.1,0.68143946
4291,ENTPD6,0.69236773
4292,PLIN5,0.3167803
4293,GPR152,0.6970245
4294,CDK5RAP3,0.57157296
4295,PSG2,0.7231052
4296,CLN8,0.663929
4297,MON2,0.6665461
4298,PLXNB1,0.76569694
4299,ABCG4,0.70330495
4300,PAN2,0.6559127
4301,POTEM,0.6788969
4302,FAM69B,0.43218717
4303,SCTR,0.70434946
4304,FLACC1,0.7075553
4305,KLC4,0.6121776
4306,URM1,0.5317622
4307,FAAP20,0.42660668
4308,PLCH2,0.26803336
4309,SCIN,0.6985716
4310,ANKRD10,0.5196261
4311,EPHA10,0.26824126
4312,NSD1,0.5667305
4313,GSTZ1,0.5202014
4314,AC079298.3,0.71909267
4315,ICOS,0.64182264
4316,NCBP3,0.6767042
4317,C10ORF35,0.6064097
4318,LINC01420,0.50581133
4319,MED25,0.6418593
4320,SEPT10,0.6506098
4321,PCDH15,0.6537607
4322,SHC1,0.568408
4323,CXXC1,0.52649266
4324,KMT5C,0.440583
4325,RECQL5,0.49736515
4326,RFX2,0.65216905
4327,UBASH3A,0.72489005
4328,KLC2,0.5154187
4329,PPP5C,0.6836446
4330,MTA1,0.73092526
4331,PIAS4,0.68973064
4332,ROCK2,0.66930133
4333,PPP6R2,0.70418453
4334,EDN1,0.499796
4335,MMP13,0.65755504
4336,TNC,0.42336848
4337,CCDC97,0.5652987
4338,DMXL2,0.71212673
4339,CCL4,0.62114626
4340,TEPSIN,0.42164442
4341,SMAD9,0.73326
4342,NXF1,0.60018593
4343,EDA2R,0.68073446
4344,LINC00907,0.72184366
4345,GPNMB,0.54735017
4346,FES,0.62782604
4347,IFIT2,0.38897452
4348,CCDC107,0.48394915
4349,ZHX3,0.64713854
4350,LINC02247,0.70100313
4351,RSAD2,0.45327374
4352,CHST1,0.51752794
4353,MIIP,0.56662816
4354,PTPRE,0.7281079
4355,CDH23,0.58990246
4356,VPS4A,0.595467
4357,SKIV2L2,0.5955321
4358,AC011298.1,0.6230686
4359,AC008268.1,0.5499242
4360,PPARG,0.5719479
4361,IQGAP1,0.555885
4362,RFX8,0.69500226
4363,PHACTR2,0.6929744
4364,CXORF21,0.756526
4365,PROZ,0.6733182
4366,NAT8,0.70254374
4367,CAPZA3,0.713587
4368,HEPH,0.63686275
4369,CD53,0.804008
4370,HIST2H2AC,0.5437677
4371,MOV10,0.51785713
4372,AC021752.1,0.7365803
4373,NID2,0.8066539
4374,AC006213.2,0.69416016
4375,TVP23A,0.49245897
4376,GPSM1,0.5047162
4377,FCRL2,0.7153047
4378,ZNF783,0.5012286
4379,DDHD1,0.6103913
4380,SHPRH,0.6609761
4381,EIF3D,0.63873273
4382,SLC29A4,0.4353859
4383,MAST4,0.572871
4384,NDUFA10,0.6876326
4385,GRM5,0.6853822
4386,SETX,0.6920536
4387,FAM96B,0.4370227
4388,FAM45A,0.6074601
4389,PMEPA1,0.41092658
4390,GRAP2,0.7253522
4391,KRTAP3-3,0.75428647
4392,TLE3,0.6154224
4393,AVPR1A,0.78137475
4394,GPR35,0.63012356
4395,NOC4L,0.49298024
4396,NUGGC,0.727427
4397,CSPG4,0.51075536
4398,ASB6,0.64156836
4399,CARMIL2,0.537746
4400,CT62,0.5516173
4401,ISM1,0.5896359
4402,SLC38A6,0.65761185
4403,HP,0.49470654
4404,CD300A,0.69226664
4405,VWC2L,0.70996124
4406,PRPF39,0.69119304
4407,KLF16,0.5150787
4408,TCP11L2,0.5988787
4409,RHOXF1,0.6676262
4410,DIRC1,0.77225333
4411,TBC1D22A,0.49651718
4412,C6ORF47,0.5407559
4413,FCGR1A,0.6136577
4414,KLK15,0.7153988
4415,CABIN1,0.5753671
4416,FAM84A,0.62843996
4417,DCD,0.30698422
4418,ZNF808,0.553191
4419,NRP1,0.69303316
4420,HDAC11,0.5863789
4421,KAT6A,0.6248681
4422,IGKV4-1,0.40166998
4423,COL4A3,0.7117854
4424,MSR1,0.7139028
4425,CARHSP1,0.52566475
4426,SBF1,0.51650935
4427,ARMC7,0.48111495
4428,GRK5,0.7452294
4429,TESPA1,0.7303209
4430,CSMD3,0.5111926
4431,ANO3,0.6919146
4432,TSNAXIP1,0.6104771
4433,MAGEB10,0.7091798
4434,MYO15A,0.6445538
4435,SELK,0.63721395
4436,DENND1A,0.5013497
4437,C15ORF57,0.65287703
4438,TCEB3,0.5820653
4439,LINC02688,0.68491316
4440,DICER1,0.67944866
4441,SELENOO,0.5533243
4442,PLA2G15,0.55814666
4443,RFNG,0.523493
4444,BTBD17,0.67922527
4445,AF230666.2,0.6907818
4446,ADGRG3,0.60576624
4447,LRRTM1,0.7137583
4448,PPP1R32,0.47346267
4449,AL590302.1,0.7118209
4450,JSRP1,0.51486295
4451,TCIRG1,0.54579127
4452,ISG20,0.6011819
4453,ATP2C2,0.46037146
4454,AC008063.1,0.73241425
4455,DAB1,0.6378887
4456,AC005632.3,0.72566766
4457,AC020663.3,0.74564177
4458,KIAA0232,0.64025396
4459,SARM1,0.41888443
4460,GTPBP1,0.5511071
4461,NEK10,0.5731086
4462,CCDC102B,0.8010089
4463,MYCBPAP,0.53726
4464,TLDC1,0.5848253
4465,ASB18,0.70034367
4466,WNT4,0.41322026
4467,LRRC25,0.7366316
4468,TMEM219,0.6580562
4469,IFT122,0.6460903
4470,AC009120.5,0.70990086
4471,PI4K2A,0.540803
4472,MMP28,0.77491933
4473,SELENOP,0.29046437
4474,CHAD,0.5021706
4475,CCL11,0.7061048
4476,FGF1,0.57928795
4477,CCDC191,0.63400036
4478,MON1A,0.52111185
4479,IRF8,0.7562662
4480,TMC6,0.5217138
4481,EEFSEC,0.48865068
4482,GPRC5A,0.6284987
4483,NXPE4,0.76283807
4484,EXOC3,0.42793337
4485,RBBP8NL,0.57503843
4486,SPATC1,0.7224695
4487,CASC1,0.59927684
4488,CEP295NL,0.6284879
4489,PCM1,0.6803066
4490,PRPF6,0.58857757
4491,ZNF154,0.71486306
4492,AL118505.1,0.72358006
4493,WDR46,0.61139864
4494,TMEM150A,0.59241956
4495,AC011450.1,0.7017095
4496,FOXP1-IT1,0.7024963
4497,PRRX1,0.86971647
4498,C12ORF43,0.5817647
4499,ASIP,0.7289346
4500,CFAP46,0.6075079
4501,HOGA1,0.72917324
4502,AC096921.2,0.740448
4503,FKBP8,0.4556428
4504,ADGRB2,0.39299488
4505,FOXD4L1,0.6409224
4506,SH3D21,0.5132214
4507,POSTN,0.6427811
4508,TSSC4,0.58578396
4509,ATXN2L,0.60047084
4510,AC093151.3,0.689316
4511,CRISP1,0.6530245
4512,SMN2,0.5528721
4513,ZC3H3,0.60387266
4514,AC078880.3,0.74427634
4515,IQCN,0.460243
4516,CYP4A22,0.68792576
4517,MRPL55,0.70915395
4518,NRG4,0.56329924
4519,TMEM233,0.67728275
4520,KLHDC1,0.66041183
4521,CCDC27,0.7128765
4522,TNRC18,0.7182903
4523,SPECC1,0.696059
4524,NMRK1,0.562353
4525,KRT35,0.67678714
4526,AC017048.3,0.63209033
4527,GPR132,0.7447434
4528,TXLNA,0.49580005
4529,FAM198A,0.6393971
4530,VPS13D,0.6937425
4531,LINC00861,0.70952034
4532,ZSWIM6,0.664895
4533,AC125807.2,0.7636392
4534,PORCN,0.48470822
4535,LGALS2,0.7029541
4536,GATA1,0.7129369
4537,FAAH,0.64778113
4538,AL591848.3,0.65078187
4539,PMFBP1,0.47868535
4540,MS4A4E,0.6894353
4541,ZNF106,0.6330493
4542,TRMT1,0.45361006
4543,MAL,0.6818831
4544,ATXN3,0.6656397
4545,HIST1H3J,0.69668466
4546,CAMK2N1,0.4673207
4547,ADD3-AS1,0.7013503
4548,APOL4,0.53881186
4549,SLC25A27,0.47913322
4550,ABHD17A,0.35161388
4551,MAGEB17,0.7083108
4552,NUDT16L1,0.66944355
4553,SPTBN4,0.38584423
4554,CCL3L1,0.47815552
4555,SLIT2,0.8099332
4556,NHLH2,0.6295118
4557,CACNA1A,0.5947642
4558,POPDC2,0.76190823
4559,AP003419.3,0.4984145
4560,ABCC12,0.61931723
4561,SPRR2E,0.6251306
4562,WHSC1,0.5859744
4563,DTX3,0.51419157
4564,SETDB2,0.7525039
4565,PDZD7,0.50604373
4566,ZAN,0.72067285
4567,ZNF821,0.55196947
4568,EPM2AIP1,0.63813096
4569,C21ORF62,0.7389941
4570,MUM1L1,0.7196496
4571,MPDZ,0.6462753
4572,OR2B2,0.66831416
4573,C1QTNF1,0.5057098
4574,SIK1,0.26634994
4575,METTL22,0.54845935
4576,ZNF324B,0.63386506
4577,TSPAN11,0.6815327
4578,RIPOR1,0.558078
4579,RRAD,0.4825555
4580,YIPF7,0.72488636
4581,TGFBI,0.6340916
4582,ABCD2,0.7706175
4583,SPINK7,0.6935327
4584,ZNF212,0.6266894
4585,ATXN2,0.6923577
4586,C2CD4B,0.55144346
4587,ADCK2,0.5530816
4588,B3GALT4,0.46486446
4589,SAMD9L,0.630058
4590,CLDN2,0.66897565
4591,EAF1-AS1,0.7206774
4592,ZNF660,0.7202483
4593,TAOK3,0.5972299
4594,DCTN1,0.61101526
4595,PCDH17,0.80183536
4596,EVI2B,0.8253042
4597,AC007336.1,0.7401457
4598,GRXCR1,0.7209821
4599,ZNF408,0.45215902
4600,CCDC106,0.53336483
4601,MIR3945HG,0.69341975
4602,WISP3,0.6773958
4603,SHROOM4,0.82704926
4604,AGTR1,0.48848334
4605,SECISBP2,0.697097
4606,AC100826.1,0.59214586
4607,TAF10,0.48635912
4608,ARRDC2,0.39994052
4609,NPHS2,0.6722395
4610,CNR1,0.71909046
4611,ANKDD1B,0.6987644
4612,RRS1-AS1,0.69911075
4613,PVRIG,0.7648859
4614,XPNPEP2,0.68176347
4615,MTMR9,0.6967364
4616,ARHGEF11,0.66970724
4617,MESDC2,0.5898128
4618,MSMP,0.68211174
4619,SNTB2,0.6223766
4620,AL022328.3,0.7503355
4621,AGR3,0.611581
4622,AC008883.3,0.6914961
4623,GUCY1B3,0.66583246
4624,RABGAP1L-IT1,0.7336163
4625,AL031663.3,0.61792535
4626,AC044802.1,0.6760359
4627,KLHL22,0.61365074
4628,SNHG14,0.50030285
4629,CXXC5,0.48891768
4630,UPP1,0.562265
4631,AC011407.1,0.73762465
4632,ZNF540,0.6695754
4633,GBF1,0.5483479
4634,GPATCH2L,0.6389481
4635,CLEC1A,0.7661603
4636,TNFAIP8L2,0.75206757
4637,PRKAB1,0.55572337
4638,TTC38,0.28781372
4639,GHSR,0.6635961
4640,PLCD1,0.628407
4641,MIXL1,0.67519075
4642,CLEC10A,0.7110615
4643,FXR2,0.61411816
4644,MYF6,0.66907936
4645,PRTG,0.61765045
4646,SEC31B,0.6746828
4647,PEMT,0.5319713
4648,MLXIP,0.5318529
4649,CDC14B,0.591445
4650,SLC25A45,0.66135037
4651,CNBD1,0.6644013
4652,FAM9C,0.68170315
4653,TMEM120A,0.53001523
4654,DKK3,0.6818082
4655,SH2D1A,0.75264984
4656,KRT39,0.7207079
4657,ZNF724,0.70750046
4658,LGI3,0.71240574
4659,KRT27,0.6928201
4660,CHD2,0.6260732
4661,CELA3A,0.71370107
4662,LYRM9,0.5927918
4663,DOCK4,0.6614221
4664,RAX2,0.71545655
4665,POMT2,0.5712044
4666,GADD45B,0.50541943
4667,PLXNC1,0.8550424
4668,TGM2,0.598543
4669,BHLHE41,0.513851
4670,HOXD10,0.6561985
4671,SYPL2,0.7430158
4672,AFF1,0.59767956
4673,BX005266.2,0.6539299
4674,C4ORF50,0.7274092
4675,BCL11B,0.7160817
4676,SULT1C2,0.6337016
4677,ANG,0.47397432
4678,DOT1L,0.43331647
4679,DAW1,0.67985994
4680,RNF157,0.48534456
4681,FRMD1,0.73890996
4682,IL18R1,0.75596166
4683,RAB5C,0.5239706
4684,MICU3,0.6836218
4685,TMPRSS11B,0.7054035
4686,ABL2,0.6450324
4687,ICA1L,0.6456917
4688,FNIP2,0.73400706
4689,VPS26B,0.41226253
4690,HOXC9,0.47873726
4691,GYS1,0.4962813
4692,SP110,0.66987485
4693,ERGIC1,0.5547154
4694,SMARCA4,0.67995995
4695,TMEM214,0.47828278
4696,ASIC2,0.7118654
4697,CTHRC1,0.5226747
4698,LRRC70,0.71570635
4699,NATD1,0.6169786
4700,DNAI1,0.61885244
4701,KIF25-AS1,0.65460825
4702,CIAO3,0.6280063
4703,AL121821.2,0.6668748
4704,FGF20,0.6521048
4705,KTN1,0.45977584
4706,CPZ,0.6925542
4707,BRD9,0.4217379
4708,TRIM22,0.7345886
4709,RIMBP3C,0.688498
4710,ILK,0.63129336
4711,VSX2,0.72191256
4712,FAM220A,0.52225304
4713,NPAS4,0.68742657
4714,PANK4,0.4897581
4715,SLC7A10,0.5639023
4716,RBM39,0.6422236
4717,TFDP3,0.68159443
4718,TPD52L2,0.6156943
4719,KCNJ13,0.65931
4720,SON,0.58978564
4721,GLTSCR1,0.6369396
4722,ARAF,0.4256873
4723,P4HTM,0.6096756
4724,KIAA1429,0.636045
4725,FOXD4L6,0.76559925
4726,LOR,0.7579062
4727,DNASE1L2,0.47638562
4728,KRT84,0.7471363
4729,CDH18,0.71377516
4730,GPBAR1,0.7556808
4731,GLIS1,0.6940327
4732,HPS1,0.5363383
4733,SGK223,0.6032539
4734,NAV1,0.58297384
4735,TECTA,0.67329526
4736,THSD1,0.76268476
4737,AC021683.2,0.629765
4738,NRXN3,0.68364936
4739,ZNF771,0.5528511
4740,RHOG,0.6557036
4741,KRT15,0.48429373
4742,RESF1,0.6775754
4743,C10ORF2,0.5890727
4744,TEX47,0.6598003
4745,TMEM134,0.62889546
4746,AC027808.2,0.6942129
4747,CEP120,0.68451834
4748,HIST1H2AI,0.39452553
4749,B3GNT4,0.46903548
4750,PERM1,0.61676544
4751,ANKZF1,0.57564706
4752,TAZ,0.5359443
4753,CNPY3,0.43128064
4754,AC079015.1,0.6812062
4755,SORCS1,0.59241813
4756,HARS,0.5319325
4757,FAM234A,0.55792767
4758,CD48,0.7585749
4759,LGALS4,0.68388826
4760,MYH10,0.6281769
4761,CDX1,0.73177075
4762,DPEP2,0.763768
4763,CDC34,0.60987824
4764,PTPN23,0.6247795
4765,CCDC102A,0.48502865
4766,AC005906.2,0.69016474
4767,LRRC74A,0.70457816
4768,MAP3K10,0.5193278
4769,SPAG17,0.6589466
4770,SLC4A9,0.7113183
4771,PSMB8-AS1,0.3417066
4772,OR2C3,0.73478633
4773,LASP1,0.27695784
4774,ARVCF,0.6914043
4775,CAMKK1,0.40078202
4776,CYP1B1-AS1,0.658096
4777,AC015819.2,0.7189352
4778,AC110285.2,0.45350465
4779,TUBA3C,0.5195913
4780,NEK3,0.6532442
4781,REM1,0.6036511
4782,UBXN6,0.4846541
4783,SESN1,0.585371
4784,BBX,0.5788322
4785,MIGA2,0.4695185
4786,AL359397.2,0.544703
4787,VPS13A,0.68492156
4788,IQCJ,0.7100623
4789,SMCR2,0.61617726
4790,TMEM247,0.70844626
4791,CCDC18-AS1,0.6461325
4792,KIAA1468,0.59563094
4793,SLC25A18,0.48371089
4794,DAGLB,0.54914707
4795,FAM90A26,0.68475455
4796,WIPF2,0.59597224
4797,AC010247.1,0.68754554
4798,FLG,0.7275228
4799,ASAP1-IT2,0.7176022
4800,ZNF787,0.5399266
4801,DDX49,0.63871855
4802,IL17F,0.7000353
4803,LINC02600,0.69011265
4804,MAS1L,0.7371754
4805,JUNB,0.41983783
4806,TMEM2,0.60224223
4807,FZR1,0.64865273
4808,ARHGDIB,0.43705305
4809,GOLGA6L10,0.4639661
4810,P2RY6,0.5487448
4811,STMN3,0.53555435
4812,DSCAML1,0.6812256
4813,ANKRD42,0.61243117
4814,ZNF224,0.65210724
4815,CA12,0.5659459
4816,CUX2,0.69729924
4817,SATL1,0.55426866
4818,CLIC6,0.49003682
4819,SCYL1,0.60600156
4820,C19ORF71,0.7223692
4821,ZNF324,0.6229405
4822,GLB1,0.5180811
4823,TMED6,0.6998723
4824,AC025423.4,0.6868305
4825,GSTA3,0.6966489
4826,TMPRSS9,0.70047474
4827,WISP1,0.63573545
4828,CRACR2B,0.74463123
4829,APOLD1,0.65187174
4830,LINC01684,0.7374317
4831,CAPN13,0.52418244
4832,PCDH1,0.50712675
4833,SCAF11,0.58687466
4834,PCDHA4,0.69060713
4835,SESN2,0.5996739
4836,PGLS,0.56778544
4837,AC139099.1,0.675847
4838,RAB3B,0.40752897
4839,DMBX1,0.58528537
4840,CCL4L2,0.6317697
4841,FP565260.3,0.3857409
4842,MYO5A,0.70261735
4843,AFP,0.55923915
4844,AC010247.2,0.73570746
4845,NECAB3,0.566853
4846,AP002957.1,0.6709035
4847,ZNF580,0.5690586
4848,LINC02169,0.63067436
4849,CEACAM4,0.74056596
4850,LENG8,0.61241645
4851,OR6Q1,0.7059171
4852,KLHL4,0.6850341
4853,TRAK2,0.44054246
4854,SLAMF8,0.78357965
4855,RAB30,0.63526404
4856,MLPH,0.5834065
4857,RBM26,0.4920868
4858,NMT1,0.55565184
4859,MAP1LC3A,0.47993946
4860,OGDH,0.4660132
4861,PRKG1,0.6314648
4862,C11ORF31,0.5696447
4863,DLL4,0.71720654
4864,KAZALD1,0.3975753
4865,CHRNA2,0.6862926
4866,ARHGEF10,0.5985601
4867,HMG20B,0.62320894
4868,SNAPC2,0.43053937
4869,NKX2-4,0.7471016
4870,SYT16,0.64193845
4871,PDZK1,0.3252506
4872,AC233266.2,0.621062
4873,BTG1,0.50087523
4874,GNB1L,0.577424
4875,CYP4Z1,0.23225774
4876,TEX36,0.6974633
4877,CHCHD6,0.58146805
4878,C20ORF24,0.6419774
4879,AC107223.1,0.7628785
4880,KCNIP1,0.73492074
4881,ST3GAL3,0.3558195
4882,SEMA3F,0.5955715
4883,FAH,0.5582581
4884,AC110597.1,0.7078554
4885,SP100,0.61884797
4886,HSD3B7,0.4541711
4887,MFAP5,0.6597274
4888,DENND6A-DT,0.7252226
4889,DLGAP3,0.5673813
4890,ZNF837,0.45173767
4891,C10ORF105,0.64228207
4892,NUCB1,0.59984523
4893,FBRSL1,0.717602
4894,CRTC2,0.5697151
4895,MMP2-AS1,0.56098294
4896,TMEM205,0.38898656
4897,LGI1,0.6872136
4898,RGS22,0.3834215
4899,IL21R,0.6940949
4900,AC092354.2,0.68405944
4901,C7ORF55,0.58513874
4902,CLCN6,0.6963901
4903,ADRA1A,0.6964655
4904,CASC5,0.6824662
4905,FAM180B,0.7101069
4906,ACCS,0.5170172
4907,DPYSL2,0.62849337
4908,ARRDC1,0.68453556
4909,SPTB,0.68498397
4910,GLYCTK,0.5499578
4911,GNS,0.5111024
4912,HMHB1,0.70765257
4913,AC136475.9,0.7516605
4914,NPFFR2,0.6959047
4915,ZNF479,0.77601737
4916,RNF40,0.6128464
4917,GPD1L,0.6601631
4918,FSD2,0.5219303
4919,CPLANE1,0.6872265
4920,IL1R1,0.59358126
4921,RARA,0.5270209
4922,RABEP1,0.66005784
4923,LIMK1,0.53146297
4924,ATP1A3,0.69447136
4925,TPH1,0.6766315
4926,AC092903.2,0.7061701
4927,NOX4,0.7304771
4928,ACMSD,0.658137
4929,PTAFR,0.7694476
4930,AGTRAP,0.53641444
4931,AFF2,0.5444521
4932,GSC,0.4907348
4933,KCNAB2,0.7133134
4934,IGHV1-24,0.6582818
4935,LINC02280,0.6503825
4936,TRAF3IP3,0.5841243
4937,TTBK2,0.7395384
4938,NSRP1,0.6605494
4939,KCNK16,0.7199773
4940,DYNC1H1,0.62868315
4941,AC005523.1,0.7397561
4942,CCDC146,0.67000866
4943,WBSCR22,0.5515738
4944,PLEKHD1,0.55002224
4945,SLC26A1,0.6171692
4946,THAP4,0.55774444
4947,AC005740.4,0.67854613
4948,PRICKLE4,0.60878205
4949,TCTEX1D1,0.7123793
4950,G6PC3,0.46749213
4951,ZNF835,0.60923994
4952,C3ORF84,0.7066784
4953,AC004775.1,0.67602605
4954,OR8A1,0.7297783
4955,GIPC2,0.6913462
4956,MMP17,0.42343628
4957,AL158211.4,0.62770426
4958,SPRR2D,0.6261599
4959,RIN1,0.4301622
4960,CNTRL,0.6582437
4961,OR4D11,0.72044677
4962,FAM208B,0.5830304
4963,FN3K,0.43684432
4964,NAT1,0.53987473
4965,PLD2,0.58072895
4966,PNOC,0.71116525
4967,HIST1H2BO,0.5632975
4968,PADI1,0.642234
4969,POLR3A,0.56501865
4970,KRIT1,0.6118043
4971,ZNF676,0.6438966
4972,ADAMTS18,0.7406044
4973,AGPAT4,0.615052
4974,THRA,0.2885464
4975,IGKV1-6,0.7089116
4976,LINC00844,0.65620416
4977,AC120036.4,0.6941326
4978,GDF5OS,0.6644127
4979,MRTFA,0.51511484
4980,TAP1,0.39801112
4981,BCL7C,0.5365381
4982,RNASE9,0.7107901
4983,DCP1A,0.68418723
4984,ID1,0.5985789
4985,TNFAIP2,0.5480675
4986,METRNL,0.40875864
4987,IGLC2,0.6028371
4988,IFIT3,0.49014428
4989,CEP350,0.6379774
4990,ENPP1,0.5557815
4991,LINC01142,0.6579346
4992,HERC3,0.60159343
4993,WDR90,0.70999384
4994,KIF13B,0.5563898
4995,PTGES2,0.64577776
4996,HOXC6,0.5998995
4997,WBP1L,0.48452988
4998,PFKFB1,0.74225473
4999,PILRA,0.64834476
5000,CYP4V2,0.48899674
5001,SLC12A9,0.5487066
5002,PKD2,0.6770294
5003,GSTK1,0.5286333
5004,AC015726.1,0.6675687
5005,AANAT,0.7263401
5006,GUCY1A2,0.6940698
5007,CYP3A4,0.7218301
5008,TRHDE-AS1,0.6247839
5009,PTRF,0.6324124
5010,PLK5,0.6755924
5011,LOXL1,0.73158073
5012,PDZD4,0.48915982
5013,RPS6KA4,0.5049017
5014,PRR36,0.41529456
5015,KRT32,0.6865113
5016,POLD2,0.7537938
5017,KRTAP5-2,0.6642265
5018,ZNF732,0.69381213
5019,GPR137,0.5377849
5020,MSRB1,0.5637134
5021,NRIP1,0.534523
5022,FAM208A,0.5939097
5023,SPDYE4,0.6871641
5024,PABPC5,0.66425884
5025,OR1I1,0.66622645
5026,DOC2B,0.54274195
5027,PDCD4,0.6184311
5028,ATP5EP2,0.5906952
5029,CYP2E1,0.6528874
5030,SLC25A1,0.7152149
5031,CASKIN2,0.50027204
5032,SEMA7A,0.6849999
5033,STPG3,0.6706639
5034,TDRD10,0.66826415
5035,HIGD1B,0.7219896
5036,LUZP1,0.7180572
5037,ZNF219,0.56425613
5038,TREML4,0.7191751
5039,OCEL1,0.4227947
5040,CCIN,0.7055636
5041,VWA5B2,0.33600155
5042,SPATA31A1,0.71143156
5043,ADGRL1,0.50581694
5044,TDRD6,0.6513439
5045,PLA2G4C,0.609855
5046,NPLOC4,0.6861952
5047,AL158163.2,0.627351
5048,SEMA6D,0.5893206
5049,SOCS3,0.59018296
5050,FAM69A,0.64189285
5051,BPIFB1,0.25528786
5052,GPS1,0.7087598
5053,RAD54L2,0.62238574
5054,ODF2L,0.6825474
5055,OR10H5,0.67891264
5056,GGN,0.66857654
5057,LINC00954,0.6789581
5058,LZTR1,0.53004
5059,CDON,0.5628736
5060,ARRDC3,0.45871055
5061,AC104806.2,0.6012152
5062,TMEM86A,0.5769295
5063,MLH3,0.6726222
5064,CNRIP1,0.8314889
5065,HIST1H3F,0.6648659
5066,TAFA1,0.7227208
5067,DUSP3,0.5694292
5068,IGHMBP2,0.6534423
5069,FAM209A,0.72106904
5070,DHRS13,0.5221364
5071,PRMT8,0.6763807
5072,RFWD2,0.5574384
5073,AC025171.2,0.7231098
5074,IL18,0.6165741
5075,AC025031.4,0.71886235
5076,CXORF66,0.6915183
5077,F2,0.7356174
5078,FAM127A,0.55362326
5079,AC023794.3,0.6741727
5080,MPRIP,0.6447515
5081,IL13RA1,0.611888
5082,FAM151A,0.6983736
5083,CCDC181,0.68376446
5084,ATP5F1,0.6670019
5085,AC055764.2,0.71690226
5086,XKR4,0.6521936
5087,TMEM236,0.69989496
5088,ESPNL,0.6877362
5089,P3H4,0.48547164
5090,IGHEP1,0.68522286
5091,KLHL17,0.49462497
5092,HPX,0.32880554
5093,C1ORF122,0.5824032
5094,OR6M1,0.68839073
5095,TARS2,0.5432522
5096,C2ORF83,0.70829827
5097,HDAC7,0.5502029
5098,CCDC42,0.6841285
5099,CES1,0.33880654
5100,SLC39A5,0.6205843
5101,ORAI3,0.47735396
5102,FAM64A,0.66641074
5103,LINC01962,0.7131488
5104,KLRF1,0.67189044
5105,AC105345.1,0.6885309
5106,PHF8,0.67573327
5107,PCDHAC1,0.71533006
5108,HIST1H2AH,0.6212558
5109,CCNO,0.4907521
5110,PIFO,0.4989117
5111,CDK5R2,0.6946423
5112,ZDHHC14,0.62202555
5113,NHLRC3,0.6342395
5114,IGIP,0.6365126
5115,USP8,0.6087492
5116,TMEM221,0.69392663
5117,HOXD12,0.6543408
5118,PWWP3A,0.505825
5119,IGKV1-5,0.6523395
5120,NOTO,0.69864416
5121,GM2A,0.51851636
5122,FSTL4,0.5838416
5123,ZBTB37,0.6618699
5124,PPP1R9B,0.6157804
5125,CHGB,0.73459953
5126,CENPB,0.54339135
5127,FCRL3,0.700655
5128,ELFN1,0.7739448
5129,ROCK1,0.5612216
5130,AC099568.1,0.7154517
5131,AL136295.2,0.61918247
5132,TNFRSF18,0.3712213
5133,SCIMP,0.68767214
5134,EPX,0.6794283
5135,DLST,0.5984849
5136,REXO4,0.6164399
5137,MS4A14,0.74074906
5138,UBALD2,0.55234104
5139,GNGT1,0.5847264
5140,SPINT3,0.6469154
5141,PNMA8C,0.7118493
5142,FAHD2B,0.6186127
5143,FAM107A,0.5333717
5144,TYR,0.6436328
5145,TJP3,0.5778644
5146,APPL2,0.59942144
5147,AC245060.6,0.76034117
5148,UGCG,0.58440346
5149,NEDD4,0.6854655
5150,TEKT4,0.531262
5151,AC124016.2,0.62362283
5152,SPEG,0.5014452
5153,CEBPD,0.48136294
5154,ARHGAP24,0.8046848
5155,OR52D1,0.74314743
5156,LINC02273,0.7032775
5157,DDX51,0.5146303
5158,METTL10,0.6309841
5159,H2BFWT,0.73121524
5160,IRF3,0.48991826
5161,PAPD4,0.592352
5162,C4ORF51,0.6933338
5163,FOXN1,0.54899013
5164,AC012065.4,0.6668949
5165,CX3CR1,0.43889642
5166,LDLRAD1,0.6186029
5167,AC003101.2,0.6494761
5168,MN1,0.6495855
5169,CDRT15L2,0.67902964
5170,INSL3,0.7433663
5171,AL033519.4,0.60273963
5172,WRAP53,0.61787087
5173,TYRP1,0.4872794
5174,MYO1C,0.58985
5175,TEX41,0.7308065
5176,CYSLTR2,0.74187547
5177,AP001453.2,0.6424145
5178,CYLC1,0.7146659
5179,ODF4,0.676368
5180,CCNG2,0.600489
5181,MTSS1L,0.51667136
5182,ARL6IP5,0.41569343
5183,OTOGL,0.6998156
5184,TMEM132B,0.63196105
5185,MEPE,0.6536632
5186,ASAH1,0.6077519
5187,RIMBP2,0.7495875
5188,AL445423.1,0.6856901
5189,AC016252.1,0.6881003
5190,ATP2A1,0.51823664
5191,KIAA1324L,0.61159945
5192,CMTR1,0.5405385
5193,PIN1,0.51579434
5194,C19ORF81,0.3234729
5195,KRT14,0.4166665
5196,STXBP5,0.65345836
5197,TDRD3,0.64207107
5198,MACF1,0.6085362
5199,ACSS1,0.40477204
5200,RNF151,0.67233324
5201,C16ORF54,0.78943753
5202,WWC1,0.648864
5203,LINC00304,0.7371928
5204,SLC18A2,0.63011074
5205,ASB8,0.689176
5206,DUSP8,0.41830948
5207,NAA60,0.6597224
5208,LINC01220,0.72205526
5209,PRR14,0.6704715
5210,FMR1NB,0.72574496
5211,TNFRSF17,0.7660184
5212,SLC24A4,0.73810846
5213,IFI44L,0.54688364
5214,PHOX2A,0.65665555
5215,UNC5B,0.63449335
5216,LRRC16A,0.6526422
5217,KCNH3,0.63170123
5218,C16ORF71,0.5844374
5219,INSRR,0.6658196
5220,MAP7D3,0.6484869
5221,NDST1,0.5560486
5222,TMEM89,0.7354637
5223,TOMM20L,0.616917
5224,CSRNP3,0.67361593
5225,EGFLAM,0.73325354
5226,LINC02139,0.68396014
5227,VAT1,0.4537044
5228,RPGR,0.73021847
5229,OTOF,0.64921665
5230,USP6,0.4563192
5231,PSKH1,0.54489934
5232,HECTD4,0.6632748
5233,DYNLRB2,0.5567261
5234,SMN1,0.6316934
5235,DCAF15,0.56340045
5236,NACC1,0.6146478
5237,C11ORF84,0.5711644
5238,DSCAM,0.6585386
5239,CADM4,0.598676
5240,KIAA2026,0.55265063
5241,DACT3,0.7171325
5242,DND1,0.43739033
5243,HPGD,0.5052714
5244,IKZF1,0.6910131
5245,NR1H4,0.7075577
5246,ZNF83,0.6591088
5247,CDK5RAP2,0.48111308
5248,GFOD2,0.58041334
5249,ANXA13,0.7102886
5250,CEL,0.3642541
5251,RALGPS2,0.59349257
5252,PHIP,0.61721814
5253,CCPG1,0.5290783
5254,SIVA1,0.6810817
5255,FAM177B,0.41137838
5256,LINC01666,0.65454763
5257,TMEM131,0.5668301
5258,TRIM7,0.46103403
5259,STAT4,0.77423024
5260,FBXW10,0.6681297
5261,SLC7A6,0.5639464
5262,LINC01013,0.6925319
5263,ALDH3B2,0.59258264
5264,WARS,0.36275014
5265,ZNF671,0.682534
5266,TXK,0.73758674
5267,PLXNA2,0.49340713
5268,IGSF21,0.48136902
5269,TUBB8P12,0.64075965
5270,ENDOG,0.5694675
5271,PPP5D1,0.70516175
5272,MAP9,0.61433005
5273,PTPN13,0.60002303
5274,LRRC14,0.6253474
5275,TCF21,0.71362877
5276,LRTOMT,0.5564876
5277,TMEM215,0.76377296
5278,MAGEL2,0.7140661
5279,FAM58A,0.5780351
5280,TEF,0.49419817
5281,LINC00940,0.65002936
5282,SLC16A2,0.5445297
5283,XPC,0.5811746
5284,MTMR14,0.5659223
5285,OPA3,0.54886585
5286,MXD3,0.47263613
5287,FER,0.6649174
5288,OR10Q1,0.716595
5289,PPP2R3B,0.6001687
5290,STK32B,0.5331667
5291,DNAJB1,0.6200904
5292,AL365361.1,0.719069
5293,RAB17,0.6483807
5294,IGLV4-69,0.69617766
5295,SYT11,0.79022574
5296,TAL2,0.70006317
5297,AC137630.4,0.56586486
5298,PDCD6IP,0.7203867
5299,NAALADL2,0.6113809
5300,ACTN1,0.4422288
5301,BCAS3,0.59287214
5302,SLC2A10,0.5469224
5303,DMRT2,0.6291816
5304,ALPK3,0.69771475
5305,GUCY1A3,0.6417051
5306,LINC02656,0.70561385
5307,GPC1,0.606128
5308,GP9,0.7029546
5309,GLTSCR2,0.42836675
5310,LINC02201,0.68724567
5311,FNDC3A,0.449085
5312,PPT2-EGFL8,0.6336244
5313,CALCR,0.7029807
5314,PTK2B,0.68226975
5315,AC010240.3,0.6920524
5316,ARID5B,0.5797121
5317,AKT3,0.5767288
5318,MAOA,0.53579915
5319,CCL28,0.54159135
5320,INPP5B,0.6201959
5321,AC093904.4,0.6099075
5322,USP35,0.6098513
5323,MANF,0.51666164
5324,LINC02747,0.61825085
5325,ANKS1B,0.525283
5326,NAT14,0.55689585
5327,LCN12,0.5688523
5328,EWSR1,0.63857335
5329,AL356259.1,0.7230633
5330,FYN,0.70750684
5331,PER2,0.5136911
5332,PRR5-ARHGAP8,0.6499731
5333,MICAL2,0.6646339
5334,CHKB,0.56812763
5335,CXORF49B,0.450111
5336,ZNF843,0.69855446
5337,HRH3,0.67950803
5338,ATG4B,0.60485107
5339,AC123768.4,0.69708586
5340,AC025031.3,0.72732395
5341,GLMP,0.456926
5342,ERF,0.503063
5343,CD163,0.7692558
5344,TMEM63C,0.46678305
5345,SUN2,0.5445032
5346,IL4I1,0.5852148
5347,TBX10,0.4900147
5348,GALM,0.61629826
5349,PARP12,0.49014023
5350,ETFDH,0.6237553
5351,ZNF875,0.46915922
5352,TOP3B,0.5780083
5353,VMO1,0.4997828
5354,TMEM161B,0.6497356
5355,LINC02246,0.67341334
5356,LINC01342,0.66603225
5357,NPBWR1,0.7326185
5358,CLEC17A,0.75285834
5359,WNT10B,0.63904685
5360,ANKRD2,0.729923
5361,IGLV9-49,0.6779931
5362,GALR3,0.6590585
5363,UGT1A9,0.752459
5364,PTPRH,0.7068408
5365,TM6SF2,0.74364716
5366,NRN1,0.3644261
5367,SLC7A7,0.7125476
5368,EPB41L4A,0.6022222
5369,RNF217,0.56735784
5370,ARMH4,0.65973353
5371,NME8,0.7645378
5372,MRPL37,0.61131996
5373,IL17RA,0.54032713
5374,FAM213B,0.5139304
5375,ATP8A2,0.46876374
5376,TRABD2A,0.26590362
5377,TMPRSS6,0.3060523
5378,C20ORF203,0.6908398
5379,NUDC,0.71470445
5380,SYT17,0.48794508
5381,REM2,0.43225476
5382,LINC01305,0.6858463
5383,MAS1,0.73963743
5384,DVL2,0.56361395
5385,AC000032.1,0.6560345
5386,PFKFB4,0.45178363
5387,LOX,0.6051631
5388,LRRIQ4,0.68087107
5389,CD3G,0.7908178
5390,UGT2B28,0.26180872
5391,AFAP1L1,0.7544113
5392,AC009065.1,0.58257776
5393,RGL2,0.733666
5394,HTR2B,0.74261266
5395,IGKV3-15,0.63927716
5396,BUD31,0.7280946
5397,SLC4A8,0.5352475
5398,CHMP7,0.4950666
5399,PTPA,0.65285635
5400,MPI,0.5375448
5401,GATC,0.6557714
5402,BTLA,0.7746381
5403,APH1B,0.58544326
5404,SULT1C3,0.58145374
5405,LINC02130,0.70372367
5406,DYX1C1,0.7074587
5407,CHRNA6,0.7220066
5408,FKRP,0.6105144
5409,AKR1D1,0.75198084
5410,NRROS,0.6620421
5411,SHISA5,0.5639441
5412,AC100847.1,0.7130119
5413,WSCD1,0.5924688
5414,USP44,0.71815777
5415,FIBIN,0.72172946
5416,RAB5B,0.63026315
5417,QSOX1,0.55839235
5418,RDH16,0.528746
5419,FAM173A,0.49569675
5420,CEP104,0.6133798
5421,PIGM,0.6880729
5422,C19ORF18,0.5669723
5423,AL009176.1,0.72294253
5424,ZMYND15,0.53561085
5425,LUC7L,0.5379677
5426,CEP162,0.69604445
5427,KCNJ5,0.5896936
5428,MAP2K5,0.5371228
5429,EPHA1-AS1,0.7080038
5430,AC090510.1,0.70758814
5431,SH2B1,0.68203336
5432,JADE1,0.62928253
5433,ARFGAP2,0.5989278
5434,AC096642.1,0.62776595
5435,LBHD1,0.40891567
5436,LINC02362,0.6713521
5437,GJA5,0.7448328
5438,TXNDC15,0.39027277
5439,SLC18A3,0.6947388
5440,APOBEC3G,0.65565056
5441,AL357054.3,0.6891388
5442,CLEC12B,0.6799986
5443,AC245297.2,0.66359156
5444,SRR,0.5659646
5445,FGFR4,0.38786635
5446,DHRS9,0.64852405
5447,LHX5,0.6757062
5448,KRT1,0.5294358
5449,FGD2,0.76721805
5450,PCDHA3,0.7215276
5451,FKBP10,0.5972596
5452,SMIM22,0.6010624
5453,THRB,0.5494722
5454,BAZ2A,0.57642615
5455,RNF208,0.44640312
5456,EVL,0.5283849
5457,NMUR1,0.71615416
5458,AL121790.1,0.6278367
5459,CUEDC1,0.3235593
5460,UBQLNL,0.69459456
5461,SPRN,0.5756533
5462,DLGAP2,0.65253943
5463,MAPK8IP1,0.46122655
5464,RELB,0.4666029
5465,AC007952.5,0.6702564
5466,CNOT2,0.5740366
5467,THNSL2,0.65347326
5468,AZIN2,0.6975203
5469,PLPP4,0.6919444
5470,GAA,0.46894488
5471,AC104836.1,0.6806348
5472,CCNL2,0.52024174
5473,GPATCH8,0.66102564
5474,ZBTB40,0.6818235
5475,ADA,0.53194463
5476,KMT2B,0.7360752
5477,IL31RA,0.70966095
5478,ABCA3,0.63423306
5479,SLC7A13,0.6603237
5480,PKDCC,0.5831818
5481,PXT1,0.69735044
5482,WNT16,0.6976456
5483,LINC01772,0.7368786
5484,OR6N1,0.7257708
5485,RGS7,0.6758976
5486,OR10A3,0.69881505
5487,HPCAL4,0.7102177
5488,SULT1C4,0.7281192
5489,PQLC1,0.44904694
5490,TRAPPC9,0.5677838
5491,UROS,0.52633744
5492,FNDC9,0.67538565
5493,APOC3,0.7124858
5494,ZFAND2B,0.63228744
5495,ARGFX,0.7280901
5496,AL645634.2,0.6864083
5497,AL031008.1,0.7006553
5498,TMPRSS11A,0.6719826
5499,DTWD1,0.71239567
5500,SLC5A7,0.7043834
5501,HEATR4,0.59787196
5502,ACRBP,0.6307111
5503,TTC37,0.6436765
5504,PARD6A,0.41859332
5505,UBTF,0.6452221
5506,IFITM5,0.69189423
5507,PACS1,0.43238005
5508,PTPRN2,0.6083564
5509,TMEM266,0.7183099
5510,FAM186B,0.70213205
5511,TMEM246,0.7631878
5512,ITGA8,0.73227865
5513,RASL10A,0.5510871
5514,AL021368.2,0.6692557
5515,OTOR,0.7288218
5516,DOCK11,0.73996633
5517,LINC01551,0.6890927
5518,CHST13,0.76281714
5519,LINC00160,0.6212844
5520,PDE11A,0.5796514
5521,AC005899.6,0.6613738
5522,OSCAR,0.6527833
5523,TNS4,0.3076952
5524,HERC1,0.64200073
5525,SAR1A,0.6114889
5526,SAA2,0.43213665
5527,MAGI1,0.63223624
5528,DNAJC11,0.63407797
5529,AC069234.4,0.71177
5530,ZDHHC17,0.608086
5531,AL590822.1,0.66440886
5532,ACTA1,0.44622004
5533,CA11,0.40222517
5534,FSCN2,0.50838196
5535,LINC01909,0.6697219
5536,KIR3DL2,0.73440224
5537,UCP2,0.4865389
5538,SIRT3,0.529404
5539,IZUMO1,0.7321927
5540,METTL7A,0.44348064
5541,PRKACA,0.40581217
5542,RGS7BP,0.67608255
5543,SLC45A2,0.73060185
5544,KHDRBS2,0.703536
5545,DISP2,0.57219964
5546,CD244,0.73455316
5547,MAGEB18,0.6908269
5548,CXCL13,0.510807
5549,INPP5A,0.49087834
5550,LINC00668,0.29234117
5551,GGA1,0.58586895
5552,IGHV3-33,0.7188813
5553,ADCK5,0.53743345
5554,KIFC3,0.56118125
5555,IGFBP7,0.68236643
5556,SUCLG2-AS1,0.6866042
5557,CAPRIN2,0.63259953
5558,AC022182.2,0.7335203
5559,LINC01781,0.7545063
5560,KRTAP10-7,0.709215
5561,C9ORF114,0.55630237
5562,SBF2,0.64059526
5563,LRRC56,0.506118
5564,DUSP2,0.5201344
5565,AP001462.1,0.69939494
5566,AC132938.1,0.7214884
5567,MT-ATP8,0.56138057
5568,H1FOO,0.663677
5569,EDC3,0.55423933
5570,SP140L,0.6452522
5571,CD300LB,0.7471847
5572,HIST1H2AD,0.38360795
5573,GRWD1,0.42679572
5574,TBX18,0.757874
5575,AC007325.2,0.5445565
5576,IGSF22,0.54216504
5577,HS3ST6,0.49541995
5578,IGHV3-48,0.6959491
5579,NANOGP8,0.7187683
5580,IGF2BP1,0.63882786
5581,ZNF292,0.62359434
5582,ZNF556,0.5992884
5583,GORASP1,0.6129408
5584,BPIFA3,0.69039637
5585,AC016590.4,0.7047711
5586,PTPRN,0.73325175
5587,C2CD2,0.61127424
5588,ABCB9,0.45008636
5589,APOL2,0.6263273
5590,CLBA1,0.4744791
5591,MAN2B2,0.5634448
5592,PEBP4,0.44726822
5593,NTHL1,0.5751435
5594,NBPF19,0.5706789
5595,AC104825.1,0.5243643
5596,NEUROD1,0.64478785
5597,EPC1,0.67453736
5598,DGKD,0.653881
5599,ERICH6B,0.70171076
5600,FYB2,0.5707485
5601,TENM4,0.7429063
5602,NSUN5,0.69350225
5603,IFI16,0.62093025
5604,C22ORF34,0.6906731
5605,RUFY2,0.66631514
5606,AL590235.1,0.63485944
5607,OS9,0.46319172
5608,C15ORF39,0.3997575
5609,SLC16A6,0.63007903
5610,RNF149,0.57547927
5611,CDO1,0.5457898
5612,MAFB,0.6554551
5613,ITGAD,0.62109846
5614,MR1,0.58450216
5615,ZNF862,0.47177172
5616,TMC4,0.6820801
5617,LILRB4,0.7297632
5618,RSPH4A,0.71902734
5619,AC018648.1,0.6696723
5620,RBCK1,0.52621746
5621,LINC02084,0.73531216
5622,MLXIPL,0.3859959
5623,DIXDC1,0.6055139
5624,FCHO1,0.51319504
5625,TANC2,0.50496024
5626,IGHV5-10-1,0.6852715
5627,DHRS12,0.6154692
5628,PCDHGB3,0.679179
5629,FUT8,0.50920385
5630,RPS6KB2,0.5777746
5631,C6ORF203,0.58746547
5632,VN1R1,0.66387683
5633,CBWD5,0.6573742
5634,GDPD4,0.62638825
5635,AC092117.1,0.619678
5636,EMC10,0.661464
5637,EDNRB,0.5039883
5638,SLCO3A1,0.54666346
5639,AC120498.10,0.7063232
5640,PRKCG,0.65664464
5641,MARCH10,0.6636705
5642,ENO4,0.6630437
5643,SOCS2,0.5159665
5644,NCR3,0.6814329
5645,GFPT2,0.61942273
5646,MRPL41,0.52296436
5647,BRD3,0.6813216
5648,SIGLEC6,0.70998955
5649,CAMK2A,0.71082085
5650,ATG9A,0.6169245
5651,VPS25,0.5571844
5652,CCDC186,0.59530497
5653,GCC1,0.570902
5654,FADS3,0.5633529
5655,MYO9B,0.5854748
5656,HLA-DQA1,0.64774865
5657,OTUD7B,0.6419081
5658,CARD14,0.3651667
5659,HLA-DPA1,0.6550227
5660,TBX3,0.64596605
5661,ZHX1-C8ORF76,0.6474549
5662,NUDCD3,0.6231004
5663,SF3B2,0.6339809
5664,TKTL1,0.7594487
5665,AC093274.1,0.69652206
5666,ISM2,0.7397458
5667,EXTL3,0.5859351
5668,C9ORF91,0.60181636
5669,C14ORF142,0.6804854
5670,LINC01644,0.7117074
5671,SH2D7,0.59271353
5672,SLC9A9,0.8203742
5673,THOC2,0.71223813
5674,AL627171.1,0.75597334
5675,VARS2,0.53902787
5676,SPERT,0.6875846
5677,SLITRK3,0.69897175
5678,ENTPD4,0.5546638
5679,AC104113.1,0.71912056
5680,HDAC5,0.47817513
5681,AC068888.2,0.71427244
5682,CHST8,0.1579159
5683,AL590708.1,0.7244539
5684,C11ORF21,0.7559791
5685,CDH11,0.79781073
5686,VNN2,0.6572746
5687,SLC12A7,0.5756107
5688,SEPTIN9-DT,0.6969599
5689,ACSM1,0.60691833
5690,RYR3,0.59862083
5691,ELMO3,0.71685904
5692,DIRC3-AS1,0.664946
5693,IRGM,0.6740305
5694,CLEC16A,0.6554311
5695,ATP5MGL,0.38702795
5696,DGKE,0.6426623
5697,COTL1,0.58940864
5698,FMN2,0.6880471
5699,LINC02367,0.49424613
5700,TMUB1,0.56501025
5701,IGHV1-2,0.6726853
5702,FGF3,0.73709255
5703,SFTPA2,0.69535667
5704,PAQR7,0.61294997
5705,ADAMTS13,0.49212167
5706,MAP3K1,0.6290465
5707,AL050343.2,0.7148724
5708,SIGLEC8,0.6404998
5709,URGCP,0.648125
5710,NCKAP5L,0.69282895
5711,RICTOR,0.6818533
5712,NEIL2,0.5957062
5713,GRK3,0.6260495
5714,GPRC5D,0.762444
5715,OSR1,0.3548026
5716,AGT,0.4041461
5717,AC016745.2,0.7650891
5718,CCDC125,0.6506621
5719,NBEA,0.57383585
5720,ATG4D,0.55922997
5721,AC012181.1,0.7081518
5722,PDE4C,0.65524524
5723,MAP3K12,0.44999087
5724,RORC,0.643813
5725,LINC02340,0.72274095
5726,USP36,0.48921013
5727,LTA,0.7037869
5728,GNG8,0.7361906
5729,SNCAIP,0.6071345
5730,ANGPTL6,0.7079523
5731,STARD13,0.6730833
5732,CDK16,0.6316858
5733,IL1RN,0.46205118
5734,FAM221B,0.64448404
5735,DAP,0.68933946
5736,CSF1,0.5497232
5737,IFRD2,0.69822985
5738,FIS1,0.5761175
5739,CBWD2,0.56707466
5740,LRCH4,0.5746848
5741,UNC79,0.70854896
5742,IL32,0.60813195
5743,TPPP,0.40530607
5744,SYTL4,0.622695
5745,PRRX2,0.4876934
5746,EML1,0.7316208
5747,AC011365.1,0.65167826
5748,AC092428.1,0.7365074
5749,SLC17A6,0.7316924
5750,ZNF333,0.6357954
5751,RASL11B,0.48573223
5752,C1RL-AS1,0.7166459
5753,CYS1,0.70287585
5754,ZNF430,0.66615623
5755,PNN,0.75391406
5756,BAD,0.65449184
5757,OAZ2,0.4600792
5758,DSCR3,0.6647671
5759,CRYGA,0.70894885
5760,YBEY,0.42155144
5761,AC007938.3,0.66270226
5762,AC073864.1,0.5580683
5763,EPS8L1,0.62510294
5764,HLA-F,0.50072867
5765,CROCC2,0.6657524
5766,FBXO6,0.5522165
5767,CYB5R1,0.61021215
5768,CNMD,0.69783187
5769,SHISAL2B,0.68880105
5770,ZNF526,0.62923044
5771,SCAMP2,0.5088347
5772,TRO,0.48699936
5773,DNAH11,0.44860554
5774,EXOC7,0.6024502
5775,DUSP21,0.74561197
5776,CCDC7,0.70741516
5777,DEFB119,0.7050038
5778,SALL1,0.7108434
5779,CEP250,0.55982596
5780,FUCA1,0.4702994
5781,PGM5-AS1,0.6526287
5782,CTU2,0.5274804
5783,WDR45,0.5530466
5784,GPR85,0.7128835
5785,IKBKB,0.6671826
5786,HSD17B8,0.47888803
5787,ARHGAP36,0.56144696
5788,SYT10,0.6920314
5789,LINC02714,0.69547325
5790,TLL2,0.6775233
5791,UNC45B,0.6625507
5792,KIF3A,0.7222397
5793,MPST,0.5494921
5794,ARFIP2,0.6981681
5795,SLC9A4,0.72696877
5796,RERG,0.5225776
5797,YAE1D1,0.5960693
5798,TEX45,0.5679178
5799,TBX21,0.76376826
5800,FNBP1,0.6577425
5801,BTNL3,0.7115205
5802,FAM43B,0.65081483
5803,SLC26A3,0.6773639
5804,SLC24A2,0.72534937
5805,ZFYVE26,0.6995885
5806,SGK2,0.68267393
5807,PROC,0.71612114
5808,C1S,0.6378547
5809,ZNF431,0.68557215
5810,IFIT1B,0.70465356
5811,MS4A4A,0.7630239
5812,SLC10A1,0.7391661
5813,C5ORF63,0.6186865
5814,DPYS,0.7331915
5815,HIST1H2BL,0.6447856
5816,MAP3K6,0.5991418
5817,ATG2B,0.6633578
5818,DHRS4L2,0.49984613
5819,C14ORF1,0.52148503
5820,PDE6G,0.7007549
5821,POLR2A,0.61010844
5822,TNNI3,0.2879896
5823,CTNNA2,0.6103072
5824,CCDC110,0.6706381
5825,C11ORF65,0.651486
5826,LHFPL2,0.6791231
5827,BTG4,0.7533917
5828,EXD1,0.7013466
5829,PRDM9,0.72147495
5830,IL17REL,0.7020111
5831,NARF,0.55816287
5832,COX7B2,0.6305048
5833,PTPN21,0.68635726
5834,OR7D2,0.6676461
5835,PPP1R27,0.70581865
5836,CYP4B1,0.36911288
5837,ITPK1,0.4969851
5838,RFX7,0.70035344
5839,TRIM54,0.62460923
5840,PDS5B,0.6015271
5841,SLC9A5,0.5399057
5842,FRMPD3,0.4337561
5843,IGHV1-3,0.73740983
5844,C6ORF89,0.56065965
5845,MDS2,0.706367
5846,LINC002481,0.66759366
5847,TK2,0.54973155
5848,PRR23B,0.7549951
5849,NCKIPSD,0.63922685
5850,AC008759.3,0.78588384
5851,ENTPD2,0.48290035
5852,CCL25,0.67428035
5853,ZNF689,0.5984706
5854,CR1,0.68912095
5855,UBR1,0.6086167
5856,APOBEC3D,0.6981358
5857,ZMYND19,0.5930115
5858,NRL,0.56030643
5859,TRPC1,0.7134228
5860,MAT2A,0.7507898
5861,PCED1B,0.6625878
5862,CELA3B,0.72287494
5863,FAM188A,0.6125124
5864,SGSH,0.42839012
5865,NDUFS7,0.58198965
5866,AGMO,0.6942241
5867,SUPT6H,0.45726284
5868,NKAIN4,0.68815416
5869,HOXD1,0.64036864
5870,SLC9A1,0.55404997
5871,NFIA-AS2,0.7206877
5872,MAG,0.63690585
5873,TMEM178A,0.62783295
5874,MYO18B,0.6393978
5875,CENPT,0.5378834
5876,LINC00426,0.73913693
5877,SCG2,0.65656644
5878,ARHGAP11B,0.6867287
5879,PRPF38B,0.70076734
5880,TMEM244,0.6739876
5881,AC016957.2,0.6975448
5882,FAM182B,0.7462244
5883,SNX20,0.7666147
5884,AC005838.2,0.7125552
5885,CEP85L,0.7466638
5886,KIAA1715,0.6487468
5887,SRCIN1,0.5555531
5888,ZNF266,0.61588484
5889,LINC00052,0.6687483
5890,C22ORF29,0.6002341
5891,CHRNA4,0.7082598
5892,SMDT1,0.5514322
5893,DIRC2,0.619529
5894,VPS39,0.47966135
5895,PGLYRP3,0.63498974
5896,GALE,0.5767863
5897,FIZ1,0.52524596
5898,USP11,0.48126557
5899,RASL11A,0.6606799
5900,NR5A2,0.7068252
5901,OR8K1,0.74896455
5902,ELK1,0.5859772
5903,LAPTM4A-DT,0.7336588
5904,VWC2,0.7523822
5905,TUBG2,0.52509195
5906,FBXW7,0.5660426
5907,AF165147.1,0.75436443
5908,CUL7,0.5608639
5909,KIAA0355,0.66200626
5910,UBXN4,0.7603705
5911,PPP2R2D,0.6268301
5912,RNPC3,0.66377395
5913,TBC1D10A,0.52747923
5914,PRMT7,0.6400717
5915,PHKG2,0.67717093
5916,COPRS,0.6434362
5917,NFRKB,0.54009575
5918,TAF1C,0.583559
5919,TRIM72,0.64338773
5920,SPATA33,0.6247658
5921,C13ORF46,0.6958135
5922,SLC30A4,0.73709434
5923,RNF121,0.55097204
5924,TAAR5,0.72992444
5925,UNKL,0.6328931
5926,FBXO33,0.5604202
5927,CASKIN1,0.3928907
5928,EIF2B5,0.75623673
5929,DNAJC28,0.6491393
5930,LINC01060,0.6603041
5931,TSPAN18,0.7149994
5932,MDM4,0.703783
5933,GLI4,0.5988309
5934,SLCO1B3,0.6349769
5935,TEX35,0.6731221
5936,PCDHGB4,0.7335661
5937,IP6K2,0.8030844
5938,KNCN,0.73562056
5939,ZNF76,0.58862185
5940,DNAJC1,0.51563656
5941,OR5AU1,0.69142014
5942,CDH20,0.67837197
5943,ATG13,0.43423733
5944,DRICH1,0.718786
5945,TRAPPC10,0.48602235
5946,Z95118.2,0.7279369
5947,ELMO1,0.7628567
5948,LRRC9,0.69618696
5949,ZNF493,0.63041
5950,NKX6-3,0.67951137
5951,C6ORF118,0.7434294
5952,AC007216.3,0.7536781
5953,NPEPL1,0.6170878
5954,ZNF512B,0.6512444
5955,TLE2,0.43982413
5956,ALOX12,0.71793395
5957,SAMM50,0.6349228
5958,LINC01443,0.7279509
5959,AC022819.1,0.71774626
5960,KMT2D,0.5935919
5961,SETD1A,0.65444905
5962,ACKR4,0.7946782
5963,CCR4,0.6685999
5964,ERICH1,0.7424924
5965,SLC2A8,0.50711006
5966,LINC01635,0.6847331
5967,KIAA0825,0.64349645
5968,FAM72B,0.65029615
5969,AC018638.6,0.65079945
5970,HYI,0.48973235
5971,NOTCH2,0.4523673
5972,ANKDD1A,0.60094047
5973,IGSF11,0.6840651
5974,NXF3,0.6624067
5975,HIF3A,0.60507953
5976,RNF181,0.65541947
5977,CPEB2,0.54531217
5978,GNRH2,0.69864506
5979,OSCP1,0.53969365
5980,AC026979.3,0.68131846
5981,AP000696.1,0.6235943
5982,ADAM20,0.69517165
5983,ZNF611,0.6404781
5984,RND1,0.52559966
5985,WFIKKN1,0.46529743
5986,SERPINA9,0.6455147
5987,SMIM18,0.7223158
5988,FBXO25,0.6530683
5989,NMRAL1,0.7365012
5990,ITGA10,0.49003825
5991,SYF2,0.5530197
5992,TMEM47,0.5977215
5993,CCDC93,0.6118167
5994,NRXN1,0.5148864
5995,HEXD,0.5560619
5996,SPDYA,0.57062715
5997,CEP131,0.5314767
5998,IL18RAP,0.73386145
5999,CLMN,0.69691133
6000,TMEM272,0.65467113
6001,NECTIN2,0.589819
6002,ING5,0.7225577
6003,SPAG6,0.3710463
6004,TESK2,0.5106947
6005,EMD,0.65483826
6006,LRRC27,0.5972
6007,NCAM2,0.597573
6008,ATXN3L,0.6865352
6009,AC008957.1,0.70123076
6010,DGKH,0.63003486
6011,MAFK,0.44438276
6012,LCNL1,0.69017583
6013,IGKV1-16,0.7154281
6014,STAP2,0.5815976
6015,LILRB2,0.77691036
6016,KPNA6,0.6532757
6017,CERS4,0.5309537
6018,SERPINA10,0.7334079
6019,SETD2,0.66943616
6020,PMPCA,0.61584395
6021,MST1,0.5343649
6022,TACSTD2,0.7578159
6023,SNTG1,0.69265723
6024,MARVELD1,0.6110041
6025,DNAAF1,0.45797968
6026,AC113348.1,0.7144014
6027,AKT1,0.6558767
6028,STXBP1,0.54129726
6029,TCEAL3,0.54750186
6030,AXDND1,0.58788604
6031,MLYCD,0.640747
6032,SGCG,0.5857591
6033,NPPA,0.7408541
6034,AL355075.4,0.58049136
6035,LINC02551,0.6932659
6036,SPTBN5,0.46670318
6037,SPATA4,0.6784191
6038,ERICH3,0.6145708
6039,SPAG8,0.6198883
6040,C9ORF69,0.45899287
6041,C5ORF38,0.34020007
6042,ZNF497,0.61215466
6043,FLNB,0.66236514
6044,IFT27,0.56762195
6045,CPTP,0.5311689
6046,CPSF3L,0.50002456
6047,FAR1,0.63743883
6048,ADRB2,0.60870486
6049,JOSD2,0.40893397
6050,ARG1,0.683255
6051,RABGGTA,0.5485237
6052,BMF,0.4045796
6053,HIST1H2AK,0.6012966
6054,ENO3,0.47006023
6055,DENND2C,0.7205221
6056,NME3,0.56581664
6057,TRPC4,0.7206888
6058,C8B,0.7054736
6059,SMAD3,0.48476753
6060,PIGT,0.495788
6061,SKAP2,0.6173962
6062,SCGB1B2P,0.6096391
6063,NT5C3B,0.5902226
6064,DAAM1,0.665432
6065,SPEN,0.65712804
6066,HHATL,0.7182815
6067,AC097634.1,0.72006315
6068,LINC01521,0.69512945
6069,MINK1,0.5425095
6070,PHF7,0.65102077
6071,RAB11FIP5,0.58588725
6072,SCG3,0.6545143
6073,ZDHHC5,0.7232099
6074,GALNTL6,0.63552445
6075,ARAP2,0.680095
6076,CU639417.4,0.7405475
6077,MADCAM1,0.57553583
6078,PRDM7,0.6963764
6079,C6ORF132,0.64563304
6080,IL27,0.6995084
6081,IKBKAP,0.6467534
6082,C7ORF26,0.59646153
6083,LONP2,0.6698782
6084,ZNF638,0.73058516
6085,CACNB2,0.28080747
6086,OR10J5,0.6882713
6087,AC087477.2,0.67512184
6088,ZUFSP,0.70948905
6089,HIST2H4B,0.3795408
6090,KAAG1,0.68184227
6091,ZGLP1,0.5395422
6092,KRT38,0.6788029
6093,OR7D4,0.6645718
6094,MFSD4B,0.69242495
6095,AC107952.2,0.6645939
6096,LINC01686,0.71474576
6097,GOLGA8N,0.63772506
6098,MAGIX,0.47566113
6099,MOBP,0.7065088
6100,ABCC8,0.5429508
6101,XKR7,0.70036364
6102,PCDHGA1,0.67002916
6103,ANKRA2,0.6928153
6104,CUX1,0.5058238
6105,Z69706.1,0.6333609
6106,TREML1,0.6953871
6107,UPB1,0.73691916
6108,STX5,0.5858571
6109,RARS,0.6092238
6110,FBXL20,0.60965914
6111,TFEC,0.7665443
6112,DYNC1LI2,0.6811905
6113,IGLV1-40,0.6242692
6114,AC127070.2,0.6718648
6115,IKBKE,0.4820384
6116,C3ORF62,0.5951771
6117,KPTN,0.5238032
6118,BX322562.1,0.66944426
6119,PEX10,0.62186044
6120,FETUB,0.7284258
6121,AC022400.4,0.71776915
6122,VGLL2,0.6918263
6123,CWC25,0.66790533
6124,DOCK10,0.7833678
6125,SLC6A13,0.70370096
6126,AC024075.1,0.75141716
6127,IMPDH2,0.64948744
6128,DEAF1,0.5159069
6129,ULK1,0.6239224
6130,CLIP2,0.6690223
6131,PMM1,0.58112174
6132,TOM1,0.51965016
6133,LINC00578,0.681014
6134,RFXANK,0.64454025
6135,KIF5B,0.66828936
6136,IFITM1,0.3365388
6137,TRAF7,0.7066557
6138,SCT,0.67547673
6139,LRRC39,0.60969734
6140,AL034397.3,0.7398439
6141,AC011246.1,0.7164326
6142,AC093627.6,0.7070455
6143,LFNG,0.4445052
6144,INPP5K,0.4290284
6145,CTSS,0.6707418
6146,MAPKAPK3,0.52577585
6147,SREBF1,0.66023475
6148,PPIL2,0.62655824
6149,HIST1H2AB,0.6467299
6150,CDH7,0.67809135
6151,DNAJC18,0.6891861
6152,AC096733.2,0.68946886
6153,EPS8,0.4927533
6154,PRKN,0.67507905
6155,CAMK4,0.75103074
6156,ALS2CL,0.60610527
6157,HIST1H2AJ,0.33915874
6158,CNTN2,0.69073915
6159,DNAH6,0.6763928
6160,SPTA1,0.7161389
6161,AMZ1,0.4333243
6162,ATP2B3,0.6835208
6163,SDK1,0.57931626
6164,RNF17,0.70763206
6165,VWA1,0.5304659
6166,SLC7A3,0.6782066
6167,TRPM1,0.732455
6168,PRKCH,0.7157609
6169,PCAT18,0.5112638
6170,ACSS2,0.6193842
6171,AGBL5,0.6015926
6172,SLC6A1,0.7427249
6173,NYX,0.7003519
6174,PCDHB12,0.6186988
6175,AC027020.2,0.45524526
6176,GLT1D1,0.72142816
6177,UGT2B17,0.68483543
6178,LINC00996,0.6770971
6179,LINC02257,0.74252605
6180,PER3,0.4425757
6181,CCDC136,0.6846623
6182,HPCA,0.5791518
6183,CMBL,0.6170508
6184,SPNS1,0.41046524
6185,HRH1,0.6496096
6186,PGAM2,0.48720995
6187,AC010931.2,0.67000914
6188,SEL1L3,0.53423065
6189,ADAM8,0.5208077
6190,FAM170B,0.7175409
6191,ALDOB,0.6633162
6192,AC087854.1,0.67616147
6193,TRIM31,0.6507826
6194,CIRBP,0.4850558
6195,LINC02716,0.6721414
6196,ZNF831,0.74139374
6197,ABCB4,0.75915694
6198,TMEM239,0.6776057
6199,C9ORF106,0.6732448
6200,GLS2,0.53805494
6201,MRPS11,0.57167846
6202,COX6B2,0.5268756
6203,RIPPLY1,0.68239635
6204,ANKRD44,0.7654299
6205,FAM198B-AS1,0.6281286
6206,AP003071.1,0.7012388
6207,GNRHR,0.7433524
6208,CLVS2,0.6966694
6209,RPA4,0.68387055
6210,ABCG5,0.6883965
6211,CFAP100,0.70982426
6212,CD1D,0.7576704
6213,RXRA,0.5009907
6214,MVB12A,0.653539
6215,GSS,0.41801372
6216,PRMT1,0.64915466
6217,UNC93B1,0.4271139
6218,RSF1,0.6498315
6219,PLBD2,0.53344315
6220,ZNF804B,0.6963549
6221,ZMYM6,0.6984883
6222,DAND5,0.60563725
6223,CSRP1,0.3617374
6224,CISH,0.47796598
6225,FTMT,0.669898
6226,ZFP92,0.7132079
6227,DLK2,0.65557766
6228,OR52N1,0.7059775
6229,MYBBP1A,0.49213588
6230,ACTL9,0.71344215
6231,IGHG4,0.7258015
6232,NF1,0.6995535
6233,JMY,0.6118404
6234,SLC9C1,0.6888075
6235,HIST1H4I,0.43830362
6236,ADCY9,0.59895915
6237,MNT,0.5836804
6238,CDK5,0.5867329
6239,ERV3-1,0.4692746
6240,NLGN3,0.7058312
6241,PCF11,0.6887829
6242,LINC01934,0.7049022
6243,LINC00894,0.6176333
6244,CTSO,0.63935614
6245,AC008269.1,0.7501778
6246,VPS37B,0.5158927
6247,LMAN1,0.6247238
6248,XKR3,0.755326
6249,RETREG3,0.48133254
6250,RTP1,0.6893804
6251,BRMS1,0.5522198
6252,AC017071.1,0.71719074
6253,ARHGAP33,0.55992705
6254,CCBE1,0.6818798
6255,CASQ1,0.6916254
6256,ST14,0.58952594
6257,SYN1,0.63994646
6258,PAXIP1-AS2,0.6968479
6259,ALKBH6,0.5321915
6260,NDUFV1,0.52090925
6261,LINC02224,0.5587817
6262,SLC22A11,0.5822479
6263,AC131009.2,0.6938891
6264,PACSIN2,0.72236866
6265,AGPAT2,0.45310664
6266,MEMO1,0.7182687
6267,ATP6V1G3,0.7125495
6268,PLPPR3,0.46335194
6269,HNRNPA0,0.6387356
6270,SMPD2,0.506397
6271,KRT3,0.7199395
6272,MRNIP,0.40801442
6273,LURAP1,0.67589337
6274,MAX,0.4372624
6275,PTOV1,0.6356291
6276,IGKV1-9,0.71453446
6277,SZT2,0.5586059
6278,SAMD11,0.45053646
6279,AC015813.4,0.66528744
6280,SLC2A4RG,0.70131135
6281,KIAA0430,0.63930064
6282,PMCH,0.7651921
6283,SNTN,0.7260327
6284,RNASEH2C,0.4755106
6285,NDRG2,0.5523747
6286,CYLD,0.570118
6287,DAB2IP,0.59366626
6288,AMOTL1,0.6153147
6289,PCBP3,0.42782414
6290,PCDH19,0.44133702
6291,B3GAT3,0.5790386
6292,MIR4435-2HG,0.55754226
6293,RUFY3,0.6056567
6294,PA2G4,0.7516565
6295,FKBPL,0.58966726
6296,PTPRT,0.3446618
6297,TP53AIP1,0.65282196
6298,SRM,0.586533
6299,C14ORF169,0.65028876
6300,PSMB6,0.54755944
6301,DEDD2,0.6191923
6302,TCEB1,0.60053754
6303,MC5R,0.7030212
6304,BIN2,0.75382423
6305,ISL2,0.52861047
6306,CNTN4,0.74719286
6307,NR1H2,0.51248205
6308,BCL6,0.5978909
6309,ERBB4,0.43495739
6310,SARAF,0.59838724
6311,SLC39A3,0.48021555
6312,SLC6A20,0.6785894
6313,ASGR1,0.68009233
6314,IGHJ6,0.53835934
6315,ENTPD3,0.49574766
6316,LRRC43,0.5879025
6317,PHPT1,0.43355823
6318,AL118558.4,0.62759894
6319,TRA2B,0.74970865
6320,C5ORF56,0.6592154
6321,AC016831.1,0.6597726
6322,OTOG,0.72530967
6323,EVI2A,0.8128343
6324,TRIM71,0.61748433
6325,ALKBH5,0.5704713
6326,UBE2I,0.667074
6327,FNBP4,0.70798874
6328,GIGYF2,0.749743
6329,ACOT8,0.57593
6330,KANSL1,0.69531983
6331,CTNNBL1,0.44860318
6332,APITD1,0.6324956
6333,PAPPA,0.5938553
6334,OR4B1,0.6526995
6335,TTC7B,0.7229679
6336,NAPB,0.6279599
6337,ELL2,0.45993367
6338,MAN2A1,0.60885197
6339,UBE2G2,0.5064141
6340,GRM1,0.7175911
6341,AC109322.2,0.6921386
6342,METTL17,0.65306896
6343,PEX6,0.4854499
6344,PCDHGA5,0.66902447
6345,CCDC151,0.5046327
6346,SYNDIG1,0.66009015
6347,AC055839.2,0.6843879
6348,INTU,0.6544133
6349,TTC39A,0.685023
6350,SYT5,0.660397
6351,FAM3A,0.59579307
6352,GOLGA3,0.56911325
6353,ZNF655,0.50753397
6354,ASPDH,0.71258265
6355,CTDSP2,0.45403203
6356,OXER1,0.66780585
6357,PRR5L,0.7637612
6358,AC068473.3,0.7027636
6359,CENPC,0.59022254
6360,TTYH2,0.5645095
6361,RXFP2,0.73717326
6362,WASF2,0.49837872
6363,FRMPD1,0.6485202
6364,FBRS,0.6293091
6365,MASP1,0.70293444
6366,CD38,0.6639176
6367,LPP,0.6526835
6368,ADAM28,0.74374896
6369,WDR55,0.40639004
6370,MCPH1,0.63077146
6371,SOX5,0.61268634
6372,FAM163A,0.7701482
6373,ZC3H10,0.67527795
6374,AC243960.1,0.7266478
6375,DCAF8,0.7316448
6376,MC4R,0.69854975
6377,TPRG1-AS1,0.7051702
6378,MTERF4,0.565257
6379,GAD1,0.46049204
6380,SP7,0.71669906
6381,WDR83,0.5554302
6382,IBA57,0.56800205
6383,SYT7,0.5838972
6384,COPZ2,0.57999796
6385,TROVE2,0.6425285
6386,WWC2,0.5462951
6387,AL645608.7,0.42686477
6388,TSLP,0.63959646
6389,VASN,0.56583935
6390,OPRL1,0.61283547
6391,KIAA1147,0.6188085
6392,AL356234.2,0.5788438
6393,KIAA1161,0.64943886
6394,AMBN,0.6868213
6395,AL596325.2,0.75386024
6396,AC009063.3,0.7196564
6397,VOPP1,0.29069075
6398,LYZL4,0.65440434
6399,GFRA4,0.7236751
6400,FNDC5,0.6228627
6401,CLK3,0.58322334
6402,DUS3L,0.59100205
6403,SMIM6,0.6912897
6404,LINC02197,0.6019543
6405,COL20A1,0.6548205
6406,LINC00520,0.6937104
6407,S1PR3,0.54331034
6408,PTP4A2,0.49741045
6409,TIGD4,0.7089154
6410,PLEKHJ1,0.62456644
6411,CYP11A1,0.58146363
6412,MYH7,0.69444555
6413,AC026355.2,0.6270003
6414,GGT6,0.52357095
6415,GSG1L,0.7025539
6416,CD40LG,0.76078254
6417,DOHH,0.48913398
6418,BFSP2,0.66232115
6419,NIPBL,0.68221194
6420,FAM20C,0.5221182
6421,NEURL1B,0.6360076
6422,KRT37,0.4880304
6423,GCNT7,0.7140029
6424,ZFPL1,0.61122876
6425,TDRD1,0.6781204
6426,CMTM2,0.67417
6427,SYDE1,0.59797406
6428,STRA6,0.4767531
6429,UBL3,0.5487134
6430,ZNF215,0.65832835
6431,KLHL35,0.30520836
6432,SAMD3,0.74746615
6433,CLEC9A,0.72829884
6434,ZDBF2,0.55715054
6435,CLCF1,0.5351767
6436,PLEKHA6,0.7176396
6437,PLCXD1,0.5229983
6438,ARHGAP28,0.71476704
6439,TCTN1,0.6523246
6440,AL662797.1,0.70569086
6441,HLF,0.45798025
6442,CYP2S1,0.68320847
6443,F7,0.47753307
6444,ADRA2C,0.510283
6445,LINC01550,0.64241606
6446,NRK,0.5473724
6447,LYRM5,0.73633057
6448,VARS,0.647174
6449,AL450384.2,0.6017857
6450,ABCD1,0.451049
6451,LINC01704,0.70824355
6452,VEGFB,0.44570363
6453,RNASE3,0.71024895
6454,KCNV1,0.731052
6455,NLRP4,0.70564944
6456,ZNF589,0.5094791
6457,FCN3,0.6779416
6458,KCNH6,0.6761053
6459,LTB4R,0.41029668
6460,NBR1,0.46639645
6461,CHFR,0.50960255
6462,MORC3,0.63384527
6463,HTR3C,0.6969635
6464,KDELC2,0.6457625
6465,PSD2,0.6371426
6466,PIGB,0.55606824
6467,FARP2,0.6010475
6468,HS3ST4,0.63319165
6469,PPT2,0.49210772
6470,MAP4K2,0.6187376
6471,MYPOP,0.6064416
6472,DUOXA2,0.75988764
6473,AC012291.3,0.7180641
6474,CHRNA3,0.6915128
6475,OGDHL,0.42603007
6476,SOHLH1,0.6850019
6477,SLC27A5,0.42378592
6478,CD300LF,0.6699631
6479,ZNF263,0.5545557
6480,AUP1,0.710921
6481,TOX2,0.68136436
6482,KDM8,0.6316419
6483,SORL1,0.5746735
6484,TTC7A,0.5485459
6485,ATF5,0.46944198
6486,BEX1,0.6169335
6487,TAS2R1,0.7397464
6488,UGT2B4,0.52478164
6489,TSPOAP1,0.4008429
6490,FOXN3,0.7008621
6491,EMP1,0.6621826
6492,FAM126A,0.6086823
6493,ZNF141,0.6613457
6494,OVCH2,0.6904209
6495,AC243830.2,0.6833753
6496,RELL2,0.6394406
6497,ZNF692,0.761995
6498,IGFBP5,0.48466018
6499,CHD5,0.6918783
6500,CCL13,0.6002039
6501,RNF123,0.4677414
6502,LINC00702,0.68001485
6503,DOLK,0.49825445
6504,TBC1D3E,0.74415827
6505,RBMX,0.7514526
6506,ATAD3B,0.5783878
6507,GPC5,0.72860795
6508,SAMD14,0.54576224
6509,NUTM2D,0.68843216
6510,GPR55,0.6504964
6511,EXOC3L1,0.61236566
6512,NT5DC2,0.579294
6513,IAPP,0.68084687
6514,WNT7B,0.3660258
6515,ARHGAP15,0.8061033
6516,SH2B3,0.7589509
6517,SETBP1,0.53664494
6518,ELF1,0.61376214
6519,GRAPL,0.7497308
6520,C7ORF43,0.5682638
6521,GRM6,0.6539927
6522,USP5,0.6479074
6523,CDKL1,0.6892838
6524,AGXT2,0.7094571
6525,ANKRD10-IT1,0.74096125
6526,REV1,0.60508096
6527,SF1,0.69658786
6528,GIPC1,0.6519244
6529,OR4C12,0.691979
6530,IPP,0.6091563
6531,NES,0.4480209
6532,ACP2,0.5624048
6533,BTBD11,0.6388474
6534,MAGEB5,0.7232259
6535,CAMK1,0.51235765
6536,ANKRD20A4,0.69662213
6537,CRAT,0.33513117
6538,TMEM44,0.6147941
6539,AL031705.1,0.6695772
6540,PRDM16,0.62326425
6541,WSCD2,0.5551668
6542,FNDC4,0.4910598
6543,CTB-50L17.10,0.35046828
6544,KIRREL1,0.6316554
6545,LOXHD1,0.6797481
6546,AL008729.2,0.5546149
6547,DENND4A,0.6435694
6548,TMC5,0.45372495
6549,TULP2,0.7319734
6550,ZNF48,0.5381925
6551,IPO13,0.5092645
6552,HRASLS2,0.55844444
6553,AGR2,0.4836521
6554,MAPT-AS1,0.6819999
6555,SLC7A4,0.49457785
6556,PDE3B,0.57155865
6557,USP4,0.42320874
6558,ODC1-DT,0.7381446
6559,NR2C1,0.6837905
6560,LY86-AS1,0.7006692
6561,ARHGAP1,0.49428925
6562,CFAP73,0.39604416
6563,DENND3,0.647253
6564,ZBTB7C,0.43755364
6565,CNTLN,0.56490403
6566,ZNF593,0.7178363
6567,NFATC2IP,0.5909477
6568,DNAJC12,0.54233456
6569,SLC39A1,0.58610034
6570,LINC02086,0.70253295
6571,AP000350.6,0.70075226
6572,IGLV3-25,0.66924286
6573,BTK,0.7143213
6574,SPATA9,0.6744497
6575,CTLA4,0.6864051
6576,L3MBTL3,0.76295525
6577,AL159169.3,0.6255556
6578,FAM149B1,0.5592213
6579,AVIL,0.6273745
6580,ARHGAP6,0.6669275
6581,MOB3C,0.61694384
6582,RASSF5,0.58260494
6583,DNAJC7,0.48674825
6584,EIF5B,0.39507902
6585,SLK,0.67833805
6586,PTCHD4,0.67165726
6587,AC005041.4,0.7189934
6588,HTR5A,0.6964634
6589,SMCO3,0.6805312
6590,AL390294.1,0.4114708
6591,AP001062.3,0.71260136
6592,C18ORF8,0.55556035
6593,MAF1,0.58934164
6594,PRRC2B,0.55081314
6595,CD200R1,0.8061672
6596,EWSAT1,0.5081734
6597,DIO2,0.44268528
6598,NFE2L1,0.5384998
6599,RAB3GAP1,0.61027575
6600,DNAH7,0.62753636
6601,AL359715.1,0.6309423
6602,LGALS8,0.666876
6603,HAO2,0.702627
6604,IL2RB,0.7121833
6605,COL4A6,0.49664283
6606,GLOD5,0.69724613
6607,AC009159.3,0.707623
6608,IGHV4-34,0.68818545
6609,TAF11L13,0.7232411
6610,ERVV-1,0.64343715
6611,AC092490.1,0.74095654
6612,SPATA22,0.6469591
6613,LEXM,0.69922656
6614,TEPP,0.6180386
6615,CRB2,0.675107
6616,PINLYP,0.7243662
6617,SP140,0.76336044
6618,IER3,0.5662508
6619,AC092807.3,0.6980191
6620,AL591848.2,0.6694861
6621,OR2D3,0.65489274
6622,MAGI1-IT1,0.71849245
6623,SSTR2,0.17444651
6624,SUMF2,0.5082254
6625,KCND2,0.45914897
6626,HELLPAR,0.70685554
6627,ANKRD55,0.73645324
6628,AC107027.1,0.7286461
6629,LINC01473,0.74244857
6630,CER1,0.72536945
6631,SEPTIN7-AS1,0.6879158
6632,PCDH10,0.5393878
6633,RBPJ,0.64672345
6634,ADRM1,0.68424106
6635,CCR2,0.7483902
6636,AJAP1,0.588506
6637,AL158211.3,0.6807352
6638,P2RX7,0.65989774
6639,UTF1,0.7098065
6640,CCDC65,0.7243518
6641,PAPD7,0.5758143
6642,ATP12A,0.61051655
6643,PTPN1,0.4871737
6644,LCN2,0.49527597
6645,ARRB1,0.45708033
6646,FAM187B,0.70320016
6647,MEIS2,0.6565257
6648,SLC35C1,0.49237895
6649,DIEXF,0.6249227
6650,COL4A3BP,0.6288366
6651,AL591030.1,0.7221691
6652,COPZ1,0.6751986
6653,LINC02840,0.67937547
6654,TSPEAR,0.5511267
6655,SELT,0.613598
6656,BAG6,0.69005466
6657,AP002026.1,0.6219153
6658,ATP13A1,0.54101056
6659,LINC02391,0.7505612
6660,HIST1H4C,0.4591954
6661,KDR,0.72184616
6662,MPZ,0.6041537
6663,SEMA4D,0.6317691
6664,GON4L,0.5916031
6665,MDGA1,0.7221574
6666,MRPL28,0.55746424
6667,BRD8,0.66363764
6668,PCF11-AS1,0.44742647
6669,GAPT,0.754497
6670,SGK1,0.59976244
6671,VAC14,0.5325695
6672,OR2C1,0.73750144
6673,AC011815.1,0.69976735
6674,SIK1B,0.26402748
6675,DEFB125,0.7353552
6676,C6ORF223,0.5309145
6677,AC013726.1,0.6333042
6678,AC123768.2,0.71977425
6679,WBP2NL,0.5293762
6680,CAMK1G,0.72588784
6681,DUSP23,0.48414186
6682,FAM153A,0.68324775
6683,WT1-AS,0.6247668
6684,AC010198.2,0.63893056
6685,CSMD2,0.65593874
6686,HOXA2,0.58865994
6687,KIZ,0.6695483
6688,TRIM3,0.53174156
6689,AC007950.2,0.76900816
6690,PASK,0.53047544
6691,BDH2,0.50429314
6692,HHEX,0.79230005
6693,AC017002.3,0.70798045
6694,ARSI,0.66412956
6695,CDK12,0.6500526
6696,DMRT3,0.5922758
6697,AC004156.1,0.6184871
6698,OLFML2B,0.79464036
6699,CAPS2,0.6478438
6700,CMYA5,0.5248228
6701,ZNF646,0.50812864
6702,DPM2,0.6335071
6703,SIK2,0.64305973
6704,LRRC26,0.45133743
6705,TRIM73,0.6030118
6706,TSGA10IP,0.6745689
6707,SLC5A4,0.7486436
6708,GPX1,0.63463354
6709,DUT,0.6871813
6710,KAT2B,0.66110396
6711,ATXN7L2,0.38355923
6712,WHSC1L1,0.543083
6713,CDC42EP1,0.5653922
6714,PPP1R3C,0.57029134
6715,RNF187,0.68357044
6716,AC073225.1,0.6740804
6717,GP1BA,0.6824743
6718,MGEA5,0.57322663
6719,IGKV1-39,0.7038779
6720,GPR75,0.680237
6721,AC130456.2,0.63938326
6722,LMX1A,0.67279625
6723,FBXO42,0.5967672
6724,ARC,0.49590006
6725,BTBD2,0.6547281
6726,SLC38A7,0.62279826
6727,TNP2,0.7335662
6728,SERPINB11,0.71514434
6729,RILPL2,0.60893625
6730,AHCYL1,0.6737433
6731,AC131212.1,0.72595245
6732,LILRA2,0.69345474
6733,AGER,0.7302106
6734,RSBN1L,0.644381
6735,SEPT7,0.52525824
6736,EDDM3B,0.67254895
6737,BRAT1,0.6023399
6738,LRRC75B,0.5382603
6739,ITGB3,0.6516285
6740,TOGARAM1,0.69901973
6741,LINC00922,0.7626011
6742,KIF5C,0.50799155
6743,EIF3G,0.62106466
6744,CAPN2,0.5667554
6745,CCDC40,0.52746207
6746,ZNFX1,0.5247453
6747,SLC25A2,0.7109248
6748,SMC5,0.72795606
6749,SPRY2,0.49550033
6750,RETNLB,0.6741914
6751,AL158211.2,0.6823742
6752,CTSA,0.5553756
6753,AC010245.2,0.67410946
6754,SLC6A6,0.6154682
6755,CCDC74B,0.39699197
6756,IQSEC2,0.51479673
6757,PINK1,0.43133664
6758,TRIM8,0.48446426
6759,LAMTOR1,0.4223554
6760,ZMAT5,0.49983445
6761,SEPT3,0.6086332
6762,VPS53,0.5571691
6763,TENM1,0.7019991
6764,AMIGO2,0.5937848
6765,TRIM25,0.55706865
6766,ULK4,0.4840927
6767,SWI5,0.6580207
6768,C17ORF98,0.7035134
6769,GREB1L,0.38267633
6770,Z83843.1,0.7251799
6771,DDX52,0.56496966
6772,LTC4S,0.45327792
6773,GLIPR1L2,0.67893916
6774,MYT1,0.4520215
6775,SLC35F6,0.499799
6776,FASTK,0.6985388
6777,R3HDM2,0.65520436
6778,PVALB,0.31714544
6779,EPB41L2,0.61294407
6780,PIH1D3,0.68623906
6781,NECTIN3-AS1,0.5537874
6782,WDFY2,0.4525566
6783,ZNF517,0.6288829
6784,FAM111A,0.5157895
6785,ELP2,0.60868704
6786,ARHGAP39,0.5072206
6787,PTP4A3,0.51597214
6788,ATP6AP1L,0.66492516
6789,PUS7L,0.63674
6790,SIRPG,0.73420596
6791,BHLHE22,0.65520567
6792,DHRS7B,0.57982254
6793,PAOX,0.68410826
6794,TMEM225B,0.67890936
6795,GAN,0.47587827
6796,DMTF1,0.6502431
6797,LINC02610,0.6929856
6798,ZBBX,0.64423215
6799,ELAVL4,0.60780305
6800,PHKA2,0.7625597
6801,PHKB,0.6019931
6802,PNPLA4,0.53394914
6803,LINC01484,0.7679375
6804,CLCNKA,0.6877394
6805,AC103703.1,0.72965854
6806,SFXN5,0.37864852
6807,AL603910.1,0.6999612
6808,AKNAD1,0.65145344
6809,CALHM5,0.77566975
6810,RASA3,0.6949536
6811,TMC2,0.6759317
6812,ATN1,0.56785375
6813,TMEM232,0.71199757
6814,OR10G3,0.74133676
6815,UGT3A2,0.552566
6816,METTL16,0.6664186
6817,NMNAT2,0.6743538
6818,WDR73,0.74844337
6819,CNGB3,0.6787185
6820,F12,0.452297
6821,PARP6,0.6277111
6822,SUN3,0.6863942
6823,TSSC1,0.6267016
6824,ASAH2,0.6879828
6825,PRKCD,0.6079983
6826,SRC,0.5192023
6827,CCDC74A,0.40971294
6828,ITFG2,0.633859
6829,TGM7,0.7096999
6830,CEP83,0.69081706
6831,EXOC3L2,0.75017434
6832,SDCCAG3,0.5451404
6833,TMEM8A,0.55055594
6834,FFAR3,0.7082398
6835,MEI4,0.68839914
6836,MOGAT1,0.72927094
6837,ARL17B,0.67068577
6838,OR6V1,0.6922464
6839,GNG7,0.40959165
6840,KCTD6,0.58247244
6841,ACRV1,0.6719837
6842,CD46,0.6925097
6843,ZNF672,0.5651046
6844,ALDH3B1,0.5775048
6845,LRRK1,0.7271295
6846,MORN1,0.55385596
6847,SETD6,0.71236056
6848,ARHGEF38,0.53648585
6849,U47924.3,0.73692745
6850,TXNIP,0.473174
6851,SSTR1,0.6950076
6852,IMPG1,0.7186246
6853,TBX5-AS1,0.7171759
6854,TMEM8B,0.6741325
6855,ZNF703,0.38294673
6856,ZFAND5,0.67738956
6857,SF3B1,0.7477812
6858,ITPRIP,0.6945122
6859,AC093159.1,0.67726535
6860,TSSK6,0.5845945
6861,AC124319.1,0.66451555
6862,LRRC29,0.57903737
6863,KIAA0408,0.7367716
6864,AL713866.1,0.68684536
6865,MATN3,0.6147938
6866,CYB561A3,0.58075017
6867,NME5,0.52339965
6868,TMEM176B,0.5451358
6869,CEACAM5,0.3844931
6870,HNRNPUL1,0.706835
6871,BATF3,0.718057
6872,HABP4,0.6367896
6873,LINC02076,0.6686075
6874,RGS21,0.69075274
6875,SLC25A28,0.54223377
6876,AC087742.1,0.70604163
6877,SYP,0.6373597
6878,ZNF491,0.69614524
6879,BTN3A3,0.7187106
6880,TCIM,0.41444454
6881,HHIPL1,0.5777097
6882,ANAPC16,0.6721248
6883,PLAAT3,0.4253074
6884,AC007220.1,0.7416697
6885,SERINC4,0.6657333
6886,RAB11FIP4,0.66517484
6887,RARRES3,0.53078634
6888,PARP14,0.5934443
6889,DENND2D,0.5552183
6890,AP001972.3,0.71949553
6891,SMARCD2,0.65331084
6892,LA16C-306E5.2,0.6658129
6893,LINC02591,0.6029378
6894,MUS81,0.64530486
6895,C16ORF58,0.43141034
6896,NSG2,0.69197065
6897,IPCEF1,0.6731406
6898,CSAD,0.65644044
6899,NEK11,0.648197
6900,HOXB-AS3,0.58315784
6901,PRSS51,0.7003996
6902,ST8SIA5,0.67885524
6903,LINC01963,0.5669846
6904,ZNF609,0.6158414
6905,ASCL2,0.4365119
6906,LINC01619,0.66703457
6907,TBC1D3B,0.46029747
6908,AC022613.2,0.70736057
6909,FEZF2,0.67800856
6910,CYTH2,0.7571048
6911,LILRA5,0.6950676
6912,CPNE7,0.26144084
6913,KLHL30,0.7212312
6914,RCBTB2,0.71509904
6915,NUFIP2,0.60700864
6916,ABCC10,0.5863922
6917,NLRP2B,0.6861877
6918,PHYHIPL,0.5951299
6919,IRF5,0.5803805
6920,WNT3A,0.67237145
6921,TAS2R8,0.7232534
6922,CASP8AP2,0.6253341
6923,TLE6,0.46244726
6924,CELSR3,0.34012926
6925,ZNF653,0.582277
6926,NUBPL,0.67797047
6927,FAM175A,0.6498914
6928,SYTL5,0.6676552
6929,EFNB3,0.44395614
6930,GEMIN8,0.5806764
6931,IKZF2,0.44560078
6932,LRBA,0.6918126
6933,FAM124B,0.7202785
6934,AADAC,0.665706
6935,ETHE1,0.46167776
6936,RNF219,0.63666314
6937,ASCL4,0.7077946
6938,MMP12,0.32407743
6939,MEFV,0.74324673
6940,AC119674.1,0.6833895
6941,ABCG2,0.70975566
6942,PCAT19,0.62357146
6943,RAD23A,0.6943617
6944,IL1RAPL2,0.7316034
6945,NOL8,0.65599906
6946,IQCA1,0.58073527
6947,ZNF584,0.61726356
6948,C1ORF123,0.5736509
6949,SLC25A26,0.60506034
6950,MME,0.3562251
6951,C3AR1,0.7021192
6952,IFNB1,0.7203924
6953,SPTLC2,0.6821628
6954,SPAG9,0.5380132
6955,SMTNL1,0.69028217
6956,SCGB3A2,0.18018818
6957,TXN2,0.6671808
6958,RAI1,0.7180945
6959,MRPL24,0.6220467
6960,WDR34,0.58122027
6961,TXNDC11,0.41023543
6962,AC097724.1,0.6712716
6963,SIX5,0.65967375
6964,OPN5,0.7454656
6965,COASY,0.49545518
6966,AL021395.1,0.6239205
6967,ZBTB47,0.6227791
6968,CHCHD5,0.6245901
6969,AC090948.1,0.6748388
6970,TRIB3,0.5119539
6971,DPY19L2,0.644098
6972,NXNL2,0.5624029
6973,AOC1,0.5528499
6974,RAPSN,0.6656812
6975,HAND2,0.6980719
6976,S100A4,0.57877445
6977,NAA16,0.6470471
6978,AGRP,0.734705
6979,TRAPPC6A,0.6779821
6980,SLC2A14,0.49729666
6981,MROH8,0.7113506
6982,AC005070.3,0.7025086
6983,ATP7B,0.5084091
6984,AC068790.7,0.7109361
6985,PRR12,0.5704026
6986,SLC9B1,0.7204695
6987,ZNF79,0.64138013
6988,AC237221.1,0.64756536
6989,XIRP1,0.6266418
6990,KIAA0895L,0.62173885
6991,AC022296.4,0.7173929
6992,CXCL8,0.40823373
6993,GC,0.71108407
6994,AC064836.2,0.65723306
6995,SCAMP3,0.690911
6996,OR6K2,0.71417075
6997,HIST1H2AM,0.69395095
6998,AL022341.2,0.70209074
6999,TMEM192,0.70368814
7000,PNMA6F,0.6351014
7001,Z98200.1,0.7199735
7002,SOX7,0.6781787
7003,GBP3,0.5698944
7004,PIK3C3,0.68745786
7005,KRTAP4-16,0.7249406
7006,LINC00528,0.7388099
7007,MYT1L,0.69818735
7008,COQ8B,0.5206346
7009,BEND4,0.68159896
7010,ZNF484,0.6403667
7011,LINC02303,0.63940436
7012,HORMAD2,0.7635973
7013,AC008083.3,0.6692435
7014,SCAF1,0.5223807
7015,DACH2,0.6601616
7016,RRP1,0.54558617
7017,SMIM10L2B-AS1,0.7132404
7018,HOXB-AS1,0.6744573
7019,CCR6,0.72781926
7020,AL135818.2,0.7178026
7021,PPP1R42,0.64667827
7022,HLA-DQA2,0.38283312
7023,CSRNP2,0.66828984
7024,MYOM3,0.7155555
7025,HRH2,0.727009
7026,DNPEP,0.53042394
7027,AC092354.1,0.6823697
7028,INTS11,0.62643844
7029,SDC4,0.77920437
7030,AF038458.2,0.69776016
7031,ZNF441,0.6363737
7032,TRPC3,0.6995161
7033,CT45A1,0.5659159
7034,AC073320.1,0.69036555
7035,AC110615.1,0.66826105
7036,RGL4,0.7220323
7037,LINC00094,0.510904
7038,FMO5,0.6040315
7039,PRR23A,0.71428806
7040,TMEM145,0.36132726
7041,GPN2,0.60272676
7042,ATRNL1,0.55479413
7043,RFPL1,0.6528129
7044,GLUD2,0.59069115
7045,C11ORF24,0.3920965
7046,TBL3,0.47408462
7047,RAB40A,0.66436225
7048,TRPT1,0.5430086
7049,OR13J1,0.71798307
7050,ZNF699,0.748451
7051,AC004585.1,0.7135479
7052,SYN2,0.43749753
7053,HNRNPL,0.55203575
7054,PGM2L1,0.5515284
7055,AL662884.1,0.72766143
7056,TSPAN8,0.540977
7057,TRPS1,0.649187
7058,S100PBP,0.66543627
7059,GFER,0.44768927
7060,POU2F1,0.691921
7061,CRBN,0.6528623
7062,SLFN12,0.71315867
7063,LINGO3,0.5356359
7064,GABRQ,0.5672452
7065,SPG11,0.7040062
7066,RNF112,0.6939602
7067,BPIFA2,0.7029522
7068,AL121612.2,0.7295125
7069,COG3,0.636804
7070,LINC01843,0.6338533
7071,AC068389.1,0.6530717
7072,SND1,0.6695642
7073,C7ORF73,0.58240634
7074,PLB1,0.7076395
7075,TARBP2,0.51793504
7076,GLCCI1,0.57008
7077,ANXA9,0.55425006
7078,SPR,0.6805539
7079,SCARF1,0.80700254
7080,JAG1,0.5304572
7081,AMIGO3,0.6378862
7082,TMOD1,0.4499084
7083,RNASE4,0.5206359
7084,SLC35E3,0.6609983
7085,SH3PXD2A,0.6079278
7086,SPHK1,0.4584798
7087,BTRC,0.64984936
7088,TMEM74B,0.5830149
7089,ABHD12,0.6136984
7090,CSNK1G1,0.6201015
7091,LINC00896,0.6449544
7092,AC005363.2,0.47461447
7093,LINC01504,0.7145467
7094,PCED1B-AS1,0.74287635
7095,CARNS1,0.6585776
7096,CYP26A1,0.63513464
7097,ADAMTSL5,0.6272698
7098,GTF2IRD2,0.55912066
7099,PIM1,0.49824414
7100,RNF212B,0.6905888
7101,NPIPB15,0.54496974
7102,PLEKHA2,0.67442244
7103,FRMD6,0.52360255
7104,TRPM2,0.41810986
7105,PTPN18,0.52695376
7106,KIAA0319L,0.6224848
7107,RADIL,0.40759745
7108,RN7SL832P,0.6784695
7109,C2CD2L,0.52805775
7110,NECAB2,0.68214315
7111,CCDC109B,0.61013293
7112,AL109811.1,0.6796818
7113,TTC12,0.60003906
7114,ST20,0.5701461
7115,CABP1,0.6436817
7116,ARID4B,0.6931966
7117,UNC13B,0.5950703
7118,HEPHL1,0.58493334
7119,ADAMTSL3,0.70465994
7120,NUMB,0.65870273
7121,MLKL,0.7065322
7122,CARMIL3,0.52199155
7123,SCX,0.47005394
7124,PHRF1,0.6101028
7125,EVC,0.46343222
7126,SLC29A2,0.44913927
7127,FNDC10,0.4898313
7128,SLC10A6,0.7069292
7129,IL17C,0.6545782
7130,ACVR2A,0.58533883
7131,GNA14,0.65532047
7132,PHC2,0.4951723
7133,AC025575.2,0.6762207
7134,TEX9,0.6011229
7135,ZNF518A,0.67104644
7136,ACADSB,0.6459608
7137,CYB5D2,0.60712653
7138,LINC01597,0.71339196
7139,AL121890.5,0.7500686
7140,ATXN7L3,0.5269752
7141,KCNB1,0.4819367
7142,TKT,0.60373855
7143,C2ORF50,0.69626856
7144,TMEM147,0.66143256
7145,FGD6,0.6541044
7146,AP001107.5,0.6594116
7147,ZNF471,0.6693843
7148,ABCF3,0.61052585
7149,TMEM5,0.653688
7150,FBXL19,0.5516549
7151,GNL1,0.5540065
7152,XRN1,0.5923403
7153,ASPSCR1,0.5878412
7154,HSF1,0.6939917
7155,CSNK1A1,0.6547369
7156,UPF1,0.78573877
7157,CCDC62,0.7232478
7158,FCGR2A,0.70870113
7159,DOPEY2,0.5971642
7160,FOXRED1,0.45826212
7161,KCNU1,0.67155933
7162,EVI5,0.5776936
7163,ECI2,0.5287001
7164,TMPRSS15,0.70791274
7165,CADPS2,0.6234005
7166,AGAP5,0.5199973
7167,PPIP5K2,0.6460163
7168,SRGAP2,0.55117184
7169,OR4S1,0.7122548
7170,CCDC28B,0.4368054
7171,FAM98C,0.5895998
7172,LGALSL-DT,0.7250638
7173,HS3ST5,0.65700907
7174,AC127024.6,0.7830472
7175,AC092376.2,0.6990821
7176,THOP1,0.64499146
7177,SPACA4,0.74081045
7178,RXRG,0.7077084
7179,UCKL1,0.6864421
7180,TMEM181,0.66966295
7181,ZNF583,0.67102367
7182,AC133528.1,0.62628025
7183,WDR11,0.6700089
7184,NME9,0.7567603
7185,LZTS1,0.6553773
7186,KRTAP15-1,0.7019914
7187,FOXO4,0.65252346
7188,AC090337.1,0.722687
7189,IGHV1-69D,0.6856441
7190,MGMT,0.5073468
7191,KCNJ18,0.6812256
7192,ZNF587,0.69009876
7193,ZBTB46,0.59828144
7194,OR5K4,0.709239
7195,TESC,0.36323896
7196,ZDHHC18,0.5354486
7197,THAP7,0.47914955
7198,SEP15,0.63218457
7199,HIP1,0.61346203
7200,C20ORF204,0.24577694
7201,STARD5,0.60910565
7202,FBLL1,0.587879
7203,MYO7A,0.7087093
7204,GPR83,0.6430519
7205,AC006480.2,0.6610231
7206,TTC19,0.696317
7207,ILKAP,0.63146573
7208,OPTC,0.71426266
7209,PLA2G10,0.5135552
7210,BTBD19,0.74241287
7211,DNAJB12,0.55844975
7212,PROM2,0.66733027
7213,CREB3L1,0.48244098
7214,NLRP3,0.68836147
7215,CERS1,0.56843925
7216,DMRTC2,0.65814626
7217,BASP1,0.6137906
7218,CCN6,0.45826387
7219,POC5,0.7187593
7220,TOLLIP,0.5997485
7221,COL19A1,0.6917189
7222,LPCAT3,0.66583925
7223,FGFR3,0.4194778
7224,MON1B,0.645787
7225,AC130371.2,0.5889823
7226,AC011472.4,0.72977096
7227,B9D2,0.5984534
7228,ANO4,0.66718143
7229,KRT2,0.6997538
7230,APOA5,0.63050246
7231,CD96,0.714873
7232,M1AP,0.5715769
7233,PHF12,0.74205303
7234,CMTM3,0.63517827
7235,ZNF395,0.5913883
7236,STAC3,0.6400211
7237,ANKRD66,0.7534277
7238,SLC6A4,0.2837904
7239,PAK3,0.7176631
7240,NLGN1,0.6566706
7241,AC068722.2,0.6661449
7242,TOGARAM2,0.69860077
7243,WDFY3,0.65274566
7244,DPYD,0.58837587
7245,Z95331.1,0.68385905
7246,AMER2,0.5997524
7247,IRS4,0.6719284
7248,LINC01268,0.6926401
7249,MARK4,0.5552021
7250,NDOR1,0.5008088
7251,OR2J2,0.72277045
7252,ZSCAN30,0.61632985
7253,NFATC3,0.5502613
7254,LCA5,0.6995967
7255,GABRB2,0.71762985
7256,CDH4,0.514905
7257,SULT1B1,0.6291544
7258,PIPOX,0.6830328
7259,CPA6,0.5987174
7260,XRN2,0.7202551
7261,DCTN2,0.57175416
7262,ADAMTS12,0.81426615
7263,TMPRSS4,0.38178277
7264,ZNF891,0.49315962
7265,AC084809.1,0.6996022
7266,SNX9,0.6218644
7267,C17ORF80,0.54561657
7268,HEXIM1,0.65403485
7269,PCDHA13,0.6135703
7270,ZFYVE19,0.6427304
7271,HFM1,0.719619
7272,ASB2,0.669267
7273,FERMT2,0.7208982
7274,THEMIS2,0.66023535
7275,XKR5,0.673153
7276,LHFPL4,0.72143745
7277,RELA,0.48547712
7278,ARMC3,0.68269205
7279,SLC25A39,0.73163515
7280,STUB1,0.7537358
7281,PNMA2,0.672283
7282,ACADL,0.60813946
7283,NT5M,0.38569975
7284,ARL10,0.6812442
7285,SLC4A5,0.41104746
7286,ENDOV,0.56562644
7287,FSTL5,0.73737234
7288,MED13L,0.6600211
7289,LHX4,0.70876473
7290,FAM180A,0.5572718
7291,PRKAR1B,0.6201201
7292,IL12B,0.7238143
7293,TCTE1,0.71455836
7294,TSC22D1-AS1,0.71072453
7295,STK32A,0.6074106
7296,F2RL3,0.6854436
7297,BMP2K,0.65112215
7298,MBOAT7,0.8054293
7299,AP2B1,0.47649276
7300,AL133482.1,0.6618236
7301,ZNF341,0.5840072
7302,RHBDL3,0.5118576
7303,GPR68,0.5997421
7304,PATE2,0.70917517
7305,IRGQ,0.55020297
7306,MANEAL,0.60254127
7307,TEX53,0.717882
7308,SMG9,0.50429505
7309,KCNN1,0.55545396
7310,GOLGA2,0.40060535
7311,IGBP1,0.56865555
7312,THEMIS,0.76942617
7313,TNFAIP6,0.6855468
7314,UBXN1,0.5932157
7315,ZNF763,0.60971993
7316,ACAD10,0.5807891
7317,OR10S1,0.6872254
7318,HCAR3,0.59908026
7319,CHST12,0.50265926
7320,PELI2,0.6261466
7321,ZNF385B,0.62401843
7322,AC091180.2,0.6859625
7323,GCDH,0.5743869
7324,GSTM4,0.50780755
7325,FAM175B,0.6497014
7326,UBE2L6,0.5230887
7327,SMIM14,0.64177567
7328,GSTA2,0.5006324
7329,STX2,0.6606652
7330,KAT5,0.63191235
7331,OR5T3,0.6784813
7332,AJ009632.2,0.68976706
7333,PRNP,0.62199837
7334,LINC00324,0.6271953
7335,ASIC3,0.49947056
7336,APEX1,0.7692445
7337,AL161785.1,0.6923707
7338,P2RX5,0.5036575
7339,EIF3F,0.54091084
7340,AC020909.2,0.7138979
7341,AC010542.2,0.661328
7342,YPEL2,0.60523015
7343,TMEM151A,0.6458536
7344,ATP5O,0.48792735
7345,CDH8,0.75020415
7346,FAN1,0.6623822
7347,SYS1,0.47831038
7348,GPR42,0.7174776
7349,AFF4,0.7070086
7350,ZNF25,0.71676534
7351,CERS2,0.60837495
7352,TKFC,0.58382124
7353,LINC00645,0.44061658
7354,AC099489.1,0.6721745
7355,C17ORF62,0.52275705
7356,NUPL2,0.5945041
7357,NEK1,0.68036014
7358,DISP1,0.6695476
7359,MAGEA8,0.5891586
7360,CELF6,0.5834215
7361,AP1G2,0.6765392
7362,AC007998.3,0.7491331
7363,AKAP17A,0.540114
7364,MSX1,0.6185493
7365,AKT2,0.64158314
7366,TBRG4,0.58192706
7367,MYL2,0.67029697
7368,ASGR2,0.7251944
7369,AC093525.7,0.71654296
7370,CEP128,0.5890005
7371,HRASLS5,0.64299244
7372,LINC02099,0.67545325
7373,IPO11,0.6628031
7374,ACIN1,0.67748046
7375,MAGED2,0.5071557
7376,NCMAP-DT,0.6386823
7377,ABCB11,0.7372213
7378,PRKAR1A,0.5572943
7379,ANAPC5,0.59119344
7380,CDH13,0.7411664
7381,PALLD,0.5247257
7382,CCSER1,0.59450316
7383,HAMP,0.4613622
7384,TAF1,0.6903846
7385,LMF2,0.503248
7386,KCNAB1,0.53983396
7387,CACNA1G,0.5639081
7388,CCL18,0.5079618
7389,LINC02450,0.71048164
7390,SLC22A3,0.6564851
7391,ATP5F1D,0.56122965
7392,GPR171,0.75767237
7393,TNFRSF8,0.6521024
7394,NKX2-8,0.7029503
7395,CYP2U1,0.75688213
7396,REEP1,0.5884095
7397,LINC01088,0.6799137
7398,SPCS1,0.6607345
7399,LINC02043,0.6606919
7400,MARCH1,0.7991187
7401,TIPARP,0.59425926
7402,SEL1L,0.50740033
7403,TEX43,0.67620087
7404,HOXC4,0.5589658
7405,SPOPL,0.70047945
7406,SLC22A23,0.5441506
7407,CNKSR2,0.6734937
7408,LINC01393,0.7126778
7409,PHETA1,0.53267425
7410,PM20D1,0.7366295
7411,AC019257.1,0.7149065
7412,TMBIM4,0.5476238
7413,SLC35G2,0.639577
7414,DEF8,0.4639533
7415,DCTN3,0.63533264
7416,ARSE,0.64413095
7417,PIK3R6,0.7722661
7418,POLR2J,0.66927344
7419,AC100801.1,0.5552137
7420,ERN2,0.655143
7421,TAOK1,0.5800044
7422,PRR26,0.76043135
7423,WBP4,0.6575887
7424,ACER3,0.6110781
7425,H1F0,0.6259964
7426,NBPF26,0.6192114
7427,PWP2,0.32078755
7428,LINC00488,0.70657706
7429,TLCD2,0.646232
7430,PHF21A,0.59450704
7431,PI4KB,0.73427457
7432,SHOX2,0.6873439
7433,WASHC2A,0.49060324
7434,TMEM176A,0.4973745
7435,GNG2,0.77281624
7436,PHF21B,0.5737953
7437,BBIP1,0.4740789
7438,CYP4F26P,0.59006536
7439,KLHDC2,0.75052476
7440,KIF4B,0.6467132
7441,LINC01214,0.675499
7442,P2RY2,0.4599776
7443,KCNH5,0.706727
7444,AC110792.3,0.65930367
7445,SPATA6L,0.5918972
7446,FBP1,0.53721875
7447,CLTCL1,0.5842579
7448,CCDC148,0.6412328
7449,MCOLN2,0.59103876
7450,AC012313.5,0.6768899
7451,HAGH,0.607594
7452,HSPB8,0.4479157
7453,CCDC81,0.68080884
7454,AL365181.2,0.57753414
7455,RAB27B,0.5876794
7456,ARHGAP35,0.7512724
7457,IRAK1,0.5492688
7458,NDUFA2,0.6418261
7459,RNF223,0.44642314
7460,DCDC2C,0.68880373
7461,CCER2,0.5945031
7462,TERC,0.6556489
7463,CSPP1,0.40748116
7464,SNRNP200,0.805885
7465,PRKG2,0.7317293
7466,C16ORF70,0.49217877
7467,MMAB,0.5613722
7468,DDX3X,0.5597655
7469,UFSP2,0.54070556
7470,CCNDBP1,0.5497698
7471,ARHGEF3,0.6167567
7472,PHF3,0.6673667
7473,MSANTD1,0.6737118
7474,PIP4P1,0.6063607
7475,NR2E3,0.6568657
7476,RBMXL1,0.69343835
7477,DCAF10,0.63299006
7478,PCDHGA4,0.7219932
7479,HOXA7,0.4157739
7480,TEAD3,0.61721647
7481,ZNF44,0.6544384
7482,TPBG,0.5272614
7483,ABHD18,0.67624587
7484,BBOF1,0.6727864
7485,CA10,0.686493
7486,DNHD1,0.5465504
7487,PCDHB5,0.6982246
7488,AC008105.3,0.7649153
7489,SART1,0.5846062
7490,AGO4,0.6931946
7491,PIH1D2,0.5784975
7492,GBP4,0.6644864
7493,MCEMP1,0.7390576
7494,APOC1,0.58551234
7495,AC092574.1,0.64153427
7496,DCAF8L1,0.67764884
7497,CYP20A1,0.5709522
7498,SPEM2,0.70533615
7499,PCDHA10,0.52140087
7500,AC073389.2,0.7074812
7501,ANXA1,0.46162784
7502,HOXD11,0.63526267
7503,HYDIN,0.5823436
7504,REN,0.64632314
7505,AC116036.2,0.73922616
7506,NSMCE1,0.6491793
7507,NINJ1,0.5347827
7508,FAM198B,0.5687291
7509,LRP1B,0.55743986
7510,PAK4,0.5803099
7511,AC040977.1,0.6181429
7512,OR13C3,0.67018527
7513,IL10RB,0.5616269
7514,AC092794.1,0.7130851
7515,NIN,0.63470656
7516,DNAJB14,0.6179772
7517,GCGR,0.66174114
7518,MCAT,0.62073344
7519,KCTD10,0.557432
7520,AL121845.4,0.7111964
7521,AL160408.4,0.6610509
7522,LAMP5,0.6090557
7523,C2ORF80,0.74260044
7524,Z94721.3,0.7413953
7525,PRSS36,0.454993
7526,HCK,0.6060858
7527,NKX2-1,0.63904095
7528,RAB24,0.5676897
7529,LCMT1,0.75066066
7530,AL023806.2,0.6769004
7531,FKBP4,0.70767313
7532,IL17RC,0.571929
7533,CFAP97D1,0.7570221
7534,SH2D4A,0.44343507
7535,AL732314.4,0.72254413
7536,TMEM260,0.6732263
7537,PELP1,0.52627856
7538,NUDT14,0.5740831
7539,ZFHX2,0.48150396
7540,LINC01215,0.71671486
7541,AP4M1,0.53347784
7542,KRTAP1-5,0.67492443
7543,DDOST,0.59117097
7544,AL392086.3,0.72050714
7545,LRRC37A3,0.6328895
7546,AC026367.2,0.699086
7547,MYCBP2-AS1,0.7707598
7548,ANKRD6,0.6676673
7549,MEF2A,0.5705309
7550,ANKRD17,0.65371
7551,THBS3,0.42951384
7552,TAC3,0.7347841
7553,ZNF80,0.7143186
7554,TMEM45B,0.4962035
7555,NR1D1,0.5311391
7556,MCF2L,0.6127365
7557,TTC8,0.6689806
7558,GALK1,0.44553053
7559,NLE1,0.60589427
7560,AL359715.2,0.70169157
7561,DRP2,0.7183636
7562,HEYL,0.7515314
7563,LINC01943,0.5786546
7564,EIF6,0.4741583
7565,GIPC3,0.59013414
7566,AC116348.1,0.6880366
7567,TMBIM1,0.59551233
7568,CNPY2,0.7518043
7569,GOLGA6L4,0.6577777
7570,SEC11A,0.6861742
7571,BTN3A2,0.6429061
7572,RASSF7,0.67259073
7573,RERE,0.6811624
7574,DNAH12,0.67367834
7575,NEO1,0.54759204
7576,AC010201.2,0.59287935
7577,RBSN,0.5579714
7578,BIK,0.53330797
7579,TRIM50,0.68532467
7580,NSMF,0.41049334
7581,CPAMD8,0.47270504
7582,RER1,0.66494256
7583,ARHGAP32,0.6451002
7584,USP47,0.57322925
7585,SH3GL1,0.5235321
7586,CACNA2D1,0.5759465
7587,RAB1B,0.54338
7588,CREBL2,0.6211309
7589,MECR,0.5993342
7590,RAPGEF6,0.63519645
7591,ALPK2,0.57082325
7592,EIF4G3,0.57634044
7593,PPP2R2A,0.59412503
7594,TP53BP1,0.7053427
7595,PSMA8,0.65872097
7596,SMARCB1,0.6178703
7597,AATF,0.5433462
7598,DOK7,0.4314933
7599,LINC02587,0.6722045
7600,BTAF1,0.57574576
7601,ANGEL1,0.6001889
7602,HOXA5,0.578884
7603,IFT43,0.6020909
7604,LINC01048,0.6752191
7605,SLC1A4,0.4058735
7606,AC103760.1,0.6113465
7607,BBS4,0.6285508
7608,AC026202.2,0.7384055
7609,AC073365.1,0.6285787
7610,RMDN2,0.6189591
7611,STK17B,0.6997564
7612,CCDC190,0.6490305
7613,STRIT1,0.6706822
7614,CLSTN1,0.66811156
7615,CX3CL1,0.50245106
7616,PDE8B,0.559557
7617,FLRT3,0.51262474
7618,BMP4,0.49751353
7619,SLC47A1,0.63321805
7620,NFIX,0.51282567
7621,PIH1D1,0.55635697
7622,NANOS2,0.7193995
7623,PLPP2,0.701341
7624,CALD1,0.7079776
7625,BTBD6,0.59051794
7626,GARNL3,0.6128012
7627,SLITRK1,0.71699834
7628,NCOA1,0.58305
7629,NAP1L2,0.62783265
7630,PDAP1,0.6761887
7631,LONRF3,0.652386
7632,FRMD4B,0.6064072
7633,TRADD,0.4850802
7634,SSBP4,0.45953062
7635,GDF11,0.5247572
7636,NAA10,0.6459474
7637,PTP4A1,0.3122221
7638,DAZL,0.7305191
7639,VCX,0.588413
7640,GFM2,0.70068246
7641,P2RY10,0.7333005
7642,TICAM1,0.5334718
7643,OGFOD2,0.50210387
7644,ZMAT3,0.77769065
7645,DOCK8-AS1,0.633395
7646,AC060766.4,0.79955816
7647,RASA2,0.6678233
7648,VSIG4,0.64452523
7649,KIFC2,0.59056497
7650,PRKD1,0.7654801
7651,OTUD7A,0.69049996
7652,STK40,0.49458662
7653,IL5,0.70261765
7654,ZNF214,0.56648755
7655,ABCA5,0.5998729
7656,SCYL3,0.75828934
7657,GNAL,0.4370369
7658,LINC02012,0.55009466
7659,GAL3ST1,0.5983443
7660,CLDN14,0.67396545
7661,MAP3K7CL,0.76258177
7662,C1QL1,0.32961473
7663,HERC6,0.4125309
7664,DMXL1,0.64770687
7665,OR7A17,0.70130926
7666,CCRL2,0.67452663
7667,ALDH3A2,0.6058617
7668,LAMTOR2,0.689358
7669,LHX1,0.65772945
7670,KEL,0.715213
7671,LITAF,0.5064499
7672,SMYD1,0.64299023
7673,CD226,0.78933
7674,LRRC59,0.5643227
7675,CATSPERD,0.6935666
7676,FAM173B,0.6297524
7677,TSTA3,0.7071368
7678,INTS6,0.65536326
7679,CBFA2T2,0.7069388
7680,LINC01285,0.680342
7681,NMUR2,0.7000654
7682,JCAD,0.812768
7683,PPIP5K1,0.52058774
7684,CC2D1B,0.6151981
7685,MAP6,0.66802794
7686,ETS2,0.5582675
7687,SPCS3,0.3044112
7688,TTN-AS1,0.66724014
7689,RNF207,0.49876896
7690,TAF6L,0.5588912
7691,RSRP1,0.580766
7692,PLXNA3,0.58779997
7693,TRIM38,0.6080582
7694,MPO,0.7176354
7695,LRRC37A2,0.65048146
7696,RAB3A,0.28357816
7697,PDE6A,0.69435287
7698,MMP24-AS1,0.3192516
7699,RNASE13,0.6920031
7700,LY96,0.75173855
7701,SPDYE16,0.68559617
7702,RPS6KA5,0.5900789
7703,TMEM150C,0.54446477
7704,MALRD1,0.4721497
7705,YJEFN3,0.37815487
7706,PPOX,0.62776655
7707,PAEP,0.61355233
7708,MYPN,0.6624606
7709,ARID1B,0.6625383
7710,ATP9B,0.6234056
7711,PDPR,0.4912429
7712,PLAC8,0.6539648
7713,DERL1,0.6326032
7714,TRERF1,0.68546844
7715,SOX12,0.5475144
7716,TXNDC2,0.7531442
7717,FAM127B,0.59232616
7718,NCBP2-AS2,0.5637987
7719,PES1,0.5784241
7720,ECHS1,0.72081167
7721,AF186192.1,0.7136163
7722,AC093297.2,0.3999807
7723,FOXN4,0.6862075
7724,RETREG1,0.5011007
7725,UBIAD1,0.6077703
7726,FBXL17,0.6333899
7727,AC245297.3,0.6492508
7728,DYNLRB1,0.6763404
7729,CLEC18B,0.6335756
7730,F3,0.45074925
7731,VAPA,0.680494
7732,GBAS,0.60291654
7733,INTS9,0.6429475
7734,IRAK3,0.6559563
7735,MYH15,0.6512901
7736,METRN,0.3676467
7737,MB,0.57761055
7738,ZFP2,0.70398116
7739,AC137630.2,0.697908
7740,C9ORF16,0.49037573
7741,LINC00987,0.6424331
7742,MSANTD2,0.69166917
7743,ALDH8A1,0.6061006
7744,ARHGEF26,0.5568335
7745,CPNE9,0.68364877
7746,PPFIBP1,0.6515171
7747,AC015921.1,0.72510195
7748,EPS8L2,0.6866731
7749,GBGT1,0.52603847
7750,AC092338.3,0.7548568
7751,PHF24,0.5689861
7752,ZNF483,0.53121096
7753,IL10,0.71979326
7754,NR2F1-AS1,0.6683356
7755,RNF125,0.70158356
7756,ATP2B1,0.5536954
7757,ADAMTS7,0.6956003
7758,OR4K17,0.6908911
7759,OR4D1,0.7338721
7760,INCA1,0.70574826
7761,AL117339.4,0.7046559
7762,KCNIP4,0.63476825
7763,EPHA3,0.59959185
7764,GPR135,0.66361594
7765,TEC,0.69371176
7766,KISS1,0.5788193
7767,CHRNA7,0.7121272
7768,GPHA2,0.66328293
7769,SV2B,0.6306946
7770,AC114810.1,0.66674834
7771,IQCD,0.55185336
7772,TTC25,0.6967432
7773,FCRL6,0.73236895
7774,TPRA1,0.5462745
7775,PELI3,0.5295301
7776,SP6,0.38062033
7777,UBN2,0.7032841
7778,VASP,0.32144937
7779,EID1,0.5974154
7780,PHF11,0.6202468
7781,ACSBG2,0.67412853
7782,ASH1L,0.733159
7783,TNFRSF10D,0.6845482
7784,HADHA,0.658299
7785,TJAP1,0.5581154
7786,PHACTR4,0.6982612
7787,EXOC4,0.5368753
7788,OR2H2,0.71362376
7789,TRAPPC3L,0.72414416
7790,AL162231.1,0.30417934
7791,FCGR2B,0.65580523
7792,AL596442.2,0.69853663
7793,LINC02102,0.72135276
7794,DDX6,0.3612145
7795,PNMAL1,0.65925235
7796,SLC17A9,0.26452646
7797,TCTN2,0.55686516
7798,AP000238.1,0.6940367
7799,AC012354.1,0.66157466
7800,DNM2,0.44780895
7801,CFTR,0.7142183
7802,FAM117A,0.5823397
7803,ZNF665,0.6039414
7804,BNIP5,0.7299399
7805,PABPN1,0.57511705
7806,MKNK1,0.6257598
7807,AC084018.2,0.65679777
7808,ESX1,0.582047
7809,RAB11FIP2,0.6989004
7810,ABR,0.5473697
7811,RHO,0.653883
7812,MYBPC3,0.6670289
7813,RERE-AS1,0.6848132
7814,HABP2,0.6104298
7815,MFSD2B,0.16217762
7816,ASTN2,0.3488135
7817,SPATA32,0.72574466
7818,LRIG2-DT,0.69572693
7819,DEC1,0.7415137
7820,AC007681.1,0.68777037
7821,C11ORF58,0.7155976
7822,FAM171A2,0.4273772
7823,GAB1,0.6354956
7824,C1ORF87,0.6948444
7825,HSPA6,0.32710788
7826,TEKT3,0.48575178
7827,SH3BP5L,0.6164859
7828,AC106028.4,0.67794466
7829,WASHC1,0.5718064
7830,OR11H6,0.7303281
7831,AL590999.1,0.71433216
7832,PLPP3,0.57588285
7833,PAN3,0.6874416
7834,SPART,0.5747536
7835,TSHB,0.72761244
7836,BAK1,0.51814395
7837,SLC24A5,0.48772883
7838,MARK3,0.6294105
7839,AL138781.1,0.67613053
7840,LINC01482,0.7565473
7841,MAGEA1,0.58086854
7842,PYROXD1,0.67664003
7843,ZNF576,0.52147865
7844,ZNF134,0.6235098
7845,HMGCL,0.4642022
7846,ATP8B3,0.672909
7847,ADAMTS9,0.52267414
7848,MRTFB,0.64466816
7849,ZNF773,0.6618821
7850,DOCK1,0.6127841
7851,SEC16A,0.6865999
7852,N4BP1,0.59945315
7853,AL080317.1,0.6818716
7854,TRIM62,0.63596606
7855,KLRK1,0.7578821
7856,TRMT61A,0.5499826
7857,AC021491.4,0.6384256
7858,APOBEC3H,0.7438032
7859,ST8SIA2,0.7242203
7860,GABRD,0.56078416
7861,SHISA2,0.5040859
7862,AC133540.1,0.6754777
7863,C1QB,0.6858018
7864,ITK,0.74772984
7865,SLC20A1,0.52228755
7866,PDC,0.7156171
7867,HOXC5,0.55239683
7868,AC048341.1,0.6262441
7869,BX323043.1,0.7431691
7870,P2RX3,0.7049697
7871,IGLV8-61,0.72005653
7872,DERL2,0.53490835
7873,IGSF6,0.7557278
7874,AC027097.2,0.6656494
7875,AP3D1,0.7271134
7876,AC007038.1,0.66267425
7877,AFAP1L2,0.6012613
7878,SLC17A2,0.70629066
7879,MARCH8,0.6846234
7880,MAGEA2,0.5545117
7881,UTS2B,0.7122338
7882,WWTR1-IT1,0.7023428
7883,CMIP,0.58579606
7884,ISCU,0.46240517
7885,GPC6,0.7988151
7886,GLRA3,0.61340815
7887,TMF1,0.61090106
7888,AC017104.1,0.72641844
7889,EFHB,0.7349434
7890,GPCPD1,0.61596555
7891,S100A7A,0.31891787
7892,NEK9,0.5826692
7893,KMO,0.58987665
7894,DDR2,0.6383999
7895,TMEM11,0.49528077
7896,RUFY4,0.65042496
7897,PRH1,0.6228308
7898,AC107982.3,0.66787606
7899,SAMD4B,0.5081772
7900,FHAD1,0.6348088
7901,GLI2,0.7517865
7902,SLC26A8,0.5972238
7903,AC093726.2,0.71436214
7904,C1QTNF2,0.5429241
7905,AC010327.5,0.7076116
7906,C1ORF56,0.5305179
7907,AL391845.2,0.6778254
7908,CCDC68,0.6623691
7909,ADD1,0.5234526
7910,C5AR1,0.6784566
7911,KANTR,0.62150663
7912,ZNF841,0.6476694
7913,PAM,0.5190769
7914,SPSB1,0.4697148
7915,ZNF844,0.5878096
7916,TCERG1,0.73984975
7917,SUCNR1,0.76154226
7918,SHB,0.5690494
7919,RXFP1,0.75198483
7920,CSF2RA,0.6786801
7921,DNAJC14,0.57044184
7922,U91319.1,0.674787
7923,C1ORF21,0.51350236
7924,MTMR8,0.75140876
7925,LACTB2-AS1,0.74385124
7926,CCDC189,0.46908757
7927,CHMP4B,0.7165902
7928,C3ORF35,0.678881
7929,NCOA3,0.55493927
7930,CPO,0.6760538
7931,AL158196.1,0.6943736
7932,HIGD2A,0.5763907
7933,GNAT1,0.6959803
7934,LINC01480,0.66670513
7935,DNAH5,0.6170555
7936,ZBED1,0.37668362
7937,AC009283.1,0.19094181
7938,KATNB1,0.61250764
7939,C19ORF43,0.4704369
7940,GUSB,0.5382031
7941,FAM83G,0.5302638
7942,MTX3,0.69359463
7943,DCDC2,0.6103769
7944,CASP5,0.75064087
7945,MIR9-3HG,0.31446084
7946,DUS2,0.531383
7947,TIGIT,0.70553344
7948,TXNDC17,0.7540159
7949,AL512625.3,0.76722
7950,ASAP3,0.5055024
7951,OBSCN,0.4691538
7952,WASHC4,0.5555069
7953,ZFHX2-AS1,0.6157891
7954,SARDH,0.53691536
7955,CARD19,0.58992386
7956,IVD,0.5638674
7957,DAZAP2,0.65975696
7958,DPM3,0.6694363
7959,PAF1,0.56273717
7960,LILRA1,0.70286876
7961,AC007390.2,0.67218184
7962,MIF4GD,0.43724492
7963,ZDHHC3,0.6367164
7964,ZNF502,0.6755068
7965,HECTD3,0.5518197
7966,AIF1,0.74919206
7967,ELFN2,0.66876775
7968,OTUD3,0.66994756
7969,GRIK3,0.5203454
7970,PIGO,0.5378003
7971,TNFAIP8L1,0.6579285
7972,RNASEH2A,0.48615798
7973,GATD3A,0.16906697
7974,AL139246.5,0.3488926
7975,ARL13B,0.709054
7976,SH2D3A,0.51394063
7977,LZTS2,0.5295858
7978,TPP1,0.63339776
7979,STAT3,0.5396533
7980,TPRG1L,0.5582917
7981,DRC1,0.66692406
7982,GHRL,0.4874188
7983,SPANXD,0.5833785
7984,RHCE,0.38468692
7985,RBBP6,0.6906509
7986,AL158071.4,0.6887556
7987,FUOM,0.47921827
7988,AC087392.5,0.6946594
7989,SDR42E2,0.73549944
7990,AL133243.3,0.7219971
7991,HOXD3,0.6797321
7992,SGIP1,0.6659115
7993,STYXL1,0.6347498
7994,AC012313.8,0.66786647
7995,PIK3C2G,0.51795787
7996,DZIP3,0.7290892
7997,C17ORF50,0.66872376
7998,ZNF449,0.66870946
7999,REEP5,0.6367689
8000,OGFOD3,0.46737495
8001,SLC27A2,0.4604324
8002,ZNF18,0.6451268
8003,HRNR,0.7061979
8004,GLUD1,0.54832375
8005,RNF216,0.648264
8006,ZNF3,0.5965778
8007,BHLHA15,0.72426945
8008,LETMD1,0.6485769
8009,AF127936.2,0.73892903
8010,PAFAH1B2,0.5486341
8011,LRRC4C,0.61736846
8012,AC004687.1,0.73346764
8013,PLOD1,0.57291895
8014,GABPB2,0.6091139
8015,DHX8,0.54251444
8016,ZCWPW1,0.5217715
8017,SLC25A20,0.5568102
8018,USP21,0.64508444
8019,CHST15,0.39874062
8020,VPS13B,0.660809
8021,VN1R2,0.72919697
8022,ZNF554,0.61304474
8023,LHPP,0.5177829
8024,CNTN3,0.6039584
8025,DDR1,0.8754146
8026,AC010735.2,0.6492734
8027,HMBOX1,0.5797072
8028,TNFAIP3,0.6287605
8029,TPR,0.71528006
8030,HCRT,0.70175284
8031,LINGO4,0.43762898
8032,FBXL7,0.50444674
8033,CARF,0.63294166
8034,DDX53,0.72205216
8035,WNT8A,0.6814739
8036,CRYM,0.4653341
8037,RGS18,0.78547
8038,DSEL,0.6619039
8039,ZNF516,0.45089749
8040,TRIB2,0.55617636
8041,HSD17B3,0.6201405
8042,ADCK1,0.58654225
8043,CASS4,0.653874
8044,ANKLE2,0.4860731
8045,SMYD5,0.5522869
8046,NT5C1B,0.68219656
8047,LINC01117,0.68456227
8048,ATG14,0.6615004
8049,CYTIP,0.74797755
8050,ZNF768,0.7437059
8051,ELF2,0.5904302
8052,CROT,0.6301828
8053,PPWD1,0.62974954
8054,CRYGN,0.69454527
8055,RIOK3,0.5863332
8056,GTF2IRD2B,0.57054996
8057,ZNF839,0.48350295
8058,GZMB,0.6242706
8059,LRRFIP2,0.59607446
8060,AC104819.3,0.7241003
8061,RC3H1,0.6936035
8062,FRZB,0.1948433
8063,BSN,0.71468663
8064,FAM76A,0.690147
8065,PJA2,0.4915266
8066,LINC02328,0.64236194
8067,ZSWIM2,0.67736727
8068,LRRC36,0.67696434
8069,AC023794.1,0.6434956
8070,TNFSF10,0.44435993
8071,HNRNPDL,0.6901967
8072,LAYN,0.66783905
8073,FAM133B,0.6405775
8074,KSR1,0.6247549
8075,NFKB1,0.4966167
8076,AL034417.2,0.6718443
8077,SLFN13,0.38797653
8078,GABRR2,0.7408692
8079,LINC01123,0.62666684
8080,SHISA8,0.52076685
8081,SPINK8,0.52975446
8082,EXOC3L4,0.6051693
8083,USP15,0.5946708
8084,AC097448.1,0.66709656
8085,HIST1H4K,0.22846429
8086,AC110769.2,0.7106485
8087,PPP1R13L,0.7134664
8088,HSF4,0.56417984
8089,AC008121.2,0.70131016
8090,SHC3,0.55280966
8091,KAT8,0.5932537
8092,GCAT,0.5326405
8093,FAM71E1,0.40135923
8094,OR52N4,0.692681
8095,PANO1,0.6077425
8096,HES7,0.68545055
8097,HIF1AN,0.6306985
8098,ASCC2,0.5661972
8099,CCL26,0.69231147
8100,RNF10,0.67303103
8101,NEDD9,0.44202816
8102,ZP4,0.67044765
8103,MRPL52,0.6297198
8104,LINC02428,0.6947352
8105,MYO1D,0.5222026
8106,SIRLNT,0.08666933
8107,LYPD4,0.7152219
8108,MORC2-AS1,0.67273647
8109,SIRPB2,0.71524835
8110,CCDC174,0.64245063
8111,STS,0.59161687
8112,PHACTR3,0.63968635
8113,PRDM4,0.597147
8114,AC015819.1,0.71886164
8115,C4ORF3,0.6074007
8116,TMEM63A,0.6672161
8117,AC023790.2,0.6370099
8118,IGHG3,0.69312406
8119,PLPPR4,0.57627845
8120,TIMM44,0.63107747
8121,SACS,0.6364393
8122,SKOR1,0.6490529
8123,NUDT3,0.6115617
8124,AL132655.2,0.6156327
8125,AL591848.4,0.7412477
8126,CYP8B1,0.6539926
8127,LYPD6,0.4962913
8128,TAGAP,0.6916359
8129,MIER1,0.6498755
8130,TBATA,0.7097039
8131,GFI1,0.70473003
8132,TMEM129,0.5479707
8133,DNAH17,0.36852327
8134,ZZZ3,0.6039279
8135,ANKK1,0.6438907
8136,AC007785.3,0.712112
8137,CAD,0.70145625
8138,SECISBP2L,0.65144247
8139,LAMB4,0.6901528
8140,KIAA0556,0.6040158
8141,SIGLEC15,0.6173119
8142,AP001816.1,0.56309015
8143,MYLIP,0.59020823
8144,PSEN2,0.49105978
8145,SMCO2,0.7072099
8146,CCHCR1,0.6269086
8147,PDE8A,0.54391545
8148,LINC02356,0.70924205
8149,NEU4,0.5045572
8150,P4HA3,0.7477016
8151,SVOP,0.67328244
8152,STK25,0.6968553
8153,SLAMF9,0.6091156
8154,PSG6,0.7499757
8155,ATP6V0D2,0.6639125
8156,PABPC4,0.5558758
8157,LIPA,0.49954024
8158,AC074351.1,0.7119875
8159,NAPRT,0.36341718
8160,ZNF496,0.64161843
8161,TOPORS,0.63013333
8162,SLC52A1,0.4524077
8163,FSIP2-AS1,0.7499592
8164,PTCD1,0.57356435
8165,NAB2,0.57573986
8166,GNAT3,0.67026526
8167,BICDL2,0.67123294
8168,PARK2,0.6813434
8169,LDLR,0.6613569
8170,PRKAG1,0.72274876
8171,HOPX,0.48632756
8172,MYL3,0.7467806
8173,GNGT2,0.7195496
8174,ZNF416,0.5863173
8175,PPP1R17,0.7550537
8176,TP73,0.41853705
8177,MCF2,0.7013863
8178,CHD4,0.69492716
8179,AC134312.5,0.6777591
8180,ITPRIPL2,0.56265503
8181,FGFR1,0.30557314
8182,ALG1L,0.5575506
8183,BRK1,0.5587265
8184,LINC00939,0.6815651
8185,SLU7,0.5518702
8186,FARSA,0.6439455
8187,CLEC12A,0.73128134
8188,AKAP10,0.64758986
8189,LINC01896,0.69691044
8190,LDOC1L,0.64824754
8191,OGG1,0.63103074
8192,MKNK2,0.6460797
8193,CAPN9,0.43473837
8194,LINC02804,0.5739196
8195,INSM1,0.30321988
8196,SAFB2,0.62437755
8197,DHRSX,0.44266665
8198,AC000403.1,0.7661824
8199,RHPN1,0.74113196
8200,AL021368.1,0.702754
8201,OVGP1,0.65845877
8202,DLG3,0.77652127
8203,MRPL14,0.6745847
8204,JAK2,0.69144124
8205,COMTD1,0.57228255
8206,TBXA2R,0.65858835
8207,KCNAB3,0.6634648
8208,ZNF549,0.5942891
8209,PSMC3,0.61636394
8210,AC004982.1,0.61058766
8211,HIGD1C,0.6923936
8212,RAB11A,0.7682407
8213,GPR31,0.7278836
8214,AC074387.1,0.68566704
8215,HSF5,0.7059588
8216,CCKAR,0.71493626
8217,RTN3,0.7026308
8218,AC093827.4,0.63652915
8219,ALPL,0.23991714
8220,SPIRE2,0.4667097
8221,SFXN4,0.63612896
8222,A1BG,0.43434945
8223,ARHGAP31,0.6465239
8224,AC025774.1,0.7249794
8225,KRT34,0.7166311
8226,AC025165.4,0.59278184
8227,KIAA0907,0.5949692
8228,AL590399.3,0.6621218
8229,RIMS1,0.6677807
8230,AC100803.4,0.7342558
8231,LINC02019,0.6460658
8232,MMP14,0.60995764
8233,PCDHGA10,0.6718877
8234,AC108704.1,0.7152813
8235,MAFG,0.58925724
8236,FAM13A,0.61352897
8237,MTRNR2L12,0.62268287
8238,THG1L,0.64710337
8239,C5ORF17,0.67473334
8240,DRAXIN,0.5779577
8241,CXCL3,0.58887506
8242,KCNJ10,0.69117063
8243,KIF16B,0.6895189
8244,GLRA2,0.70176506
8245,LATS2,0.7253091
8246,MFSD13A,0.5712051
8247,FAM86C1,0.59589523
8248,OR6C3,0.71440333
8249,CTRB2,0.7432828
8250,SHISA6,0.7303229
8251,ZDHHC11,0.3190679
8252,TBC1D25,0.6097632
8253,PDE7B,0.6704249
8254,LINC01275,0.71422005
8255,LINC01705,0.6915512
8256,AP001528.1,0.66624916
8257,CALML6,0.58279556
8258,SEC14L6,0.66817355
8259,KLHL29,0.64014435
8260,DNAH3,0.73445064
8261,C1ORF54,0.79065746
8262,ANKRD53,0.6955405
8263,INSYN2A,0.41468787
8264,OR5AS1,0.7092188
8265,IFT74,0.61196446
8266,PIGG,0.6450708
8267,OSGIN1,0.508601
8268,BRD4,0.56086344
8269,ZBED5,0.66620916
8270,LCP1,0.7300775
8271,ZNF213,0.57766885
8272,COMT,0.60600024
8273,NPFFR1,0.69620556
8274,TNR,0.6594909
8275,LMCD1-AS1,0.6337132
8276,GDF15,0.40932846
8277,AP1M1,0.3993506
8278,YTHDC1,0.6975495
8279,AL138828.1,0.68066406
8280,GLB1L,0.5274041
8281,ENTPD5,0.52672166
8282,CDK13,0.6537565
8283,AREL1,0.67099506
8284,SPRR5,0.71684736
8285,TM7SF2,0.49996343
8286,GPR15,0.70667076
8287,KRBA1,0.6514802
8288,C9,0.71801084
8289,AC093787.2,0.74284464
8290,SLFNL1,0.6613304
8291,OR2L5,0.70134926
8292,SPSB2,0.47864303
8293,GDI1,0.72662455
8294,CNP,0.4137058
8295,AC009032.1,0.6916626
8296,DAP3,0.8177349
8297,METTL13,0.48975715
8298,ITGA2B,0.5267016
8299,C4ORF36,0.63300514
8300,EMC9,0.64776945
8301,AC005726.1,0.63862425
8302,PIAS1,0.61427945
8303,AC146944.4,0.5234841
8304,TMEM55B,0.5259704
8305,IDH3B,0.6984615
8306,CSK,0.5536813
8307,STPG2,0.6809779
8308,SLC46A2,0.69535017
8309,TBC1D20,0.66411763
8310,OSR2,0.4365138
8311,BST1,0.6866298
8312,CRIP3,0.68767387
8313,SLC25A21,0.55912787
8314,TTLL6,0.47513965
8315,RDH13,0.59817743
8316,PEA15,0.4869803
8317,IGSF9B,0.569512
8318,ZBTB1,0.59953785
8319,ZNF84,0.6253562
8320,MAP2K2,0.54160374
8321,GLB1L2,0.52347857
8322,GAPVD1,0.52673215
8323,MC2R,0.6635147
8324,CT45A3,0.58801186
8325,FICD,0.5742745
8326,ZNF445,0.6474166
8327,MRPL10,0.5193686
8328,CAVIN3,0.56719553
8329,DDB1,0.7395399
8330,CASZ1,0.6751516
8331,AC026356.2,0.7202378
8332,SLF1,0.5862922
8333,TMEM87A,0.73037773
8334,NEURL2,0.6047268
8335,STAT1,0.32244948
8336,CNTD2,0.3908849
8337,KLK12,0.5505008
8338,MDM2,0.60880655
8339,RASSF9,0.718643
8340,TRPV4,0.45346296
8341,MVK,0.64402336
8342,AC073072.1,0.7261727
8343,MGA,0.6819137
8344,STIM1,0.5344742
8345,SHISAL2A,0.68738246
8346,TEX11,0.70755243
8347,KATNAL1,0.6941845
8348,C19ORF38,0.5755439
8349,RPH3A,0.6983821
8350,DMTN,0.45642743
8351,WRB,0.6481493
8352,REEP2,0.5066471
8353,KCNK7,0.6510521
8354,C1RL,0.5661793
8355,CFAP70,0.6552388
8356,ZNF394,0.557731
8357,PPP3CC,0.63021725
8358,FAM19A5,0.665231
8359,NVL,0.79077715
8360,MRPS34,0.6430269
8361,HRAS,0.5867771
8362,MAGEA2B,0.54164386
8363,CPA5,0.69181395
8364,CCDC114,0.6244709
8365,ACKR2,0.40310895
8366,CBLN2,0.4833648
8367,AL138995.1,0.7361254
8368,SMAD5,0.6516503
8369,LRCH3,0.63127834
8370,MPV17L,0.5454728
8371,ZNF248,0.5902798
8372,KCNJ9,0.69768906
8373,CDC37,0.59386736
8374,CYB561D1,0.616643
8375,CIB4,0.6785226
8376,TAS2R13,0.69404536
8377,RHOH,0.5296878
8378,RASL12,0.60036504
8379,IBA57-DT,0.6756937
8380,EIF2AK4,0.5825506
8381,CPNE6,0.7203102
8382,RASSF4,0.6359045
8383,ERMN,0.6954844
8384,MSX2,0.53544074
8385,CLIP1,0.6557098
8386,NANS,0.6554244
8387,KIAA0513,0.5776199
8388,HIST1H1A,0.6981228
8389,TRIM13,0.6326087
8390,KLRC2,0.7172039
8391,ADORA3,0.63254124
8392,YTHDC2,0.6729617
8393,CEACAM6,0.24390304
8394,CUBN,0.73931867
8395,MARK2,0.6810915
8396,LRIG2,0.6500073
8397,AC004540.1,0.57003325
8398,SORBS2,0.58339334
8399,APAF1,0.57730776
8400,LGR5,0.4479208
8401,AC025171.4,0.7138388
8402,RHBDD3,0.545559
8403,LINC00683,0.59836006
8404,CACNG3,0.7052861
8405,C19ORF12,0.5318402
8406,COG8,0.61312336
8407,PSD3,0.5138869
8408,CLDN25,0.7461691
8409,ZSCAN1,0.5614005
8410,MIPOL1,0.5786787
8411,EHMT1,0.7232979
8412,PIAS2,0.6448312
8413,HIPK3,0.5775983
8414,NTMT1,0.5316371
8415,TNNI3K,0.46625018
8416,WDR19,0.6862116
8417,SLFNL1-AS1,0.6188341
8418,KPNB1,0.67658633
8419,AC021755.3,0.7014981
8420,GSAP,0.6725926
8421,METTL2A,0.39210176
8422,NAPA,0.6052782
8423,AC092807.2,0.68061775
8424,CPB2,0.6222963
8425,ENAH,0.67716795
8426,PIRT,0.66634035
8427,SH2D2A,0.3609515
8428,CCDC18,0.6014084
8429,PNMA1,0.5261941
8430,AL133467.1,0.68874645
8431,CCR5,0.7689554
8432,SPACA6,0.45235762
8433,SUPT20H,0.7659262
8434,OR4Q3,0.69948536
8435,AC009318.4,0.6484802
8436,RTL1,0.72051746
8437,AC135050.3,0.7140915
8438,ANKRD49,0.68872994
8439,REG4,0.7068302
8440,IL17RE,0.37866876
8441,TSSK4,0.68025035
8442,RAD9A,0.39990795
8443,CCDC155,0.6979621
8444,SV2A,0.6514134
8445,HTR7,0.7559209
8446,SLC18A1,0.4191616
8447,WIF1,0.3884078
8448,SMIM5,0.40535924
8449,DNASE1L1,0.3410866
8450,GH1,0.7089849
8451,ODF3L1,0.67857724
8452,SLC35B2,0.705548
8453,CKAP4,0.5508919
8454,C5,0.5926914
8455,SEC14L5,0.68096596
8456,HCN4,0.6344556
8457,CPLANE2,0.57336026
8458,PYGO1,0.5780793
8459,LINC00957,0.64553267
8460,EPO,0.4967681
8461,AC009021.1,0.7566242
8462,KRI1,0.57166725
8463,AC010904.2,0.7077599
8464,HAAO,0.70420927
8465,CEP295,0.61969745
8466,WWP1,0.6430719
8467,NEURL4,0.65391296
8468,AC007614.1,0.6546219
8469,HAS3,0.4342202
8470,TBC1D32,0.6478837
8471,CCNI,0.38002694
8472,FNIP1,0.59515285
8473,EHMT2,0.6293161
8474,AGO3,0.6845744
8475,CYB5R3,0.47419706
8476,CCNF,0.48126474
8477,HERC2,0.73415655
8478,GATB,0.6479552
8479,EGFL6,0.6124039
8480,ITGAM,0.6256686
8481,CD164,0.7115126
8482,AC010967.1,0.7560225
8483,BMPR1B-DT,0.5763736
8484,USP27X-AS1,0.7240713
8485,BARHL2,0.7683229
8486,C17ORF82,0.552861
8487,SKIDA1,0.6671011
8488,TM9SF2,0.66652656
8489,LRRC4,0.6878211
8490,ATP10A,0.6935854
8491,HYOU1,0.48090842
8492,MANBAL,0.57839787
8493,ACSM3,0.47461307
8494,ESYT1,0.52914137
8495,ABHD6,0.69115824
8496,CBLC,0.4819295
8497,SRGAP2B,0.761779
8498,OTP,0.70275646
8499,CERT1,0.634898
8500,FANCM,0.61866736
8501,PABPC1L,0.62360996
8502,FAM124A,0.61330706
8503,AC011476.3,0.74929935
8504,NTNG1,0.58468884
8505,OSGEP,0.5501173
8506,GYS2,0.7108944
8507,VCAM1,0.71317625
8508,TEX49,0.7204337
8509,ICA1,0.70605516
8510,WDR72,0.51398826
8511,ALOX5,0.5668207
8512,FAM66D,0.7117963
8513,ZBTB25,0.631641
8514,AL589740.1,0.66927046
8515,IBTK,0.61626226
8516,PPP1R13B,0.59416544
8517,KCND1,0.6978162
8518,FTO,0.4764211
8519,DELE1,0.4851099
8520,ADAM19,0.78877777
8521,CEP89,0.47549406
8522,ATP6AP2,0.6444487
8523,TRPV6,0.42241
8524,TRIM66,0.5708997
8525,EFCAB5,0.68340534
8526,LINC00930,0.6065596
8527,AC108519.1,0.63896203
8528,AC007823.1,0.67376894
8529,RLN1,0.5958047
8530,AP000345.2,0.6868367
8531,ILF3,0.7565408
8532,PALM3,0.5007023
8533,RNF214,0.63376564
8534,AC239804.1,0.6818094
8535,LYSMD3,0.601983
8536,FBXO44,0.6271238
8537,OTOS,0.56127405
8538,IL26,0.685374
8539,OR52I1,0.69700956
8540,KCNJ15,0.71855813
8541,C9ORF153,0.75322694
8542,TM9SF3,0.71179247
8543,SMIM36,0.6961238
8544,SEC14L4,0.7320337
8545,RASSF6,0.54461294
8546,DHX38,0.61677724
8547,HSPA4,0.63638544
8548,VPS36,0.58717805
8549,ARRDC4,0.45425546
8550,CSNK1E,0.66017073
8551,U73166.1,0.63988477
8552,DRD3,0.74279237
8553,OSBPL8,0.5852585
8554,ENOSF1,0.7402033
8555,AAR2,0.5568716
8556,KCNC4,0.5727234
8557,MID1IP1,0.58918375
8558,C14ORF28,0.6943507
8559,AL049840.2,0.68155336
8560,ZNF71,0.61328775
8561,SLC24A1,0.5873088
8562,AC064875.1,0.685571
8563,AMOTL2,0.48051605
8564,AGGF1,0.6786764
8565,RIIAD1,0.47415915
8566,LINC00513,0.69416857
8567,CHPF2,0.4436941
8568,AP001469.3,0.69430757
8569,GYPE,0.7616884
8570,LINC01002,0.6354503
8571,GUF1,0.4952452
8572,STAP1,0.71093374
8573,KCNE2,0.66934043
8574,SLA,0.7656055
8575,CD320,0.4886818
8576,LINC00173,0.3458594
8577,ERH,0.680227
8578,PLEKHG6,0.44298586
8579,IGF2R,0.5758547
8580,TMEM141,0.69090074
8581,SFTA2,0.6515116
8582,TRIM23,0.7142511
8583,UGT2B11,0.14726357
8584,AL583856.2,0.600007
8585,SUPT5H,0.38893548
8586,ILVBL,0.60790664
8587,TAF15,0.6579181
8588,HPD,0.5483139
8589,RNF169,0.6403691
8590,AC114811.2,0.6481643
8591,HGFAC,0.6327203
8592,CELA1,0.7541337
8593,PIK3R3,0.6526435
8594,GSK3A,0.71295244
8595,PPP2R5E,0.5993669
8596,CPSF4L,0.661457
8597,GRAMD1A,0.38639998
8598,LECT2,0.75237864
8599,LRRC31,0.44926497
8600,POR,0.5468006
8601,TREML2,0.7081814
8602,LINC02605,0.6887388
8603,SYCN,0.70670384
8604,TMCC3,0.71345097
8605,TMEM198,0.5252549
8606,ECH1,0.58921236
8607,TOP3A,0.552507
8608,CACNA1E,0.70718235
8609,PRPF31,0.7269597
8610,LRRC10B,0.55796355
8611,LINC02285,0.7192337
8612,SMG1,0.7553628
8613,DCX,0.57899773
8614,CETP,0.7660977
8615,CTNNA1,0.66569024
8616,SLC35B4,0.5999146
8617,STUM,0.15101306
8618,RETSAT,0.64475703
8619,PRDM15,0.629307
8620,AL021707.1,0.69467324
8621,MAGEB16,0.7035292
8622,TPK1,0.6845381
8623,C2ORF47,0.6699331
8624,ITPRIPL1,0.6888887
8625,UNC119,0.5288974
8626,PXK,0.6730251
8627,CRTC3,0.5968344
8628,TEX19,0.69095415
8629,ZNF582,0.6471524
8630,AL162171.3,0.69547683
8631,TNFSF8,0.7330847
8632,DUSP22,0.6207421
8633,EDDM3A,0.6979575
8634,AL359317.2,0.72069794
8635,ELL,0.57606727
8636,TLR7,0.6517792
8637,ZNF528,0.658797
8638,PISD,0.4454393
8639,ERICD,0.6355292
8640,CD8A,0.7025009
8641,PIGL,0.53148377
8642,TMEM98,0.46140063
8643,FABP6,0.35840306
8644,UGT2B7,0.5123403
8645,AFTPH,0.7514195
8646,CCDC84-DT,0.73884964
8647,JARID2,0.6940739
8648,PADI4,0.7260378
8649,ZNF169,0.5905253
8650,ZNF780B,0.62067086
8651,KLHL31,0.6979933
8652,TBCK,0.6229046
8653,CATSPERG,0.41493437
8654,LINC01714,0.7013276
8655,RRP12,0.6184709
8656,ATXN7,0.6622716
8657,RHOBTB3,0.48898593
8658,ZNF785,0.6024885
8659,SWT1,0.5531785
8660,C17ORF107,0.44476792
8661,UIMC1,0.6027748
8662,SMG5,0.7134202
8663,KCNK17,0.59834474
8664,TRIM59,0.4176469
8665,SRSF6,0.5963895
8666,FAM71F2,0.60125
8667,ZNF98,0.58776706
8668,CASD1,0.64279705
8669,ZNF620,0.64155114
8670,MVB12B,0.7097161
8671,LINC02577,0.41041946
8672,ACTR1A,0.52350634
8673,CD28,0.79485065
8674,NAA38,0.4940318
8675,KIAA1522,0.79338104
8676,TCOF1,0.6739127
8677,CREG2,0.6134848
8678,LINC00877,0.74259686
8679,LINC00582,0.688049
8680,METTL2B,0.6432654
8681,FNDC8,0.72582144
8682,RGS6,0.64698905
8683,METTL14-DT,0.687334
8684,SIAE,0.6152832
8685,SIPA1L1,0.59986204
8686,RTN1,0.5320725
8687,MED12,0.67053634
8688,EML6,0.65877444
8689,IFT88,0.6536725
8690,OR7G2,0.6460846
8691,DIS3L,0.6400001
8692,TOR4A,0.67942595
8693,COG4,0.5936829
8694,SHBG,0.74478525
8695,ATG9B,0.44244942
8696,GPR101,0.70462847
8697,POLI,0.6759496
8698,UCP3,0.62106454
8699,PCK1,0.71937084
8700,KLF8,0.4860146
8701,AC012313.1,0.7105134
8702,IL6R,0.6200976
8703,IL7,0.73975235
8704,HPN,0.5738132
8705,CEP135,0.67439955
8706,PLAAT2,0.3851386
8707,RFX3-AS1,0.6925265
8708,SLC19A2,0.5788815
8709,BCL9L,0.59791344
8710,FLT3LG,0.74343187
8711,NPAS3,0.60929674
8712,POLR2I,0.68254393
8713,PQLC3,0.56775427
8714,WDR74,0.546719
8715,SLC16A8,0.46790782
8716,WNT2B,0.5945409
8717,ADGRG7,0.68640804
8718,H2AFY,0.7175274
8719,EPT1,0.60899585
8720,SEPT2,0.49502328
8721,ERP29,0.74562526
8722,TMEM255A,0.68809944
8723,RAD51D,0.6768315
8724,ALDH1A3,0.4490273
8725,RING1,0.6553919
8726,PHF2,0.694568
8727,NFATC1,0.40156278
8728,MARF1,0.5932936
8729,MAML3,0.66293985
8730,MUC12,0.62777096
8731,CCL5,0.5767887
8732,MPV17L2,0.49492535
8733,NPBWR2,0.74004394
8734,CLPS,0.70452166
8735,SSUH2,0.69706124
8736,EDIL3,0.71678597
8737,RAX,0.71883744
8738,AC104964.4,0.71300673
8739,AC067930.8,0.749041
8740,TTC23,0.5715608
8741,ZNF804A,0.7126002
8742,FKBP2,0.3632441
8743,INSR,0.53987986
8744,LINC01641,0.2749379
8745,ACD,0.56515867
8746,WIPI2,0.63797337
8747,PITX3,0.7526682
8748,RYR2,0.5795086
8749,FAM168A,0.61521906
8750,IYD,0.569568
8751,NLRX1,0.5862437
8752,CNTNAP3B,0.50589013
8753,KIAA1211,0.6495715
8754,TPRG1,0.46976462
8755,C3ORF22,0.7202871
8756,AC103746.1,0.69773513
8757,SLC7A2,0.44884503
8758,TULP1,0.6766011
8759,GRM2,0.67120665
8760,WNT9B,0.7010451
8761,TAB1,0.5498515
8762,PRAMEF1,0.7671884
8763,ZC3H18,0.6622502
8764,YIPF5,0.5283486
8765,CCDC183,0.4995953
8766,HEPACAM2,0.3960056
8767,POU3F1,0.7142598
8768,IGHE,0.53977734
8769,MYOF,0.57965875
8770,SPATA18,0.55833596
8771,SLX4,0.7128937
8772,SIAH3,0.7251468
8773,DBNL,0.57654166
8774,ACY3,0.52931297
8775,TWIST1,0.6396031
8776,AC024257.3,0.6297174
8777,TNFAIP1,0.48412505
8778,AC002451.1,0.680392
8779,KITLG,0.53618133
8780,NUCB2,0.5144329
8781,PLEKHH1,0.5751969
8782,BPIFC,0.72729903
8783,AC005537.1,0.64895934
8784,SH3BGRL2,0.5691958
8785,CHRM3-AS2,0.64036614
8786,ADCY3,0.6319122
8787,ZEB2-AS1,0.7435059
8788,SRRM4,0.6802698
8789,OR8K3,0.6987262
8790,PYCR1,0.62374073
8791,RAD52,0.633343
8792,ANKFY1,0.57653666
8793,MRPS2,0.5977273
8794,COL8A2,0.6844086
8795,PPP1CC,0.73643917
8796,LINC00334,0.6794281
8797,ZFP14,0.69710445
8798,TRAP1,0.79332
8799,CTTN,0.52081585
8800,CATSPERE,0.68435293
8801,UPK3B,0.60716295
8802,CACNA1B,0.4050041
8803,WEE2,0.66713756
8804,COQ6,0.56977266
8805,RBP5,0.61342394
8806,LINC02615,0.571857
8807,SV2C,0.62684226
8808,LINC01924,0.6869581
8809,ZNF852,0.6661239
8810,ZNF432,0.6723077
8811,SLC4A3,0.59459
8812,SLC25A42,0.5213201
8813,GAP43,0.7250471
8814,PCNT,0.5893323
8815,CPT1A,0.50074095
8816,ORAI1,0.5200635
8817,SERPINB9,0.6612906
8818,GATA2,0.5985059
8819,NAGPA,0.6417137
8820,SPRY4,0.6546723
8821,CKMT2,0.6316104
8822,MIDN,0.45314655
8823,TCEA2,0.47098207
8824,VIMP,0.5754532
8825,DTNB,0.6165853
8826,CCL15,0.6875145
8827,FAM114A2,0.64991707
8828,SPINK5,0.59212476
8829,RNF39,0.48517427
8830,PCGF3,0.70406955
8831,EXOC6,0.62825584
8832,LINC02384,0.6882293
8833,BAIAP2,0.7114766
8834,CIZ1,0.6154079
8835,ROPN1L,0.66010475
8836,PPP1R16A,0.69997764
8837,CCDC30,0.56348604
8838,HAND1,0.7373068
8839,AC244034.2,0.72389746
8840,PKN3,0.52230066
8841,KHDRBS1,0.6940983
8842,UBXN10,0.5312683
8843,ENPP3,0.5307911
8844,TKTL2,0.70382595
8845,PLIN3,0.55682784
8846,ARSD,0.5305757
8847,AC090061.1,0.70219
8848,BAHD1,0.67828006
8849,PSEN1,0.52954465
8850,RALGAPA1,0.64381486
8851,C8ORF34,0.7441058
8852,ITIH4,0.62430245
8853,RAPGEF4,0.7082817
8854,NAP1L3,0.7051584
8855,PLXNA1,0.5225799
8856,ZNF132,0.72168154
8857,KHK,0.39132154
8858,HELZ,0.69299126
8859,ESF1,0.59477365
8860,DEPDC1-AS1,0.69118863
8861,LINC02132,0.7407441
8862,OR56A1,0.6603094
8863,ARMC2,0.67959833
8864,PCMTD2,0.7226948
8865,RUFY1,0.6235368
8866,AC022150.4,0.68896174
8867,CCDC149,0.6844571
8868,INHBB,0.50164247
8869,ABCF2,0.6003452
8870,TMEM127,0.5348592
8871,KCNJ1,0.7106598
8872,WDR31,0.501998
8873,ITGA2,0.62509954
8874,INKA1,0.69694734
8875,SRRM1,0.67082524
8876,ZNF438,0.58319587
8877,FAHD1,0.69624907
8878,CLASP1,0.65811515
8879,CALY,0.5744919
8880,STKLD1,0.49360898
8881,TRMT10B,0.59493846
8882,CLTB,0.46523622
8883,LINC02620,0.68630123
8884,GNPTG,0.5989185
8885,SYN3,0.7138694
8886,CLASP2,0.6027341
8887,TANGO2,0.5142538
8888,MAP2K3,0.5428102
8889,MICOS13,0.6165272
8890,TERB1,0.72523576
8891,CUL5,0.69815546
8892,ZNF34,0.55937356
8893,TNNC1,0.5595307
8894,KCNB2,0.7007019
8895,C2CD5,0.596651
8896,TMEM26,0.65663457
8897,ZC3H7A,0.6760219
8898,ITPR2,0.48297223
8899,C10ORF53,0.67119235
8900,SPAG7,0.44112137
8901,POM121,0.6071934
8902,AL136964.1,0.7053669
8903,ZNF846,0.6141716
8904,AC079684.1,0.7138033
8905,KCNMB4,0.7366763
8906,EIF1B-AS1,0.68474054
8907,AC007036.1,0.6780781
8908,ZNF211,0.6750002
8909,KCNJ14,0.51276976
8910,CHD1L,0.6238745
8911,STON2,0.5096697
8912,GADD45GIP1,0.54132074
8913,PLCL1,0.5900695
8914,GAS2L1,0.57246983
8915,CNOT6L,0.6965346
8916,GLO1,0.69127625
8917,PCAT14,0.70154357
8918,AC107959.1,0.7420425
8919,CCDC12,0.55284554
8920,AL590666.3,0.6407693
8921,CACNB3,0.53255844
8922,VAV2,0.5675139
8923,BIRC6,0.6782438
8924,RPEL1,0.6477757
8925,CALM3,0.666362
8926,CD302,0.5872229
8927,KMT2C,0.6144884
8928,OFD1,0.67025596
8929,EVC2,0.6754768
8930,AC090186.1,0.6641021
8931,AKAP14,0.745856
8932,ESS2,0.5426242
8933,ULK3,0.6597091
8934,PTHLH,0.29076663
8935,SPATA7,0.66392714
8936,FAM228B,0.6284396
8937,MVD,0.39806488
8938,NIBAN1,0.45334482
8939,SLF2,0.5423776
8940,RXFP4,0.665362
8941,FAM114A1,0.59300613
8942,ADCY1,0.41085824
8943,KCNMB3,0.49135193
8944,TMEM106A,0.65378594
8945,OTUB2,0.49058738
8946,MNDA,0.7821303
8947,RAB4B,0.5131186
8948,C21ORF58,0.60609436
8949,TRABD,0.5853853
8950,CARD9,0.5031232
8951,AK9,0.6027128
8952,CAMK2G,0.6147892
8953,OR6S1,0.6464035
8954,SUFU,0.5873086
8955,BMP6,0.45640588
8956,DUSP4,0.4351934
8957,PCBP4,0.63177055
8958,CAST,0.41917685
8959,SLC2A5,0.3851721
8960,KLHL25,0.5212782
8961,NOP53,0.34761095
8962,TJP1,0.71592283
8963,LIG3,0.69525033
8964,SRD5A2,0.6167149
8965,FMO3,0.41370717
8966,CORO1B,0.5362702
8967,FBXL5,0.5542118
8968,ST6GALNAC3,0.7609444
8969,DCST1,0.6733702
8970,PFKFB3,0.46752498
8971,SPOCD1,0.6298529
8972,PTPRU,0.47594205
8973,LINC01836,0.67179424
8974,PANK3,0.72431093
8975,HSPA12A,0.5641391
8976,ISOC2,0.62960935
8977,GLA,0.5358545
8978,CNOT3,0.6911082
8979,TDRP,0.6070381
8980,GHITM,0.681884
8981,AC069209.1,0.67915195
8982,LINC01770,0.64097244
8983,COG5,0.5908528
8984,RPGRIP1,0.68293434
8985,UBQLN3,0.73587066
8986,TUBGCP4,0.56423223
8987,CCDC171,0.61837536
8988,AC012588.1,0.66010714
8989,ANAPC4,0.6923487
8990,AC078909.2,0.67065996
8991,AC020594.1,0.69128627
8992,RALGAPB,0.7565794
8993,KCP,0.55830616
8994,LRRD1,0.6991834
8995,SPATA13,0.62236977
8996,PCDHA11,0.7183015
8997,AL034374.1,0.64174014
8998,AC025569.1,0.72630215
8999,CFAP126,0.65766305
9000,SCLT1,0.6547571
9001,SNX18,0.6351599
9002,SCAI,0.65429837
9003,TCERG1L,0.64540434
9004,SLC1A3,0.57121336
9005,AMN,0.37916481
9006,UTS2,0.7339551
9007,ATF6B,0.60472465
9008,GCSAM,0.7225456
9009,FMN1,0.6855714
9010,OR4K5,0.68810505
9011,EIF2S3B,0.64066714
9012,SRRM2,0.64554673
9013,OTOP2,0.7085001
9014,ARHGEF37,0.6590654
9015,SORCS2,0.62924975
9016,TBX5,0.66143435
9017,AL606760.2,0.6858771
9018,PLCL2,0.75399685
9019,SLC12A2,0.54534847
9020,LINC02709,0.6927964
9021,ABHD8,0.46462312
9022,TESK1,0.52216977
9023,RAP1GAP,0.5197067
9024,MAP1LC3B2,0.47149694
9025,OR52E4,0.7212391
9026,ETV2,0.54578376
9027,CGB7,0.702599
9028,HES4,0.5443576
9029,MAGEB3,0.74779606
9030,OR51V1,0.73481303
9031,RBMXL3,0.7214758
9032,AP000866.1,0.6926933
9033,ZNF574,0.55400085
9034,DDX43,0.5566108
9035,FEM1A,0.65351206
9036,FAM25A,0.49753937
9037,EFNA1,0.7880726
9038,BRWD1,0.7495234
9039,CYB561D2,0.5333806
9040,TIA1,0.7191834
9041,RAB15,0.6300742
9042,HLA-DRB5,0.3037506
9043,SRPK3,0.27027145
9044,LINC01124,0.613925
9045,AJ011932.1,0.68349314
9046,ELP3,0.6269975
9047,AL035681.1,0.74989253
9048,KLHL28,0.6932009
9049,LINC02218,0.6856146
9050,UNC5C,0.48558572
9051,ATP10D,0.6650965
9052,GATAD1,0.6666599
9053,USP51,0.6742609
9054,LINC02767,0.6785412
9055,AC104530.1,0.721754
9056,GLIPR1,0.6057629
9057,SERPINB1,0.5287804
9058,FBXO46,0.69127536
9059,MED29,0.5301321
9060,C6ORF163,0.6543723
9061,SAMD1,0.79445654
9062,DCUN1D3,0.6208288
9063,POLE,0.65788215
9064,NYAP1,0.6920018
9065,AL049796.1,0.69994634
9066,USP2,0.60224414
9067,MKRN2OS,0.61317617
9068,LMO2,0.7005603
9069,EIF3J-DT,0.608843
9070,LRIG3,0.58402175
9071,AKTIP,0.6601078
9072,ZG16B,0.57009584
9073,RGCC,0.5717988
9074,HCAR1,0.52892464
9075,TRAJ37,0.66429496
9076,KRT36,0.7233343
9077,MGAM,0.46826062
9078,PSMC5,0.56712246
9079,C11ORF68,0.56323737
9080,AC025048.4,0.72073287
9081,SUSD5,0.59397763
9082,LPAR1,0.7093368
9083,ZC3H11B,0.72266525
9084,CYP2C9,0.68565875
9085,WDR27,0.64181876
9086,IGFBP4,0.70087737
9087,TAC4,0.69604826
9088,AC026741.1,0.72476894
9089,TUT4,0.70206517
9090,ABHD12B,0.651589
9091,KIAA0100,0.55578166
9092,CDHR1,0.6354863
9093,AC025175.1,0.7594188
9094,KIF5A,0.6052112
9095,ARHGEF12,0.56037354
9096,ZNF594,0.6439555
9097,MTR,0.6390706
9098,S100Z,0.71189386
9099,AF064858.1,0.7052097
9100,TSPAN5,0.5111048
9101,TIMM13,0.6682131
9102,MS4A3,0.68961555
9103,ASB1,0.5880862
9104,DACT1,0.76120615
9105,STK16,0.54551595
9106,NELL2,0.5139761
9107,KCNMB1,0.5353153
9108,HOXD4,0.53860676
9109,PPP2R2B,0.73300403
9110,CCDC92,0.5615652
9111,STOML2,0.7348724
9112,C2ORF68,0.631363
9113,FAM219B,0.57893074
9114,OPCML,0.71297723
9115,NICN1,0.541027
9116,ASNA1,0.5176641
9117,AC108134.2,0.6428614
9118,SRA1,0.5457379
9119,GGNBP2,0.7380956
9120,ZNF197,0.65718555
9121,SH3RF3,0.6496491
9122,CCAR1,0.636318
9123,RUNDC3A,0.56215036
9124,RANBP3,0.6466355
9125,AC116351.2,0.68337697
9126,CINP,0.57793385
9127,LINC02427,0.7062834
9128,MEPCE,0.63568586
9129,PCLO,0.53860766
9130,TCL1B,0.66833115
9131,CDC14A,0.6261515
9132,UBQLN2,0.678665
9133,CD101,0.68192154
9134,NPL,0.7209483
9135,ZNF827,0.6434098
9136,COG7,0.69518155
9137,CASC4,0.5893941
9138,DGLUCY,0.60854465
9139,TIMD4,0.7333944
9140,FAM172A,0.643788
9141,OR52N2,0.6879482
9142,KIAA0196,0.64459085
9143,FP565260.6,0.45961013
9144,SYTL3,0.5996879
9145,EIF2S2,0.7063549
9146,AC009686.2,0.6189355
9147,AC010457.1,0.69987005
9148,ELOVL1,0.6536851
9149,MRFAP1,0.6641477
9150,AC079296.1,0.610822
9151,UBA6,0.61338234
9152,TSPAN13,0.7009329
9153,NR5A1,0.7384489
9154,CRYAB,0.46448532
9155,AL122035.2,0.70355344
9156,CATSPER1,0.6977281
9157,OR14C36,0.73013526
9158,PACSIN1,0.5900939
9159,STK4,0.6500842
9160,CUEDC2,0.5770301
9161,RMND1,0.5167435
9162,NLRP2,0.31329468
9163,AL157935.1,0.6781389
9164,TCEAL4,0.7336726
9165,ADGRE3,0.74928355
9166,LAMC1,0.58886456
9167,ADGRV1,0.5122486
9168,SLC44A5,0.5395145
9169,LCOR,0.65430975
9170,CPNE8,0.7102795
9171,ADAM30,0.69179684
9172,ZNF470,0.66617006
9173,MILR1,0.7241861
9174,PRKAR2A,0.5999551
9175,B4GALT1,0.5366556
9176,BCR,0.6364696
9177,ZNF440,0.5703252
9178,MPZL1,0.68392354
9179,DUSP5,0.52134776
9180,DPH7,0.7253495
9181,YKT6,0.5807517
9182,DDX31,0.72506785
9183,ZNF264,0.6325081
9184,IGKV3-11,0.6777045
9185,INPP1,0.6239403
9186,AC019186.1,0.7280552
9187,WDR17,0.57185847
9188,FBXO10,0.6422723
9189,PLK2,0.37581697
9190,PRR35,0.67717093
9191,AMIGO1,0.50097317
9192,LONP1,0.70914155
9193,FGFR1OP2,0.62836504
9194,SRGAP3,0.6663807
9195,FAM9B,0.7094109
9196,SOX21,0.67462444
9197,CT45A10,0.6835405
9198,RTP2,0.64357305
9199,AC005753.3,0.7111447
9200,AC078850.1,0.7283993
9201,ACTBL2,0.6035996
9202,ATP8B4,0.7239501
9203,CCNT2,0.7226772
9204,LIAS,0.64778703
9205,NPTX1,0.61870986
9206,CNNM3,0.5117079
9207,TPCN2,0.5721322
9208,LINC01933,0.7082436
9209,SLITRK5,0.44173312
9210,STOML3,0.7224086
9211,SEC62,0.53252786
9212,EIF3I,0.5951221
9213,LINC02325,0.73368645
9214,CXCL11,0.52881557
9215,ATP8B1,0.6644799
9216,RAB11B,0.5748904
9217,XAGE1B,0.6817236
9218,PIGH,0.6104118
9219,BRAP,0.6419413
9220,GDAP1L1,0.7327822
9221,AL118522.1,0.63002074
9222,CLEC18A,0.47709882
9223,ZNF474,0.6889014
9224,MAGI2,0.61565524
9225,SHARPIN,0.64353454
9226,RBM42,0.6346069
9227,DDC,0.50089645
9228,VMAC,0.6103694
9229,SDF4,0.4447008
9230,CLDN19,0.6474035
9231,TRAV13-2,0.72234535
9232,AURKC,0.6890666
9233,ELP6,0.5463757
9234,CFAP53,0.6159655
9235,DNAJC16,0.72663736
9236,FKBP11,0.5554778
9237,LINGO2,0.61685914
9238,UBR2,0.62873614
9239,PDE3A,0.7373042
9240,ORAOV1,0.4056336
9241,GUCA1B,0.6223491
9242,COX6A2,0.6223542
9243,LRIT3,0.7011006
9244,C1ORF216,0.5143905
9245,FAM102A,0.6982248
9246,PEAK3,0.7249119
9247,RBM41,0.56423527
9248,CEACAM16,0.519306
9249,FCSK,0.5269998
9250,FATE1,0.719817
9251,FAM57A,0.62781435
9252,MARCH6,0.64466715
9253,SCG5,0.6287094
9254,ZNF598,0.5463864
9255,GHR,0.41896272
9256,EIF4E1B,0.72329116
9257,UQCC1,0.58202916
9258,YIPF2,0.66412175
9259,DIP2A,0.66354245
9260,MOCS2,0.67871
9261,AC123768.3,0.7236708
9262,ERICH6,0.67200345
9263,IL3,0.6461876
9264,AC103691.1,0.6554039
9265,GDA,0.66261804
9266,OR13F1,0.65834373
9267,AGPAT1,0.50312996
9268,UBN1,0.66635615
9269,AC100835.2,0.6437401
9270,WDR48,0.63451076
9271,AGAP4,0.53503174
9272,CCDC180,0.5934317
9273,RNF43,0.51515585
9274,TMEM234,0.49469176
9275,Z97989.1,0.7557478
9276,TNNI2,0.28917202
9277,CDK2AP2,0.5454169
9278,KBTBD11-OT1,0.7030482
9279,ZNF281,0.60659504
9280,LINC00539,0.7533808
9281,CLEC4A,0.6762101
9282,PGBD4,0.6022894
9283,ALKBH4,0.6683205
9284,NBPF11,0.63469297
9285,ZFHX4-AS1,0.71955913
9286,PRDM11,0.5716527
9287,AL133445.2,0.6960009
9288,MECP2,0.6546853
9289,TTC31,0.61951643
9290,FAM87B,0.71573544
9291,KDM2A,0.600152
9292,RTN4RL2,0.44060013
9293,STXBP2,0.6154155
9294,ANO5,0.5633493
9295,POMK,0.64443684
9296,RBMS1,0.63533396
9297,FUT6,0.3346975
9298,ENOX1,0.69004303
9299,AC137932.1,0.71235114
9300,ZFYVE9,0.49749947
9301,EDEM1,0.5306986
9302,NPAT,0.71250457
9303,XCR1,0.74821526
9304,AC108025.1,0.659908
9305,TRMU,0.6001051
9306,ZNF282,0.57141036
9307,OBSL1,0.69693184
9308,PGP,0.48488486
9309,SAA4,0.53311527
9310,RCN1,0.5313762
9311,HELQ,0.689199
9312,GRIN2D,0.58002114
9313,ZC2HC1A,0.58554643
9314,SLC5A12,0.7482433
9315,OTOA,0.53228205
9316,MESDC1,0.61276984
9317,LPAR2,0.61940604
9318,OR11G2,0.65520936
9319,C9ORF50,0.63244313
9320,TRMT44,0.61459583
9321,SLC1A1,0.33549538
9322,FDPS,0.6144472
9323,BACE1,0.6165731
9324,LRCOL1,0.6518622
9325,BTBD7,0.6297248
9326,PLD6,0.39675
9327,OR5BS1P,0.7336316
9328,AC058791.1,0.7483862
9329,BTBD9,0.52528256
9330,RNF41,0.7035541
9331,ZBTB8A,0.6566171
9332,TRUB2,0.70934147
9333,ZNF236,0.586996
9334,ADARB1,0.6825773
9335,ANXA10,0.68821746
9336,KLHL14,0.65959287
9337,CDC42BPA,0.61537796
9338,ARHGDIG,0.5011675
9339,AC013468.1,0.7073769
9340,ARSK,0.63311785
9341,ZNF354B,0.63496643
9342,PRR15,0.44745174
9343,GATA3,0.5277081
9344,SUMF1,0.6391609
9345,NCR2,0.7282567
9346,GSN,0.37204638
9347,SLC8A1,0.73129004
9348,FNDC7,0.6906478
9349,LDLRAD4,0.544993
9350,PPP3CA,0.5219385
9351,RBL2,0.6577799
9352,DNAJC3,0.492088
9353,CATSPER4,0.7030694
9354,AC013652.1,0.6968107
9355,NCKAP5,0.66461724
9356,ZKSCAN7,0.6821186
9357,SNAP25,0.608798
9358,WHAMM,0.6625585
9359,CTDP1,0.5050502
9360,TMCO6,0.49945304
9361,WDR54,0.5856175
9362,HNMT,0.6209919
9363,KCNA3,0.70733243
9364,CDH17,0.6659166
9365,SERP2,0.5209995
9366,DNAJB5,0.57125306
9367,GPR153,0.43284154
9368,SLC6A17,0.38025615
9369,LARS,0.7301307
9370,TRAK1,0.67730755
9371,HINFP,0.69551295
9372,AC046143.2,0.67553586
9373,NEUROD2,0.35911345
9374,VPS37D,0.33856678
9375,SEC24D,0.6262642
9376,INKA2,0.59310323
9377,OR5I1,0.71426916
9378,RNASEL,0.6490862
9379,RAD23B,0.8162896
9380,AC087379.2,0.5139012
9381,NUDT10,0.6513789
9382,PRUNE2,0.53676796
9383,DPF2,0.665025
9384,MACORIS,0.71832633
9385,CLCA2,0.27419567
9386,ACOT2,0.53311735
9387,AC068446.2,0.6710947
9388,HAUS7,0.57748127
9389,PCDHA7,0.67992705
9390,AC078881.1,0.7118702
9391,PBRM1,0.66801244
9392,ZNF547,0.6493874
9393,DOK6,0.48716664
9394,CFHR4,0.67652416
9395,ARPC4,0.53177315
9396,AC119396.1,0.70744365
9397,RABGAP1,0.62614924
9398,JAK1,0.474125
9399,SLC35F1,0.76290625
9400,ZBTB43,0.661239
9401,ZNF10,0.55080825
9402,PLEKHA5,0.61313367
9403,RTF1,0.7062144
9404,HTR2A,0.5599911
9405,RNF44,0.6641534
9406,AL359881.1,0.56464523
9407,C2ORF72,0.5077763
9408,TMED3,0.624287
9409,TMEM206,0.6091054
9410,AL137003.2,0.62031394
9411,OR5D14,0.6960607
9412,VAT1L,0.66211796
9413,MINOS1,0.5993221
9414,FBF1,0.5764949
9415,LRRC37B,0.6845035
9416,TSPAN15,0.61518306
9417,LINC01018,0.6766064
9418,XRCC5,0.72481114
9419,MEP1A,0.7408286
9420,LINC02381,0.50518143
9421,GRIN2C,0.33838
9422,MYDGF,0.5554513
9423,TMPRSS11F,0.7255222
9424,ETFBKMT,0.61227065
9425,CD1B,0.7097156
9426,LNCTAM34A,0.63321227
9427,NDRG1,0.3502355
9428,AC090114.2,0.52640766
9429,TCF7L2,0.58663446
9430,INSL5,0.74986887
9431,PPCDC,0.5379515
9432,KRTAP22-2,0.67493683
9433,SMIM3,0.70529526
9434,RAPGEF2,0.6196005
9435,EXOC1,0.5845553
9436,ANO10,0.42282677
9437,GMEB2,0.6344765
9438,ESR1,0.56729454
9439,SLC2A11,0.58743334
9440,CCDC173,0.65446323
9441,AC008555.1,0.71519184
9442,KCNK12,0.6244497
9443,CDK17,0.6063584
9444,PDE4D,0.546602
9445,RELT,0.5758726
9446,HOXB3,0.33504966
9447,ACVR1,0.65167135
9448,OR6C76,0.7126188
9449,GPR18,0.71019536
9450,AC073957.3,0.67747974
9451,GOLGA6L9,0.52147764
9452,LINC00893,0.57601
9453,ROR2,0.6084544
9454,AC005410.2,0.71672446
9455,INPP4A,0.65358406
9456,AC095057.3,0.6962603
9457,LINC02846,0.6897513
9458,ADPGK-AS1,0.7213297
9459,GKN2,0.735147
9460,ZNF417,0.6682029
9461,AC006449.6,0.43453038
9462,ZNF662,0.52750844
9463,OC90,0.6831456
9464,UBE2B,0.68376946
9465,AC020922.4,0.6547864
9466,PDE6B,0.5638581
9467,ZFP28,0.68429965
9468,TMED2-DT,0.52906543
9469,CLPTM1,0.5961898
9470,BOC,0.47109818
9471,TLX2,0.71673226
9472,SHF,0.56139946
9473,CCR9,0.72172815
9474,PAXBP1,0.6665714
9475,EDA,0.6715131
9476,LINC01725,0.6207997
9477,CD86,0.7824603
9478,SERTAD3,0.54668546
9479,IST1,0.5252998
9480,AGBL2,0.6297659
9481,CARS2,0.5919561
9482,AL356277.3,0.68904114
9483,DNAJC10,0.6504629
9484,TTC17,0.6540808
9485,SPIC,0.7212363
9486,RDH11,0.6098926
9487,LINC01050,0.6932211
9488,PIK3R5,0.78141814
9489,DDX23,0.62651914
9490,NBPF1,0.6321075
9491,SENP6,0.68266207
9492,CD274,0.6637437
9493,MRPL20,0.57013625
9494,B4GALT2,0.56566614
9495,ELMOD2,0.6157381
9496,NUP214,0.6625704
9497,APELA,0.6368609
9498,RWDD1,0.42581972
9499,ZFYVE28,0.6465127
9500,AC004771.1,0.6818163
9501,AL121652.1,0.7519762
9502,MYO19,0.69568616
9503,ZNF592,0.7316262
9504,NME4,0.6921709
9505,PMP2,0.6742139
9506,FZD10-AS1,0.55050606
9507,LDLRAP1,0.46731818
9508,PPIL4,0.64738685
9509,CD8B,0.5724694
9510,SMARCD1,0.61731213
9511,NOS3,0.5903553
9512,LINC01979,0.6656454
9513,GLT8D1,0.54793763
9514,SPACA6P-AS,0.7064929
9515,IMP4,0.6400636
9516,MCCC2,0.7854149
9517,GALT,0.63945436
9518,ARL11,0.64479965
9519,APH1A,0.7370282
9520,FBXO9,0.7539172
9521,SLC44A2,0.609338
9522,HCN3,0.4786732
9523,SUGP2,0.7806981
9524,SLC19A1,0.4870249
9525,LINC02361,0.61456513
9526,HES1,0.62186867
9527,PPFIA1,0.65873814
9528,ISX,0.7235326
9529,FAM227A,0.56491137
9530,OR2A25,0.7033682
9531,YJU2,0.52179533
9532,TTC21B,0.61295104
9533,AL110115.2,0.7119792
9534,LCE1B,0.6949036
9535,SURF4,0.5731997
9536,WDPCP,0.70527977
9537,ZNF354C,0.65498906
9538,ZFAND4,0.63526314
9539,AC083862.2,0.76915264
9540,ZNF426,0.6804392
9541,C6ORF58,0.7204663
9542,RHEBL1,0.54002005
9543,CD33,0.6598294
9544,SNX1,0.5994231
9545,APC,0.6040106
9546,LETM2,0.597454
9547,TYK2,0.47664592
9548,MROH1,0.555173
9549,AC009163.7,0.69246215
9550,LY6G5C,0.6201706
9551,IFT172,0.4861572
9552,THUMPD1,0.65643007
9553,EFTUD2,0.63796324
9554,C5ORF15,0.534372
9555,ZNF624,0.69110703
9556,TMEM9,0.70478565
9557,GPBP1,0.70734614
9558,LINC01456,0.6582277
9559,SSU72,0.69776255
9560,ZNF730,0.579271
9561,AOPEP,0.59510416
9562,OR1C1,0.69776183
9563,DCTN5,0.5874921
9564,GSTM3,0.5022324
9565,ZNF596,0.6001474
9566,SSPO,0.3581724
9567,CDC14C,0.687162
9568,AC079322.1,0.7067482
9569,AC008543.1,0.62310743
9570,SAP30BP,0.5499859
9571,SLC25A38,0.60616845
9572,FOXD4L5,0.64876074
9573,HOXA3,0.53339136
9574,OR5T1,0.65148646
9575,DHCR24,0.49850488
9576,CT69,0.7004368
9577,SEC24C,0.594685
9578,USP24,0.67053896
9579,AP001434.1,0.72663885
9580,RAB8B,0.69973946
9581,LINC01140,0.612237
9582,FAM110A,0.6823075
9583,C20ORF27,0.5401503
9584,AC105450.1,0.71868736
9585,TBCD,0.65504557
9586,AC005280.2,0.709142
9587,AC013553.4,0.6972324
9588,RAD21L1,0.6976638
9589,C7ORF57,0.6863611
9590,TRIM9,0.5985778
9591,AC022239.1,0.5037619
9592,UBL7,0.5668686
9593,IGLJ1,0.6779054
9594,MAP2K4,0.5866764
9595,PAWR,0.7725541
9596,CEP95,0.65390384
9597,AC025580.3,0.71634746
9598,TACC2,0.655379
9599,AC078983.1,0.72710085
9600,LINC00968,0.64762497
9601,CRAMP1,0.7133641
9602,POMGNT1,0.6132526
9603,LINC02669,0.69395715
9604,UBE3A,0.63495314
9605,ANKAR,0.6067686
9606,NECTIN1,0.5749609
9607,SURF1,0.5253981
9608,NCAPH2,0.52547693
9609,PPFIBP2,0.5394688
9610,PCNX3,0.5801299
9611,AC010624.5,0.7017856
9612,TAF11L4,0.70117265
9613,RET,0.51103836
9614,KIF3B,0.72506326
9615,DNAJC5B,0.7105424
9616,AMPD2,0.58415145
9617,CFB,0.44773522
9618,INPP5E,0.6172736
9619,ALG12,0.54507047
9620,PSMB7,0.63443726
9621,CCDC153,0.52188283
9622,CEP152,0.7066937
9623,AC006064.5,0.7159031
9624,HIST1H3B,0.717088
9625,FNDC11,0.5628359
9626,BANP,0.6590064
9627,NKX6-1,0.6936434
9628,CORIN,0.69349927
9629,ID2,0.5877862
9630,PARP11,0.71818906
9631,TRMT13,0.67232007
9632,OAS1,0.44021273
9633,AP000766.1,0.66176206
9634,KRT72,0.71836334
9635,EGLN3,0.47589394
9636,RAB36,0.47955203
9637,AC022506.2,0.71973246
9638,LPCAT1,0.47596085
9639,BX323046.1,0.6799509
9640,KRBA2,0.6787731
9641,AC021148.2,0.65853494
9642,MAGEH1,0.51556426
9643,CRTAM,0.74665743
9644,SLC38A1,0.68053627
9645,RPS27L,0.566015
9646,YIF1B,0.37211874
9647,AL136295.6,0.5017888
9648,AL133325.3,0.62616044
9649,C10ORF91,0.6865373
9650,FRG2C,0.7068934
9651,AC103724.4,0.7153098
9652,ACOT13,0.63043386
9653,AL008718.2,0.69768864
9654,NTF4,0.6115882
9655,ZNF747,0.525862
9656,KLKB1,0.7090936
9657,AP002852.1,0.7312408
9658,LINC02701,0.59551734
9659,SEPT8,0.5703531
9660,POF1B,0.52208793
9661,CSMD1,0.68525034
9662,MAP1S,0.49245274
9663,CEPT1,0.6819183
9664,DGKK,0.6892809
9665,TSPAN2,0.66698664
9666,TCTN3,0.57840294
9667,P2RY14,0.7452871
9668,CLPTM1L,0.7107937
9669,AL136980.1,0.6725254
9670,ULK2,0.5892866
9671,TREX2,0.6831069
9672,EPSTI1,0.74327165
9673,HPS4,0.6176558
9674,LINC00998,0.62773925
9675,FEZ1,0.60003525
9676,LINC00482,0.6064532
9677,SLC4A2,0.6575691
9678,PKLR,0.6586283
9679,AL137847.1,0.731544
9680,FNDC3B,0.51892716
9681,GRIK2,0.6959935
9682,C5ORF45,0.20330553
9683,TMEM100,0.472788
9684,SHFL,0.5701928
9685,SNHG8,0.642109
9686,GOLGA7B,0.535367
9687,APBB2,0.54814726
9688,PYGB,0.6735123
9689,ARG2,0.36886582
9690,UEVLD,0.7055343
9691,PCDHA12,0.61809325
9692,COLGALT1,0.5208535
9693,SOGA3,0.7436666
9694,TLR9,0.70688397
9695,RBM43,0.68606305
9696,AC011379.2,0.66684026
9697,DCAF11,0.674037
9698,QRICH2,0.4281187
9699,AC069200.1,0.62235165
9700,GLP2R,0.7239422
9701,C2CD4C,0.48160902
9702,LRRC49,0.6851201
9703,HGSNAT,0.52652645
9704,AC005332.5,0.6173492
9705,ANKRD28,0.53708196
9706,NUDT8,0.5443379
9707,SDHC,0.66927797
9708,ANK1,0.63482887
9709,OR4K13,0.6775923
9710,PPP3CB,0.58282125
9711,LINC00840,0.7510846
9712,ASIC4,0.71825385
9713,AC004948.1,0.68306226
9714,CHIC1,0.64086735
9715,GIT2,0.62581927
9716,GPR34,0.6617736
9717,MEF2C-AS1,0.67513794
9718,LINC01374,0.7213711
9719,ST6GAL1,0.4998112
9720,XIAP,0.6024888
9721,PATL2,0.73567295
9722,TRIM11,0.61178
9723,ATAD2B,0.6117104
9724,XKR6,0.6499891
9725,TEDC1,0.49331626
9726,COG1,0.679435
9727,SEMA4G,0.31996578
9728,POLR2B,0.63079596
9729,GPR52,0.67826444
9730,GH2,0.73062736
9731,SEC16B,0.4350954
9732,DDX42,0.6678836
9733,GRK4,0.5989749
9734,CCDC196,0.6298337
9735,LINC01560,0.66417515
9736,ZSCAN18,0.6564911
9737,BPI,0.45495018
9738,VSX1,0.66329986
9739,C16ORF72,0.6116221
9740,SLC16A9,0.59864193
9741,WWOX,0.42307702
9742,PKIB,0.6187573
9743,MTUS2,0.6443157
9744,SRARP,0.4253085
9745,CCDC85A,0.65315515
9746,SYCP1,0.71388674
9747,SH3BP5,0.55215514
9748,PAQR8,0.6665656
9749,CLC,0.69211596
9750,FGL1,0.65982074
9751,AC022762.2,0.6752012
9752,MBD5,0.66015935
9753,RASSF2,0.73782843
9754,TRAM1,0.4632682
9755,NBPF3,0.54314566
9756,ZNF740,0.5696924
9757,NUDT4,0.46339378
9758,PTPN22,0.72868115
9759,TSKU,0.415041
9760,GZMA,0.70249933
9761,OGT,0.6543489
9762,FOXB1,0.7093244
9763,UBE2L3,0.5927413
9764,TNPO3,0.61609465
9765,PINX1,0.6180818
9766,OR5K2,0.7353937
9767,RASAL2,0.660489
9768,DNAH10,0.61853695
9769,HOXA4,0.52758026
9770,TGM1,0.401098
9771,GAL3ST3,0.70354694
9772,FAM72A,0.64139587
9773,OR4D2,0.7476182
9774,GGA2,0.6524069
9775,SPRY3,0.57342595
9776,ISY1,0.6133031
9777,STMN4,0.71350676
9778,CPM,0.47007418
9779,CSTF2T,0.6283606
9780,IGLV2-11,0.6367538
9781,CALCOCO2,0.48751566
9782,OR6C70,0.6803541
9783,C2ORF66,0.67934656
9784,AC051619.6,0.72863847
9785,SETD7,0.5718592
9786,UVSSA,0.53656
9787,TSSK3,0.66204447
9788,B3GNT9,0.45394608
9789,PLCB3,0.4789213
9790,TIMM8B,0.6001055
9791,LINC02235,0.7071519
9792,SEPTIN2,0.5929637
9793,AP001527.2,0.64422727
9794,SMCR8,0.6113613
9795,AC022915.1,0.69365454
9796,AC027373.1,0.689686
9797,MAP3K8,0.47110915
9798,HK1,0.6184175
9799,PHF23,0.60345703
9800,ENDOU,0.60284775
9801,MACROD1,0.604206
9802,SHFM1,0.58371764
9803,ACOT12,0.6391553
9804,MSL1,0.38019666
9805,ZBTB38,0.4633402
9806,HEXIM2,0.5263307
9807,WDR1,0.5854661
9808,MTCL1,0.40570268
9809,CLK2,0.7500302
9810,AC025034.1,0.65934235
9811,C1QA,0.77383214
9812,HELB,0.69384414
9813,TM4SF4,0.6672645
9814,METAP1D,0.61294574
9815,G6PD,0.26288155
9816,CDK15,0.7202105
9817,PHETA2,0.37585768
9818,FAM118A,0.46020505
9819,ADAM17,0.5753845
9820,AC114341.1,0.7316529
9821,PRICKLE1,0.6034034
9822,KLHL41,0.70141983
9823,AL356019.2,0.6490794
9824,HCN2,0.44812572
9825,STIM2,0.63856405
9826,CAPSL,0.63915366
9827,KIAA2013,0.65636516
9828,AC138230.1,0.72810644
9829,C8ORF58,0.72975975
9830,FRMPD4,0.70390606
9831,L3MBTL1,0.5977054
9832,RNF111,0.6593601
9833,C6ORF62,0.68872696
9834,SCMH1,0.6655039
9835,EVPLL,0.6507487
9836,DCXR,0.7013424
9837,SUN1,0.7558257
9838,PPP1R3E,0.47109663
9839,ZSWIM9,0.5260037
9840,METTL26,0.6399967
9841,WRN,0.6558474
9842,ACAP2-IT1,0.69356316
9843,WDR59,0.6866856
9844,TLR3,0.5851135
9845,MBD1,0.6617807
9846,TNFRSF10B,0.5944786
9847,TUBA1A,0.6191082
9848,DNMT3A,0.62589085
9849,SNHG11,0.4766555
9850,INHA,0.49971357
9851,NR2C2,0.6869869
9852,ETV1,0.5768054
9853,C11ORF95,0.6111058
9854,PCP4,0.43972445
9855,ZNF766,0.7190702
9856,TRIM27,0.72645354
9857,HMOX2,0.5596393
9858,CDPF1,0.6090087
9859,PPIE,0.70968276
9860,UNC13C,0.68680286
9861,SEPSECS,0.64488703
9862,AGRN,0.48487422
9863,MBNL1,0.56781197
9864,KCNK13,0.577371
9865,OAS2,0.51122826
9866,AC022201.2,0.72658473
9867,CFAP45,0.5371115
9868,AC008738.2,0.5905156
9869,LYRM7,0.64759415
9870,MICAL3,0.66921574
9871,DEFB132,0.7554572
9872,LINC01637,0.50276625
9873,JHY,0.6948535
9874,HSPA1A,0.6388964
9875,PSG9,0.7329252
9876,ANKRD34A,0.572557
9877,FAM193A,0.65788645
9878,ANKRD40,0.6043264
9879,AC091946.2,0.6968829
9880,MCF2L2,0.5271942
9881,RAB33B,0.6376393
9882,TARSL2,0.6166431
9883,ZNF713,0.5746568
9884,ST8SIA4,0.81533927
9885,ARHGAP19,0.5974919
9886,EIF4A2,0.69929546
9887,KRTAP3-1,0.7550364
9888,ELMOD1,0.7204148
9889,HNRNPH1,0.65146655
9890,CRLF1,0.24246353
9891,TENM3-AS1,0.6900489
9892,MAPK1IP1L,0.6784584
9893,HPS3,0.5232721
9894,ZNF562,0.68011475
9895,SPOUT1,0.5698867
9896,AURKAIP1,0.72485304
9897,BEND5,0.68044966
9898,MRPL23,0.53347677
9899,NSFL1C,0.7029054
9900,NUB1,0.5221594
9901,C10ORF67,0.70792246
9902,AC007671.1,0.7496596
9903,CCDC88C,0.6639816
9904,MINA,0.6367953
9905,CATSPER3,0.7147843
9906,C9ORF152,0.44214976
9907,SERPINC1,0.6943354
9908,ZBTB22,0.6762875
9909,MAP3K5,0.52947587
9910,AMDHD1,0.6761163
9911,MAP4K4,0.6069094
9912,LRFN1,0.46578526
9913,SSBP2,0.511625
9914,AC004466.1,0.6317278
9915,AL662844.4,0.68893796
9916,RHOD,0.68417555
9917,RCSD1,0.43443036
9918,GBA2,0.61485857
9919,AC061975.6,0.6225634
9920,VPS8,0.57522166
9921,HAR1A,0.6631307
9922,NLRP10,0.7334426
9923,DDX55,0.6375707
9924,ARMH1,0.6420502
9925,C14ORF39,0.67658204
9926,AL132709.8,0.7707978
9927,YARS,0.5925656
9928,FAM49A,0.7098543
9929,ERCC1,0.5490953
9930,AC005674.2,0.6758426
9931,TBXT,0.7279051
9932,PAIP2,0.6392496
9933,GUCY2F,0.7006572
9934,IFNW1,0.7263384
9935,CATSPER2,0.6200743
9936,C12ORF76,0.5816552
9937,ECI1,0.6557544
9938,AC018638.7,0.569732
9939,HID1,0.588137
9940,FASLG,0.76791805
9941,AC103769.1,0.6675238
9942,RAET1E,0.64206415
9943,BICD1,0.5965046
9944,LCORL,0.6320092
9945,AL049775.3,0.72110206
9946,MTPN,0.7549341
9947,RAB8A,0.6713913
9948,KIAA0586,0.5853277
9949,SPINT1,0.772868
9950,ODF1,0.7010555
9951,C15ORF40,0.7134039
9952,TMEM50B,0.6620017
9953,TMTC3,0.59035474
9954,AC084198.2,0.6263187
9955,FAM155A,0.63830113
9956,JAKMIP3,0.4857082
9957,SRRD,0.58468246
9958,PNPLA1,0.6438698
9959,VAMP3,0.455182
9960,RIMKLB,0.590233
9961,ABCC5,0.48998627
9962,CES4A,0.5602292
9963,CENPBD1,0.55618197
9964,KLF13,0.529618
9965,CRYBB1,0.7506132
9966,PHF20,0.7018986
9967,NQO2,0.5235307
9968,APOBEC3A,0.51744443
9969,ABHD4,0.46988466
9970,RAPGEFL1,0.3611808
9971,KCNK4,0.68358994
9972,MIR2052HG,0.7444415
9973,CADM2,0.57229465
9974,CIB1,0.6495696
9975,MFSD5,0.4029498
9976,AC012636.1,0.7171352
9977,LTBP1,0.56669927
9978,DZIP1L,0.5894611
9979,HIST1H1E,0.4069754
9980,TSPAN9,0.603913
9981,DAPP1,0.525115
9982,CRYGD,0.7164034
9983,ZNF680,0.6428748
9984,TMEM94,0.63774747
9985,TRIM64B,0.7346125
9986,GSE1,0.6679239
9987,SAP18,0.75512314
9988,ZNF26,0.63267785
9989,SNX5,0.7341399
9990,PKDREJ,0.72217315
9991,DUSP10,0.5097735
9992,BCAT1,0.7367823
9993,ATE1,0.6568051
9994,ZNF404,0.5823721
9995,MTA2,0.54465544
9996,SYCE3,0.47444704
9997,ANKRD63,0.67035455
9998,PPP1R3B,0.5926994
9999,DDX60,0.5106478
