gene_index,gene,oracle_pcc
0,FABP4,0.8057689
1,ADH1B,0.8038349
2,CCL21,0.76806855
3,PLIN4,0.7415399
4,ACKR1,0.803143
5,PI16,0.7723448
6,PLIN1,0.8016035
7,MYH11,0.68730193
8,CCL19,0.7727018
9,IGHG2,0.7247608
10,CDR1,0.8067401
11,CCL14,0.81005317
12,CLDN5,0.79666144
13,SFRP4,0.80500674
14,FOSB,0.6823972
15,TNXB,0.81333613
16,IGFL4,0.85243064
17,IGF1,0.8443189
18,OR2A12,0.8004348
19,IGLC7,0.71070856
20,DES,0.7897888
21,VWF,0.7490205
22,IGF2,0.7159863
23,C7,0.7924399
24,ADIPOQ,0.8683872
25,IGHA2,0.69594556
26,MEG3,0.81470734
27,DEFB118,0.8530051
28,ADAM33,0.8314882
29,ADH1A,0.8157258
30,CCN5,0.75340146
31,KRTAP19-6,0.8686557
32,TOPAZ1,0.85563654
33,FP236383.5,0.613265
34,PLAC9,0.80967236
35,GPD1,0.78817964
36,MFAP4,0.7735384
37,CFD,0.5648866
38,OR7G3,0.8148435
39,OR8S1,0.84137243
40,PTGDS,0.70132375
41,CIDEC,0.8665902
42,PECAM1,0.8043979
43,CD36,0.7323566
44,NKX1-1,0.82765406
45,CNN1,0.68112516
46,PODN,0.82605606
47,ADGRA1,0.8112995
48,F9,0.83014876
49,FP671120.7,0.5159632
50,ABCA9,0.82650834
51,PLVAP,0.7590685
52,LMOD1,0.8333655
53,GPX3,0.64211917
54,MYH4,0.8121624
55,IGHD,0.68909115
56,CXCL14,0.47835502
57,MRGPRF,0.8155288
58,ABCA8,0.8531348
59,MS4A18,0.84743977
60,PDK4,0.8097475
61,SYNPO2,0.8592558
62,LIPE,0.8242388
63,FGF7,0.86698294
64,PLA2G2A,0.6525317
65,CHRDL1,0.7801328
66,OR6P1,0.84985
67,AC073657.1,0.8182122
68,MTRNR2L11,0.769417
69,CPXM1,0.86412925
70,GJA8,0.86276674
71,ABCA10,0.8109319
72,TTN,0.8666139
73,ACTC1,0.82159525
74,ABCA6,0.8602932
75,TMEM202,0.83875436
76,MS4A1,0.85235673
77,GRASP,0.82649446
78,FHL1,0.8072641
79,STAB1,0.7622215
80,APLNR,0.78350663
81,ANKRD30A,0.6965149
82,ACVRL1,0.80466324
83,TRARG1,0.81182647
84,PTGIS,0.7392772
85,AOC3,0.875928
86,MMRN1,0.85818404
87,KANK3,0.8334114
88,H19,0.5921777
89,TECTB,0.8278813
90,DEFA4,0.844577
91,LYVE1,0.8421781
92,EBF1,0.8721549
93,TSHZ2,0.8190477
94,PRG4,0.78282255
95,FILIP1L,0.9020603
96,IGHGP,0.8053376
97,LRRC32,0.7853362
98,SLIT3,0.8632212
99,C11ORF96,0.7889531
100,AKAP12,0.89671236
101,MRGPRX4,0.880482
102,LIMS2,0.77961606
103,PRKCB,0.85024315
104,FAM205C,0.8350932
105,PTN,0.6225044
106,MUSTN1,0.7908051
107,ABI3BP,0.84609944
108,INMT,0.85238653
109,PDGFRB,0.77254313
110,DST,0.67630714
111,SI,0.82382894
112,FSHB,0.81628126
113,C14ORF180,0.826286
114,RAPGEF3,0.81241804
115,AD000090.1,0.8505838
116,TDRD15,0.85950017
117,GPR182,0.84228784
118,ANKRD36C,0.75561696
119,POU2F2,0.8355706
120,CD34,0.8431137
121,CD79A,0.8334611
122,ABCB5,0.8307068
123,LMOD2,0.86220485
124,HTRA3,0.7473836
125,ZBTB20,0.8417163
126,CILP,0.765708
127,CAVIN2,0.8741703
128,IGFBP6,0.7932167
129,RAMP2,0.70243835
130,MCAM,0.68641776
131,MEDAG,0.87833
132,TBC1D10C,0.8771871
133,MYH1,0.8291344
134,CXCL12,0.79760456
135,CD52,0.81719846
136,EGR3,0.66643476
137,SSC5D,0.82687515
138,SCARA5,0.76107216
139,TAT,0.7187586
140,PALM,0.6803801
141,HOXD9,0.82648224
142,NBPF14,0.6647475
143,SVEP1,0.8372144
144,CST11,0.8323552
145,ADAM7,0.8237848
146,TBX2,0.77673644
147,ITGA7,0.84096605
148,CCR7,0.86260706
149,ANK2,0.83309054
150,TAS2R40,0.8514649
151,CST9L,0.8174841
152,LRRN4CL,0.848682
153,MTRNR2L5,0.8035818
154,JCHAIN,0.72217536
155,ANKRD36,0.79555947
156,CCDC80,0.8453086
157,MRAP,0.85074097
158,ASPN,0.79960424
159,ESAM,0.86106724
160,ARID5A,0.5722036
161,GCG,0.86130553
162,TEX101,0.8327551
163,TMEM132C,0.86871344
164,ZIM3,0.83524734
165,SELP,0.874608
166,CD79B,0.7726059
167,GLYAT,0.8420544
168,FP236383.3,0.8661974
169,IGHV3-74,0.8338797
170,NOVA1,0.7650172
171,CCDC144A,0.882664
172,C2ORF40,0.84838396
173,MEG8,0.8659931
174,SAMD7,0.85001725
175,HMCN2,0.83218473
176,MOGAT3,0.842221
177,CD6,0.8061404
178,EMCN,0.86996394
179,CDH5,0.82539034
180,EBF4,0.52815205
181,RASGRP2,0.84519386
182,ADH4,0.8090908
183,FOXP1,0.6479478
184,KLRF2,0.8406554
185,PGLYRP1,0.8495762
186,PATE1,0.770472
187,ADH6,0.8189612
188,C2ORF82,0.79950017
189,OR8B2,0.8264899
190,ACAP1,0.7968436
191,GPIHBP1,0.89001656
192,AC005224.2,0.8470853
193,NPIPB13,0.5813187
194,CIDEA,0.8403136
195,RAMP3,0.7045701
196,TNNT3,0.8265893
197,FP671120.4,0.8422463
198,COL16A1,0.67098284
199,TMEM119,0.8073638
200,CFH,0.83574456
201,SPON1,0.81123614
202,MYOC,0.85306436
203,CPE,0.57540387
204,HIC1,0.8609989
205,CTSK,0.8130749
206,MMRN2,0.8170455
207,NR4A1,0.5137492
208,CD248,0.8086121
209,ADGRL4,0.82474756
210,NXPE1,0.83661175
211,NNAT,0.81788135
212,CST5,0.6566437
213,IFNA14,0.8568959
214,KNG1,0.83357954
215,GPM6A,0.80854064
216,KCNQ1OT1,0.7864707
217,MEGF6,0.69153386
218,CCDC69,0.84481555
219,CLSTN2,0.69803953
220,MMP23B,0.78044814
221,F10,0.8448968
222,EGFL7,0.6871979
223,CD37,0.83727294
224,ACACB,0.7731166
225,STEAP2,0.77216595
226,OGN,0.85238695
227,LEP,0.85524863
228,ATP1B4,0.8484809
229,KLF4,0.6706772
230,MTRNR2L6,0.6209709
231,BHLHA9,0.8659143
232,IGFN1,0.87720984
233,CYP4F22,0.7282794
234,EHD2,0.77784663
235,TEDDM1,0.8254668
236,CDKN1C,0.63875294
237,ECSCR,0.85761565
238,LEPR,0.8612623
239,GAD2,0.84577245
240,LAMA2,0.83495027
241,PGM5,0.83456427
242,LRRC53,0.860503
243,FGD3,0.70446855
244,C9ORF131,0.84379053
245,PIM2,0.8247331
246,JAM2,0.8527203
247,SCARF2,0.7086219
248,DDI1,0.8255432
249,RASA4B,0.7236331
250,S1PR4,0.8590288
251,COL14A1,0.7293082
252,PNLIPRP1,0.83940893
253,ADCY4,0.8313763
254,C16ORF89,0.7015362
255,CLEC3B,0.8800938
256,EFEMP2,0.816524
257,ITM2A,0.7566188
258,JAK3,0.82368636
259,MGLL,0.64570355
260,ADAMTS15,0.6435891
261,PLEKHA4,0.74623233
262,SRPX,0.839994
263,FBN1,0.77696353
264,RARRES2,0.7870031
265,SHC2,0.50123334
266,EDARADD,0.594026
267,OR5V1,0.8375249
268,SEMA6B,0.81477594
269,ECM2,0.88297206
270,GALNT15,0.8782765
271,C6,0.83479834
272,ZCCHC24,0.7216735
273,ASTN1,0.8775773
274,NFATC4,0.64349073
275,FSTL3,0.6510542
276,CDC20B,0.833821
277,GGT5,0.77162504
278,ANHX,0.8270855
279,SLC32A1,0.8361166
280,RNASEK-C17ORF49,0.8396828
281,IL16,0.8526006
282,EPS8L3,0.8607407
283,RASAL3,0.86374193
284,CD93,0.8037064
285,NLRP1,0.8877621
286,FAM196A,0.8204808
287,DCHS1,0.8202412
288,SEPT4,0.82212585
289,SNED1,0.8142136
290,COL5A3,0.7918225
291,HMCN1,0.8528147
292,F13A1,0.80548
293,PRAMEF20,0.8272316
294,CCDC88B,0.7868317
295,LYL1,0.8416288
296,CSRNP1,0.70875955
297,MTRNR2L7,0.8185629
298,DIPK2B,0.85929435
299,ZAP70,0.8222931
300,ROBO4,0.867765
301,ELN,0.6080489
302,GJA4,0.8400324
303,TPSAB1,0.7238414
304,HSPB7,0.8477881
305,ITGAL,0.8323658
306,ADGRD1,0.8609188
307,ATOH8,0.8561702
308,TGFBR3,0.7651723
309,GSTM5,0.8611574
310,USP29,0.8307236
311,FAM212A,0.8512202
312,ATHL1,0.8013613
313,ICAM2,0.80457973
314,SPRY1,0.83650994
315,TPSB2,0.7305487
316,TECRL,0.82239777
317,ADRA2A,0.7961144
318,BMX,0.86664104
319,IGLC1,0.7082667
320,LRRC10,0.8467682
321,RERGL,0.8480877
322,C1ORF64,0.8395472
323,ATP1A2,0.85553867
324,LTBP4,0.60534936
325,CPLX4,0.85696983
326,SOX18,0.7563513
327,TSPYL2,0.7367821
328,AQP1,0.6825964
329,APOA2,0.8599236
330,CCDC201,0.8647674
331,CPXM2,0.7503581
332,PDGFRL,0.69720167
333,PDGFRA,0.76595783
334,NOMO2,0.5940723
335,NPIPA7,0.6567177
336,COL12A1,0.73141265
337,MMP1,0.65505105
338,USP17L7,0.82307744
339,MRVI1,0.87658167
340,PLXDC1,0.8491402
341,RHOJ,0.8473386
342,NR2F1,0.74892193
343,PDE2A,0.88654727
344,CRISPLD2,0.849158
345,SCNN1D,0.6762266
346,TRPV2,0.852568
347,TFPI,0.76467466
348,ZBTB16,0.7562594
349,DERL3,0.7622655
350,C10ORF11,0.86834496
351,ACKR3,0.7751072
352,TSPAN7,0.754991
353,PRSS48,0.8462809
354,CDK11B,0.6569101
355,LSP1,0.81583565
356,CSF3,0.850097
357,NEXN,0.8198549
358,CORO1A,0.7923983
359,G6PC,0.88095385
360,HAS1,0.8578308
361,CYTH4,0.8618509
362,RENBP,0.7250831
363,GDF10,0.8618421
364,TRMT9B,0.6288505
365,PDPN,0.8054843
366,LINC01697,0.8312673
367,PLD4,0.77087444
368,CFHR5,0.8347222
369,DPT,0.7703995
370,JAML,0.8633032
371,SLN,0.8307931
372,GEM,0.81194717
373,TCF4,0.8481222
374,ANGPTL2,0.88311434
375,SLC2A2,0.850105
376,FAM65B,0.81473464
377,GABRA2,0.82317495
378,CD27,0.84027314
379,SYNE1,0.89825946
380,ADH1C,0.844563
381,RBMS3,0.88643503
382,C10ORF10,0.7965998
383,GLRA4,0.84738207
384,LILRB5,0.83374715
385,IGFBP3,0.54550856
386,ECE2,0.70980215
387,SENP3,0.5656894
388,ADAMTS20,0.8529749
389,PHYHIP,0.8204877
390,MTRNR2L3,0.75520873
391,AIPL1,0.82078797
392,PTH1R,0.88290423
393,GFRAL,0.8486042
394,NR4A3,0.7891117
395,LRRC19,0.8401049
396,SAMHD1,0.733421
397,GREM1,0.830556
398,COX7A1,0.798899
399,HBA2,0.83805805
400,RGS5,0.79292965
401,TMEM37,0.7978485
402,MS4A10,0.81742173
403,CHRD,0.7060061
404,CYBRD1,0.6540068
405,PMM2,0.63803
406,PER1,0.62562656
407,APBB1,0.6582513
408,DGCR6,0.5882346
409,ARHGAP45,0.72817594
410,GPR78,0.86163336
411,NGFR,0.71574736
412,SFTPA1,0.86711496
413,ARHGAP4,0.81138104
414,VCAN,0.76894635
415,KCNK6,0.6809891
416,ZC3H11A,0.51636213
417,INPP4B,0.7304233
418,NPIPA3,0.6473715
419,FAM205A,0.78805345
420,PSTPIP1,0.861955
421,DNAJB8,0.8604321
422,CD22,0.81866646
423,ARHGEF15,0.86425215
424,TTC24,0.83302194
425,POU2AF1,0.84584826
426,ITGA1,0.79811233
427,ASB15,0.8453245
428,ANGPT2,0.8458865
429,LINC01497,0.83731526
430,PPP1R12C,0.6458948
431,HSFX2,0.83680946
432,OR14I1,0.804317
433,C19ORF60,0.7146197
434,TACC1,0.82527566
435,NME1-NME2,0.81659704
436,C10ORF142,0.83232594
437,RGS16,0.77094525
438,IGLL5,0.71089894
439,OR8B8,0.7931928
440,LCN8,0.8347861
441,SERTM2,0.87092113
442,AC090377.1,0.83697486
443,KLF2,0.80130553
444,MYO15B,0.7617547
445,EMILIN1,0.8234623
446,TEKT1,0.84361213
447,VEGFD,0.8246381
448,THBS1,0.6326633
449,INPP5D,0.86739045
450,CD300LG,0.8206187
451,RESP18,0.8356723
452,ADAMTS9-AS2,0.8561406
453,TNS1,0.79571533
454,SLC22A7,0.828787
455,SERPINF1,0.8184862
456,CEP290,0.79307747
457,DOCK6,0.65659004
458,AQP7,0.86326593
459,CASQ2,0.86666936
460,MAP1A,0.8735261
461,HYMAI,0.8554054
462,TCF23,0.8683591
463,NPIPB5,0.57306325
464,AVPR2,0.8442362
465,ABCA7,0.69930667
466,ANGPTL1,0.87026244
467,PNMAL2,0.8203027
468,TREX1,0.68564254
469,BDP1,0.8007951
470,NPR1,0.8256855
471,ADAMTS10,0.7830393
472,SLC2A3,0.8109804
473,ZEB2,0.86204106
474,ADGRD2,0.78676957
475,LGALS9C,0.71254706
476,PREX1,0.7568068
477,CLDN11,0.66104496
478,LHFPL6,0.8442587
479,SLCO2A1,0.8537588
480,ANGPTL4,0.56250733
481,SERPINE1,0.69068867
482,FGF18,0.84686375
483,COL6A6,0.81234616
484,CD7,0.7981348
485,SOD3,0.60643196
486,KCNMA1,0.63055485
487,TNS2,0.6951056
488,EGR1,0.6145201
489,AC062004.1,0.857112
490,PROK1,0.82850534
491,IL33,0.776004
492,GAS6,0.61270446
493,NHSL2,0.71194434
494,GAS7,0.85459846
495,NPC1L1,0.7642312
496,LINC01553,0.84119064
497,FSCB,0.83883303
498,TNFRSF25,0.6880502
499,RS1,0.84675866
500,PAPPA2,0.76182604
501,GRIK5,0.7919777
502,BAZ2B,0.753407
503,ARID4A,0.81212693
504,FUZ,0.5934779
505,GALNT16,0.72606343
506,MMP19,0.80318433
507,ISLR,0.68121034
508,C1QTNF4,0.83200794
509,CACNG2,0.8705905
510,AC132217.1,0.8558099
511,ENPP2,0.78688854
512,GNG11,0.8395336
513,CLEC14A,0.8676057
514,SEMA3G,0.8450441
515,PLCG2,0.6637368
516,MXRA5,0.7294936
517,AR,0.71284395
518,SLC25A31,0.8347869
519,FXYD1,0.7737202
520,PLEKHH2,0.7976041
521,C1ORF228,0.8496135
522,SLX1B,0.6120109
523,COMP,0.63895565
524,THBD,0.7644648
525,MMP3,0.78761166
526,COL5A2,0.79630804
527,MYOCD,0.8372503
528,CCL2,0.7506342
529,FYB,0.80711985
530,PREX2,0.894942
531,UACA,0.8109712
532,TTBK1,0.79548687
533,COPDA1,0.82339984
534,TGFB1,0.7838686
535,SELPLG,0.7984996
536,ITGA3,0.49312484
537,C8A,0.8526284
538,AC107976.1,0.85498136
539,AC004556.1,0.77663827
540,TRDN,0.83425635
541,CCDC39,0.8347943
542,NBPF15,0.54101163
543,MMP2,0.81912804
544,MYO1F,0.8657019
545,CADM3-AS1,0.8663592
546,FBXO40,0.84238607
547,PIGR,0.56243163
548,ITGA5,0.78901845
549,DUXA,0.8459199
550,AC090498.1,0.81108665
551,MTRNR2L13,0.791477
552,CCDC3,0.7513029
553,TNMD,0.84101295
554,ITGBL1,0.7958377
555,MZB1,0.76802444
556,IL1RAPL1,0.8631188
557,ITGAX,0.82928795
558,ADGRF5,0.87304926
559,SPARCL1,0.6796809
560,STAB2,0.8463357
561,SGCZ,0.8341333
562,CORO6,0.70059246
563,TIE1,0.8778696
564,MFSD7,0.8064716
565,TTC36,0.65864974
566,ACBD4,0.7077165
567,MTHFR,0.74281484
568,CACNG5,0.8185301
569,OR52H1,0.8213856
570,HSPB6,0.7716804
571,DPPA4,0.8709483
572,AC005480.1,0.7846
573,LTBP2,0.693738
574,FMOD,0.68188024
575,SORBS3,0.69955635
576,SFRP2,0.76810104
577,KIAA1683,0.8388267
578,CD3E,0.87573177
579,DBH,0.822773
580,GPSM3,0.8532466
581,NXNL1,0.84048325
582,HBM,0.8568673
583,MYO1G,0.8612028
584,FHL5,0.8424461
585,WDR13,0.66046554
586,ZNF385D,0.8827605
587,ABRA,0.8405134
588,ANGPT4,0.8382599
589,CAPN8,0.7027058
590,ITIH2,0.8185361
591,CALHM2,0.75706935
592,SEMA3C,0.57366174
593,PRPS1L1,0.8566017
594,MFRP,0.8356578
595,COL5A1,0.8281773
596,VSTM4,0.8278737
597,CDHR4,0.83330816
598,GOLGA4,0.6154323
599,TNFRSF4,0.7764246
600,SPATA8,0.84319353
601,POTEI,0.61264104
602,FAM159A,0.84408545
603,POU1F1,0.86638516
604,SCRT1,0.85166675
605,HBB,0.7880966
606,PEAR1,0.86383325
607,CACNG7,0.82742214
608,SERPIND1,0.8496662
609,CST2,0.68914527
610,UNCX,0.8258794
611,ANGPTL7,0.85313225
612,RBM25,0.70436186
613,ENG,0.7295304
614,PRKCDBP,0.79198426
615,HTRA1,0.77898806
616,EZH1,0.68306154
617,DUSP1,0.6483366
618,AC010642.1,0.80116504
619,NPIPB3,0.7580597
620,FGF16,0.8194251
621,RAB3IL1,0.7976816
622,LUZP2,0.8011151
623,PAMR1,0.78007597
624,NPIPB11,0.752017
625,TBKBP1,0.73723745
626,AGBL1,0.8338237
627,GRM3,0.8210325
628,KRT82,0.84153223
629,BLK,0.82979804
630,THY1,0.8303222
631,ECRG4,0.6023944
632,MMP9,0.66068846
633,GMFG,0.86244845
634,KIAA1456,0.82990485
635,LCAT,0.7570252
636,SMIM9,0.84246063
637,PGF,0.70100397
638,MEOX1,0.77445245
639,FAM212B,0.8366187
640,AC113404.1,0.80901796
641,ANKRD12,0.7050438
642,KCNV2,0.83197623
643,ENTPD1,0.7891794
644,USP20,0.65901095
645,NRXN2,0.8142665
646,CTCFL,0.82086676
647,SLC35F4,0.84545904
648,FOLR2,0.7734203
649,SMIM21,0.8398015
650,CXORF36,0.8639286
651,HPR,0.8483308
652,Z97200.1,0.8608654
653,FCER2,0.82254314
654,HSPA12B,0.8672773
655,MAF,0.81332046
656,BEND2,0.8363845
657,CTAGE1,0.84771127
658,XAF1,0.70754653
659,NOTCH2NL,0.83146507
660,HYAL2,0.6878362
661,PAPLN,0.8064437
662,ZFP36,0.6577617
663,AC108037.1,0.8354397
664,APOF,0.8470459
665,TRHDE,0.83126444
666,PCOLCE,0.835471
667,NOD1,0.74661833
668,SYT4,0.80230904
669,RSG1,0.8316016
670,IFFO1,0.87136126
671,ATP8B2,0.77034587
672,DSG4,0.8543005
673,POTEE,0.76284033
674,C17ORF78,0.8572306
675,SH3D19,0.70379716
676,SIGLEC1,0.8062389
677,CRX,0.8546502
678,NPIPB9,0.8332723
679,MZF1,0.70604044
680,CHTF8,0.6259319
681,GRIA1,0.8439266
682,CCL17,0.795397
683,CST1,0.5239297
684,AKNA,0.8202565
685,MUC17,0.84087086
686,IL3RA,0.8348957
687,AC108463.3,0.83165103
688,ANKRD33,0.8333936
689,ZNF716,0.8380316
690,CYP3A7,0.8573943
691,TGFBR2,0.84586525
692,THBS4,0.74646807
693,NOMO3,0.79568654
694,LINC01623,0.8169206
695,HGF,0.88004345
696,MAPK11,0.7930979
697,SIX6,0.8368881
698,GTSF1L,0.8205333
699,MROH2B,0.82491255
700,MEG9,0.8748191
701,FAM166A,0.6086564
702,INPP5J,0.6837892
703,RALYL,0.83426803
704,TIMP4,0.80207795
705,AKAP9,0.60426885
706,AC025259.3,0.7436325
707,TMEM110-MUSTN1,0.8089412
708,ZDHHC1,0.7045043
709,Z95114.4,0.8464256
710,CTSF,0.55957174
711,SCGB2A1,0.6593041
712,NPY2R,0.8016736
713,TMEM91,0.798609
714,HRH4,0.84724945
715,LVRN,0.8338898
716,C12ORF50,0.8534315
717,PIP,0.5363599
718,AP000915.1,0.83789307
719,LGALS9,0.75688535
720,LMF1,0.67729884
721,SCGN,0.79736644
722,CASC16,0.8398454
723,TUBA3D,0.80037385
724,GIMAP7,0.9009449
725,SCN7A,0.84910744
726,USHBP1,0.8580901
727,LRRC2,0.849914
728,FOXS1,0.8640043
729,UBA7,0.6807177
730,ADAMTS1,0.6706235
731,UTRN,0.7536015
732,UBR4,0.6359177
733,SYNDIG1L,0.8773567
734,PACS2,0.6807676
735,CCL16,0.83456856
736,LINC02268,0.823464
737,AKAIN1,0.859948
738,DYNC2H1,0.8597043
739,TMIGD1,0.81496173
740,TRPM3,0.84749645
741,AHSG,0.85672086
742,BTNL9,0.7995801
743,FAM63B,0.80929756
744,GIMAP1,0.8684554
745,AMER3,0.82006663
746,RGSL1,0.84237075
747,ADIRF,0.5250674
748,VAMP2,0.57862544
749,LUCAT1,0.82072395
750,EPAS1,0.7183842
751,WDR64,0.837612
752,TCL1A,0.836315
753,MLANA,0.836885
754,CCDC141,0.8674775
755,ACTL6B,0.8348815
756,CST9,0.83478737
757,KRT13,0.7874324
758,CD2,0.85537404
759,AC104035.1,0.82749313
760,TMEM132E,0.8042914
761,CCL22,0.7943816
762,CCDC198,0.8773605
763,SULT1A4,0.6337558
764,DIO3OS,0.8378682
765,WSB1,0.63992643
766,ANGPTL8,0.84102696
767,CTSG,0.824151
768,BPIFA1,0.82639104
769,DLC1,0.8672082
770,ANAPC2,0.7118669
771,LGALS9B,0.8331129
772,CMA1,0.85247153
773,LINC02433,0.7996151
774,FMNL1,0.8275383
775,HEG1,0.8814871
776,ATP6V0A1,0.6490994
777,ARHGAP30,0.8468848
778,PIEZO2,0.7894769
779,AC005005.4,0.8143162
780,MFNG,0.89107656
781,CHRM2,0.8412718
782,OAF,0.7538138
783,CPNE5,0.83892393
784,AC008147.2,0.8418881
785,CCND2,0.8071874
786,AC104041.1,0.8527422
787,SNPH,0.70866036
788,PTPN7,0.84168655
789,NKTR,0.7246642
790,IDUA,0.6586519
791,AC060814.5,0.86099625
792,FAM156B,0.77739453
793,FGF10,0.8379081
794,SSX3,0.83944684
795,VAV1,0.8305941
796,SLC14A2,0.83468884
797,CD84,0.8759987
798,KRT73,0.8475173
799,SLC19A3,0.84381104
800,ACOT1,0.5558176
801,HBA1,0.8448642
802,TGFB1I1,0.76976633
803,CFHR1,0.8317011
804,NACA2,0.49801347
805,COL4A1,0.6991492
806,RIN3,0.80420685
807,C8ORF44,0.8390994
808,MS4A2,0.8709505
809,COL15A1,0.8167477
810,WDR86,0.74455714
811,PLK3,0.6925071
812,MAP4K1,0.86584425
813,SMIM11B,0.8083503
814,AADACL2,0.83259517
815,PRAMEF18,0.8606735
816,RAB3C,0.8592672
817,TPH2,0.8631312
818,AC245060.5,0.8007743
819,GRIFIN,0.8374243
820,TTR,0.83085316
821,C19ORF66,0.7672898
822,GML,0.8424751
823,OR9K2,0.84569126
824,GREM2,0.84001833
825,GADL1,0.86396784
826,SOX1,0.85601234
827,RIPK3,0.84889144
828,LIN28A,0.8071206
829,LENG9,0.7445917
830,FBLN2,0.6048251
831,PIWIL1,0.8448747
832,AC245100.1,0.82283026
833,F2R,0.8198647
834,TPPP3,0.74837637
835,FABP2,0.8699947
836,HIGD2B,0.8754017
837,PDE4A,0.6726758
838,PLEKHO1,0.7834382
839,NTS,0.7863111
840,SCN2B,0.8573439
841,LCN6,0.873926
842,ARSG,0.6745587
843,PLCZ1,0.85417145
844,AC087521.1,0.8305914
845,AL845331.2,0.85463667
846,RSPO3,0.86208934
847,SYTL1,0.6361821
848,TBC1D17,0.6232989
849,LAG3,0.79635674
850,FAM110D,0.87318987
851,ABTB1,0.64231616
852,TEX13C,0.8382774
853,THTPA,0.6097328
854,AL049794.1,0.8347254
855,RHD,0.84396607
856,PDZD9,0.8110586
857,OR4D9,0.833158
858,IGHV3-21,0.8424782
859,GPR155,0.8485756
860,ABHD15,0.75703174
861,RPL3L,0.7945764
862,KCNA7,0.8591462
863,KRT24,0.81888264
864,CCDC83,0.8325889
865,SLC27A1,0.63330793
866,LGI4,0.87108535
867,FLYWCH1,0.6996724
868,MPND,0.659303
869,AC020928.2,0.8479517
870,B3GNT6,0.8357384
871,FAXDC2,0.74512815
872,AC026785.2,0.6748213
873,SLC7A8,0.7136442
874,PTPRM,0.8481521
875,CCL3L3,0.8441634
876,ACADS,0.5914207
877,CCER1,0.83416724
878,SCN3A,0.82763004
879,NBPF10,0.64064866
880,ZFHX4,0.8567522
881,CYP2A13,0.8126972
882,SPDYE1,0.86580724
883,ASNS,0.7262401
884,FYB1,0.88007754
885,C17ORF51,0.8392093
886,AFM,0.84601283
887,SCRN2,0.5952663
888,PIK3CD,0.77713007
889,ZEB1,0.87293595
890,AL035078.1,0.8607301
891,SRPX2,0.72432953
892,ATM,0.785994
893,FAM237B,0.8483837
894,EIF3CL,0.62033224
895,NWD2,0.8439371
896,TMEM132D,0.8636649
897,ID3,0.66400886
898,FAM132A,0.8454247
899,CITED1,0.7389222
900,ADAMTSL2,0.8171455
901,PCDH12,0.82999784
902,LIMD2,0.6926183
903,MGAT4C,0.8439076
904,AC120498.4,0.79892784
905,FTX,0.7717881
906,CPLX1,0.7402165
907,LRP1,0.7715327
908,C1ORF158,0.8295966
909,SIDT1,0.73770994
910,KCTD19,0.84280246
911,HCN1,0.8352211
912,PLG,0.8229692
913,CST4,0.5918227
914,DNM1,0.7196494
915,AL627171.2,0.7220934
916,AC067852.3,0.8350834
917,ABCG8,0.8102867
918,SLC49A3,0.7149361
919,CLRN1,0.83432007
920,PGPEP1,0.6830433
921,CLEC4G,0.8566694
922,AC108734.4,0.8738243
923,CEACAM8,0.838198
924,FAM156A,0.73293537
925,RGPD6,0.8097975
926,LRRTM2,0.8643289
927,IRF1,0.63472307
928,FMO1,0.79449517
929,PPP1R14A,0.6804673
930,POLL,0.6828146
931,ELMOD3,0.75649816
932,MS4A7,0.77455163
933,LDB2,0.8558193
934,BCAM,0.6385565
935,ALDH1A1,0.80636597
936,SFXN3,0.6295035
937,UBXN11,0.5215539
938,C1QTNF9,0.8364989
939,FCHSD1,0.7528226
940,WDTC1,0.6542704
941,NAT6,0.8093817
942,AC145124.1,0.84208465
943,MICAL1,0.7094312
944,FCAR,0.85520035
945,CARTPT,0.65045434
946,PGLYRP2,0.75435287
947,AC136443.3,0.8490538
948,AC006111.1,0.84012675
949,PTPRB,0.86368865
950,AC093010.3,0.81821746
951,Z95114.1,0.8206527
952,NTN4,0.6034027
953,RNF166,0.6867223
954,AC025419.1,0.8301981
955,NPIPA8,0.80654305
956,AC138207.5,0.8402242
957,PDZRN4,0.85008115
958,IL23R,0.7873111
959,AC020916.1,0.6508887
960,IL7R,0.8628939
961,SPNS2,0.72592264
962,MAP3K19,0.8722098
963,DAPK3,0.62453854
964,LINC01405,0.8326652
965,CADM3,0.8666622
966,MAB21L1,0.8343509
967,SLAMF7,0.83395296
968,HLX,0.8521333
969,MPHOSPH8,0.6831228
970,MPPED1,0.81819993
971,SEC14L2,0.55530614
972,PRSS58,0.8270356
973,TARM1,0.85565203
974,CORO7,0.74627715
975,RPL10L,0.66699505
976,STH,0.8419506
977,AL445426.1,0.8439801
978,ITSN1,0.7441826
979,ITPR1,0.69918376
980,UGT2A1,0.82108337
981,SCGB1A1,0.82416993
982,ARSA,0.44207153
983,PAGE1,0.83712894
984,KCNG4,0.8153804
985,POTEJ,0.8567316
986,KLF17,0.83588487
987,CHL1-AS2,0.8294608
988,TRIM56,0.6764553
989,GOLGA8R,0.8381583
990,TAS2R30,0.83803654
991,FFAR2,0.7844773
992,ST6GALNAC4,0.5638514
993,PLAT,0.63897794
994,SULT1A1,0.5721981
995,APOBR,0.7817848
996,AIRE,0.8649098
997,AC008663.3,0.822186
998,EPHA5,0.8244577
999,CCDC178,0.8594263
1000,PRR5,0.6165272
1001,ARHGEF1,0.61224246
1002,GATS,0.8448165
1003,TSKS,0.7964708
1004,AC091891.1,0.806796
1005,HLA-DMA,0.7655678
1006,PRLHR,0.8266832
1007,OMG,0.8279858
1008,LINC01239,0.82249314
1009,DEF6,0.6840207
1010,NPIPB8,0.8151045
1011,SGCA,0.83043885
1012,BRDT,0.8115566
1013,ITGA11,0.70685863
1014,PAGE4,0.8434524
1015,MXRA8,0.7498103
1016,CPA1,0.8405344
1017,LPAR6,0.74526256
1018,CIITA,0.7565424
1019,REG1B,0.8153847
1020,C14ORF159,0.76650435
1021,ISPD,0.82651806
1022,IGHM,0.60481936
1023,JADE2,0.6144848
1024,COL7A1,0.60565954
1025,FZD2,0.6654838
1026,HYPM,0.8633327
1027,MIRLET7BHG,0.7282985
1028,GAGE1,0.8718688
1029,CBX7,0.70446116
1030,MYADM,0.56790966
1031,GAGE12J,0.8441407
1032,COL17A1,0.6028046
1033,GJD4,0.8393703
1034,BCO2,0.7639883
1035,S1PR1,0.8545415
1036,CREB5,0.7736084
1037,GYPC,0.7551506
1038,SNHG28,0.8246531
1039,JAM3,0.83454704
1040,STARD9,0.8725901
1041,CNGA3,0.8317957
1042,LMNTD1,0.7831325
1043,MEF2C,0.7787034
1044,MAMDC4,0.6896917
1045,RUNX1T1,0.8279957
1046,NOTCH4,0.8503459
1047,WDR81,0.71094495
1048,PRR29,0.8008427
1049,C2ORF78,0.8434065
1050,TSPAN4,0.70828295
1051,FLG2,0.8497541
1052,F8A2,0.84411985
1053,GGT7,0.6436326
1054,IGSF10,0.7364592
1055,LINC00598,0.8544839
1056,NUDT18,0.77570087
1057,ZMAT1,0.80101985
1058,ABHD16B,0.8221688
1059,CFAP69,0.81195766
1060,TBC1D3C,0.7997525
1061,PTGER3,0.78398865
1062,ZSCAN23,0.84139997
1063,VAMP5,0.7892115
1064,CHD3,0.6084133
1065,ECSCR.1,0.8187456
1066,TTLL3,0.74521416
1067,IL10RA,0.8937076
1068,C15ORF59,0.8083129
1069,PNPLA7,0.71653056
1070,RGPD5,0.8135457
1071,RGPD1,0.84298414
1072,CTNS,0.7174646
1073,CLEC18C,0.8574768
1074,RASIP1,0.75048274
1075,PCED1A,0.5891056
1076,MRGPRX2,0.84097505
1077,FOS,0.5640938
1078,TNFRSF14,0.713123
1079,AL158835.1,0.8041714
1080,LDB3,0.8231998
1081,MYOZ3,0.7971379
1082,AC090617.10,0.83258444
1083,ZDHHC22,0.8641196
1084,FST,0.755254
1085,CHRNG,0.84507346
1086,REV3L,0.8393125
1087,LMOD3,0.8420941
1088,ATF3,0.6313229
1089,GABRB1,0.8186164
1090,NRSN1,0.838573
1091,MUCL3,0.84389824
1092,SPSB3,0.6978827
1093,DHH,0.86590546
1094,BOLL,0.8192358
1095,LAMB2,0.6573691
1096,SAG,0.8360579
1097,CXCL2,0.6399763
1098,LTB,0.7280901
1099,ADCY8,0.8199975
1100,CAMK2B,0.7040951
1101,OR1K1,0.825833
1102,CASP10,0.77970624
1103,SLC17A1,0.8188813
1104,ASPA,0.866035
1105,PPP1R12B,0.7009425
1106,CEP112,0.87232476
1107,CCDC36,0.823693
1108,POMZP3,0.6170363
1109,CRY2,0.7366311
1110,RAPGEF1,0.62723976
1111,GRIA3,0.83700705
1112,C1ORF141,0.8461945
1113,DNASE1,0.7120879
1114,UCN3,0.84455633
1115,MYL5,0.64027524
1116,TACR3,0.83020633
1117,DNAJC5G,0.8162713
1118,ROBO3,0.7630878
1119,AWAT1,0.78895146
1120,SMIM11A,0.76802754
1121,MYLK,0.61040986
1122,CALN1,0.8191945
1123,AGAP2,0.7749243
1124,GK2,0.85367113
1125,AGAP6,0.72578406
1126,BASP1-AS1,0.8544469
1127,MARCH9,0.616565
1128,LMBR1L,0.7765141
1129,NPIPB12,0.47412908
1130,TRAV2,0.80732775
1131,HBD,0.8222077
1132,BOD1L1,0.74430865
1133,FCGRT,0.7099671
1134,TUBGCP2,0.58204156
1135,OR6C74,0.8538906
1136,LDLRAD2,0.7136528
1137,HEXD-IT1,0.8417911
1138,RBM5,0.6187398
1139,SEMA6C,0.74870086
1140,SLC38A5,0.74385244
1141,TCEAL6,0.7193137
1142,CRTC1,0.6642341
1143,CYLC2,0.8506608
1144,TCEAL5,0.8402923
1145,IGHJ2,0.8204239
1146,ALB,0.77106005
1147,AKAP4,0.8105824
1148,OXTR,0.75151485
1149,ADAM29,0.8312523
1150,CDK11A,0.67235565
1151,NANOG,0.8299697
1152,THSD7A,0.87518686
1153,G0S2,0.7556134
1154,PENK,0.78763
1155,C12ORF60,0.6623021
1156,TMEM121,0.62791127
1157,ANKRD36B,0.8083188
1158,WASH1,0.77353495
1159,PPP1R16B,0.8520811
1160,CBFA2T3,0.77321386
1161,FAM129C,0.84733015
1162,AGTR2,0.8441432
1163,ADAMTS8,0.7555413
1164,KCND3,0.80227023
1165,AC022034.4,0.8482457
1166,SEMA5A,0.7635651
1167,PRX,0.77637196
1168,CLEC11A,0.75177956
1169,PHLDB3,0.71987885
1170,CCND3,0.56971943
1171,ARFRP1,0.62666386
1172,CMKLR1,0.8365581
1173,ZNF775,0.7477157
1174,RGPD4,0.8170049
1175,CALCOCO1,0.6299506
1176,AC009093.2,0.8259904
1177,SYNPO,0.78985643
1178,DENND1C,0.8863067
1179,EVA1B,0.7060067
1180,C10ORF54,0.7737641
1181,SNX21,0.6325468
1182,SCN11A,0.8470261
1183,CLEC2D,0.7741423
1184,WNK4,0.7024376
1185,FLRT2,0.82744336
1186,AL357078.2,0.82366973
1187,LINC01197,0.8674087
1188,FKBP1C,0.63890564
1189,CD209,0.8515754
1190,AC093866.1,0.8230715
1191,SLC5A2,0.6990579
1192,PQLC2,0.8089247
1193,DENND4C,0.77230424
1194,ZSWIM1,0.717866
1195,AC008663.2,0.8319204
1196,SSSCA1,0.7540539
1197,TRIM41,0.6227112
1198,CCDC8,0.6658154
1199,FAM81B,0.8240574
1200,OPN4,0.809341
1201,SLA2,0.6854027
1202,GGT2,0.7726485
1203,HNF1B,0.8463218
1204,CBSL,0.8223505
1205,STK11,0.65870595
1206,R3HCC1,0.60107225
1207,D2HGDH,0.687448
1208,IGLJ3,0.7866912
1209,SLCO2B1,0.80077726
1210,CYR61,0.80629927
1211,CCDC84,0.59064215
1212,LILRA4,0.8496743
1213,AMY1B,0.6662473
1214,DOK2,0.8499004
1215,RGS12,0.67737204
1216,SST,0.8409369
1217,SEPT1,0.82392883
1218,NISCH,0.69518954
1219,OTC,0.8188932
1220,PRSS57,0.8352459
1221,SCGB2A2,0.4809092
1222,SLX1A,0.6410833
1223,C5AR2,0.75494033
1224,SCGB1D1,0.81132966
1225,SIT1,0.81392765
1226,AC127024.2,0.801362
1227,GBP7,0.8133463
1228,NUP210L,0.7874563
1229,TNRC6C,0.68379205
1230,MMP11,0.62754303
1231,POTEF,0.77588814
1232,AC009065.7,0.7839904
1233,PTGDR2,0.7789445
1234,TFEB,0.71450806
1235,AMY1C,0.8132558
1236,CH507-9B2.5,0.81706303
1237,ZNF536,0.82259434
1238,BPIFB2,0.80572087
1239,TVP23C,0.7861419
1240,IGLV3-1,0.8132637
1241,LINC00924,0.832
1242,LINC01016,0.8170252
1243,CFAP57,0.8171606
1244,TNFSF12,0.80367
1245,SUSD3,0.6830035
1246,PNISR,0.70513135
1247,SLC43A1,0.68549746
1248,PRM3,0.8126545
1249,C4ORF32,0.8334996
1250,MYCBP2,0.74773103
1251,RBM6,0.5497162
1252,PCP2,0.682848
1253,CTRC,0.82980126
1254,BOD1L2,0.81176597
1255,MVP,0.68965703
1256,PLEKHO2,0.85685605
1257,TGFB3,0.73806953
1258,GZMM,0.85323334
1259,C9ORF172,0.7945625
1260,ODF3B,0.5850289
1261,CR2,0.79558665
1262,PRELP,0.6320936
1263,SERPINA7,0.84756494
1264,PRICKLE2,0.7863886
1265,RD3,0.86217815
1266,MAGED4B,0.80022687
1267,NMBR,0.8526781
1268,EBF2,0.8753171
1269,NRIP2,0.8792076
1270,ANKUB1,0.8254771
1271,SULT1A2,0.6868439
1272,C5ORF42,0.78340465
1273,CCL8,0.76649
1274,UNC13D,0.67284465
1275,SLC5A10,0.8390078
1276,ZNF865,0.72930616
1277,IGLC3,0.7023468
1278,AC008026.3,0.8494963
1279,NPIPB7,0.8060563
1280,APOD,0.5132857
1281,GGTLC3,0.80689496
1282,TMC8,0.86713094
1283,ZMYND10,0.67079407
1284,EPB42,0.8265868
1285,PTGIR,0.8913524
1286,ENAM,0.8206398
1287,BATF,0.6908757
1288,SIL1,0.5313819
1289,RUNX1,0.55246496
1290,NFIA,0.64941996
1291,AC010359.3,0.8510001
1292,POMT1,0.61058956
1293,DEPP1,0.60037774
1294,IL5RA,0.8514871
1295,ZNF729,0.8058023
1296,AL137802.1,0.78585726
1297,VPS18,0.7211001
1298,TPSD1,0.8109533
1299,CREBRF,0.7440622
1300,BCAR1,0.7264982
1301,RTN2,0.6553511
1302,AVP,0.8383355
1303,AC006141.1,0.83474207
1304,TAC1,0.80344087
1305,MYOM1,0.8541992
1306,ARID3A,0.7936252
1307,AC092171.2,0.77133983
1308,DDTL,0.65590054
1309,HEMK1,0.6229711
1310,FAM167B,0.77348495
1311,KCNK15,0.70807344
1312,AMDHD2,0.6673305
1313,PAX5,0.8168485
1314,FCRL5,0.843764
1315,PDGFD,0.8130434
1316,SPNS3,0.8537633
1317,C11ORF87,0.84349483
1318,OPRM1,0.85729903
1319,NLRP8,0.8615551
1320,CLIP3,0.7372574
1321,GFAP,0.83360744
1322,APOBEC4,0.83245057
1323,NTN3,0.8306224
1324,KIAA1109,0.76049286
1325,GOLGA8F,0.84791803
1326,FAP,0.85910636
1327,CXORF49,0.8166776
1328,STMN2,0.8741054
1329,PRND,0.84434134
1330,SCN4B,0.8004832
1331,MITF,0.83138067
1332,ISL1,0.8565023
1333,MIER2,0.6478358
1334,FAM134B,0.8242304
1335,FZD4,0.83264416
1336,PHLDB1,0.723041
1337,SLC4A1,0.8619196
1338,FAM213A,0.76292825
1339,CD19,0.8574551
1340,TMEM259,0.64348954
1341,DUSP18,0.85147834
1342,TBC1D2B,0.7503376
1343,TTLL9,0.8005701
1344,GNA11,0.7101738
1345,BICC1,0.8285959
1346,NCF1,0.77723765
1347,PLXND1,0.7076884
1348,LENG1,0.6993888
1349,PZP,0.83579296
1350,AC027290.1,0.82374364
1351,HLA-G,0.6337517
1352,ZMAT4,0.808084
1353,SMG6,0.7635806
1354,TUBA4B,0.75661826
1355,A1CF,0.8513274
1356,MAPK3,0.56999284
1357,AC111152.2,0.8103645
1358,ENO2,0.54752034
1359,PHLDA3,0.5674619
1360,BMERB1,0.7023347
1361,MYL7,0.81157154
1362,SH2D3C,0.89159566
1363,FOXO1,0.85343933
1364,ZNF320,0.7480995
1365,CD72,0.8100378
1366,AC106820.5,0.8497301
1367,BAIAP3,0.7209673
1368,OGFR,0.5850201
1369,STAT5B,0.68691856
1370,AC016831.5,0.8524669
1371,AREG,0.5010803
1372,POU4F2,0.8238263
1373,LHFP,0.841728
1374,ELANE,0.86339825
1375,FERMT3,0.8626539
1376,ERG,0.85579044
1377,C20ORF196,0.8314812
1378,AC005606.2,0.83683985
1379,NAGLU,0.66651565
1380,PPFIA2,0.8097288
1381,IGKJ1,0.8110555
1382,HOXB4,0.78571105
1383,TBPL2,0.8181742
1384,VIPR2,0.7816882
1385,TIMP3,0.6320932
1386,CCDC168,0.8675196
1387,IQUB,0.8412833
1388,AC025287.4,0.8496609
1389,RALGAPA2,0.74554473
1390,DGKA,0.79588896
1391,CFP,0.8436468
1392,AC007952.3,0.8246891
1393,RPS4Y2,0.8141702
1394,MMP24,0.716022
1395,ART4,0.8215429
1396,CHGA,0.8063453
1397,AC092368.3,0.7589962
1398,ST6GALNAC6,0.65253884
1399,AC004542.2,0.8066481
1400,DNAAF3,0.7149773
1401,METTL24,0.8470855
1402,SELE,0.7926995
1403,AL157871.1,0.7609828
1404,SLC38A11,0.843559
1405,AKAP13,0.763526
1406,MSRB3,0.8353656
1407,AXL,0.7592578
1408,SPACA3,0.83638245
1409,LSAMP,0.87317187
1410,EPN2,0.7530854
1411,AC091685.1,0.82226753
1412,CCDC158,0.8039573
1413,AC112491.1,0.7311048
1414,KLK2,0.8481644
1415,TUBA3E,0.8136268
1416,AC093838.1,0.820045
1417,HDC,0.80454326
1418,C19ORF68,0.84359545
1419,ABCC9,0.89444876
1420,MIR100HG,0.8184244
1421,SELL,0.87339
1422,FAM193B,0.58698606
1423,CFAP44,0.78658515
1424,KLK3,0.83476615
1425,TBC1D3K,0.80139905
1426,MS4A15,0.7723613
1427,FP236241.1,0.7960353
1428,HEXDC,0.71774954
1429,PPIAL4E,0.78949064
1430,AC002558.3,0.84174794
1431,SGSM2,0.7498881
1432,CXCL10,0.53577846
1433,FBLN1,0.7055295
1434,FAM184B,0.79832774
1435,WFS1,0.61059654
1436,FGF4,0.8358977
1437,MOB3A,0.7409456
1438,IL6,0.83305925
1439,CYP17A1,0.83475536
1440,AC136618.1,0.8432885
1441,AC097500.1,0.8566229
1442,KIF12,0.7001433
1443,SLC26A10,0.8733072
1444,AADACL3,0.8599227
1445,LIMA1,0.7628574
1446,CFAP221,0.8449804
1447,MAN1C1,0.8148473
1448,AC020658.2,0.8183071
1449,PAPOLB,0.8067718
1450,TAF1L,0.85017663
1451,STAT2,0.5779033
1452,CYP19A1,0.8495581
1453,KIRREL,0.80605286
1454,IGLV3-21,0.79205656
1455,AC012615.5,0.8109796
1456,AMY1A,0.81291586
1457,GALNT6,0.6178836
1458,SLC8B1,0.65853643
1459,DYRK1B,0.61880785
1460,GLRA1,0.84831876
1461,ANP32D,0.8492586
1462,CASC10,0.82540685
1463,AC135050.1,0.8292527
1464,EFEMP1,0.68297094
1465,AC147067.2,0.8712766
1466,BOK,0.5991329
1467,LRRC74B,0.87290096
1468,NID1,0.8349392
1469,GRIK1,0.8385547
1470,N4BP3,0.6494074
1471,HSH2D,0.68275166
1472,C8ORF4,0.7841173
1473,SLC17A7,0.80868167
1474,ZNF335,0.70506096
1475,CARMN,0.73723227
1476,LAMA4,0.8370149
1477,ST8SIA3,0.84468746
1478,CALB1,0.85065204
1479,CEMIP,0.8041213
1480,RELN,0.8168381
1481,ECE1,0.49213776
1482,PLN,0.89024776
1483,DFNA5,0.86241823
1484,TMEM200B,0.71282023
1485,MAPT,0.69450426
1486,KRT76,0.838963
1487,MYL1,0.8126053
1488,GAST,0.8594522
1489,SERF1A,0.67446023
1490,ANKRD29,0.82510763
1491,DTHD1,0.8224947
1492,FAM78A,0.8856117
1493,PKHD1,0.8456072
1494,CAMTA2,0.64200264
1495,SPG20,0.8225527
1496,TREH,0.7553077
1497,TMSB4Y,0.83129597
1498,MYOZ2,0.81868863
1499,AC126365.1,0.6447154
1500,THSD4,0.73803157
1501,MIR99AHG,0.7175221
1502,CES2,0.6825011
1503,TCN2,0.7223529
1504,P2RX1,0.8071928
1505,IGLV3-10,0.86442643
1506,ADCYAP1R1,0.84849817
1507,GHDC,0.69618607
1508,FAM134C,0.7252682
1509,SERF1B,0.766236
1510,ARHGAP23,0.7532974
1511,ZNF728,0.83082145
1512,HCST,0.8189003
1513,GCSAML,0.8571108
1514,PANX3,0.8510058
1515,KIAA0226L,0.862056
1516,CELF2,0.8250583
1517,AL133245.1,0.82589144
1518,FGF23,0.8442034
1519,RUNDC3B,0.85021186
1520,IGLV3-9,0.84979945
1521,LINC02637,0.8087558
1522,NPIPB4,0.6974284
1523,CARD11,0.88658714
1524,FGR,0.81500053
1525,MAN1A1,0.73242587
1526,HAND2-AS1,0.864491
1527,PODNL1,0.7407016
1528,CA4,0.84072423
1529,HLA-DQB2,0.6484069
1530,LINC01087,0.82370406
1531,COL11A1,0.6928034
1532,PLEKHH3,0.6965185
1533,COL10A1,0.762983
1534,H2BFS,0.84536284
1535,HPSE2,0.8559784
1536,AMT,0.7463986
1537,TPRN,0.62337255
1538,GPRC5C,0.58752984
1539,WDR63,0.84836835
1540,ASB11,0.85555166
1541,ADGRE5,0.6955196
1542,SLC22A25,0.8483538
1543,UGT2B10,0.8242809
1544,AC092384.1,0.84738916
1545,CCL3,0.74277025
1546,GPAM,0.78625053
1547,CHL1,0.7770454
1548,PYY,0.8465511
1549,C9ORF57,0.8271139
1550,CXORF23,0.8460168
1551,TLDC2,0.8315627
1552,ADGRG4,0.87888336
1553,FGA,0.8214683
1554,PTPRC,0.9006484
1555,ST6GALNAC2,0.6114096
1556,POU3F4,0.8642091
1557,IGKJ4,0.8425563
1558,INAFM1,0.66584474
1559,SORBS1,0.7268553
1560,DHX37,0.64873487
1561,CD3D,0.8340934
1562,AC092683.1,0.8047206
1563,SERPING1,0.75443727
1564,OR4F15,0.8412497
1565,FAM65A,0.757696
1566,BARHL1,0.8690972
1567,PHYHD1,0.6570291
1568,AC008074.1,0.8374286
1569,AC092375.2,0.86234903
1570,SMCR5,0.85508007
1571,SLC36A2,0.84729195
1572,TBC1D3D,0.60782343
1573,MCOLN1,0.6999073
1574,RAB37,0.8518217
1575,CPLX2,0.8244378
1576,PLPP7,0.8677009
1577,LRRC37A,0.8090654
1578,PHF1,0.6380817
1579,SPATA31E1,0.86175203
1580,CCN1,0.7083476
1581,EP400NL,0.79745984
1582,MYCT1,0.87179184
1583,ZNF688,0.6138525
1584,GGTLC1,0.7504492
1585,SIDT2,0.64488035
1586,TRPC5,0.8390517
1587,IGHV1-18,0.87480944
1588,CARD10,0.73475236
1589,ZRSR2,0.7401061
1590,AC005606.1,0.77066755
1591,SPAM1,0.82939506
1592,NEIL1,0.6839232
1593,TBC1D3I,0.7823425
1594,OR5W2,0.8480525
1595,BIN3,0.66821957
1596,U2AF1L5,0.5297577
1597,TMUB2,0.6739953
1598,AC026979.4,0.8437801
1599,TTC21A,0.7943875
1600,MEIS3,0.65073144
1601,VRK3,0.64928895
1602,JMJD7-PLA2G4B,0.8197498
1603,ANTXR2,0.853657
1604,NXPH3,0.72217053
1605,GBX1,0.8564872
1606,COL4A2,0.7105196
1607,LCK,0.84484893
1608,LINC00243,0.84056693
1609,PDZD3,0.84554815
1610,SEPT6,0.8110411
1611,SAP25,0.6987596
1612,XIRP2,0.85564345
1613,LINC00926,0.79062885
1614,LRIT2,0.8341436
1615,F2RL2,0.81236655
1616,SYNE3,0.8465383
1617,CYP3A5,0.8503409
1618,COL6A3,0.7596565
1619,ABLIM3,0.76209825
1620,U2AF1,0.75539684
1621,AC007384.1,0.8768874
1622,CLDN20,0.82351995
1623,ACTN3,0.853658
1624,TLR4,0.87820643
1625,ANKRD62,0.8171768
1626,SCN3B,0.8732074
1627,KRT26,0.82999235
1628,PDHA2,0.83914167
1629,PALMD,0.754188
1630,CYP46A1,0.8479927
1631,PLA2G2C,0.8541417
1632,CALCRL,0.8427849
1633,Z95114.2,0.83849806
1634,GLI3,0.6031168
1635,ZC3H13,0.70411396
1636,SRL,0.8458061
1637,C1QTNF9B,0.84276146
1638,GZMK,0.85648805
1639,LINC00311,0.8525071
1640,ATP5L2,0.8278315
1641,PLAGL1,0.7572064
1642,CFAP54,0.8487335
1643,ZFPM1,0.6403094
1644,MMP27,0.84274083
1645,SLC35G5,0.84437245
1646,LRFN5,0.8519314
1647,FCGR3B,0.69917804
1648,EMX2,0.8708971
1649,USH2A,0.8603887
1650,KAT6B,0.75272274
1651,RTP5,0.8175983
1652,FGF8,0.8392108
1653,GRAP,0.8586149
1654,CACNA1F,0.7591403
1655,ACTA2,0.59180194
1656,AC244197.2,0.84593695
1657,ICAM4,0.8555363
1658,KCTD17,0.74341756
1659,AC087284.1,0.83554316
1660,DAB2,0.8217392
1661,ONECUT3,0.8286119
1662,GAGE10,0.8235325
1663,PURG,0.8592089
1664,SLC38A4,0.8576667
1665,EMILIN2,0.8003029
1666,HRC,0.8734023
1667,C16ORF92,0.86553097
1668,PSD4,0.7162902
1669,RGS3,0.69088125
1670,VPS9D1,0.72282094
1671,ZBED6,0.85602933
1672,PTGER4,0.86630505
1673,MAPK7,0.7664744
1674,SLC51B,0.82595056
1675,ZCCHC11,0.78443146
1676,AC008663.1,0.8059645
1677,CYP1A1,0.79304415
1678,C2ORF70,0.8313121
1679,EGR2,0.74237186
1680,AC129926.1,0.85849744
1681,OR10H1,0.8456734
1682,CSNK1A1L,0.7995871
1683,FKBP6,0.8467489
1684,EEA1,0.73200506
1685,OR9Q1,0.85345626
1686,BRICD5,0.71840876
1687,GGTLC2,0.69904166
1688,STK10,0.81020707
1689,FAM46B,0.8059198
1690,ANXA6,0.71665233
1691,AC007878.1,0.8762488
1692,ST3GAL5,0.86700314
1693,COQ4,0.73730856
1694,TRPC4AP,0.71471286
1695,AC003101.1,0.83954185
1696,MRE11A,0.8108613
1697,SNAPC4,0.6968873
1698,TWF2,0.6272223
1699,LRRC38,0.8615694
1700,PPP2R5B,0.7108829
1701,DLEC1,0.765668
1702,C1QTNF8,0.86464286
1703,TP53I13,0.49222577
1704,SIRT2,0.54532427
1705,C1QTNF7,0.8814128
1706,GIPR,0.7398389
1707,VPS13C,0.76045936
1708,AC084740.1,0.84812
1709,CDK10,0.61486727
1710,PDLIM7,0.7196811
1711,SLFN11,0.8062732
1712,FAM105A,0.81328696
1713,RNF122,0.7887502
1714,LAMC3,0.80104256
1715,SPIN2A,0.8090749
1716,SAMD4A,0.77211857
1717,IGHV1-46,0.8673131
1718,CST6,0.67386514
1719,PLCG1,0.67092353
1720,CCDC170,0.7550877
1721,TYROBP,0.76784605
1722,TPO,0.84235764
1723,SETD5,0.7247277
1724,THBS2,0.7582931
1725,GRIN3B,0.79016
1726,CCT8L2,0.83471346
1727,P2RX4,0.6417611
1728,UTP14C,0.74604225
1729,STOM,0.5676877
1730,CPEB1-AS1,0.8521929
1731,GFRA2,0.822072
1732,CYP3A43,0.8682241
1733,MATK,0.753457
1734,C14ORF132,0.75065017
1735,ABCA1,0.7670534
1736,SERTAD1,0.572015
1737,PLA2G16,0.7292776
1738,SLC35E2B,0.6305307
1739,ANKS3,0.7203544
1740,XRRA1,0.68476063
1741,ERVFRD-1,0.8381173
1742,ACVR1C,0.80783945
1743,MED16,0.67654175
1744,CEACAM3,0.8186223
1745,BMP1,0.7643946
1746,PDLIM4,0.5877307
1747,PPIAL4A,0.8436312
1748,TRBC1,0.8465397
1749,HIF1A-AS3,0.8394173
1750,AL031595.3,0.8551283
1751,FBXO31,0.689473
1752,HEMGN,0.83726263
1753,PKHD1L1,0.8927302
1754,ADAMTSL1,0.8435915
1755,IGSF1,0.71733755
1756,PEAK1,0.8750966
1757,BNC2,0.8411267
1758,SFI1,0.6747444
1759,LRRC15,0.74261004
1760,AC004593.3,0.8540006
1761,CCM2,0.5815491
1762,KDM6B,0.6739943
1763,CCDC53,0.7928447
1764,ADAP1,0.658091
1765,CFAP157,0.75798297
1766,AP001267.2,0.8494909
1767,TMPRSS7,0.847267
1768,ALAS2,0.8588934
1769,SELO,0.7371919
1770,GDPD5,0.6661704
1771,PIP5K1C,0.56778574
1772,HAPLN2,0.8257263
1773,FER1L5,0.8363052
1774,C19ORF24,0.7180004
1775,C12ORF40,0.8042443
1776,CXCL9,0.71258885
1777,NEK8,0.75890094
1778,DCC,0.8435628
1779,AC114296.1,0.8370816
1780,AC026333.3,0.826469
1781,ZDHHC8,0.59153265
1782,PPIAL4C,0.82701737
1783,IL4R,0.6976769
1784,SYTL2,0.7137423
1785,PDE1B,0.89455134
1786,CUL9,0.6496281
1787,MROH9,0.82693297
1788,SH3TC1,0.8444605
1789,MPEG1,0.8506062
1790,ICAM3,0.6867986
1791,YPEL4,0.8324978
1792,NOSTRIN,0.7431795
1793,ADAMTS14,0.79673606
1794,APOL3,0.7124341
1795,CORO2B,0.8612768
1796,HMGXB3,0.6705746
1797,SFTPB,0.81369156
1798,SLC13A4,0.8487923
1799,C22ORF15,0.84395736
1800,SOX1-OT,0.81119996
1801,DNAJC27,0.754899
1802,C10ORF128,0.848164
1803,MTRNR2L4,0.84090966
1804,SRSF5,0.7425526
1805,ADGB,0.85119075
1806,LRRTM3,0.83928126
1807,SYMPK,0.6330692
1808,RORA,0.7669229
1809,PCDHB1,0.831137
1810,RBMXL2,0.8125143
1811,AL021368.3,0.80039287
1812,ZBTB17,0.706078
1813,GCK,0.8493299
1814,TSIX,0.5022833
1815,RSPH9,0.7000802
1816,ACSF3,0.5493707
1817,LINC02593,0.8109543
1818,ADM5,0.7822942
1819,EMX2OS,0.86237925
1820,ACP5,0.6016436
1821,MIR1199,0.8002467
1822,GGT1,0.67427874
1823,TPGS1,0.62906927
1824,KCNT2,0.8481466
1825,LCN10,0.8445535
1826,LYPLAL1-AS1,0.8712217
1827,TNFSF14,0.8596789
1828,CHN2,0.8349218
1829,IKZF3,0.8139866
1830,ADCK4,0.78195477
1831,ARHGEF25,0.83068186
1832,PSD,0.7740531
1833,FAM229A,0.7123887
1834,AIM1L,0.86305666
1835,TUBB4A,0.69630194
1836,C6ORF1,0.73531336
1837,CTC1,0.68099314
1838,FAM129A,0.77345186
1839,GAMT,0.5451235
1840,FAM188B,0.84609795
1841,FAM101B,0.8441658
1842,PLEKHM1,0.68967676
1843,GCC2,0.7244577
1844,ORAI2,0.5915259
1845,NFAT5,0.75594586
1846,KLB,0.8308101
1847,SPAG4,0.642915
1848,OTUD6A,0.8452185
1849,NKG7,0.84880847
1850,SREK1,0.69148016
1851,KMT2A,0.74189377
1852,SCARNA9,0.83729744
1853,RTFDC1,0.6951039
1854,OR2G6,0.8354683
1855,FAM109B,0.7770672
1856,OR10K2,0.8175207
1857,AC037198.1,0.821579
1858,NOSIP,0.68782353
1859,SLC48A1,0.6194705
1860,OR1L3,0.80829525
1861,OR6B2,0.8468937
1862,DNAH1,0.8134349
1863,RNASE1,0.6855919
1864,ADAMTSL4,0.6661098
1865,TTC28,0.81879276
1866,TUBGCP6,0.63148546
1867,AC092645.2,0.84636045
1868,AC007952.7,0.8578945
1869,WTIP,0.69242954
1870,CCDC85B,0.61645705
1871,GOLGA8A,0.66478163
1872,EPHX2,0.6843393
1873,FAM46A,0.8136756
1874,AGXT,0.8675799
1875,IRF4,0.85671836
1876,CAV1,0.7314558
1877,B3GNTL1,0.7087357
1878,CFAP99,0.82984406
1879,PPIAL4H,0.80738944
1880,TNFRSF1B,0.8297222
1881,CEP126,0.84947586
1882,FAM73A,0.82101315
1883,NEGR1,0.8251744
1884,DOC2A,0.6359992
1885,NPAP1,0.8254314
1886,DCLK1,0.7091548
1887,H3F3C,0.5343725
1888,AC007292.2,0.8494735
1889,TMEM110,0.8372504
1890,LRCH2,0.8878956
1891,N4BP2L2,0.66820335
1892,FAM109A,0.78772706
1893,AC092868.2,0.8220157
1894,B3GNT8,0.7408859
1895,AL137786.1,0.82587487
1896,IGLJ2,0.83936214
1897,CERKL,0.81876487
1898,CLIC5,0.8544522
1899,CU633904.1,0.83366394
1900,TRIP11,0.7429013
1901,DNASE1L3,0.8851519
1902,NUTM2A,0.8386262
1903,TMEM262,0.8108383
1904,AL355075.3,0.7315685
1905,OR3A2,0.8071169
1906,AL391832.1,0.82892483
1907,ZP1,0.8395514
1908,FBLN5,0.69343257
1909,WFIKKN2,0.8412896
1910,AC013461.1,0.8049906
1911,LINC01750,0.8660528
1912,VSIG2,0.70537734
1913,CDH9,0.83396196
1914,VSIR,0.72311765
1915,UFD1L,0.7569988
1916,GAPDHS,0.81168747
1917,GALNT10,0.66076624
1918,MISP,0.6530058
1919,FUT11,0.8032568
1920,TENT5C,0.770696
1921,PPP1R3A,0.8419649
1922,DENND6B,0.65341115
1923,JUN,0.5074524
1924,HSPG2,0.79437876
1925,SEMA3D,0.86476475
1926,SLC16A12,0.8183615
1927,RASA4,0.86315465
1928,ERAP2,0.7732908
1929,ACE,0.73356104
1930,TGM4,0.8463197
1931,SEPT11,0.7982679
1932,VPS51,0.66790766
1933,ZACN,0.6517963
1934,NPIPA9,0.83771324
1935,GASK1B,0.7581641
1936,AOAH,0.8605144
1937,SLC35C2,0.7798236
1938,CYP4F2,0.83687764
1939,PCDHGA9,0.8448417
1940,FREM1,0.83661175
1941,PLA2G2D,0.83904624
1942,OR4L1,0.8517508
1943,SERPINA4,0.78964347
1944,NLRC5,0.7420027
1945,EBLN2,0.84631705
1946,POLM,0.74143004
1947,TPD52L3,0.8499449
1948,LRRC4B,0.8758456
1949,FAM214B,0.62475413
1950,EGLN2,0.64064676
1951,LINC00265,0.80296725
1952,REEP6,0.6036935
1953,CCDC175,0.718972
1954,SPO11,0.8257428
1955,LINC00632,0.7826257
1956,EHD1,0.6224861
1957,SCN9A,0.8518223
1958,XYLT2,0.64714867
1959,AL132656.2,0.83244234
1960,LINC01762,0.8660655
1961,HEXA,0.6471125
1962,AC100793.2,0.8361192
1963,C1ORF220,0.84887743
1964,CCDC130,0.5820872
1965,AL158154.3,0.84779054
1966,VASH1,0.8454806
1967,GABBR1,0.65102905
1968,PRRC2C,0.7088046
1969,CA5A,0.83781785
1970,ZG16,0.82254046
1971,C16ORF62,0.7891814
1972,OR5M11,0.833736
1973,AC009812.3,0.82330173
1974,TMOD4,0.8205316
1975,SHANK1,0.86885315
1976,PNMA8B,0.825083
1977,ANTXR1,0.7314016
1978,NPIPB2,0.75248504
1979,ZNF99,0.82063764
1980,PLA2G6,0.6526099
1981,FAM71B,0.82919693
1982,CACNA1I,0.8290403
1983,VENTX,0.8915825
1984,FO538757.1,0.7364946
1985,OR6B1,0.85028315
1986,DGKI,0.83915704
1987,SIGIRR,0.6194394
1988,PTGER1,0.8309281
1989,CALML3,0.6460266
1990,FMO2,0.7372367
1991,TMEM102,0.72974086
1992,HHLA2,0.8534319
1993,AP2A2,0.56111723
1994,TAS2R31,0.8078041
1995,SQRDL,0.736289
1996,ZZEF1,0.76714206
1997,UGT2A3,0.80225563
1998,CLASRP,0.7280409
1999,PRAM1,0.83689857
2000,CEACAM21,0.8283203
2001,RCVRN,0.8517866
2002,MYH7B,0.8239003
2003,AC100793.4,0.82007647
2004,ZER1,0.7463314
2005,PCNX2,0.76219136
2006,FAM103A1,0.8199199
2007,C8ORF89,0.8545038
2008,CDC42EP5,0.66692895
2009,EVI5L,0.69696695
2010,SAA1,0.53498024
2011,SERPINA11,0.6816082
2012,CTDSP1,0.66878843
2013,KNDC1,0.7616914
2014,OCM2,0.83122325
2015,RHOB,0.60541034
2016,TPCN1,0.5993069
2017,REXO1,0.6802483
2018,LRP3,0.6655159
2019,LRRFIP1,0.6776441
2020,GOLGB1,0.66810876
2021,AC144568.2,0.82579404
2022,HELZ2,0.5540281
2023,AC104365.3,0.86367273
2024,SULF1,0.710769
2025,GK-IT1,0.8399722
2026,SGSM3,0.7502602
2027,GUCY2D,0.8418427
2028,LRFN3,0.6409943
2029,C19ORF25,0.6612927
2030,EPHA6,0.8584997
2031,MS4A6A,0.8317488
2032,PLSCR4,0.770477
2033,AL354822.1,0.86456513
2034,KCNS2,0.8510348
2035,RGL1,0.7960093
2036,AC118758.3,0.8080182
2037,PRRT3,0.66139734
2038,MKL1,0.762666
2039,SYVN1,0.6877923
2040,AC027288.3,0.86729145
2041,MS4A8,0.84833556
2042,FMNL3,0.8387577
2043,SEPTIN14,0.8577407
2044,FBXL15,0.68095285
2045,SLC1A7,0.83160925
2046,RGPD3,0.8381591
2047,MAP7D1,0.6678564
2048,PHKG1,0.62963456
2049,HNRNPCL2,0.82405955
2050,AC093426.1,0.83347917
2051,HMOX1,0.62061805
2052,NR0B2,0.8327721
2053,REC114,0.84153724
2054,AC108134.3,0.88829845
2055,RAMP2-AS1,0.8347667
2056,DBP,0.6206361
2057,GSTM2,0.6645321
2058,DNALI1,0.74941045
2059,LINC01411,0.82954025
2060,ARHGAP40,0.758626
2061,ITGB5,0.66159827
2062,SH3GLB2,0.75671583
2063,TTC14,0.77134544
2064,ZBTB7A,0.64093256
2065,AC121247.1,0.8160674
2066,CNTN6,0.87807137
2067,AC005899.3,0.8256569
2068,OBFC1,0.7672221
2069,GABRA4,0.8302513
2070,LRSAM1,0.67400867
2071,NEFL,0.87464637
2072,CBWD7,0.7947793
2073,TNRC6B,0.7178523
2074,HSD17B11,0.79561704
2075,AC074033.1,0.820419
2076,LINC01736,0.8236509
2077,NCKAP1L,0.8480368
2078,WBSCR27,0.83681184
2079,ALDH16A1,0.5773914
2080,NAALADL1,0.86383724
2081,GIT1,0.6531821
2082,TEK,0.89122826
2083,INSYN1,0.83744675
2084,SHISA4,0.5482083
2085,AAK1,0.74276537
2086,CXCR1,0.853992
2087,PEX11G,0.7428513
2088,PLPPR5,0.8460319
2089,IGHV3-23,0.85760283
2090,MRC1,0.8438744
2091,KRT71,0.84973305
2092,SLC22A18,0.6458044
2093,RECK,0.8400309
2094,TCF7,0.72308046
2095,CFAP77,0.8551428
2096,PRRT4,0.8307889
2097,FAM134A,0.73035115
2098,SNX31,0.85551786
2099,KIAA0040,0.6732101
2100,ARHGEF40,0.76804614
2101,CTAGE15,0.819691
2102,SLC12A4,0.63029116
2103,CEP164,0.75630856
2104,CD1C,0.861485
2105,AC074183.1,0.76100236
2106,AL031429.2,0.8178711
2107,C16ORF13,0.69385105
2108,ANKHD1-EIF4EBP3,0.8406434
2109,MAP3K3,0.6998782
2110,ZNF573,0.8108885
2111,AL354754.1,0.8186953
2112,TRAC,0.83667773
2113,AC087203.3,0.8461471
2114,SHANK3,0.81748915
2115,GRIA4,0.81292677
2116,SLC12A6,0.7341257
2117,MAN1B1,0.68722254
2118,RABL6,0.66479343
2119,GIMAP6,0.86726516
2120,LINC00564,0.84133786
2121,LDHAL6B,0.8020088
2122,TAOK2,0.6409844
2123,F11,0.8452954
2124,SH2B2,0.7334513
2125,PBXIP1,0.56638294
2126,WDR49,0.8405609
2127,FAM19A2,0.84424734
2128,CD14,0.6904418
2129,KCNQ2,0.7713818
2130,ANO2,0.8122399
2131,CACNG8,0.84459287
2132,CCDC94,0.7805397
2133,ASB14,0.846267
2134,NBPF20,0.7593026
2135,IZUMO4,0.7941424
2136,RSPH10B2,0.7800045
2137,RBMS2,0.7133847
2138,OLFML3,0.7459447
2139,FAM13C,0.8803721
2140,CHST10,0.61180097
2141,IGHV3-30,0.83352035
2142,GSTM1,0.6277266
2143,ATP6V0D1,0.64708304
2144,AL357568.2,0.83468467
2145,POTEC,0.8366282
2146,CFAP410,0.677217
2147,ANKRD13B,0.63613266
2148,SPOCK3,0.8508583
2149,TCF25,0.5687178
2150,HSD17B1,0.6457877
2151,PCDHA9,0.84645844
2152,TMEM150B,0.86853486
2153,RAB6C,0.7101431
2154,ERAP1,0.63745284
2155,HDGFL1,0.84097975
2156,FYCO1,0.7020864
2157,FGF22,0.8575608
2158,TMEM175,0.66685325
2159,ECM1,0.7278161
2160,CDH22,0.8495149
2161,TMEM273,0.87349504
2162,KIAA1462,0.82837415
2163,APBA3,0.67797303
2164,ADAM12,0.8167165
2165,ZNF581,0.6556112
2166,CACFD1,0.57930773
2167,IGHV3-7,0.8517125
2168,SPTBN1,0.55136615
2169,RIC3,0.8186765
2170,GRK7,0.8271198
2171,SHISA7,0.835748
2172,NBPF12,0.6656502
2173,NAGK,0.62443185
2174,TNN,0.7458639
2175,AUXG01000058.1,0.8305431
2176,AC104964.1,0.83165616
2177,ZNF524,0.59963006
2178,Z97192.3,0.8285982
2179,TRIM63,0.8292222
2180,TMEM151B,0.8298667
2181,ELAVL3,0.79215604
2182,ARL5C,0.8542209
2183,SCGB1D2,0.4165766
2184,ZBTB48,0.6344831
2185,PIK3IP1,0.73880714
2186,PCDH18,0.8438758
2187,DSC1,0.8174792
2188,GABRA1,0.8507579
2189,INF2,0.6212519
2190,BCAS1,0.7053217
2191,AC010601.1,0.77673006
2192,OASL,0.5877797
2193,CC2D1A,0.6983225
2194,FOXD1-AS1,0.82215476
2195,ABLIM1,0.6986677
2196,CCM2L,0.85300595
2197,SLC7A14,0.8150099
2198,BANK1,0.81364316
2199,BHLHB9,0.8243483
2200,HKR1,0.72320825
2201,NKX6-2,0.7935483
2202,SPPL2B,0.6219308
2203,COL8A1,0.74430996
2204,TINAGL1,0.6548145
2205,C19ORF52,0.79670316
2206,PIWIL3,0.8261258
2207,TNFRSF1A,0.5954653
2208,AC009120.2,0.68449634
2209,CACNG1,0.79476374
2210,AL356488.2,0.85897905
2211,FAM63A,0.8316262
2212,SNAI3,0.82319397
2213,STX4,0.64255244
2214,GLT8D2,0.8603942
2215,ZCCHC6,0.7961524
2216,MAGI2-AS3,0.82802695
2217,AC005261.3,0.7706329
2218,REL,0.78768057
2219,PRDM16-DT,0.8588136
2220,NKAIN2,0.8415265
2221,KDM4B,0.71348214
2222,CD247,0.8527674
2223,CSNK2A3,0.84426755
2224,MBD3,0.6377427
2225,CD99L2,0.62940603
2226,SLC17A3,0.8210332
2227,CERCAM,0.73896414
2228,C14ORF80,0.7528519
2229,NPVF,0.85888594
2230,AL590705.3,0.75626594
2231,CPED1,0.84104997
2232,C5ORF47,0.8391633
2233,EOMES,0.88057476
2234,DNAI2,0.86327267
2235,SCML4,0.84941626
2236,GALR1,0.8250601
2237,TREM2,0.6445563
2238,AC060814.3,0.81339794
2239,MTRNR2L10,0.57812214
2240,SIRT6,0.6621783
2241,ADGRA2,0.807909
2242,TAF3,0.8079036
2243,N4BP2L2-IT2,0.8543256
2244,RTN4RL1,0.6662614
2245,C6ORF201,0.8250751
2246,TPSG1,0.8095338
2247,CAVIN1,0.73146445
2248,FRYL,0.749722
2249,MAP3K14,0.75546384
2250,P2RY11,0.63138205
2251,RGPD2,0.7989451
2252,AL591623.1,0.8561596
2253,DOK3,0.82711035
2254,SIPA1,0.69287354
2255,AC092620.1,0.85247344
2256,KCNA1,0.855151
2257,ANKRD26,0.7982926
2258,SERPINE3,0.8512361
2259,CACNG4,0.52599597
2260,PLTP,0.69158643
2261,DGCR14,0.76449424
2262,CYP4A11,0.82917666
2263,FAM179B,0.82207483
2264,ZNF366,0.8373305
2265,GNMT,0.746696
2266,ZNF37A,0.7961965
2267,AC092828.1,0.83924246
2268,ART5,0.8641262
2269,PP2D1,0.8585351
2270,SRGAP1,0.7861917
2271,OR7E24,0.8630185
2272,C16ORF86,0.8219905
2273,CCDC22,0.6543792
2274,TAL1,0.8723467
2275,NEB,0.84839725
2276,KCNT1,0.84510165
2277,GIMAP4,0.8907051
2278,ATG16L2,0.70446724
2279,TMEM261,0.7783894
2280,TMEM255B,0.8686877
2281,GPATCH3,0.786851
2282,ETNK2,0.62130934
2283,LINC01291,0.830753
2284,XIST,0.49898002
2285,ACSF2,0.6037726
2286,ZIM2,0.8471839
2287,ANKRD11,0.64469033
2288,ZNF467,0.665247
2289,DPYSL3,0.7265447
2290,KCNE1,0.83824724
2291,AC079915.1,0.81471944
2292,PRLH,0.8246777
2293,ATRX,0.7049424
2294,P3H3,0.6758942
2295,MED15,0.6031626
2296,ADRA1D,0.84969926
2297,ZNF66,0.8430446
2298,KLF6,0.56642824
2299,PRRG2,0.712437
2300,DCN,0.76676035
2301,BRE,0.7922149
2302,MIR503HG,0.77788335
2303,CLEC2B,0.84379464
2304,CD177,0.8497762
2305,SLC44A4,0.758502
2306,GPRASP1,0.81775886
2307,CLRN3,0.8212773
2308,HVCN1,0.813724
2309,FAM242C,0.80630875
2310,ZFYVE16,0.7773988
2311,CU639417.5,0.8228386
2312,GIMAP8,0.8790841
2313,CYP1A2,0.85043794
2314,CD68,0.8009649
2315,PRRT1,0.8092642
2316,TNRC6A,0.7869192
2317,GPR142,0.8484361
2318,KCNC2,0.7514259
2319,SNHG18,0.6869187
2320,DEFA3,0.80864793
2321,EMX1,0.8290239
2322,EML3,0.6486445
2323,NPHP3,0.77062917
2324,C8ORF74,0.83161336
2325,CDC42BPB,0.68943006
2326,VILL,0.76379395
2327,GDNF-AS1,0.82454354
2328,CD5,0.85762644
2329,FAM53B,0.5847339
2330,TBXAS1,0.77170354
2331,MAP1B,0.7477192
2332,RTL5,0.8652229
2333,SND1-IT1,0.8429851
2334,EXD3,0.7061443
2335,Z93943.1,0.84734964
2336,PRSS54,0.8457324
2337,PMP22,0.67310905
2338,C5ORF58,0.838886
2339,KL,0.8613519
2340,TNFRSF12A,0.5728969
2341,ANKRD13D,0.711551
2342,PTPN6,0.7390976
2343,LINC00176,0.8073654
2344,LRRK2,0.8450222
2345,CELF5,0.81247085
2346,TMEM62,0.6720237
2347,TRPC6,0.88862187
2348,ATP5C1,0.78964543
2349,GPR183,0.85279274
2350,RPL34-AS1,0.8496168
2351,FPGS,0.6769026
2352,SPTY2D1-AS1,0.82554656
2353,SULT6B1,0.85675144
2354,DRG2,0.66467375
2355,MRC2,0.7250862
2356,FAM13B,0.76385933
2357,MGAT4D,0.8501835
2358,RGS14,0.6543266
2359,GLG1,0.64844364
2360,SGCD,0.8564461
2361,AL451064.1,0.8492274
2362,IGHV3-15,0.8182821
2363,DLK1,0.6804738
2364,SLFN12L,0.85740376
2365,ZNF777,0.6665673
2366,PRSS23,0.7290942
2367,TOM1L2,0.6499475
2368,IGDCC3,0.7993357
2369,ARAP1,0.6693873
2370,C11ORF57,0.78875107
2371,AIM1,0.79696894
2372,SLC4A7,0.65087885
2373,MEI1,0.8282881
2374,TCEAL7,0.84215593
2375,EMB,0.7930355
2376,SLC25A35,0.69639045
2377,DLG2,0.8253104
2378,LAIR1,0.8870909
2379,MED9,0.67805344
2380,LEUTX,0.8105059
2381,FAM26E,0.81545377
2382,S1PR2,0.6439094
2383,HERPUD1,0.5043228
2384,AAED1,0.77508503
2385,ZNF784,0.8239624
2386,TLL1,0.8469239
2387,PRKACG,0.83717984
2388,ZSWIM8,0.64380306
2389,HECTD2,0.7847924
2390,AC005072.1,0.840705
2391,PEX5L,0.82809806
2392,LINC01483,0.83640844
2393,NPIPB6,0.81320554
2394,LUM,0.72798365
2395,CH507-9B2.9,0.8417416
2396,KMT2E,0.7171795
2397,BTBD18,0.8492303
2398,OR13C8,0.8735984
2399,TMEM114,0.8553789
2400,CRYBG3,0.7755976
2401,KAT2A,0.6604228
2402,PRKCZ,0.71809024
2403,LIFR,0.6941881
2404,ZNF117,0.7516467
2405,RFPL3,0.8614104
2406,C1ORF159,0.67306256
2407,IGFBP1,0.8194806
2408,INO80E,0.74671364
2409,RHOBTB2,0.84353256
2410,RBPMS,0.6847976
2411,GMIP,0.78551847
2412,FHOD1,0.6219093
2413,AL160272.1,0.8390115
2414,AL590226.1,0.8401459
2415,CLCN7,0.61429524
2416,TEX264,0.6693079
2417,SYNPO2L,0.8287551
2418,MAN2C1,0.5274398
2419,SLC11A1,0.6735987
2420,ERO1B,0.7649276
2421,MGARP,0.82435465
2422,BLVRB,0.68846315
2423,FAM160B2,0.68409663
2424,KRT85,0.8340911
2425,SHE,0.870374
2426,ZNF628,0.79953766
2427,AC135012.1,0.84762
2428,LGSN,0.8542649
2429,SEMA3B,0.5760782
2430,CADPS,0.8438967
2431,IGHG1,0.75487226
2432,MYRIP,0.84051895
2433,PTPRA,0.68748856
2434,PDDC1,0.75783587
2435,H2AFB3,0.851507
2436,PLPPR2,0.62126374
2437,GFRA1,0.55016047
2438,STAT5A,0.70509416
2439,MYRF-AS1,0.83137965
2440,JPH4,0.86039907
2441,AC005899.7,0.8671828
2442,EME2,0.5995797
2443,LINC02568,0.7678482
2444,APOBEC2,0.82613325
2445,TNNI1,0.8004899
2446,CHIT1,0.7390358
2447,HIST2H4A,0.6665464
2448,TMEM120B,0.7168464
2449,IGLV6-57,0.81152254
2450,INSYN2B,0.8163795
2451,RASGRF2,0.87454873
2452,GRID1,0.85840875
2453,RPH3AL,0.7790702
2454,MIR22HG,0.8433537
2455,GSTA5,0.8588305
2456,ALKBH7,0.69853526
2457,NEMF,0.71638936
2458,TCHHL1,0.8280578
2459,SLC25A25,0.6293946
2460,C1QC,0.6871162
2461,CCDC38,0.8446908
2462,SERPINB6,0.5791275
2463,CCDC105,0.8209477
2464,GDPD2,0.79295594
2465,SSH3,0.7337083
2466,DIABLO,0.8037854
2467,TTC6,0.76622534
2468,KCNJ6,0.8779061
2469,SLC15A3,0.7943321
2470,ANKRD30B,0.7504732
2471,SCN10A,0.8509171
2472,IER5L,0.47092032
2473,FAM162B,0.8926572
2474,PAPD5,0.8125136
2475,PPIAL4G,0.84382266
2476,FAM26F,0.79779166
2477,SOX17,0.87743825
2478,MIB2,0.6063128
2479,GPR88,0.830235
2480,MMP26,0.8451651
2481,ZFYVE27,0.68498117
2482,BDKRB2,0.8390775
2483,LINC01226,0.85624766
2484,ARFGAP1,0.6716163
2485,CWF19L2,0.76306146
2486,SLC22A9,0.84485173
2487,MAGED4,0.80856377
2488,FAM160A2,0.7030929
2489,UBALD1,0.62691253
2490,BDKRB1,0.8554538
2491,EVX2,0.8569603
2492,BTG2,0.58549076
2493,USP53,0.72767276
2494,PRH2,0.84570676
2495,BACH2,0.8451516
2496,MAST3,0.74280137
2497,TRIM52,0.77672744
2498,ATP5D,0.67851585
2499,NTN5,0.85023624
2500,CCNL1,0.7848111
2501,GOLGA8M,0.8502998
2502,IRF7,0.6235533
2503,CTAGE8,0.80468065
2504,ITGAV,0.630727
2505,SYT3,0.8346309
2506,AASS,0.86630386
2507,SNRNP70,0.66586393
2508,CXCR5,0.7975109
2509,THRB-IT1,0.84593964
2510,GPR162,0.8346227
2511,IFNAR1,0.56220263
2512,MICA,0.6671731
2513,OR11A1,0.8409727
2514,C12ORF10,0.6210148
2515,NOTCH2NLA,0.78852135
2516,SASH3,0.8717107
2517,ADAP2,0.8719042
2518,CYGB,0.86505604
2519,NRDE2,0.7646908
2520,SLC25A52,0.8282947
2521,PNPLA6,0.61549145
2522,AMY2A,0.78845835
2523,C9ORF66,0.842521
2524,CHD9,0.67508286
2525,TMEM9B-AS1,0.8800023
2526,UQCRHL,0.55798227
2527,AC145207.6,0.81837606
2528,CTTNBP2,0.8614026
2529,ESR2,0.838928
2530,TMEM210,0.81347483
2531,BRF1,0.6472089
2532,CTIF,0.667147
2533,DTX1,0.76623297
2534,AL390038.1,0.75580406
2535,LSMEM2,0.78612304
2536,HOXC8,0.8290406
2537,NCOR2,0.60292166
2538,SMARCD3,0.37486482
2539,C9ORF129,0.8474168
2540,LILRB1,0.8734321
2541,ZC3H6,0.7645476
2542,AC011346.1,0.83342963
2543,SCAMP4,0.77891445
2544,PCDH7,0.7933359
2545,RGS2,0.63818526
2546,TECPR1,0.67109233
2547,CREB3,0.61761934
2548,SYT9,0.825304
2549,AL137026.1,0.82158667
2550,SLC40A1,0.5696369
2551,NHLRC4,0.8296761
2552,AC022893.2,0.8395872
2553,KLHL33,0.8204565
2554,GALNT8,0.8527574
2555,AHI1,0.7221741
2556,AC006273.1,0.83448124
2557,ZNF683,0.78511006
2558,TRABD2B,0.7538063
2559,C1ORF127,0.7987533
2560,CTU1,0.6638005
2561,OR2L13,0.83648324
2562,KDELC1,0.8142054
2563,TPRX1,0.8121678
2564,LINC00342,0.62828916
2565,PGR,0.7126568
2566,KHDC3L,0.82125425
2567,CFLAR,0.62048644
2568,NNMT,0.71477246
2569,CAPN5,0.8276036
2570,LHCGR,0.8461156
2571,LINC01993,0.81915283
2572,TAS2R7,0.8318979
2573,NUAK1,0.83734655
2574,FNTB,0.64061785
2575,MIAT,0.8259415
2576,C3ORF49,0.82366735
2577,GRIP2,0.8046196
2578,CFAP43,0.8219688
2579,SLC6A5,0.84864396
2580,CLDN15,0.759944
2581,OMD,0.8334925
2582,ZBP1,0.79606897
2583,CTXND1,0.84020144
2584,KIF26A,0.8457694
2585,NPPB,0.8422127
2586,IL11RA,0.6960735
2587,TSPAN19,0.83556706
2588,NLRP5,0.8282849
2589,ECSIT,0.6330343
2590,CRHR2,0.8313463
2591,GRIN1,0.78424263
2592,PF4,0.8179409
2593,FCN1,0.7908315
2594,FLCN,0.76246524
2595,SLC8A3,0.8236723
2596,THPO,0.8389557
2597,DDX60L,0.751056
2598,ARAP3,0.809858
2599,CA7,0.83104914
2600,SDSL,0.69065213
2601,SLTM,0.74153113
2602,KIAA0930,0.628164
2603,WDR87,0.8218604
2604,DMWD,0.6596578
2605,LGMN,0.6073699
2606,NOV,0.8361206
2607,DANT2,0.85181683
2608,IP6K1,0.70114374
2609,WDR25,0.81701344
2610,PYGM,0.82754284
2611,ASMTL,0.58883286
2612,AL121583.1,0.8309054
2613,HIST2H3C,0.8540211
2614,IGLV2-23,0.80324936
2615,C11ORF63,0.85345715
2616,CRYBA2,0.81467724
2617,PLCB2,0.84630823
2618,FUK,0.7541594
2619,APOB,0.86388046
2620,MYMX,0.82279676
2621,COG8.1,0.7995836
2622,ALDH4A1,0.6244974
2623,AP001626.1,0.8810611
2624,METTL12,0.7323532
2625,LY6H,0.83781034
2626,KCNJ12,0.8369165
2627,AC009093.6,0.8417599
2628,SNX33,0.63693684
2629,CTAGE4,0.79030806
2630,CLEC4M,0.8588024
2631,MAMDC2,0.78098184
2632,PIK3C2B,0.6840341
2633,MSH5-SAPCD1,0.83943003
2634,NR3C1,0.7631109
2635,FLT4,0.79906374
2636,NBEAL2,0.71181417
2637,TMEM130,0.81700224
2638,TSBP1-AS1,0.8572367
2639,STX1B,0.83174986
2640,AC079600.3,0.8356567
2641,CCR10,0.8590758
2642,ZFR2,0.7621357
2643,TWIST2,0.6479936
2644,GTF2F1,0.63309926
2645,DGCR8,0.6988034
2646,CHMP2A,0.7626071
2647,SLC16A7,0.87244946
2648,DHFRL1,0.7996752
2649,C12ORF54,0.7489495
2650,RNPEPL1,0.6407617
2651,TMEM59L,0.81362534
2652,SSNA1,0.75681895
2653,BCKDK,0.7656594
2654,OR1G1,0.84261084
2655,FAM60A,0.81980103
2656,SKOR2,0.8417645
2657,SLC45A1,0.80862945
2658,C1QTNF6,0.7695759
2659,C16ORF52,0.84256476
2660,ZNF534,0.79516965
2661,ROGDI,0.77217484
2662,ITIH3,0.8233643
2663,GSX2,0.8677015
2664,SCN4A,0.8213237
2665,TNFRSF10C,0.8315019
2666,ENTHD1,0.8456723
2667,NKAIN3,0.8378524
2668,FAM50A,0.7094126
2669,CDC42EP2,0.7276642
2670,FAT4,0.89031583
2671,CECR1,0.74467087
2672,SLC22A17,0.60446686
2673,SMPD3,0.8067198
2674,S100A7L2,0.851906
2675,CPA3,0.8314294
2676,AL391840.3,0.873496
2677,NIBAN3,0.8546718
2678,RASD1,0.60657364
2679,RGPD8,0.83985204
2680,RIPOR3,0.8143692
2681,PRAF2,0.6873815
2682,CYP2B6,0.7322407
2683,MAPK8IP3,0.59661543
2684,NOTCH3,0.60958767
2685,GPR20,0.80378693
2686,PCSK4,0.6953693
2687,LYZ,0.73973036
2688,CTAGE5,0.7514362
2689,HHLA1,0.8409079
2690,LBH,0.6651816
2691,LLCFC1,0.8376822
2692,MX2,0.7921253
2693,CCDC159,0.73416835
2694,ACSM5,0.8419201
2695,EBI3,0.8524205
2696,CHID1,0.60364276
2697,F13B,0.85815454
2698,CYTL1,0.8801201
2699,NFATC2,0.853765
2700,C19ORF47,0.7055351
2701,HMGB4,0.81086904
2702,SRRM3,0.81623966
2703,KIAA0368,0.8098927
2704,AC044784.1,0.8059705
2705,SLC27A3,0.56975853
2706,ZNF500,0.7984588
2707,SLAMF6,0.8740165
2708,FAM215B,0.86813974
2709,TTC34,0.8227601
2710,ATP1B2,0.86318064
2711,FUT7,0.85837716
2712,REG1A,0.788151
2713,AL137191.1,0.815756
2714,PCSK5,0.84489113
2715,KCNF1,0.7481927
2716,SCHIP1.1,0.8413802
2717,NUTM2E,0.8003704
2718,PPY,0.8394969
2719,AMPD1,0.8032899
2720,FILIP1,0.82068396
2721,PPP1R15A,0.6618616
2722,PDE6C,0.8277764
2723,IL24,0.8339552
2724,DMP1,0.84811187
2725,IRS1,0.71901464
2726,GOLGA8B,0.6462879
2727,GPAT4,0.64753455
2728,CAPN10,0.7038235
2729,C1QL3,0.8211674
2730,POLR2J3,0.76727605
2731,DPP7,0.5875134
2732,GAK,0.72239584
2733,SPTSSB,0.4974265
2734,UBTD1,0.68970495
2735,ZNF205,0.7277303
2736,AL158071.3,0.8046961
2737,MAP3K11,0.65634924
2738,C15ORF52,0.8258872
2739,MOCS1,0.7523225
2740,AC025335.1,0.8464167
2741,TRBC2,0.8366759
2742,MGAT1,0.75707227
2743,FAM214A,0.71900034
2744,CDH12,0.8207566
2745,NOXA1,0.7054753
2746,HIST2H3A,0.80290824
2747,SYNRG,0.72389525
2748,HLA-DPB1,0.7209124
2749,MIEF2,0.78420043
2750,KCTD16,0.8526228
2751,LMNTD2,0.7411435
2752,IFT140,0.71322805
2753,FAM30A,0.8111132
2754,NFIC,0.63859063
2755,MEIS1,0.79405165
2756,POLN,0.8166854
2757,PTPRS,0.55156296
2758,PRSS55,0.8440823
2759,DDB2,0.6636351
2760,ZNF513,0.7353322
2761,PARP8,0.8213354
2762,NKAIN1,0.6813488
2763,CLVS1,0.61570144
2764,KCNIP2,0.7918026
2765,C10ORF76,0.7904525
2766,TSC2,0.74449867
2767,KIAA0141,0.7459075
2768,ME3,0.7343301
2769,CA1,0.8089048
2770,C19ORF44,0.7425224
2771,SLFN14,0.8342697
2772,CIC,0.6729961
2773,LAT,0.7852351
2774,NUBP2,0.7215194
2775,REC8,0.72767574
2776,KANK2,0.7897013
2777,ZAR1,0.83482736
2778,CD40,0.7726311
2779,NECAB1,0.8358434
2780,AC005332.2,0.8644764
2781,GLTSCR1L,0.8083298
2782,SNRK,0.82186943
2783,ZBTB45,0.6600039
2784,CSF1R,0.7131362
2785,SKIV2L,0.7127618
2786,NOVA2,0.8793202
2787,SHOC1,0.8195824
2788,CRTAP,0.66076106
2789,DUSP26,0.8328729
2790,RHBDD2,0.8216192
2791,P2RY12,0.8803592
2792,AC008522.1,0.822526
2793,IGLV1-47,0.79637164
2794,CACNA1C,0.83230406
2795,PTPN5,0.8066965
2796,AC078864.1,0.8438366
2797,CABS1,0.8467029
2798,GABRG1,0.8384853
2799,SPDYE5,0.8119846
2800,ENKD1,0.6540568
2801,GDF7,0.84163475
2802,QARS,0.68339545
2803,MIR29B2CHG,0.7578475
2804,BCAS4,0.62263006
2805,KRT77,0.7675459
2806,MLST8,0.7459186
2807,SH3BP2,0.60574836
2808,ARHGAP9,0.8740762
2809,CCDC61,0.67109245
2810,PTTG2,0.82461375
2811,KLHDC8B,0.6353385
2812,RBFOX1,0.85102063
2813,ENGASE,0.6788164
2814,VPS16,0.6173392
2815,DIRC3,0.81437784
2816,JMJD1C,0.71848804
2817,GPC3,0.6667099
2818,ZNF423,0.8901245
2819,CACNA1D,0.7507989
2820,GPR179,0.85233325
2821,FBXW4,0.68383414
2822,POLK,0.8168488
2823,SLC35A4,0.6879588
2824,NACAD,0.8568049
2825,CLSTN3,0.6366324
2826,AC114980.1,0.8344099
2827,AP003071.4,0.7891379
2828,SLC25A34,0.8401683
2829,MUC21,0.8128218
2830,GATSL3,0.80725527
2831,FCRL1,0.87457615
2832,SLC2A4,0.8042001
2833,CAPN11,0.8307188
2834,TMEM156,0.8782199
2835,ZFHX3,0.77442163
2836,C21ORF33,0.7916761
2837,ACTL7B,0.8280336
2838,C2ORF16,0.8485901
2839,HIST2H2AB,0.72216827
2840,FHL3,0.7365369
2841,LHFPL3,0.8760918
2842,RGS11,0.7217497
2843,NTM,0.8289849
2844,CERS5,0.64024895
2845,PDK2,0.6438088
2846,KIF17,0.8620022
2847,PML,0.6680463
2848,CIB3,0.8234138
2849,SMAP2,0.6653395
2850,VIPR1,0.6421767
2851,VWCE,0.8475799
2852,HMGA2,0.8184492
2853,R3HDM4,0.68251276
2854,CLK4,0.6663212
2855,ANKS4B,0.8372
2856,CTSZ,0.70586157
2857,AKAP8L,0.7841657
2858,PTGDR,0.81880313
2859,LINC00299,0.86356384
2860,LRRC69,0.79019624
2861,TTC9B,0.81507176
2862,FCGR1B,0.8446457
2863,GRID2IP,0.82979035
2864,LRP2,0.6522921
2865,TMEM235,0.8472276
2866,LOXL3,0.7669944
2867,PDE5A,0.75023556
2868,ZNF316,0.67048717
2869,ACOX2,0.6855019
2870,DUSP6,0.6901846
2871,LY9,0.8603749
2872,NKX2-2,0.7797634
2873,HOXA6,0.85951275
2874,CHD8,0.61589015
2875,MTUS1,0.70904493
2876,ZNF385A,0.73226094
2877,HIST1H4L,0.8105822
2878,CLEC4D,0.8121019
2879,SDS,0.69362026
2880,PICK1,0.714552
2881,DENND4B,0.6629258
2882,C16ORF59,0.78056234
2883,ACSM4,0.8452001
2884,SENP7,0.8187001
2885,ATP1A4,0.7421539
2886,LINC02080,0.8666118
2887,IGLV3-19,0.8434349
2888,TMEM190,0.82896066
2889,EYS,0.8259392
2890,NODAL,0.819423
2891,HCLS1,0.8631447
2892,DNM3OS,0.86839503
2893,SYNPR,0.8427782
2894,TNKS1BP1,0.7321518
2895,ACAP3,0.6962343
2896,GREB1,0.700932
2897,DLG4,0.8264306
2898,COL25A1,0.8203892
2899,ITIH5,0.73121244
2900,AC012414.3,0.85369307
2901,ZBTB42,0.7168403
2902,TSPAN31,0.58857965
2903,PPFIA3,0.6332045
2904,AC024337.2,0.86730313
2905,ADAMTS5,0.80205566
2906,SLC25A29,0.7411992
2907,APBB3,0.70183676
2908,DNAJB2,0.6995084
2909,TLN1,0.6439695
2910,SNX17,0.71214914
2911,SSFA2,0.7930488
2912,KCNH4,0.8394279
2913,NUMA1,0.6896567
2914,ZFC3H1,0.7713477
2915,TRIP10,0.64257365
2916,AC004951.1,0.85869616
2917,SLC27A4,0.589938
2918,OSTN,0.8438688
2919,AC105052.4,0.8276772
2920,MCTP1,0.8352189
2921,AC037459.2,0.83443767
2922,AL162390.1,0.84203476
2923,CDKN1A,0.51870626
2924,SEZ6L,0.83855325
2925,TTLL10,0.82460874
2926,CACNB4,0.8041381
2927,VIP,0.86211723
2928,USP40,0.7041096
2929,CCL23,0.8935377
2930,CCDC66,0.82768077
2931,TRAF1,0.8352811
2932,LCE2A,0.86949664
2933,PROX1,0.86091155
2934,UBOX5,0.68650264
2935,AGFG2,0.7370014
2936,LRRC18,0.84903693
2937,APBB1IP,0.88821626
2938,FLI1,0.88198596
2939,SCN1B,0.7622194
2940,DIS3L2,0.65355736
2941,AC090877.2,0.8401334
2942,UBL4B,0.8348959
2943,ARL15,0.8285053
2944,IGFALS,0.7772195
2945,NARFL,0.7717411
2946,SLC22A10,0.8238018
2947,CCDC73,0.6459555
2948,RIPK1,0.67452544
2949,DMAP1,0.61426145
2950,AC069234.5,0.8363523
2951,JAG2,0.59407014
2952,PDLIM1,0.5548941
2953,CROCC,0.715316
2954,ARHGAP20,0.84979695
2955,ZNF814,0.70188266
2956,LPAR4,0.8789198
2957,ETFB,0.6194896
2958,IGLV2-8,0.8501579
2959,PROX2,0.8551766
2960,ZBTB4,0.6775863
2961,TSHZ3,0.8798575
2962,VWA5B1,0.85747176
2963,UCK1,0.6707239
2964,SUSD2,0.5159242
2965,FLOT2,0.6209819
2966,FAM43A,0.8030624
2967,DALRD3,0.7244453
2968,SATB1,0.6784997
2969,GYPA,0.84596723
2970,CCDC188,0.8524165
2971,E4F1,0.7420303
2972,DPEP3,0.8861566
2973,FAM217A,0.8229952
2974,AC007389.1,0.8164963
2975,TLCD3B,0.7749641
2976,MTMR10,0.7658966
2977,AL033397.2,0.8131359
2978,CNTNAP4,0.84466845
2979,AHSP,0.8618446
2980,CD4,0.8543803
2981,HAP1,0.7975827
2982,EPHX1,0.6113729
2983,STARD8,0.80182344
2984,AC016590.1,0.8385336
2985,BCL2L1,0.72549635
2986,MST1R,0.6238378
2987,AC120049.1,0.83892536
2988,ATG2A,0.71506953
2989,IGDCC4,0.8399119
2990,KLK4,0.83201915
2991,PBOV1,0.8631029
2992,KCNJ8,0.8090169
2993,HOXD8,0.80852264
2994,GHRH,0.83496404
2995,LRRC3B,0.8069618
2996,TRANK1,0.84116
2997,GBP2,0.718148
2998,KRT25,0.85470814
2999,ZC3H12D,0.8794506
3000,CEACAM20,0.8182356
3001,CNN2,0.6950328
3002,NCF4,0.8305462
3003,PLEKHG5,0.73505354
3004,PKIG,0.7039981
3005,SYNE2,0.6544041
3006,AC093849.4,0.8510166
3007,ANGPTL3,0.818413
3008,ITIH1,0.83475703
3009,IL1RL1,0.8725644
3010,AC159540.2,0.7250433
3011,ERCC2,0.64781207
3012,CPVL,0.7681532
3013,ALPI,0.8566553
3014,TRMT2A,0.71622443
3015,TSPO2,0.83796793
3016,TMEM140,0.8229668
3017,KCNN3,0.8244615
3018,ARHGAP10,0.7662272
3019,ADAM2,0.8248074
3020,IRAK4,0.7809699
3021,ADAD2,0.8247948
3022,ARID3C,0.83045155
3023,STK11IP,0.66789156
3024,BRSK1,0.7269356
3025,LAX1,0.8691797
3026,DBX2,0.84946114
3027,SMPD1,0.6451366
3028,IGHV4-59,0.856082
3029,DOK4,0.76245475
3030,DNAJC4,0.62710774
3031,IGKV5-2,0.8577927
3032,PLLP,0.63909644
3033,ABCC11,0.71833706
3034,METTL21B,0.84239167
3035,DSE,0.6925046
3036,TXNRD2,0.7065496
3037,SGTA,0.6892834
3038,JDP2,0.65592676
3039,AP2A1,0.6826864
3040,AC073869.3,0.83194786
3041,ZNF525,0.71158236
3042,PLEKHM2,0.5897161
3043,C3ORF58,0.80166453
3044,ABHD14B,0.57109195
3045,LPL,0.61553097
3046,OLFML1,0.89813775
3047,FLT1,0.7856334
3048,CLLU1,0.8418686
3049,CFAP52,0.8436044
3050,KLRB1,0.895349
3051,GMPPB,0.6384105
3052,PRKD2,0.5477889
3053,SUMO4,0.7372226
3054,UCN,0.73372835
3055,RCN3,0.7661428
3056,MORC1,0.8358052
3057,AC018647.1,0.86516505
3058,GDPD3,0.74743897
3059,KLHL6,0.840398
3060,DMPK,0.7686741
3061,EHD4,0.60819674
3062,TMIGD2,0.8364339
3063,ITSN2,0.77336454
3064,DDAH2,0.592948
3065,ARHGEF17,0.75969744
3066,IL18BP,0.6747802
3067,BORCS6,0.73368317
3068,PLPP1,0.69925165
3069,ECT2L,0.8457944
3070,SBNO2,0.6708851
3071,CILP2,0.6980006
3072,CPT1C,0.8336455
3073,SPRYD3,0.55478185
3074,CSRP3,0.86906546
3075,NBPF9,0.79097134
3076,BCL2,0.6570022
3077,PI4KA,0.6879358
3078,SLFN5,0.766922
3079,NAA80,0.71101975
3080,OR52A1,0.8112254
3081,PPP1R12A,0.76675606
3082,INHBA,0.73748535
3083,CBWD3,0.7665493
3084,PCDH9,0.841378
3085,ATG7,0.520955
3086,NPIPA5,0.7343967
3087,ATP5S,0.7756538
3088,AL158832.2,0.84282094
3089,PRF1,0.81638193
3090,BRS3,0.8546118
3091,FBXO18,0.6928436
3092,SYT15,0.8251664
3093,LTBP3,0.45781732
3094,DBN1,0.6003863
3095,IFNG-AS1,0.8528271
3096,EFHD2,0.7320645
3097,IER2,0.59293944
3098,DAZAP1,0.81792754
3099,NT5E,0.796388
3100,PSMB8,0.668289
3101,TRIOBP,0.61876917
3102,RGS13,0.8463562
3103,PIDD1,0.68566585
3104,MED22,0.7121195
3105,ZNF208,0.79021424
3106,ATP2A3,0.586954
3107,NUDT17,0.6589069
3108,B9D1,0.7015162
3109,FAM228A,0.82919544
3110,TTC3,0.6197199
3111,TAS1R3,0.82680315
3112,DHX34,0.73032045
3113,ARMC9,0.77484775
3114,MOGS,0.7046364
3115,AC117503.1,0.81402135
3116,LRMP,0.895562
3117,IDI2,0.848176
3118,TCAP,0.7666628
3119,GTPBP6,0.6531876
3120,NABP1,0.7353549
3121,RETN,0.82345337
3122,UGT2B15,0.81447965
3123,C20ORF194,0.76624805
3124,MICALL2,0.62063736
3125,SCAMP5,0.67413455
3126,CH25H,0.84088844
3127,EXOSC10,0.7001073
3128,AC004160.1,0.846024
3129,CA14,0.82411796
3130,NLRP12,0.86218816
3131,KIF19,0.8456996
3132,ATCAY,0.8152618
3133,RRAS,0.6405918
3134,PRDM2,0.77982503
3135,PEX26,0.68798876
3136,PARP10,0.55345947
3137,POU5F2,0.827962
3138,WAS,0.8858328
3139,GLDN,0.81802154
3140,SCUBE1,0.8177158
3141,KLC1,0.63915193
3142,AKAP11,0.74906206
3143,NLRP11,0.8215701
3144,AC006504.1,0.80533266
3145,NPS,0.826729
3146,CCDC57,0.651215
3147,NR2F2-AS1,0.7818434
3148,PCNX1,0.76682407
3149,SAT2,0.6144379
3150,MC1R,0.6870575
3151,KLHL3,0.87243724
3152,MAP1LC3C,0.8754227
3153,NR1I3,0.79282016
3154,CDH6,0.8575802
3155,RNF213,0.592171
3156,LINC02185,0.84976274
3157,PRTN3,0.8541531
3158,ACADVL,0.6350679
3159,CBWD6,0.553762
3160,MASP2,0.848089
3161,DOK1,0.8467863
3162,CLK1,0.64777255
3163,CD200,0.8609831
3164,TRHR,0.870595
3165,CNTN1,0.74836856
3166,APOL1,0.73302776
3167,GFI1B,0.84547997
3168,AFF3,0.710622
3169,FRMPD2,0.78426963
3170,DOCK2,0.8854602
3171,VPREB3,0.8143744
3172,FOXJ1,0.7585625
3173,LILRB3,0.87636226
3174,GP2,0.71145153
3175,AC012065.3,0.81367016
3176,LINC01422,0.871445
3177,PPEF2,0.8437899
3178,NFKBIZ,0.570726
3179,NDUFA4L2,0.6843137
3180,DMRTA2,0.82070035
3181,TMEM82,0.8314274
3182,SRSF11,0.74785185
3183,ADGRB3,0.84228325
3184,PCDHA8,0.8280447
3185,PROS1,0.7092847
3186,MYO9A,0.74093086
3187,ABHD14A,0.61551046
3188,P2RY8,0.8418971
3189,ANKRD40CL,0.8334918
3190,MOB2,0.56023103
3191,AC135178.6,0.86530375
3192,ARHGAP27,0.6821429
3193,FAM21A,0.7866177
3194,PTPRG,0.76382226
3195,TMEM136,0.8059675
3196,RDH8,0.8580756
3197,BIN1,0.64877635
3198,DCDC2B,0.8100035
3199,IGHV6-1,0.8173132
3200,MT1HL1,0.8190584
3201,SLC39A13,0.6347311
3202,RAC2,0.7897818
3203,FRA10AC1,0.7271071
3204,FCER1A,0.7766102
3205,DYNLL2,0.74340487
3206,MARCH2,0.6559277
3207,PDGFA,0.67710644
3208,AC011840.1,0.8278928
3209,HTT,0.60927135
3210,LLGL1,0.7210102
3211,MLLT4,0.7767225
3212,AP007216.2,0.815352
3213,ELSPBP1,0.8521548
3214,CXORF65,0.8507063
3215,PGRMC2,0.8042976
3216,WFDC13,0.8259004
3217,LINC01146,0.8371442
3218,DHX30,0.79328465
3219,GTF2H2,0.70911664
3220,CNTD1,0.6959879
3221,LINC02202,0.84762144
3222,PLXNA4,0.8023992
3223,HCFC1R1,0.62023014
3224,PPM1M,0.8486109
3225,C7ORF49,0.7650216
3226,NMRK2,0.8845646
3227,TSHR,0.8283873
3228,ZNF337,0.7499716
3229,STEAP1,0.72883517
3230,ANO9,0.6036622
3231,DPP9,0.6048278
3232,C1R,0.7219813
3233,HNF1A,0.81234664
3234,DGAT1,0.67633456
3235,ADA2,0.73638326
3236,BX088651.4,0.84143144
3237,NBAS,0.62692815
3238,PIK3C2A,0.6963884
3239,EML5,0.78847855
3240,WDR38,0.78541344
3241,FAM166B,0.81321573
3242,Z68871.1,0.83888555
3243,GRID2,0.8729612
3244,AC107993.1,0.8248083
3245,YPEL1,0.7110881
3246,VIL1,0.81684285
3247,BCL3,0.6152188
3248,TMEM204,0.8553891
3249,CABP4,0.80832976
3250,CBS,0.824683
3251,ZNF444,0.7314107
3252,EBF3,0.8810937
3253,RGS4,0.8146796
3254,SULT2B1,0.6534394
3255,SLC26A6,0.5796148
3256,RHOF,0.77035785
3257,CRYBA4,0.85132074
3258,ARRB2,0.7113316
3259,FAM174B,0.69948936
3260,TMEM105,0.8202235
3261,GRIN2B,0.8469618
3262,TMEM115,0.650371
3263,RAB44,0.8718433
3264,CXCR2,0.8676553
3265,PIGQ,0.7164027
3266,SLC38A10,0.61956346
3267,RMRP,0.8090821
3268,PNKP,0.6338369
3269,NPAS1,0.79774207
3270,LYSMD4,0.704912
3271,SLC15A5,0.838973
3272,RD3L,0.84061605
3273,IGLC6,0.8115967
3274,SNX29,0.785
3275,YPEL3,0.5635808
3276,UBE2U,0.83422613
3277,PIWIL2,0.82994205
3278,PIK3R1,0.6060712
3279,KLHDC4,0.6662023
3280,IGKV1-17,0.8432942
3281,TRIM46,0.7216223
3282,TNFRSF13B,0.8745057
3283,ADCY5,0.6504107
3284,ZDHHC12,0.75835603
3285,WDR24,0.5958974
3286,PRDM1,0.8489031
3287,RHOT2,0.7402467
3288,HK3,0.79787606
3289,FAM186A,0.8178573
3290,DCDC1,0.83256197
3291,MXD4,0.62085974
3292,GDNF,0.83770794
3293,GLI1,0.85938174
3294,CU633906.2,0.81083536
3295,TMEM222,0.6628491
3296,NAALAD2,0.82454175
3297,MAB21L2,0.8464715
3298,CDHR2,0.79816073
3299,EPN1,0.66900855
3300,C1ORF27,0.7786915
3301,AL133355.1,0.821583
3302,TUBB1,0.8372677
3303,ESPN,0.5594549
3304,MMP15,0.54790163
3305,SZRD1,0.70352584
3306,TMEM101,0.6349061
3307,STAT6,0.5906622
3308,TRAF5,0.7397721
3309,HLA-DMB,0.77563435
3310,CHRNE,0.82273865
3311,AMY2B,0.7338969
3312,FOXP2,0.8250069
3313,SLC9A8,0.7486227
3314,TMEM88,0.8202974
3315,LMCD1,0.7004115
3316,AC006566.1,0.82599276
3317,ATPAF2,0.6979019
3318,TSPAN16,0.8398412
3319,GUCA2A,0.8087241
3320,ANKRD52,0.69406587
3321,CDSN,0.7505417
3322,RAI2,0.80096316
3323,AC104389.5,0.821109
3324,FGD5,0.845185
3325,PKD1L3,0.86160094
3326,MAP3K15,0.8094925
3327,CRLF2,0.8597507
3328,SPG7,0.63546395
3329,IFT46,0.6566524
3330,RSL1D1,0.69379157
3331,GJC2,0.85953563
3332,GLIS2,0.76387244
3333,IDO2,0.875557
3334,MRPL54,0.6677095
3335,TSC22D3,0.5734295
3336,FNDC1,0.7310517
3337,PDE1A,0.8701091
3338,MFSD12,0.6397052
3339,ENPP7,0.8589724
3340,LACE1,0.84837455
3341,AL683813.1,0.8334165
3342,KPNA5,0.7962977
3343,MYH3,0.80846494
3344,LINC00504,0.78102344
3345,FCHSD2,0.7514948
3346,GDF6,0.83956885
3347,CRH,0.8282976
3348,SOWAHA,0.7222131
3349,NAV3,0.85345244
3350,HLA-DQB1,0.74296016
3351,TBX6,0.7851872
3352,IQSEC3,0.85597485
3353,MROH7,0.8227811
3354,DISP3,0.80105823
3355,PTH2,0.8561954
3356,AC144831.1,0.84627867
3357,OR1N1,0.8411684
3358,TRPM6,0.8371122
3359,SPN,0.85121655
3360,KCTD11,0.77484554
3361,C12ORF42,0.859483
3362,SLC3A1,0.77431947
3363,LRRC73,0.76545566
3364,ZP2,0.81965965
3365,AL133330.1,0.83988166
3366,MCMDC2,0.6204597
3367,BTNL8,0.83691096
3368,DRD4,0.7808771
3369,TOPORS-AS1,0.82175785
3370,SERPINA6,0.71244174
3371,FIGLA,0.8512402
3372,SH2D1B,0.83898264
3373,OR14A16,0.8277586
3374,CCND2-AS1,0.84339046
3375,RFX1,0.7485766
3376,SLC6A3,0.80755025
3377,NR1H3,0.7299781
3378,MAVS,0.6995468
3379,WDR18,0.68128234
3380,ALCAM,0.6780115
3381,ETS1,0.76031065
3382,OTUD5,0.66374326
3383,SCAP,0.70746
3384,TSC22D1,0.5008924
3385,B3GAT2,0.756857
3386,SOAT2,0.8655317
3387,SLC29A3,0.7512467
3388,KCNG2,0.84585595
3389,ANKMY1,0.72657245
3390,TNIP1,0.64008504
3391,LINC01266,0.8277886
3392,TAS2R4,0.8133774
3393,SNTG2,0.7984049
3394,ADAMTS2,0.80391234
3395,RAB11FIP3,0.71955067
3396,AC133919.1,0.8526867
3397,ABCA2,0.6175621
3398,LPIN3,0.77252406
3399,SPATA21,0.81012106
3400,AL671710.1,0.8256009
3401,LCN15,0.8336506
3402,DDX25,0.8209854
3403,ABCB8,0.64714146
3404,MRLN,0.80978465
3405,TBRG1,0.76386905
3406,IFI35,0.6305946
3407,SHD,0.83122987
3408,CRELD1,0.6721079
3409,NEK5,0.79870063
3410,WDR97,0.769464
3411,WIPF1,0.7905569
3412,MCRIP1,0.63291126
3413,USF2,0.64338857
3414,GNLY,0.8014607
3415,MYOG,0.84235644
3416,SLCO1C1,0.8527937
3417,DPP4,0.83080167
3418,BIRC7,0.8400696
3419,FLNC,0.8292346
3420,ZNF182,0.7865674
3421,SASH1,0.7471501
3422,RAD50,0.697807
3423,ARHGAP25,0.8619914
3424,SNHG22,0.8107274
3425,EFCAB12,0.80894035
3426,CCDC116,0.84027666
3427,NADSYN1,0.5972993
3428,NDFIP1,0.83102274
3429,EFCAB6,0.8395944
3430,PQBP1,0.7944894
3431,LRRC72,0.8665455
3432,GPR6,0.82507926
3433,KCNJ11,0.75835425
3434,SEPTIN1,0.7207942
3435,AC130352.1,0.8280819
3436,BRD2,0.8015724
3437,FAM46C,0.82462645
3438,RUNDC1,0.7566467
3439,HS3ST2,0.81725067
3440,PARP15,0.87821513
3441,GRM7,0.8226972
3442,MYOM2,0.8524325
3443,ADCY6,0.7706659
3444,LCP2,0.88556504
3445,PDCD1,0.8413455
3446,UBAP1L,0.761323
3447,CPEB4,0.59289306
3448,HSD17B13,0.8523912
3449,PROCA1,0.80838823
3450,SPI1,0.8465953
3451,ADD3,0.7696376
3452,SLC26A5,0.84711486
3453,CCDC88A,0.823946
3454,CACNA1H,0.76062256
3455,BLID,0.8317079
3456,UMOD,0.7901204
3457,ZNF286B,0.8597491
3458,COL4A4,0.87013507
3459,AC015871.7,0.8334994
3460,LRRC24,0.70913774
3461,AL590822.2,0.8617525
3462,MGRN1,0.72849494
3463,PFN3,0.8317473
3464,NPSR1,0.8365707
3465,DRC3,0.7844171
3466,PNPLA2,0.71666914
3467,NELFE,0.68777514
3468,NFKB2,0.65429467
3469,ATP5G1,0.6422911
3470,LINC01297,0.80977535
3471,POLRMT,0.6382089
3472,IDS,0.59107
3473,AK5,0.6803834
3474,CRIM1,0.5199239
3475,TRPM7,0.76657534
3476,ZNF546,0.8059356
3477,KRTAP17-1,0.8293569
3478,EPB41L3,0.80642843
3479,CRHBP,0.85231954
3480,IL22,0.8289067
3481,ARGLU1,0.60877043
3482,EME1,0.6200979
3483,ST5,0.6272948
3484,MTRNR2L8,0.56496423
3485,VASH1-AS1,0.78783303
3486,TFE3,0.63782316
3487,NTNG2,0.8506531
3488,PPP6R1,0.6435356
3489,ZNF446,0.77293444
3490,ABCD4,0.7723569
3491,CD69,0.8877287
3492,PABPN1L,0.8363271
3493,AC012470.1,0.8622454
3494,OSBPL7,0.7941062
3495,AL450326.1,0.86006135
3496,PRODH,0.7217279
3497,ART1,0.8311487
3498,XAB2,0.70752066
3499,CHD6,0.7878545
3500,APOPT1,0.70791024
3501,IGKV3-20,0.84313107
3502,OR2K2,0.8299823
3503,SERPINF2,0.7645083
3504,INPPL1,0.6244423
3505,KIAA1614,0.8211586
3506,IQSEC1,0.65289307
3507,PARVG,0.87745315
3508,USP22,0.7219114
3509,MADD,0.6568946
3510,HDAC10,0.67042416
3511,GULP1,0.836436
3512,PITPNM1,0.60756725
3513,KCNJ3,0.717189
3514,TELO2,0.6662316
3515,SMIM32,0.85345596
3516,MBD6,0.7625179
3517,POLR2E,0.6640947
3518,HLA-DOA,0.7907593
3519,GRAMD3,0.83503205
3520,DEFB124,0.8477969
3521,TCTEX1D4,0.82982
3522,SLC2A6,0.6148286
3523,PURA,0.77169126
3524,SH3BP1,0.6848816
3525,C14ORF79,0.7876429
3526,PARD3B,0.8297822
3527,KCNA4,0.8739322
3528,RALGDS,0.612552
3529,RSPH10B,0.7597992
3530,ANKRD24,0.8385418
3531,NRGN,0.789069
3532,MS4A6E,0.83333254
3533,ANKRD23,0.7694135
3534,RAB31,0.6590819
3535,TMEM55A,0.8296712
3536,CAPN12,0.6653065
3537,HTR3D,0.8650492
3538,KIAA1755,0.64424187
3539,DOPEY1,0.8531868
3540,HMGA2-AS1,0.8439627
3541,HEATR9,0.8410382
3542,NOS1AP,0.7749236
3543,ATG16L1,0.69059306
3544,MIR181A1HG,0.8221569
3545,WDFY4,0.8880456
3546,TSR3,0.63640857
3547,IQGAP2,0.72401696
3548,CCDC24,0.71183676
3549,SLC6A19,0.82012415
3550,FOXB2,0.8643597
3551,LINC02256,0.86270857
3552,AKR7A3,0.6319371
3553,PCNX4,0.7489731
3554,MAK,0.82554203
3555,MIS18BP1,0.7543864
3556,AP5Z1,0.61620635
3557,PWWP2B,0.7282355
3558,PCDHGA8,0.79276943
3559,SCAPER,0.8378868
3560,AZU1,0.8260148
3561,CHMP1A,0.70454067
3562,ADRB3,0.8372925
3563,PHOX2B,0.8594541
3564,AL133346.1,0.83822733
3565,KCTD12,0.7972169
3566,HP1BP3,0.6649469
3567,A4GALT,0.7334509
3568,WDR60,0.75965023
3569,TLR10,0.81222147
3570,MYL4,0.84728765
3571,ABHD1,0.79896504
3572,PDLIM3,0.66936374
3573,PDGFB,0.7491432
3574,SPOCK1,0.8493149
3575,FBLN7,0.7271717
3576,FLT3,0.8065228
3577,ITPKC,0.6908489
3578,LST1,0.77127427
3579,SLC9A3R2,0.61399937
3580,PWWP3B,0.8277007
3581,MYLK3,0.8539531
3582,TAS2R5,0.83122844
3583,CC2D2B,0.8596572
3584,AC023794.2,0.8289516
3585,TRIM60,0.83678293
3586,GPR37L1,0.7248289
3587,CR786580.1,0.82889104
3588,B4GAT1,0.6353132
3589,YIF1A,0.76293397
3590,KIAA0922,0.83928823
3591,RGL3,0.7299314
3592,FSIP2,0.7910097
3593,ZDHHC24,0.69006747
3594,FAM161B,0.7679611
3595,ELOF1,0.7418213
3596,OVCH1,0.83118534
3597,AC243829.4,0.8486059
3598,ABL1,0.6390392
3599,AC090559.1,0.8815155
3600,DKK2,0.82286054
3601,WNT7A,0.85413694
3602,SP8,0.822239
3603,TCEAL2,0.706995
3604,TP53INP2,0.6050877
3605,JMJD8,0.63519746
3606,FRY,0.810489
3607,ATP5SL,0.78974086
3608,TMEM229B,0.7875102
3609,IL17D,0.8156192
3610,SLC46A1,0.6772459
3611,TGM6,0.8345589
3612,CPEB1,0.84386784
3613,NFKBID,0.7634035
3614,OR4K2,0.8826661
3615,SFSWAP,0.7089475
3616,CDH10,0.8540365
3617,ITGB7,0.79655856
3618,EMP3,0.79016876
3619,LNPEP,0.7028658
3620,MKL2,0.790657
3621,BCL6B,0.8739578
3622,AC015818.2,0.81343406
3623,LRRC71,0.8479747
3624,ZNF687,0.7252576
3625,BPTF,0.7459629
3626,MMP10,0.78958225
3627,AP001496.2,0.5343722
3628,STC2,0.47418657
3629,ARMC5,0.67105395
3630,ADAMTS6,0.8166141
3631,SLAMF1,0.8746297
3632,TP53INP1,0.5332098
3633,SLC34A3,0.81431085
3634,PKD1,0.5937924
3635,SMLR1,0.8452811
3636,AC138932.2,0.8539168
3637,ZNF329,0.7742117
3638,NPDC1,0.60648584
3639,PKD2L2,0.8271039
3640,AC008467.1,0.84207994
3641,CEBPE,0.84195375
3642,SPINK1,0.7717362
3643,CLDN22,0.8011461
3644,SNTA1,0.6139214
3645,PTCRA,0.860343
3646,MED12L,0.82485586
3647,EHBP1L1,0.6427014
3648,EMID1,0.5600088
3649,AL157893.2,0.8787562
3650,NFKBIL1,0.69348025
3651,APOBEC3C,0.75388575
3652,AHNAK2,0.6856715
3653,TRPV5,0.84377974
3654,LINC00562,0.768811
3655,MLEC,0.728379
3656,MYO5C,0.79472953
3657,ARHGAP26,0.7705049
3658,DCAF4L2,0.84507936
3659,CALHM1,0.8413243
3660,CHADL,0.7662049
3661,IGHV4-39,0.82040864
3662,IL6R-AS1,0.8655607
3663,FAM35A,0.7970187
3664,GSTO1,0.6423576
3665,EDNRA,0.7914579
3666,CHMP6,0.61081964
3667,FOXA1,0.69291496
3668,AL390728.5,0.8074855
3669,LEF1,0.7317471
3670,TBC1D3L,0.7575175
3671,TMEM160,0.58692646
3672,CXORF40A,0.65132254
3673,SLC30A2,0.76542616
3674,GAS1,0.71466655
3675,DIO3,0.8262897
3676,ANXA11,0.60042197
3677,ZNF579,0.65902954
3678,AL356124.1,0.82955176
3679,LRRC46,0.79734397
3680,STXBP5-AS1,0.84658813
3681,COLEC12,0.72059965
3682,ATP13A2,0.69571096
3683,PLA2R1,0.72390956
3684,DHRS3,0.5139399
3685,OLFML2A,0.7286899
3686,FAM21C,0.80822676
3687,RMND5B,0.6295004
3688,CCS,0.666806
3689,MAD1L1,0.68424344
3690,GAB4,0.8960867
3691,LY86,0.8209787
3692,ASUN,0.8295682
3693,CYP21A2,0.7623494
3694,FAM92B,0.8572832
3695,LINC01359,0.84068805
3696,B4GALT7,0.52456814
3697,SPATA2L,0.6757164
3698,OR52K1,0.822597
3699,CAPN3,0.7909296
3700,FGF14,0.7794648
3701,LAT2,0.8027542
3702,MUM1,0.76243657
3703,CBARP,0.8241296
3704,KLHDC7A,0.7568938
3705,CAB39L,0.680583
3706,DGCR6L,0.64617664
3707,DGKZ,0.5941934
3708,ZBTB32,0.873739
3709,KRT17,0.6593388
3710,UCP1,0.8280805
3711,C1ORF162,0.8676572
3712,KCNC1,0.83032125
3713,MUL1,0.5963926
3714,RNF224,0.824375
3715,C9ORF3,0.8328905
3716,TSPAN32,0.88208747
3717,PMVK,0.7592028
3718,PRRG3,0.69680905
3719,PHYKPL,0.6370226
3720,IVL,0.7721508
3721,C11ORF88,0.85346526
3722,TSPAN17,0.66376203
3723,KRT222,0.84125704
3724,CXCR3,0.8628245
3725,KANSL1L,0.7846343
3726,AC240274.1,0.8665207
3727,HGS,0.7745262
3728,PHLDB2,0.6928184
3729,AL391121.1,0.8625443
3730,LAMB1,0.8271789
3731,LINC01125,0.83585715
3732,AOX1,0.793046
3733,CYBB,0.8321759
3734,C6ORF106,0.77192944
3735,WDR6,0.67828506
3736,NME7,0.7011452
3737,EEPD1,0.73039144
3738,RNF25,0.7258031
3739,KCNMB2,0.84554905
3740,HRASLS,0.841019
3741,CBLB,0.77451974
3742,AK8,0.7980716
3743,PRDM6,0.84816486
3744,HEPN1,0.8507092
3745,PCAT5,0.82470685
3746,NKD2,0.6457839
3747,NKIRAS2,0.6225844
3748,CEMP1,0.8410311
3749,USP50,0.78151375
3750,CD2BP2,0.676361
3751,PRPH2,0.8562239
3752,GRIK1-AS1,0.80028206
3753,PHACTR1,0.82212967
3754,SMIM1,0.632508
3755,DUSP15,0.78721374
3756,TMEM212,0.8124129
3757,AC005920.1,0.8012876
3758,FAM92A1,0.8562097
3759,C3ORF18,0.8267093
3760,PRR34,0.82084084
3761,PRAMEF15,0.80081844
3762,ZMIZ2,0.65044427
3763,HIPK4,0.85287005
3764,BCHE,0.85472924
3765,TSC22D4,0.678977
3766,LINC01089,0.64683104
3767,NYAP2,0.83479565
3768,RIPOR2,0.85348195
3769,KLF7,0.7707453
3770,FLII,0.56957614
3771,CD276,0.6794119
3772,OR8B12,0.84220105
3773,SYCP3,0.75041777
3774,C1ORF167,0.8079187
3775,RGS17,0.8296511
3776,AC004846.2,0.85451704
3777,IGHV5-51,0.86399513
3778,AC091982.3,0.8350541
3779,NRBP1,0.67876834
3780,LRG1,0.6030691
3781,PDLIM2,0.68892986
3782,CTDSPL,0.6519375
3783,LINC02145,0.8510957
3784,APC2,0.79439753
3785,ISLR2,0.82262796
3786,SGK494,0.8253487
3787,GYG2,0.73383933
3788,FAM131B,0.8453401
3789,BAP1,0.6719608
3790,RUSC2,0.8003709
3791,TEKT2,0.826488
3792,LDHD,0.77225447
3793,SOBP,0.8395505
3794,GADD45G,0.54581237
3795,GZMH,0.8025048
3796,FOXP3,0.85881346
3797,CTC-534A2.2,0.8069332
3798,GSDMD,0.5818679
3799,LCE3E,0.81829673
3800,LRRC17,0.8263235
3801,RXRB,0.64406395
3802,CDHR5,0.8591055
3803,CFI,0.74996185
3804,CYFIP2,0.6630536
3805,CNTROB,0.7011823
3806,CBX6,0.516183
3807,CTRB1,0.84367776
3808,RNF26,0.6883938
3809,RABL2A,0.7426219
3810,TFAP2D,0.82936174
3811,CRCT1,0.82924247
3812,AL359220.1,0.85414904
3813,GCKR,0.8349983
3814,SPP1,0.50681096
3815,COX4I2,0.8887264
3816,CBLN4,0.86459285
3817,ASL,0.6285426
3818,AC124067.4,0.8353664
3819,CABP7,0.7967004
3820,THSD7B,0.8557508
3821,CHD1,0.7513843
3822,PKN1,0.6387353
3823,AC008115.4,0.8153146
3824,SEMA3E,0.7822463
3825,CST7,0.807121
3826,TMED1,0.68810326
3827,COL18A1,0.7263727
3828,C2,0.7734914
3829,GPR146,0.80132717
3830,FABP1,0.86081344
3831,CSNK1G2,0.68353844
3832,PXN,0.6620593
3833,PRDM5,0.8793718
3834,RNH1,0.6170055
3835,MATR3,0.74016285
3836,AC015909.1,0.84461576
3837,AC026341.1,0.86253494
3838,DNAH9,0.81262016
3839,KCNH1,0.794889
3840,OCM,0.8756836
3841,RNASET2,0.66317767
3842,TMEM184A,0.739306
3843,KCNH7,0.85601205
3844,PAGE3,0.8372914
3845,TTC16,0.8001942
3846,LINC01511,0.7893502
3847,UPP2,0.84238464
3848,TRAPPC2L,0.6051832
3849,SHISA3,0.86812645
3850,KIAA1551,0.8069656
3851,GPR61,0.8317437
3852,RBM44,0.8453353
3853,AC092683.2,0.79385424
3854,AIP,0.6589938
3855,NRAP,0.8407467
3856,RFTN2,0.8942494
3857,ATXN1,0.6622918
3858,NCLN,0.680525
3859,C16ORF45,0.8187993
3860,NKAPL,0.83748955
3861,TEKT5,0.81271964
3862,FSTL1,0.7937837
3863,CBLN1,0.82877856
3864,VSTM2L,0.71702623
3865,DNAH8,0.8493878
3866,AL160313.1,0.86591387
3867,RABEP2,0.6958337
3868,KLF3-AS1,0.8349846
3869,CATIP,0.8161083
3870,DENND2A,0.77331495
3871,HS1BP3,0.6489597
3872,ZNF91,0.6803387
3873,LYST,0.7809868
3874,KCNK10,0.84768885
3875,CCDC71,0.76891524
3876,PPP1R26,0.67908317
3877,AC004381.6,0.8106852
3878,PPM1K,0.7518155
3879,FAM73B,0.7862471
3880,TEX38,0.8345504
3881,FAM9A,0.86664414
3882,FIBCD1,0.74394363
3883,AC048382.6,0.82788324
3884,STC1,0.67723036
3885,TP53I11,0.60072845
3886,PLCD3,0.684314
3887,CEBPA,0.5675333
3888,HIST1H2AA,0.7942047
3889,AC007262.2,0.86126655
3890,CNTNAP1,0.88143474
3891,GPR62,0.83328205
3892,RIMS4,0.7385761
3893,NPRL3,0.7364428
3894,SMTN,0.6551588
3895,FPR1,0.81213474
3896,NCR1,0.8698608
3897,HTR4,0.84916145
3898,PYCRL,0.7637169
3899,CSF3R,0.74438435
3900,SLIT1,0.8332505
3901,NFAM1,0.79121995
3902,KCNA2,0.84509444
3903,UAP1L1,0.6930644
3904,AXIN2,0.78590053
3905,CNNM2,0.7325111
3906,DOCK8,0.82429725
3907,ZNF276,0.62757933
3908,PIEZO1,0.6226044
3909,AC104574.2,0.8365491
3910,ZNHIT2,0.6710269
3911,NBL1,0.71303225
3912,TP53TG5,0.84291476
3913,ITGB2,0.7673606
3914,MINDY2,0.7763955
3915,LAMA5,0.6035267
3916,PRODH2,0.85049194
3917,INTS1,0.6641437
3918,TMEM159,0.7118569
3919,WISP2,0.8473889
3920,AC003958.2,0.87772036
3921,RBM10,0.80623007
3922,FAM241A,0.74543184
3923,NAP1L4,0.81154794
3924,TRAF2,0.64439195
3925,C10ORF82,0.82379884
3926,LUC7L3,0.69545
3927,FCN2,0.8297302
3928,PEX16,0.7376659
3929,MRM1,0.6750601
3930,TRAFD1,0.5970513
3931,FCRLA,0.8583469
3932,CYSRT1,0.7904103
3933,PRPF8,0.6521932
3934,DHRS4,0.49105707
3935,AC020741.1,0.8258381
3936,TRIO,0.7020898
3937,PGC,0.7506337
3938,ABRAXAS1,0.7346266
3939,PCDHA5,0.841788
3940,CLDN18,0.8603441
3941,NOX1,0.8215551
3942,ACTN1-AS1,0.8375649
3943,H6PD,0.6862976
3944,KLHDC3,0.6309187
3945,SPEF1,0.7998486
3946,SIGLEC11,0.8545076
3947,PLAU,0.7057492
3948,FAM24A,0.8166515
3949,OR4C13,0.8261852
3950,KDM7A,0.76514083
3951,AC008780.1,0.8291955
3952,IFNL2,0.8252813
3953,KLF15,0.80887455
3954,CAPN1,0.6955429
3955,CSDC2,0.82051444
3956,DCAF12L1,0.8170409
3957,LRRC7,0.8357267
3958,PPM1F,0.6453547
3959,SH3PXD2B,0.66007715
3960,PTF1A,0.8621395
3961,DTX2,0.6735666
3962,CEP68,0.74988914
3963,AMHR2,0.8594289
3964,SPON2,0.69449145
3965,MAST2,0.601542
3966,MEOX2,0.83120567
3967,TRPM4,0.7533002
3968,ZNF791,0.75666326
3969,AC009879.4,0.8208963
3970,FCHO2,0.79165107
3971,NCOR1,0.6445473
3972,BTN3A1,0.73999864
3973,PRRT2,0.81692713
3974,ZNF853,0.7399046
3975,MPDU1,0.5786016
3976,HSD17B14,0.7810685
3977,CTSW,0.8563829
3978,RORB,0.8366788
3979,FOXH1,0.63967156
3980,HOOK2,0.82654303
3981,FCMR,0.73429996
3982,RANGRF,0.5633344
3983,TSC1,0.7740102
3984,ATOH1,0.85861033
3985,ERI3,0.74100256
3986,AC090559.2,0.80675966
3987,MAP2K7,0.60729814
3988,MT1B,0.8137495
3989,PAX2,0.81690246
3990,PYHIN1,0.8516467
3991,GPR4,0.8796347
3992,ANKRD31,0.827568
3993,LINC01091,0.8566622
3994,RPS6KA2,0.7201891
3995,KIAA2012,0.8284731
3996,CXCL6,0.7808235
3997,GNB5,0.7106798
3998,SLC16A5,0.7613992
3999,CACNA1S,0.826165
4000,PLEKHG3,0.7254868
4001,SEL1L2,0.85064095
4002,LRRIQ1,0.83344954
4003,AC010976.2,0.86878616
4004,SYK,0.7193942
4005,SULF2,0.52966404
4006,NLGN2,0.7523034
4007,AL158055.1,0.8640346
4008,GTF3C1,0.7020118
4009,IFITM2,0.6221013
4010,TBC1D13,0.6435578
4011,UNC5A,0.7726598
4012,PRCD,0.86280847
4013,CEND1,0.84053826
4014,LEMD2,0.68777317
4015,ABAT,0.7588888
4016,LRRC23,0.7480102
4017,APEH,0.66787153
4018,BIRC3,0.75266194
4019,NTRK1,0.8232422
4020,KLF9,0.73760587
4021,ACSM6,0.8397065
4022,EFCC1,0.79824203
4023,SMOC2,0.48488674
4024,FBXW5,0.61298364
4025,SYNC,0.6978624
4026,CCDC187,0.806927
4027,RGAG4,0.8132191
4028,FAAP100,0.5766484
4029,RCAN2,0.8363176
4030,TBC1D9,0.67159605
4031,AP001042.1,0.8410213
4032,C14ORF37,0.7671694
4033,SPATA20,0.62488526
4034,PLEKHG2,0.7371111
4035,ADM,0.5794194
4036,ASMT,0.8623152
4037,SCD,0.61199445
4038,RNF167,0.73787457
4039,CFAP74,0.84800506
4040,TBX15,0.86613363
4041,SSTR3,0.8458681
4042,MEGF8,0.66888624
4043,IGLV1-51,0.83937484
4044,CD180,0.83463115
4045,SHKBP1,0.59768945
4046,SAMD15,0.8138316
4047,RDH5,0.8491642
4048,PPP1R37,0.66666865
4049,RNF180,0.85377026
4050,SLC25A41,0.84304374
4051,AC016949.1,0.8596103
4052,SKAP1,0.7704926
4053,RAB34,0.62813026
4054,FAT3,0.8262263
4055,ERVE-1,0.82869405
4056,HIST1H2AL,0.808562
4057,NELFB,0.646805
4058,TNFRSF13C,0.79467016
4059,DPEP1,0.7881958
4060,SAMD9,0.7989823
4061,ST3GAL2,0.78543943
4062,NLRP13,0.8258198
4063,CTSH,0.60699034
4064,KIAA1210,0.84678745
4065,ATP5H,0.78562826
4066,RNF170,0.7864964
4067,EMILIN3,0.7696708
4068,VGLL4,0.7089653
4069,BLOC1S1,0.7011204
4070,FITM1,0.84228754
4071,OR14A2,0.8436672
4072,SKI,0.6844737
4073,FAM101A,0.84122175
4074,EFHC1,0.7897439
4075,CTSL,0.6618495
4076,AL049838.1,0.863442
4077,PBX2,0.68550867
4078,N4BP2L1,0.7613484
4079,RNF113B,0.84023476
4080,PARM1,0.68557614
4081,FAM57B,0.8492153
4082,LRPAP1,0.6814279
4083,C21ORF2,0.7991267
4084,NLRC3,0.8981035
4085,LINC00989,0.82839394
4086,LYZL2,0.82272196
4087,ZNF668,0.64917606
4088,C6ORF48,0.7747553
4089,COL21A1,0.75383186
4090,EFCAB10,0.77957064
4091,IFNA6,0.8533762
4092,C22ORF46,0.8052747
4093,ZFYVE1,0.722352
4094,CCN2,0.63721955
4095,COLQ,0.80524874
4096,LINC01252,0.8304462
4097,DNMBP,0.75846034
4098,LRP10,0.5904342
4099,SDCCAG8,0.7034828
4100,LPCAT4,0.7500941
4101,CYP4F12,0.81557965
4102,OSBPL5,0.6593609
4103,CAMSAP3,0.77168417
4104,GUCY2C,0.8349841
4105,RAB26,0.7006822
4106,ABI3,0.8673628
4107,UPK1B,0.79005337
4108,AP000550.1,0.81509465
4109,KIAA1033,0.77338785
4110,SYNGAP1,0.819222
4111,AC093702.1,0.85217315
4112,TMEM86B,0.8139631
4113,SOX3,0.8484885
4114,BAAT,0.8543215
4115,GIGYF1,0.5947874
4116,IL20RA,0.6393688
4117,ZNF358,0.6606512
4118,GRIPAP1,0.7006066
4119,CCDC142,0.86324567
4120,YLPM1,0.70723027
4121,KRT4,0.75798434
4122,AL139317.5,0.81720805
4123,AC109809.1,0.8381183
4124,CLIC2,0.8032122
4125,GPR139,0.870632
4126,AL109659.2,0.8299163
4127,MPG,0.6888874
4128,THAP3,0.6345491
4129,AKR1A1,0.66699195
4130,PMEL,0.7943695
4131,IL12RB1,0.88635486
4132,IFI27L2,0.6509333
4133,PRDM8,0.8606658
4134,DCAF5,0.7444505
4135,TMEM240,0.8252147
4136,N4BP2,0.81252235
4137,AC010809.3,0.8076803
4138,DYNAP,0.8061521
4139,SPRED3,0.7844197
4140,CLNK,0.85992986
4141,NUDT22,0.6303277
4142,VWA3A,0.8157976
4143,SCNN1B,0.61913604
4144,MTRNR2L1,0.5571953
4145,PSPN,0.8302539
4146,MYSM1,0.8191574
4147,CFHR3,0.86774325
4148,KCTD2,0.68275374
4149,C1ORF106,0.83936644
4150,GPR108,0.68327326
4151,GSG1,0.83535916
4152,SSPN,0.74026775
4153,SLC38A2,0.53059816
4154,SCNN1A,0.64418846
4155,PTDSS2,0.6909606
4156,WNT9A,0.7261583
4157,PRCP,0.52895826
4158,SPHK2,0.7135008
4159,MB21D1,0.84067124
4160,AHSA2,0.7853451
4161,TNK2,0.6161482
4162,KERA,0.8198183
4163,AC020656.2,0.8434012
4164,ALLC,0.8416793
4165,WDR93,0.8173205
4166,DPYSL5,0.7288721
4167,ZNF397,0.78175765
4168,SLC22A14,0.856829
4169,KIAA0391,0.8076865
4170,LINC00963,0.513287
4171,FKBP15,0.7348802
4172,GRK6,0.7031467
4173,KIAA1524,0.8215373
4174,PHGR1,0.6391558
4175,GMPPA,0.6600105
4176,CYHR1,0.78506565
4177,UNC45A,0.73174876
4178,DLGAP4,0.58820695
4179,PIGU,0.64115524
4180,VPS11,0.70946854
4181,DRC7,0.83529806
4182,C9ORF142,0.72057176
4183,EFCAB13,0.8385059
4184,ACSBG1,0.7587289
4185,C16ORF96,0.8806827
4186,CCDC154,0.7604225
4187,COG2,0.75332624
4188,ALDH1A2,0.82825917
4189,LRFN2,0.8325878
4190,OR4C3,0.8465479
4191,MMP21,0.8485022
4192,HDAC6,0.6331425
4193,SPDYE3,0.8102403
4194,RASSF1,0.6161976
4195,TH,0.8338558
4196,BCORL1,0.78040457
4197,AC093292.1,0.8053089
4198,CLCNKB,0.8194506
4199,OR13G1,0.83406395
4200,PRPF40B,0.7584633
4201,IL6ST,0.6629092
4202,CARD8,0.7919083
4203,AC006942.1,0.82381994
4204,MMS19,0.61925644
4205,NR2F2,0.6533348
4206,GJA1,0.65357137
4207,ABCC3,0.63274014
4208,PRR22,0.74753165
4209,FGL2,0.8058822
4210,HNRNPA1L2,0.7965725
4211,RFTN1,0.72021264
4212,CNR2,0.867431
4213,GIMAP5,0.88133574
4214,CD160,0.8276515
4215,CARM1,0.6460629
4216,OPN1SW,0.843133
4217,LINC02397,0.8659927
4218,TMEM173,0.7476832
4219,HTRA4,0.8643349
4220,TRAPPC12,0.6313184
4221,SPEF2,0.79280514
4222,POU6F1,0.8203893
4223,MAATS1,0.7799132
4224,SLC25A11,0.7578586
4225,PLGLB2,0.8025809
4226,ARHGEF16,0.72753423
4227,ZDHHC11B,0.7475281
4228,DDRGK1,0.67681354
4229,NAPSA,0.8209253
4230,ZNF280D,0.7489757
4231,PARVB,0.64755017
4232,HOOK3,0.75045913
4233,SPOP,0.6555746
4234,KRT74,0.79997903
4235,KLHL1,0.83254
4236,PKD1L1,0.85520726
4237,TPM2,0.57672197
4238,ZC3H12B,0.84409386
4239,SIK3,0.6885929
4240,TFAP2B,0.6430846
4241,ADGRG5,0.8741591
4242,AAAS,0.64201945
4243,DHX58,0.7252393
4244,ARRDC5,0.8599787
4245,DGKQ,0.7085681
4246,ECHDC2,0.76343226
4247,HGC6.3,0.8288129
4248,LRRC75A,0.50439996
4249,IL13,0.84738
4250,LINC01485,0.85697573
4251,LRRC52,0.8358195
4252,NFKBIA,0.5971685
4253,TP53I3,0.588625
4254,TM4SF20,0.8600812
4255,MAPKBP1,0.78489727
4256,ZNF414,0.7389555
4257,FBXW9,0.7157624
4258,AC027279.1,0.8174358
4259,STOML1,0.7350969
4260,AKT1S1,0.6950047
4261,TFIP11,0.59547716
4262,CACNA2D2,0.78508
4263,TEX37,0.8552875
4264,AC016907.2,0.8546417
4265,KIF1C,0.67096704
4266,TMEM25,0.7466438
4267,LRRN3,0.815847
4268,MIR663AHG,0.7904653
4269,SPOCK2,0.7721219
4270,PCSK7,0.5268329
4271,CTBP1,0.7304407
4272,KLRD1,0.8773518
4273,ENPEP,0.84395975
4274,FBXO47,0.84886646
4275,ADCK3,0.7686389
4276,GAB3,0.89190215
4277,NR4A2,0.6178867
4278,MMEL1,0.6441596
4279,PRPF19,0.8114248
4280,LTF,0.5478104
4281,AL136419.3,0.81432325
4282,SPRR2A,0.7950328
4283,DCAF8L2,0.82664305
4284,ELK3,0.82588243
4285,GTF2H2C,0.80831677
4286,FAM86B2,0.8301534
4287,RFX6,0.84962684
4288,SLC43A2,0.66754794
4289,ACOT6,0.81452227
4290,AL023881.1,0.8254287
4291,ENTPD6,0.7589483
4292,PLIN5,0.64314914
4293,GPR152,0.8305704
4294,CDK5RAP3,0.6501245
4295,PSG2,0.863935
4296,CLN8,0.79285663
4297,MON2,0.7703982
4298,PLXNB1,0.7957268
4299,ABCG4,0.8314372
4300,PAN2,0.7504465
4301,POTEM,0.847929
4302,FAM69B,0.7590213
4303,SCTR,0.8344364
4304,FLACC1,0.82404846
4305,KLC4,0.6815824
4306,URM1,0.6925251
4307,FAAP20,0.5881471
4308,PLCH2,0.6786398
4309,SCIN,0.83022565
4310,ANKRD10,0.64558595
4311,EPHA10,0.73724324
4312,NSD1,0.664911
4313,GSTZ1,0.5907747
4314,AC079298.3,0.861317
4315,ICOS,0.87793726
4316,NCBP3,0.7722049
4317,C10ORF35,0.79187375
4318,LINC01420,0.80053097
4319,MED25,0.724466
4320,SEPT10,0.86092824
4321,PCDH15,0.82642406
4322,SHC1,0.66093284
4323,CXXC1,0.599134
4324,KMT5C,0.6674866
4325,RECQL5,0.6999519
4326,RFX2,0.7959731
4327,UBASH3A,0.8755292
4328,KLC2,0.68370646
4329,PPP5C,0.7642412
4330,MTA1,0.82955605
4331,PIAS4,0.7384272
4332,ROCK2,0.73961014
4333,PPP6R2,0.75186723
4334,EDN1,0.6755877
4335,MMP13,0.78005886
4336,TNC,0.48526824
4337,CCDC97,0.69456273
4338,DMXL2,0.8075674
4339,CCL4,0.7867394
4340,TEPSIN,0.72844243
4341,SMAD9,0.8570931
4342,NXF1,0.70893
4343,EDA2R,0.82398176
4344,LINC00907,0.8498232
4345,GPNMB,0.6259162
4346,FES,0.7666393
4347,IFIT2,0.6304371
4348,CCDC107,0.5906048
4349,ZHX3,0.77981234
4350,LINC02247,0.83327836
4351,RSAD2,0.6663139
4352,CHST1,0.6438798
4353,MIIP,0.6701601
4354,PTPRE,0.81648976
4355,CDH23,0.7559933
4356,VPS4A,0.72696495
4357,SKIV2L2,0.81368095
4358,AC011298.1,0.81380534
4359,AC008268.1,0.8024225
4360,PPARG,0.77506924
4361,IQGAP1,0.72004205
4362,RFX8,0.8365821
4363,PHACTR2,0.7621761
4364,CXORF21,0.89680123
4365,PROZ,0.8127146
4366,NAT8,0.8591747
4367,CAPZA3,0.8485238
4368,HEPH,0.7227587
4369,CD53,0.8657753
4370,HIST2H2AC,0.77271795
4371,MOV10,0.58825564
4372,AC021752.1,0.865103
4373,NID2,0.85238
4374,AC006213.2,0.83840007
4375,TVP23A,0.78256184
4376,GPSM1,0.66404396
4377,FCRL2,0.8786516
4378,ZNF783,0.59520537
4379,DDHD1,0.81733185
4380,SHPRH,0.82663935
4381,EIF3D,0.69576174
4382,SLC29A4,0.71133107
4383,MAST4,0.7262754
4384,NDUFA10,0.801188
4385,GRM5,0.8108289
4386,SETX,0.7558202
4387,FAM96B,0.7252287
4388,FAM45A,0.7955175
4389,PMEPA1,0.5754188
4390,GRAP2,0.8677713
4391,KRTAP3-3,0.8603425
4392,TLE3,0.7278691
4393,AVPR1A,0.86241525
4394,GPR35,0.8056205
4395,NOC4L,0.6108361
4396,NUGGC,0.85337037
4397,CSPG4,0.6305627
4398,ASB6,0.718265
4399,CARMIL2,0.8090067
4400,CT62,0.8394068
4401,ISM1,0.7565257
4402,SLC38A6,0.77665234
4403,HP,0.7429723
4404,CD300A,0.8482452
4405,VWC2L,0.83681375
4406,PRPF39,0.77845955
4407,KLF16,0.65238094
4408,TCP11L2,0.80244523
4409,RHOXF1,0.83604985
4410,DIRC1,0.8572786
4411,TBC1D22A,0.62529445
4412,C6ORF47,0.6730949
4413,FCGR1A,0.7560888
4414,KLK15,0.84567326
4415,CABIN1,0.65587455
4416,FAM84A,0.8141845
4417,DCD,0.6924596
4418,ZNF808,0.79554623
4419,NRP1,0.73513633
4420,HDAC11,0.6679725
4421,KAT6A,0.73148495
4422,IGKV4-1,0.75483435
4423,COL4A3,0.8461283
4424,MSR1,0.75815564
4425,CARHSP1,0.6777653
4426,SBF1,0.64178115
4427,ARMC7,0.68898153
4428,GRK5,0.8300166
4429,TESPA1,0.8555439
4430,CSMD3,0.80681616
4431,ANO3,0.845836
4432,TSNAXIP1,0.81927794
4433,MAGEB10,0.8346321
4434,MYO15A,0.8531022
4435,SELK,0.7688606
4436,DENND1A,0.71339875
4437,C15ORF57,0.82411915
4438,TCEB3,0.73941064
4439,LINC02688,0.84880805
4440,DICER1,0.75190616
4441,SELENOO,0.64735407
4442,PLA2G15,0.6513414
4443,RFNG,0.6308902
4444,BTBD17,0.85766107
4445,AF230666.2,0.8227946
4446,ADGRG3,0.8209489
4447,LRRTM1,0.8349459
4448,PPP1R32,0.7500784
4449,AL590302.1,0.84594226
4450,JSRP1,0.70407224
4451,TCIRG1,0.656372
4452,ISG20,0.6431482
4453,ATP2C2,0.6390657
4454,AC008063.1,0.8387661
4455,DAB1,0.84053284
4456,AC005632.3,0.83795923
4457,AC020663.3,0.86358523
4458,KIAA0232,0.7524684
4459,SARM1,0.6691231
4460,GTPBP1,0.6216935
4461,NEK10,0.79264563
4462,CCDC102B,0.89022064
4463,MYCBPAP,0.7857192
4464,TLDC1,0.79343367
4465,ASB18,0.8095556
4466,WNT4,0.6731047
4467,LRRC25,0.8280676
4468,TMEM219,0.74550486
4469,IFT122,0.7069995
4470,AC009120.5,0.83700013
4471,PI4K2A,0.62412906
4472,MMP28,0.8410387
4473,SELENOP,0.41985297
4474,CHAD,0.7568119
4475,CCL11,0.83217996
4476,FGF1,0.7513043
4477,CCDC191,0.7570558
4478,MON1A,0.7342243
4479,IRF8,0.8719178
4480,TMC6,0.62036675
4481,EEFSEC,0.66258436
4482,GPRC5A,0.64901793
4483,NXPE4,0.8566346
4484,EXOC3,0.662348
4485,RBBP8NL,0.7939019
4486,SPATC1,0.856504
4487,CASC1,0.79932946
4488,CEP295NL,0.8409311
4489,PCM1,0.7260592
4490,PRPF6,0.7058485
4491,ZNF154,0.8622864
4492,AL118505.1,0.84307146
4493,WDR46,0.74809694
4494,TMEM150A,0.71333164
4495,AC011450.1,0.8207166
4496,FOXP1-IT1,0.85134524
4497,PRRX1,0.87650514
4498,C12ORF43,0.7705829
4499,ASIP,0.86963564
4500,CFAP46,0.82959557
4501,HOGA1,0.8412283
4502,AC096921.2,0.84585744
4503,FKBP8,0.6464165
4504,ADGRB2,0.6462047
4505,FOXD4L1,0.80404663
4506,SH3D21,0.71130294
4507,POSTN,0.67491
4508,TSSC4,0.656213
4509,ATXN2L,0.6406551
4510,AC093151.3,0.81391853
4511,CRISP1,0.7866345
4512,SMN2,0.7905411
4513,ZC3H3,0.7062755
4514,AC078880.3,0.86767
4515,IQCN,0.74890393
4516,CYP4A22,0.83289266
4517,MRPL55,0.7809107
4518,NRG4,0.80997604
4519,TMEM233,0.8192385
4520,KLHDC1,0.82217073
4521,CCDC27,0.8302811
4522,TNRC18,0.7466193
4523,SPECC1,0.78258425
4524,NMRK1,0.63370496
4525,KRT35,0.82680196
4526,AC017048.3,0.8556564
4527,GPR132,0.89337826
4528,TXLNA,0.6237879
4529,FAM198A,0.8166167
4530,VPS13D,0.7631249
4531,LINC00861,0.880011
4532,ZSWIM6,0.78039986
4533,AC125807.2,0.87499404
4534,PORCN,0.7076683
4535,LGALS2,0.82924646
4536,GATA1,0.84256077
4537,FAAH,0.732241
4538,AL591848.3,0.8154331
4539,PMFBP1,0.80511993
4540,MS4A4E,0.84549356
4541,ZNF106,0.7674721
4542,TRMT1,0.6009373
4543,MAL,0.83864444
4544,ATXN3,0.76039535
4545,HIST1H3J,0.848073
4546,CAMK2N1,0.576309
4547,ADD3-AS1,0.8238309
4548,APOL4,0.7358226
4549,SLC25A27,0.7284696
4550,ABHD17A,0.6072222
4551,MAGEB17,0.86339515
4552,NUDT16L1,0.7939441
4553,SPTBN4,0.79695743
4554,CCL3L1,0.7904797
4555,SLIT2,0.84544736
4556,NHLH2,0.7991902
4557,CACNA1A,0.78873855
4558,POPDC2,0.8447473
4559,AP003419.3,0.8013987
4560,ABCC12,0.8224468
4561,SPRR2E,0.82928604
4562,WHSC1,0.7981921
4563,DTX3,0.68349266
4564,SETDB2,0.82930565
4565,PDZD7,0.7768188
4566,ZAN,0.8496221
4567,ZNF821,0.79517394
4568,EPM2AIP1,0.7124303
4569,C21ORF62,0.8488814
4570,MUM1L1,0.8339637
4571,MPDZ,0.72628576
4572,OR2B2,0.8353079
4573,C1QTNF1,0.7348569
4574,SIK1,0.7101152
4575,METTL22,0.7570901
4576,ZNF324B,0.808999
4577,TSPAN11,0.8382912
4578,RIPOR1,0.6587735
4579,RRAD,0.65701634
4580,YIPF7,0.84904003
4581,TGFBI,0.68594486
4582,ABCD2,0.8654235
4583,SPINK7,0.8485077
4584,ZNF212,0.7588601
4585,ATXN2,0.7846313
4586,C2CD4B,0.7676317
4587,ADCK2,0.6555576
4588,B3GALT4,0.6725266
4589,SAMD9L,0.7622471
4590,CLDN2,0.83641845
4591,EAF1-AS1,0.8400826
4592,ZNF660,0.8442483
4593,TAOK3,0.67635417
4594,DCTN1,0.7275548
4595,PCDH17,0.88104075
4596,EVI2B,0.8652072
4597,AC007336.1,0.8392129
4598,GRXCR1,0.8454058
4599,ZNF408,0.6548388
4600,CCDC106,0.69557637
4601,MIR3945HG,0.8220122
4602,WISP3,0.8179743
4603,SHROOM4,0.8689676
4604,AGTR1,0.76066047
4605,SECISBP2,0.75641733
4606,AC100826.1,0.8395743
4607,TAF10,0.64757675
4608,ARRDC2,0.5731321
4609,NPHS2,0.84754926
4610,CNR1,0.855081
4611,ANKDD1B,0.8300659
4612,RRS1-AS1,0.8503836
4613,PVRIG,0.856633
4614,XPNPEP2,0.84996796
4615,MTMR9,0.7821176
4616,ARHGEF11,0.77967614
4617,MESDC2,0.79487395
4618,MSMP,0.8250912
4619,SNTB2,0.71344256
4620,AL022328.3,0.8523698
4621,AGR3,0.713149
4622,AC008883.3,0.8337473
4623,GUCY1B3,0.8257742
4624,RABGAP1L-IT1,0.8459151
4625,AL031663.3,0.81871843
4626,AC044802.1,0.8200242
4627,KLHL22,0.6779832
4628,SNHG14,0.7190094
4629,CXXC5,0.58493006
4630,UPP1,0.66609293
4631,AC011407.1,0.8525532
4632,ZNF540,0.8590398
4633,GBF1,0.62113243
4634,GPATCH2L,0.76648617
4635,CLEC1A,0.8775933
4636,TNFAIP8L2,0.868407
4637,PRKAB1,0.63687706
4638,TTC38,0.53024447
4639,GHSR,0.8077989
4640,PLCD1,0.7171004
4641,MIXL1,0.8076895
4642,CLEC10A,0.827339
4643,FXR2,0.74127835
4644,MYF6,0.8300031
4645,PRTG,0.7971069
4646,SEC31B,0.8337085
4647,PEMT,0.6528492
4648,MLXIP,0.62012064
4649,CDC14B,0.7049248
4650,SLC25A45,0.8256986
4651,CNBD1,0.81260824
4652,FAM9C,0.8513592
4653,TMEM120A,0.62204057
4654,DKK3,0.7612054
4655,SH2D1A,0.88826853
4656,KRT39,0.855251
4657,ZNF724,0.8567159
4658,LGI3,0.8368266
4659,KRT27,0.8152804
4660,CHD2,0.7658973
4661,CELA3A,0.8355023
4662,LYRM9,0.7551804
4663,DOCK4,0.7938369
4664,RAX2,0.8621914
4665,POMT2,0.74505407
4666,GADD45B,0.5478092
4667,PLXNC1,0.87285185
4668,TGM2,0.6513707
4669,BHLHE41,0.6636724
4670,HOXD10,0.83662724
4671,SYPL2,0.8579908
4672,AFF1,0.7047288
4673,BX005266.2,0.82001925
4674,C4ORF50,0.86149544
4675,BCL11B,0.79291725
4676,SULT1C2,0.8198096
4677,ANG,0.7263227
4678,DOT1L,0.58147204
4679,DAW1,0.8362264
4680,RNF157,0.810924
4681,FRMD1,0.84515214
4682,IL18R1,0.8548131
4683,RAB5C,0.7161843
4684,MICU3,0.8475113
4685,TMPRSS11B,0.83479977
4686,ABL2,0.7718615
4687,ICA1L,0.8535428
4688,FNIP2,0.8251644
4689,VPS26B,0.6011514
4690,HOXC9,0.6770432
4691,GYS1,0.61444086
4692,SP110,0.72116834
4693,ERGIC1,0.6731003
4694,SMARCA4,0.7918686
4695,TMEM214,0.5954321
4696,ASIC2,0.8373344
4697,CTHRC1,0.6500559
4698,LRRC70,0.87605816
4699,NATD1,0.7716641
4700,DNAI1,0.83865476
4701,KIF25-AS1,0.8330169
4702,CIAO3,0.7047567
4703,AL121821.2,0.82599646
4704,FGF20,0.7995307
4705,KTN1,0.7191696
4706,CPZ,0.85070306
4707,BRD9,0.67443186
4708,TRIM22,0.78461355
4709,RIMBP3C,0.8341163
4710,ILK,0.67722183
4711,VSX2,0.8435519
4712,FAM220A,0.7545355
4713,NPAS4,0.8495169
4714,PANK4,0.7420437
4715,SLC7A10,0.8230334
4716,RBM39,0.82004
4717,TFDP3,0.8171089
4718,TPD52L2,0.7382595
4719,KCNJ13,0.8111487
4720,SON,0.6747975
4721,GLTSCR1,0.84933805
4722,ARAF,0.6049065
4723,P4HTM,0.71451855
4724,KIAA1429,0.81974274
4725,FOXD4L6,0.8591471
4726,LOR,0.8643438
4727,DNASE1L2,0.76673216
4728,KRT84,0.8622295
4729,CDH18,0.8418874
4730,GPBAR1,0.8541457
4731,GLIS1,0.8534891
4732,HPS1,0.5867547
4733,SGK223,0.80340165
4734,NAV1,0.7079695
4735,TECTA,0.8257768
4736,THSD1,0.80967885
4737,AC021683.2,0.81567127
4738,NRXN3,0.8000974
4739,ZNF771,0.70218104
4740,RHOG,0.7468912
4741,KRT15,0.5287746
4742,RESF1,0.7644365
4743,C10ORF2,0.7918152
4744,TEX47,0.83153313
4745,TMEM134,0.75334597
4746,AC027808.2,0.85168904
4747,CEP120,0.77566266
4748,HIST1H2AI,0.7666927
4749,B3GNT4,0.7417194
4750,PERM1,0.7916252
4751,ANKZF1,0.68791634
4752,TAZ,0.6811486
4753,CNPY3,0.5983655
4754,AC079015.1,0.8453767
4755,SORCS1,0.8063362
4756,HARS,0.6523226
4757,FAM234A,0.6995967
4758,CD48,0.8546241
4759,LGALS4,0.8349362
4760,MYH10,0.7273808
4761,CDX1,0.8471469
4762,DPEP2,0.8881429
4763,CDC34,0.74517417
4764,PTPN23,0.66846514
4765,CCDC102A,0.6825104
4766,AC005906.2,0.83695275
4767,LRRC74A,0.8325836
4768,MAP3K10,0.7723724
4769,SPAG17,0.84920806
4770,SLC4A9,0.8851011
4771,PSMB8-AS1,0.60383433
4772,OR2C3,0.84880406
4773,LASP1,0.51532763
4774,ARVCF,0.74625224
4775,CAMKK1,0.78402346
4776,CYP1B1-AS1,0.82881457
4777,AC015819.2,0.8480366
4778,AC110285.2,0.78564006
4779,TUBA3C,0.8169567
4780,NEK3,0.81572574
4781,REM1,0.82918596
4782,UBXN6,0.59753317
4783,SESN1,0.7376661
4784,BBX,0.7584097
4785,MIGA2,0.66279256
4786,AL359397.2,0.8332479
4787,VPS13A,0.7681158
4788,IQCJ,0.873946
4789,SMCR2,0.819518
4790,TMEM247,0.8347861
4791,CCDC18-AS1,0.77243596
4792,KIAA1468,0.7684889
4793,SLC25A18,0.75254416
4794,DAGLB,0.6957664
4795,FAM90A26,0.8486827
4796,WIPF2,0.75342315
4797,AC010247.1,0.8255779
4798,FLG,0.8539655
4799,ASAP1-IT2,0.8589818
4800,ZNF787,0.679642
4801,DDX49,0.74308354
4802,IL17F,0.8537159
4803,LINC02600,0.808695
4804,MAS1L,0.8452447
4805,JUNB,0.4895412
4806,TMEM2,0.78249836
4807,FZR1,0.70373267
4808,ARHGDIB,0.5456675
4809,GOLGA6L10,0.80124384
4810,P2RY6,0.6982028
4811,STMN3,0.6057294
4812,DSCAML1,0.8439873
4813,ANKRD42,0.77981204
4814,ZNF224,0.7779692
4815,CA12,0.62158513
4816,CUX2,0.8305672
4817,SATL1,0.80399066
4818,CLIC6,0.6783164
4819,SCYL1,0.75222397
4820,C19ORF71,0.82739824
4821,ZNF324,0.7994408
4822,GLB1,0.69073004
4823,TMED6,0.8430595
4824,AC025423.4,0.83642083
4825,GSTA3,0.8488918
4826,TMPRSS9,0.8314748
4827,WISP1,0.8124311
4828,CRACR2B,0.7634003
4829,APOLD1,0.7583639
4830,LINC01684,0.8493437
4831,CAPN13,0.73456955
4832,PCDH1,0.6282508
4833,SCAF11,0.7040286
4834,PCDHA4,0.8306866
4835,SESN2,0.78229517
4836,PGLS,0.6889183
4837,AC139099.1,0.79704374
4838,RAB3B,0.7196277
4839,DMBX1,0.8411887
4840,CCL4L2,0.7745242
4841,FP565260.3,0.76542807
4842,MYO5A,0.7494719
4843,AFP,0.8006157
4844,AC010247.2,0.85234004
4845,NECAB3,0.7059972
4846,AP002957.1,0.8263548
4847,ZNF580,0.6362887
4848,LINC02169,0.79950327
4849,CEACAM4,0.8584973
4850,LENG8,0.6974463
4851,OR6Q1,0.8421893
4852,KLHL4,0.8588891
4853,TRAK2,0.5954254
4854,SLAMF8,0.85827523
4855,RAB30,0.7305286
4856,MLPH,0.6801495
4857,RBM26,0.63405997
4858,NMT1,0.6635962
4859,MAP1LC3A,0.5967349
4860,OGDH,0.5902374
4861,PRKG1,0.868891
4862,C11ORF31,0.74340266
4863,DLL4,0.8615292
4864,KAZALD1,0.59759396
4865,CHRNA2,0.8355265
4866,ARHGEF10,0.7713005
4867,HMG20B,0.68429655
4868,SNAPC2,0.6147086
4869,NKX2-4,0.8550827
4870,SYT16,0.81798846
4871,PDZK1,0.72871274
4872,AC233266.2,0.81053406
4873,BTG1,0.6028955
4874,GNB1L,0.7639907
4875,CYP4Z1,0.5108222
4876,TEX36,0.8183469
4877,CHCHD6,0.6531728
4878,C20ORF24,0.7823352
4879,AC107223.1,0.8462749
4880,KCNIP1,0.8403365
4881,ST3GAL3,0.661794
4882,SEMA3F,0.6637054
4883,FAH,0.69766706
4884,AC110597.1,0.833968
4885,SP100,0.69374967
4886,HSD3B7,0.6206816
4887,MFAP5,0.7925065
4888,DENND6A-DT,0.8582623
4889,DLGAP3,0.7790516
4890,ZNF837,0.7545998
4891,C10ORF105,0.8212319
4892,NUCB1,0.6874654
4893,FBRSL1,0.79755884
4894,CRTC2,0.6300597
4895,MMP2-AS1,0.81821007
4896,TMEM205,0.5170679
4897,LGI1,0.8227399
4898,RGS22,0.82762915
4899,IL21R,0.8353257
4900,AC092354.2,0.8344725
4901,C7ORF55,0.8122904
4902,CLCN6,0.795763
4903,ADRA1A,0.8454885
4904,CASC5,0.82543415
4905,FAM180B,0.84227735
4906,ACCS,0.7411604
4907,DPYSL2,0.69795567
4908,ARRDC1,0.7868767
4909,SPTB,0.84209794
4910,GLYCTK,0.78919744
4911,GNS,0.61996466
4912,HMHB1,0.8596497
4913,AC136475.9,0.85747766
4914,NPFFR2,0.8295264
4915,ZNF479,0.8699148
4916,RNF40,0.7236447
4917,GPD1L,0.7338991
4918,FSD2,0.7976606
4919,CPLANE1,0.76531726
4920,IL1R1,0.68602234
4921,RARA,0.64912975
4922,RABEP1,0.71407366
4923,LIMK1,0.63080657
4924,ATP1A3,0.83478767
4925,TPH1,0.8448692
4926,AC092903.2,0.8648059
4927,NOX4,0.85816747
4928,ACMSD,0.8341108
4929,PTAFR,0.8634953
4930,AGTRAP,0.6608772
4931,AFF2,0.79887766
4932,GSC,0.8297193
4933,KCNAB2,0.83616614
4934,IGHV1-24,0.83444524
4935,LINC02280,0.8255194
4936,TRAF3IP3,0.8163132
4937,TTBK2,0.8474067
4938,NSRP1,0.722442
4939,KCNK16,0.84686774
4940,DYNC1H1,0.7221684
4941,AC005523.1,0.8388162
4942,CCDC146,0.80918854
4943,WBSCR22,0.71720105
4944,PLEKHD1,0.8181588
4945,SLC26A1,0.8181736
4946,THAP4,0.6686972
4947,AC005740.4,0.8388017
4948,PRICKLE4,0.77748203
4949,TCTEX1D1,0.84115124
4950,G6PC3,0.61986
4951,ZNF835,0.80467707
4952,C3ORF84,0.8513971
4953,AC004775.1,0.82235426
4954,OR8A1,0.84796077
4955,GIPC2,0.853296
4956,MMP17,0.773295
4957,AL158211.4,0.8268304
4958,SPRR2D,0.8388862
4959,RIN1,0.6619672
4960,CNTRL,0.7837622
4961,OR4D11,0.83200675
4962,FAM208B,0.75430983
4963,FN3K,0.80208904
4964,NAT1,0.7370541
4965,PLD2,0.7074578
4966,PNOC,0.8548811
4967,HIST1H2BO,0.8235479
4968,PADI1,0.8113382
4969,POLR3A,0.7032435
4970,KRIT1,0.7577066
4971,ZNF676,0.76257294
4972,ADAMTS18,0.82472444
4973,AGPAT4,0.72677684
4974,THRA,0.55708027
4975,IGKV1-6,0.8333698
4976,LINC00844,0.8100535
4977,AC120036.4,0.8385618
4978,GDF5OS,0.8340245
4979,MRTFA,0.6659707
4980,TAP1,0.61231583
4981,BCL7C,0.6448444
4982,RNASE9,0.82297564
4983,DCP1A,0.795891
4984,ID1,0.70339966
4985,TNFAIP2,0.6191965
4986,METRNL,0.5007989
4987,IGLC2,0.65449125
4988,IFIT3,0.6712003
4989,CEP350,0.7432799
4990,ENPP1,0.61549467
4991,LINC01142,0.8387205
4992,HERC3,0.7195267
4993,WDR90,0.76563835
4994,KIF13B,0.64908844
4995,PTGES2,0.7830629
4996,HOXC6,0.8166446
4997,WBP1L,0.61994845
4998,PFKFB1,0.83786607
4999,PILRA,0.77237755
5000,CYP4V2,0.6310097
5001,SLC12A9,0.6947847
5002,PKD2,0.7847772
5003,GSTK1,0.6312559
5004,AC015726.1,0.8491923
5005,AANAT,0.8568201
5006,GUCY1A2,0.81791186
5007,CYP3A4,0.83404636
5008,TRHDE-AS1,0.8381019
5009,PTRF,0.74826306
5010,PLK5,0.8466654
5011,LOXL1,0.7520887
5012,PDZD4,0.733363
5013,RPS6KA4,0.65101033
5014,PRR36,0.5992953
5015,KRT32,0.8369635
5016,POLD2,0.81034976
5017,KRTAP5-2,0.8585561
5018,ZNF732,0.8233238
5019,GPR137,0.59982616
5020,MSRB1,0.6101142
5021,NRIP1,0.6645858
5022,FAM208A,0.78611875
5023,SPDYE4,0.82391745
5024,PABPC5,0.8507278
5025,OR1I1,0.8041272
5026,DOC2B,0.79266596
5027,PDCD4,0.66603917
5028,ATP5EP2,0.71595186
5029,CYP2E1,0.8184874
5030,SLC25A1,0.8154924
5031,CASKIN2,0.578206
5032,SEMA7A,0.81459147
5033,STPG3,0.8057001
5034,TDRD10,0.82684046
5035,HIGD1B,0.84662515
5036,LUZP1,0.84282446
5037,ZNF219,0.6923945
5038,TREML4,0.8218832
5039,OCEL1,0.6234383
5040,CCIN,0.83620685
5041,VWA5B2,0.7525661
5042,SPATA31A1,0.82941216
5043,ADGRL1,0.5847474
5044,TDRD6,0.82168823
5045,PLA2G4C,0.7418444
5046,NPLOC4,0.7951847
5047,AL158163.2,0.80842614
5048,SEMA6D,0.77681595
5049,SOCS3,0.72485894
5050,FAM69A,0.84410876
5051,BPIFB1,0.5952135
5052,GPS1,0.7811392
5053,RAD54L2,0.77975565
5054,ODF2L,0.75238377
5055,OR10H5,0.8330314
5056,GGN,0.83599114
5057,LINC00954,0.8398712
5058,LZTR1,0.62789786
5059,CDON,0.74066526
5060,ARRDC3,0.6317516
5061,AC104806.2,0.80481106
5062,TMEM86A,0.7497588
5063,MLH3,0.79378754
5064,CNRIP1,0.8752296
5065,HIST1H3F,0.86447483
5066,TAFA1,0.85783434
5067,DUSP3,0.68843275
5068,IGHMBP2,0.77470344
5069,FAM209A,0.84365135
5070,DHRS13,0.65502626
5071,PRMT8,0.84979516
5072,RFWD2,0.7706402
5073,AC025171.2,0.85472375
5074,IL18,0.7553466
5075,AC025031.4,0.8429942
5076,CXORF66,0.8247466
5077,F2,0.8498847
5078,FAM127A,0.76768607
5079,AC023794.3,0.82676667
5080,MPRIP,0.6903936
5081,IL13RA1,0.72740316
5082,FAM151A,0.83635837
5083,CCDC181,0.8404946
5084,ATP5F1,0.8224372
5085,AC055764.2,0.84659266
5086,XKR4,0.8236985
5087,TMEM236,0.8424112
5088,ESPNL,0.8420928
5089,P3H4,0.6174
5090,IGHEP1,0.84128356
5091,KLHL17,0.7362856
5092,HPX,0.61256593
5093,C1ORF122,0.73712784
5094,OR6M1,0.8145562
5095,TARS2,0.63839275
5096,C2ORF83,0.83157015
5097,HDAC7,0.6697071
5098,CCDC42,0.870961
5099,CES1,0.62928325
5100,SLC39A5,0.8327196
5101,ORAI3,0.5618054
5102,FAM64A,0.835213
5103,LINC01962,0.8404305
5104,KLRF1,0.8288831
5105,AC105345.1,0.8528121
5106,PHF8,0.76408523
5107,PCDHAC1,0.8585822
5108,HIST1H2AH,0.78290826
5109,CCNO,0.7343522
5110,PIFO,0.74775285
5111,CDK5R2,0.845943
5112,ZDHHC14,0.770663
5113,NHLRC3,0.7223676
5114,IGIP,0.769908
5115,USP8,0.7420702
5116,TMEM221,0.8150864
5117,HOXD12,0.80085295
5118,PWWP3A,0.67069167
5119,IGKV1-5,0.8193512
5120,NOTO,0.84193164
5121,GM2A,0.6231646
5122,FSTL4,0.7891266
5123,ZBTB37,0.774913
5124,PPP1R9B,0.65710104
5125,CHGB,0.84978557
5126,CENPB,0.6899309
5127,FCRL3,0.8602216
5128,ELFN1,0.8647687
5129,ROCK1,0.6778133
5130,AC099568.1,0.8308988
5131,AL136295.2,0.8311367
5132,TNFRSF18,0.5266231
5133,SCIMP,0.84178394
5134,EPX,0.8335416
5135,DLST,0.740886
5136,REXO4,0.6945626
5137,MS4A14,0.8467136
5138,UBALD2,0.671366
5139,GNGT1,0.85844666
5140,SPINT3,0.81419426
5141,PNMA8C,0.8321774
5142,FAHD2B,0.6738954
5143,FAM107A,0.76382893
5144,TYR,0.8167481
5145,TJP3,0.6888747
5146,APPL2,0.70570636
5147,AC245060.6,0.8635411
5148,UGCG,0.6156952
5149,NEDD4,0.78506035
5150,TEKT4,0.8159141
5151,AC124016.2,0.8506539
5152,SPEG,0.7027931
5153,CEBPD,0.5355928
5154,ARHGAP24,0.88107103
5155,OR52D1,0.8482221
5156,LINC02273,0.85397243
5157,DDX51,0.7196345
5158,METTL10,0.8053381
5159,H2BFWT,0.8236266
5160,IRF3,0.60629994
5161,PAPD4,0.78373075
5162,C4ORF51,0.8555181
5163,FOXN1,0.830381
5164,AC012065.4,0.846596
5165,CX3CR1,0.69618326
5166,LDLRAD1,0.8157243
5167,AC003101.2,0.82662123
5168,MN1,0.7760555
5169,CDRT15L2,0.80585164
5170,INSL3,0.86666936
5171,AL033519.4,0.85116464
5172,WRAP53,0.8080711
5173,TYRP1,0.79518414
5174,MYO1C,0.6854338
5175,TEX41,0.8689945
5176,CYSLTR2,0.86152893
5177,AP001453.2,0.83857816
5178,CYLC1,0.8413579
5179,ODF4,0.8317
5180,CCNG2,0.7402277
5181,MTSS1L,0.76227254
5182,ARL6IP5,0.58606166
5183,OTOGL,0.83223563
5184,TMEM132B,0.8133133
5185,MEPE,0.8129037
5186,ASAH1,0.68499327
5187,RIMBP2,0.85247165
5188,AL445423.1,0.84657675
5189,AC016252.1,0.8193815
5190,ATP2A1,0.75393134
5191,KIAA1324L,0.7968588
5192,CMTR1,0.67637306
5193,PIN1,0.65802544
5194,C19ORF81,0.65393096
5195,KRT14,0.5730034
5196,STXBP5,0.8011188
5197,TDRD3,0.7817964
5198,MACF1,0.6789673
5199,ACSS1,0.5427441
5200,RNF151,0.8298512
5201,C16ORF54,0.8732018
5202,WWC1,0.75041574
5203,LINC00304,0.8591283
5204,SLC18A2,0.8204978
5205,ASB8,0.76967597
5206,DUSP8,0.7175105
5207,NAA60,0.76533896
5208,LINC01220,0.85871744
5209,PRR14,0.6899688
5210,FMR1NB,0.8468893
5211,TNFRSF17,0.86744004
5212,SLC24A4,0.85344344
5213,IFI44L,0.61228704
5214,PHOX2A,0.81449103
5215,UNC5B,0.71291214
5216,LRRC16A,0.7984414
5217,KCNH3,0.8256547
5218,C16ORF71,0.79376477
5219,INSRR,0.8768429
5220,MAP7D3,0.7719117
5221,NDST1,0.6662902
5222,TMEM89,0.83808213
5223,TOMM20L,0.80912834
5224,CSRNP3,0.8556624
5225,EGFLAM,0.7733855
5226,LINC02139,0.82366675
5227,VAT1,0.5375986
5228,RPGR,0.8434685
5229,OTOF,0.81827
5230,USP6,0.8064881
5231,PSKH1,0.68482065
5232,HECTD4,0.7510964
5233,DYNLRB2,0.7887934
5234,SMN1,0.82129335
5235,DCAF15,0.6969781
5236,NACC1,0.75035316
5237,C11ORF84,0.7718868
5238,DSCAM,0.7832398
5239,CADM4,0.6870739
5240,KIAA2026,0.7186568
5241,DACT3,0.8165805
5242,DND1,0.79123193
5243,HPGD,0.7591409
5244,IKZF1,0.82473403
5245,NR1H4,0.85358256
5246,ZNF83,0.7560201
5247,CDK5RAP2,0.64899
5248,GFOD2,0.74485135
5249,ANXA13,0.82879907
5250,CEL,0.7588735
5251,RALGPS2,0.69205433
5252,PHIP,0.7158406
5253,CCPG1,0.5832014
5254,SIVA1,0.7490055
5255,FAM177B,0.8018253
5256,LINC01666,0.80733055
5257,TMEM131,0.7152736
5258,TRIM7,0.78243285
5259,STAT4,0.8854577
5260,FBXW10,0.81443787
5261,SLC7A6,0.7191697
5262,LINC01013,0.82922846
5263,ALDH3B2,0.65588766
5264,WARS,0.5412452
5265,ZNF671,0.8528719
5266,TXK,0.85181665
5267,PLXNA2,0.758797
5268,IGSF21,0.76548815
5269,TUBB8P12,0.81990176
5270,ENDOG,0.65600324
5271,PPP5D1,0.8370488
5272,MAP9,0.69830036
5273,PTPN13,0.70350724
5274,LRRC14,0.7278051
5275,TCF21,0.8571162
5276,LRTOMT,0.70923847
5277,TMEM215,0.8623152
5278,MAGEL2,0.8509643
5279,FAM58A,0.7967599
5280,TEF,0.7412672
5281,LINC00940,0.84996444
5282,SLC16A2,0.68354625
5283,XPC,0.6968329
5284,MTMR14,0.6808302
5285,OPA3,0.7672093
5286,MXD3,0.63017035
5287,FER,0.8264432
5288,OR10Q1,0.8445983
5289,PPP2R3B,0.71668845
5290,STK32B,0.83950806
5291,DNAJB1,0.7144995
5292,AL365361.1,0.8120904
5293,RAB17,0.7374603
5294,IGLV4-69,0.8368662
5295,SYT11,0.86394763
5296,TAL2,0.8199373
5297,AC137630.4,0.8144421
5298,PDCD6IP,0.79880446
5299,NAALADL2,0.6971229
5300,ACTN1,0.62368494
5301,BCAS3,0.7389385
5302,SLC2A10,0.668042
5303,DMRT2,0.78500605
5304,ALPK3,0.8193517
5305,GUCY1A3,0.80237794
5306,LINC02656,0.84299296
5307,GPC1,0.6832495
5308,GP9,0.83902335
5309,GLTSCR2,0.6851601
5310,LINC02201,0.8371606
5311,FNDC3A,0.60666376
5312,PPT2-EGFL8,0.812614
5313,CALCR,0.85162646
5314,PTK2B,0.7781686
5315,AC010240.3,0.8546591
5316,ARID5B,0.71554404
5317,AKT3,0.6749794
5318,MAOA,0.70871717
5319,CCL28,0.63041145
5320,INPP5B,0.78554994
5321,AC093904.4,0.84103394
5322,USP35,0.7676899
5323,MANF,0.6778224
5324,LINC02747,0.786521
5325,ANKS1B,0.76563734
5326,NAT14,0.6972502
5327,LCN12,0.8008759
5328,EWSR1,0.7792878
5329,AL356259.1,0.8583744
5330,FYN,0.82493025
5331,PER2,0.7325971
5332,PRR5-ARHGAP8,0.8488576
5333,MICAL2,0.7330263
5334,CHKB,0.66039485
5335,CXORF49B,0.78449106
5336,ZNF843,0.8570077
5337,HRH3,0.84388584
5338,ATG4B,0.72199124
5339,AC123768.4,0.83494943
5340,AC025031.3,0.8449545
5341,GLMP,0.5390092
5342,ERF,0.63618857
5343,CD163,0.8445504
5344,TMEM63C,0.69700795
5345,SUN2,0.6381549
5346,IL4I1,0.72688156
5347,TBX10,0.79167914
5348,GALM,0.7672327
5349,PARP12,0.5252938
5350,ETFDH,0.7395179
5351,ZNF875,0.6262082
5352,TOP3B,0.6889956
5353,VMO1,0.7468625
5354,TMEM161B,0.79109496
5355,LINC02246,0.8138666
5356,LINC01342,0.834538
5357,NPBWR1,0.87008363
5358,CLEC17A,0.8667249
5359,WNT10B,0.8401628
5360,ANKRD2,0.8437597
5361,IGLV9-49,0.8553737
5362,GALR3,0.8218904
5363,UGT1A9,0.84466714
5364,PTPRH,0.8587575
5365,TM6SF2,0.8495054
5366,NRN1,0.6882183
5367,SLC7A7,0.80764216
5368,EPB41L4A,0.73965025
5369,RNF217,0.7111594
5370,ARMH4,0.79248923
5371,NME8,0.84860915
5372,MRPL37,0.6997767
5373,IL17RA,0.61491966
5374,FAM213B,0.79408306
5375,ATP8A2,0.74697655
5376,TRABD2A,0.7324169
5377,TMPRSS6,0.759384
5378,C20ORF203,0.82261974
5379,NUDC,0.8199048
5380,SYT17,0.6987775
5381,REM2,0.69703203
5382,LINC01305,0.8277859
5383,MAS1,0.86062
5384,DVL2,0.680563
5385,AC000032.1,0.8155783
5386,PFKFB4,0.74333954
5387,LOX,0.7445805
5388,LRRIQ4,0.8336869
5389,CD3G,0.9078075
5390,UGT2B28,0.666508
5391,AFAP1L1,0.82840276
5392,AC009065.1,0.83826965
5393,RGL2,0.7997033
5394,HTR2B,0.8637719
5395,IGKV3-15,0.8387688
5396,BUD31,0.80700403
5397,SLC4A8,0.7672658
5398,CHMP7,0.6217988
5399,PTPA,0.745691
5400,MPI,0.69394183
5401,GATC,0.6539653
5402,BTLA,0.89137846
5403,APH1B,0.7310781
5404,SULT1C3,0.7969019
5405,LINC02130,0.8354845
5406,DYX1C1,0.83948547
5407,CHRNA6,0.8418662
5408,FKRP,0.74740005
5409,AKR1D1,0.8708249
5410,NRROS,0.85839015
5411,SHISA5,0.7026556
5412,AC100847.1,0.84382266
5413,WSCD1,0.8206017
5414,USP44,0.85395676
5415,FIBIN,0.80463725
5416,RAB5B,0.76601857
5417,QSOX1,0.6629268
5418,RDH16,0.7618801
5419,FAM173A,0.6912865
5420,CEP104,0.7463996
5421,PIGM,0.7690501
5422,C19ORF18,0.7693898
5423,AL009176.1,0.8543872
5424,ZMYND15,0.77003974
5425,LUC7L,0.68893456
5426,CEP162,0.8016043
5427,KCNJ5,0.86522794
5428,MAP2K5,0.73233795
5429,EPHA1-AS1,0.8357931
5430,AC090510.1,0.84885424
5431,SH2B1,0.71760654
5432,JADE1,0.7415516
5433,ARFGAP2,0.66735953
5434,AC096642.1,0.84222436
5435,LBHD1,0.7654268
5436,LINC02362,0.85729
5437,GJA5,0.84738415
5438,TXNDC15,0.5576523
5439,SLC18A3,0.8366105
5440,APOBEC3G,0.77837604
5441,AL357054.3,0.8370714
5442,CLEC12B,0.8262612
5443,AC245297.2,0.8530738
5444,SRR,0.78957486
5445,FGFR4,0.6913479
5446,DHRS9,0.81174165
5447,LHX5,0.8204589
5448,KRT1,0.7916174
5449,FGD2,0.8759591
5450,PCDHA3,0.84762126
5451,FKBP10,0.6678477
5452,SMIM22,0.6549098
5453,THRB,0.7253075
5454,BAZ2A,0.686138
5455,RNF208,0.7521832
5456,EVL,0.67683095
5457,NMUR1,0.8681925
5458,AL121790.1,0.80903834
5459,CUEDC1,0.6726146
5460,UBQLNL,0.8350313
5461,SPRN,0.83466417
5462,DLGAP2,0.8120372
5463,MAPK8IP1,0.7589852
5464,RELB,0.6228959
5465,AC007952.5,0.80898494
5466,CNOT2,0.7542124
5467,THNSL2,0.76223546
5468,AZIN2,0.79567003
5469,PLPP4,0.8353271
5470,GAA,0.6449384
5471,AC104836.1,0.814627
5472,CCNL2,0.67425555
5473,GPATCH8,0.7405646
5474,ZBTB40,0.7946777
5475,ADA,0.6614
5476,KMT2B,0.7609388
5477,IL31RA,0.8416783
5478,ABCA3,0.7065192
5479,SLC7A13,0.81377894
5480,PKDCC,0.7386561
5481,PXT1,0.8372798
5482,WNT16,0.83079547
5483,LINC01772,0.8297611
5484,OR6N1,0.83759135
5485,RGS7,0.8495798
5486,OR10A3,0.8448852
5487,HPCAL4,0.857913
5488,SULT1C4,0.8725197
5489,PQLC1,0.7104915
5490,TRAPPC9,0.70354795
5491,UROS,0.63977957
5492,FNDC9,0.803997
5493,APOC3,0.8533557
5494,ZFAND2B,0.72332054
5495,ARGFX,0.86691767
5496,AL645634.2,0.8527077
5497,AL031008.1,0.84245116
5498,TMPRSS11A,0.8290495
5499,DTWD1,0.7635831
5500,SLC5A7,0.8318936
5501,HEATR4,0.8082059
5502,ACRBP,0.8220911
5503,TTC37,0.7416064
5504,PARD6A,0.7609883
5505,UBTF,0.7547607
5506,IFITM5,0.82239693
5507,PACS1,0.5689079
5508,PTPRN2,0.7861715
5509,TMEM266,0.8601406
5510,FAM186B,0.8208558
5511,TMEM246,0.8433161
5512,ITGA8,0.837087
5513,RASL10A,0.79245406
5514,AL021368.2,0.8152475
5515,OTOR,0.8692791
5516,DOCK11,0.8458404
5517,LINC01551,0.8423069
5518,CHST13,0.87077683
5519,LINC00160,0.83089185
5520,PDE11A,0.78221035
5521,AC005899.6,0.81755966
5522,OSCAR,0.80371374
5523,TNS4,0.5511008
5524,HERC1,0.72521144
5525,SAR1A,0.72483605
5526,SAA2,0.5213951
5527,MAGI1,0.7523983
5528,DNAJC11,0.7330487
5529,AC069234.4,0.8366681
5530,ZDHHC17,0.768378
5531,AL590822.1,0.80986625
5532,ACTA1,0.72565573
5533,CA11,0.64128447
5534,FSCN2,0.78913003
5535,LINC01909,0.8599532
5536,KIR3DL2,0.85559875
5537,UCP2,0.58657056
5538,SIRT3,0.6721769
5539,IZUMO1,0.8122718
5540,METTL7A,0.5794759
5541,PRKACA,0.5564734
5542,RGS7BP,0.8037798
5543,SLC45A2,0.86881447
5544,KHDRBS2,0.84228325
5545,DISP2,0.78096825
5546,CD244,0.88419956
5547,MAGEB18,0.82887787
5548,CXCL13,0.66936225
5549,INPP5A,0.65284294
5550,LINC00668,0.7842469
5551,GGA1,0.6621074
5552,IGHV3-33,0.8653152
5553,ADCK5,0.6821061
5554,KIFC3,0.67729616
5555,IGFBP7,0.69498014
5556,SUCLG2-AS1,0.8526916
5557,CAPRIN2,0.75251037
5558,AC022182.2,0.8667912
5559,LINC01781,0.86417526
5560,KRTAP10-7,0.8436455
5561,C9ORF114,0.7913525
5562,SBF2,0.7428364
5563,LRRC56,0.7211644
5564,DUSP2,0.6787283
5565,AP001462.1,0.82725626
5566,AC132938.1,0.84032613
5567,MT-ATP8,0.6572163
5568,H1FOO,0.8120992
5569,EDC3,0.6983888
5570,SP140L,0.7950538
5571,CD300LB,0.858228
5572,HIST1H2AD,0.7662132
5573,GRWD1,0.61431223
5574,TBX18,0.856517
5575,AC007325.2,0.759274
5576,IGSF22,0.75363517
5577,HS3ST6,0.8265427
5578,IGHV3-48,0.83021134
5579,NANOGP8,0.8363578
5580,IGF2BP1,0.79548407
5581,ZNF292,0.7604001
5582,ZNF556,0.81079894
5583,GORASP1,0.7377364
5584,BPIFA3,0.8294913
5585,AC016590.4,0.81227666
5586,PTPRN,0.83950645
5587,C2CD2,0.7042311
5588,ABCB9,0.75105923
5589,APOL2,0.7037197
5590,CLBA1,0.71384364
5591,MAN2B2,0.66825575
5592,PEBP4,0.81357193
5593,NTHL1,0.7140364
5594,NBPF19,0.71323156
5595,AC104825.1,0.7314543
5596,NEUROD1,0.80768317
5597,EPC1,0.7680178
5598,DGKD,0.75815016
5599,ERICH6B,0.8318386
5600,FYB2,0.8347165
5601,TENM4,0.85593605
5602,NSUN5,0.7330825
5603,IFI16,0.7361762
5604,C22ORF34,0.84804624
5605,RUFY2,0.7943509
5606,AL590235.1,0.83278865
5607,OS9,0.6986951
5608,C15ORF39,0.58827746
5609,SLC16A6,0.81868106
5610,RNF149,0.7622984
5611,CDO1,0.7985398
5612,MAFB,0.7234747
5613,ITGAD,0.86576
5614,MR1,0.6944022
5615,ZNF862,0.74970526
5616,TMC4,0.76181835
5617,LILRB4,0.8319265
5618,RSPH4A,0.8321435
5619,AC018648.1,0.80934334
5620,RBCK1,0.6706973
5621,LINC02084,0.8444095
5622,MLXIPL,0.783428
5623,DIXDC1,0.7170641
5624,FCHO1,0.75198215
5625,TANC2,0.6608794
5626,IGHV5-10-1,0.85832214
5627,DHRS12,0.7100382
5628,PCDHGB3,0.8231898
5629,FUT8,0.6637121
5630,RPS6KB2,0.7395516
5631,C6ORF203,0.75960207
5632,VN1R1,0.8417999
5633,CBWD5,0.75916225
5634,GDPD4,0.82215977
5635,AC092117.1,0.8335857
5636,EMC10,0.76137656
5637,EDNRB,0.71149826
5638,SLCO3A1,0.72311944
5639,AC120498.10,0.8609783
5640,PRKCG,0.8287921
5641,MARCH10,0.8558397
5642,ENO4,0.8389804
5643,SOCS2,0.6947549
5644,NCR3,0.87688476
5645,GFPT2,0.7166826
5646,MRPL41,0.691474
5647,BRD3,0.780513
5648,SIGLEC6,0.8452527
5649,CAMK2A,0.8307145
5650,ATG9A,0.7133167
5651,VPS25,0.77869135
5652,CCDC186,0.7485094
5653,GCC1,0.71438426
5654,FADS3,0.6856334
5655,MYO9B,0.68566185
5656,HLA-DQA1,0.69242
5657,OTUD7B,0.72660017
5658,CARD14,0.6421198
5659,HLA-DPA1,0.7073326
5660,TBX3,0.7269445
5661,ZHX1-C8ORF76,0.8349263
5662,NUDCD3,0.70722437
5663,SF3B2,0.7661312
5664,TKTL1,0.86892325
5665,AC093274.1,0.8114254
5666,ISM2,0.8644802
5667,EXTL3,0.702465
5668,C9ORF91,0.8038574
5669,C14ORF142,0.81131077
5670,LINC01644,0.85373634
5671,SH2D7,0.840053
5672,SLC9A9,0.8807721
5673,THOC2,0.77711487
5674,AL627171.1,0.864161
5675,VARS2,0.66533315
5676,SPERT,0.8394811
5677,SLITRK3,0.81641465
5678,ENTPD4,0.6694377
5679,AC104113.1,0.8576557
5680,HDAC5,0.6285148
5681,AC068888.2,0.84318995
5682,CHST8,0.6301552
5683,AL590708.1,0.85445434
5684,C11ORF21,0.8744075
5685,CDH11,0.8444953
5686,VNN2,0.83249515
5687,SLC12A7,0.6978547
5688,SEPTIN9-DT,0.8374565
5689,ACSM1,0.80545574
5690,RYR3,0.83074313
5691,ELMO3,0.7649207
5692,DIRC3-AS1,0.82471496
5693,IRGM,0.8061736
5694,CLEC16A,0.77154225
5695,ATP5MGL,0.79029864
5696,DGKE,0.7668646
5697,COTL1,0.6374008
5698,FMN2,0.83365375
5699,LINC02367,0.8445719
5700,TMUB1,0.64144176
5701,IGHV1-2,0.83219177
5702,FGF3,0.844188
5703,SFTPA2,0.8288776
5704,PAQR7,0.78216964
5705,ADAMTS13,0.7843232
5706,MAP3K1,0.7189739
5707,AL050343.2,0.8535463
5708,SIGLEC8,0.8430349
5709,URGCP,0.77116615
5710,NCKAP5L,0.80156344
5711,RICTOR,0.7713193
5712,NEIL2,0.68250996
5713,GRK3,0.74328333
5714,GPRC5D,0.8530507
5715,OSR1,0.6605168
5716,AGT,0.6069075
5717,AC016745.2,0.8557752
5718,CCDC125,0.7870262
5719,NBEA,0.7958177
5720,ATG4D,0.6574161
5721,AC012181.1,0.8400111
5722,PDE4C,0.8345397
5723,MAP3K12,0.58176523
5724,RORC,0.6806374
5725,LINC02340,0.8502035
5726,USP36,0.5925482
5727,LTA,0.8702543
5728,GNG8,0.8624175
5729,SNCAIP,0.78782946
5730,ANGPTL6,0.82962734
5731,STARD13,0.81635076
5732,CDK16,0.7527337
5733,IL1RN,0.6569076
5734,FAM221B,0.8254791
5735,DAP,0.7768531
5736,CSF1,0.7015508
5737,IFRD2,0.7738426
5738,FIS1,0.69873047
5739,CBWD2,0.6791987
5740,LRCH4,0.69246334
5741,UNC79,0.82024974
5742,IL32,0.6979168
5743,TPPP,0.7329988
5744,SYTL4,0.7494428
5745,PRRX2,0.61320204
5746,EML1,0.7896359
5747,AC011365.1,0.8376303
5748,AC092428.1,0.85045797
5749,SLC17A6,0.85298413
5750,ZNF333,0.7620483
5751,RASL11B,0.7426107
5752,C1RL-AS1,0.85148984
5753,CYS1,0.83180636
5754,ZNF430,0.81557894
5755,PNN,0.82982785
5756,BAD,0.7064543
5757,OAZ2,0.57979447
5758,DSCR3,0.8232034
5759,CRYGA,0.85143906
5760,YBEY,0.56449485
5761,AC007938.3,0.8379889
5762,AC073864.1,0.8637666
5763,EPS8L1,0.68188286
5764,HLA-F,0.6114475
5765,CROCC2,0.8192334
5766,FBXO6,0.6369052
5767,CYB5R1,0.7472002
5768,CNMD,0.83844537
5769,SHISAL2B,0.83683634
5770,ZNF526,0.7852331
5771,SCAMP2,0.6272586
5772,TRO,0.67440397
5773,DNAH11,0.7708144
5774,EXOC7,0.6549066
5775,DUSP21,0.85889083
5776,CCDC7,0.8108072
5777,DEFB119,0.8397359
5778,SALL1,0.8588927
5779,CEP250,0.73847
5780,FUCA1,0.6155636
5781,PGM5-AS1,0.8109006
5782,CTU2,0.76473767
5783,WDR45,0.66323346
5784,GPR85,0.8346674
5785,IKBKB,0.74186546
5786,HSD17B8,0.66718274
5787,ARHGAP36,0.8095806
5788,SYT10,0.85408145
5789,LINC02714,0.8411507
5790,TLL2,0.84701157
5791,UNC45B,0.8278959
5792,KIF3A,0.7832403
5793,MPST,0.6823108
5794,ARFIP2,0.7872736
5795,SLC9A4,0.8555152
5796,RERG,0.5949432
5797,YAE1D1,0.80564666
5798,TEX45,0.7988115
5799,TBX21,0.88643026
5800,FNBP1,0.7329133
5801,BTNL3,0.8392925
5802,FAM43B,0.82047695
5803,SLC26A3,0.8140142
5804,SLC24A2,0.82695943
5805,ZFYVE26,0.77252096
5806,SGK2,0.8235974
5807,PROC,0.8364823
5808,C1S,0.69110346
5809,ZNF431,0.8033438
5810,IFIT1B,0.8149503
5811,MS4A4A,0.84433985
5812,SLC10A1,0.87881213
5813,C5ORF63,0.7913382
5814,DPYS,0.8346551
5815,HIST1H2BL,0.8342394
5816,MAP3K6,0.6533141
5817,ATG2B,0.7639592
5818,DHRS4L2,0.5534033
5819,C14ORF1,0.74839
5820,PDE6G,0.84201807
5821,POLR2A,0.6955095
5822,TNNI3,0.71805763
5823,CTNNA2,0.80797654
5824,CCDC110,0.8138096
5825,C11ORF65,0.7927735
5826,LHFPL2,0.7028319
5827,BTG4,0.85353595
5828,EXD1,0.85544425
5829,PRDM9,0.83846515
5830,IL17REL,0.8515706
5831,NARF,0.68436545
5832,COX7B2,0.8266675
5833,PTPN21,0.7936675
5834,OR7D2,0.8431582
5835,PPP1R27,0.8287627
5836,CYP4B1,0.67779094
5837,ITPK1,0.5973879
5838,RFX7,0.8199003
5839,TRIM54,0.839706
5840,PDS5B,0.72719383
5841,SLC9A5,0.755204
5842,FRMPD3,0.8095615
5843,IGHV1-3,0.8592648
5844,C6ORF89,0.68596506
5845,MDS2,0.82745034
5846,LINC002481,0.81557655
5847,TK2,0.6496239
5848,PRR23B,0.853236
5849,NCKIPSD,0.7385505
5850,AC008759.3,0.8849036
5851,ENTPD2,0.64775056
5852,CCL25,0.83262354
5853,ZNF689,0.76033837
5854,CR1,0.8632043
5855,UBR1,0.7601449
5856,APOBEC3D,0.85715204
5857,ZMYND19,0.74937624
5858,NRL,0.7888541
5859,TRPC1,0.84998494
5860,MAT2A,0.8330633
5861,PCED1B,0.77670604
5862,CELA3B,0.8332105
5863,FAM188A,0.7740411
5864,SGSH,0.6106529
5865,NDUFS7,0.68528825
5866,AGMO,0.8570618
5867,SUPT6H,0.62392765
5868,NKAIN4,0.8099682
5869,HOXD1,0.8308225
5870,SLC9A1,0.70336133
5871,NFIA-AS2,0.8366766
5872,MAG,0.81057954
5873,TMEM178A,0.8090486
5874,MYO18B,0.8154466
5875,CENPT,0.66962546
5876,LINC00426,0.8685944
5877,SCG2,0.8399234
5878,ARHGAP11B,0.8340271
5879,PRPF38B,0.74985784
5880,TMEM244,0.8575826
5881,AC016957.2,0.86027926
5882,FAM182B,0.8657232
5883,SNX20,0.88984936
5884,AC005838.2,0.8592641
5885,CEP85L,0.8441038
5886,KIAA1715,0.80293083
5887,SRCIN1,0.67985725
5888,ZNF266,0.74353075
5889,LINC00052,0.8343831
5890,C22ORF29,0.78694725
5891,CHRNA4,0.8367572
5892,SMDT1,0.6691992
5893,DIRC2,0.7848676
5894,VPS39,0.6029692
5895,PGLYRP3,0.81231594
5896,GALE,0.7172969
5897,FIZ1,0.7307705
5898,USP11,0.59730786
5899,RASL11A,0.8358726
5900,NR5A2,0.8679796
5901,OR8K1,0.8556993
5902,ELK1,0.65644693
5903,LAPTM4A-DT,0.8384746
5904,VWC2,0.8552952
5905,TUBG2,0.65802336
5906,FBXW7,0.73073465
5907,AF165147.1,0.84973735
5908,CUL7,0.62617475
5909,KIAA0355,0.79367965
5910,UBXN4,0.8129223
5911,PPP2R2D,0.7438542
5912,RNPC3,0.79246974
5913,TBC1D10A,0.6638334
5914,PRMT7,0.73945355
5915,PHKG2,0.73489434
5916,COPRS,0.72943896
5917,NFRKB,0.66634935
5918,TAF1C,0.73243314
5919,TRIM72,0.8061202
5920,SPATA33,0.7479203
5921,C13ORF46,0.8390153
5922,SLC30A4,0.8373607
5923,RNF121,0.6720209
5924,TAAR5,0.84913224
5925,UNKL,0.6988232
5926,FBXO33,0.7431366
5927,CASKIN1,0.74675846
5928,EIF2B5,0.80887157
5929,DNAJC28,0.82252693
5930,LINC01060,0.82228976
5931,TSPAN18,0.8036842
5932,MDM4,0.7837413
5933,GLI4,0.7173355
5934,SLCO1B3,0.8166068
5935,TEX35,0.83902603
5936,PCDHGB4,0.8654626
5937,IP6K2,0.8435685
5938,KNCN,0.86429757
5939,ZNF76,0.6991618
5940,DNAJC1,0.6712568
5941,OR5AU1,0.8332409
5942,CDH20,0.85533804
5943,ATG13,0.58543164
5944,DRICH1,0.83925647
5945,TRAPPC10,0.74973315
5946,Z95118.2,0.84623283
5947,ELMO1,0.8280742
5948,LRRC9,0.8331998
5949,ZNF493,0.7717727
5950,NKX6-3,0.81174237
5951,C6ORF118,0.8531316
5952,AC007216.3,0.8741743
5953,NPEPL1,0.67648274
5954,ZNF512B,0.72158974
5955,TLE2,0.5536917
5956,ALOX12,0.83782846
5957,SAMM50,0.6633847
5958,LINC01443,0.85765725
5959,AC022819.1,0.8216352
5960,KMT2D,0.74066895
5961,SETD1A,0.7221382
5962,ACKR4,0.881663
5963,CCR4,0.824399
5964,ERICH1,0.8139725
5965,SLC2A8,0.6428347
5966,LINC01635,0.84703684
5967,KIAA0825,0.8298417
5968,FAM72B,0.8464318
5969,AC018638.6,0.8020303
5970,HYI,0.57709235
5971,NOTCH2,0.6478858
5972,ANKDD1A,0.83811766
5973,IGSF11,0.8497563
5974,NXF3,0.83733386
5975,HIF3A,0.78456163
5976,RNF181,0.74458104
5977,CPEB2,0.72121143
5978,GNRH2,0.8504541
5979,OSCP1,0.7583051
5980,AC026979.3,0.8060024
5981,AP000696.1,0.8253978
5982,ADAM20,0.81665343
5983,ZNF611,0.787862
5984,RND1,0.6932254
5985,WFIKKN1,0.7844092
5986,SERPINA9,0.81950283
5987,SMIM18,0.8444465
5988,FBXO25,0.6823742
5989,NMRAL1,0.8277671
5990,ITGA10,0.6755393
5991,SYF2,0.7157785
5992,TMEM47,0.72025317
5993,CCDC93,0.76535726
5994,NRXN1,0.77368116
5995,HEXD,0.6300841
5996,SPDYA,0.8295867
5997,CEP131,0.64797354
5998,IL18RAP,0.8681913
5999,CLMN,0.76060563
6000,TMEM272,0.82102185
6001,NECTIN2,0.69490117
6002,ING5,0.81522864
6003,SPAG6,0.8237815
6004,TESK2,0.7375547
6005,EMD,0.724905
6006,LRRC27,0.7829108
6007,NCAM2,0.8001798
6008,ATXN3L,0.8369913
6009,AC008957.1,0.84132737
6010,DGKH,0.69987774
6011,MAFK,0.64070785
6012,LCNL1,0.8674467
6013,IGKV1-16,0.808928
6014,STAP2,0.69909984
6015,LILRB2,0.86549443
6016,KPNA6,0.7492385
6017,CERS4,0.6108923
6018,SERPINA10,0.8707783
6019,SETD2,0.7222478
6020,PMPCA,0.7263355
6021,MST1,0.7452219
6022,TACSTD2,0.78917116
6023,SNTG1,0.80655116
6024,MARVELD1,0.67895913
6025,DNAAF1,0.7851072
6026,AC113348.1,0.8557032
6027,AKT1,0.70049
6028,STXBP1,0.7470517
6029,TCEAL3,0.68409824
6030,AXDND1,0.8144447
6031,MLYCD,0.7482999
6032,SGCG,0.8483067
6033,NPPA,0.8594679
6034,AL355075.4,0.8013878
6035,LINC02551,0.82615095
6036,SPTBN5,0.7264641
6037,SPATA4,0.80694765
6038,ERICH3,0.8358393
6039,SPAG8,0.8205404
6040,C9ORF69,0.7206974
6041,C5ORF38,0.5188489
6042,ZNF497,0.81964254
6043,FLNB,0.7379148
6044,IFT27,0.66253406
6045,CPTP,0.6255168
6046,CPSF3L,0.70322305
6047,FAR1,0.73679423
6048,ADRB2,0.8124961
6049,JOSD2,0.5273128
6050,ARG1,0.8582793
6051,RABGGTA,0.70076376
6052,BMF,0.5971629
6053,HIST1H2AK,0.8395977
6054,ENO3,0.78666323
6055,DENND2C,0.83833474
6056,NME3,0.67021483
6057,TRPC4,0.8520406
6058,C8B,0.8463664
6059,SMAD3,0.63955986
6060,PIGT,0.6761625
6061,SKAP2,0.7598965
6062,SCGB1B2P,0.8072643
6063,NT5C3B,0.7129054
6064,DAAM1,0.7567001
6065,SPEN,0.7639387
6066,HHATL,0.8186911
6067,AC097634.1,0.8324817
6068,LINC01521,0.8229839
6069,MINK1,0.620897
6070,PHF7,0.83671814
6071,RAB11FIP5,0.6387035
6072,SCG3,0.8364992
6073,ZDHHC5,0.75810724
6074,GALNTL6,0.84137017
6075,ARAP2,0.81111103
6076,CU639417.4,0.8559951
6077,MADCAM1,0.81673497
6078,PRDM7,0.8433568
6079,C6ORF132,0.7718056
6080,IL27,0.83697075
6081,IKBKAP,0.792607
6082,C7ORF26,0.6654381
6083,LONP2,0.762758
6084,ZNF638,0.8099937
6085,CACNB2,0.79722977
6086,OR10J5,0.8221212
6087,AC087477.2,0.8246994
6088,ZUFSP,0.8448865
6089,HIST2H4B,0.7609498
6090,KAAG1,0.8167235
6091,ZGLP1,0.78005034
6092,KRT38,0.8284497
6093,OR7D4,0.80045176
6094,MFSD4B,0.82924455
6095,AC107952.2,0.83391255
6096,LINC01686,0.8351086
6097,GOLGA8N,0.7798479
6098,MAGIX,0.6927741
6099,MOBP,0.8466792
6100,ABCC8,0.7899547
6101,XKR7,0.8517572
6102,PCDHGA1,0.84106755
6103,ANKRA2,0.789602
6104,CUX1,0.55034673
6105,Z69706.1,0.80379134
6106,TREML1,0.8510833
6107,UPB1,0.8524783
6108,STX5,0.6634848
6109,RARS,0.733784
6110,FBXL20,0.770019
6111,TFEC,0.89306206
6112,DYNC1LI2,0.7922328
6113,IGLV1-40,0.84796506
6114,AC127070.2,0.81125706
6115,IKBKE,0.6462741
6116,C3ORF62,0.79973835
6117,KPTN,0.71541697
6118,BX322562.1,0.80933696
6119,PEX10,0.70501494
6120,FETUB,0.82589287
6121,AC022400.4,0.85384923
6122,VGLL2,0.8274272
6123,CWC25,0.7783672
6124,DOCK10,0.834003
6125,SLC6A13,0.82513547
6126,AC024075.1,0.86896324
6127,IMPDH2,0.71344906
6128,DEAF1,0.5765928
6129,ULK1,0.7570974
6130,CLIP2,0.7978261
6131,PMM1,0.6514
6132,TOM1,0.5856732
6133,LINC00578,0.8222947
6134,RFXANK,0.7285428
6135,KIF5B,0.7815771
6136,IFITM1,0.4989084
6137,TRAF7,0.75416356
6138,SCT,0.83119863
6139,LRRC39,0.80936146
6140,AL034397.3,0.88713425
6141,AC011246.1,0.8451979
6142,AC093627.6,0.8599715
6143,LFNG,0.5660146
6144,INPP5K,0.6054458
6145,CTSS,0.76354355
6146,MAPKAPK3,0.6195449
6147,SREBF1,0.73545307
6148,PPIL2,0.73223585
6149,HIST1H2AB,0.853436
6150,CDH7,0.8212616
6151,DNAJC18,0.8467343
6152,AC096733.2,0.85855526
6153,EPS8,0.7061477
6154,PRKN,0.8319621
6155,CAMK4,0.90109915
6156,ALS2CL,0.708648
6157,HIST1H2AJ,0.7837973
6158,CNTN2,0.820499
6159,DNAH6,0.8209047
6160,SPTA1,0.847779
6161,AMZ1,0.785279
6162,ATP2B3,0.8298523
6163,SDK1,0.7123857
6164,RNF17,0.85615873
6165,VWA1,0.63658166
6166,SLC7A3,0.8363483
6167,TRPM1,0.8330024
6168,PRKCH,0.78892595
6169,PCAT18,0.80294806
6170,ACSS2,0.68660766
6171,AGBL5,0.6647548
6172,SLC6A1,0.8553538
6173,NYX,0.8455283
6174,PCDHB12,0.81352377
6175,AC027020.2,0.73057956
6176,GLT1D1,0.84284216
6177,UGT2B17,0.8472266
6178,LINC00996,0.8311483
6179,LINC02257,0.86932105
6180,PER3,0.6471521
6181,CCDC136,0.8415815
6182,HPCA,0.8162398
6183,CMBL,0.68038064
6184,SPNS1,0.6010968
6185,HRH1,0.7869018
6186,PGAM2,0.8006606
6187,AC010931.2,0.8265707
6188,SEL1L3,0.6513584
6189,ADAM8,0.7269022
6190,FAM170B,0.8414486
6191,ALDOB,0.81096363
6192,AC087854.1,0.83527774
6193,TRIM31,0.8076059
6194,CIRBP,0.64741117
6195,LINC02716,0.8154197
6196,ZNF831,0.8710723
6197,ABCB4,0.8596508
6198,TMEM239,0.83686906
6199,C9ORF106,0.8363045
6200,GLS2,0.8009369
6201,MRPS11,0.72545356
6202,COX6B2,0.828659
6203,RIPPLY1,0.833627
6204,ANKRD44,0.87144023
6205,FAM198B-AS1,0.82091016
6206,AP003071.1,0.849473
6207,GNRHR,0.87468535
6208,CLVS2,0.7946143
6209,RPA4,0.8333723
6210,ABCG5,0.80453324
6211,CFAP100,0.8269622
6212,CD1D,0.8526156
6213,RXRA,0.5666855
6214,MVB12A,0.74168247
6215,GSS,0.7122164
6216,PRMT1,0.7482526
6217,UNC93B1,0.6262682
6218,RSF1,0.71134686
6219,PLBD2,0.62364286
6220,ZNF804B,0.8377239
6221,ZMYM6,0.78321475
6222,DAND5,0.8133082
6223,CSRP1,0.563356
6224,CISH,0.60021675
6225,FTMT,0.8363275
6226,ZFP92,0.8409283
6227,DLK2,0.82728314
6228,OR52N1,0.84581417
6229,MYBBP1A,0.63462865
6230,ACTL9,0.83987457
6231,IGHG4,0.7427917
6232,NF1,0.7228413
6233,JMY,0.79286855
6234,SLC9C1,0.8256404
6235,HIST1H4I,0.8059948
6236,ADCY9,0.7618396
6237,MNT,0.7167871
6238,CDK5,0.71791077
6239,ERV3-1,0.73225814
6240,NLGN3,0.83553797
6241,PCF11,0.7810771
6242,LINC01934,0.81927615
6243,LINC00894,0.797028
6244,CTSO,0.7596156
6245,AC008269.1,0.8696866
6246,VPS37B,0.6700441
6247,LMAN1,0.7210241
6248,XKR3,0.8869341
6249,RETREG3,0.6589974
6250,RTP1,0.8298417
6251,BRMS1,0.6851453
6252,AC017071.1,0.86013633
6253,ARHGAP33,0.74273926
6254,CCBE1,0.8504975
6255,CASQ1,0.8303389
6256,ST14,0.6983238
6257,SYN1,0.8136861
6258,PAXIP1-AS2,0.8398343
6259,ALKBH6,0.73645383
6260,NDUFV1,0.713152
6261,LINC02224,0.81724125
6262,SLC22A11,0.8502422
6263,AC131009.2,0.8489724
6264,PACSIN2,0.7991336
6265,AGPAT2,0.58739954
6266,MEMO1,0.82713586
6267,ATP6V1G3,0.8538322
6268,PLPPR3,0.7383136
6269,HNRNPA0,0.7695518
6270,SMPD2,0.7013893
6271,KRT3,0.82716817
6272,MRNIP,0.52000993
6273,LURAP1,0.8570679
6274,MAX,0.571455
6275,PTOV1,0.78817844
6276,IGKV1-9,0.8262735
6277,SZT2,0.64985746
6278,SAMD11,0.70174724
6279,AC015813.4,0.8458939
6280,SLC2A4RG,0.74880797
6281,KIAA0430,0.7997764
6282,PMCH,0.87458134
6283,SNTN,0.85049844
6284,RNASEH2C,0.61615705
6285,NDRG2,0.6368924
6286,CYLD,0.6801019
6287,DAB2IP,0.7001085
6288,AMOTL1,0.6691609
6289,PCBP3,0.77804303
6290,PCDH19,0.7874062
6291,B3GAT3,0.7108924
6292,MIR4435-2HG,0.64113754
6293,RUFY3,0.71188116
6294,PA2G4,0.8463478
6295,FKBPL,0.7665012
6296,PTPRT,0.74204105
6297,TP53AIP1,0.8550389
6298,SRM,0.7320891
6299,C14ORF169,0.7846182
6300,PSMB6,0.70968676
6301,DEDD2,0.6803827
6302,TCEB1,0.7552741
6303,MC5R,0.8387685
6304,BIN2,0.8784228
6305,ISL2,0.8113463
6306,CNTN4,0.87655824
6307,NR1H2,0.5683957
6308,BCL6,0.6717293
6309,ERBB4,0.718352
6310,SARAF,0.760379
6311,SLC39A3,0.62114197
6312,SLC6A20,0.8476915
6313,ASGR1,0.8482625
6314,IGHJ6,0.82194287
6315,ENTPD3,0.82507896
6316,LRRC43,0.79956645
6317,PHPT1,0.5828418
6318,AL118558.4,0.8251881
6319,TRA2B,0.8308049
6320,C5ORF56,0.7810611
6321,AC016831.1,0.8497567
6322,OTOG,0.8536854
6323,EVI2A,0.8751993
6324,TRIM71,0.82199985
6325,ALKBH5,0.69071406
6326,UBE2I,0.7416866
6327,FNBP4,0.7788783
6328,GIGYF2,0.796561
6329,ACOT8,0.67974395
6330,KANSL1,0.7824547
6331,CTNNBL1,0.64469486
6332,APITD1,0.79272455
6333,PAPPA,0.8054336
6334,OR4B1,0.8130939
6335,TTC7B,0.7902338
6336,NAPB,0.76347846
6337,ELL2,0.5985288
6338,MAN2A1,0.72485656
6339,UBE2G2,0.6816738
6340,GRM1,0.84461284
6341,AC109322.2,0.8162494
6342,METTL17,0.72711295
6343,PEX6,0.6306059
6344,PCDHGA5,0.81862575
6345,CCDC151,0.78897446
6346,SYNDIG1,0.85153776
6347,AC055839.2,0.8415248
6348,INTU,0.7757881
6349,TTC39A,0.731085
6350,SYT5,0.81824476
6351,FAM3A,0.6919225
6352,GOLGA3,0.6635376
6353,ZNF655,0.6037106
6354,ASPDH,0.8455109
6355,CTDSP2,0.6734858
6356,OXER1,0.83902574
6357,PRR5L,0.78858584
6358,AC068473.3,0.84550506
6359,CENPC,0.7564309
6360,TTYH2,0.7402311
6361,RXFP2,0.84845394
6362,WASF2,0.59655863
6363,FRMPD1,0.83081037
6364,FBRS,0.7081358
6365,MASP1,0.83815885
6366,CD38,0.8176193
6367,LPP,0.7367483
6368,ADAM28,0.838208
6369,WDR55,0.61774206
6370,MCPH1,0.7903836
6371,SOX5,0.817123
6372,FAM163A,0.8450597
6373,ZC3H10,0.7998202
6374,AC243960.1,0.84125906
6375,DCAF8,0.8045535
6376,MC4R,0.83965826
6377,TPRG1-AS1,0.846756
6378,MTERF4,0.7159187
6379,GAD1,0.73760635
6380,SP7,0.83458346
6381,WDR83,0.71022695
6382,IBA57,0.7421115
6383,SYT7,0.6721963
6384,COPZ2,0.76018476
6385,TROVE2,0.7594088
6386,WWC2,0.6893801
6387,AL645608.7,0.75119144
6388,TSLP,0.8202602
6389,VASN,0.6577601
6390,OPRL1,0.84333974
6391,KIAA1147,0.8007569
6392,AL356234.2,0.76757056
6393,KIAA1161,0.80829495
6394,AMBN,0.8330055
6395,AL596325.2,0.87360764
6396,AC009063.3,0.8378225
6397,VOPP1,0.4731463
6398,LYZL4,0.85289603
6399,GFRA4,0.845216
6400,FNDC5,0.78847307
6401,CLK3,0.7367367
6402,DUS3L,0.7786096
6403,SMIM6,0.84587365
6404,LINC02197,0.82118684
6405,COL20A1,0.825263
6406,LINC00520,0.8452196
6407,S1PR3,0.6347853
6408,PTP4A2,0.6614179
6409,TIGD4,0.84901685
6410,PLEKHJ1,0.7499636
6411,CYP11A1,0.8148761
6412,MYH7,0.8589058
6413,AC026355.2,0.8317444
6414,GGT6,0.69197625
6415,GSG1L,0.8409514
6416,CD40LG,0.8653348
6417,DOHH,0.7027488
6418,BFSP2,0.81636715
6419,NIPBL,0.76470256
6420,FAM20C,0.7010953
6421,NEURL1B,0.7095659
6422,KRT37,0.8343737
6423,GCNT7,0.8330968
6424,ZFPL1,0.7028478
6425,TDRD1,0.8250818
6426,CMTM2,0.82145303
6427,SYDE1,0.69949603
6428,STRA6,0.67724514
6429,UBL3,0.6445913
6430,ZNF215,0.8215998
6431,KLHL35,0.6651611
6432,SAMD3,0.87473965
6433,CLEC9A,0.8635335
6434,ZDBF2,0.8471916
6435,CLCF1,0.6997759
6436,PLEKHA6,0.78707427
6437,PLCXD1,0.6924455
6438,ARHGAP28,0.83955956
6439,TCTN1,0.73176956
6440,AL662797.1,0.84695286
6441,HLF,0.764231
6442,CYP2S1,0.81650275
6443,F7,0.7980773
6444,ADRA2C,0.75645894
6445,LINC01550,0.8065832
6446,NRK,0.7843798
6447,LYRM5,0.84964865
6448,VARS,0.7287678
6449,AL450384.2,0.8154463
6450,ABCD1,0.60702986
6451,LINC01704,0.8494642
6452,VEGFB,0.5583913
6453,RNASE3,0.8452446
6454,KCNV1,0.85180527
6455,NLRP4,0.8368681
6456,ZNF589,0.779268
6457,FCN3,0.8416176
6458,KCNH6,0.8455666
6459,LTB4R,0.65387255
6460,NBR1,0.65131456
6461,CHFR,0.7119396
6462,MORC3,0.7938459
6463,HTR3C,0.8439624
6464,KDELC2,0.82206774
6465,PSD2,0.8122804
6466,PIGB,0.6906994
6467,FARP2,0.76001173
6468,HS3ST4,0.82463557
6469,PPT2,0.69837254
6470,MAP4K2,0.73851657
6471,MYPOP,0.7868282
6472,DUOXA2,0.86314803
6473,AC012291.3,0.85809827
6474,CHRNA3,0.85324365
6475,OGDHL,0.78971905
6476,SOHLH1,0.8081489
6477,SLC27A5,0.6480302
6478,CD300LF,0.84815186
6479,ZNF263,0.76670027
6480,AUP1,0.8173003
6481,TOX2,0.84082407
6482,KDM8,0.8024759
6483,SORL1,0.618597
6484,TTC7A,0.6699694
6485,ATF5,0.57263416
6486,BEX1,0.7606215
6487,TAS2R1,0.8525398
6488,UGT2B4,0.84252924
6489,TSPOAP1,0.7009776
6490,FOXN3,0.79387313
6491,EMP1,0.70419806
6492,FAM126A,0.7622273
6493,ZNF141,0.80674
6494,OVCH2,0.7868581
6495,AC243830.2,0.84605986
6496,RELL2,0.8029168
6497,ZNF692,0.7959059
6498,IGFBP5,0.5246441
6499,CHD5,0.8485132
6500,CCL13,0.79059607
6501,RNF123,0.72259706
6502,LINC00702,0.8371771
6503,DOLK,0.7218988
6504,TBC1D3E,0.8496444
6505,RBMX,0.827902
6506,ATAD3B,0.658516
6507,GPC5,0.8410466
6508,SAMD14,0.8124635
6509,NUTM2D,0.8162963
6510,GPR55,0.8438011
6511,EXOC3L1,0.81372446
6512,NT5DC2,0.6292374
6513,IAPP,0.8223031
6514,WNT7B,0.45439598
6515,ARHGAP15,0.87456346
6516,SH2B3,0.8069734
6517,SETBP1,0.792237
6518,ELF1,0.68399745
6519,GRAPL,0.8542831
6520,C7ORF43,0.8002446
6521,GRM6,0.8204809
6522,USP5,0.786455
6523,CDKL1,0.84793764
6524,AGXT2,0.83157533
6525,ANKRD10-IT1,0.84920603
6526,REV1,0.7357786
6527,SF1,0.8142686
6528,GIPC1,0.7484393
6529,OR4C12,0.80820614
6530,IPP,0.7895276
6531,NES,0.56430346
6532,ACP2,0.6313721
6533,BTBD11,0.8300902
6534,MAGEB5,0.8542785
6535,CAMK1,0.7053978
6536,ANKRD20A4,0.82664126
6537,CRAT,0.5197217
6538,TMEM44,0.7602684
6539,AL031705.1,0.81884354
6540,PRDM16,0.8495304
6541,WSCD2,0.8314031
6542,FNDC4,0.7098195
6543,CTB-50L17.10,0.7868863
6544,KIRREL1,0.7653246
6545,LOXHD1,0.83344316
6546,AL008729.2,0.809154
6547,DENND4A,0.75646394
6548,TMC5,0.64044034
6549,TULP2,0.8374316
6550,ZNF48,0.77859116
6551,IPO13,0.7096491
6552,HRASLS2,0.8146021
6553,AGR2,0.60484284
6554,MAPT-AS1,0.8202762
6555,SLC7A4,0.7985208
6556,PDE3B,0.80368024
6557,USP4,0.6085558
6558,ODC1-DT,0.8614907
6559,NR2C1,0.7776349
6560,LY86-AS1,0.8433233
6561,ARHGAP1,0.6991999
6562,CFAP73,0.7388205
6563,DENND3,0.73923755
6564,ZBTB7C,0.62673
6565,CNTLN,0.7553559
6566,ZNF593,0.78098625
6567,NFATC2IP,0.6824181
6568,DNAJC12,0.71014947
6569,SLC39A1,0.75510293
6570,LINC02086,0.83313614
6571,AP000350.6,0.8181286
6572,IGLV3-25,0.82857543
6573,BTK,0.8653729
6574,SPATA9,0.8427868
6575,CTLA4,0.86437947
6576,L3MBTL3,0.8553317
6577,AL159169.3,0.79432136
6578,FAM149B1,0.73957664
6579,AVIL,0.793868
6580,ARHGAP6,0.8467762
6581,MOB3C,0.77475876
6582,RASSF5,0.68819094
6583,DNAJC7,0.65483785
6584,EIF5B,0.61689276
6585,SLK,0.7299917
6586,PTCHD4,0.8010991
6587,AC005041.4,0.8636752
6588,HTR5A,0.8186636
6589,SMCO3,0.82625645
6590,AL390294.1,0.70290685
6591,AP001062.3,0.8539248
6592,C18ORF8,0.775531
6593,MAF1,0.72297937
6594,PRRC2B,0.65722597
6595,CD200R1,0.8882231
6596,EWSAT1,0.7942979
6597,DIO2,0.6248292
6598,NFE2L1,0.63140833
6599,RAB3GAP1,0.7083564
6600,DNAH7,0.8196163
6601,AL359715.1,0.8033646
6602,LGALS8,0.76036555
6603,HAO2,0.8276024
6604,IL2RB,0.8456915
6605,COL4A6,0.773109
6606,GLOD5,0.8337772
6607,AC009159.3,0.8233538
6608,IGHV4-34,0.82514066
6609,TAF11L13,0.847688
6610,ERVV-1,0.8303826
6611,AC092490.1,0.8381532
6612,SPATA22,0.86600995
6613,LEXM,0.8491921
6614,TEPP,0.8224416
6615,CRB2,0.8435641
6616,PINLYP,0.8534686
6617,SP140,0.8920417
6618,IER3,0.6358312
6619,AC092807.3,0.86872727
6620,AL591848.2,0.81645733
6621,OR2D3,0.8383511
6622,MAGI1-IT1,0.8349461
6623,SSTR2,0.56431276
6624,SUMF2,0.6223437
6625,KCND2,0.8327012
6626,HELLPAR,0.84983706
6627,ANKRD55,0.8525445
6628,AC107027.1,0.86719006
6629,LINC01473,0.8312716
6630,CER1,0.81243896
6631,SEPTIN7-AS1,0.8385854
6632,PCDH10,0.7853444
6633,RBPJ,0.7328947
6634,ADRM1,0.7838189
6635,CCR2,0.8626525
6636,AJAP1,0.8334597
6637,AL158211.3,0.83680534
6638,P2RX7,0.83292705
6639,UTF1,0.8490448
6640,CCDC65,0.8359885
6641,PAPD7,0.79908437
6642,ATP12A,0.8089226
6643,PTPN1,0.6816848
6644,LCN2,0.5278963
6645,ARRB1,0.63298076
6646,FAM187B,0.83844686
6647,MEIS2,0.7554317
6648,SLC35C1,0.57127005
6649,DIEXF,0.7951627
6650,COL4A3BP,0.80755377
6651,AL591030.1,0.85485417
6652,COPZ1,0.7981097
6653,LINC02840,0.8521313
6654,TSPEAR,0.8666473
6655,SELT,0.78848606
6656,BAG6,0.7535622
6657,AP002026.1,0.82570195
6658,ATP13A1,0.64011645
6659,LINC02391,0.8369239
6660,HIST1H4C,0.7187082
6661,KDR,0.8068618
6662,MPZ,0.798129
6663,SEMA4D,0.71655536
6664,GON4L,0.7511831
6665,MDGA1,0.8291044
6666,MRPL28,0.7188657
6667,BRD8,0.7533283
6668,PCF11-AS1,0.7971151
6669,GAPT,0.88511604
6670,SGK1,0.66214806
6671,VAC14,0.65768117
6672,OR2C1,0.8398884
6673,AC011815.1,0.82892126
6674,SIK1B,0.70171285
6675,DEFB125,0.84203506
6676,C6ORF223,0.81330854
6677,AC013726.1,0.8010499
6678,AC123768.2,0.85831743
6679,WBP2NL,0.7952617
6680,CAMK1G,0.8333898
6681,DUSP23,0.5995223
6682,FAM153A,0.7999889
6683,WT1-AS,0.8219927
6684,AC010198.2,0.8425145
6685,CSMD2,0.8360181
6686,HOXA2,0.8132932
6687,KIZ,0.7530279
6688,TRIM3,0.7730561
6689,AC007950.2,0.86306256
6690,PASK,0.71051866
6691,BDH2,0.69542235
6692,HHEX,0.84950566
6693,AC017002.3,0.8535352
6694,ARSI,0.7611882
6695,CDK12,0.7836976
6696,DMRT3,0.82697994
6697,AC004156.1,0.8137701
6698,OLFML2B,0.8130675
6699,CAPS2,0.8422077
6700,CMYA5,0.7696474
6701,ZNF646,0.7575298
6702,DPM2,0.72444624
6703,SIK2,0.783313
6704,LRRC26,0.6576896
6705,TRIM73,0.84014887
6706,TSGA10IP,0.8534054
6707,SLC5A4,0.86907893
6708,GPX1,0.71221226
6709,DUT,0.7836776
6710,KAT2B,0.82200736
6711,ATXN7L2,0.7371748
6712,WHSC1L1,0.80217147
6713,CDC42EP1,0.6240426
6714,PPP1R3C,0.7292786
6715,RNF187,0.7395282
6716,AC073225.1,0.8224947
6717,GP1BA,0.83634406
6718,MGEA5,0.7886474
6719,IGKV1-39,0.846595
6720,GPR75,0.84446305
6721,AC130456.2,0.7864688
6722,LMX1A,0.8231779
6723,FBXO42,0.7071344
6724,ARC,0.7740143
6725,BTBD2,0.77299404
6726,SLC38A7,0.726958
6727,TNP2,0.8565624
6728,SERPINB11,0.8401306
6729,RILPL2,0.7148467
6730,AHCYL1,0.78630596
6731,AC131212.1,0.8518488
6732,LILRA2,0.8466563
6733,AGER,0.82613915
6734,RSBN1L,0.7402771
6735,SEPT7,0.71500283
6736,EDDM3B,0.79516506
6737,BRAT1,0.67629045
6738,LRRC75B,0.68355745
6739,ITGB3,0.803551
6740,TOGARAM1,0.8164162
6741,LINC00922,0.8634701
6742,KIF5C,0.75792915
6743,EIF3G,0.6793992
6744,CAPN2,0.69070405
6745,CCDC40,0.7840294
6746,ZNFX1,0.6322057
6747,SLC25A2,0.83098394
6748,SMC5,0.7826653
6749,SPRY2,0.7452796
6750,RETNLB,0.8236199
6751,AL158211.2,0.808337
6752,CTSA,0.6400861
6753,AC010245.2,0.82803845
6754,SLC6A6,0.7211904
6755,CCDC74B,0.66177404
6756,IQSEC2,0.6470947
6757,PINK1,0.516055
6758,TRIM8,0.5733624
6759,LAMTOR1,0.6385124
6760,ZMAT5,0.6316326
6761,SEPT3,0.8286822
6762,VPS53,0.6822726
6763,TENM1,0.86289
6764,AMIGO2,0.6860192
6765,TRIM25,0.66266054
6766,ULK4,0.8270299
6767,SWI5,0.71523505
6768,C17ORF98,0.83300525
6769,GREB1L,0.718174
6770,Z83843.1,0.85676605
6771,DDX52,0.73203534
6772,LTC4S,0.73892957
6773,GLIPR1L2,0.83510894
6774,MYT1,0.7744096
6775,SLC35F6,0.6680557
6776,FASTK,0.80377907
6777,R3HDM2,0.7081797
6778,PVALB,0.7040558
6779,EPB41L2,0.7465051
6780,PIH1D3,0.8224433
6781,NECTIN3-AS1,0.8061076
6782,WDFY2,0.68213826
6783,ZNF517,0.77017075
6784,FAM111A,0.639467
6785,ELP2,0.7512253
6786,ARHGAP39,0.73628926
6787,PTP4A3,0.58267003
6788,ATP6AP1L,0.7869738
6789,PUS7L,0.79085255
6790,SIRPG,0.87889224
6791,BHLHE22,0.83330446
6792,DHRS7B,0.7310744
6793,PAOX,0.80100816
6794,TMEM225B,0.83348554
6795,GAN,0.74476594
6796,DMTF1,0.75934434
6797,LINC02610,0.8232686
6798,ZBBX,0.7914528
6799,ELAVL4,0.83300066
6800,PHKA2,0.8172663
6801,PHKB,0.7412327
6802,PNPLA4,0.680167
6803,LINC01484,0.86494327
6804,CLCNKA,0.8547127
6805,AC103703.1,0.8474822
6806,SFXN5,0.5672845
6807,AL603910.1,0.82892966
6808,AKNAD1,0.8456642
6809,CALHM5,0.89082384
6810,RASA3,0.7690768
6811,TMC2,0.8241398
6812,ATN1,0.6857318
6813,TMEM232,0.82230926
6814,OR10G3,0.8520425
6815,UGT3A2,0.80489475
6816,METTL16,0.75484973
6817,NMNAT2,0.8565276
6818,WDR73,0.80606085
6819,CNGB3,0.7970968
6820,F12,0.5375955
6821,PARP6,0.70265347
6822,SUN3,0.82640547
6823,TSSC1,0.80303246
6824,ASAH2,0.8400604
6825,PRKCD,0.69006175
6826,SRC,0.67581123
6827,CCDC74A,0.60657346
6828,ITFG2,0.75214237
6829,TGM7,0.84961224
6830,CEP83,0.82660276
6831,EXOC3L2,0.8733991
6832,SDCCAG3,0.78236103
6833,TMEM8A,0.64748186
6834,FFAR3,0.8376438
6835,MEI4,0.8508597
6836,MOGAT1,0.82140684
6837,ARL17B,0.7976832
6838,OR6V1,0.813592
6839,GNG7,0.66913
6840,KCTD6,0.7874889
6841,ACRV1,0.82985336
6842,CD46,0.8020687
6843,ZNF672,0.65692246
6844,ALDH3B1,0.68804294
6845,LRRK1,0.80079263
6846,MORN1,0.7791229
6847,SETD6,0.80498654
6848,ARHGEF38,0.75010973
6849,U47924.3,0.8437453
6850,TXNIP,0.5224747
6851,SSTR1,0.8404005
6852,IMPG1,0.84676045
6853,TBX5-AS1,0.83132035
6854,TMEM8B,0.73719597
6855,ZNF703,0.5911997
6856,ZFAND5,0.7681764
6857,SF3B1,0.81451803
6858,ITPRIP,0.7860001
6859,AC093159.1,0.844021
6860,TSSK6,0.7984292
6861,AC124319.1,0.8224037
6862,LRRC29,0.79442865
6863,KIAA0408,0.87131214
6864,AL713866.1,0.85353583
6865,MATN3,0.7429332
6866,CYB561A3,0.6887376
6867,NME5,0.73577595
6868,TMEM176B,0.64514107
6869,CEACAM5,0.74073404
6870,HNRNPUL1,0.7594256
6871,BATF3,0.8484636
6872,HABP4,0.7266119
6873,LINC02076,0.85577863
6874,RGS21,0.83587337
6875,SLC25A28,0.67372113
6876,AC087742.1,0.85827106
6877,SYP,0.845506
6878,ZNF491,0.8395117
6879,BTN3A3,0.79807925
6880,TCIM,0.56714934
6881,HHIPL1,0.7653249
6882,ANAPC16,0.75696135
6883,PLAAT3,0.5535378
6884,AC007220.1,0.850264
6885,SERINC4,0.8003916
6886,RAB11FIP4,0.7349227
6887,RARRES3,0.6710498
6888,PARP14,0.672837
6889,DENND2D,0.67666465
6890,AP001972.3,0.8358245
6891,SMARCD2,0.7935159
6892,LA16C-306E5.2,0.8415068
6893,LINC02591,0.79992634
6894,MUS81,0.68961376
6895,C16ORF58,0.54155374
6896,NSG2,0.85131454
6897,IPCEF1,0.84464294
6898,CSAD,0.7397404
6899,NEK11,0.7783351
6900,HOXB-AS3,0.8099174
6901,PRSS51,0.84609056
6902,ST8SIA5,0.8141198
6903,LINC01963,0.80537254
6904,ZNF609,0.74299103
6905,ASCL2,0.63303375
6906,LINC01619,0.8452172
6907,TBC1D3B,0.74220514
6908,AC022613.2,0.84544224
6909,FEZF2,0.8455414
6910,CYTH2,0.7938466
6911,LILRA5,0.84023714
6912,CPNE7,0.58289045
6913,KLHL30,0.8358166
6914,RCBTB2,0.8136287
6915,NUFIP2,0.784389
6916,ABCC10,0.73567885
6917,NLRP2B,0.82672477
6918,PHYHIPL,0.8275609
6919,IRF5,0.79972523
6920,WNT3A,0.82769585
6921,TAS2R8,0.8380616
6922,CASP8AP2,0.7711442
6923,TLE6,0.71979666
6924,CELSR3,0.68603724
6925,ZNF653,0.77029663
6926,NUBPL,0.7845683
6927,FAM175A,0.8538843
6928,SYTL5,0.8026428
6929,EFNB3,0.79042244
6930,GEMIN8,0.7367113
6931,IKZF2,0.76743954
6932,LRBA,0.7907181
6933,FAM124B,0.8460271
6934,AADAC,0.8251731
6935,ETHE1,0.59061056
6936,RNF219,0.82882756
6937,ASCL4,0.8620706
6938,MMP12,0.609109
6939,MEFV,0.8495953
6940,AC119674.1,0.8328729
6941,ABCG2,0.8348891
6942,PCAT19,0.7527141
6943,RAD23A,0.8013813
6944,IL1RAPL2,0.839173
6945,NOL8,0.7356356
6946,IQCA1,0.7708042
6947,ZNF584,0.7839206
6948,C1ORF123,0.77588505
6949,SLC25A26,0.6639848
6950,MME,0.5204886
6951,C3AR1,0.8447714
6952,IFNB1,0.84717625
6953,SPTLC2,0.73486733
6954,SPAG9,0.68847245
6955,SMTNL1,0.8231163
6956,SCGB3A2,0.7554388
6957,TXN2,0.73897916
6958,RAI1,0.78648037
6959,MRPL24,0.74492025
6960,WDR34,0.7591092
6961,TXNDC11,0.6266493
6962,AC097724.1,0.8336591
6963,SIX5,0.7126551
6964,OPN5,0.85783654
6965,COASY,0.68745375
6966,AL021395.1,0.8023451
6967,ZBTB47,0.791435
6968,CHCHD5,0.68953633
6969,AC090948.1,0.8296342
6970,TRIB3,0.62401867
6971,DPY19L2,0.83611506
6972,NXNL2,0.7711155
6973,AOC1,0.8042205
6974,RAPSN,0.849551
6975,HAND2,0.8569052
6976,S100A4,0.6893167
6977,NAA16,0.8097926
6978,AGRP,0.848027
6979,TRAPPC6A,0.73603886
6980,SLC2A14,0.7665958
6981,MROH8,0.8339768
6982,AC005070.3,0.8408532
6983,ATP7B,0.73181516
6984,AC068790.7,0.81936055
6985,PRR12,0.7669864
6986,SLC9B1,0.8379485
6987,ZNF79,0.83200955
6988,AC237221.1,0.841736
6989,XIRP1,0.7990921
6990,KIAA0895L,0.7431733
6991,AC022296.4,0.8403985
6992,CXCL8,0.6420974
6993,GC,0.82920676
6994,AC064836.2,0.81343937
6995,SCAMP3,0.7902727
6996,OR6K2,0.8463671
6997,HIST1H2AM,0.833786
6998,AL022341.2,0.8347988
6999,TMEM192,0.7723879
7000,PNMA6F,0.8301535
7001,Z98200.1,0.83561105
7002,SOX7,0.83785194
7003,GBP3,0.6709296
7004,PIK3C3,0.7567363
7005,KRTAP4-16,0.8444981
7006,LINC00528,0.87464875
7007,MYT1L,0.8403452
7008,COQ8B,0.67887133
7009,BEND4,0.7875255
7010,ZNF484,0.79931426
7011,LINC02303,0.81616575
7012,HORMAD2,0.87255925
7013,AC008083.3,0.82218623
7014,SCAF1,0.63846433
7015,DACH2,0.81934947
7016,RRP1,0.695889
7017,SMIM10L2B-AS1,0.8243842
7018,HOXB-AS1,0.83654505
7019,CCR6,0.86897045
7020,AL135818.2,0.82112473
7021,PPP1R42,0.8297928
7022,HLA-DQA2,0.6378856
7023,CSRNP2,0.7463309
7024,MYOM3,0.8522029
7025,HRH2,0.86073065
7026,DNPEP,0.72091746
7027,AC092354.1,0.8285012
7028,INTS11,0.72452736
7029,SDC4,0.81379396
7030,AF038458.2,0.8332553
7031,ZNF441,0.8209433
7032,TRPC3,0.85102683
7033,CT45A1,0.82095677
7034,AC073320.1,0.840595
7035,AC110615.1,0.83123225
7036,RGL4,0.84277326
7037,LINC00094,0.8003182
7038,FMO5,0.7712736
7039,PRR23A,0.831933
7040,TMEM145,0.7626396
7041,GPN2,0.7494719
7042,ATRNL1,0.8059557
7043,RFPL1,0.81301737
7044,GLUD2,0.8212716
7045,C11ORF24,0.58278
7046,TBL3,0.695471
7047,RAB40A,0.8072381
7048,TRPT1,0.6479337
7049,OR13J1,0.8546465
7050,ZNF699,0.8678948
7051,AC004585.1,0.84762114
7052,SYN2,0.7301969
7053,HNRNPL,0.77144545
7054,PGM2L1,0.64065415
7055,AL662884.1,0.8476421
7056,TSPAN8,0.67170244
7057,TRPS1,0.6927511
7058,S100PBP,0.74583936
7059,GFER,0.57080764
7060,POU2F1,0.7753281
7061,CRBN,0.7105747
7062,SLFN12,0.8595273
7063,LINGO3,0.79440993
7064,GABRQ,0.77239543
7065,SPG11,0.76569074
7066,RNF112,0.832966
7067,BPIFA2,0.839659
7068,AL121612.2,0.8514778
7069,COG3,0.71339226
7070,LINC01843,0.8180062
7071,AC068389.1,0.8496573
7072,SND1,0.78253675
7073,C7ORF73,0.80073994
7074,PLB1,0.8496422
7075,TARBP2,0.64828414
7076,GLCCI1,0.7673912
7077,ANXA9,0.7082209
7078,SPR,0.74094063
7079,SCARF1,0.8680636
7080,JAG1,0.6347746
7081,AMIGO3,0.793323
7082,TMOD1,0.6961674
7083,RNASE4,0.6903197
7084,SLC35E3,0.7831443
7085,SH3PXD2A,0.70959073
7086,SPHK1,0.5770884
7087,BTRC,0.7849094
7088,TMEM74B,0.7796159
7089,ABHD12,0.7012816
7090,CSNK1G1,0.74476475
7091,LINC00896,0.83474994
7092,AC005363.2,0.76836663
7093,LINC01504,0.84735245
7094,PCED1B-AS1,0.8547919
7095,CARNS1,0.81730956
7096,CYP26A1,0.79738075
7097,ADAMTSL5,0.8183736
7098,GTF2IRD2,0.73763657
7099,PIM1,0.6922477
7100,RNF212B,0.83225816
7101,NPIPB15,0.69243616
7102,PLEKHA2,0.7558668
7103,FRMD6,0.699236
7104,TRPM2,0.61338645
7105,PTPN18,0.64416045
7106,KIAA0319L,0.65442055
7107,RADIL,0.7062216
7108,RN7SL832P,0.83946115
7109,C2CD2L,0.7443597
7110,NECAB2,0.8324775
7111,CCDC109B,0.7986801
7112,AL109811.1,0.84917426
7113,TTC12,0.76390904
7114,ST20,0.7936654
7115,CABP1,0.84286076
7116,ARID4B,0.7399175
7117,UNC13B,0.72395796
7118,HEPHL1,0.7932801
7119,ADAMTSL3,0.8523194
7120,NUMB,0.6987571
7121,MLKL,0.8046227
7122,CARMIL3,0.79137164
7123,SCX,0.70451146
7124,PHRF1,0.74827415
7125,EVC,0.8304327
7126,SLC29A2,0.74949217
7127,FNDC10,0.6037473
7128,SLC10A6,0.83077574
7129,IL17C,0.837015
7130,ACVR2A,0.756773
7131,GNA14,0.8182797
7132,PHC2,0.6459492
7133,AC025575.2,0.8435616
7134,TEX9,0.7492032
7135,ZNF518A,0.7894879
7136,ACADSB,0.7301829
7137,CYB5D2,0.70902777
7138,LINC01597,0.8270664
7139,AL121890.5,0.86636186
7140,ATXN7L3,0.6423404
7141,KCNB1,0.7941683
7142,TKT,0.65523046
7143,C2ORF50,0.82980007
7144,TMEM147,0.7700843
7145,FGD6,0.75326186
7146,AP001107.5,0.82318205
7147,ZNF471,0.83630747
7148,ABCF3,0.74429816
7149,TMEM5,0.7932081
7150,FBXL19,0.6791493
7151,GNL1,0.590463
7152,XRN1,0.68007976
7153,ASPSCR1,0.68160456
7154,HSF1,0.76022583
7155,CSNK1A1,0.8243894
7156,UPF1,0.82479095
7157,CCDC62,0.8440184
7158,FCGR2A,0.73873496
7159,DOPEY2,0.78560907
7160,FOXRED1,0.69019145
7161,KCNU1,0.8291982
7162,EVI5,0.7489783
7163,ECI2,0.5992246
7164,TMPRSS15,0.83763844
7165,CADPS2,0.67618847
7166,AGAP5,0.79428166
7167,PPIP5K2,0.75767964
7168,SRGAP2,0.6876634
7169,OR4S1,0.83461004
7170,CCDC28B,0.66786355
7171,FAM98C,0.6514371
7172,LGALSL-DT,0.8412418
7173,HS3ST5,0.82888895
7174,AC127024.6,0.88173676
7175,AC092376.2,0.82519966
7176,THOP1,0.6982654
7177,SPACA4,0.85589504
7178,RXRG,0.8324552
7179,UCKL1,0.73252803
7180,TMEM181,0.73496604
7181,ZNF583,0.8103585
7182,AC133528.1,0.8216734
7183,WDR11,0.7782693
7184,NME9,0.8519278
7185,LZTS1,0.7432351
7186,KRTAP15-1,0.8404321
7187,FOXO4,0.7410862
7188,AC090337.1,0.8575237
7189,IGHV1-69D,0.8223062
7190,MGMT,0.60881406
7191,KCNJ18,0.8377454
7192,ZNF587,0.7814606
7193,ZBTB46,0.7274155
7194,OR5K4,0.85737985
7195,TESC,0.7417677
7196,ZDHHC18,0.6437823
7197,THAP7,0.6128733
7198,SEP15,0.7955737
7199,HIP1,0.7149925
7200,C20ORF204,0.69457334
7201,STARD5,0.78181356
7202,FBLL1,0.7630098
7203,MYO7A,0.8138392
7204,GPR83,0.80830353
7205,AC006480.2,0.85383624
7206,TTC19,0.7558253
7207,ILKAP,0.71962875
7208,OPTC,0.854628
7209,PLA2G10,0.8023948
7210,BTBD19,0.8772089
7211,DNAJB12,0.6493499
7212,PROM2,0.82351804
7213,CREB3L1,0.6462163
7214,NLRP3,0.8432998
7215,CERS1,0.8149652
7216,DMRTC2,0.8149102
7217,BASP1,0.6885967
7218,CCN6,0.7324243
7219,POC5,0.835547
7220,TOLLIP,0.6316749
7221,COL19A1,0.83311266
7222,LPCAT3,0.740555
7223,FGFR3,0.6144191
7224,MON1B,0.73058295
7225,AC130371.2,0.80843955
7226,AC011472.4,0.84937114
7227,B9D2,0.7887733
7228,ANO4,0.8311766
7229,KRT2,0.8521206
7230,APOA5,0.79120874
7231,CD96,0.86919385
7232,M1AP,0.79056376
7233,PHF12,0.79586387
7234,CMTM3,0.68472594
7235,ZNF395,0.7320159
7236,STAC3,0.82087183
7237,ANKRD66,0.8683858
7238,SLC6A4,0.73503953
7239,PAK3,0.8290315
7240,NLGN1,0.8498059
7241,AC068722.2,0.8329739
7242,TOGARAM2,0.83167166
7243,WDFY3,0.75486875
7244,DPYD,0.7174885
7245,Z95331.1,0.83886343
7246,AMER2,0.8212071
7247,IRS4,0.82132363
7248,LINC01268,0.8388249
7249,MARK4,0.6818823
7250,NDOR1,0.8065445
7251,OR2J2,0.83342695
7252,ZSCAN30,0.7811928
7253,NFATC3,0.67382145
7254,LCA5,0.8239098
7255,GABRB2,0.87894607
7256,CDH4,0.8102319
7257,SULT1B1,0.83181185
7258,PIPOX,0.8326857
7259,CPA6,0.78868866
7260,XRN2,0.81835866
7261,DCTN2,0.76737446
7262,ADAMTS12,0.8673112
7263,TMPRSS4,0.729721
7264,ZNF891,0.7721645
7265,AC084809.1,0.83146054
7266,SNX9,0.6987328
7267,C17ORF80,0.7233061
7268,HEXIM1,0.7370925
7269,PCDHA13,0.84219974
7270,ZFYVE19,0.6642363
7271,HFM1,0.85060483
7272,ASB2,0.8189898
7273,FERMT2,0.797276
7274,THEMIS2,0.7507344
7275,XKR5,0.85307264
7276,LHFPL4,0.8472514
7277,RELA,0.6008558
7278,ARMC3,0.8247215
7279,SLC25A39,0.8015218
7280,STUB1,0.8368004
7281,PNMA2,0.8351307
7282,ACADL,0.8197692
7283,NT5M,0.68076795
7284,ARL10,0.81291837
7285,SLC4A5,0.75566655
7286,ENDOV,0.706446
7287,FSTL5,0.8490011
7288,MED13L,0.74078256
7289,LHX4,0.8420891
7290,FAM180A,0.79436797
7291,PRKAR1B,0.6608465
7292,IL12B,0.8503788
7293,TCTE1,0.83865523
7294,TSC22D1-AS1,0.81830144
7295,STK32A,0.8190176
7296,F2RL3,0.8559827
7297,BMP2K,0.7471404
7298,MBOAT7,0.86702186
7299,AP2B1,0.62560844
7300,AL133482.1,0.7933032
7301,ZNF341,0.8078514
7302,RHBDL3,0.7834508
7303,GPR68,0.80105525
7304,PATE2,0.8368196
7305,IRGQ,0.67011184
7306,MANEAL,0.7062526
7307,TEX53,0.8486991
7308,SMG9,0.606662
7309,KCNN1,0.838428
7310,GOLGA2,0.6215369
7311,IGBP1,0.6690097
7312,THEMIS,0.8857469
7313,TNFAIP6,0.7583687
7314,UBXN1,0.6722045
7315,ZNF763,0.78296465
7316,ACAD10,0.7771304
7317,OR10S1,0.85116595
7318,HCAR3,0.8127994
7319,CHST12,0.6749875
7320,PELI2,0.8408449
7321,ZNF385B,0.8126661
7322,AC091180.2,0.8328311
7323,GCDH,0.6863248
7324,GSTM4,0.6091842
7325,FAM175B,0.80236673
7326,UBE2L6,0.60287094
7327,SMIM14,0.8080217
7328,GSTA2,0.78649753
7329,STX2,0.81489664
7330,KAT5,0.6938866
7331,OR5T3,0.82215697
7332,AJ009632.2,0.82254577
7333,PRNP,0.71513766
7334,LINC00324,0.8082984
7335,ASIC3,0.7865707
7336,APEX1,0.8584046
7337,AL161785.1,0.8346729
7338,P2RX5,0.8079544
7339,EIF3F,0.6795645
7340,AC020909.2,0.8503625
7341,AC010542.2,0.8234884
7342,YPEL2,0.7114813
7343,TMEM151A,0.84230757
7344,ATP5O,0.71237874
7345,CDH8,0.8630597
7346,FAN1,0.7830278
7347,SYS1,0.64440846
7348,GPR42,0.8450319
7349,AFF4,0.8148355
7350,ZNF25,0.8302975
7351,CERS2,0.8134575
7352,TKFC,0.6824488
7353,LINC00645,0.7977198
7354,AC099489.1,0.8382886
7355,C17ORF62,0.7406388
7356,NUPL2,0.79605764
7357,NEK1,0.8142443
7358,DISP1,0.8242149
7359,MAGEA8,0.8410051
7360,CELF6,0.81378454
7361,AP1G2,0.7110765
7362,AC007998.3,0.84894997
7363,AKAP17A,0.66197926
7364,MSX1,0.7938221
7365,AKT2,0.7833527
7366,TBRG4,0.71853423
7367,MYL2,0.8285807
7368,ASGR2,0.85896826
7369,AC093525.7,0.8456965
7370,CEP128,0.8125059
7371,HRASLS5,0.8177154
7372,LINC02099,0.8350706
7373,IPO11,0.7224862
7374,ACIN1,0.7350734
7375,MAGED2,0.7127026
7376,NCMAP-DT,0.81832457
7377,ABCB11,0.8357258
7378,PRKAR1A,0.76595116
7379,ANAPC5,0.6996811
7380,CDH13,0.8271559
7381,PALLD,0.64419734
7382,CCSER1,0.8118055
7383,HAMP,0.73404366
7384,TAF1,0.7815489
7385,LMF2,0.6714444
7386,KCNAB1,0.80076283
7387,CACNA1G,0.76441336
7388,CCL18,0.64822227
7389,LINC02450,0.8436882
7390,SLC22A3,0.83353263
7391,ATP5F1D,0.69509107
7392,GPR171,0.8912358
7393,TNFRSF8,0.8654211
7394,NKX2-8,0.83720416
7395,CYP2U1,0.85517645
7396,REEP1,0.7565333
7397,LINC01088,0.81374645
7398,SPCS1,0.773972
7399,LINC02043,0.8198402
7400,MARCH1,0.88266164
7401,TIPARP,0.7157461
7402,SEL1L,0.574683
7403,TEX43,0.8213988
7404,HOXC4,0.7232787
7405,SPOPL,0.81732965
7406,SLC22A23,0.71452737
7407,CNKSR2,0.84570926
7408,LINC01393,0.8256414
7409,PHETA1,0.71302223
7410,PM20D1,0.8633626
7411,AC019257.1,0.85954636
7412,TMBIM4,0.6535464
7413,SLC35G2,0.7960163
7414,DEF8,0.59115976
7415,DCTN3,0.73301834
7416,ARSE,0.8273616
7417,PIK3R6,0.86341554
7418,POLR2J,0.7716906
7419,AC100801.1,0.7773685
7420,ERN2,0.79975945
7421,TAOK1,0.7471161
7422,PRR26,0.8723133
7423,WBP4,0.7910721
7424,ACER3,0.73516446
7425,H1F0,0.76076573
7426,NBPF26,0.78366274
7427,PWP2,0.65378994
7428,LINC00488,0.84743696
7429,TLCD2,0.8159261
7430,PHF21A,0.75437945
7431,PI4KB,0.81093067
7432,SHOX2,0.8359571
7433,WASHC2A,0.6822422
7434,TMEM176A,0.6116605
7435,GNG2,0.83678097
7436,PHF21B,0.78985
7437,BBIP1,0.6611426
7438,CYP4F26P,0.78534657
7439,KLHDC2,0.81523174
7440,KIF4B,0.8209583
7441,LINC01214,0.8266435
7442,P2RY2,0.7393541
7443,KCNH5,0.84282637
7444,AC110792.3,0.8086097
7445,SPATA6L,0.811186
7446,FBP1,0.63536716
7447,CLTCL1,0.79211617
7448,CCDC148,0.8183585
7449,MCOLN2,0.7931374
7450,AC012313.5,0.814456
7451,HAGH,0.7088625
7452,HSPB8,0.6555986
7453,CCDC81,0.8060078
7454,AL365181.2,0.8328993
7455,RAB27B,0.71765304
7456,ARHGAP35,0.8078711
7457,IRAK1,0.6787085
7458,NDUFA2,0.7160728
7459,RNF223,0.7699299
7460,DCDC2C,0.84218353
7461,CCER2,0.7975711
7462,TERC,0.83435494
7463,CSPP1,0.7483864
7464,SNRNP200,0.8361178
7465,PRKG2,0.83958983
7466,C16ORF70,0.75581616
7467,MMAB,0.67757493
7468,DDX3X,0.7848421
7469,UFSP2,0.7327798
7470,CCNDBP1,0.65320086
7471,ARHGEF3,0.6860302
7472,PHF3,0.7915881
7473,MSANTD1,0.81885046
7474,PIP4P1,0.6884176
7475,NR2E3,0.8227592
7476,RBMXL1,0.7396323
7477,DCAF10,0.7684435
7478,PCDHGA4,0.8497446
7479,HOXA7,0.7206869
7480,TEAD3,0.6721771
7481,ZNF44,0.80072546
7482,TPBG,0.6415062
7483,ABHD18,0.7975572
7484,BBOF1,0.7776893
7485,CA10,0.8062532
7486,DNHD1,0.78367203
7487,PCDHB5,0.81048423
7488,AC008105.3,0.8725533
7489,SART1,0.6873231
7490,AGO4,0.7934756
7491,PIH1D2,0.81273127
7492,GBP4,0.7740919
7493,MCEMP1,0.8514271
7494,APOC1,0.65865844
7495,AC092574.1,0.82512695
7496,DCAF8L1,0.83245105
7497,CYP20A1,0.7262375
7498,SPEM2,0.8452304
7499,PCDHA10,0.8110102
7500,AC073389.2,0.8458319
7501,ANXA1,0.57394284
7502,HOXD11,0.80093575
7503,HYDIN,0.8014598
7504,REN,0.8431974
7505,AC116036.2,0.8658252
7506,NSMCE1,0.7255928
7507,NINJ1,0.6829879
7508,FAM198B,0.74539775
7509,LRP1B,0.7988525
7510,PAK4,0.78162503
7511,AC040977.1,0.79912066
7512,OR13C3,0.8192126
7513,IL10RB,0.63200074
7514,AC092794.1,0.87912655
7515,NIN,0.76913404
7516,DNAJB14,0.7437933
7517,GCGR,0.8135275
7518,MCAT,0.69944566
7519,KCTD10,0.70430726
7520,AL121845.4,0.8449939
7521,AL160408.4,0.8500529
7522,LAMP5,0.77452224
7523,C2ORF80,0.8532464
7524,Z94721.3,0.8674321
7525,PRSS36,0.7915654
7526,HCK,0.7451453
7527,NKX2-1,0.8445657
7528,RAB24,0.6802284
7529,LCMT1,0.766408
7530,AL023806.2,0.8338921
7531,FKBP4,0.77310246
7532,IL17RC,0.66180617
7533,CFAP97D1,0.8556456
7534,SH2D4A,0.695833
7535,AL732314.4,0.860348
7536,TMEM260,0.80208236
7537,PELP1,0.656333
7538,NUDT14,0.6260256
7539,ZFHX2,0.7583766
7540,LINC01215,0.8425212
7541,AP4M1,0.68679553
7542,KRTAP1-5,0.8126591
7543,DDOST,0.7313938
7544,AL392086.3,0.84726506
7545,LRRC37A3,0.79717904
7546,AC026367.2,0.8471578
7547,MYCBP2-AS1,0.89651495
7548,ANKRD6,0.75976753
7549,MEF2A,0.6972125
7550,ANKRD17,0.7303788
7551,THBS3,0.4944764
7552,TAC3,0.8627355
7553,ZNF80,0.8597503
7554,TMEM45B,0.7060435
7555,NR1D1,0.7521121
7556,MCF2L,0.6765074
7557,TTC8,0.7310343
7558,GALK1,0.6791597
7559,NLE1,0.7492563
7560,AL359715.2,0.8472748
7561,DRP2,0.8498352
7562,HEYL,0.84160155
7563,LINC01943,0.8267371
7564,EIF6,0.7520108
7565,GIPC3,0.8192348
7566,AC116348.1,0.8414905
7567,TMBIM1,0.65246105
7568,CNPY2,0.8313572
7569,GOLGA6L4,0.77836734
7570,SEC11A,0.7789672
7571,BTN3A2,0.7660119
7572,RASSF7,0.7626266
7573,RERE,0.7453673
7574,DNAH12,0.82299584
7575,NEO1,0.64139754
7576,AC010201.2,0.81574816
7577,RBSN,0.72967815
7578,BIK,0.6118605
7579,TRIM50,0.8221891
7580,NSMF,0.6201268
7581,CPAMD8,0.6796511
7582,RER1,0.7645022
7583,ARHGAP32,0.7192147
7584,USP47,0.706024
7585,SH3GL1,0.67984813
7586,CACNA2D1,0.823606
7587,RAB1B,0.7518018
7588,CREBL2,0.7113681
7589,MECR,0.73634976
7590,RAPGEF6,0.82409453
7591,ALPK2,0.753901
7592,EIF4G3,0.69524026
7593,PPP2R2A,0.7266905
7594,TP53BP1,0.7721596
7595,PSMA8,0.8178858
7596,SMARCB1,0.69714
7597,AATF,0.70516807
7598,DOK7,0.72032213
7599,LINC02587,0.8294718
7600,BTAF1,0.73228794
7601,ANGEL1,0.7227633
7602,HOXA5,0.81378317
7603,IFT43,0.7225664
7604,LINC01048,0.83227855
7605,SLC1A4,0.54567
7606,AC103760.1,0.83157015
7607,BBS4,0.7727723
7608,AC026202.2,0.85599566
7609,AC073365.1,0.8019425
7610,RMDN2,0.8097425
7611,STK17B,0.7854359
7612,CCDC190,0.8324954
7613,STRIT1,0.81786805
7614,CLSTN1,0.7156804
7615,CX3CL1,0.6269402
7616,PDE8B,0.82924056
7617,FLRT3,0.8260493
7618,BMP4,0.74097747
7619,SLC47A1,0.8520672
7620,NFIX,0.5800449
7621,PIH1D1,0.59795266
7622,NANOS2,0.81956035
7623,PLPP2,0.74143237
7624,CALD1,0.73204285
7625,BTBD6,0.7010467
7626,GARNL3,0.8183972
7627,SLITRK1,0.8309653
7628,NCOA1,0.66097885
7629,NAP1L2,0.80271244
7630,PDAP1,0.7570956
7631,LONRF3,0.81784683
7632,FRMD4B,0.75216204
7633,TRADD,0.5801448
7634,SSBP4,0.6280079
7635,GDF11,0.7480223
7636,NAA10,0.7256527
7637,PTP4A1,0.5662263
7638,DAZL,0.8457678
7639,VCX,0.8090187
7640,GFM2,0.7393357
7641,P2RY10,0.86631703
7642,TICAM1,0.7392437
7643,OGFOD2,0.6384271
7644,ZMAT3,0.810898
7645,DOCK8-AS1,0.82887363
7646,AC060766.4,0.88386506
7647,RASA2,0.7974667
7648,VSIG4,0.7644476
7649,KIFC2,0.6872539
7650,PRKD1,0.8395688
7651,OTUD7A,0.80260116
7652,STK40,0.61963195
7653,IL5,0.84723717
7654,ZNF214,0.7943952
7655,ABCA5,0.7252247
7656,SCYL3,0.8227036
7657,GNAL,0.7585566
7658,LINC02012,0.8336577
7659,GAL3ST1,0.80624896
7660,CLDN14,0.8246624
7661,MAP3K7CL,0.86466914
7662,C1QL1,0.77595586
7663,HERC6,0.5553337
7664,DMXL1,0.76139593
7665,OR7A17,0.8498588
7666,CCRL2,0.84596133
7667,ALDH3A2,0.6821284
7668,LAMTOR2,0.7884588
7669,LHX1,0.8318305
7670,KEL,0.8431947
7671,LITAF,0.6404743
7672,SMYD1,0.83416367
7673,CD226,0.88930655
7674,LRRC59,0.682839
7675,CATSPERD,0.8329045
7676,FAM173B,0.8158708
7677,TSTA3,0.78296226
7678,INTS6,0.74181527
7679,CBFA2T2,0.79586595
7680,LINC01285,0.8270629
7681,NMUR2,0.83102065
7682,JCAD,0.864104
7683,PPIP5K1,0.7736168
7684,CC2D1B,0.77381134
7685,MAP6,0.8081209
7686,ETS2,0.66707915
7687,SPCS3,0.49612048
7688,TTN-AS1,0.8624973
7689,RNF207,0.72100335
7690,TAF6L,0.78487104
7691,RSRP1,0.70176643
7692,PLXNA3,0.7360366
7693,TRIM38,0.74928147
7694,MPO,0.84931636
7695,LRRC37A2,0.82925683
7696,RAB3A,0.69612485
7697,PDE6A,0.83230567
7698,MMP24-AS1,0.7602091
7699,RNASE13,0.8220229
7700,LY96,0.7905884
7701,SPDYE16,0.8308515
7702,RPS6KA5,0.70611686
7703,TMEM150C,0.7115089
7704,MALRD1,0.7917927
7705,YJEFN3,0.7503667
7706,PPOX,0.7052984
7707,PAEP,0.81962866
7708,MYPN,0.84496087
7709,ARID1B,0.7248065
7710,ATP9B,0.7532017
7711,PDPR,0.5634789
7712,PLAC8,0.8488078
7713,DERL1,0.7063013
7714,TRERF1,0.80783194
7715,SOX12,0.6428239
7716,TXNDC2,0.8466181
7717,FAM127B,0.7839842
7718,NCBP2-AS2,0.79676294
7719,PES1,0.6666792
7720,ECHS1,0.7808663
7721,AF186192.1,0.8312449
7722,AC093297.2,0.7138882
7723,FOXN4,0.8130493
7724,RETREG1,0.72031784
7725,UBIAD1,0.7099101
7726,FBXL17,0.76639724
7727,AC245297.3,0.7483997
7728,DYNLRB1,0.78656983
7729,CLEC18B,0.81424195
7730,F3,0.60231036
7731,VAPA,0.8066533
7732,GBAS,0.80390954
7733,INTS9,0.7866976
7734,IRAK3,0.7894454
7735,MYH15,0.81321675
7736,METRN,0.5857293
7737,MB,0.66486114
7738,ZFP2,0.8404171
7739,AC137630.2,0.84689456
7740,C9ORF16,0.679328
7741,LINC00987,0.799748
7742,MSANTD2,0.775059
7743,ALDH8A1,0.8466292
7744,ARHGEF26,0.7028397
7745,CPNE9,0.84310675
7746,PPFIBP1,0.7013052
7747,AC015921.1,0.8423402
7748,EPS8L2,0.72041416
7749,GBGT1,0.7615116
7750,AC092338.3,0.85409385
7751,PHF24,0.81643295
7752,ZNF483,0.77756125
7753,IL10,0.8553307
7754,NR2F1-AS1,0.7905167
7755,RNF125,0.8036828
7756,ATP2B1,0.6523923
7757,ADAMTS7,0.7578995
7758,OR4K17,0.83090615
7759,OR4D1,0.85778826
7760,INCA1,0.8187116
7761,AL117339.4,0.8241766
7762,KCNIP4,0.7916642
7763,EPHA3,0.8329517
7764,GPR135,0.8181875
7765,TEC,0.82178473
7766,KISS1,0.81910306
7767,CHRNA7,0.8406868
7768,GPHA2,0.8234754
7769,SV2B,0.8563049
7770,AC114810.1,0.82577735
7771,IQCD,0.8155934
7772,TTC25,0.82433397
7773,FCRL6,0.85385704
7774,TPRA1,0.6518431
7775,PELI3,0.75246644
7776,SP6,0.6300905
7777,UBN2,0.8109222
7778,VASP,0.55054295
7779,EID1,0.6820521
7780,PHF11,0.7090505
7781,ACSBG2,0.81073236
7782,ASH1L,0.7902999
7783,TNFRSF10D,0.82707995
7784,HADHA,0.7591078
7785,TJAP1,0.7034443
7786,PHACTR4,0.7782151
7787,EXOC4,0.6452096
7788,OR2H2,0.81416917
7789,TRAPPC3L,0.86001897
7790,AL162231.1,0.5965992
7791,FCGR2B,0.8178417
7792,AL596442.2,0.8378882
7793,LINC02102,0.8416068
7794,DDX6,0.54552925
7795,PNMAL1,0.81778646
7796,SLC17A9,0.6683423
7797,TCTN2,0.7211204
7798,AP000238.1,0.827082
7799,AC012354.1,0.8148858
7800,DNM2,0.63767976
7801,CFTR,0.8466236
7802,FAM117A,0.7296037
7803,ZNF665,0.8072149
7804,BNIP5,0.8282438
7805,PABPN1,0.7099963
7806,MKNK1,0.7161951
7807,AC084018.2,0.8285834
7808,ESX1,0.82640964
7809,RAB11FIP2,0.7788761
7810,ABR,0.66731626
7811,RHO,0.8416937
7812,MYBPC3,0.8385493
7813,RERE-AS1,0.8328596
7814,HABP2,0.8104159
7815,MFSD2B,0.51114464
7816,ASTN2,0.74470633
7817,SPATA32,0.8425286
7818,LRIG2-DT,0.80521756
7819,DEC1,0.8335847
7820,AC007681.1,0.8141861
7821,C11ORF58,0.8228865
7822,FAM171A2,0.7103192
7823,GAB1,0.7581606
7824,C1ORF87,0.83632916
7825,HSPA6,0.6472233
7826,TEKT3,0.81035286
7827,SH3BP5L,0.7763422
7828,AC106028.4,0.8081432
7829,WASHC1,0.70797586
7830,OR11H6,0.85010916
7831,AL590999.1,0.83573693
7832,PLPP3,0.69196767
7833,PAN3,0.7950635
7834,SPART,0.71366376
7835,TSHB,0.8648937
7836,BAK1,0.65767795
7837,SLC24A5,0.81588393
7838,MARK3,0.7048416
7839,AL138781.1,0.8392694
7840,LINC01482,0.8450381
7841,MAGEA1,0.84484243
7842,PYROXD1,0.7648724
7843,ZNF576,0.73043317
7844,ZNF134,0.7008569
7845,HMGCL,0.6035098
7846,ATP8B3,0.87311363
7847,ADAMTS9,0.7376382
7848,MRTFB,0.72681713
7849,ZNF773,0.8105054
7850,DOCK1,0.72841024
7851,SEC16A,0.8099111
7852,N4BP1,0.7166698
7853,AL080317.1,0.83420795
7854,TRIM62,0.7985225
7855,KLRK1,0.88316005
7856,TRMT61A,0.66311973
7857,AC021491.4,0.78634137
7858,APOBEC3H,0.8680261
7859,ST8SIA2,0.8562568
7860,GABRD,0.7846324
7861,SHISA2,0.69533116
7862,AC133540.1,0.82061815
7863,C1QB,0.69901496
7864,ITK,0.87835455
7865,SLC20A1,0.62402385
7866,PDC,0.85252196
7867,HOXC5,0.8453637
7868,AC048341.1,0.8046851
7869,BX323043.1,0.863043
7870,P2RX3,0.834789
7871,IGLV8-61,0.85755366
7872,DERL2,0.6442142
7873,IGSF6,0.87067145
7874,AC027097.2,0.821316
7875,AP3D1,0.83231145
7876,AC007038.1,0.80957776
7877,AFAP1L2,0.7127487
7878,SLC17A2,0.84230584
7879,MARCH8,0.731805
7880,MAGEA2,0.8229316
7881,UTS2B,0.83235407
7882,WWTR1-IT1,0.8380495
7883,CMIP,0.69660234
7884,ISCU,0.5827852
7885,GPC6,0.8536182
7886,GLRA3,0.8436384
7887,TMF1,0.70618963
7888,AC017104.1,0.86756563
7889,EFHB,0.84313947
7890,GPCPD1,0.6795772
7891,S100A7A,0.6099567
7892,NEK9,0.6706464
7893,KMO,0.75041
7894,DDR2,0.7100332
7895,TMEM11,0.6626116
7896,RUFY4,0.8291194
7897,PRH1,0.84103113
7898,AC107982.3,0.8321263
7899,SAMD4B,0.6367327
7900,FHAD1,0.8579897
7901,GLI2,0.84893245
7902,SLC26A8,0.8267882
7903,AC093726.2,0.8296558
7904,C1QTNF2,0.7866083
7905,AC010327.5,0.82410413
7906,C1ORF56,0.6827378
7907,AL391845.2,0.8397052
7908,CCDC68,0.83717704
7909,ADD1,0.66767496
7910,C5AR1,0.8479185
7911,KANTR,0.7661522
7912,ZNF841,0.79758495
7913,PAM,0.63335043
7914,SPSB1,0.578399
7915,ZNF844,0.72606325
7916,TCERG1,0.79521966
7917,SUCNR1,0.8680083
7918,SHB,0.66190094
7919,RXFP1,0.87253565
7920,CSF2RA,0.83761173
7921,DNAJC14,0.6930135
7922,U91319.1,0.8178751
7923,C1ORF21,0.59397525
7924,MTMR8,0.8661433
7925,LACTB2-AS1,0.8546868
7926,CCDC189,0.7733664
7927,CHMP4B,0.822742
7928,C3ORF35,0.8302591
7929,NCOA3,0.70443606
7930,CPO,0.8465843
7931,AL158196.1,0.84800416
7932,HIGD2A,0.6795848
7933,GNAT1,0.867004
7934,LINC01480,0.867755
7935,DNAH5,0.78462464
7936,ZBED1,0.5210718
7937,AC009283.1,0.7106013
7938,KATNB1,0.7698721
7939,C19ORF43,0.7408498
7940,GUSB,0.6132737
7941,FAM83G,0.72577935
7942,MTX3,0.7376609
7943,DCDC2,0.7526414
7944,CASP5,0.86790913
7945,MIR9-3HG,0.78109354
7946,DUS2,0.72576326
7947,TIGIT,0.8397158
7948,TXNDC17,0.81378716
7949,AL512625.3,0.8683896
7950,ASAP3,0.6081522
7951,OBSCN,0.6239225
7952,WASHC4,0.7288354
7953,ZFHX2-AS1,0.7985756
7954,SARDH,0.8544739
7955,CARD19,0.6628827
7956,IVD,0.6484173
7957,DAZAP2,0.80437297
7958,DPM3,0.7560139
7959,PAF1,0.6831426
7960,LILRA1,0.8622739
7961,AC007390.2,0.83669454
7962,MIF4GD,0.62657
7963,ZDHHC3,0.70926476
7964,ZNF502,0.81386566
7965,HECTD3,0.6816251
7966,AIF1,0.81570417
7967,ELFN2,0.84014827
7968,OTUD3,0.79244226
7969,GRIK3,0.78105164
7970,PIGO,0.6824329
7971,TNFAIP8L1,0.7478129
7972,RNASEH2A,0.6971851
7973,GATD3A,0.5756008
7974,AL139246.5,0.7140977
7975,ARL13B,0.8263383
7976,SH2D3A,0.7525196
7977,LZTS2,0.65699095
7978,TPP1,0.69854945
7979,STAT3,0.6211986
7980,TPRG1L,0.6310038
7981,DRC1,0.80959296
7982,GHRL,0.80014616
7983,SPANXD,0.8121211
7984,RHCE,0.7180932
7985,RBBP6,0.77601266
7986,AL158071.4,0.8409934
7987,FUOM,0.6002626
7988,AC087392.5,0.81419224
7989,SDR42E2,0.8626477
7990,AL133243.3,0.84843904
7991,HOXD3,0.8406511
7992,SGIP1,0.81654006
7993,STYXL1,0.7422859
7994,AC012313.8,0.8353674
7995,PIK3C2G,0.7699377
7996,DZIP3,0.81419367
7997,C17ORF50,0.8233023
7998,ZNF449,0.8010922
7999,REEP5,0.80252796
8000,OGFOD3,0.5765609
8001,SLC27A2,0.6765428
8002,ZNF18,0.758982
8003,HRNR,0.8529995
8004,GLUD1,0.7639785
8005,RNF216,0.7815984
8006,ZNF3,0.70787734
8007,BHLHA15,0.8415138
8008,LETMD1,0.7392296
8009,AF127936.2,0.8573756
8010,PAFAH1B2,0.7106435
8011,LRRC4C,0.79770494
8012,AC004687.1,0.8665759
8013,PLOD1,0.63714653
8014,GABPB2,0.7153816
8015,DHX8,0.73580915
8016,ZCWPW1,0.76314086
8017,SLC25A20,0.75860363
8018,USP21,0.771272
8019,CHST15,0.5043896
8020,VPS13B,0.8051913
8021,VN1R2,0.8673709
8022,ZNF554,0.7704889
8023,LHPP,0.6116134
8024,CNTN3,0.79372907
8025,DDR1,0.87965244
8026,AC010735.2,0.8056552
8027,HMBOX1,0.76669645
8028,TNFAIP3,0.7791504
8029,TPR,0.7723849
8030,HCRT,0.8571895
8031,LINGO4,0.7490034
8032,FBXL7,0.7720716
8033,CARF,0.8143795
8034,DDX53,0.83543444
8035,WNT8A,0.81999785
8036,CRYM,0.7795992
8037,RGS18,0.8644635
8038,DSEL,0.80791736
8039,ZNF516,0.6844954
8040,TRIB2,0.61607164
8041,HSD17B3,0.833643
8042,ADCK1,0.793072
8043,CASS4,0.86135316
8044,ANKLE2,0.6195192
8045,SMYD5,0.7380517
8046,NT5C1B,0.8565633
8047,LINC01117,0.8290007
8048,ATG14,0.7833596
8049,CYTIP,0.8590174
8050,ZNF768,0.80305123
8051,ELF2,0.73738813
8052,CROT,0.7497383
8053,PPWD1,0.74948597
8054,CRYGN,0.7976542
8055,RIOK3,0.71481794
8056,GTF2IRD2B,0.7620821
8057,ZNF839,0.7490352
8058,GZMB,0.7729826
8059,LRRFIP2,0.6907863
8060,AC104819.3,0.8578133
8061,RC3H1,0.7707637
8062,FRZB,0.4879824
8063,BSN,0.84895307
8064,FAM76A,0.79239255
8065,PJA2,0.57604957
8066,LINC02328,0.8020819
8067,ZSWIM2,0.79853773
8068,LRRC36,0.83326346
8069,AC023794.1,0.8287038
8070,TNFSF10,0.62328166
8071,HNRNPDL,0.80423665
8072,LAYN,0.793201
8073,FAM133B,0.73400545
8074,KSR1,0.75172037
8075,NFKB1,0.62817734
8076,AL034417.2,0.8465802
8077,SLFN13,0.67185664
8078,GABRR2,0.848783
8079,LINC01123,0.8164533
8080,SHISA8,0.82113093
8081,SPINK8,0.7520903
8082,EXOC3L4,0.8264262
8083,USP15,0.7404024
8084,AC097448.1,0.81694394
8085,HIST1H4K,0.63593316
8086,AC110769.2,0.8367572
8087,PPP1R13L,0.78855485
8088,HSF4,0.7588776
8089,AC008121.2,0.84600216
8090,SHC3,0.7479112
8091,KAT8,0.64748853
8092,GCAT,0.6726753
8093,FAM71E1,0.7731492
8094,OR52N4,0.848661
8095,PANO1,0.8008649
8096,HES7,0.8198271
8097,HIF1AN,0.7267399
8098,ASCC2,0.6680589
8099,CCL26,0.80833083
8100,RNF10,0.73319244
8101,NEDD9,0.60169226
8102,ZP4,0.8367665
8103,MRPL52,0.6829174
8104,LINC02428,0.83209175
8105,MYO1D,0.6228028
8106,SIRLNT,0.7298289
8107,LYPD4,0.8439329
8108,MORC2-AS1,0.84045106
8109,SIRPB2,0.8651193
8110,CCDC174,0.7546838
8111,STS,0.70716625
8112,PHACTR3,0.82874703
8113,PRDM4,0.7789547
8114,AC015819.1,0.85356027
8115,C4ORF3,0.7083003
8116,TMEM63A,0.7301404
8117,AC023790.2,0.8223665
8118,IGHG3,0.6865136
8119,PLPPR4,0.83996916
8120,TIMM44,0.6775954
8121,SACS,0.745693
8122,SKOR1,0.8125436
8123,NUDT3,0.7225905
8124,AL132655.2,0.819778
8125,AL591848.4,0.8480285
8126,CYP8B1,0.82344264
8127,LYPD6,0.7628217
8128,TAGAP,0.82825345
8129,MIER1,0.75241995
8130,TBATA,0.8416972
8131,GFI1,0.85550356
8132,TMEM129,0.6825487
8133,DNAH17,0.7496988
8134,ZZZ3,0.8022464
8135,ANKK1,0.7845518
8136,AC007785.3,0.85637885
8137,CAD,0.77859116
8138,SECISBP2L,0.72909
8139,LAMB4,0.85191804
8140,KIAA0556,0.7286857
8141,SIGLEC15,0.83123827
8142,AP001816.1,0.7942533
8143,MYLIP,0.68870234
8144,PSEN2,0.71097106
8145,SMCO2,0.84322923
8146,CCHCR1,0.6842882
8147,PDE8A,0.7002055
8148,LINC02356,0.83641
8149,NEU4,0.7905933
8150,P4HA3,0.8413692
8151,SVOP,0.8076401
8152,STK25,0.77554804
8153,SLAMF9,0.78285336
8154,PSG6,0.86204845
8155,ATP6V0D2,0.8270386
8156,PABPC4,0.69155425
8157,LIPA,0.6003611
8158,AC074351.1,0.86790544
8159,NAPRT,0.55889153
8160,ZNF496,0.747946
8161,TOPORS,0.74836236
8162,SLC52A1,0.7907977
8163,FSIP2-AS1,0.83974046
8164,PTCD1,0.6531989
8165,NAB2,0.6685316
8166,GNAT3,0.822221
8167,BICDL2,0.72587556
8168,PARK2,0.85414314
8169,LDLR,0.7045276
8170,PRKAG1,0.7775131
8171,HOPX,0.71173143
8172,MYL3,0.8480141
8173,GNGT2,0.8552756
8174,ZNF416,0.8144432
8175,PPP1R17,0.8538559
8176,TP73,0.7689951
8177,MCF2,0.8295989
8178,CHD4,0.7772095
8179,AC134312.5,0.8079457
8180,ITPRIPL2,0.6167679
8181,FGFR1,0.51949835
8182,ALG1L,0.7907811
8183,BRK1,0.70598584
8184,LINC00939,0.8330259
8185,SLU7,0.62992144
8186,FARSA,0.69900197
8187,CLEC12A,0.84959364
8188,AKAP10,0.7838599
8189,LINC01896,0.8412557
8190,LDOC1L,0.7929382
8191,OGG1,0.7875797
8192,MKNK2,0.78479284
8193,CAPN9,0.80318767
8194,LINC02804,0.83446026
8195,INSM1,0.7053234
8196,SAFB2,0.7258962
8197,DHRSX,0.6325491
8198,AC000403.1,0.87631893
8199,RHPN1,0.7682263
8200,AL021368.1,0.85504645
8201,OVGP1,0.78034115
8202,DLG3,0.8069275
8203,MRPL14,0.72806996
8204,JAK2,0.7797621
8205,COMTD1,0.7044979
8206,TBXA2R,0.8436408
8207,KCNAB3,0.81408185
8208,ZNF549,0.79772705
8209,PSMC3,0.7050317
8210,AC004982.1,0.80912906
8211,HIGD1C,0.83618
8212,RAB11A,0.8367204
8213,GPR31,0.865292
8214,AC074387.1,0.8482783
8215,HSF5,0.85031134
8216,CCKAR,0.8502844
8217,RTN3,0.7911443
8218,AC093827.4,0.8425062
8219,ALPL,0.5344474
8220,SPIRE2,0.67330366
8221,SFXN4,0.76962775
8222,A1BG,0.5418489
8223,ARHGAP31,0.76842326
8224,AC025774.1,0.83529425
8225,KRT34,0.8480008
8226,AC025165.4,0.8071533
8227,KIAA0907,0.80512685
8228,AL590399.3,0.82991916
8229,RIMS1,0.8313198
8230,AC100803.4,0.8694012
8231,LINC02019,0.8492195
8232,MMP14,0.6729887
8233,PCDHGA10,0.8212363
8234,AC108704.1,0.83902407
8235,MAFG,0.73199916
8236,FAM13A,0.7133457
8237,MTRNR2L12,0.57966
8238,THG1L,0.7441899
8239,C5ORF17,0.8431356
8240,DRAXIN,0.7846489
8241,CXCL3,0.7841924
8242,KCNJ10,0.8164014
8243,KIF16B,0.7828009
8244,GLRA2,0.8445403
8245,LATS2,0.8219035
8246,MFSD13A,0.7900641
8247,FAM86C1,0.73794204
8248,OR6C3,0.8299315
8249,CTRB2,0.84377605
8250,SHISA6,0.8439905
8251,ZDHHC11,0.66327685
8252,TBC1D25,0.7252429
8253,PDE7B,0.8567567
8254,LINC01275,0.8640234
8255,LINC01705,0.8589656
8256,AP001528.1,0.8347978
8257,CALML6,0.8239648
8258,SEC14L6,0.8257122
8259,KLHL29,0.84309435
8260,DNAH3,0.8392276
8261,C1ORF54,0.83692807
8262,ANKRD53,0.8462691
8263,INSYN2A,0.79182464
8264,OR5AS1,0.83781695
8265,IFT74,0.758753
8266,PIGG,0.7777371
8267,OSGIN1,0.6982191
8268,BRD4,0.63716704
8269,ZBED5,0.77305263
8270,LCP1,0.7400784
8271,ZNF213,0.76109713
8272,COMT,0.68743825
8273,NPFFR1,0.8290675
8274,TNR,0.8253731
8275,LMCD1-AS1,0.8134931
8276,GDF15,0.5831643
8277,AP1M1,0.6206663
8278,YTHDC1,0.7535623
8279,AL138828.1,0.8341953
8280,GLB1L,0.6982122
8281,ENTPD5,0.6937869
8282,CDK13,0.7343283
8283,AREL1,0.78116536
8284,SPRR5,0.85459065
8285,TM7SF2,0.6170145
8286,GPR15,0.84036684
8287,KRBA1,0.795108
8288,C9,0.8222094
8289,AC093787.2,0.8581462
8290,SLFNL1,0.82332134
8291,OR2L5,0.82859373
8292,SPSB2,0.67262465
8293,GDI1,0.78174525
8294,CNP,0.6581173
8295,AC009032.1,0.82161856
8296,DAP3,0.848898
8297,METTL13,0.7565562
8298,ITGA2B,0.81887656
8299,C4ORF36,0.8143611
8300,EMC9,0.71267205
8301,AC005726.1,0.82943755
8302,PIAS1,0.7146096
8303,AC146944.4,0.8028671
8304,TMEM55B,0.75799423
8305,IDH3B,0.76839924
8306,CSK,0.6644375
8307,STPG2,0.8164291
8308,SLC46A2,0.8422861
8309,TBC1D20,0.74236816
8310,OSR2,0.74424106
8311,BST1,0.83412427
8312,CRIP3,0.8408537
8313,SLC25A21,0.81388617
8314,TTLL6,0.81129366
8315,RDH13,0.7467272
8316,PEA15,0.6143103
8317,IGSF9B,0.80548793
8318,ZBTB1,0.7617673
8319,ZNF84,0.71951884
8320,MAP2K2,0.7418711
8321,GLB1L2,0.7085678
8322,GAPVD1,0.7049969
8323,MC2R,0.83020115
8324,CT45A3,0.8330579
8325,FICD,0.7708969
8326,ZNF445,0.77240497
8327,MRPL10,0.61851215
8328,CAVIN3,0.6489872
8329,DDB1,0.8451498
8330,CASZ1,0.7371509
8331,AC026356.2,0.84533304
8332,SLF1,0.8016519
8333,TMEM87A,0.7903668
8334,NEURL2,0.79869705
8335,STAT1,0.43800315
8336,CNTD2,0.7158029
8337,KLK12,0.8423767
8338,MDM2,0.7251139
8339,RASSF9,0.8526463
8340,TRPV4,0.7374676
8341,MVK,0.72189945
8342,AC073072.1,0.82702893
8343,MGA,0.808743
8344,STIM1,0.61708885
8345,SHISAL2A,0.85542035
8346,TEX11,0.840676
8347,KATNAL1,0.8117048
8348,C19ORF38,0.80232126
8349,RPH3A,0.8372993
8350,DMTN,0.67409366
8351,WRB,0.81964225
8352,REEP2,0.7640841
8353,KCNK7,0.85377294
8354,C1RL,0.7077444
8355,CFAP70,0.81559515
8356,ZNF394,0.744092
8357,PPP3CC,0.7592012
8358,FAM19A5,0.84040165
8359,NVL,0.84250975
8360,MRPS34,0.7495839
8361,HRAS,0.6948007
8362,MAGEA2B,0.8406082
8363,CPA5,0.8454454
8364,CCDC114,0.8470028
8365,ACKR2,0.70262
8366,CBLN2,0.77476615
8367,AL138995.1,0.83199006
8368,SMAD5,0.7158942
8369,LRCH3,0.7609369
8370,MPV17L,0.70031697
8371,ZNF248,0.7690087
8372,KCNJ9,0.83073765
8373,CDC37,0.72470546
8374,CYB561D1,0.7487367
8375,CIB4,0.8119971
8376,TAS2R13,0.84077287
8377,RHOH,0.73634195
8378,RASL12,0.7914743
8379,IBA57-DT,0.82068944
8380,EIF2AK4,0.6946275
8381,CPNE6,0.85602665
8382,RASSF4,0.730072
8383,ERMN,0.83676976
8384,MSX2,0.7113919
8385,CLIP1,0.7453843
8386,NANS,0.72103524
8387,KIAA0513,0.6890809
8388,HIST1H1A,0.8319543
8389,TRIM13,0.76467913
8390,KLRC2,0.82697815
8391,ADORA3,0.79595375
8392,YTHDC2,0.80468315
8393,CEACAM6,0.47737584
8394,CUBN,0.8540186
8395,MARK2,0.81771547
8396,LRIG2,0.8098908
8397,AC004540.1,0.7887082
8398,SORBS2,0.67476416
8399,APAF1,0.73190546
8400,LGR5,0.79301625
8401,AC025171.4,0.85870886
8402,RHBDD3,0.64398634
8403,LINC00683,0.8119397
8404,CACNG3,0.8446124
8405,C19ORF12,0.6743173
8406,COG8,0.75034696
8407,PSD3,0.66240793
8408,CLDN25,0.84284157
8409,ZSCAN1,0.7221096
8410,MIPOL1,0.77564555
8411,EHMT1,0.7627172
8412,PIAS2,0.77330214
8413,HIPK3,0.7207506
8414,NTMT1,0.67236567
8415,TNNI3K,0.7927663
8416,WDR19,0.7862707
8417,SLFNL1-AS1,0.7859406
8418,KPNB1,0.70947975
8419,AC021755.3,0.8128794
8420,GSAP,0.79128003
8421,METTL2A,0.66458964
8422,NAPA,0.70787853
8423,AC092807.2,0.83071786
8424,CPB2,0.821212
8425,ENAH,0.7467832
8426,PIRT,0.81954646
8427,SH2D2A,0.69633824
8428,CCDC18,0.7962349
8429,PNMA1,0.65225583
8430,AL133467.1,0.85313755
8431,CCR5,0.87288314
8432,SPACA6,0.72955793
8433,SUPT20H,0.8209153
8434,OR4Q3,0.8440602
8435,AC009318.4,0.8320777
8436,RTL1,0.8611545
8437,AC135050.3,0.83557576
8438,ANKRD49,0.79880005
8439,REG4,0.85465056
8440,IL17RE,0.6352651
8441,TSSK4,0.83323455
8442,RAD9A,0.65168446
8443,CCDC155,0.8564635
8444,SV2A,0.8261812
8445,HTR7,0.84030503
8446,SLC18A1,0.8470738
8447,WIF1,0.70468324
8448,SMIM5,0.71871513
8449,DNASE1L1,0.56527233
8450,GH1,0.8307113
8451,ODF3L1,0.8271496
8452,SLC35B2,0.79901296
8453,CKAP4,0.6371685
8454,C5,0.8113418
8455,SEC14L5,0.82989794
8456,HCN4,0.8149298
8457,CPLANE2,0.8148205
8458,PYGO1,0.7351768
8459,LINC00957,0.8137259
8460,EPO,0.78879637
8461,AC009021.1,0.8778627
8462,KRI1,0.6741672
8463,AC010904.2,0.8079483
8464,HAAO,0.8306077
8465,CEP295,0.8202493
8466,WWP1,0.7203164
8467,NEURL4,0.75308365
8468,AC007614.1,0.8251191
8469,HAS3,0.6772787
8470,TBC1D32,0.81169343
8471,CCNI,0.4676079
8472,FNIP1,0.7176144
8473,EHMT2,0.70404285
8474,AGO3,0.77803475
8475,CYB5R3,0.5819972
8476,CCNF,0.66742724
8477,HERC2,0.7965738
8478,GATB,0.7658961
8479,EGFL6,0.7963095
8480,ITGAM,0.78174496
8481,CD164,0.7911796
8482,AC010967.1,0.8319066
8483,BMPR1B-DT,0.7831962
8484,USP27X-AS1,0.83783036
8485,BARHL2,0.8643144
8486,C17ORF82,0.82401437
8487,SKIDA1,0.8199864
8488,TM9SF2,0.7556847
8489,LRRC4,0.8582592
8490,ATP10A,0.7890826
8491,HYOU1,0.64872724
8492,MANBAL,0.72976965
8493,ACSM3,0.7222213
8494,ESYT1,0.6571342
8495,ABHD6,0.79606444
8496,CBLC,0.64640343
8497,SRGAP2B,0.85174465
8498,OTP,0.85506946
8499,CERT1,0.76030475
8500,FANCM,0.8046854
8501,PABPC1L,0.7129372
8502,FAM124A,0.80470294
8503,AC011476.3,0.85311145
8504,NTNG1,0.80932045
8505,OSGEP,0.67776054
8506,GYS2,0.83052534
8507,VCAM1,0.7836649
8508,TEX49,0.8432374
8509,ICA1,0.7364588
8510,WDR72,0.82070565
8511,ALOX5,0.7736196
8512,FAM66D,0.85056657
8513,ZBTB25,0.7611181
8514,AL589740.1,0.82290536
8515,IBTK,0.69680095
8516,PPP1R13B,0.7002656
8517,KCND1,0.8379666
8518,FTO,0.6537586
8519,DELE1,0.63281757
8520,ADAM19,0.8243766
8521,CEP89,0.6917217
8522,ATP6AP2,0.7736189
8523,TRPV6,0.69277793
8524,TRIM66,0.7584836
8525,EFCAB5,0.8231893
8526,LINC00930,0.8571062
8527,AC108519.1,0.8303666
8528,AC007823.1,0.8120467
8529,RLN1,0.83304644
8530,AP000345.2,0.85098267
8531,ILF3,0.8369929
8532,PALM3,0.7845618
8533,RNF214,0.78002
8534,AC239804.1,0.8496537
8535,LYSMD3,0.71526617
8536,FBXO44,0.7783527
8537,OTOS,0.8204227
8538,IL26,0.84871036
8539,OR52I1,0.8286968
8540,KCNJ15,0.8302364
8541,C9ORF153,0.8724773
8542,TM9SF3,0.8169951
8543,SMIM36,0.8069751
8544,SEC14L4,0.8515658
8545,RASSF6,0.76961786
8546,DHX38,0.6890283
8547,HSPA4,0.7172222
8548,VPS36,0.68477625
8549,ARRDC4,0.70870477
8550,CSNK1E,0.7308538
8551,U73166.1,0.8259718
8552,DRD3,0.861988
8553,OSBPL8,0.6878648
8554,ENOSF1,0.78536916
8555,AAR2,0.7170122
8556,KCNC4,0.7141842
8557,MID1IP1,0.72281694
8558,C14ORF28,0.80868953
8559,AL049840.2,0.8206227
8560,ZNF71,0.7743377
8561,SLC24A1,0.765779
8562,AC064875.1,0.8462505
8563,AMOTL2,0.6192618
8564,AGGF1,0.74079084
8565,RIIAD1,0.76399827
8566,LINC00513,0.83762056
8567,CHPF2,0.5592056
8568,AP001469.3,0.8326187
8569,GYPE,0.8576364
8570,LINC01002,0.8013759
8571,GUF1,0.6907502
8572,STAP1,0.87242776
8573,KCNE2,0.8170158
8574,SLA,0.8666251
8575,CD320,0.63961047
8576,LINC00173,0.77709275
8577,ERH,0.78970736
8578,PLEKHG6,0.66858464
8579,IGF2R,0.7100187
8580,TMEM141,0.774533
8581,SFTA2,0.8443856
8582,TRIM23,0.8201396
8583,UGT2B11,0.63550574
8584,AL583856.2,0.81314373
8585,SUPT5H,0.6345084
8586,ILVBL,0.6719322
8587,TAF15,0.74588823
8588,HPD,0.78783035
8589,RNF169,0.7488728
8590,AC114811.2,0.82548267
8591,HGFAC,0.77727383
8592,CELA1,0.85293025
8593,PIK3R3,0.7059181
8594,GSK3A,0.77201027
8595,PPP2R5E,0.72202826
8596,CPSF4L,0.8212685
8597,GRAMD1A,0.6414044
8598,LECT2,0.86225957
8599,LRRC31,0.7549157
8600,POR,0.7282714
8601,TREML2,0.8516212
8602,LINC02605,0.827751
8603,SYCN,0.8421255
8604,TMCC3,0.78941447
8605,TMEM198,0.7654741
8606,ECH1,0.6922474
8607,TOP3A,0.761223
8608,CACNA1E,0.8206671
8609,PRPF31,0.77787215
8610,LRRC10B,0.7267199
8611,LINC02285,0.8285275
8612,SMG1,0.81920433
8613,DCX,0.793247
8614,CETP,0.8749576
8615,CTNNA1,0.8207033
8616,SLC35B4,0.7736773
8617,STUM,0.81280726
8618,RETSAT,0.7581629
8619,PRDM15,0.8007715
8620,AL021707.1,0.85029864
8621,MAGEB16,0.8396986
8622,TPK1,0.8398166
8623,C2ORF47,0.8210698
8624,ITPRIPL1,0.84982085
8625,UNC119,0.69307274
8626,PXK,0.83947414
8627,CRTC3,0.69114566
8628,TEX19,0.8482649
8629,ZNF582,0.81247616
8630,AL162171.3,0.82399374
8631,TNFSF8,0.8493047
8632,DUSP22,0.7203956
8633,EDDM3A,0.8418708
8634,AL359317.2,0.83066416
8635,ELL,0.68475705
8636,TLR7,0.8419151
8637,ZNF528,0.7768095
8638,PISD,0.5974624
8639,ERICD,0.8198382
8640,CD8A,0.8290519
8641,PIGL,0.7493636
8642,TMEM98,0.55079734
8643,FABP6,0.6475089
8644,UGT2B7,0.7917683
8645,AFTPH,0.832498
8646,CCDC84-DT,0.8543906
8647,JARID2,0.75584364
8648,PADI4,0.8536622
8649,ZNF169,0.8042478
8650,ZNF780B,0.7269437
8651,KLHL31,0.83117247
8652,TBCK,0.77547115
8653,CATSPERG,0.76880956
8654,LINC01714,0.8603192
8655,RRP12,0.73467094
8656,ATXN7,0.76932937
8657,RHOBTB3,0.5878996
8658,ZNF785,0.75716925
8659,SWT1,0.8107181
8660,C17ORF107,0.715247
8661,UIMC1,0.74855214
8662,SMG5,0.7614999
8663,KCNK17,0.7965031
8664,TRIM59,0.6368063
8665,SRSF6,0.77400917
8666,FAM71F2,0.78292745
8667,ZNF98,0.7913591
8668,CASD1,0.776998
8669,ZNF620,0.8227313
8670,MVB12B,0.80750513
8671,LINC02577,0.76713866
8672,ACTR1A,0.621276
8673,CD28,0.8964081
8674,NAA38,0.7033116
8675,KIAA1522,0.8444064
8676,TCOF1,0.72991085
8677,CREG2,0.7981569
8678,LINC00877,0.86579794
8679,LINC00582,0.8418076
8680,METTL2B,0.71851444
8681,FNDC8,0.87214106
8682,RGS6,0.8075959
8683,METTL14-DT,0.8111294
8684,SIAE,0.7308388
8685,SIPA1L1,0.7151632
8686,RTN1,0.7103682
8687,MED12,0.762387
8688,EML6,0.81351167
8689,IFT88,0.80844474
8690,OR7G2,0.8013582
8691,DIS3L,0.7628307
8692,TOR4A,0.8193539
8693,COG4,0.6170655
8694,SHBG,0.8432161
8695,ATG9B,0.7460776
8696,GPR101,0.8357107
8697,POLI,0.74442214
8698,UCP3,0.79693365
8699,PCK1,0.87388164
8700,KLF8,0.7031624
8701,AC012313.1,0.8490281
8702,IL6R,0.82044554
8703,IL7,0.8533804
8704,HPN,0.67443675
8705,CEP135,0.7942486
8706,PLAAT2,0.7324207
8707,RFX3-AS1,0.8320845
8708,SLC19A2,0.67477375
8709,BCL9L,0.7163896
8710,FLT3LG,0.85493946
8711,NPAS3,0.82885736
8712,POLR2I,0.75758344
8713,PQLC3,0.773215
8714,WDR74,0.7293808
8715,SLC16A8,0.7926205
8716,WNT2B,0.8086846
8717,ADGRG7,0.828204
8718,H2AFY,0.82712436
8719,EPT1,0.8086254
8720,SEPT2,0.7087951
8721,ERP29,0.79613096
8722,TMEM255A,0.8504534
8723,RAD51D,0.78942585
8724,ALDH1A3,0.5882562
8725,RING1,0.6850222
8726,PHF2,0.7615771
8727,NFATC1,0.5975695
8728,MARF1,0.72734755
8729,MAML3,0.8278391
8730,MUC12,0.8485918
8731,CCL5,0.6579635
8732,MPV17L2,0.66618395
8733,NPBWR2,0.87282467
8734,CLPS,0.828641
8735,SSUH2,0.85305125
8736,EDIL3,0.78722626
8737,RAX,0.84740114
8738,AC104964.4,0.8478063
8739,AC067930.8,0.85065144
8740,TTC23,0.7463885
8741,ZNF804A,0.85115284
8742,FKBP2,0.41658247
8743,INSR,0.6488201
8744,LINC01641,0.56026566
8745,ACD,0.6743016
8746,WIPI2,0.7629574
8747,PITX3,0.87184507
8748,RYR2,0.7752905
8749,FAM168A,0.6836417
8750,IYD,0.81615895
8751,NLRX1,0.75444746
8752,CNTNAP3B,0.77866143
8753,KIAA1211,0.79167414
8754,TPRG1,0.6848101
8755,C3ORF22,0.8337446
8756,AC103746.1,0.84348845
8757,SLC7A2,0.61523306
8758,TULP1,0.8121185
8759,GRM2,0.8303767
8760,WNT9B,0.8220771
8761,TAB1,0.74446243
8762,PRAMEF1,0.84534234
8763,ZC3H18,0.7636098
8764,YIPF5,0.6378941
8765,CCDC183,0.78457314
8766,HEPACAM2,0.76949376
8767,POU3F1,0.8608029
8768,IGHE,0.78026325
8769,MYOF,0.67121905
8770,SPATA18,0.7595183
8771,SLX4,0.8160742
8772,SIAH3,0.85060424
8773,DBNL,0.6489744
8774,ACY3,0.8047212
8775,TWIST1,0.76098824
8776,AC024257.3,0.8319747
8777,TNFAIP1,0.64877856
8778,AC002451.1,0.8431215
8779,KITLG,0.63155645
8780,NUCB2,0.6038219
8781,PLEKHH1,0.73428446
8782,BPIFC,0.82209086
8783,AC005537.1,0.8210922
8784,SH3BGRL2,0.7793236
8785,CHRM3-AS2,0.8240494
8786,ADCY3,0.7042027
8787,ZEB2-AS1,0.8464009
8788,SRRM4,0.8301503
8789,OR8K3,0.832572
8790,PYCR1,0.6984196
8791,RAD52,0.76710767
8792,ANKFY1,0.6877789
8793,MRPS2,0.6973467
8794,COL8A2,0.735039
8795,PPP1CC,0.7908182
8796,LINC00334,0.83345836
8797,ZFP14,0.8210885
8798,TRAP1,0.81753236
8799,CTTN,0.79318255
8800,CATSPERE,0.8466763
8801,UPK3B,0.8310326
8802,CACNA1B,0.7867422
8803,WEE2,0.82121927
8804,COQ6,0.750166
8805,RBP5,0.8035083
8806,LINC02615,0.7727336
8807,SV2C,0.8352054
8808,LINC01924,0.8491626
8809,ZNF852,0.7734621
8810,ZNF432,0.7723291
8811,SLC4A3,0.7327244
8812,SLC25A42,0.7503824
8813,GAP43,0.86245537
8814,PCNT,0.7402577
8815,CPT1A,0.6299178
8816,ORAI1,0.62852305
8817,SERPINB9,0.7832236
8818,GATA2,0.7693557
8819,NAGPA,0.7804747
8820,SPRY4,0.80361027
8821,CKMT2,0.8307236
8822,MIDN,0.6188845
8823,TCEA2,0.61635554
8824,VIMP,0.7920825
8825,DTNB,0.68044955
8826,CCL15,0.84974796
8827,FAM114A2,0.76935786
8828,SPINK5,0.7896649
8829,RNF39,0.7110369
8830,PCGF3,0.770062
8831,EXOC6,0.74891686
8832,LINC02384,0.8528847
8833,BAIAP2,0.738735
8834,CIZ1,0.6580785
8835,ROPN1L,0.8471386
8836,PPP1R16A,0.74452037
8837,CCDC30,0.7950304
8838,HAND1,0.8583071
8839,AC244034.2,0.8538241
8840,PKN3,0.75583977
8841,KHDRBS1,0.80402297
8842,UBXN10,0.7349098
8843,ENPP3,0.7914629
8844,TKTL2,0.8671178
8845,PLIN3,0.61791474
8846,ARSD,0.6448594
8847,AC090061.1,0.8472185
8848,BAHD1,0.766854
8849,PSEN1,0.64888567
8850,RALGAPA1,0.79921335
8851,C8ORF34,0.8632488
8852,ITIH4,0.7972738
8853,RAPGEF4,0.8071825
8854,NAP1L3,0.864616
8855,PLXNA1,0.66261035
8856,ZNF132,0.8297622
8857,KHK,0.7250848
8858,HELZ,0.76054114
8859,ESF1,0.6964331
8860,DEPDC1-AS1,0.813415
8861,LINC02132,0.8588781
8862,OR56A1,0.8383396
8863,ARMC2,0.8364182
8864,PCMTD2,0.76918894
8865,RUFY1,0.70533967
8866,AC022150.4,0.83595914
8867,CCDC149,0.7790065
8868,INHBB,0.5915646
8869,ABCF2,0.74906915
8870,TMEM127,0.65407443
8871,KCNJ1,0.8513933
8872,WDR31,0.83354646
8873,ITGA2,0.72131324
8874,INKA1,0.8349332
8875,SRRM1,0.7388847
8876,ZNF438,0.8115723
8877,FAHD1,0.78780264
8878,CLASP1,0.7521251
8879,CALY,0.81942636
8880,STKLD1,0.7568677
8881,TRMT10B,0.80071527
8882,CLTB,0.5496597
8883,LINC02620,0.8408058
8884,GNPTG,0.7125468
8885,SYN3,0.8228294
8886,CLASP2,0.70216966
8887,TANGO2,0.7276078
8888,MAP2K3,0.6539408
8889,MICOS13,0.7103314
8890,TERB1,0.82811403
8891,CUL5,0.7749862
8892,ZNF34,0.73687714
8893,TNNC1,0.8096251
8894,KCNB2,0.84337705
8895,C2CD5,0.7211866
8896,TMEM26,0.8230233
8897,ZC3H7A,0.7626848
8898,ITPR2,0.60841006
8899,C10ORF53,0.8232455
8900,SPAG7,0.6036415
8901,POM121,0.74982834
8902,AL136964.1,0.8325147
8903,ZNF846,0.76186734
8904,AC079684.1,0.84554213
8905,KCNMB4,0.8451631
8906,EIF1B-AS1,0.83962494
8907,AC007036.1,0.8074012
8908,ZNF211,0.79506856
8909,KCNJ14,0.80459666
8910,CHD1L,0.71945786
8911,STON2,0.6728613
8912,GADD45GIP1,0.7153278
8913,PLCL1,0.8021159
8914,GAS2L1,0.61478156
8915,CNOT6L,0.7460726
8916,GLO1,0.80691403
8917,PCAT14,0.84370565
8918,AC107959.1,0.85452175
8919,CCDC12,0.6256396
8920,AL590666.3,0.83103293
8921,CACNB3,0.6899058
8922,VAV2,0.7407508
8923,BIRC6,0.7424429
8924,RPEL1,0.8105456
8925,CALM3,0.72366023
8926,CD302,0.6896506
8927,KMT2C,0.7395265
8928,OFD1,0.7719758
8929,EVC2,0.8629258
8930,AC090186.1,0.8530326
8931,AKAP14,0.8739486
8932,ESS2,0.7185779
8933,ULK3,0.7273543
8934,PTHLH,0.5803111
8935,SPATA7,0.8004306
8936,FAM228B,0.76173663
8937,MVD,0.56819737
8938,NIBAN1,0.560808
8939,SLF2,0.7287249
8940,RXFP4,0.82808703
8941,FAM114A1,0.69341403
8942,ADCY1,0.6819606
8943,KCNMB3,0.75250816
8944,TMEM106A,0.83632165
8945,OTUB2,0.7747409
8946,MNDA,0.8659527
8947,RAB4B,0.63515687
8948,C21ORF58,0.76504165
8949,TRABD,0.68943423
8950,CARD9,0.6886372
8951,AK9,0.8028975
8952,CAMK2G,0.7088189
8953,OR6S1,0.82407904
8954,SUFU,0.7468006
8955,BMP6,0.7526751
8956,DUSP4,0.52826554
8957,PCBP4,0.6816296
8958,CAST,0.5952801
8959,SLC2A5,0.76041955
8960,KLHL25,0.7520964
8961,NOP53,0.5189373
8962,TJP1,0.76892716
8963,LIG3,0.80702776
8964,SRD5A2,0.77471834
8965,FMO3,0.7125213
8966,CORO1B,0.6913492
8967,FBXL5,0.7065894
8968,ST6GALNAC3,0.87168664
8969,DCST1,0.7989204
8970,PFKFB3,0.6438329
8971,SPOCD1,0.7220602
8972,PTPRU,0.57896
8973,LINC01836,0.8531752
8974,PANK3,0.80881065
8975,HSPA12A,0.7323634
8976,ISOC2,0.72857183
8977,GLA,0.6488777
8978,CNOT3,0.7274527
8979,TDRP,0.74392223
8980,GHITM,0.8033212
8981,AC069209.1,0.83002883
8982,LINC01770,0.8167271
8983,COG5,0.73010206
8984,RPGRIP1,0.82830125
8985,UBQLN3,0.8506884
8986,TUBGCP4,0.734354
8987,CCDC171,0.8269009
8988,AC012588.1,0.82072777
8989,ANAPC4,0.78412485
8990,AC078909.2,0.82265425
8991,AC020594.1,0.8703666
8992,RALGAPB,0.8422954
8993,KCP,0.77157193
8994,LRRD1,0.83541805
8995,SPATA13,0.73045236
8996,PCDHA11,0.8568816
8997,AL034374.1,0.8292613
8998,AC025569.1,0.84779423
8999,CFAP126,0.7954828
9000,SCLT1,0.8290928
9001,SNX18,0.6734956
9002,SCAI,0.83178896
9003,TCERG1L,0.817717
9004,SLC1A3,0.7504582
9005,AMN,0.6899452
9006,UTS2,0.85867286
9007,ATF6B,0.7173526
9008,GCSAM,0.8902882
9009,FMN1,0.7781343
9010,OR4K5,0.84682935
9011,EIF2S3B,0.8112932
9012,SRRM2,0.74953586
9013,OTOP2,0.8447631
9014,ARHGEF37,0.7385986
9015,SORCS2,0.8326225
9016,TBX5,0.83847386
9017,AL606760.2,0.8161676
9018,PLCL2,0.8399563
9019,SLC12A2,0.6913912
9020,LINC02709,0.86534745
9021,ABHD8,0.65069956
9022,TESK1,0.61205024
9023,RAP1GAP,0.72426647
9024,MAP1LC3B2,0.74596983
9025,OR52E4,0.8411105
9026,ETV2,0.7594536
9027,CGB7,0.8168507
9028,HES4,0.620569
9029,MAGEB3,0.8653321
9030,OR51V1,0.8574937
9031,RBMXL3,0.8445909
9032,AP000866.1,0.8617778
9033,ZNF574,0.7547273
9034,DDX43,0.8136073
9035,FEM1A,0.7253569
9036,FAM25A,0.8026393
9037,EFNA1,0.8381285
9038,BRWD1,0.8102607
9039,CYB561D2,0.5745987
9040,TIA1,0.83337754
9041,RAB15,0.699732
9042,HLA-DRB5,0.34462035
9043,SRPK3,0.7324355
9044,LINC01124,0.8136329
9045,AJ011932.1,0.81354856
9046,ELP3,0.7307174
9047,AL035681.1,0.86357117
9048,KLHL28,0.8060582
9049,LINC02218,0.8431046
9050,UNC5C,0.7481384
9051,ATP10D,0.78940773
9052,GATAD1,0.7710224
9053,USP51,0.8419909
9054,LINC02767,0.8320542
9055,AC104530.1,0.8610496
9056,GLIPR1,0.665067
9057,SERPINB1,0.6076667
9058,FBXO46,0.7843979
9059,MED29,0.7168009
9060,C6ORF163,0.8031693
9061,SAMD1,0.8179485
9062,DCUN1D3,0.79060274
9063,POLE,0.72738624
9064,NYAP1,0.8486433
9065,AL049796.1,0.8162165
9066,USP2,0.7578328
9067,MKRN2OS,0.81411
9068,LMO2,0.81563836
9069,EIF3J-DT,0.799283
9070,LRIG3,0.7667318
9071,AKTIP,0.7639343
9072,ZG16B,0.642149
9073,RGCC,0.67079705
9074,HCAR1,0.67882633
9075,TRAJ37,0.8184717
9076,KRT36,0.83192915
9077,MGAM,0.7643728
9078,PSMC5,0.7200876
9079,C11ORF68,0.6633696
9080,AC025048.4,0.8702881
9081,SUSD5,0.8180674
9082,LPAR1,0.77445763
9083,ZC3H11B,0.8467026
9084,CYP2C9,0.83314395
9085,WDR27,0.7606797
9086,IGFBP4,0.72156197
9087,TAC4,0.824177
9088,AC026741.1,0.83482903
9089,TUT4,0.78844064
9090,ABHD12B,0.82509136
9091,KIAA0100,0.6696012
9092,CDHR1,0.81290895
9093,AC025175.1,0.8357024
9094,KIF5A,0.83271956
9095,ARHGEF12,0.74196094
9096,ZNF594,0.8075921
9097,MTR,0.7720569
9098,S100Z,0.8450039
9099,AF064858.1,0.8514238
9100,TSPAN5,0.6312403
9101,TIMM13,0.7824262
9102,MS4A3,0.8283003
9103,ASB1,0.691917
9104,DACT1,0.8672478
9105,STK16,0.7225762
9106,NELL2,0.72562915
9107,KCNMB1,0.76332265
9108,HOXD4,0.79031754
9109,PPP2R2B,0.8645954
9110,CCDC92,0.6856304
9111,STOML2,0.83839935
9112,C2ORF68,0.6997363
9113,FAM219B,0.71035606
9114,OPCML,0.8663309
9115,NICN1,0.736643
9116,ASNA1,0.6696512
9117,AC108134.2,0.8471324
9118,SRA1,0.63395363
9119,GGNBP2,0.77841216
9120,ZNF197,0.76064587
9121,SH3RF3,0.790459
9122,CCAR1,0.7266368
9123,RUNDC3A,0.8174102
9124,RANBP3,0.67337006
9125,AC116351.2,0.80839425
9126,CINP,0.6606552
9127,LINC02427,0.84444696
9128,MEPCE,0.6971417
9129,PCLO,0.7517331
9130,TCL1B,0.817712
9131,CDC14A,0.7845118
9132,UBQLN2,0.73313665
9133,CD101,0.85212106
9134,NPL,0.8152794
9135,ZNF827,0.72099376
9136,COG7,0.782239
9137,CASC4,0.7461024
9138,DGLUCY,0.74576837
9139,TIMD4,0.862658
9140,FAM172A,0.78131956
9141,OR52N2,0.83380264
9142,KIAA0196,0.79843616
9143,FP565260.6,0.76874846
9144,SYTL3,0.80336934
9145,EIF2S2,0.7872391
9146,AC009686.2,0.8243744
9147,AC010457.1,0.8216335
9148,ELOVL1,0.7714894
9149,MRFAP1,0.7731118
9150,AC079296.1,0.79891634
9151,UBA6,0.7499018
9152,TSPAN13,0.81767863
9153,NR5A1,0.8690923
9154,CRYAB,0.6137323
9155,AL122035.2,0.82597476
9156,CATSPER1,0.8498872
9157,OR14C36,0.83508795
9158,PACSIN1,0.83515376
9159,STK4,0.76030827
9160,CUEDC2,0.6709507
9161,RMND1,0.68657964
9162,NLRP2,0.4045782
9163,AL157935.1,0.837683
9164,TCEAL4,0.7812503
9165,ADGRE3,0.84766865
9166,LAMC1,0.6603283
9167,ADGRV1,0.72538656
9168,SLC44A5,0.70737886
9169,LCOR,0.7573461
9170,CPNE8,0.8469532
9171,ADAM30,0.8318196
9172,ZNF470,0.813293
9173,MILR1,0.86586
9174,PRKAR2A,0.709961
9175,B4GALT1,0.6674103
9176,BCR,0.70394737
9177,ZNF440,0.7763956
9178,MPZL1,0.8024924
9179,DUSP5,0.6526678
9180,DPH7,0.77436686
9181,YKT6,0.7150383
9182,DDX31,0.7783365
9183,ZNF264,0.7776932
9184,IGKV3-11,0.8774136
9185,INPP1,0.7374594
9186,AC019186.1,0.846167
9187,WDR17,0.82998943
9188,FBXO10,0.81530094
9189,PLK2,0.58076954
9190,PRR35,0.80714744
9191,AMIGO1,0.7725784
9192,LONP1,0.7548053
9193,FGFR1OP2,0.73630184
9194,SRGAP3,0.7935136
9195,FAM9B,0.84808725
9196,SOX21,0.84276766
9197,CT45A10,0.8557217
9198,RTP2,0.8097418
9199,AC005753.3,0.8398823
9200,AC078850.1,0.8314624
9201,ACTBL2,0.7681958
9202,ATP8B4,0.8634421
9203,CCNT2,0.7981623
9204,LIAS,0.8037128
9205,NPTX1,0.788935
9206,CNNM3,0.7149988
9207,TPCN2,0.7466671
9208,LINC01933,0.8243634
9209,SLITRK5,0.8210068
9210,STOML3,0.82273793
9211,SEC62,0.6355154
9212,EIF3I,0.6567521
9213,LINC02325,0.83692485
9214,CXCL11,0.6803501
9215,ATP8B1,0.75992054
9216,RAB11B,0.63618773
9217,XAGE1B,0.8416931
9218,PIGH,0.7322521
9219,BRAP,0.75424653
9220,GDAP1L1,0.8579431
9221,AL118522.1,0.831772
9222,CLEC18A,0.74577564
9223,ZNF474,0.81501967
9224,MAGI2,0.796164
9225,SHARPIN,0.73658174
9226,RBM42,0.70985276
9227,DDC,0.79941434
9228,VMAC,0.78629655
9229,SDF4,0.6034336
9230,CLDN19,0.8425868
9231,TRAV13-2,0.84416485
9232,AURKC,0.8446509
9233,ELP6,0.6251785
9234,CFAP53,0.79707026
9235,DNAJC16,0.7990987
9236,FKBP11,0.6680948
9237,LINGO2,0.8357963
9238,UBR2,0.7345524
9239,PDE3A,0.85371524
9240,ORAOV1,0.7704013
9241,GUCA1B,0.8313865
9242,COX6A2,0.84653026
9243,LRIT3,0.84388345
9244,C1ORF216,0.7001405
9245,FAM102A,0.76757747
9246,PEAK3,0.8509402
9247,RBM41,0.82893157
9248,CEACAM16,0.79529667
9249,FCSK,0.6436691
9250,FATE1,0.8435815
9251,FAM57A,0.80494934
9252,MARCH6,0.80808353
9253,SCG5,0.763563
9254,ZNF598,0.7113183
9255,GHR,0.78213644
9256,EIF4E1B,0.86180574
9257,UQCC1,0.7548484
9258,YIPF2,0.7490065
9259,DIP2A,0.7354395
9260,MOCS2,0.7605408
9261,AC123768.3,0.83457786
9262,ERICH6,0.84611624
9263,IL3,0.7925462
9264,AC103691.1,0.7815942
9265,GDA,0.83486766
9266,OR13F1,0.80979055
9267,AGPAT1,0.6098568
9268,UBN1,0.7347775
9269,AC100835.2,0.8330818
9270,WDR48,0.73935074
9271,AGAP4,0.75867647
9272,CCDC180,0.749861
9273,RNF43,0.664119
9274,TMEM234,0.7419134
9275,Z97989.1,0.86657983
9276,TNNI2,0.6241997
9277,CDK2AP2,0.66782385
9278,KBTBD11-OT1,0.82663965
9279,ZNF281,0.71042186
9280,LINC00539,0.8479128
9281,CLEC4A,0.81430936
9282,PGBD4,0.76584
9283,ALKBH4,0.7931645
9284,NBPF11,0.7557214
9285,ZFHX4-AS1,0.8667149
9286,PRDM11,0.7867849
9287,AL133445.2,0.81737024
9288,MECP2,0.73023397
9289,TTC31,0.7163914
9290,FAM87B,0.83353645
9291,KDM2A,0.75158453
9292,RTN4RL2,0.7434466
9293,STXBP2,0.6913657
9294,ANO5,0.7915017
9295,POMK,0.83913535
9296,RBMS1,0.73771113
9297,FUT6,0.7455279
9298,ENOX1,0.8468775
9299,AC137932.1,0.8210621
9300,ZFYVE9,0.7608939
9301,EDEM1,0.66201586
9302,NPAT,0.80753344
9303,XCR1,0.8829909
9304,AC108025.1,0.83427304
9305,TRMU,0.6479121
9306,ZNF282,0.64953953
9307,OBSL1,0.72320867
9308,PGP,0.71204114
9309,SAA4,0.71457434
9310,RCN1,0.67289764
9311,HELQ,0.80627704
9312,GRIN2D,0.79503775
9313,ZC2HC1A,0.72679394
9314,SLC5A12,0.86393595
9315,OTOA,0.82541776
9316,MESDC1,0.7996826
9317,LPAR2,0.70990306
9318,OR11G2,0.8294894
9319,C9ORF50,0.8390791
9320,TRMT44,0.7789631
9321,SLC1A1,0.6586849
9322,FDPS,0.7009706
9323,BACE1,0.74715453
9324,LRCOL1,0.8469569
9325,BTBD7,0.74085355
9326,PLD6,0.71023256
9327,OR5BS1P,0.853308
9328,AC058791.1,0.8345719
9329,BTBD9,0.7430412
9330,RNF41,0.7993638
9331,ZBTB8A,0.7792
9332,TRUB2,0.76257056
9333,ZNF236,0.78497744
9334,ADARB1,0.7230366
9335,ANXA10,0.8357444
9336,KLHL14,0.8205597
9337,CDC42BPA,0.6878865
9338,ARHGDIG,0.8225894
9339,AC013468.1,0.83489233
9340,ARSK,0.7899079
9341,ZNF354B,0.80351037
9342,PRR15,0.70208377
9343,GATA3,0.6191548
9344,SUMF1,0.7438329
9345,NCR2,0.8344571
9346,GSN,0.5111943
9347,SLC8A1,0.8271978
9348,FNDC7,0.8386645
9349,LDLRAD4,0.6564705
9350,PPP3CA,0.64218616
9351,RBL2,0.7352433
9352,DNAJC3,0.6335048
9353,CATSPER4,0.8333735
9354,AC013652.1,0.8728495
9355,NCKAP5,0.8018189
9356,ZKSCAN7,0.815049
9357,SNAP25,0.8346348
9358,WHAMM,0.8026832
9359,CTDP1,0.6728409
9360,TMCO6,0.7952792
9361,WDR54,0.74266607
9362,HNMT,0.71648026
9363,KCNA3,0.86376214
9364,CDH17,0.79455614
9365,SERP2,0.79834706
9366,DNAJB5,0.81177396
9367,GPR153,0.61388415
9368,SLC6A17,0.7753822
9369,LARS,0.8045109
9370,TRAK1,0.74866015
9371,HINFP,0.79264784
9372,AC046143.2,0.81916076
9373,NEUROD2,0.7726056
9374,VPS37D,0.7507922
9375,SEC24D,0.71239305
9376,INKA2,0.8245206
9377,OR5I1,0.8434646
9378,RNASEL,0.7881086
9379,RAD23B,0.86413366
9380,AC087379.2,0.8160246
9381,NUDT10,0.8496142
9382,PRUNE2,0.7530806
9383,DPF2,0.7043825
9384,MACORIS,0.8312292
9385,CLCA2,0.6553421
9386,ACOT2,0.6882879
9387,AC068446.2,0.84207726
9388,HAUS7,0.70602274
9389,PCDHA7,0.8594985
9390,AC078881.1,0.82564545
9391,PBRM1,0.7398133
9392,ZNF547,0.7814338
9393,DOK6,0.83693653
9394,CFHR4,0.8314783
9395,ARPC4,0.6798975
9396,AC119396.1,0.83233863
9397,RABGAP1,0.7413953
9398,JAK1,0.6838587
9399,SLC35F1,0.8791953
9400,ZBTB43,0.7814304
9401,ZNF10,0.7416493
9402,PLEKHA5,0.728107
9403,RTF1,0.77580565
9404,HTR2A,0.8131767
9405,RNF44,0.8164795
9406,AL359881.1,0.8086541
9407,C2ORF72,0.71400255
9408,TMED3,0.7641632
9409,TMEM206,0.8147436
9410,AL137003.2,0.81539863
9411,OR5D14,0.81796765
9412,VAT1L,0.8187167
9413,MINOS1,0.77746654
9414,FBF1,0.70927095
9415,LRRC37B,0.7641454
9416,TSPAN15,0.66487473
9417,LINC01018,0.82879514
9418,XRCC5,0.76502657
9419,MEP1A,0.86015314
9420,LINC02381,0.7409212
9421,GRIN2C,0.7962432
9422,MYDGF,0.6999
9423,TMPRSS11F,0.8509279
9424,ETFBKMT,0.78926086
9425,CD1B,0.8286991
9426,LNCTAM34A,0.8019626
9427,NDRG1,0.43506774
9428,AC090114.2,0.69946265
9429,TCF7L2,0.64532644
9430,INSL5,0.8317721
9431,PPCDC,0.71154124
9432,KRTAP22-2,0.83107996
9433,SMIM3,0.7556162
9434,RAPGEF2,0.75840193
9435,EXOC1,0.71528196
9436,ANO10,0.67558575
9437,GMEB2,0.7548782
9438,ESR1,0.6429773
9439,SLC2A11,0.7437667
9440,CCDC173,0.8063135
9441,AC008555.1,0.83547276
9442,KCNK12,0.8068382
9443,CDK17,0.6942706
9444,PDE4D,0.7227993
9445,RELT,0.7787085
9446,HOXB3,0.6031082
9447,ACVR1,0.7149887
9448,OR6C76,0.85238785
9449,GPR18,0.8610746
9450,AC073957.3,0.807314
9451,GOLGA6L9,0.76940864
9452,LINC00893,0.80077124
9453,ROR2,0.7333804
9454,AC005410.2,0.85188895
9455,INPP4A,0.75390583
9456,AC095057.3,0.844812
9457,LINC02846,0.8142826
9458,ADPGK-AS1,0.85499364
9459,GKN2,0.86472017
9460,ZNF417,0.8004799
9461,AC006449.6,0.70355135
9462,ZNF662,0.68759537
9463,OC90,0.825672
9464,UBE2B,0.7983391
9465,AC020922.4,0.82539654
9466,PDE6B,0.7613511
9467,ZFP28,0.8264273
9468,TMED2-DT,0.8289728
9469,CLPTM1,0.70865494
9470,BOC,0.6509526
9471,TLX2,0.8456213
9472,SHF,0.7333968
9473,CCR9,0.8496488
9474,PAXBP1,0.8037796
9475,EDA,0.87118274
9476,LINC01725,0.8447272
9477,CD86,0.89070684
9478,SERTAD3,0.6699802
9479,IST1,0.750978
9480,AGBL2,0.8346703
9481,CARS2,0.6838456
9482,AL356277.3,0.8145819
9483,DNAJC10,0.7320931
9484,TTC17,0.73654956
9485,SPIC,0.866443
9486,RDH11,0.71179366
9487,LINC01050,0.830406
9488,PIK3R5,0.8763685
9489,DDX23,0.7261037
9490,NBPF1,0.7424838
9491,SENP6,0.7855852
9492,CD274,0.81058973
9493,MRPL20,0.7445374
9494,B4GALT2,0.72207165
9495,ELMOD2,0.7339497
9496,NUP214,0.76449543
9497,APELA,0.8055678
9498,RWDD1,0.5655127
9499,ZFYVE28,0.83439296
9500,AC004771.1,0.82702374
9501,AL121652.1,0.86086845
9502,MYO19,0.7931549
9503,ZNF592,0.7871103
9504,NME4,0.81027013
9505,PMP2,0.8284431
9506,FZD10-AS1,0.7737196
9507,LDLRAP1,0.6231225
9508,PPIL4,0.72781914
9509,CD8B,0.82295257
9510,SMARCD1,0.72361094
9511,NOS3,0.80811787
9512,LINC01979,0.8399089
9513,GLT8D1,0.6438021
9514,SPACA6P-AS,0.8404365
9515,IMP4,0.71968406
9516,MCCC2,0.83794856
9517,GALT,0.6931079
9518,ARL11,0.8537119
9519,APH1A,0.82304764
9520,FBXO9,0.82130045
9521,SLC44A2,0.7088898
9522,HCN3,0.77078587
9523,SUGP2,0.82894295
9524,SLC19A1,0.65086406
9525,LINC02361,0.8161016
9526,HES1,0.63908124
9527,PPFIA1,0.7277085
9528,ISX,0.83611006
9529,FAM227A,0.7893204
9530,OR2A25,0.8437473
9531,YJU2,0.6651828
9532,TTC21B,0.79414815
9533,AL110115.2,0.8515838
9534,LCE1B,0.83464867
9535,SURF4,0.72531384
9536,WDPCP,0.8419427
9537,ZNF354C,0.80480844
9538,ZFAND4,0.79498786
9539,AC083862.2,0.87538224
9540,ZNF426,0.732642
9541,C6ORF58,0.85457826
9542,RHEBL1,0.78429174
9543,CD33,0.8412512
9544,SNX1,0.71787626
9545,APC,0.7506263
9546,LETM2,0.8393671
9547,TYK2,0.5932955
9548,MROH1,0.69365996
9549,AC009163.7,0.8382325
9550,LY6G5C,0.805854
9551,IFT172,0.66708606
9552,THUMPD1,0.7878895
9553,EFTUD2,0.7388192
9554,C5ORF15,0.66880673
9555,ZNF624,0.8399597
9556,TMEM9,0.83301
9557,GPBP1,0.80983233
9558,LINC01456,0.8415765
9559,SSU72,0.80476713
9560,ZNF730,0.8488664
9561,AOPEP,0.70209026
9562,OR1C1,0.84085494
9563,DCTN5,0.6571711
9564,GSTM3,0.5605137
9565,ZNF596,0.787452
9566,SSPO,0.79268366
9567,CDC14C,0.83188266
9568,AC079322.1,0.8520343
9569,AC008543.1,0.82530195
9570,SAP30BP,0.67469066
9571,SLC25A38,0.71963453
9572,FOXD4L5,0.84625345
9573,HOXA3,0.7502908
9574,OR5T1,0.82837844
9575,DHCR24,0.61422145
9576,CT69,0.83346015
9577,SEC24C,0.6695523
9578,USP24,0.7373736
9579,AP001434.1,0.84383744
9580,RAB8B,0.8006189
9581,LINC01140,0.82085043
9582,FAM110A,0.78397804
9583,C20ORF27,0.6517401
9584,AC105450.1,0.84364104
9585,TBCD,0.69906396
9586,AC005280.2,0.85041815
9587,AC013553.4,0.82027674
9588,RAD21L1,0.83896047
9589,C7ORF57,0.8364065
9590,TRIM9,0.8270924
9591,AC022239.1,0.8494399
9592,UBL7,0.6724389
9593,IGLJ1,0.8464286
9594,MAP2K4,0.7456904
9595,PAWR,0.7924528
9596,CEP95,0.77357084
9597,AC025580.3,0.84061736
9598,TACC2,0.72874624
9599,AC078983.1,0.84771305
9600,LINC00968,0.85601544
9601,CRAMP1,0.7967901
9602,POMGNT1,0.7488403
9603,LINC02669,0.81100434
9604,UBE3A,0.73830694
9605,ANKAR,0.82483816
9606,NECTIN1,0.6864322
9607,SURF1,0.61087596
9608,NCAPH2,0.6695847
9609,PPFIBP2,0.6872172
9610,PCNX3,0.72277206
9611,AC010624.5,0.8448928
9612,TAF11L4,0.85009336
9613,RET,0.6132253
9614,KIF3B,0.77904296
9615,DNAJC5B,0.84543246
9616,AMPD2,0.63796556
9617,CFB,0.5277236
9618,INPP5E,0.74795777
9619,ALG12,0.6600955
9620,PSMB7,0.7604909
9621,CCDC153,0.7947423
9622,CEP152,0.8319556
9623,AC006064.5,0.8473999
9624,HIST1H3B,0.84214425
9625,FNDC11,0.84460163
9626,BANP,0.77921754
9627,NKX6-1,0.83581764
9628,CORIN,0.8525904
9629,ID2,0.66051984
9630,PARP11,0.8234973
9631,TRMT13,0.8160937
9632,OAS1,0.5496542
9633,AP000766.1,0.8305068
9634,KRT72,0.85290265
9635,EGLN3,0.6041381
9636,RAB36,0.7571346
9637,AC022506.2,0.8399593
9638,LPCAT1,0.5869009
9639,BX323046.1,0.8093136
9640,KRBA2,0.8419892
9641,AC021148.2,0.82038957
9642,MAGEH1,0.6748217
9643,CRTAM,0.8787778
9644,SLC38A1,0.7855115
9645,RPS27L,0.6745119
9646,YIF1B,0.5486682
9647,AL136295.6,0.76565576
9648,AL133325.3,0.83122134
9649,C10ORF91,0.8432989
9650,FRG2C,0.8529703
9651,AC103724.4,0.8224804
9652,ACOT13,0.7653938
9653,AL008718.2,0.8407767
9654,NTF4,0.78688926
9655,ZNF747,0.74820846
9656,KLKB1,0.85731936
9657,AP002852.1,0.84583956
9658,LINC02701,0.8255642
9659,SEPT8,0.79159117
9660,POF1B,0.74983424
9661,CSMD1,0.80338544
9662,MAP1S,0.6354759
9663,CEPT1,0.7650373
9664,DGKK,0.8473733
9665,TSPAN2,0.80827737
9666,TCTN3,0.7053712
9667,P2RY14,0.87477356
9668,CLPTM1L,0.77358913
9669,AL136980.1,0.82355934
9670,ULK2,0.7077449
9671,TREX2,0.79694825
9672,EPSTI1,0.8329659
9673,HPS4,0.7431591
9674,LINC00998,0.82301897
9675,FEZ1,0.85107905
9676,LINC00482,0.7907185
9677,SLC4A2,0.73983383
9678,PKLR,0.8125742
9679,AL137847.1,0.85228986
9680,FNDC3B,0.638139
9681,GRIK2,0.84571534
9682,C5ORF45,0.7176623
9683,TMEM100,0.7825118
9684,SHFL,0.6725893
9685,SNHG8,0.70912904
9686,GOLGA7B,0.7242363
9687,APBB2,0.6643844
9688,PYGB,0.70411396
9689,ARG2,0.6600775
9690,UEVLD,0.76378185
9691,PCDHA12,0.8193347
9692,COLGALT1,0.61865443
9693,SOGA3,0.8771375
9694,TLR9,0.87660426
9695,RBM43,0.84060615
9696,AC011379.2,0.84114623
9697,DCAF11,0.72360104
9698,QRICH2,0.73980737
9699,AC069200.1,0.8218499
9700,GLP2R,0.82433605
9701,C2CD4C,0.81221294
9702,LRRC49,0.8415117
9703,HGSNAT,0.6624064
9704,AC005332.5,0.80574197
9705,ANKRD28,0.65928215
9706,NUDT8,0.63829875
9707,SDHC,0.7909396
9708,ANK1,0.84586287
9709,OR4K13,0.81422514
9710,PPP3CB,0.7074254
9711,LINC00840,0.85160017
9712,ASIC4,0.86792636
9713,AC004948.1,0.8303576
9714,CHIC1,0.8227811
9715,GIT2,0.76645154
9716,GPR34,0.8272807
9717,MEF2C-AS1,0.8380355
9718,LINC01374,0.85548145
9719,ST6GAL1,0.5925954
9720,XIAP,0.7254062
9721,PATL2,0.85635847
9722,TRIM11,0.71386665
9723,ATAD2B,0.7689369
9724,XKR6,0.83854765
9725,TEDC1,0.6780691
9726,COG1,0.794879
9727,SEMA4G,0.7114586
9728,POLR2B,0.7112804
9729,GPR52,0.82846904
9730,GH2,0.8517272
9731,SEC16B,0.6915796
9732,DDX42,0.82243377
9733,GRK4,0.77903605
9734,CCDC196,0.7866306
9735,LINC01560,0.80754
9736,ZSCAN18,0.7324335
9737,BPI,0.7715575
9738,VSX1,0.81217974
9739,C16ORF72,0.7619671
9740,SLC16A9,0.80167484
9741,WWOX,0.7025898
9742,PKIB,0.69343406
9743,MTUS2,0.81211776
9744,SRARP,0.6559718
9745,CCDC85A,0.7878551
9746,SYCP1,0.8370945
9747,SH3BP5,0.6947506
9748,PAQR8,0.80030686
9749,CLC,0.8486805
9750,FGL1,0.8182483
9751,AC022762.2,0.8328357
9752,MBD5,0.7895554
9753,RASSF2,0.80276746
9754,TRAM1,0.58464795
9755,NBPF3,0.7836275
9756,ZNF740,0.7399886
9757,NUDT4,0.61847085
9758,PTPN22,0.8681647
9759,TSKU,0.5536315
9760,GZMA,0.85117316
9761,OGT,0.7092332
9762,FOXB1,0.84976983
9763,UBE2L3,0.75090605
9764,TNPO3,0.7696972
9765,PINX1,0.78291035
9766,OR5K2,0.82708615
9767,RASAL2,0.7660596
9768,DNAH10,0.8112262
9769,HOXA4,0.7905802
9770,TGM1,0.8003554
9771,GAL3ST3,0.82426524
9772,FAM72A,0.83512646
9773,OR4D2,0.86145884
9774,GGA2,0.6809759
9775,SPRY3,0.79885846
9776,ISY1,0.69841844
9777,STMN4,0.8396564
9778,CPM,0.69917864
9779,CSTF2T,0.71883035
9780,IGLV2-11,0.82387096
9781,CALCOCO2,0.53891665
9782,OR6C70,0.84072256
9783,C2ORF66,0.82152015
9784,AC051619.6,0.8532899
9785,SETD7,0.6817484
9786,UVSSA,0.78086334
9787,TSSK3,0.8395389
9788,B3GNT9,0.68242645
9789,PLCB3,0.68280387
9790,TIMM8B,0.65908563
9791,LINC02235,0.8521132
9792,SEPTIN2,0.702027
9793,AP001527.2,0.8356507
9794,SMCR8,0.7694688
9795,AC022915.1,0.8613317
9796,AC027373.1,0.8503606
9797,MAP3K8,0.637398
9798,HK1,0.7077186
9799,PHF23,0.7165002
9800,ENDOU,0.8249461
9801,MACROD1,0.7070088
9802,SHFM1,0.76199126
9803,ACOT12,0.81221366
9804,MSL1,0.64977604
9805,ZBTB38,0.6210572
9806,HEXIM2,0.79059404
9807,WDR1,0.7047787
9808,MTCL1,0.6730501
9809,CLK2,0.81709665
9810,AC025034.1,0.8489923
9811,C1QA,0.7867524
9812,HELB,0.8101036
9813,TM4SF4,0.82145756
9814,METAP1D,0.7825115
9815,G6PD,0.49994877
9816,CDK15,0.8575389
9817,PHETA2,0.61048466
9818,FAM118A,0.67461133
9819,ADAM17,0.6796046
9820,AC114341.1,0.84683007
9821,PRICKLE1,0.70443434
9822,KLHL41,0.8374931
9823,AL356019.2,0.8172538
9824,HCN2,0.80258894
9825,STIM2,0.7473195
9826,CAPSL,0.8031073
9827,KIAA2013,0.72760516
9828,AC138230.1,0.8373262
9829,C8ORF58,0.8309493
9830,FRMPD4,0.8257521
9831,L3MBTL1,0.7458618
9832,RNF111,0.742122
9833,C6ORF62,0.7788556
9834,SCMH1,0.7612324
9835,EVPLL,0.83746433
9836,DCXR,0.7609587
9837,SUN1,0.8214383
9838,PPP1R3E,0.70312524
9839,ZSWIM9,0.7644858
9840,METTL26,0.701799
9841,WRN,0.78122705
9842,ACAP2-IT1,0.8361757
9843,WDR59,0.7506285
9844,TLR3,0.7258382
9845,MBD1,0.7298436
9846,TNFRSF10B,0.7239828
9847,TUBA1A,0.6388566
9848,DNMT3A,0.74428004
9849,SNHG11,0.7000327
9850,INHA,0.79371184
9851,NR2C2,0.78315884
9852,ETV1,0.801156
9853,C11ORF95,0.7413378
9854,PCP4,0.7897622
9855,ZNF766,0.8008642
9856,TRIM27,0.77113265
9857,HMOX2,0.6688965
9858,CDPF1,0.7673643
9859,PPIE,0.73376197
9860,UNC13C,0.8258297
9861,SEPSECS,0.8178759
9862,AGRN,0.6519293
9863,MBNL1,0.6781624
9864,KCNK13,0.8475724
9865,OAS2,0.5938921
9866,AC022201.2,0.86773366
9867,CFAP45,0.8179286
9868,AC008738.2,0.81229955
9869,LYRM7,0.7680969
9870,MICAL3,0.7224166
9871,DEFB132,0.85514045
9872,LINC01637,0.767271
9873,JHY,0.8526028
9874,HSPA1A,0.7138913
9875,PSG9,0.84337807
9876,ANKRD34A,0.8213723
9877,FAM193A,0.80936646
9878,ANKRD40,0.7288113
9879,AC091946.2,0.82591623
9880,MCF2L2,0.7720323
9881,RAB33B,0.77333736
9882,TARSL2,0.8010147
9883,ZNF713,0.7860892
9884,ST8SIA4,0.87642074
9885,ARHGAP19,0.77327627
9886,EIF4A2,0.7769305
9887,KRTAP3-1,0.8605685
9888,ELMOD1,0.8504966
9889,HNRNPH1,0.8085158
9890,CRLF1,0.579214
9891,TENM3-AS1,0.8305986
9892,MAPK1IP1L,0.7710627
9893,HPS3,0.7228694
9894,ZNF562,0.7793408
9895,SPOUT1,0.6856837
9896,AURKAIP1,0.8048794
9897,BEND5,0.84593105
9898,MRPL23,0.6131262
9899,NSFL1C,0.77398443
9900,NUB1,0.57085186
9901,C10ORF67,0.8099895
9902,AC007671.1,0.8573796
9903,CCDC88C,0.72191364
9904,MINA,0.791351
9905,CATSPER3,0.82776684
9906,C9ORF152,0.7208424
9907,SERPINC1,0.8391924
9908,ZBTB22,0.76519585
9909,MAP3K5,0.7484966
9910,AMDHD1,0.83616066
9911,MAP4K4,0.694707
9912,LRFN1,0.7437175
9913,SSBP2,0.6982706
9914,AC004466.1,0.78817767
9915,AL662844.4,0.8286097
9916,RHOD,0.73642284
9917,RCSD1,0.7666025
9918,GBA2,0.71067184
9919,AC061975.6,0.8347152
9920,VPS8,0.7328086
9921,HAR1A,0.86023384
9922,NLRP10,0.8395879
9923,DDX55,0.81774956
9924,ARMH1,0.81932443
9925,C14ORF39,0.80477285
9926,AL132709.8,0.853395
9927,YARS,0.73217535
9928,FAM49A,0.80534035
9929,ERCC1,0.6343021
9930,AC005674.2,0.8192306
9931,TBXT,0.837086
9932,PAIP2,0.6979844
9933,GUCY2F,0.8193062
9934,IFNW1,0.8469816
9935,CATSPER2,0.8132796
9936,C12ORF76,0.735059
9937,ECI1,0.73943186
9938,AC018638.7,0.8177848
9939,HID1,0.6771383
9940,FASLG,0.8962421
9941,AC103769.1,0.8319571
9942,RAET1E,0.8241944
9943,BICD1,0.7367845
9944,LCORL,0.79777175
9945,AL049775.3,0.81449056
9946,MTPN,0.81600523
9947,RAB8A,0.7283446
9948,KIAA0586,0.76404387
9949,SPINT1,0.8064577
9950,ODF1,0.84691936
9951,C15ORF40,0.7675963
9952,TMEM50B,0.7691967
9953,TMTC3,0.74318624
9954,AC084198.2,0.82654333
9955,FAM155A,0.87419945
9956,JAKMIP3,0.7738227
9957,SRRD,0.68373895
9958,PNPLA1,0.798878
9959,VAMP3,0.61428535
9960,RIMKLB,0.7242852
9961,ABCC5,0.6246743
9962,CES4A,0.7849514
9963,CENPBD1,0.7662212
9964,KLF13,0.6339453
9965,CRYBB1,0.8765037
9966,PHF20,0.8215475
9967,NQO2,0.5994174
9968,APOBEC3A,0.789165
9969,ABHD4,0.6829216
9970,RAPGEFL1,0.6775337
9971,KCNK4,0.8272657
9972,MIR2052HG,0.8642812
9973,CADM2,0.7803724
9974,CIB1,0.75172323
9975,MFSD5,0.5938159
9976,AC012636.1,0.8280861
9977,LTBP1,0.64363736
9978,DZIP1L,0.80582505
9979,HIST1H1E,0.73271567
9980,TSPAN9,0.69597435
9981,DAPP1,0.7234258
9982,CRYGD,0.82027227
9983,ZNF680,0.7289733
9984,TMEM94,0.73389775
9985,TRIM64B,0.856215
9986,GSE1,0.7573884
9987,SAP18,0.83308125
9988,ZNF26,0.7819884
9989,SNX5,0.75349206
9990,PKDREJ,0.8522568
9991,DUSP10,0.61827546
9992,BCAT1,0.8070012
9993,ATE1,0.7324377
9994,ZNF404,0.7939146
9995,MTA2,0.7434289
9996,SYCE3,0.76261646
9997,ANKRD63,0.8048506
9998,PPP1R3B,0.67807394
9999,DDX60,0.64115924
