gene_index,gene,oracle_pcc
0,EPCAM,0.99972385
1,KRT7,0.99927425
2,KRT8,0.99980956
3,KRT18,0.9996307
4,KRT19,0.9994483
5,MUC1,0.999878
6,MSLN,0.99990624
7,CEACAM6,0.9992826
8,GATA6,0.9997755
9,KRT17,0.99865603
10,KRT5,0.99714714
11,KRT14,0.9995751
12,TP63,0.9992138
13,PRSS1,0.99808794
14,AMY2A,0.9952158
15,INS,0.9991906
16,GCG,0.99941105
17,ACTA2,0.9998733
18,CXCL12,0.9999512
19,CD74,0.9994248
20,PTPRC,0.9999155
21,TACSTD2,0.9996402
22,HNF1A,0.99843866
23,TFF1,0.9991671
24,TFF2,0.9995642
25,KRT6A,0.9987298
26,KRT16,0.99971163
27,S100A2,0.99832654
28,SFN,0.99994934
29,PRSS2,0.9972743
30,REG1A,0.9997733
31,REG1B,0.99733937
32,AMY2B,0.9992125
33,CPA1,0.99838406
34,CTRB1,0.9987986
35,CTRB2,0.9990636
36,SOX9,0.99985635
37,KRT23,0.99929404
38,CFTR,0.99950755
39,IAPP,0.9998813
40,PCSK1,0.99930334
41,PCSK2,0.99987894
42,CPE,0.99988115
43,MAFA,0.9996757
44,TTR,0.99976087
45,LOXL4,0.9996834
46,IRX2,0.99832964
47,MAFB,0.99967116
48,SST,0.99984276
49,HHEX,0.99772286
50,RBP4,0.9994301
51,GHSR,0.99458975
52,PPY,0.99778885
53,PAX6,0.9994671
54,CARTPT,0.9932126
55,PNLIPRP1,0.9991545
56,TAGLN,0.9998683
57,MYL9,0.99988955
58,TPM2,0.99994093
59,COL1A1,0.9988271
60,COL3A1,0.99914384
61,IL6,0.99873555
62,CFD,0.99990314
63,C7,0.9998825
64,PDGFRA,0.9999095
65,CXCL14,0.9997664
66,HLA-DRA,0.99981815
67,HLA-DPA1,0.9998605
68,HLA-DPB1,0.9998845
69,CIITA,0.9996336
70,SPP1,0.9942095
71,CD37,0.99963415
72,CORO1A,0.99987
73,LAPTM5,0.9996669
74,CD3D,0.99945205
75,CD3E,0.9973208
76,TRAC,0.9998132
77,TRBC1,0.99939346
78,LTB,0.9961066
79,IL7R,0.99991024
80,MAL,0.99812627
81,CCR7,0.98898286
82,TCF7,0.9955634
83,LEF1,0.9998948
84,CD8A,0.9984485
85,CD8B,0.9952526
86,CCL5,0.9994201
87,NKG7,0.9850745
88,PRF1,0.9983909
89,GZMK,0.9978961
90,GZMB,0.9945435
91,FOXP3,0.99739134
92,IL2RA,0.9965104
93,CTLA4,0.996359
94,TIGIT,0.98453784
95,IKZF2,0.9985722
96,CCR8,0.99403673
97,PDCD1,0.9986636
98,LAG3,0.99840516
99,HAVCR2,0.9987856
100,TOX,0.99522126
101,CXCL13,0.99904656
102,ENTPD1,0.9998108
103,GNLY,0.9966151
104,KLRD1,0.99661607
105,FCGR3A,0.9998205
106,TYROBP,0.99967563
107,MS4A1,0.9970993
108,CD79A,0.9948063
109,CD22,0.9949286
110,CD83,0.9919363
111,JCHAIN,0.999284
112,MZB1,0.99972934
113,SDC1,0.9998869
114,IGHG1,0.9996329
115,IGKC,0.9987713
116,XBP1,0.99580854
117,LST1,0.9997395
118,FCER1G,0.99970746
119,CTSS,0.9997284
120,LILRB1,0.99783885
121,LYZ,0.9997395
122,S100A8,0.9973902
123,S100A9,0.99983245
124,FCN1,0.99532145
125,CCR2,0.99361396
126,VCAN,0.99991065
127,MS4A7,0.9999008
128,IFITM3,0.99982965
129,TYMP,0.99956065
130,C1QA,0.9997934
131,C1QB,0.999844
132,C1QC,0.99985987
133,APOE,0.9986816
134,CD68,0.9997538
135,MSR1,0.99981844
136,MRC1,0.9999466
137,CTSD,0.9982348
138,FOLR2,0.9989029
139,LYVE1,0.99589247
140,CD163,0.99988663
141,APOC1,0.9983268
142,TREM2,0.9994348
143,GPNMB,0.9997933
144,LGALS3,0.99985445
145,CTSB,0.9992814
146,IL1B,0.99864006
147,SELL,0.996822
148,FCGR3B,0.99673045
149,CSF3R,0.9988506
150,CXCR2,0.99142635
151,FPR1,0.9986217
152,MNDA,0.99989325
153,CLEC9A,0.9986409
154,XCR1,0.99788725
155,BATF3,0.99605054
156,CADM1,0.999864
157,IRF8,0.99773514
158,CD1C,0.99900866
159,CLEC10A,0.99591196
160,FCER1A,0.99870133
161,CST3,0.9993113
162,TCF4,0.9999411
163,IL3RA,0.99809134
164,CLEC4C,0.99834114
165,IRF7,0.99899817
166,TPSAB1,0.98958296
167,TPSB2,0.99994874
168,KIT,0.9975575
169,MS4A2,0.99854445
170,HDC,0.99742407
171,CPA3,0.99712443
172,CLC,0.99272597
173,PRG2,0.9954361
174,SIGLEC8,0.99882865
175,RNASE2,0.9972879
176,EPX,0.9988274
177,COL1A2,0.9987503
178,DCN,0.9998367
179,LUM,0.9997883
180,COL6A1,0.9998754
181,COL11A1,0.9996901
182,FAP,0.9999561
183,THY1,0.9998693
184,PDPN,0.9999152
185,INHBA,0.9998872
186,MMP2,0.99990195
187,COL10A1,0.9998977
188,PECAM1,0.9999
189,VWF,0.9998956
190,CLDN5,0.9999162
191,KDR,0.9913045
192,EMCN,0.9986905
193,ENG,0.99990034
194,RAMP2,0.9995076
195,ESM1,0.99557644
196,ANGPT2,0.9979424
197,PLVAP,0.9998902
198,APLN,0.99838626
199,PGF,0.9996041
200,RGCC,0.9999096
201,EFNB2,0.9997278
202,SOX17,0.99248815
203,GJA5,0.99716616
204,FBLN5,0.9997435
205,HEY1,0.99768543
206,ACKR1,0.9978172
207,SELP,0.97637236
208,SELE,0.9975185
209,NR2F2,0.99957514
210,FLT4,0.99838936
211,CCL21,0.99967057
212,PROX1,0.99585664
213,CCL14,0.99706244
214,RGS5,0.99985176
215,PDGFRB,0.99994576
216,CSPG4,0.99838203
217,MCAM,0.99982893
218,DES,0.9979945
219,NOTCH3,0.9990217
220,MYH11,0.99980223
221,CNN1,0.99991
222,ADIPOQ,0.9982422
223,PLIN1,0.99737334
224,FABP4,0.9989681
225,LEP,0.996768
226,LPL,0.9985955
227,CIDEC,0.99982417
228,S100B,0.9988738
229,SOX10,0.982125
230,PLP1,0.9854175
231,MPZ,0.9950055
232,S100A1,0.99873346
233,NGFR,0.99878967
234,MKI67,0.99890125
235,TOP2A,0.99974114
236,UBE2C,0.9994152
237,CENPF,0.9975925
238,CCNB1,0.99940175
239,CDK1,0.99960613
240,TUBB,0.9999064
241,CA9,0.9998552
242,VEGFA,0.99978054
243,BNIP3,0.9993415
244,PGK1,0.99954796
245,LDHA,0.99989897
246,SLC2A1,0.99988335
247,ENO1,0.9986069
248,ISG15,0.999766
249,IFIT1,0.9996697
250,IFIT2,0.99921775
251,IFIT3,0.99920917
252,MX1,0.99993443
253,OAS1,0.9999005
254,STAT1,0.9997515
255,CXCL10,0.9972915
256,VIM,0.9997819
257,FN1,0.9993734
258,TGFBI,0.9998816
259,SNAI2,0.9988757
260,ZEB1,0.999901
261,ITGA5,0.99991643
262,LAMC2,0.99964106
263,SERPINE1,0.9997677
264,HBB,0.99919486
265,HBA1,0.992933
266,HBA2,0.9980588
267,ALAS2,0.9959422
268,GYPA,0.9951307
269,AHSP,0.9951179
270,PPBP,0.998083
271,PF4,0.9980632
272,GP9,0.996777
273,RGS18,0.9981655
274,NRGN,0.9963816
275,FOS,0.9998933
276,JUN,0.9991576
277,JUNB,0.9996712
278,DDIT3,0.9986226
279,HSPA1A,0.9999214
280,HSPA1B,0.99938637
281,ATF3,0.99909186
282,MT-CO1,0.9971307
283,MT-CO2,0.99833727
284,MT-ND1,0.9980773
285,MT-ND2,0.99844724
286,MT-CYB,0.99899006
287,IGLC2,0.9991511
288,IGHG4,0.9997015
289,IGHG3,0.9996496
290,IGHA2,0.9993606
291,OLFM4,0.9997621
292,COMP,0.9997022
293,AGR2,0.9995296
294,TFF3,0.9990587
295,IGHA1,0.99914694
296,IGHM,0.9991444
297,CTSE,0.99948734
298,PIGR,0.99959123
299,AEBP1,0.9997281
300,CCN2,0.99985224
301,SFRP4,0.99987745
302,LCN2,0.9992624
303,FBLN1,0.9998491
304,MMP7,0.99683315
305,TSPAN8,0.999563
306,ISLR,0.9998552
307,C3,0.99986124
308,SPINK1,0.99970055
309,SFRP2,0.9997277
310,HTRA3,0.9999144
311,THBS1,0.99987215
312,SERPINF1,0.9998473
313,APOD,0.99978864
314,CCDC80,0.9998653
315,GPX2,0.999724
316,SERPINA1,0.99926764
317,C19orf33,0.99965084
318,THBS2,0.9998425
319,CLU,0.9998863
320,ATP1B1,0.99984753
321,EMILIN1,0.9998768
322,PTGDS,0.99987483
323,C1R,0.9999254
324,PERP,0.99981
325,PRELP,0.9999414
326,MXRA8,0.9998946
327,COL6A3,0.9998729
328,COL5A1,0.9998511
329,TIMP3,0.99979514
330,TM4SF4,0.9995469
331,MMP11,0.99982035
332,FBN1,0.9999027
333,ELF3,0.99989283
334,SDC4,0.99993265
335,COL5A2,0.99990976
336,TM4SF1,0.9998714
337,CD24,0.9993169
338,SPON2,0.9999337
339,FSTL1,0.99991876
340,SPARCL1,0.9999431
341,COL18A1,0.99991727
342,COL6A2,0.9998117
343,PMEPA1,0.9997064
344,LAMB3,0.999838
345,RNASE1,0.99943125
346,LGALS4,0.9997999
347,TGM2,0.9994304
348,JUP,0.999883
349,SULF1,0.99991536
350,CAVIN1,0.9999446
351,RARRES2,0.9999179
352,PRSS23,0.9999306
353,TUBA1A,0.9999376
354,NUPR1,0.9998893
355,GAS6,0.9999513
356,GGT5,0.9999404
357,COL4A1,0.9998649
358,TXN,0.9998935
359,NNMT,0.9999506
360,COL16A1,0.9999433
361,GPRC5A,0.99974036
362,CD99,0.99994546
363,TCN1,0.99961215
364,MFGE8,0.99994045
365,PCOLCE,0.9999446
366,SPINT2,0.99990445
367,IGFBP2,0.9999097
368,EZR,0.99993616
369,NBL1,0.99991226
370,PLAT,0.99939555
371,ATP1A1,0.99984515
372,ANXA4,0.9997777
373,GOLM1,0.9998553
374,IGFBP3,0.99980974
375,SLPI,0.99923086
376,COL4A2,0.9999034
377,SERPING1,0.99994165
378,SERPINH1,0.9999427
379,MMP14,0.9998717
380,MGP,0.99988157
381,IGFBP4,0.9999312
382,FLNB,0.9999366
383,CLTB,0.9999266
384,PALLD,0.99994206
385,CSTB,0.9997359
386,DKK3,0.9999362
387,HTRA1,0.99991727
388,MXRA7,0.9999398
389,CLDN4,0.9999036
390,HSPG2,0.99992985
391,CYSTM1,0.99986607
392,MT1E,0.99922514
393,CRISPLD2,0.9999444
394,TMEM119,0.99991673
395,LTBP3,0.99995637
396,ELN,0.99994755
397,SELENOM,0.9998996
398,ITGBL1,0.9999459
399,FLNA,0.99991894
400,HLA-DQB1,0.99993724
401,TSPAN3,0.99993515
402,FSTL3,0.99953544
403,PLD3,0.9999095
404,CNN3,0.99994296
405,KLF6,0.9998475
406,S100P,0.999761
407,DUSP1,0.99931574
408,CD44,0.9993455
409,LRP1,0.99993944
410,A2M,0.9997923
411,ARPC3,0.9999189
412,YBX1,0.99981683
413,IL32,0.9991936
414,C1S,0.99993646
415,CD9,0.9986852
416,S100A16,0.9994813
417,ITGB5,0.99994147
418,COX6C,0.9999386
419,PTMS,0.9999139
420,CHPF,0.99993813
421,IFITM2,0.99959767
422,ITGB4,0.99991745
423,ITGA3,0.9999136
424,CAPG,0.99957365
425,BGN,0.99977577
426,PHLDB1,0.9999532
427,ID1,0.999841
428,MUC5AC,0.9996617
429,QSOX1,0.99991524
430,LAMB2,0.99996126
431,TRAM1,0.99983925
432,DDIT4,0.99978733
433,CTSK,0.9999143
434,ZFP36,0.9998005
435,ANXA1,0.999939
436,ANTXR1,0.99993896
437,TAPBP,0.9998759
438,CSRP1,0.99995375
439,MRC2,0.99992275
440,CNN2,0.9999499
441,TMEM59,0.99976164
442,NPM1,0.9999011
443,IGFBP5,0.9996488
444,C4orf48,0.99961114
445,F2R,0.9997949
446,CD164,0.9999214
447,CTHRC1,0.99990875
448,BST2,0.9988708
449,CALD1,0.99992883
450,CAP1,0.9998803
451,IGFBP6,0.9995834
452,HINT1,0.9999366
453,UQCRB,0.99972767
454,ATP5MD,0.9999126
455,TSC22D1,0.9999269
456,CTSH,0.99648553
457,EMP1,0.9999145
458,LGMN,0.9997416
459,ADIRF,0.9953883
460,CTNNA1,0.9999569
461,COMMD6,0.99986076
462,SELENOP,0.9999221
463,PDZK1IP1,0.99977005
464,YWHAB,0.9999191
465,EIF3E,0.9995656
466,SAT1,0.9999188
467,TMBIM1,0.99993736
468,PAM,0.9995651
469,CYB5R3,0.99990964
470,NQO1,0.9998491
471,CIB1,0.9999164
472,CDH11,0.99994195
473,H1-10,0.9999254
474,AQP1,0.9999323
475,PPP1CB,0.99965596
476,DEPP1,0.9998026
477,AGRN,0.99984497
478,ANXA6,0.99995726
479,CTSC,0.9999012
480,MYL12A,0.9997733
481,MUC5B,0.99968797
482,SARAF,0.9997756
483,NDUFA4,0.9999021
484,CAPN2,0.99960756
485,MXRA5,0.9998372
486,PDLIM1,0.99978423
487,ITGAV,0.9991635
488,HMGB1,0.99975634
489,LAMB1,0.99987376
490,ARPC5,0.9981668
491,COX6A1,0.9999273
492,TUBB4B,0.9999303
493,VEGFB,0.9999494
494,MFAP2,0.99994224
495,TMA7,0.9998969
496,TMED10,0.9998567
497,HNRNPH1,0.99572843
498,APP,0.9996997
499,CTSZ,0.9999314
500,TM9SF3,0.99993724
501,ABHD2,0.999926
502,SLC40A1,0.99972266
503,ARPC1B,0.99835145
504,RNASET2,0.9999384
505,SPARC,0.9991335
506,CRIP2,0.9998599
507,SOD1,0.99991107
508,PPA1,0.9999208
509,ACTN4,0.9998568
510,KCTD12,0.99986553
511,EFEMP1,0.9999304
512,COX7C,0.9999259
513,JPT1,0.9998991
514,PDLIM7,0.99994016
515,SMIM22,0.9998578
516,ITGA6,0.9998074
517,ATP5ME,0.99976945
518,LTBP2,0.9999593
519,JUND,0.9998245
520,TMEM123,0.9991575
521,DEFB1,0.9996565
522,LTBP4,0.99974084
523,ROMO1,0.9993537
524,EFEMP2,0.99995446
525,TSPO,0.99904513
526,RHOB,0.99946314
527,PPIB,0.99964267
528,EIF4A2,0.9997921
529,ASAH1,0.99975526
530,BTG1,0.99971515
531,PPDPF,0.99978626
532,PDIA6,0.9998691
533,THBS4,0.99986875
534,NIBAN2,0.9996165
535,TPM1,0.9999411
536,ATP5MPL,0.99992466
537,SRRM2,0.99940383
538,HNRNPA3,0.9998936
539,APOL1,0.999677
540,PHLDA3,0.99965435
541,ALDH1A1,0.9998782
542,ATP5MF,0.9999395
543,VAMP8,0.9999263
544,CD55,0.99891764
545,PEBP1,0.9992897
546,ZYX,0.9999396
547,ATP6V0B,0.9998368
548,RAN,0.99990845
549,CD46,0.9999434
550,CAPZB,0.9999162
551,FXYD5,0.998498
552,PLXNB2,0.99967384
553,ASPN,0.99992234
554,SRGN,0.9997667
555,NPC2,0.99565285
556,CEBPB,0.99888194
557,NCL,0.99822915
558,COL8A1,0.9999124
559,ATP5MG,0.9998228
560,RRBP1,0.9995668
561,ATP5MC2,0.99935544
562,RAC1,0.9999003
563,BCAP31,0.9990394
564,CD14,0.999819
565,PTTG1IP,0.99989843
566,CLTC,0.99979734
567,S100A4,0.9997372
568,MGAT1,0.9999629
569,TMEM176B,0.99991465
570,PMP22,0.9999513
571,EMC10,0.9989356
572,SYNGR2,0.9996112
573,C12orf57,0.9998888
574,APLP2,0.99984
575,BTF3,0.99993414
576,FKBP1A,0.99843657
577,HMGN2,0.9998169
578,UQCRQ,0.99987364
579,MSN,0.9996407
580,ACTN1,0.99972856
581,MARCKS,0.9999282
582,PCBP1,0.9999
583,DAZAP2,0.99974245
584,IRF2BP2,0.9996007
585,PEA15,0.99989694
586,PLEC,0.99989
587,SET,0.99954724
588,COL15A1,0.9999123
589,TCIRG1,0.9991635
590,ATP5F1A,0.9990162
591,ATP5F1D,0.9996969
592,ITGB2,0.99924946
593,CALM1,0.99935883
594,SDCBP,0.9996875
595,COTL1,0.9996968
596,LMNA,0.99965674
597,IGLC3,0.9995793
598,PSME1,0.99977076
599,KDELR2,0.999777
600,MVP,0.99987197
601,SERBP1,0.99977434
602,EIF5A,0.9997439
603,CIRBP,0.999918
604,PTPRF,0.9999051
605,LSR,0.9999186
606,GNAI2,0.999774
607,HLA-DRB1,0.99929225
608,POLR2L,0.99969935
609,BSG,0.9997577
610,INF2,0.9998565
611,HNRNPDL,0.9992372
612,ARPC4,0.9998569
613,DYNLL1,0.99989337
614,PTGES3,0.9999289
615,TM9SF2,0.9999099
616,RABAC1,0.99737555
617,BRI3,0.99956065
618,TNFRSF12A,0.99925804
619,UQCRH,0.99994427
620,TSPAN1,0.99984163
621,UQCR10,0.99967706
622,SNRNP70,0.9998661
623,TMEM176A,0.99991655
624,IFI27,0.9997602
625,HMGN1,0.99952126
626,DDX17,0.9997649
627,LRP10,0.9997787
628,COX7B,0.99988604
629,NDUFA13,0.99990743
630,NPDC1,0.9995327
631,PFKL,0.99957395
632,RBM3,0.9998623
633,MORF4L1,0.9995113
634,FKBP9,0.99988043
635,CTSA,0.9997143
636,NUCB1,0.99963284
637,MCL1,0.9996626
638,TMED2,0.9994447
639,CCNI,0.99889827
640,CLIC1,0.99994254
641,EIF3L,0.9997401
642,SEC61A1,0.99885845
643,CRTAP,0.99991095
644,VPS28,0.9990712
645,HSPA5,0.9994899
646,PHPT1,0.9996897
647,RUNX1,0.99994355
648,SERP1,0.9987702
649,VWA1,0.9997251
650,SKP1,0.9996275
651,FBLN2,0.9999433
652,LRRC32,0.9999474
653,SERPINB6,0.99983674
654,MT1X,0.99901646
655,NDUFB2,0.99992555
656,UBE2D3,0.9998887
657,ACTR2,0.9998259
658,PRDX1,0.9997992
659,NDUFB7,0.99579656
660,RTN4,0.99985826
661,SLC38A10,0.9997171
662,ST14,0.99990815
663,DBI,0.9998987
664,CMPK1,0.99990684
665,CALU,0.9999306
666,NUCKS1,0.99956334
667,CLEC11A,0.99995375
668,EGR1,0.99995166
669,ZFP36L1,0.9994992
670,SRP14,0.99981093
671,YWHAH,0.999551
672,NDUFS5,0.999871
673,ANXA11,0.9987105
674,TPM3,0.9998869
675,PDIA3,0.9996643
676,SLC25A5,0.99995583
677,SNRPD2,0.9998318
678,EID1,0.99990296
679,COX7A2,0.9998971
680,ARL6IP1,0.99991703
681,NAP1L1,0.99888456
682,HNRNPC,0.99986416
683,SERINC1,0.9993963
684,ATP6V0E1,0.9994097
685,PRDX6,0.99984884
686,PLXDC2,0.9999434
687,MYL12B,0.9999065
688,VKORC1,0.9999387
689,ATP5MC3,0.99994254
690,DSTN,0.99979025
691,HLA-DMA,0.9998894
692,SEMA3C,0.9999416
693,HNRNPU,0.9996686
694,APRT,0.9996206
695,SCP2,0.999913
696,RPN2,0.9997823
697,EIF4G2,0.99980193
698,UBL5,0.995319
699,SUMO2,0.99984026
700,RAB1A,0.99953556
701,TGFBR2,0.99934125
702,ACADVL,0.99965554
703,TNFRSF1A,0.9997783
704,PTEN,0.997968
705,ARHGDIA,0.99968463
706,FBXW5,0.99948555
707,ZFAND5,0.99973476
708,LITAF,0.997233
709,COL14A1,0.9999514
710,PCSK1N,0.99986637
711,GLUL,0.99980557
712,C9orf16,0.999657
713,SLC44A1,0.9998337
714,GDI2,0.99860567
715,CTTN,0.9998609
716,NDUFA11,0.9995798
717,S100A10,0.99984086
718,AGPAT2,0.9999207
719,CLIC4,0.99993324
720,COLGALT1,0.9999584
721,HEXB,0.99977785
722,CDC42,0.9995686
723,MAP4,0.9990727
724,GPI,0.9929255
725,GPC1,0.99994886
726,GNG5,0.9999289
727,TACC1,0.99979854
728,COX6B1,0.9991478
729,FCGRT,0.9998929
730,SEM1,0.9999191
731,SERPINB1,0.99995923
732,SPTBN1,0.9999117
733,IFI6,0.9993692
734,CYBRD1,0.999936
735,EIF3H,0.9998412
736,ARF4,0.9996304
737,PSMB4,0.99928564
738,CDH1,0.9998035
739,PGAM1,0.99808425
740,TNS1,0.999935
741,PPP2R1A,0.99766403
742,SUB1,0.9998575
743,HLA-F,0.9996799
744,SQSTM1,0.9998896
745,SCARB2,0.9994644
746,C4orf3,0.99887395
747,YWHAQ,0.99968064
748,NT5DC2,0.9998577
749,ARL6IP5,0.9995167
750,EHD2,0.9999368
751,CCN1,0.99988115
752,GNB2,0.9997498
753,SDF4,0.999842
754,SYNPO,0.9992572
755,CNBP,0.99987936
756,RHOC,0.9998454
757,WDR1,0.9977804
758,STAT2,0.99981683
759,LMAN2,0.9997864
760,TOMM7,0.9996589
761,SLC38A2,0.999894
762,NDUFV1,0.9996671
763,SNX3,0.9962985
764,CALM3,0.99914396
765,TMEM259,0.99936426
766,TRIR,0.9970163
767,CLSTN1,0.99925697
768,ARPC2,0.9974847
769,SEPTIN2,0.99781495
770,YWHAE,0.99947214
771,NDUFA1,0.9999136
772,HIF1A,0.997654
773,PRKAR1A,0.99950117
774,MYO1C,0.9997096
775,SULF2,0.9998499
776,CHCHD10,0.99982643
777,LY6E,0.9990288
778,ARF1,0.99982727
779,CCDC85B,0.9999058
780,SEPTIN9,0.9997978
781,SH3BGRL,0.99970585
782,JTB,0.9998278
783,SURF4,0.9995535
784,TUBA1B,0.9996041
785,VCL,0.9985868
786,CAMK2N1,0.9999324
787,NDUFB4,0.9999321
788,STARD10,0.99973196
789,RCN1,0.9994972
790,PSMA7,0.99991864
791,TGOLN2,0.99981856
792,LTBP1,0.9998621
793,MORF4L2,0.9986135
794,DPP7,0.9997172
795,UQCR11,0.9998525
796,TMEM258,0.99984545
797,GTF2I,0.99942505
798,GPX4,0.99988496
799,NEDD8,0.99963653
800,ZFP36L2,0.99784684
801,ITM2C,0.99584645
802,PSMB3,0.994815
803,CD151,0.9998904
804,MZT2B,0.99973226
805,HNRNPA2B1,0.9999123
806,CEACAM5,0.9994566
807,EPAS1,0.99976724
808,PRR13,0.99994713
809,MT2A,0.9993318
810,SRI,0.99992424
811,TPM4,0.9999325
812,TLN1,0.9999452
813,ASPH,0.9999355
814,COL12A1,0.9998981
815,KLF2,0.99980634
816,HCFC1R1,0.9999128
817,HSBP1,0.99985707
818,CSDE1,0.99959975
819,TPP1,0.9998849
820,TOMM20,0.99958634
821,RBM39,0.99928004
822,MARVELD1,0.999953
823,PTGIS,0.99990803
824,EIF3F,0.99930406
825,CSNK1A1,0.9997703
826,SRSF5,0.9997083
827,COX8A,0.9998364
828,SHISA5,0.9985472
829,EIF2S3,0.9995823
830,ARL6IP4,0.99573934
831,OS9,0.9989159
832,TFPI,0.99990064
833,GRINA,0.9997159
834,YWHAZ,0.999856
835,SPATS2L,0.9970763
836,PPP1R14B,0.9972571
837,CLTA,0.99946433
838,OST4,0.9998297
839,AP2M1,0.99769217
840,EIF3K,0.9990101
841,H3-3A,0.99903965
842,BLOC1S1,0.9996676
843,TAX1BP3,0.99912447
844,BHLHE40,0.9999232
845,SSR3,0.99977124
846,PTBP1,0.99922115
847,SPINT1,0.9999124
848,F3,0.9998317
849,LAMP1,0.99983037
850,POSTN,0.99921453
851,CHCHD2,0.99977934
852,RAB7A,0.99904156
853,MRFAP1,0.9983255
854,H2AJ,0.9998992
855,CEBPD,0.99989265
856,EIF4B,0.9997221
857,AP2S1,0.9997603
858,NENF,0.9996093
859,PARK7,0.9993701
860,EHBP1L1,0.9993246
861,DAD1,0.99982214
862,VMP1,0.99764824
863,TMED9,0.9965151
864,ARAP1,0.9999444
865,SUN2,0.9972769
866,SEPTIN11,0.9998644
867,HSP90AA1,0.99990594
868,TUFM,0.99976736
869,REEP5,0.9998469
870,B4GALT1,0.9993778
871,HMGA1,0.99989355
872,RAP1B,0.99939233
873,ATP6AP2,0.99927914
874,DPYSL3,0.9999438
875,CERCAM,0.99995345
876,SSR2,0.9990077
877,NDUFS6,0.99950606
878,GLG1,0.99978185
879,PRKCSH,0.9997305
880,CAST,0.9999079
881,FUS,0.99973166
882,EIF4A1,0.99842596
883,DDX5,0.9996878
884,NONO,0.99912816
885,SLCO2B1,0.9999511
886,NUDT4,0.9998874
887,UBA1,0.99943036
888,LAMTOR4,0.9986161
889,ATF4,0.99980575
890,SEPTIN7,0.99958503
891,MATN3,0.99990857
892,STOM,0.9989374
893,LRPAP1,0.9995488
894,CFH,0.9998708
895,SLC25A3,0.999812
896,TOB1,0.9999231
897,HSPE1,0.99991447
898,RAB31,0.9999405
899,CCND1,0.99984056
900,SPTAN1,0.9997993
901,TESC,0.9998421
902,PKM,0.9997212
903,CUTA,0.99970394
904,LAMP2,0.9996285
905,SRP9,0.9993754
906,NDFIP1,0.99974376
907,DDX3X,0.99964935
908,ERP29,0.9992366
909,GASK1B,0.9999319
910,GNB1,0.99942243
911,DAG1,0.9998681
912,ABCC3,0.9999001
913,LDHB,0.9998524
914,DHRS3,0.99979264
915,PRDX5,0.99966985
916,MAGED2,0.999887
917,FAM20C,0.9999175
918,MICOS13,0.9998439
919,EIF4H,0.99977744
920,KLF5,0.99975514
921,ERGIC3,0.9993102
922,GPX3,0.99994695
923,PIGT,0.99955904
924,PSME2,0.9989081
925,RNH1,0.9997261
926,NDUFC2,0.9998076
927,ADGRG1,0.99990183
928,NDUFB1,0.99984586
929,PDXK,0.9995069
930,YBX3,0.9994644
931,VAT1,0.99991775
932,MGST3,0.99977565
933,EDF1,0.9993841
934,TNIP1,0.99955547
935,COX5B,0.99981886
936,FAM120A,0.9998774
937,BEX3,0.9990015
938,RTL8C,0.9998718
939,SLC25A6,0.99930406
940,PDIA4,0.99976027
941,TECR,0.9999105
942,NDRG1,0.99982107
943,SELENOF,0.9999061
944,SRSF2,0.99971294
945,SERINC3,0.99980074
946,CD248,0.9999542
947,CTDSP1,0.9990611
948,WFDC2,0.99951714
949,ADD1,0.99987525
950,MYADM,0.9998857
951,ST13,0.99969685
952,HSP90B1,0.99944854
953,SLC6A6,0.9999171
954,VDAC1,0.99993324
955,CAPNS1,0.99911404
956,GSN,0.9998637
957,HNRNPD,0.9993315
958,SEC61G,0.9999088
959,LGALS1,0.9997711
960,FMOD,0.99995095
961,FIS1,0.9995526
962,CAPZA1,0.9996813
963,LGALS3BP,0.99880314
964,ID3,0.99994963
965,ATP5F1B,0.998007
966,OAF,0.99989545
967,MAT2A,0.99983513
968,HDGF,0.99987894
969,TIMP2,0.9999074
970,SYPL1,0.9999368
971,SRSF3,0.999287
972,SAP18,0.99969167
973,ATP6V0D1,0.9997226
974,POMP,0.99991655
975,ITGB6,0.9994306
976,LASP1,0.99988174
977,MAGED1,0.9996717
978,HDLBP,0.9997511
979,HNRNPL,0.99944425
980,SCNN1A,0.99989235
981,ITGB1,0.99958444
982,PTP4A2,0.9990897
983,OPTN,0.99951684
984,DYNLRB1,0.99970543
985,PET100,0.9998483
986,ADAR,0.99958855
987,S100A13,0.99929595
988,MAPKAPK2,0.9998027
989,GSTO1,0.9994453
990,MZT2A,0.9998839
991,DNM2,0.9999101
992,SPON1,0.99992615
993,TTC3,0.99986196
994,NDUFA3,0.99942225
995,TMEM219,0.9992627
996,NCOR2,0.9997429
997,CDK2AP1,0.99935174
998,CDC37,0.9982557
999,PPP1CA,0.9991566
1000,HM13,0.9961365
1001,GPAA1,0.99964935
1002,DPYSL2,0.9994094
1003,INMT,0.99994004
1004,ATP6AP1,0.9996325
1005,ANXA5,0.9994788
1006,MTCH1,0.9991851
1007,RNF187,0.99864745
1008,HSPD1,0.9999374
1009,HNRNPA0,0.9993782
1010,SF3B1,0.99953985
1011,ATP5PF,0.9998674
1012,SELENOW,0.9998642
1013,NOP10,0.999824
1014,CXCR4,0.9999254
1015,ARHGAP1,0.99982476
1016,GUK1,0.99977595
1017,PPP1CC,0.9996226
1018,HEXA,0.9999527
1019,SSR4,0.9999279
1020,EIF3G,0.99853575
1021,TUBA1C,0.99983746
1022,PFN1,0.9997331
1023,SERINC2,0.999891
1024,UBALD2,0.99992126
1025,STK24,0.9997998
1026,GHITM,0.9999153
1027,BRK1,0.99963355
1028,TINAGL1,0.9999108
1029,NECTIN2,0.9999162
1030,SCARF2,0.99994177
1031,ATP5IF1,0.9997312
1032,AHR,0.99992067
1033,IMPDH2,0.99838877
1034,LAMC1,0.9999227
1035,ATP2B4,0.99987924
1036,EEF1B2,0.9998503
1037,NBEAL2,0.9998238
1038,XRCC6,0.99350643
1039,GADD45GIP1,0.9995407
1040,SELENON,0.9998978
1041,CANX,0.9987224
1042,GNS,0.9992187
1043,MBNL1,0.99989414
1044,SCAND1,0.9993896
1045,SLC44A4,0.9998636
1046,MRPS21,0.99989
1047,NDUFA2,0.99852395
1048,ANP32B,0.9998678
1049,TMEM248,0.9991186
1050,SFPQ,0.99984765
1051,CHGB,0.9998831
1052,PTOV1,0.9990021
1053,TMEM204,0.99995685
1054,ZNHIT1,0.9997844
1055,ARHGDIB,0.9999174
1056,NME3,0.99733174
1057,MYH14,0.9998864
1058,SEC62,0.9997997
1059,EIF6,0.9996522
1060,PICALM,0.99869287
1061,ANKRD10,0.9998204
1062,HNRNPK,0.99976206
1063,MAZ,0.9990476
1064,KTN1,0.9995008
1065,TLE5,0.99943244
1066,CTNNB1,0.999288
1067,XRCC5,0.99970454
1068,SUMF2,0.9979141
1069,UQCRC1,0.99698234
1070,MYO15B,0.9998414
1071,NUMA1,0.9990237
1072,LAD1,0.99989676
1073,NAA38,0.9995702
1074,MDK,0.99799657
1075,MYH9,0.9999113
1076,HADHA,0.9995376
1077,TNFAIP2,0.9997764
1078,MGAT4B,0.99990916
1079,PLS3,0.99978256
1080,NOP53,0.99914527
1081,EIF4G1,0.9986874
1082,PDLIM5,0.999895
1083,OSTC,0.9998651
1084,MIF,0.99965847
1085,IQGAP1,0.99945784
1086,GNG12,0.99973637
1087,COPS9,0.99969
1088,VCP,0.9994053
1089,DSG2,0.9998575
1090,TAF10,0.99953735
1091,BCL2L1,0.9990708
1092,ATP6V1F,0.9992288
1093,LAPTM4A,0.9995672
1094,ADAM9,0.99991935
1095,SLC44A2,0.9998954
1096,JAG1,0.99993336
1097,CDKN1A,0.9995278
1098,YPEL3,0.9991319
1099,DST,0.99587816
1100,IL6ST,0.9991694
1101,DAP,0.99880886
1102,PSMB1,0.99962103
1103,COPE,0.9997938
1104,ACTR3,0.9997294
1105,ARF3,0.99673355
1106,PLOD1,0.99990726
1107,HNRNPF,0.99996173
1108,SH3BGRL3,0.9987963
1109,SF1,0.9985132
1110,PHC2,0.99990606
1111,PHB,0.9997505
1112,PRDX2,0.9998468
1113,CTSL,0.9992771
1114,CYBA,0.99985576
1115,C11orf96,0.999882
1116,ATP2A2,0.9998864
1117,RAB11A,0.9999341
1118,CAPN1,0.99940085
1119,LAMTOR1,0.99049425
1120,PLSCR1,0.9998718
1121,USP22,0.99878
1122,ARF6,0.9999076
1123,ATP6V1G1,0.999901
1124,PYGB,0.99989533
1125,NDUFS8,0.99870515
1126,LRRFIP1,0.9999186
1127,CD59,0.99964744
1128,TIMP1,0.9993467
1129,MCRIP1,0.99993145
1130,ATP5F1C,0.99992406
1131,EPN1,0.9991118
1132,CALM2,0.99987066
1133,CHID1,0.9997297
1134,PSMC5,0.9993914
1135,PRSS8,0.99979484
1136,MLEC,0.99872327
1137,HSPA8,0.9997973
1138,VPS51,0.9997603
1139,CCT3,0.9998851
1140,TPI1,0.9986186
1141,GRK2,0.99883205
1142,TRIM28,0.99915266
1143,H1-0,0.999883
1144,MALL,0.99978507
1145,CBX3,0.9998947
1146,TALDO1,0.99972284
1147,ENC1,0.9994117
1148,IFNGR2,0.9997959
1149,NDUFB11,0.9990038
1150,RRAS,0.9997328
1151,TXNDC5,0.9996617
1152,C19orf53,0.9993762
1153,ATP5PO,0.99964976
1154,ANAPC16,0.9998174
1155,PRSS3,0.999866
1156,PRPF8,0.9985128
1157,SEL1L,0.9994871
1158,AUP1,0.9938226
1159,NFKBIA,0.99962276
1160,FLOT1,0.9995552
1161,PRDX4,0.9986796
1162,TRMT112,0.99986154
1163,DBNL,0.9997413
1164,UNC93B1,0.9992249
1165,SOD2,0.9996844
1166,ADD3,0.99968535
1167,SEC31A,0.99988455
1168,DDOST,0.99969107
1169,ZNF358,0.9997878
1170,MRPL41,0.9994833
1171,MTDH,0.99970293
1172,HOPX,0.9998171
1173,PABPC1,0.99990875
1174,HLA-DMB,0.9999353
1175,ERO1A,0.9999522
1176,CHD3,0.9996947
1177,TMBIM6,0.9999132
1178,POLD4,0.9994841
1179,TBCA,0.9998946
1180,MAP2K2,0.99948496
1181,PTPA,0.99902546
1182,EVL,0.99994314
1183,TSC22D3,0.9998851
1184,WASF2,0.999862
1185,UBE2Z,0.9989094
1186,CCT4,0.99965143
1187,PPIC,0.9996656
1188,NOTCH2,0.9968244
1189,SRSF11,0.9993321
1190,LGALS9,0.9998613
1191,GM2A,0.9998418
1192,HSP90AB1,0.999907
1193,KIF5B,0.9997699
1194,DDR1,0.9997986
1195,KDELR1,0.9966289
1196,ALDH2,0.9993524
1197,VAPA,0.9988472
1198,RABL6,0.99911904
1199,H2AZ1,0.99994236
1200,MDH2,0.999864
1201,EIF3M,0.9996165
1202,FBL,0.9994722
1203,MPZL1,0.9996876
1204,RAB1B,0.9997242
1205,MARCKSL1,0.99994093
1206,TAGLN2,0.9998721
1207,BAG6,0.9996332
1208,KPNB1,0.99983996
1209,LAMA3,0.9998566
1210,SSR1,0.9997925
1211,EIF4EBP2,0.9998609
1212,GANAB,0.9996106
1213,MYO9B,0.9999411
1214,PCBP2,0.9991142
1215,MAPK3,0.99882233
1216,ITGA1,0.9998035
1217,ERGIC1,0.9996228
1218,CD81,0.9998808
1219,NDUFB10,0.9989736
1220,SELENOH,0.9996284
1221,NCKAP1,0.999715
1222,CDC42EP5,0.9996554
1223,METTL7A,0.99970806
1224,RNPEPL1,0.9995208
1225,ECH1,0.9993931
1226,PARVA,0.99959946
1227,PNRC1,0.999446
1228,TCF25,0.9996825
1229,GAA,0.9999129
1230,HLA-DQA1,0.9997432
1231,AHNAK2,0.999942
1232,CITED4,0.9998939
1233,ARGLU1,0.99985445
1234,STAT6,0.9998119
1235,CREG1,0.99861246
1236,KHDRBS1,0.9994712
1237,SON,0.9986541
1238,CTNND1,0.99989784
1239,PSMA1,0.9994542
1240,RPN1,0.9998409
1241,CAPRIN1,0.99968314
1242,NET1,0.9998933
1243,MFAP4,0.9999481
1244,APH1A,0.99900675
1245,SNRPG,0.999923
1246,LMO4,0.99978846
1247,MACF1,0.99983114
1248,DNAJA1,0.9997947
1249,MACROH2A1,0.99944407
1250,AXL,0.9999485
1251,SNRPB,0.9997881
1252,NFE2L1,0.99979186
1253,TSTA3,0.99994737
1254,MPRIP,0.9998918
1255,RHOA,0.9984163
1256,CNDP2,0.99989355
1257,HERPUD1,0.9989504
1258,RAB5C,0.9993359
1259,OLFML2B,0.99994195
1260,SNU13,0.9997884
1261,ETFB,0.9996596
1262,FAM234A,0.99934816
1263,EPS8L2,0.9998804
1264,MRPL52,0.9998449
1265,IFI16,0.99971557
1266,H3-3B,0.9997834
1267,GABARAPL2,0.9994482
1268,RAB2A,0.99976057
1269,BZW1,0.99991137
1270,DENND2B,0.99982995
1271,CRIM1,0.99881035
1272,MT1G,0.99948275
1273,IFI27L2,0.99956137
1274,MLPH,0.9999237
1275,TMEM30A,0.99849343
1276,ILK,0.9998352
1277,SOX4,0.9995105
1278,HNRNPAB,0.9999323
1279,CHMP2A,0.99985033
1280,DDX6,0.9975141
1281,FKBP8,0.9993045
1282,COX4I1,0.9999075
1283,PIEZO1,0.99983335
1284,H2AZ2,0.9996978
1285,DYNLL2,0.9993056
1286,HP1BP3,0.9990762
1287,COX5A,0.99992776
1288,SSU72,0.9995483
1289,CLDN7,0.99985856
1290,LAPTM4B,0.9998789
1291,FLOT2,0.9991462
1292,SPCS1,0.99986947
1293,C6orf62,0.99987423
1294,NDUFS2,0.99944556
1295,HSD17B11,0.9999296
1296,ATRAID,0.99877715
1297,CPD,0.99989855
1298,UBE2I,0.9996191
1299,PHLDA1,0.99950767
1300,DYNC1H1,0.99769723
1301,PTGFRN,0.99993426
1302,FCGBP,0.9994195
1303,C11orf58,0.9937632
1304,PHB2,0.9988854
1305,RALY,0.9978726
1306,AIF1,0.99990416
1307,ELOB,0.99910957
1308,HLA-E,0.9988991
1309,SLC9A3R1,0.999673
1310,ATOX1,0.9995186
1311,WSB1,0.999659
1312,NDUFB9,0.9998996
1313,SF3B6,0.9999389
1314,TXNIP,0.9995828
1315,NPTN,0.9954559
1316,MBOAT7,0.9997091
1317,RBM8A,0.9998905
1318,BCL7C,0.99970865
1319,PSMD2,0.99960804
1320,CAVIN3,0.9999171
1321,LUC7L3,0.9998356
1322,SLC3A2,0.9993678
1323,YWHAG,0.9989992
1324,MAP1LC3B,0.9999077
1325,CHMP3,0.9994162
1326,FRZB,0.99995214
1327,MAN1A1,0.9999002
1328,VOPP1,0.9985788
1329,PSMA4,0.9996569
1330,SEC11A,0.99813175
1331,RCN3,0.99995905
1332,AHNAK,0.9998561
1333,PRNP,0.9995422
1334,EIF3B,0.9960825
1335,PRELID1,0.9998835
1336,PLP2,0.9998876
1337,CHMP5,0.9998949
1338,USF2,0.99983114
1339,SKIL,0.9994682
1340,MYDGF,0.99957293
1341,EIF3A,0.99958795
1342,EVA1B,0.99993575
1343,YIPF3,0.99966085
1344,NID1,0.99987197
1345,VGLL4,0.9998968
1346,CCT7,0.9997927
1347,SUMO3,0.99880576
1348,HEYL,0.99987805
1349,TMEM54,0.99994326
1350,MTPN,0.9997591
1351,NACA,0.9998804
1352,IER2,0.99965596
1353,QARS1,0.99824184
1354,RHBDD2,0.99972683
1355,COMT,0.99893534
1356,SRSF9,0.99948895
1357,CCND3,0.9998312
1358,GSTK1,0.99985534
1359,ANAPC11,0.99976647
1360,TBL1XR1,0.9983375
1361,MYLK,0.99993414
1362,NDUFB8,0.9996057
1363,PCNP,0.9997873
1364,SEC61B,0.9996455
1365,ENSA,0.9993309
1366,FXYD3,0.9996134
1367,ARL2,0.99986017
1368,NDUFS7,0.9996334
1369,ERBB2,0.99995625
1370,TCEAL4,0.9999012
1371,SNRPE,0.9999541
1372,LMO7,0.999894
1373,NRBP1,0.99986255
1374,COPZ1,0.99981177
1375,SF3B2,0.99936414
1376,ILF3,0.998886
1377,DHRS7,0.9993827
1378,WDR13,0.99938357
1379,NAMPT,0.9995969
1380,PSMD8,0.9979638
1381,PLTP,0.9993429
1382,GIPC1,0.9993373
1383,CFLAR,0.9996704
1384,FAM3C,0.9999456
1385,PABPC4,0.9997174
1386,NISCH,0.99950665
1387,TMEM205,0.9996081
1388,GOLPH3,0.9994905
1389,MAP1B,0.99939364
1390,CTDSP2,0.9984581
1391,HNRNPM,0.9995048
1392,NFIC,0.9999198
1393,BLVRB,0.99972814
1394,PSMD13,0.9996707
1395,PSMB7,0.99930537
1396,CDV3,0.9996226
1397,SNX17,0.9998613
1398,ZNF207,0.99943256
1399,ABHD17A,0.9987813
1400,RER1,0.99916786
1401,SDC2,0.9996437
1402,UBXN6,0.99979347
1403,SPCS2,0.99940485
1404,HNRNPUL1,0.998873
1405,CYP1B1,0.9999228
1406,POR,0.99926686
1407,RTN3,0.9991713
1408,ZNF706,0.9999485
1409,CCNL2,0.99953187
1410,FNDC1,0.9999156
1411,PSMC3,0.9990509
1412,RNPS1,0.99987936
1413,RGS1,0.9998105
1414,ADAMTSL2,0.9998576
1415,VILL,0.99989945
1416,OCIAD2,0.9997502
1417,DYNC1LI2,0.9997608
1418,PUF60,0.9996896
1419,MAL2,0.9997604
1420,PGRMC1,0.9999147
1421,PSMD4,0.9993454
1422,SHC1,0.9997295
1423,TSPAN4,0.99995637
1424,LAMTOR5,0.99984205
1425,BAG1,0.9999382
1426,UBXN1,0.99987185
1427,ITGA2,0.9999274
1428,MAN1B1,0.99986625
1429,ATP5PD,0.9998534
1430,RNF213,0.999313
1431,GRN,0.9989184
1432,CMTM3,0.9999367
1433,HEBP2,0.99990445
1434,RIOK3,0.99994195
1435,OGA,0.99936515
1436,LSM7,0.9997933
1437,HES1,0.9999498
1438,SPCS3,0.9992622
1439,TRIM8,0.99843335
1440,NRP1,0.9998897
1441,RAB10,0.99990577
1442,VASP,0.9998658
1443,SAR1A,0.999508
1444,TIMM13,0.99968785
1445,EEF1D,0.9998851
1446,CHMP4B,0.9999063
1447,IRAK1,0.9972762
1448,MGLL,0.99992675
1449,CSNK2B,0.99894243
1450,PRRC2B,0.9998441
1451,ADAMTS2,0.99995553
1452,ERRFI1,0.99982387
1453,SZRD1,0.99988294
1454,PPP4C,0.99964976
1455,AKR1A1,0.9992363
1456,PLAAT3,0.9998597
1457,MFSD10,0.9997947
1458,ITPRIPL2,0.99994284
1459,SCPEP1,0.9998623
1460,CLDN10,0.9995935
1461,FAM50A,0.99968493
1462,LENG8,0.99964803
1463,CDK5RAP3,0.9997683
1464,CCT5,0.99992925
1465,EMP3,0.99988997
1466,PTBP3,0.99990463
1467,GNG11,0.9999476
1468,ERBB3,0.9998631
1469,FOXO3,0.9998714
1470,TNFRSF14,0.9996493
1471,EDIL3,0.99994314
1472,LOXL1,0.99992156
1473,AKT1,0.9982387
1474,TAX1BP1,0.9998697
1475,GALNT1,0.99964774
1476,RAB13,0.99963427
1477,IST1,0.9997238
1478,PXN,0.9997235
1479,ZNF703,0.9997971
1480,EPS8,0.9999114
1481,TGFB1,0.99953663
1482,HES4,0.9997598
1483,ATN1,0.99988794
1484,PML,0.99959576
1485,CPNE1,0.99962616
1486,BANF1,0.9997691
1487,INAFM1,0.9999535
1488,PODXL,0.9995106
1489,UFC1,0.99987864
1490,SLC25A1,0.9995462
1491,UACA,0.9999159
1492,GDI1,0.99968386
1493,ITPRID2,0.9999543
1494,TMEM160,0.9983001
1495,CCND2,0.9998435
1496,LAMP5,0.9998573
1497,ECM1,0.9993849
1498,EIF3I,0.99915177
1499,ANXA7,0.9996918
1500,BACE2,0.99902123
1501,CD47,0.9998692
1502,KIAA0930,0.99991953
1503,NDUFC1,0.9998035
1504,PBXIP1,0.99982476
1505,PFDN5,0.99878883
1506,SEMA4B,0.99994767
1507,PPP2R5C,0.99987745
1508,SARS1,0.99975777
1509,TMBIM4,0.99977493
1510,RBX1,0.99966997
1511,PDCD4,0.9994314
1512,PAPOLA,0.99982
1513,IL13RA1,0.99967694
1514,CDC42EP1,0.9993194
1515,PDGFC,0.99989414
1516,IER3,0.9958284
1517,SEL1L3,0.9998997
1518,DCTN2,0.9998127
1519,NCOA4,0.9997225
1520,SORL1,0.9999187
1521,CENPB,0.9998325
1522,SORBS3,0.99994504
1523,RBMX,0.9996692
1524,CTDNEP1,0.9996786
1525,PGLS,0.999447
1526,C1orf122,0.99975735
1527,CERS2,0.99986494
1528,NAPA,0.99644566
1529,ADAM15,0.99957275
1530,LPP,0.99950457
1531,JAK1,0.99736124
1532,CLDN18,0.999673
1533,NAP1L4,0.999509
1534,TSPYL1,0.99936736
1535,ATP9A,0.9996687
1536,TMEM50A,0.99980164
1537,EFCAB14,0.99985677
1538,MAF,0.9997872
1539,MMP28,0.9998638
1540,PDAP1,0.9972619
1541,BMPR2,0.9996129
1542,AZIN1,0.9997045
1543,XPO1,0.9991598
1544,STARD7,0.9989564
1545,RAMP1,0.99982995
1546,TKT,0.9978488
1547,OXA1L,0.99968094
1548,ABLIM1,0.99978274
1549,EFHD2,0.9999182
1550,CYGB,0.9992869
1551,TNFRSF21,0.9999283
1552,OGT,0.9995403
1553,CTBP1,0.9980445
1554,SAMHD1,0.9997659
1555,SLC25A39,0.99945176
1556,FDPS,0.9989017
1557,FNDC3B,0.99977237
1558,GJA1,0.99990726
1559,MAF1,0.9995914
1560,SCAMP2,0.9981537
1561,COPA,0.99960995
1562,MYO1D,0.99946296
1563,GOLGB1,0.9997461
1564,MLF2,0.99973893
1565,MAP7D1,0.9997403
1566,HNRNPA1,0.99956375
1567,F11R,0.99994004
1568,BAD,0.9995824
1569,DNAJB1,0.9983882
1570,PKN1,0.9992202
1571,EIF3D,0.99948674
1572,PSMB2,0.9996947
1573,AURKAIP1,0.99970627
1574,PPP2CB,0.99970233
1575,RBPMS,0.99944925
1576,NDUFV2,0.9993993
1577,SH3GL1,0.9995648
1578,TMEM165,0.99966943
1579,WNK1,0.99861443
1580,CYCS,0.9999371
1581,VDAC2,0.9999331
1582,FOSL2,0.99990326
1583,RBP1,0.9990801
1584,ATP5F1E,0.9998534
1585,MUC20,0.99984634
1586,PFKP,0.99994874
1587,CAPZA2,0.9998962
1588,MXD4,0.9998477
1589,ZCCHC24,0.9999288
1590,LAMA5,0.9999072
1591,C1orf43,0.9999054
1592,SCG5,0.999879
1593,PAFAH1B2,0.99884987
1594,TP53I13,0.9998421
1595,CALR,0.9997839
1596,CHGA,0.99987495
1597,SLC2A4RG,0.99991953
1598,ATP1B3,0.9991276
1599,REX1BD,0.9992212
1600,MOB1A,0.9999023
1601,LBH,0.9994556
1602,FBLIM1,0.9987046
1603,SH3PXD2A,0.9999075
1604,C12orf75,0.9999128
1605,P4HB,0.9996886
1606,GSTP1,0.9998627
1607,TST,0.99986213
1608,G3BP2,0.9997812
1609,ARRDC3,0.99957293
1610,TRAPPC1,0.9996244
1611,SND1,0.9995513
1612,HIGD2A,0.99975014
1613,DDB1,0.99945855
1614,TRIP6,0.99989116
1615,WARS1,0.9992515
1616,ADGRE5,0.999743
1617,GLS,0.99959654
1618,RAB14,0.99988645
1619,DCTN1,0.9982525
1620,MICOS10,0.9942841
1621,EIF2S2,0.9998547
1622,TMEM141,0.9995487
1623,GADD45B,0.9999459
1624,EIF5,0.99982864
1625,PLBD1,0.9998852
1626,RAB5IF,0.99988717
1627,RAD23A,0.9996022
1628,MAP4K4,0.9997777
1629,TMEM230,0.9991741
1630,CHP1,0.99986976
1631,LHFPL6,0.99994457
1632,HNRNPH3,0.99965674
1633,SF3B5,0.9997774
1634,CTSF,0.9998638
1635,AKR1B1,0.9999189
1636,CNPY3,0.99964696
1637,CYB5A,0.99974185
1638,LMF2,0.9996637
1639,PNPLA2,0.99988353
1640,EIF1,0.9996797
1641,PODN,0.99995375
1642,CLK1,0.99955076
1643,HIGD1A,0.9999217
1644,UBE2L3,0.9985516
1645,AKAP13,0.9995344
1646,NME4,0.9997677
1647,SMOC2,0.9999436
1648,DDAH2,0.9992957
1649,FOXP1,0.99976784
1650,RAB11B,0.99970585
1651,LEPROT,0.99812603
1652,WWTR1,0.9992653
1653,ILF2,0.9990965
1654,METTL26,0.99902034
1655,PSMB8,0.99913937
1656,ARFRP1,0.9995461
1657,MICAL2,0.99991965
1658,CCT6A,0.99987334
1659,UXT,0.99976814
1660,ADH5,0.9992994
1661,PDLIM4,0.99973786
1662,SELENBP1,0.9998605
1663,CHMP1A,0.99934775
1664,ETS2,0.9997045
1665,DDX24,0.999131
1666,LSP1,0.99991226
1667,QKI,0.999922
1668,CYFIP1,0.99849546
1669,DNAJC15,0.99987483
1670,CUX1,0.99958813
1671,TRIOBP,0.9996689
1672,STT3B,0.99964297
1673,FCGR2A,0.9999483
1674,WAC,0.9996358
1675,CRIP1,0.9998379
1676,PSMC6,0.999846
1677,ANKH,0.99911463
1678,MRPL51,0.99946415
1679,COX7A1,0.99994814
1680,CSF1R,0.99994844
1681,CNIH1,0.99988586
1682,SYNCRIP,0.99977076
1683,CASC4,0.9984128
1684,G3BP1,0.99937576
1685,PUM2,0.99957925
1686,CIAO2B,0.9998526
1687,ELOVL1,0.99985504
1688,PRRC2C,0.9995326
1689,LOX,0.99994487
1690,RBM5,0.9994602
1691,MFAP5,0.9999025
1692,FBXO32,0.9993098
1693,NAA10,0.9985107
1694,ARPC1A,0.99992526
1695,PHLDA2,0.9999261
1696,BNIP3L,0.9993895
1697,SGK1,0.9991614
1698,UQCRFS1,0.9995836
1699,TMED4,0.99885255
1700,FURIN,0.9994814
1701,SCD,0.9999035
1702,R3HDM4,0.99879646
1703,IL1R1,0.9999286
1704,NBR1,0.9998276
1705,LSM14A,0.9897015
1706,ARPP19,0.9993316
1707,TGFB1I1,0.9999499
1708,UBE2H,0.9996652
1709,PSMA2,0.999919
1710,TMCO1,0.9999639
1711,MRPL20,0.99948657
1712,IFNGR1,0.99962145
1713,CAV2,0.9998195
1714,RAB34,0.99995273
1715,FKBP10,0.9999476
1716,TFG,0.99972975
1717,POLR2J,0.99959815
1718,TOR1AIP2,0.99924684
1719,YPEL5,0.9996891
1720,MBD3,0.99974513
1721,POLR1D,0.9997308
1722,RBM42,0.99958736
1723,PPP2CA,0.9997309
1724,MIDN,0.9998959
1725,AKR1C3,0.99986535
1726,LRRC59,0.9987481
1727,ECHS1,0.999898
1728,MFSD1,0.99962246
1729,ANXA10,0.999741
1730,CD276,0.99990237
1731,RAD21,0.9995823
1732,MMP24OS,0.9985564
1733,YIF1A,0.99844706
1734,MICALL2,0.99926555
1735,TMEM238,0.999901
1736,ASS1,0.99984205
1737,COX17,0.9997494
1738,MYOF,0.99985224
1739,COX7A2L,0.9994951
1740,STUB1,0.9996795
1741,VSIR,0.99984574
1742,LIPA,0.9975258
1743,FBP1,0.99989176
1744,EFNA1,0.99990684
1745,RBBP4,0.99901986
1746,GTF3A,0.9996685
1747,FDFT1,0.99990934
1748,CYC1,0.9985142
1749,LSM4,0.99958366
1750,OLFML3,0.999945
1751,YME1L1,0.99988794
1752,RSL1D1,0.99896246
1753,TGFB3,0.9999548
1754,INTS1,0.999754
1755,ATP2A3,0.9982906
1756,WIPF1,0.9999285
1757,WBP1L,0.99933666
1758,SNX6,0.99814767
1759,ROCK1,0.99953187
1760,MED15,0.99965394
1761,REEP3,0.99995446
1762,GNA11,0.9994423
1763,FAAP20,0.99983823
1764,AIDA,0.9993252
1765,CDIPT,0.9980922
1766,STAU1,0.9998357
1767,CSNK1D,0.99519736
1768,ADAM10,0.9999084
1769,MS4A6A,0.9998876
1770,TXNL4A,0.99947464
1771,RAB5B,0.9992538
1772,WBP2,0.9978422
1773,AP1B1,0.99917805
1774,SLIRP,0.9999323
1775,PPP1R14A,0.9999118
1776,OAZ1,0.99933827
1777,DLGAP4,0.99979633
1778,EPB41L2,0.9998822
1779,SUPT5H,0.99944973
1780,UBE2R2,0.9994793
1781,BCAR1,0.9998633
1782,ESYT2,0.99853915
1783,UQCRC2,0.99978024
1784,RAD23B,0.9994627
1785,MGST1,0.999901
1786,PLBD2,0.9999454
1787,GBA,0.99918044
1788,FASTK,0.9994697
1789,METTL9,0.99931216
1790,N4BP2L2,0.9997337
1791,ISCU,0.9992428
1792,PRRC2A,0.9999056
1793,CAPN8,0.99989754
1794,UGP2,0.99957144
1795,BLCAP,0.9998578
1796,CLDN1,0.99981546
1797,BRD4,0.9996916
1798,PDCD6IP,0.9999398
1799,TCIM,0.9998578
1800,PNISR,0.99911404
1801,EWSR1,0.9996277
1802,SNX9,0.99977684
1803,SH3D19,0.99977446
1804,ANO1,0.9998313
1805,NDUFA10,0.99931526
1806,THRAP3,0.998088
1807,HSD17B12,0.9999456
1808,POLR2G,0.9996583
1809,ALKBH7,0.99937266
1810,LIMA1,0.999855
1811,ZBTB20,0.9994462
1812,LARP1,0.9977587
1813,ID2,0.9998115
1814,NUDC,0.99957377
1815,IP6K2,0.99944794
1816,DEK,0.99940133
1817,LPCAT4,0.9998883
1818,MRPL28,0.9993755
1819,STAB1,0.99990714
1820,AHCYL1,0.99951154
1821,KARS1,0.99985534
1822,RASSF7,0.9999195
1823,AP3D1,0.9996051
1824,SLC39A7,0.99917054
1825,IPO7,0.9997905
1826,DAB2,0.99978924
1827,MARCHF6,0.99963903
1828,KLC1,0.9985019
1829,PNKD,0.99980193
1830,FABP5,0.9974975
1831,NME1,0.99977195
1832,CXCL16,0.9995738
1833,UBE2B,0.9999049
1834,RBIS,0.9999235
1835,SRSF6,0.9987555
1836,SORT1,0.99863154
1837,DNAJB6,0.99981713
1838,TAF7,0.9997188
1839,ERH,0.9997201
1840,GSDMD,0.99947625
1841,NOSIP,0.9990688
1842,CLPTM1L,0.99972105
1843,MIA,0.99979013
1844,NELFE,0.9997378
1845,PLAAT4,0.999189
1846,SLC12A7,0.9998033
1847,NREP,0.9998025
1848,DHCR24,0.99992913
1849,RELA,0.9996204
1850,NDUFAF3,0.99921376
1851,RTF2,0.9980073
1852,PPP6R1,0.9995447
1853,DSP,0.9999064
1854,S100A11,0.9998558
1855,SSBP1,0.9998951
1856,CARHSP1,0.99969363
1857,HLA-C,0.9997979
1858,DYNLT1,0.9998906
1859,STMN1,0.9997122
1860,SSBP4,0.9966406
1861,DDAH1,0.99980223
1862,GATM,0.99984103
1863,GLMP,0.99959576
1864,NHP2,0.99894744
1865,ERLEC1,0.99915546
1866,AP2B1,0.9990415
1867,MED16,0.9996916
1868,CNOT1,0.9997345
1869,MDH1,0.9998784
1870,EIF1AX,0.99981564
1871,PPCS,0.99979335
1872,IRF3,0.99969715
1873,FAT1,0.9999221
1874,HNRNPUL2,0.99954456
1875,ARFGAP1,0.99985826
1876,HSPA9,0.9998169
1877,LAMTOR2,0.99972653
1878,ECE1,0.9988549
1879,ATP6V1E1,0.9996501
1880,TRBC2,0.9994453
1881,DAZAP1,0.9993464
1882,TMEM9,0.99919164
1883,SDHC,0.99975365
1884,PRMT1,0.9993254
1885,ANAPC5,0.9996499
1886,TMED7,0.9997468
1887,BRD2,0.9994485
1888,ACTR1A,0.9996362
1889,FARP1,0.99971235
1890,RHEB,0.99976623
1891,RHOT2,0.9995716
1892,ANTXR2,0.99974984
1893,TPD52L2,0.99839675
1894,TXNDC17,0.9999018
1895,ABHD12,0.9998741
1896,IVNS1ABP,0.9992924
1897,PLXND1,0.99994195
1898,TMED3,0.99909073
1899,TMEM43,0.999626
1900,PSEN1,0.9999253
1901,ARRDC1,0.99991304
1902,TMPRSS4,0.99982023
1903,CLCN7,0.99986947
1904,FHL2,0.9999054
1905,STK25,0.99916375
1906,IGFBP7,0.99962777
1907,UBXN4,0.9997246
1908,NR2F6,0.999913
1909,LTBR,0.9997611
1910,ADRM1,0.99825835
1911,CBR1,0.99860305
1912,FLII,0.9985742
1913,SRSF7,0.9999214
1914,EGFL7,0.99975526
1915,NPEPPS,0.9998346
1916,NDUFAB1,0.9997053
1917,ARHGEF12,0.9997918
1918,CTDSPL,0.9997057
1919,WDR82,0.9995232
1920,NSA2,0.9997878
1921,PDXDC1,0.9999119
1922,TMEM109,0.99974775
1923,RETREG2,0.99891317
1924,PARP4,0.9998936
1925,CXXC5,0.99968994
1926,POLR2A,0.9996345
1927,MRPL57,0.99988085
1928,CORO1B,0.99955416
1929,RTRAF,0.9996463
1930,CALCOCO2,0.9995322
1931,RNF11,0.9993979
1932,SH3GLB2,0.999741
1933,RBCK1,0.99795103
1934,HNRNPR,0.99961394
1935,PA2G4,0.9998166
1936,RAP1A,0.99966717
1937,ACLY,0.9992012
1938,CCT8,0.9998111
1939,SNRNP200,0.99975675
1940,DNAJC10,0.99978936
1941,AKAP8L,0.9995837
1942,EXOC7,0.9995276
1943,PGRMC2,0.9998653
1944,LMCD1,0.9999363
1945,PTPN12,0.9982679
1946,POLR2E,0.9994881
1947,PSMC1,0.99954104
1948,UBE2D2,0.9997782
1949,RNF7,0.99989754
1950,S100A6,0.9987298
1951,PPIA,0.9998303
1952,UBE2Q1,0.9995828
1953,GRB2,0.99935824
1954,TCP1,0.9992593
1955,YIPF4,0.9998725
1956,POLR2I,0.9990494
1957,NCOA7,0.9998489
1958,CAPN5,0.99988836
1959,TNKS1BP1,0.99965596
1960,CYBC1,0.9997689
1961,DUOX2,0.999889
1962,UBR4,0.99912524
1963,CCDC6,0.99987435
1964,TMEM147,0.99923265
1965,ZMIZ2,0.9996502
1966,AAMP,0.99982417
1967,MBNL2,0.9996971
1968,CYHR1,0.9981133
1969,LLGL2,0.99991685
1970,PSMB6,0.99544877
1971,PJA2,0.9993998
1972,NFIX,0.99985504
1973,TAP1,0.9998076
1974,TMEM127,0.9995759
1975,RING1,0.99980885
1976,COPB1,0.99969715
1977,PSMB5,0.9993671
1978,PARP10,0.99937814
1979,PSMB9,0.99957263
1980,CHD4,0.9990283
1981,VPS29,0.9998957
1982,NFIB,0.99797094
1983,PIN1,0.99975604
1984,CNP,0.9996042
1985,TRIP12,0.99923974
1986,OCIAD1,0.99979967
1987,SH3GLB1,0.99698603
1988,HADHB,0.99915385
1989,SERPINE2,0.9980446
1990,GOLIM4,0.9999141
1991,PLEKHB2,0.9998034
1992,SEC22B,0.99949
1993,DNAJB2,0.999306
1994,HSPB1,0.99981433
1995,ARFGAP2,0.99706084
1996,PAXX,0.99979115
1997,SREBF2,0.9982118
1998,MRPL33,0.99986595
1999,ITPR3,0.9999484
2000,CELF1,0.9992323
2001,PLPP2,0.999817
2002,PKD1,0.9998463
2003,GNAQ,0.99887764
2004,ATP2C1,0.999892
2005,SMDT1,0.9992365
2006,SLC12A2,0.9998789
2007,OTUB1,0.99898523
2008,WDR6,0.9995883
2009,LMAN1,0.9988274
2010,RCN2,0.9993113
2011,NAGK,0.99984366
2012,ATL3,0.99951196
2013,PRR15L,0.99990785
2014,ATP5PB,0.9997506
2015,CANT1,0.9997287
2016,LIMS2,0.9999429
2017,EI24,0.9998502
2018,TSPAN9,0.9999052
2019,TRA2B,0.9992767
2020,CREB3L1,0.9988373
2021,NUDCD3,0.9994254
2022,IFI35,0.99978745
2023,TMEM120A,0.9991219
2024,MSRB2,0.99619925
2025,ADI1,0.99959785
2026,PSMF1,0.9988035
2027,MRPS34,0.99970806
2028,LIMS1,0.9964868
2029,SCAF11,0.9994361
2030,RHOG,0.99787086
2031,HUWE1,0.9995055
2032,DRAP1,0.9992757
2033,TCEAL9,0.9995061
2034,PACS1,0.9997943
2035,RNASEH2C,0.998493
2036,TRAK1,0.9999119
2037,YAP1,0.9955426
2038,PLXNB1,0.9993371
2039,SBDS,0.9998723
2040,MAP1LC3A,0.9997821
2041,KLK10,0.9998804
2042,MISP,0.9998503
2043,PRMT2,0.99965554
2044,HGS,0.9987348
2045,SP100,0.9998435
2046,SELENOT,0.9998996
2047,RAB21,0.999786
2048,PTPRA,0.99850255
2049,FXYD6,0.9997677
2050,ADGRA2,0.9999311
2051,STX4,0.9988005
2052,BCLAF1,0.9989815
2053,PPT1,0.999071
2054,UBL3,0.9995284
2055,CNPY2,0.9998336
2056,MLLT6,0.9997314
2057,RNF181,0.99963534
2058,AHCY,0.9990035
2059,DPEP1,0.9997823
2060,TBCB,0.99974775
2061,SIVA1,0.99967253
2062,PAFAH1B1,0.9996268
2063,PHGR1,0.99963456
2064,PACS2,0.99984807
2065,GAK,0.9995748
2066,APEX1,0.9996057
2067,ARL4C,0.99987
2068,STXBP2,0.99885553
2069,EMC4,0.9990998
2070,UBE2M,0.99938256
2071,SCAMP3,0.99846196
2072,GREM1,0.9998678
2073,NELFB,0.99973893
2074,RNF130,0.9994469
2075,GALNT2,0.99935055
2076,TIAL1,0.999755
2077,NDUFA5,0.9992391
2078,TMEM167A,0.9996134
2079,LDLR,0.99994075
2080,HSPB6,0.9999399
2081,SOD3,0.9995466
2082,PLOD3,0.99971455
2083,BMP1,0.9999529
2084,TSR3,0.9987967
2085,FGFR1,0.99988157
2086,EML4,0.9990883
2087,PRRX1,0.99982136
2088,NEK7,0.9999213
2089,MPST,0.99984974
2090,TWF1,0.9999026
2091,TNS3,0.9998648
2092,SNRPD3,0.99971986
2093,ANXA2,0.999479
2094,TNPO1,0.9989606
2095,ATP5MC1,0.99978137
2096,DUT,0.9994262
2097,ANXA3,0.9998895
2098,NDUFB6,0.9997347
2099,ACSL5,0.999899
2100,TGFBR1,0.99972546
2101,REG4,0.99978465
2102,PTK7,0.99994326
2103,SLC39A14,0.9997179
2104,WDR26,0.9996586
2105,HSF1,0.9994736
2106,LAMA4,0.9999237
2107,SBNO2,0.99910986
2108,IMPAD1,0.99965227
2109,ETNK1,0.99990195
2110,SUN1,0.99986905
2111,CKAP4,0.99992156
2112,ATRX,0.9973065
2113,AP2A2,0.9992042
2114,TMEM14C,0.9996989
2115,PRCP,0.99982154
2116,MAN2C1,0.99981016
2117,SPATA20,0.9939045
2118,CCDC50,0.9997503
2119,PER1,0.99994516
2120,BAX,0.9996902
2121,PYCARD,0.9998575
2122,C1orf198,0.9998781
2123,STRA6,0.99985594
2124,MICAL1,0.99984187
2125,SUMO1,0.9998462
2126,C7orf50,0.99962604
2127,LMBRD1,0.9986899
2128,YY1,0.9998102
2129,TRAPPC2L,0.9997893
2130,LRRC8A,0.9995932
2131,CMTM6,0.9999027
2132,DYNC1I2,0.9990096
2133,DMAC1,0.9987997
2134,MANF,0.9997798
2135,LAMA2,0.9998621
2136,GABARAP,0.99986446
2137,CKB,0.99924505
2138,SRSF1,0.9997433
2139,JMJD8,0.9997358
2140,CAB39,0.9998359
2141,TAF15,0.999347
2142,BAIAP2L1,0.99994063
2143,ALOX5AP,0.9996086
2144,SLC16A3,0.999861
2145,P3H3,0.99988556
2146,GFPT1,0.9998941
2147,ADNP,0.9988936
2148,SEPTIN8,0.99875426
2149,HDAC7,0.9995746
2150,CBX6,0.99991626
2151,ARRDC2,0.99964994
2152,NCSTN,0.9996939
2153,PUM1,0.99903345
2154,MAPK1IP1L,0.99932647
2155,PARP14,0.9997381
2156,PKP3,0.99992
2157,WASHC1,0.99937916
2158,RNF149,0.99994564
2159,CAV1,0.9989861
2160,CCPG1,0.9994323
2161,CHTOP,0.9996652
2162,SIL1,0.99968916
2163,AK2,0.999463
2164,NPLOC4,0.99949247
2165,HIC1,0.9999381
2166,PAIP2,0.9993544
2167,CDC42SE2,0.99972254
2168,KIF1C,0.999151
2169,ABI1,0.9998469
2170,DSC2,0.9998966
2171,KIF13B,0.99939215
2172,UBTF,0.9998473
2173,NDUFB3,0.9999465
2174,PLPP1,0.9996268
2175,AFF4,0.9988074
2176,IL2RG,0.99987996
2177,NCK2,0.9992346
2178,SLC29A1,0.9992452
2179,CDC42SE1,0.9998665
2180,CLINT1,0.9998946
2181,PRXL2A,0.99982226
2182,RBM6,0.9982207
2183,ERBIN,0.99986434
2184,DPM3,0.99879944
2185,RANGAP1,0.99958205
2186,GNAS,0.9998354
2187,PRPF6,0.99891084
2188,ENY2,0.9995589
2189,SDCBP2,0.99992
2190,SDHA,0.9999322
2191,NDRG2,0.99841565
2192,WASL,0.9990478
2193,CST2,0.9999136
2194,NUFIP2,0.9998119
2195,ASL,0.9999145
2196,AK3,0.99959874
2197,FAM162A,0.9993915
2198,LAP3,0.99987257
2199,MBTPS1,0.9991789
2200,MEGF6,0.9998727
2201,GLIS2,0.9999354
2202,RAB25,0.9999048
2203,USP9X,0.9996296
2204,SH3YL1,0.9997367
2205,ADIPOR1,0.9998289
2206,INPPL1,0.9995426
2207,SERF2,0.99977046
2208,TMEM214,0.99950725
2209,STX7,0.99988186
2210,COPB2,0.9997491
2211,CLPTM1,0.99944293
2212,PPP1R9B,0.9996775
2213,AGTRAP,0.99891865
2214,NAGLU,0.99981195
2215,LCP1,0.9998044
2216,CBFB,0.9997358
2217,NDUFAF8,0.99820507
2218,HIPK3,0.99944645
2219,F13A1,0.9999321
2220,AP3S1,0.9987787
2221,PCBD1,0.9998776
2222,GRSF1,0.99942005
2223,ANKRD11,0.999118
2224,RASSF4,0.9998494
2225,ZMIZ1,0.9992143
2226,CDC42BPA,0.9830784
2227,ARL1,0.99946743
2228,C16orf72,0.998747
2229,TMEM106B,0.9998842
2230,SNRPC,0.9993522
2231,STING1,0.99966604
2232,B4GALT5,0.9997909
2233,PLIN3,0.9996916
2234,TARDBP,0.9996831
2235,DERL1,0.99977833
2236,P3H1,0.9998232
2237,EIF4EBP1,0.9995555
2238,VPS35,0.9997988
2239,AKAP12,0.9999099
2240,ZDHHC3,0.9998368
2241,EPS8L1,0.9999267
2242,SPHK1,0.9999411
2243,RAB18,0.99981356
2244,CD93,0.99990225
2245,MAT2B,0.99987644
2246,PINK1,0.99834216
2247,DIAPH1,0.9998976
2248,KLHDC3,0.99672735
2249,SCYL1,0.9997372
2250,WTAP,0.9996465
2251,NFE2L2,0.99980676
2252,SUSD6,0.9991986
2253,EMP2,0.99993294
2254,IPO5,0.9968118
2255,ZBTB7A,0.99991304
2256,MRPL24,0.9997703
2257,PKDCC,0.9997934
2258,FAR1,0.99995565
2259,SLC1A5,0.9994427
2260,MOXD1,0.9998853
2261,MAGT1,0.99957746
2262,SLC15A3,0.9998528
2263,RRP7A,0.99668664
2264,RAB6A,0.9996736
2265,SPSB3,0.99946135
2266,SNF8,0.9994994
2267,WSB2,0.9998952
2268,SLC39A13,0.99993885
2269,MRPL12,0.99936855
2270,CCT2,0.9996659
2271,MAP3K11,0.9994372
2272,C6orf89,0.99978447
2273,APCDD1,0.99986434
2274,AMFR,0.9994112
2275,BECN1,0.9994146
2276,FXYD2,0.9998155
2277,PPP1R18,0.9999002
2278,PDLIM2,0.99987954
2279,EHD1,0.9984869
2280,ZMAT2,0.9993868
2281,GSPT1,0.9999073
2282,GPS1,0.9996858
2283,PTPN18,0.99797386
2284,ZKSCAN1,0.99952376
2285,HMG20B,0.99959415
2286,ENTPD6,0.9997127
2287,CHURC1,0.9995421
2288,DNAJC3,0.9996996
2289,TRABD,0.99980074
2290,DHX30,0.9995282
2291,CYP3A5,0.9999167
2292,SPPL2A,0.9990182
2293,SPG7,0.99660945
2294,HYAL2,0.99990666
2295,INAVA,0.9999454
2296,NAXE,0.9991546
2297,ETS1,0.9995989
2298,RBM25,0.9992877
2299,COX14,0.99989784
2300,KRT10,0.9997783
2301,UBE2E3,0.9997653
2302,SKAP2,0.999377
2303,PSMA3,0.999826
2304,SEC16A,0.9932177
2305,DNAJC8,0.9993266
2306,SMARCA5,0.9990038
2307,FAM102A,0.9996857
2308,ARAF,0.9989487
2309,CFI,0.9997797
2310,SPIN1,0.9998329
2311,PPP1R1B,0.99975085
2312,ARHGAP21,0.9993748
2313,RABGAP1L,0.9981045
2314,UBE2L6,0.9995809
2315,DEGS1,0.99961084
2316,MLXIP,0.99969625
2317,PLEKHA2,0.9990456
2318,SPPL2B,0.99789256
2319,HK1,0.99962145
2320,TPR,0.99972844
2321,GNPAT,0.99954045
2322,ITPK1,0.99981415
2323,SYF2,0.99944437
2324,SCCPDH,0.9997989
2325,RNF13,0.9995189
2326,MRPL55,0.9988441
2327,BTBD2,0.9992089
2328,DNPH1,0.99964845
2329,CUEDC2,0.9995078
2330,TCEA1,0.99939346
2331,RNF40,0.9994968
2332,CYB5B,0.99962765
2333,PLEKHJ1,0.99969095
2334,EPHX1,0.99963605
2335,AOPEP,0.99958116
2336,SSNA1,0.9996888
2337,PPP1R12C,0.9991797
2338,SUPT6H,0.9996145
2339,TAF1D,0.999311
2340,SRPRA,0.9986605
2341,WLS,0.99939865
2342,PNRC2,0.99760205
2343,ITGB1BP1,0.9986047
2344,UPF1,0.99914515
2345,TXLNA,0.99986655
2346,UHMK1,0.99991524
2347,M6PR,0.99932396
2348,COPS6,0.99939156
2349,GORASP2,0.9997379
2350,STMP1,0.9994535
2351,UFM1,0.99989235
2352,PNN,0.9998708
2353,GPAT4,0.99943185
2354,TNS2,0.9998989
2355,RBBP7,0.9997699
2356,CCDC47,0.999617
2357,CHMP1B,0.99957955
2358,TUG1,0.998826
2359,ERI3,0.9996348
2360,KLF9,0.99913645
2361,U2AF2,0.99939555
2362,KIAA1217,0.9993359
2363,SEC63,0.9995375
2364,CFB,0.99988693
2365,HDHD3,0.99992895
2366,PSMD7,0.99969625
2367,OAT,0.99988973
2368,SVIL,0.99957734
2369,SF3B3,0.9997157
2370,BICC1,0.99972516
2371,STT3A,0.999616
2372,ACSL1,0.99955815
2373,COA3,0.99962187
2374,UBB,0.999739
2375,CDKN1C,0.9993424
2376,HNMT,0.9993511
2377,S100A14,0.99989486
2378,COPG1,0.9993017
2379,SLC4A2,0.999266
2380,FUNDC2,0.99921215
2381,SLC35F5,0.9994769
2382,HEPH,0.99978054
2383,C5orf15,0.99933004
2384,IDH1,0.99983984
2385,GOLGA3,0.99966955
2386,TBCD,0.9995223
2387,NT5C,0.9997072
2388,PON2,0.9998972
2389,PACSIN2,0.9996963
2390,FAM89B,0.99990726
2391,MYRF,0.9998418
2392,SNRPN,0.9998616
2393,CSK,0.9996906
2394,HNRNPH2,0.9993248
2395,TMEM98,0.9995279
2396,TMEM63A,0.9995108
2397,GPBP1,0.9994817
2398,GLO1,0.999594
2399,DHX15,0.99962825
2400,NUBP2,0.99939966
2401,WIPI2,0.99978197
2402,CKLF,0.9992894
2403,ABR,0.9997094
2404,UROD,0.99964905
2405,EFNB1,0.9997721
2406,EEF1G,0.999296
2407,TRPC4AP,0.9995621
2408,KRTCAP2,0.99990207
2409,GID8,0.9993037
2410,KLF13,0.9997159
2411,SMPD1,0.9997354
2412,EFR3A,0.9992964
2413,NDUFA12,0.9999587
2414,PSMA5,0.9998591
2415,RIC8A,0.99950826
2416,MTUS1,0.9994255
2417,DUS1L,0.99707997
2418,CGGBP1,0.9992058
2419,PDCD5,0.9998339
2420,TRIM44,0.99956715
2421,SNRPF,0.9999098
2422,SIPA1,0.99950266
2423,CDK10,0.9996058
2424,GUSB,0.9983409
2425,ICMT,0.9997908
2426,SMARCA2,0.9989606
2427,SIGIRR,0.99969155
2428,SRP72,0.99935347
2429,FBXW4,0.9990695
2430,SFXN3,0.99950504
2431,TUBGCP2,0.9997786
2432,RAB11FIP1,0.99987686
2433,GPR108,0.9997629
2434,PSMC2,0.9996351
2435,REPIN1,0.99956626
2436,PPM1G,0.9991857
2437,VDAC3,0.9980068
2438,HDAC2,0.99900323
2439,MAPK1,0.999235
2440,UBE2N,0.9998583
2441,NDUFB5,0.9997274
2442,SEZ6L2,0.9998889
2443,NINJ1,0.9992096
2444,PPFIBP1,0.99963516
2445,PTGES2,0.99884367
2446,SESN3,0.99978864
2447,TADA3,0.9987825
2448,RHOQ,0.99968666
2449,VPS13C,0.99881566
2450,SPRY1,0.9998239
2451,AGAP3,0.99951035
2452,KIAA1522,0.9999178
2453,JOSD2,0.9994711
2454,RFNG,0.9998231
2455,FSCN1,0.9998373
2456,ACP1,0.99991786
2457,PMVK,0.99709725
2458,LFNG,0.9999068
2459,PIK3IP1,0.9991591
2460,C1orf21,0.9999087
2461,SNRPD1,0.9999527
2462,HGSNAT,0.9991212
2463,RNF167,0.9992194
2464,POLR2F,0.9993587
2465,NR1H2,0.9996247
2466,TMOD3,0.9997668
2467,NSMF,0.9998352
2468,NPNT,0.9993695
2469,TPD52,0.99993217
2470,TBC1D2B,0.9997028
2471,TPCN1,0.9958594
2472,GLUD1,0.9992513
2473,NCOR1,0.9992224
2474,CS,0.9994956
2475,PPP1R7,0.9996388
2476,BUD31,0.99956346
2477,PIGQ,0.9985696
2478,SEMA3B,0.9998452
2479,CDC42BPB,0.9998641
2480,TOP1,0.9997717
2481,CISD3,0.9998786
2482,IGBP1,0.9996535
2483,CFL1,0.9998573
2484,AFF1,0.9976024
2485,AKAP9,0.9995583
2486,TIMM8B,0.9997933
2487,UBE2G2,0.99897856
2488,VPS4A,0.9991844
2489,PRPF31,0.99879414
2490,STOML2,0.99951106
2491,HMGB2,0.9998064
2492,GET3,0.99907684
2493,MMP23B,0.9999239
2494,TSC2,0.99922913
2495,TRIP10,0.99988216
2496,MFSD12,0.99985266
2497,ORMDL3,0.99965715
2498,PIM3,0.9996566
2499,MELTF,0.9987192
2500,INSR,0.99981225
2501,PCMTD1,0.9988307
2502,FAM174C,0.99928343
2503,SSB,0.9998823
2504,CPNE3,0.99976164
2505,ZMAT3,0.9998638
2506,STK11,0.9986865
2507,FAU,0.99982923
2508,PSMC4,0.99949604
2509,TMEM179B,0.9998249
2510,IQSEC1,0.999114
2511,PPP3CA,0.99983346
2512,HSPH1,0.9998908
2513,TOP2B,0.9990784
2514,SEC23A,0.999854
2515,CD2BP2,0.9990592
2516,NR2F1,0.9998474
2517,TIA1,0.99907976
2518,CCZ1,0.999889
2519,SMARCD2,0.998898
2520,STRAP,0.99923724
2521,UBA2,0.9995533
2522,NDUFA6,0.99961257
2523,TSPAN14,0.99953926
2524,CCS,0.99966776
2525,AFDN,0.9994939
2526,UNC45A,0.9997103
2527,ATP6V0A1,0.9990682
2528,DGCR2,0.9997568
2529,SOCS3,0.99944377
2530,FNDC3A,0.99795496
2531,UBQLN1,0.99966466
2532,HDAC5,0.9992698
2533,CD52,0.999866
2534,MDM2,0.9984665
2535,RBPJ,0.99947584
2536,ATG4B,0.9985317
2537,CSNK1E,0.99936664
2538,SLC39A1,0.997972
2539,CCNL1,0.9993033
2540,APEH,0.9985833
2541,SRPRB,0.99416167
2542,MYO6,0.9999402
2543,PRDX3,0.99993074
2544,IDH2,0.9986297
2545,HPCAL1,0.9998099
2546,CHCHD1,0.9998341
2547,PRELID3B,0.9998325
2548,TM7SF3,0.9997339
2549,MAPRE1,0.9998051
2550,GRHPR,0.9993471
2551,DNAJC4,0.9996543
2552,NAPRT,0.99985284
2553,RANBP2,0.99926805
2554,PIK3R1,0.99980444
2555,PLEKHO1,0.9999228
2556,RBMS1,0.99940085
2557,SNX2,0.9990595
2558,UBAC2,0.99942183
2559,PBX1,0.9996444
2560,CD2AP,0.9999225
2561,TMEM33,0.99991995
2562,TRAF7,0.99958366
2563,ALKBH5,0.9998106
2564,PSENEN,0.99977714
2565,B4GALT2,0.9991804
2566,SSC5D,0.99994254
2567,SHC2,0.99963176
2568,DUSP23,0.9993079
2569,TP53I11,0.9996524
2570,FKBP4,0.99990946
2571,CSNK1G2,0.9993775
2572,LRPPRC,0.99977756
2573,ANP32A,0.99695516
2574,ANKLE2,0.99971956
2575,NFIA,0.9927202
2576,ACAA2,0.9995593
2577,IL4R,0.99964106
2578,HYOU1,0.99976027
2579,PRKDC,0.9989506
2580,RAP2B,0.9995173
2581,SLC9A3R2,0.99950254
2582,EIF5B,0.9998487
2583,PPP6R3,0.9997333
2584,ILRUN,0.9981329
2585,SLK,0.9999017
2586,MANBAL,0.9997363
2587,PAK2,0.999703
2588,CCDC124,0.99922156
2589,SPAG9,0.999659
2590,USP7,0.99939495
2591,VTI1B,0.9993615
2592,ARCN1,0.999173
2593,FAM32A,0.99914616
2594,TWF2,0.9997975
2595,ZDHHC5,0.99940073
2596,PABPN1,0.9984608
2597,RNF10,0.99941385
2598,IFNAR1,0.9992816
2599,LYPLA2,0.99917716
2600,FBXL5,0.99857455
2601,MPC2,0.99970645
2602,PTP4A3,0.99974376
2603,MGRN1,0.9994447
2604,AGR3,0.9998582
2605,PNPLA6,0.9998603
2606,TRIM47,0.9998399
2607,DGAT1,0.9998084
2608,ZDHHC7,0.99975693
2609,LARS1,0.99941605
2610,EPS15,0.9980962
2611,BOC,0.9999225
2612,CORO1C,0.99975383
2613,TPRG1L,0.9992339
2614,SELENOK,0.99977374
2615,NCLN,0.99974054
2616,PLAU,0.9996921
2617,AP1M2,0.99993384
2618,TNK2,0.9990614
2619,TRAP1,0.9991269
2620,EIF2AK2,0.99981785
2621,IARS2,0.9997129
2622,VPS25,0.9995925
2623,FNTA,0.9995924
2624,COMMD7,0.9996782
2625,GLRX5,0.9996117
2626,DARS1,0.99972236
2627,RESF1,0.9998104
2628,TNRC18,0.9983832
2629,SFTA2,0.99987066
2630,TRIO,0.9997102
2631,DDX42,0.9991594
2632,USP34,0.99891526
2633,ABHD14B,0.9994121
2634,VAMP2,0.99960434
2635,MET,0.999842
2636,AIP,0.99756384
2637,LYPLA1,0.9999458
2638,CPSF1,0.9988272
2639,AKT2,0.99764574
2640,GNL1,0.9997549
2641,RNF145,0.99983835
2642,SMIM26,0.9990289
2643,FIBP,0.9996402
2644,BTG2,0.99896216
2645,MTLN,0.9997597
2646,C1QBP,0.99895656
2647,RARRES1,0.9997
2648,TMEM131,0.9994639
2649,SGTA,0.99955004
2650,PGAP6,0.9990868
2651,ASAP2,0.9998926
2652,ELAVL1,0.9991523
2653,C1QTNF1,0.9999347
2654,C16orf58,0.9975333
2655,SDHD,0.999828
2656,PLXDC1,0.99990314
2657,ZBTB4,0.99966395
2658,TJP1,0.9992072
2659,ITPA,0.9987339
2660,RAB4A,0.9979602
2661,STAT3,0.99911183
2662,GALNT10,0.99960685
2663,LSM3,0.99907136
2664,FAM114A1,0.99970174
2665,IGHG2,0.99993813
2666,SIRT2,0.9995282
2667,BROX,0.99963605
2668,PSMG2,0.99966973
2669,IGF2R,0.99959195
2670,SAMD4B,0.99964726
2671,TBC1D9B,0.9990487
2672,DDX1,0.9993103
2673,MARK3,0.99902594
2674,GYPC,0.9996251
2675,EIF2AK1,0.99981296
2676,SERPINA5,0.9997519
2677,POLR2H,0.9999006
2678,TSC22D4,0.9994319
2679,ARHGEF1,0.99912155
2680,NRDC,0.999159
2681,P3H4,0.99986154
2682,RETREG3,0.9988005
2683,TMX4,0.998368
2684,NAA60,0.99915653
2685,UBA7,0.99961823
2686,AARS1,0.99904233
2687,COQ4,0.9990897
2688,EXT2,0.99946845
2689,G6PC3,0.99932015
2690,ZBTB38,0.9997747
2691,RIPOR1,0.9994147
2692,MSL1,0.99978924
2693,DHX9,0.99960697
2694,CCNY,0.9994299
2695,DAPK3,0.99985534
2696,CD82,0.9998287
2697,ACAA1,0.9998514
2698,ITGB8,0.9996974
2699,CIAO1,0.99970496
2700,ESD,0.99987775
2701,ELK3,0.999499
2702,RBM47,0.9998722
2703,DENR,0.9996588
2704,DCTD,0.9996263
2705,ARL8B,0.99865425
2706,CARM1,0.99974257
2707,PRPF40A,0.9998571
2708,DDT,0.99937505
2709,NUTF2,0.99973047
2710,CAND1,0.9997713
2711,SEC11C,0.9996872
2712,UBE2K,0.9997642
2713,LONP2,0.9998887
2714,INTS11,0.99983656
2715,MRPL27,0.9994373
2716,MRPS16,0.99965656
2717,HSD17B2,0.9998843
2718,OSBPL8,0.99983966
2719,DUSP6,0.99991095
2720,OTUD5,0.99960816
2721,KPNA4,0.99918306
2722,OGFR,0.9995875
2723,ARL8A,0.9997908
2724,BAZ2A,0.99978757
2725,DGKZ,0.9982615
2726,RDH11,0.99981964
2727,DCAF8,0.99856585
2728,ALOX5,0.99969774
2729,ERP44,0.999892
2730,H6PD,0.999874
2731,METRN,0.999717
2732,TES,0.9996056
2733,SF3A1,0.9996925
2734,FAM177A1,0.99968815
2735,SLC20A1,0.9998119
2736,RAPGEF1,0.9994966
2737,SMARCC1,0.9994831
2738,VAMP3,0.9992933
2739,PSMD1,0.99977505
2740,NAA50,0.9996528
2741,SNX5,0.9996258
2742,ERO1B,0.99991554
2743,SMAD2,0.9998219
2744,MRPL43,0.9988642
2745,MMADHC,0.99988705
2746,TAOK1,0.9992485
2747,STMN3,0.99992204
2748,PTPRK,0.99963385
2749,APMAP,0.99953717
2750,GBP2,0.999684
2751,AP1G2,0.99984246
2752,KLF3,0.9999074
2753,DNASE2,0.9996983
2754,IER5L,0.9993546
2755,ZMPSTE24,0.9998821
2756,XPO6,0.999674
2757,PEPD,0.99951863
2758,MAX,0.9987859
2759,CDK2AP2,0.99971235
2760,SKI,0.9999451
2761,SLC35B2,0.99916315
2762,TSN,0.99958384
2763,UTRN,0.99983144
2764,SMG1,0.99972343
2765,VSIG2,0.9999085
2766,CREB3L2,0.9995196
2767,TOM1,0.99976826
2768,CAMLG,0.9984504
2769,SLC35A4,0.9990101
2770,TEX264,0.99976826
2771,ITFG1,0.99931216
2772,METAP2,0.99944425
2773,CXCL17,0.9997531
2774,TSPAN13,0.9996514
2775,PPP1R16A,0.99981487
2776,METRNL,0.99958783
2777,COL17A1,0.9996128
2778,ARSA,0.9987852
2779,GLB1,0.9991021
2780,ALCAM,0.999735
2781,ELOC,0.9999017
2782,MKNK2,0.99950457
2783,TRIM22,0.9991847
2784,KXD1,0.99976444
2785,GPX8,0.99993485
2786,ATP13A1,0.9996921
2787,HMGN3,0.9986457
2788,NUDT21,0.99990296
2789,TMEM159,0.9994908
2790,RERE,0.99980295
2791,SMIM14,0.9999163
2792,NSD3,0.9995049
2793,ZDHHC20,0.9999131
2794,TMX2,0.9984204
2795,TSHZ2,0.9996902
2796,UNC5B,0.99932635
2797,SUCLG2,0.99982214
2798,CSNK2A1,0.9996343
2799,ZFAND6,0.9994442
2800,KIAA2013,0.99886525
2801,ATXN2L,0.9995312
2802,BABAM1,0.9984205
2803,RSRC2,0.9997487
2804,VCAM1,0.99973136
2805,FASN,0.99687517
2806,TNFSF12,0.9999194
2807,DUSP3,0.99958277
2808,TMEM47,0.99986887
2809,RUVBL2,0.9997854
2810,MRPL14,0.99964654
2811,PCM1,0.99913126
2812,MYO1E,0.9994837
2813,ELOVL5,0.99948335
2814,STX5,0.9993537
2815,SRPX2,0.99994016
2816,ZRANB2,0.9990916
2817,ATXN7L3B,0.9997195
2818,SNRPA,0.9994589
2819,CACYBP,0.99992603
2820,SRM,0.9999231
2821,TMEM50B,0.9998512
2822,YTHDF3,0.99926406
2823,UROS,0.99957186
2824,MUC3A,0.9999364
2825,ARHGAP5,0.9998889
2826,TERF2IP,0.9970906
2827,ANKRD12,0.99959624
2828,NARS1,0.99772084
2829,SCOC,0.9998829
2830,VPS26B,0.9995637
2831,RXRB,0.9991226
2832,ATP6V1D,0.99982727
2833,DVL3,0.9993537
2834,HSPA4,0.999622
2835,FAM83H,0.9999459
2836,ALDH3B1,0.99992675
2837,SLC4A4,0.9997698
2838,CMIP,0.99984246
2839,DCBLD2,0.99932295
2840,KLHDC2,0.9997076
2841,CHMP2B,0.999925
2842,SMG5,0.99854416
2843,TMEM181,0.99974805
2844,MKRN1,0.99989486
2845,ENAH,0.9997988
2846,PGD,0.9978348
2847,EPB41L1,0.9999107
2848,ZFR,0.99940056
2849,MCTS1,0.99953717
2850,PAIP1,0.99974704
2851,PLAC9,0.9998924
2852,PCYOX1,0.9994836
2853,KANK2,0.9997985
2854,RSU1,0.9993897
2855,RNF114,0.9997964
2856,DAP3,0.99959207
2857,SMIM3,0.99990654
2858,GPBP1L1,0.9997683
2859,PSME3IP1,0.9993343
2860,TCF12,0.9998746
2861,LEPROTL1,0.9986352
2862,TUBB6,0.9998586
2863,EIF4E2,0.9991543
2864,CD302,0.99982107
2865,IDH3G,0.99942005
2866,RWDD1,0.9972482
2867,CNIH4,0.99988794
2868,CYTH1,0.9995049
2869,RSRP1,0.99462295
2870,RNPEP,0.9998826
2871,GLYR1,0.9997529
2872,TSPAN31,0.9997537
2873,FZD1,0.9997853
2874,HOOK3,0.99987453
2875,TTYH3,0.99943113
2876,KIAA0100,0.9992761
2877,AMOTL1,0.99977875
2878,HSD17B4,0.9992932
2879,DCTN5,0.9993103
2880,SMAP2,0.9995671
2881,PCDH1,0.9998734
2882,GAPDH,0.9996127
2883,PRKACA,0.9997041
2884,ESYT1,0.999048
2885,NF1,0.99939865
2886,TMEM208,0.9997617
2887,GOLGA4,0.9997587
2888,UCHL1,0.9998987
2889,ITM2B,0.9998334
2890,YKT6,0.99938345
2891,CREB3,0.9994656
2892,SHFL,0.9993626
2893,SOAT1,0.99961865
2894,TOR1AIP1,0.99920505
2895,CTBP2,0.9998466
2896,SIGMAR1,0.99987507
2897,TMC4,0.999144
2898,TMEM245,0.99987173
2899,HCLS1,0.99980855
2900,OAZ2,0.99980396
2901,CD53,0.99986833
2902,POLDIP2,0.9994335
2903,ATXN10,0.99870664
2904,ROCK2,0.99953556
2905,PPP4R3B,0.9996362
2906,DNAJB12,0.9983382
2907,TMUB2,0.99578583
2908,RTCB,0.99869335
2909,CABIN1,0.9997953
2910,CYTH3,0.9998047
2911,CCM2,0.9995544
2912,ARID1B,0.99919665
2913,MCFD2,0.9990997
2914,GSR,0.99973816
2915,CCNG2,0.9999097
2916,FKBP5,0.99931294
2917,MFSD14B,0.9996538
2918,HS6ST1,0.9992912
2919,CAT,0.9993315
2920,PSMD3,0.9995978
2921,RGS3,0.9998824
2922,TNFSF10,0.9998623
2923,ADRA2A,0.9993966
2924,IMMT,0.9980521
2925,BOK,0.99900055
2926,ALDH1A3,0.99989736
2927,SPI1,0.9998777
2928,MYO1B,0.99953246
2929,PI4KB,0.9992026
2930,NSMCE1,0.9992382
2931,NUMB,0.99979377
2932,CREBBP,0.9994938
2933,FAAP100,0.999006
2934,JMJD1C,0.9995818
2935,FGL2,0.9997853
2936,U2SURP,0.99971694
2937,TRNP1,0.9999129
2938,CYP2S1,0.9998594
2939,DDX23,0.9997289
2940,RANBP1,0.9992662
2941,EEF2,0.9998427
2942,CLNS1A,0.99991304
2943,VAMP5,0.999531
2944,SELENOS,0.99970365
2945,FUBP1,0.9994968
2946,BDH2,0.9998117
2947,KCNN4,0.9999433
2948,DDRGK1,0.99971753
2949,AGPAT1,0.9998275
2950,SNX18,0.9997181
2951,ANO6,0.9996979
2952,RNF103,0.9999552
2953,RBM17,0.9990633
2954,ALDH18A1,0.9995814
2955,GRAMD1A,0.99926925
2956,PARP9,0.99938333
2957,MGST2,0.999855
2958,TRIM27,0.9991307
2959,TIMMDC1,0.9967043
2960,MEF2D,0.9996403
2961,EMC3,0.99975055
2962,LSM8,0.9998051
2963,DGUOK,0.9998448
2964,LEFTY1,0.9998663
2965,ETF1,0.99966383
2966,FKBP3,0.9953722
2967,SS18,0.9996367
2968,MVB12A,0.9986266
2969,TPGS2,0.99891555
2970,SETD7,0.9994365
2971,TMEM9B,0.99977434
2972,MBD2,0.99937266
2973,PALM,0.99992806
2974,FUCA1,0.9992165
2975,ERCC1,0.9993794
2976,SP3,0.9997332
2977,KLK1,0.9994279
2978,PRKAA1,0.99987245
2979,ATG13,0.99937415
2980,CTIF,0.99994934
2981,SGCB,0.99944997
2982,TSG101,0.99981827
2983,HEG1,0.99993354
2984,FUCA2,0.9994029
2985,PRKACB,0.999438
2986,HTATIP2,0.99994123
2987,FBRS,0.99910426
2988,COPS8,0.9998112
2989,VPS37B,0.9996855
2990,ATP6V1B2,0.99989724
2991,CDK4,0.99933344
2992,SUCLG1,0.99970394
2993,CERK,0.998258
2994,PCED1A,0.99921656
2995,UBE2E1,0.99964094
2996,BNIP2,0.9996322
2997,TMUB1,0.9993712
2998,MRPL54,0.9995048
2999,APOL2,0.99870473
3000,ECI1,0.9994817
3001,HBP1,0.9993987
3002,MYC,0.995186
3003,CLPP,0.99944454
3004,CCDC12,0.99951684
3005,TMPO,0.99993
3006,TMX1,0.9997007
3007,ILVBL,0.99975836
3008,TRADD,0.99847496
3009,ATIC,0.99975765
3010,ZCRB1,0.9989468
3011,OLA1,0.99893457
3012,PYURF,0.999154
3013,RBM23,0.9983768
3014,PI4KA,0.9996879
3015,UGCG,0.99991846
3016,LTA4H,0.9996611
3017,COMMD4,0.99861467
3018,GTF3C1,0.99960905
3019,COPZ2,0.9999318
3020,EMC7,0.997827
3021,ATP13A3,0.99861467
3022,WDR45,0.99891543
3023,NECAP2,0.9977911
3024,B3GAT3,0.9999142
3025,LRP3,0.99969876
3026,CYB561,0.999833
3027,TRIM56,0.9997996
3028,FTL,0.9983212
3029,CEP170B,0.99983084
3030,NUB1,0.999786
3031,WDR45B,0.99992406
3032,SHARPIN,0.99884975
3033,PARP12,0.9997263
3034,ELL2,0.99965096
3035,SLTM,0.99853975
3036,SLCO2A1,0.9985004
3037,CHD2,0.99949986
3038,TUSC3,0.9997234
3039,BIRC2,0.9992511
3040,CCAR1,0.9995277
3041,LARP4B,0.9997514
3042,ZNF655,0.99910104
3043,CIZ1,0.9983212
3044,ZNF664,0.9995098
3045,SSRP1,0.9983233
3046,URM1,0.99899685
3047,PROS1,0.99949354
3048,SYT8,0.9996298
3049,CALCOCO1,0.99874276
3050,REXO2,0.99959475
3051,SPRYD3,0.9988707
3052,HIP1R,0.998902
3053,PAWR,0.9989296
3054,HADH,0.9996092
3055,SETX,0.99937093
3056,ARPC5L,0.9998179
3057,CDK16,0.99949884
3058,NUDT22,0.9983078
3059,EMB,0.9998639
3060,TK2,0.9991241
3061,FBXO7,0.99895334
3062,TXNL1,0.9987649
3063,CST1,0.9993441
3064,MED25,0.9993113
3065,RHOBTB3,0.99949443
3066,ABL1,0.9996375
3067,CPXM2,0.9993581
3068,KIAA1191,0.9994587
3069,C15orf48,0.9999341
3070,DYNLT3,0.99988204
3071,SRSF10,0.9996536
3072,ETHE1,0.9999286
3073,ESRRA,0.9998328
3074,MEST,0.99891204
3075,HDAC1,0.99978083
3076,DCTN3,0.999002
3077,BPTF,0.9983087
3078,ARHGEF40,0.9997111
3079,SEC14L1,0.9994526
3080,CHMP4A,0.9983361
3081,GNAI3,0.99974966
3082,FAM160B2,0.9990579
3083,SEC24C,0.9995625
3084,LRRC41,0.9993794
3085,ERAP1,0.99812084
3086,PDLIM3,0.99989855
3087,TP53I3,0.9990282
3088,SPG21,0.9993136
3089,PIH1D1,0.9986965
3090,ARHGAP27,0.99991894
3091,RBM10,0.9991057
3092,DAPK1,0.99948
3093,TNFRSF10B,0.9997217
3094,MRPS7,0.9985386
3095,YY1AP1,0.99802756
3096,SDF2L1,0.9990765
3097,BCKDK,0.9987983
3098,POLD2,0.9994725
3099,KHSRP,0.9988532
3100,EML3,0.99968195
3101,COL8A2,0.99993294
3102,MRPL37,0.99918365
3103,NDN,0.99994004
3104,DHRS9,0.99965394
3105,ITGA11,0.99989176
3106,SPSB1,0.9999517
3107,POLR2K,0.9998847
3108,TWSG1,0.9998571
3109,JOSD1,0.9982804
3110,CHCHD5,0.99921995
3111,BCR,0.9970921
3112,PWWP3A,0.9990982
3113,RXRA,0.999091
3114,MRPS18B,0.9995959
3115,SAP30BP,0.99939
3116,TPRA1,0.99907535
3117,ZSWIM8,0.9993287
3118,RBFOX2,0.9996097
3119,APOL6,0.99926925
3120,EDEM3,0.9997613
3121,UBE2J2,0.9989071
3122,NES,0.999723
3123,IER3IP1,0.9995693
3124,DNAJC5,0.99982184
3125,KLF4,0.99992377
3126,SEC13,0.9993469
3127,NR3C1,0.99838305
3128,GADD45A,0.9994716
3129,ACOX1,0.9995158
3130,FAM91A1,0.99966335
3131,BFAR,0.99980015
3132,PCSK7,0.99877095
3133,FXR1,0.99959284
3134,PRPF19,0.99833
3135,MSMO1,0.99991477
3136,WDR34,0.9991803
3137,TPST2,0.99954367
3138,NR4A1,0.99922884
3139,NDUFS3,0.99938166
3140,STK17B,0.99531645
3141,PPP5C,0.99889743
3142,LUC7L,0.99723876
3143,CEMIP2,0.99953496
3144,GOLGA2,0.9995926
3145,ISOC2,0.9992502
3146,SYMPK,0.99909306
3147,UBE2J1,0.99939305
3148,LZTS2,0.9985433
3149,CHPF2,0.99927187
3150,TIMM17B,0.9973859
3151,SYAP1,0.9997996
3152,UGDH,0.9991633
3153,INO80E,0.99935323
3154,SPTLC2,0.99927443
3155,LONP1,0.99922466
3156,CYRIB,0.9996598
3157,RCC2,0.99924874
3158,SLC66A2,0.9990665
3159,DCAF7,0.9995635
3160,DAB2IP,0.9997
3161,ACTR10,0.9995964
3162,PPP1R2,0.9965811
3163,RHOD,0.99979424
3164,STK38L,0.9996107
3165,GNB4,0.9999413
3166,HACD3,0.9996833
3167,EPHB4,0.999581
3168,RALA,0.9984864
3169,PDS5A,0.99956244
3170,PPP1R12A,0.9996522
3171,PDE4DIP,0.99840117
3172,NADSYN1,0.99966735
3173,ACTR1B,0.9962889
3174,VARS1,0.99774235
3175,ELP2,0.99974835
3176,TXN2,0.9996301
3177,GTF2F1,0.9988574
3178,TCF7L2,0.99913967
3179,CERS6,0.9991449
3180,NBDY,0.9997326
3181,TUBA4A,0.9997095
3182,BHLHE41,0.99964243
3183,MUC13,0.99979866
3184,PDHB,0.9991022
3185,PAK1,0.99991125
3186,ACSL4,0.9991939
3187,TRA2A,0.9950997
3188,SMIM7,0.9998345
3189,BAP1,0.9996375
3190,KMT2E,0.99955785
3191,ITPKC,0.9995731
3192,TMCO3,0.9991244
3193,CFDP1,0.99970806
3194,FBXL15,0.9993475
3195,DDX21,0.99978244
3196,MPG,0.9988079
3197,PTMA,0.99817276
3198,PRRC1,0.9992706
3199,RNASE4,0.99964106
3200,TMEM87A,0.99830914
3201,TMEM115,0.9994278
3202,ELF1,0.99992424
3203,PLAUR,0.9998729
3204,ADA2,0.9997973
3205,MFF,0.99905896
3206,MESD,0.9986704
3207,SLC25A11,0.9988123
3208,PLSCR4,0.99986666
3209,XRN2,0.999499
3210,BRAT1,0.9992735
3211,GNPTG,0.99929464
3212,PTPN11,0.99928176
3213,RAB5A,0.9998267
3214,SURF1,0.99956363
3215,ARL2BP,0.99740887
3216,SLC35C2,0.9961853
3217,TEX261,0.99928695
3218,LHFPL2,0.99860275
3219,CREBL2,0.9992152
3220,GCC2,0.99993885
3221,VPS41,0.99899006
3222,YIPF2,0.9988418
3223,AOC1,0.9997938
3224,RIN2,0.99957573
3225,EXOC3,0.99932456
3226,NXN,0.9998936
3227,TMC6,0.9997434
3228,TXNDC15,0.99966085
3229,MEF2A,0.99930245
3230,EFTUD2,0.99883556
3231,PXDN,0.99992275
3232,DMKN,0.99984515
3233,NIPSNAP2,0.9990537
3234,CRK,0.9993239
3235,CST6,0.99914694
3236,SERPINA4,0.9998317
3237,UPP1,0.999301
3238,POLR2B,0.9994596
3239,NRP2,0.9996172
3240,PSME3,0.9997791
3241,PPM1A,0.9996973
3242,SEPHS2,0.99990624
3243,ZEB2,0.99981
3244,WDR33,0.99921876
3245,FOXN3,0.99954575
3246,PMPCB,0.9996766
3247,HPS1,0.9985116
3248,DTX3L,0.9998836
3249,SCARB1,0.99979556
3250,C11orf68,0.9998291
3251,TMSB4X,0.999745
3252,TSKU,0.999779
3253,PPIG,0.99901825
3254,TOLLIP,0.9996623
3255,YTHDC1,0.9993639
3256,MEA1,0.9992783
3257,PCMT1,0.9994812
3258,LSM5,0.99961686
3259,SREBF1,0.99984
3260,RALBP1,0.9996419
3261,PLEKHA1,0.99990946
3262,SFT2D1,0.9997525
3263,SMTN,0.9998797
3264,CBX5,0.9991748
3265,CWC15,0.9997569
3266,DOCK6,0.9995099
3267,MCM7,0.99897444
3268,SPRED1,0.99972904
3269,TBRG4,0.99900854
3270,TRAPPC3,0.9995286
3271,MRPL4,0.990978
3272,PYCR2,0.9997904
3273,ST6GAL1,0.9983648
3274,RFXANK,0.9987484
3275,RRAGA,0.999556
3276,LIX1L,0.99980974
3277,NOP56,0.99953854
3278,GALC,0.9995549
3279,ARID4B,0.9989488
3280,NFKB2,0.9989597
3281,ASXL1,0.99921316
3282,YTHDF2,0.9990269
3283,CLCN3,0.99972844
3284,HAX1,0.9986405
3285,NMRAL1,0.99959755
3286,MAFK,0.999722
3287,PSAP,0.9996699
3288,GCN1,0.99938023
3289,TMEM184B,0.99813986
3290,KIF3B,0.9995715
3291,TEAD1,0.9992255
3292,ICAM1,0.9996452
3293,SPNS1,0.9997398
3294,RETSAT,0.99991107
3295,DDR2,0.9999251
3296,RBL2,0.99889225
3297,MRPL23,0.99908084
3298,YIPF5,0.9992106
3299,AKT1S1,0.99949265
3300,STIP1,0.9992529
3301,ECHDC2,0.99959815
3302,PIP4K2B,0.9993623
3303,GJB2,0.9998687
3304,NDUFS1,0.99976724
3305,ATP6V1A,0.9981729
3306,AP1S1,0.99976575
3307,JAM3,0.99956644
3308,EXOC4,0.99914014
3309,ZNFX1,0.9998224
3310,ABCF1,0.9984944
3311,PI3,0.9997322
3312,MTMR11,0.9999175
3313,SSPN,0.99982554
3314,LPGAT1,0.9994506
3315,TIMM17A,0.9995436
3316,C19orf48,0.9984506
3317,COASY,0.9996033
3318,C14orf119,0.9997353
3319,DCAF11,0.99911606
3320,MTX1,0.9984957
3321,NANS,0.9999374
3322,SPPL3,0.9996461
3323,SFT2D2,0.9996002
3324,CASP4,0.9997486
3325,PGGHG,0.9998012
3326,PKIG,0.9995089
3327,MBD6,0.99942774
3328,P2RX4,0.9988748
3329,CENPX,0.99958706
3330,PLCD3,0.9998328
3331,SRD5A3,0.99990845
3332,CNOT2,0.9989548
3333,ASH1L,0.99834466
3334,ACO2,0.99982786
3335,BUD23,0.9994057
3336,CCDC107,0.9981171
3337,KCTD3,0.9997264
3338,IL10RB,0.99952984
3339,EIF4A3,0.9990313
3340,EHD4,0.9972166
3341,NAA20,0.9996932
3342,ZFP91,0.99879456
3343,ARMC10,0.99987656
3344,HSD17B10,0.9984986
3345,GDE1,0.99968195
3346,SGPL1,0.9989228
3347,SCRIB,0.99967176
3348,ACAP3,0.9995532
3349,OGDH,0.997921
3350,PGM1,0.9994909
3351,CD63,0.9990145
3352,EIF1B,0.9991682
3353,UQCC2,0.99927574
3354,TRPM4,0.99963665
3355,TP53,0.998864
3356,KANSL1,0.998312
3357,C1orf116,0.9999136
3358,RIN3,0.9997753
3359,AHSA1,0.99935675
3360,TCN2,0.99932843
3361,GTPBP6,0.9992601
3362,TMEM106C,0.99966764
3363,ZNF217,0.9992007
3364,NDFIP2,0.9997945
3365,CDC42EP3,0.9997618
3366,SMARCC2,0.99842155
3367,NCBP2,0.9990403
3368,BMI1,0.9990573
3369,ACSL3,0.99988574
3370,CCNDBP1,0.9996153
3371,PRPF38B,0.9990791
3372,SLC39A6,0.99936235
3373,PRAF2,0.9999011
3374,VPS26A,0.9997787
3375,SNX1,0.99930775
3376,CPVL,0.9998826
3377,ZMYM2,0.9997065
3378,TYK2,0.9991827
3379,CUL4A,0.99978065
3380,FAM168B,0.9992497
3381,MIEN1,0.9998581
3382,EMD,0.9994895
3383,KEAP1,0.9996049
3384,GLT8D1,0.99819666
3385,CTSO,0.9995543
3386,SMARCA4,0.9993705
3387,IK,0.9997559
3388,MED13,0.99875444
3389,TXNRD1,0.9992292
3390,MGMT,0.99943155
3391,ACP5,0.9996089
3392,TMEM183A,0.9995914
3393,MICU1,0.99957466
3394,EIF2A,0.9998825
3395,AMN,0.99991095
3396,DCXR,0.99836355
3397,UBE3C,0.9996483
3398,RPRD1A,0.99982953
3399,CDKN1B,0.9993274
3400,SLC25A24,0.9996834
3401,SH3PXD2B,0.9996675
3402,PPM1B,0.9997333
3403,ARFGAP3,0.9998976
3404,TGIF1,0.99990267
3405,PRPF4B,0.9995389
3406,PFDN2,0.9998941
3407,MRTFA,0.999613
3408,PTK2,0.9997229
3409,CMBL,0.99985874
3410,PLEKHM2,0.9997606
3411,SUPT16H,0.9997128
3412,CAMK2D,0.9986917
3413,LNPEP,0.99917376
3414,SNAP23,0.9995482
3415,AP2A1,0.99886966
3416,PIK3AP1,0.9994848
3417,HCFC1,0.99935555
3418,RALB,0.99983114
3419,PRKD2,0.9995372
3420,TNFRSF1B,0.9998392
3421,MARCHF7,0.99970144
3422,GCNT3,0.999883
3423,KIFC3,0.99847794
3424,KIDINS220,0.9996512
3425,USO1,0.9986267
3426,NAB1,0.9998306
3427,SMS,0.9997605
3428,SYVN1,0.99965036
3429,DGKA,0.99988955
3430,USP11,0.99980056
3431,NMT1,0.99940836
3432,STAG2,0.9991153
3433,EIF2S1,0.9996625
3434,MAPRE2,0.99906206
3435,TMEM30B,0.9998833
3436,ATG3,0.9994213
3437,BUB3,0.99977386
3438,HMGN4,0.9980906
3439,TFE3,0.9993915
3440,SMPD4,0.9992214
3441,AKR7A2,0.9992921
3442,SERINC5,0.99958944
3443,PDK4,0.99938273
3444,FAM107B,0.9997896
3445,NT5C2,0.99991447
3446,HECTD1,0.99962723
3447,SYNPO2,0.9996776
3448,RACK1,0.9981832
3449,MRPS26,0.9997545
3450,EDNRA,0.9999041
3451,ATF6,0.9996065
3452,GNA13,0.9996438
3453,RGL2,0.99938446
3454,UGGT1,0.99924
3455,PKP4,0.9998101
3456,MAN2A1,0.99912864
3457,MAST2,0.9992063
3458,SAT2,0.998569
3459,P4HTM,0.9991627
3460,TAB2,0.99903554
3461,SCAMP4,0.99955815
3462,PSMD11,0.9996015
3463,UBAC1,0.9993458
3464,POGZ,0.9987873
3465,RSL24D1,0.9989289
3466,SUSD2,0.99981916
3467,P4HA2,0.9991919
3468,ZNF638,0.999112
3469,CRYAB,0.9995232
3470,GTF3C6,0.9991269
3471,ANTKMT,0.99909914
3472,DECR1,0.99981666
3473,GAMT,0.9994829
3474,VPS4B,0.9999195
3475,NUDT3,0.99935377
3476,SHKBP1,0.9995396
3477,ZNF580,0.99973226
3478,STRN4,0.998891
3479,SCAMP1,0.99580765
3480,TMEM167B,0.9988078
3481,SLC66A3,0.99853814
3482,ZFAND3,0.9994395
3483,IDH3B,0.99897456
3484,DCTPP1,0.99990344
3485,SRSF4,0.99965185
3486,SRRM1,0.99828947
3487,SAR1B,0.9998871
3488,PQBP1,0.99939036
3489,SMCHD1,0.9987436
3490,CYTH2,0.99860895
3491,NKTR,0.9990408
3492,PMPCA,0.9991205
3493,DPM2,0.99774396
3494,SEC24D,0.99984026
3495,STX10,0.9995715
3496,F2RL1,0.9999409
3497,QRICH1,0.9983398
3498,PFN2,0.9998553
3499,ETFA,0.99967766
3500,STARD3,0.9988184
3501,CDC16,0.9985864
3502,ORMDL2,0.9998994
3503,SAFB,0.9990038
3504,DR1,0.99912035
3505,C8orf33,0.9980134
3506,PARP1,0.9995276
3507,CNPPD1,0.99956757
3508,MAN1A2,0.9990819
3509,KIAA0319L,0.9998835
3510,GSK3A,0.9988634
3511,PAPSS1,0.99968165
3512,TTLL12,0.9998604
3513,CASC3,0.9990815
3514,NTAN1,0.99973863
3515,RNF220,0.9986639
3516,SMAD4,0.9986503
3517,RBMS2,0.99949914
3518,CYP27A1,0.9997097
3519,NDUFA8,0.99956965
3520,DDX54,0.9988408
3521,XAF1,0.9994109
3522,APBB2,0.9999019
3523,UBAP2L,0.99845016
3524,MT1F,0.9994169
3525,WDR46,0.9997383
3526,STX16,0.9996445
3527,CLMN,0.99972415
3528,ARHGEF17,0.9998546
3529,CPSF6,0.9990686
3530,LBR,0.9997669
3531,FBXL3,0.99919474
3532,PPP6C,0.9994372
3533,RPSA,0.9997627
3534,MRPS18A,0.998582
3535,EDC4,0.9992291
3536,RNF126,0.9997587
3537,PALM2AKAP2,0.99949455
3538,MEAF6,0.99973094
3539,SLC22A17,0.99986017
3540,SENP6,0.9995244
3541,PLS1,0.9998654
3542,ABTB1,0.9979751
3543,PPP3CB,0.99959296
3544,B3GNT3,0.999932
3545,MRPL34,0.99584895
3546,HIPK1,0.99972034
3547,NOP58,0.9997875
3548,SART1,0.9965713
3549,SH3KBP1,0.999498
3550,MADD,0.9991487
3551,SF3A3,0.9994018
3552,SREK1,0.99868226
3553,KCTD20,0.9988783
3554,FAM168A,0.9995186
3555,ODF3B,0.999156
3556,FOXO1,0.99979544
3557,FRMD6,0.9999009
3558,ATF7IP,0.99973184
3559,DNAJB11,0.99930555
3560,PRKCD,0.9998927
3561,HRAS,0.9988617
3562,SLC3A1,0.9998143
3563,ZC3H15,0.9998573
3564,KCTD10,0.99880075
3565,MOGS,0.9991262
3566,CDC34,0.9996716
3567,GLRX3,0.9996744
3568,WBP11,0.9994215
3569,CPQ,0.9992454
3570,CLDN11,0.999812
3571,XIAP,0.9998323
3572,ALG3,0.9995668
3573,TM2D1,0.9992429
3574,UNC13D,0.9995609
3575,STAT5B,0.9991609
3576,TRAF4,0.99989676
3577,SRPX,0.9999063
3578,ST6GALNAC1,0.9999051
3579,D2HGDH,0.99858457
3580,PKD2,0.9996756
3581,TM9SF4,0.99968743
3582,POLDIP3,0.999286
3583,GOLGA8A,0.99951994
3584,KAT2A,0.99953777
3585,DBN1,0.99977875
3586,MED4,0.9990513
3587,TBX2,0.9998558
3588,CD320,0.9979923
3589,GGNBP2,0.99977714
3590,SLC22A18,0.99985844
3591,CASK,0.999449
3592,RHBDF1,0.99972767
3593,CPXM1,0.99995315
3594,IMP4,0.999463
3595,TMEM222,0.9984785
3596,RARA,0.99912804
3597,TPGS1,0.9987235
3598,RGS2,0.99968207
3599,MS4A4A,0.9999165
3600,KDM5B,0.9996843
3601,MAPK8IP3,0.9996145
3602,MARK2,0.996447
3603,FAM3A,0.9972898
3604,SLC30A9,0.99964917
3605,MRPS15,0.9997959
3606,HOMER3,0.99986815
3607,CDCP1,0.999913
3608,SMIM4,0.9990742
3609,SPTLC1,0.99970746
3610,SELENOO,0.9994198
3611,BAZ1B,0.9988477
3612,EXOSC6,0.998544
3613,COPRS,0.9992703
3614,TBC1D1,0.9988781
3615,GSTM3,0.99917704
3616,GGA2,0.99915034
3617,MLX,0.9994565
3618,PITPNA,0.99941516
3619,UBE2A,0.999684
3620,MDM4,0.9989321
3621,MVD,0.99927485
3622,TBC1D16,0.9994425
3623,FAM120AOS,0.99896157
3624,SNRPB2,0.99961245
3625,PLAC8,0.99961615
3626,WDR81,0.9999339
3627,MID1IP1,0.99953794
3628,PTPRN,0.9998398
3629,JAGN1,0.9997639
3630,CIC,0.9993911
3631,CLN5,0.99974227
3632,ARID5B,0.9992782
3633,ARHGAP18,0.9995345
3634,MLST8,0.9990158
3635,ZMYND11,0.99929285
3636,PDZD8,0.9999
3637,NTN4,0.99976224
3638,SLC39A4,0.9999088
3639,SP1,0.99989784
3640,CZIB,0.99923676
3641,TMED5,0.99971354
3642,MIB1,0.9992909
3643,STX12,0.9995538
3644,CAPS,0.99986136
3645,KDSR,0.9992864
3646,AZI2,0.9973577
3647,SBF1,0.9993478
3648,COX20,0.9998667
3649,AP1M1,0.9994846
3650,NASP,0.9989402
3651,PEAK1,0.9992872
3652,ABCA1,0.9992206
3653,SCAP,0.9994243
3654,C1QTNF3,0.9998257
3655,FYB1,0.9993288
3656,TMEM203,0.99918526
3657,AGFG1,0.99982333
3658,TMEM189,0.99931365
3659,CUL3,0.99974895
3660,UBA52,0.99912274
3661,SH3BP2,0.9998502
3662,TMEM250,0.998728
3663,RNF5,0.9986514
3664,GMPPA,0.99651134
3665,SNX12,0.9992626
3666,DDX56,0.99890196
3667,SIRPA,0.9997413
3668,ARHGEF2,0.99971676
3669,ALG5,0.999848
3670,AKAP11,0.999672
3671,NDUFS4,0.999022
3672,PCMTD2,0.9990793
3673,NFAT5,0.9990175
3674,IKBKB,0.9998568
3675,HMOX2,0.99900675
3676,MSI2,0.99925596
3677,TOMM22,0.9993482
3678,EPHA2,0.9999076
3679,PLIN2,0.9986066
3680,FERMT2,0.9996927
3681,PIGS,0.9998753
3682,LSM2,0.99919194
3683,IFT20,0.9988552
3684,GSDMB,0.9999379
3685,GIT1,0.99935853
3686,BRMS1,0.99748814
3687,ERN2,0.99987686
3688,PDCD6,0.9998578
3689,PPIE,0.99924606
3690,CLIP1,0.9986547
3691,DNTTIP1,0.9999033
3692,KCNJ15,0.99981886
3693,TSTD1,0.9998672
3694,FPGS,0.99787664
3695,PITPNB,0.9993375
3696,HACD2,0.9997988
3697,NEU1,0.9993282
3698,DNM1L,0.9994677
3699,ARMCX3,0.9995016
3700,IRF9,0.999575
3701,NUS1,0.9997554
3702,OGFRL1,0.9993612
3703,UQCC3,0.9991599
3704,CHD9,0.99944437
3705,ELOF1,0.9995744
3706,FUBP3,0.99696445
3707,THOC7,0.9984751
3708,EIF2B5,0.99912846
3709,GPRC5C,0.99930835
3710,SCO2,0.99970746
3711,AMIGO2,0.99988234
3712,DLD,0.99941814
3713,MED24,0.9991938
3714,NUDT16,0.99889493
3715,UBC,0.9995982
3716,ZER1,0.9988298
3717,FIBIN,0.99987745
3718,NDUFV3,0.99956274
3719,IRS2,0.9998056
3720,GOLGA8B,0.9993534
3721,MYL6B,0.9988358
3722,SAE1,0.9995904
3723,WWP2,0.9969458
3724,ARHGEF7,0.99961233
3725,ATP6V1H,0.9984904
3726,PHIP,0.99931747
3727,SSBP3,0.9996199
3728,SUGT1,0.9998424
3729,P4HA1,0.9997468
3730,STK38,0.99851084
3731,CACFD1,0.99929297
3732,VPS39,0.99873424
3733,PPP1R11,0.9986029
3734,CLIC3,0.99986327
3735,MAN2B2,0.9994236
3736,ALDH3A2,0.99916553
3737,VSIG4,0.99989253
3738,SLC9A1,0.9996431
3739,DGCR6L,0.99878323
3740,JPT2,0.99837357
3741,TMEM263,0.998286
3742,SCTR,0.99974334
3743,SLC25A36,0.99899125
3744,RAB3GAP1,0.9996124
3745,TMEM87B,0.99976546
3746,ATP11B,0.99981666
3747,HTATSF1,0.9992308
3748,PTPN23,0.9990609
3749,MED13L,0.9992199
3750,GHDC,0.9990149
3751,SLC30A1,0.99988735
3752,APOBEC3C,0.9987821
3753,USP14,0.9980758
3754,FAM214B,0.9999176
3755,APBB1,0.9997119
3756,TOMM70,0.99962056
3757,ACBD3,0.9990788
3758,WDR18,0.9989636
3759,API5,0.9985932
3760,STK39,0.99995166
3761,SDHAF2,0.99915075
3762,MAP2K3,0.99950963
3763,NFATC4,0.99989927
3764,KMT2C,0.9995125
3765,VASH1,0.9998511
3766,SLMAP,0.9991586
3767,HLA-A,0.9989173
3768,MRPL17,0.9997149
3769,AP1G1,0.9997152
3770,BBX,0.99971503
3771,ACIN1,0.9957421
3772,DDX41,0.999459
3773,NADK,0.9984865
3774,GARS1,0.999292
3775,SERPINB5,0.99989057
3776,SLC30A5,0.9989937
3777,ARRB2,0.99984556
3778,C5orf24,0.99917734
3779,FAM210B,0.99902964
3780,PLCG1,0.9998133
3781,ACP2,0.9995259
3782,SLC39A9,0.99958146
3783,KCMF1,0.99971765
3784,DPY30,0.99992514
3785,FEM1B,0.9995898
3786,IMPDH1,0.9997796
3787,TNRC6A,0.99787915
3788,NDST1,0.99987006
3789,EIF4E,0.9997916
3790,TP53INP1,0.99780273
3791,MAOA,0.9998052
3792,WFS1,0.9993216
3793,SDHB,0.998924
3794,PPP2R2A,0.9994793
3795,UBQLN2,0.9993652
3796,LPAR6,0.99984187
3797,LAIR1,0.9998354
3798,SRA1,0.9987681
3799,OSMR,0.9993676
3800,C1RL,0.9996111
3801,AKAP1,0.99992317
3802,PFDN1,0.9995481
3803,KLK7,0.99969333
3804,ZFHX3,0.9989519
3805,NMD3,0.9996126
3806,SYNE2,0.9983968
3807,PRCC,0.99933934
3808,ACAP2,0.9990655
3809,IFI44,0.9998808
3810,TMEM256,0.99873865
3811,CPSF7,0.9993776
3812,ENPP2,0.9997582
3813,PIM1,0.99978447
3814,GRASP,0.9998286
3815,OSBPL9,0.9987378
3816,CES2,0.9992997
3817,MRFAP1L1,0.99823844
3818,BRD7,0.9992833
3819,SYTL2,0.9991395
3820,TBC1D10B,0.9971096
3821,IMP3,0.9993218
3822,ANKRD13D,0.9988152
3823,PCGF5,0.9990301
3824,OCLN,0.99986935
3825,ELK4,0.99736476
3826,SPTSSA,0.9980811
3827,RABEP1,0.9978241
3828,RAF1,0.99955195
3829,CCNG1,0.9996928
3830,PREB,0.9997238
3831,LGR4,0.9999247
3832,PIP5K1C,0.99963206
3833,FLRT2,0.99970555
3834,ULK1,0.99967265
3835,MGAT5,0.99915
3836,BCL6,0.99925244
3837,BASP1,0.99992454
3838,DVL1,0.99923015
3839,SMARCD3,0.9998437
3840,CHKB,0.9994602
3841,LOXL2,0.9999232
3842,SQOR,0.9998343
3843,BIRC3,0.99961007
3844,SEPTIN10,0.9997203
3845,SGSM3,0.9998219
3846,RNF4,0.9964743
3847,SRF,0.9995589
3848,CSKMT,0.9998325
3849,GINM1,0.9989307
3850,GNPTAB,0.9994376
3851,FILIP1L,0.9995062
3852,EPRS1,0.99951583
3853,USP47,0.9993962
3854,ADSS2,0.9998274
3855,GAS7,0.9995853
3856,UAP1,0.99931175
3857,KLF10,0.9988736
3858,MTIF3,0.99987006
3859,NOLC1,0.99936247
3860,RFK,0.99992687
3861,THBS3,0.9997943
3862,USP5,0.99768955
3863,CIAO2A,0.9996829
3864,OBSL1,0.9994713
3865,ARID1A,0.99916583
3866,LIMD2,0.99979
3867,ZBED1,0.99989486
3868,PRKCA,0.99982214
3869,UBE2V2,0.99976873
3870,PLPP3,0.9992938
3871,STIM1,0.99946344
3872,ZDHHC12,0.9997593
3873,ARHGAP4,0.99917847
3874,MATN2,0.9998308
3875,MAPK14,0.9990273
3876,RARS1,0.99947464
3877,TCEAL8,0.9985402
3878,C11orf24,0.9993846
3879,DCAF5,0.9962488
3880,CPM,0.99969524
3881,UBAP1,0.999889
3882,FHL3,0.9999029
3883,SLC35F6,0.9996126
3884,CUEDC1,0.9990755
3885,FAM193B,0.9986733
3886,CHD8,0.99908537
3887,SLC46A3,0.99968463
3888,TESK1,0.99973935
3889,ACVRL1,0.99988896
3890,DIDO1,0.9993949
3891,MRPL3,0.999781
3892,SRSF8,0.99775255
3893,GIGYF1,0.9996425
3894,ARHGAP12,0.9998745
3895,NEDD9,0.9995948
3896,ARHGEF18,0.9988421
3897,GOLGA7,0.9996686
3898,EBP,0.999856
3899,PNMA1,0.99918526
3900,BCL3,0.99914736
3901,TRAPPC12,0.9958452
3902,TRIM29,0.9999159
3903,ALS2CL,0.9998504
3904,RAB22A,0.9998802
3905,AMD1,0.9985864
3906,ERG28,0.99907386
3907,SORBS2,0.99969035
3908,ADAP1,0.9999465
3909,SIPA1L1,0.99889976
3910,NIPBL,0.9995519
3911,ABRACL,0.99928707
3912,POLRMT,0.9995849
3913,MROH1,0.9984577
3914,MAP3K2,0.9992959
3915,GATAD2A,0.99956656
3916,MAVS,0.998953
3917,AFG3L2,0.99982315
3918,NDUFA9,0.9992901
3919,NCK1,0.9998018
3920,MED28,0.99840975
3921,DCTN4,0.9992843
3922,RDX,0.9980583
3923,SVEP1,0.9997386
3924,HID1,0.99994904
3925,SLC8B1,0.99947894
3926,MYH10,0.9997807
3927,TNPO2,0.99927497
3928,ATXN1,0.9997748
3929,GLIPR1,0.9993689
3930,IDI1,0.99983513
3931,UBE4A,0.999726
3932,NUCB2,0.9986598
3933,PKN2,0.9998704
3934,FBRSL1,0.99882066
3935,VEZT,0.9998542
3936,TRAPPC6A,0.9994773
3937,ZNF24,0.99814963
3938,NOL7,0.9998498
3939,IER5,0.99923044
3940,COPS2,0.99922174
3941,TFDP1,0.99976283
3942,RB1,0.99910986
3943,MMS19,0.9994863
3944,LIN7C,0.9998725
3945,RRAGC,0.99967545
3946,SFRP5,0.9996716
3947,RAB8A,0.9991586
3948,CLUH,0.9992186
3949,TTC17,0.9995822
3950,MIB2,0.99921644
3951,PNP,0.99994695
3952,MYD88,0.999855
3953,BACE1,0.99980694
3954,ECPAS,0.9997369
3955,SRRT,0.9996317
3956,MTG1,0.99896675
3957,AIMP1,0.9998025
3958,ENDOD1,0.9991932
3959,SNED1,0.99978286
3960,TIMM50,0.99806
3961,SDF2,0.99959236
3962,BCL9L,0.9993325
3963,BTF3L4,0.9995582
3964,PITPNM1,0.9992089
3965,GABARAPL1,0.9986939
3966,FOXQ1,0.99994826
3967,MIER1,0.9994498
3968,ZMYND8,0.9997981
3969,EDEM1,0.99936056
3970,SPRY2,0.9998683
3971,MAP3K20,0.9988736
3972,KDM2A,0.9995244
3973,FZR1,0.9997715
3974,INTS3,0.99918574
3975,CDC123,0.99946064
3976,POMGNT1,0.99878293
3977,RBM14,0.99863476
3978,SPAG7,0.9983784
3979,SLC25A29,0.994407
3980,RABGGTB,0.9997431
3981,TSPAN17,0.999522
3982,COA4,0.999471
3983,SH3BGRL2,0.9998039
3984,GALNT12,0.9999138
3985,IFRD2,0.9988913
3986,MLLT1,0.99965125
3987,RBM26,0.99870324
3988,TNKS2,0.99812484
3989,CEACAM1,0.99988025
3990,CNOT8,0.99825656
3991,PLA2G15,0.99987215
3992,AMBP,0.9982981
3993,MMP15,0.99978733
3994,NDUFA7,0.9993271
3995,ERLIN2,0.9995743
3996,ATP6V1C1,0.99833715
3997,TMEM134,0.99973357
3998,JADE2,0.9994581
3999,DDX39A,0.9990513
4000,ADAMTS1,0.9994335
4001,EGFR,0.99986583
4002,MPDU1,0.9980786
4003,PIP4K2A,0.9969615
4004,LRCH4,0.9938191
4005,MFSD5,0.9988781
4006,IFT57,0.9991259
4007,FYTTD1,0.99942636
4008,AKIRIN1,0.9998733
4009,GATAD1,0.9995526
4010,GPR107,0.99955344
4011,DCAF6,0.9980064
4012,PODNL1,0.9997823
4013,ATG12,0.9986838
4014,MCMBP,0.9997417
4015,QPCT,0.99989945
4016,RHOU,0.99981326
4017,SLC6A8,0.9998462
4018,THRA,0.9987591
4019,ARSD,0.9995903
4020,COG4,0.9979539
4021,ARNT,0.9990679
4022,ATAD1,0.9997036
4023,RPLP0,0.9995543
4024,TCEA2,0.9990282
4025,COMTD1,0.9994926
4026,TIMM10,0.99959403
4027,SLC27A1,0.9993332
4028,PSD4,0.9993946
4029,SAFB2,0.99886245
4030,HSPBP1,0.9992746
4031,FBXO3,0.9996399
4032,MRPS36,0.9998135
4033,MRPS5,0.9995658
4034,TCF3,0.99937004
4035,FBH1,0.99925864
4036,GBF1,0.99823576
4037,MRVI1,0.99973285
4038,MED29,0.9956843
4039,CLK2,0.99943835
4040,EPSTI1,0.9994025
4041,ATP11A,0.9998758
4042,NT5E,0.9997741
4043,BORCS7,0.99515045
4044,B4GALT4,0.9998391
4045,YIPF6,0.99978197
4046,ARIH1,0.9994283
4047,JKAMP,0.99983454
4048,BMP8A,0.9995186
4049,CSE1L,0.9988563
4050,SLC30A8,0.9998884
4051,SLC52A2,0.9995873
4052,CDK13,0.9996707
4053,MPHOSPH8,0.9991113
4054,PCF11,0.99975026
4055,URI1,0.99974716
4056,SPART,0.9996757
4057,PRMT5,0.9990429
4058,TMEM132A,0.99963737
4059,KLHL24,0.99925643
4060,GLIPR2,0.9998947
4061,PPP1R15A,0.9985732
4062,ATG101,0.99927986
4063,SMC1A,0.9993519
4064,GOSR2,0.999572
4065,NSUN5,0.99882686
4066,MRPL42,0.9994751
4067,TTC1,0.99875665
4068,CCL2,0.9991964
4069,MOB2,0.9994029
4070,GCHFR,0.999696
4071,IGF1R,0.99954224
4072,RABGAP1,0.9993713
4073,TCTN3,0.9986881
4074,HEBP1,0.9987681
4075,DEF8,0.9986826
4076,ISG20,0.99973184
4077,LAMTOR3,0.9998435
4078,ASCC2,0.99909025
4079,CDC42EP4,0.99954516
4080,PHC3,0.9991734
4081,UNC50,0.99949616
4082,CDC26,0.99982554
4083,PTPMT1,0.9991906
4084,SLC11A2,0.9996126
4085,STAP2,0.9998438
4086,NEK9,0.9971054
4087,PHF3,0.99897975
4088,MAP1S,0.99945635
4089,MRPS12,0.99984205
4090,RAB32,0.9983904
4091,MIA3,0.9997944
4092,RAC2,0.9992948
4093,PAPSS2,0.9996012
4094,MRPS35,0.9996162
4095,NRXN2,0.99925023
4096,MYEOV,0.99987674
4097,LGALS8,0.9983201
4098,IBTK,0.9996823
4099,ZC3H7B,0.99949527
4100,CILP,0.9997683
4101,SLC50A1,0.99976486
4102,CAPN15,0.99967307
4103,CHPT1,0.9998677
4104,ANKRD17,0.99888146
4105,GNL3,0.9998927
4106,MAPK13,0.9983068
4107,PREPL,0.9987389
4108,XPNPEP1,0.9998659
4109,PLOD2,0.9997889
4110,STK4,0.9995997
4111,ACADS,0.9996439
4112,MT1M,0.99947095
4113,CCDC88B,0.9995128
4114,PEX19,0.9994104
4115,IGSF8,0.9997667
4116,ARFGEF1,0.9997095
4117,SLC30A7,0.99942803
4118,SMG7,0.99956834
4119,MEIS1,0.99952334
4120,GRIPAP1,0.9994974
4121,KPNA2,0.99983984
4122,LEMD2,0.9986148
4123,THOC2,0.99965525
4124,TUSC2,0.9995587
4125,GOT2,0.9994137
4126,DNAJC7,0.9996371
4127,DDX27,0.99944663
4128,PIAS1,0.99944437
4129,POLR2C,0.997831
4130,FYN,0.99938667
4131,ARMCX6,0.9993462
4132,PPP1R13L,0.99861807
4133,HARS1,0.99914664
4134,ESRP1,0.9999118
4135,TMEM45A,0.99941146
4136,LPCAT3,0.9997643
4137,AGPAT3,0.99948955
4138,VKORC1L1,0.999654
4139,TAF9,0.9994644
4140,DYRK2,0.9993064
4141,SNW1,0.99953824
4142,DERL2,0.99932504
4143,GSK3B,0.99926835
4144,CSF1,0.9998245
4145,CRTC3,0.9988778
4146,PHKB,0.99973327
4147,RB1CC1,0.9993112
4148,LRP5,0.999412
4149,RUSC1,0.9981426
4150,ADIPOR2,0.99871516
4151,MR1,0.99870664
4152,COPS5,0.99985003
4153,PPP4R2,0.9994331
4154,MRPS27,0.99327105
4155,FRMD8,0.9994798
4156,PANK3,0.9997664
4157,SMIM15,0.9996253
4158,LRRC47,0.9995135
4159,IL18,0.99981785
4160,PARN,0.99927044
4161,VPS36,0.9979696
4162,MRPL13,0.9994741
4163,TLE1,0.999176
4164,PCGF2,0.9969121
4165,GGA1,0.9994298
4166,NSFL1C,0.9985196
4167,CREBZF,0.9997906
4168,UBA3,0.99926615
4169,AMPD2,0.9997442
4170,FEZ2,0.9995718
4171,RBM22,0.9959403
4172,C1D,0.99980545
4173,N4BP1,0.9993179
4174,MRPL11,0.9987605
4175,UFD1,0.9985312
4176,ECHDC1,0.9978371
4177,ACSS2,0.99974006
4178,MYO10,0.9998416
4179,RGS10,0.9973042
4180,AZGP1,0.99913466
4181,RAI14,0.9997114
4182,PES1,0.99940646
4183,CD4,0.9996243
4184,CSNK2A2,0.99865806
4185,CNOT7,0.99972266
4186,EIF4G3,0.9988123
4187,SUMF1,0.99970543
4188,MTCH2,0.999176
4189,SGCE,0.9996148
4190,TOMM40,0.9971785
4191,C9orf78,0.99966604
4192,RPA3,0.9996932
4193,RANBP3,0.99746084
4194,SVIP,0.9996755
4195,ZNF532,0.99971026
4196,ORMDL1,0.99957836
4197,MCM3AP,0.9979702
4198,NOMO1,0.9992478
4199,RHOF,0.99985504
4200,KIFC2,0.9996196
4201,DPP9,0.99655277
4202,ANKRD40,0.99810386
4203,PCNA,0.999753
4204,RCC1L,0.99935627
4205,SLC25A37,0.99965155
4206,ZDHHC2,0.99951106
4207,NARF,0.9984149
4208,FARSA,0.9994941
4209,AKR1C1,0.9986361
4210,FES,0.9995848
4211,ARHGAP35,0.9988601
4212,HDGFL3,0.9992094
4213,SCARA3,0.99988455
4214,TXNDC11,0.9997199
4215,ITIH5,0.9978937
4216,OSBPL7,0.9999462
4217,FBXO9,0.9983986
4218,COPS7A,0.99932057
4219,KAT6A,0.9995443
4220,RSF1,0.99904394
4221,FBXW11,0.999286
4222,SLC38A1,0.99986976
4223,CITED2,0.99916726
4224,FBXW2,0.9995506
4225,MCRS1,0.99834645
4226,DOCK1,0.999179
4227,LZTR1,0.99956053
4228,TC2N,0.9999203
4229,TMEM101,0.99925506
4230,SULT1C2,0.9999049
4231,TMEM14A,0.9992441
4232,GOPC,0.99979377
4233,TLK1,0.9991145
4234,SYK,0.99639285
4235,PXDC1,0.9993377
4236,PTPN6,0.99858904
4237,UBR5,0.9992665
4238,ABI3BP,0.9995424
4239,LUC7L2,0.99677634
4240,MPPE1,0.9996224
4241,PPP4R1,0.9996476
4242,PHF10,0.99899083
4243,E2F4,0.99979436
4244,CLDND1,0.999578
4245,ZNF524,0.9994977
4246,HMGCS1,0.99991614
4247,ERLIN1,0.99985117
4248,ZBTB47,0.9995024
4249,PTPN14,0.99981666
4250,LPCAT2,0.99986213
4251,MAP4K5,0.9997042
4252,TOB2,0.99964744
4253,OSBPL2,0.9995159
4254,ALAD,0.9998686
4255,PLXNA3,0.99931353
4256,FMNL3,0.9997131
4257,MMP9,0.9997288
4258,RBBP6,0.9993793
4259,NRIP1,0.99950635
4260,TSNAX,0.99816936
4261,EIF2B1,0.9993583
4262,CBX1,0.99918383
4263,CYB5R1,0.9991025
4264,HINT3,0.9994599
4265,C20orf27,0.9991037
4266,PPA2,0.9997841
4267,SWAP70,0.99909455
4268,ZDHHC8,0.99937874
4269,SMAD3,0.9996456
4270,ZNF83,0.999841
4271,PDP1,0.99939036
4272,OXLD1,0.99959266
4273,SF3A2,0.9977908
4274,CMTM7,0.99797136
4275,ZC3H13,0.99912274
4276,BIRC6,0.99853927
4277,ZSCAN18,0.9993396
4278,KIF12,0.99979573
4279,LRRC58,0.99922335
4280,GMDS,0.99969673
4281,CCDC71L,0.9993898
4282,EHMT2,0.99961394
4283,GSKIP,0.999916
4284,MRPL9,0.99856937
4285,LRIG1,0.9994706
4286,RELL1,0.99925995
4287,SPOP,0.99848294
4288,EIF3J,0.999262
4289,RMND5A,0.9998741
4290,OSBP,0.99963105
4291,PEMT,0.99965
4292,SUGP2,0.9992111
4293,RAB35,0.99895394
4294,SPOCK1,0.9991344
4295,ACTG1,0.99932647
4296,DLG1,0.9995088
4297,SCG2,0.99989235
4298,SRGAP2,0.99930036
4299,ILKAP,0.9994216
4300,SLFN5,0.9993746
4301,ZFPL1,0.99927175
4302,ZDHHC1,0.9991698
4303,NUP98,0.9998455
4304,NTPCR,0.9991132
4305,DNAJA2,0.9997726
4306,CETN2,0.9995226
4307,AOC3,0.999887
4308,TTC37,0.999238
4309,DMAP1,0.99829346
4310,MCRIP2,0.99915034
4311,ARHGAP45,0.9994376
4312,CACUL1,0.9998215
4313,MKLN1,0.9997576
4314,PPP1R35,0.99960864
4315,PCGF3,0.9983807
4316,TANK,0.9999541
4317,SNX27,0.9997148
4318,CCDC92,0.9996049
4319,PNPO,0.99822426
4320,RASAL2,0.99940616
4321,SCAF1,0.9985773
4322,SNX19,0.99809
4323,PRXL2B,0.99972737
4324,HLA-DOA,0.999001
4325,MFSD6,0.99987435
4326,MANSC1,0.9998658
4327,SELPLG,0.9974472
4328,MDFIC,0.9995413
4329,CPT1A,0.9981736
4330,BZW2,0.9993759
4331,PTDSS1,0.9963686
4332,SCRN2,0.996942
4333,C1orf162,0.99975145
4334,TMEM129,0.99952114
4335,SRP68,0.99960864
4336,COMMD9,0.9974173
4337,TAOK3,0.99958
4338,FAM20B,0.99713135
4339,DDX60,0.99980366
4340,PITRM1,0.99968165
4341,ISYNA1,0.99801767
4342,SLU7,0.99985206
4343,RBM33,0.99956167
4344,OSER1,0.99790484
4345,CISD2,0.99964637
4346,TEAD3,0.9997442
4347,PLPPR2,0.9986918
4348,WASHC4,0.99884677
4349,ENO2,0.9985552
4350,NFYB,0.997876
4351,ASAP1,0.9997786
4352,SLC12A9,0.9996122
4353,KIRREL1,0.99985254
4354,MYCBP2,0.9988084
4355,PPP2R5A,0.9998795
4356,DOK4,0.99981487
4357,MTMR6,0.9988182
4358,PDCD10,0.9998363
4359,DPM1,0.9998281
4360,ZNF428,0.9995234
4361,DCUN1D1,0.99876904
4362,PPP4R3A,0.9997744
4363,CLDN3,0.998806
4364,SEPHS1,0.9987633
4365,PHACTR2,0.9995238
4366,MBOAT2,0.99987394
4367,DDA1,0.9997871
4368,SLC25A46,0.99986434
4369,ZFAND2B,0.9993637
4370,SCRN1,0.9988967
4371,AKT3,0.99991685
4372,NAGA,0.999456
4373,ERGIC2,0.9994049
4374,TBC1D15,0.99784493
4375,MARF1,0.9992529
4376,KLF7,0.99957085
4377,GPSM3,0.9986873
4378,MAPKAP1,0.9986138
4379,MRPL10,0.9992324
4380,VHL,0.99859524
4381,MRTFB,0.99950784
4382,USP33,0.9989337
4383,SDC3,0.9996438
4384,SLC35C1,0.99965376
4385,COMMD3,0.9992702
4386,ADAMTS10,0.99977374
4387,PLEKHO2,0.99945426
4388,CORO7,0.99981153
4389,FNBP4,0.9992414
4390,GTF2A2,0.9997532
4391,MTFR1L,0.9989109
4392,DICER1,0.99824953
4393,POLG,0.99909985
4394,AKAP17A,0.9996704
4395,POFUT1,0.99944496
4396,RPA1,0.9975528
4397,COQ8A,0.9989642
4398,C12orf10,0.9980961
4399,ABCA2,0.9998232
4400,INPP4B,0.9998957
4401,SHROOM3,0.9997781
4402,MCCC2,0.999894
4403,MRPL18,0.99954486
4404,WDR61,0.99578875
4405,MOB3A,0.99988484
4406,SHMT2,0.9990165
4407,BCAT2,0.997396
4408,NCOA1,0.9974669
4409,CKS1B,0.9999194
4410,PHLDB2,0.999598
4411,MIA2,0.99993396
4412,CTNNBL1,0.99912524
4413,CCDC90B,0.9993611
4414,EPDR1,0.99956447
4415,ATXN7L3,0.99884784
4416,ALDH16A1,0.99824804
4417,CCNC,0.99910307
4418,RECQL,0.99982804
4419,GSS,0.99900025
4420,SRP54,0.99925315
4421,MTR,0.9997707
4422,NTM,0.99993384
4423,SLC7A7,0.9996831
4424,HDGFL2,0.9973515
4425,SNX33,0.9994656
4426,WDFY1,0.99904144
4427,RALGDS,0.9994123
4428,TLE3,0.99916357
4429,ANKRD13A,0.99964845
4430,PDCD2,0.9978202
4431,IARS1,0.99962115
4432,GTF3C2,0.9993655
4433,AIG1,0.9994253
4434,ASPSCR1,0.9996382
4435,MOV10,0.9995499
4436,ABCD3,0.9998989
4437,ELMO3,0.9999075
4438,TSSC4,0.99744797
4439,ANP32E,0.99909997
4440,ZDHHC9,0.9995774
4441,NFYC,0.9986107
4442,TMEM14B,0.99916774
4443,HYI,0.99776244
4444,ITSN2,0.999532
4445,TSPAN15,0.99987006
4446,PDGFD,0.9998358
4447,KRAS,0.9999256
4448,CRY2,0.9990678
4449,SLC37A4,0.9992096
4450,GGCX,0.9996042
4451,IRF1,0.9993504
4452,CYB561A3,0.9989468
4453,UCKL1,0.9982075
4454,BAG3,0.9987073
4455,SETD3,0.99901676
4456,MAEA,0.9992672
4457,CARS2,0.9982066
4458,FLYWCH1,0.99808276
4459,DOCK5,0.99929017
4460,TBC1D17,0.9971798
4461,PSMD14,0.9995632
4462,SPECC1L,0.9997792
4463,TASOR,0.99872243
4464,LXN,0.99936736
4465,NSF,0.9998362
4466,TBXAS1,0.9986162
4467,RASA1,0.99972117
4468,PCNX1,0.9988446
4469,MBP,0.99966997
4470,TM2D2,0.9997865
4471,ATP8B2,0.99949753
4472,FADS2,0.9999141
4473,CKAP5,0.99912655
4474,SGPP2,0.9998869
4475,BRD3,0.99947286
4476,GMFB,0.99984646
4477,FAM111A,0.99939305
4478,AGPS,0.9995895
4479,FDX1,0.9989946
4480,SEMA4D,0.99919
4481,C8orf82,0.99831325
4482,FHL1,0.9993742
4483,NUDT16L1,0.99785125
4484,ARHGAP17,0.99807334
4485,SLC2A3,0.9994925
4486,NUP62,0.99901015
4487,DUOXA2,0.9999176
4488,GPCPD1,0.99887216
4489,SMIM19,0.9997407
4490,ZFYVE21,0.9995905
4491,AK1,0.9991536
4492,MRPS2,0.9978063
4493,SH3BP4,0.9986375
4494,SYDE1,0.9999236
4495,NCOA3,0.9984404
4496,UBE2S,0.9974188
4497,CRAT,0.9993054
4498,MTMR14,0.9998404
4499,NIPA2,0.9995961
4500,GALNT3,0.99990535
4501,NTHL1,0.9984947
4502,NCAPH2,0.99906176
4503,RAB11FIP3,0.99973774
4504,IRF2BPL,0.9987661
4505,PTPRN2,0.9998752
4506,MYL6,0.99918306
4507,ZC3HAV1,0.99868345
4508,SLC35A3,0.99984944
4509,IQGAP2,0.9989867
4510,SNX14,0.99958366
4511,GRWD1,0.9980424
4512,FCF1,0.99930435
4513,AMZ2,0.99926555
4514,SLC35E1,0.9993068
4515,BIN1,0.99896216
4516,PURB,0.9992161
4517,HOXB3,0.9978553
4518,KCNK1,0.9998746
4519,STX8,0.99824727
4520,MTHFD2,0.9992683
4521,HLA-B,0.9987876
4522,PPP1R15B,0.99982333
4523,CDS2,0.9932486
4524,RUFY1,0.9988278
4525,SIN3B,0.9990733
4526,DDX18,0.9993559
4527,CYP4V2,0.999587
4528,PDHA1,0.9994079
4529,SESN1,0.99956703
4530,CIR1,0.9992854
4531,MST1R,0.9998759
4532,POLE4,0.9995693
4533,MGAT4A,0.99844074
4534,ZNF146,0.9985838
4535,EBNA1BP2,0.99966305
4536,CREB1,0.99663126
4537,BRWD1,0.9996167
4538,VASN,0.9991036
4539,PLEKHA6,0.9997396
4540,SYT13,0.99966705
4541,FOXJ3,0.9996996
4542,PLXNA1,0.9997921
4543,MAP3K13,0.9996426
4544,HDDC2,0.99941736
4545,SIRT7,0.99986404
4546,BOP1,0.9996473
4547,CLIP2,0.9990509
4548,GRB10,0.9977627
4549,ARIH2,0.9992436
4550,NABP2,0.9988526
4551,PELI1,0.9997821
4552,ZFPM1,0.99970406
4553,ERF,0.9990129
4554,RTL8A,0.9993391
4555,SCFD1,0.9995085
4556,RARG,0.9993077
4557,EPHA3,0.9994711
4558,MRPL32,0.99987245
4559,TMEM37,0.99737924
4560,INPP5A,0.99966055
4561,USP10,0.9995272
4562,CCDC88A,0.99928415
4563,METTL5,0.99986196
4564,ADAM8,0.9991892
4565,SGSM2,0.99959004
4566,TOX4,0.9994879
4567,CEL,0.9947015
4568,SMC3,0.99930304
4569,TAF13,0.99971366
4570,ARID5A,0.99940825
4571,KIF22,0.99933374
4572,CAMTA1,0.99870574
4573,XPO7,0.9988886
4574,KDM1A,0.99780846
4575,FBXO11,0.9995102
4576,OSGEP,0.99931157
4577,SMARCB1,0.9980927
4578,TUBGCP6,0.9970428
4579,CRTC2,0.9993986
4580,SCYL2,0.9997384
4581,CNTN1,0.9999441
4582,UBP1,0.9992349
4583,PAF1,0.9970025
4584,VMA21,0.99976265
4585,KPNA6,0.999065
4586,SNRK,0.9996098
4587,ABCC8,0.99983275
4588,GUCD1,0.9995955
4589,TRIM2,0.9996606
4590,HERC4,0.9998641
4591,RAB12,0.9989852
4592,HAND2,0.9997517
4593,IRF6,0.99992126
4594,PPP6R2,0.9983384
4595,ADCY3,0.99973196
4596,ZG16B,0.99992657
4597,SMARCA1,0.99884677
4598,FNBP1,0.9995635
4599,RFTN1,0.99927396
4600,RNF44,0.999663
4601,TRIM26,0.9990456
4602,PLEK2,0.9999404
4603,GEM,0.99964166
4604,HDAC3,0.99919283
4605,RTF1,0.9992653
4606,XYLT2,0.9993077
4607,SC5D,0.9987879
4608,TIMM23,0.99907136
4609,PRKAB1,0.99933255
4610,CCDC130,0.9987916
4611,SIDT2,0.9958792
4612,CDH17,0.9996744
4613,YARS1,0.9989856
4614,NPEPL1,0.9992281
4615,USP48,0.99941635
4616,SMIM20,0.999158
4617,FOXK1,0.9994592
4618,FAM136A,0.99981457
4619,ADAM17,0.9994055
4620,DSE,0.99980354
4621,TSPAN6,0.9997054
4622,MAGOH,0.99971735
4623,NLRP1,0.9995438
4624,GIT2,0.9980124
4625,AMDHD2,0.99953514
4626,GYG1,0.9988861
4627,RUFY3,0.999118
4628,REST,0.9992975
4629,ACSF3,0.9977829
4630,G6PD,0.9993889
4631,TMPRSS2,0.9999301
4632,WASHC3,0.99949825
4633,SLC38A5,0.99973047
4634,PPFIA1,0.9994402
4635,ACVR1B,0.9992151
4636,CMAS,0.9998759
4637,IMPA2,0.9997716
4638,TFRC,0.99992347
4639,DYRK1A,0.9993211
4640,PLEKHA4,0.99950045
4641,FBXO21,0.99952567
4642,PPM1F,0.99947625
4643,ARL5A,0.9992538
4644,RBM15B,0.99938095
4645,UBE2G1,0.9992322
4646,DNAJC19,0.9994083
4647,KLK11,0.9997693
4648,PFDN4,0.99988836
4649,ST3GAL1,0.9992655
4650,ADAM28,0.9998609
4651,CELA3A,0.9992354
4652,IAH1,0.9993089
4653,TRAPPC4,0.999491
4654,AFAP1,0.9981369
4655,NEMF,0.99932635
4656,PPP1R12B,0.99869555
4657,RNF128,0.9998348
4658,DNAJC13,0.9995856
4659,TMF1,0.99961936
4660,PTPN1,0.9995601
4661,ANAPC13,0.9993636
4662,UBE3A,0.99848974
4663,RBM12,0.9993341
4664,DELE1,0.99913
4665,PARL,0.99912876
4666,FNIP2,0.99885076
4667,XAB2,0.9990233
4668,KPNA1,0.99946547
4669,ABCE1,0.99910873
4670,KHNYN,0.9992262
4671,TMEM126B,0.9997237
4672,PLEKHG3,0.9998712
4673,IDUA,0.9989694
4674,NUP50,0.9989934
4675,EAPP,0.9997073
4676,EP300,0.99916095
4677,DIP2B,0.9997628
4678,CENPT,0.9944845
4679,MALSU1,0.9992703
4680,LCP2,0.99979883
4681,TPT1,0.99969965
4682,DNPEP,0.99963367
4683,SLC25A28,0.9997044
4684,ONECUT2,0.9999364
4685,RAPGEF5,0.9975223
4686,MEPCE,0.9993
4687,GATD1,0.99899995
4688,SMAD5,0.9972696
4689,CD34,0.99901783
4690,ARL3,0.998865
4691,SINHCAF,0.99983513
4692,STK40,0.9991152
4693,MON2,0.99890697
4694,PPHLN1,0.9993426
4695,WDTC1,0.99924964
4696,PCDH7,0.99973637
4697,CLASRP,0.99806404
4698,SLAIN2,0.9991492
4699,STX6,0.9990566
4700,KDM3B,0.99964136
4701,BLVRA,0.998895
4702,MGAT2,0.9994861
4703,COA8,0.9995839
4704,PLLP,0.9998983
4705,TFCP2,0.9996809
4706,TMEM8B,0.99948394
4707,BOD1L1,0.99878716
4708,FAM3D,0.99977475
4709,EGLN1,0.99850893
4710,GMFG,0.9996131
4711,PMF1,0.9983322
4712,OAS2,0.99990106
4713,UBE2F,0.9987217
4714,ZNF148,0.99945074
4715,ARHGAP26,0.9998396
4716,ZNF444,0.9983095
4717,LPIN1,0.9993919
4718,IVD,0.9989877
4719,CGN,0.99994457
4720,RREB1,0.9972254
4721,RHBDF2,0.9996122
4722,WIPF2,0.99981326
4723,SMIM30,0.9996694
4724,HTT,0.9992713
4725,TARS1,0.99980646
4726,DNAJB14,0.9993857
4727,CFAP36,0.99883354
4728,WIZ,0.9990186
4729,RNF146,0.99941885
4730,IPO9,0.9984504
4731,SEC23IP,0.9997302
4732,BIN3,0.99967265
4733,TENT5A,0.9987159
4734,SMG9,0.99960136
4735,MXD1,0.9996576
4736,TNIP2,0.99950576
4737,SUCO,0.99938077
4738,ITSN1,0.99803716
4739,GCSH,0.99960136
4740,ABI2,0.9992073
4741,WNT5A,0.998659
4742,PSIP1,0.99905115
4743,ZDHHC24,0.99887246
4744,LLPH,0.9957899
4745,C3AR1,0.9993798
4746,COG2,0.9990796
4747,PSMD6,0.9992473
4748,MSRB3,0.9999274
4749,NRSN2,0.9997532
4750,MTREX,0.99788344
4751,DTX4,0.99833965
4752,DEAF1,0.9992777
4753,ANGPTL2,0.9999044
4754,SLC20A2,0.9990597
4755,JADE1,0.9992256
4756,ZNF106,0.9972174
4757,GTF2H5,0.99943507
4758,CDC27,0.9995752
4759,EDEM2,0.9981961
4760,ABCC5,0.999442
4761,MACC1,0.9999263
4762,RCOR3,0.9990549
4763,CYLD,0.9994929
4764,UCP2,0.99914527
4765,HEXIM1,0.99968374
4766,RPLP2,0.9988332
4767,PNKP,0.9996109
4768,NNT,0.9994934
4769,TMC5,0.9999458
4770,DRAM2,0.99983853
4771,ISCA1,0.99840045
4772,HPGD,0.9986319
4773,TRAF5,0.9985185
4774,DLST,0.99918866
4775,VEZF1,0.9988594
4776,RAPH1,0.9998077
4777,PEF1,0.99827033
4778,NIT2,0.9984618
4779,GALNT5,0.9998641
4780,CXADR,0.99994993
4781,BAZ2B,0.9980637
4782,GTF3C5,0.9961349
4783,WAPL,0.9995039
4784,UBR2,0.999406
4785,PEX11B,0.9995777
4786,PPP2R5E,0.99932784
4787,SH2B1,0.9994378
4788,SMAGP,0.9999089
4789,SSH1,0.99988073
4790,ZBTB44,0.99976623
4791,SF3B4,0.9997149
4792,GALNS,0.99975485
4793,C15orf39,0.99924517
4794,GLOD4,0.9995319
4795,FNBP1L,0.99978185
4796,KIFAP3,0.9988898
4797,RYK,0.9983114
4798,FMR1,0.9992084
4799,ELK1,0.9998114
4800,NEO1,0.99963284
4801,ARFIP1,0.99972606
4802,ABCB8,0.9988158
4803,PYCR1,0.9994317
4804,CUL1,0.99885815
4805,CRACR2B,0.99983
4806,ASMTL,0.9982749
4807,PIK3C2A,0.99966913
4808,SCGN,0.9999025
4809,MPLKIP,0.9983684
4810,MARCHF2,0.9995536
4811,OPA1,0.99789006
4812,TBRG1,0.9989319
4813,SAA1,0.9976229
4814,RTCA,0.99975425
4815,EGLN2,0.99890375
4816,LARP7,0.99909043
4817,LETMD1,0.99976534
4818,PTCD3,0.998819
4819,SLC12A4,0.99971205
4820,HIPK2,0.99808455
4821,STXBP3,0.99955595
4822,WWP1,0.9997853
4823,SLC27A4,0.9992723
4824,PILRB,0.9966957
4825,UBL7,0.99778485
4826,FOXK2,0.9981669
4827,MUC6,0.9939229
4828,HAGH,0.9985093
4829,AP5Z1,0.994915
4830,PLXNA2,0.9997824
4831,VRK3,0.99850035
4832,UBL4A,0.9986025
4833,USP3,0.9993063
4834,EXOC5,0.99891263
4835,OSBPL5,0.9996434
4836,WWC3,0.9998679
4837,KMT2A,0.9990624
4838,AP3B1,0.9990272
4839,FBXO31,0.99857014
4840,TBC1D5,0.9993497
4841,LPIN2,0.9984175
4842,ANKIB1,0.9981285
4843,FERMT3,0.99881005
4844,HS2ST1,0.9985232
4845,FLT1,0.99978566
4846,MRPS33,0.99969614
4847,SLC15A4,0.9996732
4848,GPRC5B,0.9990059
4849,B4GALT7,0.9982484
4850,AFTPH,0.9998875
4851,DHX8,0.9963777
4852,MRPS23,0.9997214
4853,CFAP97,0.9983765
4854,BLOC1S6,0.9978916
4855,CC2D1A,0.99972373
4856,RBMS3,0.99991745
4857,ACTB,0.9993355
4858,STK10,0.9994908
4859,MAP4K3,0.99942994
4860,PSMG3,0.99900043
4861,ZC3H4,0.9983599
4862,CHMP6,0.99902236
4863,NAV1,0.9989173
4864,MRPL21,0.9990568
4865,PHF1,0.9983673
4866,PHETA1,0.99876595
4867,ATF2,0.99941796
4868,PI4K2A,0.9997475
4869,CEBPG,0.99966
4870,USH1C,0.99993396
4871,PCYT2,0.99906397
4872,TJP2,0.9999469
4873,ACAT1,0.9996084
4874,TMEM97,0.9997747
4875,RIF1,0.9994707
4876,APLNR,0.99883723
4877,NBEAL1,0.99905574
4878,CCNK,0.99783915
4879,PTK2B,0.9986795
4880,CCDC3,0.9982467
4881,TAF6,0.9995481
4882,TOR1A,0.9994445
4883,ANPEP,0.99923
4884,PARP6,0.9984922
4885,LIPH,0.999959
4886,DDX46,0.99954253
4887,STAT5A,0.9987006
4888,EXT1,0.99820983
4889,TRIB2,0.99613285
4890,DRG1,0.9992046
4891,SHOC2,0.9995659
4892,SLC43A3,0.9995872
4893,ATP8B1,0.99994147
4894,GALK1,0.99848855
4895,MAP2K1,0.9996674
4896,MRPS11,0.9991554
4897,CSGALNACT2,0.99946606
4898,BTBD6,0.9991859
4899,NEK6,0.99866563
4900,NFKBIZ,0.9996958
4901,GMPR2,0.99979764
4902,SDR39U1,0.9988391
4903,ZNF292,0.99840224
4904,R3HDM2,0.9993831
4905,PITHD1,0.9986551
4906,PDGFA,0.9986097
4907,TNRC6B,0.9953677
4908,CAMTA2,0.9987104
4909,CYBB,0.99980634
4910,MAU2,0.9985822
4911,KMT5B,0.9993397
4912,SMCO4,0.99899113
4913,DCAF12,0.99943584
4914,CAMKK2,0.9991724
4915,NT5C3A,0.99992883
4916,EEA1,0.9986377
4917,RNASE6,0.99927825
4918,DHX38,0.9991027
4919,CD99L2,0.999002
4920,PDS5B,0.99688077
4921,PHF11,0.99930334
4922,TCERG1,0.9993577
4923,RC3H2,0.99968004
4924,ARFIP2,0.9987273
4925,PHTF2,0.9998506
4926,RNF166,0.9994402
4927,REG3A,0.99561447
4928,GPSM1,0.99866927
4929,DESI2,0.9994546
4930,HNRNPLL,0.99789137
4931,GTF2A1,0.99762213
4932,LDB1,0.9993644
4933,ARL16,0.99894583
4934,CBLB,0.9985818
4935,B4GALT3,0.9995557
4936,C1GALT1,0.9999036
4937,MOB4,0.99930984
4938,TMED1,0.99873614
4939,DERL3,0.9998659
4940,IP6K1,0.999744
4941,DPY19L4,0.99978715
4942,MECP2,0.9987465
4943,NELFCD,0.9991094
4944,RNF144A,0.9996496
4945,SPR,0.9996729
4946,OSBPL1A,0.9997793
4947,TMEM94,0.99881136
4948,ATP2B1,0.99958026
4949,TRIP11,0.9979677
4950,MUC4,0.99969834
4951,HIKESHI,0.99961007
4952,AKR1B10,0.9998908
4953,SNRPA1,0.9992917
4954,PWWP2B,0.99955106
4955,RNF115,0.9995075
4956,BCAS1,0.9998667
4957,NOC2L,0.9967935
4958,NT5C3B,0.9966496
4959,MTHFD1,0.99978095
4960,SDCCAG8,0.99938667
4961,IL17RA,0.9985821
4962,XPOT,0.99831676
4963,CHSY1,0.99969953
4964,POGK,0.99918497
4965,NUDT5,0.9998738
4966,CHST11,0.99932164
4967,NXF1,0.99952245
4968,NFKB1,0.99964935
4969,DNM1,0.99983037
4970,ACBD6,0.99827397
4971,MINK1,0.9978608
4972,SETD2,0.9992144
4973,MARS1,0.9997023
4974,ETV6,0.998992
4975,ENOPH1,0.9994341
4976,VNN1,0.9998672
4977,FCHO2,0.99958766
4978,NCF1,0.9992411
4979,KDM5C,0.99930274
4980,THAP4,0.9994933
4981,VAV2,0.999248
4982,NUDT14,0.9997668
4983,HECA,0.9991443
4984,CEP170,0.9989644
4985,SLC39A3,0.9984552
4986,PTPRM,0.9989196
4987,WDR11,0.9986151
4988,HLX,0.9998596
4989,DDB2,0.9987631
4990,MX2,0.9998064
4991,TBL3,0.9995879
4992,MFN2,0.9991546
4993,PAN3,0.9995609
4994,CDHR5,0.9999334
4995,TLE2,0.99967897
4996,ATP13A2,0.999196
4997,EBPL,0.99981344
4998,OSTF1,0.9986933
4999,NPRL3,0.99898654
5000,MRPS18C,0.99876714
5001,MAP3K6,0.9987649
5002,SNTB2,0.9995597
5003,KCNE4,0.9989082
5004,ZNF593,0.9995725
5005,LDLRAD4,0.9995813
5006,ZDHHC4,0.9992655
5007,ACVR1,0.9993824
5008,CDC73,0.9998641
5009,MPZL2,0.9998071
5010,ORAI1,0.9989569
5011,GOLPH3L,0.99977654
5012,RUNX2,0.9999328
5013,HMGCL,0.99838376
5014,MARCHF9,0.998701
5015,PLEKHH3,0.9996806
5016,ABCD4,0.99956715
5017,CNOT6L,0.99891424
5018,PLPP5,0.9997139
5019,HCST,0.9993416
5020,CNOT9,0.9990751
5021,PHKG2,0.9994121
5022,SLIT2,0.99992484
5023,PPP2R2D,0.99932164
5024,DLG3,0.99987423
5025,PTGS2,0.99974954
5026,ZNF384,0.9996463
5027,NOTCH1,0.9997494
5028,CSNK1G3,0.9994548
5029,JAK3,0.9986701
5030,SETD5,0.9993353
5031,GTPBP1,0.9996028
5032,LCMT1,0.9986718
5033,PDK2,0.9986707
5034,SACM1L,0.9992292
5035,PPIF,0.9993377
5036,COP1,0.99956465
5037,RAI1,0.9996692
5038,NFATC2IP,0.9996206
5039,MRPL22,0.9981806
5040,NHLRC2,0.99938506
5041,EMG1,0.9997239
5042,PRR14,0.999389
5043,TNFAIP1,0.9995073
5044,KDM5A,0.99898803
5045,ORAI2,0.999041
5046,USP36,0.99877226
5047,TIMM9,0.9997114
5048,APPL1,0.998803
5049,CHMP7,0.99917966
5050,NKIRAS2,0.9966607
5051,RNF141,0.99983245
5052,FAM219B,0.9983598
5053,MPV17,0.9994412
5054,USP4,0.9985867
5055,PARD3,0.9995391
5056,PSMD12,0.99957305
5057,PEX2,0.9996448
5058,BAIAP2,0.9962994
5059,TRAK2,0.998915
5060,EXTL3,0.99897015
5061,MTA1,0.99925745
5062,FAM53B,0.9995633
5063,PTPRG,0.9994878
5064,SLC43A2,0.9994132
5065,ANKRD9,0.9976802
5066,CRYZ,0.9998146
5067,PSME4,0.9988693
5068,LRRFIP2,0.9954913
5069,CEP57,0.99963075
5070,SAMM50,0.99941087
5071,PARP8,0.99915135
5072,PRSS22,0.9999317
5073,SMC5,0.9986057
5074,SULT1A1,0.99925447
5075,RNF216,0.9986569
5076,DNMT1,0.9992775
5077,PTPN9,0.99917006
5078,TRMT1,0.9994925
5079,BID,0.99965143
5080,BTG3,0.9992752
5081,ZBED5,0.997577
5082,TMEM185B,0.9994758
5083,LRBA,0.9993719
5084,BCL7B,0.9997542
5085,KITLG,0.99921286
5086,LIMK1,0.99902093
5087,CHKA,0.99929386
5088,MYBBP1A,0.99935377
5089,IFNAR2,0.9995831
5090,LY75,0.9997897
5091,SSH3,0.99989784
5092,GALNT7,0.99988216
5093,SLC25A23,0.99680245
5094,PSCA,0.9996091
5095,DTX3,0.9994583
5096,PGAP3,0.9981971
5097,NR1H3,0.99856603
5098,TOR3A,0.9993208
5099,ANKFY1,0.99827456
5100,CLSTN3,0.9997408
5101,GALNT11,0.99718475
5102,CPSF2,0.9993266
5103,CLIP4,0.9986552
5104,KANSL3,0.9983267
5105,NIPSNAP1,0.9995494
5106,LSM1,0.99954116
5107,CNOT11,0.9998572
5108,CCDC186,0.99954927
5109,SLC41A3,0.99957466
5110,WDR74,0.99819565
5111,TSC22D2,0.9993319
5112,PIK3CB,0.99698067
5113,CDH3,0.9999216
5114,CCN3,0.9996059
5115,KIF13A,0.9972604
5116,EMC2,0.99949163
5117,GPR153,0.9986638
5118,HSPA13,0.9991936
5119,CERS5,0.99898076
5120,CFAP410,0.9984219
5121,CAMSAP2,0.9948687
5122,HSBP1L1,0.99965763
5123,ZNF316,0.9951779
5124,ESAM,0.99834645
5125,MRPL36,0.9997646
5126,DUSP22,0.99895877
5127,SLC35D2,0.99986905
5128,NBAS,0.99878
5129,SMIM29,0.99959207
5130,HSD3B7,0.9995642
5131,PIN4,0.99979794
5132,GPATCH8,0.99896413
5133,SEC24B,0.99953413
5134,B4GAT1,0.99920386
5135,UBQLN4,0.9989345
5136,TSR2,0.9992441
5137,FAM200B,0.9987926
5138,CXXC1,0.9949367
5139,PYGO2,0.9980803
5140,SERTAD1,0.999406
5141,SMIM12,0.9994432
5142,STX18,0.99858576
5143,TTC7A,0.9994588
5144,FOXS1,0.9988828
5145,CCDC57,0.998401
5146,CEP350,0.9994726
5147,BABAM2,0.9997146
5148,SCNM1,0.9997382
5149,KIAA1671,0.99983495
5150,SAMD9,0.9998395
5151,PPL,0.9996703
5152,IMPACT,0.9996086
5153,CNOT3,0.99785703
5154,CELF2,0.999845
5155,OTUD4,0.99918354
5156,IL1RN,0.9999384
5157,RAB3IL1,0.9998996
5158,POGLUT3,0.99981534
5159,PHYKPL,0.9983676
5160,PELP1,0.9977238
5161,FTO,0.99918354
5162,PREP,0.99961233
5163,YTHDF1,0.99968374
5164,MBD4,0.99942815
5165,CNNM3,0.9982767
5166,AAMDC,0.9989494
5167,CUL4B,0.9977006
5168,TFDP2,0.9987883
5169,SQLE,0.9999505
5170,TPPP3,0.99518937
5171,SMAP1,0.9996062
5172,TMEM45B,0.9998428
5173,MEF2C,0.9996812
5174,TIPRL,0.9997227
5175,MRPL15,0.99899006
5176,WDR55,0.9992014
5177,MAP1A,0.9998148
5178,SMUG1,0.99954534
5179,SLC39A11,0.9998691
5180,HELZ2,0.9997655
5181,BOD1,0.99606365
5182,INPP1,0.9999149
5183,INSIG1,0.99967885
5184,ENTPD4,0.9986941
5185,C1QTNF6,0.9999191
5186,C2,0.998209
5187,TPMT,0.9993555
5188,RLIM,0.999246
5189,BX255925.3,0.99886376
5190,ZFC3H1,0.99928236
5191,SYNE1,0.99915266
5192,KAT5,0.99933386
5193,RPA2,0.9982445
5194,GNA12,0.9993696
5195,ACE,0.99830014
5196,MTA3,0.99932826
5197,OSTM1,0.9992627
5198,FCGR2B,0.9996035
5199,CINP,0.9991494
5200,TRIM69,0.9994166
5201,NACC1,0.99891686
5202,PFKFB3,0.9988465
5203,CERT1,0.9986352
5204,ZDHHC6,0.99944645
5205,DGKH,0.9995794
5206,TOR4A,0.999643
5207,RAP2A,0.99907804
5208,KLF16,0.9988455
5209,LETM1,0.9996253
5210,SIRT6,0.99902713
5211,UTP18,0.9974411
5212,GATAD2B,0.9988636
5213,NOL3,0.9986974
5214,DENND4B,0.9997361
5215,KIAA1109,0.99947244
5216,YIF1B,0.9989351
5217,SLA,0.9996909
5218,TP53BP1,0.99858046
5219,WDR43,0.999145
5220,INTS10,0.9979032
5221,SAP30L,0.9994093
5222,RYBP,0.99937576
5223,TTC14,0.99947214
5224,TUBB2A,0.9973701
5225,BAG5,0.9987185
5226,USP53,0.9995304
5227,KLHDC8B,0.99967986
5228,ENKD1,0.99844646
5229,RAP1GAP,0.99889755
5230,MRPL2,0.99907184
5231,UCHL3,0.99988645
5232,SHTN1,0.9984477
5233,ZNF787,0.9964905
5234,MARCHF5,0.9997971
5235,BCAM,0.99881995
5236,CLK3,0.99948645
5237,ADPGK,0.99959844
5238,IKBKG,0.99923205
5239,ATPAF1,0.99859023
5240,DAXX,0.99955946
5241,SYT11,0.99970764
5242,ARF5,0.99896353
5243,ECI2,0.9964902
5244,AATF,0.9991578
5245,MAP3K3,0.9997416
5246,POLR2M,0.9988821
5247,PDCD11,0.99890447
5248,PROM2,0.999524
5249,THBD,0.9989001
5250,CDKN2B,0.999787
5251,TAZ,0.99930906
5252,IFT172,0.9998174
5253,PAQR8,0.9995607
5254,ANKZF1,0.9969777
5255,C11orf49,0.99928224
5256,SH3TC1,0.99951684
5257,IFRD1,0.9986116
5258,STEAP2,0.9997156
5259,BAK1,0.9984936
5260,NSRP1,0.9989573
5261,RASSF1,0.9996223
5262,ANAPC7,0.99862784
5263,SFSWAP,0.99927855
5264,COQ8B,0.9979074
5265,KLHL36,0.9970019
5266,MCU,0.99989474
5267,SLC35B1,0.9995135
5268,QTRT1,0.99831396
5269,SCUBE2,0.99940264
5270,RPRD1B,0.99955904
5271,SMU1,0.99863464
5272,RAPGEFL1,0.9999385
5273,FOXP4,0.9979745
5274,DEDD2,0.99974316
5275,CEBPZOS,0.9997621
5276,USP8,0.9976069
5277,FUT11,0.9998535
5278,INSIG2,0.99968076
5279,CDK6,0.999334
5280,TMEM175,0.99690926
5281,RASA3,0.99883103
5282,CCAR2,0.9991317
5283,CARD19,0.9993498
5284,ZNF32,0.9975268
5285,BICD2,0.99960333
5286,NDUFA4L2,0.99983895
5287,ALDH9A1,0.99898326
5288,ADO,0.99867404
5289,KAT8,0.9986757
5290,LSM12,0.9997165
5291,MPC1,0.998392
5292,ZNF592,0.99801826
5293,POLE3,0.9993216
5294,ATM,0.9993489
5295,NIFK,0.9948107
5296,LZIC,0.99807113
5297,ZNF704,0.99830586
5298,ODC1,0.99871576
5299,CRELD2,0.9990677
5300,CLPX,0.9986588
5301,GGA3,0.9987589
5302,IL16,0.999862
5303,RNASEH2B,0.9986333
5304,EMC1,0.999442
5305,TFPT,0.9966365
5306,MRPS10,0.99494207
5307,DERA,0.99987245
5308,NDRG3,0.9988626
5309,MON1B,0.9991877
5310,ZC3H14,0.99856085
5311,GSTA1,0.99855363
5312,AHCTF1,0.99764717
5313,SRP19,0.9998847
5314,LIMK2,0.99877274
5315,MINDY2,0.99912775
5316,ITGAX,0.999042
5317,AAK1,0.9981187
5318,SAMD9L,0.99990135
5319,PRPSAP1,0.9996355
5320,PAICS,0.999695
5321,NPIPA1,0.99410856
5322,GTPBP2,0.99959975
5323,MMGT1,0.9983629
5324,LRATD2,0.99987555
5325,MITF,0.99963963
5326,UGT2A3,0.99991083
5327,FGFR3,0.9987172
5328,GOLT1B,0.9945165
5329,TAPBPL,0.9992197
5330,PIK3CA,0.99846095
5331,MIDEAS,0.9997949
5332,PRDM1,0.9994526
5333,SAV1,0.99797565
5334,KCNQ1,0.9991508
5335,RAB27A,0.99950886
5336,ABL2,0.999061
5337,ARHGEF10L,0.9986053
5338,RNF139,0.99752796
5339,DDX50,0.9992187
5340,PBX2,0.99862325
5341,KLHL42,0.99943686
5342,ORAI3,0.99926555
5343,HECTD3,0.9986119
5344,KBTBD2,0.99905676
5345,ZNF219,0.99944896
5346,VTA1,0.995055
5347,PRMT7,0.9991478
5348,UBALD1,0.99888664
5349,THAP12,0.9992393
5350,MAP2K7,0.9995415
5351,TMEM41B,0.99988395
5352,PCYT1A,0.9984965
5353,ABHD17C,0.9998861
5354,NUMBL,0.9993908
5355,ABCC1,0.999036
5356,STMN2,0.99988234
5357,RNF121,0.9986939
5358,PROM1,0.99973714
5359,MBD1,0.9985862
5360,GMPS,0.9994875
5361,GJB1,0.99951184
5362,NECTIN4,0.99993163
5363,LANCL1,0.99940497
5364,CISD1,0.9981412
5365,SEC23B,0.9994946
5366,DEXI,0.9993096
5367,RAB3GAP2,0.99904007
5368,ZNF652,0.99779177
5369,HAPLN3,0.99978006
5370,TBC1D10A,0.9990628
5371,ATMIN,0.99969274
5372,RABEP2,0.9992446
5373,ZNRD1,0.99672854
5374,SUPT7L,0.9991197
5375,BET1L,0.9981861
5376,CBX4,0.99953884
5377,PPP2R5D,0.9990661
5378,USB1,0.99922174
5379,KCNK5,0.9988302
5380,PLA2G10,0.9998732
5381,CP,0.99944115
5382,AMOTL2,0.9955518
5383,LIMD1,0.9968414
5384,ZNF276,0.9995252
5385,RARS2,0.9992136
5386,RAB20,0.99948007
5387,PTAR1,0.9995836
5388,OAS3,0.999804
5389,UNC119,0.998607
5390,NKD2,0.99988747
5391,TMEM51,0.9986539
5392,PURA,0.9993987
5393,HEXD,0.99721825
5394,ADGRG6,0.9997877
5395,PLEKHA7,0.9997896
5396,GPC6,0.9997502
5397,MICU2,0.9997963
5398,CCSER2,0.9987081
5399,DENND2D,0.9995495
5400,CRYBG1,0.99841243
5401,DTX2,0.9988993
5402,COX11,0.99858284
5403,GNAI1,0.99851316
5404,KHDC4,0.99970996
5405,ICAM2,0.99969864
5406,CDK14,0.9997584
5407,SHB,0.99944234
5408,ACOT9,0.9994632
5409,UBA6,0.9996828
5410,ETV5,0.9990288
5411,FAM174B,0.99967223
5412,HMCES,0.9997988
5413,LCOR,0.99925995
5414,GALE,0.99995214
5415,RUSC2,0.99980944
5416,PGPEP1,0.99861854
5417,MCM3,0.999272
5418,SLC33A1,0.9983091
5419,TCTN1,0.99945724
5420,CLEC2B,0.99977064
5421,TAP2,0.9991392
5422,ICA1,0.9998665
5423,SNX8,0.99875295
5424,KCTD2,0.9996264
5425,LRRC14,0.99862236
5426,VGLL3,0.999044
5427,TPRN,0.99934757
5428,ZSWIM6,0.9993756
5429,YES1,0.99948674
5430,KCTD9,0.99904984
5431,ATXN2,0.9993942
5432,COLEC11,0.998868
5433,MICA,0.9993058
5434,IWS1,0.99951565
5435,PPP1R10,0.99820673
5436,CCDC115,0.99959403
5437,ACSF2,0.9995547
5438,CRKL,0.9963142
5439,GPR137,0.99865806
5440,ZNF598,0.99949545
5441,PPP3R1,0.99895227
5442,SNX4,0.99911636
5443,TMEM39A,0.9997164
5444,CSTA,0.99921876
5445,PHF20,0.99922365
5446,FMNL2,0.9989408
5447,SIK2,0.9971342
5448,PHF2,0.9987841
5449,PREX1,0.99934506
5450,USP24,0.99941385
5451,LYN,0.99861276
5452,L3MBTL2,0.9996489
5453,TTC38,0.9995414
5454,BLOC1S2,0.99937856
5455,PIAS3,0.9989926
5456,PBRM1,0.9994567
5457,WASHC5,0.999403
5458,TSPYL2,0.99967283
5459,ZNRD2,0.99865097
5460,TFEB,0.99879175
5461,AKNA,0.9987665
5462,PGM3,0.9997698
5463,STK17A,0.99909854
5464,EBF4,0.99927217
5465,STAM2,0.9994842
5466,PLEKHG2,0.9989637
5467,A4GALT,0.99885726
5468,GGCT,0.9988747
5469,OXR1,0.9999039
5470,IFI44L,0.9998022
5471,ABCA7,0.99928147
5472,TMX3,0.9992421
5473,B3GALT5,0.99991095
5474,THAP7,0.99876815
5475,YPEL2,0.999528
5476,BACH1,0.9988401
5477,KIF2A,0.9995761
5478,CMTR1,0.9986217
5479,PRKAR2A,0.9968452
5480,DDX49,0.9960316
5481,XRN1,0.9988617
5482,MYO1F,0.9996219
5483,DENND6A,0.9989041
5484,ANO9,0.9998287
5485,RRP36,0.99715585
5486,ALDH7A1,0.9991146
5487,KLHL9,0.9971722
5488,RNF19A,0.9993447
5489,CPB1,0.99860865
5490,GNE,0.9996809
5491,ABHD11,0.9995693
5492,RASD1,0.999884
5493,KRR1,0.99966264
5494,PIP4P1,0.997556
5495,NFATC3,0.9995359
5496,RNF20,0.99885684
5497,LRRC75B,0.9933669
5498,RDH10,0.9972666
5499,B2M,0.9994267
5500,FGFR1OP2,0.99731565
5501,METTL17,0.9995233
5502,DCTN6,0.9996619
5503,PGP,0.9994848
5504,FHOD1,0.999766
5505,PRKD3,0.99858946
5506,UBE2D1,0.9995531
5507,AP1S2,0.9987494
5508,TAOK2,0.9994836
5509,NRBP2,0.99823374
5510,HS1BP3,0.99836284
5511,TRPT1,0.99665344
5512,PCID2,0.99932176
5513,CARD11,0.9999185
5514,PPIL2,0.99926853
5515,PLEKHA5,0.9998264
5516,PIGU,0.9979677
5517,SLC10A3,0.9995183
5518,ACO1,0.9992653
5519,PHYH,0.9994072
5520,A1BG,0.9998484
5521,SGMS2,0.9996409
5522,IREB2,0.99815345
5523,HMGXB3,0.9988701
5524,CLIP3,0.99969536
5525,GBA2,0.9975093
5526,RTKN,0.99916816
5527,VSTM2L,0.9996604
5528,SMURF1,0.9997177
5529,CEBPA,0.9993416
5530,TCEA3,0.9987062
5531,FAF2,0.99965787
5532,BRF1,0.99896383
5533,ZBTB16,0.9999031
5534,CREBRF,0.9984118
5535,PLK2,0.998938
5536,PCIF1,0.9979522
5537,PRKAG1,0.9989547
5538,ZMYM4,0.9992213
5539,PCSK5,0.9988585
5540,WWC1,0.99976355
5541,NUP214,0.9994807
5542,BTN3A1,0.9993068
5543,FAM189B,0.9985793
5544,NUP85,0.9976339
5545,CARS1,0.9993919
5546,TRPV2,0.9998727
5547,DNAJB9,0.9993161
5548,CALCRL,0.9976536
5549,NSD1,0.99918675
5550,SLC37A1,0.99983
5551,TPRKB,0.9995369
5552,CCDC9B,0.9997282
5553,IPO8,0.99901426
5554,YLPM1,0.9986157
5555,DCUN1D4,0.99890417
5556,EXOSC10,0.9988577
5557,TJP3,0.99994284
5558,TPP2,0.9971067
5559,IRS1,0.9990618
5560,CCDC28A,0.99916124
5561,NLRC5,0.9990101
5562,SYNJ2BP,0.9985948
5563,GGPS1,0.9993664
5564,DEDD,0.99896145
5565,C19orf12,0.9984918
5566,PHF20L1,0.9976319
5567,EIF2B4,0.99739987
5568,MRPS6,0.9994166
5569,CRIPT,0.9990549
5570,TM2D3,0.9980328
5571,PTDSS2,0.9942843
5572,AAR2,0.999203
5573,BCAS2,0.9997634
5574,ACOT8,0.99964494
5575,CIAPIN1,0.9991225
5576,COQ9,0.9990624
5577,STRN3,0.9989909
5578,CHST12,0.9994524
5579,ZCCHC14,0.9987314
5580,PHF14,0.99903953
5581,MRPL49,0.9996646
5582,PCBP4,0.99875814
5583,SIPA1L3,0.999567
5584,CSRNP1,0.99929726
5585,GPC3,0.9957615
5586,R3HCC1,0.99919915
5587,BMP4,0.99954796
5588,FH,0.99950486
5589,NOB1,0.99958557
5590,EVI5,0.99948466
5591,CASP3,0.99963564
5592,CTBS,0.99955803
5593,ZRANB1,0.9981648
5594,CFAP20,0.9985635
5595,TBC1D20,0.9993737
5596,BLMH,0.99916947
5597,TCF21,0.99965644
5598,KCNE3,0.9993583
5599,LRIG3,0.99890554
5600,USP15,0.9995112
5601,DRG2,0.99900866
5602,KIF1B,0.99514645
5603,ZFYVE27,0.99930876
5604,PDE8A,0.9990641
5605,ADGRL2,0.9992331
5606,FAM13A,0.9993386
5607,VAC14,0.99855584
5608,ECSIT,0.998358
5609,SKIV2L,0.99888915
5610,SLIT3,0.99988896
5611,ALDH1B1,0.9999187
5612,DIP2C,0.99944514
5613,JCAD,0.99989855
5614,EHMT1,0.9994824
5615,XYLT1,0.9973542
5616,CORO2A,0.99987036
5617,BCL10,0.99991405
5618,UTP6,0.99839646
5619,EPS8L3,0.9999171
5620,GAS1,0.99987173
5621,SYTL1,0.9968277
5622,PSMD9,0.9995898
5623,HK2,0.99993235
5624,RPRD2,0.9964916
5625,GIGYF2,0.9993037
5626,FRY,0.99977666
5627,ZFYVE16,0.99879986
5628,SUZ12,0.9996312
5629,NF2,0.9984598
5630,LMBR1L,0.9995909
5631,MAP3K7,0.9967299
5632,NTMT1,0.9980256
5633,IPO13,0.9995315
5634,NFX1,0.9993026
5635,PVR,0.9984234
5636,SPG11,0.9996887
5637,CDK9,0.99952406
5638,ALG2,0.9997532
5639,FAM204A,0.99922293
5640,ABCF3,0.9964873
5641,HELZ,0.9991109
5642,GADD45G,0.998762
5643,AL049839.2,0.9994335
5644,RASSF2,0.9998696
5645,WTIP,0.9995749
5646,AGO2,0.9988397
5647,DHPS,0.99878645
5648,NCOA2,0.99903584
5649,SLBP,0.99915653
5650,NCOA6,0.9991603
5651,RAMP3,0.9995502
5652,SRC,0.9998092
5653,URGCP,0.9993669
5654,TBC1D13,0.9984869
5655,DCP2,0.9978568
5656,GNPDA1,0.99915785
5657,PLXNC1,0.9996386
5658,STARD3NL,0.99913704
5659,IFFO1,0.9998676
5660,VAPB,0.99922746
5661,CDC25B,0.99945307
5662,DPP8,0.99794835
5663,AKIRIN2,0.99805796
5664,ROGDI,0.99737406
5665,EXOC1,0.9997463
5666,VPS35L,0.99959075
5667,TCEAL3,0.9993937
5668,AHCYL2,0.9999249
5669,FRG1,0.9997037
5670,FUT2,0.9998169
5671,POMT1,0.9981711
5672,ASB8,0.99814975
5673,BTBD1,0.9989122
5674,HS3ST1,0.9998901
5675,EP400,0.9996228
5676,PDK3,0.9974877
5677,CMC1,0.99980026
5678,EXD3,0.99935615
5679,GCA,0.9986448
5680,KRTCAP3,0.9999183
5681,VPS13D,0.99899673
5682,THEM6,0.99942344
5683,C12orf49,0.9988293
5684,PEX16,0.9986208
5685,COMMD2,0.9984709
5686,NMI,0.9998629
5687,TP53BP2,0.99942386
5688,DCAF16,0.99878955
5689,TPBG,0.9989909
5690,RALGAPB,0.99976015
5691,SH3RF1,0.9997803
5692,RANBP9,0.999414
5693,ADCY6,0.9994892
5694,PDIA5,0.9994587
5695,TRIB1,0.9998726
5696,LPCAT1,0.99949753
5697,BMPR1A,0.99901897
5698,PLEKHA3,0.9984339
5699,RAP1GDS1,0.99744177
5700,CX3CL1,0.9986206
5701,LRP6,0.99793154
5702,UHRF2,0.99833006
5703,BICDL2,0.99994904
5704,GNB5,0.9977581
5705,FGD4,0.99987054
5706,RASSF3,0.9986552
5707,FTH1,0.9953672
5708,PCNX4,0.99898607
5709,UXS1,0.9995711
5710,POFUT2,0.99705255
5711,INPP5D,0.9990843
5712,FAM133B,0.99796784
5713,NRAS,0.99944437
5714,SPEN,0.998454
5715,RAB8B,0.9977407
5716,FAM171A1,0.99900633
5717,MEX3D,0.99889654
5718,SIAE,0.99942595
5719,HECTD4,0.9993297
5720,SUPT20H,0.99939066
5721,SLC7A8,0.9997514
5722,OXSR1,0.9990169
5723,NPC1,0.99939114
5724,FAM160A2,0.9995017
5725,VPS72,0.99923825
5726,SMC4,0.9985714
5727,AC011043.1,0.99713147
5728,ATG2A,0.9990804
5729,NAE1,0.9997166
5730,TBC1D22A,0.9991289
5731,SIX5,0.99797654
5732,COBLL1,0.99912703
5733,B3GALT6,0.99929833
5734,MRPL47,0.999131
5735,CCN4,0.9998876
5736,NHLRC3,0.99918276
5737,PDE4A,0.9994265
5738,CXCL6,0.9987464
5739,CCNT2,0.9991956
5740,MAGEF1,0.9997018
5741,SHROOM1,0.9997457
5742,MMAB,0.99950254
5743,MTMR2,0.99938476
5744,INPP5K,0.9899179
5745,GTPBP4,0.99884903
5746,GTF2H1,0.99852043
5747,HOOK2,0.9997759
5748,COG3,0.99634427
5749,IL17RC,0.9997482
5750,GLTP,0.99882746
5751,HOXB2,0.99974436
5752,E4F1,0.9982011
5753,PRR15,0.99994373
5754,PPIP5K2,0.99876666
5755,KLHL21,0.99877304
5756,PRKRA,0.9983736
5757,RNF26,0.99790066
5758,ALDOA,0.9997975
5759,PARM1,0.99942166
5760,ARPIN,0.9979969
5761,PICK1,0.9993054
5762,COQ10B,0.9994446
5763,ZNF451,0.9976225
5764,TRAM2,0.99977964
5765,LDLRAP1,0.9988389
5766,RCOR1,0.9997262
5767,ATP6V0E2,0.9979676
5768,ZBTB7B,0.99966836
5769,LMNB2,0.99761033
5770,CLDN2,0.9956013
5771,CD58,0.99981725
5772,NIT1,0.9973692
5773,CD40,0.9996207
5774,AXIN1,0.9994769
5775,TAF11,0.9991522
5776,MANBA,0.9982245
5777,PEX26,0.9993785
5778,TNXB,0.9966635
5779,GNPNAT1,0.99974275
5780,ZNF579,0.99917096
5781,ABCF2-1,0.9993007
5782,SLC41A2,0.9998206
5783,THOP1,0.99794596
5784,LUZP1,0.99917233
5785,CRISP3,0.99819225
5786,ATAD3B,0.99893904
5787,GAPVD1,0.99913365
5788,KMT2D,0.99938166
5789,PDE7A,0.99897325
5790,BRD9,0.99748623
5791,AAAS,0.9994559
5792,PTRHD1,0.9995216
5793,HERC2,0.998886
5794,PDPK1,0.9989939
5795,PSPC1,0.99935746
5796,DALRD3,0.99786526
5797,VWA5A,0.999696
5798,TOMM34,0.9990114
5799,PBX3,0.99624276
5800,GLT8D2,0.99989283
5801,COLEC12,0.9999085
5802,FUT3,0.99992836
5803,PIP4K2C,0.99979633
5804,TRAFD1,0.9991612
5805,SHLD2,0.99776226
5806,DPAGT1,0.99903685
5807,GFM1,0.99972063
5808,CLDN12,0.99990225
5809,ADPRS,0.99982464
5810,ARMC8,0.9989338
5811,ISY1,0.9985373
5812,RNF19B,0.9991943
5813,MOB1B,0.99917316
5814,SAMD11,0.99816597
5815,ARFGEF2,0.99976075
5816,CA2,0.9991796
5817,AVL9,0.99979043
5818,MZF1,0.9997703
5819,PTS,0.999316
5820,SLC36A1,0.9998783
5821,GABBR1,0.99942535
5822,COX15,0.9994651
5823,SPECC1,0.9994124
5824,PDIA2,0.9956606
5825,SLC45A4,0.99959946
5826,CIAO3,0.9986764
5827,SLC27A3,0.99789256
5828,SART3,0.9991409
5829,TRIM14,0.99956644
5830,ALAS1,0.99969596
5831,ZNF33A,0.9998062
5832,PLD1,0.9984027
5833,ZC3H7A,0.99810576
5834,TBC1D23,0.9987275
5835,RPF1,0.9997666
5836,GABRP,0.9992831
5837,SOS1,0.9985454
5838,AQP3,0.9995371
5839,C2orf68,0.99932075
5840,TRAPPC9,0.9976805
5841,UBE2Q2,0.9982834
5842,VARS2,0.9992469
5843,FOXJ2,0.9977647
5844,SCD5,0.99960667
5845,ZPR1,0.9990339
5846,ADH1B,0.99701774
5847,SIGLEC1,0.99964684
5848,PSMD10,0.9996866
5849,CD2,0.99713564
5850,CBX7,0.9987917
5851,SNRNP27,0.99747634
5852,PFKM,0.9986061
5853,FRA10AC1,0.99364614
5854,NUDT9,0.999459
5855,ALG12,0.9986531
5856,BCCIP,0.9996965
5857,ERAL1,0.99953246
5858,ALG8,0.99958026
5859,CDIP1,0.9987842
5860,SRPK2,0.99947786
5861,YEATS2,0.99900156
5862,PIGG,0.9991533
5863,DDHD2,0.9990225
5864,CPNE7,0.99859977
5865,RHPN1,0.99972063
5866,ASH2L,0.9984206
5867,ADCY7,0.9990118
5868,ACBD5,0.9996793
5869,DMTN,0.99902964
5870,RBM27,0.99891305
5871,ALG13,0.99871135
5872,KRIT1,0.9982415
5873,NEURL1B,0.9988252
5874,ARHGEF11,0.999303
5875,HNF4A,0.99983525
5876,MAPKAPK3,0.99943095
5877,EMC6,0.9986944
5878,PMM2,0.9954343
5879,TMEM168,0.997889
5880,COL5A3,0.99990624
5881,GSTM4,0.9982545
5882,MAPK9,0.9987241
5883,TRMT61A,0.99896866
5884,MPEG1,0.99913657
5885,RRP1,0.99615437
5886,SMAD7,0.9993562
5887,PTPN2,0.999729
5888,SESTD1,0.99939555
5889,RSBN1L,0.9982029
5890,FAXDC2,0.99509716
5891,FLAD1,0.99841833
5892,RAB11FIP5,0.9973726
5893,JDP2,0.9992625
5894,WDR5,0.99697363
5895,CLPS,0.98656666
5896,SLC7A1,0.99943924
5897,RPAIN,0.9995931
5898,BMP2K,0.99820006
5899,EXOSC4,0.9996
5900,APPBP2,0.9987406
5901,MFN1,0.99927133
5902,KMT2B,0.99972034
5903,CAD,0.997778
5904,QDPR,0.99777114
5905,MRPS25,0.9987416
5906,PRPF38A,0.99868345
5907,NUP188,0.9993552
5908,MAPKAPK5,0.9969812
5909,EEPD1,0.997667
5910,CLASP1,0.997167
5911,C7orf26,0.9963331
5912,CPTP,0.9978178
5913,MRPS14,0.9994689
5914,UBAP2,0.9987106
5915,ANGPTL4,0.9992823
5916,UCK1,0.9990345
5917,NEXN,0.9998368
5918,METAP1,0.9996209
5919,DPF2,0.99813956
5920,BAG4,0.9993795
5921,NIN,0.9993745
5922,KIAA0040,0.9977167
5923,PHAX,0.99938595
5924,SORBS1,0.9989913
5925,DENND10,0.9995272
5926,PDZD11,0.99849975
5927,UBE2W,0.9997111
5928,ARRB1,0.99821174
5929,QPRT,0.99910504
5930,DLC1,0.9987843
5931,NCF2,0.9996512
5932,CHRAC1,0.99880445
5933,DNAJC21,0.9996909
5934,IFT43,0.99932975
5935,HPRT1,0.9997449
5936,LRFN4,0.9988225
5937,RMDN3,0.99925804
5938,PWP1,0.99958426
5939,KIAA0355,0.9991515
5940,TMEM19,0.9992821
5941,PRPS2,0.9996289
5942,EHBP1,0.9991778
5943,SLC35B3,0.9988654
5944,ARHGAP23,0.99771696
5945,COA1,0.99958813
5946,PDPR,0.99892366
5947,SATB1,0.998394
5948,SURF6,0.99871814
5949,GORASP1,0.99951714
5950,SAMD1,0.9988974
5951,CPSF3,0.99879366
5952,INTS8,0.999657
5953,FAM53C,0.9981284
5954,CCL19,0.9968526
5955,USE1,0.9991605
5956,SLC35E2B,0.9982934
5957,BMERB1,0.9996542
5958,TMEM65,0.9992704
5959,THUMPD1,0.9993676
5960,RNF185,0.9989367
5961,ASB13,0.9990586
5962,RPLP1,0.9993105
5963,UTP11,0.9997581
5964,ITPR2,0.9989815
5965,PLEKHM1,0.9992857
5966,MMP1,0.99899185
5967,TMSB10,0.9924611
5968,TMEM63B,0.99931306
5969,MAFG,0.99780834
5970,LPAR2,0.99910766
5971,RAB29,0.99943197
5972,DPT,0.9998833
5973,DTX1,0.99894994
5974,MPP1,0.9994184
5975,ACSS1,0.99964076
5976,TRMT2A,0.9992229
5977,FBXO28,0.99955404
5978,LPIN3,0.99924713
5979,PDE5A,0.99917895
5980,GET1,0.99938595
5981,DEF6,0.99850297
5982,ETV1,0.99979997
5983,BCAT1,0.99977064
5984,PTK6,0.99993217
5985,DPY19L1,0.99882203
5986,ACADM,0.9973292
5987,GLRX,0.99895203
5988,ACKR3,0.9997277
5989,STRN,0.99878633
5990,PRDM2,0.99957633
5991,DMWD,0.9992875
5992,SMURF2,0.99914634
5993,PHF23,0.9975409
5994,NBN,0.9985692
5995,LRCH1,0.9997401
5996,NCBP3,0.99719626
5997,VPS16,0.99871314
5998,DNMT3A,0.99954545
5999,BEX4,0.999689
6000,ADH1C,0.9994366
6001,FAF1,0.99923426
6002,GFER,0.997628
6003,CHCHD7,0.99956983
6004,ALG1,0.9995566
6005,PHF12,0.9996985
6006,MUS81,0.9994591
6007,MAN2A2,0.9990065
6008,LMOD1,0.9995847
6009,DYM,0.99722743
6010,SLC2A10,0.9995141
6011,KAT7,0.9990599
6012,PRPF3,0.99789846
6013,UPF3A,0.9987326
6014,ANG,0.9998933
6015,DOCK9,0.99880713
6016,CRYL1,0.9982653
6017,ABHD14A,0.9990186
6018,BTN3A2,0.9995622
6019,TSEN34,0.99960387
6020,PPME1,0.9987482
6021,RNF168,0.99889195
6022,GDPD5,0.9954924
6023,DNAJA3,0.99935955
6024,SUCLA2,0.99930537
6025,MRPL40,0.99880755
6026,FRMD4B,0.9993899
6027,TEP1,0.9998151
6028,FAS,0.99761754
6029,CASTOR2,0.99972904
6030,CRBN,0.9993873
6031,DHX36,0.9983585
6032,EMC8,0.998662
6033,GJB3,0.99994224
6034,MXI1,0.9992392
6035,HIP1,0.999243
6036,SSBP2,0.99830276
6037,SERPINB9,0.99730366
6038,DHRSX,0.998358
6039,BCS1L,0.9954473
6040,ST3GAL2,0.9991404
6041,TRIM38,0.9985366
6042,PTPRU,0.99910516
6043,SLC43A1,0.9993252
6044,GSE1,0.99888706
6045,CYREN,0.9959829
6046,ANKS1A,0.99843097
6047,MTG2,0.9988397
6048,IGF1,0.99993545
6049,PTPRJ,0.9993949
6050,CTTNBP2NL,0.99906135
6051,EVI2B,0.99974597
6052,MAPRE3,0.9994966
6053,CROCC,0.9996502
6054,ENPP1,0.9998797
6055,ABHD4,0.9944215
6056,FTSJ1,0.99930406
6057,SMNDC1,0.9992303
6058,RRP1B,0.99340576
6059,BTN3A3,0.99955297
6060,EXOSC7,0.99891967
6061,EPM2AIP1,0.99732333
6062,TXNRD2,0.999024
6063,ELF2,0.9978105
6064,TULP4,0.99837536
6065,RALGAPA2,0.9996369
6066,SLC44A3,0.9994759
6067,RABGGTA,0.9981057
6068,SEMA7A,0.9991702
6069,SLC25A4,0.99962723
6070,ATF7,0.99823916
6071,TUFT1,0.99979424
6072,FAM199X,0.9995287
6073,TBC1D14,0.9963714
6074,RO60,0.999177
6075,MYORG,0.9998554
6076,ATE1,0.9964149
6077,MUCL3,0.9994693
6078,TP53INP2,0.99687576
6079,DMTF1,0.99949235
6080,OMD,0.9998328
6081,RGS12,0.99457264
6082,CRP,0.99969435
6083,LTC4S,0.98819333
6084,HIF1AN,0.9986054
6085,DZIP1,0.9987267
6086,DECR2,0.99955857
6087,PPP1R37,0.99907184
6088,UPK1B,0.99979424
6089,IRAK3,0.9996058
6090,MAP3K5,0.9994455
6091,SEC24A,0.99873334
6092,TIPARP,0.9997951
6093,RNF170,0.99971974
6094,UBA5,0.99856853
6095,SNAPC2,0.9994206
6096,FAM214A,0.99832463
6097,LHPP,0.9984299
6098,SNAPIN,0.9994421
6099,LATS1,0.9910191
6100,THYN1,0.99921125
6101,NUP58,0.9979302
6102,CCDC25,0.9984931
6103,ERVK3-1,0.9987393
6104,LSM10,0.99961746
6105,TATDN2,0.9993113
6106,ABCG1,0.99923414
6107,CPSF4,0.99897283
6108,ADSL,0.99791974
6109,AGFG2,0.99680793
6110,CPEB4,0.99867874
6111,MED14,0.99855083
6112,BRD8,0.9990695
6113,UBR3,0.9968519
6114,PFKFB2,0.99925125
6115,RND3,0.99922335
6116,PIK3C2B,0.9999229
6117,SREK1IP1,0.99981415
6118,DNAJC11,0.9979801
6119,STYXL1,0.9986692
6120,CHD1L,0.9988729
6121,MAST4,0.9973558
6122,ZBTB48,0.99932444
6123,SPRED2,0.99830264
6124,ZNF512,0.99343276
6125,IFT52,0.99920905
6126,MRPL16,0.99938256
6127,ARMCX2,0.99897707
6128,UBTD1,0.99924684
6129,APPL2,0.99527
6130,ABHD3,0.9997657
6131,TRIM25,0.9995239
6132,JMJD4,0.9982703
6133,CBLC,0.99992657
6134,MTMR3,0.99875534
6135,CACNB3,0.9992352
6136,ECM2,0.9997959
6137,UNC13B,0.9985827
6138,DYNC1LI1,0.99859387
6139,ODR4,0.99958587
6140,DPYD,0.99982446
6141,SCGB3A1,0.998823
6142,TRMU,0.9981708
6143,GOLGA5,0.9990681
6144,C18orf32,0.9980098
6145,CHFR,0.99926674
6146,DIO2,0.99988437
6147,ELAC2,0.99790823
6148,C22orf39,0.9996843
6149,C19orf25,0.99798006
6150,HPS3,0.9988967
6151,CARD10,0.9981384
6152,SYS1,0.99752605
6153,NPIPB15,0.9999172
6154,FUT8,0.9991973
6155,TNFAIP3,0.99967825
6156,STX3,0.99977636
6157,CES1,0.99960005
6158,TBL2,0.9994739
6159,DHX40,0.9991598
6160,FNDC4,0.99762964
6161,SEPTIN6,0.9968905
6162,UBTD2,0.9988394
6163,MUL1,0.99885404
6164,SMARCD1,0.9984814
6165,FMNL1,0.9993512
6166,ITM2A,0.9985868
6167,EPN2,0.9978563
6168,ZNF335,0.99938273
6169,RSPRY1,0.99759096
6170,IGF2BP2,0.99807465
6171,IDE,0.9995572
6172,JAZF1,0.99834526
6173,BRPF3,0.9989251
6174,MED10,0.99949044
6175,GON4L,0.9984364
6176,PLCB3,0.99978554
6177,HMGCR,0.99986553
6178,PITX1,0.9999155
6179,NOC4L,0.99916196
6180,FARP2,0.9997308
6181,AGPAT5,0.99739283
6182,KPNA3,0.99915874
6183,POLL,0.99952817
6184,NCKIPSD,0.99942756
6185,SLC17A5,0.9984623
6186,TNC,0.99967396
6187,GMCL1,0.9979851
6188,TINF2,0.9985094
6189,STK16,0.99871206
6190,MAGEH1,0.9993881
6191,POLR2J3,0.9994574
6192,PTGR1,0.9997673
6193,ZNF330,0.99911445
6194,SEC22C,0.9991641
6195,SYNRG,0.9992192
6196,CHST15,0.9991554
6197,CDK5RAP2,0.9995262
6198,LMBR1,0.99864805
6199,DENND5A,0.9996115
6200,SLC16A1,0.9997931
6201,AP3M1,0.99951303
6202,SLC12A8,0.99959815
6203,EGR2,0.99958324
6204,RASEF,0.9999149
6205,RUVBL1,0.9991149
6206,NAT14,0.9992532
6207,ASCC3,0.99883693
6208,QSER1,0.99909693
6209,MTA2,0.9992343
6210,PLPBP,0.9992055
6211,TRIQK,0.9978195
6212,PIGK,0.9992615
6213,SLC35A1,0.9996675
6214,MMP19,0.9997027
6215,FIP1L1,0.99978125
6216,KDELR3,0.99920714
6217,TRIM31,0.9997964
6218,ACOT7,0.9985157
6219,COL7A1,0.9988301
6220,MKNK1,0.99969673
6221,DMAC2,0.99882436
6222,THNSL2,0.99820256
6223,ACACA,0.99790865
6224,ZNF622,0.99738926
6225,CCDC8,0.9994509
6226,DGLUCY,0.9990653
6227,EPHB6,0.998507
6228,SNX21,0.9973258
6229,UBE2E2,0.999659
6230,MPHOSPH10,0.9980541
6231,DAGLB,0.99937457
6232,RFFL,0.9997581
6233,USP39,0.99981123
6234,UPF2,0.9996704
6235,ZNF282,0.9990451
6236,ATL2,0.9997294
6237,COA6,0.99988866
6238,HPS4,0.99959874
6239,CCDC14,0.99931055
6240,MTX2,0.99963385
6241,TXNDC12,0.9994018
6242,LTF,0.9996104
6243,RELB,0.9992335
6244,TMPRSS3,0.9998704
6245,PGAP4,0.99988806
6246,FKBP15,0.99858487
6247,LCAT,0.99927825
6248,VIRMA,0.99866927
6249,GIMAP4,0.99970055
6250,HIBADH,0.9991579
6251,CRABP2,0.99981606
6252,TMTC3,0.9987896
6253,CHERP,0.99948794
6254,FCSK,0.9987185
6255,FTSJ3,0.9980403
6256,BMS1,0.99937606
6257,MAPK6,0.9993012
6258,FKBP7,0.99986947
6259,FAM122B,0.9993385
6260,NCDN,0.9995725
6261,NAPG,0.99674344
6262,DIS3,0.99973816
6263,ORC4,0.99958974
6264,HTRA2,0.99443674
6265,LSAMP,0.9994867
6266,TNPO3,0.997873
6267,BRI3BP,0.9990492
6268,RNF6,0.99947125
6269,TELO2,0.9992262
6270,RAB9A,0.99920297
6271,AGO1,0.9961083
6272,RGS16,0.9999336
6273,SLC37A3,0.9997217
6274,TMEM158,0.9998133
6275,NOXA1,0.99976057
6276,ZNF581,0.9978087
6277,SOCS6,0.9997013
6278,MTHFS,0.9996144
6279,EEF1AKNMT,0.99939144
6280,CHD6,0.99844694
6281,TNFRSF11B,0.99913234
6282,AKIP1,0.9971465
6283,RRM1,0.99913466
6284,FZD6,0.99919045
6285,TIMM44,0.99785423
6286,AC008397.1,0.99976367
6287,CXCL8,0.99698615
6288,ITGA4,0.99965596
6289,KLHDC10,0.99904525
6290,CAMK2G,0.99802005
6291,CCNB1IP1,0.998873
6292,CDS1,0.99992424
6293,PRXL2C,0.9997262
6294,MCUB,0.99943453
6295,SERTAD3,0.9996185
6296,TASOR2,0.99959093
6297,FLCN,0.9990293
6298,ODF2L,0.9972192
6299,IGFL2,0.99664193
6300,XPC,0.9981356
6301,TBC1D4,0.998204
6302,SOX13,0.9981308
6303,UBFD1,0.99920607
6304,HAT1,0.99956715
6305,OGFOD3,0.9986365
6306,TAF1C,0.9928703
6307,FARSB,0.998886
6308,ZNF22,0.998924
6309,FADS3,0.9991004
6310,CFAP298,0.99981475
6311,NOL4L,0.99922204
6312,AUTS2,0.9982197
6313,GFPT2,0.9995994
6314,PROCR,0.99929327
6315,GMIP,0.9996118
6316,SLC1A3,0.99973536
6317,FAM120B,0.99484265
6318,NID2,0.999835
6319,RGL1,0.99944293
6320,GAS2L1,0.9988999
6321,NPAS2,0.9998845
6322,TMEM18,0.99898803
6323,GPN1,0.9997605
6324,ZFAND1,0.9993527
6325,PIGC,0.9992688
6326,F10,0.9995761
6327,RNF38,0.99681836
6328,KDM3A,0.9997922
6329,B3GNT7,0.9998959
6330,ZYG11B,0.99848187
6331,CYTH4,0.9992111
6332,SBF2,0.999052
6333,PHACTR4,0.99943006
6334,JMJD6,0.99700785
6335,PODXL2,0.9992497
6336,RNMT,0.998172
6337,GSTO2,0.99984956
6338,CTNNBIP1,0.9987607
6339,TRIM41,0.99907744
6340,NIPAL2,0.9996352
6341,HDAC11,0.99932367
6342,DESI1,0.9991698
6343,MECOM,0.99989885
6344,TCAF1,0.99975866
6345,RDH14,0.9995781
6346,SCMH1,0.99911463
6347,ZNF518A,0.999547
6348,ZNHIT6,0.9992133
6349,GRK6,0.99817467
6350,CASP8,0.9997006
6351,DNTTIP2,0.9997954
6352,RASSF5,0.9977322
6353,USP20,0.99905616
6354,FUOM,0.99826676
6355,POP4,0.99881196
6356,HERPUD2,0.9991694
6357,LYRM4,0.9993154
6358,METTL23,0.99919844
6359,RASSF8,0.99844575
6360,CRTC1,0.9982368
6361,CHCHD3,0.9998567
6362,TMEM164,0.99938816
6363,DUSP16,0.99887544
6364,EEF2K,0.9974398
6365,CUL9,0.9992465
6366,PSKH1,0.9992159
6367,FADD,0.99973315
6368,MEN1,0.99915445
6369,PARVB,0.9986854
6370,GCLC,0.9983773
6371,PANK2,0.9983168
6372,ZC3H12A,0.99926275
6373,CEBPZ,0.9996438
6374,POP5,0.99865395
6375,GAB1,0.9995243
6376,MAST3,0.9987223
6377,NMRK1,0.99936366
6378,TFIP11,0.99902374
6379,H2AX,0.997423
6380,FAM207A,0.996555
6381,EGLN3,0.9999068
6382,APOLD1,0.9977709
6383,COMMD1,0.99768764
6384,GP2,0.9948589
6385,LACTB2,0.99990857
6386,GNG2,0.99882686
6387,UBN1,0.998588
6388,SEMA4C,0.99745023
6389,FYCO1,0.9973123
6390,FGFR4,0.9969543
6391,VPS13A,0.99907994
6392,RFC1,0.9992987
6393,POLR3GL,0.99925685
6394,HNF1B,0.9988266
6395,FLNC,0.9998373
6396,MLH1,0.99938697
6397,AP3M2,0.99965
6398,FAHD1,0.99903804
6399,NAB2,0.99781126
6400,VBP1,0.9994989
6401,DPP3,0.9990767
6402,STOML1,0.99861443
6403,ROBO1,0.99946916
6404,USP40,0.99961543
6405,CCDC167,0.9980089
6406,PGM2L1,0.99975556
6407,SLF2,0.99914455
6408,ZNF768,0.9960455
6409,CTRC,0.9991216
6410,PAPLN,0.9967843
6411,ARHGAP32,0.9998278
6412,VPS9D1,0.9990438
6413,ID4,0.9920423
6414,EML2,0.9998546
6415,SEC14L2,0.99977744
6416,TRIM11,0.9992823
6417,VPS52,0.9979502
6418,HKDC1,0.9997975
6419,MCOLN1,0.9997175
6420,CHST3,0.99961275
6421,LSM6,0.9995122
6422,VPS18,0.9983406
6423,WDR75,0.99899346
6424,DENND3,0.9987273
6425,MUC17,0.9997123
6426,IL10RA,0.9992201
6427,ALYREF,0.99772584
6428,PDZRN3,0.99965286
6429,PTCH1,0.9991933
6430,LARP4,0.9995569
6431,PLK3,0.99904215
6432,TCEAL1,0.99922574
6433,GRK3,0.9993725
6434,MEGF9,0.99918294
6435,SLC39A10,0.99779093
6436,VAMP7,0.99553823
6437,PATZ1,0.9996353
6438,NUP160,0.99840707
6439,COA5,0.9992558
6440,RBM7,0.99827534
6441,USP25,0.99903226
6442,ZFP90,0.9985137
6443,SLC48A1,0.99928015
6444,DCBLD1,0.9995568
6445,CEP89,0.99948275
6446,DNASE1L1,0.9997471
6447,PRKCI,0.9996679
6448,COMMD5,0.9989821
6449,ZNF688,0.9982918
6450,CHRD,0.99946606
6451,DNMBP,0.9994163
6452,DFFA,0.99622667
6453,SH2B3,0.99931335
6454,PHRF1,0.9976805
6455,MSL3,0.99884653
6456,SRGAP1,0.99840194
6457,HERC1,0.99827456
6458,IRF2,0.9980659
6459,IFIH1,0.999788
6460,ST6GALNAC4,0.9993701
6461,AEBP2,0.99959886
6462,MEIS2,0.99964976
6463,SMO,0.9998313
6464,TENT2,0.9993593
6465,STN1,0.99950325
6466,PRICKLE2,0.99967384
6467,JAG2,0.99775517
6468,CCDC84,0.99821365
6469,ZNHIT3,0.99974084
6470,SGPP1,0.9990684
6471,USP16,0.99736154
6472,MED12,0.99952424
6473,RAB17,0.99917746
6474,CUL5,0.99891704
6475,LAGE3,0.999244
6476,SYT7,0.9997506
6477,SSH2,0.9993347
6478,ANKRD28,0.9986825
6479,CSTF3,0.9990456
6480,SMG6,0.99933666
6481,TMEM130,0.99895287
6482,JAML,0.99917346
6483,BDP1,0.99870014
6484,STAG1,0.9995785
6485,SNCG,0.9997828
6486,EPC1,0.9979973
6487,RILPL2,0.9986415
6488,GNL2,0.9997211
6489,OSBPL3,0.9995355
6490,TNKS,0.9983639
6491,SPIDR,0.99814343
6492,STAMBP,0.9996193
6493,MRPL50,0.99973583
6494,FA2H,0.99980825
6495,NUP93,0.99820817
6496,BTBD7,0.99937075
6497,PELO,0.9995883
6498,SIK3,0.9989741
6499,STS,0.999463
6500,FRYL,0.9996575
6501,TPST1,0.9996728
6502,ST3GAL4,0.99921286
6503,RORA,0.999721
6504,MAOB,0.9990975
6505,MED22,0.99832606
6506,PFDN6,0.9985586
6507,ACTL6A,0.9990286
6508,GPC4,0.9975474
6509,RNF135,0.9990684
6510,MYO5B,0.99990016
6511,SNX10,0.9991126
6512,FXR2,0.99863666
6513,KLC4,0.99952567
6514,PHC1,0.99777085
6515,CKS2,0.9999434
6516,GDA,0.99988407
6517,MAP3K12,0.99925375
6518,RCAN1,0.99827087
6519,TAFA5,0.9998336
6520,RAP1GAP2,0.9989839
6521,SOS2,0.9988716
6522,PAFAH1B3,0.99714565
6523,HOMER2,0.99803483
6524,ACER3,0.99814665
6525,MTSS1,0.9990281
6526,PSD3,0.99906325
6527,KDM4B,0.9986134
6528,EBAG9,0.99926764
6529,MINPP1,0.99925345
6530,TSHZ1,0.99745524
6531,TRIM33,0.99904954
6532,IL15RA,0.99951017
6533,SPIRE1,0.9993979
6534,ZFX,0.9964921
6535,NCKAP1L,0.99972534
6536,TBX3,0.9993009
6537,RNF217,0.9994051
6538,SLC35A2,0.9998132
6539,SLC11A1,0.9987999
6540,FZD2,0.9995176
6541,VPS11,0.998633
6542,ZNF644,0.9988995
6543,SLC35A5,0.9984081
6544,UBXN2B,0.99784064
6545,MROH6,0.9986189
6546,RAB40C,0.99935865
6547,OLR1,0.9992551
6548,PCDH18,0.99867654
6549,ENGASE,0.99952924
6550,MIIP,0.99909186
6551,PIK3C3,0.99807453
6552,LSS,0.9990386
6553,PIK3R2,0.999439
6554,DCAF13,0.99942935
6555,NCEH1,0.99844104
6556,VDR,0.99922484
6557,EEF1A2,0.9998696
6558,ENTR1,0.99939036
6559,DCK,0.99876726
6560,NPR3,0.9997859
6561,MAD2L2,0.99903476
6562,NDEL1,0.99937963
6563,DCHS1,0.99979657
6564,ACD,0.99845093
6565,ZNF516,0.9981376
6566,RBM38,0.9983454
6567,RGS11,0.99878913
6568,EVA1C,0.9985766
6569,IQCE,0.9998388
6570,SMPDL3A,0.99964106
6571,SLC6A20,0.9993438
6572,CTNNAL1,0.9992627
6573,NLGN2,0.9996315
6574,CMTM4,0.99895066
6575,USP19,0.99814755
6576,TRUB2,0.9989284
6577,GCLM,0.99935716
6578,KIAA0232,0.99943274
6579,LEMD3,0.9991546
6580,KIAA1755,0.99825656
6581,FASTKD2,0.9992082
6582,AHDC1,0.9990564
6583,SAP25,0.99862945
6584,SMIM24,0.9994956
6585,CTCF,0.9994433
6586,H2AC6,0.99962467
6587,AP3S2,0.9992585
6588,KMT5A,0.99927324
6589,TCTA,0.99909973
6590,TOM1L2,0.9978702
6591,THEMIS2,0.9996348
6592,FAM160B1,0.9976399
6593,TEAD2,0.9987924
6594,CYP20A1,0.9984877
6595,GPD2,0.99990463
6596,SRPK1,0.9998956
6597,XRCC1,0.9990721
6598,FGD3,0.99938464
6599,ZFYVE19,0.99872375
6600,GOSR1,0.9991736
6601,RICTOR,0.99930793
6602,ADAM33,0.9996884
6603,OTULINL,0.9997549
6604,NIPSNAP3A,0.99885774
6605,FNIP1,0.99850607
6606,CASP1,0.99782836
6607,CARD8,0.99899775
6608,ANKRD50,0.99964714
6609,SORD,0.999737
6610,ACCS,0.99899596
6611,ME3,0.99556017
6612,RUNX1T1,0.99806523
6613,BSDC1,0.99944377
6614,OFD1,0.9998064
6615,SECISBP2L,0.9986223
6616,PARVG,0.99966156
6617,ACOT13,0.99782133
6618,STXBP5,0.99882644
6619,OGN,0.9997323
6620,SKA2,0.99914604
6621,LATS2,0.9983532
6622,GUCY1A1,0.999133
6623,NAXD,0.999521
6624,CALHM2,0.99784285
6625,TIMM10B,0.99955744
6626,PPIL4,0.9977261
6627,FBXL17,0.99874544
6628,MED8,0.99925494
6629,PRR5,0.9990547
6630,ATG7,0.9992558
6631,GALM,0.99958336
6632,YDJC,0.9992681
6633,MEIS3,0.9998795
6634,FGF7,0.9996268
6635,MRPL19,0.99970484
6636,ZNF263,0.999578
6637,CBY1,0.99908876
6638,TMEM70,0.9996736
6639,AC118549.1,0.9978308
6640,ING4,0.99920666
6641,SCAMP5,0.99937624
6642,CHD1,0.9996138
6643,SPRY4,0.9987395
6644,GRB7,0.9996339
6645,POLR3C,0.99780583
6646,VPS53,0.9958391
6647,MOCS2,0.9991057
6648,CYB561D2,0.9985894
6649,MACROD1,0.9989965
6650,RSRC1,0.999494
6651,RAE1,0.9963927
6652,DIP2A,0.9990234
6653,TBC1D9,0.99913615
6654,MAFF,0.999819
6655,DDX19B,0.99701893
6656,GDF15,0.9962761
6657,PAGR1,0.99914944
6658,EIF2D,0.9992677
6659,DNAJC2,0.9981723
6660,RFLNA,0.9992503
6661,LYPLAL1,0.99966717
6662,DUSP4,0.9998441
6663,COG8,0.9996077
6664,BTBD3,0.9984343
6665,GTF2F2,0.9984583
6666,ZNF395,0.9993347
6667,PHYHIP,0.9995916
6668,PIGX,0.99976563
6669,MORC3,0.9972966
6670,CHI3L1,0.9921404
6671,BAZ1A,0.9995827
6672,TANC2,0.99907994
6673,THSD4,0.99906826
6674,ITPKB,0.9978435
6675,MZT1,0.9990249
6676,EMILIN2,0.9997562
6677,NCKAP5L,0.9992224
6678,RC3H1,0.9985484
6679,KRCC1,0.9995284
6680,KCNMA1,0.99992514
6681,CARD16,0.998506
6682,SYNGR1,0.99620646
6683,CCL18,0.99802685
6684,HIVEP2,0.99869037
6685,TRAPPC8,0.99901825
6686,UBLCP1,0.9995176
6687,DHX29,0.9995879
6688,MOAP1,0.99910784
6689,GBP1,0.99811935
6690,GATC,0.9993522
6691,PRR12,0.99803776
6692,SLC31A1,0.99895346
6693,DDX60L,0.9997299
6694,TECPR1,0.9993709
6695,ATR,0.9992659
6696,TMEM60,0.9991859
6697,MAML2,0.998086
6698,RPF2,0.99747956
6699,JAK2,0.9991969
6700,PATJ,0.9998232
6701,SNAP29,0.99834526
6702,COPS4,0.9986266
6703,ZNF668,0.99975145
6704,RHPN2,0.99987715
6705,SLFN11,0.999477
6706,CAPRIN2,0.9996455
6707,POP7,0.9968413
6708,OTUD7B,0.99850154
6709,OTUD1,0.99744225
6710,ATXN3,0.9969169
6711,CTR9,0.9993631
6712,FEM1C,0.99950564
6713,RPE,0.99942476
6714,PPARD,0.9989506
6715,SNX13,0.9996003
6716,C11orf54,0.99931747
6717,MRPS30,0.9996304
6718,MRTO4,0.99618626
6719,SNAP47,0.9982769
6720,RAPGEF2,0.9974664
6721,WDFY3,0.9982277
6722,NUDT2,0.9970708
6723,LGALS2,0.9942035
6724,CPED1,0.998404
6725,STK3,0.999043
6726,NR2C1,0.99866027
6727,LAS1L,0.99779093
6728,GAR1,0.99878824
6729,PLA2G1B,0.99469453
6730,GNL3L,0.997105
6731,PGAM5,0.9995289
6732,ZNRF1,0.9996289
6733,SLCO3A1,0.9978667
6734,SFXN1,0.99939114
6735,CHMP4C,0.9999581
6736,ULK3,0.9994239
6737,NEPRO,0.99976355
6738,RCBTB2,0.99929225
6739,NEDD4L,0.9989511
6740,PLAGL1,0.9986415
6741,ZBTB41,0.9989935
6742,FBXO34,0.9999
6743,TMEM161A,0.99889845
6744,ATF5,0.9990364
6745,SLC18B1,0.99939245
6746,SH3BP5,0.9985805
6747,MAPK8,0.9991576
6748,TNRC6C,0.99879324
6749,KLK6,0.99972683
6750,TMEM185A,0.9986077
6751,NUDCD2,0.99894637
6752,RHBDD3,0.9976785
6753,MTMR12,0.99813855
6754,HAGHL,0.99921346
6755,DAAM1,0.9997034
6756,DUSP5,0.9977081
6757,LZTS1,0.99868053
6758,CDC40,0.99642587
6759,TRIM13,0.9987296
6760,FBXO42,0.99907213
6761,SHISA4,0.9995167
6762,ARID4A,0.9980564
6763,STXBP1,0.99841124
6764,MSRB1,0.99410796
6765,SOCS5,0.99758077
6766,ZDHHC14,0.99864376
6767,KATNBL1,0.9991699
6768,CASP7,0.9994697
6769,TSPYL4,0.9982398
6770,CPA2,0.9993434
6771,DENND11,0.99951196
6772,OSBPL10,0.9987167
6773,PRKRIP1,0.99754775
6774,UBE3B,0.99650395
6775,ATP10B,0.9999068
6776,VCPIP1,0.9973211
6777,KCNAB2,0.9996563
6778,CNOT6,0.9993614
6779,AQR,0.9994968
6780,CLEC7A,0.99933034
6781,MAP3K1,0.99921703
6782,KCTD17,0.99771345
6783,TRIM16,0.9998259
6784,NFU1,0.99808747
6785,SIAH1,0.99866503
6786,MOK,0.99879754
6787,ZBTB8OS,0.99918556
6788,GJA4,0.9991593
6789,ACVR2A,0.9976297
6790,RANGRF,0.9978416
6791,PAG1,0.9993107
6792,ADAMTS12,0.99979776
6793,TTC19,0.9991257
6794,UBR1,0.99918914
6795,CYP7B1,0.99775404
6796,FCHSD2,0.9978904
6797,DLK1,0.99979293
6798,MICAL3,0.9989903
6799,HABP4,0.999446
6800,GRAMD4,0.9991388
6801,CLDN15,0.9988059
6802,IGSF6,0.9997375
6803,HOXB7,0.9998017
6804,PNLIP,0.9995247
6805,AKAP8,0.9990016
6806,RNF2,0.99914736
6807,FAM135A,0.9987407
6808,MIGA2,0.99843365
6809,FAM98C,0.99903
6810,LMO2,0.9995848
6811,MARK4,0.9914957
6812,GRAMD2B,0.9996181
6813,AP5M1,0.9987618
6814,REXO1,0.9964936
6815,ITGAE,0.99868053
6816,FAM104A,0.99946916
6817,ICAM3,0.9994317
6818,OGFOD1,0.9994099
6819,AGO4,0.9980133
6820,GBP4,0.9996666
6821,TRAF3IP2,0.9966673
6822,MIEF1,0.99705505
6823,PADI1,0.9999
6824,XPR1,0.99947274
6825,TRPM7,0.9991994
6826,UCK2,0.99929523
6827,BBS2,0.9991135
6828,CMKLR1,0.99895144
6829,MAP9,0.99939275
6830,MBOAT1,0.9997054
6831,RMND5B,0.9989574
6832,TRIAP1,0.9989046
6833,MAGI1,0.9994819
6834,MED21,0.9994715
6835,COPS7B,0.9974824
6836,WRNIP1,0.999218
6837,ACACB,0.998278
6838,NOX4,0.9995425
6839,KRI1,0.9993597
6840,MPI,0.99486387
6841,PPP2R3C,0.9993544
6842,ZNRF2,0.9996454
6843,SPOCK2,0.9991047
6844,MRPL44,0.99978316
6845,B3GALT4,0.99686235
6846,SIAH2,0.9972203
6847,SEPTIN4,0.9984954
6848,GMPPB,0.99724567
6849,UFL1,0.9985152
6850,SLC4A7,0.99814063
6851,MIGA1,0.99943006
6852,WDR36,0.9991608
6853,LIMCH1,0.9988729
6854,VIL1,0.99976754
6855,SWI5,0.99699205
6856,LRCH3,0.9987678
6857,CCDC82,0.9984813
6858,ARL5B,0.99928266
6859,USP12,0.99709046
6860,TUBG2,0.99856347
6861,TOR1B,0.999888
6862,RECK,0.9998634
6863,DACT1,0.99929243
6864,SAMD8,0.9991723
6865,EIF4E3,0.99833995
6866,SDR16C5,0.9998162
6867,NAT9,0.99919844
6868,TPD52L1,0.99959683
6869,GUCY1B1,0.9985667
6870,RECQL5,0.99701834
6871,MKKS,0.9956608
6872,ELP3,0.9981138
6873,THAP11,0.99596703
6874,GPR34,0.99763846
6875,TLNRD1,0.9984261
6876,NFKBIL1,0.999177
6877,ATG2B,0.99850106
6878,COX19,0.99966806
6879,KRT6B,0.9976617
6880,FAM8A1,0.9985205
6881,SUDS3,0.9988495
6882,GTF2B,0.999418
6883,DHX32,0.9997611
6884,ELP5,0.99907744
6885,PLRG1,0.99880356
6886,CLEC2D,0.9992472
6887,TMEM140,0.996142
6888,EZH1,0.9987706
6889,ADAMTS4,0.99987227
6890,DGCR8,0.99925697
6891,ARHGEF3,0.99924266
6892,EFNA5,0.99988616
6893,METTL3,0.9990538
6894,TXNDC9,0.99867296
6895,ZBTB17,0.99766576
6896,LPXN,0.9987929
6897,RRM2B,0.99938554
6898,REEP4,0.99826485
6899,PPFIBP2,0.9977488
6900,STK11IP,0.99920714
6901,GAS8,0.99522847
6902,MEX3C,0.99845433
6903,COQ5,0.99914455
6904,DENND1A,0.9979061
6905,RBFA,0.99912363
6906,MYOM1,0.9880742
6907,B3GNT9,0.99719036
6908,INTS6,0.9990534
6909,ARHGAP30,0.99966395
6910,HSPB11,0.99882513
6911,SLC30A6,0.99896646
6912,ZZEF1,0.9988483
6913,DRAM1,0.9986912
6914,FERMT1,0.99991524
6915,B3GNT5,0.9996555
6916,AGGF1,0.9958966
6917,RPIA,0.9986575
6918,MIF4GD,0.9985693
6919,RCAN2,0.9994168
6920,CSRP2,0.9990522
6921,MTURN,0.99834824
6922,SPATA13,0.9991228
6923,MEGF8,0.99745697
6924,ZBTB11,0.99874294
6925,RPP30,0.99843067
6926,PCK2,0.9997732
6927,BCL2L2,0.9996812
6928,ZADH2,0.99951464
6929,PRKAR1B,0.99836266
6930,BMP2,0.99978524
6931,AGT,0.9992602
6932,GTF2E2,0.99911904
6933,USP54,0.9998275
6934,BPNT1,0.9996978
6935,SGSH,0.99867064
6936,SETDB1,0.9986192
6937,NOL9,0.99903846
6938,PIAS4,0.9967307
6939,KIAA1324,0.9979677
6940,CASKIN2,0.9978032
6941,SOX18,0.99887323
6942,VSTM4,0.9992641
6943,MTHFD1L,0.9989933
6944,DHX37,0.9984987
6945,CDR2L,0.99919736
6946,HMG20A,0.9968964
6947,SERTAD2,0.9966916
6948,RNF138,0.99913514
6949,CCDC91,0.99649763
6950,LMF1,0.99878454
6951,SAMD4A,0.9990893
6952,PLD2,0.99711764
6953,PPP1R8,0.9987812
6954,FAM98A,0.9979766
6955,NR2C2,0.99702966
6956,AASDHPPT,0.9987996
6957,UBD,0.99976397
6958,SENP7,0.99831474
6959,EEF1A1,0.9988556
6960,NFIL3,0.9992871
6961,ERC1,0.9991902
6962,CYS1,0.99894273
6963,PRKAB2,0.9994771
6964,KIAA1143,0.99914736
6965,NECAB3,0.99936354
6966,KIF26B,0.9998484
6967,SPAG16,0.99949074
6968,UCHL5,0.998233
6969,C6orf47,0.9991478
6970,LAMC3,0.9973091
6971,CHST14,0.99948984
6972,CDK12,0.99934864
6973,RMDN1,0.99859244
6974,CDK17,0.99869335
6975,SLC16A5,0.99992704
6976,OCEL1,0.99963164
6977,SPATC1L,0.9996537
6978,ZNF609,0.997882
6979,FBXO38,0.99883604
6980,RNF14,0.99820703
6981,PTPRB,0.9994377
6982,TUSC1,0.9993073
6983,CD109,0.998924
6984,ISG20L2,0.9995716
6985,BTBD10,0.9998466
6986,BOLA3,0.9997027
6987,PPARG,0.99984264
6988,CCNH,0.9985472
6989,COMMD10,0.99860275
6990,WDR48,0.9983508
6991,DNAJC1,0.99947363
6992,DCP1A,0.9953696
6993,ANKRD6,0.99973005
6994,ERCC3,0.99915457
6995,FXYD1,0.99848616
6996,NFKBIE,0.99916065
6997,PPIH,0.9991641
6998,TATDN1,0.99849766
6999,DHCR7,0.99934787
7000,TANC1,0.999158
7001,UBXN7,0.99726516
7002,VAMP4,0.9990646
7003,FAM98B,0.99562967
7004,CAMK1D,0.9994142
7005,C2CD5,0.9969432
7006,NCALD,0.9995468
7007,RASA2,0.99701583
7008,TRPV6,0.99849313
7009,COL27A1,0.99923307
7010,GTF3C3,0.99928325
7011,KLC2,0.99828637
7012,RGS19,0.999111
7013,MALT1,0.9994046
7014,RAB40B,0.99987984
7015,AC010422.8,0.9995381
7016,PPID,0.9987875
7017,C6,0.9915446
7018,RAB24,0.9995074
7019,VPS37C,0.99881196
7020,ZNF362,0.9985844
7021,MRPL48,0.9982747
7022,VPS54,0.9976969
7023,SEMA4G,0.99984115
7024,CLASP2,0.99878037
7025,NOL11,0.99949837
7026,SENP2,0.9992104
7027,ISCA2,0.9984648
7028,TGFB2,0.9994953
7029,WDR59,0.99919224
7030,B4GALNT3,0.99967587
7031,UNK,0.995208
7032,FAM126B,0.99966675
7033,FKBP11,0.99792194
7034,ANKRD22,0.99950755
7035,EIF2AK4,0.9978489
7036,PIGP,0.99939114
7037,IFITM1,0.99978
7038,LY86,0.99760944
7039,PAN2,0.9978269
7040,TANGO2,0.9988462
7041,DKC1,0.9995737
7042,PNPLA8,0.99904746
7043,ELP1,0.99912035
7044,PMM1,0.99859345
7045,DDX52,0.99943405
7046,NFKBIB,0.9990238
7047,AAGAB,0.99931633
7048,TSC1,0.99857956
7049,RAVER1,0.9981332
7050,HOXB5,0.998732
7051,EPB41L4B,0.9997562
7052,MIS18BP1,0.9994893
7053,CTDSPL2,0.9989845
7054,CDA,0.9997914
7055,CMC2,0.99919385
7056,BTN2A1,0.9970771
7057,SFI1,0.99847025
7058,ZNF512B,0.9993402
7059,ICE2,0.9981016
7060,ZNF770,0.9993504
7061,ZNF783,0.9985466
7062,RNF169,0.99556553
7063,WDR41,0.998312
7064,DIMT1,0.9989846
7065,RFX5,0.99918896
7066,WAS,0.99961406
7067,SARM1,0.9955279
7068,TDP2,0.9983308
7069,HDHD2,0.9979519
7070,TDG,0.9988194
7071,DHX16,0.99728835
7072,DCAF10,0.99887455
7073,CACNA1H,0.99722993
7074,CCHCR1,0.9994039
7075,CLOCK,0.99876064
7076,PAK4,0.9995948
7077,ABCA8,0.99789274
7078,INO80D,0.99886334
7079,AMBRA1,0.9990218
7080,KDM6B,0.9980959
7081,GPANK1,0.9956119
7082,GLCE,0.9980197
7083,C15orf61,0.99833333
7084,HSD11B2,0.9997885
7085,MRPL1,0.9978603
7086,SPOPL,0.9988318
7087,MTERF4,0.9986298
7088,GOLGA8N,0.999775
7089,MRGPRF,0.99965197
7090,ASB6,0.9989809
7091,ETV4,0.9996055
7092,MACO1,0.99578977
7093,RRNAD1,0.99970925
7094,TMEM41A,0.99931824
7095,NUP133,0.999223
7096,PDGFRL,0.9996116
7097,LMTK2,0.99954444
7098,RIPK4,0.9992501
7099,RRN3,0.9993021
7100,NUAK1,0.9999018
7101,WEE1,0.99982435
7102,DENND6B,0.9993186
7103,TMEM64,0.9980749
7104,IL1R2,0.99981487
7105,MRPL35,0.99962467
7106,SCAF8,0.99844766
7107,CDC5L,0.996217
7108,PPM1K,0.999198
7109,UBXN11,0.9928264
7110,RMC1,0.9998429
7111,RAB11FIP2,0.9990134
7112,SMYD2,0.99943054
7113,TENT4A,0.9985287
7114,WDR77,0.999491
7115,NELFA,0.9995297
7116,TFAM,0.99928474
7117,TUT4,0.99905086
7118,PER3,0.9987653
7119,NCAPD2,0.99937165
7120,SEMA6B,0.9997454
7121,STX2,0.9993567
7122,CUL2,0.99778146
7123,RNF41,0.9993629
7124,ZNF264,0.9976828
7125,ABHD10,0.9973777
7126,CRLF1,0.99864006
7127,DLG5,0.9995399
7128,TRIM5,0.99978137
7129,TUT7,0.99943805
7130,MAP3K4,0.99867785
7131,FNDC10,0.99923885
7132,KALRN,0.99894005
7133,FAM13B,0.9971372
7134,MRI1,0.99748623
7135,EIF1AD,0.9990434
7136,TGFA,0.9999127
7137,LSG1,0.9993527
7138,ATG5,0.9991732
7139,ZMYM3,0.9989178
7140,IFT122,0.9979922
7141,ADM,0.9998749
7142,SETD1A,0.9975755
7143,IFT22,0.99924093
7144,RRAS2,0.99966604
7145,SDSL,0.9988361
7146,ZCCHC10,0.9994596
7147,NIBAN1,0.99897134
7148,PLEKHS1,0.9991554
7149,SPATS2,0.99855083
7150,RHOT1,0.9982519
7151,ABHD13,0.9991859
7152,PSMD5,0.99950695
7153,ERCC2,0.9963517
7154,HMCN1,0.9998692
7155,MTARC2,0.99920297
7156,TYSND1,0.9956411
7157,WNK2,0.9977883
7158,DOK1,0.9984926
7159,UTP4,0.99951065
7160,TGIF2,0.9993958
7161,TEPSIN,0.9992914
7162,UNC5CL,0.9987956
7163,GTF2H3,0.9989368
7164,FOXA3,0.99992156
7165,PRICKLE1,0.99982846
7166,RWDD4,0.99918956
7167,TEX2,0.99468154
7168,ME2,0.99927473
7169,MPDZ,0.99960434
7170,WRAP73,0.99852073
7171,DMXL2,0.9989017
7172,FZD7,0.99892676
7173,DDX58,0.9998542
7174,TKFC,0.99958116
7175,PIDD1,0.9985753
7176,EED,0.99937475
7177,SLC25A26,0.9991497
7178,CPNE2,0.99731374
7179,CHCHD6,0.99900836
7180,IFI27L1,0.9990346
7181,SLC25A38,0.9976913
7182,RALGPS2,0.9993361
7183,LILRB4,0.99937594
7184,GGT6,0.99971175
7185,DLAT,0.99936366
7186,BMF,0.99871916
7187,ZNF302,0.9976351
7188,ZNF394,0.9995072
7189,KANK1,0.99849594
7190,TTC31,0.999412
7191,TBK1,0.9984535
7192,LRRC1,0.9994731
7193,TACC2,0.9998256
7194,UBE4B,0.99659926
7195,CREM,0.99894094
7196,NRARP,0.9995151
7197,ZNF639,0.99965924
7198,FMO2,0.995403
7199,AKTIP,0.99817526
7200,DNAJB4,0.9995862
7201,TLR4,0.9990839
7202,DPH7,0.9977711
7203,TNFAIP8,0.99838257
7204,BIK,0.9999069
7205,UTP3,0.99823815
7206,MCM5,0.9981843
7207,TNIK,0.9991335
7208,PRPS1,0.9988274
7209,RUBCN,0.99872637
7210,NT5DC1,0.99855816
7211,EXOSC1,0.9994322
7212,MFHAS1,0.99529034
7213,DDX19A,0.9990051
7214,CLK4,0.99905646
7215,FZD8,0.99651057
7216,KDM2B,0.9971567
7217,CELA3B,0.9991373
7218,FGD6,0.999662
7219,NEIL2,0.99892455
7220,FLI1,0.9992323
7221,RBMX2,0.9987858
7222,APTX,0.9984572
7223,TMEM170A,0.9988597
7224,STEAP1,0.9997618
7225,VPS26C,0.9984633
7226,CLCC1,0.9995011
7227,SPTY2D1,0.99958515
7228,ADCK2,0.9987945
7229,DYNC2LI1,0.99366164
7230,SEPTIN1,0.99891007
7231,LACTB,0.9989268
7232,C1GALT1C1,0.99964356
7233,TMEM128,0.99719656
7234,PCNX2,0.99824184
7235,BLOC1S4,0.99938357
7236,KLHL12,0.99947244
7237,RUNDC1,0.9995136
7238,POF1B,0.99981266
7239,ZNF280D,0.9962844
7240,DOT1L,0.99893963
7241,FRK,0.99702156
7242,ANKS3,0.998161
7243,C6orf132,0.9988473
7244,CEP164,0.99476475
7245,FAM3B,0.99945784
7246,RERG,0.99926037
7247,UNC119B,0.99939644
7248,FMO5,0.99913615
7249,FAM222B,0.9988342
7250,IGLL5,0.9997635
7251,SUGCT,0.9991143
7252,SBNO1,0.99631643
7253,KIAA2026,0.998021
7254,LYRM1,0.9951624
7255,TRIM4,0.99948275
7256,ASXL2,0.9993454
7257,PPAN,0.9989477
7258,TSEN15,0.9996462
7259,IRGQ,0.99887484
7260,PRKCZ,0.99942416
7261,KLHDC4,0.99795604
7262,MAN1C1,0.9973389
7263,SUGP1,0.9951033
7264,CDHR2,0.99994564
7265,CEACAM7,0.9999287
7266,RAP2C,0.99934924
7267,PDRG1,0.9992903
7268,CGNL1,0.9976792
7269,CERS4,0.99895954
7270,VPS45,0.99971217
7271,NAIP,0.9993557
7272,ZMAT5,0.99515957
7273,PKP2,0.999154
7274,ING1,0.9987891
7275,SASH1,0.99732757
7276,SH2D4A,0.9998058
7277,ABCD1,0.99669725
7278,TJAP1,0.99650985
7279,PPP1R21,0.9984124
7280,FBXO8,0.99902374
7281,IL1RAP,0.9993928
7282,TRNAU1AP,0.9986093
7283,TGFBR3,0.99912006
7284,GLI4,0.99805605
7285,NKAPD1,0.9985068
7286,AHI1,0.99801314
7287,NSMCE4A,0.999632
7288,SLC7A6,0.9989543
7289,FAM118A,0.9979111
7290,MIER2,0.9976902
7291,SLAMF8,0.9996722
7292,NSMAF,0.9990016
7293,SDE2,0.9997914
7294,ABI3,0.9972891
7295,CTDP1,0.9968614
7296,EVPL,0.99984443
7297,GPR137B,0.998366
7298,ZCCHC17,0.99797666
7299,FUT4,0.99850667
7300,NOL8,0.9995774
7301,AACS,0.999445
7302,BBC3,0.9975492
7303,TTL,0.9992272
7304,SNX11,0.9952543
7305,LRSAM1,0.9993541
7306,COPS3,0.9993082
7307,TRRAP,0.9993976
7308,DPCD,0.9990226
7309,NEGR1,0.9984718
7310,ZNF326,0.9981996
7311,TSR1,0.9992059
7312,PAXBP1,0.9976634
7313,PHKA2,0.99738115
7314,LYRM2,0.99905866
7315,MSL2,0.9982927
7316,STX17,0.99887437
7317,PGGT1B,0.9978832
7318,FBXL19,0.99691534
7319,PIAS2,0.99912256
7320,DEPTOR,0.99865544
7321,RTN2,0.99943745
7322,MYO5A,0.9989585
7323,SECISBP2,0.99870443
7324,ZNF692,0.9995588
7325,CUL7,0.9983871
7326,NADK2,0.9975813
7327,KDM4A,0.9992946
7328,DBP,0.9996003
7329,YIPF1,0.99808896
7330,PPP1R3B,0.99918216
7331,BTD,0.9981967
7332,CDH5,0.9995067
7333,PIP5K1A,0.99949574
7334,OSGIN2,0.99892867
7335,SEMA3F,0.9993452
7336,RNF111,0.99928576
7337,ZBTB10,0.9988472
7338,GART,0.99855256
7339,ACAD9,0.9992943
7340,PLEKHB1,0.99820864
7341,SP110,0.9993252
7342,WDR60,0.9993317
7343,REXO4,0.99887806
7344,SLC19A2,0.99895436
7345,ZNF506,0.9987308
7346,ANAPC1,0.9995126
7347,MTMR10,0.99816084
7348,SCN7A,0.9997295
7349,CPT1C,0.99866885
7350,SMC6,0.9983785
7351,NFASC,0.99564314
7352,AP1AR,0.9996756
7353,ATAD3A,0.9994095
7354,PRAG1,0.9961752
7355,NYNRIN,0.9987757
7356,C1orf52,0.9991447
7357,KLHL5,0.99881035
7358,LRFN3,0.99935186
7359,MYO7B,0.9992826
7360,CAPN10,0.9939456
7361,RDH13,0.99953425
7362,RBM18,0.9985217
7363,RP2,0.9991114
7364,ANAPC4,0.9985224
7365,SEH1L,0.99922156
7366,BAIAP3,0.9998597
7367,RAB2B,0.9994664
7368,TMEM254,0.9991913
7369,RSAD1,0.99916786
7370,ZNF3,0.9993937
7371,TMCC1,0.99949443
7372,OLFML1,0.9996731
7373,TM4SF5,0.9992491
7374,FAHD2A,0.99940395
7375,EPB41L3,0.998889
7376,LRRC75A,0.99931985
7377,DHX58,0.99922144
7378,FKBP1B,0.99948955
7379,MPND,0.9984058
7380,SDAD1,0.9988008
7381,MYO5C,0.9997943
7382,DHRS4L2,0.9987851
7383,N4BP2L1,0.99835557
7384,MRPL30,0.99898666
7385,SNX7,0.9996098
7386,CCDC59,0.9992095
7387,RNF24,0.9993805
7388,DCUN1D5,0.9976353
7389,FGFRL1,0.99964964
7390,MRPL45,0.9995347
7391,POLR2D,0.99896896
7392,NFATC1,0.9992353
7393,XPO5,0.9968953
7394,PPP1R13B,0.9989143
7395,CCNQ,0.9973178
7396,ZMYM6,0.9993715
7397,ATRN,0.9985572
7398,RAPGEF3,0.9993413
7399,POLR3D,0.99884826
7400,ZNF511,0.99899656
7401,CCDC137,0.9995911
7402,CILP2,0.9994941
7403,SLC6A14,0.9996677
7404,ITPR1,0.9996946
7405,OLFML2A,0.9994894
7406,RFX1,0.9988063
7407,FGD5,0.9993843
7408,LRG1,0.99943316
7409,PNPT1,0.99973506
7410,LMAN2L,0.9984806
7411,HDAC6,0.99862957
7412,ABLIM3,0.9995595
7413,RABL3,0.9941675
7414,ATG16L2,0.9970215
7415,PIGO,0.9970093
7416,PTPRE,0.9990251
7417,NR1D2,0.99951136
7418,PIGF,0.99892485
7419,PATL1,0.9996764
7420,GDPD3,0.99965745
7421,MORN2,0.99917245
7422,TRAF2,0.99814576
7423,STAU2,0.9920099
7424,NCBP1,0.9983198
7425,NQO2,0.9965233
7426,CEP63,0.9995291
7427,F5,0.99816597
7428,S100PBP,0.99939615
7429,CD84,0.99925417
7430,ZNF320,0.9977203
7431,FN3KRP,0.99972755
7432,ITGA9,0.9995965
7433,ZNF503,0.99920535
7434,SOGA1,0.9988973
7435,POC1B,0.9975681
7436,ELMO2,0.99866414
7437,GC,0.9998218
7438,ZHX1,0.9991449
7439,SEMA5A,0.9996178
7440,TMEM126A,0.9995599
7441,SP140L,0.9991557
7442,HDAC10,0.9948971
7443,SLC15A1,0.99937034
7444,RNF152,0.9981579
7445,SYCN,0.9953538
7446,ZNF84,0.9992883
7447,CD36,0.9976506
7448,SCO1,0.9988605
7449,DMXL1,0.9963825
7450,THAP5,0.9995239
7451,APEX2,0.99822193
7452,NMB,0.9995156
7453,DNAJA4,0.99987054
7454,ANKRD52,0.9984238
7455,NUDT1,0.9974068
7456,CDR2,0.99847287
7457,KCNC4,0.9995156
7458,ADARB1,0.9995948
7459,PGS1,0.99880975
7460,NUP54,0.9997737
7461,INPP5F,0.9997278
7462,SLC9A8,0.99810475
7463,DROSHA,0.9989519
7464,TGFBRAP1,0.99962246
7465,MYO19,0.9988357
7466,MFAP1,0.9990844
7467,OCRL,0.9983437
7468,C1orf35,0.99932086
7469,PBDC1,0.99808073
7470,PRR14L,0.9976362
7471,ARMH3,0.9986131
7472,RAB11FIP4,0.9993434
7473,MYCBP,0.99956536
7474,TMEM92,0.9998896
7475,GBP3,0.99949276
7476,NSL1,0.9970975
7477,KAT6B,0.9982841
7478,SIN3A,0.9994467
7479,SLC23A2,0.9986671
7480,ADCK5,0.99889475
7481,BEX1,0.999627
7482,ZNF189,0.9990232
7483,ANKRA2,0.9996127
7484,FKBP14,0.9994401
7485,FAAH,0.9994965
7486,TERF2,0.99801767
7487,UQCC1,0.9993191
7488,DHRS1,0.99929714
7489,TOP3B,0.99862283
7490,ARID2,0.9991271
7491,SMYD5,0.99786603
7492,RNASEH1,0.99917865
7493,USP38,0.9990464
7494,BIVM,0.9977743
7495,REV1,0.9977316
7496,ZDHHC18,0.99765253
7497,TARBP1,0.99946433
7498,UBE2D4,0.9990952
7499,UMPS,0.9994657
7500,NR1D1,0.9967752
7501,MCCC1,0.9993675
7502,SRRD,0.9987922
7503,SLC12A6,0.9986273
7504,ADAM19,0.9989333
7505,POLR3H,0.99810606
7506,DYRK1B,0.99900913
7507,EPB41,0.9987466
7508,STEAP4,0.99928236
7509,BCL2L13,0.9995358
7510,ERAP2,0.99898845
7511,RNF34,0.9992471
7512,MFSD3,0.9982354
7513,SCN1B,0.9965556
7514,SNRNP35,0.99955946
7515,ZNF277,0.9980383
7516,RAB27B,0.99979085
7517,PUS1,0.9988466
7518,MGA,0.9988655
7519,SENP5,0.9993273
7520,CHIC2,0.9970495
7521,TLK2,0.9971161
7522,B3GALNT2,0.9991813
7523,ODF2,0.9983625
7524,SS18L2,0.99938345
7525,PEX5,0.9982329
7526,PER2,0.99616015
7527,DTWD1,0.99825245
7528,AGAP1,0.99760604
7529,S1PR3,0.99939674
7530,C1orf54,0.9996854
7531,STX1A,0.9995681
7532,FCHSD1,0.99801517
7533,BLZF1,0.9939288
7534,ACAP1,0.9989856
7535,ETV3,0.99926287
7536,SLC7A2,0.9883127
7537,PSD,0.9992994
7538,TET2,0.9952386
7539,TSPAN33,0.99958324
7540,TENM3,0.99992776
7541,PPM1M,0.99958134
7542,GULP1,0.9994828
7543,OASL,0.99966156
7544,RPP25,0.9997028
7545,SHANK3,0.9994739
7546,POLK,0.9989802
7547,OARD1,0.99775404
7548,MFSD11,0.9967265
7549,MMRN2,0.9975965
7550,COG5,0.9975605
7551,LRRC42,0.99941355
7552,PTPRH,0.99991745
7553,APOL3,0.9990504
7554,CASP2,0.9992867
7555,FAM172A,0.99545974
7556,ZFAND2A,0.9995268
7557,NECAP1,0.9990332
7558,ATG4D,0.99868745
7559,PRPF39,0.9996134
7560,EDN1,0.99921596
7561,CCDC97,0.99831486
7562,LAT2,0.99908537
7563,ARFGEF3,0.99961174
7564,TRPM2,0.9991591
7565,ZNF385A,0.99966335
7566,CSTF1,0.9982302
7567,B3GNT2,0.9996411
7568,KRT15,0.9995109
7569,ZNF266,0.998518
7570,TMC8,0.9996693
7571,OBSCN,0.99783915
7572,ZSWIM7,0.99819666
7573,ADAM12,0.99851364
7574,MFNG,0.9989153
7575,ORC2,0.9995174
7576,REPS1,0.99763644
7577,GEMIN7,0.99919057
7578,ANAPC15,0.9974356
7579,LNPK,0.99888086
7580,MAML1,0.998279
7581,CNPY4,0.99754333
7582,CSTF2T,0.9992689
7583,KLHL2,0.99725366
7584,FRS2,0.9991277
7585,TTC39B,0.997378
7586,NCBP2AS2,0.999356
7587,KCNK6,0.99888843
7588,CMTR2,0.9991701
7589,CDK18,0.99964994
7590,RCAN3,0.99875015
7591,FLYWCH2,0.99848354
7592,GAL3ST4,0.9998291
7593,TFPI2,0.9944582
7594,NOL6,0.998924
7595,FBXO25,0.99450266
7596,VSIG10,0.9981178
7597,FBXO17,0.99670184
7598,SMIM10L1,0.99919784
7599,PHF13,0.99933785
7600,DYRK4,0.9971555
7601,ARHGEF28,0.9998839
7602,TRABD2B,0.99735296
7603,DNAJC9,0.9996739
7604,CELA2A,0.99335945
7605,GYS1,0.9984403
7606,PITPNC1,0.99952537
7607,FBXO44,0.9991162
7608,ICE1,0.999456
7609,RILP,0.99843603
7610,NSDHL,0.99915415
7611,POLR1A,0.9989695
7612,ITGAL,0.9978949
7613,ARMC1,0.9985718
7614,TMEM62,0.9995762
7615,DCAKD,0.99716115
7616,EPHB3,0.9989162
7617,SH2D3A,0.999926
7618,LCLAT1,0.99982584
7619,ZNF875,0.9990934
7620,MLXIPL,0.99970794
7621,SMYD3,0.99767745
7622,TUBG1,0.99939734
7623,SCG3,0.99977463
7624,CAMSAP3,0.9996568
7625,VPS33A,0.99898493
7626,GLIS3,0.9992916
7627,PPWD1,0.99680287
7628,BRD1,0.99916947
7629,AC093323.1,0.99813515
7630,FRMD4A,0.9993904
7631,ERN1,0.99889255
7632,PYGL,0.9993671
7633,ZNF12,0.99625134
7634,ELMOD2,0.9984549
7635,THAP3,0.9919989
7636,PLD4,0.9982816
7637,SH3RF2,0.999845
7638,VSIG1,0.99894816
7639,EXOSC8,0.99941796
7640,NUP205,0.9995737
7641,STYX,0.9983822
7642,COG7,0.99962956
7643,GABPA,0.9985252
7644,DUSP7,0.9980693
7645,TTLL3,0.99678504
7646,PRKCH,0.998826
7647,MYSM1,0.99657816
7648,NFRKB,0.99867517
7649,ZNF205,0.99886477
7650,SLC16A2,0.99713135
7651,FBXW7,0.9931774
7652,APH1B,0.99631333
7653,DIAPH2,0.99887407
7654,DDI2,0.99889004
7655,INO80C,0.99956334
7656,ADK,0.9983133
7657,SLC25A13,0.99955016
7658,CENPC,0.9995307
7659,KLHL22,0.99401414
7660,NOTCH4,0.9978801
7661,ST7,0.9995028
7662,HIBCH,0.99926734
7663,IL20RA,0.9996131
7664,SLC4A1AP,0.9991864
7665,GTF2IRD1,0.9965729
7666,TERF1,0.9995408
7667,FZD4,0.9983512
7668,ABT1,0.9988105
7669,RPP25L,0.9975998
7670,RAD9A,0.996927
7671,DCAF15,0.9944576
7672,MOB3B,0.9995445
7673,PABPC1L,0.9987147
7674,NUP107,0.9985427
7675,PPTC7,0.99960667
7676,KIFBP,0.99655896
7677,AK6,0.99942446
7678,ZC3H3,0.9987792
7679,CYFIP2,0.9968871
7680,ING5,0.99845606
7681,MTHFR,0.9947431
7682,AGA,0.9980772
7683,FBXL4,0.9990117
7684,FOXN2,0.99914855
7685,DIPK2A,0.99902195
7686,GCNT1,0.9990581
7687,WASHC2A,0.9988768
7688,HEATR1,0.99957585
7689,GPATCH4,0.9970027
7690,WNT11,0.9986729
7691,NKAP,0.99901235
7692,C11orf1,0.9998312
7693,TSPAN2,0.9993905
7694,ZNF496,0.99934894
7695,ASAP3,0.9996511
7696,GPR35,0.9998371
7697,MSH6,0.9982525
7698,AQP5,0.9995549
7699,MDN1,0.99765
7700,ARHGAP29,0.9983881
7701,MCM6,0.9994625
7702,NRBF2,0.9986491
7703,ASNSD1,0.9994709
7704,SZT2,0.997846
7705,BCAR3,0.9997104
7706,COMMD8,0.9994734
7707,TLR2,0.99961245
7708,HEATR5A,0.99863666
7709,HSPB2,0.9987744
7710,MSC,0.998636
7711,POLR3E,0.9995655
7712,PBLD,0.99793774
7713,SHISA2,0.9990417
7714,SLC1A4,0.9980638
7715,PISD,0.9993736
7716,NSUN2,0.9994577
7717,PTPN13,0.9984683
7718,MMUT,0.9982115
7719,ZNF317,0.9951691
7720,PAQR7,0.99875396
7721,ENOSF1,0.99930775
7722,ADGRL4,0.99921334
7723,NAA30,0.997491
7724,ADGRL1,0.9993719
7725,APBB1IP,0.99844044
7726,GOT1,0.99945766
7727,PPP2R3B,0.9983481
7728,FANCF,0.99873865
7729,ATF1,0.9989157
7730,LEPR,0.9988862
7731,BCL2L15,0.99988157
7732,TNS4,0.9981371
7733,ERMP1,0.99979925
7734,ELP6,0.9989135
7735,ABO,0.9999018
7736,FOPNL,0.99729866
7737,COG1,0.9995013
7738,UBR7,0.9994
7739,ACHE,0.9998777
7740,MRRF,0.9989871
7741,NDUFAF4,0.99895597
7742,SLC7A5,0.9994265
7743,INTS5,0.99845064
7744,ATXN1L,0.9972689
7745,EEFSEC,0.9966309
7746,MRPS22,0.99954826
7747,FAM20A,0.99989223
7748,THUMPD3,0.99952716
7749,TMEM125,0.99932885
7750,ZDHHC16,0.99936265
7751,ARL4A,0.9978752
7752,KYAT3,0.9996973
7753,TARS2,0.99788356
7754,SNAPC3,0.991489
7755,TMEM42,0.99900955
7756,DTD1,0.9987874
7757,REL,0.9983874
7758,PHETA2,0.9996536
7759,FANCL,0.9990888
7760,MCUR1,0.99776345
7761,CCL4,0.99541724
7762,SELENOI,0.9998235
7763,TMEM91,0.9971774
7764,TMEM184A,0.99991953
7765,ARRDC4,0.9981748
7766,NHSL1,0.9991298
7767,ADGRF5,0.9988216
7768,CRYBA2,0.9992952
7769,RHOBTB1,0.99884325
7770,DOCK7,0.99833524
7771,SLC1A1,0.9993261
7772,LYL1,0.99706066
7773,SRGAP2C,0.9974632
7774,PPP2R1B,0.999297
7775,EDC3,0.9971522
7776,AKAP7,0.99925625
7777,HERC6,0.99947536
7778,UFSP2,0.9988365
7779,ZNF710,0.99798286
7780,CEPT1,0.99802965
7781,MLLT3,0.9985014
7782,ARHGEF5,0.9995712
7783,NRM,0.99882454
7784,DMPK,0.99912196
7785,RIPK1,0.99955326
7786,VPS8,0.9991799
7787,ANGEL2,0.9968611
7788,SNRNP40,0.99875915
7789,RAB3D,0.9998338
7790,AKAP10,0.9981396
7791,NDUFAF2,0.9996188
7792,ZNF562,0.9996839
7793,ZNF791,0.9969232
7794,DVL2,0.99778455
7795,AMMECR1L,0.9987947
7796,TAF1,0.99907005
7797,CDK5RAP1,0.99855244
7798,SPINK4,0.9966401
7799,KHDRBS3,0.9970166
7800,CLEC14A,0.99717164
7801,RIDA,0.9997087
7802,CRNKL1,0.99760705
7803,RASSF6,0.99993944
7804,CNRIP1,0.998473
7805,BCL2L11,0.99847066
7806,DHRS12,0.99125344
7807,PLCB2,0.9997138
7808,BRAF,0.9992397
7809,POM121C,0.99901104
7810,ANO10,0.99822354
7811,RIMKLB,0.9977852
7812,ZNF91,0.9985727
7813,DNAJC30,0.9970174
7814,TMEM243,0.9990049
7815,GPR160,0.99945265
7816,ABHD15,0.99674636
7817,HNRNPA1P48,0.99822426
7818,CASP10,0.9995741
7819,GABRE,0.9996462
7820,USP1,0.9984479
7821,NUBP1,0.99939597
7822,C16orf70,0.9969108
7823,CLMP,0.99932057
7824,ATG16L1,0.9994685
7825,ZNF224,0.99882376
7826,MINDY1,0.997473
7827,CPPED1,0.99856246
7828,PCNX3,0.99871075
7829,MORC2,0.998806
7830,CTU1,0.997797
7831,ELOA,0.9940342
7832,SLC25A10,0.99939555
7833,HMOX1,0.9993283
7834,TTC22,0.99950916
7835,RGMB,0.9974767
7836,TFCP2L1,0.9995113
7837,SGMS1,0.999257
7838,TMA16,0.9996571
7839,SYNJ2,0.998973
7840,ANK3,0.9983263
7841,TRAPPC2,0.99866563
7842,NCS1,0.99957937
7843,BBIP1,0.99921244
7844,CWF19L1,0.9948726
7845,PPP2R5B,0.9989076
7846,BAHD1,0.9991431
7847,ENPP4,0.9974507
7848,HLA-DQA2,0.99906397
7849,MRGBP,0.9988994
7850,AFMID,0.99477494
7851,ZNF160,0.99572945
7852,TBC1D10C,0.99948573
7853,CDK19,0.9971529
7854,C11orf95,0.9994385
7855,ATP10D,0.99860024
7856,INTS14,0.9938081
7857,GALNT6,0.99988395
7858,APIP,0.9997424
7859,PHF21A,0.9937572
7860,STK36,0.998012
7861,SLC25A25,0.99966025
7862,TCOF1,0.9992552
7863,FAM126A,0.9973051
7864,DHDDS,0.9967088
7865,ZNF397,0.99876
7866,GPR183,0.9991971
7867,ZDHHC13,0.9996973
7868,NLRX1,0.99913335
7869,ARHGEF35,0.999894
7870,SYCE1L,0.9993881
7871,RAB23,0.99918
7872,ZNF33B,0.99895024
7873,LGI4,0.99774045
7874,ST8SIA4,0.9986093
7875,SLC25A44,0.9938411
7876,INPP5B,0.9986289
7877,PAQR4,0.9978742
7878,REG3G,0.99947655
7879,C2CD2,0.9977998
7880,MFSD14A,0.9990828
7881,PYM1,0.99606264
7882,SNUPN,0.9976729
7883,IPO4,0.99835646
7884,FOXL1,0.99976015
7885,BET1,0.99931246
7886,FNTB,0.99923086
7887,ENTPD2,0.9995845
7888,DTYMK,0.9995557
7889,ZHX2,0.99771094
7890,PRADC1,0.99871296
7891,ARL6IP6,0.9989662
7892,STK19,0.9945983
7893,AIMP2,0.9987109
7894,SPHK2,0.9985011
7895,C5AR1,0.9998196
7896,PEX13,0.999654
7897,SLC17A9,0.9997291
7898,LRRC45,0.99862415
7899,RPUSD3,0.99750537
7900,PARP3,0.9997428
7901,RIT1,0.99928707
7902,RIPK3,0.998768
7903,CPOX,0.9994093
7904,HIRIP3,0.99732757
7905,RSAD2,0.99629664
7906,VPS37A,0.99928105
7907,ITGAM,0.9987312
7908,NFE2L3,0.9996529
7909,FAH,0.99958014
7910,TRAF3,0.9989737
7911,ESS2,0.997807
7912,GABPB2,0.99892974
7913,INPP4A,0.99829406
7914,MPP5,0.99851394
7915,LRRK1,0.9987522
7916,TADA2B,0.9991398
7917,NUP42,0.99881595
7918,CDK7,0.9992615
7919,JAM2,0.99158436
7920,RHNO1,0.99883664
7921,SIRT3,0.99713403
7922,MBTD1,0.999027
7923,SLC22A3,0.9987608
7924,HACD4,0.9990107
7925,PRR5L,0.99894327
7926,RTP4,0.99970293
7927,ZNF337,0.99855435
7928,LMBRD2,0.99958074
7929,TLE4,0.9981577
7930,SPIRE2,0.9993759
7931,RPAP3,0.99815625
7932,TP53RK,0.9968449
7933,TMEM242,0.9990726
7934,CDKN2AIPNL,0.99827427
7935,CEP95,0.9994848
7936,ITCH,0.99856657
7937,CNST,0.99817675
7938,LY96,0.99937475
7939,RETREG1,0.9983194
7940,NOC3L,0.9981918
7941,ZC3H18,0.9990473
7942,CASD1,0.99805856
7943,ARMC6,0.9984567
7944,MTOR,0.9988035
7945,POMGNT2,0.99935037
7946,STIM2,0.99871856
7947,CFL2,0.9988957
7948,SPNS2,0.994539
7949,NEURL3,0.999579
7950,MOSPD3,0.99898005
7951,KCNJ8,0.99953616
7952,IDH3A,0.99870497
7953,DENND4A,0.99624324
7954,APAF1,0.9992839
7955,EIPR1,0.99915767
7956,KDM7A,0.9994295
7957,DOCK8,0.9977002
7958,NPC1L1,0.9997364
7959,GGT7,0.99935925
7960,TRAPPC11,0.99845535
7961,PHGDH,0.9935806
7962,PLEKHF1,0.9992093
7963,MCF2L,0.9987946
7964,MID1,0.98866385
7965,NUP153,0.999038
7966,ACYP2,0.99769545
7967,LURAP1L,0.9994595
7968,THADA,0.99793285
7969,PIKFYVE,0.9991034
7970,HEMK1,0.9967475
7971,KLHL7,0.9984996
7972,NAA15,0.9986047
7973,NOP14,0.99937814
7974,PLEKHG1,0.99773717
7975,SIPA1L2,0.99938804
7976,MPHOSPH6,0.9984801
7977,ZBTB45,0.99763453
7978,WNT4,0.99949133
7979,LRRC15,0.99981475
7980,TMEM199,0.9990541
7981,NTRK2,0.99935347
7982,IMPA1,0.99926597
7983,DPH3,0.9986694
7984,LGALSL,0.99914336
7985,EIF2AK3,0.999189
7986,ZNF672,0.99687564
7987,IKZF1,0.9981729
7988,MED1,0.9946776
7989,FAM117B,0.99712384
7990,GPALPP1,0.9970069
7991,CD6,0.9986242
7992,GPBAR1,0.998696
7993,CCDC93,0.99856853
7994,RHBDD1,0.99768764
7995,SNAPC4,0.9984707
7996,MINDY3,0.99864686
7997,RNF25,0.99672925
7998,SNX29,0.99710745
7999,S1PR2,0.99798846
8000,SOWAHC,0.9995062
8001,PPRC1,0.9993851
8002,ARHGAP31,0.99984217
8003,ADAMTSL4,0.99896383
8004,ARHGEF16,0.9997496
8005,PHF6,0.998332
8006,SLC26A2,0.99643254
8007,ABCB10,0.9996079
8008,RELCH,0.9984354
8009,YBEY,0.99773395
8010,KLF11,0.9989749
8011,OXCT1,0.9974711
8012,PGM2,0.9985842
8013,GRPEL1,0.9987561
8014,TRAPPC5,0.9964272
8015,TENT5C,0.9991855
8016,ANKS6,0.9997268
8017,HMGCS2,0.9998376
8018,ARL15,0.99839824
8019,MARCHF8,0.99554807
8020,PPIL3,0.9979969
8021,MRPS28,0.99856126
8022,ANKRD36C,0.998904
8023,CDKN2AIP,0.99852085
8024,ARMT1,0.9993398
8025,NPTXR,0.999331
8026,HSD17B8,0.9991093
8027,RASGEF1B,0.99894416
8028,MYO9A,0.9977215
8029,SLC37A2,0.99856544
8030,HDHD5,0.9985798
8031,YAF2,0.9975592
8032,PTRH2,0.99954253
8033,ENTPD5,0.99905264
8034,LAYN,0.99947685
8035,FZD5,0.99864256
8036,PROSER1,0.9984719
8037,NACC2,0.9986441
8038,MARVELD2,0.9997735
8039,TCF20,0.99944645
8040,IFT27,0.99793756
8041,APOBEC3G,0.99897206
8042,EVI2A,0.9990045
8043,BATF,0.9994718
8044,NIP7,0.9993038
8045,ANKRD13C,0.9972594
8046,EPHA1,0.9996147
8047,SH3BP1,0.99601316
8048,ARSL,0.9992199
8049,CRCP,0.9979038
8050,SIKE1,0.9988103
8051,GFOD2,0.99923015
8052,CIPC,0.99655
8053,POLR1C,0.9972917
8054,NMU,0.9996799
8055,TNFSF13B,0.9984691
8056,AFAP1L2,0.9997851
8057,ZNF185,0.9998038
8058,ADCY9,0.99795973
8059,TMEM150A,0.9993165
8060,MAMDC4,0.99759203
8061,TAPT1,0.9986453
8062,ZNF117,0.9967452
8063,ATF7IP2,0.99981654
8064,MTX3,0.99937534
8065,PDE12,0.99937516
8066,NUP210,0.9989144
8067,SLC5A1,0.9992676
8068,DUS3L,0.9978134
8069,GTF3C4,0.99824715
8070,TAF2,0.9976312
8071,PSMG4,0.99918234
8072,RASA4,0.9962084
8073,STARD13,0.99708194
8074,APBA3,0.9989846
8075,ZC2HC1A,0.998181
8076,SLC49A4,0.99953336
8077,PIP4P2,0.99906814
8078,HDAC4,0.99845994
8079,TDRD3,0.9935307
8080,RGP1,0.9980062
8081,TRIM24,0.99779254
8082,SLC16A4,0.9987019
8083,KAT2B,0.99849033
8084,RRP12,0.9967759
8085,CADPS2,0.99866486
8086,LPAR1,0.9993261
8087,SLC9B2,0.9996522
8088,MRAS,0.99919295
8089,TSEN54,0.99703324
8090,CTPS2,0.99962574
8091,ELL,0.99795884
8092,PAMR1,0.9992987
8093,NPRL2,0.99860156
8094,RGS14,0.99840933
8095,BCAS3,0.9963943
8096,STEAP3,0.9994341
8097,CCDC61,0.9970052
8098,PLEKHF2,0.99916595
8099,ZNF641,0.99852306
8100,PLCE1,0.999663
8101,C18orf25,0.99959064
8102,GAD2,0.9993595
8103,AGL,0.9993158
8104,TNFRSF11A,0.9998381
8105,MDFI,0.9985268
8106,GSTA4,0.9977727
8107,TAF12,0.9978672
8108,SNRNP25,0.9947085
8109,PCCB,0.9992395
8110,SDHAF1,0.9976321
8111,ADGRA3,0.99924123
8112,FBXO22,0.99950904
8113,SLC9A3,0.9996817
8114,DGKD,0.996248
8115,CCDC32,0.9980913
8116,PLN,0.99986136
8117,TRIM54,0.99944824
8118,GALT,0.99954987
8119,PWWP2A,0.9975775
8120,KIAA0895L,0.99896383
8121,AIFM2,0.999668
8122,SLC2A8,0.998681
8123,NPHP3,0.9986589
8124,IKBKE,0.99800986
8125,MAP7,0.9996724
8126,FOXC1,0.99932015
8127,PM20D2,0.9973849
8128,STAM,0.9988354
8129,WIPI1,0.9963044
8130,CBFA2T2,0.9952587
8131,KCNS3,0.99940735
8132,RNF123,0.9995725
8133,AVEN,0.99901056
8134,FOCAD,0.998045
8135,CAVIN2,0.9955615
8136,EMID1,0.99051654
8137,MGAT3,0.9998854
8138,DNAAF5,0.999207
8139,MAP11,0.9986954
8140,UNG,0.9994594
8141,SLC29A3,0.99867487
8142,ZNF195,0.99953485
8143,CTNS,0.99287534
8144,PARD6B,0.9978637
8145,ADNP2,0.9993837
8146,WDR24,0.9977284
8147,BRIX1,0.99947745
8148,DAAM2,0.9974132
8149,F2RL2,0.9996465
8150,TRIM65,0.9992422
8151,HARS2,0.9997313
8152,PLA2R1,0.99748373
8153,CBL,0.99865353
8154,CCNT1,0.9960301
8155,SMAD1,0.99943334
8156,TNFRSF25,0.9967685
8157,MLH3,0.9986883
8158,RAB3B,0.99886435
8159,HSDL2,0.9993856
8160,LYSMD2,0.9983518
8161,AXIN2,0.9987666
8162,ASCC1,0.99836475
8163,ZFYVE1,0.99713165
8164,NECTIN1,0.99936306
8165,NOP16,0.9989408
8166,NEBL,0.999731
8167,GPX7,0.99917394
8168,CAMK1,0.99873185
8169,MED23,0.9987197
8170,MNT,0.9976344
8171,IKBIP,0.99959177
8172,TOM1L1,0.99950314
8173,GPD1L,0.9993557
8174,TRMT10C,0.99644905
8175,RASAL3,0.9996377
8176,ALKBH6,0.9986915
8177,RPTOR,0.99823767
8178,AGO3,0.9957175
8179,RABIF,0.99823725
8180,IGIP,0.99791056
8181,NUP155,0.9995358
8182,FBXL12,0.9979197
8183,HAUS4,0.9989314
8184,EIF2B2,0.9989106
8185,OGFOD2,0.9989957
8186,ACP6,0.99947107
8187,WDR90,0.99421453
8188,ROR2,0.99979705
8189,EXOC6,0.9995928
8190,PIK3R4,0.99878585
8191,RAD17,0.99873054
8192,ZHX3,0.9993713
8193,TRAPPC6B,0.9993273
8194,NAA25,0.99928373
8195,PLGRKT,0.999421
8196,AK4,0.99886954
8197,BRD3OS,0.99911743
8198,MYO1G,0.9994882
8199,TMEM69,0.9983606
8200,TULP3,0.9964299
8201,KSR1,0.9985227
8202,ZCCHC3,0.9952079
8203,MTIF2,0.9988215
8204,B3GALNT1,0.99659085
8205,CHORDC1,0.9992019
8206,PSMB10,0.9997612
8207,CDYL,0.9990761
8208,SECTM1,0.9958923
8209,ARSB,0.9993822
8210,POLM,0.9974694
8211,ARMCX1,0.9993174
8212,LZTS3,0.99953514
8213,EEF1E1,0.9972204
8214,BICD1,0.9969693
8215,WDR3,0.99936044
8216,GPN2,0.99695927
8217,AP4M1,0.9906648
8218,RSBN1,0.9989275
8219,NSD2,0.9991269
8220,MRE11,0.99882394
8221,EPG5,0.99875146
8222,CCDC24,0.9990891
8223,RBM4,0.99874204
8224,NGDN,0.9995076
8225,UTP25,0.9989884
8226,CBR4,0.9986814
8227,THOC5,0.9990905
8228,ECD,0.9994303
8229,MLKL,0.99903613
8230,LAT,0.999244
8231,PPP1R26,0.9982057
8232,SAP30,0.99765116
8233,ENDOV,0.99891365
8234,APC,0.99878466
8235,ZNF281,0.9985391
8236,NXT1,0.9969386
8237,ESF1,0.99914896
8238,THOC3,0.99931633
8239,IRAK4,0.99920243
8240,HABP2,0.99868107
8241,RBBP5,0.99958855
8242,LIFR,0.9963137
8243,NPL,0.99853325
8244,VPS13B,0.9944791
8245,TBC1D2,0.9989045
8246,ESRP2,0.99971807
8247,ANGEL1,0.99710184
8248,EAF1,0.99810827
8249,YTHDC2,0.99910927
8250,MTMR4,0.9969113
8251,PIGM,0.99711424
8252,SLC29A4,0.9964161
8253,UEVLD,0.99923533
8254,TMCC3,0.9995626
8255,CCDC69,0.9976627
8256,IFT80,0.99857265
8257,SH3D21,0.99928385
8258,WDR54,0.9989397
8259,ZNF483,0.9981131
8260,UVRAG,0.99943507
8261,DDX3Y,0.9993556
8262,C11orf80,0.9976442
8263,GPKOW,0.99859434
8264,SIRT1,0.991241
8265,KNOP1,0.99941576
8266,PSEN2,0.99848956
8267,ATP10A,0.99948525
8268,NR5A2,0.998465
8269,FGGY,0.9973233
8270,SERGEF,0.99945354
8271,SLC5A6,0.9992215
8272,BICRAL,0.9982141
8273,SMCR8,0.9974902
8274,MTF2,0.99893934
8275,CSAD,0.99607134
8276,ACSM3,0.99835825
8277,REC8,0.9988467
8278,ADGRD1,0.994882
8279,DUSP11,0.9982934
8280,MTPAP,0.9992475
8281,IRF5,0.9982725
8282,FAM102B,0.9984197
8283,ALKBH3,0.9977995
8284,KCTD1,0.99853057
8285,PMS2,0.9968225
8286,POU2F1,0.9988023
8287,RXYLT1,0.99905723
8288,ACBD4,0.99889266
8289,RAB15,0.9985293
8290,NUP43,0.9983584
8291,LSM14B,0.99611396
8292,PRKG1,0.9995697
8293,ATP9B,0.9955084
8294,ELF4,0.9995414
8295,GBE1,0.99772805
8296,ZBTB33,0.999048
8297,CEP290,0.99900085
8298,PID1,0.9981903
8299,HSDL1,0.9973111
8300,FPR3,0.9993057
8301,ZNF76,0.99825865
8302,EFNA4,0.9996083
8303,PRPF4,0.9992913
8304,DOCK2,0.99956095
8305,KLF12,0.99723035
8306,ACTG2,0.999195
8307,CEP120,0.99914676
8308,G0S2,0.999698
8309,SMPD3,0.9999143
8310,ISM1,0.99962825
8311,TMED8,0.9898682
8312,HBS1L,0.9988592
8313,FUT6,0.99990815
8314,AP4B1,0.9994551
8315,UGT2B15,0.99985605
8316,PHF5A,0.9985484
8317,MAPK7,0.999399
8318,ABCC10,0.9973151
8319,IQSEC2,0.9959041
8320,RAB28,0.9973746
8321,RTL6,0.99725187
8322,WDR91,0.9966064
8323,CLN8,0.99888265
8324,NFATC2,0.9976996
8325,ZBTB25,0.99571097
8326,PCGF1,0.9986334
8327,MAP2K4,0.99916375
8328,CDC37L1,0.9977454
8329,TMEM68,0.99903804
8330,ECRG4,0.9981506
8331,CC2D1B,0.998398
8332,MRNIP,0.99880093
8333,RAB3IP,0.99806595
8334,ZKSCAN8,0.99717337
8335,PTGES,0.99927115
8336,POM121,0.99939203
8337,LYST,0.9982055
8338,NAT10,0.9979646
8339,SNTA1,0.99558127
8340,H1-2,0.99949217
8341,RCSD1,0.99829143
8342,YJU2,0.99602157
8343,RASGRP2,0.99688905
8344,PRDM4,0.9966959
8345,CRYZL1,0.99887335
8346,CSGALNACT1,0.99851346
8347,TMEM223,0.9990268
8348,TENT4B,0.99934655
8349,CLIC2,0.99747413
8350,SOCS4,0.9971336
8351,DBT,0.99937826
8352,HGH1,0.9975711
8353,ZNF322,0.9989117
8354,HOXB4,0.9993274
8355,CXorf38,0.99978864
8356,GMNN,0.99903476
8357,BTAF1,0.9992159
8358,TICAM1,0.9987171
8359,EXOSC5,0.9981837
8360,EIF5AL1,0.99951565
8361,SASH3,0.9991586
8362,C2CD2L,0.9992027
8363,DIS3L2,0.99871707
8364,CCDC106,0.99944407
8365,OPN3,0.9978208
8366,ACAD10,0.9935077
8367,GRK5,0.9967367
8368,PDHX,0.99639064
8369,CASP6,0.9998477
8370,FMO3,0.9986037
8371,ENDOG,0.997775
8372,PLA2G12A,0.9992744
8373,METTL14,0.99821573
8374,DCUN1D3,0.9957351
8375,ZNF623,0.9975108
8376,CLDN23,0.9993727
8377,SPN,0.9986092
8378,AIFM1,0.997571
8379,ANKMY2,0.9991361
8380,TRMT1L,0.9987299
8381,SNTB1,0.9989126
8382,DUSP12,0.99829495
8383,METTL16,0.99774474
8384,TTC39C,0.9975742
8385,ATP6V0A2,0.9982634
8386,GPRIN3,0.9993868
8387,BNC2,0.9995656
8388,TIGD5,0.999133
8389,WDR12,0.9983337
8390,ITPRIP,0.9993467
8391,G6PC2,0.99986213
8392,PJA1,0.9987767
8393,INIP,0.99924564
8394,IL33,0.99890816
8395,TTC28,0.9987848
8396,PRKAG2,0.9993233
8397,MITD1,0.99972194
8398,WDR73,0.9984405
8399,NUP88,0.9933533
8400,R3HDM1,0.9982858
8401,ZNF514,0.99902093
8402,CMTM8,0.999163
8403,RRP15,0.99873245
8404,EPHB2,0.9958926
8405,TMEM135,0.99950176
8406,TSPAN7,0.99866724
8407,VIPAS39,0.99901915
8408,TMEM138,0.9950607
8409,FBXO46,0.9990702
8410,ARMC7,0.9985846
8411,TBC1D25,0.99917734
8412,RCE1,0.99923146
8413,YEATS4,0.99943936
8414,PXMP4,0.998732
8415,CRB3,0.9994445
8416,FAIM,0.99962866
8417,PDGFB,0.99916816
8418,DMBT1,0.9989221
8419,LTN1,0.9991057
8420,TRPS1,0.9980693
8421,MSTO1,0.9991653
8422,BRAP,0.9980943
8423,ZNF445,0.9985873
8424,CILK1,0.99789715
8425,ZNF766,0.99698645
8426,CHIT1,0.99391675
8427,SLC49A3,0.99911195
8428,BORCS8,0.99929214
8429,DGKQ,0.99928206
8430,EPB41L5,0.9982858
8431,GLRX2,0.9998152
8432,FAM174A,0.9991463
8433,ZNF469,0.99935853
8434,ZNF408,0.9963368
8435,ASNS,0.9991425
8436,MRPL38,0.9988197
8437,ECSCR,0.9754646
8438,PTH1R,0.9992514
8439,C5orf22,0.9989121
8440,PUM3,0.999258
8441,ZNF274,0.9994452
8442,RNF113A,0.9992097
8443,C12orf45,0.99969745
8444,MRPS17,0.9976698
8445,FIZ1,0.9973594
8446,DDX51,0.99962497
8447,CTC1,0.9982588
8448,PTRH1,0.9983394
8449,BRCC3,0.9997345
8450,IFIT5,0.99905026
8451,PRRG2,0.999426
8452,GK5,0.9991249
8453,PTPN21,0.99779963
8454,FOXRED1,0.99851483
8455,GSTM5,0.99854374
8456,HMGB3,0.9962963
8457,PTGIR,0.9967245
8458,RPUSD1,0.9920484
8459,MED17,0.99796355
8460,METTL2B,0.99799234
8461,CARNMT1,0.9989609
8462,HAUS1,0.99885213
8463,ULK2,0.98737407
8464,FAM76B,0.9981446
8465,ANKRD54,0.9967486
8466,CAMSAP1,0.9971528
8467,ASB1,0.9986249
8468,COG6,0.9993479
8469,TTC9C,0.9994486
8470,NUDT8,0.999362
8471,TMEM11,0.998116
8472,NABP1,0.99874544
8473,FAM193A,0.99674195
8474,IL11RA,0.9993023
8475,GPATCH2L,0.9992023
8476,RIPK2,0.99951166
8477,COL9A2,0.9997762
8478,NEURL1,0.99946797
8479,WWC2,0.998017
8480,SMIM27,0.9985363
8481,TNFAIP6,0.99957854
8482,ZNF800,0.9989358
8483,TAB3,0.9981563
8484,FAM122A,0.9993059
8485,GLE1,0.9984369
8486,CWC27,0.9990679
8487,ATF6B,0.9976673
8488,PNMA2,0.9994316
8489,ZNF513,0.9995432
8490,LNX2,0.9978246
8491,NAV2,0.9983791
8492,NAAA,0.999179
8493,NSMCE3,0.9988678
8494,ABCB7,0.9989537
8495,KCTD5,0.99928033
8496,RBSN,0.9991423
8497,ARHGEF6,0.9800322
8498,EDN3,0.9985846
8499,ACOT2,0.9965778
8500,CACTIN,0.98935515
8501,CCL28,0.99643075
8502,ZNF414,0.99640757
8503,TARBP2,0.99785846
8504,THEM4,0.99870265
8505,DHX34,0.99807423
8506,PHF19,0.9981907
8507,FDXR,0.9971749
8508,PTPN3,0.9992157
8509,C15orf40,0.99857223
8510,CAPN7,0.99928874
8511,MYLIP,0.9993829
8512,SLC9A7,0.9975999
8513,SMARCAD1,0.9989006
8514,SMARCAL1,0.99928313
8515,DEGS2,0.9996493
8516,STRIP1,0.9985161
8517,MXD3,0.9975978
8518,LZTFL1,0.9994546
8519,CNTROB,0.9983287
8520,MORC4,0.9978904
8521,IFITM10,0.99834824
8522,SH3BP5L,0.9984089
8523,FEM1A,0.9996574
8524,NUP37,0.99960035
8525,ARMC5,0.9984584
8526,PLPP4,0.99985856
8527,RIN1,0.99936324
8528,POMT2,0.9995405
8529,MN1,0.9990765
8530,AREL1,0.9983109
8531,PRPF40B,0.99741125
8532,SPSB2,0.9987889
8533,TTC9,0.9980656
8534,RAD1,0.99805766
8535,USP6NL,0.9996048
8536,BBS10,0.9992503
8537,NFS1,0.99745154
8538,CYB5R4,0.9959952
8539,HSPA12A,0.99911374
8540,LDB2,0.9994055
8541,ARL14,0.9998041
8542,FDCSP,0.99633825
8543,CSRNP2,0.9978335
8544,PPOX,0.99473315
8545,TRUB1,0.9985644
8546,CDC14B,0.996622
8547,MTO1,0.9990241
8548,HCCS,0.99935794
8549,KAT14,0.99898016
8550,P3H2,0.99794525
8551,SFXN4,0.99633336
8552,SLC25A12,0.9991516
8553,NUDT19,0.998752
8554,HCK,0.99818027
8555,TTI1,0.999413
8556,MAP3K14,0.99233
8557,AVPI1,0.99905455
8558,KIF16B,0.99883616
8559,ANKRD27,0.99708855
8560,MTAP,0.99981606
8561,CSNK1G1,0.99171275
8562,CST7,0.9986892
8563,PSTPIP1,0.9980074
8564,CNNM2,0.998602
8565,CRYBG3,0.9957623
8566,DSG3,0.9997361
8567,TMEM251,0.9975382
8568,MED6,0.9990943
8569,TCTN2,0.99719757
8570,CLRN3,0.9993821
8571,DNAJC16,0.99868
8572,EPS15L1,0.9987364
8573,SCIN,0.9993302
8574,PGAP2,0.9976165
8575,UAP1L1,0.9996477
8576,CUTC,0.9988663
8577,TRANK1,0.99735045
8578,ARHGAP9,0.99822336
8579,NEK4,0.9992125
8580,LRIG2,0.9972502
8581,EPB41L4A,0.99920475
8582,MLLT10,0.99923736
8583,PLA2G4C,0.9979427
8584,GLI1,0.9973269
8585,APBB3,0.99630624
8586,FRAT2,0.9977922
8587,ZNF827,0.996428
8588,SIRT5,0.9988967
8589,EFHC1,0.9986396
8590,PEX10,0.9975792
8591,IPO11,0.9979318
8592,NPTX2,0.9946139
8593,DNAJC14,0.9990366
8594,TBL1X,0.9982622
8595,PCED1B,0.9989538
8596,ALDH6A1,0.9976096
8597,TM4SF18,0.9991224
8598,SAP130,0.9991041
8599,DPY19L3,0.9988131
8600,HPS5,0.9974763
8601,ST3GAL3,0.9973032
8602,ZCCHC8,0.99833703
8603,POLR3A,0.99614537
8604,FUNDC1,0.9996653
8605,MED19,0.9986369
8606,ZNF121,0.99980587
8607,FAM131A,0.99912024
8608,TMEM216,0.9971134
8609,AASS,0.9979764
8610,TMEM209,0.99923134
8611,ZNF226,0.9982777
8612,TIMM22,0.9984194
8613,EIF4ENIF1,0.99647766
8614,BRWD3,0.99641776
8615,FGFR1OP,0.9993798
8616,TAF5L,0.9997231
8617,ZNF561,0.9965579
8618,FGF2,0.9989067
8619,GLB1L2,0.99945056
8620,ASF1A,0.9988111
8621,SUPT4H1,0.9976456
8622,NSUN4,0.9979993
8623,PTAFR,0.99887186
8624,LRRC17,0.9996133
8625,POGLUT1,0.99223614
8626,TRAPPC13,0.99660754
8627,SNIP1,0.99946964
8628,CENPV,0.998962
8629,HIF3A,0.99788946
8630,EPPK1,0.9935703
8631,IFT140,0.99593794
8632,ZDHHC17,0.99779534
8633,IKZF5,0.99914914
8634,TRPV4,0.9996632
8635,USF3,0.99726796
8636,AEN,0.9971843
8637,APLP1,0.99987394
8638,NINJ2,0.99956095
8639,GALNT16,0.9992259
8640,PHYHD1,0.98841566
8641,ADORA1,0.99662644
8642,EEF1AKMT2,0.9987083
8643,ZNF629,0.99817955
8644,VPS50,0.9991674
8645,SHF,0.9975252
8646,PARD3B,0.99857324
8647,MTSS2,0.9980377
8648,SLC66A1,0.9986854
8649,HSF4,0.9961867
8650,NAA35,0.9990414
8651,C1orf174,0.99883664
8652,RBM28,0.99830216
8653,TTC39A,0.9997764
8654,ZC3H6,0.9944796
8655,MAP3K8,0.99929345
8656,ZNF687,0.9993456
8657,PCNT,0.9987676
8658,SLC25A16,0.9975143
8659,NCOA5,0.99907357
8660,TBCK,0.9972784
8661,TOPBP1,0.99750257
8662,ZFHX4,0.99831724
8663,GRAMD1B,0.9957576
8664,POLB,0.99963474
8665,PYROXD1,0.99923426
8666,KDM6A,0.99730074
8667,CARMIL1,0.99736917
8668,ZNF28,0.99971473
8669,CPT2,0.9994171
8670,CLIC6,0.9982867
8671,RHOJ,0.9980035
8672,LONRF1,0.99944913
8673,SLC22A23,0.9967757
8674,IFFO2,0.99822176
8675,MRS2,0.99929726
8676,SURF2,0.9973152
8677,MCTP2,0.9987908
8678,NOD1,0.99914277
8679,CNTNAP1,0.99044687
8680,ZFP62,0.9990652
8681,ZCCHC9,0.99821496
8682,FMC1,0.99827653
8683,INAFM2,0.99451566
8684,STK35,0.99950624
8685,KCTD13,0.9960674
8686,DHRS7B,0.9993102
8687,FER,0.9982014
8688,SP2,0.99731046
8689,TCAIM,0.9990232
8690,TTC33,0.99876773
8691,CELSR1,0.99969673
8692,GOLGA1,0.99829596
8693,EMC9,0.9983875
8694,TAB1,0.9992383
8695,TWISTNB,0.9985361
8696,LARP6,0.99891883
8697,CCDC86,0.99315745
8698,TLN2,0.99876857
8699,MBTPS2,0.9986784
8700,SLC38A7,0.9993135
8701,SRD5A1,0.9994328
8702,MTRF1L,0.9971595
8703,PRPSAP2,0.9971026
8704,G2E3,0.99776876
8705,KIF3C,0.99432796
8706,KIF3A,0.9985478
8707,FOSB,0.9984067
8708,CETN3,0.9982066
8709,CWF19L2,0.99514383
8710,DHTKD1,0.9994233
8711,TCHP,0.99808234
8712,ARHGAP24,0.99442685
8713,CLPB,0.99830246
8714,HLTF,0.9987499
8715,MAP2,0.999332
8716,DIS3L,0.998216
8717,POLR1B,0.9968458
8718,FEZ1,0.9947568
8719,LRRC8D,0.9975989
8720,PDE1A,0.99778974
8721,SMOX,0.9997483
8722,STXBP6,0.9993927
8723,NDC1,0.9995556
8724,EME2,0.9980423
8725,SRRM3,0.9978453
8726,STRBP,0.9989774
8727,GFRA1,0.995758
8728,CWC25,0.9989785
8729,AREG,0.99971074
8730,TMEM184C,0.99950826
8731,SCUBE3,0.9985405
8732,PIK3CD,0.99927056
8733,TTLL4,0.9984158
8734,NGLY1,0.99805784
8735,NIF3L1,0.9985235
8736,C18orf21,0.99914783
8737,REEP6,0.99868685
8738,PARG,0.99720657
8739,FRAS1,0.9988472
8740,TM7SF2,0.99573076
8741,ATP11C,0.99777573
8742,ALDH1L2,0.9992836
8743,PDCD7,0.98707694
8744,GNA15,0.99963206
8745,IGLC7,0.9985101
8746,MMP17,0.9994069
8747,ITFG2,0.9989066
8748,PNO1,0.99898696
8749,NPM3,0.9988843
8750,MCAT,0.9980035
8751,RNPC3,0.99802125
8752,GIPC2,0.99982756
8753,ZNF587,0.99821246
8754,TMEM53,0.9989818
8755,CYB5D2,0.9956562
8756,CEP104,0.99825966
8757,TRIM37,0.99712163
8758,TSPAN5,0.99948096
8759,HEATR5B,0.9996443
8760,RAB33B,0.9976704
8761,CCN5,0.9997326
8762,ZFYVE26,0.9985652
8763,C4orf19,0.9994309
8764,PEAR1,0.99438953
8765,IQCB1,0.9988096
8766,CDKN2A,0.9998754
8767,ZNF275,0.99864876
8768,ZNF260,0.9976915
8769,RALGAPA1,0.9985747
8770,CBR3,0.9969346
8771,ZCCHC7,0.99230367
8772,PRUNE1,0.99606735
8773,ATG14,0.999457
8774,CPNE8,0.9993011
8775,FADS1,0.99877656
8776,HSD17B14,0.9981633
8777,MSANTD3,0.999321
8778,RFLNB,0.9996511
8779,FAM83G,0.9996271
8780,POLD1,0.9985789
8781,EIF2B3,0.99522763
8782,EXD2,0.9978943
8783,OPLAH,0.99947107
8784,EXOSC2,0.9993916
8785,TMEM144,0.9997545
8786,CNOT10,0.9993354
8787,ABCA3,0.9986863
8788,TACO1,0.99906254
8789,SLC25A17,0.99889255
8790,TMEM192,0.99524087
8791,PIGN,0.9916221
8792,MECR,0.99534005
8793,PIM2,0.99832404
8794,PTBP2,0.9993447
8795,INO80,0.99878055
8796,CEP250,0.9978109
8797,RAMAC,0.99918854
8798,NKD1,0.9984286
8799,CLEC16A,0.9989372
8800,AGBL5,0.99860185
8801,CCDC43,0.9991995
8802,RNASEL,0.99630606
8803,NOL10,0.9983265
8804,OMA1,0.9993891
8805,DENND1B,0.9989646
8806,RRAGD,0.9991492
8807,SLC41A1,0.9918308
8808,NINL,0.99868727
8809,RBBP8,0.999337
8810,TNFRSF4,0.9992704
8811,KDM4C,0.99785304
8812,SLC35E3,0.9986011
8813,THOC6,0.9966968
8814,HYAL1,0.9998626
8815,C6orf136,0.99881685
8816,SLC8A1,0.9988854
8817,PPP3CC,0.9986323
8818,TIMM29,0.99885356
8819,ARHGAP42,0.9978899
8820,NME7,0.99877876
8821,CCL17,0.99943316
8822,FBXL20,0.99691933
8823,SH3RF3,0.9992415
8824,EPHA4,0.9996638
8825,RGL3,0.9994583
8826,TRO,0.9995067
8827,MOSMO,0.9972191
8828,SYNGAP1,0.9976964
8829,CDC23,0.99944377
8830,PROSER2,0.995484
8831,MOB3C,0.9980284
8832,SLC24A3,0.99911505
8833,ZNF746,0.99949396
8834,GPR180,0.9984724
8835,RRP9,0.99734616
8836,RIC1,0.9975053
8837,NEIL1,0.9990101
8838,DBR1,0.9980315
8839,RABL2B,0.99782133
8840,MTMR1,0.998695
8841,GAREM1,0.99972725
8842,GCDH,0.9950513
8843,PLAA,0.99950445
8844,LEO1,0.9990807
8845,ALS2,0.9972772
8846,BICRA,0.9977011
8847,PLA2G6,0.996673
8848,SYBU,0.9964795
8849,TAF6L,0.99919754
8850,CPS1,0.9996289
8851,ZNF37A,0.9986596
8852,AGAP6,0.99858904
8853,GUF1,0.9968618
8854,NECTIN3,0.9999037
8855,RRAD,0.9980869
8856,KANSL2,0.9982995
8857,DMD,0.99857
8858,FCGR1A,0.9985454
8859,HERC3,0.9983749
8860,SGF29,0.99577874
8861,LYSMD3,0.99839914
8862,HPS6,0.99873984
8863,AP1S3,0.99985546
8864,CCL20,0.99404246
8865,FLVCR1,0.9991895
8866,TMEM218,0.9982008
8867,ZNF426,0.997809
8868,SPRYD7,0.9996318
8869,SAC3D1,0.99765074
8870,HGF,0.9985421
8871,IL22RA1,0.999648
8872,ZNHIT2,0.99874324
8873,ARHGEF10,0.9982474
8874,LCK,0.996137
8875,NEUROD1,0.99956185
8876,GZMA,0.998943
8877,NPR2,0.9940536
8878,SESN2,0.9956085
8879,NMT2,0.99693334
8880,ITGA7,0.9951466
8881,TSPAN18,0.9963437
8882,URB1,0.9991631
8883,XRCC4,0.997561
8884,COBL,0.9947129
8885,CLCN6,0.99888414
8886,PRKX,0.99654603
8887,ELMOD3,0.9970107
8888,MED11,0.99922943
8889,BORCS6,0.9967324
8890,BAIAP2L2,0.99973655
8891,ABCC9,0.99920994
8892,ZNF888,0.9990027
8893,RILPL1,0.9981703
8894,CWC22,0.99823916
8895,MRPS31,0.99879587
8896,SLC35D1,0.9992182
8897,SAYSD1,0.99663067
8898,CMPK2,0.99961543
8899,LENG1,0.9946016
8900,HSH2D,0.99962294
8901,MAGOHB,0.99910206
8902,SUFU,0.9972036
8903,TSPAN12,0.99943954
8904,PDCL,0.9973277
8905,FGFR2,0.9975109
8906,ROBO3,0.9977749
8907,MEAK7,0.9995384
8908,PLEKHG6,0.99973553
8909,FAM229B,0.99865353
8910,DNAJC22,0.9996836
8911,CDK5,0.99890614
8912,BEND7,0.99923015
8913,CCDC174,0.9992168
8914,GLA,0.9987079
8915,MMD,0.9985558
8916,LTV1,0.99914896
8917,GTPBP3,0.9989725
8918,MT1H,0.99555933
8919,KIAA0513,0.9990044
8920,NOA1,0.99930364
8921,FAM76A,0.99878496
8922,RFC2,0.99865735
8923,ST3GAL5,0.99852437
8924,ZNF212,0.9986149
8925,CAAP1,0.99920183
8926,PCTP,0.9995459
8927,MTRR,0.99893975
8928,PTGER4,0.9976751
8929,TEX10,0.99865675
8930,NVL,0.9985617
8931,LDOC1,0.9986146
8932,RBM19,0.99928844
8933,WDFY2,0.9984763
8934,SLC26A6,0.9969228
8935,CLUAP1,0.9991516
8936,ABAT,0.999346
8937,MNAT1,0.9991394
8938,XPO4,0.998966
8939,CXorf56,0.99791926
8940,SLC35B4,0.9950154
8941,MAP6,0.9991771
8942,ZNF446,0.9990691
8943,TSPYL5,0.9984393
8944,NPTX1,0.999285
8945,HSPB8,0.99908334
8946,ATAT1,0.9933801
8947,RASGRF2,0.99908715
8948,TTC13,0.9982461
8949,WDR44,0.9993446
8950,LPAR5,0.99945134
8951,C8orf76,0.9994936
8952,DCAF1,0.9991369
8953,C1QTNF4,0.9965492
8954,WBP4,0.99825764
8955,DOP1B,0.99898076
8956,THOC1,0.99927557
8957,RFWD3,0.99695647
8958,CCDC198,0.9981298
8959,ARNTL2,0.9986776
8960,SCYL3,0.99921876
8961,ZNF25,0.9984146
8962,MTRNR2L12,0.99829996
8963,CARD6,0.99954116
8964,DPP4,0.9945712
8965,ACAD8,0.9984063
8966,WDR37,0.9962781
8967,MIOS,0.99877495
8968,SLC5A3,0.99920404
8969,CBWD1,0.99765897
8970,DCLRE1C,0.99789584
8971,LIF,0.999445
8972,KCTD15,0.99824536
8973,CRAMP1,0.99758124
8974,CEP70,0.99973685
8975,XXYLT1,0.9991149
8976,ZRSR2,0.9991334
8977,DDX55,0.9976042
8978,EVI5L,0.99537146
8979,NATD1,0.99073106
8980,APBA2,0.99715465
8981,ATP8A1,0.9984988
8982,NSMCE2,0.99935436
8983,CADPS,0.9990974
8984,CACNA2D1,0.99598706
8985,WASHC2C,0.99566466
8986,EFS,0.9994825
8987,BPHL,0.9981745
8988,CXCL5,0.9989028
8989,SARS2,0.9921701
8990,HBEGF,0.9976458
8991,GNG7,0.9982989
8992,SLC25A40,0.9985602
8993,MRPS9,0.9987363
8994,ADCY4,0.9959984
8995,UTP23,0.999471
8996,TECPR2,0.9983834
8997,DOCK4,0.99741507
8998,EID2,0.9989439
8999,RABEPK,0.9954116
9000,PRRG4,0.9998166
9001,REPS2,0.9996847
9002,CDH6,0.9970632
9003,LTB4R,0.99836063
9004,KCTD18,0.9967857
9005,DNAJC24,0.998293
9006,CD86,0.99868536
9007,S1PR1,0.9986843
9008,FAM92A,0.99648964
9009,ZMYND19,0.9990433
9010,JARID2,0.9957439
9011,FGR,0.9993605
9012,MACROH2A2,0.99806935
9013,WDR27,0.9986566
9014,GLI3,0.9992585
9015,HSD11B1L,0.9982615
9016,TBCC,0.9900297
9017,RAD54L2,0.9984813
9018,MERTK,0.99840593
9019,GIMAP1,0.9986282
9020,ELMO1,0.99765646
9021,CEP68,0.99873203
9022,EGR3,0.99689794
9023,TLR3,0.998806
9024,EXTL2,0.99899656
9025,RRAGB,0.99820787
9026,STON1,0.999026
9027,CLSTN2,0.99681324
9028,ZNF462,0.9978563
9029,DACT3,0.9982077
9030,NOSTRIN,0.9984791
9031,GPT2,0.9986147
9032,CNKSR3,0.99967957
9033,RBBP9,0.9995949
9034,C20orf194,0.9971612
9035,PLEKHH2,0.99944115
9036,PKNOX1,0.9979248
9037,ERCC6L2,0.99798834
9038,FANCI,0.9970904
9039,ZNF777,0.99774945
9040,UBN2,0.9979837
9041,C5orf51,0.9978036
9042,TBC1D22B,0.9988883
9043,PELI3,0.9971061
9044,MVK,0.9992772
9045,ZBTB43,0.99874955
9046,CACNA1C,0.99385893
9047,SLC16A7,0.999348
9048,ZNF133,0.99884814
9049,CHDH,0.9971091
9050,RUFY2,0.998012
9051,BCOR,0.99951744
9052,NAPEPLD,0.9995644
9053,FGD2,0.99728066
9054,RASAL1,0.9997129
9055,PLCG2,0.9974119
9056,KCNK16,0.9993982
9057,EOGT,0.996349
9058,NIPAL3,0.99946773
9059,AGPAT4,0.99891263
9060,ERMAP,0.99732375
9061,TXNL4B,0.99856496
9062,RASL12,0.99495876
9063,CACNA1D,0.99837005
9064,PXMP2,0.99974656
9065,ABHD5,0.999401
9066,R3HCC1L,0.99600816
9067,FRRS1,0.9991371
9068,GXYLT1,0.9994416
9069,CEMIP,0.99961174
9070,PXK,0.9983847
9071,CCDC85C,0.9997395
9072,STC1,0.99857295
9073,POGLUT2,0.99855936
9074,ETFRF1,0.998145
9075,ERICH1,0.9967878
9076,ZBTB22,0.9978365
9077,FAM114A2,0.9982331
9078,CCDC22,0.99727
9079,C12orf76,0.9994205
9080,SLC25A43,0.9991864
9081,ZNF468,0.9987417
9082,FKTN,0.9986254
9083,NME2,0.9998107
9084,RRP8,0.9969269
9085,RSPH3,0.9982228
9086,ECT2,0.9995701
9087,TUBGCP3,0.99913025
9088,SNAPC5,0.9979041
9089,C2orf69,0.99907964
9090,TET3,0.99922276
9091,LIG3,0.99950683
9092,JMY,0.99753463
9093,ZNF771,0.9966234
9094,GEMIN4,0.9982087
9095,DOCK11,0.9978302
9096,C12orf43,0.99779344
9097,NAGPA,0.99764556
9098,INPP5E,0.9986351
9099,FMO1,0.99818
9100,UBE2O,0.99833965
9101,NUDT18,0.9919395
9102,SVBP,0.99808776
9103,GASK1A,0.99810904
9104,UGGT2,0.9985747
9105,MAP4K2,0.9971887
9106,ZNF26,0.9987478
9107,FAM83A,0.9996901
9108,PC,0.99688643
9109,RCHY1,0.99608094
9110,ABHD8,0.99882144
9111,ADAMTS9,0.99741757
9112,LRRN1,0.9972929
9113,SUPV3L1,0.9988753
9114,RRM2,0.99742705
9115,CDK2,0.999157
9116,IFT46,0.9982201
9117,EPC2,0.9853119
9118,SLC7A6OS,0.99853134
9119,DZIP3,0.997255
9120,GIMAP6,0.9988564
9121,TOPORS,0.99797106
9122,ADA,0.9974607
9123,DYNC2H1,0.9988893
9124,CD48,0.9973793
9125,SERPINA6,0.9986395
9126,MTHFSD,0.9992274
9127,MCC,0.998794
9128,RNF8,0.9983666
9129,GPATCH2,0.99896514
9130,MYPOP,0.9992341
9131,UBOX5,0.99849766
9132,SLAMF7,0.99924684
9133,NUDCD1,0.9986155
9134,ADGRF1,0.99994236
9135,GSAP,0.9996448
9136,UPK3BL1,0.99683315
9137,ZDHHC21,0.99917275
9138,PI16,0.9799961
9139,ABHD17B,0.99674416
9140,NEK3,0.99413246
9141,TRAPPC2B,0.9968591
9142,ROR1,0.9963443
9143,FARS2,0.9965373
9144,MSRA,0.9995395
9145,ARHGAP10,0.99842185
9146,PREX2,0.9985676
9147,PDE6D,0.9980075
9148,UMAD1,0.9963312
9149,C4BPB,0.9999081
9150,PIGB,0.99787956
9151,SLC39A8,0.9981705
9152,ABRAXAS2,0.99865925
9153,WDR7,0.99942875
9154,C2orf49,0.99206626
9155,WDR70,0.9980365
9156,KCTD11,0.9995723
9157,IKZF3,0.99796826
9158,ZNF436,0.9989847
9159,CEP131,0.9971987
9160,GAB2,0.9947566
9161,ANKRD44,0.9989682
9162,RAB6B,0.99753994
9163,LYRM7,0.99753565
9164,TUT1,0.99867046
9165,REV3L,0.9992873
9166,CCNYL1,0.9994995
9167,PCBD2,0.9983569
9168,C1orf159,0.9804274
9169,LMTK3,0.9989891
9170,WDR72,0.9984875
9171,CNNM4,0.99981314
9172,MOSPD2,0.9986599
9173,GFOD1,0.9994164
9174,MAP2K5,0.9964812
9175,KBTBD4,0.9978798
9176,MANEA,0.99893296
9177,ABCA5,0.99961066
9178,THTPA,0.998614
9179,POLI,0.9983018
9180,DHFR,0.998255
9181,MAD2L1BP,0.9966571
9182,OTULIN,0.99744207
9183,PAFAH2,0.9983882
9184,RITA1,0.9950375
9185,ZNF480,0.999712
9186,RAI2,0.9980311
9187,BCKDHB,0.9985637
9188,C14orf132,0.9991209
9189,NRDE2,0.9981259
9190,VGF,0.99978733
9191,ALDOB,0.9981987
9192,CABLES1,0.99952227
9193,BST1,0.996988
9194,ZBTB1,0.99636817
9195,EIF5A2,0.999655
9196,MEDAG,0.99890727
9197,LRRC57,0.99926126
9198,CHM,0.9928992
9199,FBXW9,0.99475527
9200,GLI2,0.99952
9201,TMEM260,0.9976981
9202,METTL15,0.9993349
9203,MFSD2A,0.9996925
9204,TMEM163,0.9966806
9205,WHAMM,0.9988203
9206,FBXO33,0.9985016
9207,MBIP,0.9989411
9208,LARP1B,0.99900603
9209,GSTZ1,0.9976759
9210,ERMARD,0.9984547
9211,C1orf115,0.9992724
9212,ALDOC,0.9998447
9213,USPL1,0.9963901
9214,TMEM104,0.99884516
9215,CMSS1,0.9983332
9216,GRPEL2,0.9976265
9217,CCDC159,0.9965039
9218,SOCS2,0.9980711
9219,RNF144B,0.9974713
9220,TOX3,0.9994576
9221,TOP1MT,0.99821985
9222,NOP9,0.9969572
9223,KIAA0556,0.998568
9224,PTPN4,0.9992793
9225,FBXL7,0.99910325
9226,TEF,0.9989067
9227,TMEM39B,0.9972657
9228,ZNF423,0.9988518
9229,ZNF331,0.99735504
9230,PACSIN3,0.99904597
9231,PRRX2,0.99929464
9232,MICALL1,0.9992039
9233,APOOL,0.99655235
9234,ZBTB18,0.99463046
9235,ESCO1,0.9979884
9236,TMEM237,0.99851495
9237,C1orf131,0.999623
9238,ZNF346,0.99703985
9239,RAB26,0.9996108
9240,TBC1D24,0.99779856
9241,RASL11B,0.99809
9242,CBLL1,0.9992524
9243,CBWD5,0.99881816
9244,SLC25A22,0.9984349
9245,TM6SF1,0.9971797
9246,GEMIN6,0.9981966
9247,PCCA,0.9985041
9248,MUC12,0.99266165
9249,ZNF267,0.99913424
9250,XPA,0.99769384
9251,CAB39L,0.99748117
9252,CDKL5,0.99772394
9253,KREMEN1,0.99807495
9254,IGSF9,0.9998559
9255,CGRRF1,0.99599665
9256,EML1,0.9979747
9257,WDR20,0.9987279
9258,C2orf74,0.9982953
9259,GEMIN8,0.9952672
9260,GGH,0.9985169
9261,TLCD3A,0.99838555
9262,UIMC1,0.9992932
9263,DPH5,0.9981251
9264,SLC2A13,0.99856836
9265,TMTC4,0.9993038
9266,EFHD1,0.9990994
9267,MAPK8IP1,0.9977277
9268,MRPL58,0.99933916
9269,CALY,0.9973947
9270,MARCHF1,0.9987147
9271,MON1A,0.9982829
9272,DOK2,0.99640745
9273,TMEM80,0.9987496
9274,LRRC8C,0.9994003
9275,HOXA3,0.99639106
9276,UNKL,0.9994357
9277,HSD17B7,0.99753416
9278,MAPK10,0.9995636
9279,COQ6,0.9990316
9280,MAPK11,0.9971984
9281,ZNF618,0.99604154
9282,FAN1,0.99480426
9283,GSPT2,0.998756
9284,TIE1,0.9988201
9285,ZNF140,0.9983245
9286,PXYLP1,0.99843067
9287,TAF9B,0.9981811
9288,MTFR1,0.99824345
9289,PELI2,0.9974354
9290,TNFRSF19,0.99835014
9291,DDHD1,0.997264
9292,AOAH,0.9987064
9293,MYO1A,0.99949646
9294,SUOX,0.9994576
9295,HEATR6,0.99729526
9296,GALK2,0.99736494
9297,PRIMPOL,0.9978995
9298,SEC16B,0.9995146
9299,TMEM273,0.99802154
9300,DIXDC1,0.9963149
9301,OSR2,0.9994379
9302,AP5B1,0.99644375
9303,CDC42BPG,0.9996208
9304,SNN,0.99827534
9305,METTL1,0.99899566
9306,DPH2,0.9976327
9307,CHAMP1,0.99754167
9308,TBPL1,0.9971087
9309,RBM15,0.9904773
9310,BMP8B,0.999263
9311,RCBTB1,0.99832696
9312,PLCL2,0.998605
9313,CCDC34,0.998384
9314,HDDC3,0.99554944
9315,PTGS1,0.99963456
9316,BTBD9,0.99783456
9317,SLC25A20,0.99858093
9318,ZNF740,0.99915004
9319,PRRG1,0.9994713
9320,ACYP1,0.9991146
9321,MBNL3,0.9993492
9322,ARHGEF37,0.9969573
9323,AL162231.1,0.99692786
9324,SFRP1,0.997998
9325,KRT13,0.9986404
9326,TPX2,0.9989689
9327,NAA80,0.99853253
9328,SLC31A2,0.99738014
9329,FBXO6,0.99874985
9330,TIMM21,0.9988555
9331,MTFP1,0.99809885
9332,KLHL8,0.9982684
9333,CAPN12,0.99956286
9334,GMEB2,0.9986877
9335,VANGL1,0.99769235
9336,RPUSD4,0.9984493
9337,CEP44,0.9966729
9338,PPM1L,0.9977758
9339,ZNF134,0.99416333
9340,MLF1,0.9995204
9341,PHF8,0.9980376
9342,TYW3,0.9990643
9343,FMN1,0.9995
9344,CD300A,0.9988002
9345,UTP14A,0.9978148
9346,HPF1,0.9947169
9347,TACC3,0.99951684
9348,CDKAL1,0.9965418
9349,ARHGAP25,0.99823207
9350,NPAT,0.99885446
9351,C5orf46,0.9986245
9352,TNNC2,0.9997302
9353,DCPS,0.9988498
9354,TMEM200A,0.99902487
9355,DOP1A,0.99488735
9356,TDRD7,0.9997114
9357,ZNF7,0.9970177
9358,CHUK,0.999741
9359,HCFC2,0.9991924
9360,TSPAN11,0.9992172
9361,ALKBH2,0.9980099
9362,CXCL9,0.99623364
9363,ZNF500,0.9981881
9364,ACTR6,0.99802184
9365,HAUS7,0.9978471
9366,NXPE3,0.99507594
9367,ETAA1,0.9987784
9368,CRY1,0.992888
9369,ITIH3,0.99211186
9370,NUDT12,0.9993852
9371,CYYR1,0.9930209
9372,DUSP10,0.99954075
9373,ZMYM5,0.9993434
9374,DOHH,0.99857825
9375,NCF4,0.9984451
9376,TMCO4,0.99871415
9377,SLC45A3,0.99968934
9378,BOLA1,0.9993566
9379,EBF1,0.9958796
9380,VNN2,0.9950966
9381,ALDH1L1,0.99943703
9382,CTXN1,0.99781847
9383,SORCS2,0.99956393
9384,CRLF3,0.9942954
9385,BLNK,0.99963486
9386,SMPD2,0.99949545
9387,TAF8,0.99725246
9388,BAMBI,0.99960715
9389,FOXRED2,0.9989759
9390,BCAS4,0.9954347
9391,KCTD7,0.9991571
9392,MYNN,0.9983628
9393,BCL2,0.9995949
9394,PEX1,0.9990463
9395,RCC1,0.9972335
9396,DNAJC17,0.9974686
9397,KRT80,0.99959767
9398,POLR3K,0.9967618
9399,CROT,0.99640024
9400,DSTYK,0.99870557
9401,EXOC6B,0.9961011
9402,RINT1,0.99905896
9403,SLC35F2,0.9994646
9404,ZAP70,0.99619436
9405,PUS7L,0.998618
9406,ZBTB40,0.9994856
9407,MPZL3,0.9995231
9408,RPP38,0.99941254
9409,PPARA,0.9985708
9410,ORC3,0.9967238
9411,GBGT1,0.9953182
9412,UBXN2A,0.9974663
9413,MAPK12,0.99869746
9414,HPN,0.9963341
9415,FDX2,0.99935466
9416,TMEM131L,0.9995495
9417,ZNF574,0.99704874
9418,SOCS1,0.99923426
9419,MOCS1,0.9987945
9420,KCNMB4,0.99759775
9421,GIMAP7,0.99271464
9422,RFT1,0.99905586
9423,TMEM107,0.9959099
9424,SPATA2L,0.99722326
9425,FAM110A,0.99928236
9426,ARL14EP,0.9971096
9427,ZNF747,0.99171257
9428,RANBP6,0.9981704
9429,TSHZ3,0.99822974
9430,EEF2KMT,0.998984
9431,LIG4,0.99694103
9432,USP18,0.99954677
9433,AOX1,0.99874586
9434,KPNA5,0.9983828
9435,MDC1,0.99321425
9436,DNASE1,0.9988048
9437,FAM78A,0.9988161
9438,TTC8,0.9993027
9439,ZBTB46,0.9946757
9440,BTRC,0.9922279
9441,DDX59,0.99846554
9442,PLEK,0.9982038
9443,TMEM120B,0.9973379
9444,TRMT61B,0.99914384
9445,SFT2D3,0.9974256
9446,IL27RA,0.99892
9447,INTS7,0.99512285
9448,TYMS,0.9985316
9449,SYT12,0.9995867
9450,NEDD1,0.9984312
9451,SPAST,0.99862695
9452,GTF2IRD2,0.9995117
9453,ST7L,0.99930215
9454,SETD4,0.9989899
9455,COL4A5,0.998062
9456,TOR2A,0.9995048
9457,ERG,0.9934194
9458,SGCD,0.999528
9459,PUSL1,0.9992481
9460,RPP21,0.9983921
9461,FOXA2,0.9983512
9462,ACAT2,0.99690676
9463,ACOT11,0.99950904
9464,FAM118B,0.9984708
9465,PILRA,0.9995476
9466,TTC23,0.998056
9467,TRPC1,0.998301
9468,PDE3A,0.9962855
9469,CCDC127,0.99933094
9470,ASB3,0.9990469
9471,EPHX2,0.99896663
9472,HGD,0.9991379
9473,MFSD8,0.99700165
9474,WDR19,0.99879813
9475,FAM219A,0.998496
9476,ZNF805,0.9961301
9477,MAP3K10,0.9979853
9478,MEOX1,0.9993549
9479,TENM4,0.9991027
9480,HSD11B1,0.997497
9481,MED7,0.999086
9482,E2F3,0.99938464
9483,ZNF521,0.9990762
9484,MAD1L1,0.9979565
9485,SAMD12,0.99932325
9486,BCL2L12,0.99798566
9487,MCM4,0.99947923
9488,AARS2,0.99887025
9489,FECH,0.999069
9490,PKIA,0.9973509
9491,PTER,0.99939936
9492,ZNF862,0.9969579
9493,RANBP10,0.9884037
9494,PEX14,0.997715
9495,ATPAF2,0.99782366
9496,KYNU,0.99970186
9497,DIPK1B,0.9952337
9498,SSX2IP,0.9993764
9499,SPATA2,0.998887
9500,JRKL,0.9980298
9501,GPN3,0.99852884
9502,BUD13,0.9990916
9503,KDM1B,0.998656
9504,PAPOLG,0.9971001
9505,PDCL3,0.99931884
9506,CCDC88C,0.9980941
9507,TRIP4,0.9989956
9508,TLCD2,0.99953604
9509,PLCB4,0.9994217
9510,HDAC9,0.99890596
9511,SLC9A6,0.99692434
9512,TMEM187,0.9980472
9513,CHRDL1,0.9988116
9514,TEDC1,0.9975023
9515,MARVELD3,0.99903417
9516,INTS13,0.99942
9517,QRSL1,0.9989923
9518,VPS33B,0.9984377
9519,FBXL6,0.9993896
9520,PDX1,0.9994405
9521,GTDC1,0.996914
9522,RCCD1,0.9927034
9523,KCNH2,0.97698575
9524,QSOX2,0.9979205
9525,CCDC117,0.9990492
9526,CEP192,0.9978133
9527,LRATD1,0.99451816
9528,FAM149B1,0.9991309
9529,TMEM255B,0.9988009
9530,ALKAL2,0.9914336
9531,SPAG4,0.9995841
9532,ARAP2,0.99831104
9533,CHN1,0.9990897
9534,ANKRD65,0.9993559
9535,VLDLR,0.9935841
9536,NLK,0.9965165
9537,DSEL,0.9970589
9538,EARS2,0.99797744
9539,DOCK10,0.99769694
9540,MLYCD,0.9992654
9541,ALPK1,0.9980587
9542,C9orf85,0.99931467
9543,DNAL1,0.9944678
9544,TRAF3IP3,0.99494535
9545,PMS1,0.99927294
9546,RWDD2B,0.9972849
9547,BCL7A,0.9917557
9548,NHS,0.9996341
9549,RHOBTB2,0.99778676
9550,STAMBPL1,0.99732625
9551,SNX30,0.9992479
9552,CPLX2,0.9995196
9553,DIPK2B,0.99532473
9554,MFSD13A,0.99913174
9555,CNOT4,0.9967981
9556,VAV1,0.9983441
9557,GXYLT2,0.99954844
9558,SYTL4,0.99866855
9559,MVB12B,0.991877
9560,PDSS2,0.9977534
9561,SEC22A,0.99913883
9562,RIOX2,0.9986149
9563,MARCO,0.9967146
9564,POLR1E,0.9987384
9565,NGRN,0.99052185
9566,DXO,0.9973215
9567,UBIAD1,0.99408853
9568,RP9,0.9974648
9569,PIGH,0.9987284
9570,DHX33,0.9975636
9571,ARV1,0.99946326
9572,C17orf75,0.9985766
9573,PANX1,0.99945325
9574,HLCS,0.99938285
9575,ADAM22,0.9995175
9576,ASPHD1,0.9986077
9577,GUCY1A2,0.99797493
9578,ADAP2,0.9985526
9579,PUDP,0.9994408
9580,RAB36,0.9968017
9581,LRRC40,0.9990979
9582,FAM241A,0.9996238
9583,CASTOR1,0.99777377
9584,PYCR3,0.98968625
9585,NEK1,0.99803746
9586,C1orf216,0.9968424
9587,BIRC5,0.9990884
9588,BANP,0.9994618
9589,SPAG1,0.99906874
9590,TSTD2,0.996456
9591,CD7,0.99686986
9592,TEAD4,0.99713665
9593,C9orf64,0.9977667
9594,PPIL1,0.9984555
9595,BSPRY,0.99884534
9596,RMND1,0.9927696
9597,ANKMY1,0.9965168
9598,CCL4L2,0.99366075
9599,TMEM139,0.9991418
9600,MARCHF3,0.9977772
9601,RPH3AL,0.99943024
9602,ITGB3BP,0.999234
9603,PAAF1,0.9975925
9604,PSMG1,0.99820507
9605,INTS4,0.99924976
9606,RAVER2,0.99460226
9607,TAF4,0.9990622
9608,IGSF3,0.9991045
9609,PANK4,0.99815935
9610,DOLK,0.99745786
9611,ANK2,0.992206
9612,IQCK,0.99955606
9613,ATG4C,0.9991433
9614,RIC8B,0.9964102
9615,TNNC1,0.9966386
9616,ZNF621,0.99765134
9617,CLBA1,0.9995403
9618,CREB3L4,0.9955852
9619,ARAP3,0.9968436
9620,NR2C2AP,0.99419713
9621,PPP1R9A,0.9989041
9622,DCP1B,0.9941001
9623,MPP6,0.9962138
9624,HMGXB4,0.9996447
9625,MSANTD4,0.9992785
9626,AC073111.4,0.99878377
9627,GLRB,0.9989958
9628,BCL9,0.99851
9629,TMEM86A,0.99904966
9630,MED27,0.9963122
9631,COL9A3,0.9920601
9632,PRTFDC1,0.9984044
9633,TADA1,0.99566233
9634,BCLAF3,0.9972377
9635,MAIP1,0.9993044
9636,MST1,0.9994884
9637,HSPA12B,0.99879503
9638,NOL12,0.9990415
9639,AUH,0.9969012
9640,ZNF431,0.99545515
9641,GNPDA2,0.99774134
9642,PLCD1,0.9926433
9643,TMEM25,0.986602
9644,NRF1,0.99783224
9645,AP5S1,0.9982253
9646,LARGE1,0.9991989
9647,GCAT,0.9969561
9648,CHST1,0.99748653
9649,POLA2,0.995654
9650,CYB561D1,0.99358106
9651,LACC1,0.997664
9652,EYA3,0.9968944
9653,SPDEF,0.9996741
9654,EDNRB,0.9944675
9655,TRAF6,0.99548644
9656,ENTPD7,0.99810183
9657,CNKSR1,0.9992613
9658,RNF208,0.99042225
9659,PRKD1,0.99913836
9660,LRRC25,0.9991603
9661,ZNF853,0.9947225
9662,KIF9,0.9975805
9663,TOP3A,0.99745566
9664,FUZ,0.99844706
9665,SPINDOC,0.99654967
9666,FOXO4,0.99731094
9667,TRIB3,0.9983961
9668,FASTKD1,0.99779475
9669,INO80B,0.99856937
9670,POLH,0.9957291
9671,B9D1,0.99826247
9672,BICDL1,0.99938077
9673,POT1,0.99897635
9674,ZSWIM4,0.9990039
9675,MAP7D3,0.9970151
9676,LOXL3,0.99843717
9677,MIPEP,0.9983251
9678,USP32,0.9996312
9679,GPR155,0.99805146
9680,CDH19,0.99823445
9681,APOBR,0.99823344
9682,C9orf152,0.9987104
9683,ZXDC,0.99868757
9684,ADCY5,0.9983858
9685,GPAT2,0.9989501
9686,TIAM1,0.99576867
9687,NBPF1,0.9985114
9688,EXOSC9,0.9990432
9689,TTLL5,0.9981752
9690,PIGV,0.9991455
9691,MNX1,0.9978585
9692,PNPLA7,0.998567
9693,CNTRL,0.9973726
9694,GSDME,0.999055
9695,TRMT11,0.9996197
9696,ZNF507,0.99567395
9697,KIF21A,0.99739563
9698,ARHGEF19,0.9991273
9699,TNNI2,0.99906695
9700,NAPB,0.9980809
9701,DCDC2,0.9938478
9702,PDE4D,0.99896646
9703,DTNBP1,0.99884385
9704,PRMT6,0.99826396
9705,AKR7A3,0.9997217
9706,LRRC37B,0.9973768
9707,TTC7B,0.998863
9708,NME6,0.9993847
9709,FAM110B,0.9983007
9710,DCLK2,0.9965712
9711,CYTIP,0.9966555
9712,RGMA,0.9968128
9713,CDCA7L,0.99452424
9714,SAMSN1,0.9968792
9715,MAML3,0.9987914
9716,EMSY,0.99844855
9717,ZNF211,0.9968561
9718,AC015813.2,0.9995763
9719,CA11,0.9990438
9720,SLC46A1,0.99782443
9721,SLC28A3,0.9939408
9722,SETBP1,0.99875814
9723,PGAP1,0.99567044
9724,ELOVL6,0.9987982
9725,ADAMTS14,0.9998641
9726,STARD4,0.99967533
9727,WARS2,0.9983995
9728,THUMPD2,0.99577475
9729,HVCN1,0.9980794
9730,PHLDB3,0.99684846
9731,SUSD1,0.9989052
9732,OGG1,0.9979418
9733,MDGA1,0.99926394
9734,PPFIA3,0.99883306
9735,TRIM52,0.9993144
9736,RPP14,0.99683094
9737,MLLT11,0.99884266
9738,ANXA9,0.999079
9739,GPR68,0.999522
9740,SLC38A6,0.9977531
9741,SLC25A32,0.9983574
9742,ZNF780A,0.9982037
9743,KLHL11,0.99760777
9744,EXOC8,0.9991857
9745,FKBP2,0.9994556
9746,PEX6,0.99886525
9747,HAUS2,0.9955383
9748,ALG14,0.9986521
9749,ATXN7,0.9963212
9750,METTL22,0.99774176
9751,DBNDD1,0.9982553
9752,PARP2,0.99856734
9753,BDH1,0.9984094
9754,GCH1,0.9976572
9755,RABGEF1,0.9992555
9756,C2orf72,0.9988255
9757,SCN4B,0.99793935
9758,FAM110C,0.99943906
9759,FBF1,0.99697006
9760,GAP43,0.99716604
9761,TRIM15,0.99789304
9762,THG1L,0.9972247
9763,ERP27,0.99891704
9764,CASP8AP2,0.9958361
9765,CCDC102A,0.99685866
9766,ZNF268,0.9969338
9767,TMEM267,0.9992413
9768,ME1,0.99633104
9769,FOXF2,0.998456
9770,C12orf73,0.9988292
9771,CASTOR3,0.9982424
9772,BPGM,0.99648535
9773,TMOD2,0.996624
9774,ZNF213,0.9944918
9775,NBPF11,0.99858
9776,AATK,0.99940985
9777,CRISPLD1,0.9987527
9778,FAM107A,0.99129945
9779,NIPA1,0.9988085
9780,ANKRD13B,0.99597585
9781,L3MBTL3,0.9994221
9782,RORC,0.9994334
9783,TRIM68,0.99931717
9784,VWA2,0.99937874
9785,AGK,0.9946426
9786,HEATR3,0.99815893
9787,FKRP,0.9979024
9788,DYSF,0.9943965
9789,SMIM5,0.999753
9790,RIOK1,0.99423355
9791,RAB7B,0.99907154
9792,TCTEX1D2,0.99324095
9793,DENND5B,0.9865702
9794,ZNF721,0.9993708
9795,SERPINF2,0.99765223
9796,NSUN3,0.9975352
9797,CIDEB,0.9987067
9798,ZW10,0.9967092
9799,HINFP,0.99821925
9800,EXOSC3,0.99821913
9801,COX16,0.9998287
9802,LRRC61,0.9977958
9803,EPN3,0.9969369
9804,GPS2,0.9941665
9805,GOLGA7B,0.9986434
9806,TOGARAM1,0.9984505
9807,RAB30,0.99917686
9808,ROBO4,0.99499315
9809,CCDC28B,0.9938142
9810,CPEB2,0.9980562
9811,BIN2,0.9977124
9812,DAPP1,0.9994361
9813,TRIT1,0.9955986
9814,PITPNM2,0.9936677
9815,TRAF3IP1,0.99902165
9816,TMEM268,0.99636066
9817,PDE1B,0.99797565
9818,COIL,0.99701303
9819,MINDY4,0.99900526
9820,RHOV,0.9995401
9821,LIG1,0.99534035
9822,PIWIL4,0.99619746
9823,GPM6B,0.9981927
9824,TRIL,0.9996052
9825,TBCEL,0.9984256
9826,PTGER3,0.99772
9827,RTN1,0.9895626
9828,TMEM220,0.9960966
9829,CHTF18,0.99729866
9830,PDZD4,0.9972142
9831,TBC1D7,0.9986766
9832,ARHGEF9,0.9986491
9833,CCP110,0.9964537
9834,ADGRB2,0.99841654
9835,SPTSSB,0.99870336
9836,CHD7,0.9994085
9837,XRRA1,0.98794425
9838,SOX6,0.9969266
9839,USP46,0.9976275
9840,KLHL6,0.99886066
9841,GNG4,0.9969144
9842,TMC7,0.99966174
9843,NLE1,0.99480766
9844,PTCH2,0.99871826
9845,MC1R,0.99862045
9846,SCRG1,0.99932945
9847,MIER3,0.99699706
9848,KIAA1211L,0.9988475
9849,MKRN2,0.99733716
9850,DDX10,0.99951965
9851,KPTN,0.999035
9852,KATNAL1,0.9989219
9853,ZBTB14,0.9962519
9854,DNAL4,0.9968291
9855,VTI1A,0.99896073
9856,HSCB,0.9981704
9857,ZBED4,0.9987193
9858,GPRASP1,0.9978784
9859,PLCXD1,0.998772
9860,SFXN5,0.997328
9861,LYAR,0.99949133
9862,SKAP1,0.99722517
9863,NT5DC3,0.99603474
9864,PTN,0.9979952
9865,MIS12,0.998203
9866,TMOD1,0.9978763
9867,HIRA,0.99841213
9868,CD27,0.9660375
9869,MORN4,0.9992831
9870,SGCA,0.9969324
9871,ABCB1,0.99462944
9872,CCL22,0.9985738
9873,FBXO30,0.9985774
9874,SERPINB8,0.99741536
9875,MAPKBP1,0.998968
9876,XPNPEP3,0.998629
9877,ZSCAN29,0.9979032
9878,SMIM13,0.9958912
9879,PHTF1,0.9979279
9880,DGAT2,0.9982847
9881,PTCD1,0.99756855
9882,GTF2H4,0.9954837
9883,STK32C,0.9975422
9884,TRIM21,0.9984185
9885,ARVCF,0.9975034
9886,FAM117A,0.9989917
9887,ZNF605,0.9954945
9888,TGDS,0.9982001
9889,NAA16,0.9981875
9890,TRIM23,0.99929214
9891,POLD3,0.9981599
9892,ICOSLG,0.9972594
9893,METTL8,0.9959344
9894,BDKRB2,0.9964707
9895,CCDC112,0.9966115
9896,TMEM161B,0.9964889
9897,ZNF720,0.9947492
9898,CSF2RA,0.9975261
9899,SERAC1,0.9981439
9900,IDS,0.99584115
9901,KLHL28,0.9949157
9902,ZNF544,0.9975115
9903,ZBTB37,0.99943656
9904,IMMP2L,0.99807787
9905,PSTPIP2,0.9989354
9906,LYNX1,0.9964966
9907,EEF1AKMT3,0.9976561
9908,DCUN1D2,0.99903977
9909,ENPP5,0.99730647
9910,INTS9,0.99719954
9911,ANKRD42,0.9993814
9912,ACOX3,0.99830306
9913,CYP2U1,0.99801326
9914,BLOC1S3,0.9981526
9915,RBM4B,0.9973452
9916,ADAMTS7,0.99925107
9917,LARS2,0.99891937
9918,PIBF1,0.9976262
9919,RALGPS1,0.99917567
9920,TGS1,0.9988275
9921,MAK16,0.99651855
9922,MCEE,0.99641204
9923,SLC39A5,0.9947977
9924,C3orf38,0.99823433
9925,POLG2,0.99824524
9926,ZFPM2,0.9976913
9927,TTC27,0.9991404
9928,DNALI1,0.9954153
9929,SYNJ1,0.99789256
9930,PDK1,0.9997376
9931,LRRC20,0.99956334
9932,CPLANE1,0.99941766
9933,FAM167B,0.99482524
9934,COX18,0.9993616
9935,NHSL2,0.99894553
9936,WRN,0.99847895
9937,LANCL2,0.9981129
9938,POLE,0.9992862
9939,USP21,0.9986869
9940,CTPS1,0.99939543
9941,BBS4,0.9972905
9942,TBKBP1,0.99654627
9943,PCDH17,0.99889773
9944,RAD51C,0.99707437
9945,TMEM234,0.9981136
9946,CEP41,0.9989823
9947,TOMM5,0.9982797
9948,SLC2A11,0.9978241
9949,APCS,0.9985131
9950,ORC5,0.9960325
9951,C12orf65,0.99961525
9952,NLN,0.9969955
9953,SPACA6,0.9995067
9954,UGT8,0.99936545
9955,GIMAP2,0.9995011
9956,DUS2,0.98959583
9957,LRRC28,0.99766994
9958,AZIN2,0.9985711
9959,ACADSB,0.99641687
9960,TAMM41,0.99862146
9961,SPTBN2,0.9987002
9962,IL34,0.99824744
9963,TRMT13,0.9988453
9964,NGEF,0.99982667
9965,TUBGCP4,0.99626243
9966,SCX,0.9967996
9967,GANC,0.990911
9968,TRIM32,0.99918777
9969,KATNB1,0.99551105
9970,MSH2,0.9974049
9971,MTMR9,0.9989213
9972,TARS3,0.997437
9973,OLFM1,0.9981907
9974,ST3GAL6,0.9948695
9975,CXCL1,0.99905586
9976,IL17RE,0.9997848
9977,CYP4F12,0.999382
9978,CDKN2D,0.99935836
9979,CHML,0.9946718
9980,NAA40,0.9989985
9981,ITLN1,0.988806
9982,DUSP2,0.9986967
9983,KLHL18,0.99594575
9984,GDAP2,0.998714
9985,PTTG1,0.99727327
9986,KIZ,0.9965768
9987,GPR176,0.9980204
9988,ZNF776,0.99604464
9989,HSPA14-1,0.9995212
9990,B3GLCT,0.9976019
9991,CKAP2,0.9996089
9992,CYRIA,0.99818784
9993,GAL3ST1,0.9993038
9994,E2F6,0.995147
9995,TPRG1,0.999632
9996,EXOC2,0.99730307
9997,TK1,0.99904746
9998,HOOK1,0.9989318
9999,SETDB2,0.995281
