gene_index,gene,oracle_pcc
0,EPCAM,0.9757599
1,KRT5,0.87218136
2,KRT14,0.9081077
3,KRT17,0.9853168
4,TP63,0.91810256
5,KRT6A,0.991457
6,KRT16,0.99607587
7,KRT1,0.9791545
8,KRT10,0.96989375
9,IVL,0.99732184
10,MMP10,0.7154301
11,LAMC2,0.7697652
12,COL17A1,0.85170275
13,MLANA,0.9171706
14,PMEL,0.805149
15,PTPRC,0.97092104
16,COL1A1,0.67612255
17,PECAM1,0.94810677
18,MKI67,0.9072912
19,KRT6B,0.9946171
20,SFN,0.9676014
21,DSG3,0.9708617
22,ITGA6,0.8524435
23,ITGB4,0.8981066
24,LAMB3,0.86685026
25,TOP2A,0.89686304
26,UBE2C,0.9024642
27,CENPF,0.9362207
28,STMN1,0.94713604
29,LOR,0.7534329
30,FLG,0.94186795
31,DSC1,0.84968156
32,SPRR1A,0.8418599
33,SPRR1B,0.99571574
34,ITGA5,0.9630839
35,TGFBI,0.8508847
36,VIM,0.9490866
37,SERPINE1,0.94948775
38,INHBA,0.86942494
39,MMP1,0.6416915
40,MMP3,0.7752524
41,KRT15,0.66658247
42,KRT19,0.9849201
43,SOX9,0.9563886
44,LHX2,0.959887
45,KRT75,0.89114016
46,PPARG,0.979414
47,FASN,0.71765304
48,SCD,0.9251934
49,FABP5,0.9934425
50,PLIN2,0.93614393
51,MGST1,0.726595
52,KRT7,0.98486465
53,KRT8,0.97606695
54,KRT18,0.8435173
55,KRT77,0.95398605
56,MUC1,0.9218994
57,SCGB2A2,0.9317741
58,TYR,0.92611974
59,DCT,0.8988427
60,MITF,0.98089993
61,CD37,0.949682
62,CORO1A,0.96183366
63,LAPTM5,0.95870495
64,CD3D,0.9531212
65,CD3E,0.92650217
66,LTB,0.92258555
67,IL7R,0.9714761
68,MAL,0.56166244
69,CCR7,0.9590187
70,TCF7,0.98096454
71,LEF1,0.9871845
72,CD8A,0.9774895
73,CD8B,0.9265872
74,CCL5,0.93546146
75,NKG7,0.9814581
76,PRF1,0.9556126
77,GZMK,0.92542535
78,GZMB,0.9323153
79,FOXP3,0.94459933
80,IL2RA,0.9788607
81,CTLA4,0.9535477
82,TIGIT,0.96717083
83,IKZF2,0.9465547
84,CCR8,0.96400213
85,PDCD1,0.9510495
86,LAG3,0.9531656
87,HAVCR2,0.95866776
88,TOX,0.88598675
89,CXCL13,0.9611894
90,ENTPD1,0.9719971
91,GNLY,0.9146944
92,KLRD1,0.97168314
93,FCGR3A,0.9830756
94,TYROBP,0.96380913
95,MS4A1,0.9517701
96,CD79A,0.9394413
97,CD74,0.7188668
98,HLA-DRA,0.83263093
99,CD22,0.9613641
100,CD83,0.9692057
101,JCHAIN,0.8487804
102,MZB1,0.9667293
103,SDC1,0.96054846
104,XBP1,0.8747412
105,LST1,0.98891544
106,FCER1G,0.9600518
107,CTSS,0.9822331
108,LILRB1,0.95360756
109,LYZ,0.9319412
110,S100A8,0.99674666
111,S100A9,0.99456334
112,FCN1,0.95547277
113,CCR2,0.9777659
114,VCAN,0.91316634
115,MS4A7,0.98961973
116,IFITM3,0.8860112
117,TYMP,0.77466303
118,C1QA,0.9590824
119,C1QB,0.8995679
120,C1QC,0.9803092
121,APOE,0.96141446
122,CD68,0.9260291
123,MSR1,0.97677684
124,MRC1,0.9602446
125,CTSD,0.8787312
126,FOLR2,0.94265074
127,LYVE1,0.96160465
128,CD163,0.9466709
129,SPP1,0.89051735
130,APOC1,0.95375866
131,TREM2,0.92518723
132,GPNMB,0.9780283
133,LGALS3,0.6957673
134,CTSB,0.92600024
135,IL1B,0.95471215
136,SELL,0.95134765
137,FCGR3B,0.97125775
138,CSF3R,0.96077305
139,CXCR2,0.9557038
140,FPR1,0.96633
141,MNDA,0.9841024
142,CLEC9A,0.9000239
143,XCR1,0.90763307
144,BATF3,0.97972536
145,CADM1,0.90822554
146,IRF8,0.9826957
147,CD1C,0.96081674
148,CLEC10A,0.9639123
149,FCER1A,0.8401978
150,CST3,0.91513866
151,TCF4,0.93246496
152,IL3RA,0.9716062
153,CLEC4C,0.953835
154,IRF7,0.91209966
155,TPSAB1,0.9810536
156,TPSB2,0.9837532
157,KIT,0.97751546
158,MS4A2,0.9765963
159,HDC,0.9455853
160,CPA3,0.9364975
161,CLC,0.9475873
162,PRG2,0.94982743
163,SIGLEC8,0.9288995
164,RNASE2,0.91574186
165,EPX,0.9352526
166,COL1A2,0.8473609
167,COL3A1,0.9217836
168,DCN,0.9786232
169,LUM,0.9808776
170,COL6A1,0.9378949
171,PDGFRA,0.9864011
172,ACTA2,0.95666933
173,TAGLN,0.9901641
174,MYL9,0.98643106
175,TPM2,0.92483985
176,CXCL12,0.97079086
177,IL6,0.9762504
178,CFD,0.9703254
179,C7,0.8796908
180,CXCL14,0.62664336
181,COL11A1,0.9535153
182,FAP,0.9612156
183,THY1,0.9243086
184,PDPN,0.97758347
185,MMP2,0.9285481
186,COL10A1,0.96132857
187,HLA-DPA1,0.6876839
188,HLA-DPB1,0.9248223
189,CIITA,0.96561474
190,VWF,0.95519346
191,CLDN5,0.9174991
192,KDR,0.96038175
193,EMCN,0.9724419
194,ENG,0.9580083
195,RAMP2,0.97949415
196,ESM1,0.92843354
197,ANGPT2,0.9844025
198,PLVAP,0.9900539
199,APLN,0.97345287
200,PGF,0.7895905
201,RGCC,0.9864692
202,EFNB2,0.8785844
203,SOX17,0.97079605
204,GJA5,0.9633036
205,FBLN5,0.95147264
206,HEY1,0.9543076
207,ACKR1,0.96356356
208,SELP,0.9746713
209,SELE,0.9481144
210,NR2F2,0.9898729
211,FLT4,0.9852312
212,CCL21,0.9276011
213,PROX1,0.97766453
214,CCL14,0.9573856
215,RGS5,0.9856573
216,PDGFRB,0.95805514
217,CSPG4,0.94187707
218,MCAM,0.9471791
219,DES,0.9564288
220,NOTCH3,0.8065141
221,MYH11,0.9823218
222,CNN1,0.9719671
223,ADIPOQ,0.9322785
224,PLIN1,0.95277756
225,FABP4,0.9854826
226,LEP,0.9286569
227,LPL,0.96312815
228,CIDEC,0.91704816
229,S100B,0.8900734
230,PLP1,0.91608036
231,MPZ,0.9834014
232,S100A1,0.9465992
233,NGFR,0.9692443
234,CCNB1,0.86781645
235,CDK1,0.9275184
236,TUBB,0.98741055
237,CA9,0.6998016
238,VEGFA,0.8889275
239,BNIP3,0.97134626
240,PGK1,0.9437688
241,LDHA,0.9302474
242,SLC2A1,0.9270686
243,ENO1,0.9587304
244,ISG15,0.8848577
245,IFIT1,0.8849422
246,IFIT2,0.9771399
247,IFIT3,0.9274757
248,MX1,0.93537396
249,OAS1,0.942497
250,STAT1,0.7705446
251,CXCL10,0.8104358
252,FN1,0.9445274
253,SNAI2,0.8941607
254,ZEB1,0.97332335
255,HBB,0.9177546
256,HBA1,0.8657466
257,HBA2,0.9531532
258,ALAS2,0.8650873
259,GYPA,0.8051312
260,AHSP,0.9042976
261,PPBP,0.9051041
262,PF4,0.92339456
263,RGS18,0.9512968
264,NRGN,0.96521986
265,FOS,0.89494246
266,JUN,0.8978606
267,JUNB,0.5745284
268,DDIT3,0.95594454
269,HSPA1A,0.9055963
270,HSPA1B,0.87352663
271,ATF3,0.9541635
272,MT-CO1,0.8830521
273,MT-CO2,0.96858186
274,MT-ND1,0.8791645
275,MT-ND2,0.80575025
276,MT-CYB,0.9533946
277,SPINK5,0.9876618
278,DSC2,0.98890936
279,PKP1,0.9651481
280,CSTB,0.98925555
281,SLPI,0.99232703
282,CSTA,0.98768413
283,KLK7,0.99264336
284,CD24,0.9659968
285,DSC3,0.8897213
286,S100A7A,0.94487774
287,YWHAZ,0.95672274
288,HSPB1,0.90320086
289,PI3,0.99580175
290,ANXA1,0.77616435
291,NDRG1,0.8611363
292,LY6D,0.83018667
293,S100A16,0.96111614
294,TAGLN2,0.9218349
295,FTL,0.9142294
296,GJA1,0.95419633
297,DSG1,0.97760737
298,S100A10,0.9313164
299,HSP90AA1,0.38242608
300,PKM,0.9847787
301,MYH9,0.96210104
302,AHNAK,0.9223332
303,CDSN,0.9887046
304,PTMA,0.9822282
305,S100A14,0.95413125
306,NACA,0.9391194
307,LYPD3,0.9969384
308,UBC,0.85246235
309,DSP,0.98735386
310,LGALS1,0.9425978
311,ARPC2,0.7595798
312,H3F3B,0.9410405
313,JUP,0.9924825
314,CD63,0.9736888
315,LMNA,0.8501295
316,CALML5,0.99145794
317,TRIM29,0.9759342
318,TMEM45A,0.9750458
319,CLCA2,0.9295685
320,SPRR2D,0.940044
321,HLA-A,0.94479024
322,ITM2B,0.9413925
323,DST,0.895545
324,CNFN,0.98886895
325,FLNA,0.97621477
326,ACTN4,0.35816574
327,LAD1,0.9830833
328,CALM1,0.87048984
329,EIF1,0.91650116
330,ATP1A1,0.95421934
331,PSAP,0.9503285
332,MYL12B,0.92667794
333,PPIA,0.9367103
334,SPINT2,0.98576945
335,SPRR2A,0.95946175
336,ALDOA,0.9445137
337,TXN,0.92460537
338,SPARC,0.9401887
339,RTN4,0.9417793
340,FSCN1,0.93848556
341,TMBIM6,0.87617
342,CD59,0.9313015
343,S100A6,0.8845303
344,PRNP,0.84368736
345,SH3BGRL3,0.96067876
346,AHNAK2,0.8742942
347,RPSA,0.94651276
348,SERPINB3,0.9787541
349,NECTIN1,0.94521403
350,FXYD3,0.9142104
351,HSPA8,0.95820445
352,A2ML1,0.9762457
353,EIF4G2,0.89794993
354,SPRR2E,0.964044
355,UBA52,0.96205705
356,FAU,0.9200404
357,MT2A,0.951967
358,GJB6,0.993828
359,PABPC1,0.8686904
360,DSTN,0.90472466
361,CDH3,0.9563452
362,HNRNPA2B1,0.9864714
363,DYNLL1,0.8880136
364,KLK5,0.97077125
365,EEF1B2,0.8897168
366,SAT1,0.8869769
367,GLTP,0.85772234
368,PRDX1,0.9708046
369,ANXA2,0.95683
370,CD44,0.9322364
371,TPI1,0.90592146
372,TUBA4A,0.9806175
373,COL7A1,0.9501459
374,TUBB2A,0.9950657
375,PKP3,0.9439328
376,FTH1,0.9790431
377,KLK10,0.9876968
378,GRN,0.8849323
379,RPN2,0.9646674
380,RBM3,0.9774484
381,MYL6,0.9108791
382,YWHAB,0.5066253
383,TMSB4X,0.84876424
384,OAZ1,0.9844365
385,TACSTD2,0.92848265
386,HNRNPK,0.9699895
387,ACTN1,0.9401725
388,PSMA7,0.59535366
389,PLP2,0.920039
390,SERPINB13,0.9581914
391,GNAS,0.9681334
392,ANXA8L1,0.82228595
393,ANXA8,0.8048757
394,PTRF,0.96724313
395,HLA-E,0.9220071
396,CFL1,0.96539927
397,PFN1,0.9593908
398,S100A11,0.94607687
399,TSPO,0.85575837
400,CSDE1,0.8912909
401,NCL,0.982993
402,TMSB10,0.9065856
403,PLEC,0.9229679
404,TAPBP,0.9793367
405,EIF5A,0.86138475
406,MARCKS,0.4760843
407,YBX3,0.83537155
408,LGALS7B,0.9667903
409,COX4I1,0.9808084
410,AQP3,0.80823666
411,PPDPF,0.8171341
412,YWHAQ,0.86646974
413,GSTP1,0.91543466
414,AEBP1,0.98522604
415,LGALS7,0.95513827
416,FGFBP1,0.7623347
417,DDX5,0.9566742
418,HSPA5,0.8661384
419,RAC1,0.7031989
420,HLA-C,0.73277295
421,HSP90AB1,0.9459261
422,PTBP1,0.98897845
423,KTN1,0.8795938
424,PSMB7,0.9578492
425,CALML3,0.921373
426,TUBB6,0.87032545
427,IGFBP4,0.9544805
428,KRTDAP,0.99245596
429,HDGF,0.95679355
430,CAPZB,0.8850956
431,LAPTM4A,0.8592748
432,LAMP1,0.9269567
433,WDR1,0.9042917
434,ATP5E,0.8976975
435,CANX,0.8786486
436,APP,0.9320605
437,BTF3,0.7162443
438,SERBP1,0.980867
439,CNBP,0.8988941
440,EIF5B,0.4111926
441,HSP90B1,0.8221808
442,AC090498.1,0.8855899
443,IFI27,0.88343483
444,COL6A2,0.86228627
445,PFDN5,0.96734923
446,SPRR2B,0.9534413
447,TUBB4B,0.967479
448,CAP1,0.6949246
449,SLC38A2,0.9755219
450,ATP1B3,0.82890123
451,RHOA,0.7768566
452,POLR2L,0.9633792
453,PTGES3,0.9634213
454,BCAP31,0.9522249
455,SERPINB4,0.9681454
456,EZR,0.96016717
457,ATP5I,0.8822931
458,C4orf3,0.9688625
459,BTG1,0.71376085
460,ZFP36L2,0.9045342
461,HOPX,0.83781046
462,SON,0.52494246
463,NPM1,0.9681052
464,COX6C,0.954231
465,GNAI2,0.8419615
466,CLIC1,0.82310206
467,YWHAE,0.98181456
468,CAPNS1,0.85724056
469,CRCT1,0.93070763
470,ACTR2,0.7045221
471,LCE3D,0.88150996
472,SBSN,0.99612486
473,PLS3,0.8049912
474,COL18A1,0.9903167
475,EDF1,0.9659782
476,CCNI,0.62964565
477,PCBP2,0.97520983
478,TGM1,0.9654946
479,EIF5,0.6323522
480,HNRNPD,0.9489848
481,RACK1,0.97159
482,GJB2,0.9941335
483,DDX17,0.9639879
484,EIF3B,0.93700916
485,C19orf33,0.9334316
486,TPM4,0.8860071
487,MAL2,0.8374715
488,HNRNPU,0.98607194
489,C14orf2,0.9903839
490,IL1RN,0.912077
491,GUK1,0.98466575
492,COL4A2,0.9579994
493,IFI6,0.88427216
494,DHCR24,0.84868515
495,SLC25A3,0.98267394
496,PEBP1,0.9668547
497,PPP1CA,0.97157377
498,CHCHD2,0.9762075
499,CTSC,0.79888713
500,GSN,0.8367817
501,CASP14,0.88282686
502,HNRNPAB,0.954849
503,HNRNPA1,0.9779083
504,PPL,0.86332804
505,CDC42,0.8674497
506,PSMD1,0.44840905
507,ATP5B,0.9650194
508,H2AFY,0.90208805
509,DBI,0.80114126
510,NDUFS6,0.98332936
511,HINT1,0.97986656
512,SLC25A6,0.858727
513,PSME2,0.9799685
514,MSN,0.987328
515,RAN,0.99073994
516,SNRPD2,0.9761259
517,NDUFS5,0.9711472
518,SERF2,0.86959
519,COX7C,0.961701
520,NUCKS1,0.6624706
521,NACA2,0.9383261
522,DEFB103B,0.7815761
523,UBE2D3,0.9684037
524,SKP1,0.9672642
525,SERPINB5,0.79339504
526,CRABP2,0.8404567
527,HNRNPH1,0.9924068
528,MAFB,0.63815373
529,CLTC,0.91007674
530,VCP,0.94643927
531,ATP5A1,0.8652937
532,BSG,0.91716987
533,SREK1IP1,0.7398861
534,VMP1,0.89383405
535,PPP1CB,0.84544575
536,SFPQ,0.98641974
537,SEC61A1,0.96063536
538,MACF1,0.9197964
539,DEFB103A,0.7984475
540,TPM3,0.983781
541,EIF3K,0.9502974
542,EIF6,0.89934844
543,PSMD2,0.97956353
544,PRRC2C,0.45246685
545,PDIA3,0.85362244
546,PTPRF,0.9239144
547,TXNDC17,0.98298734
548,CAST,0.7603689
549,SUB1,0.93311745
550,SYNGR2,0.8656536
551,SSR4,0.96366715
552,CYB5R1,0.9296197
553,H3F3A,0.38403982
554,ZFP36L1,0.78624624
555,CAV1,0.7559229
556,HNRNPM,0.96828216
557,GDI2,0.9760509
558,ARPC1B,0.9846168
559,NDUFA4,0.954809
560,PSMD8,0.93472916
561,S100A2,0.87485284
562,BZW1,0.9647354
563,SURF4,0.9003864
564,NDUFB9,0.96358883
565,BICD2,0.92254436
566,COX6A1,0.82780755
567,NCCRP1,0.9876512
568,CDH1,0.82230896
569,CTNNB1,0.98263633
570,MKNK2,0.7129979
571,MZT2B,0.99290204
572,KLF5,0.81037164
573,WASF2,0.47513247
574,ENAH,0.7858432
575,TCEB2,0.98762804
576,LRP10,0.9409942
577,SRRM2,0.945956
578,HNRNPA3,0.95446235
579,UQCR11,0.9344429
580,SF1,0.9808832
581,SRSF3,0.99264723
582,HMGB1,0.9651293
583,LARP1,0.5813573
584,RAB11A,0.83255947
585,MYL12A,0.8887043
586,CNN2,0.9225967
587,COX6B1,0.9259716
588,ENSA,0.8577699
589,HDLBP,0.95810217
590,PSMB4,0.97267926
591,COX8A,0.91727394
592,GM2A,0.97998476
593,DYNC1H1,0.9671629
594,EIF4G1,0.93693244
595,SOX4,0.86275584
596,RAB7A,0.7803811
597,NDUFA11,0.9872193
598,DNAJB6,0.7775425
599,ELOVL1,0.8432782
600,BGN,0.9690293
601,MCL1,0.92806953
602,EIF3C,0.9829722
603,RNF145,0.6712736
604,CLSTN1,0.97940534
605,YBX1,0.9159145
606,EEF2,0.84953904
607,ROMO1,0.93659174
608,ATP5G2,0.8505194
609,CHD4,0.9446947
610,APLP2,0.74495506
611,UQCRC1,0.9837183
612,UQCRB,0.9356032
613,TMED10,0.9523648
614,ANXA5,0.96856606
615,DMKN,0.99583405
616,TMED2,0.90431166
617,COMMD1,0.9626762
618,FKBP1A,0.9877798
619,CD9,0.85158473
620,MAP4,0.9563466
621,YWHAG,0.9886248
622,MAF,0.8039288
623,SLC7A5,0.9770838
624,EIF3CL,0.96326476
625,PTBP3,0.74640805
626,ECM1,0.81008655
627,EIF3F,0.9245913
628,CLTB,0.8870767
629,SEPT9,0.97363037
630,SEC62,0.85658544
631,SRSF11,0.9330824
632,KIF5B,0.6375016
633,MIDN,0.7996374
634,VAPA,0.951999
635,PSMD11,0.77632624
636,YWHAH,0.9522379
637,NDUFB10,0.96737576
638,IRAK1,0.9632524
639,KRT2,0.9665219
640,FLNB,0.7792866
641,NAP1L1,0.78456825
642,PA2G4,0.7199662
643,PRELID1,0.95056766
644,ELL2,0.96876794
645,HMGA1,0.794093
646,VAMP8,0.7980342
647,MRPL51,0.98951095
648,EIF3H,0.80557907
649,APCDD1,0.82626605
650,GNB1,0.9765895
651,CALM2,0.807285
652,CSNK1E,0.7548751
653,RHCG,0.93013245
654,PMEPA1,0.89889556
655,ATP6AP2,0.83167034
656,UQCRQ,0.9100577
657,UQCR10,0.98179054
658,DNAJB1,0.677586
659,SERP1,0.9092972
660,TOMM20,0.91756773
661,TNS4,0.9815432
662,HEBP2,0.7555195
663,AP2S1,0.89760125
664,ATP5L,0.95913845
665,RAB10,0.84213305
666,CTSA,0.8665895
667,UQCRH,0.96602696
668,FUS,0.9682282
669,SET,0.98215455
670,TUFM,0.9747516
671,AP2M1,0.96870184
672,ATP5O,0.9796982
673,NFIC,0.9242404
674,SRSF5,0.8447266
675,KDELR1,0.97160596
676,CKAP4,0.5248663
677,QSOX1,0.95255286
678,LITAF,0.8773783
679,SSR3,0.9792217
680,APRT,0.92336917
681,SEC61G,0.68518883
682,KRT80,0.9792787
683,DAZAP2,0.9762472
684,MTDH,0.69096607
685,AC012005.1,0.7768854
686,KLK11,0.84808266
687,XRCC5,0.9526035
688,C6orf62,0.91078657
689,BRD4,0.700293
690,C1R,0.9849367
691,ETF1,0.9466882
692,ACTR3,0.9136153
693,SERPINB1,0.8387631
694,MSMO1,0.9503183
695,SLC25A5,0.8075243
696,EMP1,0.71274346
697,COL4A1,0.95014787
698,CAPN2,0.96990424
699,RPLP0,0.9330709
700,RRBP1,0.9253108
701,CCT6A,0.99134696
702,ATF4,0.983805
703,RPLP2,0.9195085
704,RAD23B,0.7882684
705,SPRR2G,0.9268971
706,NPC2,0.94341105
707,HIF1A,0.8096052
708,PSMA4,0.9823608
709,ATP2A2,0.8136566
710,CD99,0.98495036
711,TMEM59,0.8122772
712,TIMM13,0.97770405
713,CTNNA1,0.97791266
714,GIPC1,0.8993792
715,GPX4,0.9864344
716,PSMB3,0.987458
717,VDAC2,0.9668308
718,EIF5AL1,0.9130149
719,MDH2,0.8782056
720,KLF6,0.6255444
721,ATP6V1G1,0.87377197
722,FAM83H,0.95727545
723,C10orf99,0.8412079
724,MMP14,0.9807807
725,PRDX5,0.96015626
726,REEP5,0.84236073
727,TMED3,0.8104395
728,PSMC5,0.9819122
729,CSNK2B,0.85743165
730,ZBTB7A,0.769333
731,B2M,0.9619299
732,SOD2,0.90527505
733,CD81,0.98162276
734,ATP6V0B,0.982888
735,IMPA2,0.97324973
736,DDX3X,0.83094996
737,HNRNPC,0.9890996
738,ILF3,0.9741032
739,HADHA,0.9814847
740,AC006386.1,0.8267317
741,DDX21,0.77640593
742,TOMM7,0.9512088
743,KPNB1,0.84492767
744,TMA7,0.96209395
745,ARF6,0.8669858
746,CEBPB,0.8174724
747,GLO1,0.75597215
748,PGAM1,0.90663403
749,XRCC6,0.9554617
750,HM13,0.82153803
751,H2AFJ,0.82025194
752,TMBIM1,0.8357321
753,RNF187,0.8547593
754,GPX1,0.98309404
755,RNH1,0.959092
756,DYNC1I2,0.6419509
757,FBL,0.9671185
758,ARPC3,0.7555166
759,TXNIP,0.8996533
760,DAAM1,0.80694133
761,EIF2S2,0.7402422
762,MTPN,0.9875124
763,MALL,0.85593134
764,MAP7D1,0.7210568
765,EIF3A,0.9147096
766,FAM129B,0.6247121
767,CAPN1,0.857328
768,IGFBP7,0.9693148
769,NDUFB4,0.9745316
770,SRSF9,0.7361633
771,MGAT1,0.96683526
772,PTMS,0.9846679
773,PSMB6,0.88841116
774,CARHSP1,0.84564066
775,ARPC5,0.7382805
776,CBR1,0.96609867
777,ANP32B,0.9557807
778,DAZAP1,0.9939114
779,EIF3E,0.8712775
780,POMP,0.96537197
781,CAPG,0.97924125
782,LRRFIP1,0.79690915
783,ARF1,0.79721326
784,GNB2,0.78996694
785,FOSL2,0.77191484
786,IQGAP1,0.9340583
787,NFE2L1,0.947469
788,HLA-B,0.87614274
789,SF3B1,0.92323893
790,TNFRSF1A,0.929998
791,IGFBP2,0.8876748
792,STK24,0.6737462
793,PRDX6,0.9083305
794,SLC2A4RG,0.9873315
795,LGALS3BP,0.6360984
796,CCND1,0.8295515
797,DDB1,0.981922
798,TPT1,0.9003291
799,ARHGDIB,0.98163354
800,ATP5H,0.9573731
801,FSTL1,0.97508115
802,DEFB1,0.80354565
803,ITGB5,0.96458715
804,PERP,0.994837
805,CLTA,0.8281144
806,PSME1,0.96413296
807,SYNCRIP,0.92267036
808,EIF3I,0.94514817
809,UFD1L,0.9308079
810,CMIP,0.74118066
811,IL4R,0.5753716
812,LUC7L3,0.8617998
813,LGALSL,0.8385362
814,RBM25,0.85836095
815,METRNL,0.8384825
816,PDIA6,0.9720402
817,MAPK6,0.6878236
818,TUBA1A,0.9577634
819,KCNK6,0.86729145
820,PTP4A1,0.90019965
821,ACTG1,0.8446856
822,KDELR2,0.8260555
823,LYNX1,0.993182
824,DCTN2,0.91544145
825,CD47,0.87146485
826,MPZL2,0.8139439
827,KIAA1522,0.9080018
828,UPP1,0.8636646
829,GNAI3,0.8397994
830,SEPW1,0.9618158
831,SSR1,0.94054717
832,PSMB2,0.9765234
833,RHOC,0.98265016
834,UBA1,0.9878187
835,H1F0,0.5640762
836,COL5A1,0.9716914
837,SRSF2,0.971615
838,UBB,0.64154905
839,RPN1,0.97214496
840,CYFIP1,0.91239756
841,SSR2,0.9838744
842,GPC1,0.98509
843,VDAC1,0.97253525
844,PPP2CA,0.7149817
845,FXYD5,0.98181343
846,YKT6,0.9350873
847,FGFR3,0.9306074
848,RBM39,0.8910082
849,ATP2B4,0.95601314
850,NCOR1,0.8598257
851,UBL5,0.6761161
852,JAG1,0.9844691
853,PTP4A2,0.96244746
854,ARHGEF12,0.9627329
855,SUMO2,0.98116606
856,NGRN,0.91901886
857,SHFM1,0.7602077
858,PSMA1,0.8109489
859,TAX1BP3,0.9795529
860,TFG,0.91615605
861,CCND2,0.99290156
862,ARL6IP1,0.79045
863,NPEPPS,0.8447825
864,ADGRG1,0.6705923
865,CA12,0.6368312
866,MORF4L1,0.93257344
867,SRP72,0.760527
868,MRFAP1,0.9790026
869,CTTN,0.95377535
870,GALNT6,0.739362
871,EEF1A1,0.9352843
872,SERINC2,0.8362413
873,RXRA,0.8043043
874,CIRBP,0.9617886
875,TKT,0.9056593
876,RAP1B,0.98413575
877,HSBP1,0.88723266
878,TRA2B,0.93720657
879,TMEM40,0.8096132
880,EMP2,0.7184643
881,NBL1,0.95182395
882,ITGA3,0.9747073
883,ATP6AP1,0.8193824
884,LMAN2,0.9686845
885,PRRC2A,0.9254258
886,MAST4,0.729441
887,CYCS,0.97293776
888,STAT2,0.9782076
889,EPN1,0.82421964
890,AIM1,0.893014
891,TIMM8B,0.85898757
892,PLXNB2,0.92691225
893,S100A4,0.97189444
894,QARS,0.9755736
895,KHDRBS1,0.9879543
896,WNK1,0.69648075
897,NAA50,0.9905754
898,KIF1C,0.78780615
899,SF3B5,0.98509115
900,ATP5G3,0.9726119
901,HMGN1,0.98516697
902,PSMB8,0.89742464
903,ADAM15,0.8522182
904,ID1,0.8769599
905,MVP,0.9838512
906,DIO2,0.8868319
907,PRKAR1A,0.93021333
908,ATPIF1,0.96574223
909,LCE3E,0.93621427
910,HIGD1A,0.7737203
911,PPP4R1,0.79262686
912,GHITM,0.88648826
913,HSPG2,0.971873
914,PPP1R14B,0.9924026
915,HN1,0.9812272
916,SERINC3,0.70550454
917,LAMP2,0.808299
918,FOXP1,0.8355203
919,RER1,0.94169354
920,UBE2I,0.9700559
921,KARS,0.9686965
922,DBNL,0.6424283
923,ESRP1,0.8077878
924,EIF1AX,0.7737436
925,BNIP3L,0.79571754
926,CNDP2,0.8596167
927,SNRPB,0.96789306
928,CST6,0.93100893
929,ADIPOR1,0.7295463
930,PTTG1IP,0.9803317
931,RBMS1,0.8710441
932,SQLE,0.6729635
933,HTRA1,0.99013364
934,COX5A,0.69461954
935,COL5A2,0.96140987
936,MLF2,0.9192636
937,ARPC4,0.9627089
938,PSMC3,0.9253259
939,TMEM123,0.68197817
940,SHISA5,0.96463245
941,CCT7,0.97494876
942,TRIP12,0.7357252
943,NCOR2,0.982184
944,NDUFB1,0.8452946
945,SLIRP,0.9834196
946,RAB18,0.60397464
947,GANAB,0.9879171
948,SLC39A6,0.97773963
949,DEGS1,0.7532413
950,RABAC1,0.9898412
951,RAB31,0.9402709
952,TM9SF3,0.8396401
953,HNRNPL,0.96715724
954,COL6A3,0.9651667
955,ARPC1A,0.8792362
956,MORF4L2,0.96617264
957,ZNF207,0.9631975
958,NDUFA1,0.9272449
959,BASP1,0.91510653
960,TMED9,0.880515
961,ITGAV,0.9856322
962,ETS2,0.8208953
963,ABLIM1,0.8518684
964,MAP2K2,0.85065854
965,TCP1,0.9787278
966,CALD1,0.9462687
967,TIMP1,0.98309684
968,NHP2,0.9846433
969,GSTO1,0.9186398
970,MBNL1,0.966173
971,HSPH1,0.91084874
972,OPTN,0.97084403
973,ANKRD12,0.93012667
974,KRT6C,0.9953633
975,PROM2,0.7895459
976,SARAF,0.9839027
977,MRPS34,0.96715194
978,RAB2A,0.8096766
979,WSB1,0.97237754
980,STUB1,0.9272622
981,HUWE1,0.9728184
982,RIOK3,0.85832155
983,H1FX,0.97853553
984,H2AFZ,0.9794915
985,COX7A2,0.95378006
986,PPP1CC,0.9291652
987,EPS8L2,0.84775513
988,UGP2,0.86267775
989,ZNF185,0.7850743
990,EGFR,0.96763
991,NEDD8,0.9487904
992,ST14,0.8543455
993,TRAM1,0.92057025
994,DUOXA1,0.92696124
995,IL20RB,0.8173059
996,CDC37,0.9676711
997,RAB1A,0.6266519
998,BRD2,0.82556
999,APH1A,0.88993573
1000,ARF3,0.87765074
1001,TMEM154,0.7998165
1002,CDV3,0.9548837
1003,EHBP1L1,0.8609741
1004,ATP5J2,0.95742375
1005,CAV2,0.9631448
1006,STT3B,0.7815991
1007,PEA15,0.8525013
1008,FAM162A,0.8146308
1009,ASPRV1,0.8812739
1010,SLC3A2,0.98137337
1011,PABPC4,0.960258
1012,PDZK1IP1,0.9510154
1013,TXNL4A,0.9822921
1014,P4HB,0.6040249
1015,G3BP1,0.96975267
1016,EPAS1,0.9608904
1017,JTB,0.9406107
1018,COL16A1,0.9823776
1019,HLA-DRB1,0.64504105
1020,MGEA5,0.81116337
1021,PYGL,0.88256866
1022,CBX3,0.9802065
1023,GOLGA4,0.79386836
1024,CXADR,0.71314067
1025,SCAND1,0.92106384
1026,PSMD3,0.71677715
1027,IER2,0.82163113
1028,EIF3M,0.85865873
1029,SULF2,0.8922064
1030,CMTM6,0.8165054
1031,PDCD6IP,0.7645676
1032,PSMD13,0.89835215
1033,VASP,0.9886507
1034,CDKN1A,0.7531379
1035,TOLLIP,0.72794604
1036,PDXK,0.95870006
1037,IFFO2,0.82097256
1038,RAD23A,0.97465855
1039,GSPT1,0.9753188
1040,EIF4B,0.8459966
1041,NME1,0.9885569
1042,SARS,0.88755614
1043,TMEM219,0.96173394
1044,EI24,0.63134366
1045,HNRNPF,0.9852
1046,MYO1C,0.97918373
1047,UBE2L3,0.988078
1048,PDCD4,0.77639735
1049,CAB39,0.8071416
1050,FDFT1,0.7771478
1051,PARK7,0.98265076
1052,CD164,0.9625373
1053,VPS29,0.8844871
1054,CD151,0.9848108
1055,U2AF1,0.95235944
1056,LTB4R,0.8859486
1057,U2AF1L5,0.92442346
1058,PGRMC2,0.68411666
1059,CD82,0.85411745
1060,CDC25B,0.97476393
1061,EFHD2,0.9792568
1062,EIF3D,0.92079496
1063,TFAP2A,0.802814
1064,SPRR2F,0.81816983
1065,ARPC5L,0.9762385
1066,ITGB1,0.93250257
1067,SAR1A,0.9590566
1068,PPP4C,0.94581795
1069,ZYX,0.98336685
1070,AK2,0.7604838
1071,CDC42EP1,0.90642214
1072,SSU72,0.948042
1073,GLUL,0.9581542
1074,ANKRD17,0.9137253
1075,TIMP2,0.92241347
1076,PYCARD,0.74194485
1077,SSBP1,0.90452254
1078,HK1,0.7729745
1079,PLD3,0.6217313
1080,MTCH1,0.9831907
1081,MINOS1,0.973271
1082,USMG5,0.905371
1083,NDUFB7,0.97177637
1084,SQSTM1,0.9691787
1085,ERH,0.9447712
1086,PDLIM1,0.9879523
1087,DDX6,0.9821569
1088,TMEM54,0.7948082
1089,LYPD5,0.94624317
1090,PPP2R1A,0.96417713
1091,SOD1,0.97946745
1092,LRRC59,0.9814177
1093,IRF2BP2,0.94740796
1094,LSM4,0.984465
1095,STOM,0.9743561
1096,COPS9,0.91477835
1097,GLG1,0.94326186
1098,FKBP2,0.9379722
1099,PRPF40A,0.94655305
1100,SCP2,0.84012276
1101,PRDX4,0.9649688
1102,SPTBN1,0.98675656
1103,HSPD1,0.9814908
1104,ERO1A,0.71543604
1105,EIF4H,0.8391711
1106,C6orf132,0.8201709
1107,RALBP1,0.7396297
1108,TTC3,0.9594465
1109,EPPK1,0.79227847
1110,LIMA1,0.99032295
1111,ST13,0.98161614
1112,IMPDH2,0.9386166
1113,CENPB,0.95567924
1114,EIF3G,0.98461664
1115,YTHDF2,0.8035803
1116,C14orf166,0.97424656
1117,RBX1,0.9692312
1118,CLIP1,0.94057095
1119,ATL3,0.9612495
1120,NRBP1,0.9619366
1121,CSNK1A1,0.7710892
1122,CUX1,0.86224973
1123,UBXN6,0.9704395
1124,TMOD3,0.62794137
1125,IL36RN,0.8312841
1126,IVNS1ABP,0.9865419
1127,ATP5J,0.9262016
1128,SYPL1,0.92092794
1129,VCL,0.92298305
1130,NDUFC1,0.54186404
1131,SEC13,0.980693
1132,RNF213,0.9809731
1133,SLC7A1,0.9596527
1134,IFI16,0.9935413
1135,POSTN,0.9200578
1136,DNAJC5,0.7105106
1137,ACADVL,0.78889495
1138,CTBP1,0.988119
1139,MZT2A,0.9887876
1140,WSB2,0.84984547
1141,ATP6V0E1,0.9607063
1142,NOMO2,0.9623545
1143,JUND,0.9121544
1144,PSMB5,0.95598483
1145,MYO1B,0.9618949
1146,TMEM165,0.77315027
1147,LMO4,0.91023034
1148,C19orf43,0.8911637
1149,LY6E,0.9101267
1150,GGH,0.9154088
1151,FURIN,0.40949836
1152,DRAP1,0.6630513
1153,GNG12,0.7641772
1154,PNISR,0.94800425
1155,CD46,0.9699747
1156,POLR1D,0.733674
1157,COLGALT1,0.98093206
1158,RNASE1,0.9288477
1159,CITED4,0.5994036
1160,HNRNPDL,0.97026724
1161,SLC25A39,0.93987125
1162,NONO,0.9632963
1163,EHD2,0.9850505
1164,TM9SF2,0.8542057
1165,MBOAT2,0.9283755
1166,PDLIM5,0.8926195
1167,MRPL52,0.8590232
1168,THBS2,0.8354675
1169,BLCAP,0.8566783
1170,SLC16A1,0.9632661
1171,PPA1,0.9133035
1172,MAP4K4,0.91599214
1173,SCAF11,0.9141082
1174,ATP5EP2,0.83894575
1175,TNC,0.9220135
1176,FAM213A,0.86703074
1177,ILF2,0.9779941
1178,SRP9,0.981172
1179,CAPZA1,0.9003085
1180,NCKAP1,0.88209593
1181,MPZL1,0.9695955
1182,RBM8A,0.98449105
1183,UBE2K,0.61429155
1184,TCF25,0.97667444
1185,PALLD,0.9363829
1186,CLDN1,0.8080475
1187,TPD52L2,0.9721527
1188,SEC61B,0.8816484
1189,SEPP1,0.6991047
1190,NDUFA2,0.9663502
1191,SAP18,0.92917055
1192,CTDNEP1,0.96680826
1193,CYB5R3,0.97303253
1194,SNRNP70,0.9482587
1195,NFE2L2,0.7128057
1196,SNRPD3,0.9731986
1197,CCT3,0.98561823
1198,CIB1,0.98328894
1199,PRPF8,0.9717945
1200,RNF149,0.71919835
1201,COX7B,0.9517832
1202,PIGT,0.9419175
1203,RNF7,0.83171743
1204,N4BP2L2,0.8559758
1205,SDF4,0.9920167
1206,NAGK,0.7628932
1207,PURB,0.83574903
1208,KLK6,0.8696815
1209,CNIH1,0.9688006
1210,FLOT2,0.9552563
1211,NCLN,0.9702791
1212,TAP1,0.9027669
1213,ERGIC3,0.9728231
1214,MYCBP2,0.7701759
1215,AP3D1,0.94916576
1216,ACTB,0.91064376
1217,CLIC3,0.92199445
1218,CASP4,0.8458448
1219,CTDSP1,0.93785316
1220,PLTP,0.96502966
1221,RAB25,0.8689207
1222,HERPUD1,0.9824603
1223,NDUFA4L2,0.58251786
1224,SEC31A,0.97393095
1225,DYNLRB1,0.93151736
1226,NFKBIA,0.7622776
1227,CHP1,0.69818175
1228,TECR,0.7734843
1229,VAT1,0.86837447
1230,CALU,0.9793271
1231,GATAD2A,0.87420005
1232,IFI27L2,0.97769356
1233,TNIP1,0.9013576
1234,SEP15,0.98163176
1235,PAFAH1B1,0.83661634
1236,ATP5C1,0.96830577
1237,SEMA3C,0.95040077
1238,AURKAIP1,0.9544159
1239,MRPL37,0.97236556
1240,PABPN1,0.9370938
1241,METAP2,0.8644117
1242,TMEM79,0.88350326
1243,MRPS7,0.9351041
1244,PRSS23,0.9372678
1245,SMARCA4,0.887036
1246,KDM2A,0.8590753
1247,SLTM,0.7300665
1248,HMGN2,0.98183316
1249,BAIAP2,0.9475433
1250,PPP2R5C,0.935077
1251,C8orf59,0.9423213
1252,ABCF1,0.9835532
1253,KLF4,0.7119137
1254,GJB3,0.8087757
1255,UBE2D2,0.8648173
1256,CAPRIN1,0.9742445
1257,NDUFA10,0.87799764
1258,THBD,0.75195664
1259,CTSZ,0.93311614
1260,UQCRC2,0.81156015
1261,TAX1BP1,0.9318322
1262,GADD45GIP1,0.97991663
1263,UBE2M,0.9826646
1264,ATP5F1,0.97749996
1265,PIEZO1,0.9503527
1266,GRK2,0.85604805
1267,FKBP9,0.96783626
1268,RPLP1,0.9475482
1269,PTGFRN,0.98336744
1270,DIAPH1,0.953007
1271,TPBG,0.93764323
1272,STK11,0.9637843
1273,TNKS1BP1,0.929513
1274,PFKL,0.953447
1275,VKORC1,0.93660474
1276,GCN1,0.90897614
1277,HNRNPUL1,0.95320326
1278,PSMC1,0.9393027
1279,VPS35,0.7894242
1280,NDUFB2,0.927237
1281,LAMTOR1,0.94396114
1282,WDR83OS,0.8845571
1283,PHB2,0.9550838
1284,MICALL1,0.7352566
1285,SPCS3,0.98558843
1286,NOSIP,0.9674731
1287,CTNNBIP1,0.90131676
1288,IFNGR1,0.7869941
1289,AUP1,0.96857333
1290,C1orf43,0.84512717
1291,EIF2S1,0.9702047
1292,CEBPD,0.9717822
1293,MAEA,0.9741233
1294,SLC44A1,0.84245706
1295,ZNHIT1,0.98136836
1296,LDHB,0.9297756
1297,RNF11,0.876222
1298,F11R,0.9280815
1299,ADAR,0.9517198
1300,PICALM,0.9791503
1301,KLF10,0.8539846
1302,TSPYL1,0.802227
1303,FAM84A,0.8989098
1304,BUD31,0.854171
1305,FAM83G,0.84243846
1306,CES2,0.7499485
1307,CHD3,0.97323316
1308,TOR1AIP2,0.6795152
1309,RBBP6,0.91072685
1310,SQRDL,0.9223366
1311,KIAA0930,0.7306418
1312,WAC,0.82354933
1313,NPTN,0.9661261
1314,C11orf58,0.95448947
1315,COL27A1,0.94645447
1316,MBD2,0.97993755
1317,TMEM50A,0.4977586
1318,SSFA2,0.64754325
1319,CSNK1G2,0.857559
1320,PTEN,0.94691175
1321,SNX3,0.9080776
1322,GNA15,0.5732606
1323,SLC9A3R1,0.8809674
1324,S100A13,0.98173064
1325,NAMPT,0.87698746
1326,NDUFC2,0.85087585
1327,ATP1B1,0.91377664
1328,AKR1A1,0.97340083
1329,SRP14,0.8740175
1330,HRAS,0.93126607
1331,CHMP1A,0.87377506
1332,ATP5D,0.92664033
1333,MXRA7,0.96230227
1334,PRPF19,0.96813685
1335,SDC4,0.95417756
1336,DLGAP4,0.8348532
1337,BRK1,0.84391797
1338,OSTC,0.9550413
1339,HSPA9,0.94906473
1340,HNRNPA0,0.92989
1341,IL13RA1,0.781777
1342,C19orf53,0.9127604
1343,REEP4,0.6960393
1344,RANGAP1,0.9382794
1345,R3HDM4,0.9696493
1346,UBE2V2,0.9465335
1347,KPNA4,0.905954
1348,FAM83A,0.8370055
1349,CMPK1,0.91656065
1350,AQP1,0.93659854
1351,MAPKAPK2,0.8999587
1352,SDR16C5,0.8587514
1353,SLC39A1,0.9746826
1354,NIPAL4,0.7897035
1355,SEPT2,0.95430136
1356,NOP56,0.9412015
1357,AKR1C1,0.8848751
1358,CARM1,0.96458477
1359,IGFBP3,0.8024868
1360,ANXA7,0.98373985
1361,BAP1,0.9743045
1362,STRAP,0.98716813
1363,NDFIP1,0.91745996
1364,EVPL,0.93754846
1365,FAT1,0.9105297
1366,UFC1,0.9651284
1367,PLK2,0.7315394
1368,YY1,0.91509044
1369,COPZ1,0.9834284
1370,DNAJC7,0.6603482
1371,RTCB,0.9079172
1372,CCAR1,0.9244489
1373,AC013461.1,0.82938635
1374,RDH11,0.8502273
1375,CELF1,0.9486372
1376,LAMB1,0.9589083
1377,GTF2I,0.7738559
1378,LYPLA1,0.8290694
1379,CERS3,0.904577
1380,CRTAP,0.9914086
1381,LTBR,0.67171544
1382,TCEB1,0.9065319
1383,CPE,0.95548517
1384,TBL1XR1,0.923501
1385,TMCO1,0.82080454
1386,PYGB,0.983141
1387,SH3PXD2A,0.87073296
1388,ERBB3,0.91830945
1389,MRPL12,0.94850576
1390,EFNB1,0.91868895
1391,SRSF1,0.98630136
1392,MRPL27,0.89278966
1393,TNRC6A,0.9438214
1394,C12orf57,0.83883893
1395,SNF8,0.9680166
1396,ANXA11,0.96738476
1397,RTFDC1,0.93227476
1398,OST4,0.6244266
1399,SPTAN1,0.9243366
1400,PGRMC1,0.9374557
1401,KIAA0100,0.96547955
1402,TRIM28,0.9666127
1403,AKAP13,0.9540826
1404,UBALD2,0.941768
1405,ANKLE2,0.90829265
1406,TUBA1C,0.8753079
1407,MOB1A,0.9654069
1408,HSD17B12,0.73896027
1409,DNAJB2,0.8854822
1410,RHOD,0.9133235
1411,EPS8L1,0.91427165
1412,BAG6,0.9670083
1413,AHCY,0.8268747
1414,NARS,0.84281254
1415,CHPF,0.9727157
1416,HMGCR,0.9672243
1417,MANF,0.8519176
1418,RAB5B,0.7352248
1419,HSPA4,0.93903893
1420,MARK3,0.9520169
1421,EWSR1,0.97474545
1422,CD276,0.9645238
1423,CTNND1,0.8541447
1424,DAD1,0.89953357
1425,EIF4EBP2,0.9067268
1426,PDIA4,0.98025537
1427,HMOX1,0.9310553
1428,EBP,0.95796704
1429,ODC1,0.76821554
1430,BAZ2A,0.96738327
1431,PAM,0.9525707
1432,CNOT1,0.857466
1433,UBE2Z,0.9764722
1434,SLC38A1,0.94514054
1435,SNRPF,0.971305
1436,NSG1,0.68971
1437,CHMP3,0.9378674
1438,ARID1B,0.8669339
1439,GARS,0.82907176
1440,ATOX1,0.54995304
1441,LMAN1,0.85039437
1442,USP7,0.90057325
1443,CHMP2A,0.88747597
1444,FBXW5,0.9624007
1445,PDAP1,0.98463035
1446,SIRPA,0.77451485
1447,DDX1,0.94596624
1448,LAMTOR5,0.968549
1449,SMG1,0.93341565
1450,SRPRB,0.93064857
1451,HP1BP3,0.95772326
1452,SRSF7,0.96733105
1453,RALY,0.985877
1454,ALYREF,0.9592976
1455,SNX6,0.948189
1456,TGOLN2,0.9647034
1457,GALNT1,0.83426243
1458,GID8,0.7950683
1459,NELFE,0.9500098
1460,PLXDC2,0.7733812
1461,PITX1,0.54028225
1462,SF3B2,0.9794514
1463,DCTN1,0.9571733
1464,NPIPB5,0.94186366
1465,FBLIM1,0.95016533
1466,BAZ1A,0.8777656
1467,SREBF2,0.85936993
1468,ATP6V0D1,0.76893556
1469,RTF1,0.917941
1470,SPON2,0.94232905
1471,TMEM259,0.93230987
1472,DARS,0.9232244
1473,SND1,0.9600982
1474,MFN2,0.9791033
1475,APOL1,0.94430596
1476,WIPI2,0.7837145
1477,POLR2A,0.8573709
1478,NCOA4,0.862432
1479,CCNL2,0.8142141
1480,PTOV1,0.9669625
1481,GNG5,0.9063852
1482,YME1L1,0.9204477
1483,CSE1L,0.98095787
1484,RAB13,0.9485854
1485,PSMA5,0.8912195
1486,MARCH7,0.76565224
1487,GRSF1,0.9828408
1488,GLRX3,0.8210006
1489,PPP1R13L,0.5451691
1490,ARGLU1,0.8752831
1491,DHRS7,0.65088767
1492,ANAPC5,0.96311307
1493,PPIF,0.8615285
1494,IPO5,0.99212563
1495,FAM134C,0.94411385
1496,PRKCSH,0.940898
1497,HADHB,0.852771
1498,UBQLN1,0.8279952
1499,SOWAHC,0.93135035
1500,YIF1A,0.96661556
1501,GPI,0.870696
1502,MYOF,0.9155081
1503,EIF3J,0.8656572
1504,NDUFA6,0.96626925
1505,EIF4A2,0.97559494
1506,CCT2,0.96001285
1507,TPP1,0.9707424
1508,OGT,0.8070706
1509,BRI3,0.95677584
1510,FAM120A,0.9666495
1511,KIAA0368,0.87974805
1512,INTS1,0.9480917
1513,PSMA2,0.98501873
1514,DENR,0.94849885
1515,MRPL57,0.86109143
1516,GGCT,0.8456808
1517,RAB5A,0.6550232
1518,NEMF,0.94384277
1519,SRSF6,0.9522832
1520,DEK,0.95717674
1521,AP1B1,0.726683
1522,DGKA,0.87644196
1523,SSRP1,0.9599989
1524,MRPL28,0.9770682
1525,UBXN4,0.91341424
1526,NDUFB8,0.8751112
1527,TARDBP,0.9720643
1528,C7orf73,0.92034113
1529,ABI1,0.88026404
1530,CCDC85B,0.9462586
1531,ALDH2,0.72181904
1532,EHD1,0.8307484
1533,ANAPC11,0.9693211
1534,STAT6,0.91803104
1535,NUMA1,0.90298426
1536,PML,0.95817417
1537,UBE2G2,0.9669849
1538,LIMK2,0.8191077
1539,USP34,0.94711685
1540,MAT2A,0.96652186
1541,NET1,0.9638832
1542,KCMF1,0.8494567
1543,NDUFA13,0.91907537
1544,RUNX1,0.905632
1545,TSN,0.89321965
1546,HNRNPR,0.98068476
1547,NBPF14,0.74545634
1548,TAF15,0.9477544
1549,NXN,0.94909894
1550,PPIB,0.9787196
1551,CRIP2,0.9806657
1552,C20orf24,0.8064098
1553,SPTSSA,0.8184856
1554,NFKB1,0.95010006
1555,RARS,0.83196586
1556,TLE3,0.7763571
1557,IGFL1,0.8406538
1558,MYO5A,0.84225047
1559,NDUFV1,0.9712804
1560,RNPS1,0.970587
1561,UQCRFS1,0.94856846
1562,IPO7,0.95249563
1563,G3BP2,0.9792693
1564,ORMDL2,0.71553653
1565,SPCS2,0.9784861
1566,CCDC47,0.9615384
1567,SSTR2,0.8519955
1568,ADAM10,0.95592827
1569,KMT2E,0.881261
1570,PAFAH1B2,0.95895153
1571,CDC42SE1,0.8227276
1572,ANTXR1,0.97656393
1573,ARPP19,0.9802268
1574,SUPT5H,0.9629556
1575,ZDHHC5,0.93447423
1576,MRPL23,0.983792
1577,SPINT1,0.8622419
1578,POLR2E,0.97880095
1579,BHLHE40,0.7131041
1580,POLE3,0.95821613
1581,SBNO2,0.85606223
1582,H2AFV,0.9567513
1583,NSFL1C,0.84771854
1584,RRM1,0.929879
1585,CUTA,0.96949196
1586,RREB1,0.95501745
1587,ZFP36,0.61211133
1588,LSM5,0.9702926
1589,TWF1,0.68574786
1590,UBE2N,0.688226
1591,MARCH6,0.9591933
1592,AKAP9,0.9549966
1593,MCTS1,0.9124832
1594,COX5B,0.9055379
1595,NOP58,0.96712124
1596,PAPOLA,0.91786355
1597,WDR26,0.84541094
1598,DUSP3,0.89305305
1599,C17orf89,0.9588927
1600,INF2,0.9527971
1601,TSTA3,0.7595928
1602,HNRNPUL2,0.9723183
1603,BOLA2B,0.88511276
1604,THBS1,0.978449
1605,PRKDC,0.98192835
1606,NSA2,0.9130864
1607,S100A7,0.9958377
1608,TRIP6,0.9851972
1609,SLC27A4,0.8153512
1610,PHC2,0.9783977
1611,CCNL1,0.93379486
1612,PSMB1,0.8977671
1613,PSMF1,0.9425589
1614,ARF4,0.9718288
1615,FRMD6,0.75937057
1616,SYNE2,0.9408931
1617,CNP,0.8015244
1618,BAG1,0.9459861
1619,ESD,0.9313062
1620,RALA,0.9529976
1621,NBEAL2,0.7078074
1622,MMP24-AS1,0.69988906
1623,ITPR3,0.91238236
1624,SLC7A8,0.93763846
1625,SEL1L,0.95701736
1626,HECTD1,0.80786246
1627,SCEL,0.98301363
1628,GPX3,0.779891
1629,UBE2R2,0.8966017
1630,MYO6,0.77939904
1631,CDC42BPB,0.8758691
1632,ATP6V1A,0.6950474
1633,TLN1,0.9691033
1634,SLC35F6,0.83134085
1635,EMC4,0.9287675
1636,B4GALT2,0.9765498
1637,NPIPB4,0.89433247
1638,H3F3C,0.94666564
1639,ADD1,0.967357
1640,GOLGB1,0.98674953
1641,NOTCH2,0.75966644
1642,FAM210B,0.9349953
1643,FAM98A,0.8946506
1644,EPRS,0.9583087
1645,LSM7,0.87292945
1646,CREG1,0.80047953
1647,TJP1,0.80177665
1648,CHD8,0.87214935
1649,GRHL1,0.83208245
1650,CRIM1,0.84446496
1651,IGFBP6,0.6234315
1652,TMEM258,0.97175235
1653,HIPK2,0.9346172
1654,MFSD5,0.8079047
1655,ARL6IP5,0.9808611
1656,FNTA,0.9655344
1657,SLK,0.6513691
1658,B4GALT1,0.9464308
1659,NID1,0.94887114
1660,UHMK1,0.9539076
1661,POF1B,0.8244616
1662,ARL8B,0.8206476
1663,TTLL12,0.93014824
1664,PRRG4,0.9068333
1665,MRPS16,0.83489656
1666,TMEM30A,0.93383473
1667,SULT2B1,0.6258091
1668,ERP29,0.9530221
1669,ZFAND5,0.9666131
1670,RBMX,0.989174
1671,ACTR1A,0.7759257
1672,IFNGR2,0.9287059
1673,ADIPOR2,0.95450824
1674,LRPAP1,0.8179163
1675,AGPAT2,0.94473946
1676,ACSL1,0.7293601
1677,LTBP1,0.9523592
1678,GORASP2,0.9587021
1679,PSEN1,0.95736194
1680,LAPTM4B,0.9534968
1681,MAPK1IP1L,0.9087718
1682,VPS26A,0.9351393
1683,HDAC1,0.9627959
1684,PNRC1,0.88383436
1685,PTPN12,0.94296867
1686,SERPINF1,0.94414127
1687,NBPF19,0.8824537
1688,CS,0.803274
1689,ANKRD11,0.9473129
1690,ERGIC1,0.98395485
1691,RAB5C,0.97059387
1692,STAU1,0.9359731
1693,RP11-231C14.4,0.9080692
1694,TNFAIP1,0.9326517
1695,HOMER3,0.97443235
1696,SGK1,0.8857275
1697,NNMT,0.98359436
1698,PARP14,0.99232256
1699,MBD3,0.9378442
1700,FAM32A,0.9296879
1701,ERBB2,0.6559135
1702,CHCHD1,0.96567094
1703,ATP6V1F,0.77828526
1704,HIPK3,0.84409666
1705,PDCD6,0.9314585
1706,NAV1,0.96322006
1707,PHIP,0.9587436
1708,PHF14,0.9178351
1709,SPCS1,0.9555079
1710,BLMH,0.93918395
1711,MAN1B1,0.9549971
1712,KHSRP,0.9314575
1713,SEC11A,0.8923471
1714,PRCP,0.8919998
1715,FKBP3,0.97508365
1716,SPG7,0.93793154
1717,MMP9,0.92357916
1718,NUTF2,0.8215863
1719,PRKAR2A,0.914698
1720,GAS6,0.9766757
1721,GOT2,0.92402613
1722,NELFB,0.96488506
1723,TAP2,0.97199565
1724,MGLL,0.96016616
1725,TIMM17A,0.9199877
1726,NDUFB11,0.9622931
1727,SRP68,0.91546303
1728,POLD2,0.8680751
1729,SRSF4,0.9692989
1730,BRMS1,0.9714869
1731,BECN1,0.90056884
1732,TALDO1,0.8968975
1733,HN1L,0.9652313
1734,BCLAF1,0.96374047
1735,SRPRA,0.9373034
1736,ASAH1,0.95731854
1737,SMARCC1,0.96816826
1738,RAP2B,0.9273679
1739,PLXNB1,0.96635157
1740,HES1,0.9461717
1741,SAP30BP,0.9813983
1742,PHLDA3,0.7066678
1743,MAPK1,0.92201585
1744,HMOX2,0.9101326
1745,RABL6,0.9207028
1746,PPP2R2A,0.83675545
1747,MFSD2B,0.7454791
1748,YARS,0.9663575
1749,VPS28,0.96692187
1750,LAP3,0.85057986
1751,THOC2,0.95685804
1752,COL12A1,0.95044863
1753,GRINA,0.94688725
1754,RBM26,0.928583
1755,NOL7,0.9523351
1756,DUSP23,0.97334033
1757,BPTF,0.95159477
1758,ALDH3B2,0.7825722
1759,ZC3H11A,0.9432154
1760,VAMP3,0.85548776
1761,C11orf31,0.95650935
1762,RBPJ,0.9878343
1763,RBFOX2,0.96402127
1764,SF3B6,0.9815793
1765,POLR2G,0.98373294
1766,COPS6,0.9847864
1767,CCDC85C,0.7678373
1768,POLDIP2,0.85910106
1769,ATRX,0.9513181
1770,CYC1,0.92453474
1771,CDCP1,0.9395313
1772,PPT1,0.91136366
1773,LDLR,0.93160427
1774,HLA-F,0.95840716
1775,CSNK2A2,0.93643427
1776,ARHGAP1,0.8140122
1777,NAP1L4,0.9788391
1778,MRPL14,0.9758924
1779,MTCH2,0.9698925
1780,DUOX1,0.86176723
1781,TXNL1,0.83471596
1782,EID1,0.9666487
1783,HNRNPH3,0.9576638
1784,C19orf70,0.9578761
1785,NMT1,0.95536333
1786,ZRANB2,0.9693995
1787,RALB,0.9409659
1788,HIST2H2AA3,0.64807224
1789,AKT1S1,0.906436
1790,SSNA1,0.9557723
1791,TRAF7,0.96010417
1792,TOMM22,0.9858334
1793,GOLGA8A,0.6718345
1794,SNRNP200,0.9740019
1795,SRM,0.9499166
1796,ENDOD1,0.645032
1797,NABP1,0.85565364
1798,CPNE3,0.9350724
1799,NENF,0.98092407
1800,GTF3C6,0.9414722
1801,ABCA12,0.81774634
1802,TMEM147,0.85995305
1803,CTSV,0.65621567
1804,RCN2,0.9453341
1805,IRF6,0.96693844
1806,UBA6,0.95138454
1807,ADM,0.73692185
1808,TNFSF10,0.8087877
1809,SNX17,0.97345436
1810,SMARCE1,0.90119576
1811,CYB5B,0.9630895
1812,SUN1,0.96383756
1813,WBP2,0.86446744
1814,MLLT4,0.91017383
1815,COL5A3,0.94569194
1816,AMD1,0.8569051
1817,TRAPPC2L,0.9209508
1818,WTAP,0.96877575
1819,SERPINH1,0.94040745
1820,PAICS,0.96148914
1821,ASPH,0.93923914
1822,PQLC1,0.8733748
1823,LAMA3,0.8788954
1824,EBNA1BP2,0.9627779
1825,COTL1,0.9512925
1826,PUF60,0.9449393
1827,PPP2R2C,0.67736816
1828,SEC63,0.96927935
1829,MMADHC,0.8545465
1830,HIST2H2AA4,0.75087243
1831,SEPT7,0.9488081
1832,CCM2,0.9647947
1833,TRA2A,0.9838435
1834,BAG3,0.75781405
1835,NPIPB3,0.9463713
1836,UBE3A,0.9471014
1837,LAMA5,0.9514201
1838,UBE2F,0.91177917
1839,TAF13,0.95031893
1840,PLA2G4E,0.8450562
1841,GLUD1,0.9795691
1842,CLIC4,0.96206
1843,ADI1,0.9795788
1844,RIN1,0.96560174
1845,AHCYL1,0.87844664
1846,MYDGF,0.98104084
1847,EIF2S3,0.9444147
1848,CCT8,0.97692084
1849,PIH1D1,0.9524725
1850,CSNK2A1,0.91899014
1851,MDFI,0.9602443
1852,C14orf1,0.65621537
1853,RND3,0.7402092
1854,ATP2B1,0.9370164
1855,SNRPB2,0.9161248
1856,SLC44A2,0.9252725
1857,FBXW7,0.94020087
1858,APEX1,0.9346357
1859,PCMT1,0.96919274
1860,SUMO3,0.89971393
1861,DNM2,0.96187025
1862,ADRM1,0.94670427
1863,TSR3,0.96011347
1864,ZNF706,0.84113127
1865,FBXO9,0.7669264
1866,SFT2D2,0.8058256
1867,EXOC4,0.9716471
1868,FLG2,0.6712109
1869,SLC16A3,0.9280768
1870,PPP1R12A,0.94401556
1871,DDX18,0.87926894
1872,SUPT16H,0.9821664
1873,FIS1,0.9156774
1874,TMX2,0.9637829
1875,ACAA1,0.93891823
1876,ABR,0.8074259
1877,SMARCD2,0.9566819
1878,NDUFA9,0.97708476
1879,NDFIP2,0.94406205
1880,AAMP,0.9481535
1881,CNOT2,0.8824756
1882,BLVRB,0.7902565
1883,PUM1,0.9789165
1884,TIMM23,0.96298176
1885,NKTR,0.97908443
1886,AKR1C2,0.8284936
1887,SREBF1,0.9521543
1888,NUCB1,0.9555643
1889,ECHS1,0.96651304
1890,SH3GLB1,0.93872625
1891,SEC11C,0.9485965
1892,TAOK1,0.9624283
1893,CA2,0.9019447
1894,SMAP1,0.8594531
1895,ZFP91,0.95223606
1896,NPLOC4,0.9371477
1897,DDR1,0.9345447
1898,SORT1,0.9153221
1899,RSL1D1,0.97373587
1900,NDUFAB1,0.9564309
1901,MYO10,0.96540797
1902,OCIAD1,0.93894637
1903,GSTK1,0.92929137
1904,RNPEPL1,0.9700115
1905,RAB3D,0.7549161
1906,PTPA,0.8892882
1907,TMBIM4,0.95505077
1908,DDX42,0.9064045
1909,RNF10,0.88003093
1910,KDM5B,0.85130113
1911,MRPL17,0.90121746
1912,SUGT1,0.97427195
1913,CAND1,0.9203825
1914,RNF141,0.62468904
1915,OS9,0.8818036
1916,KIFC3,0.8017998
1917,DPP9,0.9595566
1918,TCOF1,0.86615056
1919,CORO1C,0.8967236
1920,AMOTL1,0.9413507
1921,BSDC1,0.96257687
1922,CHMP4B,0.6523188
1923,IGSF3,0.96194094
1924,RHOG,0.9534494
1925,AFF4,0.93950707
1926,IFRD2,0.970436
1927,IGFBP5,0.95993876
1928,PSME3,0.8954443
1929,RP11-347C12.1,0.94411594
1930,AP1S1,0.9679239
1931,CUL4A,0.97845507
1932,DNAJA1,0.8991369
1933,IGFL2,0.93402666
1934,TMEM189,0.93336713
1935,C1S,0.96659863
1936,RNF167,0.88282603
1937,TPR,0.9557142
1938,PGLS,0.9739719
1939,C9orf3,0.9677734
1940,RAB14,0.9663875
1941,KCTD1,0.92890435
1942,CDK5RAP3,0.97207004
1943,KRR1,0.9484884
1944,ZBTB4,0.8716893
1945,C1orf122,0.96317905
1946,SLC38A10,0.96879405
1947,KDSR,0.9568454
1948,SPPL2A,0.8846933
1949,CLUH,0.8681879
1950,PPCS,0.8191905
1951,ANAPC16,0.97604966
1952,DICER1,0.9234014
1953,STOML2,0.95232046
1954,SDCBP2,0.92205423
1955,SDHA,0.9724684
1956,FOXN3,0.9491145
1957,LARP4B,0.93113106
1958,CTSL,0.74397403
1959,FBLN1,0.9435475
1960,PSMC2,0.94339544
1961,EIF4E,0.80985093
1962,TNPO1,0.93751377
1963,TMEM134,0.9216794
1964,SEC16A,0.96712476
1965,SELT,0.86997014
1966,N4BP1,0.97040015
1967,GGNBP2,0.964833
1968,YPEL5,0.9347098
1969,GPS1,0.97758794
1970,SEMA4B,0.7252418
1971,POLE4,0.97136235
1972,UBE2E1,0.84893626
1973,PSMG1,0.9744736
1974,IDH2,0.693735
1975,KIF1B,0.8636766
1976,RBBP7,0.9545232
1977,NAA38,0.97813404
1978,LGMN,0.7240856
1979,TPRG1L,0.7852432
1980,NOMO1,0.94696146
1981,RNF126,0.8982301
1982,NUFIP2,0.96336305
1983,RHOB,0.92127246
1984,SMAD2,0.9470012
1985,SEMA3F,0.85062027
1986,PMVK,0.9109671
1987,MAPK3,0.5704631
1988,DUT,0.9660177
1989,PPP3CA,0.9403467
1990,MAP3K11,0.9772827
1991,COMT,0.9345336
1992,PAWR,0.82861906
1993,PSMC6,0.9474219
1994,IFITM2,0.9611924
1995,DYNLL2,0.9822039
1996,PSMD12,0.95880723
1997,LENG8,0.9408388
1998,RANBP2,0.94607043
1999,RWDD1,0.90574276
2000,STEAP4,0.87062234
2001,TRIM44,0.9775919
2002,THRAP3,0.92999643
2003,DNM1L,0.9699135
2004,FBN1,0.9471001
2005,ATP6V1B2,0.75799435
2006,ANXA4,0.89718044
2007,KPRP,0.871599
2008,SLC22A23,0.896149
2009,SLC35A4,0.9095331
2010,GPBP1L1,0.9137405
2011,APEH,0.9491498
2012,C1orf116,0.6094925
2013,ANAPC7,0.95944613
2014,SAMHD1,0.9593408
2015,CBWD1,0.9618585
2016,PFKP,0.93126035
2017,GTF3A,0.9814286
2018,COPA,0.9349411
2019,PLBD1,0.8250208
2020,PLEKHJ1,0.9012987
2021,TRAPPC3,0.9646914
2022,EIF4E2,0.8502894
2023,RAD21,0.9525956
2024,PNN,0.96957195
2025,GNAQ,0.9679805
2026,ZNF770,0.6436196
2027,SUPT4H1,0.9035507
2028,MAPK13,0.6860497
2029,ATP6V1D,0.9305775
2030,ATRAID,0.9639717
2031,RSL24D1,0.9720298
2032,PLEKHM2,0.81592655
2033,ETFB,0.9639451
2034,PTK7,0.9527256
2035,KRT78,0.73676056
2036,IARS,0.96025467
2037,ADAM17,0.9182409
2038,SREK1,0.95630866
2039,COPE,0.96435297
2040,HDAC2,0.9622522
2041,SNU13,0.9365624
2042,RHBDD2,0.94658494
2043,SPAG9,0.8994453
2044,COMMD6,0.90227497
2045,NDST1,0.8076056
2046,LNPEP,0.85361946
2047,USP14,0.94870454
2048,WDR13,0.9346512
2049,WNT5A,0.95581645
2050,UACA,0.9336146
2051,GPR107,0.8843568
2052,LSM14A,0.93954664
2053,DUSP14,0.61644614
2054,ZDHHC3,0.96141607
2055,UBE2B,0.9598421
2056,CD2BP2,0.9813186
2057,UBTF,0.9737247
2058,MAP3K12,0.9278687
2059,NAPRT,0.756008
2060,REXO2,0.8863246
2061,TJP2,0.7619819
2062,NR3C1,0.92383343
2063,STK25,0.9721284
2064,CALR,0.9206562
2065,RIC8A,0.96435493
2066,NAA20,0.89394087
2067,TMEM45B,0.85022706
2068,TOP1,0.91794914
2069,EIF2AK1,0.96644783
2070,DDX54,0.97322094
2071,RBP1,0.62733626
2072,WDR46,0.95322734
2073,ITSN2,0.8677313
2074,MXD1,0.83380735
2075,SH3GLB2,0.6719886
2076,LCP1,0.92976874
2077,USP9X,0.9074031
2078,TMEM43,0.98216105
2079,DHX15,0.95598567
2080,TSPAN3,0.87065834
2081,TM4SF1,0.784162
2082,OCIAD2,0.9178447
2083,NECTIN2,0.9679163
2084,SERPING1,0.97267467
2085,SCARB2,0.9237714
2086,HMGN3,0.97345585
2087,FAM177A1,0.9332282
2088,CTR9,0.97109824
2089,PDLIM2,0.82607913
2090,MBTPS1,0.96427256
2091,PTGS1,0.87895274
2092,XPO6,0.9592847
2093,XPO1,0.9373787
2094,LY6G6C,0.8163991
2095,NUP50,0.94226307
2096,DHCR7,0.8908356
2097,NRDC,0.9465599
2098,LOXL2,0.9462624
2099,CHD2,0.9115997
2100,TM7SF2,0.81656146
2101,TMEM167A,0.93148214
2102,ATP6V1E1,0.87707096
2103,PITRM1,0.90419847
2104,CPSF3L,0.9629909
2105,MRPS15,0.9327491
2106,TNFRSF12A,0.82033443
2107,BTG3,0.9552898
2108,PDS5A,0.853031
2109,HCFC1R1,0.9851593
2110,EIF4EBP1,0.91840947
2111,GOLGA2,0.94153434
2112,MSL1,0.9760172
2113,PITPNB,0.9506145
2114,QKI,0.9068924
2115,PDCD5,0.94131565
2116,MAP1LC3B,0.8566671
2117,CEP170B,0.92767143
2118,EXOC7,0.9398135
2119,TAF1D,0.9792416
2120,FPGS,0.9478427
2121,THOC7,0.98046505
2122,TMEM184B,0.9292187
2123,ZMAT2,0.9195885
2124,TRIOBP,0.9678914
2125,ZBTB7B,0.7660243
2126,PPIG,0.94241935
2127,UQCC2,0.9341018
2128,RAB6A,0.8368269
2129,DPP7,0.9179084
2130,ARFGAP2,0.93124264
2131,LFNG,0.9276041
2132,MBOAT7,0.92187315
2133,CKB,0.6704145
2134,MAVS,0.93982077
2135,TMEM127,0.94589233
2136,IK,0.95364875
2137,RBM5,0.95243376
2138,EMD,0.9137337
2139,KLF3,0.87366396
2140,CD14,0.9610804
2141,SNRPG,0.97647166
2142,BMP1,0.9155731
2143,PCNP,0.9642601
2144,GOLPH3,0.9424708
2145,ZCRB1,0.950388
2146,C1orf21,0.95517045
2147,DERL1,0.9665547
2148,ACP1,0.93363005
2149,BOD1L1,0.9597563
2150,SH3GL1,0.898021
2151,TSPAN14,0.8867179
2152,TNFRSF25,0.9580863
2153,SELM,0.9871414
2154,SLC1A5,0.95277584
2155,OGDH,0.87988317
2156,MCM7,0.9688372
2157,ZNF655,0.9671571
2158,FMOD,0.91506916
2159,MRC2,0.9700078
2160,SDF2L1,0.9867642
2161,CCDC80,0.947677
2162,ZNF503,0.9512443
2163,FEM1B,0.93511134
2164,RBM17,0.94286704
2165,COA3,0.92823434
2166,MARK2,0.8540946
2167,ELOVL4,0.8809896
2168,VARS,0.94435716
2169,CBWD2,0.97394353
2170,MOGS,0.9423279
2171,AZGP1,0.7854121
2172,DDX39A,0.98442626
2173,ESYT1,0.9649979
2174,ASS1,0.9229398
2175,PPP2R5E,0.9489608
2176,BAZ2B,0.94619375
2177,PPP6C,0.91010004
2178,TUFT1,0.79902047
2179,CSNK1D,0.95439976
2180,MAN2A1,0.91368043
2181,PRELID3B,0.9075599
2182,DDX46,0.95745456
2183,MAGED1,0.9617454
2184,DTX3L,0.9477004
2185,CFLAR,0.96781534
2186,AGAP3,0.97160494
2187,VPS4B,0.74972993
2188,SPPL3,0.8993934
2189,PET100,0.9825273
2190,YAP1,0.8841864
2191,IMPAD1,0.92789364
2192,OTUB1,0.5951555
2193,TOMM40,0.92961437
2194,HSPA2,0.90498435
2195,ALDH3A2,0.8047869
2196,SDHC,0.92746514
2197,ARL5A,0.9577438
2198,PPIC,0.7296034
2199,TXN2,0.9347566
2200,NAXE,0.96211815
2201,MAPK14,0.83022183
2202,HR,0.8860367
2203,NUDC,0.9690442
2204,NFIB,0.9061566
2205,RSRC2,0.97707677
2206,WFDC12,0.79911447
2207,MEF2A,0.90961385
2208,KIAA1217,0.9705453
2209,GYS1,0.9515113
2210,SLAIN2,0.7454738
2211,MRPL47,0.9687172
2212,LPP,0.9855848
2213,GABARAPL2,0.92149466
2214,MAGT1,0.9418065
2215,ARCN1,0.9692419
2216,PSMD6,0.81366396
2217,IPPK,0.8063251
2218,FBRS,0.89499474
2219,TENM2,0.9570685
2220,LRP1,0.9243576
2221,EMP3,0.9389746
2222,ADSL,0.9577967
2223,PLOD1,0.96935356
2224,MAF1,0.97555274
2225,NDUFS8,0.9727938
2226,CASP1,0.89950407
2227,SRSF10,0.94048476
2228,CLCN3,0.75877017
2229,SERPINB6,0.89132035
2230,GFOD1,0.8263649
2231,FNBP1,0.9384274
2232,EDARADD,0.9723455
2233,RTN3,0.88489264
2234,KLC3,0.76970595
2235,DDOST,0.931684
2236,RIN2,0.97692174
2237,LRRC8A,0.9260718
2238,MINK1,0.66850024
2239,EPHB3,0.9504778
2240,NDUFA3,0.91549003
2241,FAM3C,0.9589189
2242,PLEKHG3,0.9770607
2243,RPF2,0.9625857
2244,ALOX12B,0.9652246
2245,FAAP20,0.8758721
2246,PSMD14,0.93283266
2247,DLD,0.96594256
2248,DNAJB11,0.96772206
2249,ETHE1,0.80224115
2250,MGP,0.91873455
2251,PRMT2,0.96587986
2252,TRAPPC1,0.9443065
2253,TMEM33,0.9229352
2254,CISD3,0.96744823
2255,HES2,0.88478994
2256,UGCG,0.82647353
2257,IMP4,0.9157491
2258,MYBBP1A,0.93709356
2259,YIPF4,0.96393347
2260,SERINC1,0.9536923
2261,PITHD1,0.8004776
2262,SUMF2,0.9405953
2263,DPYSL2,0.9166098
2264,TOM1,0.87043095
2265,OLA1,0.94412875
2266,MFSD14B,0.8615096
2267,CYSRT1,0.8325909
2268,MFSD10,0.9622036
2269,PLBD2,0.9669255
2270,PABPC3,0.85702837
2271,COQ4,0.93562967
2272,TARS,0.9059687
2273,AGFG1,0.95997304
2274,SLURP1,0.7550069
2275,BCL6,0.74797094
2276,BICDL2,0.7690504
2277,STARD7,0.97946775
2278,ANKRD13A,0.90972435
2279,TCEAL4,0.985057
2280,EBPL,0.94443303
2281,TRIM16,0.91585606
2282,CDIPT,0.9824801
2283,METTL9,0.7409076
2284,PLCB3,0.97663033
2285,SUCLG1,0.87076026
2286,DIP2B,0.91359794
2287,SETD5,0.97069865
2288,NDRG2,0.83636016
2289,F12,0.9618933
2290,PRPF6,0.9710781
2291,UBE2H,0.95383936
2292,ACIN1,0.9155022
2293,UBR5,0.9171368
2294,LMF2,0.9799562
2295,DHX9,0.96728253
2296,TOB1,0.9190916
2297,TIAL1,0.81280136
2298,SLC20A1,0.9347375
2299,BUB3,0.94931036
2300,PUM2,0.96400875
2301,GRB2,0.9641815
2302,PIM3,0.9583983
2303,PQBP1,0.9295389
2304,CDKN2B,0.62065476
2305,MFGE8,0.9519892
2306,NDEL1,0.77401215
2307,SCO2,0.8225312
2308,RAB21,0.931694
2309,PGM2,0.8172903
2310,DNPEP,0.95404536
2311,WDFY2,0.9245183
2312,TMX1,0.9551926
2313,FAM134A,0.9502957
2314,CTBP2,0.9663882
2315,NFIX,0.9653952
2316,M6PR,0.96841735
2317,JAK1,0.9609082
2318,HSPE1,0.9551935
2319,ZNF750,0.81726867
2320,ZMPSTE24,0.9089123
2321,FKBP8,0.930058
2322,WIPF2,0.9403456
2323,URI1,0.9831587
2324,FAT2,0.97422117
2325,PCYT1A,0.8962687
2326,BST2,0.97659916
2327,ARHGAP5,0.93033683
2328,FAM168B,0.9679353
2329,HARS,0.82234347
2330,ATP2C1,0.9473223
2331,RRP1,0.92683804
2332,TMEM87A,0.91042924
2333,ANKRD13D,0.97495455
2334,PLAU,0.8862656
2335,ACO2,0.9495327
2336,TFAP2C,0.86196774
2337,FASTK,0.96848214
2338,STIM1,0.8692332
2339,PPP4R3A,0.9770566
2340,ARHGEF1,0.9773983
2341,MED8,0.74068654
2342,RBBP4,0.96407014
2343,RHOT2,0.9603295
2344,UBE2Q2,0.94256073
2345,PIM1,0.75258046
2346,FBXO7,0.96175164
2347,LRPPRC,0.9691434
2348,DNAJA2,0.9004727
2349,MAP3K2,0.9488375
2350,SESN3,0.94218886
2351,PWP1,0.9002038
2352,SLC35E1,0.93546134
2353,GLRX5,0.9696938
2354,PRPF4B,0.94989574
2355,CYP4F22,0.819854
2356,AC113404.1,0.95299435
2357,CRISPLD2,0.94810873
2358,EGLN3,0.8684954
2359,SCAMP2,0.8303777
2360,PSMD4,0.7801873
2361,PRMT1,0.9624201
2362,TBCA,0.7922338
2363,PRRX1,0.97291857
2364,REEP3,0.89118254
2365,SNRPA,0.9664711
2366,GSK3B,0.96383595
2367,COPS2,0.9556527
2368,UBAP2L,0.96925354
2369,LSM2,0.9599357
2370,EMC3,0.94453555
2371,CCDC50,0.9528794
2372,NCK2,0.91372913
2373,ELP2,0.9388055
2374,TCERG1,0.9639589
2375,SGTA,0.96082914
2376,ACBD3,0.98010206
2377,NIPAL2,0.77440196
2378,MESDC2,0.8884023
2379,ARRDC3,0.91643035
2380,FAM89A,0.9574327
2381,STAT3,0.843637
2382,STX6,0.92635715
2383,ACOT7,0.8785846
2384,CAPZA2,0.9322398
2385,MFHAS1,0.88439274
2386,KLK13,0.6059993
2387,SEPHS2,0.95853394
2388,ACAP3,0.7950907
2389,DR1,0.9229888
2390,PCM1,0.9896446
2391,AMFR,0.8662826
2392,GLTSCR2,0.97495025
2393,NOC2L,0.96622545
2394,MXD4,0.95498484
2395,LETM1,0.97263247
2396,RELA,0.94928
2397,NOLC1,0.97043186
2398,CLPTM1,0.87191755
2399,MKRN1,0.9481341
2400,OXA1L,0.90978694
2401,VMA21,0.96342474
2402,RAB3GAP1,0.9326881
2403,UBQLN2,0.8499612
2404,COPB2,0.93101573
2405,MLLT1,0.92101336
2406,SP100,0.96690494
2407,CHTOP,0.9578686
2408,CPSF7,0.88318616
2409,DEFB4B,0.7555018
2410,NOTCH1,0.9732587
2411,PRDM1,0.93287474
2412,TRMT112,0.90256286
2413,EPHB4,0.9554267
2414,CSK,0.85742855
2415,SNX1,0.9569952
2416,ATP5G1,0.96296626
2417,NOMO3,0.9569906
2418,IER3IP1,0.96431243
2419,SF3A1,0.95771414
2420,EFTUD2,0.9700227
2421,LYPLA2,0.94089156
2422,BLOC1S2,0.87748617
2423,TMEM184A,0.96130633
2424,POLR2B,0.9575734
2425,GSDMA,0.79294705
2426,BOK,0.87882674
2427,SF3B3,0.90408623
2428,SUPT6H,0.9668892
2429,MTSS1,0.9012525
2430,PHF20L1,0.9774315
2431,FARSB,0.9683001
2432,MKKS,0.95955396
2433,FBXW2,0.97070414
2434,MED15,0.9686727
2435,WBSCR22,0.9785541
2436,ATG9A,0.9739659
2437,GAPDH,0.85443383
2438,MSRB1,0.7190305
2439,SH3D19,0.93464357
2440,JARID2,0.84709156
2441,CIZ1,0.9481429
2442,TWF2,0.96399486
2443,EXOSC10,0.97726977
2444,GPAT4,0.9600622
2445,DEFB4A,0.8652049
2446,DDX24,0.9828148
2447,FNBP4,0.95100516
2448,CBWD3,0.9622504
2449,TMEM205,0.98874766
2450,ZNF638,0.9772972
2451,ITGB1BP1,0.95676345
2452,PDLIM7,0.9361488
2453,RB1CC1,0.9731927
2454,SLU7,0.96076304
2455,CD55,0.93010616
2456,VPS4A,0.9564072
2457,PPP1R11,0.93986076
2458,TMEM208,0.95985204
2459,CTDSPL,0.9537257
2460,TMUB1,0.8752166
2461,ICMT,0.9126081
2462,ULK1,0.89439946
2463,COPS5,0.94432753
2464,NRAS,0.91655976
2465,KIF13A,0.9401172
2466,PPP1R7,0.9610629
2467,MMS19,0.9551181
2468,SMARCA5,0.9559219
2469,ESYT2,0.9797934
2470,ZNF385A,0.8883344
2471,AP1G1,0.91691977
2472,PSME4,0.9514792
2473,STX12,0.8521493
2474,NOP10,0.8900948
2475,UBE2E3,0.93540955
2476,TMEM14C,0.9466204
2477,TTC37,0.91379017
2478,TMEM248,0.95953244
2479,HACD2,0.9787704
2480,NSUN2,0.96274185
2481,MBNL2,0.96541756
2482,MYC,0.90987235
2483,TOX4,0.90966165
2484,ZNF593,0.9379678
2485,GJB5,0.95694566
2486,TAF10,0.9420748
2487,MMAB,0.9161989
2488,STX4,0.95011127
2489,ALS2CL,0.6965379
2490,IARS2,0.9399669
2491,HEXB,0.930665
2492,TIPRL,0.9725356
2493,MLEC,0.9660133
2494,LGALS8,0.88618964
2495,ARID1A,0.96462446
2496,SNRPE,0.94429994
2497,U2SURP,0.9691668
2498,FAM50A,0.9701396
2499,ATN1,0.9586952
2500,CEP350,0.9830589
2501,MPRIP,0.9481186
2502,LAMC1,0.90599895
2503,SNRPC,0.96065724
2504,PRPF38B,0.94623524
2505,WBP1L,0.95531005
2506,MPST,0.91732126
2507,ZMIZ1,0.9577757
2508,AP2B1,0.96770406
2509,POM121,0.9448088
2510,GALNT2,0.8992187
2511,UBXN1,0.97872454
2512,LEPROT,0.9405562
2513,EMC6,0.9570421
2514,SH3RF2,0.82104737
2515,CWH43,0.86291903
2516,SS18,0.956319
2517,MRPL13,0.9168222
2518,ERGIC2,0.9394997
2519,DAP,0.9658242
2520,S100P,0.60328144
2521,GNS,0.9381378
2522,SAR1B,0.92782205
2523,TSEN34,0.9610962
2524,DAPK3,0.9109491
2525,ERP44,0.9206066
2526,IMMT,0.95008594
2527,CLDN4,0.8386848
2528,ACSL3,0.94395876
2529,BMP2K,0.7668762
2530,PSMC4,0.9077933
2531,NAB1,0.9744966
2532,PXDN,0.95711404
2533,TMEM9B,0.92957133
2534,C14orf119,0.93402076
2535,ACAP2,0.9461501
2536,ESRRA,0.95321727
2537,BCL11B,0.9182421
2538,ZFAND6,0.95144004
2539,C10orf54,0.9655836
2540,AIDA,0.9569048
2541,TNFRSF21,0.9181556
2542,MAPKAPK3,0.82685596
2543,CAMSAP2,0.8589082
2544,ISCU,0.92281187
2545,CBWD5,0.9757673
2546,UGGT1,0.96407294
2547,LAMTOR4,0.9718827
2548,MED13L,0.96603924
2549,SH3BGRL,0.9284993
2550,HLA-DQA1,0.94264865
2551,PURA,0.94669396
2552,PSMA3,0.91039944
2553,CWC15,0.93447614
2554,PHPT1,0.9703907
2555,TAF9,0.927197
2556,SPATS2L,0.92104024
2557,MRPS6,0.9777072
2558,FARSA,0.96120536
2559,MTA2,0.9666628
2560,BNIPL,0.8476426
2561,FLII,0.9368432
2562,ARFRP1,0.9140873
2563,BIRC6,0.94895816
2564,NIPBL,0.96574795
2565,AZIN1,0.90715337
2566,RANBP1,0.94533914
2567,USP36,0.98004365
2568,VSIG10L,0.9765486
2569,TGFBR1,0.92137915
2570,SETX,0.95690095
2571,TOP2B,0.9620787
2572,MDH1,0.8948712
2573,KLF13,0.9491251
2574,PARP12,0.8667143
2575,EXOSC6,0.9523665
2576,OSTF1,0.9668165
2577,MFF,0.9653245
2578,ATMIN,0.86204463
2579,CHTF8,0.9393871
2580,HAL,0.89220643
2581,DNAJC10,0.96335393
2582,NANS,0.90472126
2583,ZCCHC6,0.8232299
2584,CLPTM1L,0.95311284
2585,NDUFB5,0.89942276
2586,POM121C,0.92335445
2587,MANBAL,0.9470888
2588,PLEK2,0.9588488
2589,DDRGK1,0.9297701
2590,ACP5,0.6841884
2591,PNRC2,0.9441778
2592,ACLY,0.90075356
2593,C6orf89,0.9667225
2594,NCBP2,0.9187731
2595,ABHD17A,0.8823342
2596,FAM89B,0.94356894
2597,KCTD10,0.931615
2598,DLG1,0.9404152
2599,NFIA,0.9394707
2600,SCRIB,0.71158946
2601,PPP2CB,0.873765
2602,HOOK3,0.9361677
2603,IRX2,0.86719155
2604,GPSM2,0.9432867
2605,PES1,0.9820667
2606,GBA,0.91997886
2607,ATG4B,0.9710735
2608,STIP1,0.92153716
2609,ESRP2,0.7870313
2610,TMEM131,0.92314804
2611,SF3A3,0.96838206
2612,RARG,0.88312596
2613,TNPO2,0.9216169
2614,ATXN10,0.9313771
2615,TNFAIP2,0.9660445
2616,IDS,0.87871516
2617,SPOP,0.96715295
2618,RUVBL2,0.9706401
2619,VSNL1,0.9415543
2620,CLK1,0.93398935
2621,UBAC2,0.89437187
2622,SHMT2,0.9591064
2623,MARS,0.9355119
2624,DNAJC2,0.9576892
2625,SH3BP1,0.9490177
2626,TFRC,0.97219515
2627,GSS,0.9694242
2628,RAD9A,0.98419327
2629,FBXL5,0.9627934
2630,SAMD1,0.9083804
2631,BTBD6,0.9388908
2632,MCRIP1,0.9887802
2633,SBDS,0.8701203
2634,PEF1,0.9467949
2635,BAK1,0.95770407
2636,NDUFS1,0.9321975
2637,NDUFS2,0.91883296
2638,KIAA2026,0.9583002
2639,KDM5A,0.98439974
2640,NFKBIZ,0.9790873
2641,TSPAN4,0.94349575
2642,VOPP1,0.92385304
2643,MCFD2,0.89685255
2644,ARSA,0.97282165
2645,ARL4C,0.8565684
2646,GREM1,0.9875595
2647,PTPN14,0.91069204
2648,ZMYM2,0.98093396
2649,NDUFV3,0.82451206
2650,ITPR2,0.9557287
2651,NLRX1,0.91985923
2652,HNRNPH2,0.9310369
2653,POLG,0.9685252
2654,DUSP7,0.8833054
2655,NDUFS4,0.9243107
2656,ANP32A,0.8885791
2657,FAM127A,0.94544065
2658,IST1,0.9628007
2659,PAK2,0.93752235
2660,CD93,0.9735519
2661,HDDC2,0.98508346
2662,USO1,0.95097715
2663,SCAMP3,0.9543027
2664,CCNK,0.9577001
2665,JAG2,0.95632607
2666,VPS25,0.950475
2667,SIRT2,0.91408
2668,CDK16,0.97756475
2669,ACOX1,0.87621534
2670,FH,0.94220424
2671,EIF4G3,0.9478416
2672,IER5,0.72627914
2673,MVD,0.6891881
2674,AP2A1,0.9423094
2675,CCNC,0.9710087
2676,GNL3,0.95375496
2677,RBM10,0.88600653
2678,MRPL3,0.96830004
2679,RALGDS,0.9757271
2680,FUBP1,0.96519935
2681,YIPF2,0.9130268
2682,FAM46B,0.675225
2683,CEBPG,0.9443501
2684,NARF,0.9670762
2685,ADK,0.9315018
2686,VTI1B,0.86981344
2687,CNN3,0.8622153
2688,AGTRAP,0.9355877
2689,CNIH4,0.875758
2690,UBE2A,0.9071364
2691,CYBA,0.94393283
2692,MPDU1,0.9461544
2693,TTYH3,0.9798033
2694,UROD,0.94043237
2695,IGF1R,0.9241727
2696,CREBBP,0.95515144
2697,TTC22,0.817563
2698,MYD88,0.90820426
2699,HECA,0.9452575
2700,KMT2A,0.96805006
2701,DAG1,0.9493011
2702,FO538757.1,0.96713346
2703,GBP2,0.77311736
2704,SASH1,0.965748
2705,MUCL1,0.7614956
2706,SERPINE2,0.8182395
2707,BCL2L1,0.9781167
2708,BACH1,0.9317126
2709,STARD10,0.85279584
2710,ECH1,0.9343207
2711,SERPINB2,0.945596
2712,GSDMC,0.83183664
2713,BNC1,0.92843646
2714,NDUFA5,0.976464
2715,PARP9,0.95095146
2716,AIMP1,0.96713763
2717,CBX5,0.9582015
2718,MARVELD1,0.93788075
2719,PPP1R14C,0.8817221
2720,CTSH,0.9665493
2721,MAPRE1,0.9660604
2722,LONP2,0.97769076
2723,SDHB,0.9292386
2724,BCL9L,0.9490121
2725,CALCOCO2,0.93329155
2726,PHLDA1,0.84753466
2727,PLIN3,0.8601161
2728,RAP1A,0.93745047
2729,MAP2K3,0.9664696
2730,RRAGA,0.82129836
2731,PJA2,0.9280007
2732,CBWD7,0.96181476
2733,PARD6G,0.90052384
2734,NUPR1,0.97888476
2735,DEGS2,0.8405147
2736,ARHGAP35,0.97093356
2737,MAP3K6,0.9077425
2738,CYB561,0.9117495
2739,ARNTL2,0.7715362
2740,RBM15B,0.94663227
2741,KIAA2013,0.95201963
2742,STK17A,0.8913518
2743,TMEM214,0.8876763
2744,FOXO3,0.97357965
2745,SFSWAP,0.94815886
2746,TNRC6B,0.94256634
2747,SYMPK,0.91183966
2748,UPF3A,0.94947106
2749,PPP4R3B,0.9682751
2750,NCOA3,0.9535468
2751,PRKCDBP,0.9415348
2752,EIF2B5,0.932741
2753,ETFA,0.8583476
2754,SMTN,0.8387314
2755,FCGBP,0.4383453
2756,FHL2,0.95014715
2757,RING1,0.9806283
2758,CCDC124,0.9252277
2759,LARP7,0.95997214
2760,ALDH7A1,0.9126336
2761,JMJD1C,0.9572572
2762,PIGS,0.90376425
2763,ZC3H15,0.9697456
2764,POR,0.6415215
2765,ME1,0.90276426
2766,TRIM56,0.95678484
2767,RAB22A,0.873561
2768,ADAM9,0.9137596
2769,TMEM181,0.96408904
2770,GRHPR,0.9474544
2771,TMTC3,0.9268203
2772,SRGN,0.9747392
2773,COMMD7,0.97151864
2774,XRN2,0.9398262
2775,C19orf24,0.96034795
2776,AMOTL2,0.94395167
2777,GLYR1,0.9556515
2778,USP8,0.97544247
2779,GPBP1,0.9549602
2780,SUCO,0.92485875
2781,GATA3,0.7124501
2782,LTBP2,0.98746145
2783,TRABD,0.98201
2784,YTHDF1,0.95625407
2785,TUBGCP2,0.9319183
2786,RAD50,0.971936
2787,SNX5,0.95786995
2788,OAZ2,0.9855824
2789,ETV6,0.9708897
2790,TFDP1,0.95349
2791,MYO9B,0.9520909
2792,BTG2,0.9651879
2793,PCOLCE,0.94270945
2794,PCYOX1,0.90825063
2795,HSD17B10,0.9318702
2796,C9orf16,0.923804
2797,VPS13A,0.8950523
2798,XAF1,0.9667848
2799,RUSC1,0.9547795
2800,CRK,0.939047
2801,ARHGAP21,0.94436246
2802,CUL1,0.9335382
2803,ALKBH5,0.96350443
2804,RGS12,0.9363474
2805,NIPA2,0.966808
2806,SRPK2,0.9614846
2807,YES1,0.9349712
2808,SIGMAR1,0.9628476
2809,NUDT4,0.97516227
2810,AMMECR1,0.8998056
2811,KLC1,0.9614756
2812,MBD1,0.92293596
2813,AHR,0.96464705
2814,GSDMD,0.9940414
2815,EVL,0.91783655
2816,NBPF10,0.8429631
2817,ABCF2,0.937479
2818,CLPX,0.89219475
2819,SLC31A2,0.80212116
2820,GBP1,0.934392
2821,PRPF31,0.9631186
2822,RNF181,0.97254515
2823,VPS13C,0.9570793
2824,SERINC5,0.9085084
2825,RDX,0.9345812
2826,ELMO3,0.9624591
2827,GAS2L1,0.9645266
2828,TEAD3,0.86176705
2829,SYTL1,0.8195864
2830,WDR34,0.92320955
2831,NT5C,0.97765815
2832,HS6ST1,0.9871178
2833,WWTR1,0.96945417
2834,TSPAN17,0.9404362
2835,WHSC1L1,0.93958384
2836,STYXL1,0.8966583
2837,UBLCP1,0.9471645
2838,SFXN3,0.9709994
2839,RNF6,0.87434036
2840,ABCE1,0.9628714
2841,VPS13D,0.9493474
2842,FAM136A,0.91417724
2843,SF3B4,0.96405333
2844,PPARD,0.9210442
2845,RNASE7,0.7625531
2846,SIL1,0.9765096
2847,EGFL7,0.9731732
2848,STAB1,0.97602713
2849,IDE,0.7935221
2850,ARHGEF37,0.85382444
2851,KIFC2,0.7991121
2852,CHCHD10,0.9623631
2853,SLC52A2,0.95769936
2854,GAK,0.9084673
2855,RBM6,0.9145273
2856,USP15,0.92981136
2857,NECAP2,0.9260256
2858,PLEKHM1,0.9275722
2859,CPSF6,0.970923
2860,LTA4H,0.88330126
2861,SLBP,0.9415083
2862,CDC16,0.94108653
2863,CIC,0.94766134
2864,HIP1R,0.7308037
2865,SLC38A5,0.9181823
2866,FRYL,0.96392083
2867,GYG1,0.8248067
2868,SZRD1,0.9595941
2869,USF2,0.9509441
2870,WARS,0.87663984
2871,ARAP2,0.95678353
2872,DRG1,0.9053197
2873,PSMG3,0.884772
2874,RGL2,0.8590063
2875,CAMLG,0.96781147
2876,PSMD7,0.9624872
2877,GPT2,0.7355636
2878,SAMM50,0.96973616
2879,USP47,0.9710701
2880,NRBF2,0.93239427
2881,GOLGA3,0.9528738
2882,ADNP,0.9668639
2883,PTK6,0.9118032
2884,MRPS11,0.95125353
2885,CTSK,0.98891324
2886,STT3A,0.9277785
2887,IRF1,0.9824112
2888,ELAC2,0.95483255
2889,C6orf106,0.9118795
2890,MAN1A2,0.9575378
2891,MIB2,0.8078811
2892,XPOT,0.9235493
2893,RAB7B,0.94988525
2894,SAMD9,0.8529276
2895,DGAT2,0.940184
2896,SMC4,0.9112342
2897,TMEM256,0.92955166
2898,YTHDC1,0.979986
2899,MREG,0.7874018
2900,CACUL1,0.91538656
2901,EPS15,0.9533616
2902,NBR1,0.9464832
2903,ARRDC4,0.89191633
2904,DCAF5,0.97808963
2905,PCNA,0.94559425
2906,NLRC5,0.9732671
2907,TMEM109,0.93491274
2908,ERF,0.937778
2909,COMTD1,0.9147274
2910,PPM1G,0.9695922
2911,F3,0.81199896
2912,AAK1,0.96323407
2913,C21orf33,0.9800936
2914,STRA13,0.9610352
2915,VEGFB,0.9614453
2916,SLC25A46,0.93830585
2917,PPA2,0.9390525
2918,PPM1F,0.8811972
2919,NPIPB11,0.9444294
2920,FOXK2,0.9593295
2921,DUS1L,0.96517587
2922,TMEM222,0.95266116
2923,CELSR2,0.9052506
2924,MYO1D,0.91520983
2925,MT1E,0.93062216
2926,OSBPL2,0.7607393
2927,LAMB2,0.9859443
2928,VDAC3,0.8970621
2929,DDX56,0.9588338
2930,WDR45B,0.91687024
2931,PACS1,0.94360906
2932,IDI1,0.7032239
2933,ZC3HAV1,0.8963719
2934,PTPRA,0.9517672
2935,DENND2C,0.8625173
2936,SIVA1,0.962441
2937,ADH5,0.9633462
2938,ASH1L,0.9748304
2939,BRD7,0.94736075
2940,WDR43,0.8796202
2941,ITPA,0.9760713
2942,SPRYD3,0.98883694
2943,UBE2Q1,0.95788026
2944,URM1,0.9510924
2945,FRG1,0.9550893
2946,GNA11,0.9687158
2947,DDX23,0.9684815
2948,DHRS4L2,0.92033404
2949,CDC123,0.9508263
2950,CTDSP2,0.97011614
2951,IRX3,0.7472954
2952,TMEM106C,0.93707734
2953,STAP2,0.72041994
2954,MFSD1,0.79848474
2955,TSNAX,0.9649205
2956,PPP1R12C,0.98559916
2957,IL6ST,0.97816646
2958,ERAP1,0.9672946
2959,FERMT1,0.9271231
2960,DGCR2,0.9050924
2961,MAP7,0.93471813
2962,SOX15,0.91042954
2963,TCEAL9,0.8938724
2964,GOLGA8B,0.80781406
2965,SENP6,0.97038597
2966,DCAF8,0.97287756
2967,AP3S1,0.8713088
2968,MRPL41,0.927752
2969,GRPEL1,0.86714983
2970,CLEC2B,0.90727335
2971,ANKRD10,0.93828374
2972,TIA1,0.98380274
2973,ABHD17C,0.7939395
2974,C9orf69,0.97723913
2975,TGFB1,0.9730115
2976,LONP1,0.94583917
2977,FARP1,0.97779286
2978,AFG3L2,0.96035194
2979,BCL3,0.94808316
2980,ALKBH7,0.9362242
2981,MGAT4B,0.94502366
2982,SBNO1,0.9674772
2983,SLC1A4,0.95362276
2984,DHX36,0.94262457
2985,MTHFD2,0.94628257
2986,UPF1,0.9536436
2987,ZKSCAN1,0.9548857
2988,AKAP8,0.9754858
2989,CACYBP,0.9637887
2990,EFEMP1,0.94564986
2991,LUC7L2,0.9192744
2992,ETS1,0.9285837
2993,LRRFIP2,0.9470669
2994,SYF2,0.9639664
2995,NME4,0.92556345
2996,BRWD1,0.9666666
2997,UBP1,0.9533333
2998,GTF2F2,0.9332346
2999,EIF4A3,0.74774617
3000,CLEC2D,0.9608717
3001,ITPK1,0.94391346
3002,RAB35,0.9729476
3003,CHID1,0.98988765
3004,SRA1,0.9866419
3005,RPA1,0.94088125
3006,BCL7C,0.9551133
3007,DHRS4,0.8936206
3008,DAP3,0.8998531
3009,MRPS12,0.9518565
3010,PREB,0.97093314
3011,RHOV,0.6465451
3012,MRPL55,0.9582956
3013,NECTIN4,0.794208
3014,DYNLT3,0.895247
3015,C16orf72,0.9465572
3016,DNAJC8,0.9623823
3017,CERK,0.9596195
3018,TCF3,0.96936643
3019,MYO19,0.9673297
3020,TRPS1,0.96395916
3021,UPF2,0.9584029
3022,EXOC5,0.8610562
3023,NDUFS3,0.9393116
3024,FAM20C,0.94283885
3025,RAB34,0.9573007
3026,ATG12,0.95040774
3027,MRPS18B,0.96781504
3028,EEF1D,0.97283256
3029,HCFC1,0.926679
3030,UXT,0.9752273
3031,SHARPIN,0.98617506
3032,CKMT1B,0.88723934
3033,C7orf50,0.97886425
3034,NMRAL1,0.9607924
3035,SSB,0.9529258
3036,SLC25A37,0.884359
3037,TSG101,0.9620687
3038,MEA1,0.9358311
3039,SCAP,0.941959
3040,SIAH2,0.91296107
3041,TMEM173,0.9847313
3042,COPG1,0.97965866
3043,HIGD2A,0.93095744
3044,PPP6R3,0.9632632
3045,KHNYN,0.9508773
3046,FAM83F,0.9628217
3047,UBL3,0.9706154
3048,COX14,0.8978724
3049,PPP2R5A,0.9537668
3050,VPS36,0.94878536
3051,MRPS2,0.9309722
3052,SBF1,0.952068
3053,TRNAU1AP,0.93313605
3054,ATP6V0A1,0.78822446
3055,COPRS,0.9711636
3056,TTL,0.94646925
3057,ECE1,0.92618287
3058,CNPY2,0.94553727
3059,KMT2C,0.96825534
3060,TMEM203,0.94133556
3061,TRAK1,0.9382369
3062,TMPRSS11D,0.93543655
3063,VPS26B,0.946304
3064,WIZ,0.96413106
3065,SLC30A9,0.94996434
3066,DCTN5,0.9381783
3067,KREMEN1,0.92059904
3068,ALDH9A1,0.8429724
3069,DRG2,0.95832914
3070,ARFGAP1,0.93361163
3071,ARRDC1,0.9777063
3072,NDUFB6,0.93290097
3073,SNW1,0.96330714
3074,HOMER2,0.8362366
3075,VWA1,0.95072997
3076,NAA10,0.95431954
3077,SMIM12,0.95642173
3078,IDH3A,0.8987755
3079,NUB1,0.93780816
3080,ARHGAP32,0.8971083
3081,ATF7IP,0.9260275
3082,TMED4,0.9561403
3083,MFSD6,0.8799513
3084,PMPCB,0.95255524
3085,TMED7,0.9329357
3086,WASL,0.93649405
3087,NBPF9,0.97789073
3088,SMS,0.8421192
3089,SPHK1,0.96964306
3090,EXT2,0.8201938
3091,RAB38,0.8510028
3092,INO80E,0.9535058
3093,ECHDC1,0.95520127
3094,IMPDH1,0.9183145
3095,PLCD3,0.8498787
3096,SERPINB7,0.92865455
3097,TBRG4,0.9633658
3098,PARVA,0.91618854
3099,AP2A2,0.9534778
3100,TOM1L2,0.9131511
3101,SLC25A11,0.97286683
3102,CDS1,0.8681488
3103,EXOC6B,0.89654857
3104,TMEM9,0.946314
3105,ROCK1,0.97801685
3106,UBA2,0.95302415
3107,GLS,0.9555599
3108,RAB11B,0.9595008
3109,YIPF3,0.9776797
3110,CLPP,0.9406277
3111,RBM42,0.9463639
3112,WBP11,0.920852
3113,MCM5,0.94843656
3114,EFCAB14,0.9463893
3115,HDAC7,0.97861886
3116,BANF1,0.97774863
3117,DAB2IP,0.8596218
3118,CCDC12,0.8971146
3119,ANKRD36,0.8930409
3120,ARL4D,0.7728636
3121,NUDT1,0.91699594
3122,UNC45A,0.9129247
3123,EGR1,0.9387995
3124,CERS4,0.76534015
3125,GPR157,0.74703014
3126,EVA1B,0.97537386
3127,CPEB2,0.9693056
3128,MTUS1,0.9841671
3129,ERBIN,0.95453775
3130,ECHDC2,0.8769573
3131,RFC1,0.9772245
3132,UBE2L6,0.9191584
3133,VGLL4,0.9410546
3134,GPATCH4,0.96562535
3135,NASP,0.9586174
3136,RORA,0.9595138
3137,VPS53,0.92029786
3138,ARFGEF1,0.9342663
3139,INSR,0.96281874
3140,ZNF395,0.8950133
3141,SORBS3,0.966167
3142,COASY,0.9372609
3143,MPZL3,0.8689013
3144,PTDSS1,0.90850365
3145,USP5,0.94604397
3146,PIK3CD,0.9434968
3147,TXLNA,0.91353756
3148,NDUFB3,0.87843037
3149,UCHL3,0.882867
3150,PON2,0.94239664
3151,FAM114A1,0.97222096
3152,TLK1,0.95369333
3153,MVK,0.8271652
3154,DCTD,0.91713107
3155,CSRP1,0.98061323
3156,CDC34,0.981257
3157,CXXC5,0.96399635
3158,KANK1,0.928628
3159,PLXNA1,0.9130959
3160,PTPRZ1,0.9375177
3161,NR2F6,0.9220021
3162,DGKZ,0.9783297
3163,ANGPTL4,0.7137877
3164,TES,0.9077659
3165,ATIC,0.90741956
3166,SETD3,0.9662048
3167,UBE4A,0.94943184
3168,AFF1,0.9806628
3169,PLXND1,0.9743386
3170,TRIM7,0.89250845
3171,EMG1,0.9682542
3172,TRPV3,0.8646464
3173,ARL2,0.95262265
3174,FSTL3,0.90393096
3175,UFM1,0.86837083
3176,FBXO11,0.9248175
3177,ATG13,0.97921145
3178,EML4,0.96248585
3179,EXPH5,0.9044554
3180,RRAGC,0.9356852
3181,CLINT1,0.9321852
3182,LEPROTL1,0.93184286
3183,HTATIP2,0.9440558
3184,SMAD4,0.95862716
3185,CYB561A3,0.9799101
3186,NT5C3A,0.9290915
3187,ELAVL1,0.9589411
3188,PTHLH,0.8459338
3189,RAI1,0.95261896
3190,RAE1,0.9340132
3191,TNRC18,0.9521964
3192,RCOR1,0.9631626
3193,HLA-DMB,0.94026554
3194,ELK3,0.9748613
3195,DUSP22,0.97008014
3196,PLEKHN1,0.7468175
3197,SNRPD1,0.9584323
3198,PPP3CB,0.9588809
3199,TSC22D4,0.9916811
3200,LCE2B,0.73639864
3201,CYLD,0.8876117
3202,YOD1,0.93421066
3203,ARFIP2,0.9775541
3204,NDUFA12,0.94357663
3205,SERTAD2,0.9576715
3206,TSKU,0.9331245
3207,PDCD2,0.9548253
3208,RMDN1,0.9585554
3209,GIGYF2,0.976562
3210,FAM193B,0.92214435
3211,FKBP5,0.9439763
3212,CPEB4,0.8619621
3213,TMEM87B,0.9501955
3214,FKBP15,0.91663533
3215,LSR,0.9462637
3216,SMIM14,0.8721698
3217,MRPL43,0.88704807
3218,NADSYN1,0.82356954
3219,RAB3GAP2,0.96183324
3220,HMG20B,0.9661855
3221,POP7,0.9483662
3222,XIAP,0.9671458
3223,RBM47,0.89701474
3224,PLEKHH3,0.90357745
3225,PACSIN3,0.9556251
3226,USP16,0.97078085
3227,CELSR1,0.954143
3228,LIPA,0.88030225
3229,IL18,0.9463468
3230,DVL3,0.9687421
3231,RBCK1,0.98203135
3232,LRP11,0.7956653
3233,CCSER2,0.9595062
3234,DNAJB12,0.98347306
3235,TIAM1,0.873876
3236,HIBCH,0.9174333
3237,EGLN1,0.8740281
3238,POLR2H,0.96042544
3239,PRKACA,0.96392035
3240,POLR2J3,0.93366885
3241,DOCK6,0.8639487
3242,PTPN13,0.88417137
3243,ZNF292,0.9768846
3244,WDR45,0.9469447
3245,TMEM245,0.93965816
3246,METTL5,0.94368875
3247,PLEKHA1,0.933221
3248,MRPL15,0.9242294
3249,ATP13A1,0.9447683
3250,FXR1,0.9699108
3251,DCAF7,0.98542845
3252,PGP,0.9698883
3253,UBE3C,0.9693991
3254,GRWD1,0.9789083
3255,CIR1,0.97220767
3256,CKMT1A,0.9420794
3257,CPA4,0.77060777
3258,MRPS21,0.6822919
3259,KCTD15,0.94579005
3260,WDR66,0.9508202
3261,LARS,0.9708232
3262,SORL1,0.9108139
3263,ZSWIM8,0.8529378
3264,ROCK2,0.9625
3265,MLST8,0.9659228
3266,GAA,0.8897905
3267,ADAP2,0.89094263
3268,PHF23,0.9645622
3269,TMEM57,0.92367476
3270,NXF1,0.96387774
3271,SLC25A1,0.93005013
3272,CDHR1,0.7600094
3273,MPG,0.9634292
3274,YTHDF3,0.9648459
3275,RERE,0.96545166
3276,COMMD4,0.95319736
3277,SYAP1,0.9537174
3278,TRIM33,0.9054012
3279,KEAP1,0.95191026
3280,FYB,0.9607834
3281,IRF2BPL,0.9551824
3282,ZDHHC9,0.96286017
3283,CANT1,0.9463717
3284,ASXL1,0.9427948
3285,UBE2J1,0.97951806
3286,NUDT21,0.9695871
3287,AUTS2,0.97339886
3288,SLC30A7,0.95519584
3289,TMC6,0.9631992
3290,ATG3,0.9411092
3291,CCDC6,0.86481774
3292,CAPN12,0.954662
3293,SMPD4,0.95008284
3294,SYNPO,0.96444964
3295,PARL,0.92662585
3296,CYB5R2,0.75411206
3297,CYTH1,0.9642994
3298,JOSD1,0.93882304
3299,GGA1,0.9669838
3300,CD36,0.96956223
3301,MRPS26,0.9469214
3302,AARS,0.97433895
3303,SRPK1,0.8535878
3304,PLA2R1,0.9624063
3305,LCN2,0.35677457
3306,ABCA1,0.949392
3307,LRRC47,0.97833323
3308,TAF11,0.959859
3309,APMAP,0.9543504
3310,AKR1B10,0.6883987
3311,GPR87,0.93110627
3312,TACC2,0.9072323
3313,CHD9,0.9860248
3314,ASCC3,0.88576025
3315,SLC12A4,0.9002047
3316,TMPRSS13,0.77506703
3317,SDCBP,0.96348596
3318,PAG1,0.9909509
3319,EMC1,0.91637546
3320,NUDCD3,0.9522295
3321,TFE3,0.98663056
3322,SAE1,0.9510707
3323,NBPF15,0.95332617
3324,BTF3L4,0.9595508
3325,VTA1,0.8994214
3326,KAZN,0.9382021
3327,ENSG00000226210.3,0.96788895
3328,PMP22,0.96585596
3329,USP24,0.9436773
3330,BMPR2,0.96911657
3331,SUMO1,0.9271333
3332,HAS3,0.9715838
3333,UBAC1,0.95724773
3334,POLR2K,0.9002745
3335,GDI1,0.9246211
3336,SEPT10,0.94581103
3337,MPHOSPH8,0.9683778
3338,RIF1,0.9594328
3339,RBM12,0.93077177
3340,STAG2,0.9842124
3341,TTC1,0.9736105
3342,BAD,0.9645664
3343,DSE,0.98030573
3344,TNPO3,0.9518613
3345,MRPS10,0.96386206
3346,RAPGEF1,0.91231805
3347,FYTTD1,0.91662526
3348,RASIP1,0.9685446
3349,SLC35B1,0.95613235
3350,ANKH,0.95591974
3351,TRIP11,0.97624356
3352,WIPF1,0.9908323
3353,NAA15,0.930651
3354,ZC3H13,0.97503567
3355,WDR33,0.9474991
3356,METAP1,0.96189034
3357,MALT1,0.81829304
3358,EFNA1,0.95969856
3359,GAPVD1,0.9589084
3360,ASNA1,0.9386082
3361,SLC31A1,0.88873976
3362,BABAM1,0.9729987
3363,AKT2,0.9449762
3364,LAMTOR2,0.95103997
3365,NELFCD,0.9754052
3366,MPHOSPH6,0.903637
3367,CASC3,0.9583903
3368,PYURF,0.92409617
3369,RRP36,0.9208846
3370,EEA1,0.94455373
3371,STON2,0.9019796
3372,MEPCE,0.9710413
3373,ARHGEF4,0.8528593
3374,DVL1,0.950086
3375,UQCC3,0.97312176
3376,NHSL2,0.92339975
3377,KLHL21,0.9437837
3378,RAF1,0.9389293
3379,A2M,0.8601187
3380,TP53I13,0.92756826
3381,AAGAB,0.92390674
3382,NRP1,0.96479744
3383,UBE2G1,0.8690553
3384,APOL2,0.9621703
3385,PPP1R2,0.934904
3386,WLS,0.9270234
3387,ABHD2,0.9786321
3388,VAPB,0.9278246
3389,FTSJ1,0.9516601
3390,AFTPH,0.97198987
3391,TMUB2,0.97546756
3392,CDK6,0.932118
3393,SCFD1,0.9330029
3394,HSDL2,0.88632286
3395,EGLN2,0.9674923
3396,E2F4,0.8996192
3397,TMEM14B,0.9710276
3398,FAM83C,0.8555567
3399,YIPF6,0.9805328
3400,PCSK7,0.9882527
3401,ALDH4A1,0.93330145
3402,WDR61,0.90083474
3403,TROVE2,0.95050776
3404,MCM4,0.9524885
3405,KIAA1191,0.94641435
3406,THOP1,0.9443457
3407,TADA3,0.9597696
3408,PHLDA2,0.8248519
3409,RNASET2,0.9443317
3410,NSD1,0.9621509
3411,SERPINB8,0.85357505
3412,WDR55,0.9734616
3413,RRP12,0.94786996
3414,WDR6,0.9537955
3415,FUNDC2,0.9434206
3416,NSMF,0.9156475
3417,PRR13,0.95610756
3418,PCDH7,0.8815212
3419,CCDC84,0.982699
3420,RAB4A,0.9431986
3421,UBAP2,0.9425989
3422,ZBED5,0.9558857
3423,SPTLC2,0.89879555
3424,TXNDC9,0.93029904
3425,NBPF20,0.8630235
3426,PCMTD1,0.9868684
3427,HTT,0.9463827
3428,PHF20,0.9761577
3429,CCDC109B,0.9259005
3430,ITGA2,0.956662
3431,SCNN1A,0.7468606
3432,CLNS1A,0.95156693
3433,ZRANB1,0.9708926
3434,MFN1,0.9537412
3435,RAPGEFL1,0.8941838
3436,DCUN1D5,0.9153455
3437,CCZ1,0.9393659
3438,KLHDC3,0.960336
3439,HEXA,0.96192956
3440,TRAP1,0.95439017
3441,FZD6,0.9086863
3442,ILVBL,0.9606347
3443,RFTN1,0.9366366
3444,SPEN,0.95474786
3445,DHX32,0.9442564
3446,RTCA,0.91340524
3447,EXOC3,0.71085405
3448,VIMP,0.95188785
3449,UGDH,0.93609434
3450,SPNS2,0.9169906
3451,CDH13,0.89758474
3452,SELK,0.9514279
3453,SLMAP,0.9634333
3454,SVIL,0.9445269
3455,TMEM261,0.9362202
3456,RNF40,0.9703016
3457,TCEB3,0.9637332
3458,SDHAF2,0.97589016
3459,ITPKC,0.96859676
3460,ERCC1,0.94488543
3461,MLXIP,0.9677254
3462,PARP1,0.9184876
3463,ITM2C,0.9861606
3464,EPN3,0.7870765
3465,SURF2,0.9367216
3466,C1orf106,0.91349435
3467,FEZ2,0.9765325
3468,MAX,0.97318125
3469,ZC3H18,0.88687277
3470,NOP16,0.9375609
3471,FUBP3,0.92620534
3472,EXT1,0.944568
3473,SMPD3,0.6967483
3474,CHMP2B,0.9493356
3475,BZW2,0.9603949
3476,PTCD3,0.95578873
3477,PPP2R3A,0.9280428
3478,BEX3,0.88560385
3479,SECTM1,0.9790314
3480,ATXN1,0.9548546
3481,MCMBP,0.9473245
3482,POLR2J,0.9492612
3483,PIK3R1,0.94189537
3484,BOP1,0.9718692
3485,PFKFB3,0.96433437
3486,ARHGAP23,0.95842344
3487,IGSF8,0.92780423
3488,ATF5,0.9761457
3489,SKIL,0.95223415
3490,SMAD5,0.92792845
3491,RRP7A,0.9483385
3492,COPS4,0.93162817
3493,BDH1,0.8475112
3494,ATP11B,0.8918652
3495,DYRK1A,0.973631
3496,EPHA2,0.9316722
3497,GTPBP4,0.96776056
3498,MT1X,0.7720569
3499,BCAS2,0.9355849
3500,MAN2C1,0.98222744
3501,SLC39A7,0.9659967
3502,GTF3C5,0.95639646
3503,CDA,0.7660483
3504,FAM46A,0.9802029
3505,ABHD14B,0.96540433
3506,DESI1,0.94249594
3507,KIAA1671,0.935111
3508,TSC22D3,0.9390756
3509,API5,0.95187306
3510,BCAM,0.8068709
3511,TPGS2,0.9445493
3512,SMIM7,0.94639546
3513,NT5C2,0.89217526
3514,NSUN5,0.9677413
3515,ARL2BP,0.915081
3516,TMEM63B,0.90817505
3517,SENP3,0.97290486
3518,LRBA,0.9211028
3519,HK2,0.85090494
3520,SELO,0.9698645
3521,JMJD8,0.961763
3522,TIMM10,0.9602802
3523,TMEM179B,0.9684437
3524,HBP1,0.97563916
3525,GIT1,0.91193146
3526,SRP54,0.9503512
3527,TIMP3,0.9119742
3528,MRPL42,0.9581918
3529,EP300,0.9472518
3530,LSM3,0.9353953
3531,SFRP2,0.98185027
3532,ARID4B,0.9653501
3533,ATP6V1H,0.95751935
3534,RBM22,0.9771844
3535,SAMD4B,0.9667536
3536,BROX,0.94166654
3537,GALNT10,0.97700524
3538,MIIP,0.91448545
3539,BIRC2,0.9387646
3540,COPB1,0.9021274
3541,AZI2,0.9203207
3542,DEF6,0.9844347
3543,DFFA,0.93435687
3544,HERC4,0.90968746
3545,JAGN1,0.9745023
3546,ENY2,0.9617514
3547,FHOD1,0.93418115
3548,DNAJC15,0.87603855
3549,XPO7,0.91339266
3550,CAMTA1,0.9660038
3551,NF1,0.9750701
3552,NSRP1,0.97782284
3553,MON2,0.971476
3554,TBRG1,0.9824419
3555,ZHX1,0.9402075
3556,MED16,0.97086644
3557,EHMT1,0.94695204
3558,MRPS35,0.92913693
3559,NBPF12,0.9260019
3560,ZEB2,0.9687482
3561,SPINK6,0.4416587
3562,TMED5,0.9474632
3563,ATP6V1C2,0.65529215
3564,TAF7,0.91559786
3565,PDXDC1,0.9361516
3566,KLK8,0.8450869
3567,FRMD8,0.87462354
3568,ANP32E,0.9230517
3569,HPCAL1,0.8907771
3570,EXOC1,0.97063017
3571,TPCN1,0.9868384
3572,SRRT,0.95129186
3573,SMARCA2,0.96009326
3574,TTC17,0.9831862
3575,LBH,0.9676156
3576,CPSF2,0.92085123
3577,OTUD5,0.9776964
3578,FCGRT,0.98874694
3579,PANK3,0.93942523
3580,ACOT13,0.9487495
3581,LARP4,0.9539594
3582,PHLDB1,0.96306306
3583,OSBPL8,0.97669995
3584,DERL2,0.9582142
3585,SMYD2,0.90287673
3586,DDX41,0.92620337
3587,CCNY,0.88788974
3588,PRCC,0.8588269
3589,CHPF2,0.94601667
3590,EMC7,0.90311116
3591,EIF2AK2,0.96402544
3592,FAM43A,0.9513015
3593,DCAF6,0.9167562
3594,CREB3,0.9778539
3595,ISOC2,0.93025005
3596,ZBTB44,0.9726157
3597,CDYL,0.96975285
3598,SSBP3,0.966842
3599,ASCC2,0.95311373
3600,PDCD10,0.9325442
3601,MRTO4,0.9545756
3602,TPRA1,0.98270303
3603,ZBTB20,0.98484147
3604,PTK2,0.93140197
3605,SCYL2,0.9421519
3606,FAM110C,0.93264085
3607,NIFK,0.96059257
3608,HIKESHI,0.97112316
3609,USP10,0.95855755
3610,ZNF24,0.97015023
3611,ELK4,0.94190395
3612,LDLRAP1,0.94065815
3613,DYNC1LI1,0.92707735
3614,ZCCHC17,0.9578586
3615,LIMS1,0.950654
3616,SLC39A13,0.9096514
3617,SLC6A8,0.9135092
3618,COG4,0.96577126
3619,DUSP1,0.8905561
3620,TGFA,0.8998091
3621,BCAR1,0.9545042
3622,FAM57A,0.9578815
3623,TBCB,0.9636885
3624,MED10,0.9505914
3625,MAP4K5,0.95411146
3626,EPHX3,0.90969604
3627,MDM4,0.9917585
3628,PACSIN2,0.9654603
3629,TSC22D1,0.9371151
3630,DDT,0.82647806
3631,TNNT1,0.8372155
3632,TMPO,0.91490287
3633,RAC2,0.95630485
3634,BTBD2,0.9534575
3635,LUZP1,0.8755056
3636,BLOC1S1,0.93927044
3637,ADSS,0.95009154
3638,CCND3,0.9828903
3639,TRIM27,0.9763428
3640,SRI,0.92884845
3641,ANXA3,0.8659904
3642,POLR3H,0.941181
3643,SPSB3,0.9714471
3644,USP33,0.97207487
3645,PPP6R2,0.9757033
3646,ITFG1,0.979255
3647,SCYL1,0.9706066
3648,DIP2A,0.9564143
3649,SAFB,0.9542
3650,ZDHHC12,0.9608479
3651,RC3H2,0.9003656
3652,TSSC4,0.9368039
3653,NCOA1,0.9682123
3654,IDH3B,0.9465085
3655,TRAF3IP2,0.89320725
3656,PRKAG1,0.9406255
3657,HSD17B4,0.92447114
3658,ST6GALNAC2,0.90339977
3659,MAT2B,0.9536391
3660,TSTD1,0.81549543
3661,TMEM51,0.96486986
3662,SLC12A2,0.95962393
3663,TRIM25,0.9604826
3664,AXL,0.8746504
3665,ISCA1,0.9015505
3666,AKR1B1,0.94720745
3667,PPP1R18,0.90310425
3668,TMEM141,0.9340926
3669,MOB3A,0.9712799
3670,ATAD3B,0.94457805
3671,TWIST2,0.97346085
3672,DHRS1,0.8987573
3673,PHACTR2,0.9252042
3674,EML3,0.94022655
3675,POLR2I,0.9095136
3676,BDKRB2,0.92249227
3677,GOLGA7,0.93870085
3678,KPNA3,0.93969834
3679,NT5DC2,0.95508516
3680,IL1R1,0.9059595
3681,STX16,0.9315269
3682,PBRM1,0.9596876
3683,TPD52,0.8922085
3684,YIPF5,0.98251104
3685,ALCAM,0.9023561
3686,GPN1,0.91063446
3687,SH3BP2,0.69494754
3688,SEPN1,0.9580801
3689,CCS,0.9712555
3690,FBXO45,0.8247524
3691,ELOVL7,0.89140975
3692,FNDC3B,0.9772186
3693,SPRR3,0.63953143
3694,SGPL1,0.9539508
3695,C9orf78,0.963989
3696,SNX9,0.9775169
3697,BNIP2,0.93586487
3698,PPHLN1,0.9605181
3699,THAP4,0.95046014
3700,SLC30A1,0.8820442
3701,ID3,0.8400615
3702,MRPS5,0.93703294
3703,PLD2,0.6295194
3704,CDC27,0.94527143
3705,ACTR10,0.95123464
3706,DUSP6,0.9215634
3707,FST,0.9362135
3708,PSMB9,0.9712597
3709,SCOC,0.95278585
3710,MLLT6,0.9720951
3711,LTBP3,0.9656866
3712,ZMIZ2,0.96759075
3713,EMB,0.9087437
3714,BAZ1B,0.9751167
3715,ETNK1,0.9308167
3716,GGT5,0.98019046
3717,INTS6,0.94185996
3718,C1D,0.9003013
3719,CDK4,0.917904
3720,ERI3,0.96594447
3721,CBLC,0.7267993
3722,ECI1,0.90705055
3723,MED13,0.9441234
3724,BCR,0.86617166
3725,ITGA1,0.97623503
3726,ANAPC13,0.9249784
3727,CARS,0.9579787
3728,MOV10,0.9500156
3729,NUBP2,0.94863516
3730,RSU1,0.9005104
3731,NAE1,0.9434147
3732,ZFR,0.94528764
3733,TTC39B,0.95571804
3734,TATDN2,0.9405915
3735,CAMK2D,0.9641202
3736,KLF7,0.96672636
3737,PDHA1,0.92030364
3738,TPX2,0.8828613
3739,EAPP,0.96608347
3740,DGAT1,0.9882335
3741,OSMR,0.9684719
3742,MDM2,0.92694104
3743,FAM63B,0.9639521
3744,IGBP1,0.96265894
3745,UBR2,0.97502804
3746,SERTAD1,0.96327907
3747,VDR,0.97085285
3748,COX17,0.8321435
3749,CTPS1,0.92908907
3750,BDP1,0.9520508
3751,UBE2J2,0.95677525
3752,ZNF117,0.84191036
3753,GLB1,0.92228556
3754,GNG11,0.94929737
3755,FBXO3,0.9119651
3756,TRIM26,0.9703119
3757,ANK3,0.9406466
3758,CNPPD1,0.92098135
3759,DHX30,0.9775661
3760,TXNDC15,0.9684025
3761,ANXA6,0.9780701
3762,WFDC5,0.9890183
3763,TOMM70,0.9674128
3764,C19orf48,0.96378607
3765,AATF,0.9719372
3766,CEACAM19,0.83260673
3767,NLRP1,0.9641303
3768,NT5E,0.8390835
3769,PCGF3,0.9313613
3770,IREB2,0.9428784
3771,HAX1,0.94847363
3772,SYK,0.94807893
3773,TRIM47,0.9108501
3774,DHX38,0.9510001
3775,NUMB,0.98208326
3776,KLK12,0.8514993
3777,PFN2,0.8719494
3778,MOB2,0.9594087
3779,DDX27,0.9752478
3780,TLDC1,0.9232834
3781,DDAH2,0.93911916
3782,IP6K2,0.9464868
3783,MRPL21,0.9144681
3784,SIRT7,0.92286
3785,FAM133B,0.9562409
3786,KLHDC2,0.956239
3787,ANGPTL2,0.97001165
3788,LCMT1,0.8845119
3789,PCNX4,0.97549057
3790,TMEM230,0.9675219
3791,C15orf48,0.8819313
3792,EHD4,0.9628443
3793,FBRSL1,0.9681515
3794,OGFRL1,0.9436346
3795,FAM160B2,0.95343894
3796,POP4,0.9366782
3797,STK17B,0.98878187
3798,PPFIBP1,0.98222744
3799,TRIM22,0.9754139
3800,SCAMP4,0.9386977
3801,POLR1A,0.94429934
3802,GART,0.94323397
3803,TMEM159,0.9398295
3804,FMNL2,0.9327084
3805,AP3B1,0.92176694
3806,PIN1,0.97325695
3807,LEMD2,0.97418326
3808,NUP62,0.9401526
3809,ABL2,0.93388057
3810,MMP11,0.9001493
3811,GTF2H1,0.93330044
3812,FOXN1,0.9429474
3813,ZNF664,0.96900475
3814,NQO2,0.9204334
3815,HMGB2,0.897026
3816,MKL1,0.98105204
3817,UAP1,0.94286805
3818,ANKRD36C,0.9225365
3819,MKNK1,0.95500386
3820,KCNK1,0.9461045
3821,STX10,0.93317884
3822,MAPKAP1,0.89665675
3823,ZBTB8OS,0.9479635
3824,ZMYND19,0.95235765
3825,C12orf75,0.9609242
3826,MAP2K7,0.97970814
3827,PI4KB,0.9635566
3828,NME3,0.9540221
3829,ZBTB38,0.9628938
3830,MNT,0.9724396
3831,SH3YL1,0.9601432
3832,ULK3,0.7699923
3833,MAN2B2,0.93907213
3834,LTB4R2,0.5888008
3835,TMEM183A,0.949503
3836,DEDD,0.960975
3837,IRF3,0.9259386
3838,PCDH1,0.8808958
3839,SMCHD1,0.95593995
3840,FAM214A,0.9775773
3841,LAMA4,0.95741636
3842,SKI,0.9766872
3843,PBXIP1,0.93185574
3844,ARID5B,0.96957403
3845,GNAI1,0.8947412
3846,WDR18,0.96784824
3847,SLC10A3,0.92165446
3848,RANBP9,0.90212303
3849,CPSF1,0.92652303
3850,TDP2,0.9367065
3851,ZDHHC20,0.9482846
3852,UBAP1,0.9522021
3853,MST1R,0.9433983
3854,COL15A1,0.9256575
3855,TTC7A,0.96389735
3856,PARD3,0.9687573
3857,LPCAT1,0.9443992
3858,NELL2,0.6152703
3859,CYTH2,0.9623816
3860,PTTG1,0.9359857
3861,MRPL54,0.95317817
3862,APPL1,0.9437219
3863,ATP10D,0.91849166
3864,HGSNAT,0.9260349
3865,MGST2,0.9193404
3866,ZC3H14,0.9683806
3867,EIF2B1,0.93590564
3868,YPEL3,0.96417916
3869,FAF1,0.9537423
3870,CNOT9,0.9395638
3871,ARIH1,0.94801384
3872,RABEP1,0.98865277
3873,SMG7,0.972626
3874,PSD4,0.9536573
3875,CD109,0.8697573
3876,STXBP5,0.9594111
3877,UBA5,0.9805645
3878,CD2AP,0.9233655
3879,CHD1,0.9693876
3880,AKAP17A,0.9336759
3881,FAM214B,0.97205585
3882,GATC,0.91886914
3883,STRN3,0.87076527
3884,STRN,0.9645187
3885,CYP26B1,0.9342231
3886,CLDND1,0.97422206
3887,KIAA0430,0.9413591
3888,SUZ12,0.95792645
3889,UBXN11,0.65344715
3890,MINA,0.9562426
3891,TRIB1,0.9600959
3892,BACE2,0.9790215
3893,SEPT8,0.8860501
3894,NOB1,0.96936136
3895,PLCD1,0.8760085
3896,CRKL,0.9524136
3897,DDX55,0.9536628
3898,NUDT8,0.80158967
3899,CDC5L,0.9840414
3900,FRMD4B,0.9248615
3901,RDH12,0.8881313
3902,RALGAPB,0.9557577
3903,KDM1A,0.8888361
3904,ALG2,0.9233805
3905,IRX4,0.9307369
3906,SUGP2,0.901458
3907,ADGRL2,0.97517014
3908,BCL2L13,0.94916165
3909,BLVRA,0.9332014
3910,SURF6,0.9499525
3911,SPTBN2,0.7391606
3912,NCBP3,0.97564125
3913,PLA2G12A,0.9734031
3914,PPP3R1,0.9126075
3915,FZR1,0.9788236
3916,HDAC3,0.96344614
3917,TNFAIP8,0.91709805
3918,AP5Z1,0.9836896
3919,SMG5,0.94373035
3920,CBX6,0.9697547
3921,CPSF3,0.9433714
3922,DPM2,0.93534416
3923,TRIM41,0.9642769
3924,RASSF1,0.9450911
3925,RABGAP1,0.93639153
3926,DNMT1,0.9644914
3927,PLA2G4F,0.701844
3928,HAT1,0.94282115
3929,GNL2,0.9416129
3930,TSPAN9,0.9279173
3931,SP3,0.9202024
3932,NDUFA8,0.93762803
3933,CFH,0.95707506
3934,MRPS33,0.9613268
3935,NAGLU,0.96337926
3936,TANK,0.92491186
3937,SLC6A14,0.8711165
3938,GPCPD1,0.96643984
3939,WDR82,0.899604
3940,TRIM38,0.965401
3941,XRN1,0.96571463
3942,CDK13,0.9561482
3943,ACACA,0.92182505
3944,NIT2,0.93219835
3945,DEF8,0.8802427
3946,LARGE2,0.9308806
3947,IPO9,0.97656304
3948,FBXO22,0.96863174
3949,MPP7,0.9324137
3950,ACAT2,0.7916105
3951,SSH3,0.95348847
3952,WDR77,0.9499625
3953,MAP2,0.9203709
3954,GNL1,0.9278985
3955,SAT2,0.9553249
3956,USP48,0.9779656
3957,MRPL36,0.9154135
3958,XPO5,0.894744
3959,SRSF8,0.9593291
3960,TSC22D2,0.9592721
3961,GNPAT,0.93019736
3962,RSF1,0.96870613
3963,DHRS3,0.9225128
3964,GSTA4,0.7401898
3965,PDCD11,0.9339208
3966,OAS2,0.84747076
3967,GCC1,0.9478824
3968,SGSM3,0.97283727
3969,MMACHC,0.87372106
3970,COX20,0.9007485
3971,PIK3IP1,0.9936759
3972,PRDM2,0.95150584
3973,DCTN4,0.9512189
3974,ATP13A3,0.9507313
3975,RUFY3,0.91793555
3976,COPS3,0.9121112
3977,KDM5C,0.9745597
3978,CHD7,0.92999655
3979,ATXN7L3B,0.9631475
3980,LMO7,0.96487206
3981,CASZ1,0.82573426
3982,RGS3,0.98415285
3983,FAM110A,0.96648294
3984,MID1IP1,0.9161235
3985,SMPD1,0.98068273
3986,PXN,0.9161389
3987,PPM1A,0.96944475
3988,ACTL6A,0.9422181
3989,NAT10,0.9649221
3990,HES4,0.9881811
3991,ACP2,0.98698133
3992,HEPHL1,0.7844971
3993,OGFR,0.94438225
3994,MRPL24,0.93286127
3995,SPTLC3,0.9174497
3996,PAQR7,0.8229369
3997,MAGED2,0.9490849
3998,MED4,0.9041248
3999,PCF11,0.95771974
4000,HEATR1,0.96896094
4001,S100A12,0.81494313
4002,KIAA1033,0.8933721
4003,ZNF787,0.97824985
4004,SMARCB1,0.93127567
4005,BCKDK,0.85689086
4006,SOD3,0.9683646
4007,ATP9A,0.9368914
4008,SMC5,0.934792
4009,FAF2,0.9426961
4010,TXNDC12,0.9698565
4011,LLGL2,0.8904503
4012,IGF2R,0.9447374
4013,CRELD2,0.9509556
4014,AGO2,0.9690764
4015,NSMCE1,0.9437011
4016,RASSF5,0.9272692
4017,PGD,0.74363506
4018,NEK7,0.92062587
4019,SFXN1,0.97399837
4020,VEZT,0.93916917
4021,CLIP4,0.93708223
4022,SLC15A1,0.7420181
4023,PIK3C2A,0.9753543
4024,C17orf62,0.9636783
4025,CMTM3,0.90235955
4026,RNF19A,0.94196373
4027,OPA1,0.9478048
4028,ARL4A,0.7498775
4029,DYNLT1,0.9387526
4030,LTBP4,0.9326617
4031,TMEM55B,0.9843292
4032,SUCLG2,0.958004
4033,ZMAT5,0.92997754
4034,TMEM106B,0.98170084
4035,ZFYVE21,0.9641243
4036,GAR1,0.9825257
4037,FAAP100,0.9695915
4038,PIN4,0.93791085
4039,PRKD2,0.96539915
4040,PHACTR4,0.982272
4041,TMEM160,0.9420846
4042,DHX29,0.9512389
4043,RETSAT,0.9408705
4044,PRKRA,0.9743473
4045,TBC1D22A,0.9850767
4046,RRP1B,0.9453207
4047,ZBED1,0.955969
4048,CNOT6,0.91855276
4049,RFXANK,0.94195414
4050,FKBP10,0.9812586
4051,C16orf58,0.95448244
4052,KMT2B,0.95466375
4053,PITPNA,0.8512375
4054,USP53,0.9470166
4055,CUL3,0.9709063
4056,DNTTIP2,0.96724945
4057,YLPM1,0.9671637
4058,POLDIP3,0.9524067
4059,IFNAR1,0.9384956
4060,SLFN5,0.939288
4061,STX5,0.96657
4062,DCUN1D1,0.96528214
4063,FCHSD1,0.7661458
4064,CISD1,0.9137999
4065,PTPMT1,0.8520715
4066,NISCH,0.9585258
4067,TK1,0.94297945
4068,CDK5RAP2,0.92576134
4069,COPS7A,0.9452538
4070,HPGD,0.82883674
4071,RBMXL1,0.9609154
4072,NCBP1,0.89826113
4073,IBTK,0.97528523
4074,KRAS,0.981547
4075,NCOA7,0.9663911
4076,ILK,0.96264195
4077,PFDN1,0.94517285
4078,FAM21A,0.9616675
4079,PTGES2,0.9391203
4080,RHEB,0.87926567
4081,HIST1H2AC,0.8831185
4082,FAM129A,0.95761734
4083,SC5D,0.92548597
4084,MVB12A,0.9546572
4085,GTF2H5,0.9306506
4086,PHYKPL,0.9624024
4087,FAM126A,0.9441625
4088,PTPN1,0.972024
4089,PPP1R15A,0.9241744
4090,PRRC1,0.95344776
4091,B3GNT5,0.95286745
4092,MYADM,0.9791654
4093,RASSF7,0.94354147
4094,TAB2,0.9567585
4095,MCUR1,0.9280776
4096,CPM,0.8764684
4097,C19orf66,0.9663475
4098,MRPL40,0.94287837
4099,DCTPP1,0.9393699
4100,SPG21,0.9213498
4101,SNRK,0.97502565
4102,PAK1IP1,0.9527009
4103,CEMIP,0.9630053
4104,CWF19L2,0.97885656
4105,TP53INP1,0.95943356
4106,TBCD,0.9646333
4107,TRMT10C,0.9539392
4108,COX7A2L,0.9399307
4109,PI4KA,0.9753649
4110,PMPCA,0.9223562
4111,RCAN1,0.8870835
4112,NKIRAS2,0.92711765
4113,GOLM1,0.93768233
4114,UBE4B,0.9281049
4115,UBXN7,0.97426
4116,POGK,0.9634553
4117,CD248,0.9700683
4118,GYPC,0.991302
4119,ELF1,0.8904158
4120,MICAL2,0.9061833
4121,CTCF,0.9384142
4122,ZMYND8,0.94022685
4123,JKAMP,0.9147536
4124,ARMC10,0.93692625
4125,PLSCR1,0.9468661
4126,ARHGAP29,0.98206484
4127,MXRA8,0.9038009
4128,ABRACL,0.95546705
4129,ATXN7L3,0.9303936
4130,NOP2,0.9500629
4131,PCMTD2,0.95265716
4132,CRYAB,0.8776916
4133,C11orf24,0.9647905
4134,TRIM8,0.9716955
4135,AFAP1L2,0.9166462
4136,CBX4,0.97495276
4137,FAM71D,0.94812036
4138,ACER3,0.93511933
4139,LPCAT3,0.87869376
4140,PLA2G4D,0.88558006
4141,HTATSF1,0.9351206
4142,ENDOG,0.9038758
4143,PLEKHB2,0.9691704
4144,PDHB,0.9399119
4145,CGGBP1,0.9221539
4146,PTGES,0.8446173
4147,STK38,0.9118988
4148,RAB32,0.8668174
4149,CLOCK,0.92959064
4150,BRD9,0.9529812
4151,DAXX,0.9729501
4152,LSP1,0.9342937
4153,TMEM167B,0.9570511
4154,ACBD6,0.9420354
4155,TP53INP2,0.9839015
4156,ZPR1,0.89938104
4157,CAPNS2,0.94062036
4158,AJUBA,0.8884767
4159,SMC1A,0.92861795
4160,SLC35C2,0.9733828
4161,NRIP1,0.95921785
4162,CRYBG3,0.9453233
4163,SLC11A2,0.91790795
4164,AHSA2,0.96916807
4165,CCDC25,0.96699786
4166,MYBL2,0.88344365
4167,GLOD4,0.9063137
4168,CAMSAP1,0.93611735
4169,EHF,0.88936657
4170,KIAA1468,0.8994555
4171,FUCA2,0.9590282
4172,KCTD9,0.9006869
4173,CNOT7,0.9641597
4174,IPO8,0.9601269
4175,NFX1,0.9592132
4176,STX7,0.96392614
4177,TNFRSF14,0.95175123
4178,RBSN,0.9712266
4179,COA4,0.9570959
4180,FAM192A,0.9702466
4181,AKNA,0.9880192
4182,HACD3,0.9626929
4183,SCRN1,0.9634166
4184,GFM1,0.9188755
4185,AIG1,0.9334117
4186,BAG5,0.89431006
4187,IDH1,0.9483774
4188,PGM1,0.91902804
4189,RSRP1,0.9536535
4190,ZFAND2B,0.9889062
4191,TRIM13,0.9385181
4192,UBL4A,0.9524466
4193,ZMYND11,0.9626744
4194,DCAF13,0.95673794
4195,BCAP29,0.94039184
4196,ZFC3H1,0.9647293
4197,RAB8A,0.9746434
4198,MARCKSL1,0.96632314
4199,RHBDF2,0.90216976
4200,PATJ,0.9319866
4201,VAMP2,0.98138195
4202,FAM208B,0.9240203
4203,HBS1L,0.9676258
4204,NUDT5,0.9288218
4205,SLC25A28,0.90758187
4206,NCS1,0.90402496
4207,GTF3C1,0.917164
4208,NF2,0.9804185
4209,XPR1,0.9054691
4210,FBXO28,0.92379403
4211,TMEM126A,0.9172648
4212,TMEM101,0.95521504
4213,DKC1,0.9462118
4214,AHSA1,0.9199228
4215,GDPD3,0.72060597
4216,C20orf27,0.9557767
4217,MED19,0.96442604
4218,C16orf13,0.9561986
4219,TNK2,0.9275217
4220,WAPL,0.9552552
4221,DNAJC1,0.97564995
4222,CHURC1,0.8650527
4223,IKBKB,0.9605193
4224,SECISBP2,0.9629938
4225,SWAP70,0.9713768
4226,ABCD3,0.9225429
4227,PLEKHO1,0.9709462
4228,ATP2A3,0.9684797
4229,TMEM115,0.9586853
4230,PLOD3,0.948506
4231,FAHD1,0.95590097
4232,CPD,0.9029489
4233,NOL8,0.9464632
4234,CEACAM6,0.91544783
4235,GUSB,0.9772694
4236,ANKRD36B,0.9509323
4237,TMX3,0.9516933
4238,APTX,0.94279265
4239,GMFG,0.9559535
4240,FARP2,0.94720733
4241,KCTD2,0.9334704
4242,CDK12,0.969257
4243,NFYC,0.94410896
4244,PAIP1,0.9722245
4245,MAP3K13,0.9620754
4246,ODF2L,0.9664115
4247,RNF168,0.93733805
4248,FAM204A,0.9334322
4249,TMEM254,0.87684625
4250,ERC1,0.93784475
4251,UMPS,0.97112477
4252,NPC1,0.90179837
4253,DIS3,0.9748079
4254,PHLDB2,0.9262154
4255,WNT4,0.8892817
4256,TAOK2,0.979366
4257,TBC1D23,0.94988996
4258,SP1,0.96773463
4259,DTD1,0.92739886
4260,TPMT,0.8956421
4261,GPR153,0.94755065
4262,HPS1,0.8992921
4263,SMDT1,0.89318997
4264,DIDO1,0.9321254
4265,BRD3,0.9559453
4266,PRSS3,0.75177157
4267,OGFOD1,0.9343143
4268,IRGQ,0.9748335
4269,TBC1D9B,0.94679606
4270,CRLS1,0.9563942
4271,PREP,0.9179132
4272,LCOR,0.9884291
4273,TINF2,0.93797433
4274,ARHGAP27,0.976843
4275,TSC2,0.9365714
4276,GSK3A,0.95134366
4277,RNF217,0.94424886
4278,FNIP2,0.95930254
4279,UNC5B,0.9880692
4280,LLPH,0.9691297
4281,MBP,0.9299761
4282,DOCK9,0.93732196
4283,NMD3,0.9543751
4284,UCHL5,0.92896634
4285,CITED2,0.91408056
4286,SLC35E2B,0.97567767
4287,MICAL1,0.9625827
4288,ETV3,0.9508533
4289,ATP6V1C1,0.9215209
4290,EIF2A,0.9446519
4291,TNKS2,0.9412988
4292,PEX26,0.9784311
4293,PFKFB2,0.9666253
4294,MORC3,0.9381721
4295,SMAP2,0.95805025
4296,ISLR,0.94208777
4297,TUSC1,0.8896826
4298,TSR1,0.94472235
4299,DOK4,0.95321137
4300,C19orf60,0.96357816
4301,CALM3,0.93752474
4302,MAP3K1,0.9716673
4303,SEC22B,0.9888717
4304,TMEM19,0.948927
4305,FLAD1,0.9419493
4306,TPST2,0.97012776
4307,TRIO,0.952459
4308,REST,0.96659476
4309,TRAPPC12,0.934376
4310,SDHD,0.9665206
4311,COMMD3,0.9401199
4312,TRAPPC4,0.94707304
4313,PNKD,0.990399
4314,ACAD9,0.81710863
4315,STK10,0.98354465
4316,HPSE,0.89063203
4317,PTPRE,0.9569663
4318,NFATC2IP,0.95363975
4319,ASAP1,0.9894288
4320,CCDC88A,0.98366785
4321,MOB4,0.913356
4322,DNAJC3,0.9738971
4323,ZZEF1,0.9746182
4324,SNX33,0.9869297
4325,MRGBP,0.96390927
4326,DKK3,0.88672096
4327,SETD7,0.9380317
4328,NBPF11,0.917737
4329,PIAS1,0.9726451
4330,UTRN,0.980356
4331,TTC19,0.97033703
4332,UNG,0.9426287
4333,SNX12,0.9463785
4334,GNB4,0.9524421
4335,MRPL18,0.95611936
4336,MRPL32,0.9267319
4337,SGMS1,0.9508723
4338,LETMD1,0.9667601
4339,SPARCL1,0.9713579
4340,CBFB,0.9297652
4341,MROH1,0.960642
4342,GBAS,0.96993023
4343,IP6K1,0.97977054
4344,PPRC1,0.91378576
4345,GMFB,0.9667133
4346,RAB11FIP1,0.9458379
4347,WWP1,0.9592636
4348,GTF2A2,0.91786295
4349,CYHR1,0.9769288
4350,SLC9A1,0.9087716
4351,PNKP,0.96782476
4352,GAN,0.8950661
4353,RNF114,0.91333985
4354,MRPS25,0.9454304
4355,ANKRD52,0.8957916
4356,TRUB2,0.94158894
4357,ATF6,0.95364183
4358,TDG,0.94471437
4359,PLRG1,0.9560813
4360,RPRD1A,0.92849827
4361,PLPP3,0.98917294
4362,CHMP1B,0.92002153
4363,TEX261,0.96111375
4364,MIEN1,0.9770461
4365,GTF3C4,0.93253165
4366,PNPLA2,0.97900516
4367,KATNBL1,0.9082447
4368,AK3,0.9108253
4369,LCE2C,0.7493044
4370,SUSD6,0.9841797
4371,ZFHX3,0.9890186
4372,TMEM41B,0.92475194
4373,STYX,0.94868815
4374,MPC2,0.9635444
4375,IQSEC1,0.931622
4376,KRI1,0.9737998
4377,CDC20,0.82707244
4378,PEPD,0.9560121
4379,GBF1,0.9535756
4380,HIPK1,0.9454056
4381,ZNF282,0.93824387
4382,HOOK1,0.95272017
4383,KIDINS220,0.97408384
4384,SCPEP1,0.95289385
4385,DCTN3,0.8484166
4386,DCXR,0.8199842
4387,TM9SF4,0.8959518
4388,STK4,0.9730898
4389,RAB12,0.9182736
4390,RRAS,0.9466809
4391,PDPK1,0.9396183
4392,LIN7C,0.9105145
4393,ZNF106,0.96718246
4394,C1QBP,0.9146894
4395,ATXN3,0.98378444
4396,ELF3,0.95723933
4397,GPATCH8,0.97886056
4398,RNPEP,0.9619011
4399,MGST3,0.8632606
4400,CCDC120,0.8907258
4401,ARL1,0.975283
4402,MAP2K4,0.9552874
4403,MUL1,0.9516276
4404,C1QTNF6,0.9722707
4405,CDC42SE2,0.9564806
4406,UBE2E2,0.9453893
4407,CASK,0.94377524
4408,APOL6,0.9663269
4409,PRSS27,0.9160907
4410,PGAM5,0.89912987
4411,ZDHHC24,0.9730553
4412,DNAJC11,0.9224308
4413,FAM45A,0.9156796
4414,BLOC1S6,0.98379755
4415,PLD1,0.94253683
4416,ACSL4,0.9667169
4417,HEG1,0.9871496
4418,COMMD9,0.9445805
4419,CELF2,0.9890256
4420,FLOT1,0.9873583
4421,TIMMDC1,0.9209113
4422,RXRB,0.9437587
4423,IL10RB,0.97352433
4424,TEX264,0.9487648
4425,MYO1E,0.9664627
4426,QSER1,0.95770556
4427,DTYMK,0.91452235
4428,WWC1,0.98439467
4429,C11orf57,0.9634204
4430,TRIAP1,0.914507
4431,HLA-DMA,0.97620636
4432,PLCXD1,0.91780293
4433,GLMP,0.98823136
4434,DDX60,0.89180356
4435,ZC3H7A,0.97979176
4436,NUP188,0.9404721
4437,MTFR1L,0.9759022
4438,SAV1,0.9767551
4439,GON4L,0.9618678
4440,GSKIP,0.91206455
4441,CPTP,0.9742303
4442,PIK3CB,0.95460975
4443,MTAP,0.9517821
4444,DDB2,0.9645764
4445,HELZ2,0.9420812
4446,MPHOSPH10,0.9162997
4447,ATG2A,0.97695434
4448,RAPH1,0.9513385
4449,MXI1,0.91364104
4450,NAV2,0.95445436
4451,UTP3,0.9416596
4452,CUL5,0.9646071
4453,SEC14L1,0.9652589
4454,RDH13,0.83581907
4455,AGPAT3,0.86551464
4456,DDX49,0.921152
4457,DAB2,0.96622545
4458,TULP4,0.9473614
4459,ARIH2,0.95468986
4460,FAM219B,0.9267953
4461,PDP1,0.957783
4462,FLRT2,0.8202454
4463,RNF13,0.9705286
4464,UBE3B,0.924143
4465,CYBB,0.9717911
4466,NSDHL,0.90683407
4467,MFAP2,0.95800316
4468,ARMC1,0.96539277
4469,ATP13A2,0.9657927
4470,LANCL1,0.9610898
4471,IRS2,0.9765098
4472,CD52,0.9602762
4473,BCCIP,0.94600093
4474,TRIM16L,0.95721966
4475,GRPEL2,0.91835266
4476,TSPAN5,0.8544319
4477,SLC43A3,0.88480175
4478,GGCX,0.9839865
4479,CHSY1,0.9305994
4480,HERC2,0.9592598
4481,BTBD7,0.981086
4482,DDA1,0.9377387
4483,MRPL20,0.95379764
4484,TRAF3,0.9265904
4485,YY1AP1,0.94545186
4486,FOSL1,0.9110672
4487,AKR7A2,0.9565877
4488,LUC7L,0.9764962
4489,PPIL2,0.9360027
4490,STRN4,0.9263018
4491,AK4,0.9429682
4492,DLST,0.937125
4493,PBDC1,0.94719225
4494,IFI35,0.9776536
4495,VAV2,0.86573845
4496,PTPN23,0.9569061
4497,GTF2F1,0.95817727
4498,ABHD12,0.96610606
4499,RBM33,0.98525095
4500,CCNDBP1,0.89356554
4501,HECTD3,0.9645498
4502,BET1L,0.9350674
4503,IFI44,0.9226528
4504,PAF1,0.9315237
4505,SRGAP2,0.987279
4506,JAK3,0.97478986
4507,TANC2,0.9549825
4508,PPIP5K2,0.97431266
4509,ASH2L,0.9614516
4510,ALDH18A1,0.9270342
4511,ZFAND3,0.969218
4512,ATAD3A,0.9522929
4513,AQR,0.94047904
4514,BIRC5,0.89367855
4515,UBA3,0.9145098
4516,MRFAP1L1,0.9120056
4517,KANSL1,0.974116
4518,SGSM2,0.94502014
4519,COA1,0.98658484
4520,ZNF358,0.97891146
4521,FBLN2,0.92945135
4522,ELOF1,0.97027373
4523,MROH6,0.8374207
4524,CCDC186,0.9653786
4525,PMF1,0.91945535
4526,DENND1B,0.97814935
4527,HOOK2,0.83019716
4528,LMBRD1,0.97543705
4529,POGZ,0.97243017
4530,CSRP2,0.94562775
4531,MCM3,0.96046525
4532,TERF2IP,0.9688418
4533,LINC00116,0.9368386
4534,STRIP1,0.9455641
4535,QRICH1,0.93392956
4536,SCAMP1,0.9554612
4537,NUP98,0.9503966
4538,CTNNBL1,0.9760458
4539,NCAPH2,0.96486276
4540,CTGF,0.95422316
4541,AP3M1,0.9496729
4542,CLN5,0.97820234
4543,COL4A3BP,0.95123345
4544,TBC1D10A,0.9591391
4545,DPY30,0.94422084
4546,DNPH1,0.91159874
4547,GOLT1B,0.9726642
4548,ENOSF1,0.94549537
4549,GPRC5A,0.69441414
4550,TCEA1,0.93157923
4551,KIAA0319L,0.9726996
4552,ZMYM4,0.9755933
4553,TOPBP1,0.9825398
4554,GCLC,0.9477044
4555,DNAJC21,0.92036545
4556,NUDCD2,0.9471372
4557,TMEM237,0.9513763
4558,AMZ2,0.93265426
4559,HPS4,0.9617886
4560,SSSCA1,0.8947217
4561,FAM20A,0.9689412
4562,SLC25A13,0.9569471
4563,CDKN1C,0.8853341
4564,USB1,0.9604717
4565,TBX2,0.9677846
4566,FAM21C,0.9523169
4567,LRRC58,0.94831765
4568,MRPL58,0.93400425
4569,PPP1R9B,0.95594877
4570,RGS10,0.9159655
4571,ZNF131,0.9655142
4572,KIFAP3,0.9670625
4573,TM7SF3,0.94906056
4574,LPGAT1,0.8970802
4575,ZNF148,0.94820124
4576,DEDD2,0.9750497
4577,TGIF1,0.94810486
4578,FAM98B,0.9166702
4579,FAR1,0.8922835
4580,USP22,0.9817126
4581,PKN2,0.96719736
4582,ZNF800,0.93894356
4583,LGALS9,0.97466123
4584,SSBP4,0.9681824
4585,RPF1,0.9421013
4586,FAM96B,0.9227379
4587,DTX2,0.87265146
4588,PSMG2,0.9683408
4589,EPHA4,0.9122594
4590,MASP1,0.9529564
4591,SH3PXD2B,0.8925854
4592,FIBP,0.97881585
4593,OSER1,0.9371376
4594,MTIF3,0.96073925
4595,COPS8,0.8994562
4596,NUP214,0.9611113
4597,FAM234A,0.9275297
4598,NAA30,0.946257
4599,NUCB2,0.9779276
4600,CYTH3,0.9913235
4601,APOBEC3C,0.987188
4602,MDFIC,0.91380167
4603,NIP7,0.95060796
4604,PTPRK,0.9634607
4605,TACC1,0.97695726
4606,OLFML2A,0.88294095
4607,THUMPD1,0.953173
4608,FBXO42,0.95798093
4609,ARFGEF2,0.9561444
4610,PANX1,0.92773354
4611,METTL8,0.97380424
4612,SMIM15,0.9576394
4613,MTHFD1,0.92706394
4614,GSE1,0.94554996
4615,GFOD2,0.91436595
4616,ZNF146,0.8912133
4617,LMNB2,0.88837487
4618,MED28,0.9641466
4619,ZNF219,0.9348311
4620,CHFR,0.9301288
4621,TST,0.82866925
4622,NAPG,0.9563883
4623,HINT3,0.9581699
4624,EPC1,0.9678673
4625,WDTC1,0.96060914
4626,ZNF431,0.94361866
4627,DGCR6L,0.94710785
4628,RNF220,0.9528394
4629,MRPL11,0.9628953
4630,PIGG,0.9765825
4631,UNK,0.97585845
4632,C12orf29,0.9469235
4633,WHSC1,0.8874549
4634,SLC20A2,0.92610353
4635,OSBP,0.95704806
4636,AGPAT1,0.98068064
4637,APOL3,0.9811795
4638,GAS7,0.946308
4639,CNOT6L,0.97450376
4640,RNF152,0.93129414
4641,SORD,0.8946319
4642,CETN2,0.9446667
4643,CHST2,0.84961754
4644,POMGNT1,0.961263
4645,POLR2C,0.91540235
4646,HYAL2,0.9430906
4647,PTPN11,0.8938622
4648,MYSM1,0.97560096
4649,ZZZ3,0.9458786
4650,EXOSC4,0.9563751
4651,USP1,0.93313324
4652,RBL2,0.9750006
4653,RRM2,0.89490944
4654,ILKAP,0.97317976
4655,FBXL3,0.9592871
4656,DDIT4,0.9691905
4657,GGA3,0.95522285
4658,EIF2B4,0.92758274
4659,RYK,0.94401515
4660,MAP1B,0.9833636
4661,NMU,0.9167676
4662,ADARB1,0.9779501
4663,FUT2,0.84078676
4664,TMF1,0.96066445
4665,CAMK2N1,0.82114977
4666,MIB1,0.94536626
4667,AMPD3,0.913406
4668,ID2,0.9514987
4669,TOR1AIP1,0.9216607
4670,TUBG1,0.9608864
4671,CSF1R,0.943227
4672,MAU2,0.9191261
4673,SEPT11,0.93228924
4674,CPT1A,0.9462789
4675,VAMP5,0.9869545
4676,SLC4A7,0.968764
4677,IL32,0.9530885
4678,DPM1,0.8921957
4679,PTPN18,0.95754224
4680,DNAJC13,0.9614414
4681,NREP,0.9429235
4682,RFNG,0.97083044
4683,FMR1,0.9655133
4684,RAB27B,0.9407651
4685,HELZ,0.9779103
4686,NCBP2-AS2,0.96309185
4687,BIN3,0.94281274
4688,ALDH16A1,0.9681412
4689,NAXD,0.9812043
4690,UBE2S,0.88702214
4691,CREBL2,0.9790094
4692,YIPF1,0.9737352
4693,GATAD2B,0.96899617
4694,HSPB8,0.75878793
4695,PER1,0.9611865
4696,OLFM2,0.9321593
4697,CARS2,0.96735173
4698,NIPAL1,0.90383357
4699,CCZ1B,0.9506633
4700,MLX,0.96699506
4701,TNIP2,0.9648189
4702,UROS,0.95553046
4703,COA6,0.90863085
4704,MSL3,0.9750305
4705,NOP9,0.9286108
4706,NPM3,0.83995223
4707,TGFBR2,0.89837843
4708,SLC39A9,0.87786424
4709,NDUFAF2,0.93920493
4710,C5orf24,0.9570061
4711,LAMTOR3,0.9649411
4712,CXXC1,0.9441093
4713,PDK1,0.9643777
4714,ANO9,0.831606
4715,PACS2,0.9715135
4716,NIT1,0.9412815
4717,C5orf15,0.8754299
4718,SMIM4,0.9415861
4719,SOS1,0.9820786
4720,IFRD1,0.89326435
4721,MIA3,0.97698534
4722,PHF5A,0.9482271
4723,SYNE1,0.9828277
4724,NADK,0.9429483
4725,HCLS1,0.9761862
4726,NUP85,0.95242536
4727,CXCL16,0.9789726
4728,MRPL19,0.90456426
4729,GNA13,0.9691751
4730,NOL11,0.88535637
4731,TIMM50,0.9421663
4732,SNX19,0.9676474
4733,PSMD9,0.9460635
4734,VPS39,0.98008555
4735,NMI,0.934647
4736,KCNJ15,0.9672367
4737,PAK6,0.9566946
4738,BIRC3,0.97472644
4739,ITGB2,0.9695988
4740,RNF4,0.9633165
4741,AKT1,0.95127934
4742,SCO1,0.9742979
4743,NMRK1,0.95278734
4744,BTBD1,0.9426918
4745,F2R,0.9550542
4746,WDFY1,0.91495174
4747,TRIM69,0.9736708
4748,CNTN1,0.87890565
4749,CLU,0.99156153
4750,CCDC14,0.9755354
4751,TRPM4,0.94619113
4752,TRMT5,0.9424544
4753,KCTD20,0.95853215
4754,SHB,0.88321924
4755,GMPS,0.9221113
4756,ORMDL1,0.9565963
4757,JOSD2,0.926411
4758,RAP1GDS1,0.94779843
4759,VPS16,0.95641893
4760,AKR1C3,0.9210274
4761,CALB2,0.821426
4762,VAMP7,0.98032004
4763,SNX2,0.96142113
4764,STK39,0.9308514
4765,ARRB2,0.9353231
4766,PTGDS,0.9839837
4767,RCOR3,0.9469677
4768,ALG3,0.939758
4769,ZNFX1,0.9758998
4770,ARHGEF7,0.9778956
4771,TTPAL,0.9553948
4772,USP39,0.9018227
4773,G6PD,0.8265073
4774,ATG10,0.8636826
4775,KDM7A,0.9584216
4776,ANKZF1,0.9614513
4777,ABCC1,0.96750826
4778,AACS,0.94304633
4779,LYST,0.9592015
4780,TCN1,0.48423067
4781,KIF22,0.9091285
4782,PBX1,0.97277284
4783,DENND2D,0.9571772
4784,DNAJC9,0.94111925
4785,CLASP1,0.9571474
4786,CWC25,0.9488805
4787,SEPHS1,0.9694324
4788,RPE,0.91075313
4789,RNF44,0.9756904
4790,IDH3G,0.9613248
4791,OXSR1,0.8355734
4792,PLEKHA2,0.96562296
4793,AIF1,0.9871404
4794,ZNF644,0.9764952
4795,PANK2,0.94609356
4796,ZNF462,0.9457186
4797,DHFR,0.95812535
4798,TMPRSS4,0.620927
4799,CC2D1A,0.95592976
4800,NIN,0.9499509
4801,UBQLN4,0.94838876
4802,IL17RA,0.973756
4803,SEC24C,0.9577308
4804,SIN3B,0.90224606
4805,CXorf40B,0.9526995
4806,FUT11,0.9861392
4807,AP1M1,0.95327854
4808,DPP8,0.9789263
4809,LINC00493,0.94740224
4810,KIAA1109,0.98044163
4811,TYK2,0.9586775
4812,TRPC4AP,0.96517473
4813,PPFIA1,0.9246094
4814,NOL6,0.8930773
4815,FAM208A,0.96012956
4816,MXRA5,0.862574
4817,PHAX,0.9375459
4818,GOLIM4,0.9831636
4819,PTPN3,0.9586395
4820,BPGM,0.9026489
4821,GLIPR1,0.9647175
4822,REV3L,0.9880912
4823,ACKR3,0.8693057
4824,PFDN2,0.8215222
4825,MSANTD3,0.90071344
4826,CREB1,0.9571119
4827,C4orf48,0.98475057
4828,TMEM65,0.9487788
4829,ABCB8,0.96372896
4830,MTHFD1L,0.91427076
4831,PIP5K1C,0.96689653
4832,LAS1L,0.9441072
4833,RANBP3,0.96439457
4834,FAM111A,0.9754199
4835,NEFL,0.7635315
4836,OSBPL3,0.95717746
4837,IAH1,0.9500538
4838,ADCY3,0.9588986
4839,SLC35F2,0.9164958
4840,FBXW11,0.97558445
4841,KDM2B,0.9448452
4842,DNAJB14,0.9734781
4843,MTA1,0.9761573
4844,NSF,0.95234466
4845,TMA16,0.95859027
4846,AGPS,0.9078236
4847,SIK3,0.9742675
4848,DECR1,0.9469993
4849,RNF144B,0.9010961
4850,ADCY7,0.96889144
4851,TAOK3,0.9808835
4852,P3H4,0.9637931
4853,SNX8,0.97858757
4854,SIPA1,0.9702939
4855,CYBRD1,0.8437412
4856,PAPSS1,0.9399915
4857,ARHGEF10L,0.9438114
4858,C2orf69,0.9529682
4859,SPAG7,0.9237467
4860,GUCD1,0.95924604
4861,SYNRG,0.9799015
4862,FAM102A,0.9612349
4863,SBF2,0.95528835
4864,RC3H1,0.9800241
4865,AEBP2,0.8881175
4866,SLC8B1,0.96313137
4867,G6PC3,0.97644126
4868,SNAPIN,0.94665486
4869,VAC14,0.9802683
4870,GOLGA7B,0.9424723
4871,MIEF1,0.95965713
4872,GABRE,0.9384615
4873,SMARCD1,0.91058695
4874,DERA,0.918199
4875,MBD4,0.94386524
4876,MED29,0.95342463
4877,CAD,0.9796404
4878,ORMDL3,0.98454
4879,H2AFX,0.95135003
4880,NRP2,0.98150665
4881,ALAS1,0.921361
4882,CFAP97,0.94542694
4883,CDC42EP4,0.94264466
4884,FAM135A,0.93445307
4885,MAFK,0.9733745
4886,L3MBTL2,0.95092964
4887,VASN,0.9892177
4888,MICU2,0.9214644
4889,TOB2,0.9548278
4890,MBD6,0.91717166
4891,PPFIA3,0.9504345
4892,CCDC3,0.8093537
4893,STK35,0.96847385
4894,BLZF1,0.944078
4895,RABGGTB,0.96316665
4896,MYO5B,0.95751536
4897,XG,0.8904475
4898,C6orf48,0.8146204
4899,EFR3A,0.90237135
4900,LYAR,0.9474581
4901,RNASEH2B,0.9656719
4902,CHMP5,0.92143553
4903,WASH1,0.96122175
4904,FHL3,0.9373502
4905,MYLK,0.97682464
4906,RRAS2,0.86278516
4907,ANKIB1,0.9848825
4908,MRPS18A,0.9578605
4909,BRAT1,0.9552085
4910,SEH1L,0.9555134
4911,SLC2A8,0.9239607
4912,SLC25A24,0.9460733
4913,CPVL,0.9437713
4914,TFDP2,0.9714549
4915,TBC1D2,0.9570229
4916,ADD3,0.98235124
4917,CMAS,0.8568382
4918,STAG1,0.94876945
4919,CKAP5,0.95369697
4920,SPPL2B,0.9637067
4921,MAP1LC3A,0.8642918
4922,RECQL,0.96020824
4923,DGKH,0.977241
4924,KCTD12,0.96814716
4925,AASDHPPT,0.96271604
4926,KLHL18,0.95630205
4927,INPPL1,0.9821706
4928,PER3,0.9138454
4929,SLC27A3,0.9710942
4930,TBC1D15,0.9881149
4931,RNF115,0.9802129
4932,MAPK8IP3,0.9760402
4933,EFNA3,0.87122357
4934,C1orf35,0.9467052
4935,DCP1A,0.95193774
4936,PYROXD1,0.9561136
4937,TSPAN31,0.93218124
4938,MUS81,0.95070535
4939,KPNA1,0.9572559
4940,ELOVL5,0.9812953
4941,TRAPPC11,0.94666743
4942,RBM14,0.94597816
4943,VBP1,0.9260593
4944,CABIN1,0.9714147
4945,INPP5A,0.9333858
4946,MPC1,0.93346596
4947,PRPF38A,0.94103426
4948,PGLYRP4,0.73479664
4949,LIMK1,0.9421396
4950,TWISTNB,0.94846547
4951,RBPMS,0.9737804
4952,SH3TC1,0.96215713
4953,TMEM11,0.9281572
4954,CREB3L2,0.9581781
4955,PHKB,0.95986503
4956,LBR,0.9058074
4957,FAM53B,0.95551014
4958,TMEM86A,0.72531354
4959,VARS2,0.97663534
4960,ISG20L2,0.93876636
4961,HERC6,0.89858115
4962,WRNIP1,0.93638426
4963,COBLL1,0.9670205
4964,RIPK1,0.9532357
4965,RGPD6,0.97733897
4966,KMT5B,0.9726164
4967,BFAR,0.9810796
4968,TM2D2,0.90845656
4969,CDK7,0.8959693
4970,ZDHHC18,0.91265583
4971,SRC,0.9759665
4972,PTGR1,0.94665617
4973,DCTN6,0.9541391
4974,MAP3K3,0.9666315
4975,ZNF217,0.98364365
4976,MALSU1,0.9601697
4977,PKD1,0.9715295
4978,KCTD5,0.8808363
4979,KLF9,0.9893369
4980,SLC28A3,0.9417771
4981,SLC5A3,0.9595326
4982,TINCR,0.93009764
4983,FOXK1,0.9284247
4984,AREL1,0.95585066
4985,ALG5,0.9250874
4986,MCOLN1,0.95575523
4987,USP3,0.9681504
4988,NEIL2,0.95231324
4989,OXR1,0.9733854
4990,NR1D2,0.97413135
4991,PAK1,0.97901064
4992,LINC00998,0.9502316
4993,ATAD1,0.94822603
4994,LSS,0.93811566
4995,ARID2,0.9841354
4996,TPD52L1,0.8980656
4997,SLC12A9,0.9719381
4998,SEC23A,0.94132394
4999,EXOSC7,0.9235
5000,ATL2,0.943436
5001,RAP2C,0.8919951
5002,ELMSAN1,0.93708086
5003,RNF20,0.88858515
5004,SKA2,0.85578454
5005,PNPLA6,0.97104585
5006,NAA25,0.9517846
5007,BCL2L2,0.9310661
5008,ASPSCR1,0.9775112
5009,SNTB2,0.9682972
5010,YTHDC2,0.9716179
5011,RCC1L,0.981751
5012,PLEKHF2,0.9023772
5013,ATE1,0.92874104
5014,ELMOD2,0.9627054
5015,CPNE1,0.9221488
5016,RPA3,0.92932796
5017,ATXN2,0.97460884
5018,RRP15,0.92333615
5019,EPM2AIP1,0.97304106
5020,WDR5,0.8899332
5021,DCAF12,0.9506419
5022,CXCL9,0.92416763
5023,ASCL2,0.84741485
5024,TBC1D20,0.93113816
5025,MYH10,0.9427912
5026,RAB9A,0.9629492
5027,AREG,0.88935983
5028,NOL3,0.9001081
5029,DUSP4,0.9598003
5030,MAP3K7,0.9088014
5031,PRKCZ,0.93344
5032,EXTL3,0.9096896
5033,ANKRD29,0.96474504
5034,PUM3,0.9720219
5035,ABCF3,0.9319099
5036,RSPRY1,0.97673637
5037,GPX2,0.873342
5038,ARID5A,0.9655475
5039,LCE1B,0.7097923
5040,ABL1,0.95478475
5041,MAGOH,0.9471445
5042,SYT7,0.95268214
5043,LPAR6,0.9398918
5044,DDX3Y,0.9099873
5045,SNX21,0.93306226
5046,PRKCH,0.9466019
5047,COPZ2,0.94929194
5048,PSORS1C1,0.83251923
5049,CLEC7A,0.97704077
5050,ABCA5,0.95987076
5051,ZFPL1,0.9571687
5052,USP38,0.9251038
5053,HINT2,0.95086545
5054,OAS3,0.9014873
5055,TIMM17B,0.9366939
5056,PRDM4,0.92433995
5057,AGO1,0.9580344
5058,UTP6,0.93163306
5059,CALCOCO1,0.9688424
5060,ACSS2,0.94494736
5061,HOMER1,0.95913255
5062,TRADD,0.9526174
5063,SPIN1,0.92164433
5064,UTP11,0.92892253
5065,GCC2,0.9639486
5066,NAGA,0.9599742
5067,ARFGAP3,0.97640884
5068,TCEAL8,0.941629
5069,SLC37A3,0.95335656
5070,RPA2,0.91778827
5071,DOT1L,0.9662393
5072,APPL2,0.92775476
5073,SLC40A1,0.9826423
5074,DENND4B,0.9849734
5075,MCCC2,0.9439188
5076,MED14,0.9302878
5077,LACTB,0.9571704
5078,CARD10,0.9185502
5079,OTULIN,0.937713
5080,RFWD2,0.9501251
5081,RABGAP1L,0.9876078
5082,MLLT10,0.9389338
5083,OFD1,0.9770479
5084,PIK3CA,0.9772989
5085,TMEM30B,0.9573295
5086,C22orf29,0.8890654
5087,HDAC4,0.9298861
5088,POGLUT1,0.9787136
5089,PLXNA2,0.9470805
5090,C1orf198,0.9340873
5091,RAP2A,0.9001971
5092,IKBKAP,0.8233499
5093,SCNM1,0.93634474
5094,EPB41L4B,0.86848253
5095,AIM1L,0.97094375
5096,DDX60L,0.96743053
5097,EIF2B2,0.916191
5098,CCNG2,0.97007966
5099,GPAA1,0.93418163
5100,ZNRF2,0.9567422
5101,WDR4,0.9245522
5102,ARID4A,0.9733046
5103,XYLT2,0.9473694
5104,CAMK1D,0.8925054
5105,GPM6B,0.9103886
5106,CARD18,0.8018561
5107,PPP2R5D,0.9564446
5108,RCAN3,0.9524962
5109,KLHL42,0.9288525
5110,ARHGEF5,0.97501063
5111,STIM2,0.97409135
5112,SDCCAG8,0.9145555
5113,FAM20B,0.94390833
5114,TBC1D10B,0.95822495
5115,SLC5A6,0.8183562
5116,EHMT2,0.9411342
5117,MET,0.9174235
5118,FBXO33,0.95555335
5119,RSBN1L,0.9793844
5120,FOXJ3,0.96846634
5121,POLRMT,0.9749294
5122,CREBZF,0.98667544
5123,CXorf40A,0.9670966
5124,MTOR,0.96458423
5125,GALNT3,0.7671664
5126,APBB2,0.9886691
5127,HLA-DQB2,0.6650141
5128,SLCO2B1,0.97459054
5129,RARS2,0.95847183
5130,SUPT20H,0.9697851
5131,KRT23,0.7492014
5132,IGF2BP2,0.7943867
5133,FBXW4,0.95983577
5134,HPRT1,0.9172479
5135,SH3BP4,0.9417812
5136,RNF169,0.96403205
5137,MTMR14,0.9659765
5138,FAM177B,0.9487284
5139,C10orf76,0.95222473
5140,LSM14B,0.9645762
5141,ITGB8,0.9823343
5142,ZNF326,0.97296417
5143,EPSTI1,0.96441376
5144,H6PD,0.9718397
5145,DEXI,0.94632477
5146,DENND6A,0.95044714
5147,CINP,0.9030188
5148,FBXL17,0.9615221
5149,B4GALT7,0.92600965
5150,RTKN,0.9011308
5151,KIAA1715,0.96220285
5152,UBR3,0.957342
5153,CDK10,0.96111345
5154,HCCS,0.9206925
5155,KDM6B,0.9513828
5156,PCNT,0.9671126
5157,TIMM9,0.93415946
5158,RNMT,0.9823796
5159,HERC1,0.973408
5160,CCDC71L,0.92202324
5161,FAM58A,0.9538461
5162,PARP6,0.9670695
5163,SRRD,0.9215058
5164,OSTM1,0.9638545
5165,SRD5A1,0.92902297
5166,PRDX3,0.9142317
5167,GGPS1,0.97001064
5168,EFNA5,0.95879716
5169,SLC35C1,0.9734353
5170,HMGB3,0.96029073
5171,MTMR10,0.96572524
5172,IFT20,0.93322456
5173,CISD2,0.9608548
5174,EMC8,0.92217755
5175,RBM28,0.9582425
5176,GATB,0.93079466
5177,WDFY3,0.97479004
5178,CTTNBP2NL,0.97358125
5179,SDAD1,0.95429343
5180,QTRT1,0.9583344
5181,ARID3A,0.95575464
5182,ZNF263,0.9607308
5183,DBN1,0.9453334
5184,CKAP2,0.93711466
5185,MEAF6,0.88087136
5186,STK16,0.9562716
5187,NEBL,0.97075063
5188,CIAPIN1,0.92279017
5189,KDM3A,0.9134862
5190,SCAPER,0.96958065
5191,DDI2,0.95295626
5192,SFT2D1,0.9432459
5193,HSBP1L1,0.9398134
5194,ORAI1,0.9639322
5195,NPRL3,0.9586558
5196,B4GALNT3,0.91802055
5197,MAPRE2,0.89973825
5198,RASA1,0.97352785
5199,PEMT,0.93426436
5200,ACAA2,0.8718662
5201,MFSD2A,0.8806171
5202,UNC13D,0.97096545
5203,EPT1,0.9640126
5204,BTN3A2,0.9790862
5205,RAB27A,0.9478503
5206,TCTN3,0.9777899
5207,TRMT1,0.9600878
5208,PRR5,0.95715874
5209,HMCES,0.9487886
5210,SDCCAG3,0.9246289
5211,GOSR1,0.9725615
5212,SUMF1,0.94683677
5213,BBX,0.9625212
5214,IL6R,0.9766456
5215,TNS1,0.9827287
5216,ACOT9,0.965217
5217,TAF3,0.9629822
5218,FNDC3A,0.9719268
5219,NCSTN,0.9194182
5220,INTS10,0.86292404
5221,GNPTAB,0.97965586
5222,TWSG1,0.9323778
5223,TLE4,0.9439184
5224,SNAP29,0.9620826
5225,ATG4D,0.9541236
5226,NINJ1,0.9539224
5227,GTF3C3,0.9469125
5228,ZBTB7C,0.7250557
5229,MRPL22,0.951439
5230,GNA12,0.9297207
5231,DMAP1,0.9563454
5232,BCAT2,0.9506919
5233,NBEAL1,0.918069
5234,FAM104A,0.87535906
5235,CHST3,0.82574356
5236,POU2F1,0.97601545
5237,MAD1L1,0.9756888
5238,SCARB1,0.9822808
5239,PIP4K2B,0.9698127
5240,EFEMP2,0.97110856
5241,SYVN1,0.9754287
5242,INPP5D,0.9611831
5243,GABARAP,0.9506294
5244,PHGDH,0.82318157
5245,SLC25A36,0.9843334
5246,ANKRD9,0.94167197
5247,EDNRA,0.92567587
5248,MGMT,0.93193203
5249,GLI3,0.96847993
5250,SFRP1,0.88729393
5251,UCK2,0.95229095
5252,SH3KBP1,0.9797128
5253,DNASE2,0.97023934
5254,RNF39,0.8794359
5255,PSMG4,0.9477179
5256,ZNF562,0.9739604
5257,SIPA1L2,0.9460882
5258,MS4A6A,0.9765305
5259,TBC1D13,0.9725382
5260,CCNT2,0.97655785
5261,PELI1,0.95084864
5262,HRNR,0.92814255
5263,TEX2,0.9472349
5264,MRPS23,0.965442
5265,PPIE,0.9686553
5266,ARHGEF16,0.86269623
5267,C19orf25,0.98198664
5268,LPIN3,0.7403076
5269,MADD,0.94856787
5270,PPIL1,0.9688603
5271,ANKS1A,0.9278838
5272,ISY1,0.9860052
5273,ZDHHC7,0.97012436
5274,MYO9A,0.95535773
5275,PALMD,0.94846517
5276,SMAD3,0.97483784
5277,ABCC5,0.9209378
5278,EPHX1,0.97089785
5279,NFRKB,0.97144073
5280,STK40,0.9574161
5281,TRAPPC6B,0.9315418
5282,POLR3C,0.9846266
5283,PLEKHG5,0.9596078
5284,GTPBP1,0.9573525
5285,CDKN1B,0.97373825
5286,ARHGEF2,0.98590463
5287,PHF3,0.9852856
5288,CAMK2G,0.9639958
5289,TTC39C,0.95216584
5290,SRD5A3,0.6856186
5291,SEC23B,0.9331555
5292,VAV3,0.957952
5293,OTUD4,0.966406
5294,KIAA0196,0.94093394
5295,TFIP11,0.97253954
5296,SH3BP5L,0.9632085
5297,SAP30L,0.9561215
5298,BRF1,0.9778947
5299,AIMP2,0.96077484
5300,PCNX1,0.97736245
5301,DDX52,0.9737962
5302,PEX19,0.9756939
5303,NRBP2,0.94107133
5304,FGFR1,0.97559106
5305,PPP2R2D,0.91863185
5306,ZNF33A,0.9566952
5307,FANCI,0.9283921
5308,PEAK1,0.9849205
5309,RALGAPA1,0.97158134
5310,EMILIN2,0.9734011
5311,RMND5A,0.9591656
5312,NPDC1,0.9712043
5313,C1orf123,0.9562585
5314,PIAS3,0.93227994
5315,STAT5B,0.9581646
5316,CORO1B,0.9517642
5317,TMEM41A,0.93008256
5318,PHF10,0.93401027
5319,REPS1,0.92552173
5320,SDR9C7,0.8865607
5321,FGL2,0.9837898
5322,DHX33,0.94907373
5323,C15orf39,0.9635925
5324,KAT6A,0.97849894
5325,CD58,0.91619015
5326,NEK9,0.96841824
5327,FAM49B,0.93496764
5328,ICE2,0.9789409
5329,DSCR3,0.9348766
5330,EPB41L3,0.9036428
5331,NUP205,0.9288776
5332,RUBCN,0.9661041
5333,MYCBP,0.9323028
5334,SURF1,0.97108734
5335,GGA2,0.9733677
5336,PPFIBP2,0.92314404
5337,PAPD4,0.93739355
5338,SKIV2L2,0.9269172
5339,S100A3,0.8937207
5340,C9orf142,0.885627
5341,SMC6,0.9714557
5342,LPIN1,0.982397
5343,STX3,0.9712703
5344,BSPRY,0.93499714
5345,HECTD4,0.960215
5346,PDE7A,0.981825
5347,ARAF,0.97867227
5348,TPRKB,0.9324696
5349,TIMM10B,0.9684921
5350,RNF130,0.99011135
5351,SECISBP2L,0.9811633
5352,CSNK1G3,0.9628761
5353,ACTR1B,0.9798922
5354,DYM,0.9135268
5355,MRPS22,0.93200356
5356,ZNRD1,0.90190154
5357,IRS1,0.9020841
5358,AAR2,0.9442008
5359,ZNF83,0.98152024
5360,PDZD11,0.9332434
5361,RPRD2,0.9746834
5362,XPNPEP1,0.89773536
5363,LTF,0.8782143
5364,SETD2,0.9078622
5365,KDM4B,0.96020216
5366,MCRS1,0.9643338
5367,RBMX2,0.9764142
5368,EPHB6,0.79021996
5369,GNPTG,0.9324794
5370,PELP1,0.98410755
5371,RYBP,0.9823033
5372,PYGO2,0.9671977
5373,CMSS1,0.9287848
5374,IWS1,0.96343946
5375,GINM1,0.9728916
5376,ENTPD4,0.98475695
5377,CH507-42P11.8,0.9195933
5378,UBN1,0.98663116
5379,FBXO21,0.9599997
5380,AP1M2,0.970949
5381,CENPT,0.9591247
5382,EMILIN1,0.96562624
5383,PTAR1,0.9813835
5384,KANSL3,0.96190554
5385,AKAP11,0.9622534
5386,GPATCH2L,0.9885258
5387,DUSP16,0.9824761
5388,SLC35A2,0.95268923
5389,BRAP,0.97662467
5390,PRRX2,0.95780593
5391,ARHGAP45,0.9587329
5392,PIGX,0.9498185
5393,SLC6A6,0.9643683
5394,IL17RC,0.9785154
5395,SHKBP1,0.9693578
5396,LRRC1,0.9664313
5397,TNRC6C,0.97387207
5398,RBMS2,0.97888565
5399,CCNG1,0.9123743
5400,PIK3R2,0.9168485
5401,PITPNM1,0.95650697
5402,GGT6,0.78351665
5403,PRPS1,0.926946
5404,RB1,0.8987904
5405,SMAD1,0.97137475
5406,LRRC41,0.93194824
5407,PWWP2A,0.9834959
5408,DERL3,0.9210495
5409,SIAH1,0.96238524
5410,GRHL3,0.91890585
5411,HADH,0.9245586
5412,SIRT6,0.95474494
5413,PTS,0.90724415
5414,PHKG2,0.9635679
5415,CLMP,0.9270009
5416,TXNRD1,0.96589404
5417,NCAPD2,0.8584369
5418,NIPSNAP1,0.9633227
5419,MRPS18C,0.9483665
5420,NUP58,0.97059757
5421,SMPDL3A,0.89316773
5422,GPR108,0.9424673
5423,HEXDC,0.925534
5424,RALGPS2,0.9284141
5425,CCDC91,0.9687534
5426,NUP88,0.92473316
5427,GTPBP6,0.971203
5428,TOR1A,0.96524036
5429,MAP2K1,0.9758479
5430,CCDC90B,0.9639466
5431,TSHZ2,0.9761645
5432,BOD1,0.877878
5433,COX11,0.9370011
5434,CHCHD5,0.931249
5435,PLPP2,0.890475
5436,TMEM242,0.9461353
5437,FAM65A,0.9687994
5438,SLC39A8,0.94539106
5439,AKTIP,0.9698698
5440,TMEM18,0.9610734
5441,KIAA1551,0.98325694
5442,ESF1,0.9735528
5443,LINC01420,0.93408424
5444,PHF11,0.9588986
5445,ADAMTS2,0.9715544
5446,PTRHD1,0.94918185
5447,PLCG1,0.94986576
5448,MRPL50,0.96728045
5449,RIN3,0.96670413
5450,PPP2R1B,0.95718753
5451,ERLEC1,0.9559662
5452,TET2,0.9648945
5453,MARCH5,0.95082325
5454,PEX10,0.9763966
5455,LSM8,0.91503567
5456,RUNX3,0.98034734
5457,VKORC1L1,0.9657236
5458,SEPT6,0.9716105
5459,SLC30A5,0.9852981
5460,FASTKD2,0.9461449
5461,MPEG1,0.9430394
5462,SKIV2L,0.9403018
5463,SIPA1L1,0.97846234
5464,EDEM1,0.94215703
5465,NUS1,0.90251297
5466,APOD,0.96326774
5467,NTMT1,0.9642201
5468,TUSC2,0.92135555
5469,GPSM1,0.97752786
5470,HLA-DQB1,0.9562086
5471,PSENEN,0.8877504
5472,ST3GAL5,0.8913958
5473,PFDN6,0.9272545
5474,MAGI1,0.9638518
5475,ACVRL1,0.94820887
5476,LYRM1,0.9818087
5477,SLC39A14,0.8536024
5478,ERLIN2,0.9331999
5479,STK3,0.97367007
5480,AVPI1,0.90578455
5481,ANPEP,0.9619638
5482,MECP2,0.98523045
5483,FCGR2A,0.9821414
5484,THOC3,0.89029014
5485,PGGT1B,0.95451653
5486,ZC3H7B,0.96605086
5487,MOB3B,0.9505259
5488,ZNF121,0.9268482
5489,ERRFI1,0.94383246
5490,SART1,0.98051864
5491,OAF,0.9704571
5492,ANAPC4,0.9439212
5493,DHX37,0.9348584
5494,SSH1,0.96727484
5495,DESI2,0.95106095
5496,USP2,0.8876639
5497,HSPA4L,0.92892474
5498,PIAS4,0.97819144
5499,KIZ,0.8933459
5500,ARHGAP17,0.97201437
5501,UTP18,0.9360705
5502,PEX16,0.9808533
5503,ZFYVE16,0.966663
5504,ERAP2,0.74267024
5505,EPHA1,0.9351145
5506,GTF3C2,0.93111026
5507,PNO1,0.92729557
5508,PHF2,0.9788055
5509,ALG8,0.9252908
5510,MTMR2,0.9386491
5511,GIT2,0.98140365
5512,NSUN4,0.9454984
5513,GRAMD3,0.9706387
5514,CEBPZ,0.9468397
5515,PHTF2,0.9693989
5516,GSTZ1,0.9516302
5517,NIPSNAP3A,0.9480791
5518,KMT5A,0.9704915
5519,B4GALT3,0.96542525
5520,BAIAP2L1,0.9639758
5521,ERLIN1,0.9357979
5522,LHFP,0.9670221
5523,LZTR1,0.9405712
5524,INAFM1,0.9619364
5525,CCDC88C,0.94659525
5526,LCE1C,0.59551424
5527,AMDHD2,0.98549354
5528,DLAT,0.8978891
5529,EREG,0.9330144
5530,BORCS6,0.93276274
5531,TBC1D1,0.963898
5532,SHTN1,0.8721691
5533,REV1,0.9738755
5534,TARBP2,0.9666039
5535,RALGAPA2,0.9546209
5536,PIP5K1A,0.92123365
5537,ATPAF1,0.98202723
5538,MTRR,0.9357784
5539,RABIF,0.9455062
5540,C12orf45,0.94705087
5541,NR2C2,0.92959875
5542,RABGGTA,0.88723755
5543,PLPP1,0.96329963
5544,NUP54,0.93418145
5545,IPO4,0.94317985
5546,PDDC1,0.96374553
5547,PRPSAP1,0.95202196
5548,NDUFV2,0.92511696
5549,ATP5SL,0.9572538
5550,CSAD,0.9700731
5551,PLEKHG2,0.984017
5552,TMCC1,0.9632446
5553,INO80D,0.9662725
5554,SLCO3A1,0.9836492
5555,KLHDC10,0.96096694
5556,POU2F2,0.9782756
5557,WNT7B,0.8862198
5558,MRPS27,0.93248945
5559,B3GAT3,0.95855564
5560,HEBP1,0.9640839
5561,FKBP4,0.96089095
5562,TFCP2L1,0.9650739
5563,TYSND1,0.92963165
5564,ASXL2,0.94548464
5565,ATXN7,0.971453
5566,ZNRF1,0.95668024
5567,SPOPL,0.95269245
5568,FAM222B,0.9770941
5569,HS2ST1,0.9626799
5570,SIK1,0.92030644
5571,RWDD4,0.9120783
5572,ZNF791,0.9745586
5573,PDZD8,0.9077314
5574,ERCC5,0.95645565
5575,OGFOD3,0.9724381
5576,ELF2,0.9849638
5577,TP53AIP1,0.9223292
5578,PGM3,0.97023964
5579,C16orf74,0.895432
5580,ASNSD1,0.9427536
5581,GALNT18,0.92353594
5582,GAB1,0.93170863
5583,MRPS30,0.90145075
5584,ZNF428,0.96942216
5585,RASAL2,0.973043
5586,PRPS2,0.96331054
5587,BCL7B,0.9344026
5588,ANKRD28,0.9745383
5589,FAM91A1,0.9323793
5590,ZNF316,0.95548356
5591,ENTPD6,0.9721644
5592,MKLN1,0.9843459
5593,CLDN7,0.95835346
5594,VPS54,0.9829803
5595,RNF19B,0.95135504
5596,FBXO25,0.9762035
5597,GABPB1,0.97238606
5598,MTIF2,0.9335075
5599,CNOT11,0.94254416
5600,MRPL1,0.9209904
5601,DHDDS,0.93267334
5602,SMAGP,0.93738824
5603,AKIP1,0.9707015
5604,TRIM24,0.9660914
5605,NAA60,0.9402325
5606,CUL4B,0.9478782
5607,IER5L,0.9388465
5608,HMGXB3,0.986335
5609,GOT1,0.9351529
5610,TMEM50B,0.948556
5611,WIPI1,0.9738273
5612,SLC35F5,0.9500877
5613,SCAF8,0.9823093
5614,DALRD3,0.9596048
5615,NBN,0.966234
5616,PKP4,0.96068186
5617,MCC,0.9681712
5618,HIVEP2,0.9722091
5619,GTPBP2,0.9696476
5620,KPNA6,0.98448694
5621,WDR11,0.95646435
5622,RBM27,0.96447426
5623,PRPF4,0.9287575
5624,HSPBP1,0.9325556
5625,QPCT,0.9289799
5626,UFL1,0.956081
5627,ZNF276,0.9455817
5628,TBC1D4,0.9398109
5629,TSPAN6,0.97852176
5630,MIOS,0.9475245
5631,TMX4,0.97863
5632,ALG1,0.9536334
5633,LDB1,0.90595907
5634,OPA3,0.96049947
5635,SLC12A6,0.98543036
5636,MTERF4,0.9774007
5637,SLC43A2,0.9087963
5638,PJA1,0.82595325
5639,ATP11A,0.9727598
5640,PRKAA1,0.9239931
5641,AHDC1,0.9721553
5642,RP9,0.9638922
5643,C1orf54,0.97982
5644,ROBO1,0.89994025
5645,GBE1,0.9308705
5646,TRIM14,0.96096975
5647,FYN,0.9790052
5648,AGGF1,0.96004623
5649,OAT,0.8228688
5650,SEMA4D,0.9574081
5651,MRPL33,0.88281024
5652,FYCO1,0.9114232
5653,RNF216,0.98482674
5654,YIF1B,0.9104384
5655,CEP164,0.9574218
5656,COL4A5,0.9012593
5657,CMTR2,0.9647683
5658,MRPL30,0.9675174
5659,PDE12,0.9539189
5660,GPD2,0.92790866
5661,CSTF3,0.92636526
5662,UQCRHL,0.94499606
5663,PSMD5,0.8531662
5664,VCPIP1,0.94233084
5665,PIM2,0.9713652
5666,KLHDC8B,0.92862326
5667,AC005480.1,0.76395744
5668,PIK3C3,0.98201066
5669,MPND,0.969186
5670,GBA2,0.95004267
5671,FAM189B,0.8897374
5672,SEC14L2,0.9328747
5673,RASA4,0.9608017
5674,CXCL1,0.9312889
5675,SNX14,0.9620706
5676,CENPP,0.96641517
5677,UTP4,0.91650724
5678,RNASEH2C,0.953087
5679,DGUOK,0.9515642
5680,ZER1,0.97132635
5681,DMWD,0.94691217
5682,REXO4,0.936479
5683,ZNF703,0.9690107
5684,PYM1,0.91747254
5685,D2HGDH,0.8885657
5686,ZNF451,0.97334784
5687,RNF24,0.98179126
5688,GUF1,0.9406485
5689,SGK223,0.9372432
5690,SULF1,0.9838087
5691,MOXD1,0.78975624
5692,POLR2D,0.9472346
5693,UPF3B,0.9640363
5694,ZNF317,0.95170516
5695,TMEM168,0.97545314
5696,CDC42EP3,0.9845576
5697,SNRPA1,0.9110054
5698,CTNNAL1,0.82947344
5699,GRB7,0.93715113
5700,PLAA,0.9261512
5701,SRP19,0.9340452
5702,SMCR8,0.978014
5703,ARMC8,0.9566161
5704,RGPD5,0.97879136
5705,IMPACT,0.92777073
5706,PSPC1,0.9674679
5707,LSG1,0.9584685
5708,CEP104,0.9659166
5709,PLA2G3,0.9281873
5710,GOSR2,0.9550126
5711,CCL18,0.9269131
5712,AGL,0.9691092
5713,BARX2,0.80364895
5714,EPB41,0.9611632
5715,DIRC2,0.9444514
5716,SLC4A1AP,0.9373226
5717,PAN3,0.9661977
5718,UFSP2,0.88381124
5719,AP5M1,0.9646109
5720,APOPT1,0.96575195
5721,NOP14,0.9726228
5722,ZC3H12A,0.96342427
5723,ALG13,0.9443542
5724,MEF2D,0.9817662
5725,MRRF,0.9582537
5726,ACOX3,0.97069097
5727,ASB6,0.9469505
5728,MGAT5,0.9749297
5729,HMBS,0.92674214
5730,INPP5K,0.97248274
5731,CHD6,0.9725544
5732,DCAF16,0.9558787
5733,SOX12,0.9792298
5734,TCF20,0.97308636
5735,PLPPR2,0.90989894
5736,RMDN3,0.97773445
5737,SOCS3,0.9622235
5738,TBC1D17,0.9621287
5739,ATG2B,0.9724532
5740,SLAMF7,0.98163766
5741,POP5,0.9407227
5742,FAM107B,0.9841118
5743,PTPN2,0.9779975
5744,WNT10A,0.85608375
5745,SEC22C,0.89468455
5746,TELO2,0.9819781
5747,ENOPH1,0.91785866
5748,SLC23A2,0.9678207
5749,SH3D21,0.92098135
5750,GFPT1,0.9722661
5751,USP40,0.9397054
5752,DYRK2,0.9593114
5753,MSI2,0.9804377
5754,ANKRD50,0.94740057
5755,OBSL1,0.9834175
5756,SEC24D,0.9669806
5757,C7orf49,0.96768874
5758,UBN2,0.96222943
5759,SEMA4A,0.9430035
5760,SPON1,0.9669654
5761,DNAJA3,0.95428336
5762,YDJC,0.9394648
5763,CASP2,0.9709055
5764,IL22RA1,0.94201523
5765,NFATC4,0.95330775
5766,C16orf62,0.97054857
5767,TAF6,0.97691786
5768,PARP10,0.95006835
5769,SLC50A1,0.9517282
5770,RNF34,0.94044465
5771,COQ9,0.8881571
5772,LAGE3,0.93278015
5773,MTF2,0.9823229
5774,WDR48,0.9859352
5775,SNX29,0.94530594
5776,GDE1,0.96522814
5777,SNX10,0.90870285
5778,MRPL35,0.9603259
5779,AIP,0.985831
5780,RIOK1,0.94688016
5781,CLASRP,0.9608826
5782,SNX18,0.9794998
5783,CERCAM,0.9566867
5784,INTS3,0.94352967
5785,DGCR8,0.9636229
5786,OXCT1,0.8986402
5787,PMM1,0.9578495
5788,PRKACB,0.9512983
5789,GPR68,0.92260706
5790,ZFPM1,0.9376893
5791,CORO7,0.986112
5792,FBXL15,0.92906624
5793,TCHP,0.9617651
5794,TRAPPC10,0.9801059
5795,SNX13,0.95918226
5796,TIMM22,0.95403427
5797,CDS2,0.96815944
5798,SUCLA2,0.95363873
5799,PAK4,0.9675612
5800,MGRN1,0.9813503
5801,MIER1,0.9737202
5802,APPBP2,0.95944
5803,TBL2,0.97073776
5804,LYRM4,0.96422637
5805,ZBTB43,0.9567691
5806,PAQR4,0.9734455
5807,COQ2,0.9147588
5808,FKBP1C,0.9167942
5809,INSIG1,0.9483858
5810,FLRT3,0.9629581
5811,ISG20,0.97738606
5812,APEX2,0.9420807
5813,TRMT2A,0.9481887
5814,C8orf33,0.9586242
5815,TCF12,0.9657194
5816,MPV17,0.96242416
5817,SH2D2A,0.9099191
5818,USP4,0.96510756
5819,CSNK1G1,0.9748996
5820,SLC48A1,0.9737599
5821,GLT8D1,0.92615545
5822,NIPAL3,0.9788087
5823,TSSC1,0.93208873
5824,FAM3A,0.92511314
5825,CSGALNACT1,0.9814221
5826,SDC2,0.9827769
5827,ANAPC15,0.9583681
5828,WDR91,0.9534237
5829,ADNP2,0.98189986
5830,NUDT16L1,0.95973516
5831,TXNDC11,0.9651046
5832,DCAF11,0.9613885
5833,CLK2,0.934401
5834,FRMD4A,0.97171736
5835,CLN8,0.96386385
5836,ARNT,0.9798499
5837,KIAA0232,0.97799057
5838,FAM13B,0.95724463
5839,GAS1,0.93285793
5840,NOC4L,0.94025356
5841,PAPD5,0.9621362
5842,MRM2,0.96526563
5843,TSEN15,0.9517524
5844,THYN1,0.94868505
5845,DSG2,0.91847295
5846,HDAC5,0.96329826
5847,TMEM117,0.8858416
5848,GLRX,0.98832256
5849,FCHSD2,0.9797565
5850,C12orf49,0.95581985
5851,ZBTB17,0.97661936
5852,POFUT1,0.9736141
5853,P3H1,0.9747527
5854,ADPRHL2,0.92633814
5855,MTX3,0.93377143
5856,STARD3,0.9692187
5857,MDK,0.98151666
5858,USP25,0.9670324
5859,MON1B,0.9665457
5860,SIGIRR,0.9596387
5861,PAXBP1,0.9610655
5862,ABT1,0.9216854
5863,NTAN1,0.9525625
5864,DPYSL3,0.93824327
5865,SLCO4A1,0.92676604
5866,SYS1,0.9409704
5867,C1QTNF1,0.9670212
5868,XPA,0.9860446
5869,JMY,0.9756225
5870,TYMS,0.8424762
5871,AVEN,0.8860557
5872,ODF3B,0.98382616
5873,MTMR1,0.95611995
5874,SLC22A18,0.97517616
5875,PLXDC1,0.93941957
5876,MRPL46,0.9560391
5877,NTPCR,0.9693525
5878,PSAT1,0.9277688
5879,MSH6,0.9706698
5880,VANGL1,0.948569
5881,TSPAN13,0.92525315
5882,CHD1L,0.94754356
5883,SDR39U1,0.9783168
5884,RGS14,0.8863638
5885,PIGC,0.9420092
5886,PHRF1,0.94357014
5887,CAT,0.8896911
5888,ARHGEF28,0.8636534
5889,DOCK1,0.9143878
5890,HNRNPLL,0.9437492
5891,SNX24,0.9573789
5892,KYAT3,0.9224713
5893,GPR89A,0.96168715
5894,NMB,0.9244835
5895,MSRB2,0.97772497
5896,NUDT9,0.9677501
5897,SUPT7L,0.96831125
5898,TRMT61A,0.95834565
5899,OLFML2B,0.96886873
5900,DPF2,0.9631762
5901,TRIB2,0.9721861
5902,HEXIM1,0.9635857
5903,SDC3,0.97012645
5904,STAM2,0.9810895
5905,C18orf21,0.9150817
5906,BMP7,0.94474924
5907,RRS1,0.8875828
5908,PSMD10,0.92852676
5909,EXOSC1,0.97897
5910,FAM73B,0.9537215
5911,BORCS7,0.94457376
5912,ZNF672,0.98160255
5913,MTMR9,0.9696317
5914,ZADH2,0.96156067
5915,CHRAC1,0.92225313
5916,TYRO3,0.9023502
5917,FEM1C,0.9732955
5918,NUP133,0.9620509
5919,RANGRF,0.87814164
5920,DOCK5,0.90539604
5921,STEAP3,0.9200121
5922,LGALS9B,0.8260679
5923,SPRYD7,0.91032594
5924,PPIH,0.95363337
5925,TOR4A,0.92112345
5926,ZBTB11,0.9680038
5927,CHERP,0.96709615
5928,CCDC69,0.94783777
5929,WDR3,0.94543844
5930,LGALS9C,0.8621581
5931,ABTB1,0.9632826
5932,MEF2C,0.9802349
5933,AKAP1,0.92424315
5934,ELL,0.96921116
5935,PRKAB1,0.9611673
5936,SIPA1L3,0.90798527
5937,CIAO1,0.95562446
5938,SENP2,0.9522205
5939,OTUD1,0.9408348
5940,CTSF,0.963706
5941,TSFM,0.9041164
5942,PKIG,0.97110397
5943,PRPF39,0.9524855
5944,NR1H2,0.9624939
5945,STX8,0.96360284
5946,MN1,0.9015651
5947,ENDOU,0.8725573
5948,CAMSAP3,0.8891197
5949,DCP2,0.96536875
5950,DROSHA,0.986141
5951,FOXO1,0.97535837
5952,GALNS,0.94436365
5953,RLIM,0.96474844
5954,MAST2,0.985504
5955,PSAPL1,0.67199236
5956,RARRES2,0.9497913
5957,SSH2,0.9806598
5958,SLC38A7,0.94981676
5959,SLC25A17,0.9481995
5960,MAP3K4,0.983367
5961,BRD1,0.9761103
5962,NBPF1,0.9746224
5963,NAB2,0.9558365
5964,PIGN,0.9488749
5965,LTV1,0.9397252
5966,CNOT3,0.97283125
5967,PELO,0.95554787
5968,FRA10AC1,0.97985315
5969,POLE,0.97155845
5970,LCP2,0.9819146
5971,CNPY3,0.95045394
5972,SEMA4C,0.93253344
5973,SCNN1B,0.8409346
5974,PRPSAP2,0.9581351
5975,TRIP10,0.9873944
5976,ZCCHC14,0.89367646
5977,PFKFB4,0.89332914
5978,JMJD4,0.9564983
5979,GLE1,0.92262274
5980,ITPRIP,0.87345064
5981,AIFM1,0.95339525
5982,SPTSSB,0.81601495
5983,F2RL1,0.8551475
5984,SNX11,0.9221494
5985,REPIN1,0.9380886
5986,CSTF1,0.954828
5987,BYSL,0.9620574
5988,PLEKHO2,0.9719098
5989,KDM1B,0.9232806
5990,TRAFD1,0.97188526
5991,GADD45A,0.9721975
5992,PPP1R10,0.96498626
5993,FBXO31,0.97240585
5994,OSBPL5,0.9636401
5995,RCC1,0.92901504
5996,SOS2,0.9434104
5997,VPS13B,0.9344064
5998,STARD5,0.93238825
5999,PDE8A,0.9702533
6000,SACM1L,0.96154416
6001,ATG7,0.9806174
6002,VTI1A,0.95680326
6003,PPP1R15B,0.9583547
6004,PPM1B,0.97362804
6005,SMN1,0.94408816
6006,SRRM1,0.97125924
6007,ODF2,0.9592923
6008,LYRM2,0.9761193
6009,CORO2A,0.96248084
6010,PIGU,0.9737372
6011,MUM1,0.9782846
6012,WDR36,0.95301574
6013,BTBD3,0.9447853
6014,KDM3B,0.95412916
6015,LTN1,0.9375907
6016,DOLK,0.9697966
6017,COMMD5,0.92009753
6018,TANC1,0.9618549
6019,MAFG,0.9827328
6020,AHI1,0.97694874
6021,ARHGAP30,0.9869086
6022,TUSC3,0.8871308
6023,CC2D1B,0.97996277
6024,CUL9,0.94051707
6025,ECSIT,0.9733811
6026,WDR41,0.9487512
6027,SP110,0.9848805
6028,RECQL5,0.9633351
6029,RNF139,0.95460874
6030,KIAA0141,0.9738481
6031,CSGALNACT2,0.9817939
6032,DDX19B,0.9364428
6033,TAB3,0.9611425
6034,COX7A1,0.953037
6035,SMURF1,0.9819298
6036,EIF2B3,0.9556124
6037,BTBD11,0.87748784
6038,MARCH2,0.95169866
6039,ZFYVE27,0.9634581
6040,SAA1,0.9901251
6041,C2CD2,0.9213284
6042,MTSS1L,0.95295703
6043,LANCL2,0.9403278
6044,TC2N,0.95189476
6045,ARMC6,0.970886
6046,OBFC1,0.96046185
6047,PTRH2,0.9628078
6048,C6orf1,0.98157954
6049,LINC00969,0.9740335
6050,DCUN1D3,0.9625709
6051,SPSB1,0.9807848
6052,FAM101B,0.987095
6053,PDPR,0.98102397
6054,TRIP4,0.9565636
6055,AKIRIN1,0.91317827
6056,GRK6,0.96871275
6057,OLFML3,0.9553866
6058,FAM120AOS,0.9612034
6059,KIAA0513,0.9172973
6060,STC1,0.93273
6061,HSD3B7,0.95995396
6062,MKL2,0.95077527
6063,C9orf114,0.95277274
6064,P4HA1,0.90000916
6065,PFDN4,0.89472306
6066,FEN1,0.9279108
6067,TTC9,0.90262437
6068,ZNF532,0.9265202
6069,RAD54L2,0.9614401
6070,MPLKIP,0.91018826
6071,ZNF592,0.9802552
6072,LIMCH1,0.96354026
6073,ARFIP1,0.9553695
6074,PRPF3,0.9661177
6075,PEX2,0.9686772
6076,TMEM238,0.91302246
6077,MEGF9,0.9458853
6078,TEX10,0.95761776
6079,AMPD2,0.9617499
6080,BCL11A,0.9363679
6081,AP1S2,0.9779404
6082,HIF1AN,0.92102575
6083,CCDC53,0.97841096
6084,PHF1,0.952881
6085,TNFRSF1B,0.94848025
6086,R3HDM2,0.9820753
6087,KIAA1429,0.96669835
6088,PRKCD,0.92394704
6089,RHBDF1,0.97194546
6090,TACO1,0.9643959
6091,NT5C3B,0.93250614
6092,SMN2,0.95075643
6093,MTMR12,0.95270437
6094,ZNF544,0.95068496
6095,SF3A2,0.9588227
6096,NDUFAF3,0.9711269
6097,NOL9,0.9616194
6098,POMZP3,0.952604
6099,USP6NL,0.93477464
6100,TTLL5,0.9776023
6101,ABCG1,0.9477659
6102,TTC14,0.97546357
6103,STXBP3,0.97646916
6104,BAHD1,0.9366805
6105,MRPL34,0.96350276
6106,RNF170,0.97629076
6107,ACSF3,0.96697456
6108,ADAMTS5,0.9781517
6109,CPPED1,0.9331541
6110,ADGRF4,0.8971476
6111,TMEM164,0.91440284
6112,PCYT2,0.94385695
6113,ZHX3,0.9650118
6114,NCOA6,0.96003556
6115,INPP1,0.89801544
6116,EML1,0.8730926
6117,BRD8,0.97247005
6118,ZNF398,0.9614198
6119,MGME1,0.94591445
6120,TMEM91,0.8467607
6121,MSTO1,0.9585516
6122,RNASEH1,0.95551735
6123,DHX8,0.96230507
6124,RHBDD3,0.97762036
6125,FAM174A,0.9227316
6126,SLC15A4,0.94601196
6127,TNFAIP3,0.9875305
6128,XPO4,0.9665296
6129,NNT,0.96235114
6130,EPGN,0.9328178
6131,NUP160,0.93518144
6132,RARRES3,0.97769034
6133,NABP2,0.96294713
6134,CNOT8,0.9639364
6135,PARVB,0.9621141
6136,RAI14,0.9868019
6137,UQCC1,0.97502184
6138,TMEM204,0.9638624
6139,METTL7A,0.9367686
6140,CDC42BPA,0.98379296
6141,ZCCHC9,0.9778025
6142,C15orf40,0.97571874
6143,TRPT1,0.9575506
6144,PPP1R13B,0.97943467
6145,TET3,0.9318515
6146,LPCAT2,0.965943
6147,ZCCHC10,0.94822145
6148,POLR3A,0.9800536
6149,CCDC43,0.95060605
6150,ZDHHC21,0.9421725
6151,CAPN15,0.96010333
6152,PPP1R3B,0.96572703
6153,GADD45B,0.9783505
6154,NXT1,0.9048608
6155,TVP23B,0.9453116
6156,PC,0.9660837
6157,SLC6A11,0.8841745
6158,FCHO2,0.9811048
6159,FAM103A1,0.9344011
6160,CYR61,0.9100039
6161,ZMAT3,0.9641544
6162,SNRPN,0.96672446
6163,CWC27,0.9294934
6164,PRR14,0.9787346
6165,TOP1MT,0.9120957
6166,SNRNP35,0.92478853
6167,MED1,0.98857886
6168,CCDC92,0.9585063
6169,CLK3,0.97503084
6170,CCDC167,0.9647719
6171,IPO11,0.9676202
6172,CCDC137,0.9523922
6173,HEATR3,0.96528035
6174,SPRED1,0.96383756
6175,TRABD2A,0.98439175
6176,RP11-382A20.3,0.9835651
6177,ALDH1A3,0.928584
6178,HERPUD2,0.98369586
6179,TMEM120A,0.96854603
6180,EXOSC8,0.94270885
6181,TM2D1,0.9640603
6182,TEAD1,0.95944643
6183,TSC1,0.94667286
6184,UBXN2A,0.97007155
6185,TADA2B,0.9733866
6186,SUDS3,0.9555908
6187,MTMR4,0.9384752
6188,RPUSD4,0.9665462
6189,COG5,0.9652456
6190,SLC18B1,0.94326806
6191,RSBN1,0.98192143
6192,TMEM70,0.95262384
6193,FGD6,0.9627136
6194,LMBR1,0.9463333
6195,RASA2,0.9605356
6196,SNN,0.89354235
6197,NKAP,0.9870486
6198,KIF21A,0.959095
6199,ADPGK,0.98354405
6200,CRIPT,0.9477813
6201,CLK4,0.9505885
6202,IL1RAP,0.9382488
6203,PLGRKT,0.8528614
6204,TMEM263,0.9638638
6205,IMP3,0.9275409
6206,FDX1,0.93514013
6207,P2RY1,0.90202636
6208,RUFY1,0.97250766
6209,RASSF4,0.9692911
6210,MPI,0.9526847
6211,SMC2,0.9393641
6212,ZNF561,0.96752226
6213,SWI5,0.9408248
6214,C20orf194,0.9793883
6215,STRBP,0.9702914
6216,SPG11,0.9445568
6217,TIPARP,0.9809702
6218,HIST1H1C,0.8383638
6219,MTFR1,0.9617987
6220,MPPE1,0.9378978
6221,CDC26,0.84737134
6222,PCNX2,0.9808445
6223,C11orf49,0.9555466
6224,FGFR1OP2,0.9634343
6225,ATM,0.9704261
6226,ASB8,0.9678409
6227,AKAP10,0.978207
6228,DCAF10,0.962575
6229,BTAF1,0.9469132
6230,RASGEF1B,0.9745942
6231,FTSJ3,0.96113175
6232,SMU1,0.92092454
6233,RPUSD3,0.9462586
6234,CKS2,0.93526447
6235,MOSPD1,0.95175946
6236,DMTF1,0.9778345
6237,MTF1,0.9789423
6238,MAPKAPK5,0.9691094
6239,NR1D1,0.8980836
6240,GOPC,0.98249584
6241,PAIP2,0.96751
6242,GK5,0.96470505
6243,DGCR6,0.9247694
6244,FUOM,0.95882773
6245,LPAR3,0.9448056
6246,DNTTIP1,0.9397315
6247,PCED1A,0.97347534
6248,AEN,0.94123214
6249,MRPS36,0.93054503
6250,SLC25A32,0.9421313
6251,NUP155,0.9631098
6252,PLAGL1,0.9664052
6253,ARSD,0.9275709
6254,CAMKK2,0.9689119
6255,KAT5,0.9779101
6256,GALE,0.9546587
6257,SHOC2,0.9604962
6258,TTC31,0.95504487
6259,TP53I3,0.94754946
6260,RPTN,0.95619977
6261,CLSTN3,0.9864239
6262,ASMTL,0.9757205
6263,AVL9,0.94873214
6264,SMC3,0.91767997
6265,HLA-DRB5,0.8301281
6266,TGFB1I1,0.95375127
6267,DNMT3A,0.98225737
6268,COMMD8,0.9201919
6269,TMEM126B,0.9551453
6270,FAM200B,0.95391387
6271,ANKRD27,0.9579801
6272,PROSER1,0.9678653
6273,ELP3,0.96669805
6274,EVI5,0.9787157
6275,ZNF280D,0.97901756
6276,TPP2,0.9815767
6277,SLC5A1,0.87045676
6278,MTA3,0.93404794
6279,ZYG11B,0.9567717
6280,SIKE1,0.94591993
6281,RAB11FIP5,0.9585208
6282,TNFRSF10B,0.96094424
6283,CRBN,0.98463
6284,VPS37C,0.96245587
6285,MRPS9,0.97073
6286,UNC93B1,0.9712413
6287,SLC33A1,0.9708043
6288,ATHL1,0.9635802
6289,DAPP1,0.9692682
6290,RBM19,0.9109334
6291,DPH2,0.92756504
6292,SCAF4,0.9682758
6293,CIPC,0.9343989
6294,TRIB3,0.9457484
6295,PNPLA8,0.9521378
6296,GRAMD1A,0.96927166
6297,UCK1,0.9650029
6298,ZNF426,0.9504943
6299,DAGLB,0.97086734
6300,TMEM39A,0.94803673
6301,SKAP2,0.9566031
6302,MAN1A1,0.8998358
6303,TVP23C,0.9346787
6304,PKN1,0.9647784
6305,PRR14L,0.958646
6306,DPAGT1,0.9590091
6307,CLEC16A,0.95157385
6308,SPG20,0.9543139
6309,HBEGF,0.9518042
6310,MAP3K5,0.953126
6311,TMEM176B,0.94806
6312,CTSG,0.95800745
6313,MAGEF1,0.9540049
6314,RPRD1B,0.9445253
6315,NEPRO,0.9745224
6316,SOCS6,0.9627322
6317,NEU1,0.95862716
6318,ORC4,0.9279063
6319,CPSF4,0.94368595
6320,WDR47,0.9453667
6321,MRPL10,0.9496387
6322,CREBRF,0.9677358
6323,ZNF335,0.9672511
6324,IPO13,0.95662403
6325,INHBB,0.9769993
6326,CYTH4,0.9666764
6327,RELB,0.9756435
6328,TM2D3,0.9632872
6329,R3HCC1,0.9604642
6330,GMPPA,0.975094
6331,RARA,0.97182643
6332,PLCH2,0.9656813
6333,ERICH1,0.9770835
6334,EMC10,0.96788543
6335,PDGFC,0.9580825
6336,GMPPB,0.95549047
6337,ZNF524,0.9576586
6338,MRS2,0.90438503
6339,GPRC5C,0.95569456
6340,EPG5,0.985604
6341,LRRC14,0.97310257
6342,CYB5R4,0.959558
6343,LRRC15,0.9586261
6344,THADA,0.95784056
6345,SOAT1,0.9583975
6346,POLR3G,0.9326089
6347,MOCS2,0.9730969
6348,CD2,0.9267972
6349,SLC35B2,0.9206759
6350,ADAMTS1,0.9491899
6351,ZNHIT3,0.93977207
6352,PRKCI,0.9496481
6353,SH2B1,0.9701112
6354,BEST1,0.97047824
6355,PHF19,0.9285902
6356,NHSL1,0.96913826
6357,TP53RK,0.9444793
6358,TMEM129,0.9662551
6359,ANAPC1,0.92257017
6360,AES,0.95072764
6361,CYSTM1,0.96276027
6362,WFS1,0.9328566
6363,RBM23,0.982965
6364,SNAP23,0.9616406
6365,GRIPAP1,0.93799675
6366,RNF185,0.92694485
6367,KLHDC4,0.97611755
6368,PITPNM3,0.8685493
6369,CBR4,0.9499448
6370,OSBPL9,0.98311335
6371,ASAP2,0.9568958
6372,RBM18,0.91572976
6373,METTL23,0.9523018
6374,CHMP7,0.98030865
6375,CDK17,0.9647108
6376,CTBS,0.9623188
6377,YBEY,0.9498927
6378,ACADM,0.96656924
6379,GTF2A1,0.95353943
6380,TKFC,0.9583524
6381,GLIPR2,0.9625013
6382,FOXM1,0.9263851
6383,WDR59,0.9234463
6384,COX19,0.9676249
6385,ECI2,0.9653635
6386,MTG2,0.9453614
6387,NRM,0.9358989
6388,CDC73,0.9247006
6389,CEP57,0.95089585
6390,KCTD3,0.9793839
6391,KLHL36,0.9665884
6392,PHLDB3,0.91147727
6393,BAX,0.8853461
6394,SNRNP27,0.9809271
6395,SLC35D1,0.9593925
6396,AHCYL2,0.94325745
6397,PRSS22,0.95195657
6398,MTCL1,0.97557116
6399,MED23,0.9755598
6400,LYPLAL1,0.9771693
6401,SPECC1L,0.9652047
6402,DFNA5,0.9392902
6403,GPSM3,0.9338086
6404,CYB561D2,0.9068441
6405,C1orf68,0.8246584
6406,EIF2AK4,0.97633934
6407,PROS1,0.9662223
6408,UNC50,0.9462145
6409,NBAS,0.96835464
6410,FBXL19,0.98287815
6411,ACVR1,0.9265026
6412,PLAUR,0.95965266
6413,GIGYF1,0.9632978
6414,TEP1,0.9732996
6415,CARD16,0.94947255
6416,GPR89B,0.96675754
6417,F8A1,0.93730396
6418,ZC3H4,0.97376335
6419,SLC25A26,0.92397153
6420,U2AF2,0.93249553
6421,RCBTB2,0.9882398
6422,ADGRA2,0.9859218
6423,ZNF33B,0.97418976
6424,ALKBH3,0.931221
6425,AXIN1,0.9602205
6426,RACGAP1,0.850734
6427,ANO10,0.9677152
6428,SEC23IP,0.9328038
6429,ZDHHC16,0.97249043
6430,CLASP2,0.97862613
6431,PIKFYVE,0.9756407
6432,GORASP1,0.98085195
6433,DNAJC19,0.9451019
6434,PLEKHA5,0.96473503
6435,B3GNT2,0.9173278
6436,MIS18A,0.9329525
6437,TBC1D5,0.9684773
6438,MR1,0.9818899
6439,TSEN54,0.9413923
6440,RAB11FIP3,0.97619325
6441,CCDC34,0.96976393
6442,ZP3,0.9521454
6443,CEP89,0.9787438
6444,OXLD1,0.95434153
6445,CCT4,0.9205139
6446,RIT1,0.98474383
6447,ZCCHC11,0.97566175
6448,RNF111,0.9725012
6449,TMED1,0.96284544
6450,PI4K2A,0.95145166
6451,ARMT1,0.95896465
6452,SIDT2,0.9881286
6453,CNOT4,0.97221965
6454,OTUD7B,0.97837067
6455,NGDN,0.9774397
6456,ZFAND1,0.9738454
6457,ABI2,0.9840339
6458,PIAS2,0.96931773
6459,NUP93,0.9277594
6460,STK38L,0.99269885
6461,WDR75,0.9676053
6462,SEC22A,0.9245286
6463,PIGQ,0.9690499
6464,TBCC,0.93643874
6465,RNF103,0.9767847
6466,FHDC1,0.96264845
6467,PDE4DIP,0.9875525
6468,CCDC59,0.9635135
6469,HYAL1,0.9650963
6470,FIP1L1,0.9804006
6471,HSD17B1,0.94495696
6472,TLK2,0.97768277
6473,LRRC32,0.97069925
6474,MFAP5,0.8437519
6475,PPP2R3C,0.95726657
6476,PDGFA,0.96439016
6477,MUT,0.950221
6478,ABCA7,0.96245265
6479,RGS2,0.96422094
6480,STK19,0.963589
6481,NPEPL1,0.9339481
6482,FAM35A,0.97447246
6483,ECT2,0.9486526
6484,KDELR3,0.9863524
6485,IL27RA,0.9563574
6486,COG2,0.96599233
6487,NUP107,0.97240543
6488,COQ5,0.9432619
6489,ZNF362,0.9804752
6490,MTX2,0.92208683
6491,BACE1,0.9790486
6492,ZNF579,0.9569924
6493,DUSP11,0.8909491
6494,STXBP1,0.95684844
6495,FER,0.9687651
6496,SERTAD4,0.97659963
6497,P3H2,0.85650796
6498,WWC3,0.9715762
6499,BMS1,0.9514403
6500,RIPK2,0.961816
6501,NDC1,0.9273245
6502,FAM213B,0.97507405
6503,MEGF6,0.97459793
6504,WWP2,0.9698996
6505,LOX,0.98793465
6506,C1RL,0.954992
6507,RDH10,0.9652284
6508,RPP30,0.9392828
6509,TYRP1,0.81770337
6510,SLC30A6,0.9762804
6511,FXR2,0.9613373
6512,STX18,0.94756246
6513,NFU1,0.9609063
6514,TFAM,0.932187
6515,NUP153,0.96086305
6516,DPM3,0.92483664
6517,CCDC130,0.9475358
6518,CIB2,0.9147474
6519,KCNK7,0.8423199
6520,HAPLN3,0.9368709
6521,CAPRIN2,0.9242281
6522,PCDH17,0.9594248
6523,RNF135,0.98290646
6524,PADI1,0.9467576
6525,MICALL2,0.9229091
6526,DNAJC30,0.93571746
6527,LCE2D,0.86666954
6528,ANGEL2,0.9500234
6529,C19orf12,0.97809196
6530,EPS15L1,0.9542354
6531,CDKN2A,0.84783894
6532,DSTYK,0.9703667
6533,MAPK8,0.9163338
6534,COMMD2,0.9767312
6535,FAM118A,0.9861401
6536,TMEM161A,0.9461551
6537,PTPRG,0.9801255
6538,SGSH,0.92255914
6539,NQO1,0.83933175
6540,NUDT3,0.97347444
6541,ASNS,0.91599995
6542,C1orf27,0.968289
6543,GEMIN4,0.94261855
6544,TGFBRAP1,0.93415326
6545,SENP5,0.96816254
6546,HCK,0.972384
6547,CARD19,0.94419706
6548,SMIM19,0.96206254
6549,RICTOR,0.9822683
6550,AGPAT5,0.9457025
6551,EBAG9,0.9694584
6552,ANO1,0.95409906
6553,SERPINB11,0.89919084
6554,NUDT15,0.94142234
6555,ABHD13,0.96397084
6556,NFKB2,0.92322236
6557,CCNB2,0.94637626
6558,ASUN,0.9650887
6559,TAF1C,0.97695035
6560,EPB41L1,0.9789524
6561,GRK3,0.9857911
6562,NUPL2,0.97384304
6563,TUBGCP6,0.9361943
6564,USP20,0.9501328
6565,CSF2RB,0.97091514
6566,EME2,0.8543963
6567,LOXL1,0.973163
6568,BIN1,0.9761439
6569,DPP3,0.9656681
6570,MED22,0.9371757
6571,STAMBP,0.96743685
6572,DGCR14,0.94321257
6573,NFAT5,0.96922463
6574,VPS37A,0.943875
6575,PRSS8,0.94011825
6576,CUL2,0.9322956
6577,THUMPD3,0.97000724
6578,VPS8,0.9095461
6579,CCDC88B,0.9622914
6580,EVI5L,0.9293898
6581,VPS9D1,0.9466995
6582,ERCC2,0.97522205
6583,NOTCH2NL,0.9644821
6584,HTRA2,0.957239
6585,CLEC11A,0.95411277
6586,MFAP1,0.9227152
6587,NRDE2,0.97748053
6588,CLDN12,0.94469327
6589,DENND4C,0.9708062
6590,IFIH1,0.9746696
6591,METTL3,0.96314836
6592,ALOX15B,0.9340863
6593,PIP4K2C,0.93494856
6594,SMARCC2,0.9751604
6595,PLK3,0.95649093
6596,CNOT10,0.96680427
6597,CFAP36,0.9863137
6598,CRLF3,0.98080134
6599,CDK2AP2,0.9157872
6600,STAU2,0.90990376
6601,KRCC1,0.97113484
6602,SYNJ2BP,0.9647403
6603,DMXL1,0.9710242
6604,ACPP,0.7119878
6605,ZDHHC6,0.95427257
6606,C19orf47,0.9353142
6607,R3HDM1,0.94798374
6608,THOC5,0.9865561
6609,INIP,0.9708644
6610,COMP,0.91793644
6611,UBE2W,0.9768831
6612,TMEM170A,0.9806264
6613,CTDP1,0.97875375
6614,EHBP1,0.96604615
6615,DDX58,0.9177863
6616,TP53I11,0.9455223
6617,VRK3,0.9751734
6618,AGO3,0.98671514
6619,ATG5,0.9715356
6620,VPS33A,0.9743107
6621,UEVLD,0.95634127
6622,TTC39A,0.9289961
6623,FBXO46,0.9539518
6624,THAP11,0.9407143
6625,PAPD7,0.95820314
6626,F13A1,0.9608941
6627,LSM6,0.9744548
6628,TMCC3,0.9653249
6629,GAREM1,0.93850416
6630,EDC3,0.9456611
6631,LRRC8D,0.9567255
6632,PEX3,0.8770888
6633,PPME1,0.979905
6634,CDC23,0.9499005
6635,CBLB,0.98569244
6636,BRE,0.98543996
6637,SNAPC4,0.96627885
6638,KITLG,0.9571842
6639,PIK3C2B,0.7729681
6640,GMPR2,0.9707923
6641,TAF2,0.9328389
6642,NUAK2,0.94542974
6643,SMNDC1,0.9295211
6644,SART3,0.9511601
6645,HCG18,0.98847735
6646,EXOSC9,0.9545931
6647,SLC26A6,0.9639177
6648,MTHFR,0.9726974
6649,XDH,0.9169794
6650,LEMD3,0.92085725
6651,FAM199X,0.927107
6652,FADS1,0.9435951
6653,USP11,0.9528523
6654,VPS18,0.97736967
6655,MGA,0.9632771
6656,DEAF1,0.9655709
6657,INO80C,0.9294649
6658,FRS2,0.9688317
6659,FBXO38,0.9240311
6660,CFDP1,0.9682589
6661,SUMO4,0.9485965
6662,PRKRIP1,0.9636467
6663,GABARAPL1,0.9731977
6664,HEATR5B,0.9773861
6665,CDCA4,0.89115024
6666,VPS72,0.9538414
6667,PPTC7,0.96074206
6668,ARHGEF3,0.9794561
6669,C16orf70,0.9165547
6670,H2AFY2,0.9109649
6671,NOC3L,0.9503293
6672,ZNF264,0.97343683
6673,GNPDA1,0.9490483
6674,SAFB2,0.9745412
6675,FAM96A,0.9175988
6676,TRMT6,0.9304575
6677,DHX16,0.9679503
6678,MRPL48,0.9791434
6679,MAPK7,0.9531743
6680,YAF2,0.9791512
6681,RHOQ,0.97379017
6682,RSRC1,0.9775737
6683,SHMT1,0.93415016
6684,SMUG1,0.9208588
6685,EP400,0.93786246
6686,HSD17B11,0.98948205
6687,ELP5,0.96737003
6688,STAM,0.90949255
6689,VEZF1,0.9713984
6690,SERPINA1,0.9817318
6691,SLC29A1,0.9292202
6692,CLEC14A,0.94769996
6693,NCOA2,0.9767434
6694,EPB41L2,0.9619378
6695,FZD1,0.9645128
6696,CBL,0.9813408
6697,EBF1,0.95236313
6698,INTS8,0.9709814
6699,CHI3L2,0.8108716
6700,RPAP3,0.95732874
6701,TRAPPC8,0.9560761
6702,ATP2C2,0.8649833
6703,SCRN2,0.9239257
6704,ARHGAP18,0.9611574
6705,TMEM8A,0.95901257
6706,EPN2,0.9797269
6707,MTURN,0.9562973
6708,CTB-50L17.10,0.976632
6709,WISP2,0.9758851
6710,GPANK1,0.97420734
6711,SAMD9L,0.9852649
6712,CBFA2T2,0.9773682
6713,DRAM2,0.96711886
6714,MED24,0.9560833
6715,GTF2IRD1,0.9585673
6716,CHCHD7,0.97439045
6717,VPS41,0.9503294
6718,NOL10,0.9348617
6719,COG3,0.9651742
6720,MEX3D,0.9491516
6721,FAM217B,0.9800508
6722,FCF1,0.91197675
6723,DMXL2,0.99153334
6724,PCBP4,0.9135325
6725,EZH2,0.94409055
6726,BRAF,0.97657377
6727,GRAMD4,0.90722364
6728,POLB,0.9217028
6729,DDX50,0.9739354
6730,KIAA0907,0.9701692
6731,FAM212A,0.94126594
6732,FOCAD,0.9588728
6733,GALK1,0.93119496
6734,KAT7,0.89502245
6735,SNAPC3,0.97921056
6736,DENND1A,0.97153825
6737,SLC35B3,0.98028135
6738,SMG6,0.9852898
6739,XXYLT1,0.9471106
6740,TRIM11,0.96203274
6741,ITSN1,0.97914016
6742,NT5DC1,0.9503918
6743,EML2,0.9580994
6744,VWA9,0.95130134
6745,CD4,0.9616683
6746,DDR2,0.9723023
6747,CMC2,0.97263145
6748,DVL2,0.9573245
6749,URB1,0.94847286
6750,NEDD4,0.9436939
6751,HLA-DQA2,0.9280252
6752,MARVELD2,0.9618714
6753,JADE2,0.9799946
6754,GABBR1,0.9697508
6755,NUP43,0.91011167
6756,PPP1R8,0.9409811
6757,NEDD4L,0.9779653
6758,CASP7,0.96352446
6759,GMIP,0.94056493
6760,METRN,0.97585654
6761,ZNF195,0.9878756
6762,PRKAB2,0.9798921
6763,FOXJ2,0.9846328
6764,DCAKD,0.9463183
6765,EMC9,0.96155524
6766,ATRN,0.9684884
6767,PHF21A,0.9847004
6768,DDX31,0.9702273
6769,PAPPA,0.97680056
6770,YEATS2,0.96449834
6771,NLN,0.95552975
6772,SLC52A1,0.910847
6773,NOD2,0.815263
6774,LYSMD4,0.9178487
6775,UTP15,0.97209066
6776,CENPU,0.94293827
6777,USP28,0.97768
6778,UBL7,0.95770115
6779,ICE1,0.97550917
6780,ENGASE,0.96231306
6781,SLX1B,0.97444963
6782,SMIM3,0.8810957
6783,ZNF652,0.9882115
6784,AQP5,0.9660344
6785,PARP4,0.9533184
6786,RP1-20N18.10,0.6539383
6787,TDRD3,0.9806791
6788,CH507-9B2.5,0.97071505
6789,PIP4K2A,0.9835075
6790,NRG1,0.8355841
6791,USP12,0.9611529
6792,BRIX1,0.9153209
6793,TP53BP2,0.9321537
6794,PCGF5,0.95002806
6795,RFC4,0.9451293
6796,VGLL3,0.98740745
6797,PPAN,0.9266319
6798,RNF14,0.9299875
6799,SPINK7,0.82651836
6800,C2orf54,0.8836275
6801,IL10RA,0.9508744
6802,TBC1D16,0.97441596
6803,EIF1AD,0.9730543
6804,NAT9,0.9480961
6805,LCLAT1,0.9414489
6806,LSM12,0.9582852
6807,MAK16,0.980883
6808,F8A3,0.9546072
6809,ARMC5,0.9323312
6810,LYN,0.9771203
6811,ST6GALNAC4,0.90551007
6812,AKT3,0.97642535
6813,PI4K2B,0.93979573
6814,RBM7,0.9448564
6815,AAED1,0.98606247
6816,SLC39A11,0.93752986
6817,SLX1A,0.96245235
6818,ALPK1,0.9716511
6819,MID1,0.9572682
6820,RNF2,0.9642295
6821,TMEM14A,0.93157244
6822,E4F1,0.96958816
6823,MKRN2,0.9423069
6824,BID,0.97258514
6825,PEX13,0.9658808
6826,RNF8,0.96863097
6827,CERS6,0.9806655
6828,NUSAP1,0.898495
6829,PAQR3,0.9381397
6830,CAPN7,0.9878269
6831,SPTY2D1,0.94611746
6832,ACAT1,0.9017901
6833,PLEKHA3,0.98107356
6834,TERF1,0.9501109
6835,MTPAP,0.94470847
6836,KAT2A,0.88655746
6837,CRAT,0.92161524
6838,SLC35A3,0.9677013
6839,HS1BP3,0.96110386
6840,CYB561D1,0.93776214
6841,TXNRD2,0.9777414
6842,ERV3-1,0.9262904
6843,PLD4,0.95364016
6844,ANTXR2,0.9607539
6845,GOLGA6L9,0.96506983
6846,MTO1,0.9526675
6847,CERS5,0.97225773
6848,DOCK7,0.9549611
6849,C4orf32,0.89371735
6850,SAC3D1,0.9190324
6851,LIPG,0.7914858
6852,SMURF2,0.9819234
6853,TP53BP1,0.9783981
6854,BCS1L,0.9368057
6855,LRSAM1,0.9538264
6856,CHST15,0.9318624
6857,SLC47A2,0.89025706
6858,ZDHHC14,0.96407
6859,CNTRL,0.9687093
6860,PPP1R12B,0.97793466
6861,SEC24B,0.9637421
6862,NBPF26,0.97808385
6863,EIF1B,0.9602051
6864,ADAM12,0.9921509
6865,OCLN,0.89560133
6866,ZNF692,0.94656
6867,RRM2B,0.9514111
6868,C1GALT1,0.9781542
6869,EIF1AY,0.9178535
6870,UBE2O,0.9306505
6871,LRCH3,0.95882463
6872,ST6GAL1,0.9685447
6873,MYCL,0.9320974
6874,ZC3H6,0.98530734
6875,TMCO3,0.9524918
6876,CECR5,0.93562174
6877,MARK4,0.9376275
6878,MED27,0.9165035
6879,BMPR1A,0.9541394
6880,NUAK1,0.9802628
6881,CARNMT1,0.95581424
6882,MZF1,0.9640857
6883,RGS20,0.9739227
6884,RAB8B,0.9837386
6885,KAT2B,0.9181108
6886,TIGAR,0.926952
6887,RIC1,0.95172817
6888,AHCTF1,0.9547381
6889,NUDT16,0.9813653
6890,DAPL1,0.8029902
6891,WDR60,0.92844385
6892,SPECC1,0.9641547
6893,SDHAF1,0.97079927
6894,FNTB,0.95767903
6895,OSBPL10,0.96011376
6896,MAP3K9,0.90447116
6897,ARHGEF11,0.9750701
6898,NECAP1,0.98159766
6899,RDH14,0.9365079
6900,MYNN,0.94058883
6901,CARD8,0.9710701
6902,WDR12,0.936963
6903,ADGRL4,0.97557354
6904,SNX4,0.94186366
6905,WBP4,0.96814525
6906,WHAMM,0.9742286
6907,CHAF1A,0.9679248
6908,ARL8A,0.9649535
6909,XPNPEP3,0.97718316
6910,HCST,0.96824455
6911,TSR2,0.9516276
6912,KCND3,0.95580494
6913,KIF3B,0.9782287
6914,NUDT14,0.9604842
6915,DNASE1L1,0.9777961
6916,MATN2,0.92871386
6917,HSPB11,0.9115668
6918,IL36G,0.9595176
6919,RHBDD1,0.9655989
6920,ZNF768,0.921961
6921,CYB5A,0.78664124
6922,CNKSR3,0.92884356
6923,CTIF,0.9806792
6924,PUS3,0.9638306
6925,FOXC1,0.9793256
6926,UCP2,0.9780038
6927,PYCR2,0.94629306
6928,SLC39A4,0.94065636
6929,SIAE,0.9482495
6930,ANKRD13C,0.983507
6931,KMT2D,0.9547948
6932,PWWP2B,0.9719243
6933,ST3GAL6,0.95553917
6934,MDN1,0.9807817
6935,NSMCE4A,0.9557902
6936,ELP6,0.95968264
6937,MZT1,0.932986
6938,SESN2,0.96520585
6939,TOR1B,0.95236963
6940,ZDHHC8,0.97711414
6941,TRAM2,0.9600126
6942,TTC27,0.9562385
6943,C18orf25,0.9602378
6944,OSBPL1A,0.9577629
6945,CCDC82,0.9866094
6946,ERMP1,0.8601349
6947,EDEM3,0.96961886
6948,WEE1,0.9145116
6949,LATS1,0.9111573
6950,GSTO2,0.9366676
6951,HLA-DOA,0.9744411
6952,C1orf52,0.93466395
6953,APC,0.94336087
6954,PPARA,0.97384036
6955,TRPM7,0.97193664
6956,SPAG1,0.9696314
6957,GCDH,0.9569143
6958,ATP5L2,0.93210363
6959,RAB6C,0.9457225
6960,SLC35E3,0.9559853
6961,NCKAP1L,0.9690883
6962,PPP1R21,0.9426886
6963,ARHGAP26,0.9822258
6964,HTRA3,0.99348855
6965,ANAPC2,0.96941644
6966,PPP2R3B,0.9255302
6967,SLC25A43,0.92099696
6968,IFT46,0.97763705
6969,HDHD3,0.9547394
6970,ARL15,0.96945375
6971,PRMT7,0.9448704
6972,ZNF746,0.9526685
6973,FOPNL,0.95884997
6974,ORAI2,0.97221804
6975,N4BP2,0.9871144
6976,DIS3L2,0.9619813
6977,NEO1,0.92108005
6978,EMC2,0.96074986
6979,ORAOV1,0.965707
6980,MYLIP,0.9740269
6981,ACO1,0.9581824
6982,FN3KRP,0.89350504
6983,IRF2,0.97756606
6984,ITPRIPL2,0.9684915
6985,PRSS12,0.9241459
6986,RBBP8,0.9560542
6987,UTP14A,0.96916234
6988,DIMT1,0.91764635
6989,DYNC1LI2,0.9624113
6990,TBL3,0.92617273
6991,MMGT1,0.9681654
6992,RABEPK,0.9484952
6993,HLA-G,0.8174283
6994,IL17RE,0.94581
6995,PUSL1,0.9171215
6996,RABEP2,0.95485365
6997,B3GNT9,0.96457297
6998,MRPL45,0.9746893
6999,MRPL16,0.9688381
7000,ADO,0.96757185
7001,HABP4,0.969688
7002,CTDSPL2,0.93436307
7003,TMEM132A,0.9575729
7004,SMARCAD1,0.9469277
7005,ZNF511,0.95904154
7006,VPS33B,0.9504171
7007,LSM10,0.92914397
7008,KCNMA1,0.9014809
7009,POLR3GL,0.9750412
7010,ZNF518B,0.96984875
7011,RASAL1,0.8207561
7012,FAM53C,0.966304
7013,XAB2,0.94604945
7014,LHFPL2,0.97681665
7015,UBTD2,0.97361976
7016,AGA,0.9412473
7017,ANKRD54,0.9569876
7018,MRPS28,0.9295562
7019,TFCP2,0.9743451
7020,FAM126B,0.9706994
7021,CDCA5,0.9564064
7022,ATP12A,0.756464
7023,PXDC1,0.9328747
7024,ING1,0.9850685
7025,C12orf10,0.9581192
7026,ATG16L2,0.92577755
7027,CYP2S1,0.957661
7028,ARHGAP4,0.9686829
7029,PPP1R16A,0.92619413
7030,RHOT1,0.95626897
7031,PROSC,0.97721404
7032,AP3S2,0.96128994
7033,MSL2,0.96122277
7034,CEP95,0.963846
7035,DBP,0.9658995
7036,NPNT,0.77892655
7037,TAZ,0.9758992
7038,CEBPZOS,0.92367476
7039,PROCR,0.9495014
7040,DOCK8,0.9728792
7041,LEO1,0.9608959
7042,GBP6,0.9587441
7043,SIK2,0.968339
7044,DHRS7B,0.9614885
7045,OSBPL11,0.9691363
7046,KDM5D,0.96583086
7047,EYA3,0.97574735
7048,TBX1,0.9756034
7049,MRPS14,0.9593667
7050,UBR7,0.95336205
7051,RUVBL1,0.95059234
7052,COA5,0.97875124
7053,PCK2,0.9652564
7054,ZNF274,0.9616377
7055,AP4E1,0.97107637
7056,GTF2E2,0.97351134
7057,SOCS7,0.9448248
7058,RIMS3,0.8939031
7059,PWP2,0.97281885
7060,MNAT1,0.97053516
7061,ZNF212,0.98063177
7062,MFSD14A,0.9574712
7063,SAMD4A,0.9854558
7064,TAF12,0.9420309
7065,KLF16,0.9755256
7066,SGMS2,0.9595942
7067,DENND5A,0.9835486
7068,PTGS2,0.96149284
7069,ANO6,0.8999836
7070,SPI1,0.9815353
7071,NAA35,0.96584094
7072,ARHGAP12,0.98760283
7073,THBS3,0.96860427
7074,SLIT3,0.980475
7075,TOR3A,0.96579194
7076,ACBD5,0.94691664
7077,MED12,0.9789083
7078,ARL3,0.9543171
7079,TEPSIN,0.96953285
7080,CTHRC1,0.9857607
7081,POTEI,0.8175847
7082,CLCC1,0.95993507
7083,CH507-513H4.5,0.9552646
7084,PPP4R2,0.9677261
7085,TCAF1,0.9815421
7086,BMI1,0.95647687
7087,ADCK2,0.9453382
7088,RNF41,0.97135717
7089,GNB5,0.9497956
7090,DPY19L3,0.9768299
7091,SLC4A11,0.9284367
7092,GEMIN7,0.9509241
7093,UBTD1,0.9540047
7094,CD40,0.962746
7095,KRBA1,0.9489551
7096,SOX7,0.92216796
7097,SLITRK6,0.860837
7098,LCORL,0.9823714
7099,C22orf39,0.9780315
7100,LY96,0.9663964
7101,ARHGDIA,0.8899022
7102,C3,0.9755152
7103,C12orf4,0.97810763
7104,DCUN1D4,0.9799494
7105,GOLGA5,0.96280855
7106,PUS7L,0.95654917
7107,TMEM97,0.9658999
7108,METTL2A,0.985477
7109,ANKRD49,0.9837285
7110,C8orf82,0.9582444
7111,TBC1D3D,0.92143613
7112,SZT2,0.98151004
7113,USP46,0.9573989
7114,RGL1,0.9625646
7115,C16orf52,0.95331943
7116,LIG3,0.94882035
7117,GTDC1,0.9801811
7118,LGR4,0.9251569
7119,FLYWCH1,0.96794134
7120,TSHZ1,0.9598975
7121,FMNL3,0.96835303
7122,CCNH,0.96116114
7123,DLX3,0.9684612
7124,MIPEP,0.95835215
7125,C1orf56,0.93811584
7126,FAM76A,0.95550245
7127,TPRG1,0.87206155
7128,AP5B1,0.96092856
7129,PPP1R37,0.9312779
7130,MITD1,0.944926
7131,FNIP1,0.9432079
7132,SMG9,0.9851691
7133,UBASH3B,0.9590769
7134,AGO4,0.94938314
7135,TEAD4,0.9578329
7136,PHC3,0.9611815
7137,LCAT,0.96850723
7138,SLC27A1,0.94693273
7139,TMEM94,0.9765913
7140,SPIDR,0.9559687
7141,SLC38A9,0.98075813
7142,NME7,0.96836245
7143,ABCB7,0.976071
7144,ZBTB1,0.9379796
7145,MEX3C,0.9466963
7146,DCBLD1,0.93189484
7147,ZSWIM7,0.9737951
7148,WDR73,0.94439995
7149,ATP6V0A2,0.9719735
7150,INPP4B,0.96145314
7151,E2F3,0.97278273
7152,MPP5,0.93324333
7153,ATP8B1,0.9595359
7154,LPAR2,0.93768984
7155,C6orf141,0.8877464
7156,PRKD3,0.9628109
7157,ALOX5AP,0.9877591
7158,NFIL3,0.96314865
7159,IFT122,0.9587503
7160,SPRY1,0.98541546
7161,LCE2A,0.81071174
7162,CRNKL1,0.97895646
7163,SLC25A16,0.9611081
7164,PEX11B,0.95815223
7165,PIGH,0.9223058
7166,MRPL49,0.93293184
7167,METTL1,0.93185693
7168,ZNF687,0.96082634
7169,THOC1,0.98203385
7170,CD34,0.98530906
7171,MRPL39,0.97039455
7172,MTR,0.9829216
7173,WDR37,0.95567864
7174,ADCK5,0.94794285
7175,MAD2L2,0.92563856
7176,MESDC1,0.9849683
7177,FERMT3,0.97231096
7178,JMJD6,0.9501729
7179,PLK1,0.86458343
7180,RSAD2,0.9398873
7181,CFAP20,0.9371776
7182,SLC37A4,0.9691215
7183,MOB1B,0.97638464
7184,NARFL,0.9537212
7185,VPS45,0.9593467
7186,TSPAN33,0.9411907
7187,NCK1,0.9571961
7188,MX2,0.952924
7189,LDOC1L,0.9587967
7190,PIGK,0.9675662
7191,CEP63,0.96386415
7192,TGFB3,0.9883137
7193,CROT,0.9238021
7194,IFT57,0.8935749
7195,TARBP1,0.982664
7196,KXD1,0.92121536
7197,AGPAT4,0.9256112
7198,ZC3H3,0.95468414
7199,LAMP3,0.95480317
7200,ZNF37A,0.97927797
7201,NES,0.9843864
7202,HDAC6,0.94237775
7203,HMGXB4,0.9744614
7204,CRTC2,0.96734524
7205,KIF16B,0.96768963
7206,EXOC2,0.96290517
7207,AP4M1,0.9263711
7208,KDM4A,0.96109635
7209,DLC1,0.9578247
7210,AADACL2,0.73530066
7211,MED21,0.94650847
7212,CECR1,0.9649838
7213,PSIP1,0.9718659
7214,DHX57,0.9697968
7215,VPS11,0.9783846
7216,PM20D2,0.9808165
7217,SPAST,0.9284695
7218,TCEA3,0.94163555
7219,STXBP2,0.9492182
7220,ZW10,0.96227914
7221,SLC39A2,0.8097014
7222,ARPIN,0.96616757
7223,BTN3A1,0.9509942
7224,ZNF277,0.97838575
7225,VRK2,0.9443044
7226,ATP10B,0.8076905
7227,TPM1,0.96568227
7228,FADS3,0.96376055
7229,FAM83B,0.9499982
7230,ZNHIT2,0.965227
7231,GABPA,0.96418625
7232,ABHD17B,0.9722568
7233,S100PBP,0.9845028
7234,ZNF622,0.96434
7235,SLC25A44,0.95724344
7236,IKBKG,0.95231944
7237,SEC24A,0.9593756
7238,LIMD2,0.9523031
7239,MICU1,0.96969
7240,CBLL1,0.95979697
7241,CCNB1IP1,0.982199
7242,PPIL3,0.95477325
7243,BICC1,0.9724389
7244,BLNK,0.9321038
7245,CUEDC2,0.937529
7246,RAD1,0.97508085
7247,ECE2,0.9233043
7248,BRI3BP,0.9630953
7249,SEL1L3,0.9847687
7250,CWC22,0.97213596
7251,FAM83D,0.95396477
7252,POMT1,0.9429525
7253,BMP2,0.94972503
7254,DIAPH2,0.98542833
7255,MED17,0.9865908
7256,ZNF609,0.9831521
7257,CPOX,0.9618657
7258,ARRDC2,0.97204226
7259,LRCH1,0.96231115
7260,TRIM2,0.9771117
7261,FJX1,0.9308176
7262,MORC2,0.9567435
7263,RASGRP1,0.90491533
7264,RIMKLB,0.9640628
7265,SPATS2,0.9416189
7266,SYDE1,0.98279154
7267,EEF1E1,0.9392313
7268,PNPLA4,0.9311046
7269,BRWD3,0.97945213
7270,LARP1B,0.9594289
7271,ZSWIM1,0.9832152
7272,FUZ,0.9437538
7273,GJC1,0.9779699
7274,QDPR,0.93970346
7275,BPIFC,0.9613329
7276,IGSF9,0.9448344
7277,MED6,0.97838116
7278,MTMR6,0.9558427
7279,NTHL1,0.96193004
7280,SS18L2,0.9549428
7281,GMEB1,0.96037984
7282,KATNB1,0.95864683
7283,FTO,0.9756542
7284,LHPP,0.9283777
7285,IER3,0.92585003
7286,PTDSS2,0.89571357
7287,PTPN21,0.96370673
7288,NDE1,0.9658631
7289,B3GALT6,0.9746718
7290,TEF,0.9847255
7291,SCAF1,0.9760512
7292,ZNF281,0.94957346
7293,DHRSX,0.96118486
7294,IFT27,0.9643763
7295,DCBLD2,0.9555576
7296,C10orf10,0.98400104
7297,ZNF580,0.9546523
7298,CTNS,0.962592
7299,MECR,0.9607849
7300,RASA4B,0.9658644
7301,SNX7,0.9351687
7302,C19orf52,0.96745676
7303,ORC2,0.9744486
7304,UNC13B,0.9463251
7305,EDN1,0.8576214
7306,PDE4A,0.96373576
7307,ZBED4,0.9408453
7308,TNKS,0.9772816
7309,FUK,0.96740466
7310,TPCN2,0.982145
7311,KIAA0355,0.9773401
7312,GPR137B,0.96353245
7313,ZFP64,0.9661933
7314,CCNA2,0.84578276
7315,OSGEP,0.953626
7316,CRCP,0.97474307
7317,DTNBP1,0.9616451
7318,PDS5B,0.9757114
7319,CSTF2T,0.9759458
7320,CCL22,0.93559355
7321,NSMAF,0.9678953
7322,PNLIPRP3,0.8918126
7323,ASL,0.9747564
7324,FAM134B,0.9699951
7325,HEMK1,0.96197283
7326,SPRYD4,0.95500517
7327,COQ10B,0.95944893
7328,FBXL20,0.9780933
7329,KDF1,0.96759045
7330,ZNF268,0.9348229
7331,SGCB,0.972764
7332,FAM210A,0.94103944
7333,MTHFD2L,0.9673419
7334,ATF2,0.9699872
7335,NAAA,0.97407794
7336,CDH11,0.98751616
7337,TIMM44,0.9028475
7338,CASKIN2,0.9545893
7339,CCDC57,0.9629307
7340,DUS2,0.9565557
7341,LMBR1L,0.95588815
7342,JAML,0.97969216
7343,SAP130,0.9757204
7344,TNFAIP8L3,0.9667785
7345,SDF2,0.9763058
7346,CMTR1,0.9648946
7347,ZBTB5,0.95836353
7348,ZNF629,0.9800702
7349,TMEM2,0.97123975
7350,ELMO2,0.96711123
7351,RNF121,0.9695791
7352,RFC2,0.95210195
7353,FAM109A,0.9768916
7354,CHST11,0.9822184
7355,UBE2D1,0.9199541
7356,TBC1D3G,0.9339662
7357,MED25,0.9132608
7358,P2RY2,0.92742395
7359,NHLRC2,0.9649626
7360,LRRK1,0.9625431
7361,HMGCL,0.976198
7362,PREPL,0.96852845
7363,COA7,0.94980264
7364,POLR3E,0.94850004
7365,ZFYVE9,0.9324976
7366,AK1,0.9466188
7367,ITPKB,0.92373323
7368,PPID,0.9713068
7369,CASC4,0.9816
7370,ACTR6,0.964627
7371,MANSC1,0.8403152
7372,DNAJC16,0.9591831
7373,RNF138,0.93162555
7374,AK6,0.9639664
7375,GALNT14,0.9386049
7376,CD209,0.95406836
7377,SLC24A3,0.9033665
7378,TPGS1,0.9641697
7379,EOGT,0.94656414
7380,ANO8,0.94668156
7381,PBX3,0.98477566
7382,ZCCHC8,0.95456916
7383,CHCHD3,0.93974537
7384,SUGP1,0.9527065
7385,ZNF91,0.97743565
7386,TSPAN11,0.9799931
7387,ZNF581,0.9772661
7388,SLC7A6,0.96901244
7389,MFSD12,0.980963
7390,C11orf95,0.9831071
7391,TOPORS,0.9728619
7392,NDRG4,0.8608809
7393,WDR44,0.9796816
7394,BCAS3,0.9830976
7395,C11orf68,0.92554003
7396,CEP78,0.96774876
7397,SRF,0.9774474
7398,STK11IP,0.9675515
7399,FUCA1,0.98625964
7400,GALT,0.93880486
7401,CHORDC1,0.9504809
7402,NCKAP5,0.9517044
7403,C1orf74,0.96617895
7404,CD1A,0.8914792
7405,PAAF1,0.963036
7406,SPOCK1,0.8722849
7407,FDXR,0.8883319
7408,PPP2R5B,0.9687307
7409,ZNF525,0.9454945
7410,ZNF266,0.9604236
7411,CCDC107,0.9547513
7412,RBMS3,0.9763454
7413,PLA2G15,0.9438077
7414,LMAN2L,0.9709524
7415,POLD1,0.96696347
7416,AMN,0.95382714
7417,DBT,0.9793103
7418,LLGL1,0.95890546
7419,PTPRU,0.9513567
7420,CUEDC1,0.9764175
7421,ZNF3,0.9816315
7422,CCDC115,0.9178491
7423,HPS6,0.96230066
7424,CARD14,0.87856287
7425,INTS5,0.93625015
7426,RASSF3,0.9416657
7427,NCF2,0.9362612
7428,EARS2,0.9476017
7429,JDP2,0.9610661
7430,GPR155,0.979156
7431,GOLGA1,0.9689749
7432,NGLY1,0.97803646
7433,NCKIPSD,0.96725255
7434,MRPL2,0.9205992
7435,ZWILCH,0.93113095
7436,RFWD3,0.95084894
7437,PDK2,0.9623857
7438,CCDC97,0.9751858
7439,LINS1,0.93795323
7440,DNMBP,0.96465236
7441,SLC9A6,0.98116714
7442,ZCCHC2,0.9799094
7443,RILPL1,0.9488415
7444,C5orf38,0.93765736
7445,OLFM1,0.9403674
7446,MINPP1,0.8942846
7447,ALG14,0.95733064
7448,NXPH4,0.93501806
7449,METTL16,0.974599
7450,CCDC93,0.9847677
7451,UCKL1,0.976341
7452,BCL10,0.9456368
7453,ANKRD22,0.9146031
7454,ZNHIT6,0.9566687
7455,PCCB,0.96466035
7456,IL11RA,0.9817818
7457,FAM46C,0.97004074
7458,TAF5L,0.9771439
7459,SLC25A10,0.94612134
7460,UBR4,0.9761731
7461,LATS2,0.95031
7462,CCL2,0.97356623
7463,ATP7A,0.9401779
7464,ARHGEF40,0.97100294
7465,SERGEF,0.9680865
7466,ZNF516,0.9575905
7467,NEDD1,0.97993994
7468,UBIAD1,0.97357595
7469,ATR,0.96506435
7470,RNF38,0.933979
7471,NCOA5,0.97718894
7472,DOCK4,0.9631774
7473,C7orf26,0.9801218
7474,FAM160B1,0.9623265
7475,SLC2A3,0.98413396
7476,HIST2H2BE,0.9133838
7477,ABCC3,0.9268788
7478,FAM114A2,0.96856964
7479,HAUS1,0.95762944
7480,RPAP2,0.9692221
7481,NADK2,0.9744201
7482,ARHGAP11A,0.9213841
7483,BOLA3,0.9351497
7484,UBFD1,0.9871346
7485,DENND4A,0.94075817
7486,TCF7L2,0.9810792
7487,TLE1,0.8918841
7488,PRRC2B,0.9495534
7489,HERC3,0.93544465
7490,PUS1,0.9689875
7491,PRAF2,0.97484064
7492,NUBP1,0.967758
7493,ULK2,0.96104205
7494,EEF2K,0.94797516
7495,TRIM4,0.9679433
7496,ZFX,0.967028
7497,LPXN,0.9676685
7498,RFX1,0.98303986
7499,TRMU,0.9355664
7500,KLHL20,0.979037
7501,DIP2C,0.9571983
7502,MMRN2,0.9754472
7503,MFSD11,0.97520447
7504,DUSP5,0.9757996
7505,PKNOX1,0.9730028
7506,MPP1,0.9774019
7507,FAM8A1,0.893027
7508,RCN3,0.9611649
7509,VWA5A,0.92988586
7510,NFYB,0.9660683
7511,GLCCI1,0.9800939
7512,TBC1D3I,0.9509465
7513,PHC1,0.9822559
7514,FAM207A,0.9120266
7515,MYO1G,0.9735889
7516,STMN3,0.966414
7517,IL20RA,0.85227627
7518,IFI44L,0.97442514
7519,ITGAE,0.9031484
7520,PLA2G2F,0.76477295
7521,LZTS2,0.946684
7522,PATL1,0.97094166
7523,ANKRD35,0.9144378
7524,C1orf174,0.9555359
7525,ASPM,0.9387097
7526,CH507-9B2.9,0.97681636
7527,TRAK2,0.9875873
7528,HKR1,0.9770309
7529,MED18,0.9700985
7530,RPP40,0.92848366
7531,ACOT8,0.93883574
7532,GEN1,0.97825366
7533,FOXP4,0.9400367
7534,ARHGAP10,0.969891
7535,DHPS,0.9775735
7536,ZNF432,0.9523523
7537,ATP5S,0.97151494
7538,ATG14,0.96790606
7539,TOMM34,0.96447474
7540,LENG9,0.9506977
7541,TSHZ3,0.981656
7542,DNAJC4,0.95916724
7543,SLC15A3,0.9746288
7544,TEAD2,0.9858073
7545,CHCHD4,0.95154965
7546,SGIP1,0.98274946
7547,TRERF1,0.9707238
7548,UHRF1,0.8742431
7549,PAPLN,0.9468142
7550,TMEM260,0.9756587
7551,RUFY2,0.96828985
7552,ZFYVE26,0.9569962
7553,ANKFY1,0.96116483
7554,ZG16B,0.9790478
7555,DTWD1,0.9762512
7556,FAM156B,0.9621705
7557,METTL13,0.9744415
7558,RABL3,0.9509555
7559,ID4,0.95506555
7560,RANBP6,0.9459641
7561,RAVER1,0.87101233
7562,PKMYT1,0.9571168
7563,ZSCAN31,0.8884003
7564,MCM6,0.9001144
7565,TMEM39B,0.95826125
7566,SH2D3A,0.9449786
7567,LYRM5,0.9613004
7568,DDX11,0.9760281
7569,TWIST1,0.9804298
7570,DAPK2,0.90469223
7571,RAMP3,0.9700347
7572,PPIAL4G,0.92817926
7573,THAP5,0.9770389
7574,C3orf38,0.95205325
7575,RAPGEF3,0.9731509
7576,TBC1D3L,0.9447231
7577,FOXRED2,0.9679492
7578,TBL1X,0.9476433
7579,ASB13,0.90491134
7580,DRAM1,0.9685319
7581,DDX51,0.97526973
7582,NUDT2,0.9575846
7583,PGAP2,0.9364545
7584,BRPF3,0.9519146
7585,ACVR2A,0.96908516
7586,RCC2,0.89985895
7587,MLH1,0.978423
7588,WNT3,0.93217796
7589,TERF2,0.97184044
7590,GATAD1,0.9674046
7591,RBBP9,0.95055926
7592,BTBD10,0.96289915
7593,ENC1,0.9004477
7594,KIF23,0.9192857
7595,RMND5B,0.96664315
7596,MAD2L1BP,0.9746154
7597,RBFA,0.9288482
7598,KLHL2,0.95672524
7599,SLF2,0.9777056
7600,TCTA,0.9275757
7601,C1orf159,0.96117294
7602,NACC2,0.97220427
7603,GDPD2,0.89935344
7604,PARP2,0.89776814
7605,KAT8,0.9913581
7606,C12orf65,0.9199525
7607,ASPG,0.688345
7608,MAGOHB,0.9871068
7609,ZFYVE19,0.9565455
7610,ERN1,0.96040475
7611,PCBD1,0.95944285
7612,JADE1,0.9827477
7613,HDAC11,0.9382165
7614,HRH1,0.971946
7615,NDUFA7,0.9445536
7616,EFS,0.9618228
7617,KIRREL,0.9541248
7618,ZFAND2A,0.92460674
7619,AGTPBP1,0.96326417
7620,EED,0.9820902
7621,SNRNP40,0.9278843
7622,CDK9,0.97333944
7623,ZCCHC7,0.9761445
7624,TAF9B,0.9445717
7625,ALG6,0.9667744
7626,ACADS,0.9699882
7627,ZNF513,0.9716829
7628,VLDLR,0.90021276
7629,TIMELESS,0.9535321
7630,RNF222,0.9538111
7631,SMAD7,0.9690336
7632,GCLM,0.9390048
7633,KPNA5,0.9623227
7634,GOLGA6L4,0.9628233
7635,FAM173A,0.91316354
7636,MIF4GD,0.89954567
7637,MARCH1,0.98033714
7638,CH507-513H4.3,0.9199422
7639,TRAF2,0.95890397
7640,PRICKLE2,0.94955456
7641,ZBTB33,0.9776866
7642,RAMP1,0.91348445
7643,YPEL2,0.9676745
7644,SLC39A3,0.98012793
7645,FNDC10,0.9101861
7646,FBXO32,0.9640492
7647,EID2,0.94122005
7648,C2orf68,0.9602171
7649,CEP290,0.97892505
7650,CBX1,0.9502186
7651,SH3RF3,0.984849
7652,SRGAP2B,0.97745603
7653,BRCC3,0.961023
7654,FAM198B,0.9902864
7655,ADAM8,0.9886357
7656,GANC,0.9526492
7657,DHX40,0.9757991
7658,MOCS1,0.93402994
7659,PTRH1,0.9496479
7660,UBR1,0.98756295
7661,EPS8,0.9626946
7662,KIAA0922,0.950836
7663,MRPL4,0.9128355
7664,UHRF2,0.972074
7665,ZNF518A,0.9582684
7666,WDR20,0.9490127
7667,NMT2,0.9760123
7668,LPAR1,0.9756072
7669,RPUSD1,0.9427896
7670,ROGDI,0.97370857
7671,CSF1,0.97984546
7672,COL8A2,0.9236803
7673,EAF1,0.9242021
7674,DDHD2,0.9476971
7675,PPIL4,0.9709178
7676,DYNC2H1,0.9820594
7677,ADGRG6,0.9765884
7678,KLHL5,0.97776586
7679,CCDC152,0.9622489
7680,IL1R2,0.9555612
7681,PTP4A3,0.9276112
7682,SLC36A4,0.9681359
7683,PDCD7,0.97338545
7684,ITFG2,0.98517084
7685,FAM84B,0.9790172
7686,GTF2IRD2,0.9680492
7687,KDELC2,0.9731006
7688,EVI2B,0.9655849
7689,ZBTB21,0.9738268
7690,POFUT2,0.9096898
7691,NUDT19,0.9603401
7692,RUNDC1,0.97704554
7693,PRKAR1B,0.9737331
7694,HOXC13,0.9193991
7695,ABCD4,0.96967524
7696,CDCA7,0.93062633
7697,UBALD1,0.9800486
7698,PANK4,0.95145375
7699,MTRF1L,0.96330726
7700,GFM2,0.94648737
7701,MRE11A,0.9807007
7702,BLOC1S4,0.9133396
7703,HARS2,0.96827376
7704,DYRK1B,0.9740025
7705,PVR,0.9542263
7706,C8orf76,0.96963686
7707,INO80,0.97486585
7708,RSAD1,0.9649711
7709,TMEM199,0.96983194
7710,CMTM4,0.9543681
7711,ZNF330,0.9438184
7712,ACAP1,0.9840918
7713,ING5,0.97269267
7714,YRDC,0.95740694
7715,TP53,0.9866739
7716,HOXD9,0.9283178
7717,TMEM138,0.97401506
7718,LRRC45,0.9281207
7719,C15orf61,0.9571099
7720,LMCD1,0.97758293
7721,NDRG3,0.9750448
7722,RNF25,0.96399677
7723,COL4A6,0.80506736
7724,CDK5RAP1,0.9605593
7725,TBC1D3F,0.9303697
7726,CRTC3,0.95782584
7727,KIF20B,0.93967503
7728,CD99L2,0.97598016
7729,C21orf91,0.9717657
7730,C5orf42,0.97998816
7731,ZNF133,0.97846216
7732,ACVR1B,0.95220023
7733,PGAP1,0.9574345
7734,WDR24,0.954761
7735,ECSCR,0.9733125
7736,NLGN2,0.95994925
7737,USP32,0.9560995
7738,TCN2,0.96620244
7739,CLIP2,0.9646055
7740,NTRK2,0.98627895
7741,SHC1,0.9418423
7742,ARL6IP6,0.95628244
7743,SATB1,0.9794117
7744,LMNB1,0.967639
7745,GALK2,0.9425641
7746,ZSWIM4,0.9436383
7747,FKBP14,0.96793014
7748,DDX10,0.9676426
7749,RHOU,0.97403866
7750,THAP7,0.963431
7751,ZFYVE1,0.96402186
7752,PARN,0.9782644
7753,KAT6B,0.9686028
7754,NAA16,0.98444027
7755,CD3EAP,0.9297541
7756,EGR3,0.9784542
7757,KATNA1,0.9535708
7758,SYT8,0.84778005
7759,MELTF,0.9753745
7760,ZNF777,0.9680021
7761,OBSCN,0.9560489
7762,MCAT,0.9692528
7763,IKBIP,0.9738876
7764,SERPINB9,0.96533334
7765,C1orf162,0.9791992
7766,MARK1,0.97848153
7767,CORO6,0.87409174
7768,ORC3,0.9879981
7769,USP42,0.97032976
7770,SETD1A,0.95440936
7771,SOGA1,0.9599002
7772,B4GAT1,0.95259684
7773,COIL,0.934835
7774,PRC1,0.91198426
7775,GRHL2,0.96690017
7776,CEP295,0.9683127
7777,ZNF12,0.92075557
7778,THUMPD2,0.9474575
7779,NELFA,0.952488
7780,ARL5B,0.9572493
7781,PUS7,0.96456313
7782,ATG9B,0.9652871
7783,FAM127B,0.9460908
7784,TMEM99,0.8869996
7785,UTP23,0.98316264
7786,EXOSC3,0.91709673
7787,SMARCA1,0.96337324
7788,RASD1,0.95660704
7789,PLCG2,0.9635559
7790,ALKBH2,0.9508266
7791,VAMP4,0.96347296
7792,MXD3,0.944707
7793,ZNF397,0.958849
7794,BLOC1S3,0.9479369
7795,CREB5,0.9624271
7796,CHML,0.9402719
7797,RUNDC3A,0.9317335
7798,ELK1,0.9443564
7799,ITGB6,0.6335168
7800,TMEM223,0.9669555
7801,ZNF205,0.968278
7802,ATAD2B,0.96364206
7803,BCAT1,0.9881043
7804,TUBB2B,0.82176906
7805,C3orf62,0.9543802
7806,SLC16A5,0.9696119
7807,ATF6B,0.95552117
7808,NEGR1,0.9828408
7809,SDK2,0.94609654
7810,PCGF2,0.9678588
7811,FADS2,0.9863336
7812,CDC42EP2,0.95687264
7813,IKZF1,0.95709026
7814,C11orf1,0.9436646
7815,CDK11B,0.9538324
7816,PQLC3,0.92407006
7817,KRTCAP2,0.93114984
7818,ING4,0.96057457
7819,CHI3L1,0.6090531
7820,LNX2,0.9604033
7821,DTNB,0.95057595
7822,ALOXE3,0.88193244
7823,RRN3,0.9725391
7824,SLC6A9,0.94988394
7825,HMGCS1,0.9507672
7826,GTF2H3,0.920445
7827,ECD,0.943088
7828,DNAAF5,0.96417665
7829,ERCC3,0.9655096
7830,RAB30,0.9460797
7831,MLKL,0.9484505
7832,CD320,0.9681205
7833,ZNF654,0.9774497
7834,TRAPPC13,0.9598983
7835,ZNF827,0.9567053
7836,NFKBIL1,0.9664414
7837,FAM212B,0.9779097
7838,SRGAP2C,0.95322126
7839,RAB11FIP4,0.9629905
7840,MAML1,0.9435488
7841,CASP3,0.9575011
7842,SETBP1,0.96684414
7843,TECPR1,0.9726685
7844,SPATA20,0.9432237
7845,ADGRE5,0.9396794
7846,RGMB,0.9779963
7847,FAM193A,0.9882185
7848,GPN2,0.9665374
7849,POLR1E,0.9580047
7850,BTN3A3,0.97379935
7851,CCDC94,0.9703244
7852,METTL2B,0.96983844
7853,ABHD5,0.9545837
7854,PBX2,0.9603279
7855,SOCS4,0.98800397
7856,FAM156A,0.9585123
7857,ERAL1,0.9238722
7858,ARMCX3,0.98913795
7859,BTRC,0.96194375
7860,CADM4,0.9032505
7861,TGFBR3,0.9779791
7862,NXT2,0.93356466
7863,LYSMD3,0.96968645
7864,NDUFAF6,0.9667115
7865,DDX19A,0.9643253
7866,THEMIS2,0.9837424
7867,AAAS,0.97547764
7868,CENPC,0.98393416
7869,ASB1,0.96192735
7870,CAMKK1,0.9381541
7871,ZNF26,0.96121097
7872,UNC119,0.95528257
7873,TACC3,0.9751776
7874,FAM120B,0.97533596
7875,SLC36A1,0.9722584
7876,TOM1L1,0.9735869
7877,MUC15,0.94065875
7878,P2RY11,0.95757836
7879,ZDHHC17,0.98291314
7880,SERTAD3,0.98049414
7881,CARD6,0.9534523
7882,KIAA0101,0.9092966
7883,SYNJ2,0.96474856
7884,MAPK11,0.9632939
7885,ASAP3,0.97115785
7886,BBOX1,0.9533733
7887,GCFC2,0.9582064
7888,PRPF18,0.95307654
7889,MYL6B,0.9533338
7890,GLMN,0.9308263
7891,RRP9,0.9251633
7892,APLNR,0.96104896
7893,ANLN,0.86779946
7894,FARS2,0.9435076
7895,POLR1B,0.9459572
7896,OSBPL6,0.9497821
7897,G2E3,0.983409
7898,PSKH1,0.9502797
7899,MYO1F,0.97677684
7900,POU3F1,0.8981282
7901,MARCH9,0.93878454
7902,AIF1L,0.95180756
7903,ZSCAN29,0.94861937
7904,SEMA5A,0.98711777
7905,DGKQ,0.94946945
7906,RFC5,0.963632
7907,AMY2B,0.97117895
7908,CCDC117,0.96203715
7909,ST6GALNAC6,0.9500853
7910,NFASC,0.94604236
7911,PPIP5K1,0.9628915
7912,GSTM2,0.9458894
7913,RRP8,0.9398074
7914,CDH5,0.9656398
7915,KBTBD2,0.9801621
7916,ZNF444,0.97041714
7917,LRRC8C,0.97566205
7918,SACS,0.9537094
7919,CCNF,0.96205395
7920,AP5S1,0.9767999
7921,TBC1D25,0.9811796
7922,ETV4,0.94811255
7923,AMIGO2,0.89687955
7924,PLEKHF1,0.99057716
7925,FRAT2,0.9781353
7926,CENPW,0.94999164
7927,ADAMTS15,0.968128
7928,ABHD4,0.92555594
7929,FAM73A,0.95812774
7930,SNX27,0.9795445
7931,LRIG3,0.94332325
7932,RANBP10,0.9888563
7933,ANKRD26,0.9705914
7934,CTSO,0.9715324
7935,ZNF720,0.95983213
7936,ABHD6,0.9668553
7937,ACAD8,0.93961626
7938,NUP37,0.98381996
7939,TIMM21,0.9250295
7940,HSD17B8,0.9578478
7941,SMARCAL1,0.97277296
7942,TUBGCP4,0.95624655
7943,PLOD2,0.9767734
7944,CFB,0.9512927
7945,CCDC58,0.9611203
7946,DMTN,0.94093657
7947,SNAP47,0.9407054
7948,ZNF688,0.9821048
7949,SRGAP1,0.93632776
7950,NFKBIE,0.9662761
7951,ADGRF5,0.97887343
7952,SCYL3,0.97474754
7953,URGCP,0.9804989
7954,CALCRL,0.960106
7955,CDKN2AIP,0.97425175
7956,DNAJB9,0.9682745
7957,MYO18A,0.93723035
7958,MIS18BP1,0.97085667
7959,CYP51A1,0.9131509
7960,TBC1D3H,0.9363333
7961,PEX14,0.9660644
7962,RAET1E,0.8352093
7963,SESN1,0.95063055
7964,SELPLG,0.9631197
7965,DPH3,0.9516794
7966,ENTPD5,0.9730042
7967,DLG3,0.9656653
7968,SIRT3,0.9276325
7969,COG7,0.9783438
7970,HAGH,0.9566388
7971,HIRA,0.9634576
7972,TAPBPL,0.9483886
7973,LRIG2,0.950581
7974,MFSD14C,0.9671331
7975,ATP8B2,0.98414713
7976,YARS2,0.9266357
7977,PTPN4,0.9750656
7978,BOC,0.9834063
7979,TBC1D2B,0.9466825
7980,TSPAN18,0.98460764
7981,THEM4,0.95891976
7982,CD7,0.9371042
7983,CASP8AP2,0.9840816
7984,DHX34,0.943718
7985,CENPE,0.9620661
7986,ABLIM3,0.962832
7987,TARSL2,0.9649101
7988,ZC3H12C,0.9412173
7989,ANKRD40,0.9719308
7990,ERG,0.9748349
7991,MDC1,0.9751715
7992,ALDH3A1,0.86037767
7993,ELN,0.9628286
7994,RAPGEF2,0.97540116
7995,ZNF75A,0.90757185
7996,MON1A,0.9689191
7997,DDHD1,0.961845
7998,MAP3K8,0.9692915
7999,TFPI,0.9853829
8000,LRRC28,0.9730766
8001,SYNPO2,0.9754288
8002,RAD17,0.98855466
8003,SLC35A5,0.9730355
8004,TMEM246,0.9531477
8005,TBC1D3,0.9590358
8006,SIN3A,0.97605544
8007,ASF1A,0.95849544
8008,SLC35B4,0.9716955
8009,THRA,0.97023034
8010,SLC26A2,0.98920745
8011,EPHX2,0.8213336
8012,C3orf14,0.9558653
8013,SOCS5,0.9603632
8014,USP9Y,0.9684457
8015,PTBP2,0.96898735
8016,GLI4,0.9575011
8017,RINT1,0.94043475
8018,STAT5A,0.9847974
8019,ZSWIM6,0.95179355
8020,CD6,0.94582784
8021,PGAP3,0.9508146
8022,CXCL8,0.96826655
8023,TAMM41,0.9703761
8024,BTBD9,0.88394576
8025,PIGM,0.9833921
8026,SLC7A6OS,0.9790913
8027,IFIT5,0.9496834
8028,C14orf159,0.96132874
8029,SLC16A7,0.90101504
8030,TAF1,0.96839666
8031,CEP170,0.9846004
8032,PEX5,0.9223258
8033,CAAP1,0.9375541
8034,EGFLAM,0.9822275
8035,TFAP4,0.9692564
8036,ALS2,0.97571504
8037,RPP38,0.9703973
8038,C2CD2L,0.9499069
8039,BPNT1,0.96658105
8040,PARG,0.96151537
8041,PRKCB,0.9575812
8042,PXMP4,0.9489011
8043,MORC4,0.9511872
8044,AP1AR,0.9491424
8045,SNAPC2,0.96559453
8046,C21orf59,0.97172475
8047,ADAMTS4,0.9671888
8048,FOXN2,0.9535528
8049,TMEM64,0.8601181
8050,PYCRL,0.94815814
8051,ZNF721,0.975719
8052,RGPD8,0.93242717
8053,C5orf51,0.97075784
8054,FAM122B,0.9648002
8055,CCL19,0.9671843
8056,MAD2L1,0.9426455
8057,OASL,0.9040644
8058,SMPD2,0.922771
8059,GNPNAT1,0.95294493
8060,EXOSC2,0.96895593
8061,SLC19A2,0.9320167
8062,TFEB,0.9551815
8063,HMG20A,0.9722446
8064,ADGRL1,0.981539
8065,NFS1,0.9643801
8066,MAP7D3,0.9909622
8067,ERMARD,0.93668634
8068,AGAP1,0.98144877
8069,OTUD6B,0.9617556
8070,ZNF846,0.9389542
8071,PDHX,0.95535815
8072,DLGAP5,0.85723287
8073,FGFR2,0.94740564
8074,HPF1,0.94551736
8075,FBXO18,0.94951606
8076,SP140L,0.9885034
8077,CCAR2,0.9620614
8078,AGBL5,0.9562052
8079,ZNF76,0.9709933
8080,OARD1,0.9690395
8081,CRYL1,0.92514145
8082,CCDC22,0.95635194
8083,RAPGEF5,0.97366923
8084,RFX7,0.97316515
8085,SLC25A12,0.9638902
8086,ST3GAL1,0.979843
8087,VSTM4,0.9835004
8088,CYP2R1,0.9309568
8089,PTAFR,0.9844729
8090,SAMD8,0.9772364
8091,CFL2,0.9489769
8092,BARD1,0.9631012
8093,SARS2,0.93365866
8094,ZXDC,0.972508
8095,SS18L1,0.9677379
8096,DOLPP1,0.95683086
8097,CCNT1,0.97131604
8098,STX17,0.9336818
8099,B3GALT4,0.95999557
8100,CDC40,0.9561253
8101,ZBTB25,0.9810585
8102,MYL5,0.9513321
8103,ING2,0.9511249
8104,HACD4,0.95472014
8105,ZNF766,0.972186
8106,SLC39A10,0.98254555
8107,POLR3D,0.97193336
8108,TRAPPC6A,0.98328644
8109,PNMA1,0.9707669
8110,CEP68,0.9565051
8111,PISD,0.9804343
8112,FMO2,0.5858337
8113,NOM1,0.9539818
8114,GALC,0.96073043
8115,LRG1,0.6947353
8116,NETO2,0.9281768
8117,SUPV3L1,0.9671462
8118,VSIG10,0.96428853
8119,MCPH1,0.96111244
8120,ORAI3,0.9473625
8121,MEGF8,0.9621338
8122,RASSF2,0.9657702
8123,B3GNT3,0.92130494
8124,TESK1,0.97149855
8125,PAQR5,0.9258557
8126,CCDC66,0.93860793
8127,USP19,0.9756785
8128,SLC25A23,0.9677896
8129,DOPEY2,0.98521984
8130,ZNF7,0.9580046
8131,LAMP5,0.975981
8132,C4A,0.9716949
8133,KCNN4,0.9776122
8134,INTS4,0.94809276
8135,SLC35D2,0.9852846
8136,GPATCH2,0.9716345
8137,ATXN1L,0.93701804
8138,CSRNP1,0.97387445
8139,PTER,0.96106124
8140,RNGTT,0.9149945
8141,TRPV2,0.9814218
8142,PTPN6,0.9633183
8143,TBC1D7,0.94463956
8144,PLAT,0.9521365
8145,NPHP3,0.9830892
8146,LPAR5,0.9424357
8147,MCU,0.95368475
8148,DUOX2,0.90489054
8149,KIF2A,0.97388303
8150,GDA,0.9509007
8151,ZNF623,0.9723134
8152,ATF1,0.94863063
8153,IQCE,0.97817445
8154,LIMD1,0.976515
8155,GTF2IRD2B,0.9537317
8156,CEP55,0.9250034
8157,AFAP1,0.94509923
8158,NLK,0.9797342
8159,IKBKE,0.9297151
8160,ZDHHC13,0.9634958
8161,AKIRIN2,0.9163262
8162,FILIP1L,0.94757855
8163,CEP192,0.97023994
8164,ITM2A,0.976394
8165,CACTIN,0.96827316
8166,GRASP,0.9757193
8167,GSTM3,0.95266324
8168,VIPR1,0.96095383
8169,PSTPIP1,0.9809097
8170,LZIC,0.9564663
8171,AP4B1,0.9671059
8172,RAB40B,0.9449743
8173,KDM6A,0.96987325
8174,LYRM7,0.95328104
8175,HOMEZ,0.9409837
8176,PITPNC1,0.9834668
8177,JAM3,0.9763683
8178,RNF144A,0.9723036
8179,P3H3,0.97005117
8180,TUBGCP5,0.9685416
8181,UBE2D4,0.974968
8182,GSR,0.98660344
8183,SAA2,0.93442893
8184,IL33,0.793603
8185,ADAT2,0.9333794
8186,C16orf91,0.93922895
8187,UXS1,0.96223205
8188,CRIPAK,0.9758107
8189,MAPK9,0.98322046
8190,C11orf54,0.99047655
8191,ASCC1,0.9314655
8192,C4B,0.97909254
8193,CDKN3,0.91811365
8194,PHKA2,0.9725586
8195,ZNF408,0.9727035
8196,ZBED2,0.9030288
8197,TBC1D3K,0.89560324
8198,NPAT,0.9786491
8199,PCBD2,0.9518187
8200,LAIR1,0.9802071
8201,FGF7,0.9778884
8202,FAM206A,0.96510977
8203,ITGAX,0.96770877
8204,TMEM69,0.95125586
8205,MACC1,0.94710803
8206,ESYT3,0.8908846
8207,PODXL,0.98708993
8208,POU2F3,0.8486769
8209,AMMECR1L,0.9731646
8210,ZC3H8,0.962356
8211,TMEM175,0.9800364
8212,FAM76B,0.9705264
8213,ZNF740,0.9833841
8214,ZNF512,0.9895421
8215,HPS5,0.98132724
8216,ITCH,0.9742088
8217,MSH2,0.97524667
8218,CUL7,0.9697104
8219,BCL2L11,0.96502066
8220,TMEM161B,0.9823121
8221,ACD,0.9776626
8222,PTCD1,0.95741045
8223,SVIP,0.9613503
8224,PSTPIP2,0.97783566
8225,NDC80,0.9868738
8226,ZMYM6,0.9742188
8227,RNF5,0.9744294
8228,CASP8,0.979026
8229,GPR183,0.9772092
8230,ATP9B,0.95177597
8231,SSBP2,0.97331375
8232,ZNF808,0.9574283
8233,TNS2,0.9668627
8234,SHANK3,0.96486664
8235,HELLS,0.9675331
8236,VANGL2,0.95624304
8237,ALAD,0.977562
8238,ZNF140,0.9592709
8239,ZBTB40,0.9635402
8240,USF3,0.9400132
8241,GLA,0.9793789
8242,KANK2,0.97614133
8243,KCNAB2,0.9578401
8244,PARP8,0.9818217
8245,GALNT11,0.94378126
8246,KLHL12,0.9829285
8247,MAFF,0.96138537
8248,CDC37L1,0.9798106
8249,PLPP5,0.9731339
8250,TNXB,0.9637506
8251,LRFN4,0.955094
8252,HRH2,0.7950905
8253,IL2RG,0.95740974
8254,FAH,0.9462266
8255,MICA,0.94976145
8256,TMEM201,0.96810716
8257,BBIP1,0.9306199
8258,SGPP1,0.9094429
8259,SLC7A11,0.91909486
8260,TMEM218,0.98134613
8261,PTK2B,0.98233455
8262,PICK1,0.9515671
8263,VWA8,0.9761117
8264,PRDM15,0.94477534
8265,UBA7,0.9644769
8266,GMCL1,0.9730706
8267,THSD4,0.9590266
8268,SLC29A4,0.9522157
8269,FAM104B,0.9359472
8270,TBC1D3E,0.9533141
8271,KLHL9,0.93516636
8272,PDLIM4,0.9127785
8273,IRAK4,0.9685657
8274,COG6,0.9797643
8275,CNTROB,0.9558734
8276,RNPC3,0.965115
8277,TRAPPC2,0.9591039
8278,RHBDL2,0.96202826
8279,HIVEP1,0.9690679
8280,CDCA8,0.95052564
8281,TICAM1,0.96281916
8282,CNNM4,0.94784206
8283,MCRIP2,0.9644806
8284,KRT79,0.8521677
8285,PCSK5,0.96785086
8286,ZNF320,0.9803945
8287,CREM,0.983267
8288,ALDH1A1,0.7163582
8289,FAM220A,0.9682544
8290,PCGF1,0.96216905
8291,GLRX2,0.9482142
8292,CMKLR1,0.965584
8293,PLEKHH1,0.98019665
8294,CHCHD6,0.95376104
8295,SKP2,0.9588378
8296,ACTR8,0.9649944
8297,ATAD2,0.9454847
8298,TYW3,0.9843059
8299,NEK6,0.9285079
8300,ZNF267,0.97382975
8301,GABPB2,0.94956684
8302,DNM1,0.97400206
8303,KLHL7,0.94309115
8304,DCAF15,0.967661
8305,RFT1,0.9745396
8306,VPS50,0.96766335
8307,KLHL24,0.9825752
8308,DNAJC14,0.9716328
8309,RASSF10,0.9678424
8310,SFXN4,0.9450171
8311,ME2,0.9717548
8312,IL24,0.96005476
8313,TMEM176A,0.94553953
8314,GID4,0.97489196
8315,FBXO30,0.9672048
8316,C5orf45,0.9626093
8317,DPY19L4,0.98803824
8318,NCAPG,0.9347256
8319,PRRG2,0.9437494
8320,ZNF84,0.9583661
8321,OPN3,0.9363374
8322,RLF,0.97491336
8323,GRB10,0.9481935
8324,PDRG1,0.9154151
8325,TENM3,0.8968104
8326,ADCY4,0.9545986
8327,SNIP1,0.96084267
8328,NLGN4X,0.959627
8329,LCE1E,0.9261582
8330,SMARCD3,0.9259133
8331,EXD2,0.9508015
8332,ISOC1,0.9314394
8333,CNKSR1,0.967856
8334,CIT,0.9700407
8335,ADGRE2,0.98047024
8336,PRKCA,0.93737173
8337,XYLT1,0.9764309
8338,GMNN,0.94520605
8339,TTI1,0.9541123
8340,TNS3,0.9761771
8341,ATG101,0.9033
8342,TMEM209,0.95792973
8343,RAET1L,0.865844
8344,LURAP1L,0.89405495
8345,HSPA14,0.9433352
8346,OTUB2,0.88798416
8347,RBP7,0.9756429
8348,ZNF22,0.96203923
8349,CDT1,0.9817589
8350,LRR1,0.972336
8351,ERI1,0.96786094
8352,ESCO1,0.9783485
8353,ZSCAN18,0.98641884
8354,GAMT,0.95218694
8355,TTC13,0.9406072
8356,MBD5,0.97701484
8357,CD53,0.97649246
8358,SSX2IP,0.9506858
8359,TNFRSF19,0.940631
8360,EPB41L5,0.97976375
8361,PAQR6,0.9358894
8362,EXOC8,0.9409193
8363,FRY,0.9808974
8364,B4GALT5,0.9624848
8365,REC8,0.975874
8366,MRVI1,0.98172
8367,GPALPP1,0.95887715
8368,APH1B,0.9618641
8369,ZNF414,0.9459007
8370,SCLT1,0.980503
8371,WWC2,0.92205113
8372,SH2B3,0.97981966
8373,BAG4,0.9699006
8374,ZNF302,0.98157936
8375,VCPKMT,0.9685008
8376,TBC1D9,0.9653633
8377,CDK19,0.9365509
8378,GBP3,0.9539362
8379,PRPF40B,0.97826445
8380,ZDHHC1,0.95305365
8381,NFATC1,0.94123787
8382,MRM3,0.9533852
8383,ZNF662,0.86864626
8384,ZNF646,0.9655395
8385,FNDC1,0.9536487
8386,RAB40C,0.9177243
8387,KLHDC7B,0.86341643
8388,POP1,0.9248898
8389,LMTK3,0.95521206
8390,SETD6,0.8942544
8391,LRRC42,0.9489565
8392,TMEM185A,0.96622795
8393,PPWD1,0.9856685
8394,SRPX,0.9785116
8395,NSMCE2,0.9527358
8396,ARL16,0.9774033
8397,AKR1B15,0.9573232
8398,ANXA9,0.7170908
8399,SEMA6A,0.9572912
8400,SERF1B,0.9220198
8401,TGM3,0.93395615
8402,CD207,0.8287886
8403,DOHH,0.9493017
8404,DECR2,0.9124184
8405,SLC37A2,0.7533431
8406,ISCA2,0.9648634
8407,RPP14,0.95515436
8408,RIDA,0.9323505
8409,ESAM,0.97205204
8410,TPRN,0.94457984
8411,PAFAH1B3,0.9681407
8412,GSTM1,0.90404105
8413,PEAR1,0.9617907
8414,SERAC1,0.9655139
8415,SLC9A3R2,0.9771829
8416,RAB29,0.97556025
8417,DDX28,0.96830916
8418,R3HCC1L,0.9568103
8419,SPR,0.9466501
8420,ERCC6,0.9592372
8421,FAXDC2,0.91474044
8422,CMC1,0.9511466
8423,SMIM13,0.9735854
8424,PER2,0.9563974
8425,CDK2,0.9537788
8426,FKBP11,0.97480536
8427,EVA1C,0.92643607
8428,MAP4K3,0.97770077
8429,POLL,0.9745582
8430,ZBTB6,0.9810506
8431,KIF11,0.9400172
8432,FKBPL,0.9479528
8433,CSPP1,0.96128035
8434,NCAPG2,0.93998855
8435,KLF2,0.97057635
8436,IRX5,0.94169366
8437,FLYWCH2,0.9605226
8438,SAPCD2,0.9713727
8439,ZNF226,0.9346934
8440,RNF146,0.96928
8441,SLC16A9,0.9176898
8442,MEIS2,0.9719911
8443,PKP2,0.9636615
8444,P2RX4,0.9462267
8445,AURKA,0.9260498
8446,ICK,0.9666726
8447,CTU1,0.9548536
8448,EIF2D,0.9638676
8449,ADORA2B,0.96364504
8450,NHLRC3,0.9838594
8451,ZNF839,0.9634142
8452,RFK,0.9606984
8453,VRK1,0.9351617
8454,DDX20,0.9753905
8455,TJAP1,0.9832111
8456,RNASE6,0.97492224
8457,TBP,0.95129544
8458,TGS1,0.9210244
8459,ARRB1,0.97359586
8460,MOAP1,0.9590547
8461,PIDD1,0.91215676
8462,POLK,0.9555446
8463,FLT1,0.9643462
8464,MRPS31,0.9714796
8465,PREX1,0.95743203
8466,GEMIN6,0.96648586
8467,POLD4,0.93095696
8468,MC1R,0.92268974
8469,PTPN9,0.9666402
8470,CRYZL1,0.97023344
8471,CRB3,0.88463694
8472,CST7,0.94278014
8473,MAGEH1,0.98838496
8474,ARHGEF35,0.9482937
8475,NFATC3,0.9348734
8476,SLC43A1,0.94054765
8477,EZH1,0.9652607
8478,HIST1H2BD,0.9396477
8479,TCEAL3,0.9721398
8480,ORC5,0.9158712
8481,HILPDA,0.98354954
8482,ATPAF2,0.9622008
8483,UNC119B,0.9774765
8484,LRIF1,0.962225
8485,AGRN,0.92038083
8486,DUS3L,0.95244765
8487,ZBTB24,0.9305849
8488,FBN2,0.88712645
8489,LMF1,0.9637077
8490,RFFL,0.96549493
8491,TSPYL4,0.9667974
8492,CH507-513H4.4,0.94661707
8493,LRP6,0.9787961
8494,IL16,0.9773011
8495,KLHL28,0.9804376
8496,CASP10,0.9692491
8497,CIDEB,0.93075114
8498,ZNF407,0.96701676
8499,PCIF1,0.96489686
8500,INTS7,0.98015916
8501,PRMT3,0.9250253
8502,OXNAD1,0.9586538
8503,PEX1,0.96491563
8504,USP31,0.9600906
8505,NPAS2,0.9643802
8506,TMEM63A,0.94714963
8507,ST8SIA4,0.9838548
8508,MCTP2,0.96411127
8509,IPP,0.97528005
8510,TCF19,0.9745956
8511,VIPAS39,0.9537003
8512,ELOVL6,0.96407646
8513,SLC19A1,0.97529244
8514,LRP8,0.9505547
8515,LRFN3,0.962108
8516,GPR180,0.9602463
8517,PIK3R3,0.98608226
8518,APOOL,0.9533919
8519,ZBTB41,0.966553
8520,MED7,0.94070464
8521,NSMCE3,0.97796017
8522,SH2D5,0.9214889
8523,LAMA2,0.9877167
8524,GCAT,0.9547896
8525,LRRC16A,0.9429183
8526,CHST12,0.9758344
8527,C1orf131,0.96190476
8528,CDKAL1,0.9750815
8529,CRY2,0.9639255
8530,TBK1,0.9769504
8531,ABHD10,0.98139405
8532,FLI1,0.9793187
8533,KAT14,0.9588667
8534,DENND3,0.9474694
8535,DCK,0.9676405
8536,TMEM243,0.98700404
8537,KIAA1143,0.96792746
8538,EDEM2,0.979628
8539,METTL14,0.96744347
8540,COX18,0.9852253
8541,HSD11B1L,0.9455433
8542,CACFD1,0.97770023
8543,EXOSC5,0.9276013
8544,TRIT1,0.9769929
8545,INTS12,0.94801015
8546,AFAP1L1,0.9785697
8547,TMEM251,0.9395277
8548,CEP44,0.9622872
8549,CEP131,0.9725671
8550,SPAG5,0.96424437
8551,FNBP1L,0.9781973
8552,SEZ6L2,0.94909203
8553,SNX30,0.9606986
8554,LARGE1,0.9714978
8555,CDK5R1,0.9445455
8556,GTF2B,0.95923513
8557,FAM175B,0.957356
8558,ZNF574,0.87699866
8559,TBC1D3C,0.90921384
8560,DHTKD1,0.98343295
8561,INPP4A,0.98105377
8562,TRAF5,0.97978234
8563,PGBD5,0.83546144
8564,SDE2,0.96657205
8565,DTD2,0.9141814
8566,UVSSA,0.9782638
8567,TMPRSS11E,0.87944794
8568,TOMM40L,0.964795
8569,PCID2,0.9546031
8570,MBIP,0.95363307
8571,FAM92A1,0.96759385
8572,KIAA0895L,0.9649166
8573,RNASEH2A,0.97792304
8574,MAP2K5,0.9715675
8575,GEMIN5,0.9653868
8576,SP2,0.96101105
8577,ZNF143,0.95666564
8578,NATD1,0.96838087
8579,ATG4A,0.9708437
8580,DCUN1D2,0.95772177
8581,CYB5D2,0.9637731
8582,TMEM192,0.9438586
8583,BICDL1,0.9609155
8584,HINFP,0.9452055
8585,SLC25A4,0.97367287
8586,MTHFSD,0.95023876
8587,FUT3,0.7871986
8588,A4GALT,0.9510439
8589,KNTC1,0.95722204
8590,EIF4ENIF1,0.9868482
8591,PLAC9,0.98629683
8592,GTPBP3,0.9498181
8593,RAB11FIP2,0.94270504
8594,ZNF318,0.9855545
8595,BANP,0.96191865
8596,PCSK9,0.8057493
8597,ZNF639,0.9701739
8598,MMP12,0.95096195
8599,GNAL,0.95352554
8600,DOCK11,0.9606311
8601,HIP1,0.9810675
8602,PHF12,0.9776853
8603,XPC,0.9883141
8604,ITGB3BP,0.95897543
8605,ESPN,0.9109636
8606,UTP20,0.962871
8607,PIK3R4,0.9641905
8608,CLCN5,0.97393644
8609,GPR137,0.95348436
8610,ATG16L1,0.90095395
8611,TRMT13,0.9344398
8612,ZNF587,0.9545752
8613,MARCH8,0.97104555
8614,SLC9A9,0.952272
8615,TINAGL1,0.9849978
8616,GPATCH3,0.97585005
8617,SLC9A8,0.98070145
8618,AP3M2,0.9770998
8619,POLR3B,0.977339
8620,ZNF436,0.96415
8621,NTM,0.98371035
8622,MB21D2,0.9533605
8623,PSD3,0.9798205
8624,ZNF329,0.94308656
8625,TIGD5,0.9717418
8626,CCHCR1,0.95119107
8627,EEFSEC,0.94967747
8628,ZNF576,0.975313
8629,ENPP2,0.9789643
8630,LRP5,0.9561117
8631,POMT2,0.96832514
8632,AGR2,0.9286175
8633,PORCN,0.96306
8634,CPT2,0.9587047
8635,NR2C1,0.9735035
8636,RBAK,0.96007895
8637,ELF4,0.9815117
8638,ST7,0.9715629
8639,TCHH,0.8259496
8640,RPP25L,0.90932256
8641,CCDC51,0.9363162
8642,FAM127C,0.9555083
8643,COL14A1,0.9889788
8644,POLR2M,0.9711138
8645,HSF1,0.94921196
8646,ARHGAP25,0.9683103
8647,ARAP3,0.94040495
8648,CFHR1,0.99003834
8649,MOB3C,0.9770046
8650,SDK1,0.9795385
8651,SMYD5,0.9158238
8652,HIVEP3,0.9769272
8653,RNF123,0.96399933
8654,KIF1BP,0.9844041
8655,RASA3,0.96895623
8656,SERF1A,0.910882
8657,FAM179B,0.9582397
8658,ADGRA3,0.9689025
8659,PODNL1,0.95759845
8660,TNFSF13B,0.9938908
8661,LIMS2,0.98716277
8662,CCNYL1,0.9404183
8663,THAP3,0.9739318
8664,FGD3,0.96246296
8665,STARD4,0.93975896
8666,C2,0.97447807
8667,ETFDH,0.9209291
8668,SAAL1,0.97477967
8669,SNRNP25,0.9243586
8670,NR1H3,0.9427969
8671,TULP3,0.9745278
8672,ETV5,0.97817886
8673,NFKBIB,0.9829622
8674,KCNC4,0.9447711
8675,BCL2L12,0.9625048
8676,KCTD17,0.9527583
8677,RP11-161H23.5,0.9593379
8678,RAB2B,0.9340398
8679,VASH1,0.96577126
8680,CHKB,0.9398114
8681,TTC7B,0.9596281
8682,C12orf56,0.9497846
8683,HAUS5,0.9369086
8684,UIMC1,0.94651735
8685,NCDN,0.9037178
8686,STOML1,0.9582136
8687,BAMBI,0.9133567
8688,SOX18,0.9821151
8689,STARD13,0.95452386
8690,EFHC1,0.98810583
8691,FEZ1,0.9420828
8692,LRRC40,0.96241444
8693,METTL12,0.9369057
8694,TTF2,0.9845819
8695,PLEK,0.96783084
8696,CERS2,0.97595376
8697,IFT43,0.9621694
8698,INSIG2,0.96387964
8699,ADA,0.9632284
8700,MRPS17,0.9641107
8701,FAM160A2,0.94380456
8702,TMEM98,0.95389426
8703,DCAF1,0.97676754
8704,SLC12A7,0.9645282
8705,DBF4,0.94660056
8706,TCAIM,0.9166253
8707,C8orf58,0.9644018
8708,ANKS3,0.9691252
8709,ADCK4,0.9589187
8710,ANKMY2,0.9854217
8711,ACP7,0.9189947
8712,MTRNR2L3,0.95880985
8713,TP73,0.9025203
8714,ZNF445,0.9482607
8715,MAOA,0.91320163
8716,ZNF354A,0.97651845
8717,C9orf91,0.97548866
8718,MMP19,0.98638695
8719,BCOR,0.9623022
8720,SFT2D3,0.9456307
8721,MFSD3,0.9637902
8722,COQ3,0.93604225
8723,ZNF480,0.980896
8724,TRRAP,0.96498054
8725,TPPP3,0.9264047
8726,B3GLCT,0.9720026
8727,LRIG1,0.9771044
8728,SHPRH,0.9797695
8729,MORN2,0.95278394
8730,KIF3A,0.96403205
8731,MPP6,0.9784383
8732,STS,0.95413613
8733,BDH2,0.9870085
8734,SENP1,0.9785907
8735,SH2D4A,0.920845
8736,FAS,0.9597365
8737,TFB2M,0.89076793
8738,DGKD,0.9811211
8739,PSORS1C2,0.8706777
8740,CD302,0.9777113
8741,TMEM68,0.953175
8742,PHF6,0.9736213
8743,CBY1,0.9752107
8744,RIOK2,0.94042325
8745,GPR176,0.96889806
8746,MME,0.9864888
8747,MEN1,0.9625726
8748,CPXM1,0.93497956
8749,CMPK2,0.9533724
8750,LRRC8B,0.89378375
8751,IGSF10,0.9455771
8752,ZWINT,0.9502011
8753,APOBEC3G,0.9584321
8754,POLM,0.9526659
8755,TUBG2,0.970053
8756,ZCCHC24,0.9749008
8757,LPIN2,0.97399837
8758,FAM168A,0.98105484
8759,SNUPN,0.9526369
8760,POLR1C,0.9598594
8761,SCNN1D,0.97796655
8762,NKD2,0.95828307
8763,FPGT,0.9528894
8764,ADRB2,0.94385463
8765,WDR62,0.9561152
8766,RHNO1,0.93579644
8767,STX2,0.98246497
8768,OSGIN2,0.96948344
8769,NDN,0.96218437
8770,PCTP,0.9527935
8771,CPNE2,0.9553443
8772,RGS19,0.9642728
8773,RAB23,0.98416996
8774,IKZF3,0.96382815
8775,ZRSR2,0.9487602
8776,BRPF1,0.94333535
8777,WDR70,0.9734229
8778,CXCR4,0.9686268
8779,AURKB,0.94419545
8780,NOL12,0.89730626
8781,HDAC10,0.94051856
8782,PTN,0.94356525
8783,SETDB1,0.9791584
8784,TFPT,0.98401386
8785,RPP25,0.97221524
8786,PDZD2,0.91834325
8787,MLLT3,0.97815937
8788,SMOX,0.92135304
8789,DIABLO,0.873138
8790,HS3ST3A1,0.88928497
8791,KIAA0753,0.9298332
8792,HSPA13,0.9810217
8793,NFYA,0.97994846
8794,SVBP,0.9557281
8795,TBC1D22B,0.9768354
8796,KYNU,0.9676756
8797,ITPR1,0.9739993
8798,ARV1,0.9533212
8799,NDUFAF4,0.9435936
8800,PLXNA3,0.9767923
8801,SLC41A3,0.94589114
8802,FAM188A,0.950234
8803,RCHY1,0.9738522
8804,CWF19L1,0.9784432
8805,ANKRD16,0.97437835
8806,HYI,0.9827485
8807,PPAT,0.94018525
8808,ANKRD31,0.90863794
8809,HMCN1,0.9825974
8810,OTUD3,0.96094173
8811,NEB,0.77410954
8812,IFFO1,0.96973443
8813,NVL,0.9794775
8814,TRIM37,0.9633784
8815,SLC41A1,0.9419059
8816,TBKBP1,0.9804281
8817,THG1L,0.9618506
8818,AAMDC,0.9738849
8819,TRIM35,0.9625902
8820,DNASE1,0.96897364
8821,NAGPA,0.9551131
8822,PKD2,0.9514879
8823,NID2,0.97581375
8824,TTF1,0.97208464
8825,SCFD2,0.9628257
8826,DAPK1,0.94958377
8827,B4GALT4,0.91545624
8828,GPAT3,0.88003385
8829,CCDC127,0.95890546
8830,ACYP2,0.9760553
8831,CACNB3,0.882153
8832,ZBTB37,0.9650572
8833,COPS7B,0.9768265
8834,FITM2,0.9598809
8835,OSBP2,0.9412672
8836,SLFN11,0.987326
8837,CNEP1R1,0.9544773
8838,FANCD2,0.94768655
8839,SETD1B,0.984384
8840,GIMAP4,0.9774644
8841,LZTFL1,0.9602872
8842,MLH3,0.9689416
8843,HACL1,0.97640264
8844,WARS2,0.96969634
8845,TRIM39,0.9784934
8846,DUSP18,0.96171135
8847,ARSI,0.8829901
8848,KRIT1,0.9722533
8849,NUDCD1,0.98355067
8850,CCDC73,0.88129365
8851,ADAM23,0.9083169
8852,FERMT2,0.98482907
8853,XKRX,0.9019682
8854,ENOX2,0.9731946
8855,C5orf22,0.9339542
8856,CHIC2,0.94528383
8857,SLC35A1,0.97352666
8858,SDR42E1,0.95858186
8859,UHRF1BP1L,0.9726528
8860,RAB3IP,0.9552158
8861,TANGO6,0.98114914
8862,COMMD10,0.92578864
8863,AP4S1,0.9512588
8864,MARVELD3,0.9722417
8865,APOLD1,0.9796346
8866,TMEM5,0.95498765
8867,NRF1,0.975972
8868,CTAGE5,0.9525046
8869,TNFRSF18,0.95909923
8870,RASSF8,0.9586708
8871,FGFR1OP,0.9578308
8872,GFER,0.9695233
8873,SYNGR1,0.95230794
8874,MIS12,0.9659326
8875,LRRC75B,0.9545611
8876,NR2C2AP,0.97221804
8877,DNASE1L2,0.9099673
8878,ZNF324,0.939132
8879,ANKS6,0.95148486
8880,NFATC2,0.98978865
8881,DONSON,0.96413213
8882,IGHMBP2,0.92371404
8883,PI15,0.99045056
8884,SLC25A22,0.95854586
8885,DCAF4,0.9556026
8886,PLXNC1,0.9653025
8887,MOSPD2,0.9754899
8888,VPS37B,0.93410975
8889,PRKX,0.9690826
8890,SOCS2,0.9644088
8891,KNSTRN,0.9790991
8892,TTC23,0.9749402
8893,PLEKHG1,0.98064274
8894,FBXL4,0.9626557
8895,UTY,0.9462123
8896,GPX8,0.98256797
8897,CTC1,0.9692945
8898,ZNF319,0.95751613
8899,PXK,0.97205746
8900,PPCDC,0.92392737
8901,RIPK3,0.92436975
8902,EIF4E3,0.9861491
8903,MCF2L,0.97263193
8904,C15orf41,0.96991694
8905,UTP14C,0.97049826
8906,STOX2,0.981782
8907,ZNF618,0.9809841
8908,LCK,0.9585976
8909,SETDB2,0.97439003
8910,LMTK2,0.9252214
8911,PRKAG2,0.96906304
8912,POU2AF1,0.9417584
8913,HMBOX1,0.9712083
8914,ZNF587B,0.92676604
8915,CACNB4,0.9316293
8916,FLCN,0.9593318
8917,CCDC174,0.97340727
8918,SLC22A3,0.8678097
8919,TAF8,0.98530805
8920,GUCY1A3,0.98285025
8921,NKPD1,0.9087444
8922,DPH7,0.97327155
8923,MARCH3,0.97228026
8924,PMAIP1,0.96352655
8925,CYGB,0.9381698
8926,CHPT1,0.9704823
8927,CNST,0.98240393
8928,KPTN,0.96329826
8929,TYW1,0.9574843
8930,RCE1,0.9833352
8931,PLEKHG4,0.9227137
8932,ERI2,0.9635652
8933,GPN3,0.9673656
8934,GK,0.97886926
8935,MSRA,0.98380727
8936,RASAL3,0.96958005
8937,SLC12A8,0.9297636
8938,ERCC6L2,0.9458006
8939,TMED8,0.97944844
8940,ST3GAL4,0.98409903
8941,TRMT61B,0.96850896
8942,ZFP90,0.9408771
8943,SH3RF1,0.9666419
8944,NDUFAF5,0.9747421
8945,MED9,0.9705893
8946,RPTOR,0.9719683
8947,WRB,0.9673038
8948,MCM2,0.93480784
8949,NUMBL,0.9666961
8950,C5orf46,0.9468476
8951,BET1,0.96860707
8952,SUSD4,0.9393415
8953,CNTLN,0.9766064
8954,MFAP3L,0.9541266
8955,ARL14EP,0.97355336
8956,HAUS3,0.96544194
8957,SPRTN,0.95633775
8958,NOA1,0.9790069
8959,GTPBP8,0.9546063
8960,SPRY4,0.97586626
8961,RABGEF1,0.953434
8962,CACNA1A,0.97162586
8963,SLC16A2,0.8633184
8964,KIAA0040,0.97364026
8965,RTN2,0.97438645
8966,CLIC2,0.981292
8967,PLCB1,0.9658389
8968,ZNF641,0.98512584
8969,C3orf58,0.95883757
8970,SFXN5,0.9301244
8971,ADTRP,0.9272151
8972,MED11,0.9675387
8973,LMBRD2,0.9527741
8974,PTPRB,0.9833942
8975,CCL13,0.9743691
8976,LAMC3,0.91098356
8977,CHMP4C,0.94337195
8978,SAYSD1,0.96577555
8979,LIG1,0.9516331
8980,C12orf43,0.9727017
8981,AC025335.1,0.9344151
8982,MBNL3,0.96718246
8983,BLOC1S5,0.9752975
8984,FCGR2B,0.9829207
8985,RWDD2B,0.945611
8986,DYRK4,0.96503186
8987,PFKM,0.9481904
8988,RAPGEF4,0.9420304
8989,PLAGL2,0.958425
8990,TBC1D10C,0.9416285
8991,HOXD8,0.90767765
8992,ABHD3,0.9744914
8993,SLC25A38,0.9569428
8994,SUFU,0.9585657
8995,TTLL3,0.9773969
8996,DOK3,0.9845125
8997,HJURP,0.91282237
8998,TSPYL2,0.959963
8999,ZNF526,0.912086
9000,EPC2,0.94460607
9001,POLD3,0.97724247
9002,GOLPH3L,0.9351234
9003,ENDOV,0.9197111
9004,VEGFC,0.8794814
9005,C9orf85,0.96377534
9006,SPIN4,0.8874224
9007,PATZ1,0.9751637
9008,CUTC,0.96914303
9009,NAIP,0.963318
9010,MBTD1,0.9650918
9011,REL,0.9807573
9012,MLPH,0.9759805
9013,RNF113A,0.95480084
9014,TCFL5,0.9828688
9015,PIGA,0.9440182
9016,PALD1,0.9784921
9017,TSTD2,0.9638452
9018,INTS9,0.976
9019,JAZF1,0.97582155
9020,SMIM5,0.91828823
9021,ETV7,0.9548644
9022,ZNF780A,0.969247
9023,SNAPC1,0.9603163
9024,ARHGEF17,0.991227
9025,NAT6,0.9340696
9026,GAB2,0.9797168
9027,UNC93A,0.94708323
9028,TTC28,0.975121
9029,ACOT11,0.9453099
9030,NUP35,0.97993314
9031,AMBRA1,0.9651528
9032,ZNF747,0.9488694
9033,FAM122A,0.97509485
9034,FAN1,0.94605786
9035,CEP152,0.9407155
9036,MIEF2,0.9445602
9037,SYNE3,0.95954216
9038,CLCN7,0.9593826
9039,TRIM21,0.9700993
9040,ELMO1,0.9733636
9041,RFX2,0.94266564
9042,METTL10,0.9295752
9043,ZNF44,0.9773768
9044,MANBA,0.97670704
9045,CYYR1,0.97903615
9046,DIEXF,0.97362566
9047,NUDT18,0.9105979
9048,GALNT7,0.9693361
9049,CDC14B,0.9826345
9050,MPHOSPH9,0.9524436
9051,PRADC1,0.945792
9052,APBA3,0.9630928
9053,ACKR4,0.97372395
9054,AMY1A,0.89496887
9055,BRCA1,0.93519336
9056,RAB24,0.9357018
9057,XKR8,0.9538384
9058,GTPBP10,0.97737557
9059,RHOJ,0.962533
9060,COG1,0.9588919
9061,TMEM104,0.9649497
9062,HENMT1,0.9721031
9063,STK26,0.9511254
9064,NPL,0.98808026
9065,CD84,0.96438676
9066,PCYOX1L,0.9704924
9067,FUT1,0.9284813
9068,TCTEX1D2,0.9175443
9069,FLVCR2,0.96159154
9070,PDE4D,0.96439475
9071,NIF3L1,0.9472199
9072,SPOCK2,0.94354093
9073,FMNL1,0.9706332
9074,IKZF5,0.96559393
9075,SOX6,0.9089704
9076,SFI1,0.96235
9077,MMS22L,0.96568507
9078,GBP5,0.9778039
9079,BTN2A1,0.9623646
9080,C1GALT1C1,0.9722659
9081,CDC42EP5,0.97393864
9082,CEP120,0.98137474
9083,ATF7,0.95832175
9084,CNTNAP3B,0.9783039
9085,TCP11L1,0.9624286
9086,REEP6,0.93770903
9087,CASP6,0.98023725
9088,C16orf45,0.9817965
9089,RBM41,0.9391996
9090,S1PR2,0.986979
9091,PPM1L,0.97237134
9092,ZFYVE28,0.93449384
9093,NOTCH4,0.9351101
9094,GCA,0.9791898
9095,PDIA5,0.94657165
9096,KIAA0586,0.95644784
9097,MMP13,0.91432285
9098,MYOM3,0.92786795
9099,NSL1,0.96206653
9100,RPIA,0.9681026
9101,VPS51,0.88466465
9102,LDOC1,0.96950334
9103,PHYH,0.97292876
9104,CDCA7L,0.9631775
9105,HS3ST3B1,0.9729183
9106,PTGER3,0.8731809
9107,ABCC10,0.96735716
9108,QSOX2,0.97075164
9109,ZBTB45,0.96124804
9110,GZF1,0.98413724
9111,WDR53,0.943418
9112,RAP1GAP2,0.9737042
9113,TGM5,0.8935018
9114,MFSD8,0.9564865
9115,TBPL1,0.9779805
9116,TRAF1,0.9779654
9117,SETD4,0.98356575
9118,DARS2,0.9683804
9119,TENM4,0.97269726
9120,ALDH3B1,0.9711252
9121,SEMA3B,0.7230576
9122,PCDH18,0.9780098
9123,USE1,0.9604247
9124,FANCE,0.94076335
9125,GCNT4,0.9357803
9126,ABHD18,0.9549146
9127,ZNF865,0.95844644
9128,FAM98C,0.96985525
9129,C2orf49,0.95988727
9130,THAP12,0.9719823
9131,DPP4,0.9740181
9132,TRMT12,0.9727515
9133,PNPT1,0.95418406
9134,DUSP12,0.94778556
9135,ZC2HC1A,0.95155716
9136,PGS1,0.95391655
9137,HMGN5,0.93834585
9138,ARHGEF9,0.9824813
9139,RBM15,0.9754931
9140,ATP11C,0.9814207
9141,ZNF101,0.98112744
9142,SLC22A5,0.9687621
9143,IFI27L1,0.92372274
9144,FAM118B,0.97533345
9145,C2CD5,0.96519506
9146,PLEKHA4,0.980919
9147,TCEAL1,0.94311917
9148,PTCD2,0.97166115
9149,RASGRP3,0.97427684
9150,ARHGAP9,0.97587246
9151,ARMC7,0.97139454
9152,SNTA1,0.9432898
9153,TCEA2,0.9556732
9154,INPP5E,0.9783538
9155,GSTM4,0.9849296
9156,CKS1B,0.93465585
9157,UGGT2,0.98590183
9158,MCTP1,0.9670739
9159,ARVCF,0.9639276
9160,TUBGCP3,0.9662488
9161,C14orf169,0.9576842
9162,EHHADH,0.8961628
9163,DOPEY1,0.9457376
9164,SLC1A3,0.9763133
9165,UHRF1BP1,0.9725825
9166,MTHFS,0.97364247
9167,PEX6,0.84356153
9168,TTC9C,0.97981703
9169,MED31,0.96115553
9170,PTPN7,0.94998336
9171,SLA,0.9571611
9172,GPKOW,0.9651681
9173,ZNF704,0.97307473
9174,RGPD1,0.9756129
9175,TIPIN,0.9303738
9176,PIGL,0.94616616
9177,DYNC2LI1,0.96360904
9178,TATDN3,0.96867454
9179,MPV17L2,0.9112651
9180,FPR3,0.94918036
9181,FASTKD5,0.9139675
9182,CCSAP,0.96801424
9183,RCBTB1,0.9759174
9184,PDCL3,0.9417406
9185,RNF214,0.97678745
9186,TRIM59,0.96990985
9187,ACSBG1,0.9494465
9188,IFT172,0.9502545
9189,PRIM2,0.96148854
9190,THRB,0.9402825
9191,NAPEPLD,0.9694449
9192,LILRB5,0.9772592
9193,HSD17B2,0.9424747
9194,SENP7,0.94552946
9195,FAM13A,0.9880257
9196,PLLP,0.942624
9197,RILPL2,0.9739615
9198,ITGAL,0.9752645
9199,DMD,0.98814046
9200,MLYCD,0.95699245
9201,UAP1L1,0.97654337
9202,SLAMF8,0.9818044
9203,RELL2,0.96296614
9204,KCTD21,0.977179
9205,GMEB2,0.9668539
9206,CBX7,0.9280351
9207,PLSCR4,0.98898005
9208,ACOT2,0.9775915
9209,RAB33B,0.96774405
9210,DCLRE1C,0.94575036
9211,CRTC1,0.9625697
9212,CDYL2,0.970135
9213,IL2RB,0.9748622
9214,GATM,0.82725185
9215,PXMP2,0.95911926
9216,CHM,0.9710514
9217,FANCA,0.95723903
9218,SCCPDH,0.96939254
9219,CEP41,0.9724697
9220,KLHL17,0.94101137
9221,MTM1,0.9575822
9222,WRAP53,0.95867103
9223,APBB1,0.982247
9224,ZNF430,0.8924639
9225,ABCB10,0.9539141
9226,CCPG1,0.97704595
9227,METTL22,0.9404167
9228,SMIM20,0.9196964
9229,FOXRED1,0.93592554
9230,MAGI3,0.9593848
9231,TMEM177,0.9497555
9232,IQCB1,0.96708417
9233,RRAGD,0.98226196
9234,POLI,0.9834405
9235,LDLRAD4,0.9560128
9236,DPH5,0.9600452
9237,APBB3,0.88533264
9238,ZNF778,0.9640044
9239,WTH3DI,0.9119692
9240,EFL1,0.96571505
9241,RHOBTB3,0.98298496
9242,KCTD18,0.9588543
9243,CHUK,0.94668245
9244,PRDX2,0.82248664
9245,LINC00094,0.9119501
9246,HUS1,0.9400661
9247,BUD13,0.98060054
9248,MAML3,0.9493639
9249,TRIM23,0.97412664
9250,FAM149B1,0.971726
9251,PDSS2,0.9784678
9252,BIK,0.97694516
9253,TRNT1,0.9604187
9254,ZNF134,0.9761346
9255,ZNF197,0.9579659
9256,PIGO,0.9457404
9257,ABHD11,0.9661461
9258,TOP3A,0.9702162
9259,CDC42BPG,0.9037041
9260,KBTBD4,0.9746642
9261,C2orf82,0.9824843
9262,WDHD1,0.9731034
9263,FAM63A,0.9129446
9264,PHF13,0.96873474
9265,CRELD1,0.95654565
9266,LMO2,0.96339893
9267,TMC8,0.9578031
9268,CHEK1,0.9665342
9269,ZNF600,0.950496
9270,WDR90,0.97019595
9271,ZNF814,0.96987194
9272,CRYZ,0.91948354
9273,TGM2,0.9840883
9274,PIGP,0.9567941
9275,CCDC112,0.9401789
9276,PPP1R3D,0.9306731
9277,UNKL,0.98840547
9278,KBTBD11,0.9681496
9279,MMRN1,0.95956606
9280,ABLIM2,0.9312819
9281,PTPRJ,0.9854483
9282,ICAM2,0.9590969
9283,HEATR5A,0.9475271
9284,ZNF493,0.9756866
9285,GTF2E1,0.9700949
9286,SLC9A7,0.98098683
9287,ZNF502,0.9081624
9288,USP37,0.98239607
9289,ZNF260,0.94204706
9290,TRPC6,0.96878475
9291,HDAC8,0.9701113
9292,TCF7L1,0.98188317
9293,THNSL2,0.97258383
9294,ARHGAP22,0.9766564
9295,LRRC20,0.9611586
9296,TSPAN10,0.90792626
9297,CALHM2,0.9752216
9298,TIMM8A,0.92809796
9299,DYSF,0.95821965
9300,LILRB2,0.97032434
9301,RSPH3,0.93382996
9302,ZNF236,0.96900505
9303,PHF8,0.9803139
9304,TCIRG1,0.9744303
9305,TBCE,0.9293477
9306,EN1,0.9840343
9307,EDRF1,0.97883195
9308,FZD7,0.96908283
9309,NCF4,0.9865259
9310,TECPR2,0.97625
9311,SPRED2,0.9607925
9312,KDM4C,0.9774429
9313,TGIF2,0.97813356
9314,TMEM47,0.97277445
9315,FECH,0.93051076
9316,TRMO,0.9708073
9317,FOXP2,0.96756494
9318,C6orf120,0.9367888
9319,DLK2,0.9095378
9320,HGH1,0.924081
9321,PPP1R16B,0.9858617
9322,WRAP73,0.96126723
9323,CKLF,0.96062994
9324,REEP1,0.93772465
9325,CMTM7,0.97494113
9326,LDB2,0.9875495
9327,TRIM32,0.9216426
9328,ZNF160,0.9725224
9329,GLTSCR1L,0.96859556
9330,RGPD2,0.9557705
9331,PIBF1,0.958635
9332,ACE,0.9531563
9333,CENPO,0.98866236
9334,FAM172A,0.97248495
9335,MT1G,0.88249016
9336,POLA2,0.9546991
9337,CSRNP2,0.9782507
9338,DCAF17,0.9649405
9339,TXLNG,0.9815636
9340,PARM1,0.96731377
9341,CROCC,0.9731899
9342,WDR7,0.9642661
9343,CREB3L1,0.98072696
9344,FASTKD1,0.88747156
9345,ACADSB,0.92335653
9346,LRRC57,0.96942633
9347,GLTSCR1,0.9738906
9348,HDDC3,0.88031393
9349,AMY1B,0.96908885
9350,KLF8,0.9599045
9351,ZNF496,0.9747171
9352,PPOX,0.9693938
9353,FZD5,0.8616267
9354,FGD4,0.9500695
9355,ETAA1,0.9557686
9356,SLA2,0.93430567
9357,SYNC,0.97634596
9358,WTIP,0.9793266
9359,PAPOLG,0.9713695
9360,DTL,0.975796
9361,FKTN,0.95279974
9362,SCMH1,0.95498455
9363,CYP20A1,0.9737559
9364,CHAMP1,0.95254314
9365,LARP6,0.97118056
9366,TCTN1,0.9694236
9367,HACD1,0.97666943
9368,ANKHD1,0.9682225
9369,NAT14,0.95342815
9370,MSH3,0.9461671
9371,PGM2L1,0.97025615
9372,C14orf80,0.97474015
9373,SESTD1,0.97545564
9374,CTU2,0.9619753
9375,GDPD5,0.96575004
9376,SEPT4,0.9629145
9377,FAM167A,0.9558055
9378,ALDH5A1,0.8545719
9379,GADD45G,0.9735867
9380,GTSE1,0.94303983
9381,ABHD14A,0.9760445
9382,STK36,0.9721203
9383,GTF2H2,0.9476951
9384,IFT22,0.94584614
9385,SYNGAP1,0.96641874
9386,FGD2,0.96541697
9387,STEAP2,0.9690026
9388,ICA1,0.9622622
9389,TTC12,0.96504223
9390,SLC2A9,0.94513375
9391,CD27,0.95347387
9392,IRAK3,0.96848917
9393,GDAP2,0.96135825
9394,UVRAG,0.98361313
9395,AGK,0.9712231
9396,SHPK,0.9665084
9397,TMEM120B,0.9779195
9398,SVEP1,0.96844584
9399,TUBD1,0.9353628
9400,CPQ,0.9846353
9401,ROBO3,0.9829408
9402,MELK,0.93613666
9403,ABCC4,0.96893865
9404,ADCY9,0.9551009
9405,POTEE,0.92951673
9406,NEU3,0.96293235
9407,GLCE,0.9661308
9408,NDUFAF7,0.96306765
9409,NUFIP1,0.9660336
9410,PLEKHA8,0.940652
9411,MRPL53,0.93508846
9412,ELMOD3,0.9590252
9413,TLCD2,0.88145673
9414,LIX1L,0.97671473
9415,METTL15,0.92697674
9416,CH507-513H4.6,0.9366769
9417,ZBTB18,0.96864945
9418,ZNF700,0.9784242
9419,ASPHD2,0.97143173
9420,ZKSCAN8,0.9263159
9421,FAM26F,0.9806408
9422,PLEKHA7,0.93643016
9423,PDGFB,0.9775703
9424,TAPT1,0.9178192
9425,KIN,0.96784467
9426,RBM38,0.9775312
9427,GCSH,0.9755039
9428,ACAD10,0.9524819
9429,CYP27B1,0.92219776
9430,APOBEC3A,0.9368882
9431,TRAPPC9,0.9683672
9432,PLEKHH2,0.98043233
9433,HSPBAP1,0.9680933
9434,ALKBH6,0.9313926
9435,ZNF16,0.9291596
9436,HCFC2,0.9534108
9437,SYTL2,0.9734062
9438,KALRN,0.9705984
9439,OGG1,0.9623867
9440,ARG2,0.9668786
9441,NCF1,0.9699358
9442,KANSL2,0.9531557
9443,VHL,0.95287013
9444,CRAMP1,0.9619863
9445,LASP1,0.97087705
9446,MANEA,0.97116935
9447,CHST1,0.8334305
9448,RBBP5,0.97546756
9449,DLL1,0.9534158
9450,PITPNM2,0.9194565
9451,CABLES1,0.9567468
9452,ZNF142,0.9718336
9453,PAFAH2,0.9265509
9454,EMSY,0.97578156
9455,PARP11,0.9848523
9456,RGS4,0.9210854
9457,FAHD2A,0.983955
9458,PIGW,0.9602009
9459,ST7L,0.93324417
9460,CEP250,0.95764196
9461,GSAP,0.9780498
9462,QRSL1,0.97394127
9463,LRRK2,0.98248345
9464,CSTF2,0.94181126
9465,RAB28,0.96418726
9466,LIN54,0.973836
9467,DPYD,0.970781
9468,GXYLT1,0.9623727
9469,CCR1,0.96537304
9470,TOR2A,0.9703947
9471,FUT8,0.9853124
9472,PPT2,0.9763686
9473,TAB1,0.93381727
9474,XRRA1,0.91525155
9475,CYP4V2,0.97252655
9476,MEDAG,0.97602665
9477,SCARA5,0.9790927
9478,AOX1,0.9841742
9479,RPGR,0.96870863
9480,HEATR6,0.9459711
9481,NEK4,0.9690651
9482,ARHGEF6,0.9746265
9483,NLE1,0.93266726
9484,GMDS,0.9476956
9485,GLIS2,0.97439617
9486,C6orf203,0.944162
9487,TMEM60,0.9713639
9488,MTRNR2L12,0.916723
9489,ZNF506,0.87751436
9490,STXBP4,0.9292587
9491,UPK3BL,0.9106807
9492,DCLK1,0.97386146
9493,BBS2,0.9653543
9494,UBE2L5P,0.9465066
9495,ZNF254,0.95232266
9496,MOSPD3,0.9587991
9497,PLPP6,0.94209737
9498,MYPOP,0.9505596
9499,ZNF589,0.95701706
9500,HOXD10,0.9508319
9501,COLEC12,0.96930176
9502,CYP1B1,0.95275575
9503,TLE2,0.9712947
9504,MTERF3,0.96229506
9505,TTC38,0.98268664
9506,NKRF,0.96876
9507,TMEM44,0.96028256
9508,YEATS4,0.9599038
9509,MMP28,0.96192265
9510,SSPN,0.97941846
9511,CXorf56,0.93281686
9512,POC1B,0.95926815
9513,POLA1,0.9694235
9514,C9orf40,0.9329764
9515,BRF2,0.95233655
9516,DHRS11,0.9560357
9517,IVD,0.9769703
9518,IMPA1,0.95429105
9519,SNRNP48,0.98289514
9520,ADGRL3,0.93195474
9521,SPDL1,0.9623219
9522,CD164L2,0.90042025
9523,ZNF469,0.9745592
9524,SLC2A5,0.95439243
9525,ACSS1,0.9545747
9526,FAIM,0.96208805
9527,MFSD4B,0.88321835
9528,CYTIP,0.97060484
9529,SGTB,0.9782615
9530,RABL2B,0.9701201
9531,ANKRD37,0.93715733
9532,MFNG,0.97906804
9533,WAS,0.97159094
9534,AJAP1,0.9515863
9535,ZNF776,0.96335226
9536,SNED1,0.97599286
9537,ULBP2,0.9383101
9538,EDNRB,0.9901142
9539,CPNE5,0.9503482
9540,IL18BP,0.9801908
9541,HLCS,0.93973804
9542,TRIM5,0.9859365
9543,LYPD2,0.9490472
9544,CXCL11,0.96260333
9545,BCL6B,0.96583974
9546,BOLA1,0.9801584
9547,ANGEL1,0.98179215
9548,DNMT3B,0.9425864
9549,FBXO44,0.91502607
9550,FOXQ1,0.9664271
9551,IQCA1,0.9623906
9552,PFAS,0.9567577
9553,FGD1,0.9661266
9554,SMYD3,0.98385423
9555,ENPEP,0.98266035
9556,ITGA11,0.95693636
9557,SLC16A10,0.9376316
9558,BICD1,0.98018813
9559,RIC8B,0.9707741
9560,TBXAS1,0.97357124
9561,JAK2,0.9673772
9562,ABI3,0.9535489
9563,LRP12,0.97184086
9564,EXOC6,0.9377087
9565,FBXO4,0.9650272
9566,GRIP1,0.93077725
9567,SELENBP1,0.97447467
9568,EIF5A2,0.9488115
9569,TMEM37,0.9427338
9570,PAN2,0.96322846
9571,LY75,0.9616935
9572,MB21D1,0.9300628
9573,TMEM200B,0.9756234
9574,SYNM,0.9824692
9575,ENKD1,0.9805293
9576,HAUS6,0.950293
9577,USP21,0.9677998
9578,SPATA5,0.95657325
9579,FGD5,0.9760233
9580,CSF2RA,0.9221064
9581,NFE2L3,0.94612056
9582,PMS1,0.9627468
9583,CHN1,0.96988946
9584,BCAR3,0.92333573
9585,CPEB3,0.9669989
9586,RELT,0.9627431
9587,MTMR3,0.983109
9588,FAM171A1,0.9694604
9589,C14orf79,0.9374804
9590,FBXO6,0.97233844
9591,NGEF,0.96591693
9592,NAV3,0.9573429
9593,FBXO8,0.92847764
9594,ADCK3,0.9650673
9595,PDE6D,0.96488726
9596,FUNDC1,0.9773398
9597,CCDC61,0.9624115
9598,DHX58,0.98443556
9599,ZMYM3,0.9309183
9600,GOLGA6L10,0.9397137
9601,KIF4A,0.9428341
9602,KANSL1L,0.968257
9603,PHB,0.96065325
9604,CDK8,0.9826677
9605,FAM109B,0.97651756
9606,TMEM80,0.9597959
9607,LDLRAD3,0.9615635
9608,SCN4B,0.88568854
9609,GNG2,0.98125386
9610,PABPC1L,0.955378
9611,TADA2A,0.94234705
9612,DLX5,0.8851874
9613,DNAH5,0.9044064
9614,C1orf109,0.9677888
9615,CASD1,0.91661274
9616,ZNF813,0.9577175
9617,CCDC28A,0.97876954
9618,ICA1L,0.96520287
9619,ABCC9,0.9717138
9620,COQ7,0.9793914
9621,TMEM184C,0.97136056
9622,TBCEL,0.9783637
9623,CPNE8,0.9856619
9624,KHDRBS3,0.9703868
9625,NOSTRIN,0.9655267
9626,RGPD3,0.9558175
9627,EXTL2,0.9573228
9628,IBA57,0.9613667
9629,CYP27C1,0.9712018
9630,EXD3,0.97821015
9631,SHROOM2,0.92441696
9632,GPRIN3,0.97908807
9633,GIMAP7,0.97105026
9634,ADAM19,0.9801994
9635,CXorf38,0.96296626
9636,FBXO2,0.8960493
9637,KIF2C,0.9781529
9638,EEF2KMT,0.94494396
9639,RPUSD2,0.97239333
9640,SLC16A6,0.9083263
9641,AGFG2,0.96409464
9642,BORCS8,0.9714129
9643,ANKRD13B,0.96701664
9644,SNAPC5,0.9693069
9645,DOCK2,0.9861263
9646,TRIM62,0.96377885
9647,GRTP1,0.9477793
9648,DNASE1L3,0.92335695
9649,ZNF331,0.9416236
9650,RBL1,0.9716948
9651,HIC2,0.94563687
9652,COX15,0.95889556
9653,FAM102B,0.96521354
9654,SIGLEC1,0.97512096
9655,TRMT1L,0.96373737
9656,IPMK,0.9677706
9657,KIAA0556,0.9519831
9658,IFT52,0.9804139
9659,ZNF107,0.9811451
9660,ZNF621,0.9737499
9661,IRF5,0.9629304
9662,CDK5,0.89326566
9663,FAM219A,0.9750135
9664,GPR1,0.95180464
9665,PRDM11,0.9652398
9666,E2F5,0.94946635
9667,C22orf46,0.974151
9668,TMCO4,0.9548105
9669,TRIM66,0.96235186
9670,USPL1,0.97861636
9671,CISH,0.9622232
9672,C15orf52,0.95886415
9673,MED20,0.95643187
9674,NRN1,0.9672922
9675,INPP5F,0.94426024
9676,GDF11,0.96026576
9677,THAP1,0.9650151
9678,FES,0.9407225
9679,MBTPS2,0.97912824
9680,NPRL2,0.96400887
9681,EPHB2,0.9486092
9682,CAPN10,0.96482396
9683,EHD3,0.9657026
9684,TRIM65,0.94982105
9685,CHRNB1,0.92251927
9686,ZNF830,0.9708547
9687,MOK,0.9487439
9688,COPG2,0.98018914
9689,USP43,0.8892195
9690,BNIP1,0.9723217
9691,C16orf87,0.9770716
9692,KIAA1456,0.95395935
9693,STC2,0.9668735
9694,MAN1C1,0.97597885
9695,KNOP1,0.9732687
9696,ADGRF1,0.9392853
9697,DOCK10,0.9672903
9698,TDP1,0.95716935
9699,GINS2,0.8875034
9700,TDRP,0.9758607
9701,PTPRM,0.9711065
9702,GRAP,0.9724649
9703,CEP162,0.9597375
9704,E2F1,0.9692652
9705,GPRIN1,0.89653367
9706,RPAP1,0.97102535
9707,TUBB3,0.8840815
9708,OCRL,0.9691982
9709,TBX3,0.9811578
9710,PIGV,0.9591122
9711,NUBPL,0.8795353
9712,DBR1,0.9822006
9713,FAM175A,0.9394635
9714,CDK14,0.96938956
9715,RGMA,0.9508906
9716,ARHGAP40,0.84958416
9717,KPNA2,0.92730033
9718,HS3ST1,0.95124215
9719,AQP9,0.9358081
9720,PLA2G16,0.9684945
9721,SRPX2,0.94160277
9722,MEMO1,0.9657783
9723,SH3BGRL2,0.96047056
9724,DSN1,0.9775987
9725,HELQ,0.956293
9726,FBXO34,0.9587656
9727,TROAP,0.9587991
9728,AASDH,0.94578934
9729,ATG4C,0.9778073
9730,SPIRE1,0.97176826
9731,SHC2,0.97134405
9732,CDCA3,0.97837794
9733,BIN2,0.98159415
9734,PPP1R2P3,0.9659755
9735,SHROOM3,0.98096573
9736,GTF2H2C,0.97645205
9737,CLMN,0.9702106
9738,RUNX1T1,0.9776627
9739,TMEM267,0.95476776
9740,EIF2AK3,0.97677004
9741,PCDH12,0.94451654
9742,WWOX,0.9494887
9743,FCRL5,0.9425919
9744,GIMAP1,0.9620769
9745,PDE4B,0.9750768
9746,SYNJ1,0.9644236
9747,C18orf32,0.9592019
9748,RFC3,0.96607995
9749,BMT2,0.94271207
9750,ZBTB42,0.8962503
9751,TMEM55A,0.9676955
9752,CASC5,0.97218686
9753,DNAJC25,0.9713899
9754,GNPDA2,0.92536664
9755,LYSMD2,0.9648879
9756,COX10,0.94599116
9757,GINS1,0.97052234
9758,CEP83,0.9643617
9759,HSD17B7,0.96297765
9760,HIRIP3,0.97701514
9761,LPCAT4,0.9649888
9762,ZNF789,0.9722648
9763,C17orf80,0.94399214
9764,MCEE,0.9647862
9765,PLA2G4A,0.9319634
9766,AIFM2,0.96650475
9767,GIMAP6,0.9753802
9768,ZFP62,0.96101755
9769,CALML3-AS1,0.9205959
9770,FAM49A,0.9610716
9771,ZNF500,0.97016406
9772,SPA17,0.9789499
9773,CHAF1B,0.9662244
9774,RGS1,0.9744662
9775,ZNF200,0.9771791
9776,ZNF558,0.9745655
9777,ITIH5,0.98412186
9778,AXIN2,0.97714347
9779,CD86,0.95967436
9780,TRPM2,0.93593425
9781,FOXO4,0.94961035
9782,CES4A,0.9230941
9783,GNB1L,0.9827395
9784,SGK3,0.96815616
9785,MIPOL1,0.9082101
9786,PPM1K,0.97983813
9787,TADA1,0.97370213
9788,PSEN2,0.9603494
9789,TRAF3IP1,0.966656
9790,ABI3BP,0.9849274
9791,CDC6,0.91080785
9792,KIF26B,0.96458054
9793,SUSD2,0.97799057
9794,TMEM186,0.9364559
9795,EEF1G,0.860991
9796,STK32C,0.95631266
9797,MOCOS,0.9320582
9798,CETN3,0.976955
9799,ACP6,0.9556875
9800,SNX16,0.9483495
9801,LDAH,0.97739476
9802,TRMT44,0.986114
9803,E2F6,0.96979886
9804,ST6GALNAC1,0.9160633
9805,ZNF557,0.96754336
9806,FAM131A,0.9827752
9807,SPTLC1,0.95642644
9808,DIAPH3,0.9609923
9809,MCM8,0.96471757
9810,RILP,0.95198035
9811,ATXN2L,0.93788624
9812,IFT80,0.9753756
9813,COX16,0.9449505
9814,SAMD11,0.9662933
9815,CCDC149,0.9683039
9816,SLC25A33,0.954098
9817,RRNAD1,0.96226925
9818,CTAGE8,0.973407
9819,ANK2,0.97042185
9820,BORCS5,0.9749439
9821,C17orf96,0.9786364
9822,INTS2,0.9240214
9823,BTN2A2,0.9666891
9824,DHRS9,0.93383306
9825,CTAGE4,0.95016897
9826,SLC25A40,0.9826951
9827,ZNF394,0.9475477
9828,GRK5,0.95720154
9829,NOD1,0.97463125
9830,NXPE3,0.9582729
9831,ANKRA2,0.97199684
9832,TRIQK,0.9500758
9833,CDKL5,0.98094887
9834,BRCA2,0.9702793
9835,TRNP1,0.9731711
9836,GPRIN2,0.91289896
9837,RECQL4,0.96576446
9838,DPCD,0.9339377
9839,NOL4L,0.9740869
9840,TMEM42,0.9481106
9841,TNFAIP6,0.9738196
9842,F2RL2,0.9860066
9843,NCALD,0.96358734
9844,TLR2,0.98275185
9845,CX3CL1,0.9858431
9846,TMEM185B,0.9762742
9847,TNK1,0.9619923
9848,PCDHB14,0.95664924
9849,PINX1,0.9373454
9850,TRAPPC2B,0.9491911
9851,HLTF,0.9802223
9852,PBK,0.950368
9853,ZNF714,0.9049629
9854,XRCC1,0.94693613
9855,ITGA7,0.98105246
9856,INO80B,0.95381886
9857,MAP4K2,0.9621573
9858,SLC30A4,0.95876116
9859,SCHIP1,0.96460235
9860,C4orf33,0.94670403
9861,SNX20,0.95649886
9862,BAIAP2L2,0.9387585
9863,WDR83,0.9812658
9864,MAPK12,0.9564164
9865,NAA40,0.96628195
9866,SEMA7A,0.9671351
9867,CDKN2C,0.9823497
9868,NCAPD3,0.9820572
9869,C14orf142,0.96392596
9870,CCDC159,0.9584826
9871,FCGR1A,0.9836728
9872,DLGAP3,0.88077587
9873,SCN3B,0.9690998
9874,ADAMTS12,0.94248223
9875,DCPS,0.9333832
9876,SOBP,0.972716
9877,ANKRD46,0.9331133
9878,TMOD2,0.950336
9879,ARL10,0.98029876
9880,DTX4,0.96712744
9881,NKD1,0.9427669
9882,TRAF6,0.967443
9883,GJB4,0.92077774
9884,ZNRF3,0.97699016
9885,C12orf54,0.8956069
9886,LACTB2,0.9038339
9887,ZNF507,0.95563924
9888,TRUB1,0.92318726
9889,ROR2,0.9797243
9890,ZNF628,0.96196926
9891,TLN2,0.88442934
9892,SARNP,0.9572348
9893,ING3,0.9758521
9894,CTD-2017F17.2,0.9525908
9895,LYPD6B,0.9593155
9896,TMEM107,0.9624897
9897,P4HA2,0.9524284
9898,MSANTD4,0.95919985
9899,ADAMTS10,0.9753792
9900,TNFRSF10A,0.889164
9901,HIC1,0.9842662
9902,GJA4,0.97200984
9903,PTPDC1,0.93110996
9904,CENPM,0.9704937
9905,RBM45,0.9638969
9906,C9orf64,0.93814987
9907,LENG1,0.9683269
9908,ZFY,0.95009863
9909,MS4A4A,0.98150146
9910,HSDL1,0.98193246
9911,TAF1B,0.9430807
9912,ZNF605,0.9677097
9913,FMN1,0.9716028
9914,BBS4,0.95621264
9915,KIAA1147,0.97514707
9916,C10orf88,0.9330775
9917,FRZB,0.97996294
9918,ZC3HC1,0.97934085
9919,GZMA,0.9598757
9920,GFRA1,0.9001472
9921,P2RY6,0.98158467
9922,ZNF793,0.9237679
9923,SCAMP5,0.9810386
9924,C1orf216,0.96958095
9925,NUDT12,0.94086236
9926,ZNF812P,0.9100974
9927,PADI2,0.9794238
9928,C7orf43,0.9366942
9929,ZNF202,0.920286
9930,C3AR1,0.9699399
9931,SYCE1L,0.9325635
9932,NFXL1,0.9425737
9933,NIPA1,0.97345847
9934,MT1M,0.975541
9935,SPRR4,0.8470095
9936,TUT1,0.9542318
9937,SPAG4,0.86370397
9938,MT1F,0.94893414
9939,SLC38A6,0.9865735
9940,CBARP,0.9082581
9941,INTS6L,0.9707389
9942,ZNF213,0.951773
9943,WFDC1,0.96998525
9944,PTGIR,0.964045
9945,KREMEN2,0.9474958
9946,FAM69A,0.94049436
9947,GAL3ST4,0.97223616
9948,SLC45A4,0.92648333
9949,TMEM125,0.9129577
9950,SGPP2,0.9651542
9951,WNT11,0.8339046
9952,LYL1,0.9762554
9953,GIMAP8,0.9606175
9954,CCDC71,0.93404037
9955,KIF9,0.9574717
9956,DBNDD1,0.8784938
9957,LIG4,0.93051046
9958,POC1A,0.97440195
9959,RCN1,0.9713693
9960,ADSSL1,0.93292135
9961,TYW5,0.96045345
9962,METTL17,0.9729456
9963,ANKRD18B,0.9139268
9964,WDR54,0.9793402
9965,HSPA6,0.9830258
9966,ARSJ,0.976714
9967,HOXB7,0.9352133
9968,KLHDC7A,0.9552823
9969,SLC11A1,0.9557608
9970,RITA1,0.9453878
9971,ZNF440,0.96714014
9972,MCCC1,0.9521579
9973,DIS3L,0.94611734
9974,CCDC144A,0.9324312
9975,DHFRL1,0.9632908
9976,SHQ1,0.95586383
9977,C18orf8,0.9551114
9978,KATNAL1,0.9666637
9979,EP400NL,0.9573416
9980,TMEM38B,0.9715341
9981,PDCL,0.9724811
9982,GPATCH11,0.9323446
9983,WDR27,0.9581381
9984,MSRB3,0.97657263
9985,STON1,0.9800638
9986,PCNX3,0.9400736
9987,STARD3NL,0.9720525
9988,TASP1,0.9720853
9989,FAAH,0.97797245
9990,KBTBD7,0.9657105
9991,LEPR,0.9237743
9992,SDHAF3,0.9574988
9993,IDUA,0.974241
9994,ENO2,0.9726728
9995,NANOS1,0.94609225
9996,BEX4,0.9721535
9997,TFB1M,0.9713668
9998,KIF20A,0.9393998
9999,ABHD15,0.95681685
