gene_index,gene,oracle_pcc
0,EPCAM,0.99682224
1,KRT5,0.9561538
2,KRT14,0.96166426
3,KRT17,0.988316
4,TP63,0.98449445
5,KRT6A,0.9874689
6,KRT16,0.99043405
7,KRT1,0.97731435
8,KRT10,0.97128546
9,IVL,0.99205166
10,MMP10,0.9811659
11,LAMC2,0.9796952
12,COL17A1,0.96656346
13,MLANA,0.9923853
14,PMEL,0.99067044
15,PTPRC,0.99798805
16,COL1A1,0.97284114
17,PECAM1,0.99458337
18,MKI67,0.99538827
19,KRT6B,0.9902791
20,SFN,0.94440037
21,DSG3,0.98421645
22,ITGA6,0.9746851
23,ITGB4,0.9840546
24,LAMB3,0.9826252
25,TOP2A,0.9913634
26,UBE2C,0.99557936
27,CENPF,0.99301267
28,STMN1,0.99472255
29,LOR,0.98844904
30,FLG,0.9929935
31,DSC1,0.9926376
32,SPRR1A,0.97501713
33,SPRR1B,0.99295795
34,ITGA5,0.99624026
35,TGFBI,0.9703045
36,VIM,0.9919503
37,SERPINE1,0.9902181
38,INHBA,0.98747486
39,MMP1,0.8696703
40,MMP3,0.9812176
41,KRT15,0.9751977
42,KRT19,0.9959237
43,SOX9,0.9966968
44,LHX2,0.9967404
45,KRT75,0.9910585
46,PPARG,0.99471253
47,FASN,0.9917842
48,SCD,0.9897624
49,FABP5,0.9910226
50,PLIN2,0.9959994
51,MGST1,0.9679804
52,KRT7,0.9921888
53,KRT8,0.99388725
54,KRT18,0.99040645
55,KRT77,0.9943922
56,MUC1,0.990175
57,SCGB2A2,0.995792
58,TYR,0.98749125
59,DCT,0.99137574
60,MITF,0.9966794
61,CD37,0.9971703
62,CORO1A,0.9968793
63,LAPTM5,0.99296826
64,CD3D,0.9940593
65,CD3E,0.99531037
66,LTB,0.99335456
67,IL7R,0.997199
68,MAL,0.9692726
69,CCR7,0.99661463
70,TCF7,0.9975883
71,LEF1,0.9946536
72,CD8A,0.9973099
73,CD8B,0.98733413
74,CCL5,0.9955084
75,NKG7,0.99694055
76,PRF1,0.9928448
77,GZMK,0.9851416
78,GZMB,0.99717474
79,FOXP3,0.9940119
80,IL2RA,0.9959595
81,CTLA4,0.9951988
82,TIGIT,0.9962544
83,IKZF2,0.99608564
84,CCR8,0.9927398
85,PDCD1,0.9947014
86,LAG3,0.9938356
87,HAVCR2,0.9963336
88,TOX,0.9903077
89,CXCL13,0.99694514
90,ENTPD1,0.9975272
91,GNLY,0.9962603
92,KLRD1,0.99587566
93,FCGR3A,0.99863076
94,TYROBP,0.996973
95,MS4A1,0.99460524
96,CD79A,0.9929708
97,CD74,0.95207953
98,HLA-DRA,0.98269093
99,CD22,0.9965019
100,CD83,0.99577504
101,JCHAIN,0.98947054
102,MZB1,0.99491286
103,SDC1,0.98231435
104,XBP1,0.9896345
105,LST1,0.9982975
106,FCER1G,0.9951766
107,CTSS,0.9977656
108,LILRB1,0.9938836
109,LYZ,0.99413306
110,S100A8,0.9888249
111,S100A9,0.9800072
112,FCN1,0.9968978
113,CCR2,0.9965691
114,VCAN,0.99678504
115,MS4A7,0.99700874
116,IFITM3,0.98256457
117,TYMP,0.9522826
118,C1QA,0.9937377
119,C1QB,0.99124
120,C1QC,0.9985123
121,APOE,0.99174994
122,CD68,0.987713
123,MSR1,0.9971635
124,MRC1,0.9984001
125,CTSD,0.9860966
126,FOLR2,0.9953628
127,LYVE1,0.9951864
128,CD163,0.99469924
129,SPP1,0.99408245
130,APOC1,0.9934545
131,TREM2,0.9940044
132,GPNMB,0.9915072
133,LGALS3,0.9814673
134,CTSB,0.9823562
135,IL1B,0.99313956
136,SELL,0.99463373
137,FCGR3B,0.99573916
138,CSF3R,0.9981699
139,CXCR2,0.99506205
140,FPR1,0.9967922
141,MNDA,0.997513
142,CLEC9A,0.9914621
143,XCR1,0.9940622
144,BATF3,0.9975988
145,CADM1,0.9946312
146,IRF8,0.996553
147,CD1C,0.9889768
148,CLEC10A,0.99675864
149,FCER1A,0.99030304
150,CST3,0.97607785
151,TCF4,0.992894
152,IL3RA,0.9961625
153,CLEC4C,0.9940095
154,IRF7,0.9968624
155,TPSAB1,0.99402666
156,TPSB2,0.99085754
157,KIT,0.9968168
158,MS4A2,0.9965099
159,HDC,0.98914737
160,CPA3,0.994515
161,CLC,0.99454623
162,PRG2,0.9912572
163,SIGLEC8,0.9941588
164,RNASE2,0.99225163
165,EPX,0.99367577
166,COL1A2,0.9842078
167,COL3A1,0.98441094
168,DCN,0.994444
169,LUM,0.99446666
170,COL6A1,0.99191946
171,PDGFRA,0.9977478
172,ACTA2,0.9962312
173,TAGLN,0.997517
174,MYL9,0.9959339
175,TPM2,0.99441236
176,CXCL12,0.996656
177,IL6,0.99683034
178,CFD,0.99550116
179,C7,0.9911623
180,CXCL14,0.9659406
181,COL11A1,0.9956439
182,FAP,0.993413
183,THY1,0.9932415
184,PDPN,0.9961075
185,MMP2,0.9958829
186,COL10A1,0.99286777
187,HLA-DPA1,0.97990745
188,HLA-DPB1,0.9897754
189,CIITA,0.99687445
190,VWF,0.99077
191,CLDN5,0.99396
192,KDR,0.9965219
193,EMCN,0.99512357
194,ENG,0.99431616
195,RAMP2,0.99676496
196,ESM1,0.98777306
197,ANGPT2,0.99701804
198,PLVAP,0.9960058
199,APLN,0.9950787
200,PGF,0.99344784
201,RGCC,0.99676037
202,EFNB2,0.9936497
203,SOX17,0.995859
204,GJA5,0.9954756
205,FBLN5,0.9969794
206,HEY1,0.9925794
207,ACKR1,0.99785596
208,SELP,0.9951159
209,SELE,0.99318904
210,NR2F2,0.9969874
211,FLT4,0.99651444
212,CCL21,0.9930539
213,PROX1,0.9952123
214,CCL14,0.99558145
215,RGS5,0.9975665
216,PDGFRB,0.99683756
217,CSPG4,0.99202776
218,MCAM,0.9904431
219,DES,0.9911358
220,NOTCH3,0.99251515
221,MYH11,0.99476296
222,CNN1,0.9912317
223,ADIPOQ,0.9957499
224,PLIN1,0.994299
225,FABP4,0.99629295
226,LEP,0.99012953
227,LPL,0.99590796
228,CIDEC,0.99433905
229,S100B,0.99532807
230,PLP1,0.99022526
231,MPZ,0.9954624
232,S100A1,0.9797526
233,NGFR,0.99608445
234,CCNB1,0.9941069
235,CDK1,0.9909083
236,TUBB,0.99113685
237,CA9,0.9836219
238,VEGFA,0.9924464
239,BNIP3,0.99218476
240,PGK1,0.9857451
241,LDHA,0.98917204
242,SLC2A1,0.9783937
243,ENO1,0.9855967
244,ISG15,0.988702
245,IFIT1,0.9915913
246,IFIT2,0.9969695
247,IFIT3,0.9942269
248,MX1,0.99166495
249,OAS1,0.9895634
250,STAT1,0.9742834
251,CXCL10,0.9780455
252,FN1,0.99475604
253,SNAI2,0.9963172
254,ZEB1,0.997498
255,HBB,0.9941978
256,HBA1,0.9557994
257,HBA2,0.992976
258,ALAS2,0.98239416
259,GYPA,0.9896341
260,AHSP,0.99134064
261,PPBP,0.99475384
262,PF4,0.99175525
263,RGS18,0.99226403
264,NRGN,0.9936247
265,FOS,0.986343
266,JUN,0.99478024
267,JUNB,0.9750791
268,DDIT3,0.99072504
269,HSPA1A,0.99327105
270,HSPA1B,0.9919883
271,ATF3,0.9938925
272,MT-CO1,0.9256951
273,MT-CO2,0.9793748
274,MT-ND1,0.9610537
275,MT-ND2,0.9664263
276,MT-CYB,0.9872514
277,SPINK5,0.98758644
278,DSC2,0.990087
279,PKP1,0.9770652
280,CSTB,0.98759437
281,SLPI,0.99225986
282,CSTA,0.989448
283,KLK7,0.9919572
284,CD24,0.98980176
285,DSC3,0.9793199
286,S100A7A,0.9571281
287,YWHAZ,0.99191296
288,HSPB1,0.98704654
289,PI3,0.9927792
290,ANXA1,0.9570168
291,NDRG1,0.958314
292,LY6D,0.97470194
293,S100A16,0.9797516
294,TAGLN2,0.98443866
295,FTL,0.9919915
296,GJA1,0.99196553
297,DSG1,0.9944455
298,S100A10,0.9899478
299,HSP90AA1,0.94897777
300,PKM,0.9898923
301,MYH9,0.9886646
302,AHNAK,0.9865176
303,CDSN,0.9881481
304,PTMA,0.9901514
305,S100A14,0.9884507
306,NACA,0.9837638
307,LYPD3,0.9952192
308,UBC,0.9877195
309,DSP,0.9949813
310,LGALS1,0.99229836
311,ARPC2,0.9622821
312,H3F3B,0.98985726
313,JUP,0.9956258
314,CD63,0.99238217
315,LMNA,0.9764965
316,CALML5,0.98417133
317,TRIM29,0.9898217
318,TMEM45A,0.9791333
319,CLCA2,0.9913483
320,SPRR2D,0.97289634
321,HLA-A,0.9809448
322,ITM2B,0.9896175
323,DST,0.98538357
324,CNFN,0.9856064
325,FLNA,0.99003357
326,ACTN4,0.9550515
327,LAD1,0.993519
328,CALM1,0.98940855
329,EIF1,0.9873994
330,ATP1A1,0.9837074
331,PSAP,0.9924696
332,MYL12B,0.9946479
333,PPIA,0.98635525
334,SPINT2,0.9957523
335,SPRR2A,0.9678086
336,ALDOA,0.9886505
337,TXN,0.9884612
338,SPARC,0.9917255
339,RTN4,0.9845158
340,FSCN1,0.99377006
341,TMBIM6,0.9852529
342,CD59,0.9929007
343,S100A6,0.9835886
344,PRNP,0.98713213
345,SH3BGRL3,0.9811367
346,AHNAK2,0.9863633
347,RPSA,0.98633504
348,SERPINB3,0.9839199
349,NECTIN1,0.99104595
350,FXYD3,0.9766277
351,HSPA8,0.9911112
352,A2ML1,0.9867027
353,EIF4G2,0.9864584
354,SPRR2E,0.9790495
355,UBA52,0.9788084
356,FAU,0.9760922
357,MT2A,0.9837214
358,GJB6,0.9955618
359,PABPC1,0.9600917
360,DSTN,0.98685724
361,CDH3,0.9887275
362,HNRNPA2B1,0.99465495
363,DYNLL1,0.9940523
364,KLK5,0.9874903
365,EEF1B2,0.98966783
366,SAT1,0.97835624
367,GLTP,0.98985964
368,PRDX1,0.9891975
369,ANXA2,0.98913133
370,CD44,0.97835726
371,TPI1,0.97999
372,TUBA4A,0.9931889
373,COL7A1,0.98638105
374,TUBB2A,0.99503106
375,PKP3,0.9898817
376,FTH1,0.9950242
377,KLK10,0.98997927
378,GRN,0.9821777
379,RPN2,0.98966837
380,RBM3,0.9935949
381,MYL6,0.98426336
382,YWHAB,0.9656604
383,TMSB4X,0.989463
384,OAZ1,0.9933616
385,TACSTD2,0.98078704
386,HNRNPK,0.9939341
387,ACTN1,0.9887986
388,PSMA7,0.98389333
389,PLP2,0.992481
390,SERPINB13,0.9932501
391,GNAS,0.99402833
392,ANXA8L1,0.9763182
393,ANXA8,0.96288043
394,PTRF,0.99376935
395,HLA-E,0.9864267
396,CFL1,0.9923082
397,PFN1,0.96373916
398,S100A11,0.989451
399,TSPO,0.97142
400,CSDE1,0.98870325
401,NCL,0.9936191
402,TMSB10,0.9855014
403,PLEC,0.9875116
404,TAPBP,0.9911133
405,EIF5A,0.9876342
406,MARCKS,0.95459914
407,YBX3,0.99258715
408,LGALS7B,0.9704788
409,COX4I1,0.99575394
410,AQP3,0.9603889
411,PPDPF,0.9819331
412,YWHAQ,0.9924956
413,GSTP1,0.96620536
414,AEBP1,0.9890934
415,LGALS7,0.9617446
416,FGFBP1,0.986264
417,DDX5,0.99112713
418,HSPA5,0.9814957
419,RAC1,0.9619273
420,HLA-C,0.9355728
421,HSP90AB1,0.9926608
422,PTBP1,0.99322796
423,KTN1,0.9891592
424,PSMB7,0.99075156
425,CALML3,0.9907024
426,TUBB6,0.99224764
427,IGFBP4,0.98270494
428,KRTDAP,0.9894111
429,HDGF,0.9908296
430,CAPZB,0.9811475
431,LAPTM4A,0.9849253
432,LAMP1,0.98992956
433,WDR1,0.9940714
434,ATP5E,0.9902775
435,CANX,0.987417
436,APP,0.9934547
437,BTF3,0.97169715
438,SERBP1,0.9940614
439,CNBP,0.98970985
440,EIF5B,0.9091461
441,HSP90B1,0.98582476
442,AC090498.1,0.98039836
443,IFI27,0.9770913
444,COL6A2,0.97088635
445,PFDN5,0.9880672
446,SPRR2B,0.9767362
447,TUBB4B,0.99404085
448,CAP1,0.936151
449,SLC38A2,0.99234587
450,ATP1B3,0.9590043
451,RHOA,0.9850547
452,POLR2L,0.98951685
453,PTGES3,0.9975163
454,BCAP31,0.98844206
455,SERPINB4,0.97549844
456,EZR,0.99158454
457,ATP5I,0.9911869
458,C4orf3,0.9970271
459,BTG1,0.9834872
460,ZFP36L2,0.9923868
461,HOPX,0.9887866
462,SON,0.97343564
463,NPM1,0.99218076
464,COX6C,0.9897106
465,GNAI2,0.9843036
466,CLIC1,0.99216026
467,YWHAE,0.9933023
468,CAPNS1,0.9848387
469,CRCT1,0.98317987
470,ACTR2,0.9881116
471,LCE3D,0.96427226
472,SBSN,0.9910532
473,PLS3,0.9823997
474,COL18A1,0.9913407
475,EDF1,0.98774976
476,CCNI,0.97892946
477,PCBP2,0.9939913
478,TGM1,0.9810398
479,EIF5,0.9555834
480,HNRNPD,0.9884662
481,RACK1,0.9730239
482,GJB2,0.9927517
483,DDX17,0.9929475
484,EIF3B,0.9838545
485,C19orf33,0.9925577
486,TPM4,0.99288
487,MAL2,0.97233087
488,HNRNPU,0.9935857
489,C14orf2,0.9957866
490,IL1RN,0.9896541
491,GUK1,0.9942206
492,COL4A2,0.9883095
493,IFI6,0.97588736
494,DHCR24,0.9902562
495,SLC25A3,0.9922791
496,PEBP1,0.99200654
497,PPP1CA,0.9904099
498,CHCHD2,0.99343145
499,CTSC,0.969244
500,GSN,0.97988945
501,CASP14,0.99075216
502,HNRNPAB,0.98748255
503,HNRNPA1,0.99399984
504,PPL,0.99445164
505,CDC42,0.978225
506,PSMD1,0.9615923
507,ATP5B,0.9912127
508,H2AFY,0.9905886
509,DBI,0.9850879
510,NDUFS6,0.9932265
511,HINT1,0.9939549
512,SLC25A6,0.9877786
513,PSME2,0.99256444
514,MSN,0.99454576
515,RAN,0.9945674
516,SNRPD2,0.9922811
517,NDUFS5,0.9928958
518,SERF2,0.97818494
519,COX7C,0.9916314
520,NUCKS1,0.9856336
521,NACA2,0.99186116
522,DEFB103B,0.9823122
523,UBE2D3,0.9936032
524,SKP1,0.9921945
525,SERPINB5,0.9830497
526,CRABP2,0.98842096
527,HNRNPH1,0.99589837
528,MAFB,0.97864765
529,CLTC,0.99131185
530,VCP,0.98993427
531,ATP5A1,0.9852995
532,BSG,0.99239695
533,SREK1IP1,0.96846724
534,VMP1,0.98638177
535,PPP1CB,0.9466412
536,SFPQ,0.99461013
537,SEC61A1,0.99611217
538,MACF1,0.9603116
539,DEFB103A,0.9828309
540,TPM3,0.9959589
541,EIF3K,0.99498206
542,EIF6,0.98308086
543,PSMD2,0.9904178
544,PRRC2C,0.95490444
545,PDIA3,0.98915744
546,PTPRF,0.9857111
547,TXNDC17,0.99422276
548,CAST,0.99096143
549,SUB1,0.9910397
550,SYNGR2,0.98354983
551,SSR4,0.9896953
552,CYB5R1,0.9887847
553,H3F3A,0.9486829
554,ZFP36L1,0.95242894
555,CAV1,0.9805376
556,HNRNPM,0.9950252
557,GDI2,0.99689776
558,ARPC1B,0.99374896
559,NDUFA4,0.98927665
560,PSMD8,0.9639448
561,S100A2,0.958954
562,BZW1,0.9925324
563,SURF4,0.9905989
564,NDUFB9,0.9956854
565,BICD2,0.9939621
566,COX6A1,0.98857796
567,NCCRP1,0.99267864
568,CDH1,0.988486
569,CTNNB1,0.99654853
570,MKNK2,0.9843404
571,MZT2B,0.9943391
572,KLF5,0.9888517
573,WASF2,0.9753228
574,ENAH,0.94675726
575,TCEB2,0.9953548
576,LRP10,0.98636645
577,SRRM2,0.9887225
578,HNRNPA3,0.99210566
579,UQCR11,0.9945584
580,SF1,0.9964446
581,SRSF3,0.99480623
582,HMGB1,0.99530464
583,LARP1,0.94882166
584,RAB11A,0.98588866
585,MYL12A,0.990205
586,CNN2,0.9916185
587,COX6B1,0.99212855
588,ENSA,0.9815277
589,HDLBP,0.99118567
590,PSMB4,0.9961654
591,COX8A,0.99515307
592,GM2A,0.99254763
593,DYNC1H1,0.9895986
594,EIF4G1,0.98988223
595,SOX4,0.988192
596,RAB7A,0.98668414
597,NDUFA11,0.99283826
598,DNAJB6,0.9847204
599,ELOVL1,0.989291
600,BGN,0.99232846
601,MCL1,0.99150425
602,EIF3C,0.9964215
603,RNF145,0.973666
604,CLSTN1,0.9942013
605,YBX1,0.9940943
606,EEF2,0.9680999
607,ROMO1,0.99511987
608,ATP5G2,0.9870012
609,CHD4,0.9903465
610,APLP2,0.975292
611,UQCRC1,0.9917348
612,UQCRB,0.9914219
613,TMED10,0.9947476
614,ANXA5,0.9965193
615,DMKN,0.9898393
616,TMED2,0.9798724
617,COMMD1,0.99365383
618,FKBP1A,0.99512345
619,CD9,0.96110064
620,MAP4,0.99448544
621,YWHAG,0.9966377
622,MAF,0.96012765
623,SLC7A5,0.99242854
624,EIF3CL,0.9966911
625,PTBP3,0.9881589
626,ECM1,0.98391664
627,EIF3F,0.9925968
628,CLTB,0.98967016
629,SEPT9,0.99574393
630,SEC62,0.97055435
631,SRSF11,0.99472004
632,KIF5B,0.9886078
633,MIDN,0.98592925
634,VAPA,0.9879115
635,PSMD11,0.98613197
636,YWHAH,0.9938787
637,NDUFB10,0.9956906
638,IRAK1,0.9952204
639,KRT2,0.9801457
640,FLNB,0.9935138
641,NAP1L1,0.9911426
642,PA2G4,0.96222425
643,PRELID1,0.9884132
644,ELL2,0.99549824
645,HMGA1,0.9832421
646,VAMP8,0.96717215
647,MRPL51,0.99342984
648,EIF3H,0.98697054
649,APCDD1,0.986238
650,GNB1,0.9892584
651,CALM2,0.98280823
652,CSNK1E,0.97515607
653,RHCG,0.99191535
654,PMEPA1,0.98831797
655,ATP6AP2,0.9850385
656,UQCRQ,0.993069
657,UQCR10,0.99634194
658,DNAJB1,0.97168577
659,SERP1,0.98958117
660,TOMM20,0.9971382
661,TNS4,0.9924253
662,HEBP2,0.9911128
663,AP2S1,0.9582941
664,ATP5L,0.9945421
665,RAB10,0.9871305
666,CTSA,0.98958474
667,UQCRH,0.99536425
668,FUS,0.99575204
669,SET,0.99467456
670,TUFM,0.9966009
671,AP2M1,0.99559987
672,ATP5O,0.99570835
673,NFIC,0.9910298
674,SRSF5,0.97670436
675,KDELR1,0.9917931
676,CKAP4,0.97540987
677,QSOX1,0.99339026
678,LITAF,0.99284065
679,SSR3,0.9949557
680,APRT,0.96941996
681,SEC61G,0.9879718
682,KRT80,0.99059826
683,DAZAP2,0.99572825
684,MTDH,0.9747421
685,AC012005.1,0.9792151
686,KLK11,0.9925291
687,XRCC5,0.9920431
688,C6orf62,0.99261487
689,BRD4,0.98676056
690,C1R,0.99524426
691,ETF1,0.9936191
692,ACTR3,0.9938881
693,SERPINB1,0.96915984
694,MSMO1,0.9952121
695,SLC25A5,0.98290676
696,EMP1,0.98833954
697,COL4A1,0.99463433
698,CAPN2,0.9928742
699,RPLP0,0.97367513
700,RRBP1,0.98974234
701,CCT6A,0.99738204
702,ATF4,0.99256706
703,RPLP2,0.9537895
704,RAD23B,0.98555285
705,SPRR2G,0.9848675
706,NPC2,0.98453945
707,HIF1A,0.988099
708,PSMA4,0.9964085
709,ATP2A2,0.9848584
710,CD99,0.99670476
711,TMEM59,0.9899197
712,TIMM13,0.98848116
713,CTNNA1,0.99502856
714,GIPC1,0.9887705
715,GPX4,0.99621254
716,PSMB3,0.9941744
717,VDAC2,0.9914032
718,EIF5AL1,0.98987794
719,MDH2,0.9828248
720,KLF6,0.9775995
721,ATP6V1G1,0.98968005
722,FAM83H,0.98812234
723,C10orf99,0.99025697
724,MMP14,0.9934188
725,PRDX5,0.99651563
726,REEP5,0.974086
727,TMED3,0.97599435
728,PSMC5,0.99678373
729,CSNK2B,0.9863819
730,ZBTB7A,0.98500365
731,B2M,0.9798313
732,SOD2,0.9904865
733,CD81,0.9971426
734,ATP6V0B,0.99266434
735,IMPA2,0.9915218
736,DDX3X,0.9930614
737,HNRNPC,0.9962026
738,ILF3,0.99467456
739,HADHA,0.99643165
740,AC006386.1,0.98381627
741,DDX21,0.98650366
742,TOMM7,0.9918723
743,KPNB1,0.97906417
744,TMA7,0.9927646
745,ARF6,0.9787203
746,CEBPB,0.9802181
747,GLO1,0.98580545
748,PGAM1,0.98923063
749,XRCC6,0.99449956
750,HM13,0.95596635
751,H2AFJ,0.9880832
752,TMBIM1,0.98916584
753,RNF187,0.9895246
754,GPX1,0.99615484
755,RNH1,0.9910391
756,DYNC1I2,0.98050267
757,FBL,0.99452686
758,ARPC3,0.9878326
759,TXNIP,0.98612314
760,DAAM1,0.99337566
761,EIF2S2,0.92097336
762,MTPN,0.9966951
763,MALL,0.9797874
764,MAP7D1,0.9717828
765,EIF3A,0.9904984
766,FAM129B,0.96668607
767,CAPN1,0.98283195
768,IGFBP7,0.99645984
769,NDUFB4,0.99484444
770,SRSF9,0.9835155
771,MGAT1,0.9932165
772,PTMS,0.9905352
773,PSMB6,0.9922807
774,CARHSP1,0.9771398
775,ARPC5,0.9947084
776,CBR1,0.99503154
777,ANP32B,0.99399984
778,DAZAP1,0.99597394
779,EIF3E,0.9881632
780,POMP,0.99586016
781,CAPG,0.9956389
782,LRRFIP1,0.99149114
783,ARF1,0.9874501
784,GNB2,0.9921702
785,FOSL2,0.98787624
786,IQGAP1,0.9864499
787,NFE2L1,0.99617165
788,HLA-B,0.9745437
789,SF3B1,0.9943803
790,TNFRSF1A,0.9928917
791,IGFBP2,0.989758
792,STK24,0.9902758
793,PRDX6,0.98157173
794,SLC2A4RG,0.99819064
795,LGALS3BP,0.97078955
796,CCND1,0.98958075
797,DDB1,0.996948
798,TPT1,0.9763971
799,ARHGDIB,0.9967225
800,ATP5H,0.98759705
801,FSTL1,0.9974188
802,DEFB1,0.99072874
803,ITGB5,0.99442554
804,PERP,0.9934365
805,CLTA,0.99388
806,PSME1,0.99394554
807,SYNCRIP,0.9898432
808,EIF3I,0.9939636
809,UFD1L,0.9909741
810,CMIP,0.97994196
811,IL4R,0.93498516
812,LUC7L3,0.9900322
813,LGALSL,0.9911944
814,RBM25,0.98512274
815,METRNL,0.99308234
816,PDIA6,0.9927998
817,MAPK6,0.9777665
818,TUBA1A,0.9943175
819,KCNK6,0.98079586
820,PTP4A1,0.98768896
821,ACTG1,0.9788203
822,KDELR2,0.9925207
823,LYNX1,0.99281424
824,DCTN2,0.9932471
825,CD47,0.9958506
826,MPZL2,0.98794854
827,KIAA1522,0.99367285
828,UPP1,0.98791283
829,GNAI3,0.9682898
830,SEPW1,0.99832207
831,SSR1,0.9918679
832,PSMB2,0.99431276
833,RHOC,0.9952605
834,UBA1,0.9937971
835,H1F0,0.9539396
836,COL5A1,0.9938559
837,SRSF2,0.9925167
838,UBB,0.9807316
839,RPN1,0.99285996
840,CYFIP1,0.98833525
841,SSR2,0.99585277
842,GPC1,0.99484915
843,VDAC1,0.99587643
844,PPP2CA,0.944632
845,FXYD5,0.994129
846,YKT6,0.9940677
847,FGFR3,0.9789429
848,RBM39,0.9890474
849,ATP2B4,0.9893993
850,NCOR1,0.9747286
851,UBL5,0.9782809
852,JAG1,0.996621
853,PTP4A2,0.9928647
854,ARHGEF12,0.9934916
855,SUMO2,0.9928539
856,NGRN,0.98655903
857,SHFM1,0.99201316
858,PSMA1,0.9924742
859,TAX1BP3,0.99542564
860,TFG,0.9809711
861,CCND2,0.99485004
862,ARL6IP1,0.9788316
863,NPEPPS,0.99339426
864,ADGRG1,0.9810754
865,CA12,0.98791796
866,MORF4L1,0.9948738
867,SRP72,0.988101
868,MRFAP1,0.9960956
869,CTTN,0.9931611
870,GALNT6,0.8930884
871,EEF1A1,0.9643399
872,SERINC2,0.98045605
873,RXRA,0.9637303
874,CIRBP,0.9940059
875,TKT,0.99098635
876,RAP1B,0.9968189
877,HSBP1,0.9946607
878,TRA2B,0.9899494
879,TMEM40,0.9935657
880,EMP2,0.9872679
881,NBL1,0.99062467
882,ITGA3,0.9923507
883,ATP6AP1,0.96178913
884,LMAN2,0.996008
885,PRRC2A,0.9942173
886,MAST4,0.98321825
887,CYCS,0.99661
888,STAT2,0.9952021
889,EPN1,0.9856681
890,AIM1,0.9884029
891,TIMM8B,0.9815091
892,PLXNB2,0.9901984
893,S100A4,0.9931007
894,QARS,0.99423826
895,KHDRBS1,0.9958563
896,WNK1,0.97782665
897,NAA50,0.99770087
898,KIF1C,0.97390425
899,SF3B5,0.9871702
900,ATP5G3,0.9950067
901,HMGN1,0.9962664
902,PSMB8,0.9873624
903,ADAM15,0.9809886
904,ID1,0.9906466
905,MVP,0.9954606
906,DIO2,0.98932266
907,PRKAR1A,0.9758363
908,ATPIF1,0.9960929
909,LCE3E,0.98820233
910,HIGD1A,0.9938811
911,PPP4R1,0.9767538
912,GHITM,0.99110997
913,HSPG2,0.99265397
914,PPP1R14B,0.99746543
915,HN1,0.995737
916,SERINC3,0.98431945
917,LAMP2,0.98500776
918,FOXP1,0.9942202
919,RER1,0.9844535
920,UBE2I,0.9964741
921,KARS,0.9943663
922,DBNL,0.95983034
923,ESRP1,0.98849326
924,EIF1AX,0.9954961
925,BNIP3L,0.9945806
926,CNDP2,0.99548936
927,SNRPB,0.99452245
928,CST6,0.98874927
929,ADIPOR1,0.9528474
930,PTTG1IP,0.9940899
931,RBMS1,0.9948243
932,SQLE,0.9931187
933,HTRA1,0.9927534
934,COX5A,0.9885491
935,COL5A2,0.9953797
936,MLF2,0.9847179
937,ARPC4,0.9968744
938,PSMC3,0.98856723
939,TMEM123,0.98377985
940,SHISA5,0.9976251
941,CCT7,0.9921466
942,TRIP12,0.94186443
943,NCOR2,0.99621844
944,NDUFB1,0.9841539
945,SLIRP,0.99638647
946,RAB18,0.82797945
947,GANAB,0.99591225
948,SLC39A6,0.99281806
949,DEGS1,0.9909671
950,RABAC1,0.99462104
951,RAB31,0.9926085
952,TM9SF3,0.9827831
953,HNRNPL,0.99465084
954,COL6A3,0.99313843
955,ARPC1A,0.9908732
956,MORF4L2,0.99736303
957,ZNF207,0.9951758
958,NDUFA1,0.9944174
959,BASP1,0.9934204
960,TMED9,0.99228054
961,ITGAV,0.99568915
962,ETS2,0.9694061
963,ABLIM1,0.9912575
964,MAP2K2,0.98848367
965,TCP1,0.99685156
966,CALD1,0.9949672
967,TIMP1,0.99315786
968,NHP2,0.9966494
969,GSTO1,0.9952889
970,MBNL1,0.9940067
971,HSPH1,0.99043775
972,OPTN,0.9923598
973,ANKRD12,0.9927471
974,KRT6C,0.99314857
975,PROM2,0.986576
976,SARAF,0.99682677
977,MRPS34,0.99368626
978,RAB2A,0.98642975
979,WSB1,0.9952091
980,STUB1,0.98346657
981,HUWE1,0.9943682
982,RIOK3,0.98836327
983,H1FX,0.99633896
984,H2AFZ,0.99258506
985,COX7A2,0.992181
986,PPP1CC,0.9901459
987,EPS8L2,0.9910794
988,UGP2,0.9810676
989,ZNF185,0.9682197
990,EGFR,0.99199665
991,NEDD8,0.99435633
992,ST14,0.98242426
993,TRAM1,0.99258524
994,DUOXA1,0.9876993
995,IL20RB,0.9911765
996,CDC37,0.9923759
997,RAB1A,0.9857167
998,BRD2,0.9827569
999,APH1A,0.9880382
1000,ARF3,0.98431855
1001,TMEM154,0.98960745
1002,CDV3,0.9918933
1003,EHBP1L1,0.98657346
1004,ATP5J2,0.99454486
1005,CAV2,0.98907983
1006,STT3B,0.9937888
1007,PEA15,0.9905752
1008,FAM162A,0.99277306
1009,ASPRV1,0.9912667
1010,SLC3A2,0.9956457
1011,PABPC4,0.9928237
1012,PDZK1IP1,0.9930073
1013,TXNL4A,0.997737
1014,P4HB,0.96612203
1015,G3BP1,0.996621
1016,EPAS1,0.993625
1017,JTB,0.9950767
1018,COL16A1,0.9957721
1019,HLA-DRB1,0.97963244
1020,MGEA5,0.9853382
1021,PYGL,0.98921555
1022,CBX3,0.9956967
1023,GOLGA4,0.9796172
1024,CXADR,0.98762035
1025,SCAND1,0.99278206
1026,PSMD3,0.9862133
1027,IER2,0.9589372
1028,EIF3M,0.9954233
1029,SULF2,0.9921546
1030,CMTM6,0.989614
1031,PDCD6IP,0.98199105
1032,PSMD13,0.9893562
1033,VASP,0.9961373
1034,CDKN1A,0.9872027
1035,TOLLIP,0.9765265
1036,PDXK,0.9967154
1037,IFFO2,0.9850395
1038,RAD23A,0.99328136
1039,GSPT1,0.9941641
1040,EIF4B,0.99282825
1041,NME1,0.995996
1042,SARS,0.98758423
1043,TMEM219,0.9938872
1044,EI24,0.9907844
1045,HNRNPF,0.9970364
1046,MYO1C,0.9921738
1047,UBE2L3,0.9974182
1048,PDCD4,0.9820521
1049,CAB39,0.9908513
1050,FDFT1,0.96821505
1051,PARK7,0.9926613
1052,CD164,0.9908969
1053,VPS29,0.9796176
1054,CD151,0.9952236
1055,U2AF1,0.9922098
1056,LTB4R,0.97758895
1057,U2AF1L5,0.9907988
1058,PGRMC2,0.9787313
1059,CD82,0.9645948
1060,CDC25B,0.99387056
1061,EFHD2,0.9955523
1062,EIF3D,0.978333
1063,TFAP2A,0.9660094
1064,SPRR2F,0.9638102
1065,ARPC5L,0.9956543
1066,ITGB1,0.99228275
1067,SAR1A,0.9953733
1068,PPP4C,0.9831636
1069,ZYX,0.9976675
1070,AK2,0.99209464
1071,CDC42EP1,0.99535936
1072,SSU72,0.9873618
1073,GLUL,0.9967753
1074,ANKRD17,0.9851578
1075,TIMP2,0.99618447
1076,PYCARD,0.98686355
1077,SSBP1,0.9952482
1078,HK1,0.9821105
1079,PLD3,0.98475355
1080,MTCH1,0.9955466
1081,MINOS1,0.99568874
1082,USMG5,0.9912979
1083,NDUFB7,0.99500275
1084,SQSTM1,0.99751383
1085,ERH,0.9916237
1086,PDLIM1,0.9956635
1087,DDX6,0.9947445
1088,TMEM54,0.9742814
1089,LYPD5,0.9935779
1090,PPP2R1A,0.993284
1091,SOD1,0.9930974
1092,LRRC59,0.9932816
1093,IRF2BP2,0.99305665
1094,LSM4,0.9951532
1095,STOM,0.99523383
1096,COPS9,0.9916564
1097,GLG1,0.99543965
1098,FKBP2,0.9916345
1099,PRPF40A,0.9942702
1100,SCP2,0.98596954
1101,PRDX4,0.99598527
1102,SPTBN1,0.99744904
1103,HSPD1,0.99564075
1104,ERO1A,0.9738935
1105,EIF4H,0.98872465
1106,C6orf132,0.9647906
1107,RALBP1,0.98524016
1108,TTC3,0.99358743
1109,EPPK1,0.97540087
1110,LIMA1,0.99718004
1111,ST13,0.99396724
1112,IMPDH2,0.99469185
1113,CENPB,0.99233353
1114,EIF3G,0.9945386
1115,YTHDF2,0.9941471
1116,C14orf166,0.99513125
1117,RBX1,0.9952071
1118,CLIP1,0.98665917
1119,ATL3,0.99241835
1120,NRBP1,0.9933104
1121,CSNK1A1,0.9858061
1122,CUX1,0.9927181
1123,UBXN6,0.9920961
1124,TMOD3,0.9711142
1125,IL36RN,0.9959364
1126,IVNS1ABP,0.99709547
1127,ATP5J,0.9927219
1128,SYPL1,0.99105483
1129,VCL,0.9898634
1130,NDUFC1,0.9796078
1131,SEC13,0.9965078
1132,RNF213,0.99145836
1133,SLC7A1,0.99153954
1134,IFI16,0.99719787
1135,POSTN,0.988369
1136,DNAJC5,0.97274935
1137,ACADVL,0.985536
1138,CTBP1,0.997732
1139,MZT2A,0.9966192
1140,WSB2,0.9934605
1141,ATP6V0E1,0.9900553
1142,NOMO2,0.99170065
1143,JUND,0.98798996
1144,PSMB5,0.9952293
1145,MYO1B,0.98861164
1146,TMEM165,0.97370005
1147,LMO4,0.99315155
1148,C19orf43,0.9910215
1149,LY6E,0.9924838
1150,GGH,0.99311537
1151,FURIN,0.976393
1152,DRAP1,0.98575944
1153,GNG12,0.97170055
1154,PNISR,0.9893058
1155,CD46,0.99189633
1156,POLR1D,0.98752195
1157,COLGALT1,0.996864
1158,RNASE1,0.99434555
1159,CITED4,0.96801406
1160,HNRNPDL,0.993159
1161,SLC25A39,0.9903962
1162,NONO,0.9942581
1163,EHD2,0.9971524
1164,TM9SF2,0.97931516
1165,MBOAT2,0.99159545
1166,PDLIM5,0.9909911
1167,MRPL52,0.99442255
1168,THBS2,0.98744875
1169,BLCAP,0.9849237
1170,SLC16A1,0.99479187
1171,PPA1,0.98475075
1172,MAP4K4,0.9845103
1173,SCAF11,0.9892433
1174,ATP5EP2,0.98730093
1175,TNC,0.98921156
1176,FAM213A,0.9942256
1177,ILF2,0.99648386
1178,SRP9,0.99385864
1179,CAPZA1,0.9904108
1180,NCKAP1,0.992677
1181,MPZL1,0.99403375
1182,RBM8A,0.99778557
1183,UBE2K,0.97488284
1184,TCF25,0.9944266
1185,PALLD,0.9909532
1186,CLDN1,0.98540926
1187,TPD52L2,0.9942611
1188,SEC61B,0.99310935
1189,SEPP1,0.98147225
1190,NDUFA2,0.9899862
1191,SAP18,0.9925735
1192,CTDNEP1,0.9928865
1193,CYB5R3,0.99401206
1194,SNRNP70,0.99297637
1195,NFE2L2,0.9906963
1196,SNRPD3,0.99480295
1197,CCT3,0.99625486
1198,CIB1,0.99398184
1199,PRPF8,0.9947098
1200,RNF149,0.9876665
1201,COX7B,0.99555916
1202,PIGT,0.9938823
1203,RNF7,0.9960363
1204,N4BP2L2,0.9867092
1205,SDF4,0.99817264
1206,NAGK,0.9878759
1207,PURB,0.9874931
1208,KLK6,0.9025143
1209,CNIH1,0.99537116
1210,FLOT2,0.9931672
1211,NCLN,0.99556935
1212,TAP1,0.9891884
1213,ERGIC3,0.9961204
1214,MYCBP2,0.982805
1215,AP3D1,0.9880398
1216,ACTB,0.9704763
1217,CLIC3,0.9949753
1218,CASP4,0.9949019
1219,CTDSP1,0.9963429
1220,PLTP,0.9985713
1221,RAB25,0.99306655
1222,HERPUD1,0.9932821
1223,NDUFA4L2,0.9900706
1224,SEC31A,0.9982103
1225,DYNLRB1,0.98927915
1226,NFKBIA,0.993844
1227,CHP1,0.9875335
1228,TECR,0.9789228
1229,VAT1,0.9854545
1230,CALU,0.99384373
1231,GATAD2A,0.99244046
1232,IFI27L2,0.99379927
1233,TNIP1,0.9895638
1234,SEP15,0.9976726
1235,PAFAH1B1,0.9891565
1236,ATP5C1,0.99315816
1237,SEMA3C,0.99688536
1238,AURKAIP1,0.9961684
1239,MRPL37,0.9928543
1240,PABPN1,0.9806586
1241,METAP2,0.99521005
1242,TMEM79,0.98828036
1243,MRPS7,0.99662304
1244,PRSS23,0.99731165
1245,SMARCA4,0.9840192
1246,KDM2A,0.99125725
1247,SLTM,0.98799115
1248,HMGN2,0.9942861
1249,BAIAP2,0.9916841
1250,PPP2R5C,0.9932381
1251,C8orf59,0.99027145
1252,ABCF1,0.99557936
1253,KLF4,0.98296845
1254,GJB3,0.9700808
1255,UBE2D2,0.9934858
1256,CAPRIN1,0.99389195
1257,NDUFA10,0.9940295
1258,THBD,0.9808506
1259,CTSZ,0.9912926
1260,UQCRC2,0.99462605
1261,TAX1BP1,0.9957749
1262,GADD45GIP1,0.9963219
1263,UBE2M,0.9967828
1264,ATP5F1,0.99615276
1265,PIEZO1,0.9887108
1266,GRK2,0.9931073
1267,FKBP9,0.99582773
1268,RPLP1,0.96893495
1269,PTGFRN,0.99822176
1270,DIAPH1,0.99338496
1271,TPBG,0.9900591
1272,STK11,0.9955073
1273,TNKS1BP1,0.9961706
1274,PFKL,0.9946879
1275,VKORC1,0.99599713
1276,GCN1,0.9936922
1277,HNRNPUL1,0.993323
1278,PSMC1,0.9919377
1279,VPS35,0.9793755
1280,NDUFB2,0.98560697
1281,LAMTOR1,0.9957622
1282,WDR83OS,0.9808517
1283,PHB2,0.99034005
1284,MICALL1,0.9902492
1285,SPCS3,0.9960582
1286,NOSIP,0.9964821
1287,CTNNBIP1,0.99245155
1288,IFNGR1,0.9873549
1289,AUP1,0.996685
1290,C1orf43,0.9865333
1291,EIF2S1,0.99455804
1292,CEBPD,0.99561715
1293,MAEA,0.9939067
1294,SLC44A1,0.988022
1295,ZNHIT1,0.9959209
1296,LDHB,0.9907672
1297,RNF11,0.9845618
1298,F11R,0.9935307
1299,ADAR,0.99337816
1300,PICALM,0.9945759
1301,KLF10,0.9904529
1302,TSPYL1,0.9901257
1303,FAM84A,0.9868369
1304,BUD31,0.9864847
1305,FAM83G,0.9867733
1306,CES2,0.9790635
1307,CHD3,0.99725
1308,TOR1AIP2,0.9933106
1309,RBBP6,0.9910275
1310,SQRDL,0.9937357
1311,KIAA0930,0.9733096
1312,WAC,0.98837066
1313,NPTN,0.99732584
1314,C11orf58,0.9901706
1315,COL27A1,0.99111503
1316,MBD2,0.99704134
1317,TMEM50A,0.97506857
1318,SSFA2,0.987657
1319,CSNK1G2,0.9938554
1320,PTEN,0.991136
1321,SNX3,0.98521906
1322,GNA15,0.97991776
1323,SLC9A3R1,0.9801138
1324,S100A13,0.9975473
1325,NAMPT,0.9876953
1326,NDUFC2,0.9895031
1327,ATP1B1,0.9897558
1328,AKR1A1,0.9946246
1329,SRP14,0.99493825
1330,HRAS,0.99665064
1331,CHMP1A,0.9896283
1332,ATP5D,0.99524975
1333,MXRA7,0.99786615
1334,PRPF19,0.99430186
1335,SDC4,0.99330384
1336,DLGAP4,0.98777354
1337,BRK1,0.9912949
1338,OSTC,0.9962936
1339,HSPA9,0.99542326
1340,HNRNPA0,0.9907699
1341,IL13RA1,0.982421
1342,C19orf53,0.9931332
1343,REEP4,0.98408806
1344,RANGAP1,0.99146926
1345,R3HDM4,0.996492
1346,UBE2V2,0.9940708
1347,KPNA4,0.9927677
1348,FAM83A,0.98645407
1349,CMPK1,0.984938
1350,AQP1,0.9940879
1351,MAPKAPK2,0.9755124
1352,SDR16C5,0.9859328
1353,SLC39A1,0.995809
1354,NIPAL4,0.98694605
1355,SEPT2,0.98647475
1356,NOP56,0.9922017
1357,AKR1C1,0.9930161
1358,CARM1,0.99496454
1359,IGFBP3,0.9619327
1360,ANXA7,0.9950514
1361,BAP1,0.99671227
1362,STRAP,0.9966803
1363,NDFIP1,0.99226177
1364,EVPL,0.9943538
1365,FAT1,0.99728465
1366,UFC1,0.9943324
1367,PLK2,0.98791975
1368,YY1,0.99250144
1369,COPZ1,0.9970776
1370,DNAJC7,0.9899883
1371,RTCB,0.9941578
1372,CCAR1,0.9943055
1373,AC013461.1,0.99083656
1374,RDH11,0.9890453
1375,CELF1,0.99667436
1376,LAMB1,0.99735475
1377,GTF2I,0.9876171
1378,LYPLA1,0.9909758
1379,CERS3,0.9930531
1380,CRTAP,0.99746835
1381,LTBR,0.9895121
1382,TCEB1,0.9956628
1383,CPE,0.99483275
1384,TBL1XR1,0.99394584
1385,TMCO1,0.98968196
1386,PYGB,0.9906594
1387,SH3PXD2A,0.98850316
1388,ERBB3,0.9880829
1389,MRPL12,0.99113065
1390,EFNB1,0.9915738
1391,SRSF1,0.9977046
1392,MRPL27,0.99557745
1393,TNRC6A,0.99349725
1394,C12orf57,0.99180806
1395,SNF8,0.99520695
1396,ANXA11,0.99759096
1397,RTFDC1,0.9926684
1398,OST4,0.99176246
1399,SPTAN1,0.9947079
1400,PGRMC1,0.9926582
1401,KIAA0100,0.9953992
1402,TRIM28,0.995616
1403,AKAP13,0.99254453
1404,UBALD2,0.9964446
1405,ANKLE2,0.9906682
1406,TUBA1C,0.98420537
1407,MOB1A,0.989387
1408,HSD17B12,0.9772978
1409,DNAJB2,0.9935402
1410,RHOD,0.99206865
1411,EPS8L1,0.9886561
1412,BAG6,0.99485904
1413,AHCY,0.99211603
1414,NARS,0.97316283
1415,CHPF,0.99450415
1416,HMGCR,0.99115556
1417,MANF,0.99492335
1418,RAB5B,0.98699003
1419,HSPA4,0.99636656
1420,MARK3,0.99606705
1421,EWSR1,0.99516755
1422,CD276,0.9937189
1423,CTNND1,0.9832024
1424,DAD1,0.9931545
1425,EIF4EBP2,0.9921038
1426,PDIA4,0.9974745
1427,HMOX1,0.9949434
1428,EBP,0.9957183
1429,ODC1,0.98806953
1430,BAZ2A,0.9967046
1431,PAM,0.9947446
1432,CNOT1,0.9945026
1433,UBE2Z,0.9964485
1434,SLC38A1,0.9933394
1435,SNRPF,0.99377245
1436,NSG1,0.99462223
1437,CHMP3,0.99456114
1438,ARID1B,0.9917893
1439,GARS,0.9900627
1440,ATOX1,0.9830041
1441,LMAN1,0.9773581
1442,USP7,0.9887552
1443,CHMP2A,0.9898529
1444,FBXW5,0.9965295
1445,PDAP1,0.9940803
1446,SIRPA,0.96560574
1447,DDX1,0.99379903
1448,LAMTOR5,0.99550086
1449,SMG1,0.993462
1450,SRPRB,0.995432
1451,HP1BP3,0.9958294
1452,SRSF7,0.9969336
1453,RALY,0.9976519
1454,ALYREF,0.99431527
1455,SNX6,0.9942875
1456,TGOLN2,0.9974616
1457,GALNT1,0.99209154
1458,GID8,0.9884349
1459,NELFE,0.99636185
1460,PLXDC2,0.9913002
1461,PITX1,0.9740124
1462,SF3B2,0.99684113
1463,DCTN1,0.995932
1464,NPIPB5,0.99494416
1465,FBLIM1,0.99096453
1466,BAZ1A,0.9877901
1467,SREBF2,0.9875108
1468,ATP6V0D1,0.98456955
1469,RTF1,0.9915153
1470,SPON2,0.99563265
1471,TMEM259,0.98588026
1472,DARS,0.9949354
1473,SND1,0.9921971
1474,MFN2,0.996994
1475,APOL1,0.9911243
1476,WIPI2,0.98776746
1477,POLR2A,0.99189436
1478,NCOA4,0.9809963
1479,CCNL2,0.9889152
1480,PTOV1,0.99533695
1481,GNG5,0.99568856
1482,YME1L1,0.9904148
1483,CSE1L,0.9969483
1484,RAB13,0.99138355
1485,PSMA5,0.99465203
1486,MARCH7,0.99099994
1487,GRSF1,0.9970794
1488,GLRX3,0.9879232
1489,PPP1R13L,0.84694463
1490,ARGLU1,0.9941888
1491,DHRS7,0.9843897
1492,ANAPC5,0.9971505
1493,PPIF,0.9732776
1494,IPO5,0.9975222
1495,FAM134C,0.98198503
1496,PRKCSH,0.99237317
1497,HADHB,0.989048
1498,UBQLN1,0.9937136
1499,SOWAHC,0.9893415
1500,YIF1A,0.99473554
1501,GPI,0.9931575
1502,MYOF,0.9928676
1503,EIF3J,0.99286515
1504,NDUFA6,0.99506634
1505,EIF4A2,0.99609363
1506,CCT2,0.9946849
1507,TPP1,0.996265
1508,OGT,0.9913072
1509,BRI3,0.9975499
1510,FAM120A,0.9980676
1511,KIAA0368,0.9936381
1512,INTS1,0.98999757
1513,PSMA2,0.99669707
1514,DENR,0.99200195
1515,MRPL57,0.99438953
1516,GGCT,0.980134
1517,RAB5A,0.9685146
1518,NEMF,0.9929127
1519,SRSF6,0.9962467
1520,DEK,0.99624234
1521,AP1B1,0.992554
1522,DGKA,0.98432094
1523,SSRP1,0.9937841
1524,MRPL28,0.99378246
1525,UBXN4,0.99629533
1526,NDUFB8,0.99275815
1527,TARDBP,0.9965654
1528,C7orf73,0.9916886
1529,ABI1,0.9879951
1530,CCDC85B,0.99535006
1531,ALDH2,0.981226
1532,EHD1,0.99033886
1533,ANAPC11,0.9943218
1534,STAT6,0.9965682
1535,NUMA1,0.9902863
1536,PML,0.99256605
1537,UBE2G2,0.9973805
1538,LIMK2,0.9953876
1539,USP34,0.99555665
1540,MAT2A,0.9937432
1541,NET1,0.99492306
1542,KCMF1,0.9850165
1543,NDUFA13,0.98804647
1544,RUNX1,0.9959911
1545,TSN,0.99646777
1546,HNRNPR,0.99671024
1547,NBPF14,0.98396647
1548,TAF15,0.99507743
1549,NXN,0.99309254
1550,PPIB,0.9950234
1551,CRIP2,0.9977479
1552,C20orf24,0.9931558
1553,SPTSSA,0.99043536
1554,NFKB1,0.9945567
1555,RARS,0.9959777
1556,TLE3,0.99028057
1557,IGFL1,0.9728424
1558,MYO5A,0.9908252
1559,NDUFV1,0.9950305
1560,RNPS1,0.99569505
1561,UQCRFS1,0.99479944
1562,IPO7,0.9963505
1563,G3BP2,0.9957926
1564,ORMDL2,0.98170847
1565,SPCS2,0.996352
1566,CCDC47,0.988611
1567,SSTR2,0.9932919
1568,ADAM10,0.9969659
1569,KMT2E,0.9945023
1570,PAFAH1B2,0.9930044
1571,CDC42SE1,0.9939779
1572,ANTXR1,0.99412185
1573,ARPP19,0.9976509
1574,SUPT5H,0.9928243
1575,ZDHHC5,0.99447346
1576,MRPL23,0.9945942
1577,SPINT1,0.9940186
1578,POLR2E,0.9947738
1579,BHLHE40,0.9872941
1580,POLE3,0.9956565
1581,SBNO2,0.989813
1582,H2AFV,0.99622464
1583,NSFL1C,0.99070114
1584,RRM1,0.9937647
1585,CUTA,0.9936402
1586,RREB1,0.9931006
1587,ZFP36,0.97008675
1588,LSM5,0.99787396
1589,TWF1,0.95047164
1590,UBE2N,0.99356174
1591,MARCH6,0.9974713
1592,AKAP9,0.99586827
1593,MCTS1,0.99343085
1594,COX5B,0.995577
1595,NOP58,0.9912716
1596,PAPOLA,0.99411076
1597,WDR26,0.9850318
1598,DUSP3,0.9917006
1599,C17orf89,0.9960471
1600,INF2,0.9951346
1601,TSTA3,0.9892928
1602,HNRNPUL2,0.995459
1603,BOLA2B,0.99316406
1604,THBS1,0.99746686
1605,PRKDC,0.99651766
1606,NSA2,0.99173206
1607,S100A7,0.9879051
1608,TRIP6,0.9968553
1609,SLC27A4,0.98819137
1610,PHC2,0.9969916
1611,CCNL1,0.9946134
1612,PSMB1,0.9948128
1613,PSMF1,0.9959449
1614,ARF4,0.9946463
1615,FRMD6,0.9912993
1616,SYNE2,0.9934131
1617,CNP,0.9925763
1618,BAG1,0.99245274
1619,ESD,0.9954333
1620,RALA,0.98688185
1621,NBEAL2,0.9842928
1622,MMP24-AS1,0.9921361
1623,ITPR3,0.9916684
1624,SLC7A8,0.9948971
1625,SEL1L,0.9927744
1626,HECTD1,0.9790102
1627,SCEL,0.9950849
1628,GPX3,0.99307084
1629,UBE2R2,0.9944511
1630,MYO6,0.99073046
1631,CDC42BPB,0.9851577
1632,ATP6V1A,0.9892564
1633,TLN1,0.99627936
1634,SLC35F6,0.98874474
1635,EMC4,0.99160534
1636,B4GALT2,0.9947567
1637,NPIPB4,0.99044406
1638,H3F3C,0.9946441
1639,ADD1,0.9953561
1640,GOLGB1,0.995191
1641,NOTCH2,0.9570727
1642,FAM210B,0.99436593
1643,FAM98A,0.9924876
1644,EPRS,0.99564266
1645,LSM7,0.99460226
1646,CREG1,0.99415076
1647,TJP1,0.98089534
1648,CHD8,0.99471116
1649,GRHL1,0.9962764
1650,CRIM1,0.9841266
1651,IGFBP6,0.9661248
1652,TMEM258,0.99661463
1653,HIPK2,0.99463904
1654,MFSD5,0.97934854
1655,ARL6IP5,0.99625975
1656,FNTA,0.9959148
1657,SLK,0.99230826
1658,B4GALT1,0.9927319
1659,NID1,0.9929675
1660,UHMK1,0.99546224
1661,POF1B,0.9883541
1662,ARL8B,0.98365456
1663,TTLL12,0.9968473
1664,PRRG4,0.98386645
1665,MRPS16,0.99553543
1666,TMEM30A,0.9889711
1667,SULT2B1,0.9756165
1668,ERP29,0.99597293
1669,ZFAND5,0.9885896
1670,RBMX,0.9974288
1671,ACTR1A,0.977016
1672,IFNGR2,0.99251753
1673,ADIPOR2,0.9896426
1674,LRPAP1,0.9947931
1675,AGPAT2,0.9941187
1676,ACSL1,0.9888698
1677,LTBP1,0.99397415
1678,GORASP2,0.996237
1679,PSEN1,0.98478854
1680,LAPTM4B,0.9957077
1681,MAPK1IP1L,0.9929556
1682,VPS26A,0.98695034
1683,HDAC1,0.99254894
1684,PNRC1,0.9955765
1685,PTPN12,0.99477285
1686,SERPINF1,0.9931503
1687,NBPF19,0.97853285
1688,CS,0.9893454
1689,ANKRD11,0.99735516
1690,ERGIC1,0.9970079
1691,RAB5C,0.9939619
1692,STAU1,0.9960669
1693,RP11-231C14.4,0.987174
1694,TNFAIP1,0.9938781
1695,HOMER3,0.9958961
1696,SGK1,0.9893085
1697,NNMT,0.99330676
1698,PARP14,0.99668735
1699,MBD3,0.9949901
1700,FAM32A,0.99414426
1701,ERBB2,0.96057093
1702,CHCHD1,0.9951591
1703,ATP6V1F,0.9842187
1704,HIPK3,0.9755313
1705,PDCD6,0.995472
1706,NAV1,0.9931371
1707,PHIP,0.9952496
1708,PHF14,0.98907
1709,SPCS1,0.9949527
1710,BLMH,0.99437904
1711,MAN1B1,0.99735224
1712,KHSRP,0.9906303
1713,SEC11A,0.99353606
1714,PRCP,0.98662186
1715,FKBP3,0.9949522
1716,SPG7,0.99413407
1717,MMP9,0.991
1718,NUTF2,0.9807433
1719,PRKAR2A,0.98972166
1720,GAS6,0.99514806
1721,GOT2,0.9942607
1722,NELFB,0.9943024
1723,TAP2,0.99617404
1724,MGLL,0.9943813
1725,TIMM17A,0.99357694
1726,NDUFB11,0.99438167
1727,SRP68,0.993333
1728,POLD2,0.9840938
1729,SRSF4,0.9974246
1730,BRMS1,0.993604
1731,BECN1,0.9954673
1732,TALDO1,0.98969215
1733,HN1L,0.9862649
1734,BCLAF1,0.99674255
1735,SRPRA,0.9936869
1736,ASAH1,0.99681026
1737,SMARCC1,0.993595
1738,RAP2B,0.9906295
1739,PLXNB1,0.99020416
1740,HES1,0.9937668
1741,SAP30BP,0.99641967
1742,PHLDA3,0.9799406
1743,MAPK1,0.9948842
1744,HMOX2,0.9940892
1745,RABL6,0.9827038
1746,PPP2R2A,0.9835155
1747,MFSD2B,0.98084027
1748,YARS,0.9939371
1749,VPS28,0.99741465
1750,LAP3,0.9862935
1751,THOC2,0.9937691
1752,COL12A1,0.9933785
1753,GRINA,0.97664714
1754,RBM26,0.99684465
1755,NOL7,0.9925806
1756,DUSP23,0.9963577
1757,BPTF,0.9949055
1758,ALDH3B2,0.99074274
1759,ZC3H11A,0.99314123
1760,VAMP3,0.99214023
1761,C11orf31,0.9961862
1762,RBPJ,0.9978009
1763,RBFOX2,0.9953955
1764,SF3B6,0.9957554
1765,POLR2G,0.9967782
1766,COPS6,0.9965259
1767,CCDC85C,0.9753895
1768,POLDIP2,0.9869346
1769,ATRX,0.99365413
1770,CYC1,0.9934807
1771,CDCP1,0.9882677
1772,PPT1,0.99183357
1773,LDLR,0.9951432
1774,HLA-F,0.99722004
1775,CSNK2A2,0.99477917
1776,ARHGAP1,0.98973775
1777,NAP1L4,0.99536246
1778,MRPL14,0.9971183
1779,MTCH2,0.9947682
1780,DUOX1,0.99329364
1781,TXNL1,0.993701
1782,EID1,0.9960132
1783,HNRNPH3,0.99740636
1784,C19orf70,0.9947951
1785,NMT1,0.9928104
1786,ZRANB2,0.99556184
1787,RALB,0.99439174
1788,HIST2H2AA3,0.99257
1789,AKT1S1,0.99479145
1790,SSNA1,0.99210906
1791,TRAF7,0.99400353
1792,TOMM22,0.9815276
1793,GOLGA8A,0.8627909
1794,SNRNP200,0.9952268
1795,SRM,0.9951214
1796,ENDOD1,0.987295
1797,NABP1,0.98571366
1798,CPNE3,0.9954642
1799,NENF,0.9946198
1800,GTF3C6,0.9890342
1801,ABCA12,0.9920689
1802,TMEM147,0.9782521
1803,CTSV,0.98569065
1804,RCN2,0.98878586
1805,IRF6,0.99484634
1806,UBA6,0.99226874
1807,ADM,0.99275553
1808,TNFSF10,0.988746
1809,SNX17,0.99614215
1810,SMARCE1,0.9937912
1811,CYB5B,0.99291086
1812,SUN1,0.99690086
1813,WBP2,0.9866719
1814,MLLT4,0.9931406
1815,COL5A3,0.9929672
1816,AMD1,0.9925295
1817,TRAPPC2L,0.9878197
1818,WTAP,0.99646777
1819,SERPINH1,0.99551755
1820,PAICS,0.9951721
1821,ASPH,0.9954933
1822,PQLC1,0.9937558
1823,LAMA3,0.9872158
1824,EBNA1BP2,0.99414605
1825,COTL1,0.99715275
1826,PUF60,0.9932951
1827,PPP2R2C,0.9923437
1828,SEC63,0.99540466
1829,MMADHC,0.9913794
1830,HIST2H2AA4,0.9913165
1831,SEPT7,0.9947055
1832,CCM2,0.9958983
1833,TRA2A,0.9971128
1834,BAG3,0.9956003
1835,NPIPB3,0.9959235
1836,UBE3A,0.99476707
1837,LAMA5,0.992982
1838,UBE2F,0.9960869
1839,TAF13,0.9917013
1840,PLA2G4E,0.9907222
1841,GLUD1,0.995357
1842,CLIC4,0.9957892
1843,ADI1,0.997196
1844,RIN1,0.99486876
1845,AHCYL1,0.9859097
1846,MYDGF,0.9982105
1847,EIF2S3,0.99388885
1848,CCT8,0.9962652
1849,PIH1D1,0.9875814
1850,CSNK2A1,0.9941852
1851,MDFI,0.9949626
1852,C14orf1,0.9838825
1853,RND3,0.98646355
1854,ATP2B1,0.9954523
1855,SNRPB2,0.99466115
1856,SLC44A2,0.9930313
1857,FBXW7,0.9943814
1858,APEX1,0.99053013
1859,PCMT1,0.99422157
1860,SUMO3,0.9927335
1861,DNM2,0.9937148
1862,ADRM1,0.9957878
1863,TSR3,0.994184
1864,ZNF706,0.9934178
1865,FBXO9,0.9923805
1866,SFT2D2,0.9910489
1867,EXOC4,0.99694645
1868,FLG2,0.98301846
1869,SLC16A3,0.99621093
1870,PPP1R12A,0.9928646
1871,DDX18,0.9897811
1872,SUPT16H,0.9959045
1873,FIS1,0.99513656
1874,TMX2,0.9975228
1875,ACAA1,0.99283576
1876,ABR,0.98926634
1877,SMARCD2,0.99614555
1878,NDUFA9,0.9971643
1879,NDFIP2,0.9893046
1880,AAMP,0.9972514
1881,CNOT2,0.9853974
1882,BLVRB,0.98732495
1883,PUM1,0.9957964
1884,TIMM23,0.9864544
1885,NKTR,0.9968458
1886,AKR1C2,0.99260163
1887,SREBF1,0.9942799
1888,NUCB1,0.99796486
1889,ECHS1,0.9943571
1890,SH3GLB1,0.9939478
1891,SEC11C,0.99503833
1892,TAOK1,0.99330366
1893,CA2,0.98493207
1894,SMAP1,0.9935888
1895,ZFP91,0.99349505
1896,NPLOC4,0.99243474
1897,DDR1,0.99082375
1898,SORT1,0.9958305
1899,RSL1D1,0.99471474
1900,NDUFAB1,0.99494714
1901,MYO10,0.99402404
1902,OCIAD1,0.9934341
1903,GSTK1,0.9939873
1904,RNPEPL1,0.99551725
1905,RAB3D,0.97733045
1906,PTPA,0.98915327
1907,TMBIM4,0.9966761
1908,DDX42,0.99373555
1909,RNF10,0.99340343
1910,KDM5B,0.99092025
1911,MRPL17,0.99473274
1912,SUGT1,0.99556875
1913,CAND1,0.9955184
1914,RNF141,0.9645891
1915,OS9,0.9925403
1916,KIFC3,0.97658986
1917,DPP9,0.9955901
1918,TCOF1,0.9875064
1919,CORO1C,0.98735064
1920,AMOTL1,0.99444604
1921,BSDC1,0.99415725
1922,CHMP4B,0.97339493
1923,IGSF3,0.9953296
1924,RHOG,0.9947035
1925,AFF4,0.99246657
1926,IFRD2,0.9881649
1927,IGFBP5,0.99688536
1928,PSME3,0.99273163
1929,RP11-347C12.1,0.99312943
1930,AP1S1,0.99441844
1931,CUL4A,0.9974917
1932,DNAJA1,0.9912088
1933,IGFL2,0.99195707
1934,TMEM189,0.9932914
1935,C1S,0.9941338
1936,RNF167,0.9836746
1937,TPR,0.9955267
1938,PGLS,0.99453074
1939,C9orf3,0.99511194
1940,RAB14,0.9861134
1941,KCTD1,0.9937597
1942,CDK5RAP3,0.9970079
1943,KRR1,0.99433464
1944,ZBTB4,0.98238134
1945,C1orf122,0.99147266
1946,SLC38A10,0.997382
1947,KDSR,0.9940707
1948,SPPL2A,0.9971956
1949,CLUH,0.99421716
1950,PPCS,0.9867643
1951,ANAPC16,0.9962089
1952,DICER1,0.99583304
1953,STOML2,0.994018
1954,SDCBP2,0.99613506
1955,SDHA,0.9951694
1956,FOXN3,0.9934153
1957,LARP4B,0.9953368
1958,CTSL,0.98035425
1959,FBLN1,0.9942573
1960,PSMC2,0.99349624
1961,EIF4E,0.995443
1962,TNPO1,0.990611
1963,TMEM134,0.9926026
1964,SEC16A,0.99619687
1965,SELT,0.9953458
1966,N4BP1,0.9935343
1967,GGNBP2,0.99454105
1968,YPEL5,0.9940468
1969,GPS1,0.9943936
1970,SEMA4B,0.98497593
1971,POLE4,0.9957683
1972,UBE2E1,0.98548484
1973,PSMG1,0.9928329
1974,IDH2,0.98893493
1975,KIF1B,0.9926956
1976,RBBP7,0.9967283
1977,NAA38,0.9955471
1978,LGMN,0.99458385
1979,TPRG1L,0.99292797
1980,NOMO1,0.994788
1981,RNF126,0.98275805
1982,NUFIP2,0.9956412
1983,RHOB,0.99638844
1984,SMAD2,0.99484146
1985,SEMA3F,0.9913547
1986,PMVK,0.9920585
1987,MAPK3,0.988899
1988,DUT,0.9902341
1989,PPP3CA,0.99462855
1990,MAP3K11,0.99601984
1991,COMT,0.99478334
1992,PAWR,0.97234714
1993,PSMC6,0.9955503
1994,IFITM2,0.9956266
1995,DYNLL2,0.9951577
1996,PSMD12,0.9921423
1997,LENG8,0.9947157
1998,RANBP2,0.9955085
1999,RWDD1,0.98839855
2000,STEAP4,0.9897602
2001,TRIM44,0.9976743
2002,THRAP3,0.99513906
2003,DNM1L,0.9949703
2004,FBN1,0.9967259
2005,ATP6V1B2,0.96180487
2006,ANXA4,0.99124676
2007,KPRP,0.99033403
2008,SLC22A23,0.99322695
2009,SLC35A4,0.992192
2010,GPBP1L1,0.9930386
2011,APEH,0.99275786
2012,C1orf116,0.97331965
2013,ANAPC7,0.9960899
2014,SAMHD1,0.9961235
2015,CBWD1,0.9964955
2016,PFKP,0.9941275
2017,GTF3A,0.99641377
2018,COPA,0.99468625
2019,PLBD1,0.99443
2020,PLEKHJ1,0.99547124
2021,TRAPPC3,0.99504286
2022,EIF4E2,0.99024147
2023,RAD21,0.993952
2024,PNN,0.99691117
2025,GNAQ,0.9955218
2026,ZNF770,0.98566866
2027,SUPT4H1,0.99421036
2028,MAPK13,0.9849663
2029,ATP6V1D,0.99433124
2030,ATRAID,0.9900443
2031,RSL24D1,0.9966227
2032,PLEKHM2,0.9949605
2033,ETFB,0.99624956
2034,PTK7,0.9967029
2035,KRT78,0.9919374
2036,IARS,0.995562
2037,ADAM17,0.995302
2038,SREK1,0.9956942
2039,COPE,0.99660087
2040,HDAC2,0.9968834
2041,SNU13,0.9966131
2042,RHBDD2,0.9941439
2043,SPAG9,0.96583295
2044,COMMD6,0.9954458
2045,NDST1,0.9837472
2046,LNPEP,0.98967844
2047,USP14,0.9950497
2048,WDR13,0.9951694
2049,WNT5A,0.9936573
2050,UACA,0.9869523
2051,GPR107,0.9952521
2052,LSM14A,0.9898472
2053,DUSP14,0.9851559
2054,ZDHHC3,0.99638796
2055,UBE2B,0.9946571
2056,CD2BP2,0.99763745
2057,UBTF,0.9948861
2058,MAP3K12,0.98938227
2059,NAPRT,0.9860677
2060,REXO2,0.992659
2061,TJP2,0.9842412
2062,NR3C1,0.99509907
2063,STK25,0.9966199
2064,CALR,0.9953374
2065,RIC8A,0.99498504
2066,NAA20,0.989241
2067,TMEM45B,0.994409
2068,TOP1,0.98843664
2069,EIF2AK1,0.9922254
2070,DDX54,0.9964401
2071,RBP1,0.9547021
2072,WDR46,0.9970656
2073,ITSN2,0.9920253
2074,MXD1,0.98897237
2075,SH3GLB2,0.9828199
2076,LCP1,0.9954688
2077,USP9X,0.9921515
2078,TMEM43,0.9958365
2079,DHX15,0.99417096
2080,TSPAN3,0.99342126
2081,TM4SF1,0.9831158
2082,OCIAD2,0.9919318
2083,NECTIN2,0.9968166
2084,SERPING1,0.99721855
2085,SCARB2,0.9961065
2086,HMGN3,0.9950008
2087,FAM177A1,0.99484026
2088,CTR9,0.9926774
2089,PDLIM2,0.9928059
2090,MBTPS1,0.99715304
2091,PTGS1,0.9831735
2092,XPO6,0.9967198
2093,XPO1,0.9827145
2094,LY6G6C,0.9945072
2095,NUP50,0.995211
2096,DHCR7,0.9943149
2097,NRDC,0.99575996
2098,LOXL2,0.99253285
2099,CHD2,0.99210715
2100,TM7SF2,0.9919066
2101,TMEM167A,0.99648046
2102,ATP6V1E1,0.9935578
2103,PITRM1,0.99221164
2104,CPSF3L,0.99416655
2105,MRPS15,0.9935931
2106,TNFRSF12A,0.97823197
2107,BTG3,0.995877
2108,PDS5A,0.9917998
2109,HCFC1R1,0.991413
2110,EIF4EBP1,0.990979
2111,GOLGA2,0.9944608
2112,MSL1,0.995734
2113,PITPNB,0.99256015
2114,QKI,0.98797995
2115,PDCD5,0.9937354
2116,MAP1LC3B,0.9808573
2117,CEP170B,0.98748404
2118,EXOC7,0.9950612
2119,TAF1D,0.9967471
2120,FPGS,0.99468863
2121,THOC7,0.99388117
2122,TMEM184B,0.9979317
2123,ZMAT2,0.9906411
2124,TRIOBP,0.99542195
2125,ZBTB7B,0.98876774
2126,PPIG,0.9942021
2127,UQCC2,0.9952448
2128,RAB6A,0.9922614
2129,DPP7,0.9963568
2130,ARFGAP2,0.99690855
2131,LFNG,0.9942273
2132,MBOAT7,0.99223405
2133,CKB,0.9872623
2134,MAVS,0.9967484
2135,TMEM127,0.9950398
2136,IK,0.9903945
2137,RBM5,0.9951152
2138,EMD,0.99438745
2139,KLF3,0.9893787
2140,CD14,0.9875039
2141,SNRPG,0.9966065
2142,BMP1,0.99653894
2143,PCNP,0.99512047
2144,GOLPH3,0.9974512
2145,ZCRB1,0.99417716
2146,C1orf21,0.99599195
2147,DERL1,0.99651784
2148,ACP1,0.9944417
2149,BOD1L1,0.993892
2150,SH3GL1,0.98548263
2151,TSPAN14,0.99228406
2152,TNFRSF25,0.9965952
2153,SELM,0.99542314
2154,SLC1A5,0.99452466
2155,OGDH,0.9937995
2156,MCM7,0.9938039
2157,ZNF655,0.9932616
2158,FMOD,0.99677163
2159,MRC2,0.9970063
2160,SDF2L1,0.9959055
2161,CCDC80,0.9919793
2162,ZNF503,0.9936214
2163,FEM1B,0.9949072
2164,RBM17,0.9936183
2165,COA3,0.99534386
2166,MARK2,0.9939319
2167,ELOVL4,0.9931066
2168,VARS,0.99687964
2169,CBWD2,0.9924929
2170,MOGS,0.992255
2171,AZGP1,0.9931398
2172,DDX39A,0.99654335
2173,ESYT1,0.99209154
2174,ASS1,0.9940995
2175,PPP2R5E,0.9911919
2176,BAZ2B,0.99416023
2177,PPP6C,0.9922284
2178,TUFT1,0.99116176
2179,CSNK1D,0.9964968
2180,MAN2A1,0.9876563
2181,PRELID3B,0.9745238
2182,DDX46,0.99617165
2183,MAGED1,0.9963158
2184,DTX3L,0.9935773
2185,CFLAR,0.99563926
2186,AGAP3,0.99339634
2187,VPS4B,0.994181
2188,SPPL3,0.9949464
2189,PET100,0.9968869
2190,YAP1,0.9950983
2191,IMPAD1,0.9963375
2192,OTUB1,0.9909449
2193,TOMM40,0.98460776
2194,HSPA2,0.99652255
2195,ALDH3A2,0.9942477
2196,SDHC,0.99517244
2197,ARL5A,0.99346197
2198,PPIC,0.9776392
2199,TXN2,0.9972529
2200,NAXE,0.994835
2201,MAPK14,0.98844343
2202,HR,0.98925644
2203,NUDC,0.9926224
2204,NFIB,0.98935574
2205,RSRC2,0.9972062
2206,WFDC12,0.9847079
2207,MEF2A,0.9959194
2208,KIAA1217,0.99614525
2209,GYS1,0.9942453
2210,SLAIN2,0.93367547
2211,MRPL47,0.99835455
2212,LPP,0.99630445
2213,GABARAPL2,0.9883912
2214,MAGT1,0.9953718
2215,ARCN1,0.99716425
2216,PSMD6,0.99124336
2217,IPPK,0.98974663
2218,FBRS,0.9919989
2219,TENM2,0.99625033
2220,LRP1,0.9977295
2221,EMP3,0.9954034
2222,ADSL,0.9928074
2223,PLOD1,0.9958354
2224,MAF1,0.9966169
2225,NDUFS8,0.98298705
2226,CASP1,0.99172807
2227,SRSF10,0.9949314
2228,CLCN3,0.98909795
2229,SERPINB6,0.98302156
2230,GFOD1,0.9931882
2231,FNBP1,0.9946907
2232,EDARADD,0.993691
2233,RTN3,0.9884377
2234,KLC3,0.98970044
2235,DDOST,0.992869
2236,RIN2,0.9959521
2237,LRRC8A,0.9937606
2238,MINK1,0.95647734
2239,EPHB3,0.9950015
2240,NDUFA3,0.9961473
2241,FAM3C,0.995708
2242,PLEKHG3,0.9974845
2243,RPF2,0.996711
2244,ALOX12B,0.99441946
2245,FAAP20,0.992741
2246,PSMD14,0.9911362
2247,DLD,0.9978551
2248,DNAJB11,0.99621964
2249,ETHE1,0.9911247
2250,MGP,0.9936249
2251,PRMT2,0.99391955
2252,TRAPPC1,0.9948619
2253,TMEM33,0.9868138
2254,CISD3,0.99358135
2255,HES2,0.98660254
2256,UGCG,0.9705824
2257,IMP4,0.994394
2258,MYBBP1A,0.99232006
2259,YIPF4,0.9959826
2260,SERINC1,0.9938309
2261,PITHD1,0.9870114
2262,SUMF2,0.99457246
2263,DPYSL2,0.9980262
2264,TOM1,0.9908647
2265,OLA1,0.9975269
2266,MFSD14B,0.9814727
2267,CYSRT1,0.9936627
2268,MFSD10,0.9956505
2269,PLBD2,0.99563223
2270,PABPC3,0.99060214
2271,COQ4,0.9944041
2272,TARS,0.9948488
2273,AGFG1,0.9969063
2274,SLURP1,0.9937443
2275,BCL6,0.98487544
2276,BICDL2,0.97159356
2277,STARD7,0.9963544
2278,ANKRD13A,0.98681504
2279,TCEAL4,0.99615574
2280,EBPL,0.98846865
2281,TRIM16,0.992712
2282,CDIPT,0.99684393
2283,METTL9,0.98942226
2284,PLCB3,0.9965402
2285,SUCLG1,0.99317014
2286,DIP2B,0.99382806
2287,SETD5,0.9933697
2288,NDRG2,0.9868413
2289,F12,0.98902595
2290,PRPF6,0.9966538
2291,UBE2H,0.99523896
2292,ACIN1,0.9938763
2293,UBR5,0.99620706
2294,LMF2,0.99655163
2295,DHX9,0.99349916
2296,TOB1,0.9936273
2297,TIAL1,0.99276596
2298,SLC20A1,0.98971856
2299,BUB3,0.9953606
2300,PUM2,0.9948097
2301,GRB2,0.99453753
2302,PIM3,0.9965064
2303,PQBP1,0.99257654
2304,CDKN2B,0.9759161
2305,MFGE8,0.99422103
2306,NDEL1,0.9950377
2307,SCO2,0.98899066
2308,RAB21,0.9907777
2309,PGM2,0.9907797
2310,DNPEP,0.9957538
2311,WDFY2,0.99395406
2312,TMX1,0.9967521
2313,FAM134A,0.9949229
2314,CTBP2,0.9973239
2315,NFIX,0.9922247
2316,M6PR,0.9962788
2317,JAK1,0.99672085
2318,HSPE1,0.9958453
2319,ZNF750,0.99296343
2320,ZMPSTE24,0.9956826
2321,FKBP8,0.9955481
2322,WIPF2,0.99588674
2323,URI1,0.99680793
2324,FAT2,0.98831546
2325,PCYT1A,0.9942736
2326,BST2,0.9948438
2327,ARHGAP5,0.9946996
2328,FAM168B,0.9967421
2329,HARS,0.9874664
2330,ATP2C1,0.9956598
2331,RRP1,0.9944778
2332,TMEM87A,0.99023384
2333,ANKRD13D,0.99589723
2334,PLAU,0.99146265
2335,ACO2,0.99644715
2336,TFAP2C,0.98706114
2337,FASTK,0.99685097
2338,STIM1,0.99098897
2339,PPP4R3A,0.99584615
2340,ARHGEF1,0.9973196
2341,MED8,0.9947704
2342,RBBP4,0.9962229
2343,RHOT2,0.9964314
2344,UBE2Q2,0.99275416
2345,PIM1,0.98870105
2346,FBXO7,0.9959638
2347,LRPPRC,0.99510574
2348,DNAJA2,0.993163
2349,MAP3K2,0.9957197
2350,SESN3,0.99243706
2351,PWP1,0.98627615
2352,SLC35E1,0.99605227
2353,GLRX5,0.9961287
2354,PRPF4B,0.9950483
2355,CYP4F22,0.99477404
2356,AC113404.1,0.9943309
2357,CRISPLD2,0.9933094
2358,EGLN3,0.9904934
2359,SCAMP2,0.98780894
2360,PSMD4,0.99354225
2361,PRMT1,0.9952354
2362,TBCA,0.9889162
2363,PRRX1,0.9960209
2364,REEP3,0.9913205
2365,SNRPA,0.99510324
2366,GSK3B,0.9982843
2367,COPS2,0.9903212
2368,UBAP2L,0.99746245
2369,LSM2,0.9957615
2370,EMC3,0.9934581
2371,CCDC50,0.99811995
2372,NCK2,0.99409133
2373,ELP2,0.99422055
2374,TCERG1,0.9961526
2375,SGTA,0.99346673
2376,ACBD3,0.9958693
2377,NIPAL2,0.9953011
2378,MESDC2,0.9940099
2379,ARRDC3,0.98862815
2380,FAM89A,0.9919814
2381,STAT3,0.98599035
2382,STX6,0.99474305
2383,ACOT7,0.99461144
2384,CAPZA2,0.9956759
2385,MFHAS1,0.99622285
2386,KLK13,0.94185287
2387,SEPHS2,0.9957717
2388,ACAP3,0.88961154
2389,DR1,0.9921208
2390,PCM1,0.9975616
2391,AMFR,0.9931403
2392,GLTSCR2,0.99351406
2393,NOC2L,0.99625415
2394,MXD4,0.99561477
2395,LETM1,0.9978293
2396,RELA,0.99571097
2397,NOLC1,0.9960207
2398,CLPTM1,0.99557954
2399,MKRN1,0.9936687
2400,OXA1L,0.995382
2401,VMA21,0.9959624
2402,RAB3GAP1,0.9944532
2403,UBQLN2,0.9792092
2404,COPB2,0.9953231
2405,MLLT1,0.99618846
2406,SP100,0.99425864
2407,CHTOP,0.9977291
2408,CPSF7,0.9950825
2409,DEFB4B,0.9554161
2410,NOTCH1,0.9958345
2411,PRDM1,0.9941753
2412,TRMT112,0.9884152
2413,EPHB4,0.9967553
2414,CSK,0.98563683
2415,SNX1,0.9961497
2416,ATP5G1,0.9955605
2417,NOMO3,0.9974154
2418,IER3IP1,0.99286145
2419,SF3A1,0.99593127
2420,EFTUD2,0.997038
2421,LYPLA2,0.996222
2422,BLOC1S2,0.99364436
2423,TMEM184A,0.99426574
2424,POLR2B,0.9929692
2425,GSDMA,0.98532265
2426,BOK,0.98877746
2427,SF3B3,0.9904545
2428,SUPT6H,0.9963364
2429,MTSS1,0.9884863
2430,PHF20L1,0.99586743
2431,FARSB,0.9895678
2432,MKKS,0.9960232
2433,FBXW2,0.9954622
2434,MED15,0.995362
2435,WBSCR22,0.9943868
2436,ATG9A,0.994678
2437,GAPDH,0.99077517
2438,MSRB1,0.97553414
2439,SH3D19,0.99349755
2440,JARID2,0.9931425
2441,CIZ1,0.9967165
2442,TWF2,0.9971741
2443,EXOSC10,0.9973328
2444,GPAT4,0.9916304
2445,DEFB4A,0.97359514
2446,DDX24,0.9973924
2447,FNBP4,0.9955722
2448,CBWD3,0.9950464
2449,TMEM205,0.9979142
2450,ZNF638,0.9954575
2451,ITGB1BP1,0.99487746
2452,PDLIM7,0.99653816
2453,RB1CC1,0.99628896
2454,SLU7,0.99606496
2455,CD55,0.9942344
2456,VPS4A,0.9967787
2457,PPP1R11,0.9948121
2458,TMEM208,0.9955494
2459,CTDSPL,0.9965486
2460,TMUB1,0.99460614
2461,ICMT,0.9920091
2462,ULK1,0.99311537
2463,COPS5,0.99612284
2464,NRAS,0.9901076
2465,KIF13A,0.99326855
2466,PPP1R7,0.9906183
2467,MMS19,0.997563
2468,SMARCA5,0.9959637
2469,ESYT2,0.9973778
2470,ZNF385A,0.98079515
2471,AP1G1,0.9935802
2472,PSME4,0.9911615
2473,STX12,0.99149066
2474,NOP10,0.9952193
2475,UBE2E3,0.99239045
2476,TMEM14C,0.991258
2477,TTC37,0.9916008
2478,TMEM248,0.99306315
2479,HACD2,0.9964507
2480,NSUN2,0.9958387
2481,MBNL2,0.99414873
2482,MYC,0.9874147
2483,TOX4,0.99252087
2484,ZNF593,0.993264
2485,GJB5,0.9933707
2486,TAF10,0.99472785
2487,MMAB,0.99514943
2488,STX4,0.9967589
2489,ALS2CL,0.95649016
2490,IARS2,0.99465555
2491,HEXB,0.9906832
2492,TIPRL,0.9961026
2493,MLEC,0.9963366
2494,LGALS8,0.97973454
2495,ARID1A,0.99585027
2496,SNRPE,0.99396497
2497,U2SURP,0.9967994
2498,FAM50A,0.99684685
2499,ATN1,0.99751854
2500,CEP350,0.9960533
2501,MPRIP,0.9910643
2502,LAMC1,0.98539454
2503,SNRPC,0.99494094
2504,PRPF38B,0.9923474
2505,WBP1L,0.9924737
2506,MPST,0.9933899
2507,ZMIZ1,0.9941329
2508,AP2B1,0.99438316
2509,POM121,0.99522877
2510,GALNT2,0.9873662
2511,UBXN1,0.9981044
2512,LEPROT,0.9942235
2513,EMC6,0.9970662
2514,SH3RF2,0.9910161
2515,CWH43,0.9851553
2516,SS18,0.9952968
2517,MRPL13,0.9921929
2518,ERGIC2,0.994663
2519,DAP,0.9967804
2520,S100P,0.95687455
2521,GNS,0.9966988
2522,SAR1B,0.9963377
2523,TSEN34,0.9945138
2524,DAPK3,0.9915691
2525,ERP44,0.99583775
2526,IMMT,0.99757564
2527,CLDN4,0.99548507
2528,ACSL3,0.99285245
2529,BMP2K,0.9852204
2530,PSMC4,0.9956188
2531,NAB1,0.9969648
2532,PXDN,0.9948205
2533,TMEM9B,0.99635816
2534,C14orf119,0.9961488
2535,ACAP2,0.9950656
2536,ESRRA,0.99552697
2537,BCL11B,0.9938312
2538,ZFAND6,0.99467826
2539,C10orf54,0.99209636
2540,AIDA,0.9948423
2541,TNFRSF21,0.99284935
2542,MAPKAPK3,0.9910795
2543,CAMSAP2,0.992275
2544,ISCU,0.99490714
2545,CBWD5,0.9966191
2546,UGGT1,0.9955214
2547,LAMTOR4,0.99759156
2548,MED13L,0.9955739
2549,SH3BGRL,0.9956474
2550,HLA-DQA1,0.991208
2551,PURA,0.9905179
2552,PSMA3,0.99388427
2553,CWC15,0.99401885
2554,PHPT1,0.99544144
2555,TAF9,0.99453264
2556,SPATS2L,0.99597263
2557,MRPS6,0.9958438
2558,FARSA,0.99562174
2559,MTA2,0.9959122
2560,BNIPL,0.986754
2561,FLII,0.9955664
2562,ARFRP1,0.99270236
2563,BIRC6,0.9939756
2564,NIPBL,0.99488956
2565,AZIN1,0.9922038
2566,RANBP1,0.99535197
2567,USP36,0.99365795
2568,VSIG10L,0.99566025
2569,TGFBR1,0.99404514
2570,SETX,0.9917201
2571,TOP2B,0.9965142
2572,MDH1,0.99324995
2573,KLF13,0.9965291
2574,PARP12,0.99339616
2575,EXOSC6,0.9966318
2576,OSTF1,0.9924702
2577,MFF,0.9963783
2578,ATMIN,0.99029833
2579,CHTF8,0.9958561
2580,HAL,0.98315424
2581,DNAJC10,0.9972576
2582,NANS,0.9944856
2583,ZCCHC6,0.9775934
2584,CLPTM1L,0.9967701
2585,NDUFB5,0.9957281
2586,POM121C,0.99663115
2587,MANBAL,0.98925513
2588,PLEK2,0.9912092
2589,DDRGK1,0.98874354
2590,ACP5,0.9865868
2591,PNRC2,0.99607104
2592,ACLY,0.98512685
2593,C6orf89,0.9969392
2594,NCBP2,0.99584997
2595,ABHD17A,0.9896309
2596,FAM89B,0.9897794
2597,KCTD10,0.99483275
2598,DLG1,0.9941881
2599,NFIA,0.9960122
2600,SCRIB,0.9906027
2601,PPP2CB,0.98145264
2602,HOOK3,0.9949042
2603,IRX2,0.9893934
2604,GPSM2,0.9867383
2605,PES1,0.9975219
2606,GBA,0.98658794
2607,ATG4B,0.99538153
2608,STIP1,0.99462926
2609,ESRP2,0.97906834
2610,TMEM131,0.99335
2611,SF3A3,0.9952863
2612,RARG,0.9908874
2613,TNPO2,0.9948558
2614,ATXN10,0.9930033
2615,TNFAIP2,0.99524754
2616,IDS,0.99667156
2617,SPOP,0.9942413
2618,RUVBL2,0.99515104
2619,VSNL1,0.9911081
2620,CLK1,0.99310875
2621,UBAC2,0.9942971
2622,SHMT2,0.99600136
2623,MARS,0.9958072
2624,DNAJC2,0.99467003
2625,SH3BP1,0.99509054
2626,TFRC,0.99516976
2627,GSS,0.9936261
2628,RAD9A,0.99678427
2629,FBXL5,0.9914949
2630,SAMD1,0.9913588
2631,BTBD6,0.9972665
2632,MCRIP1,0.9965348
2633,SBDS,0.9944939
2634,PEF1,0.9953763
2635,BAK1,0.99095356
2636,NDUFS1,0.994738
2637,NDUFS2,0.9938296
2638,KIAA2026,0.99675435
2639,KDM5A,0.9953264
2640,NFKBIZ,0.99690205
2641,TSPAN4,0.99540025
2642,VOPP1,0.9960317
2643,MCFD2,0.99364096
2644,ARSA,0.9978682
2645,ARL4C,0.98995125
2646,GREM1,0.996838
2647,PTPN14,0.99503833
2648,ZMYM2,0.9970444
2649,NDUFV3,0.9952979
2650,ITPR2,0.9944589
2651,NLRX1,0.9947865
2652,HNRNPH2,0.9939131
2653,POLG,0.9960032
2654,DUSP7,0.9954341
2655,NDUFS4,0.99534607
2656,ANP32A,0.99647355
2657,FAM127A,0.9914954
2658,IST1,0.9959935
2659,PAK2,0.9968216
2660,CD93,0.9943787
2661,HDDC2,0.9947925
2662,USO1,0.9927465
2663,SCAMP3,0.9962911
2664,CCNK,0.994769
2665,JAG2,0.99598676
2666,VPS25,0.99709725
2667,SIRT2,0.99389017
2668,CDK16,0.9957198
2669,ACOX1,0.99385065
2670,FH,0.99271965
2671,EIF4G3,0.9951687
2672,IER5,0.99147356
2673,MVD,0.98030365
2674,AP2A1,0.99191874
2675,CCNC,0.99627566
2676,GNL3,0.9964641
2677,RBM10,0.9962453
2678,MRPL3,0.99515724
2679,RALGDS,0.9960059
2680,FUBP1,0.98978996
2681,YIPF2,0.9949579
2682,FAM46B,0.99476254
2683,CEBPG,0.9950417
2684,NARF,0.99530065
2685,ADK,0.9930654
2686,VTI1B,0.9955146
2687,CNN3,0.9948761
2688,AGTRAP,0.9961543
2689,CNIH4,0.9922619
2690,UBE2A,0.99418145
2691,CYBA,0.99397993
2692,MPDU1,0.9970417
2693,TTYH3,0.9936292
2694,UROD,0.99710727
2695,IGF1R,0.99248075
2696,CREBBP,0.99675626
2697,TTC22,0.99110746
2698,MYD88,0.980887
2699,HECA,0.99234825
2700,KMT2A,0.9931385
2701,DAG1,0.99679786
2702,FO538757.1,0.99608576
2703,GBP2,0.983886
2704,SASH1,0.99703896
2705,MUCL1,0.9877973
2706,SERPINE2,0.98913735
2707,BCL2L1,0.9966507
2708,BACH1,0.9948083
2709,STARD10,0.97536707
2710,ECH1,0.98545474
2711,SERPINB2,0.97521794
2712,GSDMC,0.99527323
2713,BNC1,0.9967904
2714,NDUFA5,0.9966025
2715,PARP9,0.99468136
2716,AIMP1,0.9973072
2717,CBX5,0.9950683
2718,MARVELD1,0.996055
2719,PPP1R14C,0.98742515
2720,CTSH,0.9916197
2721,MAPRE1,0.99591833
2722,LONP2,0.9969875
2723,SDHB,0.9969146
2724,BCL9L,0.9972968
2725,CALCOCO2,0.9958418
2726,PHLDA1,0.98097754
2727,PLIN3,0.9539891
2728,RAP1A,0.99535096
2729,MAP2K3,0.9949185
2730,RRAGA,0.98832333
2731,PJA2,0.9910222
2732,CBWD7,0.99224794
2733,PARD6G,0.986254
2734,NUPR1,0.9971706
2735,DEGS2,0.99550295
2736,ARHGAP35,0.9967113
2737,MAP3K6,0.9919942
2738,CYB561,0.9942657
2739,ARNTL2,0.97636646
2740,RBM15B,0.9961477
2741,KIAA2013,0.99613816
2742,STK17A,0.99092627
2743,TMEM214,0.99694693
2744,FOXO3,0.9964761
2745,SFSWAP,0.9952645
2746,TNRC6B,0.994323
2747,SYMPK,0.9960462
2748,UPF3A,0.99405426
2749,PPP4R3B,0.9924921
2750,NCOA3,0.99539584
2751,PRKCDBP,0.9956308
2752,EIF2B5,0.9963015
2753,ETFA,0.99333954
2754,SMTN,0.99134916
2755,FCGBP,0.96804726
2756,FHL2,0.9949096
2757,RING1,0.99777263
2758,CCDC124,0.99371916
2759,LARP7,0.9973404
2760,ALDH7A1,0.99673176
2761,JMJD1C,0.9975301
2762,PIGS,0.99400896
2763,ZC3H15,0.9956019
2764,POR,0.97934246
2765,ME1,0.99269253
2766,TRIM56,0.99452055
2767,RAB22A,0.99687713
2768,ADAM9,0.9938256
2769,TMEM181,0.9966138
2770,GRHPR,0.9958959
2771,TMTC3,0.995923
2772,SRGN,0.9968866
2773,COMMD7,0.9963106
2774,XRN2,0.99753
2775,C19orf24,0.99711883
2776,AMOTL2,0.9946411
2777,GLYR1,0.9951692
2778,USP8,0.9965308
2779,GPBP1,0.99663067
2780,SUCO,0.9951194
2781,GATA3,0.97842443
2782,LTBP2,0.99688727
2783,TRABD,0.9955335
2784,YTHDF1,0.99529934
2785,TUBGCP2,0.99547553
2786,RAD50,0.9970001
2787,SNX5,0.99443847
2788,OAZ2,0.9979822
2789,ETV6,0.99643004
2790,TFDP1,0.9956916
2791,MYO9B,0.9973375
2792,BTG2,0.9956974
2793,PCOLCE,0.9963563
2794,PCYOX1,0.9937621
2795,HSD17B10,0.99635315
2796,C9orf16,0.993387
2797,VPS13A,0.9875424
2798,XAF1,0.99621594
2799,RUSC1,0.99336714
2800,CRK,0.9937715
2801,ARHGAP21,0.99772406
2802,CUL1,0.9945096
2803,ALKBH5,0.9945077
2804,RGS12,0.9948021
2805,NIPA2,0.99407893
2806,SRPK2,0.9950842
2807,YES1,0.99495673
2808,SIGMAR1,0.99411976
2809,NUDT4,0.9970506
2810,AMMECR1,0.9862533
2811,KLC1,0.99766964
2812,MBD1,0.99136364
2813,AHR,0.99495375
2814,GSDMD,0.99781674
2815,EVL,0.993531
2816,NBPF10,0.9867229
2817,ABCF2,0.9963785
2818,CLPX,0.994377
2819,SLC31A2,0.9869411
2820,GBP1,0.98852426
2821,PRPF31,0.99589634
2822,RNF181,0.99338174
2823,VPS13C,0.9965255
2824,SERINC5,0.99197096
2825,RDX,0.99642134
2826,ELMO3,0.99573034
2827,GAS2L1,0.9955384
2828,TEAD3,0.9827848
2829,SYTL1,0.9772349
2830,WDR34,0.9966489
2831,NT5C,0.9963742
2832,HS6ST1,0.99737656
2833,WWTR1,0.9943553
2834,TSPAN17,0.99665457
2835,WHSC1L1,0.99250656
2836,STYXL1,0.9924432
2837,UBLCP1,0.99624723
2838,SFXN3,0.99636465
2839,RNF6,0.9816677
2840,ABCE1,0.9889667
2841,VPS13D,0.9961502
2842,FAM136A,0.9938182
2843,SF3B4,0.99674064
2844,PPARD,0.99306107
2845,RNASE7,0.9892848
2846,SIL1,0.9960358
2847,EGFL7,0.99647003
2848,STAB1,0.99382365
2849,IDE,0.9876946
2850,ARHGEF37,0.99190235
2851,KIFC2,0.98189306
2852,CHCHD10,0.99694055
2853,SLC52A2,0.99476725
2854,GAK,0.9944392
2855,RBM6,0.9957797
2856,USP15,0.9942639
2857,NECAP2,0.9964102
2858,PLEKHM1,0.994997
2859,CPSF6,0.99564356
2860,LTA4H,0.9931067
2861,SLBP,0.9907213
2862,CDC16,0.99525094
2863,CIC,0.99735045
2864,HIP1R,0.9853905
2865,SLC38A5,0.9927114
2866,FRYL,0.9967929
2867,GYG1,0.9909667
2868,SZRD1,0.99434155
2869,USF2,0.9969062
2870,WARS,0.9811738
2871,ARAP2,0.9955219
2872,DRG1,0.99377817
2873,PSMG3,0.99561316
2874,RGL2,0.99350744
2875,CAMLG,0.99704516
2876,PSMD7,0.993828
2877,GPT2,0.9898289
2878,SAMM50,0.9919843
2879,USP47,0.9967194
2880,NRBF2,0.9933267
2881,GOLGA3,0.9967267
2882,ADNP,0.9959163
2883,PTK6,0.9941249
2884,MRPS11,0.9959617
2885,CTSK,0.996185
2886,STT3A,0.9962967
2887,IRF1,0.99665123
2888,ELAC2,0.99366206
2889,C6orf106,0.99705887
2890,MAN1A2,0.99759465
2891,MIB2,0.9889309
2892,XPOT,0.9967391
2893,RAB7B,0.996554
2894,SAMD9,0.9928967
2895,DGAT2,0.99462056
2896,SMC4,0.98423177
2897,TMEM256,0.99644566
2898,YTHDC1,0.99613225
2899,MREG,0.9888708
2900,CACUL1,0.9929288
2901,EPS15,0.99401635
2902,NBR1,0.9966797
2903,ARRDC4,0.9956036
2904,DCAF5,0.9946827
2905,PCNA,0.99037623
2906,NLRC5,0.996364
2907,TMEM109,0.9948212
2908,ERF,0.99572104
2909,COMTD1,0.9949915
2910,PPM1G,0.99635553
2911,F3,0.947407
2912,AAK1,0.99791294
2913,C21orf33,0.99658483
2914,STRA13,0.99296397
2915,VEGFB,0.99408555
2916,SLC25A46,0.996366
2917,PPA2,0.99438274
2918,PPM1F,0.99573714
2919,NPIPB11,0.9928327
2920,FOXK2,0.99602103
2921,DUS1L,0.99699557
2922,TMEM222,0.99604094
2923,CELSR2,0.9965258
2924,MYO1D,0.99388915
2925,MT1E,0.99100757
2926,OSBPL2,0.99328494
2927,LAMB2,0.9962737
2928,VDAC3,0.9944445
2929,DDX56,0.99523604
2930,WDR45B,0.99016255
2931,PACS1,0.994751
2932,IDI1,0.96714324
2933,ZC3HAV1,0.9952824
2934,PTPRA,0.9961989
2935,DENND2C,0.9912923
2936,SIVA1,0.99671197
2937,ADH5,0.9949797
2938,ASH1L,0.99509823
2939,BRD7,0.9947094
2940,WDR43,0.98861134
2941,ITPA,0.9971139
2942,SPRYD3,0.9971505
2943,UBE2Q1,0.9974844
2944,URM1,0.99452746
2945,FRG1,0.99576044
2946,GNA11,0.995046
2947,DDX23,0.99706405
2948,DHRS4L2,0.9949243
2949,CDC123,0.9939973
2950,CTDSP2,0.99154246
2951,IRX3,0.9864719
2952,TMEM106C,0.9954177
2953,STAP2,0.9820319
2954,MFSD1,0.9915227
2955,TSNAX,0.99793553
2956,PPP1R12C,0.9961734
2957,IL6ST,0.99629813
2958,ERAP1,0.995372
2959,FERMT1,0.982262
2960,DGCR2,0.9949126
2961,MAP7,0.9907222
2962,SOX15,0.9892203
2963,TCEAL9,0.994442
2964,GOLGA8B,0.9784221
2965,SENP6,0.99497795
2966,DCAF8,0.9962334
2967,AP3S1,0.9892517
2968,MRPL41,0.99680936
2969,GRPEL1,0.9931107
2970,CLEC2B,0.9882665
2971,ANKRD10,0.99594045
2972,TIA1,0.99537975
2973,ABHD17C,0.99236363
2974,C9orf69,0.9967061
2975,TGFB1,0.99614745
2976,LONP1,0.99546504
2977,FARP1,0.9967113
2978,AFG3L2,0.9955103
2979,BCL3,0.99635285
2980,ALKBH7,0.9973449
2981,MGAT4B,0.9929054
2982,SBNO1,0.9962539
2983,SLC1A4,0.9970491
2984,DHX36,0.99393225
2985,MTHFD2,0.99575526
2986,UPF1,0.99666375
2987,ZKSCAN1,0.9938803
2988,AKAP8,0.9955658
2989,CACYBP,0.9958893
2990,EFEMP1,0.99508053
2991,LUC7L2,0.99796104
2992,ETS1,0.99745023
2993,LRRFIP2,0.9940449
2994,SYF2,0.99779236
2995,NME4,0.9931987
2996,BRWD1,0.9966543
2997,UBP1,0.9976152
2998,GTF2F2,0.99621767
2999,EIF4A3,0.9941357
3000,CLEC2D,0.9948744
3001,ITPK1,0.99496716
3002,RAB35,0.997586
3003,CHID1,0.997826
3004,SRA1,0.99608916
3005,RPA1,0.9935467
3006,BCL7C,0.99511075
3007,DHRS4,0.99110067
3008,DAP3,0.9955162
3009,MRPS12,0.99162275
3010,PREB,0.99293256
3011,RHOV,0.96485084
3012,MRPL55,0.9941253
3013,NECTIN4,0.9938336
3014,DYNLT3,0.9923785
3015,C16orf72,0.9945512
3016,DNAJC8,0.9953051
3017,CERK,0.9968336
3018,TCF3,0.9969298
3019,MYO19,0.99636203
3020,TRPS1,0.9967336
3021,UPF2,0.99469465
3022,EXOC5,0.99291813
3023,NDUFS3,0.9962797
3024,FAM20C,0.99657845
3025,RAB34,0.99565274
3026,ATG12,0.9957984
3027,MRPS18B,0.9969884
3028,EEF1D,0.99496937
3029,HCFC1,0.9970883
3030,UXT,0.99815285
3031,SHARPIN,0.99775827
3032,CKMT1B,0.9903415
3033,C7orf50,0.99491036
3034,NMRAL1,0.9962402
3035,SSB,0.9912843
3036,SLC25A37,0.9894372
3037,TSG101,0.9941207
3038,MEA1,0.992588
3039,SCAP,0.9971267
3040,SIAH2,0.9951446
3041,TMEM173,0.9964215
3042,COPG1,0.99688363
3043,HIGD2A,0.99564046
3044,PPP6R3,0.99417263
3045,KHNYN,0.99603194
3046,FAM83F,0.99326086
3047,UBL3,0.99422944
3048,COX14,0.9963498
3049,PPP2R5A,0.9962573
3050,VPS36,0.99609774
3051,MRPS2,0.9962015
3052,SBF1,0.9926727
3053,TRNAU1AP,0.99246746
3054,ATP6V0A1,0.99120784
3055,COPRS,0.9960855
3056,TTL,0.9957108
3057,ECE1,0.99441594
3058,CNPY2,0.99411803
3059,KMT2C,0.99601597
3060,TMEM203,0.9961547
3061,TRAK1,0.9911916
3062,TMPRSS11D,0.9897953
3063,VPS26B,0.9918397
3064,WIZ,0.99604744
3065,SLC30A9,0.9953928
3066,DCTN5,0.9955757
3067,KREMEN1,0.9957637
3068,ALDH9A1,0.99049294
3069,DRG2,0.99699366
3070,ARFGAP1,0.99596107
3071,ARRDC1,0.9974181
3072,NDUFB6,0.9946828
3073,SNW1,0.99515927
3074,HOMER2,0.9907753
3075,VWA1,0.9955026
3076,NAA10,0.9957161
3077,SMIM12,0.98923886
3078,IDH3A,0.9917733
3079,NUB1,0.997023
3080,ARHGAP32,0.9965015
3081,ATF7IP,0.99046075
3082,TMED4,0.99707365
3083,MFSD6,0.99423254
3084,PMPCB,0.9970282
3085,TMED7,0.98930556
3086,WASL,0.9906097
3087,NBPF9,0.996445
3088,SMS,0.9906337
3089,SPHK1,0.99552506
3090,EXT2,0.9951972
3091,RAB38,0.9902107
3092,INO80E,0.99497265
3093,ECHDC1,0.99670964
3094,IMPDH1,0.99262625
3095,PLCD3,0.9920206
3096,SERPINB7,0.99195427
3097,TBRG4,0.99641246
3098,PARVA,0.99603254
3099,AP2A2,0.997126
3100,TOM1L2,0.9881175
3101,SLC25A11,0.99544126
3102,CDS1,0.9964445
3103,EXOC6B,0.99315864
3104,TMEM9,0.99419755
3105,ROCK1,0.9969259
3106,UBA2,0.9972517
3107,GLS,0.9963913
3108,RAB11B,0.99339956
3109,YIPF3,0.9948532
3110,CLPP,0.9959086
3111,RBM42,0.99674064
3112,WBP11,0.99619913
3113,MCM5,0.9953406
3114,EFCAB14,0.98978287
3115,HDAC7,0.9967895
3116,BANF1,0.99592566
3117,DAB2IP,0.99277085
3118,CCDC12,0.9957536
3119,ANKRD36,0.99414796
3120,ARL4D,0.98537654
3121,NUDT1,0.99598014
3122,UNC45A,0.9940533
3123,EGR1,0.9931519
3124,CERS4,0.98861027
3125,GPR157,0.98507404
3126,EVA1B,0.9972146
3127,CPEB2,0.9961504
3128,MTUS1,0.9948168
3129,ERBIN,0.9968421
3130,ECHDC2,0.99390024
3131,RFC1,0.99473387
3132,UBE2L6,0.9946683
3133,VGLL4,0.9941616
3134,GPATCH4,0.9967501
3135,NASP,0.99406797
3136,RORA,0.9917808
3137,VPS53,0.99499714
3138,ARFGEF1,0.994053
3139,INSR,0.99239784
3140,ZNF395,0.99505544
3141,SORBS3,0.9968164
3142,COASY,0.995373
3143,MPZL3,0.99098694
3144,PTDSS1,0.99599177
3145,USP5,0.99341816
3146,PIK3CD,0.9956279
3147,TXLNA,0.9965475
3148,NDUFB3,0.9936696
3149,UCHL3,0.99520534
3150,PON2,0.99688506
3151,FAM114A1,0.9955333
3152,TLK1,0.9917991
3153,MVK,0.9880038
3154,DCTD,0.9952563
3155,CSRP1,0.99832237
3156,CDC34,0.99507606
3157,CXXC5,0.9939116
3158,KANK1,0.99433434
3159,PLXNA1,0.99380517
3160,PTPRZ1,0.9926958
3161,NR2F6,0.9912473
3162,DGKZ,0.99489826
3163,ANGPTL4,0.9891976
3164,TES,0.9956079
3165,ATIC,0.98677695
3166,SETD3,0.99658066
3167,UBE4A,0.9966791
3168,AFF1,0.997584
3169,PLXND1,0.99501896
3170,TRIM7,0.99188757
3171,EMG1,0.99577737
3172,TRPV3,0.99546194
3173,ARL2,0.9981642
3174,FSTL3,0.9925449
3175,UFM1,0.98965573
3176,FBXO11,0.99080485
3177,ATG13,0.99687916
3178,EML4,0.99483633
3179,EXPH5,0.99263245
3180,RRAGC,0.9943701
3181,CLINT1,0.99705124
3182,LEPROTL1,0.9917701
3183,HTATIP2,0.9939022
3184,SMAD4,0.99755067
3185,CYB561A3,0.99665135
3186,NT5C3A,0.993319
3187,ELAVL1,0.9958348
3188,PTHLH,0.9869088
3189,RAI1,0.9939988
3190,RAE1,0.9952017
3191,TNRC18,0.99495167
3192,RCOR1,0.9967725
3193,HLA-DMB,0.996007
3194,ELK3,0.9971534
3195,DUSP22,0.99509335
3196,PLEKHN1,0.98344666
3197,SNRPD1,0.99640363
3198,PPP3CB,0.9946295
3199,TSC22D4,0.996719
3200,LCE2B,0.9803243
3201,CYLD,0.99560034
3202,YOD1,0.9918916
3203,ARFIP2,0.99536717
3204,NDUFA12,0.98960936
3205,SERTAD2,0.99694073
3206,TSKU,0.9935659
3207,PDCD2,0.99683267
3208,RMDN1,0.9961428
3209,GIGYF2,0.99376696
3210,FAM193B,0.9914754
3211,FKBP5,0.9966267
3212,CPEB4,0.99221784
3213,TMEM87B,0.9964277
3214,FKBP15,0.9922908
3215,LSR,0.99377805
3216,SMIM14,0.99542755
3217,MRPL43,0.9962587
3218,NADSYN1,0.9808715
3219,RAB3GAP2,0.99666905
3220,HMG20B,0.9966418
3221,POP7,0.9948306
3222,XIAP,0.99457014
3223,RBM47,0.993433
3224,PLEKHH3,0.9948046
3225,PACSIN3,0.99226785
3226,USP16,0.9949703
3227,CELSR1,0.9949206
3228,LIPA,0.99603295
3229,IL18,0.9878774
3230,DVL3,0.9955609
3231,RBCK1,0.9976028
3232,LRP11,0.97313887
3233,CCSER2,0.99770504
3234,DNAJB12,0.9965581
3235,TIAM1,0.9874624
3236,HIBCH,0.9921904
3237,EGLN1,0.99248105
3238,POLR2H,0.99568105
3239,PRKACA,0.99776083
3240,POLR2J3,0.993335
3241,DOCK6,0.98079354
3242,PTPN13,0.9913805
3243,ZNF292,0.9937114
3244,WDR45,0.99648243
3245,TMEM245,0.99446225
3246,METTL5,0.9947434
3247,PLEKHA1,0.9960004
3248,MRPL15,0.9929277
3249,ATP13A1,0.9961414
3250,FXR1,0.99595195
3251,DCAF7,0.9979264
3252,PGP,0.9952405
3253,UBE3C,0.99528676
3254,GRWD1,0.9961732
3255,CIR1,0.9957771
3256,CKMT1A,0.9929267
3257,CPA4,0.98937094
3258,MRPS21,0.9911113
3259,KCTD15,0.9951316
3260,WDR66,0.9953461
3261,LARS,0.99555594
3262,SORL1,0.993263
3263,ZSWIM8,0.99233025
3264,ROCK2,0.99571615
3265,MLST8,0.997023
3266,GAA,0.99378204
3267,ADAP2,0.984001
3268,PHF23,0.9969427
3269,TMEM57,0.99283725
3270,NXF1,0.99743897
3271,SLC25A1,0.99517083
3272,CDHR1,0.98927885
3273,MPG,0.9933645
3274,YTHDF3,0.9970307
3275,RERE,0.99616754
3276,COMMD4,0.99326074
3277,SYAP1,0.99554366
3278,TRIM33,0.99451345
3279,KEAP1,0.9950104
3280,FYB,0.9979607
3281,IRF2BPL,0.9974549
3282,ZDHHC9,0.99583316
3283,CANT1,0.9963903
3284,ASXL1,0.9965569
3285,UBE2J1,0.9970647
3286,NUDT21,0.9961197
3287,AUTS2,0.99474174
3288,SLC30A7,0.9946795
3289,TMC6,0.9961172
3290,ATG3,0.9951377
3291,CCDC6,0.99053204
3292,CAPN12,0.99582994
3293,SMPD4,0.9950997
3294,SYNPO,0.99651784
3295,PARL,0.9967903
3296,CYB5R2,0.98604345
3297,CYTH1,0.9947464
3298,JOSD1,0.9948409
3299,GGA1,0.9964405
3300,CD36,0.9940829
3301,MRPS26,0.99009025
3302,AARS,0.9978259
3303,SRPK1,0.98152155
3304,PLA2R1,0.99365515
3305,LCN2,0.92982596
3306,ABCA1,0.99579275
3307,LRRC47,0.9950304
3308,TAF11,0.997472
3309,APMAP,0.99185956
3310,AKR1B10,0.97550696
3311,GPR87,0.9921079
3312,TACC2,0.99337816
3313,CHD9,0.9963029
3314,ASCC3,0.994523
3315,SLC12A4,0.99382275
3316,TMPRSS13,0.98618525
3317,SDCBP,0.9956649
3318,PAG1,0.9972651
3319,EMC1,0.99732286
3320,NUDCD3,0.9947209
3321,TFE3,0.99647844
3322,SAE1,0.9958225
3323,NBPF15,0.9955946
3324,BTF3L4,0.99564356
3325,VTA1,0.9968365
3326,KAZN,0.9962619
3327,ENSG00000226210.3,0.9959819
3328,PMP22,0.9964953
3329,USP24,0.99171567
3330,BMPR2,0.9975198
3331,SUMO1,0.98681813
3332,HAS3,0.9968265
3333,UBAC1,0.9960138
3334,POLR2K,0.99569803
3335,GDI1,0.99562293
3336,SEPT10,0.9961235
3337,MPHOSPH8,0.9948601
3338,RIF1,0.99456316
3339,RBM12,0.993017
3340,STAG2,0.9951144
3341,TTC1,0.997288
3342,BAD,0.99783075
3343,DSE,0.9966805
3344,TNPO3,0.9925718
3345,MRPS10,0.99627554
3346,RAPGEF1,0.9931581
3347,FYTTD1,0.995343
3348,RASIP1,0.9943129
3349,SLC35B1,0.9966356
3350,ANKH,0.99376243
3351,TRIP11,0.995101
3352,WIPF1,0.99827856
3353,NAA15,0.9941812
3354,ZC3H13,0.9967665
3355,WDR33,0.995516
3356,METAP1,0.99479365
3357,MALT1,0.9952464
3358,EFNA1,0.99572426
3359,GAPVD1,0.9936
3360,ASNA1,0.9961348
3361,SLC31A1,0.9910561
3362,BABAM1,0.996201
3363,AKT2,0.9948395
3364,LAMTOR2,0.9957752
3365,NELFCD,0.9975834
3366,MPHOSPH6,0.99327433
3367,CASC3,0.9969423
3368,PYURF,0.99625707
3369,RRP36,0.9945077
3370,EEA1,0.9961531
3371,STON2,0.99522525
3372,MEPCE,0.9952282
3373,ARHGEF4,0.9813857
3374,DVL1,0.99480194
3375,UQCC3,0.9948607
3376,NHSL2,0.99559385
3377,KLHL21,0.99211425
3378,RAF1,0.99187523
3379,A2M,0.99380136
3380,TP53I13,0.99466026
3381,AAGAB,0.9941453
3382,NRP1,0.99718827
3383,UBE2G1,0.9936578
3384,APOL2,0.99666893
3385,PPP1R2,0.993426
3386,WLS,0.9961728
3387,ABHD2,0.9967627
3388,VAPB,0.9971991
3389,FTSJ1,0.99390733
3390,AFTPH,0.99567395
3391,TMUB2,0.9982946
3392,CDK6,0.98831576
3393,SCFD1,0.99464697
3394,HSDL2,0.9943633
3395,EGLN2,0.99678713
3396,E2F4,0.99514264
3397,TMEM14B,0.9942053
3398,FAM83C,0.98666227
3399,YIPF6,0.9961298
3400,PCSK7,0.99700415
3401,ALDH4A1,0.99314785
3402,WDR61,0.993547
3403,TROVE2,0.9964972
3404,MCM4,0.99432594
3405,KIAA1191,0.99589777
3406,THOP1,0.995188
3407,TADA3,0.99658453
3408,PHLDA2,0.9860524
3409,RNASET2,0.9938573
3410,NSD1,0.99548817
3411,SERPINB8,0.9955035
3412,WDR55,0.9970144
3413,RRP12,0.9973754
3414,WDR6,0.99628854
3415,FUNDC2,0.9913611
3416,NSMF,0.9929635
3417,PRR13,0.9958042
3418,PCDH7,0.9926583
3419,CCDC84,0.99610925
3420,RAB4A,0.98975545
3421,UBAP2,0.99731594
3422,ZBED5,0.9961106
3423,SPTLC2,0.9966624
3424,TXNDC9,0.99255913
3425,NBPF20,0.9921821
3426,PCMTD1,0.99617845
3427,HTT,0.9879408
3428,PHF20,0.99431103
3429,CCDC109B,0.994341
3430,ITGA2,0.99512494
3431,SCNN1A,0.9891267
3432,CLNS1A,0.9937709
3433,ZRANB1,0.99670976
3434,MFN1,0.9942055
3435,RAPGEFL1,0.989267
3436,DCUN1D5,0.99526817
3437,CCZ1,0.9950837
3438,KLHDC3,0.99716496
3439,HEXA,0.9954347
3440,TRAP1,0.9953452
3441,FZD6,0.99335676
3442,ILVBL,0.9971383
3443,RFTN1,0.99456817
3444,SPEN,0.9968245
3445,DHX32,0.9933011
3446,RTCA,0.98624414
3447,EXOC3,0.98778814
3448,VIMP,0.995444
3449,UGDH,0.9963291
3450,SPNS2,0.9963094
3451,CDH13,0.9939325
3452,SELK,0.99351484
3453,SLMAP,0.9953227
3454,SVIL,0.99307865
3455,TMEM261,0.99689436
3456,RNF40,0.99431264
3457,TCEB3,0.99761266
3458,SDHAF2,0.9963293
3459,ITPKC,0.9959009
3460,ERCC1,0.9946061
3461,MLXIP,0.9965718
3462,PARP1,0.99390376
3463,ITM2C,0.99652946
3464,EPN3,0.98529893
3465,SURF2,0.9940483
3466,C1orf106,0.9933198
3467,FEZ2,0.99398917
3468,MAX,0.99533063
3469,ZC3H18,0.9950416
3470,NOP16,0.9952534
3471,FUBP3,0.9940879
3472,EXT1,0.99271804
3473,SMPD3,0.98183674
3474,CHMP2B,0.9963665
3475,BZW2,0.99261594
3476,PTCD3,0.99691343
3477,PPP2R3A,0.9951616
3478,BEX3,0.9939737
3479,SECTM1,0.99408317
3480,ATXN1,0.9965282
3481,MCMBP,0.9961439
3482,POLR2J,0.9942852
3483,PIK3R1,0.9947759
3484,BOP1,0.9959995
3485,PFKFB3,0.992046
3486,ARHGAP23,0.9962957
3487,IGSF8,0.99271333
3488,ATF5,0.9957146
3489,SKIL,0.99308157
3490,SMAD5,0.9947079
3491,RRP7A,0.995574
3492,COPS4,0.9961046
3493,BDH1,0.99101055
3494,ATP11B,0.9933469
3495,DYRK1A,0.9925563
3496,EPHA2,0.9924429
3497,GTPBP4,0.9952243
3498,MT1X,0.98968107
3499,BCAS2,0.9973388
3500,MAN2C1,0.9983554
3501,SLC39A7,0.9970263
3502,GTF3C5,0.9954688
3503,CDA,0.9719869
3504,FAM46A,0.9974311
3505,ABHD14B,0.995868
3506,DESI1,0.995211
3507,KIAA1671,0.99526614
3508,TSC22D3,0.9954368
3509,API5,0.99565774
3510,BCAM,0.9871123
3511,TPGS2,0.995336
3512,SMIM7,0.9914673
3513,NT5C2,0.9962657
3514,NSUN5,0.99612474
3515,ARL2BP,0.9956389
3516,TMEM63B,0.99242145
3517,SENP3,0.9973554
3518,LRBA,0.9922838
3519,HK2,0.98822576
3520,SELO,0.99668205
3521,JMJD8,0.9956149
3522,TIMM10,0.99474686
3523,TMEM179B,0.9968207
3524,HBP1,0.99491453
3525,GIT1,0.9951719
3526,SRP54,0.99662715
3527,TIMP3,0.9938496
3528,MRPL42,0.9962867
3529,EP300,0.9957966
3530,LSM3,0.99426806
3531,SFRP2,0.9987362
3532,ARID4B,0.9963355
3533,ATP6V1H,0.99610025
3534,RBM22,0.995216
3535,SAMD4B,0.9947958
3536,BROX,0.9962495
3537,GALNT10,0.99560434
3538,MIIP,0.99602616
3539,BIRC2,0.99415135
3540,COPB1,0.9923162
3541,AZI2,0.9967132
3542,DEF6,0.99693644
3543,DFFA,0.9949099
3544,HERC4,0.9925935
3545,JAGN1,0.9973099
3546,ENY2,0.9937223
3547,FHOD1,0.9933377
3548,DNAJC15,0.98541445
3549,XPO7,0.9952482
3550,CAMTA1,0.9956196
3551,NF1,0.9920934
3552,NSRP1,0.99442565
3553,MON2,0.9956365
3554,TBRG1,0.9981694
3555,ZHX1,0.9943997
3556,MED16,0.9954791
3557,EHMT1,0.99162406
3558,MRPS35,0.9864013
3559,NBPF12,0.9934719
3560,ZEB2,0.9967097
3561,SPINK6,0.94118226
3562,TMED5,0.9945541
3563,ATP6V1C2,0.9871416
3564,TAF7,0.99305207
3565,PDXDC1,0.993942
3566,KLK8,0.9909326
3567,FRMD8,0.98918134
3568,ANP32E,0.99739695
3569,HPCAL1,0.99402463
3570,EXOC1,0.9943676
3571,TPCN1,0.99800736
3572,SRRT,0.99389935
3573,SMARCA2,0.9963812
3574,TTC17,0.995652
3575,LBH,0.99748164
3576,CPSF2,0.99455315
3577,OTUD5,0.9962951
3578,FCGRT,0.9970363
3579,PANK3,0.99521226
3580,ACOT13,0.9958555
3581,LARP4,0.99594045
3582,PHLDB1,0.9961103
3583,OSBPL8,0.99459016
3584,DERL2,0.99505395
3585,SMYD2,0.9958526
3586,DDX41,0.99371517
3587,CCNY,0.994549
3588,PRCC,0.99660695
3589,CHPF2,0.9959286
3590,EMC7,0.9932597
3591,EIF2AK2,0.9938847
3592,FAM43A,0.9935015
3593,DCAF6,0.9964989
3594,CREB3,0.9973316
3595,ISOC2,0.9921329
3596,ZBTB44,0.99667954
3597,CDYL,0.994057
3598,SSBP3,0.997537
3599,ASCC2,0.99539304
3600,PDCD10,0.99498916
3601,MRTO4,0.99492973
3602,TPRA1,0.99625003
3603,ZBTB20,0.996729
3604,PTK2,0.9950097
3605,SCYL2,0.9930643
3606,FAM110C,0.99468523
3607,NIFK,0.9955139
3608,HIKESHI,0.9968605
3609,USP10,0.996933
3610,ZNF24,0.9951453
3611,ELK4,0.995745
3612,LDLRAP1,0.9967794
3613,DYNC1LI1,0.99673134
3614,ZCCHC17,0.99715966
3615,LIMS1,0.9954355
3616,SLC39A13,0.99694544
3617,SLC6A8,0.9930985
3618,COG4,0.9960013
3619,DUSP1,0.9892294
3620,TGFA,0.99472827
3621,BCAR1,0.9931864
3622,FAM57A,0.995379
3623,TBCB,0.996783
3624,MED10,0.99696535
3625,MAP4K5,0.9966796
3626,EPHX3,0.9954785
3627,MDM4,0.99752903
3628,PACSIN2,0.9951372
3629,TSC22D1,0.99570346
3630,DDT,0.9962797
3631,TNNT1,0.9878019
3632,TMPO,0.9938633
3633,RAC2,0.9970564
3634,BTBD2,0.99568
3635,LUZP1,0.99342805
3636,BLOC1S1,0.9957314
3637,ADSS,0.99574775
3638,CCND3,0.9985204
3639,TRIM27,0.9970085
3640,SRI,0.992626
3641,ANXA3,0.9807291
3642,POLR3H,0.99628913
3643,SPSB3,0.99490225
3644,USP33,0.9956182
3645,PPP6R2,0.99712694
3646,ITFG1,0.9971114
3647,SCYL1,0.998419
3648,DIP2A,0.9959747
3649,SAFB,0.9928785
3650,ZDHHC12,0.99725956
3651,RC3H2,0.9957054
3652,TSSC4,0.9945782
3653,NCOA1,0.9968641
3654,IDH3B,0.9948041
3655,TRAF3IP2,0.99273914
3656,PRKAG1,0.99303603
3657,HSD17B4,0.9936751
3658,ST6GALNAC2,0.99654204
3659,MAT2B,0.996356
3660,TSTD1,0.9947886
3661,TMEM51,0.99615973
3662,SLC12A2,0.99469584
3663,TRIM25,0.99647343
3664,AXL,0.9922068
3665,ISCA1,0.99074894
3666,AKR1B1,0.99524957
3667,PPP1R18,0.9911297
3668,TMEM141,0.9955899
3669,MOB3A,0.996813
3670,ATAD3B,0.99257624
3671,TWIST2,0.9962895
3672,DHRS1,0.9943146
3673,PHACTR2,0.9973933
3674,EML3,0.9954721
3675,POLR2I,0.9953483
3676,BDKRB2,0.99391824
3677,GOLGA7,0.9959742
3678,KPNA3,0.9952615
3679,NT5DC2,0.99608815
3680,IL1R1,0.9939527
3681,STX16,0.9965898
3682,PBRM1,0.99693465
3683,TPD52,0.9966711
3684,YIPF5,0.99677956
3685,ALCAM,0.99135303
3686,GPN1,0.99366593
3687,SH3BP2,0.978332
3688,SEPN1,0.99571604
3689,CCS,0.9965409
3690,FBXO45,0.9939477
3691,ELOVL7,0.9930424
3692,FNDC3B,0.99554545
3693,SPRR3,0.8205146
3694,SGPL1,0.99636936
3695,C9orf78,0.99411184
3696,SNX9,0.99727994
3697,BNIP2,0.99622095
3698,PPHLN1,0.9967733
3699,THAP4,0.9958456
3700,SLC30A1,0.9889468
3701,ID3,0.98992383
3702,MRPS5,0.9955498
3703,PLD2,0.9904001
3704,CDC27,0.9960022
3705,ACTR10,0.99529046
3706,DUSP6,0.9943902
3707,FST,0.9723427
3708,PSMB9,0.9960219
3709,SCOC,0.996784
3710,MLLT6,0.9967239
3711,LTBP3,0.99451435
3712,ZMIZ2,0.99540436
3713,EMB,0.98739624
3714,BAZ1B,0.9966409
3715,ETNK1,0.99516517
3716,GGT5,0.99588805
3717,INTS6,0.9966726
3718,C1D,0.99292344
3719,CDK4,0.99461085
3720,ERI3,0.9965048
3721,CBLC,0.98744005
3722,ECI1,0.99663305
3723,MED13,0.99541014
3724,BCR,0.9958986
3725,ITGA1,0.9921049
3726,ANAPC13,0.99667746
3727,CARS,0.9969308
3728,MOV10,0.9941284
3729,NUBP2,0.9946154
3730,RSU1,0.99607563
3731,NAE1,0.9960121
3732,ZFR,0.99653107
3733,TTC39B,0.9960628
3734,TATDN2,0.99431294
3735,CAMK2D,0.99480313
3736,KLF7,0.9932552
3737,PDHA1,0.9954817
3738,TPX2,0.9879345
3739,EAPP,0.9965639
3740,DGAT1,0.9980951
3741,OSMR,0.9919006
3742,MDM2,0.99586755
3743,FAM63B,0.99405897
3744,IGBP1,0.99675816
3745,UBR2,0.99645025
3746,SERTAD1,0.9973429
3747,VDR,0.9963473
3748,COX17,0.991894
3749,CTPS1,0.9966188
3750,BDP1,0.99447906
3751,UBE2J2,0.9963697
3752,ZNF117,0.99256593
3753,GLB1,0.99650913
3754,GNG11,0.9959398
3755,FBXO3,0.9954616
3756,TRIM26,0.99392843
3757,ANK3,0.99465036
3758,CNPPD1,0.9951641
3759,DHX30,0.9968079
3760,TXNDC15,0.99745786
3761,ANXA6,0.99683535
3762,WFDC5,0.99654
3763,TOMM70,0.99548024
3764,C19orf48,0.9965067
3765,AATF,0.99325514
3766,CEACAM19,0.99609786
3767,NLRP1,0.9943125
3768,NT5E,0.9887793
3769,PCGF3,0.9917796
3770,IREB2,0.9973294
3771,HAX1,0.9932786
3772,SYK,0.9935207
3773,TRIM47,0.99469495
3774,DHX38,0.9962387
3775,NUMB,0.9979664
3776,KLK12,0.9935543
3777,PFN2,0.9931728
3778,MOB2,0.99607444
3779,DDX27,0.99669486
3780,TLDC1,0.9920699
3781,DDAH2,0.9936626
3782,IP6K2,0.9931803
3783,MRPL21,0.9934579
3784,SIRT7,0.9957512
3785,FAM133B,0.99412155
3786,KLHDC2,0.99649596
3787,ANGPTL2,0.9957551
3788,LCMT1,0.9950795
3789,PCNX4,0.9929498
3790,TMEM230,0.99545234
3791,C15orf48,0.99160135
3792,EHD4,0.99265206
3793,FBRSL1,0.99098223
3794,OGFRL1,0.99610364
3795,FAM160B2,0.9948858
3796,POP4,0.9966462
3797,STK17B,0.9979192
3798,PPFIBP1,0.99733543
3799,TRIM22,0.9971067
3800,SCAMP4,0.9964054
3801,POLR1A,0.99372774
3802,GART,0.982567
3803,TMEM159,0.995267
3804,FMNL2,0.9948596
3805,AP3B1,0.99725825
3806,PIN1,0.99642456
3807,LEMD2,0.99794155
3808,NUP62,0.99323946
3809,ABL2,0.99581087
3810,MMP11,0.9845285
3811,GTF2H1,0.9953248
3812,FOXN1,0.9957018
3813,ZNF664,0.9939689
3814,NQO2,0.9936924
3815,HMGB2,0.98955196
3816,MKL1,0.9975494
3817,UAP1,0.9946857
3818,ANKRD36C,0.99266064
3819,MKNK1,0.99538046
3820,KCNK1,0.99570096
3821,STX10,0.99770445
3822,MAPKAP1,0.9928354
3823,ZBTB8OS,0.99648106
3824,ZMYND19,0.992181
3825,C12orf75,0.9927496
3826,MAP2K7,0.99719214
3827,PI4KB,0.9950351
3828,NME3,0.99817216
3829,ZBTB38,0.99737805
3830,MNT,0.995204
3831,SH3YL1,0.99668527
3832,ULK3,0.98390085
3833,MAN2B2,0.99581474
3834,LTB4R2,0.987025
3835,TMEM183A,0.9956241
3836,DEDD,0.99561805
3837,IRF3,0.994323
3838,PCDH1,0.99366456
3839,SMCHD1,0.99189246
3840,FAM214A,0.9964892
3841,LAMA4,0.9945802
3842,SKI,0.99398303
3843,PBXIP1,0.99653304
3844,ARID5B,0.9970741
3845,GNAI1,0.9898057
3846,WDR18,0.99519587
3847,SLC10A3,0.9926173
3848,RANBP9,0.9922765
3849,CPSF1,0.991759
3850,TDP2,0.9942749
3851,ZDHHC20,0.9904806
3852,UBAP1,0.99633014
3853,MST1R,0.99166983
3854,COL15A1,0.99592793
3855,TTC7A,0.99669164
3856,PARD3,0.9966604
3857,LPCAT1,0.987697
3858,NELL2,0.9738317
3859,CYTH2,0.99500006
3860,PTTG1,0.9969726
3861,MRPL54,0.99729127
3862,APPL1,0.9958754
3863,ATP10D,0.99390656
3864,HGSNAT,0.99628276
3865,MGST2,0.99479455
3866,ZC3H14,0.99430245
3867,EIF2B1,0.9940675
3868,YPEL3,0.99537027
3869,FAF1,0.99542326
3870,CNOT9,0.99648774
3871,ARIH1,0.99479145
3872,RABEP1,0.9969854
3873,SMG7,0.99630815
3874,PSD4,0.99489164
3875,CD109,0.9942953
3876,STXBP5,0.99636
3877,UBA5,0.9955443
3878,CD2AP,0.99163824
3879,CHD1,0.9968352
3880,AKAP17A,0.9958088
3881,FAM214B,0.9970115
3882,GATC,0.9956441
3883,STRN3,0.9894932
3884,STRN,0.9940121
3885,CYP26B1,0.992139
3886,CLDND1,0.9946262
3887,KIAA0430,0.99480563
3888,SUZ12,0.9971
3889,UBXN11,0.98621094
3890,MINA,0.99513423
3891,TRIB1,0.99550927
3892,BACE2,0.9970396
3893,SEPT8,0.99040294
3894,NOB1,0.9948528
3895,PLCD1,0.9940914
3896,CRKL,0.995325
3897,DDX55,0.99718213
3898,NUDT8,0.99461603
3899,CDC5L,0.99758047
3900,FRMD4B,0.99120617
3901,RDH12,0.9934977
3902,RALGAPB,0.99740404
3903,KDM1A,0.99287015
3904,ALG2,0.99236786
3905,IRX4,0.9896865
3906,SUGP2,0.99583954
3907,ADGRL2,0.99443275
3908,BCL2L13,0.99592274
3909,BLVRA,0.992194
3910,SURF6,0.995569
3911,SPTBN2,0.9905536
3912,NCBP3,0.99746096
3913,PLA2G12A,0.9974325
3914,PPP3R1,0.99651265
3915,FZR1,0.9964255
3916,HDAC3,0.9961864
3917,TNFAIP8,0.9923634
3918,AP5Z1,0.9969316
3919,SMG5,0.99682456
3920,CBX6,0.9966742
3921,CPSF3,0.9953682
3922,DPM2,0.99631
3923,TRIM41,0.996104
3924,RASSF1,0.9959939
3925,RABGAP1,0.9954233
3926,DNMT1,0.99615
3927,PLA2G4F,0.9702207
3928,HAT1,0.994602
3929,GNL2,0.99398917
3930,TSPAN9,0.9939779
3931,SP3,0.99560606
3932,NDUFA8,0.99692893
3933,CFH,0.99796957
3934,MRPS33,0.9956933
3935,NAGLU,0.9975239
3936,TANK,0.99467874
3937,SLC6A14,0.9882915
3938,GPCPD1,0.99356425
3939,WDR82,0.9951218
3940,TRIM38,0.99668276
3941,XRN1,0.9966361
3942,CDK13,0.9950738
3943,ACACA,0.9956468
3944,NIT2,0.99698675
3945,DEF8,0.9952513
3946,LARGE2,0.99105495
3947,IPO9,0.99585414
3948,FBXO22,0.9957494
3949,MPP7,0.9942035
3950,ACAT2,0.9899236
3951,SSH3,0.9951703
3952,WDR77,0.99586827
3953,MAP2,0.9843163
3954,GNL1,0.9950043
3955,SAT2,0.99498475
3956,USP48,0.9955959
3957,MRPL36,0.9939053
3958,XPO5,0.9957241
3959,SRSF8,0.99454075
3960,TSC22D2,0.99605596
3961,GNPAT,0.9956248
3962,RSF1,0.99694455
3963,DHRS3,0.99352527
3964,GSTA4,0.9770996
3965,PDCD11,0.99480325
3966,OAS2,0.9883994
3967,GCC1,0.99557865
3968,SGSM3,0.9976464
3969,MMACHC,0.99462914
3970,COX20,0.9932987
3971,PIK3IP1,0.9978706
3972,PRDM2,0.99430007
3973,DCTN4,0.99456763
3974,ATP13A3,0.99691963
3975,RUFY3,0.9963912
3976,COPS3,0.99458224
3977,KDM5C,0.9967891
3978,CHD7,0.9936472
3979,ATXN7L3B,0.99431455
3980,LMO7,0.99544775
3981,CASZ1,0.9886908
3982,RGS3,0.99704736
3983,FAM110A,0.9910333
3984,MID1IP1,0.99069315
3985,SMPD1,0.9961649
3986,PXN,0.9926479
3987,PPM1A,0.99721
3988,ACTL6A,0.9957744
3989,NAT10,0.9964682
3990,HES4,0.99726266
3991,ACP2,0.997419
3992,HEPHL1,0.99235487
3993,OGFR,0.9939255
3994,MRPL24,0.99163306
3995,SPTLC3,0.9939608
3996,PAQR7,0.9917237
3997,MAGED2,0.99311066
3998,MED4,0.99540967
3999,PCF11,0.99596566
4000,HEATR1,0.9964095
4001,S100A12,0.98483187
4002,KIAA1033,0.99443245
4003,ZNF787,0.994883
4004,SMARCB1,0.9951323
4005,BCKDK,0.992762
4006,SOD3,0.9979114
4007,ATP9A,0.9940722
4008,SMC5,0.9958474
4009,FAF2,0.99118024
4010,TXNDC12,0.9924814
4011,LLGL2,0.99370754
4012,IGF2R,0.9961788
4013,CRELD2,0.9972655
4014,AGO2,0.99471927
4015,NSMCE1,0.9970286
4016,RASSF5,0.9955216
4017,PGD,0.9906282
4018,NEK7,0.9943967
4019,SFXN1,0.9939458
4020,VEZT,0.99404156
4021,CLIP4,0.99338496
4022,SLC15A1,0.93256575
4023,PIK3C2A,0.9968231
4024,C17orf62,0.99569327
4025,CMTM3,0.9975693
4026,RNF19A,0.9910427
4027,OPA1,0.9954028
4028,ARL4A,0.9907537
4029,DYNLT1,0.9952289
4030,LTBP4,0.9972106
4031,TMEM55B,0.99711174
4032,SUCLG2,0.9969044
4033,ZMAT5,0.9967347
4034,TMEM106B,0.99356735
4035,ZFYVE21,0.99430406
4036,GAR1,0.9946909
4037,FAAP100,0.9958023
4038,PIN4,0.99529195
4039,PRKD2,0.9960192
4040,PHACTR4,0.996548
4041,TMEM160,0.99667704
4042,DHX29,0.9923681
4043,RETSAT,0.99750626
4044,PRKRA,0.9969487
4045,TBC1D22A,0.99720484
4046,RRP1B,0.99299705
4047,ZBED1,0.9972208
4048,CNOT6,0.99388033
4049,RFXANK,0.9972031
4050,FKBP10,0.9966844
4051,C16orf58,0.99670476
4052,KMT2B,0.99550897
4053,PITPNA,0.9900245
4054,USP53,0.9935581
4055,CUL3,0.99428034
4056,DNTTIP2,0.99721897
4057,YLPM1,0.9974806
4058,POLDIP3,0.9940292
4059,IFNAR1,0.9955504
4060,SLFN5,0.9968991
4061,STX5,0.9958552
4062,DCUN1D1,0.99592143
4063,FCHSD1,0.9846785
4064,CISD1,0.99558127
4065,PTPMT1,0.98976463
4066,NISCH,0.9969963
4067,TK1,0.98911226
4068,CDK5RAP2,0.9889677
4069,COPS7A,0.9944019
4070,HPGD,0.98581344
4071,RBMXL1,0.99647397
4072,NCBP1,0.98958516
4073,IBTK,0.9968577
4074,KRAS,0.99564266
4075,NCOA7,0.9948537
4076,ILK,0.99567676
4077,PFDN1,0.9960736
4078,FAM21A,0.994612
4079,PTGES2,0.9941271
4080,RHEB,0.99394464
4081,HIST1H2AC,0.9933464
4082,FAM129A,0.9965387
4083,SC5D,0.9950281
4084,MVB12A,0.99715906
4085,GTF2H5,0.99504024
4086,PHYKPL,0.9961316
4087,FAM126A,0.9936496
4088,PTPN1,0.9956316
4089,PPP1R15A,0.9896495
4090,PRRC1,0.99680287
4091,B3GNT5,0.995268
4092,MYADM,0.99852616
4093,RASSF7,0.9927432
4094,TAB2,0.9952223
4095,MCUR1,0.9962783
4096,CPM,0.99137014
4097,C19orf66,0.9949033
4098,MRPL40,0.9935074
4099,DCTPP1,0.9922385
4100,SPG21,0.99283963
4101,SNRK,0.99579626
4102,PAK1IP1,0.9953687
4103,CEMIP,0.9983484
4104,CWF19L2,0.9971229
4105,TP53INP1,0.9959203
4106,TBCD,0.9968528
4107,TRMT10C,0.9945784
4108,COX7A2L,0.9956136
4109,PI4KA,0.99341136
4110,PMPCA,0.99352413
4111,RCAN1,0.9951966
4112,NKIRAS2,0.9953112
4113,GOLM1,0.99533725
4114,UBE4B,0.991061
4115,UBXN7,0.99477637
4116,POGK,0.9959854
4117,CD248,0.9958474
4118,GYPC,0.9980973
4119,ELF1,0.9962404
4120,MICAL2,0.9944524
4121,CTCF,0.9954612
4122,ZMYND8,0.9947084
4123,JKAMP,0.99380845
4124,ARMC10,0.99201655
4125,PLSCR1,0.9941591
4126,ARHGAP29,0.99672836
4127,MXRA8,0.99200696
4128,ABRACL,0.99387866
4129,ATXN7L3,0.9917413
4130,NOP2,0.9880062
4131,PCMTD2,0.9960791
4132,CRYAB,0.9902965
4133,C11orf24,0.9947934
4134,TRIM8,0.99799794
4135,AFAP1L2,0.9954512
4136,CBX4,0.9961975
4137,FAM71D,0.99374044
4138,ACER3,0.9966045
4139,LPCAT3,0.99566394
4140,PLA2G4D,0.98385
4141,HTATSF1,0.9947631
4142,ENDOG,0.993146
4143,PLEKHB2,0.99658394
4144,PDHB,0.9968868
4145,CGGBP1,0.99613535
4146,PTGES,0.9911977
4147,STK38,0.99484944
4148,RAB32,0.99550325
4149,CLOCK,0.9954364
4150,BRD9,0.9970847
4151,DAXX,0.9947188
4152,LSP1,0.98819023
4153,TMEM167B,0.99649125
4154,ACBD6,0.99636036
4155,TP53INP2,0.9904328
4156,ZPR1,0.98714834
4157,CAPNS2,0.99462134
4158,AJUBA,0.9899179
4159,SMC1A,0.99152803
4160,SLC35C2,0.9975169
4161,NRIP1,0.9967588
4162,CRYBG3,0.9925282
4163,SLC11A2,0.9938113
4164,AHSA2,0.99539375
4165,CCDC25,0.99582756
4166,MYBL2,0.99070925
4167,GLOD4,0.99327826
4168,CAMSAP1,0.99222094
4169,EHF,0.9917502
4170,KIAA1468,0.99198663
4171,FUCA2,0.9909777
4172,KCTD9,0.9950879
4173,CNOT7,0.99595946
4174,IPO8,0.99613076
4175,NFX1,0.9963968
4176,STX7,0.9931541
4177,TNFRSF14,0.9970581
4178,RBSN,0.99560094
4179,COA4,0.99439067
4180,FAM192A,0.9954516
4181,AKNA,0.99773335
4182,HACD3,0.9951585
4183,SCRN1,0.9961013
4184,GFM1,0.9953303
4185,AIG1,0.9912438
4186,BAG5,0.9958396
4187,IDH1,0.99571025
4188,PGM1,0.99275774
4189,RSRP1,0.996476
4190,ZFAND2B,0.99711245
4191,TRIM13,0.9955309
4192,UBL4A,0.9953378
4193,ZMYND11,0.99604714
4194,DCAF13,0.9952547
4195,BCAP29,0.99498546
4196,ZFC3H1,0.9951635
4197,RAB8A,0.9975468
4198,MARCKSL1,0.9969183
4199,RHBDF2,0.98874736
4200,PATJ,0.9931316
4201,VAMP2,0.9956362
4202,FAM208B,0.9956776
4203,HBS1L,0.9952157
4204,NUDT5,0.9937814
4205,SLC25A28,0.9964668
4206,NCS1,0.99570936
4207,GTF3C1,0.9896898
4208,NF2,0.99435467
4209,XPR1,0.9926164
4210,FBXO28,0.9959691
4211,TMEM126A,0.9943414
4212,TMEM101,0.99758625
4213,DKC1,0.99406224
4214,AHSA1,0.9902633
4215,GDPD3,0.9790911
4216,C20orf27,0.9951603
4217,MED19,0.9948769
4218,C16orf13,0.996342
4219,TNK2,0.99683815
4220,WAPL,0.9963976
4221,DNAJC1,0.9961954
4222,CHURC1,0.9893113
4223,IKBKB,0.99516857
4224,SECISBP2,0.99615896
4225,SWAP70,0.9960318
4226,ABCD3,0.9936247
4227,PLEKHO1,0.9971044
4228,ATP2A3,0.9977955
4229,TMEM115,0.9957722
4230,PLOD3,0.9958411
4231,FAHD1,0.9963688
4232,CPD,0.99214566
4233,NOL8,0.9944252
4234,CEACAM6,0.98657733
4235,GUSB,0.99691033
4236,ANKRD36B,0.994867
4237,TMX3,0.995011
4238,APTX,0.99524796
4239,GMFG,0.9985757
4240,FARP2,0.9956833
4241,KCTD2,0.9949463
4242,CDK12,0.99484193
4243,NFYC,0.99573684
4244,PAIP1,0.99598414
4245,MAP3K13,0.99473375
4246,ODF2L,0.9957337
4247,RNF168,0.99609935
4248,FAM204A,0.99639916
4249,TMEM254,0.9947095
4250,ERC1,0.996357
4251,UMPS,0.9942739
4252,NPC1,0.9945327
4253,DIS3,0.9974571
4254,PHLDB2,0.99498785
4255,WNT4,0.9843094
4256,TAOK2,0.995591
4257,TBC1D23,0.9952946
4258,SP1,0.99606216
4259,DTD1,0.99555105
4260,TPMT,0.9925068
4261,GPR153,0.9960197
4262,HPS1,0.9958198
4263,SMDT1,0.99383074
4264,DIDO1,0.9951788
4265,BRD3,0.99494535
4266,PRSS3,0.98510426
4267,OGFOD1,0.99513656
4268,IRGQ,0.99811953
4269,TBC1D9B,0.99606276
4270,CRLS1,0.99499565
4271,PREP,0.99542946
4272,LCOR,0.9975397
4273,TINF2,0.9965741
4274,ARHGAP27,0.9967395
4275,TSC2,0.9949243
4276,GSK3A,0.9967045
4277,RNF217,0.99560803
4278,FNIP2,0.99784744
4279,UNC5B,0.9973436
4280,LLPH,0.99710286
4281,MBP,0.99630135
4282,DOCK9,0.990926
4283,NMD3,0.9950425
4284,UCHL5,0.9964547
4285,CITED2,0.9862123
4286,SLC35E2B,0.99491644
4287,MICAL1,0.9968622
4288,ETV3,0.99675375
4289,ATP6V1C1,0.9942534
4290,EIF2A,0.9950131
4291,TNKS2,0.99487084
4292,PEX26,0.99713355
4293,PFKFB2,0.9956894
4294,MORC3,0.9957055
4295,SMAP2,0.9957858
4296,ISLR,0.9959126
4297,TUSC1,0.99409395
4298,TSR1,0.9952278
4299,DOK4,0.99363005
4300,C19orf60,0.9943696
4301,CALM3,0.995648
4302,MAP3K1,0.9952167
4303,SEC22B,0.99709296
4304,TMEM19,0.99515134
4305,FLAD1,0.99420446
4306,TPST2,0.99745744
4307,TRIO,0.99638575
4308,REST,0.99681854
4309,TRAPPC12,0.9947154
4310,SDHD,0.99584025
4311,COMMD3,0.99613434
4312,TRAPPC4,0.9940427
4313,PNKD,0.9969457
4314,ACAD9,0.99243915
4315,STK10,0.9959749
4316,HPSE,0.9940179
4317,PTPRE,0.9973024
4318,NFATC2IP,0.9967279
4319,ASAP1,0.9973761
4320,CCDC88A,0.9961085
4321,MOB4,0.99606097
4322,DNAJC3,0.9966141
4323,ZZEF1,0.996151
4324,SNX33,0.997491
4325,MRGBP,0.9956729
4326,DKK3,0.9843298
4327,SETD7,0.9955803
4328,NBPF11,0.99486744
4329,PIAS1,0.9974418
4330,UTRN,0.9965153
4331,TTC19,0.99661905
4332,UNG,0.9964077
4333,SNX12,0.99606794
4334,GNB4,0.9971394
4335,MRPL18,0.9965933
4336,MRPL32,0.99478555
4337,SGMS1,0.9958515
4338,LETMD1,0.99337834
4339,SPARCL1,0.99787945
4340,CBFB,0.9976013
4341,MROH1,0.9939004
4342,GBAS,0.99643767
4343,IP6K1,0.99772614
4344,PPRC1,0.9969589
4345,GMFB,0.9945847
4346,RAB11FIP1,0.9889625
4347,WWP1,0.99355394
4348,GTF2A2,0.9914172
4349,CYHR1,0.99491227
4350,SLC9A1,0.99539834
4351,PNKP,0.9970466
4352,GAN,0.9899705
4353,RNF114,0.9970405
4354,MRPS25,0.996282
4355,ANKRD52,0.99550235
4356,TRUB2,0.9940464
4357,ATF6,0.9945791
4358,TDG,0.9956909
4359,PLRG1,0.9946118
4360,RPRD1A,0.9958962
4361,PLPP3,0.99692315
4362,CHMP1B,0.9957083
4363,TEX261,0.99003303
4364,MIEN1,0.9973853
4365,GTF3C4,0.9941264
4366,PNPLA2,0.99415725
4367,KATNBL1,0.99508667
4368,AK3,0.9945653
4369,LCE2C,0.9781693
4370,SUSD6,0.9950204
4371,ZFHX3,0.9984783
4372,TMEM41B,0.99635345
4373,STYX,0.99499977
4374,MPC2,0.99582
4375,IQSEC1,0.99736774
4376,KRI1,0.99642843
4377,CDC20,0.9907597
4378,PEPD,0.99702644
4379,GBF1,0.995167
4380,HIPK1,0.99362445
4381,ZNF282,0.99458677
4382,HOOK1,0.99666566
4383,KIDINS220,0.9964291
4384,SCPEP1,0.9924495
4385,DCTN3,0.99299544
4386,DCXR,0.9955309
4387,TM9SF4,0.9963267
4388,STK4,0.9964625
4389,RAB12,0.99495804
4390,RRAS,0.99015236
4391,PDPK1,0.99459726
4392,LIN7C,0.9949998
4393,ZNF106,0.9964494
4394,C1QBP,0.99364924
4395,ATXN3,0.9975131
4396,ELF3,0.99172133
4397,GPATCH8,0.9956834
4398,RNPEP,0.9946558
4399,MGST3,0.98940456
4400,CCDC120,0.9938161
4401,ARL1,0.99573046
4402,MAP2K4,0.99584174
4403,MUL1,0.99310446
4404,C1QTNF6,0.9964095
4405,CDC42SE2,0.9959415
4406,UBE2E2,0.9969809
4407,CASK,0.99187326
4408,APOL6,0.99608994
4409,PRSS27,0.9913801
4410,PGAM5,0.9935519
4411,ZDHHC24,0.99530476
4412,DNAJC11,0.9969382
4413,FAM45A,0.9932836
4414,BLOC1S6,0.9975854
4415,PLD1,0.99510485
4416,ACSL4,0.99596167
4417,HEG1,0.9967925
4418,COMMD9,0.9962982
4419,CELF2,0.9983953
4420,FLOT1,0.99726135
4421,TIMMDC1,0.99186367
4422,RXRB,0.99557793
4423,IL10RB,0.99760145
4424,TEX264,0.9954631
4425,MYO1E,0.9953707
4426,QSER1,0.9953397
4427,DTYMK,0.99248326
4428,WWC1,0.99745524
4429,C11orf57,0.9968962
4430,TRIAP1,0.9936858
4431,HLA-DMA,0.99785125
4432,PLCXD1,0.99098045
4433,GLMP,0.99793804
4434,DDX60,0.9914549
4435,ZC3H7A,0.99697804
4436,NUP188,0.99430907
4437,MTFR1L,0.99586195
4438,SAV1,0.9971061
4439,GON4L,0.9955603
4440,GSKIP,0.99473536
4441,CPTP,0.9977436
4442,PIK3CB,0.9965667
4443,MTAP,0.99419546
4444,DDB2,0.9964719
4445,HELZ2,0.9945706
4446,MPHOSPH10,0.99490166
4447,ATG2A,0.99395496
4448,RAPH1,0.99643195
4449,MXI1,0.99233955
4450,NAV2,0.9957974
4451,UTP3,0.99331313
4452,CUL5,0.99644667
4453,SEC14L1,0.99713343
4454,RDH13,0.9917825
4455,AGPAT3,0.9930904
4456,DDX49,0.9930562
4457,DAB2,0.9966792
4458,TULP4,0.99517965
4459,ARIH2,0.9959232
4460,FAM219B,0.995008
4461,PDP1,0.9948883
4462,FLRT2,0.9951021
4463,RNF13,0.99625474
4464,UBE3B,0.98787725
4465,CYBB,0.9978854
4466,NSDHL,0.99383265
4467,MFAP2,0.995799
4468,ARMC1,0.9969225
4469,ATP13A2,0.9961942
4470,LANCL1,0.9935895
4471,IRS2,0.9951818
4472,CD52,0.99875915
4473,BCCIP,0.9956203
4474,TRIM16L,0.99529994
4475,GRPEL2,0.9870945
4476,TSPAN5,0.9959647
4477,SLC43A3,0.9895602
4478,GGCX,0.99600554
4479,CHSY1,0.99601525
4480,HERC2,0.99696386
4481,BTBD7,0.99713445
4482,DDA1,0.9963513
4483,MRPL20,0.9971536
4484,TRAF3,0.99612975
4485,YY1AP1,0.99484175
4486,FOSL1,0.9941209
4487,AKR7A2,0.992463
4488,LUC7L,0.99559295
4489,PPIL2,0.9936105
4490,STRN4,0.9946806
4491,AK4,0.9932159
4492,DLST,0.99414957
4493,PBDC1,0.99500275
4494,IFI35,0.99688894
4495,VAV2,0.9939064
4496,PTPN23,0.9963837
4497,GTF2F1,0.99763334
4498,ABHD12,0.9960189
4499,RBM33,0.9968027
4500,CCNDBP1,0.9956537
4501,HECTD3,0.9971934
4502,BET1L,0.9968259
4503,IFI44,0.9888889
4504,PAF1,0.99644303
4505,SRGAP2,0.9956847
4506,JAK3,0.99822193
4507,TANC2,0.9928064
4508,PPIP5K2,0.9968252
4509,ASH2L,0.99590534
4510,ALDH18A1,0.9951645
4511,ZFAND3,0.9961152
4512,ATAD3A,0.9959888
4513,AQR,0.9946508
4514,BIRC5,0.98922867
4515,UBA3,0.9949427
4516,MRFAP1L1,0.9948364
4517,KANSL1,0.99588287
4518,SGSM2,0.9944188
4519,COA1,0.9943208
4520,ZNF358,0.9969676
4521,FBLN2,0.9930443
4522,ELOF1,0.9974484
4523,MROH6,0.9894146
4524,CCDC186,0.99308
4525,PMF1,0.9887706
4526,DENND1B,0.9961139
4527,HOOK2,0.9888054
4528,LMBRD1,0.99587744
4529,POGZ,0.9968165
4530,CSRP2,0.99399066
4531,MCM3,0.993988
4532,TERF2IP,0.99777097
4533,LINC00116,0.9960645
4534,STRIP1,0.99580395
4535,QRICH1,0.9965318
4536,SCAMP1,0.9962116
4537,NUP98,0.9962253
4538,CTNNBL1,0.99510586
4539,NCAPH2,0.99504954
4540,CTGF,0.99035805
4541,AP3M1,0.995303
4542,CLN5,0.993036
4543,COL4A3BP,0.9947387
4544,TBC1D10A,0.9949895
4545,DPY30,0.9932963
4546,DNPH1,0.995897
4547,GOLT1B,0.9963428
4548,ENOSF1,0.9936192
4549,GPRC5A,0.97965145
4550,TCEA1,0.99404484
4551,KIAA0319L,0.9955038
4552,ZMYM4,0.9965689
4553,TOPBP1,0.99754614
4554,GCLC,0.9961583
4555,DNAJC21,0.9945374
4556,NUDCD2,0.9928063
4557,TMEM237,0.993644
4558,AMZ2,0.99512815
4559,HPS4,0.9948674
4560,SSSCA1,0.99482954
4561,FAM20A,0.99640006
4562,SLC25A13,0.99705094
4563,CDKN1C,0.99045646
4564,USB1,0.99537235
4565,TBX2,0.99740577
4566,FAM21C,0.99606735
4567,LRRC58,0.99396044
4568,MRPL58,0.99485326
4569,PPP1R9B,0.9968718
4570,RGS10,0.99630165
4571,ZNF131,0.9962595
4572,KIFAP3,0.99601436
4573,TM7SF3,0.99413913
4574,LPGAT1,0.9962405
4575,ZNF148,0.9947875
4576,DEDD2,0.9955946
4577,TGIF1,0.99505866
4578,FAM98B,0.9962599
4579,FAR1,0.98787636
4580,USP22,0.99724907
4581,PKN2,0.9961979
4582,ZNF800,0.99476564
4583,LGALS9,0.9964761
4584,SSBP4,0.995909
4585,RPF1,0.99490744
4586,FAM96B,0.99310315
4587,DTX2,0.98807776
4588,PSMG2,0.99488026
4589,EPHA4,0.9950761
4590,MASP1,0.9967971
4591,SH3PXD2B,0.99597096
4592,FIBP,0.9973985
4593,OSER1,0.9964075
4594,MTIF3,0.99754727
4595,COPS8,0.99391276
4596,NUP214,0.9965719
4597,FAM234A,0.996961
4598,NAA30,0.9968434
4599,NUCB2,0.99638444
4600,CYTH3,0.99790996
4601,APOBEC3C,0.99836105
4602,MDFIC,0.99659926
4603,NIP7,0.9922343
4604,PTPRK,0.9952085
4605,TACC1,0.9976036
4606,OLFML2A,0.98929465
4607,THUMPD1,0.9966354
4608,FBXO42,0.9976103
4609,ARFGEF2,0.99535626
4610,PANX1,0.9960959
4611,METTL8,0.9976087
4612,SMIM15,0.9945819
4613,MTHFD1,0.9955987
4614,GSE1,0.99431235
4615,GFOD2,0.9905439
4616,ZNF146,0.99384284
4617,LMNB2,0.99115723
4618,MED28,0.99396586
4619,ZNF219,0.99680406
4620,CHFR,0.99381924
4621,TST,0.9871917
4622,NAPG,0.99671817
4623,HINT3,0.99644506
4624,EPC1,0.9983206
4625,WDTC1,0.99206364
4626,ZNF431,0.9946332
4627,DGCR6L,0.99744004
4628,RNF220,0.9954263
4629,MRPL11,0.9974074
4630,PIGG,0.9975361
4631,UNK,0.99596536
4632,C12orf29,0.996316
4633,WHSC1,0.9940233
4634,SLC20A2,0.9964293
4635,OSBP,0.994082
4636,AGPAT1,0.99695414
4637,APOL3,0.9963132
4638,GAS7,0.9916831
4639,CNOT6L,0.9953641
4640,RNF152,0.9968148
4641,SORD,0.9913685
4642,CETN2,0.994107
4643,CHST2,0.9888444
4644,POMGNT1,0.9967521
4645,POLR2C,0.9928709
4646,HYAL2,0.99231863
4647,PTPN11,0.9920915
4648,MYSM1,0.9962981
4649,ZZZ3,0.9937332
4650,EXOSC4,0.9960077
4651,USP1,0.9955207
4652,RBL2,0.9950892
4653,RRM2,0.9958322
4654,ILKAP,0.9963182
4655,FBXL3,0.9953307
4656,DDIT4,0.99628675
4657,GGA3,0.9963962
4658,EIF2B4,0.9960372
4659,RYK,0.99574524
4660,MAP1B,0.9958369
4661,NMU,0.9955794
4662,ADARB1,0.99670255
4663,FUT2,0.9893408
4664,TMF1,0.99370134
4665,CAMK2N1,0.99532753
4666,MIB1,0.99450254
4667,AMPD3,0.99338853
4668,ID2,0.9955958
4669,TOR1AIP1,0.991258
4670,TUBG1,0.99235785
4671,CSF1R,0.9916891
4672,MAU2,0.9958938
4673,SEPT11,0.9964631
4674,CPT1A,0.99768955
4675,VAMP5,0.99742097
4676,SLC4A7,0.9972212
4677,IL32,0.9971485
4678,DPM1,0.9942807
4679,PTPN18,0.99645704
4680,DNAJC13,0.99487495
4681,NREP,0.98687536
4682,RFNG,0.9970726
4683,FMR1,0.99687004
4684,RAB27B,0.99631
4685,HELZ,0.9959345
4686,NCBP2-AS2,0.99506116
4687,BIN3,0.9959722
4688,ALDH16A1,0.9965078
4689,NAXD,0.99667126
4690,UBE2S,0.9948186
4691,CREBL2,0.9942259
4692,YIPF1,0.99582165
4693,GATAD2B,0.996505
4694,HSPB8,0.9895034
4695,PER1,0.993742
4696,OLFM2,0.99617773
4697,CARS2,0.9958362
4698,NIPAL1,0.99275047
4699,CCZ1B,0.9952513
4700,MLX,0.99628586
4701,TNIP2,0.995252
4702,UROS,0.99346316
4703,COA6,0.9954779
4704,MSL3,0.99716765
4705,NOP9,0.99654275
4706,NPM3,0.9889616
4707,TGFBR2,0.9963965
4708,SLC39A9,0.9961261
4709,NDUFAF2,0.9947991
4710,C5orf24,0.9968887
4711,LAMTOR3,0.99719083
4712,CXXC1,0.99252486
4713,PDK1,0.9953916
4714,ANO9,0.97346276
4715,PACS2,0.99635917
4716,NIT1,0.9953465
4717,C5orf15,0.9886824
4718,SMIM4,0.9967449
4719,SOS1,0.99740815
4720,IFRD1,0.9906254
4721,MIA3,0.9974579
4722,PHF5A,0.9965858
4723,SYNE1,0.9964882
4724,NADK,0.9954818
4725,HCLS1,0.9971404
4726,NUP85,0.9950088
4727,CXCL16,0.99324584
4728,MRPL19,0.99361724
4729,GNA13,0.9958109
4730,NOL11,0.9936098
4731,TIMM50,0.9962947
4732,SNX19,0.9929749
4733,PSMD9,0.9954342
4734,VPS39,0.99385536
4735,NMI,0.99712145
4736,KCNJ15,0.99525553
4737,PAK6,0.9938811
4738,BIRC3,0.9972759
4739,ITGB2,0.996449
4740,RNF4,0.99730825
4741,AKT1,0.9890433
4742,SCO1,0.99401
4743,NMRK1,0.9961009
4744,BTBD1,0.9974044
4745,F2R,0.99544394
4746,WDFY1,0.99469066
4747,TRIM69,0.99714196
4748,CNTN1,0.9924578
4749,CLU,0.9977955
4750,CCDC14,0.99647063
4751,TRPM4,0.99439174
4752,TRMT5,0.9915903
4753,KCTD20,0.9975968
4754,SHB,0.9963929
4755,GMPS,0.99215794
4756,ORMDL1,0.9958893
4757,JOSD2,0.9966765
4758,RAP1GDS1,0.9954606
4759,VPS16,0.99662846
4760,AKR1C3,0.996111
4761,CALB2,0.98000854
4762,VAMP7,0.99420774
4763,SNX2,0.99729043
4764,STK39,0.99522495
4765,ARRB2,0.9960452
4766,PTGDS,0.9941025
4767,RCOR3,0.9937158
4768,ALG3,0.99437165
4769,ZNFX1,0.9973425
4770,ARHGEF7,0.9978944
4771,TTPAL,0.9974593
4772,USP39,0.98680276
4773,G6PD,0.9910885
4774,ATG10,0.98994017
4775,KDM7A,0.9941802
4776,ANKZF1,0.99515504
4777,ABCC1,0.9972326
4778,AACS,0.9909487
4779,LYST,0.9953611
4780,TCN1,0.6581388
4781,KIF22,0.9948419
4782,PBX1,0.9967833
4783,DENND2D,0.9957468
4784,DNAJC9,0.996917
4785,CLASP1,0.99492514
4786,CWC25,0.9935064
4787,SEPHS1,0.9942135
4788,RPE,0.9950892
4789,RNF44,0.99468267
4790,IDH3G,0.9956724
4791,OXSR1,0.9941306
4792,PLEKHA2,0.99402446
4793,AIF1,0.9982384
4794,ZNF644,0.9983392
4795,PANK2,0.9957211
4796,ZNF462,0.99685997
4797,DHFR,0.99562687
4798,TMPRSS4,0.9766178
4799,CC2D1A,0.99493223
4800,NIN,0.99642366
4801,UBQLN4,0.9926559
4802,IL17RA,0.99802655
4803,SEC24C,0.9943512
4804,SIN3B,0.9930026
4805,CXorf40B,0.99628484
4806,FUT11,0.99524164
4807,AP1M1,0.9962096
4808,DPP8,0.99733096
4809,LINC00493,0.9937438
4810,KIAA1109,0.9945895
4811,TYK2,0.9951972
4812,TRPC4AP,0.9974209
4813,PPFIA1,0.9937505
4814,NOL6,0.9963564
4815,FAM208A,0.9951066
4816,MXRA5,0.9872082
4817,PHAX,0.996011
4818,GOLIM4,0.9975551
4819,PTPN3,0.9938707
4820,BPGM,0.9947516
4821,GLIPR1,0.9963645
4822,REV3L,0.99842846
4823,ACKR3,0.9949506
4824,PFDN2,0.9923215
4825,MSANTD3,0.9881671
4826,CREB1,0.99562585
4827,C4orf48,0.9972948
4828,TMEM65,0.99414593
4829,ABCB8,0.9963415
4830,MTHFD1L,0.9888693
4831,PIP5K1C,0.9976466
4832,LAS1L,0.9943215
4833,RANBP3,0.9957945
4834,FAM111A,0.996159
4835,NEFL,0.9765011
4836,OSBPL3,0.9964779
4837,IAH1,0.9965027
4838,ADCY3,0.9921169
4839,SLC35F2,0.99574345
4840,FBXW11,0.9965728
4841,KDM2B,0.9940789
4842,DNAJB14,0.99778736
4843,MTA1,0.9973541
4844,NSF,0.9958703
4845,TMA16,0.9977491
4846,AGPS,0.99467975
4847,SIK3,0.9936524
4848,DECR1,0.9903404
4849,RNF144B,0.99439585
4850,ADCY7,0.9949565
4851,TAOK3,0.9970456
4852,P3H4,0.9936809
4853,SNX8,0.9975693
4854,SIPA1,0.9961421
4855,CYBRD1,0.9931306
4856,PAPSS1,0.99517703
4857,ARHGEF10L,0.9948953
4858,C2orf69,0.9948724
4859,SPAG7,0.9960774
4860,GUCD1,0.99337935
4861,SYNRG,0.9965851
4862,FAM102A,0.9944606
4863,SBF2,0.9940923
4864,RC3H1,0.99773973
4865,AEBP2,0.9955816
4866,SLC8B1,0.9962989
4867,G6PC3,0.99667394
4868,SNAPIN,0.99725866
4869,VAC14,0.99616075
4870,GOLGA7B,0.99577045
4871,MIEF1,0.99749786
4872,GABRE,0.99380076
4873,SMARCD1,0.9915687
4874,DERA,0.9903991
4875,MBD4,0.99679524
4876,MED29,0.99668676
4877,CAD,0.99626535
4878,ORMDL3,0.9942582
4879,H2AFX,0.99441284
4880,NRP2,0.9941749
4881,ALAS1,0.99290836
4882,CFAP97,0.98994005
4883,CDC42EP4,0.9946892
4884,FAM135A,0.9936789
4885,MAFK,0.9976677
4886,L3MBTL2,0.99598193
4887,VASN,0.9975077
4888,MICU2,0.99625117
4889,TOB2,0.9963945
4890,MBD6,0.99462605
4891,PPFIA3,0.9927605
4892,CCDC3,0.98995924
4893,STK35,0.99553454
4894,BLZF1,0.99415696
4895,RABGGTB,0.9954386
4896,MYO5B,0.99491125
4897,XG,0.98945606
4898,C6orf48,0.99115586
4899,EFR3A,0.9968114
4900,LYAR,0.99446005
4901,RNASEH2B,0.99562335
4902,CHMP5,0.9910122
4903,WASH1,0.9934942
4904,FHL3,0.9962596
4905,MYLK,0.9981549
4906,RRAS2,0.99352074
4907,ANKIB1,0.9975289
4908,MRPS18A,0.99708426
4909,BRAT1,0.99445605
4910,SEH1L,0.99702483
4911,SLC2A8,0.99376446
4912,SLC25A24,0.99668
4913,CPVL,0.9948496
4914,TFDP2,0.9966916
4915,TBC1D2,0.99607503
4916,ADD3,0.99593246
4917,CMAS,0.99430496
4918,STAG1,0.9952794
4919,CKAP5,0.9961884
4920,SPPL2B,0.99466115
4921,MAP1LC3A,0.9835768
4922,RECQL,0.99517953
4923,DGKH,0.99613786
4924,KCTD12,0.99466836
4925,AASDHPPT,0.99716806
4926,KLHL18,0.995276
4927,INPPL1,0.9965291
4928,PER3,0.99380463
4929,SLC27A3,0.99614507
4930,TBC1D15,0.9973464
4931,RNF115,0.9954644
4932,MAPK8IP3,0.99733514
4933,EFNA3,0.99272317
4934,C1orf35,0.9952609
4935,DCP1A,0.9970763
4936,PYROXD1,0.99644554
4937,TSPAN31,0.9949476
4938,MUS81,0.9958294
4939,KPNA1,0.99684477
4940,ELOVL5,0.99648994
4941,TRAPPC11,0.9952407
4942,RBM14,0.996042
4943,VBP1,0.9943585
4944,CABIN1,0.99735445
4945,INPP5A,0.996139
4946,MPC1,0.9959726
4947,PRPF38A,0.99193126
4948,PGLYRP4,0.98536247
4949,LIMK1,0.99543166
4950,TWISTNB,0.99624836
4951,RBPMS,0.99766874
4952,SH3TC1,0.99600387
4953,TMEM11,0.9897175
4954,CREB3L2,0.9965998
4955,PHKB,0.9976045
4956,LBR,0.99672514
4957,FAM53B,0.99563634
4958,TMEM86A,0.98728913
4959,VARS2,0.99726707
4960,ISG20L2,0.99553144
4961,HERC6,0.99499124
4962,WRNIP1,0.9926776
4963,COBLL1,0.99517536
4964,RIPK1,0.9914254
4965,RGPD6,0.9965561
4966,KMT5B,0.99730396
4967,BFAR,0.9962353
4968,TM2D2,0.9852738
4969,CDK7,0.99083245
4970,ZDHHC18,0.99464697
4971,SRC,0.9939838
4972,PTGR1,0.99685085
4973,DCTN6,0.9952784
4974,MAP3K3,0.99799854
4975,ZNF217,0.99729973
4976,MALSU1,0.99306935
4977,PKD1,0.9958499
4978,KCTD5,0.99209464
4979,KLF9,0.9974395
4980,SLC28A3,0.99338096
4981,SLC5A3,0.99581814
4982,TINCR,0.99562764
4983,FOXK1,0.9972268
4984,AREL1,0.9966265
4985,ALG5,0.98425186
4986,MCOLN1,0.9966832
4987,USP3,0.9958404
4988,NEIL2,0.99587923
4989,OXR1,0.9970476
4990,NR1D2,0.99692667
4991,PAK1,0.9975779
4992,LINC00998,0.9970632
4993,ATAD1,0.9961085
4994,LSS,0.99527764
4995,ARID2,0.99800587
4996,TPD52L1,0.994538
4997,SLC12A9,0.99590015
4998,SEC23A,0.99413204
4999,EXOSC7,0.9975133
5000,ATL2,0.9958978
5001,RAP2C,0.9940673
5002,ELMSAN1,0.9963534
5003,RNF20,0.9943277
5004,SKA2,0.9915612
5005,PNPLA6,0.99638397
5006,NAA25,0.99397516
5007,BCL2L2,0.9943698
5008,ASPSCR1,0.9967078
5009,SNTB2,0.9965374
5010,YTHDC2,0.9961488
5011,RCC1L,0.9962963
5012,PLEKHF2,0.9929891
5013,ATE1,0.9945477
5014,ELMOD2,0.99701756
5015,CPNE1,0.9921258
5016,RPA3,0.9939148
5017,ATXN2,0.99494827
5018,RRP15,0.9923871
5019,EPM2AIP1,0.99739957
5020,WDR5,0.9946733
5021,DCAF12,0.9964966
5022,CXCL9,0.98120767
5023,ASCL2,0.9813177
5024,TBC1D20,0.9952261
5025,MYH10,0.9958517
5026,RAB9A,0.9956086
5027,AREG,0.9846985
5028,NOL3,0.9933805
5029,DUSP4,0.9927963
5030,MAP3K7,0.99492216
5031,PRKCZ,0.996404
5032,EXTL3,0.99351317
5033,ANKRD29,0.9951336
5034,PUM3,0.9964291
5035,ABCF3,0.9967457
5036,RSPRY1,0.99301124
5037,GPX2,0.9918318
5038,ARID5A,0.9983852
5039,LCE1B,0.97375953
5040,ABL1,0.9932549
5041,MAGOH,0.9933719
5042,SYT7,0.99646467
5043,LPAR6,0.9943547
5044,DDX3Y,0.99136204
5045,SNX21,0.9916175
5046,PRKCH,0.99557704
5047,COPZ2,0.99690074
5048,PSORS1C1,0.98857737
5049,CLEC7A,0.99470097
5050,ABCA5,0.99623483
5051,ZFPL1,0.9972423
5052,USP38,0.9972549
5053,HINT2,0.9976465
5054,OAS3,0.9938586
5055,TIMM17B,0.99569184
5056,PRDM4,0.99324036
5057,AGO1,0.9969137
5058,UTP6,0.99305356
5059,CALCOCO1,0.9960629
5060,ACSS2,0.99193966
5061,HOMER1,0.9959552
5062,TRADD,0.99679476
5063,SPIN1,0.9959315
5064,UTP11,0.99461454
5065,GCC2,0.9961151
5066,NAGA,0.9960782
5067,ARFGAP3,0.9970785
5068,TCEAL8,0.99290115
5069,SLC37A3,0.99785453
5070,RPA2,0.9956918
5071,DOT1L,0.9948931
5072,APPL2,0.9945086
5073,SLC40A1,0.99764407
5074,DENND4B,0.9983868
5075,MCCC2,0.99751836
5076,MED14,0.9948133
5077,LACTB,0.9943715
5078,CARD10,0.9924417
5079,OTULIN,0.99491334
5080,RFWD2,0.9966405
5081,RABGAP1L,0.99670726
5082,MLLT10,0.9957807
5083,OFD1,0.9957378
5084,PIK3CA,0.99574715
5085,TMEM30B,0.99636847
5086,C22orf29,0.9924661
5087,HDAC4,0.9956508
5088,POGLUT1,0.99726546
5089,PLXNA2,0.99544495
5090,C1orf198,0.9966399
5091,RAP2A,0.99298286
5092,IKBKAP,0.9921691
5093,SCNM1,0.9875286
5094,EPB41L4B,0.99247956
5095,AIM1L,0.99525154
5096,DDX60L,0.99398786
5097,EIF2B2,0.99515074
5098,CCNG2,0.99505717
5099,GPAA1,0.99540997
5100,ZNRF2,0.9951583
5101,WDR4,0.99451935
5102,ARID4A,0.99519473
5103,XYLT2,0.99471617
5104,CAMK1D,0.99016225
5105,GPM6B,0.9961449
5106,CARD18,0.97936255
5107,PPP2R5D,0.9939555
5108,RCAN3,0.99713033
5109,KLHL42,0.99722135
5110,ARHGEF5,0.99718434
5111,STIM2,0.9953374
5112,SDCCAG8,0.9952949
5113,FAM20B,0.9960175
5114,TBC1D10B,0.9969636
5115,SLC5A6,0.99311894
5116,EHMT2,0.99537367
5117,MET,0.99704206
5118,FBXO33,0.9966323
5119,RSBN1L,0.99449784
5120,FOXJ3,0.99421984
5121,POLRMT,0.99722755
5122,CREBZF,0.99581057
5123,CXorf40A,0.9973391
5124,MTOR,0.9959081
5125,GALNT3,0.9906348
5126,APBB2,0.9984356
5127,HLA-DQB2,0.9775346
5128,SLCO2B1,0.99688107
5129,RARS2,0.9952041
5130,SUPT20H,0.99486274
5131,KRT23,0.986078
5132,IGF2BP2,0.9862471
5133,FBXW4,0.99541533
5134,HPRT1,0.995683
5135,SH3BP4,0.9946285
5136,RNF169,0.99406064
5137,MTMR14,0.99631655
5138,FAM177B,0.9937778
5139,C10orf76,0.9932548
5140,LSM14B,0.99553734
5141,ITGB8,0.99612164
5142,ZNF326,0.9949239
5143,EPSTI1,0.9911926
5144,H6PD,0.9971901
5145,DEXI,0.9936316
5146,DENND6A,0.9961244
5147,CINP,0.9934462
5148,FBXL17,0.9946268
5149,B4GALT7,0.99544674
5150,RTKN,0.99009275
5151,KIAA1715,0.99698704
5152,UBR3,0.9938166
5153,CDK10,0.9969376
5154,HCCS,0.99359596
5155,KDM6B,0.9918298
5156,PCNT,0.995146
5157,TIMM9,0.99644476
5158,RNMT,0.99625486
5159,HERC1,0.99672866
5160,CCDC71L,0.99580735
5161,FAM58A,0.99523073
5162,PARP6,0.9966919
5163,SRRD,0.9915043
5164,OSTM1,0.9970693
5165,SRD5A1,0.99460876
5166,PRDX3,0.9941899
5167,GGPS1,0.9962995
5168,EFNA5,0.9966684
5169,SLC35C1,0.9971014
5170,HMGB3,0.99596316
5171,MTMR10,0.99849266
5172,IFT20,0.99722254
5173,CISD2,0.9948797
5174,EMC8,0.99362916
5175,RBM28,0.99233884
5176,GATB,0.9953898
5177,WDFY3,0.99545795
5178,CTTNBP2NL,0.99537015
5179,SDAD1,0.99522203
5180,QTRT1,0.9967918
5181,ARID3A,0.9970989
5182,ZNF263,0.9967214
5183,DBN1,0.9954485
5184,CKAP2,0.9895866
5185,MEAF6,0.99449515
5186,STK16,0.9941324
5187,NEBL,0.9949087
5188,CIAPIN1,0.99662167
5189,KDM3A,0.9973637
5190,SCAPER,0.99648786
5191,DDI2,0.99212337
5192,SFT2D1,0.99554676
5193,HSBP1L1,0.994823
5194,ORAI1,0.9959527
5195,NPRL3,0.995723
5196,B4GALNT3,0.9953703
5197,MAPRE2,0.99366164
5198,RASA1,0.9958875
5199,PEMT,0.99167037
5200,ACAA2,0.99414957
5201,MFSD2A,0.99533004
5202,UNC13D,0.9964989
5203,EPT1,0.9954591
5204,BTN3A2,0.9972139
5205,RAB27A,0.99240595
5206,TCTN3,0.99387217
5207,TRMT1,0.9969994
5208,PRR5,0.9972065
5209,HMCES,0.9954208
5210,SDCCAG3,0.9943637
5211,GOSR1,0.99654984
5212,SUMF1,0.9938594
5213,BBX,0.99593276
5214,IL6R,0.99694127
5215,TNS1,0.99718684
5216,ACOT9,0.9971298
5217,TAF3,0.9961496
5218,FNDC3A,0.992967
5219,NCSTN,0.9926877
5220,INTS10,0.9952671
5221,GNPTAB,0.9963965
5222,TWSG1,0.996241
5223,TLE4,0.9957299
5224,SNAP29,0.9977952
5225,ATG4D,0.99660575
5226,NINJ1,0.9974911
5227,GTF3C3,0.9963512
5228,ZBTB7C,0.9916758
5229,MRPL22,0.99459845
5230,GNA12,0.99718016
5231,DMAP1,0.99443126
5232,BCAT2,0.9960413
5233,NBEAL1,0.9945124
5234,FAM104A,0.993108
5235,CHST3,0.99156106
5236,POU2F1,0.996093
5237,MAD1L1,0.99533165
5238,SCARB1,0.9959308
5239,PIP4K2B,0.9972816
5240,EFEMP2,0.99796396
5241,SYVN1,0.99701476
5242,INPP5D,0.9979592
5243,GABARAP,0.997654
5244,PHGDH,0.9935723
5245,SLC25A36,0.9965808
5246,ANKRD9,0.99628496
5247,EDNRA,0.9897284
5248,MGMT,0.99482757
5249,GLI3,0.9947648
5250,SFRP1,0.99502957
5251,UCK2,0.9954587
5252,SH3KBP1,0.99714935
5253,DNASE2,0.9979745
5254,RNF39,0.99199635
5255,PSMG4,0.99645895
5256,ZNF562,0.9946073
5257,SIPA1L2,0.9960576
5258,MS4A6A,0.9958493
5259,TBC1D13,0.994091
5260,CCNT2,0.9959274
5261,PELI1,0.99588466
5262,HRNR,0.9773429
5263,TEX2,0.9957267
5264,MRPS23,0.99681115
5265,PPIE,0.99486613
5266,ARHGEF16,0.9944867
5267,C19orf25,0.99633217
5268,LPIN3,0.99271345
5269,MADD,0.9974114
5270,PPIL1,0.99475884
5271,ANKS1A,0.99592775
5272,ISY1,0.9978188
5273,ZDHHC7,0.9952409
5274,MYO9A,0.9970423
5275,PALMD,0.9937257
5276,SMAD3,0.9959166
5277,ABCC5,0.9947453
5278,EPHX1,0.9973741
5279,NFRKB,0.9948665
5280,STK40,0.9956177
5281,TRAPPC6B,0.9922486
5282,POLR3C,0.9954262
5283,PLEKHG5,0.9921439
5284,GTPBP1,0.9970551
5285,CDKN1B,0.9963083
5286,ARHGEF2,0.99742657
5287,PHF3,0.9963334
5288,CAMK2G,0.9955281
5289,TTC39C,0.9970525
5290,SRD5A3,0.9884793
5291,SEC23B,0.9963974
5292,VAV3,0.9954709
5293,OTUD4,0.9956185
5294,KIAA0196,0.9948023
5295,TFIP11,0.9969696
5296,SH3BP5L,0.9966541
5297,SAP30L,0.99421173
5298,BRF1,0.9948191
5299,AIMP2,0.99525154
5300,PCNX1,0.9972758
5301,DDX52,0.9939142
5302,PEX19,0.99596083
5303,NRBP2,0.9969102
5304,FGFR1,0.9970096
5305,PPP2R2D,0.9962543
5306,ZNF33A,0.9947856
5307,FANCI,0.99084914
5308,PEAK1,0.9968799
5309,RALGAPA1,0.996596
5310,EMILIN2,0.9966418
5311,RMND5A,0.9920688
5312,NPDC1,0.9968577
5313,C1orf123,0.99486315
5314,PIAS3,0.99255323
5315,STAT5B,0.9955403
5316,CORO1B,0.99671453
5317,TMEM41A,0.9937407
5318,PHF10,0.99606675
5319,REPS1,0.9941381
5320,SDR9C7,0.99313605
5321,FGL2,0.9977933
5322,DHX33,0.9967048
5323,C15orf39,0.9951171
5324,KAT6A,0.99567384
5325,CD58,0.9928239
5326,NEK9,0.99793893
5327,FAM49B,0.99420625
5328,ICE2,0.99744433
5329,DSCR3,0.9959561
5330,EPB41L3,0.9927338
5331,NUP205,0.9949269
5332,RUBCN,0.9975318
5333,MYCBP,0.996063
5334,SURF1,0.9969992
5335,GGA2,0.9956912
5336,PPFIBP2,0.99552643
5337,PAPD4,0.9962819
5338,SKIV2L2,0.9929312
5339,S100A3,0.9955255
5340,C9orf142,0.99345726
5341,SMC6,0.99518764
5342,LPIN1,0.9970968
5343,STX3,0.9955562
5344,BSPRY,0.98986757
5345,HECTD4,0.9940682
5346,PDE7A,0.9945313
5347,ARAF,0.99584943
5348,TPRKB,0.9969667
5349,TIMM10B,0.9962871
5350,RNF130,0.9969891
5351,SECISBP2L,0.9979102
5352,CSNK1G3,0.99748397
5353,ACTR1B,0.99690825
5354,DYM,0.9964197
5355,MRPS22,0.9963792
5356,ZNRD1,0.99270344
5357,IRS1,0.994318
5358,AAR2,0.997026
5359,ZNF83,0.99661356
5360,PDZD11,0.99535316
5361,RPRD2,0.99458444
5362,XPNPEP1,0.9950123
5363,LTF,0.9911959
5364,SETD2,0.9941158
5365,KDM4B,0.9974786
5366,MCRS1,0.99509406
5367,RBMX2,0.9968606
5368,EPHB6,0.988787
5369,GNPTG,0.99663174
5370,PELP1,0.9970564
5371,RYBP,0.9955936
5372,PYGO2,0.9966413
5373,CMSS1,0.9966644
5374,IWS1,0.9948888
5375,GINM1,0.9959939
5376,ENTPD4,0.9973698
5377,CH507-42P11.8,0.9955427
5378,UBN1,0.9976855
5379,FBXO21,0.99697
5380,AP1M2,0.99497503
5381,CENPT,0.99658185
5382,EMILIN1,0.99831706
5383,PTAR1,0.99678254
5384,KANSL3,0.9955115
5385,AKAP11,0.995711
5386,GPATCH2L,0.99760544
5387,DUSP16,0.9981235
5388,SLC35A2,0.9968254
5389,BRAP,0.9967672
5390,PRRX2,0.9978706
5391,ARHGAP45,0.9976345
5392,PIGX,0.99497825
5393,SLC6A6,0.9916026
5394,IL17RC,0.9952501
5395,SHKBP1,0.99387455
5396,LRRC1,0.9965331
5397,TNRC6C,0.9973734
5398,RBMS2,0.99772024
5399,CCNG1,0.9942104
5400,PIK3R2,0.9928456
5401,PITPNM1,0.99448466
5402,GGT6,0.99257356
5403,PRPS1,0.9922838
5404,RB1,0.99583954
5405,SMAD1,0.9966669
5406,LRRC41,0.99303186
5407,PWWP2A,0.99627423
5408,DERL3,0.99430054
5409,SIAH1,0.9965674
5410,GRHL3,0.98665583
5411,HADH,0.99377143
5412,SIRT6,0.99364936
5413,PTS,0.99484694
5414,PHKG2,0.9964908
5415,CLMP,0.9953427
5416,TXNRD1,0.996414
5417,NCAPD2,0.9952732
5418,NIPSNAP1,0.99544895
5419,MRPS18C,0.99795896
5420,NUP58,0.99507576
5421,SMPDL3A,0.98466045
5422,GPR108,0.99717975
5423,HEXDC,0.99513745
5424,RALGPS2,0.9927434
5425,CCDC91,0.99549705
5426,NUP88,0.9953402
5427,GTPBP6,0.9952022
5428,TOR1A,0.9953981
5429,MAP2K1,0.99535954
5430,CCDC90B,0.9953492
5431,TSHZ2,0.99484175
5432,BOD1,0.9946795
5433,COX11,0.99632055
5434,CHCHD5,0.99450344
5435,PLPP2,0.9950944
5436,TMEM242,0.99507535
5437,FAM65A,0.99665886
5438,SLC39A8,0.9974842
5439,AKTIP,0.9967071
5440,TMEM18,0.994978
5441,KIAA1551,0.99466026
5442,ESF1,0.9965554
5443,LINC01420,0.9918884
5444,PHF11,0.99431974
5445,ADAMTS2,0.99553007
5446,PTRHD1,0.99793017
5447,PLCG1,0.9960541
5448,MRPL50,0.9921151
5449,RIN3,0.99800175
5450,PPP2R1B,0.9942389
5451,ERLEC1,0.9967278
5452,TET2,0.9976776
5453,MARCH5,0.99493366
5454,PEX10,0.99703014
5455,LSM8,0.99611795
5456,RUNX3,0.9979238
5457,VKORC1L1,0.99562055
5458,SEPT6,0.9988271
5459,SLC30A5,0.9961769
5460,FASTKD2,0.9947593
5461,MPEG1,0.9963976
5462,SKIV2L,0.9957023
5463,SIPA1L1,0.9959168
5464,EDEM1,0.9970663
5465,NUS1,0.9899721
5466,APOD,0.99779916
5467,NTMT1,0.9952857
5468,TUSC2,0.99554116
5469,GPSM1,0.9973451
5470,HLA-DQB1,0.9954755
5471,PSENEN,0.99421155
5472,ST3GAL5,0.99252856
5473,PFDN6,0.99344945
5474,MAGI1,0.99489546
5475,ACVRL1,0.9972195
5476,LYRM1,0.9969629
5477,SLC39A14,0.9892759
5478,ERLIN2,0.99300516
5479,STK3,0.99638444
5480,AVPI1,0.98310375
5481,ANPEP,0.99638075
5482,MECP2,0.99701566
5483,FCGR2A,0.99844015
5484,THOC3,0.99285316
5485,PGGT1B,0.99519324
5486,ZC3H7B,0.9969921
5487,MOB3B,0.99428016
5488,ZNF121,0.9944692
5489,ERRFI1,0.993815
5490,SART1,0.9962605
5491,OAF,0.9976102
5492,ANAPC4,0.99501544
5493,DHX37,0.99516785
5494,SSH1,0.9955449
5495,DESI2,0.99546
5496,USP2,0.9821709
5497,HSPA4L,0.99041027
5498,PIAS4,0.9944072
5499,KIZ,0.9949272
5500,ARHGAP17,0.99769336
5501,UTP18,0.99336034
5502,PEX16,0.9965169
5503,ZFYVE16,0.997448
5504,ERAP2,0.9749419
5505,EPHA1,0.99232495
5506,GTF3C2,0.9944289
5507,PNO1,0.99355894
5508,PHF2,0.99507916
5509,ALG8,0.9927473
5510,MTMR2,0.9962222
5511,GIT2,0.9978189
5512,NSUN4,0.99500567
5513,GRAMD3,0.9954325
5514,CEBPZ,0.9956496
5515,PHTF2,0.9980253
5516,GSTZ1,0.9970378
5517,NIPSNAP3A,0.9943636
5518,KMT5A,0.9932663
5519,B4GALT3,0.99600637
5520,BAIAP2L1,0.9920241
5521,ERLIN1,0.99143344
5522,LHFP,0.99746853
5523,LZTR1,0.9956537
5524,INAFM1,0.994914
5525,CCDC88C,0.99583477
5526,LCE1C,0.9663207
5527,AMDHD2,0.9983398
5528,DLAT,0.9940919
5529,EREG,0.99290824
5530,BORCS6,0.9955814
5531,TBC1D1,0.996588
5532,SHTN1,0.99598485
5533,REV1,0.9967571
5534,TARBP2,0.9962354
5535,RALGAPA2,0.9955697
5536,PIP5K1A,0.99211013
5537,ATPAF1,0.99622357
5538,MTRR,0.99556106
5539,RABIF,0.9959251
5540,C12orf45,0.99447095
5541,NR2C2,0.99687606
5542,RABGGTA,0.991748
5543,PLPP1,0.9951137
5544,NUP54,0.996091
5545,IPO4,0.9962898
5546,PDDC1,0.9962399
5547,PRPSAP1,0.99612707
5548,NDUFV2,0.99395746
5549,ATP5SL,0.99691206
5550,CSAD,0.99403477
5551,PLEKHG2,0.99643254
5552,TMCC1,0.9947964
5553,INO80D,0.99767
5554,SLCO3A1,0.99642235
5555,KLHDC10,0.99480605
5556,POU2F2,0.9973013
5557,WNT7B,0.9872837
5558,MRPS27,0.99390024
5559,B3GAT3,0.997586
5560,HEBP1,0.9939531
5561,FKBP4,0.995449
5562,TFCP2L1,0.9958623
5563,TYSND1,0.99509
5564,ASXL2,0.9956497
5565,ATXN7,0.9952324
5566,ZNRF1,0.99633
5567,SPOPL,0.99356526
5568,FAM222B,0.9954512
5569,HS2ST1,0.9957879
5570,SIK1,0.9933991
5571,RWDD4,0.98978907
5572,ZNF791,0.9975231
5573,PDZD8,0.9947839
5574,ERCC5,0.99615693
5575,OGFOD3,0.9926822
5576,ELF2,0.9980048
5577,TP53AIP1,0.989063
5578,PGM3,0.99718165
5579,C16orf74,0.9953958
5580,ASNSD1,0.99547154
5581,GALNT18,0.9971615
5582,GAB1,0.99581677
5583,MRPS30,0.9941016
5584,ZNF428,0.9943022
5585,RASAL2,0.9960423
5586,PRPS2,0.99566245
5587,BCL7B,0.9949556
5588,ANKRD28,0.99659485
5589,FAM91A1,0.9939615
5590,ZNF316,0.9952667
5591,ENTPD6,0.99688995
5592,MKLN1,0.99646145
5593,CLDN7,0.99171174
5594,VPS54,0.9963714
5595,RNF19B,0.99616647
5596,FBXO25,0.99681294
5597,GABPB1,0.993841
5598,MTIF2,0.9937455
5599,CNOT11,0.99444777
5600,MRPL1,0.9943103
5601,DHDDS,0.9947167
5602,SMAGP,0.9891531
5603,AKIP1,0.9968318
5604,TRIM24,0.9951453
5605,NAA60,0.9969644
5606,CUL4B,0.9941325
5607,IER5L,0.9948569
5608,HMGXB3,0.99763656
5609,GOT1,0.9925085
5610,TMEM50B,0.99632007
5611,WIPI1,0.9963363
5612,SLC35F5,0.99325913
5613,SCAF8,0.99570334
5614,DALRD3,0.9975562
5615,NBN,0.99635226
5616,PKP4,0.99716777
5617,MCC,0.9958467
5618,HIVEP2,0.9957446
5619,GTPBP2,0.99788904
5620,KPNA6,0.99490774
5621,WDR11,0.9978242
5622,RBM27,0.9947714
5623,PRPF4,0.9894054
5624,HSPBP1,0.99486446
5625,QPCT,0.9815807
5626,UFL1,0.9965887
5627,ZNF276,0.99488795
5628,TBC1D4,0.99625003
5629,TSPAN6,0.9955914
5630,MIOS,0.9947625
5631,TMX4,0.9975111
5632,ALG1,0.9926911
5633,LDB1,0.99568534
5634,OPA3,0.9943086
5635,SLC12A6,0.99641544
5636,MTERF4,0.99675775
5637,SLC43A2,0.9948562
5638,PJA1,0.9925422
5639,ATP11A,0.9970447
5640,PRKAA1,0.9955931
5641,AHDC1,0.99656045
5642,RP9,0.9947869
5643,C1orf54,0.99603856
5644,ROBO1,0.99143124
5645,GBE1,0.9910369
5646,TRIM14,0.9956809
5647,FYN,0.9972357
5648,AGGF1,0.99596745
5649,OAT,0.993278
5650,SEMA4D,0.9934299
5651,MRPL33,0.9947467
5652,FYCO1,0.9948127
5653,RNF216,0.9968158
5654,YIF1B,0.99581206
5655,CEP164,0.9961997
5656,COL4A5,0.9852764
5657,CMTR2,0.99580127
5658,MRPL30,0.99637043
5659,PDE12,0.99588454
5660,GPD2,0.99373025
5661,CSTF3,0.9958042
5662,UQCRHL,0.9951584
5663,PSMD5,0.9954815
5664,VCPIP1,0.99370575
5665,PIM2,0.9965368
5666,KLHDC8B,0.9964947
5667,AC005480.1,0.9788277
5668,PIK3C3,0.99793774
5669,MPND,0.99562895
5670,GBA2,0.9975129
5671,FAM189B,0.9943654
5672,SEC14L2,0.9964898
5673,RASA4,0.99377424
5674,CXCL1,0.9917976
5675,SNX14,0.9972358
5676,CENPP,0.99190557
5677,UTP4,0.9940608
5678,RNASEH2C,0.9966564
5679,DGUOK,0.9960883
5680,ZER1,0.9971392
5681,DMWD,0.99622476
5682,REXO4,0.99537694
5683,ZNF703,0.99500704
5684,PYM1,0.99368614
5685,D2HGDH,0.9961063
5686,ZNF451,0.99596775
5687,RNF24,0.9969506
5688,GUF1,0.99665177
5689,SGK223,0.99591506
5690,SULF1,0.9980081
5691,MOXD1,0.98881567
5692,POLR2D,0.9947661
5693,UPF3B,0.9952616
5694,ZNF317,0.9961115
5695,TMEM168,0.99657136
5696,CDC42EP3,0.9975363
5697,SNRPA1,0.9945504
5698,CTNNAL1,0.99283296
5699,GRB7,0.9932553
5700,PLAA,0.99534386
5701,SRP19,0.9931239
5702,SMCR8,0.989213
5703,ARMC8,0.9957246
5704,RGPD5,0.996309
5705,IMPACT,0.99511015
5706,PSPC1,0.99635315
5707,LSG1,0.99549866
5708,CEP104,0.99740636
5709,PLA2G3,0.991029
5710,GOSR2,0.9939065
5711,CCL18,0.9919327
5712,AGL,0.9945573
5713,BARX2,0.991489
5714,EPB41,0.99609685
5715,DIRC2,0.9945911
5716,SLC4A1AP,0.9933933
5717,PAN3,0.996935
5718,UFSP2,0.9927861
5719,AP5M1,0.99540854
5720,APOPT1,0.99308723
5721,NOP14,0.99782217
5722,ZC3H12A,0.9937461
5723,ALG13,0.9961062
5724,MEF2D,0.9975068
5725,MRRF,0.99605817
5726,ACOX3,0.9942502
5727,ASB6,0.9964063
5728,MGAT5,0.99385184
5729,HMBS,0.99434334
5730,INPP5K,0.99733657
5731,CHD6,0.9957929
5732,DCAF16,0.9958487
5733,SOX12,0.9970578
5734,TCF20,0.99279606
5735,PLPPR2,0.99329513
5736,RMDN3,0.9970353
5737,SOCS3,0.99454194
5738,TBC1D17,0.9964681
5739,ATG2B,0.9961858
5740,SLAMF7,0.9969097
5741,POP5,0.99396473
5742,FAM107B,0.99745804
5743,PTPN2,0.9980067
5744,WNT10A,0.99374
5745,SEC22C,0.99603283
5746,TELO2,0.9947512
5747,ENOPH1,0.99446267
5748,SLC23A2,0.9956669
5749,SH3D21,0.9915711
5750,GFPT1,0.99701285
5751,USP40,0.9947422
5752,DYRK2,0.99779177
5753,MSI2,0.9969961
5754,ANKRD50,0.99711365
5755,OBSL1,0.9978307
5756,SEC24D,0.99510956
5757,C7orf49,0.99515855
5758,UBN2,0.99625266
5759,SEMA4A,0.9952781
5760,SPON1,0.99751925
5761,DNAJA3,0.99738044
5762,YDJC,0.9970618
5763,CASP2,0.9935678
5764,IL22RA1,0.99038756
5765,NFATC4,0.9969262
5766,C16orf62,0.9960486
5767,TAF6,0.9969089
5768,PARP10,0.9971025
5769,SLC50A1,0.99220514
5770,RNF34,0.9937733
5771,COQ9,0.9896436
5772,LAGE3,0.9959421
5773,MTF2,0.9972041
5774,WDR48,0.99590653
5775,SNX29,0.99628526
5776,GDE1,0.99393946
5777,SNX10,0.99420977
5778,MRPL35,0.9957427
5779,AIP,0.99797344
5780,RIOK1,0.99294007
5781,CLASRP,0.99604213
5782,SNX18,0.99753803
5783,CERCAM,0.99707246
5784,INTS3,0.9959472
5785,DGCR8,0.9938194
5786,OXCT1,0.99344337
5787,PMM1,0.99331415
5788,PRKACB,0.9964096
5789,GPR68,0.9928528
5790,ZFPM1,0.99485683
5791,CORO7,0.9963573
5792,FBXL15,0.99619657
5793,TCHP,0.9965493
5794,TRAPPC10,0.9966245
5795,SNX13,0.9956247
5796,TIMM22,0.9954755
5797,CDS2,0.996779
5798,SUCLA2,0.9952291
5799,PAK4,0.9958469
5800,MGRN1,0.9948607
5801,MIER1,0.9958906
5802,APPBP2,0.99601406
5803,TBL2,0.9947102
5804,LYRM4,0.99677444
5805,ZBTB43,0.99353963
5806,PAQR4,0.99604654
5807,COQ2,0.99607277
5808,FKBP1C,0.9935757
5809,INSIG1,0.9972357
5810,FLRT3,0.99571514
5811,ISG20,0.9961244
5812,APEX2,0.9966598
5813,TRMT2A,0.99654025
5814,C8orf33,0.99723536
5815,TCF12,0.994962
5816,MPV17,0.9976878
5817,SH2D2A,0.995574
5818,USP4,0.99617887
5819,CSNK1G1,0.99738145
5820,SLC48A1,0.9961828
5821,GLT8D1,0.99325466
5822,NIPAL3,0.9973093
5823,TSSC1,0.9966512
5824,FAM3A,0.9937242
5825,CSGALNACT1,0.99690974
5826,SDC2,0.9966264
5827,ANAPC15,0.9956524
5828,WDR91,0.9936722
5829,ADNP2,0.996439
5830,NUDT16L1,0.9966914
5831,TXNDC11,0.9944679
5832,DCAF11,0.99592656
5833,CLK2,0.9973518
5834,FRMD4A,0.9976327
5835,CLN8,0.9921085
5836,ARNT,0.99748784
5837,KIAA0232,0.9964794
5838,FAM13B,0.99629635
5839,GAS1,0.9960882
5840,NOC4L,0.99691063
5841,PAPD5,0.99608773
5842,MRM2,0.9941933
5843,TSEN15,0.9949033
5844,THYN1,0.99653155
5845,DSG2,0.99464464
5846,HDAC5,0.9929457
5847,TMEM117,0.99612135
5848,GLRX,0.9975315
5849,FCHSD2,0.99596477
5850,C12orf49,0.99478215
5851,ZBTB17,0.9952222
5852,POFUT1,0.99675745
5853,P3H1,0.9966739
5854,ADPRHL2,0.99636376
5855,MTX3,0.9947265
5856,STARD3,0.9966071
5857,MDK,0.99687624
5858,USP25,0.99631083
5859,MON1B,0.9961466
5860,SIGIRR,0.99715394
5861,PAXBP1,0.99576867
5862,ABT1,0.987636
5863,NTAN1,0.9958986
5864,DPYSL3,0.99711686
5865,SLCO4A1,0.9940947
5866,SYS1,0.99602115
5867,C1QTNF1,0.99655974
5868,XPA,0.9970051
5869,JMY,0.99441713
5870,TYMS,0.9754614
5871,AVEN,0.9933035
5872,ODF3B,0.997526
5873,MTMR1,0.994121
5874,SLC22A18,0.9977644
5875,PLXDC1,0.99602723
5876,MRPL46,0.9952462
5877,NTPCR,0.996501
5878,PSAT1,0.9913412
5879,MSH6,0.99624807
5880,VANGL1,0.9955872
5881,TSPAN13,0.997618
5882,CHD1L,0.99481356
5883,SDR39U1,0.9969019
5884,RGS14,0.9947547
5885,PIGC,0.9973857
5886,PHRF1,0.9921345
5887,CAT,0.9926161
5888,ARHGEF28,0.99479616
5889,DOCK1,0.9954155
5890,HNRNPLL,0.9973146
5891,SNX24,0.9946531
5892,KYAT3,0.9958809
5893,GPR89A,0.9969486
5894,NMB,0.99456984
5895,MSRB2,0.99686337
5896,NUDT9,0.9961779
5897,SUPT7L,0.9978023
5898,TRMT61A,0.9956334
5899,OLFML2B,0.99630123
5900,DPF2,0.9960904
5901,TRIB2,0.9961811
5902,HEXIM1,0.99459755
5903,SDC3,0.99563986
5904,STAM2,0.99587667
5905,C18orf21,0.9889896
5906,BMP7,0.9905398
5907,RRS1,0.9968349
5908,PSMD10,0.99433273
5909,EXOSC1,0.99413496
5910,FAM73B,0.99111503
5911,BORCS7,0.997032
5912,ZNF672,0.9968997
5913,MTMR9,0.99567264
5914,ZADH2,0.99470365
5915,CHRAC1,0.9945253
5916,TYRO3,0.9887806
5917,FEM1C,0.9947347
5918,NUP133,0.99412245
5919,RANGRF,0.99551874
5920,DOCK5,0.9957709
5921,STEAP3,0.9941221
5922,LGALS9B,0.9849476
5923,SPRYD7,0.9966209
5924,PPIH,0.99549186
5925,TOR4A,0.9886157
5926,ZBTB11,0.9948238
5927,CHERP,0.9954007
5928,CCDC69,0.997859
5929,WDR3,0.99370605
5930,LGALS9C,0.9864636
5931,ABTB1,0.99705523
5932,MEF2C,0.997609
5933,AKAP1,0.99460447
5934,ELL,0.9958467
5935,PRKAB1,0.9966969
5936,SIPA1L3,0.9936881
5937,CIAO1,0.9964338
5938,SENP2,0.99760985
5939,OTUD1,0.99552375
5940,CTSF,0.99701625
5941,TSFM,0.99536645
5942,PKIG,0.997746
5943,PRPF39,0.99634224
5944,NR1H2,0.9950217
5945,STX8,0.99601966
5946,MN1,0.9906433
5947,ENDOU,0.9885174
5948,CAMSAP3,0.9934006
5949,DCP2,0.9967171
5950,DROSHA,0.9973289
5951,FOXO1,0.99737823
5952,GALNS,0.99579453
5953,RLIM,0.99581665
5954,MAST2,0.9978449
5955,PSAPL1,0.983109
5956,RARRES2,0.9971836
5957,SSH2,0.9973876
5958,SLC38A7,0.9972315
5959,SLC25A17,0.9958943
5960,MAP3K4,0.99598
5961,BRD1,0.99704486
5962,NBPF1,0.99648595
5963,NAB2,0.9924963
5964,PIGN,0.9954182
5965,LTV1,0.9943501
5966,CNOT3,0.99683326
5967,PELO,0.99685717
5968,FRA10AC1,0.9970448
5969,POLE,0.9946873
5970,LCP2,0.99757564
5971,CNPY3,0.99687165
5972,SEMA4C,0.9973493
5973,SCNN1B,0.987706
5974,PRPSAP2,0.99392956
5975,TRIP10,0.9957094
5976,ZCCHC14,0.9949468
5977,PFKFB4,0.99534273
5978,JMJD4,0.99628913
5979,GLE1,0.9890776
5980,ITPRIP,0.9905753
5981,AIFM1,0.99288404
5982,SPTSSB,0.9846909
5983,F2RL1,0.9899537
5984,SNX11,0.9946619
5985,REPIN1,0.99528664
5986,CSTF1,0.9939477
5987,BYSL,0.99619925
5988,PLEKHO2,0.99596137
5989,KDM1B,0.9951387
5990,TRAFD1,0.9954411
5991,GADD45A,0.9952236
5992,PPP1R10,0.99649644
5993,FBXO31,0.99778664
5994,OSBPL5,0.9954843
5995,RCC1,0.99658257
5996,SOS2,0.99538726
5997,VPS13B,0.9949982
5998,STARD5,0.9931072
5999,PDE8A,0.9966208
6000,SACM1L,0.99246407
6001,ATG7,0.9975163
6002,VTI1A,0.9937833
6003,PPP1R15B,0.99491596
6004,PPM1B,0.9963816
6005,SMN1,0.9962588
6006,SRRM1,0.9974072
6007,ODF2,0.99604267
6008,LYRM2,0.9973045
6009,CORO2A,0.99512887
6010,PIGU,0.99718136
6011,MUM1,0.9977483
6012,WDR36,0.9942158
6013,BTBD3,0.99044377
6014,KDM3B,0.99764663
6015,LTN1,0.9966553
6016,DOLK,0.9969614
6017,COMMD5,0.9966136
6018,TANC1,0.9939917
6019,MAFG,0.99566257
6020,AHI1,0.99515444
6021,ARHGAP30,0.99834216
6022,TUSC3,0.9910857
6023,CC2D1B,0.99388933
6024,CUL9,0.9965027
6025,ECSIT,0.9974291
6026,WDR41,0.9957354
6027,SP110,0.99657464
6028,RECQL5,0.9954078
6029,RNF139,0.99593353
6030,KIAA0141,0.9965067
6031,CSGALNACT2,0.99790865
6032,DDX19B,0.9968096
6033,TAB3,0.9951252
6034,COX7A1,0.9977337
6035,SMURF1,0.99481434
6036,EIF2B3,0.9973841
6037,BTBD11,0.9874293
6038,MARCH2,0.99669105
6039,ZFYVE27,0.99662644
6040,SAA1,0.9961242
6041,C2CD2,0.99516696
6042,MTSS1L,0.9949849
6043,LANCL2,0.9969916
6044,TC2N,0.99792016
6045,ARMC6,0.9972224
6046,OBFC1,0.9967199
6047,PTRH2,0.9946484
6048,C6orf1,0.99693084
6049,LINC00969,0.9971365
6050,DCUN1D3,0.99047637
6051,SPSB1,0.99636215
6052,FAM101B,0.9975283
6053,PDPR,0.99677664
6054,TRIP4,0.993573
6055,AKIRIN1,0.99431515
6056,GRK6,0.99354166
6057,OLFML3,0.99757373
6058,FAM120AOS,0.99393517
6059,KIAA0513,0.99294
6060,STC1,0.9961211
6061,HSD3B7,0.99345106
6062,MKL2,0.9959424
6063,C9orf114,0.99625003
6064,P4HA1,0.9931384
6065,PFDN4,0.99191344
6066,FEN1,0.9946901
6067,TTC9,0.9907417
6068,ZNF532,0.99206734
6069,RAD54L2,0.99757653
6070,MPLKIP,0.99654764
6071,ZNF592,0.9978287
6072,LIMCH1,0.99695444
6073,ARFIP1,0.9956484
6074,PRPF3,0.99606544
6075,PEX2,0.99660224
6076,TMEM238,0.9958803
6077,MEGF9,0.99673504
6078,TEX10,0.9950979
6079,AMPD2,0.99520904
6080,BCL11A,0.99666464
6081,AP1S2,0.9971806
6082,HIF1AN,0.9946091
6083,CCDC53,0.9938056
6084,PHF1,0.9971267
6085,TNFRSF1B,0.9964589
6086,R3HDM2,0.9963682
6087,KIAA1429,0.99698204
6088,PRKCD,0.99640775
6089,RHBDF1,0.99733484
6090,TACO1,0.99423075
6091,NT5C3B,0.99469835
6092,SMN2,0.99533916
6093,MTMR12,0.99580157
6094,ZNF544,0.99583405
6095,SF3A2,0.9967331
6096,NDUFAF3,0.9950383
6097,NOL9,0.9936004
6098,POMZP3,0.994041
6099,USP6NL,0.9909812
6100,TTLL5,0.9964002
6101,ABCG1,0.99336565
6102,TTC14,0.9961239
6103,STXBP3,0.9955143
6104,BAHD1,0.9961462
6105,MRPL34,0.9952506
6106,RNF170,0.99622756
6107,ACSF3,0.9952637
6108,ADAMTS5,0.99716884
6109,CPPED1,0.9959082
6110,ADGRF4,0.9938645
6111,TMEM164,0.9953821
6112,PCYT2,0.9972818
6113,ZHX3,0.99678075
6114,NCOA6,0.9954064
6115,INPP1,0.99478036
6116,EML1,0.9896356
6117,BRD8,0.9968568
6118,ZNF398,0.9956606
6119,MGME1,0.9950323
6120,TMEM91,0.98793596
6121,MSTO1,0.99728817
6122,RNASEH1,0.9959659
6123,DHX8,0.9924891
6124,RHBDD3,0.9973321
6125,FAM174A,0.9939446
6126,SLC15A4,0.9946666
6127,TNFAIP3,0.9968715
6128,XPO4,0.99693024
6129,NNT,0.9956001
6130,EPGN,0.9780849
6131,NUP160,0.9930058
6132,RARRES3,0.9979138
6133,NABP2,0.9970293
6134,CNOT8,0.99758273
6135,PARVB,0.996802
6136,RAI14,0.9979416
6137,UQCC1,0.99547845
6138,TMEM204,0.9962737
6139,METTL7A,0.9974149
6140,CDC42BPA,0.9967089
6141,ZCCHC9,0.99359167
6142,C15orf40,0.99571574
6143,TRPT1,0.99515116
6144,PPP1R13B,0.99138916
6145,TET3,0.99514157
6146,LPCAT2,0.994961
6147,ZCCHC10,0.99434406
6148,POLR3A,0.9963512
6149,CCDC43,0.99463874
6150,ZDHHC21,0.98807865
6151,CAPN15,0.9953641
6152,PPP1R3B,0.9972438
6153,GADD45B,0.99797785
6154,NXT1,0.9938211
6155,TVP23B,0.9946263
6156,PC,0.99396825
6157,SLC6A11,0.9948902
6158,FCHO2,0.9965377
6159,FAM103A1,0.9942071
6160,CYR61,0.9848548
6161,ZMAT3,0.99558216
6162,SNRPN,0.99688715
6163,CWC27,0.99470204
6164,PRR14,0.99466926
6165,TOP1MT,0.9896235
6166,SNRNP35,0.99428654
6167,MED1,0.9970857
6168,CCDC92,0.99256396
6169,CLK3,0.9970239
6170,CCDC167,0.9959888
6171,IPO11,0.99774206
6172,CCDC137,0.996981
6173,HEATR3,0.99271816
6174,SPRED1,0.99665695
6175,TRABD2A,0.9970693
6176,RP11-382A20.3,0.9965221
6177,ALDH1A3,0.9950532
6178,HERPUD2,0.9969333
6179,TMEM120A,0.99768144
6180,EXOSC8,0.9916101
6181,TM2D1,0.99548703
6182,TEAD1,0.99428016
6183,TSC1,0.997159
6184,UBXN2A,0.99541086
6185,TADA2B,0.9959743
6186,SUDS3,0.9967694
6187,MTMR4,0.99445045
6188,RPUSD4,0.9965864
6189,COG5,0.99607307
6190,SLC18B1,0.993795
6191,RSBN1,0.9959397
6192,TMEM70,0.9961877
6193,FGD6,0.9942341
6194,LMBR1,0.99501026
6195,RASA2,0.9966221
6196,SNN,0.9925011
6197,NKAP,0.9970366
6198,KIF21A,0.9958909
6199,ADPGK,0.9954964
6200,CRIPT,0.99198127
6201,CLK4,0.99452084
6202,IL1RAP,0.99539506
6203,PLGRKT,0.9934058
6204,TMEM263,0.99666977
6205,IMP3,0.99081564
6206,FDX1,0.996376
6207,P2RY1,0.9898032
6208,RUFY1,0.9973264
6209,RASSF4,0.99734396
6210,MPI,0.99599975
6211,SMC2,0.9933391
6212,ZNF561,0.99659765
6213,SWI5,0.99535775
6214,C20orf194,0.99758077
6215,STRBP,0.99418217
6216,SPG11,0.99412245
6217,TIPARP,0.995266
6218,HIST1H1C,0.98790675
6219,MTFR1,0.99728763
6220,MPPE1,0.9926921
6221,CDC26,0.99266744
6222,PCNX2,0.9968872
6223,C11orf49,0.99239725
6224,FGFR1OP2,0.99641335
6225,ATM,0.9972325
6226,ASB8,0.99802387
6227,AKAP10,0.9965319
6228,DCAF10,0.99716455
6229,BTAF1,0.99715245
6230,RASGEF1B,0.99590594
6231,FTSJ3,0.9953976
6232,SMU1,0.99634415
6233,RPUSD3,0.994628
6234,CKS2,0.99388045
6235,MOSPD1,0.99631786
6236,DMTF1,0.9980707
6237,MTF1,0.995684
6238,MAPKAPK5,0.99586016
6239,NR1D1,0.99466246
6240,GOPC,0.997919
6241,PAIP2,0.995634
6242,GK5,0.9979528
6243,DGCR6,0.9955053
6244,FUOM,0.996314
6245,LPAR3,0.99184847
6246,DNTTIP1,0.99647063
6247,PCED1A,0.99671984
6248,AEN,0.9944292
6249,MRPS36,0.99618614
6250,SLC25A32,0.9967172
6251,NUP155,0.9961954
6252,PLAGL1,0.9933427
6253,ARSD,0.99569565
6254,CAMKK2,0.99636894
6255,KAT5,0.99680704
6256,GALE,0.9943
6257,SHOC2,0.9960756
6258,TTC31,0.9939674
6259,TP53I3,0.99501604
6260,RPTN,0.995739
6261,CLSTN3,0.99671525
6262,ASMTL,0.9966282
6263,AVL9,0.9973626
6264,SMC3,0.9953474
6265,HLA-DRB5,0.98561454
6266,TGFB1I1,0.9962793
6267,DNMT3A,0.9961169
6268,COMMD8,0.9963638
6269,TMEM126B,0.99109715
6270,FAM200B,0.9956401
6271,ANKRD27,0.9959575
6272,PROSER1,0.9970432
6273,ELP3,0.9935169
6274,EVI5,0.9971225
6275,ZNF280D,0.9962795
6276,TPP2,0.998164
6277,SLC5A1,0.98958766
6278,MTA3,0.9961767
6279,ZYG11B,0.99725884
6280,SIKE1,0.99471724
6281,RAB11FIP5,0.9938018
6282,TNFRSF10B,0.9942427
6283,CRBN,0.9966948
6284,VPS37C,0.9960793
6285,MRPS9,0.9925327
6286,UNC93B1,0.99719095
6287,SLC33A1,0.9960405
6288,ATHL1,0.9960823
6289,DAPP1,0.9941823
6290,RBM19,0.9931768
6291,DPH2,0.9959086
6292,SCAF4,0.9949478
6293,CIPC,0.9963038
6294,TRIB3,0.9952891
6295,PNPLA8,0.9964971
6296,GRAMD1A,0.99676365
6297,UCK1,0.99595636
6298,ZNF426,0.997325
6299,DAGLB,0.9962213
6300,TMEM39A,0.99583167
6301,SKAP2,0.9968586
6302,MAN1A1,0.9964936
6303,TVP23C,0.99398047
6304,PKN1,0.9976465
6305,PRR14L,0.9946031
6306,DPAGT1,0.9958278
6307,CLEC16A,0.99470884
6308,SPG20,0.99599403
6309,HBEGF,0.9968686
6310,MAP3K5,0.99518585
6311,TMEM176B,0.9971949
6312,CTSG,0.99801296
6313,MAGEF1,0.99597746
6314,RPRD1B,0.99550045
6315,NEPRO,0.9974119
6316,SOCS6,0.9958923
6317,NEU1,0.9891577
6318,ORC4,0.9967261
6319,CPSF4,0.9957768
6320,WDR47,0.9897598
6321,MRPL10,0.9961223
6322,CREBRF,0.9954011
6323,ZNF335,0.99577624
6324,IPO13,0.9964092
6325,INHBB,0.9975452
6326,CYTH4,0.99841076
6327,RELB,0.99513435
6328,TM2D3,0.9966419
6329,R3HCC1,0.99797624
6330,GMPPA,0.99641234
6331,RARA,0.99706084
6332,PLCH2,0.995527
6333,ERICH1,0.9973196
6334,EMC10,0.99749917
6335,PDGFC,0.9958501
6336,GMPPB,0.9952147
6337,ZNF524,0.9952184
6338,MRS2,0.99598944
6339,GPRC5C,0.99500847
6340,EPG5,0.9961678
6341,LRRC14,0.99619544
6342,CYB5R4,0.9945261
6343,LRRC15,0.9963112
6344,THADA,0.9950548
6345,SOAT1,0.99668825
6346,POLR3G,0.99406695
6347,MOCS2,0.9965329
6348,CD2,0.99701494
6349,SLC35B2,0.99534464
6350,ADAMTS1,0.9942955
6351,ZNHIT3,0.9950575
6352,PRKCI,0.9946866
6353,SH2B1,0.99741566
6354,BEST1,0.99635375
6355,PHF19,0.9964047
6356,NHSL1,0.99635327
6357,TP53RK,0.9934772
6358,TMEM129,0.9952161
6359,ANAPC1,0.9951255
6360,AES,0.9959949
6361,CYSTM1,0.996836
6362,WFS1,0.996273
6363,RBM23,0.99712163
6364,SNAP23,0.99684244
6365,GRIPAP1,0.99674934
6366,RNF185,0.9941942
6367,KLHDC4,0.99719614
6368,PITPNM3,0.9905975
6369,CBR4,0.99609125
6370,OSBPL9,0.9976694
6371,ASAP2,0.9938816
6372,RBM18,0.9943361
6373,METTL23,0.99698335
6374,CHMP7,0.99729955
6375,CDK17,0.996719
6376,CTBS,0.9967261
6377,YBEY,0.99652594
6378,ACADM,0.9975847
6379,GTF2A1,0.99743694
6380,TKFC,0.9976423
6381,GLIPR2,0.9962645
6382,FOXM1,0.9933235
6383,WDR59,0.9936633
6384,COX19,0.99597436
6385,ECI2,0.9955111
6386,MTG2,0.995686
6387,NRM,0.995375
6388,CDC73,0.9945265
6389,CEP57,0.99664253
6390,KCTD3,0.9956814
6391,KLHL36,0.9971455
6392,PHLDB3,0.99591374
6393,BAX,0.9940164
6394,SNRNP27,0.9972935
6395,SLC35D1,0.9968353
6396,AHCYL2,0.9947256
6397,PRSS22,0.99379575
6398,MTCL1,0.9961157
6399,MED23,0.99754626
6400,LYPLAL1,0.99694246
6401,SPECC1L,0.99439174
6402,DFNA5,0.99402905
6403,GPSM3,0.9948824
6404,CYB561D2,0.99598813
6405,C1orf68,0.99279964
6406,EIF2AK4,0.9978456
6407,PROS1,0.9956761
6408,UNC50,0.99658597
6409,NBAS,0.9966015
6410,FBXL19,0.9983836
6411,ACVR1,0.9956952
6412,PLAUR,0.99528205
6413,GIGYF1,0.99429774
6414,TEP1,0.9941494
6415,CARD16,0.99195504
6416,GPR89B,0.9955478
6417,F8A1,0.99391633
6418,ZC3H4,0.99686176
6419,SLC25A26,0.9925125
6420,U2AF2,0.99527633
6421,RCBTB2,0.9961846
6422,ADGRA2,0.9965074
6423,ZNF33B,0.9969264
6424,ALKBH3,0.9953734
6425,AXIN1,0.9963582
6426,RACGAP1,0.9892168
6427,ANO10,0.9940331
6428,SEC23IP,0.9960938
6429,ZDHHC16,0.9961256
6430,CLASP2,0.99723274
6431,PIKFYVE,0.9971495
6432,GORASP1,0.9975899
6433,DNAJC19,0.99395514
6434,PLEKHA5,0.99306095
6435,B3GNT2,0.99441445
6436,MIS18A,0.9948952
6437,TBC1D5,0.996599
6438,MR1,0.9960047
6439,TSEN54,0.9959684
6440,RAB11FIP3,0.99610126
6441,CCDC34,0.99528754
6442,ZP3,0.9936243
6443,CEP89,0.9960102
6444,OXLD1,0.995548
6445,CCT4,0.99161786
6446,RIT1,0.9959263
6447,ZCCHC11,0.9969204
6448,RNF111,0.99700373
6449,TMED1,0.9947469
6450,PI4K2A,0.9945815
6451,ARMT1,0.99440527
6452,SIDT2,0.99804854
6453,CNOT4,0.9960958
6454,OTUD7B,0.99486387
6455,NGDN,0.9972758
6456,ZFAND1,0.99659353
6457,ABI2,0.99766546
6458,PIAS2,0.9980172
6459,NUP93,0.99451643
6460,STK38L,0.99789166
6461,WDR75,0.9967552
6462,SEC22A,0.9953643
6463,PIGQ,0.9978245
6464,TBCC,0.99611354
6465,RNF103,0.99762326
6466,FHDC1,0.9924458
6467,PDE4DIP,0.9971872
6468,CCDC59,0.9949656
6469,HYAL1,0.9939011
6470,FIP1L1,0.99618435
6471,HSD17B1,0.9916823
6472,TLK2,0.99459606
6473,LRRC32,0.9965547
6474,MFAP5,0.983294
6475,PPP2R3C,0.9965667
6476,PDGFA,0.99578553
6477,MUT,0.99628407
6478,ABCA7,0.99677056
6479,RGS2,0.99584836
6480,STK19,0.99469256
6481,NPEPL1,0.9972349
6482,FAM35A,0.99755335
6483,ECT2,0.99538666
6484,KDELR3,0.9976054
6485,IL27RA,0.99299663
6486,COG2,0.99675876
6487,NUP107,0.99691665
6488,COQ5,0.9948905
6489,ZNF362,0.99601203
6490,MTX2,0.9935602
6491,BACE1,0.99480224
6492,ZNF579,0.996712
6493,DUSP11,0.995098
6494,STXBP1,0.994331
6495,FER,0.9967614
6496,SERTAD4,0.99511135
6497,P3H2,0.98996407
6498,WWC3,0.9966094
6499,BMS1,0.9918016
6500,RIPK2,0.9950417
6501,NDC1,0.9962834
6502,FAM213B,0.99538785
6503,MEGF6,0.99659586
6504,WWP2,0.99702376
6505,LOX,0.9980981
6506,C1RL,0.99288434
6507,RDH10,0.9952458
6508,RPP30,0.9954271
6509,TYRP1,0.9904557
6510,SLC30A6,0.996725
6511,FXR2,0.9962802
6512,STX18,0.9963425
6513,NFU1,0.9963186
6514,TFAM,0.9960225
6515,NUP153,0.9956066
6516,DPM3,0.99367565
6517,CCDC130,0.99860746
6518,CIB2,0.99583733
6519,KCNK7,0.98748016
6520,HAPLN3,0.9974899
6521,CAPRIN2,0.9966315
6522,PCDH17,0.99716663
6523,RNF135,0.99460703
6524,PADI1,0.99240917
6525,MICALL2,0.99517936
6526,DNAJC30,0.9971988
6527,LCE2D,0.99206364
6528,ANGEL2,0.99734694
6529,C19orf12,0.9968904
6530,EPS15L1,0.99605507
6531,CDKN2A,0.9948702
6532,DSTYK,0.9959126
6533,MAPK8,0.9949036
6534,COMMD2,0.99445504
6535,FAM118A,0.9953568
6536,TMEM161A,0.99602014
6537,PTPRG,0.9970911
6538,SGSH,0.9950503
6539,NQO1,0.99329007
6540,NUDT3,0.9943132
6541,ASNS,0.99534154
6542,C1orf27,0.9949338
6543,GEMIN4,0.9945605
6544,TGFBRAP1,0.9958096
6545,SENP5,0.99569184
6546,HCK,0.99625665
6547,CARD19,0.9966098
6548,SMIM19,0.995082
6549,RICTOR,0.99677306
6550,AGPAT5,0.99536175
6551,EBAG9,0.9974999
6552,ANO1,0.9939905
6553,SERPINB11,0.97605443
6554,NUDT15,0.9962902
6555,ABHD13,0.9929126
6556,NFKB2,0.9968753
6557,CCNB2,0.9958207
6558,ASUN,0.99283373
6559,TAF1C,0.9970121
6560,EPB41L1,0.9968001
6561,GRK3,0.998135
6562,NUPL2,0.9962037
6563,TUBGCP6,0.9954355
6564,USP20,0.9955819
6565,CSF2RB,0.99667007
6566,EME2,0.9934997
6567,LOXL1,0.99766594
6568,BIN1,0.9977543
6569,DPP3,0.99473244
6570,MED22,0.99455136
6571,STAMBP,0.9963631
6572,DGCR14,0.9928431
6573,NFAT5,0.9966336
6574,VPS37A,0.9962533
6575,PRSS8,0.9810051
6576,CUL2,0.9965946
6577,THUMPD3,0.99430764
6578,VPS8,0.99275583
6579,CCDC88B,0.99797887
6580,EVI5L,0.9966211
6581,VPS9D1,0.9960551
6582,ERCC2,0.9945634
6583,NOTCH2NL,0.9962258
6584,HTRA2,0.9969174
6585,CLEC11A,0.99494267
6586,MFAP1,0.99616045
6587,NRDE2,0.99563783
6588,CLDN12,0.9933164
6589,DENND4C,0.9973623
6590,IFIH1,0.9963244
6591,METTL3,0.99506927
6592,ALOX15B,0.99225456
6593,PIP4K2C,0.9945279
6594,SMARCC2,0.99564695
6595,PLK3,0.9954337
6596,CNOT10,0.99695367
6597,CFAP36,0.99688166
6598,CRLF3,0.9966976
6599,CDK2AP2,0.996095
6600,STAU2,0.99381965
6601,KRCC1,0.99024016
6602,SYNJ2BP,0.9968374
6603,DMXL1,0.99628615
6604,ACPP,0.9758519
6605,ZDHHC6,0.9952085
6606,C19orf47,0.9952804
6607,R3HDM1,0.99318576
6608,THOC5,0.99640155
6609,INIP,0.9972465
6610,COMP,0.99557334
6611,UBE2W,0.9961275
6612,TMEM170A,0.9966187
6613,CTDP1,0.9976073
6614,EHBP1,0.99377906
6615,DDX58,0.9938746
6616,TP53I11,0.9954073
6617,VRK3,0.9964013
6618,AGO3,0.99662435
6619,ATG5,0.99444205
6620,VPS33A,0.99768597
6621,UEVLD,0.9944259
6622,TTC39A,0.9937308
6623,FBXO46,0.99433726
6624,THAP11,0.99544805
6625,PAPD7,0.9951936
6626,F13A1,0.99485064
6627,LSM6,0.9933316
6628,TMCC3,0.9967062
6629,GAREM1,0.9922359
6630,EDC3,0.9948685
6631,LRRC8D,0.9880091
6632,PEX3,0.99518794
6633,PPME1,0.99687076
6634,CDC23,0.99691266
6635,CBLB,0.99753934
6636,BRE,0.99697644
6637,SNAPC4,0.99702317
6638,KITLG,0.9962642
6639,PIK3C2B,0.98693323
6640,GMPR2,0.99266106
6641,TAF2,0.99600226
6642,NUAK2,0.9960688
6643,SMNDC1,0.9956261
6644,SART3,0.99456173
6645,HCG18,0.9969213
6646,EXOSC9,0.99442565
6647,SLC26A6,0.9968252
6648,MTHFR,0.9963435
6649,XDH,0.9923757
6650,LEMD3,0.99557817
6651,FAM199X,0.99437636
6652,FADS1,0.99391454
6653,USP11,0.9974861
6654,VPS18,0.99748963
6655,MGA,0.9945532
6656,DEAF1,0.99746877
6657,INO80C,0.99471
6658,FRS2,0.99512327
6659,FBXO38,0.99412334
6660,CFDP1,0.99268895
6661,SUMO4,0.9952783
6662,PRKRIP1,0.9950402
6663,GABARAPL1,0.9977344
6664,HEATR5B,0.99631274
6665,CDCA4,0.9962759
6666,VPS72,0.99424565
6667,PPTC7,0.99735564
6668,ARHGEF3,0.99706
6669,C16orf70,0.99535996
6670,H2AFY2,0.99633694
6671,NOC3L,0.99415183
6672,ZNF264,0.996757
6673,GNPDA1,0.9947639
6674,SAFB2,0.99535763
6675,FAM96A,0.99593955
6676,TRMT6,0.99440145
6677,DHX16,0.99749786
6678,MRPL48,0.99528927
6679,MAPK7,0.9938417
6680,YAF2,0.99627894
6681,RHOQ,0.996917
6682,RSRC1,0.9962141
6683,SHMT1,0.9955361
6684,SMUG1,0.9950208
6685,EP400,0.9979002
6686,HSD17B11,0.99320716
6687,ELP5,0.99707747
6688,STAM,0.9957844
6689,VEZF1,0.99775505
6690,SERPINA1,0.9981749
6691,SLC29A1,0.9952351
6692,CLEC14A,0.99647707
6693,NCOA2,0.9976202
6694,EPB41L2,0.9947566
6695,FZD1,0.99517477
6696,CBL,0.9964206
6697,EBF1,0.9929252
6698,INTS8,0.99609506
6699,CHI3L2,0.98556423
6700,RPAP3,0.9961191
6701,TRAPPC8,0.9961165
6702,ATP2C2,0.99249226
6703,SCRN2,0.9966362
6704,ARHGAP18,0.99714863
6705,TMEM8A,0.99613696
6706,EPN2,0.9950002
6707,MTURN,0.99665165
6708,CTB-50L17.10,0.9955369
6709,WISP2,0.9957693
6710,GPANK1,0.9948831
6711,SAMD9L,0.9966206
6712,CBFA2T2,0.9967659
6713,DRAM2,0.99413633
6714,MED24,0.9954003
6715,GTF2IRD1,0.9938355
6716,CHCHD7,0.99765676
6717,VPS41,0.9973382
6718,NOL10,0.9937438
6719,COG3,0.99519074
6720,MEX3D,0.9897485
6721,FAM217B,0.99216115
6722,FCF1,0.9960812
6723,DMXL2,0.99760526
6724,PCBP4,0.9955495
6725,EZH2,0.99643576
6726,BRAF,0.9973371
6727,GRAMD4,0.9947938
6728,POLB,0.99390626
6729,DDX50,0.9973043
6730,KIAA0907,0.9947713
6731,FAM212A,0.99376523
6732,FOCAD,0.9961891
6733,GALK1,0.99672556
6734,KAT7,0.99541223
6735,SNAPC3,0.996203
6736,DENND1A,0.99648947
6737,SLC35B3,0.997541
6738,SMG6,0.9976147
6739,XXYLT1,0.9951681
6740,TRIM11,0.9977507
6741,ITSN1,0.99662894
6742,NT5DC1,0.9952014
6743,EML2,0.9946889
6744,VWA9,0.9926074
6745,CD4,0.9978489
6746,DDR2,0.99702984
6747,CMC2,0.996507
6748,DVL2,0.99404323
6749,URB1,0.99694604
6750,NEDD4,0.99713063
6751,HLA-DQA2,0.99283385
6752,MARVELD2,0.9954173
6753,JADE2,0.99547803
6754,GABBR1,0.99568075
6755,NUP43,0.9948353
6756,PPP1R8,0.99502754
6757,NEDD4L,0.99666476
6758,CASP7,0.99396974
6759,GMIP,0.99822515
6760,METRN,0.99831474
6761,ZNF195,0.9978186
6762,PRKAB2,0.9950269
6763,FOXJ2,0.9971924
6764,DCAKD,0.99609137
6765,EMC9,0.9948542
6766,ATRN,0.99396527
6767,PHF21A,0.99710774
6768,DDX31,0.9953689
6769,PAPPA,0.9971649
6770,YEATS2,0.9959975
6771,NLN,0.99430376
6772,SLC52A1,0.98866
6773,NOD2,0.9918891
6774,LYSMD4,0.9935823
6775,UTP15,0.9955437
6776,CENPU,0.99129856
6777,USP28,0.9972425
6778,UBL7,0.9938965
6779,ICE1,0.9979351
6780,ENGASE,0.9971499
6781,SLX1B,0.9970361
6782,SMIM3,0.9953079
6783,ZNF652,0.9973427
6784,AQP5,0.990356
6785,PARP4,0.9959403
6786,RP1-20N18.10,0.97241735
6787,TDRD3,0.9973413
6788,CH507-9B2.5,0.9959282
6789,PIP4K2A,0.99717444
6790,NRG1,0.9834868
6791,USP12,0.9948195
6792,BRIX1,0.9941119
6793,TP53BP2,0.9960326
6794,PCGF5,0.99678314
6795,RFC4,0.996083
6796,VGLL3,0.9965344
6797,PPAN,0.9953048
6798,RNF14,0.99578625
6799,SPINK7,0.9923632
6800,C2orf54,0.98916733
6801,IL10RA,0.9966982
6802,TBC1D16,0.9969906
6803,EIF1AD,0.9975761
6804,NAT9,0.995845
6805,LCLAT1,0.9947115
6806,LSM12,0.9956013
6807,MAK16,0.9963401
6808,F8A3,0.99765706
6809,ARMC5,0.9967399
6810,LYN,0.9964831
6811,ST6GALNAC4,0.99495876
6812,AKT3,0.99658984
6813,PI4K2B,0.99476516
6814,RBM7,0.9937318
6815,AAED1,0.99788547
6816,SLC39A11,0.9950932
6817,SLX1A,0.9953238
6818,ALPK1,0.9954607
6819,MID1,0.996612
6820,RNF2,0.9959246
6821,TMEM14A,0.99591696
6822,E4F1,0.9964573
6823,MKRN2,0.99682075
6824,BID,0.9976934
6825,PEX13,0.9953681
6826,RNF8,0.99662906
6827,CERS6,0.9960512
6828,NUSAP1,0.9914029
6829,PAQR3,0.98886263
6830,CAPN7,0.9944095
6831,SPTY2D1,0.9958117
6832,ACAT1,0.99676234
6833,PLEKHA3,0.9972746
6834,TERF1,0.9937846
6835,MTPAP,0.99695957
6836,KAT2A,0.9913661
6837,CRAT,0.99650425
6838,SLC35A3,0.99489874
6839,HS1BP3,0.99612015
6840,CYB561D1,0.99250644
6841,TXNRD2,0.9970882
6842,ERV3-1,0.99656636
6843,PLD4,0.9964819
6844,ANTXR2,0.9956303
6845,GOLGA6L9,0.99556786
6846,MTO1,0.9929744
6847,CERS5,0.99370253
6848,DOCK7,0.9950711
6849,C4orf32,0.9968085
6850,SAC3D1,0.9939896
6851,LIPG,0.9929355
6852,SMURF2,0.996614
6853,TP53BP1,0.9962841
6854,BCS1L,0.99598294
6855,LRSAM1,0.99254256
6856,CHST15,0.9967466
6857,SLC47A2,0.99008244
6858,ZDHHC14,0.9959317
6859,CNTRL,0.99595505
6860,PPP1R12B,0.9966793
6861,SEC24B,0.99659723
6862,NBPF26,0.9975101
6863,EIF1B,0.99645025
6864,ADAM12,0.99705416
6865,OCLN,0.9894265
6866,ZNF692,0.9956376
6867,RRM2B,0.99749523
6868,C1GALT1,0.9964624
6869,EIF1AY,0.9959139
6870,UBE2O,0.9940929
6871,LRCH3,0.9944722
6872,ST6GAL1,0.9962536
6873,MYCL,0.99427277
6874,ZC3H6,0.9977478
6875,TMCO3,0.9952571
6876,CECR5,0.9945859
6877,MARK4,0.9958075
6878,MED27,0.9907105
6879,BMPR1A,0.9964588
6880,NUAK1,0.9976954
6881,CARNMT1,0.9976706
6882,MZF1,0.9961739
6883,RGS20,0.99606425
6884,RAB8B,0.99643296
6885,KAT2B,0.99708366
6886,TIGAR,0.99577326
6887,RIC1,0.9957128
6888,AHCTF1,0.9961944
6889,NUDT16,0.99731684
6890,DAPL1,0.99249685
6891,WDR60,0.9968325
6892,SPECC1,0.99684113
6893,SDHAF1,0.99622375
6894,FNTB,0.99605244
6895,OSBPL10,0.99646956
6896,MAP3K9,0.99238306
6897,ARHGEF11,0.99782026
6898,NECAP1,0.9960504
6899,RDH14,0.99600303
6900,MYNN,0.9953182
6901,CARD8,0.99416965
6902,WDR12,0.993774
6903,ADGRL4,0.99793935
6904,SNX4,0.99601036
6905,WBP4,0.99605954
6906,WHAMM,0.99697334
6907,CHAF1A,0.99695873
6908,ARL8A,0.9978973
6909,XPNPEP3,0.9953601
6910,HCST,0.9978058
6911,TSR2,0.99709123
6912,KCND3,0.9953625
6913,KIF3B,0.9966921
6914,NUDT14,0.9953182
6915,DNASE1L1,0.99745685
6916,MATN2,0.99675715
6917,HSPB11,0.9912628
6918,IL36G,0.9940986
6919,RHBDD1,0.99642676
6920,ZNF768,0.99360913
6921,CYB5A,0.9889075
6922,CNKSR3,0.99059886
6923,CTIF,0.9972278
6924,PUS3,0.9965472
6925,FOXC1,0.9966746
6926,UCP2,0.99628
6927,PYCR2,0.9947691
6928,SLC39A4,0.9952791
6929,SIAE,0.99302864
6930,ANKRD13C,0.9966479
6931,KMT2D,0.99406123
6932,PWWP2B,0.9980224
6933,ST3GAL6,0.99627525
6934,MDN1,0.99661964
6935,NSMCE4A,0.9929625
6936,ELP6,0.9943362
6937,MZT1,0.9941986
6938,SESN2,0.99437237
6939,TOR1B,0.99579936
6940,ZDHHC8,0.9961967
6941,TRAM2,0.9950621
6942,TTC27,0.9913969
6943,C18orf25,0.9955661
6944,OSBPL1A,0.99219155
6945,CCDC82,0.99677736
6946,ERMP1,0.9888819
6947,EDEM3,0.9972529
6948,WEE1,0.98986125
6949,LATS1,0.9962323
6950,GSTO2,0.9954393
6951,HLA-DOA,0.997666
6952,C1orf52,0.9963605
6953,APC,0.9923089
6954,PPARA,0.9967837
6955,TRPM7,0.99755055
6956,SPAG1,0.99456954
6957,GCDH,0.99715316
6958,ATP5L2,0.9951892
6959,RAB6C,0.994214
6960,SLC35E3,0.99363005
6961,NCKAP1L,0.9975843
6962,PPP1R21,0.99485654
6963,ARHGAP26,0.9970788
6964,HTRA3,0.9984556
6965,ANAPC2,0.9952514
6966,PPP2R3B,0.99536055
6967,SLC25A43,0.99514556
6968,IFT46,0.9964881
6969,HDHD3,0.99563867
6970,ARL15,0.99411654
6971,PRMT7,0.9972494
6972,ZNF746,0.99447924
6973,FOPNL,0.996617
6974,ORAI2,0.9964506
6975,N4BP2,0.9960114
6976,DIS3L2,0.99643457
6977,NEO1,0.9962365
6978,EMC2,0.99523896
6979,ORAOV1,0.99633354
6980,MYLIP,0.99630153
6981,ACO1,0.99762666
6982,FN3KRP,0.99404776
6983,IRF2,0.9966394
6984,ITPRIPL2,0.99666953
6985,PRSS12,0.99336404
6986,RBBP8,0.99449843
6987,UTP14A,0.9958678
6988,DIMT1,0.99372286
6989,DYNC1LI2,0.99548066
6990,TBL3,0.99427706
6991,MMGT1,0.99735916
6992,RABEPK,0.99470425
6993,HLA-G,0.9941897
6994,IL17RE,0.9957879
6995,PUSL1,0.9961815
6996,RABEP2,0.9959245
6997,B3GNT9,0.9967932
6998,MRPL45,0.99613285
6999,MRPL16,0.9949905
7000,ADO,0.99473685
7001,HABP4,0.9954688
7002,CTDSPL2,0.996881
7003,TMEM132A,0.9957314
7004,SMARCAD1,0.9960403
7005,ZNF511,0.99627835
7006,VPS33B,0.99653614
7007,LSM10,0.99633306
7008,KCNMA1,0.9919699
7009,POLR3GL,0.9982731
7010,ZNF518B,0.99416876
7011,RASAL1,0.98528427
7012,FAM53C,0.99323434
7013,XAB2,0.99466336
7014,LHFPL2,0.99644
7015,UBTD2,0.9965442
7016,AGA,0.99351376
7017,ANKRD54,0.9970519
7018,MRPS28,0.99172306
7019,TFCP2,0.9946432
7020,FAM126B,0.9973799
7021,CDCA5,0.9939237
7022,ATP12A,0.98483706
7023,PXDC1,0.996778
7024,ING1,0.9973579
7025,C12orf10,0.99467236
7026,ATG16L2,0.9929568
7027,CYP2S1,0.9961967
7028,ARHGAP4,0.9973939
7029,PPP1R16A,0.99390733
7030,RHOT1,0.99624455
7031,PROSC,0.9952276
7032,AP3S2,0.99765265
7033,MSL2,0.9967921
7034,CEP95,0.9952517
7035,DBP,0.99461156
7036,NPNT,0.9917912
7037,TAZ,0.9973337
7038,CEBPZOS,0.9905867
7039,PROCR,0.9977856
7040,DOCK8,0.9968967
7041,LEO1,0.99437207
7042,GBP6,0.9958993
7043,SIK2,0.99590933
7044,DHRS7B,0.9958488
7045,OSBPL11,0.9964019
7046,KDM5D,0.99735206
7047,EYA3,0.99639463
7048,TBX1,0.99536276
7049,MRPS14,0.9952014
7050,UBR7,0.9942361
7051,RUVBL1,0.99521726
7052,COA5,0.99703354
7053,PCK2,0.99479485
7054,ZNF274,0.99622947
7055,AP4E1,0.99575764
7056,GTF2E2,0.9933488
7057,SOCS7,0.99439347
7058,RIMS3,0.99445444
7059,PWP2,0.9949641
7060,MNAT1,0.9946004
7061,ZNF212,0.9965173
7062,MFSD14A,0.99508166
7063,SAMD4A,0.99796355
7064,TAF12,0.9948893
7065,KLF16,0.9922767
7066,SGMS2,0.9963697
7067,DENND5A,0.99724823
7068,PTGS2,0.9929702
7069,ANO6,0.99496585
7070,SPI1,0.9987234
7071,NAA35,0.99552184
7072,ARHGAP12,0.99762374
7073,THBS3,0.99751043
7074,SLIT3,0.997828
7075,TOR3A,0.996201
7076,ACBD5,0.99525344
7077,MED12,0.99808687
7078,ARL3,0.9966579
7079,TEPSIN,0.9964543
7080,CTHRC1,0.9941995
7081,POTEI,0.9922767
7082,CLCC1,0.9957207
7083,CH507-513H4.5,0.9936613
7084,PPP4R2,0.99675053
7085,TCAF1,0.99619097
7086,BMI1,0.9970372
7087,ADCK2,0.99659216
7088,RNF41,0.99587685
7089,GNB5,0.9962484
7090,DPY19L3,0.9960802
7091,SLC4A11,0.99130666
7092,GEMIN7,0.99435246
7093,UBTD1,0.9956673
7094,CD40,0.9967948
7095,KRBA1,0.9955584
7096,SOX7,0.99531096
7097,SLITRK6,0.9832325
7098,LCORL,0.9972306
7099,C22orf39,0.99481225
7100,LY96,0.99814284
7101,ARHGDIA,0.99400425
7102,C3,0.9956651
7103,C12orf4,0.9966581
7104,DCUN1D4,0.996388
7105,GOLGA5,0.9970272
7106,PUS7L,0.9947051
7107,TMEM97,0.9961368
7108,METTL2A,0.9983391
7109,ANKRD49,0.99534166
7110,C8orf82,0.9970773
7111,TBC1D3D,0.99196404
7112,SZT2,0.9949471
7113,USP46,0.99698925
7114,RGL1,0.997583
7115,C16orf52,0.996872
7116,LIG3,0.99614793
7117,GTDC1,0.9964056
7118,LGR4,0.9937284
7119,FLYWCH1,0.996615
7120,TSHZ1,0.9971841
7121,FMNL3,0.9954386
7122,CCNH,0.99733275
7123,DLX3,0.9940644
7124,MIPEP,0.99737155
7125,C1orf56,0.9949739
7126,FAM76A,0.9960895
7127,TPRG1,0.98857296
7128,AP5B1,0.9948155
7129,PPP1R37,0.99752927
7130,MITD1,0.99677175
7131,FNIP1,0.99520564
7132,SMG9,0.99699104
7133,UBASH3B,0.99433273
7134,AGO4,0.9960861
7135,TEAD4,0.99597114
7136,PHC3,0.9956043
7137,LCAT,0.99541575
7138,SLC27A1,0.9964925
7139,TMEM94,0.9956436
7140,SPIDR,0.99631375
7141,SLC38A9,0.99561524
7142,NME7,0.9963239
7143,ABCB7,0.99696285
7144,ZBTB1,0.9967114
7145,MEX3C,0.9959031
7146,DCBLD1,0.9941952
7147,ZSWIM7,0.9959157
7148,WDR73,0.99619895
7149,ATP6V0A2,0.995762
7150,INPP4B,0.9956965
7151,E2F3,0.99854994
7152,MPP5,0.9942377
7153,ATP8B1,0.995645
7154,LPAR2,0.99451095
7155,C6orf141,0.9894958
7156,PRKD3,0.99792325
7157,ALOX5AP,0.9972053
7158,NFIL3,0.99491525
7159,IFT122,0.9950714
7160,SPRY1,0.99741083
7161,LCE2A,0.9878842
7162,CRNKL1,0.99817306
7163,SLC25A16,0.9963559
7164,PEX11B,0.99664706
7165,PIGH,0.9949785
7166,MRPL49,0.9941679
7167,METTL1,0.9910023
7168,ZNF687,0.9932689
7169,THOC1,0.99742526
7170,CD34,0.99520797
7171,MRPL39,0.9964026
7172,MTR,0.9976086
7173,WDR37,0.9947352
7174,ADCK5,0.99597794
7175,MAD2L2,0.995704
7176,MESDC1,0.9979925
7177,FERMT3,0.9982037
7178,JMJD6,0.9963221
7179,PLK1,0.9968699
7180,RSAD2,0.9917851
7181,CFAP20,0.99475247
7182,SLC37A4,0.9936671
7183,MOB1B,0.9964366
7184,NARFL,0.99583495
7185,VPS45,0.99671763
7186,TSPAN33,0.99772596
7187,NCK1,0.9965971
7188,MX2,0.9958902
7189,LDOC1L,0.99780864
7190,PIGK,0.9973179
7191,CEP63,0.99668235
7192,TGFB3,0.9983465
7193,CROT,0.994978
7194,IFT57,0.995274
7195,TARBP1,0.9983133
7196,KXD1,0.99589705
7197,AGPAT4,0.99381226
7198,ZC3H3,0.9949224
7199,LAMP3,0.99580896
7200,ZNF37A,0.99497163
7201,NES,0.9974111
7202,HDAC6,0.99509406
7203,HMGXB4,0.99728835
7204,CRTC2,0.9952577
7205,KIF16B,0.99379
7206,EXOC2,0.9965653
7207,AP4M1,0.9960041
7208,KDM4A,0.9957392
7209,DLC1,0.99759233
7210,AADACL2,0.99133396
7211,MED21,0.99359775
7212,CECR1,0.9975616
7213,PSIP1,0.9967291
7214,DHX57,0.9955759
7215,VPS11,0.9972348
7216,PM20D2,0.9969131
7217,SPAST,0.993109
7218,TCEA3,0.99689156
7219,STXBP2,0.9949385
7220,ZW10,0.99514586
7221,SLC39A2,0.97114426
7222,ARPIN,0.99668807
7223,BTN3A1,0.99596465
7224,ZNF277,0.99656564
7225,VRK2,0.9955355
7226,ATP10B,0.9891714
7227,TPM1,0.99772197
7228,FADS3,0.99612904
7229,FAM83B,0.9929256
7230,ZNHIT2,0.99650335
7231,GABPA,0.9970376
7232,ABHD17B,0.99483865
7233,S100PBP,0.9971807
7234,ZNF622,0.9972403
7235,SLC25A44,0.9961842
7236,IKBKG,0.9950978
7237,SEC24A,0.99646217
7238,LIMD2,0.9979371
7239,MICU1,0.9964844
7240,CBLL1,0.99704945
7241,CCNB1IP1,0.9975601
7242,PPIL3,0.9945723
7243,BICC1,0.9978369
7244,BLNK,0.9962309
7245,CUEDC2,0.99571
7246,RAD1,0.9967093
7247,ECE2,0.9926339
7248,BRI3BP,0.9956545
7249,SEL1L3,0.9960666
7250,CWC22,0.99589735
7251,FAM83D,0.99295324
7252,POMT1,0.99557316
7253,BMP2,0.99482316
7254,DIAPH2,0.9960609
7255,MED17,0.9967729
7256,ZNF609,0.9958927
7257,CPOX,0.99547786
7258,ARRDC2,0.99768937
7259,LRCH1,0.995978
7260,TRIM2,0.996762
7261,FJX1,0.99573374
7262,MORC2,0.9954388
7263,RASGRP1,0.99523765
7264,RIMKLB,0.99560004
7265,SPATS2,0.9950102
7266,SYDE1,0.9965778
7267,EEF1E1,0.9926308
7268,PNPLA4,0.9936139
7269,BRWD3,0.99660087
7270,LARP1B,0.9960717
7271,ZSWIM1,0.99678826
7272,FUZ,0.99491745
7273,GJC1,0.9954848
7274,QDPR,0.9956221
7275,BPIFC,0.9930675
7276,IGSF9,0.99697953
7277,MED6,0.99624634
7278,MTMR6,0.9974228
7279,NTHL1,0.9937689
7280,SS18L2,0.99666816
7281,GMEB1,0.9963457
7282,KATNB1,0.9958996
7283,FTO,0.99618757
7284,LHPP,0.98913014
7285,IER3,0.9970677
7286,PTDSS2,0.99305177
7287,PTPN21,0.9950363
7288,NDE1,0.99548215
7289,B3GALT6,0.9948929
7290,TEF,0.9981035
7291,SCAF1,0.9955935
7292,ZNF281,0.99647677
7293,DHRSX,0.99782544
7294,IFT27,0.9952217
7295,DCBLD2,0.99452364
7296,C10orf10,0.99647564
7297,ZNF580,0.99527174
7298,CTNS,0.99669486
7299,MECR,0.99638754
7300,RASA4B,0.9923268
7301,SNX7,0.9968163
7302,C19orf52,0.9947989
7303,ORC2,0.9954856
7304,UNC13B,0.99465376
7305,EDN1,0.9884
7306,PDE4A,0.99389845
7307,ZBED4,0.9940283
7308,TNKS,0.99546355
7309,FUK,0.9966262
7310,TPCN2,0.9949327
7311,KIAA0355,0.9968225
7312,GPR137B,0.99500215
7313,ZFP64,0.9935162
7314,CCNA2,0.9948641
7315,OSGEP,0.9938357
7316,CRCP,0.99759936
7317,DTNBP1,0.9960446
7318,PDS5B,0.9960604
7319,CSTF2T,0.9962825
7320,CCL22,0.996216
7321,NSMAF,0.9968558
7322,PNLIPRP3,0.99482363
7323,ASL,0.99722344
7324,FAM134B,0.99618095
7325,HEMK1,0.9934713
7326,SPRYD4,0.9920972
7327,COQ10B,0.9966143
7328,FBXL20,0.99403447
7329,KDF1,0.9960039
7330,ZNF268,0.9926294
7331,SGCB,0.99509734
7332,FAM210A,0.99161536
7333,MTHFD2L,0.99530786
7334,ATF2,0.9966409
7335,NAAA,0.99676573
7336,CDH11,0.9977617
7337,TIMM44,0.9925287
7338,CASKIN2,0.9946276
7339,CCDC57,0.99634385
7340,DUS2,0.9932501
7341,LMBR1L,0.9918674
7342,JAML,0.9974791
7343,SAP130,0.9968254
7344,TNFAIP8L3,0.99518764
7345,SDF2,0.99760306
7346,CMTR1,0.99698865
7347,ZBTB5,0.9946961
7348,ZNF629,0.9969127
7349,TMEM2,0.9968558
7350,ELMO2,0.995769
7351,RNF121,0.9971783
7352,RFC2,0.9946991
7353,FAM109A,0.99667686
7354,CHST11,0.99581677
7355,UBE2D1,0.9957672
7356,TBC1D3G,0.992876
7357,MED25,0.99509245
7358,P2RY2,0.99102867
7359,NHLRC2,0.9971664
7360,LRRK1,0.99819255
7361,HMGCL,0.9967133
7362,PREPL,0.9942783
7363,COA7,0.9942079
7364,POLR3E,0.99530953
7365,ZFYVE9,0.99302655
7366,AK1,0.99348205
7367,ITPKB,0.9905028
7368,PPID,0.99501383
7369,CASC4,0.9980765
7370,ACTR6,0.99654424
7371,MANSC1,0.99167967
7372,DNAJC16,0.9970126
7373,RNF138,0.99622464
7374,AK6,0.99724954
7375,GALNT14,0.9914545
7376,CD209,0.99690026
7377,SLC24A3,0.9916757
7378,TPGS1,0.994347
7379,EOGT,0.99205506
7380,ANO8,0.9937644
7381,PBX3,0.99689186
7382,ZCCHC8,0.9962251
7383,CHCHD3,0.99573165
7384,SUGP1,0.9963077
7385,ZNF91,0.99497104
7386,TSPAN11,0.99842966
7387,ZNF581,0.99717003
7388,SLC7A6,0.9972594
7389,MFSD12,0.9971117
7390,C11orf95,0.9971252
7391,TOPORS,0.9953946
7392,NDRG4,0.9893475
7393,WDR44,0.9957881
7394,BCAS3,0.99744827
7395,C11orf68,0.99652594
7396,CEP78,0.9955984
7397,SRF,0.9972215
7398,STK11IP,0.9955077
7399,FUCA1,0.99833435
7400,GALT,0.99537635
7401,CHORDC1,0.9956765
7402,NCKAP5,0.99284893
7403,C1orf74,0.9956616
7404,CD1A,0.9932233
7405,PAAF1,0.9925833
7406,SPOCK1,0.987775
7407,FDXR,0.99462074
7408,PPP2R5B,0.9975891
7409,ZNF525,0.9974647
7410,ZNF266,0.997522
7411,CCDC107,0.99427485
7412,RBMS3,0.9963618
7413,PLA2G15,0.99302214
7414,LMAN2L,0.99622583
7415,POLD1,0.9952297
7416,AMN,0.9941221
7417,DBT,0.9952905
7418,LLGL1,0.9941267
7419,PTPRU,0.99269855
7420,CUEDC1,0.9957704
7421,ZNF3,0.99668145
7422,CCDC115,0.9955718
7423,HPS6,0.99504346
7424,CARD14,0.9924226
7425,INTS5,0.9960374
7426,RASSF3,0.99589884
7427,NCF2,0.9933448
7428,EARS2,0.99599284
7429,JDP2,0.9964369
7430,GPR155,0.9965089
7431,GOLGA1,0.9971052
7432,NGLY1,0.995604
7433,NCKIPSD,0.9970184
7434,MRPL2,0.9935821
7435,ZWILCH,0.9963218
7436,RFWD3,0.9942857
7437,PDK2,0.9974773
7438,CCDC97,0.9971875
7439,LINS1,0.99421704
7440,DNMBP,0.9951692
7441,SLC9A6,0.9962138
7442,ZCCHC2,0.9968794
7443,RILPL1,0.99429154
7444,C5orf38,0.99633807
7445,OLFM1,0.9965507
7446,MINPP1,0.989628
7447,ALG14,0.9963673
7448,NXPH4,0.99428636
7449,METTL16,0.9940638
7450,CCDC93,0.99501663
7451,UCKL1,0.9974123
7452,BCL10,0.9948649
7453,ANKRD22,0.994146
7454,ZNHIT6,0.996887
7455,PCCB,0.99668366
7456,IL11RA,0.99698824
7457,FAM46C,0.99671334
7458,TAF5L,0.9963423
7459,SLC25A10,0.9963122
7460,UBR4,0.99668014
7461,LATS2,0.9954539
7462,CCL2,0.99635696
7463,ATP7A,0.9919002
7464,ARHGEF40,0.9967174
7465,SERGEF,0.9960065
7466,ZNF516,0.99700725
7467,NEDD1,0.99654573
7468,UBIAD1,0.99757665
7469,ATR,0.9940022
7470,RNF38,0.996388
7471,NCOA5,0.9959926
7472,DOCK4,0.9958544
7473,C7orf26,0.99684864
7474,FAM160B1,0.9954379
7475,SLC2A3,0.9976491
7476,HIST2H2BE,0.994292
7477,ABCC3,0.9914607
7478,FAM114A2,0.99655545
7479,HAUS1,0.9959542
7480,RPAP2,0.99630183
7481,NADK2,0.99702215
7482,ARHGAP11A,0.9937646
7483,BOLA3,0.9939476
7484,UBFD1,0.9975207
7485,DENND4A,0.9956278
7486,TCF7L2,0.9973425
7487,TLE1,0.99538547
7488,PRRC2B,0.9962537
7489,HERC3,0.9959135
7490,PUS1,0.9953236
7491,PRAF2,0.9976165
7492,NUBP1,0.99674016
7493,ULK2,0.9965022
7494,EEF2K,0.99587035
7495,TRIM4,0.9942766
7496,ZFX,0.9953043
7497,LPXN,0.9934038
7498,RFX1,0.99545413
7499,TRMU,0.9971461
7500,KLHL20,0.9968037
7501,DIP2C,0.9966343
7502,MMRN2,0.9970697
7503,MFSD11,0.99629587
7504,DUSP5,0.997168
7505,PKNOX1,0.99647486
7506,MPP1,0.99737626
7507,FAM8A1,0.99729127
7508,RCN3,0.9913089
7509,VWA5A,0.9957683
7510,NFYB,0.99708396
7511,GLCCI1,0.9967471
7512,TBC1D3I,0.9948583
7513,PHC1,0.9962528
7514,FAM207A,0.99532396
7515,MYO1G,0.9969705
7516,STMN3,0.9972421
7517,IL20RA,0.9917371
7518,IFI44L,0.99707216
7519,ITGAE,0.9944278
7520,PLA2G2F,0.9897571
7521,LZTS2,0.9957926
7522,PATL1,0.9961288
7523,ANKRD35,0.99356204
7524,C1orf174,0.9924899
7525,ASPM,0.9955647
7526,CH507-9B2.9,0.9969906
7527,TRAK2,0.9966444
7528,HKR1,0.99705964
7529,MED18,0.996989
7530,RPP40,0.993977
7531,ACOT8,0.994058
7532,GEN1,0.9942463
7533,FOXP4,0.99526316
7534,ARHGAP10,0.9963938
7535,DHPS,0.9969045
7536,ZNF432,0.99413586
7537,ATP5S,0.9957328
7538,ATG14,0.9972808
7539,TOMM34,0.99339926
7540,LENG9,0.9953141
7541,TSHZ3,0.99549615
7542,DNAJC4,0.99685013
7543,SLC15A3,0.9978584
7544,TEAD2,0.99694276
7545,CHCHD4,0.9969274
7546,SGIP1,0.99620646
7547,TRERF1,0.99754715
7548,UHRF1,0.993097
7549,PAPLN,0.9954196
7550,TMEM260,0.99647075
7551,RUFY2,0.9946773
7552,ZFYVE26,0.99526536
7553,ANKFY1,0.9964454
7554,ZG16B,0.99768203
7555,DTWD1,0.99595505
7556,FAM156B,0.996907
7557,METTL13,0.99603903
7558,RABL3,0.995883
7559,ID4,0.9941591
7560,RANBP6,0.99690986
7561,RAVER1,0.98911864
7562,PKMYT1,0.9956416
7563,ZSCAN31,0.9884672
7564,MCM6,0.99471545
7565,TMEM39B,0.9954826
7566,SH2D3A,0.9939544
7567,LYRM5,0.99548274
7568,DDX11,0.9953159
7569,TWIST1,0.997615
7570,DAPK2,0.9914044
7571,RAMP3,0.9974498
7572,PPIAL4G,0.99444157
7573,THAP5,0.99640715
7574,C3orf38,0.9973067
7575,RAPGEF3,0.9962939
7576,TBC1D3L,0.99373406
7577,FOXRED2,0.9949176
7578,TBL1X,0.9923903
7579,ASB13,0.9929615
7580,DRAM1,0.99646646
7581,DDX51,0.9940282
7582,NUDT2,0.9966649
7583,PGAP2,0.99424607
7584,BRPF3,0.9943716
7585,ACVR2A,0.9963329
7586,RCC2,0.99439466
7587,MLH1,0.9980761
7588,WNT3,0.99468344
7589,TERF2,0.99518377
7590,GATAD1,0.9961229
7591,RBBP9,0.9945192
7592,BTBD10,0.9938024
7593,ENC1,0.99610656
7594,KIF23,0.9911738
7595,RMND5B,0.99349695
7596,MAD2L1BP,0.99632615
7597,RBFA,0.9945721
7598,KLHL2,0.99280477
7599,SLF2,0.99541914
7600,TCTA,0.99362445
7601,C1orf159,0.99431074
7602,NACC2,0.99657035
7603,GDPD2,0.9840514
7604,PARP2,0.99564093
7605,KAT8,0.99850845
7606,C12orf65,0.9951875
7607,ASPG,0.976364
7608,MAGOHB,0.9950199
7609,ZFYVE19,0.9959029
7610,ERN1,0.99669456
7611,PCBD1,0.9942553
7612,JADE1,0.99697536
7613,HDAC11,0.99571234
7614,HRH1,0.997275
7615,NDUFA7,0.9926209
7616,EFS,0.99405724
7617,KIRREL,0.9956233
7618,ZFAND2A,0.9965234
7619,AGTPBP1,0.9948719
7620,EED,0.99687356
7621,SNRNP40,0.9952458
7622,CDK9,0.9967098
7623,ZCCHC7,0.9964124
7624,TAF9B,0.98617345
7625,ALG6,0.99522483
7626,ACADS,0.99763083
7627,ZNF513,0.9934803
7628,VLDLR,0.99279004
7629,TIMELESS,0.9961476
7630,RNF222,0.99291295
7631,SMAD7,0.9945155
7632,GCLM,0.9957296
7633,KPNA5,0.9944955
7634,GOLGA6L4,0.9933388
7635,FAM173A,0.9956316
7636,MIF4GD,0.9919655
7637,MARCH1,0.99594957
7638,CH507-513H4.3,0.9895741
7639,TRAF2,0.99271554
7640,PRICKLE2,0.99162436
7641,ZBTB33,0.9966796
7642,RAMP1,0.99591553
7643,YPEL2,0.99639153
7644,SLC39A3,0.99649376
7645,FNDC10,0.99417704
7646,FBXO32,0.997126
7647,EID2,0.9968442
7648,C2orf68,0.99588245
7649,CEP290,0.99377227
7650,CBX1,0.9952196
7651,SH3RF3,0.99648535
7652,SRGAP2B,0.9961196
7653,BRCC3,0.99492747
7654,FAM198B,0.9983251
7655,ADAM8,0.9952079
7656,GANC,0.9950693
7657,DHX40,0.99750376
7658,MOCS1,0.99464893
7659,PTRH1,0.9955291
7660,UBR1,0.9970755
7661,EPS8,0.9975068
7662,KIAA0922,0.9944458
7663,MRPL4,0.9955067
7664,UHRF2,0.99366117
7665,ZNF518A,0.9967455
7666,WDR20,0.9930323
7667,NMT2,0.9944297
7668,LPAR1,0.99636495
7669,RPUSD1,0.99520046
7670,ROGDI,0.99410266
7671,CSF1,0.99798363
7672,COL8A2,0.9955829
7673,EAF1,0.9948174
7674,DDHD2,0.9959711
7675,PPIL4,0.99733615
7676,DYNC2H1,0.9965782
7677,ADGRG6,0.9961008
7678,KLHL5,0.99617213
7679,CCDC152,0.9957225
7680,IL1R2,0.99437165
7681,PTP4A3,0.9958231
7682,SLC36A4,0.99492127
7683,PDCD7,0.99498373
7684,ITFG2,0.9978954
7685,FAM84B,0.99628514
7686,GTF2IRD2,0.9954353
7687,KDELC2,0.99483067
7688,EVI2B,0.99389184
7689,ZBTB21,0.9966021
7690,POFUT2,0.9957353
7691,NUDT19,0.9955635
7692,RUNDC1,0.9971051
7693,PRKAR1B,0.9955907
7694,HOXC13,0.99231684
7695,ABCD4,0.99605685
7696,CDCA7,0.99278295
7697,UBALD1,0.9966533
7698,PANK4,0.99751085
7699,MTRF1L,0.9964992
7700,GFM2,0.99692225
7701,MRE11A,0.99680144
7702,BLOC1S4,0.99400365
7703,HARS2,0.9970099
7704,DYRK1B,0.99604726
7705,PVR,0.99494785
7706,C8orf76,0.99769
7707,INO80,0.9953386
7708,RSAD1,0.99587715
7709,TMEM199,0.99718165
7710,CMTM4,0.9944208
7711,ZNF330,0.99526864
7712,ACAP1,0.9966513
7713,ING5,0.99594873
7714,YRDC,0.9975528
7715,TP53,0.9943001
7716,HOXD9,0.9949927
7717,TMEM138,0.99552953
7718,LRRC45,0.99544126
7719,C15orf61,0.99552333
7720,LMCD1,0.99838954
7721,NDRG3,0.9874851
7722,RNF25,0.9961905
7723,COL4A6,0.99159914
7724,CDK5RAP1,0.9959878
7725,TBC1D3F,0.9941077
7726,CRTC3,0.99735636
7727,KIF20B,0.997008
7728,CD99L2,0.9979224
7729,C21orf91,0.99636394
7730,C5orf42,0.9975115
7731,ZNF133,0.99728745
7732,ACVR1B,0.99383265
7733,PGAP1,0.9924671
7734,WDR24,0.9956
7735,ECSCR,0.99703956
7736,NLGN2,0.99507445
7737,USP32,0.9964728
7738,TCN2,0.99680156
7739,CLIP2,0.99687827
7740,NTRK2,0.9967712
7741,SHC1,0.99469763
7742,ARL6IP6,0.9970785
7743,SATB1,0.997384
7744,LMNB1,0.99703175
7745,GALK2,0.99525666
7746,ZSWIM4,0.99746877
7747,FKBP14,0.9955025
7748,DDX10,0.9971469
7749,RHOU,0.9969226
7750,THAP7,0.99508303
7751,ZFYVE1,0.99326324
7752,PARN,0.99663496
7753,KAT6B,0.9954098
7754,NAA16,0.9965322
7755,CD3EAP,0.9968621
7756,EGR3,0.99545217
7757,KATNA1,0.99550277
7758,SYT8,0.97217745
7759,MELTF,0.9981524
7760,ZNF777,0.9974757
7761,OBSCN,0.9965237
7762,MCAT,0.9957772
7763,IKBIP,0.99679637
7764,SERPINB9,0.9966003
7765,C1orf162,0.9967964
7766,MARK1,0.99646956
7767,CORO6,0.9976473
7768,ORC3,0.9977057
7769,USP42,0.997194
7770,SETD1A,0.99372137
7771,SOGA1,0.9951678
7772,B4GAT1,0.9958048
7773,COIL,0.99333525
7774,PRC1,0.98690456
7775,GRHL2,0.9913871
7776,CEP295,0.9957118
7777,ZNF12,0.9960803
7778,THUMPD2,0.9919313
7779,NELFA,0.9971092
7780,ARL5B,0.9962691
7781,PUS7,0.9954972
7782,ATG9B,0.99289376
7783,FAM127B,0.994057
7784,TMEM99,0.9929194
7785,UTP23,0.9965617
7786,EXOSC3,0.991724
7787,SMARCA1,0.996093
7788,RASD1,0.9969765
7789,PLCG2,0.9951432
7790,ALKBH2,0.99616724
7791,VAMP4,0.99527395
7792,MXD3,0.99617296
7793,ZNF397,0.9938992
7794,BLOC1S3,0.993995
7795,CREB5,0.9945209
7796,CHML,0.99245197
7797,RUNDC3A,0.989251
7798,ELK1,0.9940707
7799,ITGB6,0.98760796
7800,TMEM223,0.99548924
7801,ZNF205,0.99396265
7802,ATAD2B,0.99461883
7803,BCAT1,0.9976398
7804,TUBB2B,0.98382246
7805,C3orf62,0.9953854
7806,SLC16A5,0.9943208
7807,ATF6B,0.9966367
7808,NEGR1,0.99759495
7809,SDK2,0.9929412
7810,PCGF2,0.99585515
7811,FADS2,0.99703825
7812,CDC42EP2,0.9977476
7813,IKZF1,0.99703795
7814,C11orf1,0.9940667
7815,CDK11B,0.99679446
7816,PQLC3,0.996446
7817,KRTCAP2,0.99402887
7818,ING4,0.9940987
7819,CHI3L1,0.9782093
7820,LNX2,0.9958438
7821,DTNB,0.99380046
7822,ALOXE3,0.988157
7823,RRN3,0.9954233
7824,SLC6A9,0.99549526
7825,HMGCS1,0.9947288
7826,GTF2H3,0.9940379
7827,ECD,0.99416035
7828,DNAAF5,0.9957478
7829,ERCC3,0.9965711
7830,RAB30,0.9967667
7831,MLKL,0.9936791
7832,CD320,0.99706477
7833,ZNF654,0.99648494
7834,TRAPPC13,0.9970311
7835,ZNF827,0.9958871
7836,NFKBIL1,0.9958247
7837,FAM212B,0.9980941
7838,SRGAP2C,0.9928549
7839,RAB11FIP4,0.9959181
7840,MAML1,0.99419343
7841,CASP3,0.9963048
7842,SETBP1,0.9948405
7843,TECPR1,0.9980223
7844,SPATA20,0.9953722
7845,ADGRE5,0.9962553
7846,RGMB,0.9977493
7847,FAM193A,0.9972658
7848,GPN2,0.99528176
7849,POLR1E,0.99656063
7850,BTN3A3,0.99787474
7851,CCDC94,0.9976943
7852,METTL2B,0.99542063
7853,ABHD5,0.9955297
7854,PBX2,0.99683625
7855,SOCS4,0.99729866
7856,FAM156A,0.995807
7857,ERAL1,0.99509776
7858,ARMCX3,0.99790424
7859,BTRC,0.99616843
7860,CADM4,0.9949318
7861,TGFBR3,0.9967555
7862,NXT2,0.99522
7863,LYSMD3,0.9918054
7864,NDUFAF6,0.99342275
7865,DDX19A,0.9947314
7866,THEMIS2,0.99827456
7867,AAAS,0.9960115
7868,CENPC,0.9974844
7869,ASB1,0.9960116
7870,CAMKK1,0.9937804
7871,ZNF26,0.996237
7872,UNC119,0.9966451
7873,TACC3,0.99580383
7874,FAM120B,0.9964696
7875,SLC36A1,0.99690604
7876,TOM1L1,0.99536705
7877,MUC15,0.9875285
7878,P2RY11,0.99218017
7879,ZDHHC17,0.99771506
7880,SERTAD3,0.9964273
7881,CARD6,0.9959538
7882,KIAA0101,0.991682
7883,SYNJ2,0.99578923
7884,MAPK11,0.99594903
7885,ASAP3,0.99394906
7886,BBOX1,0.99467325
7887,GCFC2,0.996175
7888,PRPF18,0.9938928
7889,MYL6B,0.9950054
7890,GLMN,0.99558496
7891,RRP9,0.99444515
7892,APLNR,0.99710304
7893,ANLN,0.9847768
7894,FARS2,0.9949067
7895,POLR1B,0.99603754
7896,OSBPL6,0.9953641
7897,G2E3,0.99605185
7898,PSKH1,0.9959973
7899,MYO1F,0.9974965
7900,POU3F1,0.98217565
7901,MARCH9,0.9910079
7902,AIF1L,0.99598455
7903,ZSCAN29,0.99644566
7904,SEMA5A,0.9982048
7905,DGKQ,0.99522567
7906,RFC5,0.99522644
7907,AMY2B,0.99685985
7908,CCDC117,0.997518
7909,ST6GALNAC6,0.9940258
7910,NFASC,0.9958107
7911,PPIP5K1,0.9937758
7912,GSTM2,0.99605876
7913,RRP8,0.99653906
7914,CDH5,0.99463063
7915,KBTBD2,0.9968436
7916,ZNF444,0.9928868
7917,LRRC8C,0.9949559
7918,SACS,0.99741817
7919,CCNF,0.9957727
7920,AP5S1,0.99658656
7921,TBC1D25,0.99651873
7922,ETV4,0.98800546
7923,AMIGO2,0.99524957
7924,PLEKHF1,0.9968656
7925,FRAT2,0.99664766
7926,CENPW,0.9948713
7927,ADAMTS15,0.9959543
7928,ABHD4,0.99518204
7929,FAM73A,0.9960943
7930,SNX27,0.9959158
7931,LRIG3,0.992845
7932,RANBP10,0.994492
7933,ANKRD26,0.9982959
7934,CTSO,0.9975969
7935,ZNF720,0.9957378
7936,ABHD6,0.9947356
7937,ACAD8,0.9930493
7938,NUP37,0.9951982
7939,TIMM21,0.99530655
7940,HSD17B8,0.9955031
7941,SMARCAL1,0.99758273
7942,TUBGCP4,0.98650646
7943,PLOD2,0.99657434
7944,CFB,0.99695724
7945,CCDC58,0.9970061
7946,DMTN,0.99527794
7947,SNAP47,0.99746364
7948,ZNF688,0.9966195
7949,SRGAP1,0.9924785
7950,NFKBIE,0.9960562
7951,ADGRF5,0.99793434
7952,SCYL3,0.99782336
7953,URGCP,0.9979194
7954,CALCRL,0.9970679
7955,CDKN2AIP,0.996284
7956,DNAJB9,0.9974213
7957,MYO18A,0.9948501
7958,MIS18BP1,0.99641407
7959,CYP51A1,0.99129283
7960,TBC1D3H,0.9948485
7961,PEX14,0.99404275
7962,RAET1E,0.9863583
7963,SESN1,0.9924362
7964,SELPLG,0.99772424
7965,DPH3,0.99704874
7966,ENTPD5,0.9967716
7967,DLG3,0.9945973
7968,SIRT3,0.995127
7969,COG7,0.994709
7970,HAGH,0.994242
7971,HIRA,0.9953177
7972,TAPBPL,0.9975934
7973,LRIG2,0.987029
7974,MFSD14C,0.9964975
7975,ATP8B2,0.99804235
7976,YARS2,0.9928702
7977,PTPN4,0.9964708
7978,BOC,0.9960301
7979,TBC1D2B,0.9940386
7980,TSPAN18,0.9963295
7981,THEM4,0.99790806
7982,CD7,0.99653107
7983,CASP8AP2,0.99661255
7984,DHX34,0.99093705
7985,CENPE,0.9951597
7986,ABLIM3,0.99548066
7987,TARSL2,0.9960498
7988,ZC3H12C,0.99383307
7989,ANKRD40,0.9969238
7990,ERG,0.9967974
7991,MDC1,0.99309725
7992,ALDH3A1,0.988357
7993,ELN,0.9961996
7994,RAPGEF2,0.997842
7995,ZNF75A,0.9940514
7996,MON1A,0.9965955
7997,DDHD1,0.99692905
7998,MAP3K8,0.995706
7999,TFPI,0.997366
8000,LRRC28,0.99472034
8001,SYNPO2,0.99775463
8002,RAD17,0.99566954
8003,SLC35A5,0.9942103
8004,TMEM246,0.9936632
8005,TBC1D3,0.98964393
8006,SIN3A,0.9958072
8007,ASF1A,0.9957144
8008,SLC35B4,0.99423844
8009,THRA,0.9940861
8010,SLC26A2,0.9982054
8011,EPHX2,0.99260354
8012,C3orf14,0.9958284
8013,SOCS5,0.9964482
8014,USP9Y,0.9969301
8015,PTBP2,0.9969135
8016,GLI4,0.9953117
8017,RINT1,0.9949192
8018,STAT5A,0.9972571
8019,ZSWIM6,0.995798
8020,CD6,0.99614954
8021,PGAP3,0.99527663
8022,CXCL8,0.9922666
8023,TAMM41,0.9923375
8024,BTBD9,0.98760575
8025,PIGM,0.9961605
8026,SLC7A6OS,0.99766713
8027,IFIT5,0.99479413
8028,C14orf159,0.9973939
8029,SLC16A7,0.9958494
8030,TAF1,0.9946315
8031,CEP170,0.9956463
8032,PEX5,0.99390113
8033,CAAP1,0.99441963
8034,EGFLAM,0.9965865
8035,TFAP4,0.9959448
8036,ALS2,0.99505115
8037,RPP38,0.9962083
8038,C2CD2L,0.99446106
8039,BPNT1,0.9941215
8040,PARG,0.99669176
8041,PRKCB,0.9933273
8042,PXMP4,0.9951015
8043,MORC4,0.99644905
8044,AP1AR,0.99582845
8045,SNAPC2,0.9969009
8046,C21orf59,0.99281687
8047,ADAMTS4,0.9969597
8048,FOXN2,0.99585724
8049,TMEM64,0.99470705
8050,PYCRL,0.99009085
8051,ZNF721,0.99627906
8052,RGPD8,0.97943974
8053,C5orf51,0.99543995
8054,FAM122B,0.99533474
8055,CCL19,0.9943828
8056,MAD2L1,0.9948083
8057,OASL,0.98441297
8058,SMPD2,0.99496347
8059,GNPNAT1,0.9965003
8060,EXOSC2,0.9959375
8061,SLC19A2,0.9918884
8062,TFEB,0.99611074
8063,HMG20A,0.9971522
8064,ADGRL1,0.9955512
8065,NFS1,0.9957887
8066,MAP7D3,0.9975805
8067,ERMARD,0.99335706
8068,AGAP1,0.99625045
8069,OTUD6B,0.9961357
8070,ZNF846,0.99364257
8071,PDHX,0.99575955
8072,DLGAP5,0.99280995
8073,FGFR2,0.9957788
8074,HPF1,0.9923819
8075,FBXO18,0.9968577
8076,SP140L,0.996535
8077,CCAR2,0.9961501
8078,AGBL5,0.9945807
8079,ZNF76,0.99670917
8080,OARD1,0.98625594
8081,CRYL1,0.99698395
8082,CCDC22,0.99630404
8083,RAPGEF5,0.9937794
8084,RFX7,0.99659204
8085,SLC25A12,0.99563384
8086,ST3GAL1,0.998142
8087,VSTM4,0.9968807
8088,CYP2R1,0.9944227
8089,PTAFR,0.99746746
8090,SAMD8,0.99483836
8091,CFL2,0.9946424
8092,BARD1,0.9959859
8093,SARS2,0.99369586
8094,ZXDC,0.99480164
8095,SS18L1,0.994014
8096,DOLPP1,0.9950092
8097,CCNT1,0.9952166
8098,STX17,0.99632025
8099,B3GALT4,0.9957405
8100,CDC40,0.994295
8101,ZBTB25,0.99644464
8102,MYL5,0.9958916
8103,ING2,0.9977261
8104,HACD4,0.98978525
8105,ZNF766,0.99381495
8106,SLC39A10,0.99554086
8107,POLR3D,0.9953296
8108,TRAPPC6A,0.9974728
8109,PNMA1,0.9970188
8110,CEP68,0.9953729
8111,PISD,0.99770164
8112,FMO2,0.9816982
8113,NOM1,0.99501085
8114,GALC,0.9965625
8115,LRG1,0.98538864
8116,NETO2,0.9955173
8117,SUPV3L1,0.9956865
8118,VSIG10,0.9952018
8119,MCPH1,0.99462825
8120,ORAI3,0.99747336
8121,MEGF8,0.99522394
8122,RASSF2,0.99738437
8123,B3GNT3,0.9921153
8124,TESK1,0.99609405
8125,PAQR5,0.9935583
8126,CCDC66,0.9946924
8127,USP19,0.99556434
8128,SLC25A23,0.99625033
8129,DOPEY2,0.9966065
8130,ZNF7,0.9955669
8131,LAMP5,0.99695414
8132,C4A,0.99761224
8133,KCNN4,0.99783415
8134,INTS4,0.9969893
8135,SLC35D2,0.99579114
8136,GPATCH2,0.9947572
8137,ATXN1L,0.995588
8138,CSRNP1,0.99691063
8139,PTER,0.99680644
8140,RNGTT,0.99627274
8141,TRPV2,0.99734527
8142,PTPN6,0.9945214
8143,TBC1D7,0.99644583
8144,PLAT,0.99598235
8145,NPHP3,0.9967803
8146,LPAR5,0.9945585
8147,MCU,0.99314827
8148,DUOX2,0.9932781
8149,KIF2A,0.99575216
8150,GDA,0.99312013
8151,ZNF623,0.99667966
8152,ATF1,0.99705225
8153,IQCE,0.9965504
8154,LIMD1,0.99436945
8155,GTF2IRD2B,0.99626917
8156,CEP55,0.99148375
8157,AFAP1,0.9960924
8158,NLK,0.9960436
8159,IKBKE,0.99472594
8160,ZDHHC13,0.994616
8161,AKIRIN2,0.99470234
8162,FILIP1L,0.99323875
8163,CEP192,0.99486136
8164,ITM2A,0.99726295
8165,CACTIN,0.99444693
8166,GRASP,0.99798924
8167,GSTM3,0.9956862
8168,VIPR1,0.99372625
8169,PSTPIP1,0.99573195
8170,LZIC,0.99424684
8171,AP4B1,0.9975308
8172,RAB40B,0.9958422
8173,KDM6A,0.994455
8174,LYRM7,0.98959327
8175,HOMEZ,0.99146533
8176,PITPNC1,0.9974643
8177,JAM3,0.99435085
8178,RNF144A,0.9971825
8179,P3H3,0.99726367
8180,TUBGCP5,0.99511003
8181,UBE2D4,0.9954295
8182,GSR,0.99757934
8183,SAA2,0.9957298
8184,IL33,0.9939545
8185,ADAT2,0.99368435
8186,C16orf91,0.9968926
8187,UXS1,0.9957414
8188,CRIPAK,0.996446
8189,MAPK9,0.9966873
8190,C11orf54,0.9971902
8191,ASCC1,0.9958325
8192,C4B,0.9957485
8193,CDKN3,0.99412113
8194,PHKA2,0.99577034
8195,ZNF408,0.9959436
8196,ZBED2,0.99289066
8197,TBC1D3K,0.99657476
8198,NPAT,0.99531263
8199,PCBD2,0.9958144
8200,LAIR1,0.99827355
8201,FGF7,0.995508
8202,FAM206A,0.9950239
8203,ITGAX,0.9968438
8204,TMEM69,0.99536276
8205,MACC1,0.994508
8206,ESYT3,0.98667973
8207,PODXL,0.9960125
8208,POU2F3,0.9883917
8209,AMMECR1L,0.99753237
8210,ZC3H8,0.99611306
8211,TMEM175,0.996009
8212,FAM76B,0.99640024
8213,ZNF740,0.9961328
8214,ZNF512,0.9980869
8215,HPS5,0.99567825
8216,ITCH,0.99683136
8217,MSH2,0.9966653
8218,CUL7,0.9972928
8219,BCL2L11,0.99786747
8220,TMEM161B,0.9977428
8221,ACD,0.998001
8222,PTCD1,0.9923762
8223,SVIP,0.99550086
8224,PSTPIP2,0.99618745
8225,NDC80,0.9956989
8226,ZMYM6,0.9945315
8227,RNF5,0.9971873
8228,CASP8,0.9958531
8229,GPR183,0.9976969
8230,ATP9B,0.9952429
8231,SSBP2,0.99589974
8232,ZNF808,0.99640644
8233,TNS2,0.9977243
8234,SHANK3,0.9966462
8235,HELLS,0.9957943
8236,VANGL2,0.9924979
8237,ALAD,0.9955458
8238,ZNF140,0.9954354
8239,ZBTB40,0.99629086
8240,USF3,0.9954296
8241,GLA,0.9970519
8242,KANK2,0.9980774
8243,KCNAB2,0.9966648
8244,PARP8,0.9973666
8245,GALNT11,0.9966083
8246,KLHL12,0.9962735
8247,MAFF,0.99611056
8248,CDC37L1,0.99472815
8249,PLPP5,0.9967603
8250,TNXB,0.99733907
8251,LRFN4,0.99504524
8252,HRH2,0.9895964
8253,IL2RG,0.997483
8254,FAH,0.99653536
8255,MICA,0.9932821
8256,TMEM201,0.99575853
8257,BBIP1,0.99514467
8258,SGPP1,0.9964813
8259,SLC7A11,0.9942258
8260,TMEM218,0.9957804
8261,PTK2B,0.99489015
8262,PICK1,0.99393773
8263,VWA8,0.99558145
8264,PRDM15,0.99587286
8265,UBA7,0.9982015
8266,GMCL1,0.99604464
8267,THSD4,0.99552816
8268,SLC29A4,0.99535376
8269,FAM104B,0.99451876
8270,TBC1D3E,0.9973057
8271,KLHL9,0.9938397
8272,PDLIM4,0.98993593
8273,IRAK4,0.99693996
8274,COG6,0.9971481
8275,CNTROB,0.995004
8276,RNPC3,0.9962849
8277,TRAPPC2,0.9964807
8278,RHBDL2,0.99386513
8279,HIVEP1,0.99146765
8280,CDCA8,0.99591935
8281,TICAM1,0.99077976
8282,CNNM4,0.9904953
8283,MCRIP2,0.99623585
8284,KRT79,0.99220675
8285,PCSK5,0.9953966
8286,ZNF320,0.9963525
8287,CREM,0.9963091
8288,ALDH1A1,0.9872451
8289,FAM220A,0.9965871
8290,PCGF1,0.9918713
8291,GLRX2,0.9972762
8292,CMKLR1,0.99780244
8293,PLEKHH1,0.99325436
8294,CHCHD6,0.99595404
8295,SKP2,0.9971728
8296,ACTR8,0.9950817
8297,ATAD2,0.994306
8298,TYW3,0.99643403
8299,NEK6,0.9968775
8300,ZNF267,0.9957611
8301,GABPB2,0.9907887
8302,DNM1,0.99374634
8303,KLHL7,0.99551654
8304,DCAF15,0.99654204
8305,RFT1,0.9965228
8306,VPS50,0.9965907
8307,KLHL24,0.99734795
8308,DNAJC14,0.99618244
8309,RASSF10,0.99565107
8310,SFXN4,0.99511087
8311,ME2,0.99667734
8312,IL24,0.99584526
8313,TMEM176A,0.995987
8314,GID4,0.99530214
8315,FBXO30,0.99698365
8316,C5orf45,0.9959885
8317,DPY19L4,0.9970011
8318,NCAPG,0.99356675
8319,PRRG2,0.99534434
8320,ZNF84,0.99455255
8321,OPN3,0.99438715
8322,RLF,0.9960074
8323,GRB10,0.99686706
8324,PDRG1,0.99390113
8325,TENM3,0.9939971
8326,ADCY4,0.9981224
8327,SNIP1,0.99434245
8328,NLGN4X,0.99324757
8329,LCE1E,0.9928328
8330,SMARCD3,0.9923525
8331,EXD2,0.9962113
8332,ISOC1,0.99144137
8333,CNKSR1,0.9962995
8334,CIT,0.99583447
8335,ADGRE2,0.99698853
8336,PRKCA,0.9908586
8337,XYLT1,0.9955309
8338,GMNN,0.9945776
8339,TTI1,0.9944968
8340,TNS3,0.99764943
8341,ATG101,0.99647486
8342,TMEM209,0.9940776
8343,RAET1L,0.98795325
8344,LURAP1L,0.9961781
8345,HSPA14,0.9941574
8346,OTUB2,0.99033666
8347,RBP7,0.9959766
8348,ZNF22,0.994983
8349,CDT1,0.9964775
8350,LRR1,0.9955307
8351,ERI1,0.99569076
8352,ESCO1,0.9966327
8353,ZSCAN18,0.99697137
8354,GAMT,0.9949096
8355,TTC13,0.9905341
8356,MBD5,0.9953352
8357,CD53,0.99699926
8358,SSX2IP,0.9949934
8359,TNFRSF19,0.994048
8360,EPB41L5,0.99497914
8361,PAQR6,0.99195796
8362,EXOC8,0.9923344
8363,FRY,0.9958432
8364,B4GALT5,0.994245
8365,REC8,0.9969028
8366,MRVI1,0.9959276
8367,GPALPP1,0.9929675
8368,APH1B,0.99701834
8369,ZNF414,0.99125767
8370,SCLT1,0.9966173
8371,WWC2,0.9920772
8372,SH2B3,0.99685276
8373,BAG4,0.9957113
8374,ZNF302,0.99642557
8375,VCPKMT,0.99567795
8376,TBC1D9,0.9954283
8377,CDK19,0.99507374
8378,GBP3,0.9952628
8379,PRPF40B,0.99623144
8380,ZDHHC1,0.9942542
8381,NFATC1,0.996696
8382,MRM3,0.99580413
8383,ZNF662,0.98037606
8384,ZNF646,0.9904088
8385,FNDC1,0.99666655
8386,RAB40C,0.99175143
8387,KLHDC7B,0.9964309
8388,POP1,0.995721
8389,LMTK3,0.99380696
8390,SETD6,0.9944482
8391,LRRC42,0.9946104
8392,TMEM185A,0.9959711
8393,PPWD1,0.99724776
8394,SRPX,0.99751365
8395,NSMCE2,0.992915
8396,ARL16,0.99534184
8397,AKR1B15,0.9945673
8398,ANXA9,0.9839478
8399,SEMA6A,0.994646
8400,SERF1B,0.9961999
8401,TGM3,0.9931803
8402,CD207,0.9913587
8403,DOHH,0.9955073
8404,DECR2,0.99585086
8405,SLC37A2,0.98018146
8406,ISCA2,0.9971531
8407,RPP14,0.995799
8408,RIDA,0.9922962
8409,ESAM,0.99710107
8410,TPRN,0.9959204
8411,PAFAH1B3,0.9973528
8412,GSTM1,0.9917168
8413,PEAR1,0.99601424
8414,SERAC1,0.9928829
8415,SLC9A3R2,0.99566066
8416,RAB29,0.9971976
8417,DDX28,0.9959545
8418,R3HCC1L,0.99467903
8419,SPR,0.9944678
8420,ERCC6,0.99353385
8421,FAXDC2,0.99484867
8422,CMC1,0.9956365
8423,SMIM13,0.99650204
8424,PER2,0.9937234
8425,CDK2,0.9962928
8426,FKBP11,0.9963338
8427,EVA1C,0.9951893
8428,MAP4K3,0.9939668
8429,POLL,0.9957857
8430,ZBTB6,0.9968687
8431,KIF11,0.9960982
8432,FKBPL,0.9949646
8433,CSPP1,0.9952286
8434,NCAPG2,0.9959453
8435,KLF2,0.99639577
8436,IRX5,0.9965007
8437,FLYWCH2,0.99688864
8438,SAPCD2,0.9935492
8439,ZNF226,0.98872703
8440,RNF146,0.9971814
8441,SLC16A9,0.9965476
8442,MEIS2,0.9943108
8443,PKP2,0.99576366
8444,P2RX4,0.99732107
8445,AURKA,0.9936569
8446,ICK,0.995236
8447,CTU1,0.9961679
8448,EIF2D,0.9936309
8449,ADORA2B,0.99500465
8450,NHLRC3,0.9959107
8451,ZNF839,0.99403244
8452,RFK,0.99479115
8453,VRK1,0.9960311
8454,DDX20,0.99624383
8455,TJAP1,0.99638546
8456,RNASE6,0.9968835
8457,TBP,0.9925612
8458,TGS1,0.99459815
8459,ARRB1,0.9967172
8460,MOAP1,0.9966562
8461,PIDD1,0.98141855
8462,POLK,0.9943779
8463,FLT1,0.9964974
8464,MRPS31,0.99499255
8465,PREX1,0.9970282
8466,GEMIN6,0.997305
8467,POLD4,0.9929418
8468,MC1R,0.99580353
8469,PTPN9,0.9970921
8470,CRYZL1,0.99611974
8471,CRB3,0.9939534
8472,CST7,0.9978024
8473,MAGEH1,0.9978833
8474,ARHGEF35,0.9938292
8475,NFATC3,0.9963412
8476,SLC43A1,0.99703085
8477,EZH1,0.9954052
8478,HIST1H2BD,0.9944444
8479,TCEAL3,0.99466395
8480,ORC5,0.99348515
8481,HILPDA,0.99784744
8482,ATPAF2,0.9974289
8483,UNC119B,0.99698305
8484,LRIF1,0.9954866
8485,AGRN,0.98233163
8486,DUS3L,0.9963581
8487,ZBTB24,0.9959903
8488,FBN2,0.9939624
8489,LMF1,0.99545354
8490,RFFL,0.9966558
8491,TSPYL4,0.99606615
8492,CH507-513H4.4,0.9943026
8493,LRP6,0.9963862
8494,IL16,0.9981802
8495,KLHL28,0.99687964
8496,CASP10,0.99778974
8497,CIDEB,0.9918026
8498,ZNF407,0.9956142
8499,PCIF1,0.99095607
8500,INTS7,0.9959474
8501,PRMT3,0.9929439
8502,OXNAD1,0.99509025
8503,PEX1,0.99548334
8504,USP31,0.9961714
8505,NPAS2,0.9952607
8506,TMEM63A,0.9945272
8507,ST8SIA4,0.9981614
8508,MCTP2,0.9963024
8509,IPP,0.9942046
8510,TCF19,0.9974437
8511,VIPAS39,0.99326026
8512,ELOVL6,0.99388576
8513,SLC19A1,0.9964265
8514,LRP8,0.9931642
8515,LRFN3,0.99193645
8516,GPR180,0.9952129
8517,PIK3R3,0.99776524
8518,APOOL,0.9956514
8519,ZBTB41,0.99503344
8520,MED7,0.9940948
8521,NSMCE3,0.995982
8522,SH2D5,0.9916902
8523,LAMA2,0.99777204
8524,GCAT,0.99652237
8525,LRRC16A,0.995692
8526,CHST12,0.9972833
8527,C1orf131,0.99504143
8528,CDKAL1,0.99554545
8529,CRY2,0.9951517
8530,TBK1,0.9974233
8531,ABHD10,0.99738824
8532,FLI1,0.9963093
8533,KAT14,0.99495566
8534,DENND3,0.9962923
8535,DCK,0.9955045
8536,TMEM243,0.99782544
8537,KIAA1143,0.9961011
8538,EDEM2,0.9961657
8539,METTL14,0.99515665
8540,COX18,0.99673176
8541,HSD11B1L,0.995736
8542,CACFD1,0.9966885
8543,EXOSC5,0.9938112
8544,TRIT1,0.9957558
8545,INTS12,0.9951035
8546,AFAP1L1,0.996159
8547,TMEM251,0.99466455
8548,CEP44,0.99467266
8549,CEP131,0.9979624
8550,SPAG5,0.9972202
8551,FNBP1L,0.997126
8552,SEZ6L2,0.9952904
8553,SNX30,0.99093926
8554,LARGE1,0.9957599
8555,CDK5R1,0.99412954
8556,GTF2B,0.9954434
8557,FAM175B,0.9965608
8558,ZNF574,0.9907976
8559,TBC1D3C,0.9945509
8560,DHTKD1,0.99623305
8561,INPP4A,0.9966434
8562,TRAF5,0.99636966
8563,PGBD5,0.99306804
8564,SDE2,0.98972994
8565,DTD2,0.99226785
8566,UVSSA,0.9957578
8567,TMPRSS11E,0.98971003
8568,TOMM40L,0.9939692
8569,PCID2,0.994695
8570,MBIP,0.9965999
8571,FAM92A1,0.9945227
8572,KIAA0895L,0.9950877
8573,RNASEH2A,0.99364513
8574,MAP2K5,0.9965182
8575,GEMIN5,0.99386203
8576,SP2,0.9935704
8577,ZNF143,0.9957814
8578,NATD1,0.9948502
8579,ATG4A,0.9970791
8580,DCUN1D2,0.9944925
8581,CYB5D2,0.9944837
8582,TMEM192,0.99390596
8583,BICDL1,0.9943371
8584,HINFP,0.9938111
8585,SLC25A4,0.99536115
8586,MTHFSD,0.9966812
8587,FUT3,0.98939687
8588,A4GALT,0.9964854
8589,KNTC1,0.99592584
8590,EIF4ENIF1,0.9966477
8591,PLAC9,0.99652475
8592,GTPBP3,0.9958253
8593,RAB11FIP2,0.9910724
8594,ZNF318,0.99727726
8595,BANP,0.9947728
8596,PCSK9,0.98817813
8597,ZNF639,0.99686575
8598,MMP12,0.99451786
8599,GNAL,0.9931733
8600,DOCK11,0.99725175
8601,HIP1,0.9962872
8602,PHF12,0.996924
8603,XPC,0.99534976
8604,ITGB3BP,0.99437463
8605,ESPN,0.9895778
8606,UTP20,0.99618167
8607,PIK3R4,0.9959153
8608,CLCN5,0.99650455
8609,GPR137,0.99523216
8610,ATG16L1,0.99553955
8611,TRMT13,0.99419457
8612,ZNF587,0.9917343
8613,MARCH8,0.99727786
8614,SLC9A9,0.99479884
8615,TINAGL1,0.9966349
8616,GPATCH3,0.99459803
8617,SLC9A8,0.99665993
8618,AP3M2,0.9956292
8619,POLR3B,0.99631685
8620,ZNF436,0.9954167
8621,NTM,0.9968624
8622,MB21D2,0.99596125
8623,PSD3,0.9933127
8624,ZNF329,0.99613285
8625,TIGD5,0.9961934
8626,CCHCR1,0.9928456
8627,EEFSEC,0.9960748
8628,ZNF576,0.99144876
8629,ENPP2,0.99342465
8630,LRP5,0.99741006
8631,POMT2,0.99525857
8632,AGR2,0.99381524
8633,PORCN,0.9962926
8634,CPT2,0.99563956
8635,NR2C1,0.9954591
8636,RBAK,0.99635315
8637,ELF4,0.995445
8638,ST7,0.9956633
8639,TCHH,0.9832688
8640,RPP25L,0.994832
8641,CCDC51,0.9966535
8642,FAM127C,0.99742293
8643,COL14A1,0.99787796
8644,POLR2M,0.9946616
8645,HSF1,0.9945835
8646,ARHGAP25,0.9956722
8647,ARAP3,0.9942353
8648,CFHR1,0.9979489
8649,MOB3C,0.9945055
8650,SDK1,0.9971506
8651,SMYD5,0.9928341
8652,HIVEP3,0.9960701
8653,RNF123,0.99342453
8654,KIF1BP,0.9966768
8655,RASA3,0.99704313
8656,SERF1A,0.9939373
8657,FAM179B,0.9935581
8658,ADGRA3,0.99601704
8659,PODNL1,0.995718
8660,TNFSF13B,0.9976902
8661,LIMS2,0.99644846
8662,CCNYL1,0.9935358
8663,THAP3,0.99682146
8664,FGD3,0.99782574
8665,STARD4,0.9948821
8666,C2,0.9959944
8667,ETFDH,0.9930089
8668,SAAL1,0.9965998
8669,SNRNP25,0.9955231
8670,NR1H3,0.98968583
8671,TULP3,0.9945942
8672,ETV5,0.9967391
8673,NFKBIB,0.99677885
8674,KCNC4,0.9896255
8675,BCL2L12,0.9959787
8676,KCTD17,0.99708784
8677,RP11-161H23.5,0.99338603
8678,RAB2B,0.9974925
8679,VASH1,0.9960883
8680,CHKB,0.99541795
8681,TTC7B,0.9948347
8682,C12orf56,0.9940369
8683,HAUS5,0.99567026
8684,UIMC1,0.9957537
8685,NCDN,0.99265426
8686,STOML1,0.99603623
8687,BAMBI,0.9926348
8688,SOX18,0.9973102
8689,STARD13,0.99699354
8690,EFHC1,0.9970941
8691,FEZ1,0.99141276
8692,LRRC40,0.9965315
8693,METTL12,0.9964668
8694,TTF2,0.99695504
8695,PLEK,0.99574804
8696,CERS2,0.9941511
8697,IFT43,0.9958593
8698,INSIG2,0.9941419
8699,ADA,0.9955533
8700,MRPS17,0.99601555
8701,FAM160A2,0.99422216
8702,TMEM98,0.996437
8703,DCAF1,0.9962725
8704,SLC12A7,0.99737436
8705,DBF4,0.9918727
8706,TCAIM,0.9904815
8707,C8orf58,0.9958885
8708,ANKS3,0.9964321
8709,ADCK4,0.997087
8710,ANKMY2,0.995426
8711,ACP7,0.98059934
8712,MTRNR2L3,0.9938805
8713,TP73,0.996573
8714,ZNF445,0.9921118
8715,MAOA,0.9951634
8716,ZNF354A,0.99651694
8717,C9orf91,0.99731296
8718,MMP19,0.9973577
8719,BCOR,0.9926437
8720,SFT2D3,0.9929496
8721,MFSD3,0.9949316
8722,COQ3,0.9917971
8723,ZNF480,0.9962627
8724,TRRAP,0.9958403
8725,TPPP3,0.9948743
8726,B3GLCT,0.9939041
8727,LRIG1,0.99740523
8728,SHPRH,0.99714625
8729,MORN2,0.9958526
8730,KIF3A,0.99531615
8731,MPP6,0.9952947
8732,STS,0.99738884
8733,BDH2,0.99741995
8734,SENP1,0.9956673
8735,SH2D4A,0.9866986
8736,FAS,0.99678266
8737,TFB2M,0.99194956
8738,DGKD,0.99796826
8739,PSORS1C2,0.9900563
8740,CD302,0.99701214
8741,TMEM68,0.9949591
8742,PHF6,0.99243134
8743,CBY1,0.9935498
8744,RIOK2,0.99089617
8745,GPR176,0.997563
8746,MME,0.9972929
8747,MEN1,0.99624014
8748,CPXM1,0.9960631
8749,CMPK2,0.9947717
8750,LRRC8B,0.9924682
8751,IGSF10,0.9958116
8752,ZWINT,0.99482214
8753,APOBEC3G,0.9966672
8754,POLM,0.9953966
8755,TUBG2,0.9951161
8756,ZCCHC24,0.9972068
8757,LPIN2,0.99656963
8758,FAM168A,0.99765503
8759,SNUPN,0.9945809
8760,POLR1C,0.9962696
8761,SCNN1D,0.99719965
8762,NKD2,0.9956101
8763,FPGT,0.9930282
8764,ADRB2,0.99503976
8765,WDR62,0.9923958
8766,RHNO1,0.9955336
8767,STX2,0.99696064
8768,OSGIN2,0.99622005
8769,NDN,0.995365
8770,PCTP,0.9962117
8771,CPNE2,0.9958278
8772,RGS19,0.9975031
8773,RAB23,0.9962586
8774,IKZF3,0.9969995
8775,ZRSR2,0.9901824
8776,BRPF1,0.995466
8777,WDR70,0.9952636
8778,CXCR4,0.9966365
8779,AURKB,0.99026096
8780,NOL12,0.98599774
8781,HDAC10,0.9927932
8782,PTN,0.9958937
8783,SETDB1,0.99480003
8784,TFPT,0.99652207
8785,RPP25,0.99605983
8786,PDZD2,0.99209654
8787,MLLT3,0.9958142
8788,SMOX,0.9927837
8789,DIABLO,0.9864793
8790,HS3ST3A1,0.9901722
8791,KIAA0753,0.9905912
8792,HSPA13,0.9975183
8793,NFYA,0.9949467
8794,SVBP,0.9947054
8795,TBC1D22B,0.9945454
8796,KYNU,0.9957785
8797,ITPR1,0.9962136
8798,ARV1,0.9950064
8799,NDUFAF4,0.9941308
8800,PLXNA3,0.996628
8801,SLC41A3,0.9963251
8802,FAM188A,0.9935068
8803,RCHY1,0.99386895
8804,CWF19L1,0.9937129
8805,ANKRD16,0.9959136
8806,HYI,0.99777997
8807,PPAT,0.99192584
8808,ANKRD31,0.99268764
8809,HMCN1,0.9964708
8810,OTUD3,0.9914426
8811,NEB,0.99174595
8812,IFFO1,0.9943925
8813,NVL,0.9956182
8814,TRIM37,0.9937971
8815,SLC41A1,0.99637383
8816,TBKBP1,0.9972043
8817,THG1L,0.99697304
8818,AAMDC,0.9947266
8819,TRIM35,0.99621016
8820,DNASE1,0.99441415
8821,NAGPA,0.996092
8822,PKD2,0.99309444
8823,NID2,0.9973047
8824,TTF1,0.99409896
8825,SCFD2,0.9959622
8826,DAPK1,0.99437255
8827,B4GALT4,0.9932918
8828,GPAT3,0.9951721
8829,CCDC127,0.9962433
8830,ACYP2,0.9906347
8831,CACNB3,0.9937595
8832,ZBTB37,0.99734855
8833,COPS7B,0.99528503
8834,FITM2,0.9936827
8835,OSBP2,0.99288964
8836,SLFN11,0.9963301
8837,CNEP1R1,0.99560505
8838,FANCD2,0.9960236
8839,SETD1B,0.99551815
8840,GIMAP4,0.9960057
8841,LZTFL1,0.99625754
8842,MLH3,0.9956998
8843,HACL1,0.99697137
8844,WARS2,0.99580246
8845,TRIM39,0.9977432
8846,DUSP18,0.9958048
8847,ARSI,0.9934514
8848,KRIT1,0.9933696
8849,NUDCD1,0.99609745
8850,CCDC73,0.9686795
8851,ADAM23,0.99403155
8852,FERMT2,0.99774337
8853,XKRX,0.9912891
8854,ENOX2,0.99532676
8855,C5orf22,0.99552727
8856,CHIC2,0.9920032
8857,SLC35A1,0.9955185
8858,SDR42E1,0.99600106
8859,UHRF1BP1L,0.9939755
8860,RAB3IP,0.989185
8861,TANGO6,0.9976473
8862,COMMD10,0.9966524
8863,AP4S1,0.99474406
8864,MARVELD3,0.9970931
8865,APOLD1,0.9968149
8866,TMEM5,0.99215645
8867,NRF1,0.99472207
8868,CTAGE5,0.9941448
8869,TNFRSF18,0.99538106
8870,RASSF8,0.99170595
8871,FGFR1OP,0.99407184
8872,GFER,0.99560416
8873,SYNGR1,0.9968487
8874,MIS12,0.99138844
8875,LRRC75B,0.99348503
8876,NR2C2AP,0.9947256
8877,DNASE1L2,0.984432
8878,ZNF324,0.99481004
8879,ANKS6,0.9947681
8880,NFATC2,0.9977398
8881,DONSON,0.99208313
8882,IGHMBP2,0.9918463
8883,PI15,0.99680775
8884,SLC25A22,0.99577296
8885,DCAF4,0.9965039
8886,PLXNC1,0.99675477
8887,MOSPD2,0.99670786
8888,VPS37B,0.9952587
8889,PRKX,0.99717563
8890,SOCS2,0.99652225
8891,KNSTRN,0.9948997
8892,TTC23,0.9945067
8893,PLEKHG1,0.9967794
8894,FBXL4,0.99711293
8895,UTY,0.9959071
8896,GPX8,0.9964905
8897,CTC1,0.9955429
8898,ZNF319,0.9937711
8899,PXK,0.99659806
8900,PPCDC,0.99471426
8901,RIPK3,0.9955901
8902,EIF4E3,0.99362856
8903,MCF2L,0.9962747
8904,C15orf41,0.9956215
8905,UTP14C,0.9960733
8906,STOX2,0.99353296
8907,ZNF618,0.99635667
8908,LCK,0.99774045
8909,SETDB2,0.99638015
8910,LMTK2,0.9946821
8911,PRKAG2,0.9958568
8912,POU2AF1,0.9941969
8913,HMBOX1,0.99362355
8914,ZNF587B,0.99494797
8915,CACNB4,0.9912568
8916,FLCN,0.9950173
8917,CCDC174,0.9919121
8918,SLC22A3,0.99348664
8919,TAF8,0.9970875
8920,GUCY1A3,0.99629337
8921,NKPD1,0.9921177
8922,DPH7,0.99753296
8923,MARCH3,0.992157
8924,PMAIP1,0.99357903
8925,CYGB,0.99598825
8926,CHPT1,0.9969371
8927,CNST,0.99720496
8928,KPTN,0.99664783
8929,TYW1,0.9951253
8930,RCE1,0.9967359
8931,PLEKHG4,0.97087127
8932,ERI2,0.99600196
8933,GPN3,0.994676
8934,GK,0.99700266
8935,MSRA,0.9952307
8936,RASAL3,0.99725866
8937,SLC12A8,0.9908869
8938,ERCC6L2,0.99519044
8939,TMED8,0.9965129
8940,ST3GAL4,0.9973409
8941,TRMT61B,0.9944716
8942,ZFP90,0.99316543
8943,SH3RF1,0.99524593
8944,NDUFAF5,0.9943779
8945,MED9,0.99464256
8946,RPTOR,0.9948397
8947,WRB,0.9976856
8948,MCM2,0.99618953
8949,NUMBL,0.9934441
8950,C5orf46,0.991515
8951,BET1,0.9961634
8952,SUSD4,0.99678576
8953,CNTLN,0.9949772
8954,MFAP3L,0.9945097
8955,ARL14EP,0.9969426
8956,HAUS3,0.9962191
8957,SPRTN,0.99417216
8958,NOA1,0.99711645
8959,GTPBP8,0.99293286
8960,SPRY4,0.9960911
8961,RABGEF1,0.99649745
8962,CACNA1A,0.99631304
8963,SLC16A2,0.989521
8964,KIAA0040,0.9973925
8965,RTN2,0.9940589
8966,CLIC2,0.9966822
8967,PLCB1,0.99540603
8968,ZNF641,0.9974232
8969,C3orf58,0.9947327
8970,SFXN5,0.995205
8971,ADTRP,0.9945751
8972,MED11,0.9958266
8973,LMBRD2,0.9924529
8974,PTPRB,0.99520814
8975,CCL13,0.9974392
8976,LAMC3,0.9940061
8977,CHMP4C,0.99516934
8978,SAYSD1,0.9946025
8979,LIG1,0.9968436
8980,C12orf43,0.9975598
8981,AC025335.1,0.9923831
8982,MBNL3,0.99478924
8983,BLOC1S5,0.9959163
8984,FCGR2B,0.99728894
8985,RWDD2B,0.99223465
8986,DYRK4,0.99480534
8987,PFKM,0.99439925
8988,RAPGEF4,0.99172336
8989,PLAGL2,0.994081
8990,TBC1D10C,0.9949639
8991,HOXD8,0.9937724
8992,ABHD3,0.9934821
8993,SLC25A38,0.99519515
8994,SUFU,0.9943809
8995,TTLL3,0.98880255
8996,DOK3,0.9966449
8997,HJURP,0.9901362
8998,TSPYL2,0.9948804
8999,ZNF526,0.99372685
9000,EPC2,0.9970127
9001,POLD3,0.995908
9002,GOLPH3L,0.9923198
9003,ENDOV,0.993187
9004,VEGFC,0.9935717
9005,C9orf85,0.98671156
9006,SPIN4,0.9941916
9007,PATZ1,0.99717766
9008,CUTC,0.9948657
9009,NAIP,0.99559575
9010,MBTD1,0.99387056
9011,REL,0.99527305
9012,MLPH,0.9954378
9013,RNF113A,0.99521476
9014,TCFL5,0.9946568
9015,PIGA,0.9954335
9016,PALD1,0.99620837
9017,TSTD2,0.9945841
9018,INTS9,0.99666023
9019,JAZF1,0.9972315
9020,SMIM5,0.9937689
9021,ETV7,0.9948415
9022,ZNF780A,0.9957325
9023,SNAPC1,0.9892719
9024,ARHGEF17,0.9976337
9025,NAT6,0.99312824
9026,GAB2,0.99701405
9027,UNC93A,0.9871998
9028,TTC28,0.99553907
9029,ACOT11,0.99599254
9030,NUP35,0.99703425
9031,AMBRA1,0.9957055
9032,ZNF747,0.991909
9033,FAM122A,0.9971946
9034,FAN1,0.9945613
9035,CEP152,0.99441427
9036,MIEF2,0.99346745
9037,SYNE3,0.99584496
9038,CLCN7,0.99304235
9039,TRIM21,0.9956155
9040,ELMO1,0.996693
9041,RFX2,0.9914387
9042,METTL10,0.9933992
9043,ZNF44,0.9927611
9044,MANBA,0.9973864
9045,CYYR1,0.99577224
9046,DIEXF,0.9940583
9047,NUDT18,0.99564403
9048,GALNT7,0.99609196
9049,CDC14B,0.9964888
9050,MPHOSPH9,0.9928728
9051,PRADC1,0.99310136
9052,APBA3,0.9979613
9053,ACKR4,0.99583584
9054,AMY1A,0.9946989
9055,BRCA1,0.9925318
9056,RAB24,0.99330413
9057,XKR8,0.99662936
9058,GTPBP10,0.9949737
9059,RHOJ,0.99492383
9060,COG1,0.9960929
9061,TMEM104,0.9949649
9062,HENMT1,0.9948993
9063,STK26,0.9945162
9064,NPL,0.99718225
9065,CD84,0.9963373
9066,PCYOX1L,0.99406505
9067,FUT1,0.9955541
9068,TCTEX1D2,0.99227923
9069,FLVCR2,0.99465126
9070,PDE4D,0.9956564
9071,NIF3L1,0.9966127
9072,SPOCK2,0.99409026
9073,FMNL1,0.9981843
9074,IKZF5,0.9938006
9075,SOX6,0.9890036
9076,SFI1,0.99595785
9077,MMS22L,0.99208355
9078,GBP5,0.99710107
9079,BTN2A1,0.9929089
9080,C1GALT1C1,0.99627227
9081,CDC42EP5,0.9959765
9082,CEP120,0.9963961
9083,ATF7,0.99652284
9084,CNTNAP3B,0.99430037
9085,TCP11L1,0.99274206
9086,REEP6,0.9950281
9087,CASP6,0.99691373
9088,C16orf45,0.9975163
9089,RBM41,0.9946683
9090,S1PR2,0.99725556
9091,PPM1L,0.99538136
9092,ZFYVE28,0.995609
9093,NOTCH4,0.9959308
9094,GCA,0.997213
9095,PDIA5,0.99725425
9096,KIAA0586,0.9969939
9097,MMP13,0.99441177
9098,MYOM3,0.98672754
9099,NSL1,0.9949402
9100,RPIA,0.9940676
9101,VPS51,0.99460393
9102,LDOC1,0.99535185
9103,PHYH,0.99406016
9104,CDCA7L,0.9951686
9105,HS3ST3B1,0.99325395
9106,PTGER3,0.9886037
9107,ABCC10,0.994487
9108,QSOX2,0.9964029
9109,ZBTB45,0.9965164
9110,GZF1,0.9961368
9111,WDR53,0.9879552
9112,RAP1GAP2,0.99717796
9113,TGM5,0.9956528
9114,MFSD8,0.9944709
9115,TBPL1,0.9959069
9116,TRAF1,0.9972998
9117,SETD4,0.9963628
9118,DARS2,0.9967906
9119,TENM4,0.9956578
9120,ALDH3B1,0.9957442
9121,SEMA3B,0.98040617
9122,PCDH18,0.9963095
9123,USE1,0.9969243
9124,FANCE,0.9913056
9125,GCNT4,0.991648
9126,ABHD18,0.99322516
9127,ZNF865,0.99701405
9128,FAM98C,0.9961428
9129,C2orf49,0.99195707
9130,THAP12,0.9961474
9131,DPP4,0.9970939
9132,TRMT12,0.9963114
9133,PNPT1,0.9943024
9134,DUSP12,0.9956013
9135,ZC2HC1A,0.99251586
9136,PGS1,0.9935504
9137,HMGN5,0.9950548
9138,ARHGEF9,0.9959409
9139,RBM15,0.99755645
9140,ATP11C,0.99565864
9141,ZNF101,0.9968045
9142,SLC22A5,0.9949684
9143,IFI27L1,0.9943171
9144,FAM118B,0.99590117
9145,C2CD5,0.99538845
9146,PLEKHA4,0.99702483
9147,TCEAL1,0.99488425
9148,PTCD2,0.9949873
9149,RASGRP3,0.9962532
9150,ARHGAP9,0.9977452
9151,ARMC7,0.99483323
9152,SNTA1,0.9947045
9153,TCEA2,0.9968638
9154,INPP5E,0.9956927
9155,GSTM4,0.9970167
9156,CKS1B,0.9941387
9157,UGGT2,0.99649817
9158,MCTP1,0.9945543
9159,ARVCF,0.9955929
9160,TUBGCP3,0.996665
9161,C14orf169,0.99331146
9162,EHHADH,0.98974204
9163,DOPEY1,0.99461704
9164,SLC1A3,0.99638045
9165,UHRF1BP1,0.9947376
9166,MTHFS,0.9944907
9167,PEX6,0.9881384
9168,TTC9C,0.99754566
9169,MED31,0.99614376
9170,PTPN7,0.99214184
9171,SLA,0.99780744
9172,GPKOW,0.9946944
9173,ZNF704,0.995026
9174,RGPD1,0.9973563
9175,TIPIN,0.995591
9176,PIGL,0.9942789
9177,DYNC2LI1,0.996306
9178,TATDN3,0.9958235
9179,MPV17L2,0.996117
9180,FPR3,0.99666613
9181,FASTKD5,0.9947249
9182,CCSAP,0.99392456
9183,RCBTB1,0.99570006
9184,PDCL3,0.9954484
9185,RNF214,0.9960771
9186,TRIM59,0.9855683
9187,ACSBG1,0.9942215
9188,IFT172,0.994219
9189,PRIM2,0.9896411
9190,THRB,0.9950822
9191,NAPEPLD,0.99537224
9192,LILRB5,0.9970759
9193,HSD17B2,0.9958505
9194,SENP7,0.99598485
9195,FAM13A,0.9978471
9196,PLLP,0.99152166
9197,RILPL2,0.9978623
9198,ITGAL,0.9961999
9199,DMD,0.995454
9200,MLYCD,0.9954211
9201,UAP1L1,0.9970364
9202,SLAMF8,0.9969806
9203,RELL2,0.99589676
9204,KCTD21,0.9948108
9205,GMEB2,0.9950097
9206,CBX7,0.9945972
9207,PLSCR4,0.99776375
9208,ACOT2,0.995432
9209,RAB33B,0.9959362
9210,DCLRE1C,0.99357945
9211,CRTC1,0.9953912
9212,CDYL2,0.9943614
9213,IL2RB,0.9975774
9214,GATM,0.9921618
9215,PXMP2,0.9957282
9216,CHM,0.9961124
9217,FANCA,0.996539
9218,SCCPDH,0.9951626
9219,CEP41,0.9948645
9220,KLHL17,0.9936909
9221,MTM1,0.99567556
9222,WRAP53,0.9953348
9223,APBB1,0.99713993
9224,ZNF430,0.9890521
9225,ABCB10,0.9916289
9226,CCPG1,0.9936428
9227,METTL22,0.99492323
9228,SMIM20,0.9947589
9229,FOXRED1,0.99457586
9230,MAGI3,0.99330723
9231,TMEM177,0.9963504
9232,IQCB1,0.995424
9233,RRAGD,0.9950585
9234,POLI,0.9963764
9235,LDLRAD4,0.9978155
9236,DPH5,0.99569476
9237,APBB3,0.99484324
9238,ZNF778,0.99554056
9239,WTH3DI,0.9950713
9240,EFL1,0.9952914
9241,RHOBTB3,0.9958196
9242,KCTD18,0.99506706
9243,CHUK,0.99527496
9244,PRDX2,0.9923608
9245,LINC00094,0.99117875
9246,HUS1,0.99457043
9247,BUD13,0.99714065
9248,MAML3,0.9962186
9249,TRIM23,0.9963157
9250,FAM149B1,0.98715085
9251,PDSS2,0.99765766
9252,BIK,0.9965651
9253,TRNT1,0.99439585
9254,ZNF134,0.9947649
9255,ZNF197,0.995793
9256,PIGO,0.99405533
9257,ABHD11,0.9957523
9258,TOP3A,0.9929219
9259,CDC42BPG,0.99143654
9260,KBTBD4,0.9973263
9261,C2orf82,0.99589616
9262,WDHD1,0.99704957
9263,FAM63A,0.9916716
9264,PHF13,0.9947586
9265,CRELD1,0.9947517
9266,LMO2,0.9969765
9267,TMC8,0.99533695
9268,CHEK1,0.994459
9269,ZNF600,0.99347883
9270,WDR90,0.996395
9271,ZNF814,0.99520665
9272,CRYZ,0.98240596
9273,TGM2,0.99600387
9274,PIGP,0.9967521
9275,CCDC112,0.99612635
9276,PPP1R3D,0.99189335
9277,UNKL,0.9960315
9278,KBTBD11,0.99578965
9279,MMRN1,0.99704134
9280,ABLIM2,0.99429077
9281,PTPRJ,0.99690145
9282,ICAM2,0.99700785
9283,HEATR5A,0.9965361
9284,ZNF493,0.9971278
9285,GTF2E1,0.99646837
9286,SLC9A7,0.9949909
9287,ZNF502,0.99613774
9288,USP37,0.9969776
9289,ZNF260,0.99123365
9290,TRPC6,0.9970102
9291,HDAC8,0.9942484
9292,TCF7L1,0.99567044
9293,THNSL2,0.9961755
9294,ARHGAP22,0.99564254
9295,LRRC20,0.99342287
9296,TSPAN10,0.98512226
9297,CALHM2,0.99507535
9298,TIMM8A,0.9954274
9299,DYSF,0.99664867
9300,LILRB2,0.9979684
9301,RSPH3,0.99619865
9302,ZNF236,0.9893973
9303,PHF8,0.99538344
9304,TCIRG1,0.9960417
9305,TBCE,0.9953069
9306,EN1,0.99670434
9307,EDRF1,0.9949767
9308,FZD7,0.9956258
9309,NCF4,0.997189
9310,TECPR2,0.99605626
9311,SPRED2,0.9962615
9312,KDM4C,0.99613225
9313,TGIF2,0.99744827
9314,TMEM47,0.9963064
9315,FECH,0.9958745
9316,TRMO,0.9951209
9317,FOXP2,0.9956365
9318,C6orf120,0.9946613
9319,DLK2,0.97785187
9320,HGH1,0.9949048
9321,PPP1R16B,0.9961811
9322,WRAP73,0.9942266
9323,CKLF,0.99540067
9324,REEP1,0.99355644
9325,CMTM7,0.9969114
9326,LDB2,0.99810237
9327,TRIM32,0.9817087
9328,ZNF160,0.99462986
9329,GLTSCR1L,0.99597424
9330,RGPD2,0.9911903
9331,PIBF1,0.9953274
9332,ACE,0.9961818
9333,CENPO,0.9953584
9334,FAM172A,0.9947389
9335,MT1G,0.9927324
9336,POLA2,0.9966703
9337,CSRNP2,0.9961579
9338,DCAF17,0.9943346
9339,TXLNG,0.9968407
9340,PARM1,0.9913797
9341,CROCC,0.994857
9342,WDR7,0.9958234
9343,CREB3L1,0.99430674
9344,FASTKD1,0.99212307
9345,ACADSB,0.9953477
9346,LRRC57,0.99496204
9347,GLTSCR1,0.99557894
9348,HDDC3,0.99193424
9349,AMY1B,0.9916265
9350,KLF8,0.9938665
9351,ZNF496,0.99250525
9352,PPOX,0.99646986
9353,FZD5,0.9928534
9354,FGD4,0.9943566
9355,ETAA1,0.99626607
9356,SLA2,0.9968335
9357,SYNC,0.9952063
9358,WTIP,0.9973513
9359,PAPOLG,0.9953999
9360,DTL,0.9941189
9361,FKTN,0.9940419
9362,SCMH1,0.9948391
9363,CYP20A1,0.9955246
9364,CHAMP1,0.9966639
9365,LARP6,0.99443823
9366,TCTN1,0.99396753
9367,HACD1,0.9952904
9368,ANKHD1,0.99150944
9369,NAT14,0.9930918
9370,MSH3,0.995697
9371,PGM2L1,0.9972514
9372,C14orf80,0.9956638
9373,SESTD1,0.99090797
9374,CTU2,0.9961815
9375,GDPD5,0.9942249
9376,SEPT4,0.9964148
9377,FAM167A,0.9948802
9378,ALDH5A1,0.98894763
9379,GADD45G,0.99781007
9380,GTSE1,0.99401546
9381,ABHD14A,0.9962485
9382,STK36,0.9971172
9383,GTF2H2,0.9970372
9384,IFT22,0.9949343
9385,SYNGAP1,0.9958843
9386,FGD2,0.99522775
9387,STEAP2,0.99631935
9388,ICA1,0.9966146
9389,TTC12,0.99354964
9390,SLC2A9,0.99396926
9391,CD27,0.99687207
9392,IRAK3,0.99562234
9393,GDAP2,0.99555606
9394,UVRAG,0.9978897
9395,AGK,0.99751264
9396,SHPK,0.99433905
9397,TMEM120B,0.99662787
9398,SVEP1,0.99732006
9399,TUBD1,0.99256223
9400,CPQ,0.9970461
9401,ROBO3,0.9969121
9402,MELK,0.994598
9403,ABCC4,0.993994
9404,ADCY9,0.9962091
9405,POTEE,0.9944028
9406,NEU3,0.9929125
9407,GLCE,0.9960866
9408,NDUFAF7,0.9928641
9409,NUFIP1,0.9951004
9410,PLEKHA8,0.9931041
9411,MRPL53,0.9946287
9412,ELMOD3,0.99600804
9413,TLCD2,0.99057174
9414,LIX1L,0.9960226
9415,METTL15,0.99432087
9416,CH507-513H4.6,0.99595183
9417,ZBTB18,0.9969084
9418,ZNF700,0.9953276
9419,ASPHD2,0.9975221
9420,ZKSCAN8,0.99468166
9421,FAM26F,0.9950024
9422,PLEKHA7,0.9957879
9423,PDGFB,0.9941855
9424,TAPT1,0.99292165
9425,KIN,0.9943807
9426,RBM38,0.99610174
9427,GCSH,0.99587286
9428,ACAD10,0.99410677
9429,CYP27B1,0.9899513
9430,APOBEC3A,0.99186295
9431,TRAPPC9,0.9949024
9432,PLEKHH2,0.9972307
9433,HSPBAP1,0.9961031
9434,ALKBH6,0.9946671
9435,ZNF16,0.9929931
9436,HCFC2,0.9952187
9437,SYTL2,0.9958953
9438,KALRN,0.9945192
9439,OGG1,0.9952587
9440,ARG2,0.9960689
9441,NCF1,0.99704194
9442,KANSL2,0.9929385
9443,VHL,0.9959201
9444,CRAMP1,0.9937037
9445,LASP1,0.996451
9446,MANEA,0.99620944
9447,CHST1,0.99524033
9448,RBBP5,0.9978381
9449,DLL1,0.99541116
9450,PITPNM2,0.9871562
9451,CABLES1,0.9947574
9452,ZNF142,0.996463
9453,PAFAH2,0.9935758
9454,EMSY,0.99444014
9455,PARP11,0.9974341
9456,RGS4,0.9927567
9457,FAHD2A,0.9967112
9458,PIGW,0.9967754
9459,ST7L,0.9925204
9460,CEP250,0.99241996
9461,GSAP,0.996433
9462,QRSL1,0.9955295
9463,LRRK2,0.9955477
9464,CSTF2,0.99517363
9465,RAB28,0.9956342
9466,LIN54,0.99668735
9467,DPYD,0.99431396
9468,GXYLT1,0.99184847
9469,CCR1,0.9976556
9470,TOR2A,0.99664855
9471,FUT8,0.9978857
9472,PPT2,0.99802256
9473,TAB1,0.99370813
9474,XRRA1,0.99611217
9475,CYP4V2,0.99565125
9476,MEDAG,0.9977701
9477,SCARA5,0.9974545
9478,AOX1,0.99791026
9479,RPGR,0.99493796
9480,HEATR6,0.99399257
9481,NEK4,0.9943923
9482,ARHGEF6,0.9958849
9483,NLE1,0.9935561
9484,GMDS,0.9947169
9485,GLIS2,0.99571943
9486,C6orf203,0.99377763
9487,TMEM60,0.9965025
9488,MTRNR2L12,0.9879372
9489,ZNF506,0.9935059
9490,STXBP4,0.99093026
9491,UPK3BL,0.9937869
9492,DCLK1,0.9968506
9493,BBS2,0.9935354
9494,UBE2L5P,0.99654734
9495,ZNF254,0.9928755
9496,MOSPD3,0.9962842
9497,PLPP6,0.9916065
9498,MYPOP,0.9964124
9499,ZNF589,0.99438006
9500,HOXD10,0.99541134
9501,COLEC12,0.9972478
9502,CYP1B1,0.9955501
9503,TLE2,0.99761236
9504,MTERF3,0.99505335
9505,TTC38,0.99755436
9506,NKRF,0.9929175
9507,TMEM44,0.99409366
9508,YEATS4,0.99543405
9509,MMP28,0.99546677
9510,SSPN,0.99736756
9511,CXorf56,0.99511313
9512,POC1B,0.9940653
9513,POLA1,0.99194837
9514,C9orf40,0.98304576
9515,BRF2,0.99536693
9516,DHRS11,0.9951332
9517,IVD,0.9950799
9518,IMPA1,0.9967314
9519,SNRNP48,0.9962246
9520,ADGRL3,0.9957591
9521,SPDL1,0.9954672
9522,CD164L2,0.99176115
9523,ZNF469,0.9968341
9524,SLC2A5,0.99403405
9525,ACSS1,0.99323535
9526,FAIM,0.99633026
9527,MFSD4B,0.9954563
9528,CYTIP,0.9967199
9529,SGTB,0.9967809
9530,RABL2B,0.9947673
9531,ANKRD37,0.9922019
9532,MFNG,0.99711853
9533,WAS,0.9961129
9534,AJAP1,0.996504
9535,ZNF776,0.9968505
9536,SNED1,0.99808764
9537,ULBP2,0.9900965
9538,EDNRB,0.9981979
9539,CPNE5,0.99540305
9540,IL18BP,0.99604017
9541,HLCS,0.99571973
9542,TRIM5,0.99650943
9543,LYPD2,0.99223465
9544,CXCL11,0.9830687
9545,BCL6B,0.99504995
9546,BOLA1,0.99198896
9547,ANGEL1,0.99478984
9548,DNMT3B,0.9954739
9549,FBXO44,0.98764145
9550,FOXQ1,0.9957023
9551,IQCA1,0.9939956
9552,PFAS,0.99521315
9553,FGD1,0.99688315
9554,SMYD3,0.99448335
9555,ENPEP,0.99792117
9556,ITGA11,0.9940812
9557,SLC16A10,0.98431504
9558,BICD1,0.99627554
9559,RIC8B,0.99523795
9560,TBXAS1,0.9969129
9561,JAK2,0.9963874
9562,ABI3,0.99699736
9563,LRP12,0.9972042
9564,EXOC6,0.9954668
9565,FBXO4,0.9967207
9566,GRIP1,0.9932181
9567,SELENBP1,0.99675775
9568,EIF5A2,0.9942159
9569,TMEM37,0.9939463
9570,PAN2,0.99537295
9571,LY75,0.9958201
9572,MB21D1,0.99484223
9573,TMEM200B,0.9958885
9574,SYNM,0.9944596
9575,ENKD1,0.99658716
9576,HAUS6,0.99501467
9577,USP21,0.996771
9578,SPATA5,0.9910786
9579,FGD5,0.9965902
9580,CSF2RA,0.99500036
9581,NFE2L3,0.99272174
9582,PMS1,0.9948313
9583,CHN1,0.9964354
9584,BCAR3,0.9898785
9585,CPEB3,0.9957306
9586,RELT,0.99679244
9587,MTMR3,0.99568206
9588,FAM171A1,0.99591106
9589,C14orf79,0.9953293
9590,FBXO6,0.996275
9591,NGEF,0.99348265
9592,NAV3,0.9936906
9593,FBXO8,0.9954073
9594,ADCK3,0.99553484
9595,PDE6D,0.99610496
9596,FUNDC1,0.9957823
9597,CCDC61,0.99527067
9598,DHX58,0.9982579
9599,ZMYM3,0.9960633
9600,GOLGA6L10,0.9963193
9601,KIF4A,0.9925911
9602,KANSL1L,0.9943648
9603,PHB,0.99417764
9604,CDK8,0.9954147
9605,FAM109B,0.9970267
9606,TMEM80,0.995838
9607,LDLRAD3,0.99674135
9608,SCN4B,0.9915631
9609,GNG2,0.99697316
9610,PABPC1L,0.99228776
9611,TADA2A,0.99593
9612,DLX5,0.99349433
9613,DNAH5,0.9924416
9614,C1orf109,0.99189216
9615,CASD1,0.9940969
9616,ZNF813,0.99617785
9617,CCDC28A,0.9957888
9618,ICA1L,0.9959519
9619,ABCC9,0.9919274
9620,COQ7,0.99703413
9621,TMEM184C,0.9918434
9622,TBCEL,0.9944905
9623,CPNE8,0.9964549
9624,KHDRBS3,0.9964969
9625,NOSTRIN,0.9917797
9626,RGPD3,0.99490786
9627,EXTL2,0.9969366
9628,IBA57,0.9951097
9629,CYP27C1,0.9963896
9630,EXD3,0.99631006
9631,SHROOM2,0.9957556
9632,GPRIN3,0.99449015
9633,GIMAP7,0.99662894
9634,ADAM19,0.9968999
9635,CXorf38,0.99392563
9636,FBXO2,0.99530566
9637,KIF2C,0.9969885
9638,EEF2KMT,0.9913044
9639,RPUSD2,0.9972005
9640,SLC16A6,0.99415606
9641,AGFG2,0.9963135
9642,BORCS8,0.9967129
9643,ANKRD13B,0.99614644
9644,SNAPC5,0.99639577
9645,DOCK2,0.9973818
9646,TRIM62,0.99623126
9647,GRTP1,0.99407417
9648,DNASE1L3,0.99547154
9649,ZNF331,0.9936441
9650,RBL1,0.9955447
9651,HIC2,0.99661034
9652,COX15,0.9940308
9653,FAM102B,0.9952726
9654,SIGLEC1,0.9950403
9655,TRMT1L,0.9966965
9656,IPMK,0.99494004
9657,KIAA0556,0.99374056
9658,IFT52,0.9973434
9659,ZNF107,0.9945826
9660,ZNF621,0.99609435
9661,IRF5,0.9942809
9662,CDK5,0.99170214
9663,FAM219A,0.9971319
9664,GPR1,0.9965967
9665,PRDM11,0.9946138
9666,E2F5,0.9956783
9667,C22orf46,0.99350905
9668,TMCO4,0.9968476
9669,TRIM66,0.9962353
9670,USPL1,0.99574834
9671,CISH,0.9964844
9672,C15orf52,0.9915854
9673,MED20,0.99205464
9674,NRN1,0.99698377
9675,INPP5F,0.98901516
9676,GDF11,0.99663496
9677,THAP1,0.9961222
9678,FES,0.9946729
9679,MBTPS2,0.997155
9680,NPRL2,0.9962611
9681,EPHB2,0.99426764
9682,CAPN10,0.99280554
9683,EHD3,0.9962291
9684,TRIM65,0.9939149
9685,CHRNB1,0.9937755
9686,ZNF830,0.99359065
9687,MOK,0.9934045
9688,COPG2,0.9954712
9689,USP43,0.9911382
9690,BNIP1,0.99412555
9691,C16orf87,0.99610233
9692,KIAA1456,0.9967962
9693,STC2,0.9953824
9694,MAN1C1,0.99587804
9695,KNOP1,0.99409884
9696,ADGRF1,0.99470145
9697,DOCK10,0.9957182
9698,TDP1,0.99454343
9699,GINS2,0.9908195
9700,TDRP,0.99473494
9701,PTPRM,0.99735713
9702,GRAP,0.99536675
9703,CEP162,0.9962308
9704,E2F1,0.99368477
9705,GPRIN1,0.9932144
9706,RPAP1,0.9964964
9707,TUBB3,0.9940166
9708,OCRL,0.9917591
9709,TBX3,0.9953105
9710,PIGV,0.9908538
9711,NUBPL,0.9925688
9712,DBR1,0.99709374
9713,FAM175A,0.9921432
9714,CDK14,0.99610764
9715,RGMA,0.9946947
9716,ARHGAP40,0.99506044
9717,KPNA2,0.99242365
9718,HS3ST1,0.9946973
9719,AQP9,0.9931856
9720,PLA2G16,0.9912124
9721,SRPX2,0.99219406
9722,MEMO1,0.9919302
9723,SH3BGRL2,0.9950279
9724,DSN1,0.9958416
9725,HELQ,0.9927492
9726,FBXO34,0.99417293
9727,TROAP,0.99601805
9728,AASDH,0.99484324
9729,ATG4C,0.99641377
9730,SPIRE1,0.99676335
9731,SHC2,0.99291384
9732,CDCA3,0.99682057
9733,BIN2,0.99741596
9734,PPP1R2P3,0.9939074
9735,SHROOM3,0.9914984
9736,GTF2H2C,0.99642724
9737,CLMN,0.9966607
9738,RUNX1T1,0.99611676
9739,TMEM267,0.9963179
9740,EIF2AK3,0.9931519
9741,PCDH12,0.9943181
9742,WWOX,0.99738836
9743,FCRL5,0.98745537
9744,GIMAP1,0.9970032
9745,PDE4B,0.9955009
9746,SYNJ1,0.99477684
9747,C18orf32,0.99413043
9748,RFC3,0.9929776
9749,BMT2,0.9945153
9750,ZBTB42,0.99440116
9751,TMEM55A,0.9959452
9752,CASC5,0.99600315
9753,DNAJC25,0.99524736
9754,GNPDA2,0.9856968
9755,LYSMD2,0.9966423
9756,COX10,0.99491864
9757,GINS1,0.99699736
9758,CEP83,0.9960028
9759,HSD17B7,0.99368566
9760,HIRIP3,0.9974082
9761,LPCAT4,0.9909928
9762,ZNF789,0.99628633
9763,C17orf80,0.9955288
9764,MCEE,0.99674267
9765,PLA2G4A,0.9921546
9766,AIFM2,0.99304634
9767,GIMAP6,0.9964594
9768,ZFP62,0.9949099
9769,CALML3-AS1,0.9942138
9770,FAM49A,0.996445
9771,ZNF500,0.9931462
9772,SPA17,0.9946689
9773,CHAF1B,0.99589574
9774,RGS1,0.99792933
9775,ZNF200,0.9971988
9776,ZNF558,0.9919128
9777,ITIH5,0.99620295
9778,AXIN2,0.99725467
9779,CD86,0.9933487
9780,TRPM2,0.9949206
9781,FOXO4,0.9957005
9782,CES4A,0.99109656
9783,GNB1L,0.9954488
9784,SGK3,0.9972156
9785,MIPOL1,0.98624665
9786,PPM1K,0.99778765
9787,TADA1,0.9972734
9788,PSEN2,0.99588954
9789,TRAF3IP1,0.99520856
9790,ABI3BP,0.99807215
9791,CDC6,0.9960977
9792,KIF26B,0.99419224
9793,SUSD2,0.9956503
9794,TMEM186,0.9905244
9795,EEF1G,0.98827124
9796,STK32C,0.994634
9797,MOCOS,0.9915568
9798,CETN3,0.99657106
9799,ACP6,0.99407774
9800,SNX16,0.9918794
9801,LDAH,0.99565667
9802,TRMT44,0.99714166
9803,E2F6,0.994274
9804,ST6GALNAC1,0.99128443
9805,ZNF557,0.9949587
9806,FAM131A,0.9951366
9807,SPTLC1,0.997038
9808,DIAPH3,0.9969998
9809,MCM8,0.99360174
9810,RILP,0.99458724
9811,ATXN2L,0.9936046
9812,IFT80,0.9968107
9813,COX16,0.9893083
9814,SAMD11,0.99292684
9815,CCDC149,0.99561393
9816,SLC25A33,0.99507135
9817,RRNAD1,0.9955916
9818,CTAGE8,0.9942632
9819,ANK2,0.9974519
9820,BORCS5,0.9953179
9821,C17orf96,0.99648327
9822,INTS2,0.99418086
9823,BTN2A2,0.99398994
9824,DHRS9,0.9906595
9825,CTAGE4,0.9919323
9826,SLC25A40,0.9968842
9827,ZNF394,0.9894189
9828,GRK5,0.99481976
9829,NOD1,0.9935396
9830,NXPE3,0.99487054
9831,ANKRA2,0.9932392
9832,TRIQK,0.9941007
9833,CDKL5,0.9965849
9834,BRCA2,0.9962184
9835,TRNP1,0.9947896
9836,GPRIN2,0.9907026
9837,RECQL4,0.99286526
9838,DPCD,0.9934316
9839,NOL4L,0.99499553
9840,TMEM42,0.9934453
9841,TNFAIP6,0.9973835
9842,F2RL2,0.9976594
9843,NCALD,0.9958795
9844,TLR2,0.99768305
9845,CX3CL1,0.9954065
9846,TMEM185B,0.98626435
9847,TNK1,0.9960249
9848,PCDHB14,0.9964061
9849,PINX1,0.99369466
9850,TRAPPC2B,0.98673725
9851,HLTF,0.9966004
9852,PBK,0.9953403
9853,ZNF714,0.9946502
9854,XRCC1,0.99411273
9855,ITGA7,0.9956399
9856,INO80B,0.9944775
9857,MAP4K2,0.9964767
9858,SLC30A4,0.995192
9859,SCHIP1,0.99645215
9860,C4orf33,0.99216723
9861,SNX20,0.9956983
9862,BAIAP2L2,0.99453425
9863,WDR83,0.9971826
9864,MAPK12,0.99622875
9865,NAA40,0.99678385
9866,SEMA7A,0.9950384
9867,CDKN2C,0.9955665
9868,NCAPD3,0.99591124
9869,C14orf142,0.99458045
9870,CCDC159,0.994763
9871,FCGR1A,0.99667424
9872,DLGAP3,0.9891946
9873,SCN3B,0.9937212
9874,ADAMTS12,0.9956527
9875,DCPS,0.9963526
9876,SOBP,0.99571264
9877,ANKRD46,0.99412966
9878,TMOD2,0.99359083
9879,ARL10,0.9948204
9880,DTX4,0.9968853
9881,NKD1,0.9952172
9882,TRAF6,0.9971897
9883,GJB4,0.9930866
9884,ZNRF3,0.9967236
9885,C12orf54,0.99387383
9886,LACTB2,0.9885223
9887,ZNF507,0.99542093
9888,TRUB1,0.99557966
9889,ROR2,0.996186
9890,ZNF628,0.9965145
9891,TLN2,0.97804415
9892,SARNP,0.9946175
9893,ING3,0.99590605
9894,CTD-2017F17.2,0.99311465
9895,LYPD6B,0.99381554
9896,TMEM107,0.9950604
9897,P4HA2,0.9953593
9898,MSANTD4,0.9925613
9899,ADAMTS10,0.99586654
9900,TNFRSF10A,0.9933778
9901,HIC1,0.9960793
9902,GJA4,0.99724555
9903,PTPDC1,0.99145716
9904,CENPM,0.9956572
9905,RBM45,0.995448
9906,C9orf64,0.9933852
9907,LENG1,0.9963658
9908,ZFY,0.99597645
9909,MS4A4A,0.9970501
9910,HSDL1,0.9973263
9911,TAF1B,0.99605626
9912,ZNF605,0.9926536
9913,FMN1,0.99534667
9914,BBS4,0.9931171
9915,KIAA1147,0.9951187
9916,C10orf88,0.9922574
9917,FRZB,0.9966586
9918,ZC3HC1,0.99641544
9919,GZMA,0.9958108
9920,GFRA1,0.9936118
9921,P2RY6,0.99519765
9922,ZNF793,0.99259526
9923,SCAMP5,0.99684423
9924,C1orf216,0.99613667
9925,NUDT12,0.9962705
9926,ZNF812P,0.99262905
9927,PADI2,0.99715227
9928,C7orf43,0.99074495
9929,ZNF202,0.9963568
9930,C3AR1,0.9948603
9931,SYCE1L,0.99557006
9932,NFXL1,0.992867
9933,NIPA1,0.99441147
9934,MT1M,0.9963282
9935,SPRR4,0.9912545
9936,TUT1,0.9925987
9937,SPAG4,0.9905072
9938,MT1F,0.9922819
9939,SLC38A6,0.99696636
9940,CBARP,0.99358267
9941,INTS6L,0.99594015
9942,ZNF213,0.99374956
9943,WFDC1,0.996547
9944,PTGIR,0.9939496
9945,KREMEN2,0.9900589
9946,FAM69A,0.9911206
9947,GAL3ST4,0.9961731
9948,SLC45A4,0.9821651
9949,TMEM125,0.99230343
9950,SGPP2,0.9954489
9951,WNT11,0.9908843
9952,LYL1,0.99647737
9953,GIMAP8,0.9948105
9954,CCDC71,0.99437296
9955,KIF9,0.9837666
9956,DBNDD1,0.99473584
9957,LIG4,0.9957385
9958,POC1A,0.9959402
9959,RCN1,0.9952957
9960,ADSSL1,0.9902187
9961,TYW5,0.99628514
9962,METTL17,0.99604917
9963,ANKRD18B,0.99384314
9964,WDR54,0.99613
9965,HSPA6,0.9957001
9966,ARSJ,0.9944506
9967,HOXB7,0.9917353
9968,KLHDC7A,0.99546903
9969,SLC11A1,0.9930316
9970,RITA1,0.9954986
9971,ZNF440,0.99346703
9972,MCCC1,0.9943594
9973,DIS3L,0.995883
9974,CCDC144A,0.9941293
9975,DHFRL1,0.99185455
9976,SHQ1,0.99475807
9977,C18orf8,0.99400073
9978,KATNAL1,0.9933326
9979,EP400NL,0.99591446
9980,TMEM38B,0.9913655
9981,PDCL,0.9940695
9982,GPATCH11,0.9946727
9983,WDR27,0.99355274
9984,MSRB3,0.9962674
9985,STON1,0.9938185
9986,PCNX3,0.99013376
9987,STARD3NL,0.9965326
9988,TASP1,0.9967868
9989,FAAH,0.99678814
9990,KBTBD7,0.99534655
9991,LEPR,0.99533015
9992,SDHAF3,0.9953029
9993,IDUA,0.99507475
9994,ENO2,0.997109
9995,NANOS1,0.9962737
9996,BEX4,0.9967117
9997,TFB1M,0.9946212
9998,KIF20A,0.9933882
9999,ABHD15,0.9962858
